date,y_true,y_pred,y_pred_q15,vrp_wedge,put_call_skew_30d
2014-01-06,0.18436234815394398,0.17376764664603284,0.18108634650707245,0.09189127474790493,0.008678999999999992
2014-01-07,0.18430019308965861,0.17368182884628594,0.18115517497062683,0.07110711771769554,0.015317999999999998
2014-01-08,0.1851188413870551,0.17395596475130423,0.18067969381809235,0.06403896682187044,0.01683699999999999
2014-01-09,0.18601656142008022,0.17388531301858084,0.18138037621974945,0.07152960799767111,0.013260999999999995
2014-01-10,0.18895418975385445,0.1737230608177107,0.18061232566833496,0.07002786357336846,0.017667000000000016
2014-01-13,0.18847502091014826,0.1670794783013649,0.17898410558700562,0.08442892496301568,0.019918999999999992
2014-01-14,0.18877058946367986,0.16700924251774704,0.17871429026126862,0.07277645694216217,0.018189999999999984
2014-01-15,0.19013244919203562,0.16848883739974152,0.18026603758335114,0.06631772099597533,0.016017000000000003
2014-01-16,0.18916957005543178,0.17027623688667518,0.18309535086154938,0.050639253912443866,0.012158000000000002
2014-01-17,0.18844648985437817,0.16941892157465396,0.18286149203777313,0.03557137674167643,0.014296000000000003
2014-01-21,0.18613579396194108,0.16912313108219193,0.18252383172512054,0.039837450149211445,0.009489999999999998
2014-01-22,0.1859166909429914,0.16964721246607253,0.18294408917427063,0.03321417923277145,0.006729999999999986
2014-01-23,0.18551928102179255,0.17136428474803936,0.18461193144321442,0.056259894330714405,0.005848999999999993
2014-01-24,0.1848323457651922,0.17105563231109197,0.18483661115169525,0.09804241855721568,0.0002610000000000112
2014-01-27,0.18297708993814135,0.17160563211200097,0.18551252782344818,0.08930126667128421,0.006336000000000008
2014-01-28,0.1833734336417491,0.17165713865638219,0.1846877932548523,0.07596729967376062,0.00575500000000001
2014-01-29,0.17867313574103466,0.1728950604791198,0.18307437002658844,0.0902306843094755,0.013787999999999967
2014-01-30,0.17741448587197303,0.1730184016960111,0.1806427240371704,0.07379636086690805,0.016605999999999954
2014-01-31,0.17663460313075693,0.17388473720958378,0.18170134723186493,0.08206527065942681,0.017754999999999965
2014-02-03,0.17458431313237685,0.1781658548300891,0.18305356800556183,0.10060164214719433,0.023157999999999956
2014-02-04,0.17344534309082843,0.1788825700445556,0.18191492557525635,0.0766172121377762,0.021841
2014-02-05,0.17130018857078527,0.1775511869096582,0.1827082335948944,0.06902364772429082,0.024430000000000007
2014-02-06,0.17141264284850694,0.17347361911757997,0.1800454705953598,0.0573973831467845,0.02368199999999998
2014-02-07,0.17039328793982114,0.1728019051677087,0.1811741441488266,0.040279105842626006,0.022506000000000026
2014-02-10,0.1688630440516247,0.17307963913772195,0.1813957691192627,0.042491827183281844,0.024379000000000012
2014-02-11,0.16739025202529367,0.1725967310064924,0.18184861540794373,0.025007369221721032,0.021661000000000014
2014-02-12,0.16731648595690823,0.17350761689277838,0.1837000697851181,0.022973481055046208,0.016283999999999993
2014-02-13,0.16809383474648631,0.1723192544508022,0.18231068551540375,0.022651860486190556,0.019565
2014-02-14,0.16839600865206433,0.17181369151242354,0.18124181032180786,0.018798657861085616,0.019845
2014-02-18,0.1681461359112488,0.17274802035025624,0.18189822137355804,0.028781200382941546,0.017517999999999978
2014-02-19,0.16718913066379584,0.1755929481410556,0.18460433185100555,0.038029553773588465,0.014967000000000008
2014-02-20,0.16677833394079528,0.17929638631893305,0.1853403002023697,0.04392311018967604,0.010079000000000005
2014-02-21,0.16649041167056278,0.17430904290149668,0.18551422655582428,0.032728397775152046,0.011959999999999998
2014-02-24,0.1640955743074995,0.17909209559772374,0.18504074215888977,0.03902809651625205,0.01250900000000002
2014-02-25,0.16552729202279828,0.17960180227658556,0.18676309287548065,0.029861203185990032,0.016884999999999983
2014-02-26,0.16413502175772476,0.17396236825551972,0.18636557459831238,0.04550685320625342,0.01417400000000002
2014-02-27,0.1636859510204588,0.17082859762541328,0.18370656669139862,0.04524738114220528,0.022294000000000008
2014-02-28,0.160577583780984,0.17560782250022736,0.1819668859243393,0.04820900027921521,0.02098
2014-03-03,0.16003781294342523,0.17074091566234215,0.1815001368522644,0.07424574070808071,0.018573000000000006
2014-03-04,0.15953682799501856,0.1807761886320435,0.18195293843746185,0.05742933731582775,0.022800000000000015
2014-03-05,0.15779070279738555,0.18048125586338537,0.18377666175365448,0.06773066834772312,0.019172999999999996
2014-03-06,0.1586380213469241,0.18105188056598936,0.1843329221010208,0.07074870745298328,0.01764999999999997
2014-03-07,0.15735215463064445,0.1809106834114159,0.18339413404464722,0.0714809764448519,0.021878999999999982
2014-03-10,0.15732637290380816,0.18128442568446004,0.1837838739156723,0.07879703680224559,0.023078000000000015
2014-03-11,0.1563507734255544,0.18028238422925838,0.1842973530292511,0.08697174854259532,0.018936000000000036
2014-03-12,0.15696633508356564,0.18017851683770067,0.18425607681274414,0.08267270731614343,0.021936999999999984
2014-03-13,0.15502720362606504,0.17362950970283,0.18096910417079926,0.09654617298978918,0.01945800000000003
2014-03-14,0.1585662079820461,0.17794553576205238,0.18171130120754242,0.10472918851352764,0.016279000000000043
2014-03-17,0.15951340469089198,0.17543651991806397,0.18268652260303497,0.09358709357048597,0.022482000000000002
2014-03-18,0.15985558431073896,0.1745399757639846,0.18132106959819794,0.09074307557791195,0.02155299999999999
2014-03-19,0.15585056319522478,0.17738791840732088,0.18290312588214874,0.08973728108297405,0.007711999999999997
2014-03-20,0.15289981588322707,0.17698871888591206,0.18196681141853333,0.08168141910179141,0.018008000000000024
2014-03-21,0.15245242318766478,0.17283025515475436,0.18388411402702332,0.06295818672545905,0.023488999999999982
2014-03-24,0.15193342201383334,0.172355040473844,0.18399032950401306,0.06036727741870576,0.015287000000000023
2014-03-25,0.15295336739086782,0.17231345306651938,0.18471664190292358,0.05622739868095797,0.018346
2014-03-26,0.15179939907198264,0.1724172525934511,0.18439553678035736,0.06865257547880305,0.01663300000000001
2014-03-27,0.14928733583979154,0.17316498669436833,0.1858120858669281,0.055211400977053876,0.006542999999999993
2014-03-28,0.14876424769802693,0.17507411570730083,0.18891067802906036,0.04040464494159943,0.012484999999999996
2014-03-31,0.1484746764043089,0.17760611640983667,0.18907225131988525,0.03782000192300844,0.010583000000000009
2014-04-01,0.14880749388409262,0.17829592196248675,0.18874774873256683,0.04050550459295171,0.002696000000000004
2014-04-02,0.14881689877844928,0.17735614215590953,0.1892578899860382,0.04231736818338469,0.006190999999999974
2014-04-03,0.14892930983439842,0.17950020772663342,0.18959073722362518,0.049285553153461725,0.004002999999999979
2014-04-04,0.1479450495324702,0.17393102623350823,0.1887807995080948,0.04205693935340027,0.00903900000000002
2014-04-07,0.1468266963048631,0.16957812434511874,0.15335948765277863,0.05670417959713889,0.007912000000000002
2014-04-08,0.145805029903604,0.16977504252800033,0.1542220264673233,0.05325384191102364,0.010022000000000003
2014-04-09,0.14446640656081108,0.16577191383840212,0.15098969638347626,0.0520879054364502,0.007220000000000004
2014-04-10,0.1432940586202523,0.17017315732119803,0.15596437454223633,0.07310704128244644,0.0010629999999999806
2014-04-11,0.13864152133724608,0.1707962378301192,0.16101039946079254,0.07738804877116578,0.009126000000000023
2014-04-14,0.1373677703922465,0.16749227251914622,0.15464714169502258,0.043516478820669585,0.021726999999999996
2014-04-15,0.13594185930332334,0.16849303226938628,0.1580630987882614,0.029029283378982945,0.018561999999999995
2014-04-16,0.1346375417422316,0.16882853473747858,0.15860337018966675,0.014913233117186897,0.020625999999999978
2014-04-17,0.13473726309426387,0.16912995570181572,0.1575976312160492,0.015352776817740027,0.013063000000000019
2014-04-21,0.13477624099123983,0.17079960437728955,0.1540338546037674,0.020087339279918515,0.019632999999999984
2014-04-22,0.1338546286405767,0.1703992251585601,0.15282513201236725,0.01603821566250349,0.00870700000000002
2014-04-23,0.1368716807837227,0.1703423113694493,0.15483151376247406,0.014045164936425353,0.015297000000000005
2014-04-24,0.13660705273184967,0.17017567356953467,0.15653963387012482,0.005954414292334953,0.019420999999999994
2014-04-25,0.13538200736401074,0.16857454548032233,0.1547466367483139,0.02302657337158656,0.016167999999999988
2014-04-28,0.1336178142399924,0.1688246739042844,0.15611335635185242,0.03136513865024437,0.015606000000000009
2014-04-29,0.1326843936828703,0.16896693869793886,0.15613609552383423,0.018048829475747985,0.026061
2014-04-30,0.13300557805258065,0.16892903121844577,0.15694093704223633,0.014426049354573783,0.022305999999999993
2014-05-01,0.13414303475012512,0.1695702043988903,0.15892936289310455,0.011034777544727314,0.024522000000000016
2014-05-02,0.13592974170380182,0.16961562533370078,0.1587059199810028,0.008307949879657772,0.02663299999999999
2014-05-05,0.13564791898156897,0.16916300599212328,0.1587301790714264,0.018511346052287353,0.023117
2014-05-06,0.13690690867908842,0.1720758468674165,0.16257049143314362,0.029440344941135316,0.014315000000000022
2014-05-07,0.13763984883186323,0.17344481575587625,0.1636667549610138,0.019295697929432615,0.022796999999999984
2014-05-08,0.13733074051779573,0.17065031253988186,0.1607157289981842,0.017919506240310273,0.018884000000000012
2014-05-09,0.13770554386473755,0.17256181412891208,0.16787506639957428,0.0240848352759222,0.015221000000000012
2014-05-12,0.1376413712923937,0.1744212184150153,0.1676584780216217,0.022830553524291086,0.013513999999999998
2014-05-13,0.13853735936102812,0.17486639709254614,0.16677682101726532,0.027829509665354052,0.014952999999999994
2014-05-14,0.1383431191432541,0.17446283651533123,0.16641069948673248,0.02985642585919207,0.014750000000000013
2014-05-15,0.13681677516734023,0.1782960831185247,0.17469903826713562,0.03967018243959489,0.01175699999999999
2014-05-16,0.13927905819540165,0.17844423542822008,0.17064441740512848,0.041767117149657196,0.017067
2014-05-19,0.13937229094089126,0.1780291603121597,0.16993652284145355,0.035422820894268126,0.020957999999999977
2014-05-20,0.1397851230212537,0.17671686010257873,0.17125222086906433,0.03576922285384526,0.015597
2014-05-21,0.13981398965967295,0.17469132220487607,0.1701040416955948,0.03385390258075521,0.018576999999999982
2014-05-22,0.14267562777804332,0.17649510172641542,0.16964302957057953,0.03600744752273824,0.023452
2014-05-23,0.14470570291420792,0.17714877239794907,0.1697736531496048,0.030494654646007868,0.021077999999999986
2014-05-27,0.14309855644728092,0.17541717081534308,0.16663016378879547,0.03883895199446721,0.024811
2014-05-28,0.14361538615079142,0.17935895341415647,0.17256169021129608,0.048014126955910424,0.016327000000000008
2014-05-29,0.14412783987392797,0.17925540250638516,0.17113864421844482,0.03917245985930057,0.024148999999999976
2014-05-30,0.14411541906296224,0.1810840390819572,0.16795684397220612,0.03650687682614577,0.024241999999999986
2014-06-02,0.14364532192737656,0.1770705312256883,0.16661103069782257,0.04043217947105125,0.020329999999999987
2014-06-03,0.14348069909228683,0.17605631445867556,0.1667841672897339,0.04633203830648658,0.01938099999999998
2014-06-04,0.14371565624844115,0.17608341925064702,0.16568532586097717,0.04530800356318966,0.019069000000000003
2014-06-05,0.143136807304773,0.17639642937659342,0.16623766720294952,0.03562648162278513,0.027339000000000002
2014-06-06,0.14377868165181357,0.17730445106437925,0.16548697650432587,0.03833341730291248,0.023439000000000015
2014-06-09,0.14522392288283614,0.1771298368839237,0.16588999330997467,0.04727294365849885,0.022835999999999995
2014-06-10,0.1453840105439077,0.17677498297276106,0.16615130007266998,0.05103397711864771,0.020067
2014-06-11,0.14533351320666993,0.17702418135828846,0.16636212170124054,0.05429905803547583,0.024273000000000017
2014-06-12,0.14515946843649735,0.17698132604011388,0.16592688858509064,0.060644935820433926,0.014862999999999987
2014-06-13,0.13997359689553673,0.17805650646551666,0.16519668698310852,0.05132610295499804,0.02451600000000001
2014-06-16,0.13923753449034326,0.17658654567947607,0.1678187996149063,0.05261872854883473,0.02227599999999999
2014-06-17,0.13845745844428597,0.17949499520405854,0.1680738478899002,0.052107333208625095,0.020515000000000005
2014-06-18,0.13919912780782784,0.17971165406376544,0.16688324511051178,0.0483594315798454,0.023094999999999977
2014-06-19,0.14163102281901685,0.1788017823177143,0.16649764776229858,0.045901231595666836,0.02269099999999999
2014-06-20,0.14169430037749958,0.17937753098635598,0.16757789254188538,0.040975165517283835,0.023083999999999993
2014-06-23,0.14138253052123004,0.1770686379835802,0.16620737314224243,0.04248798517443966,0.020162999999999986
2014-06-24,0.14019029233536587,0.17931285770679947,0.16666509211063385,0.03315723804720139,0.01927200000000001
2014-06-25,0.1409174488186645,0.17810890940053425,0.16571156680583954,0.04142148282738847,0.02149200000000001
2014-06-26,0.14109160012290078,0.17710461285789253,0.16862347722053528,0.04611109966187646,0.021113999999999994
2014-06-27,0.14107228095321353,0.1772009930898282,0.1692076325416565,0.04606189307681277,0.022310999999999998
2014-06-30,0.14299914221363474,0.1772287263073937,0.1687006801366806,0.04152931915751648,0.023307999999999995
2014-07-01,0.14334605393109334,0.17679865384970722,0.1678456962108612,0.043384170599944094,0.009533999999999987
2014-07-02,0.1439043998777787,0.17894391117388095,0.16964764893054962,0.03241477532023024,0.016840999999999995
2014-07-03,0.1445041385377335,0.17825137087294976,0.17045918107032776,0.02581014552080929,0.012722999999999984
2014-07-07,0.1445580270214957,0.17767658029735192,0.16967155039310455,0.04274769419389343,0.012480999999999992
2014-07-08,0.14459420389926728,0.1471160076175018,0.14128723740577698,0.05560799550981377,0.00792000000000001
2014-07-09,0.14455327228406425,0.14659541882775154,0.14167910814285278,0.04898688077959554,0.011922000000000016
2014-07-10,0.1455161402367048,0.14716518211209384,0.14280496537685394,0.057893338783820025,0.011614999999999986
2014-07-11,0.14697417446067707,0.14712054221388512,0.1432097852230072,0.0490213056095791,0.013173000000000018
2014-07-14,0.14873999366720478,0.14756228402045746,0.14315591752529144,0.02917488147941888,0.004644000000000009
2014-07-15,0.15064842226535,0.1441350434116391,0.14123626053333282,0.03427287710434959,0.009699000000000013
2014-07-16,0.15365954852897518,0.14389489048024168,0.14059433341026306,0.02311201101933341,0.012984999999999997
2014-07-17,0.16942371373630455,0.144694334962546,0.14224877953529358,0.047597282364659294,0.0015730000000000188
2014-07-18,0.17289828290409662,0.14423909742807858,0.143196702003479,0.029334069676494212,0.013683
2014-07-21,0.17446637609313073,0.1482122583196188,0.14807917177677155,0.034600347622592564,0.01877899999999999
2014-07-22,0.17454398357351567,0.1479064132664932,0.14932094514369965,0.03559617050937358,0.01766699999999999
2014-07-23,0.17275266424683308,0.14495556982310762,0.14378315210342407,0.03789709252304013,0.01577500000000001
2014-07-24,0.1743824397888742,0.14516658506934776,0.14257319271564484,0.03759715147765455,0.019651000000000002
2014-07-25,0.17560224260998908,0.14515024014128086,0.1424853652715683,0.04155342019321734,0.023556999999999995
2014-07-28,0.17536383379464313,0.14534062159882763,0.1423785388469696,0.05024699148588557,0.019414000000000015
2014-07-29,0.17555481411232382,0.14947896367996705,0.1490899622440338,0.054600213207630366,0.009494000000000002
2014-07-30,0.17539890916239959,0.14887864249620034,0.14875002205371857,0.05236801255165352,0.023089
2014-07-31,0.1746272060978487,0.1717984756201976,0.1594870537519455,0.07853810835075703,0.007385000000000003
2014-08-01,0.173824180083501,0.1722019014870305,0.15919943153858185,0.08188464899447259,0.01760600000000001
2014-08-04,0.1750069546803231,0.17190034700162737,0.1596977412700653,0.07562668989258639,0.026644
2014-08-05,0.1745876340125224,0.1711817223193517,0.1573137640953064,0.08272580415882858,0.02288599999999999
2014-08-06,0.1743481212864916,0.17142206550115252,0.15823976695537567,0.07381945200682591,0.03272900000000001
2014-08-07,0.17453875479465789,0.171139213829479,0.1578969657421112,0.07761378517929707,0.02442999999999998
2014-08-08,0.17401562675339258,0.17210640955655487,0.1623561680316925,0.06020118653233608,0.034341999999999984
2014-08-11,0.17415772537851582,0.17183650023423444,0.16225695610046387,0.053063366842943244,0.024535999999999974
2014-08-12,0.17336409580801124,0.17038918150578647,0.16015399992465973,0.039746056536063445,0.025593000000000005
2014-08-13,0.17328435060183772,0.16955280781206813,0.160392627120018,0.030626836683691566,0.023065000000000002
2014-08-14,0.17365948283001983,0.16822142414246707,0.16042084991931915,0.016719584982019253,0.019858999999999988
2014-08-15,0.1717378255965576,0.16794050643246716,0.1606769561767578,0.017160779103750717,0.019198999999999994
2014-08-18,0.17147226792738143,0.1677091382081184,0.15896926820278168,0.006034738034068898,0.023628999999999983
2014-08-19,0.17057502544907222,0.1671849786254153,0.15608848631381989,-0.0055938046822862075,0.020915000000000017
2014-08-20,0.17090801230164474,0.14836235372001066,0.14864492416381836,0.002525035911973117,0.021783999999999998
2014-08-21,0.16877943674936935,0.15518056488217477,0.15011516213417053,0.013714254311834345,0.020864999999999995
2014-08-22,0.16711880805390047,0.1502922379363161,0.14915098249912262,0.012366385311444544,0.011204999999999993
2014-08-25,0.167058018728426,0.14797031160572227,0.14538654685020447,0.005735925398291486,0.011802000000000007
2014-08-26,0.16654301478632702,0.14821003904861932,0.14569191634655,0.0037849551144566174,0.012656
2014-08-27,0.16630850996550875,0.15648896649707944,0.15072001516819,-0.003897214367367313,0.011962
2014-08-28,0.16638506525934352,0.16181892177790247,0.15620878338813782,0.002806222736789654,0.01110899999999998
2014-08-29,0.16635270350966644,0.15183424587975028,0.15356089174747467,0.006363560878520719,0.01577299999999998
2014-09-02,0.16699697777699998,0.15165887814288892,0.15284264087677002,0.018931265718634516,0.019665000000000016
2014-09-03,0.1672153212064425,0.16432620385650873,0.15575827658176422,0.015798673130288904,0.01081399999999999
2014-09-04,0.1673863017095114,0.168397700339204,0.1601789891719818,0.023736868447139903,0.010291999999999996
2014-09-05,0.16711063009465596,0.17002589467536794,0.16215267777442932,0.022519967197135116,0.016913999999999985
2014-09-08,0.16707442514295398,0.17011737785596975,0.16201452910900116,0.03495425030805993,0.012688000000000005
2014-09-09,0.16882421640336107,0.16958444376766427,0.16218525171279907,0.040255090465937865,0.008914000000000005
2014-09-10,0.17174578013066874,0.16982467255429762,0.1621723473072052,0.03911718429963462,0.022449999999999998
2014-09-11,0.17429690676742252,0.16971857119212758,0.16196662187576294,0.04343871728235968,0.027988000000000013
2014-09-12,0.17432196699933936,0.16901264206253763,0.16207163035869598,0.04815275327872037,0.018528000000000017
2014-09-15,0.1755362207041871,0.16928263831710624,0.1616659313440323,0.04883802165817716,0.027596999999999983
2014-09-16,0.17741808291229005,0.16931523846082477,0.1616201400756836,0.059862374838443394,0.028588000000000002
2014-09-17,0.18056980686271484,0.16935991261966596,0.16120819747447968,0.06148250416361628,0.007817999999999992
2014-09-18,0.17941048886427846,0.16994603509584225,0.161625474691391,0.048792115539337655,0.031054
2014-09-19,0.17941386523410463,0.17033389269845528,0.16148121654987335,0.04022956272850378,0.01690999999999998
2014-09-22,0.1794791793407553,0.1700701286540854,0.16137255728244781,0.05133255779680668,0.010178999999999994
2014-09-23,0.18005784041711662,0.17006068538611938,0.16104479134082794,0.06112009381495956,0.010883000000000004
2014-09-24,0.180278065065427,0.17236404496838054,0.16112667322158813,0.051435320259435896,0.027968999999999994
2014-09-25,0.17993328546576584,0.16849895675689183,0.15945109724998474,0.08539277843849769,-0.006610999999999978
2014-09-26,0.17970320295279932,0.17037176920936267,0.1609078198671341,0.06998916596224092,0.028698
2014-09-29,0.17953306857226814,0.16989996707291546,0.16091220080852509,0.07284900995693816,0.032696999999999976
2014-09-30,0.17889162782712115,0.16928800917655676,0.15930955111980438,0.07863710896601361,0.012351999999999974
2014-10-01,0.178228665251424,0.1694463681374351,0.1610420048236847,0.08506363716653492,0.011081000000000008
2014-10-02,0.1783284693097471,0.16989146347768072,0.16012178361415863,0.08375683033932738,0.029949000000000003
2014-10-03,0.18007074939857073,0.1707490809481068,0.16179399192333221,0.06681357677963964,0.029422000000000004
2014-10-06,0.18373718658558733,0.17515084687872937,0.17222608625888824,0.07158791809898049,0.02012
2014-10-07,0.1848857040224488,0.17441244594892022,0.17267704010009766,0.09691979788655991,0.0018400000000000083
2014-10-08,0.1842140990952838,0.1756201891407524,0.17047666013240814,0.07079483733775332,0.04583200000000001
2014-10-09,0.18400216265209426,0.1748692795889189,0.17053410410881042,0.10456618521360553,0.020964000000000038
2014-10-10,0.18349836316196116,0.17553235583258187,0.16873110830783844,0.15884795341335575,0.02709900000000004
2014-10-13,0.1863280869197768,0.17479933191495847,0.1693246215581894,0.15985553235568886,0.022746000000000044
2014-10-14,0.18760006931106696,0.17505828922597175,0.16650457680225372,0.09828550496599067,0.06018699999999999
2014-10-15,0.17523753424380373,0.17453585658319892,0.16583946347236633,0.10401084631129709,0.06212999999999996
2014-10-16,0.17266147292338657,0.1726167684092543,0.16461588442325592,0.07800807528424875,0.05480099999999999
2014-10-17,0.1715915627488715,0.17320841441935064,0.16303326189517975,0.0381207540830433,0.04647699999999999
2014-10-20,0.17373612304178676,0.17268222922051757,0.16151286661624908,0.005284330918631758,0.05140799999999998
2014-10-21,0.17738636375487712,0.17237586721680367,0.16253814101219177,-0.013497249631396119,0.044447000000000014
2014-10-22,0.17697596633470047,0.1728277589585212,0.1630486100912094,-0.0048283274255783715,0.031875000000000014
2014-10-23,0.17622415264430782,0.1719454145730809,0.16335713863372803,-0.024130807007394978,0.037664999999999976
2014-10-24,0.17765229721430326,0.17207084316106808,0.1625615805387497,-0.03262767091914215,0.04607499999999998
2014-10-27,0.1789741150706672,0.1702321933560616,0.16266243159770966,-0.024841539502166526,0.04416300000000001
2014-10-28,0.18009051614556998,0.1701590826020373,0.16280390322208405,-0.04065104668191469,0.04253599999999999
2014-10-29,0.18093709728583904,0.17012814358992842,0.16381427645683289,-0.03886803650737239,0.04325799999999999
2014-10-30,0.1804981876825664,0.17196025172057744,0.16494357585906982,-0.03497445163032237,0.04082000000000002
2014-10-31,0.18036046411091358,0.17211422969244047,0.16361328959465027,-0.0387303164378541,0.034335000000000004
2014-11-03,0.18042267841934495,0.17178623668898302,0.1634538471698761,-0.037742148945291154,0.03440499999999999
2014-11-04,0.1808367459454007,0.1722537177873633,0.16416729986667633,-0.03252342830600821,0.0368
2014-11-05,0.181375083656364,0.17277738334168016,0.16384531557559967,-0.04129118164090978,0.032335
2014-11-06,0.1833270307532047,0.17310896701267103,0.16389422118663788,-0.04183312658005145,0.024408999999999986
2014-11-07,0.18416780440872846,0.17387929052641862,0.16386063396930695,-0.037980885658671415,0.020294000000000006
2014-11-10,0.18492035790923586,0.17295545682132196,0.165243461728096,-0.044470811610894834,0.02517999999999998
2014-11-11,0.18694027190863632,0.1730453179322738,0.16508075594902039,-0.03946542914823872,0.019262
2014-11-12,0.18725520072588916,0.17321724072615316,0.16470444202423096,-0.027973092941599775,0.016984
2014-11-13,0.1873629239203483,0.173324436819862,0.1686311811208725,0.022408995952483718,0.02113899999999999
2014-11-14,0.18780457563504163,0.17351045241884785,0.16906897723674774,0.03644287949334893,0.012415999999999983
2014-11-17,0.18799541179814142,0.17393634051091203,0.1692051738500595,0.029868572573717667,0.02954799999999999
2014-11-18,0.1913155447632054,0.17384043506289196,0.16929873824119568,0.028991534242403666,0.018568
2014-11-19,0.19216549947760464,0.1738276337974794,0.1704665571451187,0.03210827444675396,0.021841
2014-11-20,0.19313507389313656,0.17368487093362697,0.1704217493534088,0.04294726514307852,0.027950000000000003
2014-11-21,0.19270988762021823,0.1741384415697862,0.1706005036830902,0.03742473312938126,0.020930000000000004
2014-11-24,0.1924746123054649,0.17316245457771215,0.16920267045497894,0.017926954256245325,0.018453999999999998
2014-11-25,0.19301583822856877,0.17418234053831752,0.16992436349391937,0.021038875805116528,0.016213000000000005
2014-11-26,0.19515233490510006,0.17412716190963254,0.1703844666481018,0.020406630989838637,0.012331000000000009
2014-11-28,0.19545487839572093,0.1743410260471842,0.17133073508739471,0.02594145107381117,0.014660000000000006
2014-12-01,0.19503078902007476,0.17366426745430408,0.1711413711309433,0.04837739528812511,0.016029000000000015
2014-12-02,0.194966506717156,0.17404707152734347,0.17116136848926544,0.052347851962247824,0.028797000000000017
2014-12-03,0.19551104398326336,0.17400355453871144,0.17123650014400482,0.05363960989992898,0.021569000000000005
2014-12-04,0.1949282148797535,0.1742513518064602,0.17142310738563538,0.05236643017992171,0.02899299999999999
2014-12-05,0.1947338650919876,0.17395957489126354,0.17116327583789825,0.046408967519862815,0.023115999999999998
2014-12-08,0.19473733689135236,0.17372191068525616,0.1712096929550171,0.052054578310419125,0.027761000000000008
2014-12-09,0.1942588573183677,0.17254227892499452,0.1707286685705185,0.044259502706416265,0.04218000000000002
2014-12-10,0.1930534858166643,0.17196560694709095,0.16837994754314423,0.06526328529435746,0.01642300000000002
2014-12-11,0.1926943460774041,0.17251422997448423,0.16827765107154846,0.06898211849486666,0.008894000000000013
2014-12-12,0.19161446774119395,0.17195641484815427,0.16910052299499512,0.09495727763660117,0.01698399999999997
2014-12-15,0.19044217309534484,0.1724624888400196,0.17094247043132782,0.09590284617713227,0.02464600000000003
2014-12-16,0.18789977232170801,0.17180326010128227,0.16399314999580383,0.1136867298996613,0.020201000000000024
2014-12-17,0.18719984699292777,0.17292629808080642,0.16333207488059998,0.06567353199630885,0.061457999999999985
2014-12-18,0.18632399988976778,0.17267113282886992,0.16374002397060394,0.0532418716504717,0.04454299999999997
2014-12-19,0.18558267247410282,0.1727554995679495,0.16368983685970306,0.044348920708097705,0.027744999999999992
2014-12-22,0.18514974119120656,0.17268503736476817,0.16332629323005676,0.028662237387920897,0.036638000000000004
2014-12-23,0.1858348356000888,0.17289557670607958,0.16292960941791534,0.025971798367221993,0.03201699999999999
2014-12-24,0.18609848326489328,0.17341006498027256,0.16333408653736115,0.03438663180907861,0.033492999999999995
2014-12-26,0.18672789844322882,0.17304376951321457,0.16303005814552307,0.03500234678291095,0.02901899999999999
2014-12-29,0.18586228337923036,0.17311143533192608,0.16314734518527985,0.032752230124763526,0.036639000000000005
2014-12-30,0.1866089689798878,0.17299460802862385,0.16127540171146393,0.027675667609918048,0.041141999999999984
2014-12-31,0.1866385306386122,0.17268159416429646,0.16368651390075684,0.05050033009601432,0.024729
2015-01-02,0.18678812010789567,0.17291152282431319,0.16458584368228912,0.039282798579970524,0.044405
2015-01-05,0.18487779808369967,0.17311005220633272,0.16410772502422333,0.06945380851471827,0.02911600000000003
2015-01-06,0.18142497627209778,0.1851717643490048,0.179579496383667,0.08938702730038237,0.01929000000000003
2015-01-07,0.18004886698193034,0.1851622107469021,0.17870551347732544,0.06816379426205044,0.039275000000000004
2015-01-08,0.18019966012428681,0.1853016649338043,0.17927898466587067,0.05824924417744751,0.042065999999999965
2015-01-09,0.1793360528708409,0.18449924890619637,0.17744243144989014,0.07968225891907335,0.015776999999999985
2015-01-12,0.17867561635083015,0.18530804779269663,0.17658086121082306,0.07899733191217631,0.02931600000000001
2015-01-13,0.1742084583302236,0.1850411616813135,0.17807739973068237,0.06202144013426594,0.03051799999999999
2015-01-14,0.17071044053461212,0.184571541825148,0.17566955089569092,0.07864778516608964,0.02833800000000003
2015-01-15,0.1698990903986983,0.18379112929650143,0.17474454641342163,0.06254369177457014,0.014935000000000032
2015-01-16,0.16890405041960152,0.18340042644420673,0.17480812966823578,0.04012800669079636,0.01889899999999997
2015-01-20,0.16992324165277378,0.18351353861395484,0.17665213346481323,0.035434794519531576,0.02237799999999998
2015-01-21,0.16886248072790658,0.1824523382961191,0.17569608986377716,0.026700120531767346,0.020347000000000004
2015-01-22,0.16449754287661023,0.18445082520980288,0.17827919125556946,0.010442237168263063,0.03592000000000001
2015-01-23,0.16279615908996725,0.18368408001953151,0.17520475387573242,0.002915402183896465,0.017479999999999996
2015-01-26,0.16293810945057663,0.1839093662843898,0.17446881532669067,0.0068796671189517156,0.03259799999999999
2015-01-27,0.16243144583091132,0.18336081850949687,0.17546990513801575,0.015547238304213395,0.029379000000000016
2015-01-28,0.16252300152221166,0.18410411067681,0.1753547638654709,0.03818192904607348,-0.0026489999999999847
2015-01-29,0.1627246494135606,0.1837918619444463,0.17682862281799316,0.01309320004522238,0.042728000000000016
2015-01-30,0.16144829390483845,0.18405407915991123,0.1752472221851349,0.036183459822430625,0.011208999999999997
2015-02-02,0.16033281017475015,0.18367367022367237,0.17712187767028809,0.003511495396779696,0.044391000000000014
2015-02-03,0.16040082047390622,0.18307700680821387,0.17532888054847717,0.0032210527816193546,0.027861000000000025
2015-02-04,0.16351463643540437,0.1826167558735434,0.17462477087974548,0.0177135999582885,0.010296
2015-02-05,0.16346260713221367,0.18278432876269432,0.17462553083896637,0.0050455162338035875,0.027419
2015-02-06,0.16264557702189697,0.1830765440688178,0.17501457035541534,0.009252691095503779,0.013872999999999996
2015-02-09,0.16020361931717367,0.18277982453208913,0.17526379227638245,0.008855014814708656,0.03566300000000003
2015-02-10,0.15999622944864783,0.18282804578200398,0.17781797051429749,0.01390225573269041,0.024414999999999992
2015-02-11,0.1603213921098869,0.1837163897659995,0.17787951231002808,0.007654137163136676,0.04029399999999997
2015-02-12,0.15803110228498532,0.18422954803059746,0.17815041542053223,0.029133052805613513,0.032355999999999996
2015-02-13,0.15751489901191573,0.1841446519080761,0.17880791425704956,0.039420292733023804,0.03278900000000001
2015-02-17,0.15732502304151302,0.18417495547833115,0.17721253633499146,0.045189761330196865,0.037602
2015-02-18,0.15687481460191888,0.18345063959986896,0.1774253100156784,0.04226398491987457,0.03454300000000002
2015-02-19,0.15673120776387922,0.18160317379477534,0.17738986015319824,0.03971315914318585,0.02867
2015-02-20,0.1522703520750964,0.18126446296314797,0.17752619087696075,0.04538828940357109,0.041117000000000015
2015-02-23,0.15164301431377492,0.18136179322461068,0.1773195117712021,0.0535500110026719,0.031443
2015-02-24,0.15113264893105044,0.17913277395287805,0.17543812096118927,0.051153322134514484,0.03280300000000003
2015-02-25,0.15159663763379502,0.18274777876719106,0.17441721260547638,0.0424899360577263,0.036665999999999976
2015-02-26,0.15172675426447357,0.18266725345045814,0.17739902436733246,0.07052067612011809,0.03710399999999997
2015-02-27,0.15118695068784563,0.18216698188216038,0.17626003921031952,0.06419943303765335,0.02635900000000002
2015-03-02,0.14880208031083228,0.18260256028793373,0.1754133105278015,0.048855940136714265,0.05705500000000002
2015-03-03,0.1497301481838957,0.1815911319418105,0.17603911459445953,0.0541854941958502,0.030671999999999977
2015-03-04,0.15052178244891073,0.18190155522757911,0.1762229949235916,0.06445847353871953,0.029946999999999974
2015-03-05,0.15127092142786813,0.1816519581332333,0.17561644315719604,0.06267485406798778,0.025269000000000014
2015-03-06,0.15049136650987227,0.18117657442920396,0.17674963176250458,0.06714218338110006,0.025752000000000025
2015-03-09,0.15105684036101755,0.1845273993108203,0.17731326818466187,0.07738859250582616,0.028566000000000008
2015-03-10,0.1520382180692283,0.18165759203099033,0.17822761833667755,0.12861495073000015,0.013253000000000015
2015-03-11,0.15056871458064877,0.18606716900487483,0.17891448736190796,0.11864381146223646,0.034075999999999995
2015-03-12,0.14754630302986801,0.1846091975353397,0.17695744335651398,0.04836720960550436,0.03037100000000001
2015-03-13,0.14618542396377313,0.18558831345229965,0.17900922894477844,0.056075228970638435,0.025767999999999985
2015-03-16,0.14669168127974364,0.185227191838947,0.17854991555213928,0.047196108279765364,0.033574999999999994
2015-03-17,0.14654292088452925,0.18504914479227824,0.1788678765296936,0.056123377565025556,0.02799299999999999
2015-03-18,0.14609358177410253,0.1811046724602324,0.17707708477973938,0.044061128993257426,0.02771599999999999
2015-03-19,0.14555524296424344,0.1805350215174743,0.17571593821048737,0.06030640826835179,0.024880999999999986
2015-03-20,0.1454391848253559,0.1828823201604046,0.17677871882915497,0.039430153292918824,0.024922
2015-03-23,0.145629551180827,0.1840346687455049,0.17957814037799835,0.057521273925702665,0.021763000000000005
2015-03-24,0.14586933569348162,0.18293133941366158,0.1793750673532486,0.056220877946413006,0.024121999999999977
2015-03-25,0.14561445295370395,0.18044601659759335,0.18003563582897186,0.07574144207764555,0.02204600000000001
2015-03-26,0.1436077344988497,0.18241932523030593,0.1804775595664978,0.07214067950900382,0.022633000000000014
2015-03-27,0.14315226165343164,0.18256450135281943,0.17971576750278473,0.06693014527647392,0.027007000000000003
2015-03-30,0.1434130514216946,0.18271724895898284,0.18065226078033447,0.05779920091347168,0.024483000000000005
2015-03-31,0.14419681436514134,0.1827771682816547,0.17996615171432495,0.07479255503796592,0.018246999999999985
2015-04-01,0.14342849697018664,0.18189168406713027,0.17991816997528076,0.06295634068227962,0.025990000000000013
2015-04-02,0.14383869076930553,0.17894180543416022,0.17717759311199188,0.06919102803181582,-0.005251999999999979
2015-04-06,0.14289443628712295,0.17709243426655066,0.17610932886600494,0.057178048364051826,0.022454000000000002
2015-04-07,0.1514499940673673,0.17857671845457074,0.17732620239257812,0.06398875269017346,0.027197
2015-04-08,0.15137302177987905,0.15828558356847364,0.1494574248790741,0.05407921720699299,0.03231299999999998
2015-04-09,0.1516849062247485,0.15823160436737224,0.15365727245807648,0.05698247230778472,0.030180000000000012
2015-04-10,0.1533375211190674,0.15866387723694972,0.15332886576652527,0.05497599779744336,0.031041999999999986
2015-04-13,0.15321210631232793,0.15954952330462077,0.15319354832172394,0.07472462792507903,0.020558999999999994
2015-04-14,0.1535357046094836,0.1582299039229237,0.15368781983852386,0.07216788105665273,0.023613999999999996
2015-04-15,0.15413951309446688,0.15999998281538974,0.15775790810585022,0.06981316853271671,0.015054000000000012
2015-04-16,0.15416791834413435,0.16132787291100473,0.1585172712802887,0.03780210202862486,0.013288000000000022
2015-04-17,0.1520004170910793,0.16090953053759618,0.16166050732135773,0.044904743601349384,0.019648
2015-04-20,0.1523167471557117,0.1607548757026438,0.16174602508544922,0.03502713888998757,0.01805799999999999
2015-04-21,0.15059547389811012,0.1608958561973629,0.1617659330368042,0.032836253618426736,0.017431000000000002
2015-04-22,0.15073415016309694,0.1616589738664475,0.1617072969675064,0.02124676186482316,0.015681
2015-04-23,0.15247447330374583,0.16016051815323443,0.16073137521743774,0.0187055749040215,0.018336999999999992
2015-04-24,0.15471532310307326,0.1598187927640143,0.16129742562770844,0.0197044469174395,0.01700099999999999
2015-04-27,0.1554291196844964,0.15963715714341678,0.1617676466703415,0.024611878281097982,0.011314999999999992
2015-04-28,0.15494842965885264,0.15943210443254127,0.16202792525291443,0.02963266969013878,0.0021310000000000218
2015-04-29,0.15356596044341358,0.15829150288884458,0.160536527633667,0.022706324341512957,0.009243000000000001
2015-04-30,0.1524182129629261,0.15783000402005357,0.1617288440465927,0.025073641835545363,0.014484000000000025
2015-05-01,0.1520623880604151,0.1586002532094967,0.16196322441101074,0.027416808931206044,0.012900999999999996
2015-05-04,0.15258466184314973,0.1593470160235341,0.16220557689666748,0.028009142462293857,0.012101
2015-05-05,0.15142912413427365,0.1577256579623582,0.1618122160434723,0.035229193333864955,0.011800000000000005
2015-05-06,0.14748765475712422,0.1579300718125569,0.16124698519706726,0.03459109592642942,0.014322000000000001
2015-05-07,0.1473249321210021,0.157493334309177,0.16148650646209717,0.030361364083097003,0.003837000000000007
2015-05-08,0.14882011869920003,0.15753382099736823,0.1621592491865158,0.01282092053874856,0.004915000000000003
2015-05-11,0.1489547913554095,0.15770661668529587,0.16256140172481537,0.013655018809053066,0.010318000000000022
2015-05-12,0.14948996386417554,0.15936565137502445,0.16436851024627686,0.013167399797591517,0.009804000000000007
2015-05-13,0.15585001103393772,0.1597055980191161,0.16277453303337097,0.008443305087063147,0.011938000000000004
2015-05-14,0.15779000690000422,0.16167038080498838,0.16421134769916534,0.004758031205849833,0.016626000000000002
2015-05-15,0.15757987571456458,0.16253122340949294,0.16313689947128296,0.007587906850491016,0.016538999999999998
2015-05-18,0.15771053704814125,0.16376737297275906,0.1645534485578537,0.005345064322034937,0.020634000000000013
2015-05-19,0.15787210463490617,0.1635281191252548,0.164422869682312,0.005716138076186705,0.01392199999999999
2015-05-20,0.15920063403890172,0.16281446060846186,0.16276778280735016,0.014846378446483843,0.01275800000000002
2015-05-21,0.15990344676473772,0.16297808682538079,0.16152174770832062,0.01837128920077824,0.014229999999999993
2015-05-22,0.162586384576649,0.16251236495189825,0.1643785536289215,0.017169181245739212,0.00590099999999999
2015-05-26,0.22136393838303528,0.16348320111060838,0.16387853026390076,0.017718009425196496,0.023991999999999986
2015-05-27,0.2243329044726631,0.1647539409971843,0.16415616869926453,0.010504915420925853,0.021816000000000002
2015-05-28,0.2305047232528915,0.1643951847620552,0.164618581533432,0.017478861575443372,0.012570999999999999
2015-05-29,0.23251117260258056,0.16258529548644657,0.16421017050743103,0.026433377748466075,0.018063999999999997
2015-06-01,0.2328528390990858,0.16595191663366102,0.1643114537000656,0.0356967355786558,0.011856000000000005
2015-06-02,0.2330227504472655,0.16547433150827676,0.16369333863258362,0.034944745135580074,0.016351000000000004
2015-06-03,0.23655413916505388,0.16487951929199274,0.1650148332118988,0.029896295487228802,0.018144999999999994
2015-06-04,0.23732160128137816,0.1660549649131057,0.1636301577091217,0.03767490706420834,0.02135999999999999
2015-06-05,0.23854704023425816,0.16531349015909574,0.16434592008590698,0.042046452743120744,0.02337499999999998
2015-06-08,0.2398576277964302,0.16493749516459122,0.16326647996902466,0.06609432846530472,0.020362999999999992
2015-06-09,0.23939674899608482,0.16450914408927833,0.16550099849700928,0.05866040234170511,0.028608999999999996
2015-06-10,0.24136827628663782,0.16417086567222855,0.16545607149600983,0.0570075621818501,0.012851000000000001
2015-06-11,0.2429713888164291,0.16404305547817175,0.16377045214176178,0.042274158704553116,0.03270100000000001
2015-06-12,0.2429742576679288,0.16276573651833737,0.16470398008823395,0.05175706088036225,0.025677000000000005
2015-06-15,0.24247167622012522,0.16472633206073065,0.16497209668159485,0.06034135827257581,0.029659999999999992
2015-06-16,0.24353062971315068,0.16457076921302935,0.16501685976982117,0.06333046629247432,0.030945
2015-06-17,0.2441977326974562,0.16493393312786772,0.16480134427547455,0.06422978734149543,0.02784499999999998
2015-06-18,0.24603222599227875,0.16382640890248704,0.16306710243225098,0.047399320611504314,0.028346999999999983
2015-06-19,0.24623106865858588,0.1633870445283083,0.1645175814628601,0.047797550255161414,0.020161000000000012
2015-06-22,0.24683413610415406,0.16443769876955713,0.16504667699337006,0.0354413670678643,0.025058999999999998
2015-06-23,0.24684486242286996,0.16474187047812233,0.1647445261478424,0.046788589897013816,0.022770000000000012
2015-06-24,0.247229947869456,0.1655339454522635,0.16453436017036438,0.051636684569877994,0.02294099999999999
2015-06-25,0.24818345548355372,0.16474975137853926,0.1655191332101822,0.06055330120650279,0.017020000000000007
2015-06-26,0.24878938358996533,0.1647036540037821,0.16621264815330505,0.05224047587704225,0.02263799999999999
2015-06-29,0.24978984511529723,0.1635396836218339,0.16443361341953278,0.10167066081645224,0.02420300000000003
2015-06-30,0.25046443893279463,0.167077622313649,0.16547544300556183,0.08701932800407994,0.022817000000000004
2015-07-01,0.2511935057916297,0.16802933632752007,0.16635094583034515,0.0793774373175189,0.027649000000000007
2015-07-02,0.25111821726073796,0.16864963691738338,0.16645604372024536,0.07920612507767966,0.02197099999999999
2015-07-06,0.25590643528793405,0.16826768203436893,0.16721610724925995,0.08891747260804125,0.03293199999999999
2015-07-07,0.2514497155040732,0.1635202267709761,0.16544263064861298,0.07075512606996348,0.027371000000000034
2015-07-08,0.2517197732670069,0.19059008113228978,0.160438671708107,0.10722384967255114,0.02565400000000001
2015-07-09,0.2526793054411285,0.18836982734612676,0.1606455147266388,0.09760301738474988,0.021150999999999975
2015-07-10,0.25253458977263793,0.18367570022888877,0.1600245237350464,0.0695855514404159,0.028373999999999983
2015-07-13,0.2537806731324182,0.19620847467245053,0.16083332896232605,0.0501576297078096,0.031885000000000024
2015-07-14,0.25363535272749205,0.1948551872099402,0.16069965064525604,0.0386832586941003,0.027348999999999984
2015-07-15,0.2538081106537225,0.19298685181530773,0.16317269206047058,0.03775430733614968,0.020162999999999986
2015-07-16,0.25413992023362847,0.19244754793330404,0.1616685688495636,0.004613561842776559,0.011635000000000006
2015-07-17,0.25850122836010436,0.19752988719502437,0.16158044338226318,0.009507860649270589,0.013411000000000006
2015-07-20,0.2584345528357836,0.2009790982432725,0.16174118220806122,0.0070808404750227205,0.026454000000000005
2015-07-21,0.25895739683796337,0.20786482090187927,0.16242124140262604,0.005545895441521426,0.02233400000000002
2015-07-22,0.25826601710750857,0.20839834120195946,0.16158586740493774,0.0038236622328853,0.026312000000000002
2015-07-23,0.25795141420933737,0.20134742460996324,0.16336165368556976,0.010619682458628987,0.021957000000000004
2015-07-24,0.2570988419117343,0.2004863364215661,0.163502499461174,0.01659318910767521,0.028543000000000013
2015-07-27,0.25643730653800917,0.19488060283744837,0.1633799970149994,0.03355948988116464,0.035633
2015-07-28,0.25680262627046985,0.20142239250334362,0.16274501383304596,0.024967284907720932,0.032870999999999984
2015-07-29,0.25695307650167715,0.19598128518899668,0.1625390648841858,0.01161265657851554,0.02538299999999999
2015-07-30,0.25948177582169935,0.19764948148023112,0.16238170862197876,0.007132033769482543,0.02408100000000002
2015-07-31,0.26131007842526477,0.201899256945235,0.16332997381687164,0.008992238040444273,0.028065000000000007
2015-08-03,0.2614705509057329,0.20163935283707018,0.1621771901845932,0.014258573765019905,0.02685599999999999
2015-08-04,0.26162465988115147,0.20893595217763108,0.16296716034412384,0.008992725478390695,0.02977100000000002
2015-08-05,0.2618209509851329,0.20843724522799764,0.16312867403030396,0.03381750905086192,0.027795000000000014
2015-08-06,0.2616389389254503,0.20939877600778709,0.1637982428073883,0.044869866084075366,0.029105999999999993
2015-08-07,0.2605599887688812,0.2008285999671329,0.16223756968975067,0.037505582628689776,0.035258999999999985
2015-08-10,0.2614563989245658,0.20934896442057208,0.1629973202943802,0.0295389021811176,0.025713000000000014
2015-08-11,0.26191542678624197,0.19418672618379115,0.16245940327644348,0.04547962237313452,0.03182099999999999
2015-08-12,0.2590310123500696,0.18740729134523607,0.16211619973182678,0.04928645036073406,0.031281
2015-08-13,0.25855826439585156,0.18613585809677113,0.1610078066587448,0.02601069868090472,0.034855
2015-08-14,0.2587366266766264,0.18810183226935467,0.16225841641426086,0.022122788455228165,0.03578899999999999
2015-08-17,0.259327175729399,0.18936933147903623,0.16240178048610687,0.019479888260567207,0.026902999999999982
2015-08-18,0.2604360350449638,0.18830079557218418,0.16201631724834442,0.016493779621348986,0.033997
2015-08-19,0.2605170596612056,0.18814257087041483,0.16222944855690002,0.028718730373245654,0.02579899999999999
2015-08-20,0.26059997168263543,0.18976201968199938,0.16158534586429596,0.07044223806276978,0.02965900000000002
2015-08-21,0.25879202719508176,0.1917671995776625,0.16592125594615936,0.14878820654689173,0.044159000000000004
2015-08-24,0.21053901546092132,0.19621583516706834,0.17213399708271027,0.14101623233702393,0.08195600000000003
2015-08-25,0.2073212714118044,0.19501540091189784,0.17037628591060638,0.09875409991979445,0.07502599999999998
2015-08-26,0.2008357658490259,0.19233587210350647,0.1663205474615097,0.011670779178296176,0.06997200000000003
2015-08-27,0.1985424461861936,0.191173786508501,0.16093142330646515,-0.03224185924842371,0.067218
2015-08-28,0.19829450972688376,0.19137782843506,0.15967446565628052,-0.03687630430561406,0.07509199999999999
2015-08-31,0.19721387879998376,0.1906104059182759,0.15927793085575104,-0.03420245275596551,0.06653099999999995
2015-09-01,0.1921484179997514,0.19429834421198192,0.16145369410514832,0.048362684046790116,0.09162100000000001
2015-09-02,0.1907672378488217,0.19247144801037738,0.16056612133979797,-0.016668023427447887,0.07730600000000004
2015-09-03,0.190051431549202,0.19056878305366606,0.16166789829730988,-0.032003400537236104,0.05826400000000004
2015-09-04,0.1906680693016774,0.19238286176112865,0.16557861864566803,0.0057263366464867516,0.075538
2015-09-08,0.19077971149021217,0.1894121409146151,0.15976442396640778,-0.03351974654330697,0.07831299999999997
2015-09-09,0.18823026593191367,0.18827215065234648,0.1602693796157837,-0.042842664397028385,0.07216900000000004
2015-09-10,0.18979605667936494,0.187343765744396,0.1602296680212021,-0.05347701994501852,0.06432400000000005
2015-09-11,0.19133983555484177,0.1882784199147132,0.16165289282798767,-0.061435663748642844,0.082015
2015-09-14,0.194463200318016,0.18768329579437462,0.16027556359767914,-0.0554693932496631,0.07243699999999997
2015-09-15,0.1955258155946503,0.18576030087895862,0.15910907089710236,-0.06950518899665548,0.053939000000000015
2015-09-16,0.19513089639246947,0.1859771874607989,0.15905320644378662,-0.09155563949331008,0.06296199999999999
2015-09-17,0.1958142863668723,0.18554651457921859,0.15987762808799744,-0.09319841353521813,0.04350399999999999
2015-09-18,0.19707799738769982,0.18506685284362676,0.16444486379623413,-0.07211068484495015,0.040088999999999986
2015-09-21,0.19808398006602165,0.1856273254841065,0.16114658117294312,-0.09405763455018246,0.05449200000000001
2015-09-22,0.19898692265555817,0.18564737092461508,0.16802644729614258,-0.06190789433773575,0.05374699999999999
2015-09-23,0.1991606928231181,0.18319823396503387,0.16684216260910034,0.05584039640333591,0.04696699999999998
2015-09-24,0.19795433493982684,0.1832241839741237,0.16801857948303223,0.08821743469871496,0.052278999999999964
2015-09-25,0.19714901241756064,0.18430485419816017,0.16640211641788483,0.08597653444628514,0.040585999999999955
2015-09-28,0.19556462403203673,0.1879786852078318,0.17014484107494354,0.1321730972683521,0.043869999999999965
2015-09-29,0.19386382685746917,0.19004183852895118,0.17046834528446198,0.13205143842117598,0.05806399999999995
2015-09-30,0.1925209263033309,0.18850582847540984,0.16937412321567535,0.10388857475793031,0.061607999999999996
2015-10-01,0.1922283927675129,0.1865069557321472,0.1697666347026825,0.10882119295636278,0.061734999999999984
2015-10-02,0.18677766089603123,0.18676177336071906,0.16799642145633698,0.08398053475791101,0.056443999999999994
2015-10-05,0.18788348550498465,0.18450361111365832,0.16338802874088287,0.06230117305211824,0.05503800000000003
2015-10-06,0.18839150650599368,0.20393362508826873,0.18711206316947937,0.06571183305630388,0.05350300000000002
2015-10-07,0.19055646789861444,0.20209578530930214,0.18198591470718384,0.05844741123672831,0.05324899999999999
2015-10-08,0.19362826390288326,0.2015943169333104,0.1793840229511261,0.06216736946987764,0.052594
2015-10-09,0.19413654504431696,0.20079516132115516,0.17947416007518768,0.06646913597446921,0.04947400000000002
2015-10-12,0.19627241618319502,0.20076562123696928,0.18186786770820618,0.052775580881630174,0.05091499999999999
2015-10-13,0.2001872497783445,0.20114295664224713,0.1829737275838852,0.05819301557038151,0.04892099999999999
2015-10-14,0.20280631121641202,0.20371363436533504,0.18028876185417175,0.06140754916080182,0.04740600000000003
2015-10-15,0.206013644536211,0.20293131892941504,0.17765359580516815,-0.0023419987283764543,0.045242000000000004
2015-10-16,0.20948570065035788,0.19857579773591197,0.1778842657804489,-0.001646249134684391,0.03700300000000001
2015-10-19,0.215871855878046,0.1993523248908959,0.17611055076122284,-0.004433368944097793,0.034592999999999985
2015-10-20,0.22012028021109678,0.1975773591103903,0.17579716444015503,-0.003827986518399773,0.02829100000000001
2015-10-21,0.2195585201505531,0.1986533484775338,0.17610138654708862,0.0026971477962358936,0.02613400000000002
2015-10-22,0.22180745400313365,0.19811989100023542,0.17461611330509186,-0.01156800891783935,0.02459
2015-10-23,0.22436902631915503,0.19751646566936812,0.17194539308547974,-0.012854440408219814,0.024312
2015-10-26,0.22885677436027377,0.19682725718118166,0.17160920798778534,-0.006576325804962396,0.022239999999999982
2015-10-27,0.23140435068760334,0.19798015845090952,0.17196011543273926,0.0004660964215831287,0.025346000000000007
2015-10-28,0.22994613210531864,0.19742768316477569,0.17716608941555023,-0.019199119584732555,0.028487999999999986
2015-10-29,0.22934019075104517,0.19515135510841253,0.17773693799972534,-0.005554113412826189,0.014461999999999975
2015-10-30,0.23088762752334874,0.19374077245446744,0.17742232978343964,-0.00457469673882363,0.009339999999999987
2015-11-02,0.24937702334052997,0.1951364820537395,0.1768220216035843,0.004954216531927708,0.018921999999999994
2015-11-03,0.25337536433165875,0.19517601014463423,0.17857064306735992,0.00974246725362879,0.023427000000000003
2015-11-04,0.25876080559144166,0.19413168902917213,0.17790532112121582,0.011469290205147198,0.016601000000000005
2015-11-05,0.2653009766264781,0.19487305637353744,0.17084741592407227,0.030520040363268497,0.01716799999999999
2015-11-06,0.26866453148298314,0.1967970676831525,0.16991883516311646,0.01721930487255724,0.022087999999999997
2015-11-09,0.27224793114612955,0.19869615865097526,0.17155912518501282,0.037048738400547426,0.024113999999999997
2015-11-10,0.27622679542171436,0.19830690755128028,0.17820927500724792,0.030596356045432538,0.023952
2015-11-11,0.28014730656649167,0.19854498175048552,0.17907465994358063,0.03607064793229192,0.022780999999999996
2015-11-12,0.2815628157832131,0.1985719023823478,0.17034275829792023,0.052314062687656676,0.01685700000000004
2015-11-13,0.281915996536334,0.2015486965321147,0.17045767605304718,0.07212026405004482,0.028115
2015-11-16,0.2831261921231709,0.20143808592235027,0.1706657111644745,0.06214667765118034,0.027901999999999982
2015-11-17,0.28439901323561867,0.19961776237641513,0.17073145508766174,0.0625814019624436,0.018837999999999994
2015-11-18,0.2846343019720516,0.20149392594351395,0.17077985405921936,0.05075492048905944,0.02082199999999998
2015-11-19,0.28594889485295466,0.20184643584819528,0.1712324470281601,0.04890040336997967,0.0199
2015-11-20,0.29083687732688485,0.20150209885402792,0.1722467988729477,0.04021767595550918,0.02473700000000001
2015-11-23,0.29109185268520976,0.20144486439621365,0.17205817997455597,0.03834242203308477,0.027092000000000005
2015-11-24,0.29363708052022497,0.2021809221281461,0.1716717630624771,0.0462939269083045,0.022985000000000005
2015-11-25,0.29468515668431955,0.20233103077900963,0.1686074435710907,0.03195222255885058,0.024685000000000012
2015-11-27,0.2969928609493755,0.20308844736118048,0.16859138011932373,0.05031348724015702,0.02182299999999998
2015-11-30,0.2979464045075886,0.20316268941457835,0.16838005185127258,0.06133656752969263,0.023565000000000003
2015-12-01,0.29876695692947575,0.20369855691750943,0.15912126004695892,0.05614326485560028,0.033845000000000014
2015-12-02,0.30047321373324604,0.20271781791486806,0.15897226333618164,0.05771694352866277,0.028052999999999995
2015-12-03,0.30066118430133326,0.2007905608628132,0.15952850878238678,0.07545458960521653,0.025656999999999985
2015-12-04,0.3003035263393963,0.2027684868965758,0.15922041237354279,0.04169047313618923,0.027884999999999993
2015-12-07,0.30057802904939307,0.205066148375085,0.16029489040374756,0.04666531577753366,0.029531
2015-12-08,0.3044590685741597,0.2071414257476596,0.16003230214118958,0.06844307872171368,0.02882599999999999
2015-12-09,0.3040007782526859,0.2089204483672281,0.1598590463399887,0.07319219202301647,0.03753300000000001
2015-12-10,0.30359982699512117,0.20804324164346574,0.16045498847961426,0.07781206619374634,0.03581400000000001
2015-12-11,0.3019270005638316,0.21574602560816894,0.16278639435768127,0.11413661516205062,0.06001299999999998
2015-12-14,0.3044391108569284,0.2144704066902583,0.16309452056884766,0.11597248736835311,0.042661000000000004
2015-12-15,0.3071333346522793,0.21293695136386132,0.1615353673696518,0.0813483437836656,0.04558000000000001
2015-12-16,0.3052675044950465,0.21003314104019943,0.17170342803001404,0.04343091902638768,0.03238899999999997
2015-12-17,0.30564266518473704,0.20946208275249978,0.17886260151863098,0.0596249545808539,0.029704000000000036
2015-12-18,0.30519752617696083,0.21360640450015872,0.18195700645446777,0.06297132764025765,0.04936199999999999
2015-12-21,0.30585037453649566,0.21311494867340772,0.1802276074886322,0.04861882475219853,0.043586000000000014
2015-12-22,0.30671765351821695,0.2116885494225596,0.1798865795135498,0.044065509217638216,0.039063000000000014
2015-12-23,0.30686170497027376,0.20912450193926055,0.1777580827474594,0.03695884921873088,0.03399100000000002
2015-12-24,0.30736363884271917,0.20920339706003682,0.1797434240579605,0.030327404111454043,0.035776999999999975
2015-12-28,0.3079380950602192,0.21074845901838013,0.17278669774532318,0.03479051724081783,0.03994499999999998
2015-12-29,0.3087420379599707,0.20924673496306362,0.17229332029819489,0.028086043024243168,0.036988999999999994
2015-12-30,0.31025168429665567,0.21052834751459787,0.17288640141487122,0.03521961704144519,0.041825999999999974
2015-12-31,0.3106654180716002,0.2097180589128976,0.17169548571109772,0.050231506918524405,0.03314699999999998
2016-01-04,0.3106824026772341,0.2135737250364987,0.17386534810066223,0.07619218770490108,0.040407000000000026
2016-01-05,0.3100973187755406,0.21250995479059898,0.1721419095993042,0.06270812202546597,0.04046499999999997
2016-01-06,0.3121948352029819,0.28610957057041514,0.19191287457942963,0.08522037530148124,0.039071999999999996
2016-01-07,0.31114863869232323,0.28800303018851575,0.18908169865608215,0.13783616360178388,0.020575999999999983
2016-01-08,0.30909229581104053,0.28671742519323506,0.18694524466991425,0.12888897355673679,0.027546000000000015
2016-01-11,0.3082708613537406,0.29033035396148726,0.18968136608600616,0.12201438631223113,0.025936999999999988
2016-01-12,0.309064568490356,0.28664683186871553,0.19407600164413452,0.10794854844551038,0.013492000000000004
2016-01-13,0.3074496504292037,0.29093336857440333,0.20114976167678833,0.12496976644631066,0.03939799999999999
2016-01-14,0.3081590701549528,0.2896740914672969,0.20150400698184967,0.091781423830184,0.05309199999999997
2016-01-15,0.3032734938458437,0.3006632337979004,0.20244264602661133,0.12218682640391582,0.05127799999999999
2016-01-19,0.3012518153792722,0.2990494237972616,0.20279379189014435,0.08297530618204069,0.055588000000000026
2016-01-20,0.296491361876343,0.30263988582040346,0.20592328906059265,0.13512909235232123,0.02350399999999997
2016-01-21,0.2936832664213429,0.3018833786959869,0.20497262477874756,0.08813358359600953,0.06073900000000004
2016-01-22,0.29384466637170703,0.2936009514375188,0.20288127660751343,0.04929784185488084,0.066463
2016-01-25,0.292602988950972,0.3004936299129512,0.20637643337249756,0.07797283864480797,0.06949300000000003
2016-01-26,0.2910753056781261,0.29821569903781103,0.2029481828212738,0.05278637719072837,0.06594099999999997
2016-01-27,0.2881835768009485,0.2964843753706563,0.2079651802778244,0.04542593745270329,0.059944
2016-01-28,0.2870950319863001,0.28953622875557483,0.20455726981163025,0.035311744315492166,0.055659000000000014
2016-01-29,0.2863930097484865,0.2914070230583855,0.20533199608325958,0.0115467984378404,0.04280500000000004
2016-02-01,0.2864580162780608,0.29877498010514114,0.2059914916753769,0.006615334484440127,0.07523199999999997
2016-02-02,0.2857325930256826,0.30186366604321135,0.20393823087215424,0.05297605644825509,0.062558
2016-02-03,0.2705349362148176,0.2952087721952305,0.20178218185901642,0.06011687571412161,0.029869999999999952
2016-02-04,0.26732943957633276,0.2994724266745314,0.2064170241355896,0.023747201405948104,0.05780400000000002
2016-02-05,0.26191042201793846,0.30261631038352693,0.20974846184253693,0.030158118803280676,0.07107199999999997
2016-02-08,0.2564364526618899,0.3116657572824351,0.20925287902355194,0.08376279970373096,0.07549899999999998
2016-02-09,0.2525943112212437,0.3128237490185465,0.20910412073135376,0.08845968691379025,0.08056200000000002
2016-02-10,0.24877223500342618,0.3095388858066045,0.20771190524101257,0.07899529063902982,0.067191
2016-02-11,0.24553096018766168,0.31739363679696236,0.2087893933057785,0.13163259841544767,0.08333599999999997
2016-02-12,0.2441372318749411,0.2857071959066698,0.21364754438400269,0.07272763599420701,0.08846300000000001
2016-02-16,0.2428008174298469,0.313544416767985,0.21512342989444733,0.023714954680673805,0.08600200000000002
2016-02-17,0.2430810593474607,0.26231770379029606,0.2086850255727768,-0.010363007866731055,0.07809299999999997
2016-02-18,0.2446420374079238,0.2629704815481538,0.21125681698322296,-0.00422132923859736,0.07777600000000001
2016-02-19,0.24556885013195748,0.261925279161426,0.21052449941635132,-0.01104378366205827,0.07143
2016-02-22,0.24568053438429635,0.2580300318371213,0.21014441549777985,-0.01926899874814164,0.06351000000000001
2016-02-23,0.24441730925145305,0.2970244470614084,0.21056371927261353,-0.0017494276100065709,0.06806000000000001
2016-02-24,0.2393461989449064,0.2605936974257858,0.20967507362365723,0.007951138927387302,0.06761999999999996
2016-02-25,0.24146273499666143,0.25993459950367154,0.2111242711544037,-0.009925278267340354,0.064797
2016-02-26,0.23843433128148653,0.25685500605164585,0.20952074229717255,-0.01839398207319415,0.066249
2016-02-29,0.2372253264966456,0.254848290788238,0.20823273062705994,0.008754702310680318,0.04153699999999999
2016-03-01,0.23427658727020978,0.2556512599657719,0.21612340211868286,-0.03684286783579849,0.088418
2016-03-02,0.23609787487057363,0.2552403243319019,0.21595484018325806,-0.04626331076106688,0.08598800000000001
2016-03-03,0.23508452630815324,0.2581448455701682,0.21502350270748138,-0.05961257435321782,0.07061
2016-03-04,0.23601907024004293,0.2557857613841259,0.21449552476406097,-0.024900312244124645,0.06210099999999996
2016-03-07,0.23647776637905288,0.2540352003288915,0.21402911841869354,-0.015743095513259087,0.06330600000000003
2016-03-08,0.23482045498083987,0.26206857421138674,0.21586942672729492,0.026945826744865564,0.04157700000000003
2016-03-09,0.23400427273461377,0.26435938035309325,0.21306514739990234,0.02621876097509973,0.06645000000000001
2016-03-10,0.22875256892447482,0.26099553419539967,0.21317696571350098,0.022635079110372325,0.064614
2016-03-11,0.2268601256379917,0.2586042269767779,0.20903272926807404,0.011732910000440244,0.06895699999999999
2016-03-14,0.22758179523304334,0.2581081821687985,0.20883885025978088,0.0443501000372315,0.054784
2016-03-15,0.2344205409939118,0.26383714415556264,0.21048305928707123,0.045198546403676376,0.07009900000000002
2016-03-16,0.2305249919564057,0.2607226592763675,0.206144779920578,0.03132264983571453,0.048595
2016-03-17,0.2282159896414019,0.2594225221649257,0.2081371247768402,0.004790019182242755,0.06462799999999996
2016-03-18,0.22854836788919186,0.25633816554606514,0.2084042876958847,0.0014303677258661884,0.05493799999999999
2016-03-21,0.22922044096889277,0.25529468926332977,0.20764653384685516,0.00753323545462925,0.05065900000000001
2016-03-22,0.2292222662594623,0.25573184541067107,0.2077224850654602,0.008572212591873851,0.04622399999999999
2016-03-23,0.22863577545072056,0.25907019508828116,0.20931173861026764,0.018715813690663774,0.040149999999999963
2016-03-24,0.22739927655361633,0.261977034113324,0.2108008712530136,0.030337699401849716,0.047189000000000036
2016-03-28,0.22996541910198512,0.263201797265794,0.21208563446998596,0.03857299210816628,0.045874000000000026
2016-03-29,0.23132788543800947,0.2611095321321001,0.2188653200864792,0.04062533724620532,0.04645699999999997
2016-03-30,0.23472021748239888,0.25985088072738727,0.21714268624782562,0.03893647230363695,0.04109199999999996
2016-03-31,0.235653611808929,0.2617754243555696,0.21650253236293793,0.04078019724408663,0.04338799999999998
2016-04-01,0.23609119514562607,0.26155097056813886,0.21778064966201782,0.03359861399293329,0.04405199999999998
2016-04-04,0.23622603621807237,0.2622999481063526,0.2175905853509903,0.03883408708135111,0.04351100000000002
2016-04-05,0.23698256481743396,0.26548571675053806,0.21835362911224365,0.06295068379962962,0.04569699999999999
2016-04-06,0.23717978472856982,0.26434862041475715,0.2154553234577179,0.05526571773514308,0.05113800000000002
2016-04-07,0.23558920981045492,0.2454132972546414,0.23864786326885223,0.07206516903535165,0.04657800000000001
2016-04-08,0.23472315844354144,0.2427477368336994,0.23800620436668396,0.0678714564667704,0.051873
2016-04-11,0.23387215012722612,0.242424343574297,0.23496229946613312,0.08117455715077468,0.04563800000000001
2016-04-12,0.23336675342157748,0.2415624584820686,0.23408780992031097,0.07215998647137914,0.057338
2016-04-13,0.23091015699609366,0.24034625374601967,0.23146191239356995,0.06444561172529437,0.051568
2016-04-14,0.22950960611713805,0.2412532690555451,0.23339201509952545,0.03566600628185482,0.047991000000000006
2016-04-15,0.22755958585884367,0.24332676168640158,0.23061689734458923,0.0091285172750242,0.03516800000000003
2016-04-18,0.2268081731198195,0.24345991160634908,0.23431064188480377,0.028559835266536854,0.03726200000000002
2016-04-19,0.22667582875927572,0.24112967173102742,0.23355713486671448,0.01867077980620188,0.03228400000000001
2016-04-20,0.22667522544507043,0.24031302948281877,0.23279446363449097,0.018080849069109534,0.03378300000000001
2016-04-21,0.2262190563165023,0.24075627044560013,0.23499080538749695,0.032376100743617825,0.030729000000000006
2016-04-22,0.22584266155755187,0.2400938139565882,0.23524834215641022,0.025565140380913842,0.04173199999999999
2016-04-25,0.22489592375999645,0.24126245690401976,0.23537831008434296,0.03563323401570154,0.037911999999999973
2016-04-26,0.22419905188196693,0.24023546002276053,0.23593702912330627,0.0290307316696633,0.04039799999999999
2016-04-27,0.22304613776374752,0.24129357495110854,0.23449647426605225,0.029427036961610337,0.03042900000000001
2016-04-28,0.22164791144777396,0.24160850186821392,0.23497843742370605,0.027370535165442994,0.032393000000000005
2016-04-29,0.2207686786574578,0.24147015681460623,0.23360271751880646,0.03635548136590244,0.043639999999999984
2016-05-02,0.2199468600094385,0.24025709406255397,0.22975723445415497,0.03134488926838844,0.041913000000000034
2016-05-03,0.22143754624239906,0.24116229685178242,0.23134657740592957,0.042013996832439615,0.043190000000000006
2016-05-04,0.22095131662123088,0.24048737140130397,0.2280806601047516,0.06806860496749412,0.04422100000000001
2016-05-05,0.21988020823449878,0.24131198720887292,0.2294376939535141,0.07143578571849163,0.037105
2016-05-06,0.22066112868055213,0.2446383438271154,0.2382662296295166,0.0701070917892275,0.04455800000000004
2016-05-09,0.21980231682910545,0.2446822705849179,0.23199322819709778,0.06104646243715678,0.04308200000000001
2016-05-10,0.21922401742441028,0.24215246282130207,0.23234498500823975,0.05366779894466098,0.041810000000000014
2016-05-11,0.21773153424635588,0.2424076645249607,0.23064707219600677,0.06544860898401811,0.03443999999999997
2016-05-12,0.2151996117662216,0.23886312321141995,0.23035156726837158,0.06749165977593954,0.035858999999999974
2016-05-13,0.21088903290797656,0.23933922254840886,0.22960816323757172,0.07365776484916847,0.04045700000000002
2016-05-16,0.21056495480207127,0.23623086273589616,0.2279501110315323,0.07961852369359054,0.055759
2016-05-17,0.20909643865805883,0.23629124176642616,0.22782211005687714,0.06981048640949855,0.045958
2016-05-18,0.20419636501692884,0.23771432711145785,0.22968485951423645,0.05358875099049523,0.04834699999999997
2016-05-19,0.20036240041606332,0.23965693478698313,0.22987006604671478,0.04363835204330491,0.05006099999999997
2016-05-20,0.19954463748396312,0.23779992319634252,0.22906526923179626,0.03681534861183444,0.04697699999999999
2016-05-23,0.1992241870171281,0.23862046316782504,0.2295616716146469,0.028258153990332907,0.04787999999999998
2016-05-24,0.19801332584572368,0.23704084019920563,0.2292918711900711,0.021739668482624458,0.04489700000000002
2016-05-25,0.1951991899526958,0.2374561500548067,0.22801600396633148,0.013707518634233917,0.042487
2016-05-26,0.19438207220124057,0.23862886280469578,0.2300945371389389,0.01514495939188426,0.039026000000000005
2016-05-27,0.1943014108459435,0.23890755306196534,0.230280801653862,0.015002268471329905,0.03461500000000001
2016-05-31,0.19441342725575508,0.23730641294144514,0.23175042867660522,0.029825268240235958,0.03988800000000001
2016-06-01,0.19071351767440375,0.23682962649648717,0.23140248656272888,0.02008831230954486,0.04423099999999999
2016-06-02,0.1921310111640752,0.23522732616917705,0.22821664810180664,0.012595985068619447,0.038585000000000036
2016-06-03,0.19094257416331248,0.2352742808880452,0.22600466012954712,0.021503109072465776,0.03182600000000002
2016-06-06,0.18955959924418425,0.23323649056708368,0.22789691388607025,0.012275918067461034,0.02897500000000003
2016-06-07,0.19144624665604565,0.23032932781354232,0.22238297760486603,0.01454148272803607,0.026781999999999972
2016-06-08,0.19154594748389572,0.22740834770649138,0.22147370874881744,0.01029181379369662,0.03427599999999997
2016-06-09,0.1918892508437696,0.23162879835868397,0.22545458376407623,0.020941983103483358,0.03093700000000002
2016-06-10,0.19212363263446777,0.23551553550235416,0.2268662452697754,0.048495637868245456,0.038797000000000026
2016-06-13,0.19301934165264098,0.2376355245019414,0.22827358543872833,0.10274339366156626,0.047825000000000006
2016-06-14,0.18476290870495488,0.2384012160700606,0.2295188009738922,0.11163226443977997,0.05111699999999997
2016-06-15,0.18378209666930187,0.23753996367617555,0.2318531721830368,0.10291063643487414,0.04855799999999999
2016-06-16,0.1821805865603099,0.23930552200228297,0.2339581847190857,0.09286681222046256,0.04231400000000002
2016-06-17,0.18100820757999087,0.2366850210022543,0.22669656574726105,0.10184887818707802,0.05484899999999998
2016-06-20,0.17858335331941613,0.23176280650686254,0.22582651674747467,0.09262468238301155,0.04811299999999996
2016-06-21,0.17796216882865773,0.23184095941065533,0.22586901485919952,0.09282759512512986,0.05448400000000003
2016-06-22,0.17864575176566758,0.23101603664585443,0.22473666071891785,0.11631083865972966,0.062857
2016-06-23,0.17833083796054403,0.22809369232358112,0.22048045694828033,0.08100719459315026,0.043061000000000016
2016-06-24,0.17524805395781579,0.24531704206414942,0.23549053072929382,0.17009415454185445,0.04555999999999999
2016-06-27,0.17300472877511888,0.2502806830515497,0.23570728302001953,0.20645797325313325,0.06016199999999999
2016-06-28,0.16992698937956222,0.24567675951734488,0.2389192134141922,0.11828880016011958,0.052839000000000025
2016-06-29,0.1683751542250232,0.24241059880010418,0.2340528517961502,0.08624537563682477,0.052703
2016-06-30,0.1731656366814038,0.24326421216336994,0.23602238297462463,0.057053419476456035,0.053645
2016-07-01,0.1753447089835937,0.24192941782103197,0.23579777777194977,0.055275550421547415,0.04817699999999997
2016-07-05,0.17289633536291432,0.2455953884793037,0.23894113302230835,0.10261024866998886,0.055506
2016-07-06,0.17503346530863137,0.24409161046364808,0.2370525598526001,0.09549482759779904,0.053561000000000025
2016-07-07,0.17298394516757137,0.25289361062573457,0.1759461611509323,0.09338969323929402,0.052993999999999986
2016-07-08,0.17285422005310627,0.2546915232421403,0.17751730978488922,0.046226048074850534,0.052622999999999975
2016-07-11,0.17332064746269432,0.24891707823300693,0.17530032992362976,0.03450870085472213,0.046707
2016-07-12,0.1734325950032928,0.2096036276393528,0.17685793340206146,0.027887550918659354,0.04535899999999998
2016-07-13,0.17413745768905806,0.24405333237676222,0.17740562558174133,0.027017253399694602,0.04009400000000002
2016-07-14,0.17352208890334997,0.21216738680259536,0.1761493980884552,0.041998077887304724,0.032852999999999966
2016-07-15,0.17308110254723738,0.21319949313902228,0.18970255553722382,0.002942094227713188,0.03528200000000001
2016-07-18,0.17598220476442086,0.21361637870548103,0.1912960410118103,-0.007966943728712539,0.03201599999999999
2016-07-19,0.17617847452027163,0.2209784096760176,0.19149816036224365,-0.008485967055843369,0.033260999999999985
2016-07-20,0.17594594869641092,0.25043558007741845,0.1936628371477127,-0.0007975427490916343,0.03379099999999999
2016-07-21,0.17607915279026268,0.25694438818599086,0.19682922959327698,0.013648233829858053,0.032971999999999974
2016-07-22,0.17642319279838536,0.2566542376892911,0.19626180827617645,0.0118536272666952,0.03689899999999999
2016-07-25,0.17655418735256048,0.25808616210961344,0.1959124207496643,0.01769421088938708,0.033816999999999986
2016-07-26,0.17652139015699142,0.2576031427484938,0.19853664934635162,0.021071559862792077,0.036555000000000004
2016-07-27,0.17614378817655324,0.2562400077417396,0.1938140094280243,0.022865547638957567,0.029152999999999984
2016-07-28,0.17614201160889337,0.25974215309093573,0.19166474044322968,0.03812516616227499,0.03240599999999999
2016-07-29,0.17651597819291326,0.2588678724144847,0.18572352826595306,0.04153872107837328,0.020006999999999997
2016-08-01,0.17814359794748996,0.26208491815150886,0.19331859052181244,0.050492371119996216,0.033593999999999985
2016-08-02,0.17495428977997518,0.261956636408502,0.19365063309669495,0.05767897119813001,0.03279899999999997
2016-08-03,0.1770102685213736,0.2604620234848306,0.19151441752910614,0.060838147518251756,0.035814999999999986
2016-08-04,0.177361960615967,0.26013169462946184,0.19287694990634918,0.06684420085493042,0.03142099999999998
2016-08-05,0.17781462001726886,0.24992596521900617,0.1904870867729187,0.05648873911086197,-0.035026999999999975
2016-08-08,0.17951910638105636,0.2234725096138001,0.18740838766098022,0.06124431962800761,0.030557999999999974
2016-08-09,0.1793635258177372,0.22342084500763842,0.18817326426506042,0.054032333027425966,0.034799
2016-08-10,0.18072408448046728,0.2588954421713277,0.18641456961631775,0.06070184420290611,0.02996700000000002
2016-08-11,0.18887700083620745,0.2221057809222651,0.18780365586280823,0.06173306653106067,0.03158200000000003
2016-08-12,0.19627453794113814,0.22353481979891934,0.18925291299819946,0.062145649308323114,0.03665399999999999
2016-08-15,0.20024324178224526,0.22398079536805612,0.18858681619167328,0.07266655813731165,0.037844000000000017
2016-08-16,0.202041152870119,0.22365835456421818,0.1894228756427765,0.0808318568444989,0.035525
2016-08-17,0.20407709713399866,0.2242565292110681,0.1895935833454132,0.08385271289741217,0.040677999999999964
2016-08-18,0.20434049158894121,0.22265605632578025,0.18881754577159882,0.08226566304324803,0.03803899999999999
2016-08-19,0.20696332883192017,0.22090952534509298,0.19131743907928467,0.07865869616121396,0.036938
2016-08-22,0.20765870113578155,0.22033803582392641,0.191063791513443,0.08198392260109527,0.035167000000000004
2016-08-23,0.20826340106050945,0.22059547656749318,0.19137714803218842,0.09522318848100042,0.026913999999999993
2016-08-24,0.20811063322846587,0.22069260509361918,0.17334769666194916,0.09849467879580825,0.039138000000000006
2016-08-25,0.20931122992169018,0.21998099478832275,0.16948118805885315,0.1104313090308445,0.039496
2016-08-26,0.20933070105961138,0.21539009016077795,0.1697898805141449,0.10029988658432923,0.008889000000000036
2016-08-29,0.20973421480155624,0.2184093551640547,0.16567496955394745,0.0826056279011298,0.03829400000000002
2016-08-30,0.21001367755621103,0.21888528123404408,0.16560709476470947,0.09132408722872748,0.04482699999999998
2016-08-31,0.20890210867574488,0.22081290180891056,0.16628281772136688,0.10298481285042987,0.039148000000000016
2016-09-01,0.20709334636085952,0.22070292432277677,0.1645737588405609,0.10834021351813738,0.03262700000000002
2016-09-02,0.20700582311208623,0.22031336667630758,0.1636742651462555,0.08075142612193026,0.03151700000000002
2016-09-06,0.20573185720365472,0.21716705830653632,0.15823674201965332,0.08201736682851482,0.032264000000000015
2016-09-07,0.20650195572719277,0.2182262022925815,0.15954840183258057,0.07621794920156402,0.03267399999999998
2016-09-08,0.20626658580080381,0.21062746064547502,0.16154229640960693,0.07422754483667207,0.027083999999999997
2016-09-09,0.20857299030922574,0.20689744802092916,0.1628282368183136,0.10828656463521946,0.03694799999999998
2016-09-12,0.2069827381445597,0.21086379778440617,0.16255328059196472,0.09109289210301655,0.046237
2016-09-13,0.20798896226480337,0.21294804493384592,0.16239625215530396,0.11882136929046261,0.05160300000000001
2016-09-14,0.2087377013327071,0.21162913832206312,0.1646336317062378,0.11948422338969927,0.051092000000000026
2016-09-15,0.2126697372921463,0.2097720250699256,0.16454647481441498,0.09949837735239703,0.03657199999999999
2016-09-16,0.21351757329051108,0.2358779440280076,0.16648492217063904,0.09698443341472163,0.04109799999999997
2016-09-19,0.21292423809855146,0.18157084613749336,0.165140300989151,0.09393887344036517,0.040968000000000004
2016-09-20,0.21312184657587718,0.1799720392149168,0.16520988941192627,0.0926608448911587,0.033631999999999995
2016-09-21,0.21123841435217575,0.17877910452562795,0.1617170125246048,0.07069512529892003,0.047004999999999963
2016-09-22,0.2113584138550905,0.17704468246574667,0.16174986958503723,0.06579765278351898,0.022013000000000005
2016-09-23,0.21087305338407025,0.17067513103576665,0.15982434153556824,0.05747523684924577,0.04253600000000002
2016-09-26,0.21039713711317548,0.16875381472541381,0.1614581197500229,0.09736743110877011,0.033019999999999994
2016-09-27,0.20794915859021265,0.16901713019736325,0.163659930229187,0.06620906027258808,0.03340000000000004
2016-09-28,0.20764804736935236,0.16765426545551135,0.16309112310409546,0.0607938527128879,0.04349799999999998
2016-09-29,0.20288283751505423,0.16843674875889625,0.167524054646492,0.07827462872972069,0.039659
2016-09-30,0.20011524240027043,0.1680384895333732,0.16777248680591583,0.05226236367152329,0.039024
2016-10-03,0.20203505696434815,0.16849636962197592,0.16657890379428864,0.061785771399329864,0.047182999999999975
2016-10-04,0.19962973476890733,0.16619987862022448,0.16540385782718658,0.05275237161510124,0.04474499999999998
2016-10-05,0.20141187241765085,0.18717985887365113,0.17347833514213562,0.0562064576583898,0.047295000000000004
2016-10-06,0.20118692372200664,0.18754862982969078,0.17002257704734802,0.05299734141369075,0.048359999999999986
2016-10-07,0.20151231886980497,0.1871641827140508,0.17222051322460175,0.05286908288242534,0.04086300000000001
2016-10-10,0.2019251294528082,0.1848670728461557,0.1708727478981018,0.05111422822508452,0.03766099999999997
2016-10-11,0.20086560526915687,0.18611870047252632,0.16944773495197296,0.06758727206530632,0.04693200000000003
2016-10-12,0.20183309662226917,0.18425244708660463,0.1692904233932495,0.07798911884264989,0.03913
2016-10-13,0.20073367877846962,0.18485893614103746,0.17103251814842224,0.07321713822959722,0.04779300000000003
2016-10-14,0.1992420427238131,0.18496993926822988,0.17023001611232758,0.04912055505133195,0.029098000000000013
2016-10-17,0.19979764075587322,0.1857839107576369,0.17027027904987335,0.033742010748681744,0.043593999999999994
2016-10-18,0.20073220312960272,0.18300053694779084,0.16828584671020508,0.018057482659978197,0.04437299999999997
2016-10-19,0.20102314049229364,0.1814863632637558,0.16658440232276917,0.006790115976570976,0.03082299999999999
2016-10-20,0.20105005639159054,0.18238466864742012,0.16782265901565552,0.009838184943244732,0.03526099999999999
2016-10-21,0.20322187258316982,0.18091268905771393,0.166543647646904,-0.0018139822046658038,0.03421099999999999
2016-10-24,0.20400108344996165,0.18070853122119018,0.16935792565345764,0.006225730403334739,0.03335199999999999
2016-10-25,0.20470821280270643,0.18113032836164256,0.16801592707633972,0.0006619098516493505,0.039076
2016-10-26,0.20473822412938095,0.1822117529197202,0.17026589810848236,0.01077168232063161,0.04189399999999999
2016-10-27,0.20531423040764926,0.1836832896980335,0.16947917640209198,0.01647398254778601,0.03556500000000001
2016-10-28,0.20551675466115327,0.18476562219114334,0.17082926630973816,0.043509492849913345,0.04106499999999999
2016-10-31,0.2063391185703164,0.19046302526191927,0.17596660554409027,0.0568046985842314,0.02416399999999999
2016-11-01,0.20461814497714345,0.1921598299531086,0.17667119204998016,0.0712033152939747,0.04595999999999997
2016-11-02,0.20583241767038943,0.19389126063796155,0.1766740381717682,0.08962045547609684,0.04567700000000002
2016-11-03,0.20553676520324024,0.19478035996664436,0.1770523637533188,0.1013899393518283,0.047706000000000026
2016-11-04,0.20391500500059168,0.19474877896109785,0.1769888997077942,0.09274551113782153,0.05313200000000001
2016-11-07,0.20411366681055376,0.1922764911390283,0.17641854286193848,0.061011999424379765,0.060354999999999964
2016-11-08,0.2041580681566997,0.19244767438798657,0.17689138650894165,0.054671889920996364,0.04654
2016-11-09,0.19678119170408773,0.1917776976873451,0.17768752574920654,0.04512703820897082,0.046263000000000026
2016-11-10,0.19088466500483292,0.19545080639127166,0.1808273047208786,0.04800937213743639,0.03795799999999999
2016-11-11,0.18817495441978915,0.1960077662884817,0.18482354283332825,0.04337760894514997,0.033362
2016-11-14,0.18732714507574882,0.19668058037692068,0.18644236028194427,0.07620659268665253,0.026697000000000026
2016-11-15,0.1855124877996017,0.193533677225868,0.18350091576576233,0.05367209920126839,0.03284900000000002
2016-11-16,0.18527017399973203,0.19574446022934217,0.187562495470047,0.04479011807096872,0.036819999999999964
2016-11-17,0.18181370011454742,0.19547386620429985,0.1882346123456955,0.02988653575646022,0.03375999999999996
2016-11-18,0.18157256094539678,0.19427584244733798,0.18579202890396118,0.012400816218709892,0.025277999999999995
2016-11-21,0.18106796632789665,0.1917318727123184,0.18282108008861542,-0.002494889143419443,0.02246300000000001
2016-11-22,0.1820648635812253,0.19007391940697646,0.17916643619537354,-0.007046139708865307,0.026441999999999993
2016-11-23,0.18127002298734235,0.189701123130436,0.17845390737056732,-0.016583498022894605,0.023234000000000005
2016-11-25,0.1812207373118694,0.18967614565217483,0.18077631294727325,-0.00909067171125702,0.026754000000000028
2016-11-28,0.18109686263863667,0.19003359442423287,0.18015563488006592,-0.004132884479136456,0.023475000000000024
2016-11-29,0.18157024427370552,0.18919280369887356,0.1808978170156479,0.0029988196515023102,0.02223
2016-11-30,0.18168177161258325,0.1877490196372023,0.1805322766304016,0.0015624547880954964,0.015675999999999995
2016-12-01,0.1804560829584401,0.18832910869095207,0.1811380833387375,0.020615774386268465,0.031131999999999993
2016-12-02,0.18056797358314808,0.18656657351488487,0.17979785799980164,0.00799504763327244,0.025089
2016-12-05,0.1825181965487632,0.18627870509474476,0.17990748584270477,-0.0005964404480054974,0.024890999999999996
2016-12-06,0.18161558533846994,0.18532894125742952,0.1792055368423462,0.0022030055346775046,0.018934000000000006
2016-12-07,0.1822935150004265,0.1854412888355747,0.18011899292469025,0.01238428884932083,0.023229000000000027
2016-12-08,0.17918313103935357,0.1874609609228477,0.17945535480976105,0.025625894822238704,0.025527999999999995
2016-12-09,0.17825209405114933,0.18693816054848056,0.1806677132844925,0.041667475399676135,0.025747999999999993
2016-12-12,0.17768686697747538,0.18612327084988997,0.18118764460086823,0.07007271701940426,0.023957000000000006
2016-12-13,0.17597769722930337,0.18423531552604736,0.18122921884059906,0.0729054547200643,0.021365999999999996
2016-12-14,0.17106663659386,0.18533895772680553,0.1812627762556076,0.07731693831782771,0.021060999999999996
2016-12-15,0.16995089979377911,0.1860153081704862,0.18170155584812164,0.07262212907683704,0.022550999999999988
2016-12-16,0.1721239489455157,0.18489342164368183,0.18096132576465607,0.048846625013911016,0.02605899999999997
2016-12-19,0.17461123931079928,0.18676622354640124,0.18180009722709656,0.06116982275767799,0.02013200000000001
2016-12-20,0.177023010809154,0.1879746971131107,0.17974869906902313,0.05695718392426674,0.03064799999999998
2016-12-21,0.177512063461526,0.1885819837588171,0.1798546463251114,0.0586492451996016,0.023568000000000033
2016-12-22,0.1803865818493716,0.1892829389521331,0.18086324632167816,0.06881411642406399,0.029850000000000015
2016-12-23,0.18196409264830957,0.18854925963474342,0.17792072892189026,0.062026125364741336,0.030406000000000016
2016-12-27,0.18222230158304342,0.18819248256157078,0.17823426425457,0.06697311523914448,0.028988999999999987
2016-12-28,0.1828490207887638,0.18894095550328013,0.17279790341854095,0.0881261312962261,0.026100000000000012
2016-12-29,0.1805977406736357,0.18740069308512167,0.17380015552043915,0.0829888727605548,0.018674999999999997
2016-12-30,0.1831860460248501,0.18772857725272618,0.17401635646820068,0.08815667443731606,0.024492000000000014
2017-01-03,0.18118299967954551,0.186847966120449,0.17251768708229065,0.0916315948905716,0.031750999999999974
2017-01-04,0.1826267644044763,0.18676490818121133,0.1695929765701294,0.08049977043247117,0.02841300000000002
2017-01-05,0.18169618891036407,0.17791662863462518,0.16728228330612183,0.07293567826219277,0.023704000000000003
2017-01-06,0.1814396343941023,0.17729119361386633,0.16851790249347687,0.06150028223736795,0.020112999999999992
2017-01-09,0.18154699778341551,0.178376888272136,0.1681315302848816,0.06844867310131691,0.015855000000000008
2017-01-10,0.1816855866646719,0.17703229945907298,0.16561681032180786,0.0867314126612494,-0.0032200000000000006
2017-01-11,0.18166407320861824,0.17840828780582657,0.16598942875862122,0.06475231210803267,0.017038000000000025
2017-01-12,0.18657628253525632,0.17880460127503386,0.16502970457077026,0.07780292974399786,0.013355000000000006
2017-01-13,0.18683257641461615,0.17882921561658233,0.1663488894701004,0.06910845924063624,0.014452999999999994
2017-01-17,0.18573989263115043,0.1693819626203932,0.1631508320569992,0.08179881197855218,-0.08455000000000001
2017-01-18,0.1859573077986202,0.1761296188692361,0.16328929364681244,0.06294295460331675,0.00967499999999999
2017-01-19,0.18635497251593594,0.17731404353420652,0.16370901465415955,0.058018500420250946,0.012584000000000012
2017-01-20,0.18576538990349806,0.1745915707523445,0.1604146510362625,0.042004966040823016,0.0065960000000000185
2017-01-23,0.1852615236822936,0.17596819319453938,0.16779465973377228,0.04530344784732643,0.0043199999999999905
2017-01-24,0.18326330767862314,0.17511584424973892,0.16860602796077728,0.04094747598006898,0.002022999999999997
2017-01-25,0.18302620656931157,0.1731683681756703,0.1684233695268631,0.036620245195395695,-0.0005620000000000069
2017-01-26,0.1830103943622388,0.1744914029927645,0.16676533222198486,0.025515516269288885,0.007781999999999983
2017-01-27,0.18266288465742284,0.17443124066127594,0.16626104712486267,0.017736696679126696,0.010607000000000005
2017-01-30,0.1824632704751206,0.17608512863274103,0.1690586358308792,0.030488858117335704,0.015095999999999998
2017-01-31,0.18035809426263097,0.17688722665723952,0.168714240193367,0.037303471052658105,0.014328000000000007
2017-02-01,0.1798329127268716,0.17438947318729406,0.16792678833007812,0.02389652363951958,0.0061169999999999836
2017-02-02,0.17925873420483004,0.1754116621445927,0.16823449730873108,0.03125368664700201,0.015019000000000005
2017-02-03,0.17739387110875482,0.17559413375014654,0.1678178906440735,0.019087351834149002,0.015906000000000003
2017-02-06,0.17612072831120773,0.17705990922304668,0.1662878543138504,0.018568028457663116,0.013686000000000004
2017-02-07,0.17630641854244303,0.17787955593804064,0.16611728072166443,0.015688721916634035,0.015591000000000022
2017-02-08,0.17626910636918067,0.179520986986577,0.16723212599754333,0.02417116352444315,0.015719999999999984
2017-02-09,0.17567271226047315,0.17817886920492937,0.16715969145298004,0.022589538812603227,-0.0022089999999999888
2017-02-10,0.17518778599658752,0.17774327263815773,0.1604495793581009,0.012030661024938077,0.00945299999999999
2017-02-13,0.17375266889930432,0.17776109184032013,0.16240043938159943,0.022075357058511047,0.0071139999999999814
2017-02-14,0.17260718296441935,0.17750856389409944,0.16418148577213287,0.017859919789141893,0.01738199999999998
2017-02-15,0.17629366890759635,0.17117968625140312,0.15276046097278595,0.0212174105895252,0.018192999999999987
2017-02-16,0.1788311561048728,0.17782480728328673,0.1611141413450241,0.01663313739106506,0.018547000000000008
2017-02-17,0.18109266300106133,0.17907042518225177,0.16106514632701874,0.010435069497127053,0.022327000000000014
2017-02-21,0.18172937539285428,0.17761643346478811,0.16225388646125793,0.023202853236751753,0.015849000000000002
2017-02-22,0.18239620388674774,0.17126640516838673,0.1545468270778656,0.026450866979789545,0.016868999999999995
2017-02-23,0.18250289244951703,0.17041378164026721,0.15223366022109985,0.026882904297496846,0.017321000000000003
2017-02-24,0.18193280745402987,0.1811361565581542,0.16200950741767883,0.028391358390371102,0.02082600000000001
2017-02-27,0.18174297489159572,0.17073929894977327,0.15134437382221222,0.03746607674662811,0.014869999999999994
2017-02-28,0.18161515459911828,0.17100699627277632,0.15351492166519165,0.04778441851166712,0.013401999999999997
2017-03-01,0.18365688762771043,0.16921278933677616,0.15205293893814087,0.03664778839610508,0.010908000000000001
2017-03-02,0.18374404495947066,0.17066110782226604,0.1533222198486328,0.04464989836876182,0.014614999999999989
2017-03-03,0.18470188376084187,0.17069892651341637,0.15187674760818481,0.03621041146229917,0.015982999999999997
2017-03-06,0.18533611557388563,0.17303373972658528,0.15362218022346497,0.04634173533903124,0.012050999999999978
2017-03-07,0.18480064509636684,0.17544942475324754,0.15366056561470032,0.0459058947249929,0.021236000000000005
2017-03-08,0.18326267773248917,0.18285819390221375,0.16108986735343933,0.055623732776741874,0.015064999999999995
2017-03-09,0.18630071290915187,0.1862770231448234,0.16514800488948822,0.0612990491400828,0.01611399999999999
2017-03-10,0.18637107039753023,0.1850140254720905,0.16498327255249023,0.042490092786874684,0.0028640000000000054
2017-03-13,0.1876614071023538,0.18711962935361307,0.16591286659240723,0.050854852348280466,0.009381
2017-03-14,0.188103668047246,0.189398107366406,0.1677446961402893,0.055297924403672316,0.0050060000000000104
2017-03-15,0.1887948116063582,0.18384843523122046,0.16604609787464142,0.05688000851375938,0.020533999999999997
2017-03-16,0.18945509564237345,0.18353963831528033,0.16541653871536255,0.051974449594310385,0.016575000000000006
2017-03-17,0.18878109823836092,0.18429048362252043,0.167197123169899,0.05623814859426299,0.013145000000000018
2017-03-20,0.18866544453535922,0.18478591891236026,0.16624198853969574,0.0639201901262767,0.0015040000000000053
2017-03-21,0.18625966025576474,0.18740526096188595,0.16368241608142853,0.06942519694484789,0.00011200000000000099
2017-03-22,0.18339868237760845,0.1925830782339787,0.1638106107711792,0.0645954334090659,0.019460000000000005
2017-03-23,0.18124805730919544,0.18288103069466452,0.1635991334915161,0.05979230483140399,-0.047068
2017-03-24,0.18088862360518435,0.19262520752864495,0.16599203646183014,0.0591131534803655,0.02965100000000001
2017-03-27,0.1787460440034642,0.19180223861756215,0.1633448302745819,0.05667815444126284,0.01928100000000002
2017-03-28,0.1777818299244753,0.19095433442694418,0.163723424077034,0.03741739894608129,0.024279999999999996
2017-03-29,0.17812378085559677,0.1886313806815626,0.16477960348129272,0.025499130198429254,0.018960000000000005
2017-03-30,0.17864218509332888,0.18242951126289395,0.16308191418647766,0.02829544127921732,0.001583000000000001
2017-03-31,0.17862486574342368,0.18463106469254445,0.16309936344623566,0.035159152212725364,0.014147999999999994
2017-04-03,0.17779380568159972,0.19025808930979843,0.16458579897880554,0.029593061358819367,0.017974000000000018
2017-04-04,0.17780849033170035,0.19006831511584157,0.16394834220409393,0.02870562343877045,0.02340600000000001
2017-04-05,0.1764469375218953,0.1887274756669451,0.1638345569372177,0.039448115570927145,0.017725999999999992
2017-04-06,0.17522511645382627,0.18549634514273172,0.17602628469467163,0.03775493585624903,0.021031999999999995
2017-04-07,0.1750555598647212,0.18340267675018612,0.17462418973445892,0.04294172349172892,0.003506000000000009
2017-04-10,0.17420464668087043,0.18665203666225116,0.1748015433549881,0.04700185696705303,0.03289199999999998
2017-04-11,0.17331821982426937,0.1881756024506215,0.17239636182785034,0.06096284742954172,0.03147500000000003
2017-04-12,0.17297348152754582,0.18706786259905,0.17070288956165314,0.06299676862332801,0.03372099999999997
2017-04-13,0.16841065677875888,0.18727286852585429,0.1715722531080246,0.04823467526758521,0.02052000000000001
2017-04-17,0.16731109214503906,0.18385547012107847,0.17332236468791962,0.005284104998955319,0.031365000000000004
2017-04-18,0.16700141996626935,0.18413473780007522,0.17307211458683014,0.014774481411203716,0.033527999999999974
2017-04-19,0.16552750995558949,0.18430225143072868,0.1731983721256256,0.008259420296695102,0.033320000000000016
2017-04-20,0.16404785365480035,0.18502209395741057,0.17482423782348633,0.00292890604916049,0.022312
2017-04-21,0.16387948073913833,0.1883050088440092,0.1726742684841156,0.022454195730484655,0.03040599999999999
2017-04-24,0.16360301027788612,0.17633174616756722,0.17106293141841888,-0.0023298210896483817,-0.06301999999999999
2017-04-25,0.16305830474890323,0.17690156910550311,0.17590099573135376,0.004750995607143038,0.012863000000000013
2017-04-26,0.16334450499304248,0.17677079563692796,0.172939270734787,0.00524723887908618,0.019984999999999975
2017-04-27,0.16412422938018262,0.17677857730581362,0.17249882221221924,0.0038246900787437532,0.021792000000000006
2017-04-28,0.16452812167590955,0.1744081467693742,0.16859115660190582,0.00189377130035423,0.002122999999999986
2017-05-01,0.16447086738540392,0.177265466290513,0.17450663447380066,0.011275330583107618,0.0024540000000000117
2017-05-02,0.1641892649983966,0.1811409110998906,0.16918331384658813,-0.0013757955916375852,0.023475999999999997
2017-05-03,0.16396854070176956,0.17752830087309782,0.17242178320884705,0.0026040200756012044,0.018874000000000002
2017-05-04,0.16426744596177217,0.18269079701982163,0.1689068228006363,0.0010880662658134532,0.01997199999999999
2017-05-05,0.16455231165711504,0.181058516883408,0.1690196543931961,0.0010624417460338709,0.021054000000000017
2017-05-08,0.1644907783436298,0.18148404762889592,0.1695743352174759,-0.00014591723086684882,0.021988000000000008
2017-05-09,0.16451101614645264,0.17749300562860762,0.17305037379264832,0.00421362286001975,0.021430999999999978
2017-05-10,0.1642338607653883,0.17799073334917098,0.172392800450325,0.005176687263255764,0.020560999999999996
2017-05-11,0.16349323639885163,0.1773335400906651,0.17295800149440765,0.011607403705661573,0.020568000000000003
2017-05-12,0.16379959388618823,0.17824558912293018,0.1700146347284317,0.005500441209502549,0.02224699999999999
2017-05-15,0.16385562037328288,0.1766718190524393,0.17084896564483643,0.02535921787151252,0.022494000000000014
2017-05-16,0.16393911133293915,0.17641489825948284,0.16943912208080292,0.024241533721548636,0.028383999999999993
2017-05-17,0.158863372160804,0.187636548509969,0.16849398612976074,0.05844172314255136,0.03908300000000001
2017-05-18,0.15632600581507225,0.18559703451868526,0.16773581504821777,0.05039253761538959,0.029726000000000002
2017-05-19,0.1548997020952108,0.17820259133837166,0.17252609133720398,0.02526934050399343,0.02576400000000001
2017-05-22,0.15466402051287245,0.1757731978294435,0.17167814075946808,0.013702348903878697,0.026907999999999987
2017-05-23,0.15292652915559699,0.1764271036981843,0.17245517671108246,0.015640615496437,0.020040000000000002
2017-05-24,0.15365661315228973,0.17659534137280145,0.17230606079101562,0.011956669895144323,0.02047199999999999
2017-05-25,0.15363820694191677,0.1766154256692882,0.17146794497966766,0.010130874449483629,0.019719000000000014
2017-05-26,0.15329995215275646,0.17556212067622995,0.1709195077419281,0.005749517798108172,0.019601000000000007
2017-05-30,0.15351837891990952,0.17722153203693752,0.17529070377349854,0.02064266919512353,0.023833999999999994
2017-05-31,0.1513188114774014,0.17693381127355692,0.17281700670719147,0.023513199255913775,0.02065900000000001
2017-06-01,0.15042023171610122,0.17525594137928593,0.17408229410648346,0.018098766521064402,0.021232
2017-06-02,0.14864360406440308,0.17439054289046405,0.17299744486808777,0.010220423162937975,0.021493000000000012
2017-06-05,0.14885300905525373,0.17422664864271314,0.17298872768878937,0.011566907605188331,0.023625000000000007
2017-06-06,0.14970799348374558,0.17475919196614315,0.17372813820838928,0.014886501012958103,0.022809999999999997
2017-06-07,0.14890307329909847,0.1760623844565025,0.1714145541191101,0.01623317709743402,0.019138000000000016
2017-06-08,0.14645268699080052,0.1756290934812739,0.17164437472820282,0.00921286006763275,0.016352000000000005
2017-06-09,0.146073048904072,0.17591934290277403,0.1689332127571106,0.013295896165071458,0.019428
2017-06-12,0.1452387842480323,0.1758689018877008,0.16796569526195526,0.010390846499920114,0.029109999999999997
2017-06-13,0.1454354709811122,0.1751766389652009,0.168587788939476,-0.0013193906190507587,0.03020400000000001
2017-06-14,0.14344870519438974,0.17761741674671014,0.1705605685710907,-0.003752424449602776,0.024417999999999995
2017-06-15,0.142229821485937,0.1798403251674182,0.17231838405132294,0.0004893648556835162,0.032419
2017-06-16,0.1421794416020887,0.17963240292267205,0.17252716422080994,-0.0031522077278650917,0.032387
2017-06-19,0.14379179369622905,0.17862068904859338,0.17166970670223236,0.01488395404797871,0.027608999999999995
2017-06-20,0.145479763911302,0.18080892441371,0.17346569895744324,0.029529273740678652,0.022002999999999995
2017-06-21,0.147292488245103,0.18964343666023725,0.17141491174697876,0.028749357943673698,0.027337
2017-06-22,0.1479184410579994,0.18946234308326865,0.17223148047924042,0.03746727930895902,0.02312
2017-06-23,0.14719489529890786,0.18903654293290698,0.17252914607524872,0.0325742981533543,0.027444999999999997
2017-06-26,0.1476267652565874,0.18833381277134453,0.1723039150238037,0.03130478798933556,0.026253
2017-06-27,0.14715753279908644,0.18006043820075548,0.17295671999454498,0.04104110220112084,0.025028999999999996
2017-06-28,0.14750719220212483,0.1784639080202439,0.1732933670282364,0.03920055057327021,0.022437999999999986
2017-06-29,0.14557123103971298,0.17593614329855117,0.16629301011562347,0.03818075886379732,0.032208000000000014
2017-06-30,0.14530457495147098,0.17561431113688133,0.1664615124464035,0.03139606789314314,0.03551499999999999
2017-07-03,0.1430516440368451,0.17552519676172262,0.16594497859477997,0.04447840408713952,0.02753
2017-07-05,0.1424918382250011,0.17611136788363138,0.16805119812488556,0.038632466986045444,0.03254400000000002
2017-07-06,0.1419588626958366,0.17797040957373494,0.1680062711238861,0.049116503681553514,0.030645000000000006
2017-07-07,0.1436147822525678,0.16334376152896612,0.15468020737171173,0.0376005523895612,0.028254
2017-07-10,0.14407482227094212,0.16735421802498449,0.1545303761959076,0.05193855706571887,0.026770000000000016
2017-07-11,0.14374211490427208,0.16842719587813085,0.1556878238916397,0.06418695018970355,0.02890999999999999
2017-07-12,0.14407081641588662,0.16654148637769253,0.156062051653862,0.059713630624675024,0.02571800000000002
2017-07-13,0.1440872836191726,0.15876396720500754,0.1457703560590744,0.06228196744499204,-0.007973999999999981
2017-07-14,0.14830459201741475,0.15671679554450224,0.14598000049591064,0.040755467682778906,0.016210000000000002
2017-07-17,0.1502691913992797,0.15524700346325263,0.14515864849090576,0.0326029563578743,0.024547999999999986
2017-07-18,0.15106976066555447,0.15442112356498539,0.1462864875793457,0.03271118013973798,0.026364
2017-07-19,0.15086084623193283,0.15200543011053214,0.14269044995307922,0.024963895251048557,0.023009
2017-07-20,0.15074174211512456,0.15421285240347513,0.14490462839603424,0.028970687346932117,0.022241999999999984
2017-07-21,0.1519360891673412,0.15194287756668126,0.14176195859909058,0.020356723679852612,0.022005999999999998
2017-07-24,0.1521144025958231,0.15128154139453603,0.14522725343704224,0.029150029376489917,0.01547900000000002
2017-07-25,0.15200269019312834,0.15116836731364122,0.1466444432735443,0.030643982828375937,0.017294000000000004
2017-07-26,0.15187993227943458,0.15045428141545306,0.14390939474105835,0.027186170382491298,0.020190000000000013
2017-07-27,0.15101512374241705,0.1528323794115151,0.14818759262561798,0.03038371141006449,0.02348799999999998
2017-07-28,0.1506528564730307,0.15213379182369371,0.14863653481006622,0.02685697904744999,0.010491
2017-07-31,0.15016815669766398,0.1520873703047627,0.14800335466861725,0.02987894803691088,0.017580000000000012
2017-08-01,0.14973941291885623,0.15114669943672818,0.1457320898771286,0.025604346907070724,0.004652000000000017
2017-08-02,0.1495111516029269,0.1513729246672195,0.14743025600910187,0.03170294822881742,0.015960000000000002
2017-08-03,0.14881273474694903,0.15261131221565036,0.14350131154060364,0.033079306836631545,0.024357000000000018
2017-08-04,0.15039568327656472,0.15355810770632766,0.14599889516830444,0.03680578213623645,0.017365999999999993
2017-08-07,0.15029740633293365,0.15290962549234052,0.14622464776039124,0.04195456602329756,0.0034190000000000054
2017-08-08,0.14968162582132877,0.1550565508775056,0.14705272018909454,0.04308422061451267,0.017758999999999997
2017-08-09,0.15174545665401648,0.16216560966563118,0.15331046283245087,0.04890493977636659,0.024028999999999995
2017-08-10,0.15243553885747382,0.1705555838555499,0.15789666771888733,0.07388990724535596,0.034055
2017-08-11,0.15305963894984934,0.17094690395625994,0.15923836827278137,0.07515803550216188,0.03841599999999998
2017-08-14,0.15303235312806868,0.16740704586159513,0.15790978074073792,0.05792072173129775,0.028286000000000006
2017-08-15,0.15227382406033507,0.16714575646603183,0.15984012186527252,0.057395269233774,0.025030999999999998
2017-08-16,0.15185642346317488,0.16437980260617346,0.1600848287343979,0.05151613094110963,0.03310199999999999
2017-08-17,0.15474523178385333,0.16684632659522639,0.1612655371427536,0.07641243550141247,0.03689100000000001
2017-08-18,0.15341138176085842,0.16558891974795872,0.16101889312267303,0.06380008740452464,0.030600000000000016
2017-08-21,0.1535966419112019,0.16542279423476328,0.1603502631187439,0.05255316158926668,0.03304199999999999
2017-08-22,0.1545090237819635,0.16412973556314767,0.1607719212770462,0.041883805266715535,0.031168
2017-08-23,0.15324471479182383,0.16411138726539254,0.15904836356639862,0.03971735632822063,0.028999999999999998
2017-08-24,0.15292837530617764,0.16470051827169685,0.15817582607269287,0.04311416903466872,0.033410999999999996
2017-08-25,0.15273795612712288,0.16208601110089452,0.15798847377300262,0.04981559382374123,0.021670999999999996
2017-08-28,0.15307440708699824,0.16291175430285054,0.15756399929523468,0.0453578926917331,0.03365299999999999
2017-08-29,0.15673776456830016,0.16362222397623677,0.15766318142414093,0.05163802099361253,0.031277
2017-08-30,0.1591710491725448,0.1622524487068311,0.15736058354377747,0.05413612162822112,0.02998999999999999
2017-08-31,0.1620021174017398,0.16099330568267445,0.1578921377658844,0.052637929637604414,0.033916
2017-09-01,0.16731055254604515,0.15878262446779176,0.15796683728694916,0.048448974209561735,0.007951000000000014
2017-09-05,0.16750879620152895,0.1655740922184269,0.15888403356075287,0.07857791812432488,0.03945000000000001
2017-09-06,0.1678383562003797,0.16138625993530262,0.15922114253044128,0.07293048123175164,0.024973999999999996
2017-09-07,0.16708270096056835,0.16319809611857772,0.15894541144371033,0.07581063336065083,0.032832
2017-09-08,0.16650311230805234,0.1640779467880404,0.15818320214748383,0.07146705535500558,0.032915
2017-09-11,0.16521231654288204,0.16124694000522147,0.15795138478279114,0.04674350283543574,0.027683999999999986
2017-09-12,0.16414809172820796,0.16059262805822658,0.15693789720535278,0.04272261193792462,0.028097999999999984
2017-09-13,0.16486426139376625,0.15618697810566837,0.14995324611663818,0.03440040039456371,0.02849399999999999
2017-09-14,0.16566365329001045,0.15427815711566273,0.14767657220363617,0.03810005056253726,0.02543200000000001
2017-09-15,0.16690182307960497,0.15379915560501997,0.14673134684562683,0.0380882178407444,0.028211000000000014
2017-09-18,0.1656899678807443,0.1541647993513587,0.14866647124290466,0.042426443643601375,0.028969999999999996
2017-09-19,0.164457550483563,0.1724454715909887,0.15105311572551727,0.053937832453363865,0.026309
2017-09-20,0.1629791328465363,0.17227459883249555,0.1507415473461151,0.04721534013187592,0.024234000000000006
2017-09-21,0.16296655161785495,0.17153616678624445,0.15045922994613647,0.03366262463065009,0.027684999999999987
2017-09-22,0.1633347622124941,0.17193288333837,0.15243075788021088,0.033417473471060194,0.02715100000000001
2017-09-25,0.16255656316363296,0.17275565185663713,0.15347515046596527,0.04041330261352277,0.032249
2017-09-26,0.16339056136828908,0.17350206262134302,0.15286028385162354,0.036811657824324384,0.028111000000000025
2017-09-27,0.162386415221861,0.17448031540435852,0.15435628592967987,0.04575881898127926,0.024127999999999983
2017-09-28,0.16165290066755283,0.1766377079944355,0.15742918848991394,0.03498250950594725,0.025540000000000007
2017-09-29,0.16176481204483553,0.1758448642705387,0.15744304656982422,0.03009669532481629,0.02297099999999999
2017-10-02,0.1621861760357379,0.17678430776225648,0.15499819815158844,0.030590018822754972,0.023967000000000016
2017-10-03,0.1624943839390706,0.17742384645430373,0.1572224497795105,0.03853488540255559,0.023743999999999987
2017-10-04,0.16385311833441932,0.17780911953808654,0.15774986147880554,0.04330832394540246,0.025313000000000002
2017-10-05,0.16205414444894514,0.1650226551311796,0.16141733527183533,0.044340622799366014,0.018564999999999998
2017-10-06,0.16172613430511668,0.16684102589167904,0.1595291793346405,0.0481686515512989,0.015313999999999994
2017-10-09,0.16274868159043515,0.16636758612347016,0.16167643666267395,0.055333094034514946,0.017012
2017-10-10,0.162776000192955,0.16678418052888433,0.15878869593143463,0.051280213021490106,0.015729999999999994
2017-10-11,0.16297331972447787,0.1676731742536558,0.1585727334022522,0.05581091860354953,0.013779999999999987
2017-10-12,0.15722523572416547,0.16438966681163,0.15542031824588776,0.02756436178823765,0.005306000000000005
2017-10-13,0.15723375646652346,0.16568018815259364,0.15475313365459442,0.008075246615710435,0.009830000000000005
2017-10-16,0.15791133340117203,0.1658304130100426,0.15616625547409058,0.005764042523560969,0.01044500000000001
2017-10-17,0.15763354647010708,0.1647414259164899,0.15524742007255554,0.010025959810573165,0.00018300000000001648
2017-10-18,0.15761662482895442,0.1652229325864847,0.1553347408771515,0.012443767075389911,0.006272
2017-10-19,0.15668664303493682,0.16258749526404584,0.15537218749523163,0.008029726393167375,-0.024341
2017-10-20,0.15703721314985963,0.16529392731691633,0.15478043258190155,0.009207855059395725,0.012562000000000018
2017-10-23,0.15756526927146922,0.16673473979827663,0.15641139447689056,0.015605196520090792,0.013620000000000021
2017-10-24,0.1576952214074074,0.1661771712641809,0.15711262822151184,0.02693905366963434,0.010737999999999998
2017-10-25,0.15727853394222788,0.16767115979840252,0.15657280385494232,0.02628557052856864,0.01286000000000001
2017-10-26,0.1575230302584828,0.16853190409967206,0.15626995265483856,0.031904499780107454,0.006509000000000015
2017-10-27,0.1573113647665278,0.16702981175748088,0.15493841469287872,0.02420648729823427,0.013010000000000022
2017-10-30,0.15837995831036436,0.1658183626137613,0.15615594387054443,0.03714196029625097,0.008577000000000001
2017-10-31,0.15824190519836853,0.16556718552208946,0.155355304479599,0.03622533923397764,0.010929999999999995
2017-11-01,0.16044820328730627,0.16416293636595225,0.15821000933647156,0.036989103097747,-0.028065000000000007
2017-11-02,0.1808776802559956,0.16476420529733968,0.15507763624191284,0.033520838063101105,0.006025000000000003
2017-11-03,0.1886025735016857,0.1641571573497654,0.1560807228088379,0.026660285432029807,0.011878
2017-11-06,0.19075256012399613,0.1641250192953552,0.1540212333202362,0.028893732237325026,0.006022
2017-11-07,0.19270276837442887,0.15772460915141892,0.15182039141654968,0.030993031660734083,-0.039907000000000026
2017-11-08,0.20165402663112694,0.16738320760868042,0.15649063885211945,0.0306590451959656,0.014286999999999994
2017-11-09,0.2024081446983243,0.17022988526643806,0.15921153128147125,0.034545632375988455,0.015855000000000008
2017-11-10,0.20278054228655995,0.16092419099134458,0.1570158451795578,0.04504617812681691,0.020288
2017-11-13,0.204446832100092,0.1600160939670932,0.1565818190574646,0.05311012338565185,-0.00891599999999998
2017-11-14,0.20481826123864735,0.1668571153272797,0.15867997705936432,0.05458431354280949,0.018793000000000004
2017-11-15,0.2021236986731607,0.1694150533488873,0.15944664180278778,0.06446788171108295,-0.019983
2017-11-16,0.2027173197493235,0.1621382483516479,0.15958118438720703,0.04784656134054477,0.015029999999999988
2017-11-17,0.20508460599952572,0.15869717031893896,0.15733517706394196,0.04294326060806364,-0.01036999999999999
2017-11-20,0.20547034510269246,0.15664448923265317,0.15772756934165955,0.033242744815959985,0.003915000000000002
2017-11-21,0.20574008392347135,0.15351472774465533,0.15232308208942413,0.027171254850689552,-0.015222000000000013
2017-11-22,0.2057667801519505,0.15523935847092893,0.15372800827026367,0.036107522735126435,0.006621999999999989
2017-11-24,0.20668995485681235,0.1558647078500337,0.15438202023506165,0.058150864161838206,0.007465999999999973
2017-11-27,0.20745665371764954,0.15449475363368362,0.1543302685022354,0.03399398080936325,0.02191499999999999
2017-11-28,0.20774578872260277,0.1584110179764383,0.16310621798038483,0.04135890074479229,0.014901000000000025
2017-11-29,0.20886752145118237,0.1629484397397582,0.16051331162452698,0.04713373084700298,0.017947999999999992
2017-11-30,0.20956318662900014,0.15770089813121474,0.1614929735660553,0.039731691333007385,0.004084000000000004
2017-12-01,0.20523480641199154,0.15714595999932268,0.16148385405540466,0.019235842909342132,0.013564999999999994
2017-12-04,0.2048108299496409,0.15455833963157684,0.15931619703769684,0.027631805688815264,0.025676000000000004
2017-12-05,0.2050431099797739,0.16006439902329306,0.16284434497356415,0.01985847430973378,0.06784599999999999
2017-12-06,0.20556682314432306,0.15680095607042768,0.1596609652042389,0.024141032186228456,0.04775200000000002
2017-12-07,0.20516515304498276,0.15307152097099858,0.15956513583660126,0.010504214596026268,0.01475499999999999
2017-12-08,0.20640516628442332,0.1517405396588914,0.1607261300086975,0.0036890649877687476,0.01041700000000001
2017-12-11,0.20734729810575042,0.15056688325371478,0.16148672997951508,0.0055143122569054626,0.014151000000000025
2017-12-12,0.20652860268453868,0.15040546383585515,0.15930145978927612,0.014767506177082307,0.012286999999999992
2017-12-13,0.20641823966160944,0.15004771314580412,0.15929299592971802,-0.0007532924458629742,0.006786000000000014
2017-12-14,0.2070732334101822,0.1514071270807434,0.15942202508449554,0.008478394200526124,0.011157
2017-12-15,0.20706735151995617,0.1506032913861081,0.15888912975788116,0.009353944176702766,-0.0005210000000000214
2017-12-18,0.20892205328319927,0.16033347838976028,0.16151520609855652,0.02495512140201747,0.010901999999999995
2017-12-19,0.21174952904950767,0.16059440814137232,0.1611839234828949,0.024010359475388043,0.004093000000000013
2017-12-20,0.2151916124719166,0.15940788940089182,0.16143697500228882,0.02020410455284849,-0.005530000000000007
2017-12-21,0.21711059022639803,0.15626929313691637,0.16100066900253296,0.01852852407960845,0.024031999999999998
2017-12-22,0.22232228401080373,0.15787148909112553,0.16282708942890167,0.017604078011518948,0.002021999999999996
2017-12-26,0.22340040389565388,0.1612172166250254,0.16277925670146942,0.021969410162058417,-0.0070169999999999955
2017-12-27,0.22685655648582814,0.1583424102342382,0.1631951779127121,0.02069184712852218,0.01366500000000001
2017-12-28,0.23240986883710135,0.1570100312811138,0.1567533165216446,0.029957751009201616,0.01098099999999999
2017-12-29,0.233412003693014,0.1568229649098458,0.15417107939720154,0.045862899624615594,-0.008534999999999987
2018-01-02,0.23517563095551264,0.15854246819625187,0.1552392542362213,0.04822384952366801,0.009275999999999979
2018-01-03,0.23545760336384222,0.15801216766659465,0.1549711972475052,0.06855029308224794,0.008985999999999994
2018-01-04,0.23839454946265062,0.1576786648130492,0.15328218042850494,0.0705999031734999,0.009860000000000008
2018-01-05,0.24112325555038713,0.16835384709561518,0.15754371881484985,0.06513058784196601,0.013471999999999984
2018-01-08,0.24130567208700798,0.17221140920796765,0.15697427093982697,0.08081341890520302,0.012480000000000019
2018-01-09,0.2412000766591119,0.17270816342197207,0.15747253596782684,0.09013702954212233,0.008088000000000012
2018-01-10,0.24220533912687187,0.17171571811552552,0.15734350681304932,0.07858683154819604,0.014523999999999981
2018-01-11,0.24883564364415586,0.17106123084233288,0.15986350178718567,0.07737623453610981,0.012893999999999989
2018-01-12,0.24971235246626447,0.16810805929124675,0.15942929685115814,0.06914917697518952,0.007165000000000005
2018-01-16,0.24932067918535875,0.16746219902334591,0.15882211923599243,0.06073917604539433,0.010920999999999986
2018-01-17,0.24929528727943032,0.16652240460694717,0.15915529429912567,0.05282375453239027,0.013327000000000006
2018-01-18,0.2500601760594196,0.16648979808799505,0.15816698968410492,0.04590963161632031,0.0006309999999999927
2018-01-19,0.25059951786141405,0.16614780825412376,0.15835390985012054,0.03648397035143294,0.011229000000000017
2018-01-22,0.2506406942164867,0.16455507836168692,0.15799497067928314,0.033395360098242566,0.014991000000000004
2018-01-23,0.25387691677691077,0.16461226729301073,0.15984676778316498,0.039344387825695076,0.0072249999999999814
2018-01-24,0.2555200746676891,0.16533039508475278,0.1582081913948059,0.048285024777317304,0.0024909999999999932
2018-01-25,0.2551295062578529,0.1651383723134382,0.15801376104354858,0.039482622198347805,0.003694000000000003
2018-01-26,0.2548493748810966,0.16439004134433902,0.15854789316654205,0.0417529078590147,0.008144999999999986
2018-01-29,0.2553284498839529,0.1669540052151255,0.1591804176568985,0.055800377538822415,0.009714
2018-01-30,0.2555269214090038,0.16935657716050925,0.15908212959766388,0.06804125082452467,0.0008429999999999827
2018-01-31,0.2560114206831991,0.1684138435068794,0.15778128802776337,0.05635490343413435,0.007662000000000002
2018-02-01,0.2580894049465488,0.1686969237706824,0.15865068137645721,0.05335941815091724,0.011714000000000002
2018-02-02,0.25728339953174006,0.18816878443058715,0.1600617915391922,0.06967822997913964,0.01768
2018-02-05,0.24218714985300896,0.17120454693602521,0.15245625376701355,0.10018192958246883,-0.07238299999999998
2018-02-06,0.23841284425113207,0.1701476317779993,0.15549302101135254,0.03912211358358969,-0.023102999999999985
2018-02-07,0.23709036925980798,0.17210914010665818,0.15340577065944672,0.023055459525011646,0.005091999999999985
2018-02-08,0.23519491704559206,0.17573899428787332,0.15558993816375732,0.06918192952560556,0.02734399999999998
2018-02-09,0.22706828350408614,0.180026581212491,0.15879030525684357,0.04510055287876319,0.085845
2018-02-12,0.2257385144860423,0.17687040006267904,0.1549597531557083,-0.0027968350000454056,0.06667400000000001
2018-02-13,0.2253217447964445,0.1758217089123917,0.15696047246456146,-0.021311670259540255,0.05133399999999999
2018-02-14,0.22410307929077294,0.17615573981589808,0.1549956202507019,-0.04836159936430079,0.039576
2018-02-15,0.22405413660105464,0.1704900129320581,0.15518875420093536,-0.04827386921168411,0.03823500000000002
2018-02-16,0.22428517968303602,0.16837308751546215,0.15368865430355072,-0.05064011177293731,0.027296999999999988
2018-02-20,0.22356907317201752,0.16976467753382896,0.15364447236061096,-0.05382846266885352,0.0408
2018-02-21,0.22190252480137226,0.1718926170441161,0.15240563452243805,-0.050593678362923805,0.03204299999999999
2018-02-22,0.22255930023314532,0.17156854186495457,0.1548527330160141,-0.04945472943851453,0.020489000000000007
2018-02-23,0.22377302641448787,0.169458713753416,0.15399549901485443,-0.06811668172121382,0.011079000000000006
2018-02-26,0.22341934723023046,0.16983125794246887,0.15328149497509003,-0.08055465825089492,0.031059000000000003
2018-02-27,0.22623031974052532,0.16866760211697626,0.1516694873571396,-0.05883223910969021,0.011612999999999984
2018-02-28,0.2253338193689996,0.1688778945910196,0.1513185203075409,-0.049424367795056295,0.009964
2018-03-01,0.22287256310940817,0.17086026041818664,0.1539643406867981,-0.04587758631458658,0.024990000000000012
2018-03-02,0.22053850774086947,0.1710718900022278,0.15471026301383972,-0.058524771490732486,0.031865000000000004
2018-03-05,0.2181078306094932,0.1702008440780268,0.15359151363372803,-0.0686799225683336,0.022114999999999996
2018-03-06,0.21764947916602817,0.16773096342002478,0.15370681881904602,-0.0699035086726833,0.035842999999999986
2018-03-07,0.21769049602679966,0.16559736545035808,0.15491046011447906,-0.027979276026253885,0.004794999999999994
2018-03-08,0.21752727272007696,0.1663917202060993,0.15406779944896698,-0.017873151460210568,0.010747000000000007
2018-03-09,0.21630260322091005,0.16585886379614811,0.153523787856102,-0.03569010999731154,0.01319999999999999
2018-03-12,0.21668779111033867,0.16570717356343895,0.15401096642017365,-0.006364520345827962,0.01086100000000001
2018-03-13,0.21608886864277999,0.16655033949430467,0.15506449341773987,0.02049386546372836,0.021286000000000027
2018-03-14,0.21614646104710591,0.16714969820127284,0.15509474277496338,0.027528706010632564,0.009219000000000033
2018-03-15,0.21693020921853345,0.1686693913280274,0.15468864142894745,0.03089181531628435,0.03547700000000001
2018-03-16,0.21817266928707038,0.1652523440964293,0.15483811497688293,0.01650093183068735,-0.012533000000000016
2018-03-19,0.2177396561459174,0.16770742939625313,0.1643291711807251,0.04270380054655401,-0.0013299999999999979
2018-03-20,0.21767983897542273,0.1695444922870199,0.15392957627773285,0.04423903998140635,0.007749999999999979
2018-03-21,0.2161505066446815,0.16694404674663088,0.16444890201091766,0.04383117934528527,0.01463399999999998
2018-03-22,0.21458896480924627,0.16830971554171703,0.16348588466644287,0.10283633696289138,-0.0017879999999999563
2018-03-23,0.21090407054452223,0.17132359429351152,0.1627160757780075,0.10919669961283032,0.013927999999999996
2018-03-26,0.20998012638012464,0.16928487338928672,0.16256999969482422,0.06107126427422377,0.015031000000000017
2018-03-27,0.20926659839428452,0.17185295806432377,0.163554847240448,0.052915960646601506,0.036302
2018-03-28,0.21132327316605926,0.17164311598752136,0.16352607309818268,0.06200178196685474,0.02384699999999995
2018-03-29,0.20938135247602885,0.16233048476367282,0.16435633599758148,0.17090125600276806,-0.08363499999999996
2018-04-02,0.20595262627506655,0.1678602532061309,0.16155977547168732,0.04937992283392584,0.04049799999999998
2018-04-03,0.20535834129551364,0.16640878912110504,0.15978801250457764,0.04272906820520836,0.01651999999999998
2018-04-04,0.2035066424087367,0.16652029360977263,0.1592250019311905,0.03300411723204058,0.020226999999999995
2018-04-05,0.20309941446965138,0.1669981305001378,0.16071461141109467,0.02974567411759746,0.03634999999999999
2018-04-06,0.19955248066457157,0.16758944366101297,0.1602674424648285,0.042454664246657836,0.04300100000000001
2018-04-09,0.1966263475502388,0.196762170212593,0.17793403565883636,0.03600893797501492,0.02837400000000001
2018-04-10,0.19722098901638196,0.19679162745495496,0.17814452946186066,0.02066103805649866,0.028559
2018-04-11,0.1965085757901379,0.19544031627673322,0.17668242752552032,0.04691500618058109,-0.0023050000000000015
2018-04-12,0.1949863977765956,0.19589702249247937,0.17736215889453888,0.009629277367617817,0.023704000000000003
2018-04-13,0.1900547927809593,0.1963242870145204,0.17730535566806793,-0.050995637935966454,0.04073300000000002
2018-04-16,0.1910545360106805,0.194817619701349,0.18098825216293335,-0.04773023866951068,0.01405300000000001
2018-04-17,0.19071274195234156,0.19541756955782913,0.1821359544992447,-0.0631435654780389,0.024114999999999998
2018-04-18,0.1896438435226143,0.19512944135994337,0.181360125541687,-0.055131343697838536,0.02224899999999999
2018-04-19,0.18924321114466644,0.19404464471264335,0.1825220137834549,-0.05879967798359628,-0.016183000000000003
2018-04-20,0.18911914010289613,0.19642799041498235,0.18271008133888245,-0.057699934224363675,0.030506000000000005
2018-04-23,0.18985182044595494,0.19678738485659272,0.18024997413158417,-0.05100114187914423,0.02982599999999999
2018-04-24,0.1858775237927646,0.19693754938357763,0.17915327847003937,-0.042302255345029266,0.03289400000000001
2018-04-25,0.18322606300588834,0.20027316364540892,0.17727124691009521,-0.04161311614993726,0.03633799999999998
2018-04-26,0.1830138644042773,0.19624084745810966,0.17524535953998566,-0.04520771862195877,0.007904999999999995
2018-04-27,0.1828324715857439,0.1942832174561201,0.17502868175506592,-0.04526202795871853,0.018921999999999994
2018-04-30,0.18241314674721998,0.19531602486331331,0.17603394389152527,-0.041085579390261445,-0.006943000000000005
2018-05-01,0.18202225460714322,0.19653271956756205,0.17907413840293884,-0.03909177743301742,0.026898000000000005
2018-05-02,0.18130657082696539,0.1975981161250253,0.1798536479473114,-0.0372035553545077,0.022349000000000008
2018-05-03,0.1785619957437146,0.1980874779118966,0.17940616607666016,-0.03600487518020434,0.02257200000000001
2018-05-04,0.17774694059871776,0.19644543581873491,0.17756997048854828,-0.041689956414471346,0.016500999999999988
2018-05-07,0.17797472414675897,0.19566334547211794,0.17750117182731628,-0.01585002268483507,0.019023000000000012
2018-05-08,0.17500201279701022,0.18925666392976853,0.1769179403781891,-0.02438954706607005,0.01807600000000001
2018-05-09,0.17468394277378724,0.1911090164393594,0.17789854109287262,-0.027884727475093685,0.017184000000000005
2018-05-10,0.17347981530031914,0.192256087231666,0.17747537791728973,-0.04059582388022623,0.016790000000000027
2018-05-11,0.17395037208264014,0.19364737604321677,0.17568489909172058,-0.040681375435976136,0.011964000000000002
2018-05-14,0.17434813000005342,0.19295729723450683,0.17355182766914368,-0.016701320353817967,0.018749000000000016
2018-05-15,0.17451104915873902,0.19797148298387374,0.17495015263557434,-0.007849908300244152,0.022770000000000012
2018-05-16,0.17561768516610154,0.19785925060170034,0.1729399561882019,-0.007324966246607473,0.023284
2018-05-17,0.17520498333871284,0.19006813602793718,0.17150260508060455,-0.006133972234126234,0.024665999999999993
2018-05-18,0.1747616032642203,0.18817521528110845,0.16874666512012482,0.009997823341449746,0.01924199999999998
2018-05-21,0.17542957482186747,0.1879822646149905,0.17001864314079285,0.0013992683162983022,0.02121300000000001
2018-05-22,0.17488506448172278,0.18716830901677178,0.1709282547235489,0.00080185766316207,0.015646999999999994
2018-05-23,0.17272922404724292,0.18790935258263322,0.1693802922964096,0.009305641294546446,0.02681599999999998
2018-05-24,0.170939937611874,0.1855403731782603,0.16892744600772858,0.015191814174803364,0.014944999999999986
2018-05-25,0.171175265876164,0.18583880254251453,0.1690519005060196,0.017421949708981477,0.02219299999999999
2018-05-29,0.16794371778983697,0.18796539926609757,0.17389822006225586,0.04811989035668754,0.01993700000000001
2018-05-30,0.1675276362145516,0.19106632425285536,0.173727348446846,0.025484765339649745,0.021593
2018-05-31,0.16630952279532812,0.18758044203941637,0.17383970320224762,0.03988444462540908,0.0063580000000000025
2018-06-01,0.16605541105576418,0.18942533515127044,0.17409063875675201,0.020681948558298774,0.020791000000000004
2018-06-04,0.16583234586355278,0.19045993304636885,0.173460453748703,0.02712481317063306,0.01768
2018-06-05,0.16698769170582342,0.1902112307696267,0.17517562210559845,0.03156428307012166,0.017552000000000012
2018-06-06,0.1662424996272837,0.19006219090833892,0.17398692667484283,0.036795713184426565,0.01478299999999999
2018-06-07,0.16618139591708256,0.1892064795997555,0.17389535903930664,0.03744930885013578,0.013385000000000008
2018-06-08,0.1662955832523509,0.18764260945169828,0.17178475856781006,0.029984542586156043,0.019119999999999998
2018-06-11,0.1658376736725259,0.18798158138956747,0.1726948618888855,0.05192431646511678,0.004618999999999984
2018-06-12,0.1653738960370594,0.18854903921179975,0.17335744202136993,0.046270575469334,0.014561999999999992
2018-06-13,0.16518115158855243,0.18796345726277844,0.17322608828544617,0.04786644147276328,0.011106000000000005
2018-06-14,0.16632037056575014,0.186409948061715,0.172848179936409,0.0455196944821141,-0.0016210000000000113
2018-06-15,0.16419561926727383,0.19003956942617295,0.1733466386795044,0.036641707750961205,0.005711999999999995
2018-06-18,0.1637432810016166,0.18919799603020213,0.1730787754058838,0.044254850492432884,0.010266999999999998
2018-06-19,0.164249838295024,0.1915365711300232,0.1731933355331421,0.05389422526179999,0.005303999999999975
2018-06-20,0.1669119681293323,0.18993670093050002,0.17134416103363037,0.07200648032848703,0.007189000000000001
2018-06-21,0.16511384275634172,0.1897675210819521,0.17379331588745117,0.06316856940405721,0.022409999999999985
2018-06-22,0.16553925225292881,0.1884491007468476,0.17316320538520813,0.06488849076718109,0.02122300000000002
2018-06-25,0.16556502265759337,0.18464287169876825,0.1737131029367447,0.08274851792067622,0.017710999999999977
2018-06-26,0.15944165407654398,0.18526400355182376,0.1753564178943634,0.07247745068936814,0.0048900000000000055
2018-06-27,0.1556812537505724,0.186380620007785,0.17524617910385132,0.08727088471945771,0.011348999999999998
2018-06-28,0.15483899601686202,0.17202221918818297,0.17446735501289368,0.066938740831602,0.02737400000000001
2018-06-29,0.15210516613105143,0.19573316005417782,0.17605435848236084,0.07061219230308657,0.011031000000000013
2018-07-02,0.15235382254674082,0.19651828621331838,0.1768544614315033,0.03720320536930283,0.030155000000000015
2018-07-03,0.15261519087753578,0.1957364345033752,0.1777002513408661,0.045607388808275945,0.03268400000000002
2018-07-05,0.15289115791819344,0.19415997239288713,0.17527663707733154,0.044637996393793816,0.024388999999999994
2018-07-06,0.15546646368623973,0.19379795374146475,0.176484614610672,0.020933192495252356,0.02668000000000001
2018-07-09,0.15540314787779014,0.17284281556414763,0.15968987345695496,0.024869468566430936,0.023535
2018-07-10,0.15563312485779443,0.1727775281582592,0.1583239734172821,0.03257036337508415,0.02405299999999999
2018-07-11,0.15711837476344606,0.17182726818741492,0.15775105357170105,0.03918009251640736,0.019488000000000005
2018-07-12,0.1608100340408294,0.16844301424390415,0.15516944229602814,0.03784797742299542,0.02371100000000001
2018-07-13,0.1620267607513481,0.16597359875119239,0.15736299753189087,-0.01981774385185245,0.021087999999999996
2018-07-16,0.16833850579519624,0.16800683727612692,0.16095778346061707,-0.023564336223453275,0.045069
2018-07-17,0.16873538909739624,0.1675888293122545,0.1589260697364807,-0.018177666286798788,0.023753999999999997
2018-07-18,0.16870124785770718,0.1665225360636428,0.1588285267353058,-0.02450199886185278,0.02168400000000001
2018-07-19,0.17122720508022538,0.16890470517395192,0.16327433288097382,-0.0199500654612699,0.025150000000000006
2018-07-20,0.174057140746445,0.1709670298969099,0.16346949338912964,-0.03227045390055516,0.018572000000000005
2018-07-23,0.17502678576721942,0.17362932701824904,0.16908004879951477,-0.022279660904076848,0.020501999999999992
2018-07-24,0.1773755430088022,0.17417739131699672,0.16619467735290527,-0.025233770860549926,0.017108999999999985
2018-07-25,0.18554750528918493,0.17453011322517822,0.1636960506439209,-0.029611045952970705,0.022437999999999986
2018-07-26,0.18692641577666116,0.17381919002447158,0.16782613098621368,-0.010203572413417822,0.022818999999999978
2018-07-27,0.18825211374719125,0.1738800060938485,0.16470330953598022,-0.000568107451444283,0.024465999999999988
2018-07-30,0.19054680621927872,0.17322604247675977,0.16825465857982635,0.021069546720120513,0.01877200000000001
2018-07-31,0.19426192210053617,0.17235122810745665,0.16476115584373474,0.029057549285112644,0.014936999999999978
2018-08-01,0.19552181847325747,0.1725116356082366,0.1681501716375351,0.020635427120800354,0.017487000000000003
2018-08-02,0.19692836881135253,0.17260400451697,0.165789395570755,0.01946498001306518,0.01010999999999998
2018-08-03,0.19820818592405817,0.17398932558826471,0.16451433300971985,0.0006365440689050372,0.020199999999999996
2018-08-06,0.1998038753318886,0.17593181617882092,0.16683053970336914,0.007559790087262097,0.06968400000000002
2018-08-07,0.2003429399089339,0.1746597601666911,0.16598562896251678,0.007191012671191349,0.010040999999999994
2018-08-08,0.20061940649104204,0.17388101309688014,0.16558998823165894,0.005271921888045539,0.010837000000000013
2018-08-09,0.20226446356261835,0.17443484721847546,0.16755732893943787,0.0069023573632758795,0.015278999999999987
2018-08-10,0.2062885937586623,0.17237704501439627,0.16697055101394653,0.018439786039735673,0.016771000000000008
2018-08-13,0.20953377245892707,0.17626608838926294,0.16663120687007904,0.0492714802483441,0.021758
2018-08-14,0.21154745999474278,0.1710825445184798,0.16724465787410736,0.04487502226419218,0.01935299999999998
2018-08-15,0.21125182598827658,0.17123229054045744,0.1672803908586502,0.0643361150014044,0.02332199999999998
2018-08-16,0.2174801610836325,0.17224351945082075,0.16721603274345398,0.047310550664121126,0.02111200000000002
2018-08-17,0.22125662819461825,0.17210504552919953,0.16723927855491638,0.04605068467987686,0.0017509999999999748
2018-08-20,0.22129224961341698,0.17079368701732123,0.1672385036945343,0.04576807858484999,0.017468999999999985
2018-08-21,0.22228730535252106,0.17115342310323886,0.16801711916923523,0.049698669789468325,0.013950999999999991
2018-08-22,0.22453522909679766,0.17262967862148818,0.16804389655590057,0.051163972334997365,0.018354999999999982
2018-08-23,0.22576484622719714,0.17187771569994736,0.16679199039936066,0.05327057418128933,0.014427999999999996
2018-08-24,0.22557733835170457,0.17130491001259726,0.16476012766361237,0.04049321771349945,0.018961000000000006
2018-08-27,0.2254805203694978,0.17678635702959228,0.16777342557907104,0.04422772778262554,0.016113000000000016
2018-08-28,0.22656932286773537,0.17886512787132483,0.16790702939033508,0.0480841259008061,0.020817000000000002
2018-08-29,0.23091484550914876,0.179292374670481,0.16795063018798828,0.04601128503208374,0.020282999999999995
2018-08-30,0.23107352931218092,0.17745966876982827,0.16733938455581665,0.07339113638233363,0.004935999999999996
2018-08-31,0.2313663194780222,0.17447047935363694,0.16684219241142273,0.05815209362860124,0.022446999999999995
2018-09-04,0.2323332896484259,0.17674227537647635,0.1670232117176056,0.06691680265209396,0.026897000000000004
2018-09-05,0.24087568303902523,0.17275960033232818,0.16731631755828857,0.0778160080099792,0.015170000000000017
2018-09-06,0.24320596176749198,0.17102016129838696,0.16534218192100525,0.07954007383280287,0.019560999999999995
2018-09-07,0.24868743007533914,0.17545049424785053,0.1658339947462082,0.0791799433357172,0.01826999999999998
2018-09-10,0.2551863974046852,0.17466294283293007,0.16533823311328888,0.08236160692669509,0.01908499999999999
2018-09-11,0.25823990241063244,0.17465355849952072,0.16500155627727509,0.08846791773539903,0.014838999999999991
2018-09-12,0.2581779913252645,0.17507332959402688,0.16356869041919708,0.08188844535459106,0.018388000000000015
2018-09-13,0.2573235536612818,0.1742711221744233,0.16331562399864197,0.06613264591095808,0.020372
2018-09-14,0.26065745421260417,0.16915271301729407,0.16141781210899353,0.06657405455447019,0.01061899999999999
2018-09-17,0.26457330789301875,0.17165083320671465,0.16140799224376678,0.07824596464158565,0.020318000000000003
2018-09-18,0.26886139684686083,0.17568281662258706,0.1634730100631714,0.06685947110837348,0.018206999999999973
2018-09-19,0.2787247080530784,0.17497757664254934,0.1631924957036972,0.07091265127456206,0.025748999999999994
2018-09-20,0.281423857221255,0.17609665465558383,0.1637553572654724,0.052338430143841125,0.02604100000000001
2018-09-21,0.28750822673080983,0.176148839253796,0.16366004943847656,0.05579348965194547,0.027006000000000002
2018-09-24,0.2906763024424817,0.17591635260656338,0.16351473331451416,0.05959992089382188,0.02108399999999999
2018-09-25,0.2994247442685449,0.17434280727110557,0.1534118801355362,0.060829153276569015,0.021029999999999993
2018-09-26,0.3026219018461707,0.17356044588298117,0.15361163020133972,0.07364237521505679,0.01899999999999999
2018-09-27,0.3028310829452346,0.17186675225609177,0.15164676308631897,0.06003754470438355,0.02823500000000001
2018-09-28,0.30429515990481165,0.17182684951065008,0.15146717429161072,0.06873538851206648,0.023158999999999985
2018-10-01,0.3073378490561985,0.16975697080613397,0.15148919820785522,0.06905720987084238,0.017566
2018-10-02,0.3081710690986627,0.1680924382514663,0.15129472315311432,0.06599009541988995,0.022566000000000003
2018-10-03,0.30992022485733517,0.17132505059927586,0.15136636793613434,0.07266108384377518,0.018195000000000017
2018-10-04,0.3096247560615433,0.17166239573845984,0.1515730917453766,0.07187797426816953,0.023712999999999984
2018-10-05,0.3109643807947974,0.21656499666326523,0.16941535472869873,0.069845481810699,0.03470000000000001
2018-10-08,0.31098408997314475,0.215219016462455,0.16917455196380615,0.07215369602685293,0.025494000000000017
2018-10-09,0.3114225433689253,0.20251505964015304,0.1684245467185974,0.08619676243604818,0.020274000000000014
2018-10-10,0.3111371229690325,0.20006484179861292,0.17114996910095215,0.10431963897169055,0.03691100000000003
2018-10-11,0.31453976757968094,0.2000520888322766,0.16022248566150665,0.132272826663512,0.023378999999999983
2018-10-12,0.3124973094569617,0.19698368331890193,0.16469706594944,0.059121684598842816,0.03670499999999999
2018-10-15,0.31357026149120376,0.19865600644919923,0.1641853302717209,0.045621837864755266,0.030497999999999997
2018-10-16,0.314306845867284,0.19452026007285822,0.16696660220623016,0.0001354935302492477,0.03980800000000001
2018-10-17,0.3134932289167007,0.19310047683574402,0.16585616767406464,-0.007558627221615433,0.038810999999999984
2018-10-18,0.31246601052144435,0.18825450874941901,0.16244640946388245,0.008871574393292059,0.040970000000000034
2018-10-19,0.31258991896141664,0.19176119000258665,0.16360998153686523,0.0001850235586370319,0.043213
2018-10-22,0.31114369808246317,0.19323902594736686,0.1644366830587387,0.01763648310205268,0.041756000000000015
2018-10-23,0.30699518348661303,0.18839062846144974,0.16826370358467102,0.013953991696001533,0.03598600000000002
2018-10-24,0.30643482752215206,0.1891227190793131,0.1678684949874878,0.052397899767684886,0.06288900000000003
2018-10-25,0.30593203073148767,0.18602157018239004,0.1678091585636139,0.03540518462183373,0.052686999999999984
2018-10-26,0.3060849660118862,0.1891659345754829,0.16837486624717712,0.052022070010990185,0.02723700000000001
2018-10-29,0.303766525347021,0.19300103740636554,0.1820121854543686,0.051511527259348155,0.06417299999999998
2018-10-30,0.3029580302940659,0.19392485352578795,0.1772272288799286,0.03241317398253529,0.05182500000000001
2018-10-31,0.30204134211795697,0.19441360115882766,0.18184798955917358,0.0127699451840102,0.04752300000000004
2018-11-01,0.30140324654866474,0.19408809189798942,0.1741071194410324,0.001089803707067627,0.05296099999999998
2018-11-02,0.3009368878023631,0.19230025116066915,0.17427322268486023,-0.003874589502962933,0.057018999999999986
2018-11-05,0.3025040439792048,0.19673246920904663,0.17997412383556366,-0.0011297632992002815,0.053181000000000006
2018-11-06,0.30372928450059816,0.19086963579195118,0.17479728162288666,-0.006070022670777553,0.04476100000000002
2018-11-07,0.3028285127465334,0.19101021588344258,0.1724541038274765,-0.04920953879416659,0.044574
2018-11-08,0.30051006711532874,0.1855834198294989,0.1717253029346466,-0.04579021082362608,0.031246999999999997
2018-11-09,0.29813160807411404,0.1934146618472045,0.17819829285144806,-0.01878988379529445,0.03835499999999997
2018-11-12,0.2981542484174412,0.19660301496625907,0.17982997000217438,0.023161176774046388,0.051064
2018-11-13,0.2984574289296504,0.19794585992648137,0.17275358736515045,0.014205088974120705,0.04628399999999999
2018-11-14,0.29437600856305063,0.2021499404278113,0.17768257856369019,0.0162319893743314,0.05043299999999995
2018-11-15,0.29155226606332213,0.20196597009043446,0.17936137318611145,-0.007738813713796366,0.047150000000000025
2018-11-16,0.2915679397344019,0.20165773040002222,0.17949238419532776,-0.015936432569734316,0.046573
2018-11-19,0.2914779789802669,0.2023205472873006,0.17268812656402588,-0.001749263212602159,0.04863899999999999
2018-11-20,0.2903848020604906,0.20686702047256852,0.17930029332637787,0.05126177675817378,0.041979000000000044
2018-11-21,0.2897403757516808,0.20376728869217237,0.17894479632377625,0.02411481598793519,0.04237099999999999
2018-11-23,0.29017313740859646,0.20430951954731338,0.17651891708374023,0.03984434729638525,0.04288599999999998
2018-11-26,0.2896069592839893,0.2060972810065919,0.17755067348480225,0.022560050072083504,0.039856
2018-11-27,0.29057464498405217,0.20642809464308276,0.1764562875032425,0.013657429365625307,0.043963
2018-11-28,0.29035162644204987,0.20003488186170115,0.17696145176887512,-0.0021383005645911335,0.035609
2018-11-29,0.29203279484014255,0.19749380344237372,0.17687588930130005,0.007137605525349533,0.025127999999999984
2018-11-30,0.29227867473982155,0.19792130646939313,0.17709548771381378,0.008068053579230738,0.025908999999999988
2018-12-03,0.29133680272652057,0.19592526046189418,0.17695870995521545,-0.01922987641552465,0.03431999999999999
2018-12-04,0.2848867975557031,0.20872287305689083,0.18526402115821838,0.019851982770413612,0.04604799999999998
2018-12-06,0.2827781291017354,0.20520126407935027,0.1837187558412552,0.04134680788871048,-0.020062000000000024
2018-12-07,0.27824474244770153,0.21208041079302323,0.1854279339313507,0.040773316276493,0.04531400000000002
2018-12-10,0.27322470660962034,0.2154335115632511,0.18461599946022034,0.0594769317560262,0.03538999999999998
2018-12-11,0.270397067328785,0.21519169087287218,0.18450093269348145,0.03683406871098255,0.049843000000000026
2018-12-12,0.27026766728852525,0.20171305580636573,0.18196672201156616,0.04116718278333553,-0.09060499999999999
2018-12-13,0.26980417659993605,0.20191922149714217,0.18288278579711914,0.037894689233111345,0.031120000000000037
2018-12-14,0.2676798396010795,0.19807921277848548,0.18424943089485168,0.05111096834341783,0.031553
2018-12-17,0.26404658727565844,0.2118428127529736,0.186115100979805,0.08634415106363053,0.049790999999999974
2018-12-18,0.2607288208830045,0.21510420310310088,0.18736767768859863,0.08587393853920755,0.03500600000000004
2018-12-19,0.25273554809917764,0.21024643917062286,0.18873655796051025,0.05509613985086964,-0.08890699999999996
2018-12-20,0.2518080167455945,0.21597583825531028,0.19273340702056885,0.08165868951290528,-0.06307299999999999
2018-12-21,0.24474963307323747,0.21666149966499867,0.19388917088508606,0.0762125431956831,-0.08731299999999997
2018-12-24,0.2401126454553111,0.21946574062338361,0.1955094039440155,0.19880124438928942,-0.09421399999999991
2018-12-26,0.22919109032748983,0.20398603676605284,0.19477109611034393,0.07847271356375957,-0.090669
2018-12-27,0.2243392454618933,0.21913460375268354,0.19615130126476288,0.06774757515182805,-0.023872000000000004
2018-12-28,0.22442781521662797,0.22075998338409136,0.19292742013931274,0.04318757539497087,0.046211
2018-12-31,0.22265464657287495,0.21537671855754953,0.193382129073143,0.012188814919284308,0.03970499999999999
2019-01-02,0.2181671758033726,0.2125282769553069,0.1910751312971115,-0.028396855092893414,0.046667000000000014
2019-01-03,0.2170848156898219,0.209972800646613,0.18918107450008392,-0.006083378374627912,0.036109999999999975
2019-01-04,0.21548362038428012,0.20821372483038916,0.19005848467350006,0.006378665557908447,0.036458000000000046
2019-01-07,0.2130781746709947,0.20174068570961118,0.1883983165025711,-0.03627001003331026,0.06273699999999999
2019-01-08,0.21113011270908436,0.2224100821770751,0.20972566306591034,-0.051350949542280366,0.063801
2019-01-09,0.21064615143530324,0.22128435700910215,0.21104022860527039,-0.05045337453311105,0.076021
2019-01-10,0.20989111051166237,0.21977443894702328,0.20919941365718842,-0.03968326258606025,0.06383900000000003
2019-01-11,0.20991596459903558,0.21995761670166836,0.20820511877536774,-0.024657527083259412,0.04416800000000004
2019-01-14,0.2024291615375466,0.21792451033383728,0.20788416266441345,-0.10420626656055254,0.049741000000000035
2019-01-15,0.19947743930263467,0.22016534647668584,0.20732121169567108,-0.12998781817235155,0.08378000000000002
2019-01-16,0.19759009945859568,0.22122103544609328,0.20672179758548737,-0.12899643372581657,0.12248999999999999
2019-01-17,0.19616963273212176,0.21504189049759456,0.20347227156162262,-0.12881147640723548,0.053349000000000035
2019-01-18,0.19473424561663502,0.2139295009737046,0.20080941915512085,-0.13628743353973208,0.06053699999999998
2019-01-22,0.19369461190427723,0.2150203770907047,0.2046450674533844,-0.08902884822897,0.05285199999999998
2019-01-23,0.19202916210197113,0.2129928878337063,0.20402488112449646,-0.08065405393624198,0.05255299999999999
2019-01-24,0.19227607407591324,0.20869112266333806,0.20061437785625458,-0.06227820841634413,0.054062
2019-01-25,0.19178470977125317,0.2049969500642882,0.20117142796516418,-0.07386813827873626,0.04065899999999997
2019-01-28,0.19533785942604925,0.2082155855650475,0.20182843506336212,-0.03926520769723282,0.06194000000000002
2019-01-29,0.19567674745391947,0.20734138537979066,0.20286285877227783,-0.021599158505473004,0.04831100000000002
2019-01-30,0.19408368479688934,0.20749297823174132,0.20362921059131622,-0.032626811873762235,0.08162
2019-01-31,0.19430542017314711,0.20571323983898396,0.20250095427036285,-0.029687610509909035,0.04126800000000003
2019-02-01,0.19413141854244206,0.20780498258946375,0.20083396136760712,-0.026113191534199165,0.12172200000000002
2019-02-04,0.195826028051603,0.2024253754461474,0.1976623684167862,-0.035663378533377005,0.03568299999999999
2019-02-05,0.19770725483532808,0.20123952981993834,0.19769367575645447,-0.03240807757363792,0.03542199999999998
2019-02-06,0.19766526933873912,0.20153646868248123,0.1960992068052292,-0.021402541303914502,0.03417500000000001
2019-02-07,0.19621863981480608,0.20484687473610755,0.19518207013607025,-0.0026392926956138596,0.039078999999999975
2019-02-08,0.19560470858268386,0.20667952521341196,0.19585178792476654,1.942277335326148e-06,0.04061400000000001
2019-02-11,0.19880280482027002,0.19676806903023739,0.19470307230949402,0.010042066893708124,0.039403999999999995
2019-02-12,0.19999380215319035,0.18573525656476536,0.1938803493976593,-0.00283660759563778,0.035953999999999986
2019-02-13,0.20088283554614614,0.1779103429154114,0.1900179237127304,0.026212584086950708,0.02899500000000002
2019-02-14,0.19952136421269903,0.17998762477946484,0.1887131631374359,0.033866018081642524,0.03239800000000001
2019-02-15,0.19898018537367926,0.1852472982798039,0.18896329402923584,0.03481588994958479,0.030034000000000005
2019-02-19,0.19892292532492103,0.18530770492561421,0.19038110971450806,0.04049280186108689,0.03183999999999998
2019-02-20,0.19918333616701794,0.18522767369225152,0.18851125240325928,0.03686544475033654,0.033009999999999984
2019-02-21,0.19890551642717177,0.18517506838337125,0.1887592077255249,0.039427756636047445,0.03481199999999998
2019-02-22,0.19800115075407212,0.18498288118698747,0.18728946149349213,0.03552809794216588,0.03345300000000001
2019-02-25,0.19737278500165026,0.18477875139591785,0.18258149921894073,0.03637597858407088,0.033692
2019-02-26,0.1971282786908395,0.18480052777287898,0.18243950605392456,0.04026712310798064,0.029105999999999993
2019-02-27,0.19739784982621353,0.20261978406783096,0.18397797644138336,0.037000160425179784,0.035745
2019-02-28,0.20039980276514602,0.2023651858405271,0.185162752866745,0.03265333734159859,0.039120000000000016
2019-03-01,0.1985018678727404,0.20308761399335906,0.1840531975030899,0.031746890644517106,0.035250000000000004
2019-03-04,0.19381257929381426,0.17826324123700818,0.1857549548149109,0.02880635812037352,0.04299900000000004
2019-03-05,0.1920141314052218,0.17977740071507947,0.18424637615680695,0.016994207115154952,0.03831799999999999
2019-03-06,0.19352684015221056,0.17954181374823452,0.18567496538162231,0.024529423205941203,0.039313000000000015
2019-03-07,0.19393871649100264,0.1881469551230123,0.1863025426864624,0.03115589376246472,0.034620999999999985
2019-03-08,0.19412143949932836,0.187196805074332,0.18329668045043945,0.031522906274490614,0.03260599999999997
2019-03-11,0.19510126385348892,0.18159538405770495,0.1852119415998459,0.023812188425245295,0.03645699999999999
2019-03-12,0.19486047886623473,0.17795223964362955,0.17712584137916565,0.023842004514506077,0.031776000000000026
2019-03-13,0.19415969485279577,0.17657069409479453,0.17444394528865814,0.020922162072803202,0.02812999999999999
2019-03-14,0.19387650151210367,0.18042205420768007,0.17825692892074585,0.014857868825647325,0.05085199999999998
2019-03-15,0.19459531337587122,0.17785962407207853,0.1763438880443573,0.011333905206754202,0.023757
2019-03-18,0.1945628867607535,0.1775088319283468,0.1772615909576416,0.026975312280501512,0.039848999999999996
2019-03-19,0.19488319722369254,0.17838279397931128,0.1745614856481552,0.03549027759750689,0.04778600000000002
2019-03-20,0.19429341952415935,0.17819065701029224,0.17540243268013,0.05401717898791478,0.03805799999999998
2019-03-21,0.19416838955181068,0.17878385498665136,0.17718015611171722,0.0461062311633777,0.03995299999999999
2019-03-22,0.18926671762721747,0.18918475826798423,0.17974814772605896,0.07145649992419023,0.04799300000000001
2019-03-25,0.1873245044280881,0.17987483037237997,0.18264785408973694,0.07322022338380368,0.05086999999999997
2019-03-26,0.18682798172581624,0.1779801314320566,0.18296773731708527,0.05209468699829459,0.048321
2019-03-27,0.18708352425044106,0.17862044887389306,0.18258026242256165,0.06420945452815988,0.04646899999999998
2019-03-28,0.18695470733487893,0.17905457260465954,0.17613407969474792,0.04005027004503747,0.04439700000000002
2019-03-29,0.18678097499261095,0.17918255400482513,0.17690829932689667,0.034918181582364094,0.04075099999999998
2019-04-01,0.18701910601686186,0.1888461417718514,0.17509779334068298,0.038537149033751245,0.041995000000000005
2019-04-02,0.1867576692612984,0.18687755437626694,0.17642009258270264,0.04859779583921292,0.04584700000000003
2019-04-03,0.18679820290083612,0.18648368221098977,0.1749483048915863,0.06307975228005075,0.04832699999999998
2019-04-04,0.18606768469152263,0.18772774316766433,0.17500919103622437,0.06143446560554436,0.05019599999999999
2019-04-05,0.18541469014655299,0.18655671912084315,0.17627133429050446,0.054223618417528596,0.049015999999999976
2019-04-08,0.18564076973173108,0.18610167093023505,0.1733192652463913,0.058667997080355166,0.04926699999999998
2019-04-09,0.18635862618080337,0.19161462979905028,0.17772725224494934,0.0722096878493918,0.05496000000000001
2019-04-10,0.18616910836530662,0.19299171713398297,0.1792399138212204,0.07532872428053455,0.05270199999999997
2019-04-11,0.18478505426743286,0.19239471164281421,0.1794872134923935,0.07598563085386617,0.04948399999999997
2019-04-12,0.1861564799252545,0.19213884140934034,0.17657166719436646,0.04445501188250975,0.043432
2019-04-15,0.18417115739875828,0.19079779995737975,0.17893129587173462,0.021315351146712236,0.04613700000000001
2019-04-16,0.18304134692508636,0.18979409998976846,0.17747662961483002,-0.005177144220491037,0.04785800000000001
2019-04-17,0.1824772292848298,0.19149973247972976,0.17905844748020172,0.02031756968344925,0.039776000000000006
2019-04-18,0.18319189011327644,0.1881315939744623,0.1721746027469635,0.004044741978499966,0.03348700000000002
2019-04-22,0.18312873126561804,0.18780633681846579,0.17320065200328827,0.011377187534398286,0.025285000000000002
2019-04-23,0.18273140010726455,0.18298778087121312,0.16631284356117249,0.019113629939293192,-0.03304400000000002
2019-04-24,0.1826259924108878,0.18312712499345107,0.16962777078151703,0.034737954615821354,-0.032430000000000014
2019-04-25,0.18430008028395917,0.18646369568703927,0.16976839303970337,0.038129558007008846,0.02185200000000001
2019-04-26,0.1839793664257911,0.1847083877299051,0.16673290729522705,0.024447653321757135,0.022040000000000004
2019-04-29,0.1797788210984281,0.18889828223029023,0.17010894417762756,0.030370876040139216,0.030411999999999995
2019-04-30,0.17950115945761344,0.18734551440976802,0.16999922692775726,0.016918012730727267,0.03042600000000001
2019-05-01,0.1783891544836053,0.1885265988345683,0.1699276864528656,0.03440790509646921,0.029646000000000006
2019-05-02,0.1867623449290135,0.18624482282450575,0.16980135440826416,0.03059790174396121,0.005426999999999987
2019-05-03,0.18821838031586619,0.18711116075772757,0.1700763702392578,0.027752212418443917,0.038273
2019-05-06,0.18756011095039324,0.18896945121350778,0.17133833467960358,0.03527606638510741,0.04886199999999999
2019-05-07,0.18751531533102972,0.1952738443067622,0.17641541361808777,0.07379167428849065,0.05577600000000002
2019-05-08,0.18948721471849372,0.1937913035619196,0.17661939561367035,0.06849159176895317,0.048265
2019-05-09,0.18856372570045887,0.19405207102009653,0.17642806470394135,0.06710047875338968,0.051647000000000026
2019-05-10,0.18823281730938554,0.1898925052088842,0.17628107964992523,0.030462503161790805,0.002672999999999981
2019-05-13,0.1851507091970573,0.20631041212227763,0.1843959242105484,0.083933269249897,0.013313999999999993
2019-05-14,0.1890567376287809,0.2049674517157007,0.18443754315376282,0.054727166556221424,0.037995999999999974
2019-05-15,0.18983774679581805,0.20264381514400848,0.1831277459859848,0.04902771295404526,0.031022999999999995
2019-05-16,0.19176008230656766,0.199546351389214,0.18305322527885437,0.028702629445945066,0.026382000000000017
2019-05-17,0.1923270986865977,0.1939493134668215,0.18204323947429657,0.04006876292753295,0.029359999999999997
2019-05-20,0.19163800944562545,0.19664060706940456,0.1836867481470108,0.06122511213344581,0.03851300000000002
2019-05-21,0.19159671679586468,0.1931503589303862,0.18213234841823578,0.020140981783683204,0.03400300000000003
2019-05-22,0.19172801926540523,0.19540115250722392,0.18268829584121704,0.04172162223784878,0.03850700000000001
2019-05-23,0.1915874347646202,0.22273302899438444,0.18431180715560913,0.064274300000915,0.052201000000000025
2019-05-24,0.19814194849208783,0.20350298362532218,0.18333496153354645,0.05015411533172867,0.041599000000000025
2019-05-28,0.19816667848655553,0.20362949551065906,0.18408089876174927,0.0701030861254143,0.03539400000000004
2019-05-29,0.2000011687101357,0.2032764290133195,0.18125200271606445,0.08833021996201443,0.023755000000000026
2019-05-30,0.19819576300221978,0.22156234257416604,0.18531106412410736,0.07450721574818236,0.04894000000000004
2019-05-31,0.19845870678166097,0.23140083308113754,0.18566176295280457,0.09188795178768361,0.048314000000000024
2019-06-03,0.19829224302199114,0.23041303648025818,0.17958183586597443,0.09492691959364646,0.03014
2019-06-04,0.20004908075781844,0.22344118172566987,0.17897726595401764,0.06633383355179337,0.05287799999999998
2019-06-05,0.1978463996516526,0.22684377225235466,0.17968866229057312,0.06629333005972637,0.049412999999999985
2019-06-06,0.19912172346893484,0.21473726614589234,0.17616736888885498,0.06301814387839214,0.04755900000000002
2019-06-07,0.19832518470923963,0.21437177062164375,0.17568303644657135,0.06117751046508324,0.04814700000000002
2019-06-10,0.20056166448991253,0.21282673115082276,0.17457227408885956,0.062462256046281,0.05305499999999999
2019-06-11,0.20230331791977027,0.21375588313060034,0.1723591536283493,0.06285389831250504,0.049416000000000015
2019-06-12,0.20262412241146138,0.21478554922968207,0.17132636904716492,0.0799662227058402,0.05558400000000002
2019-06-13,0.20570059066764687,0.21422700746248455,0.17038659751415253,0.08018854484167773,0.054839
2019-06-14,0.20494711151065945,0.21525426617908452,0.17228904366493225,0.08276736682317937,0.04745300000000002
2019-06-17,0.20512156960431133,0.21524685192978246,0.1710193008184433,0.09030098574630815,0.05548600000000001
2019-06-18,0.20414866531485645,0.21355556622872685,0.17059758305549622,0.08228890942420103,0.05134999999999998
2019-06-19,0.2046696829636352,0.2146148715409641,0.1715455949306488,0.08458376027223416,0.04546999999999998
2019-06-20,0.20319094003621746,0.19457388555662763,0.17296946048736572,0.08509926191630093,0.03906900000000002
2019-06-21,0.20279910632936313,0.19121842728107905,0.1729872226715088,0.07126304735565697,0.045907
2019-06-24,0.2021216801401561,0.1912548263715021,0.17294186353683472,0.07829822825475063,0.052423
2019-06-25,0.20393190096545127,0.19306929401781764,0.17234991490840912,0.08737570149361362,0.05598900000000001
2019-06-26,0.204702320200284,0.19201116826321513,0.17266719043254852,0.0848315616907967,0.049103000000000036
2019-06-27,0.20458552631740665,0.19145295365557852,0.17136575281620026,0.08062697874249863,0.04876199999999997
2019-06-28,0.20545820372083637,0.19130316915732246,0.1715792566537857,0.07255581031518846,0.055225000000000024
2019-07-01,0.20382579040027463,0.18746706255664092,0.16959808766841888,0.04228154079699489,0.05623800000000001
2019-07-02,0.20666080575924034,0.1899041793782795,0.17158523201942444,0.03162494148657352,0.124667
2019-07-03,0.20677833675691965,0.18812080199989017,0.1710260510444641,0.03802640705677396,0.08299500000000001
2019-07-05,0.21001113374247019,0.18687158772656912,0.17179861664772034,0.047632576658323905,0.05337400000000003
2019-07-08,0.21004127155494492,0.188329984836829,0.16962377727031708,0.05311419759267755,0.05443899999999999
2019-07-09,0.2102229496861358,0.1885469794006128,0.1704321950674057,0.05746386734526529,0.05579400000000001
2019-07-10,0.20987901617720672,0.19595516138866595,0.17840008437633514,0.05939303123403816,0.075401
2019-07-11,0.20999174456383482,0.19565742663289326,0.17788267135620117,0.05832854013373273,0.075655
2019-07-12,0.21231887018296755,0.19398484113294165,0.17670941352844238,0.0605357198686734,0.04506199999999996
2019-07-15,0.2091334898245191,0.19382075063554907,0.17673589289188385,0.02631311225225741,0.03939200000000001
2019-07-16,0.20912896176131607,0.19301235991725368,0.17612390220165253,0.026546049844495156,0.04328800000000002
2019-07-17,0.21850066286736833,0.19389292351925788,0.17514319717884064,0.023006548729055165,0.043671000000000015
2019-07-18,0.2203501967139352,0.19220854416303093,0.17505459487438202,0.02098988879607644,0.04001000000000002
2019-07-19,0.22041313341035548,0.1929105422927225,0.17563921213150024,0.025282818582625988,0.040291999999999994
2019-07-22,0.2208950686944741,0.19310983699256007,0.17576177418231964,0.025392870545766666,0.03903800000000002
2019-07-23,0.22103717564381437,0.18963323618770475,0.17401640117168427,0.023642014127515737,-0.004976000000000008
2019-07-24,0.22212236251583364,0.1913610895247648,0.17421087622642517,0.025144484869477624,0.029717999999999994
2019-07-25,0.22001999011414067,0.19216600785414592,0.17401744425296783,0.022819664663604994,0.033912
2019-07-26,0.220295693164855,0.1900440748708405,0.17431148886680603,0.022740627716531625,0.024862999999999996
2019-07-29,0.22125605720763375,0.18840890200494384,0.17754997313022614,0.03735940606573204,0.021856000000000014
2019-07-30,0.22100824963827748,0.19011342166472733,0.17752818763256073,0.03583129921962533,0.03439300000000001
2019-07-31,0.22137444065503273,0.18963853770939157,0.17708417773246765,0.04810371098373312,0.027031
2019-08-01,0.21503815794345757,0.19367652454182854,0.17726655304431915,0.04516961925538443,-0.06662199999999996
2019-08-02,0.215156544183513,0.20597413657423033,0.18225710093975067,0.05626549437847625,0.03536199999999998
2019-08-05,0.21503388889367808,0.2092776113158061,0.18539384007453918,0.11310542363362014,0.046991000000000005
2019-08-06,0.21374183315177878,0.20020012465101192,0.1797240972518921,0.07871608552668297,-0.009641999999999984
2019-08-07,0.2121591286699179,0.21548455635099117,0.1836838722229004,0.08442171872998958,0.05422500000000002
2019-08-08,0.21235880082387132,0.22985447903791154,0.18364833295345306,0.04942892357339815,0.05920299999999998
2019-08-09,0.21093058210066826,0.21766089014735523,0.18074506521224976,0.06254894885732343,-0.01709900000000003
2019-08-12,0.21069690449116124,0.21070411778939901,0.1862976849079132,0.09298446865193799,0.06548099999999996
2019-08-13,0.20516042289063807,0.1985960262380037,0.18292579054832458,0.06152429314914834,-0.05397299999999999
2019-08-14,0.20350815412740408,0.20685557096365112,0.18578845262527466,0.12070730394684956,-0.03769800000000001
2019-08-15,0.20160358085337432,0.20727481287043975,0.18505899608135223,0.09276562522968668,-0.0072670000000000234
2019-08-16,0.20019893833963082,0.20648226069220585,0.18699872493743896,0.04680313980936057,0.07318499999999997
2019-08-19,0.2003164538928314,0.20517089207998787,0.18605445325374603,0.029620416899062724,0.06488800000000003
2019-08-20,0.20078956699541955,0.20434994415973115,0.1878742128610611,0.04397208110272585,0.061555000000000026
2019-08-21,0.20051915450268679,0.20391788315956147,0.1876041293144226,0.035661837283482906,0.062481000000000037
2019-08-22,0.2014318204228308,0.2034367536713868,0.18786820769309998,0.03626884221490148,0.05124400000000001
2019-08-23,0.19562038189189956,0.20574169699325448,0.1927492618560791,0.06290282926684043,0.05712699999999998
2019-08-26,0.19550039131942296,0.20580658714743835,0.19200241565704346,0.05363789066929853,0.06975899999999996
2019-08-27,0.1928207946677967,0.20655163527772066,0.19214409589767456,0.055271783378492506,0.04545899999999997
2019-08-28,0.19181462114115833,0.20638710053963585,0.19095873832702637,0.040013031612061045,0.06032500000000002
2019-08-29,0.19086627619743113,0.20588373804884508,0.1908315271139145,0.01490419559027259,0.047483
2019-08-30,0.1908913315028203,0.20346225563305664,0.19004547595977783,0.03608658827265973,0.061949000000000004
2019-09-03,0.18883497353331283,0.2036677614319629,0.18929415941238403,0.049192102222390344,0.06978800000000002
2019-09-04,0.1893189083645885,0.20263595660698736,0.18713676929473877,0.03620674782549341,0.06443299999999999
2019-09-05,0.1876215383630449,0.2020810403843448,0.18780368566513062,0.018836254271786756,0.06904600000000002
2019-09-06,0.18721308771965542,0.20061935149961843,0.1879143863916397,0.017611365228088177,0.049409000000000036
2019-09-09,0.1833498080517711,0.2015037601909903,0.18957747519016266,0.016077023751487812,0.061381999999999964
2019-09-10,0.18126285901409672,0.20075691771351428,0.18994192779064178,0.015366190054901974,0.05277600000000002
2019-09-11,0.18138561571857034,0.20222659119778383,0.19007554650306702,0.01334298200660694,0.08037700000000003
2019-09-12,0.17763615339451105,0.20147235322520096,0.19060291349887848,0.02102293485595036,0.05043499999999998
2019-09-13,0.17905201813950028,0.20116452757070302,0.18910765647888184,0.012167623552667983,0.059811
2019-09-16,0.1808299891591881,0.19970715102927838,0.1864328682422638,0.0332411512470559,0.04993899999999998
2019-09-17,0.1797930989827397,0.20031315629742877,0.18830925226211548,0.03690656549792809,0.06046099999999999
2019-09-18,0.17904722817779484,0.20171301261279811,0.18775436282157898,0.03169718834144403,0.057657000000000014
2019-09-19,0.17863865918215738,0.19995617335434185,0.18420346081256866,0.03054966929569425,0.047951999999999995
2019-09-20,0.17780388079658624,0.2004894375891952,0.18768715858459473,0.039714701854708045,0.03835600000000003
2019-09-23,0.17799429510351486,0.20155972406860692,0.18855611979961395,0.027490490283987673,0.057482000000000005
2019-09-24,0.17573028387320141,0.20016100589964395,0.18784765899181366,0.06295189485093922,0.06422499999999998
2019-09-25,0.1739119677010524,0.1998746484906933,0.18760883808135986,0.0573378982370093,0.05135299999999998
2019-09-26,0.17378474006939346,0.20056860472648305,0.18763945996761322,0.061817249316897055,0.057697
2019-09-27,0.17212841916651786,0.2021648065462982,0.18765860795974731,0.06696009211048057,0.04895699999999997
2019-09-30,0.1724165635723345,0.20276253123557117,0.1869501769542694,0.07152717229609734,0.05863500000000002
2019-10-01,0.16849704273531527,0.20303116736957047,0.18697582185268402,0.07634902999774132,0.06234600000000001
2019-10-02,0.16789414639366546,0.20359320900189948,0.1878655105829239,0.10428841591956031,0.05837400000000004
2019-10-03,0.16411730635090122,0.20170003806371295,0.18487976491451263,0.08788670014188232,0.009448000000000012
2019-10-04,0.1631466114762005,0.20109445516646351,0.1866464614868164,0.06889460980642162,0.042622999999999966
2019-10-07,0.16208217068934277,0.20372714456070778,0.18628759682178497,0.08027345091372357,0.05662099999999998
2019-10-08,0.1620941100867656,0.20382343364219108,0.1770232617855072,0.11348539940571686,0.01624399999999998
2019-10-09,0.16187768351714318,0.19846091740104418,0.17893776297569275,0.10653636282036524,0.05146600000000001
2019-10-10,0.15903792711538506,0.19717973681792123,0.17696475982666016,0.09573857792363094,0.066658
2019-10-11,0.15982703286437064,0.1918531059932708,0.1761116087436676,0.08743407213729773,0.06673599999999996
2019-10-14,0.16282051251368126,0.1913865531255199,0.17617742717266083,0.07896549260176602,0.058724
2019-10-15,0.1506928603930589,0.22731086599378122,0.18047693371772766,0.01894386801720488,0.06323399999999998
2019-10-16,0.14785292735522718,0.19850970805084112,0.18327973783016205,0.013214003291246446,0.05487399999999998
2019-10-17,0.14653784497473166,0.19726269129039492,0.18212322890758514,0.0020264092646671283,0.05626999999999999
2019-10-18,0.14632552679846272,0.1973515600275432,0.18284089863300323,0.005216244537724707,0.04254000000000002
2019-10-21,0.14592953924876426,0.19633914732804866,0.18264855444431305,0.003273116759527739,0.05529399999999998
2019-10-22,0.1448966086123446,0.19688542197685183,0.18283867835998535,0.00889747769138216,0.057008999999999976
2019-10-23,0.14781767590723216,0.19509481814557195,0.18240132927894592,0.004760918987720103,0.05856800000000001
2019-10-24,0.14793874089406275,0.19352888251346456,0.18208535015583038,-0.0005680026785631342,0.05039500000000002
2019-10-25,0.14809628430588523,0.19255508719352216,0.18219615519046783,-0.004764325745936188,0.045297000000000004
2019-10-28,0.1487799772231857,0.19282057928451526,0.18237687647342682,0.002387718438512515,0.046209
2019-10-29,0.14959494634265877,0.19308489502225898,0.1812666356563568,-0.002143100021286065,0.059728
2019-10-30,0.15156679647426644,0.19114486602920416,0.1797388643026352,-0.004286149818040569,0.04147400000000001
2019-10-31,0.1508756153521164,0.19322211331605119,0.18028326332569122,-0.00014156267769657727,0.04079600000000003
2019-11-01,0.14959620034213117,0.19384128377369408,0.17911523580551147,-0.004293893976505037,0.084399
2019-11-04,0.14877964468914523,0.1928380709376522,0.18375025689601898,0.0019203946133935779,0.04857
2019-11-05,0.14852293293930913,0.1925315517645941,0.18407988548278809,0.005791539135904744,0.037417000000000006
2019-11-06,0.14791911053635676,0.19314359466020445,0.18403218686580658,0.0022385688162918083,0.034513000000000016
2019-11-07,0.14756265838136437,0.19422162434131862,0.1829928457736969,0.007757578903140411,0.06412100000000001
2019-11-08,0.14739032782725597,0.1926280265645382,0.18143436312675476,0.00885442646615342,0.025728
2019-11-11,0.14857476806942274,0.19386326783019,0.18201075494289398,0.008795384620896823,0.03952799999999998
2019-11-12,0.14817825653564135,0.19388566654130335,0.18221449851989746,0.007193302595720902,0.03828699999999999
2019-11-13,0.14696024527737755,0.19417401327115125,0.1802925318479538,0.04156851010084908,0.03292200000000001
2019-11-14,0.1475447986103063,0.19369572807326307,0.17979584634304047,0.044678574398712506,0.028081999999999996
2019-11-15,0.1474290632106767,0.19404650572715115,0.18202142417430878,0.03764762790828874,0.03848099999999999
2019-11-18,0.14786698177919247,0.19480545021079473,0.18160900473594666,0.045453378288737634,0.032808000000000004
2019-11-19,0.14978625459737327,0.1949885720655484,0.1820037066936493,0.054500166303293684,0.028635999999999995
2019-11-20,0.15005099810156933,0.19630458538465811,0.18183381855487823,0.05221284485255928,0.041163000000000005
2019-11-21,0.16107538232025706,0.2015828383502129,0.1787968873977661,0.05129529648291725,0.030843999999999983
2019-11-22,0.1648730062155447,0.19611587699673674,0.17868973314762115,0.04164762080885884,0.04055
2019-11-25,0.16993428442505812,0.1965945586265955,0.17839069664478302,0.04376743092723351,0.03643100000000002
2019-11-26,0.18056844457633023,0.1968925432160428,0.17827783524990082,0.045095849983312564,0.029311000000000004
2019-11-27,0.1921153679887743,0.1966676928117229,0.1781884878873825,0.042988856319901375,0.018501000000000017
2019-11-29,0.20260489447096422,0.19791796622206864,0.17889046669006348,0.04977187192315449,0.035495
2019-12-02,0.21080139836204592,0.1989175894627612,0.17889484763145447,0.0641020357984286,0.01993800000000001
2019-12-03,0.2135650343369181,0.20244933347169936,0.17918579280376434,0.0857922664120983,0.038022
2019-12-04,0.22005227572710206,0.2018359193198612,0.1790466457605362,0.08099070897895116,0.046058000000000016
2019-12-05,0.24192436182616167,0.2022880298683406,0.17933088541030884,0.07760600555555566,0.020122
2019-12-06,0.26518567802291804,0.20349289061548123,0.17186129093170166,0.07179048983564446,0.05160000000000001
2019-12-09,0.27949186685532773,0.20398373661306854,0.17204806208610535,0.0858562966963933,0.04732399999999998
2019-12-10,0.33261925124798725,0.20388582835127905,0.16988350450992584,0.07723551753534783,0.046707
2019-12-11,0.36638826679661946,0.20346237005630496,0.16976837813854218,0.07532898872803914,0.051911999999999986
2019-12-12,0.4107398437690637,0.20125615437403752,0.16782918572425842,0.07113375895443105,0.052292000000000005
2019-12-13,0.44313871334101446,0.20082418248663722,0.16748683154582977,0.04741615587027695,0.054490999999999984
2019-12-16,0.5046684936482965,0.20143794846689866,0.16793203353881836,0.05197150525369054,0.03629399999999999
2019-12-17,0.5526288259041675,0.2007318860529698,0.16739846765995026,0.05328524610236435,0.031887
2019-12-18,0.5641905618259717,0.1992539268701291,0.16689158976078033,0.0595601397007704,0.032194
2019-12-19,0.5758856588575187,0.20011036976943625,0.1673533320426941,0.05080163619205136,0.04264499999999999
2019-12-20,0.5822228821739116,0.20065552638270862,0.16663818061351776,0.08672084852338144,0.010051000000000004
2019-12-23,0.6084339062178015,0.20251098338837845,0.16839319467544556,0.06484545565633876,0.040374999999999994
2019-12-24,0.6138268304451485,0.20289893300919115,0.1692308783531189,0.06672496732196906,0.03798800000000002
2019-12-26,0.6188046902941995,0.20149101901072972,0.16886833310127258,0.0759826749255364,0.03297799999999998
2019-12-27,0.6250562516022055,0.2023560165855741,0.16859672963619232,0.08626675771330536,0.032725000000000004
2019-12-30,0.6290570289220007,0.2040562853115011,0.16967035830020905,0.08182238867525804,0.04250799999999999
2019-12-31,0.6338611124034103,0.20486317664324694,0.16835178434848785,0.07662126594274657,0.04414799999999999
2020-01-02,0.6390245173920438,0.20181957079443877,0.16449575126171112,0.08546156658931722,0.030023999999999995
2020-01-03,0.6452479899412471,0.20577572144566902,0.16582396626472473,0.09509998249770471,0.051162999999999986
2020-01-06,0.6470624031649852,0.20512393249122599,0.1662919521331787,0.09920615109301713,0.04533100000000001
2020-01-07,0.6552592307243241,0.20431564169377037,0.16526490449905396,0.10053770998899157,0.038418000000000035
2020-01-08,0.6586708236656222,0.29291879692808226,0.16624151170253754,0.10215199959832474,-0.011658999999999975
2020-01-09,0.6637350714798294,0.30578021543031725,0.16771453619003296,0.08861659400935995,0.03883
2020-01-10,0.666967297949947,0.3019372612699813,0.16850733757019043,0.09171820015144712,0.040245
2020-01-13,0.6765714014715363,0.28336740618645495,0.16067959368228912,0.08825676042370417,0.027523999999999993
2020-01-14,0.6776503866864207,0.2757980537889836,0.16445663571357727,0.07852136721911729,0.04660699999999998
2020-01-15,0.6805850125265364,0.25833099876851734,0.15470822155475616,0.06041383560333291,0.029866000000000004
2020-01-16,0.6839662238743324,0.25340254968378545,0.15585708618164062,0.04754139612254246,0.026036000000000004
2020-01-17,0.6885452380508519,0.25258242839458883,0.15647941827774048,0.03942489149566622,0.022843000000000002
2020-01-21,0.691380298198084,0.2591836945194631,0.15740306675434113,0.06626447210173236,0.029080000000000022
2020-01-22,0.6922325130281117,0.2650441217322637,0.15663768351078033,0.059297667056950026,0.026239000000000012
2020-01-23,0.6936188447220627,0.26917271341139865,0.15710122883319855,0.059746485168513136,0.03035199999999999
2020-01-24,0.6949740141114563,0.2289074712794979,0.1592857986688614,0.07135317857032536,0.011673000000000017
2020-01-27,0.6982993629694533,0.22490976934098056,0.1623924970626831,0.08894609144195276,0.045072
2020-01-28,0.7007798210786843,0.21590453396501041,0.15945784747600555,0.07409151584292739,0.03707300000000002
2020-01-29,0.7031150898844988,0.2151972366797111,0.1594012975692749,0.06843314756652072,0.03769800000000001
2020-01-30,0.7042984232840235,0.21194588869903883,0.16207149624824524,0.06149411221580994,-0.02251900000000001
2020-01-31,0.7041962714841464,0.21858097483745173,0.1581210345029831,0.08304648381622173,0.038777000000000006
2020-02-03,0.7050143355516685,0.22066618823160244,0.15949605405330658,0.0678664225009831,-0.006860000000000033
2020-02-04,0.7059958560216044,0.21690624795572389,0.1570982038974762,0.05878778333338533,0.041313000000000016
2020-02-05,0.7083683536937101,0.21481371909830527,0.15461784601211548,0.05825910840721543,0.033968
2020-02-06,0.7094369219840059,0.2149696518316955,0.1545102745294571,0.05072076041559512,0.037451999999999985
2020-02-07,0.7096508715363065,0.214801880902916,0.15482723712921143,0.05023089288098484,0.039199999999999985
2020-02-10,0.7103335577184903,0.22356508247848492,0.15374375879764557,0.053822097331103186,0.042151999999999995
2020-02-11,0.7119382430707597,0.2230679900534582,0.15246255695819855,0.049703857038375265,0.04252
2020-02-12,0.7134845789509605,0.22140089969176038,0.15338361263275146,0.044147245791555545,0.03827900000000001
2020-02-13,0.7201759108836858,0.222835163199485,0.1535881608724594,0.0522350495568053,0.041993
2020-02-14,0.7214640181992551,0.2211102399763937,0.15288828313350677,0.04561238883613983,0.042985999999999996
2020-02-18,0.7239006628183234,0.22106123863797042,0.15347281098365784,0.05862132267980871,0.04158100000000001
2020-02-19,0.7250996920056506,0.21548787227683755,0.151960089802742,0.0539674109167016,0.03737299999999999
2020-02-20,0.7254550578764267,0.21625680976633965,0.15224167704582214,0.0555972391721114,0.04994900000000002
2020-02-21,0.7255875747219959,0.21555592899344736,0.15221039950847626,0.07223697384483366,0.05826099999999998
2020-02-24,0.7261095528471276,0.2140760984835981,0.1581185758113861,0.11980276898796813,0.013855000000000006
2020-02-25,0.726804447420696,0.22343469119062828,0.16058993339538574,0.14371052645142163,0.06351600000000002
2020-02-26,0.7290772837548554,0.21974242598950366,0.16065466403961182,0.15116298494801528,0.06322099999999997
2020-02-27,0.7298332850587917,0.23592521571722452,0.16296209394931793,0.20499792648673176,0.005722000000000005
2020-02-28,0.7291955023086419,0.2491166596060105,0.17061254382133484,0.2980352749389703,0.07699699999999998
2020-03-02,0.7273835297243614,0.23690569707114104,0.17733992636203766,0.14388838717573527,0.017498000000000014
2020-03-03,0.7250695112122134,0.22829557538235642,0.17670193314552307,0.17455966303326498,0.057228999999999974
2020-03-04,0.7229818289260096,0.21643313185053187,0.1736450344324112,0.07622872576753242,0.01738999999999996
2020-03-05,0.724413470628184,0.23102174173714116,0.17426559329032898,0.20690072469334458,0.14965500000000004
2020-03-06,0.7264523399524945,0.24553728760019555,0.1721285879611969,0.2808823485981417,0.15071
2020-03-09,0.7202286553999049,0.2404375378235746,0.1839713454246521,0.419941563836252,0.08217399999999997
2020-03-10,0.7144510879498295,0.25060863403828654,0.1974593549966812,0.290121766529282,0.225244
2020-03-11,0.7103369868683458,0.23987874164017423,0.19836634397506714,0.3881010194316381,0.020575999999999928
2020-03-12,0.6976722409966551,0.2675993639492014,0.21603937447071075,0.45766106454691646,0.25368100000000005
2020-03-13,0.6841155152762916,0.2623882594730022,0.21852736175060272,0.2679007329248778,0.16700999999999988
2020-03-16,0.659893678374352,0.2888091197391481,0.22126661241054535,0.4658136803600519,0.36532699999999996
2020-03-17,0.6452930486234575,0.28466679169882103,0.2258889377117157,0.3073016933243691,0.30071500000000007
2020-03-18,0.5991468107747656,0.2966981667239009,0.22763317823410034,0.42935532434386436,0.3372029999999999
2020-03-19,0.5565936816633356,0.2958252303697474,0.2268320918083191,0.2652821130303149,0.266184
2020-03-20,0.5483032393688758,0.2782362621218078,0.2248077243566513,0.1862145931227347,0.045401000000000025
2020-03-23,0.5366508087866563,0.28431069006514503,0.2241111844778061,0.15873972191074226,0.08516600000000007
2020-03-24,0.5305119262866453,0.2879183262385915,0.22835473716259003,-0.05106240558166408,0.16184999999999994
2020-03-25,0.5018664767062506,0.2852872751132053,0.23177878558635712,-0.027251732623143954,0.11971199999999993
2020-03-26,0.4972431615667641,0.2917463012163387,0.22780701518058777,-0.14462805503768428,0.23613400000000007
2020-03-27,0.49272356804385165,0.2947688421682972,0.22915831208229065,-0.12682685259015758,0.27389600000000003
2020-03-30,0.48607873674685453,0.28470043123229627,0.22634883224964142,-0.3044766688736107,0.16928699999999997
2020-03-31,0.4824961925062458,0.284060958794514,0.23024789988994598,-0.33774973989622115,0.16329099999999996
2020-04-01,0.47751795582803275,0.2813218536883779,0.23041199147701263,-0.23203410098979227,0.13085899999999995
2020-04-02,0.47265180470674917,0.2801383124544591,0.22402316331863403,-0.2756953561237945,0.13714700000000002
2020-04-03,0.46524683664001465,0.2790916134839621,0.22825723886489868,-0.296717765831077,0.11058899999999994
2020-04-06,0.4634084281222839,0.2802985081075028,0.22626763582229614,-0.37685780669052793,0.14296799999999998
2020-04-07,0.4525035211525731,0.28319468726924485,0.22918754816055298,-0.3395606877849916,0.152408
2020-04-08,0.44961727689043474,0.41005668089693326,0.2683912217617035,-0.2952148392369479,0.07207200000000002
2020-04-09,0.4440130869968732,0.4024680374498299,0.2698291838169098,-0.30930956364685247,0.14993299999999998
2020-04-13,0.4406514419090655,0.39898843252440097,0.27826085686683655,-0.2585430508129042,0.15686900000000004
2020-04-14,0.42799354252067207,0.38974827953970265,0.27564847469329834,-0.33895541900812853,0.168199
2020-04-15,0.42663785314542857,0.40033803795261874,0.26832443475723267,-0.21501978039242797,0.16186900000000004
2020-04-16,0.423407739525995,0.3842957227028327,0.28425002098083496,-0.19495649143211935,0.0884109999999999
2020-04-17,0.4183833522549075,0.36247429577918594,0.27981722354888916,-0.13816971453782745,0.07966999999999991
2020-04-20,0.41132257917597564,0.38860444832638424,0.2812240421772003,0.0191335287114881,0.127448
2020-04-21,0.4069683354710309,0.3842434585262776,0.28095975518226624,0.047001164425200526,0.09779699999999991
2020-04-22,0.40654928904569676,0.3769229342355187,0.2837485074996948,0.024409284918529672,0.10864799999999997
2020-04-23,0.40450050681989647,0.37103895151843447,0.2824496626853943,-0.019716866075828343,0.08152900000000007
2020-04-24,0.4017056508979054,0.36369116194945894,0.28514736890792847,0.025336553564231257,0.10229500000000002
2020-04-27,0.3960800832548795,0.3586291694294156,0.2842925488948822,-0.024441718861863193,0.11023899999999998
2020-04-28,0.3913204579765853,0.3538723526126489,0.28208231925964355,-0.042883129965840205,0.1051359999999999
2020-04-29,0.38763568776767104,0.3529932932159094,0.2812132239341736,-0.030075216260233795,0.10722699999999996
2020-04-30,0.3863926302261297,0.34683240390714726,0.2785155177116394,0.0032404881351075776,0.07664000000000004
2020-05-01,0.38593535404679735,0.35500100008964336,0.2799097001552582,0.03649317917404726,0.15165399999999996
2020-05-04,0.38482552752989757,0.35156859975933963,0.28166577219963074,0.057983580100699594,0.13876
2020-05-05,0.38295483001585373,0.33961875315391776,0.2828291654586792,0.05524152813862415,0.05955900000000003
2020-05-06,0.3787377159753711,0.3478343323080548,0.2833106517791748,0.04788419284841505,0.12588900000000003
2020-05-07,0.3765529900175789,0.32134979959567384,0.28105705976486206,0.03971699414480745,0.08004299999999998
2020-05-08,0.37830320266606204,0.31847737747333493,0.28260502219200134,0.031650474295948305,0.08925400000000006
2020-05-11,0.3774967759375365,0.32152903526560944,0.28428030014038086,0.05203194282071155,0.06366099999999997
2020-05-12,0.3758125943030092,0.32163768999480125,0.2828817665576935,0.08486515501846975,0.05916599999999994
2020-05-13,0.37505872608607765,0.3349514283848852,0.28069064021110535,0.18299278872760494,0.019982000000000055
2020-05-14,0.3626660817113797,0.34656415215471087,0.27968913316726685,0.14814799094068593,0.11096600000000001
2020-05-15,0.3607128439427148,0.3280568613635205,0.27821341156959534,0.14595472489362077,0.07777299999999998
2020-05-18,0.35640114796716343,0.32077843201950296,0.2773215174674988,0.10345328016241473,0.07311500000000004
2020-05-19,0.35422348349745264,0.30398955148599505,0.27300387620925903,0.13996970549352172,0.04438799999999998
2020-05-20,0.3545337181604673,0.2912518508303327,0.2663564383983612,0.11916611356543211,0.08430899999999997
2020-05-21,0.35387019777886614,0.288161973982135,0.26577028632164,0.10761996289135312,0.08269400000000005
2020-05-22,0.35267998390004207,0.2903129325318563,0.2648201584815979,0.10161306073456572,0.10256599999999993
2020-05-26,0.34772371660836343,0.2885867702828322,0.2583271563053131,0.1090518511148722,0.08197699999999997
2020-05-27,0.3434269686362463,0.28197065883577743,0.2500363886356354,0.12397065392802858,0.08708099999999996
2020-05-28,0.3395528426468976,0.2943402478636067,0.2546832859516144,0.1422015114596849,0.078071
2020-05-29,0.33678373449706317,0.292365475971086,0.2568620443344116,0.14012529114783273,0.078287
2020-06-01,0.3348569380370808,0.2898208476528966,0.25419163703918457,0.12903372155891968,0.07926900000000003
2020-06-02,0.3338380168702721,0.2859201291088172,0.25104761123657227,0.11949069056407885,0.07514399999999999
2020-06-03,0.3335481774896277,0.2727644396504301,0.24258935451507568,0.1369191363988541,0.05903199999999997
2020-06-04,0.3299066495609239,0.2720803452499589,0.2402980476617813,0.11746976651688812,0.08974500000000007
2020-06-05,0.3260880057299036,0.2563056648916467,0.24221645295619965,0.07588708545431355,0.08310399999999996
2020-06-08,0.32837474383941495,0.25651228478514876,0.24011532962322235,0.10199147758797039,0.07943500000000003
2020-06-09,0.32448689207820736,0.2599951419944039,0.23557080328464508,0.12145971474800149,0.06458000000000008
2020-06-10,0.32221743066476244,0.2654994862277097,0.241824671626091,0.1577281558070085,0.04638399999999998
2020-06-11,0.30112014480082855,0.33538845447725346,0.25282788276672363,0.2523212375141013,0.05413100000000004
2020-06-12,0.29377291763439994,0.32683433207698775,0.25445806980133057,0.2127984638337963,0.11402900000000005
2020-06-15,0.30102317153393576,0.31666572298595586,0.2481159269809723,0.20658223328627834,0.09275800000000001
2020-06-16,0.2932780935312843,0.30875651723785685,0.2416403889656067,0.13764123715781862,0.09007699999999996
2020-06-17,0.29817794414974774,0.3065855292246915,0.24501784145832062,0.13744593498667906,0.079812
2020-06-18,0.2962327881966,0.2983205676013892,0.25176364183425903,0.10401466903961276,0.08834199999999992
2020-06-19,0.2914592292696869,0.3029271732334126,0.25303366780281067,0.11043750032849636,0.07679000000000002
2020-06-22,0.29185356840728094,0.29168463557398294,0.25635412335395813,0.08350073556813137,0.03711900000000001
2020-06-23,0.29167294512090086,0.289771947545356,0.2601877450942993,0.06830701550189594,0.04301299999999997
2020-06-24,0.29292711625642404,0.3089602260844383,0.2595331370830536,0.1181583622007642,0.04891099999999993
2020-06-25,0.2925711394762338,0.2855899469604657,0.2569584548473358,0.1082957687049394,0.04380099999999998
2020-06-26,0.2901187235297319,0.3144692153402383,0.2597463130950928,0.16006172339685132,0.03374900000000003
2020-06-29,0.2893186967605201,0.30354999237430996,0.2610222101211548,0.0902643352969526,0.043259999999999965
2020-06-30,0.2885781261027304,0.2942348720978341,0.2591950595378876,0.06567729570274033,0.015062999999999938
2020-07-01,0.2879088829247894,0.2965688412295422,0.2542356848716736,0.0722120387149659,0.0005669999999999842
2020-07-02,0.28625261787029815,0.2941879250581869,0.24328933656215668,0.014031539807397797,0.023100999999999983
2020-07-06,0.28539658504623383,0.28064584026307604,0.2392163872718811,0.03614114461724094,0.020516999999999952
2020-07-07,0.2853724512087488,0.3014825046361336,0.24457131326198578,0.08540979166744744,0.03625500000000004
2020-07-08,0.2887857933108812,0.3015517911903936,0.2419160157442093,0.11090102150556258,0.042242
2020-07-09,0.28644054586128076,0.30314068424562274,0.28051912784576416,0.1277532162916878,0.0020599999999999508
2020-07-10,0.28431060927414964,0.2930462102712479,0.2801646590232849,0.10902172284055311,0.027792999999999957
2020-07-13,0.2831135524373769,0.2952801042356977,0.27743610739707947,0.19806378292134819,-0.023793999999999982
2020-07-14,0.2796810129183967,0.2988302334950917,0.29246124625205994,0.1411260302952279,0.006031000000000009
2020-07-15,0.2805078894632272,0.29022730779074163,0.28027796745300293,0.12086312506312707,0.020006999999999997
2020-07-16,0.27996393521049784,0.2929248686376,0.28021305799484253,0.13114505129756543,0.03094199999999997
2020-07-17,0.28078434678093256,0.2859541525794255,0.2646791934967041,0.11835137020838393,0.006603999999999999
2020-07-20,0.28068958953780304,0.2927808400136207,0.268608033657074,0.09350548980738954,0.020946999999999993
2020-07-21,0.2799599190443501,0.28768736408371465,0.27714768052101135,0.12849951998204223,0.013994000000000006
2020-07-22,0.2792440223679106,0.29145684303900865,0.2768619656562805,0.12144454778891034,0.018266000000000004
2020-07-23,0.2790461946324838,0.28916109406763096,0.2713053524494171,0.1150722453801844,0.030025000000000024
2020-07-24,0.27968966225731584,0.28879695112463105,0.26515260338783264,0.1059408757751244,0.015481999999999996
2020-07-27,0.280124445610377,0.28440820242746473,0.25112995505332947,0.1130125302610645,0.019430999999999976
2020-07-28,0.28018953982606964,0.28274285080532674,0.2475452870130539,0.11948464896729921,0.012071999999999972
2020-07-29,0.2793036435371504,0.2786936611662888,0.247529998421669,0.10653786203578741,-0.0033130000000000104
2020-07-30,0.27831151316649577,0.2826681469053818,0.2511676549911499,0.12081263891539284,0.005106999999999973
2020-07-31,0.2809701465066846,0.2901904425496899,0.2525210976600647,0.12248646568946642,0.009031999999999984
2020-08-03,0.2811926766341687,0.27796320948081227,0.25145405530929565,0.13510730786947872,-0.03692699999999999
2020-08-04,0.2850423573239269,0.29025795501004775,0.24823766946792603,0.12322825961162326,0.02211799999999997
2020-08-05,0.28602101515033396,0.2798233404009556,0.24504278600215912,0.12606629873049374,0.0072530000000000094
2020-08-06,0.2894479322644744,0.2724813369551427,0.24147923290729523,0.125419570715618,-0.01999899999999999
2020-08-07,0.2891278604005537,0.26416600269464785,0.2410064935684204,0.14197698209807275,-0.05122500000000002
2020-08-10,0.28968559623080525,0.26754712225496413,0.24303822219371796,0.15740415931538246,0.012973000000000012
2020-08-11,0.29645382867765435,0.26595976098623325,0.24380382895469666,0.16599972912291744,0.015522000000000036
2020-08-12,0.2946599283398463,0.26508041285667316,0.2471267729997635,0.16733693395234353,0.005475000000000008
2020-08-13,0.296215610310252,0.26543738073505313,0.24554449319839478,0.15605548824501891,0.020219000000000042
2020-08-14,0.295855155416682,0.26519670320799926,0.24546457827091217,0.15616878245316548,0.030742000000000047
2020-08-17,0.2952037645786847,0.26633110558641726,0.2496972680091858,0.19372062342971988,-0.0049980000000000024
2020-08-18,0.2963710254213765,0.2567294071126212,0.2480512410402298,0.14533994890486426,-0.06894900000000004
2020-08-19,0.2961993941471336,0.26583554149688776,0.24846714735031128,0.12830643525488658,0.017710999999999977
2020-08-20,0.2987054194692329,0.2698376041431163,0.24853868782520294,0.1346726455358278,0.014822000000000002
2020-08-21,0.2996532940345262,0.2692503203241222,0.24917155504226685,0.13410508189809534,-0.0023380000000000067
2020-08-24,0.298314624442542,0.265282331879543,0.24964500963687897,0.1290515983860034,0.01866000000000001
2020-08-25,0.29696786834746614,0.26868571289671433,0.2502611577510834,0.11537651773293806,0.04281999999999997
2020-08-26,0.2984800950374635,0.27136781054033776,0.250662624835968,0.13342358535849766,0.043576000000000004
2020-08-27,0.29942610298944466,0.272260834519975,0.2496662586927414,0.1489493240895937,0.03640700000000002
2020-08-28,0.2998010747666143,0.2701167219094104,0.2472728043794632,0.15154888530165184,0.036522
2020-08-31,0.30090298807621724,0.2680592828984749,0.2479865849018097,0.18487514985734052,0.02263299999999996
2020-09-01,0.30060763923920053,0.2703444710286783,0.24869182705879211,0.17142009694382818,0.03597900000000004
2020-09-02,0.30080954281758837,0.2674166023647371,0.242272287607193,0.1981502974364342,0.021284000000000025
2020-09-03,0.2956705657547173,0.28615494597010954,0.2593657970428467,0.1955756481470397,0.05311500000000002
2020-09-04,0.29253188360745225,0.2777833550097023,0.2597106695175171,0.16522477101430122,0.043995000000000006
2020-09-08,0.2924552301399511,0.2820695711271445,0.26079219579696655,0.20653163987187062,0.033996000000000026
2020-09-09,0.2917439142055409,0.2636865228442997,0.2594505250453949,0.15771993832620096,0.04358200000000001
2020-09-10,0.2896695891009939,0.2534761837378375,0.26424890756607056,0.14533930903648606,0.029637000000000024
2020-09-11,0.29158779505392196,0.24701420274732286,0.25911056995391846,0.14812602738545205,0.012317000000000022
2020-09-14,0.281369473844278,0.2540048460670976,0.2609334886074066,0.11967653010408513,0.01097999999999999
2020-09-15,0.2735649175160392,0.2558383940903041,0.2631545662879944,0.10221607411605582,0.030650999999999984
2020-09-16,0.26739941269551276,0.2544540270660156,0.2617040276527405,0.06122600477619017,0.009676000000000018
2020-09-17,0.26674391864320307,0.25277176655629613,0.2628619968891144,0.06346247396904553,-0.009151999999999993
2020-09-18,0.26525057384317463,0.2529348275720971,0.2614090144634247,0.07830776872598033,-0.01218600000000003
2020-09-21,0.26476406721711093,0.2698306595507351,0.2615467607975006,0.09484616572279003,-0.03517099999999995
2020-09-22,0.2664472219396382,0.26772301421277506,0.26117950677871704,0.09205416553572443,-0.07194
2020-09-23,0.2631907011289532,0.27999776172141777,0.26101723313331604,0.11227770460987213,-0.07463000000000003
2020-09-24,0.26160414326790626,0.29234186949748736,0.26592186093330383,0.10702591077297219,0.02679300000000001
2020-09-25,0.2622707705874748,0.27589469384920884,0.26697272062301636,0.078766272957846,0.03959999999999997
2020-09-28,0.2624681699286889,0.2649359335241375,0.26052963733673096,0.07906935243689606,-0.04370099999999999
2020-09-29,0.2605221512759955,0.27594422694564147,0.260785311460495,0.10341058661403646,-0.06384999999999996
2020-09-30,0.25887277245051316,0.2690247871304013,0.25425592064857483,0.09482642036761613,-0.08360499999999993
2020-10-01,0.25761456264709415,0.28042156631818504,0.25617119669914246,0.08163127575734624,0.01945899999999995
2020-10-02,0.2582659561026213,0.28631949213666197,0.25742796063423157,0.09092178365680625,0.03125300000000003
2020-10-05,0.2594991034306361,0.27884242387065744,0.2566215395927429,0.11605530211078335,0.03656100000000001
2020-10-06,0.26027593115499137,0.27983883282035477,0.25828787684440613,0.13567075356561442,0.030814000000000008
2020-10-07,0.2613517077948514,0.2542192509765111,0.2612724304199219,0.11185833646050475,0.03369
2020-10-08,0.26254563224319194,0.2510199848983078,0.2563888132572174,0.10785063105752762,0.02052599999999999
2020-10-09,0.26332722836023514,0.2428705946616064,0.25654736161231995,0.08548042145309298,-0.0006070000000000242
2020-10-12,0.26369097895498184,0.24482831778458453,0.25108271837234497,0.07846609571851076,0.01866100000000004
2020-10-13,0.26114157071366567,0.2478160497609438,0.2557740807533264,0.10256381365733236,0.03260999999999997
2020-10-14,0.26121620739457196,0.24547919025319825,0.25433820486068726,0.09799161092395436,0.023853999999999986
2020-10-15,0.26349766207814157,0.24608679787438845,0.2618962228298187,0.11358558889609399,0.028090999999999977
2020-10-16,0.2660258158360677,0.24722769595886754,0.26295778155326843,0.10589837018780068,0.04208700000000004
2020-10-19,0.26639043209420343,0.24676992771396628,0.25637781620025635,0.14341984618640963,0.00791900000000001
2020-10-20,0.2664595986439348,0.2458318495576251,0.2575397491455078,0.14559508014202183,0.007632000000000028
2020-10-21,0.2679856932229893,0.2474476986946442,0.26035276055336,0.12278036318572083,0.04106900000000002
2020-10-22,0.268832639981135,0.2440825708951471,0.2569315731525421,0.1303212870251501,0.038453000000000015
2020-10-23,0.26864616920306844,0.24124134670658337,0.25702789425849915,0.13819427317869096,0.03641100000000003
2020-10-26,0.2700487254580203,0.24490130289325904,0.25810322165489197,0.1699771089219646,0.028550999999999993
2020-10-27,0.2714192904580441,0.24888994919320495,0.2544383704662323,0.18765986072730015,0.016140000000000043
2020-10-28,0.27340869114892,0.25194184317459806,0.25619542598724365,0.24492863393043118,0.01877300000000004
2020-10-29,0.2711511854313281,0.25010586434052595,0.257763534784317,0.19888210980692816,0.015744000000000036
2020-10-30,0.2699173403357038,0.25604834718822267,0.25710782408714294,0.21535153449708216,0.06557999999999997
2020-11-02,0.26671145264222174,0.2606074057465944,0.2629028558731079,0.2061422684494318,0.05840200000000001
2020-11-03,0.26586361007885584,0.26262979125030234,0.26214683055877686,0.21730489594545288,0.054593
2020-11-04,0.26227780767665937,0.2461144138862589,0.25422579050064087,0.12930270755443657,0.036414999999999975
2020-11-05,0.25953341587024253,0.2461108921198401,0.25211653113365173,0.11065461283586947,0.02294799999999997
2020-11-06,0.2595199753747332,0.2443749337822307,0.2540099322795868,0.1131513992825236,-0.007928000000000046
2020-11-09,0.2502647988305515,0.2537171588665755,0.2532574534416199,0.10665711081455975,0.0047439999999999705
2020-11-10,0.25162484318992095,0.25318692195628706,0.25524455308914185,0.1030275525553786,0.005511999999999961
2020-11-11,0.2494964570789923,0.2467637431674057,0.2480294555425644,0.08085682200375505,-0.02087300000000003
2020-11-12,0.24977008627803066,0.2545565397670227,0.25582194328308105,0.09369799792640982,0.039368000000000014
2020-11-13,0.25039199933361284,0.25321101971985743,0.2534189224243164,0.08769851646235394,0.042278999999999956
2020-11-16,0.24984264481183782,0.24965854769220308,0.2528402507305145,0.06498364397865025,0.04559800000000003
2020-11-17,0.24911213280206923,0.25483126878673695,0.25297072529792786,0.06271077241372869,0.056779000000000024
2020-11-18,0.24747002667064263,0.2533986732006941,0.25137537717819214,0.06430902612946099,0.07563500000000001
2020-11-19,0.24795133532643743,0.24707414756241391,0.25422996282577515,0.052822439888651485,0.030259999999999954
2020-11-20,0.24780019003016254,0.24726637218355102,0.2559867203235626,0.05549504526886667,0.04025000000000001
2020-11-23,0.24951665034191461,0.24781322991980917,0.25218793749809265,0.050131464518012814,0.03872600000000004
2020-11-24,0.2502867415485783,0.2381425589997193,0.24285075068473816,0.06619920818661834,0.019793000000000005
2020-11-25,0.24931578912802663,0.2374952949194157,0.2429044246673584,0.05866499434300865,0.013975999999999988
2020-11-27,0.2488844130368606,0.24254555076854548,0.2434137910604477,0.0610198177156675,0.014039999999999997
2020-11-30,0.2503320525508698,0.2538455991461233,0.2514397203922272,0.07837429021881243,0.0027699999999999947
2020-12-01,0.26127360400123284,0.24855726316992546,0.24799944460391998,0.08863273572505032,0.020725999999999967
2020-12-02,0.2648179890032409,0.24228602224274842,0.24259154498577118,0.09855204676461637,0.033721
2020-12-03,0.26569503410533224,0.23964188514381357,0.23409385979175568,0.08322769189179419,0.011187000000000002
2020-12-04,0.26853024489812116,0.24480790118197324,0.2338559925556183,0.09693075232971765,0.04728099999999996
2020-12-07,0.2683276367943758,0.24426995052655534,0.23303766548633575,0.12521686806109383,0.01306999999999997
2020-12-08,0.2698272349117733,0.24227720998580934,0.2347605675458908,0.11344270520844951,0.013905999999999974
2020-12-09,0.2687768886149684,0.23494361099849362,0.21867641806602478,0.15296167002547728,-0.0011579999999999924
2020-12-10,0.26835208118023335,0.2381313257086322,0.2134108692407608,0.1465557669562405,0.01723800000000003
2020-12-11,0.26730511071786833,0.23763143394859748,0.22166994214057922,0.14571575041610008,0.02356600000000003
2020-12-14,0.26786118371766876,0.24463211737857923,0.22219961881637573,0.16584303389922506,0.011220000000000008
2020-12-15,0.2713924945339434,0.23814442743983116,0.2188163846731186,0.12486247840939957,0.029513999999999985
2020-12-16,0.27377936063271974,0.2313264348130944,0.21880102157592773,0.12491257682930917,0.026628999999999958
2020-12-17,0.2738420827603107,0.2314476263792988,0.21878714859485626,0.12707655212907418,0.03253800000000001
2020-12-18,0.275611834362288,0.22984984111414414,0.2226967215538025,0.14559702565044688,0.019035999999999997
2020-12-21,0.2749722687848346,0.23240438039140043,0.2211689054965973,0.14381251611479,0.03512399999999999
2020-12-22,0.2772372663339429,0.2315525842566826,0.22452303767204285,0.13895148627793877,0.030235999999999985
2020-12-23,0.2763727752297498,0.23178591680045244,0.21899272501468658,0.15557788765720806,0.016642999999999963
2020-12-24,0.277278698287436,0.23106342535281116,0.21581266820430756,0.1370499518973106,0.020252999999999965
2020-12-28,0.27600451310491797,0.23051251791941152,0.2142377644777298,0.13467744429221942,0.026282000000000028
2020-12-29,0.276613454857911,0.23016676037607187,0.2162065953016281,0.1516098936779501,0.020467999999999986
2020-12-30,0.27660543041494895,0.22899510343432947,0.2147298902273178,0.14239570997838874,0.023906999999999956
2020-12-31,0.2771743426996347,0.22836214442144695,0.21125875413417816,0.14910785615519292,0.01866300000000004
2021-01-04,0.27559820081033226,0.23546944076086,0.21339212357997894,0.18286819960128478,0.01785399999999998
2021-01-05,0.2740597178488933,0.23142683565867364,0.209845632314682,0.16308870533923278,0.022040000000000004
2021-01-06,0.269848881691663,0.23115417846397174,0.21067900955677032,0.1250542212246617,0.034856
2021-01-07,0.2675737561874147,0.24299247541773142,0.22359751164913177,0.11920166770483759,0.0018600000000000283
2021-01-08,0.2652742405639044,0.2451989677890078,0.2229762226343155,0.11100369790366671,0.0037820000000000076
2021-01-11,0.2643209993746792,0.24391954564623428,0.2286677211523056,0.1337226995620187,0.01594599999999996
2021-01-12,0.2647355593095987,0.23904844613450846,0.2264399230480194,0.13156868817776188,0.005886999999999976
2021-01-13,0.2676917687853573,0.2358803045941691,0.22797727584838867,0.14097966507553564,0.0016519999999999868
2021-01-14,0.26708500540953617,0.23094217908569467,0.22175465524196625,0.1359511324323468,-0.002483000000000013
2021-01-15,0.26307761420891806,0.24675624102364788,0.22525019943714142,0.08637581725268895,0.01793499999999998
2021-01-19,0.26178181214954516,0.24556799247203476,0.22477586567401886,0.0593050953980403,0.02808299999999997
2021-01-20,0.2638143685900616,0.24061142131755586,0.2257489413022995,0.06160534791831651,-0.008236000000000021
2021-01-21,0.2633605439501401,0.2392874831460898,0.22538748383522034,0.06013512672160054,0.017642999999999964
2021-01-22,0.26248532754562753,0.23987891557714877,0.2265666425228119,0.07761078567336166,-0.014222000000000012
2021-01-25,0.2607034106360982,0.246416431113184,0.2295500487089157,0.08818867390500851,0.023304000000000047
2021-01-26,0.2596450144793976,0.24573847214682332,0.2279253453016281,0.09380527962945234,0.020123000000000002
2021-01-27,0.2579566282866754,0.2754013065984821,0.23423422873020172,0.158695227574924,0.033472
2021-01-28,0.2567356204523703,0.2704893895246541,0.23068001866340637,0.12892263779287194,0.01436900000000002
2021-01-29,0.25384182938619226,0.27531613259540616,0.23736001551151276,0.13878888716282162,0.01447499999999996
2021-02-01,0.25279110224852447,0.2680815335524415,0.2322986125946045,0.11599778437433261,0.00040600000000001746
2021-02-02,0.25350997564999384,0.24548367959792503,0.22737091779708862,0.07513637688318686,0.0019199999999999773
2021-02-03,0.254642677009857,0.242968887704639,0.22705769538879395,0.07363549787351081,0.0006109999999999727
2021-02-04,0.2546381234885743,0.2397643335013469,0.2217181771993637,0.05997564511432596,-0.004310000000000036
2021-02-05,0.254783430477043,0.24643769573247304,0.2211204618215561,0.07589348296670229,0.025731000000000004
2021-02-08,0.2562966015999068,0.24268654293312766,0.22235527634620667,0.08247039067317108,0.009241
2021-02-09,0.2566054468468767,0.2397912090680621,0.22295689582824707,0.09115768719734407,-0.00017700000000003824
2021-02-10,0.2583795546206438,0.23489951751323362,0.2171175479888916,0.0953210194544365,0.022438000000000013
2021-02-11,0.25671286648176883,0.2356496024076365,0.21655860543251038,0.08404042123201277,0.007915000000000005
2021-02-12,0.2562801117738621,0.2330741663006879,0.21651539206504822,0.0877649504905868,0.021150999999999975
2021-02-16,0.2559467776707044,0.231809796377523,0.2161700576543808,0.1167430149200914,0.014393999999999962
2021-02-17,0.2551402050385188,0.22974510183128038,0.2167167216539383,0.1147812535351855,0.017393999999999965
2021-02-18,0.25574621196905584,0.23083765550343321,0.21711690723896027,0.11673569967227473,0.02021999999999996
2021-02-19,0.2552513647615639,0.23013297991999082,0.2168550193309784,0.10961998107884949,0.057093000000000005
2021-02-22,0.25355382497162243,0.22957713304107666,0.21786238253116608,0.10978709696563638,0.03736399999999995
2021-02-23,0.2511141967643942,0.22777932033989065,0.2185622900724411,0.11430330982346426,0.028954000000000035
2021-02-24,0.2524449782903273,0.226170069243927,0.21779079735279083,0.11918460773097853,0.02642699999999998
2021-02-25,0.24982975260724083,0.2315255309544713,0.21762226521968842,0.14818502121012803,0.061577999999999966
2021-02-26,0.24741679885203516,0.22537720855081383,0.21808293461799622,0.13642783130366953,0.009423000000000015
2021-03-01,0.24545373675090237,0.22620508803677086,0.21812152862548828,0.11297539383586819,0.027171999999999974
2021-03-02,0.24473015148803695,0.22579122726974088,0.21794144809246063,0.128294823535846,0.013728000000000018
2021-03-03,0.24177267327196744,0.22914034949922138,0.21916282176971436,0.1555357380151161,0.0072890000000000454
2021-03-04,0.22917339518980165,0.2400000187367418,0.22499172389507294,0.12020792863606611,0.041053000000000006
2021-03-05,0.22293512859805253,0.23263700049565306,0.2239856868982315,0.08669451222669178,0.041989
2021-03-08,0.2206440731749466,0.23987891708588044,0.2256363332271576,0.1057488528462085,0.03897400000000001
2021-03-09,0.21708686771223884,0.23258163508232063,0.2245357632637024,0.07508871013108787,0.04338900000000001
2021-03-10,0.21552486483460875,0.23343766305727423,0.2262881100177765,0.07502834811267112,0.01953900000000003
2021-03-11,0.21486350728950657,0.22877555196981414,0.22689540684223175,0.0596982175801985,0.015469999999999984
2021-03-12,0.21490710515080735,0.22827268060905204,0.22559672594070435,0.061874056576708636,0.018525999999999987
2021-03-15,0.21373629922282417,0.22798776430839102,0.22630545496940613,0.06314255674438624,0.014418000000000042
2021-03-16,0.21496490451463657,0.22356979954608358,0.22732652723789215,0.05096848612882687,0.0067230000000000345
2021-03-17,0.21902348271926622,0.22481083658574827,0.2273171991109848,0.042412376217787984,0.01671600000000001
2021-03-18,0.22190419085937504,0.22534110092868792,0.22506114840507507,0.05350529377937624,0.010838999999999988
2021-03-19,0.22028782855912035,0.2242290512776221,0.22600355744361877,0.04887748199376046,-0.016925999999999997
2021-03-22,0.2209728806187186,0.2219267138205442,0.22307728230953217,0.014083441547215303,-0.0013159999999999838
2021-03-23,0.2196313326959725,0.22623321399064025,0.22098933160305023,0.02711613225797721,0.029225999999999974
2021-03-24,0.2170110819141922,0.2254249060566223,0.22745414078235626,0.04373019802261685,-0.01618200000000003
2021-03-25,0.2144500417374786,0.2265228977963561,0.22675096988677979,0.02200379767434857,0.0015020000000000033
2021-03-26,0.21688590177846284,0.21983712122808455,0.22664356231689453,0.02187344582750822,-0.010263000000000022
2021-03-29,0.21531522402358658,0.22601560903693338,0.22676092386245728,0.05550487799539844,-0.021467000000000014
2021-03-30,0.2182805186569309,0.2237790594423899,0.22411870956420898,0.034098234420191886,0.018381000000000036
2021-03-31,0.21764893387246856,0.22276385168811685,0.22129926085472107,0.04676416161549746,0.00029400000000001647
2021-04-01,0.21774943290551818,0.21757767053617835,0.21533051133155823,0.017628463300410457,-0.010118999999999989
2021-04-05,0.21649872909306697,0.22667641434973793,0.2164631187915802,0.053701606703536575,0.008423999999999987
2021-04-06,0.21819612565270888,0.22468134652344224,0.21689735352993011,0.05954428797828015,0.006620999999999988
2021-04-07,0.2182196240969478,0.22409854352249034,0.2175617814064026,0.05714862828002876,0.01747299999999996
2021-04-08,0.21831705325321055,0.21848646232755903,0.21867705881595612,0.07510385319870114,-0.016681
2021-04-09,0.21822302500525842,0.20726220122067196,0.2172490358352661,0.06967097370049924,0.006048999999999971
2021-04-12,0.22060355909468896,0.2043851723507402,0.2136407345533371,0.06964494615614183,0.003483000000000014
2021-04-13,0.2207099989287311,0.2069349056505381,0.21205760538578033,0.07686997719421787,-0.03578600000000004
2021-04-14,0.22648070129508546,0.20796831276881295,0.21113444864749908,0.06299645530344783,-0.00950899999999999
2021-04-15,0.22330234034967578,0.20483974702782573,0.212396040558815,0.011568275139913181,-0.03561500000000001
2021-04-16,0.22372037566387426,0.20428783679572218,0.21040624380111694,0.017844641004974793,-0.06764799999999999
2021-04-19,0.22621641916077084,0.2060200481471191,0.2094600945711136,0.029668345120304696,0.005761000000000016
2021-04-20,0.2268112525810384,0.20523262252095031,0.21524403989315033,0.060629438593518464,-0.0044319999999999915
2021-04-21,0.22469266947397085,0.20092955526323716,0.21759846806526184,0.032980187354077095,-0.017932000000000003
2021-04-22,0.22528032832767536,0.20391418947317722,0.22288008034229279,0.055971051303873004,-0.03561799999999998
2021-04-23,0.22427011549622908,0.20361549792583036,0.22059613466262817,0.03953943177204364,-0.017898999999999998
2021-04-26,0.2237558136434999,0.2060256659373,0.21349455416202545,0.054086075851238896,-0.0005519999999999969
2021-04-27,0.2253981026162253,0.20234007548305005,0.21329334378242493,0.05314641211918453,-0.007914000000000032
2021-04-28,0.22603457418951645,0.2025631890677579,0.21040663123130798,0.0597580825885827,0.00214700000000001
2021-04-29,0.22623908386817124,0.20383388730658347,0.2110956311225891,0.05047852225991645,-0.005972000000000033
2021-04-30,0.2268026837908884,0.20311188953194192,0.21032075583934784,0.061646800122123424,-0.006783999999999957
2021-05-03,0.22794413325276522,0.2041604941970237,0.21000468730926514,0.05850880893864954,0.015781999999999963
2021-05-04,0.2303334446396786,0.20204824423180043,0.21050810813903809,0.07383651360403831,0.013654999999999973
2021-05-05,0.22920538134096075,0.2054486608591345,0.2099476456642151,0.058052196970948156,0.008992
2021-05-06,0.22855753376406032,0.20487836731964018,0.21072956919670105,0.06563094242153325,0.013475000000000015
2021-05-07,0.22807665037750574,0.20560411608137427,0.21028408408164978,0.04840030138812618,0.016374999999999973
2021-05-10,0.22764874016727085,0.20736070208866864,0.21088974177837372,0.061752293942130776,0.015847999999999973
2021-05-11,0.22758732736925666,0.20382158825481875,0.20851723849773407,0.06973732325941148,0.017747999999999986
2021-05-12,0.22546259640393812,0.21008289349842607,0.21106241643428802,0.10678698515248147,0.03786200000000001
2021-05-13,0.22405735713077707,0.2067195197889079,0.2083524763584137,0.07723172028038633,0.021069000000000004
2021-05-14,0.22518385564774504,0.2040383157912143,0.20616303384304047,0.05914679170733381,0.018387000000000042
2021-05-17,0.2263353541443937,0.20426993426096676,0.20576295256614685,0.08158920231987835,0.025790999999999953
2021-05-18,0.22810856649599176,0.20469346436348781,0.2059430032968521,0.08553982043087616,0.019116999999999995
2021-05-19,0.2273176953019057,0.20499542286379535,0.20578256249427795,0.09656722586395511,0.03131100000000003
2021-05-20,0.22726221479454994,0.20202232539988096,0.20615501701831818,0.08155919528345773,0.027857999999999994
2021-05-21,0.22745087880920187,0.2010277559220017,0.204196959733963,0.07760229627281232,0.024600999999999984
2021-05-24,0.227322946231623,0.20004503935291096,0.20529988408088684,0.07622014044389847,0.01592699999999997
2021-05-25,0.22526708398606174,0.19923822218952864,0.2042882740497589,0.07263074107148393,0.031101999999999963
2021-05-26,0.22698271670220374,0.1955712659594813,0.20376171171665192,0.05612273720743308,0.021179000000000003
2021-05-27,0.22755193826623082,0.20085734638902963,0.20389150083065033,0.05803591845892869,0.034331
2021-05-28,0.22759149411031906,0.19534491358614378,0.20430195331573486,0.052111357766629646,0.026229999999999976
2021-06-01,0.2287980366785005,0.19441148334967426,0.2055138796567917,0.06273226937707405,0.03001999999999999
2021-06-02,0.22939874403415356,0.19230168648083598,0.1934087574481964,0.0647695228901195,0.037269
2021-06-03,0.2292921873091806,0.1907394472004807,0.1825207769870758,0.07986479948858324,-0.001560999999999979
2021-06-04,0.22946399217860475,0.1896464692934921,0.18199430406093597,0.07119995653730951,0.010986999999999969
2021-06-07,0.23010439025754562,0.18927274052591472,0.17753928899765015,0.0670610006865843,0.019791999999999976
2021-06-08,0.2302642202260628,0.19004235892689658,0.17980754375457764,0.0727799806920559,0.01216600000000001
2021-06-09,0.2307669046415413,0.19103030285112726,0.1784038245677948,0.0919333337585129,0.021191000000000015
2021-06-10,0.23006896435771426,0.18848262581230724,0.17843984067440033,0.07918357573353457,0.01414700000000002
2021-06-11,0.2300015654806529,0.17894803868380027,0.17584936320781708,0.06781306791817893,0.024925000000000003
2021-06-14,0.22848423275063473,0.179697661800479,0.17862851917743683,0.08438372848927231,0.02069700000000002
2021-06-15,0.23031001717710609,0.1795216075929505,0.17738251388072968,0.09407868141006456,-0.009436999999999973
2021-06-16,0.2271517820020897,0.18899974177371626,0.18066594004631042,0.08344537364555368,-0.05175599999999997
2021-06-17,0.2193074533605637,0.19512951777731824,0.18512913584709167,0.062590074912619,0.007367000000000012
2021-06-18,0.2180458576508627,0.1883302857853176,0.1804713010787964,0.09705398828626943,-0.023320000000000007
2021-06-21,0.2211156217409697,0.1916495106745179,0.18150518834590912,0.08275161509213638,0.007686000000000026
2021-06-22,0.2196323848959223,0.19819080352271184,0.18244312703609467,0.06805097936265558,0.013022000000000034
2021-06-23,0.22055275361220225,0.19771279662649752,0.18372972309589386,0.06346193458538088,0.006417999999999979
2021-06-24,0.22182419977250004,0.18437249208562362,0.1838339865207672,0.07692827860420509,0.0026269999999999905
2021-06-25,0.2187827448174416,0.1842413432898832,0.18502378463745117,0.052953783857515174,-0.011203000000000018
2021-06-28,0.21801295552237113,0.1846801772142754,0.18280015885829926,0.058349381921660226,-0.0011140000000000039
2021-06-29,0.21721670936908768,0.18022768842015346,0.18163971602916718,0.04490719745525887,-0.014400999999999997
2021-06-30,0.21684804427161838,0.17920290305933265,0.18131691217422485,0.039388265869431976,-0.0006450000000000067
2021-07-01,0.21764476759833468,0.1838766510341935,0.18205904960632324,0.030947203690852215,0.004436999999999969
2021-07-02,0.2188811114751195,0.17976869864672249,0.1824992597103119,0.019586358972500606,0.0018000000000000238
2021-07-06,0.22033068366475678,0.18422966345298863,0.18118087947368622,0.03573147169431576,-0.0011280000000000179
2021-07-07,0.22100855423704702,0.1848690131779342,0.17976613342761993,0.03200129785349626,0.008526999999999951
2021-07-08,0.22117860576074763,0.1850171819415492,0.1774531900882721,0.060780444465826367,-0.015255000000000019
2021-07-09,0.22152331941448683,0.2151743919680117,0.18581001460552216,0.033702744901632886,0.00684499999999999
2021-07-12,0.22007587676807724,0.2163641658032527,0.19041423499584198,0.031819978490660206,-0.011998999999999982
2021-07-13,0.2215310240685336,0.21702792954950312,0.19078941643238068,0.026694899840330633,0.003139999999999976
2021-07-14,0.21481945843675448,0.21811399699558381,0.1887686550617218,-0.009568484981236969,-8.00000000000245e-05
2021-07-15,0.2161034623484847,0.21639555302787467,0.1854075789451599,-0.011300600715934861,0.007674999999999987
2021-07-16,0.21525154826888213,0.2200142066397155,0.18457213044166565,-0.004277241087373207,0.024453999999999976
2021-07-19,0.21461943738464376,0.21639319678024327,0.18776793777942657,0.06567014279288555,0.03358999999999995
2021-07-20,0.21236812427401844,0.2110872901863608,0.18472662568092346,0.026585065717154133,0.023619999999999974
2021-07-21,0.21242423364819032,0.2148455301391903,0.18414531648159027,0.00686530056281387,0.028691000000000022
2021-07-22,0.212911310068517,0.21121550738311626,0.18331342935562134,0.010226468863241883,0.02838200000000002
2021-07-23,0.21448324866634594,0.21486206719835396,0.18583546578884125,0.00530627208492912,0.0011470000000000091
2021-07-26,0.21496153570201054,0.21270820973625543,0.18822191655635834,0.021709854935492767,0.031306
2021-07-27,0.21372546495065858,0.21176463995018444,0.18855129182338715,0.03591332024669297,0.02986099999999997
2021-07-28,0.213309494444127,0.21055856113002538,0.18853674829006195,0.02676796781415744,0.03592200000000001
2021-07-29,0.2138142210168982,0.209697842149043,0.19047820568084717,0.023366208202642846,0.031501999999999974
2021-07-30,0.2132230866956993,0.20816328069125656,0.1891293227672577,0.03368073860127915,0.028301999999999994
2021-08-02,0.2123571266660978,0.2027410049850691,0.18922682106494904,0.02907854899119794,0.020789000000000002
2021-08-03,0.20840988868533858,0.20785573884052982,0.1897883117198944,0.015893948738387648,0.03628899999999996
2021-08-04,0.20727900664169496,0.2025305726143908,0.191472128033638,0.03876652268159983,0.03143100000000004
2021-08-05,0.20871635233602373,0.19997168277878116,0.18886999785900116,0.012681437373296717,0.033122999999999986
2021-08-06,0.21080502571330267,0.20724210903859086,0.19141662120819092,0.01599127243286158,0.028274999999999995
2021-08-09,0.20941012296824746,0.2045217988137075,0.19104862213134766,0.015405372121301275,0.046211
2021-08-10,0.20975812469747523,0.20720190684686782,0.19062809646129608,0.014574573148828013,0.03607100000000002
2021-08-11,0.20933331815604966,0.19911694559883328,0.18985123932361603,0.011773842208801677,0.029584999999999972
2021-08-12,0.2090134286085791,0.1986450832922914,0.18720918893814087,0.029848529772020627,0.02316299999999999
2021-08-13,0.20802234408529013,0.19842201846635507,0.18681612610816956,0.027250472455318114,0.035280000000000034
2021-08-16,0.2067352161408035,0.19778236449322648,0.18718589842319489,0.04557175952974152,0.02568999999999999
2021-08-17,0.2050440960222454,0.20052005679358878,0.18546298146247864,0.061895913072485265,0.03145600000000004
2021-08-18,0.20466821551954859,0.20369735904883804,0.1846313625574112,0.06770519574923209,0.040735999999999994
2021-08-19,0.2037095947286094,0.19783368765679557,0.18258725106716156,0.08098411616852896,0.046374000000000026
2021-08-20,0.2035975921024467,0.20158495745903335,0.18456315994262695,0.05915069483087651,0.04131400000000002
2021-08-23,0.20469277377362885,0.19836297089763968,0.18153619766235352,0.05691831195866784,0.029054999999999997
2021-08-24,0.20514827028242769,0.20501259492876872,0.18249432742595673,0.0504767701410358,0.033856
2021-08-25,0.20357281397251267,0.20620056336921488,0.187850221991539,0.048197817861829056,0.04239900000000002
2021-08-26,0.2022057683963078,0.2047811431230304,0.1845809817314148,0.05261478551977536,0.04422100000000001
2021-08-27,0.20541262600139296,0.20426331906116565,0.18778155744075775,0.030907665166258702,0.03557099999999999
2021-08-30,0.20670476115496525,0.20716951153156096,0.18762794137001038,0.04088051024908898,0.029084999999999972
2021-08-31,0.2075833777971824,0.2062237835180939,0.18283264338970184,0.04775584125410409,0.03971800000000003
2021-09-01,0.2108431470729629,0.20709352706825365,0.18763700127601624,0.053035863482123025,0.03690699999999997
2021-09-02,0.21230832466996122,0.20372696910279534,0.18189090490341187,0.053553901068556786,0.04527499999999998
2021-09-03,0.21385000774107585,0.20536495811829897,0.18724259734153748,0.04984786370810618,0.033438999999999997
2021-09-07,0.21407602203563147,0.20615576521287113,0.18746906518936157,0.06116934150230566,0.035855000000000026
2021-09-08,0.2141592484285496,0.20529636579148688,0.18215858936309814,0.06761888122382287,0.026343000000000005
2021-09-09,0.2135052709565142,0.2055700509827908,0.1805611550807953,0.07102003310166163,0.04239899999999999
2021-09-10,0.21605731803946943,0.20791156277734907,0.180922269821167,0.08791247644063965,0.029956000000000038
2021-09-13,0.2197227436874444,0.2058413936615104,0.17225481569766998,0.08229600098569798,0.04955999999999999
2021-09-14,0.21655878701641576,0.20488421203874485,0.17533333599567413,0.0894864881121974,0.03826099999999999
2021-09-15,0.21477268065144697,0.2037272692794144,0.1790311187505722,0.08187088802975859,0.03515299999999999
2021-09-16,0.2164993123277362,0.20123405647896017,0.16858914494514465,0.07983270638314927,0.042569000000000023
2021-09-17,0.2171860042954485,0.19960425494641645,0.1676056832075119,0.09641751545423513,0.035702999999999985
2021-09-20,0.21516852844191098,0.2088605165274346,0.17112161219120026,0.12837323526451414,0.07608599999999999
2021-09-21,0.2157105059082602,0.2069943808437313,0.17021754384040833,0.12263592776654841,0.08785399999999999
2021-09-22,0.21543101705607925,0.206195948531308,0.16789615154266357,0.08740393728546439,0.06201699999999999
2021-09-23,0.2129117744915775,0.20736738431742124,0.1695031374692917,0.060257474875051564,0.060591000000000006
2021-09-24,0.2131997798618463,0.2159054855628773,0.17319566011428833,0.062032453954453504,0.056864000000000026
2021-09-27,0.2137251173530267,0.21444577344106625,0.1720818281173706,0.06584654071292054,0.05715700000000001
2021-09-28,0.21213233232340498,0.21882185987070724,0.1750340461730957,0.0855651726434975,0.06400800000000001
2021-09-29,0.21208018181542374,0.21817570582366672,0.17535434663295746,0.09106444234636235,0.061768000000000045
2021-09-30,0.21127847669399083,0.21872131488230726,0.17415639758110046,0.10903709046535481,0.060836999999999974
2021-10-01,0.20982034124288204,0.2195808171847584,0.17448902130126953,0.08546384497502363,0.06406900000000004
2021-10-04,0.20979695198291423,0.21998999022909166,0.1777157485485077,0.08131809548903057,0.06487600000000004
2021-10-05,0.20931082009751212,0.2198485853257387,0.176634281873703,0.06317570741078954,0.05663499999999999
2021-10-06,0.20885743293046455,0.21831347186812758,0.1764499545097351,0.075091499279524,0.05972499999999997
2021-10-07,0.21109171921482808,0.21532769343661934,0.1839306354522705,0.059501627032761406,0.03448300000000004
2021-10-08,0.2114691104068685,0.21490059998503097,0.18733331561088562,0.04427473222149855,0.04439799999999999
2021-10-11,0.21137181383660572,0.21284306439090714,0.1854909211397171,0.048359158084255394,0.03837499999999999
2021-10-12,0.21072123864097117,0.21460950398863624,0.18462665379047394,0.05002813107548759,0.04199000000000003
2021-10-13,0.2103803652909401,0.21047584710091038,0.18099507689476013,0.04605342930170528,0.027575000000000016
2021-10-14,0.21018670115649535,0.20808129302344094,0.17827428877353668,-0.006544435716637903,0.027679999999999982
2021-10-15,0.20997401325459703,0.20843708260292748,0.18297801911830902,-0.012904883778252163,0.023430000000000006
2021-10-18,0.21058924650828265,0.20441392213535414,0.17892399430274963,-0.007502641267981419,0.020100000000000007
2021-10-19,0.21082080314068966,0.2095017383277004,0.17655524611473083,-0.007847241374864589,0.021847000000000005
2021-10-20,0.21231959662214986,0.20723003583130142,0.17719994485378265,-0.01073089187191803,0.027312000000000003
2021-10-21,0.2125345981743289,0.20824881961089556,0.17712268233299255,-0.0037385112318230607,0.012899999999999995
2021-10-22,0.21953991173000342,0.21126138606140618,0.1771700233221054,-0.0018144276611246068,0.010614000000000012
2021-10-25,0.22737423513800611,0.20815115194440498,0.17743001878261566,0.0005866752339671044,0.012217000000000006
2021-10-26,0.23038407352530127,0.20829555883064924,0.1782820075750351,0.0029443455620492553,0.007536999999999988
2021-10-27,0.23167594380598064,0.20782275258566102,0.17872337996959686,0.01199215472022655,0.01508000000000001
2021-10-28,0.23356781549148695,0.20454018201784135,0.17722728848457336,0.010975580602599233,-0.011198000000000041
2021-10-29,0.2342157532056149,0.1994443876995136,0.17091403901576996,0.013562470469289878,0.01938300000000001
2021-11-01,0.2352960012694939,0.19893018616053154,0.16755707561969757,0.01359408185518074,0.02318300000000001
2021-11-02,0.23627647070707594,0.19913107397553717,0.16955946385860443,0.03262985960217307,0.0005000000000000004
2021-11-03,0.2356630955891607,0.20054958335455866,0.17086167633533478,0.029937265561051557,0.0064690000000000025
2021-11-04,0.23557381405385905,0.20529426352925934,0.17426277697086334,0.037234686050081844,0.01440099999999997
2021-11-05,0.23662029928920417,0.20187351155515335,0.17057807743549347,0.03991482915800565,-0.028375999999999957
2021-11-08,0.23611537875334226,0.20646688761744347,0.176662877202034,0.03355420093123082,0.014095000000000024
2021-11-09,0.23642753757654664,0.207254155704433,0.17336086928844452,0.05252684671988356,-0.005749999999999977
2021-11-10,0.2374123367417225,0.20796290826643665,0.1734018623828888,0.0602809227615595,0.011882000000000004
2021-11-11,0.24246228925509844,0.20631178565605246,0.1743919402360916,0.049874313124588815,-0.006554000000000004
2021-11-12,0.24352277270741532,0.20620195675909697,0.17450830340385437,0.04729324309252325,0.017982000000000026
2021-11-15,0.24354728837169393,0.20510844206584858,0.17196741700172424,0.04500758182071793,0.011215000000000003
2021-11-16,0.24313739098568546,0.2067956854665904,0.17085418105125427,0.051259034253516966,0.0021330000000000238
2021-11-17,0.24656014552473718,0.2061747797727989,0.1694318652153015,0.061344473333011046,-0.0023980000000000112
2021-11-18,0.2474394076742493,0.2064261979924707,0.17138533294200897,0.0545085368364662,0.01657599999999998
2021-11-19,0.24730096806898283,0.2084200429567463,0.1702924519777298,0.0770621660765026,0.022729
2021-11-22,0.2481801289840607,0.2056603703110741,0.1693679243326187,0.08011819519953464,0.022226999999999997
2021-11-23,0.2550432659072329,0.20668823950918935,0.1711297631263733,0.09193673358266033,0.022214999999999985
2021-11-24,0.25805162374744683,0.20165664806527617,0.1698661744594574,0.09199260339778906,0.017030000000000045
2021-11-26,0.25884383729840627,0.20480568058639922,0.17157696187496185,0.1437166481388293,0.043588000000000016
2021-11-29,0.2586126318429068,0.20402404774524036,0.17095303535461426,0.116971616399772,0.011521000000000003
2021-11-30,0.26863163579962035,0.21405530586365454,0.17538030445575714,0.1349520089808781,0.037881
2021-12-01,0.2690955257780604,0.21814137375560178,0.17927204072475433,0.15143896060528214,0.04224699999999998
2021-12-02,0.26930004118089446,0.21800040910673088,0.18217100203037262,0.11569161244148404,0.05970399999999998
2021-12-03,0.2729671334189251,0.22399371493873216,0.18961209058761597,0.1525235009092592,0.07098399999999999
2021-12-06,0.27604904099307226,0.2130660923036729,0.18331794440746307,0.11575763655560514,0.059623999999999955
2021-12-07,0.27673169444828644,0.2187767791470836,0.18579047918319702,0.06849972126948767,0.06190699999999999
2021-12-08,0.27874866893022027,0.21833536280061042,0.17980588972568512,0.0688744464175085,0.05556999999999995
2021-12-09,0.2780119305187752,0.21948217276537,0.1843937188386917,0.07330414439824073,0.005746000000000029
2021-12-10,0.27694825350562924,0.2167534261497366,0.19338352978229523,0.05091827488639411,0.025932999999999984
2021-12-13,0.2773505347939797,0.21480380503325724,0.18896380066871643,0.055766567944461776,0.034658999999999995
2021-12-14,0.27875174283150406,0.2139284593177758,0.18072043359279633,0.06615379235112057,0.026232000000000033
2021-12-15,0.28067502926526944,0.21210059592602368,0.1744309812784195,0.045585733079989005,0.033731999999999984
2021-12-16,0.28028254666021046,0.21443518035141404,0.1741759330034256,0.06139489895737088,-0.013268000000000002
2021-12-17,0.2789805205677555,0.21266172018334545,0.17708829045295715,0.06845835677919063,0.03792699999999999
2021-12-20,0.278549406391865,0.2163735925535338,0.18174991011619568,0.08143802930756389,0.053979
2021-12-21,0.2793794317452193,0.21796861713335905,0.18028689920902252,0.04591379911187779,0.029047000000000045
2021-12-22,0.2789134343942148,0.218198125430121,0.1790626347064972,0.030664931956772196,0.03322899999999995
2021-12-23,0.27891867633630435,0.21452306691864975,0.1780073642730713,0.022939598962455315,0.01730200000000004
2021-12-27,0.2808202211449895,0.21726544471930836,0.17465269565582275,0.038188049150102044,0.040286000000000044
2021-12-28,0.2810574754430309,0.21042073187151963,0.17361003160476685,0.036776196897223556,0.012931000000000026
2021-12-29,0.2838154452339334,0.21056385051476603,0.17254480719566345,0.04094701114918356,0.014253000000000016
2021-12-30,0.284972289157025,0.21281404067216647,0.1729603111743927,0.03817051594036747,0.01288900000000004
2021-12-31,0.2882221164825483,0.21167042644925876,0.1711912602186203,0.0489300632956986,0.015217000000000036
2022-01-03,0.28716652862846115,0.20865165736927235,0.1696757674217224,0.047902699455746156,0.014249000000000012
2022-01-04,0.28731835903166064,0.2058600040750232,0.16698099672794342,0.05762471976584446,0.014178999999999997
2022-01-05,0.2864621527944172,0.20709925283668165,0.16821248829364777,0.07397314864636906,0.017186000000000035
2022-01-06,0.2871880690150476,0.22421080616128372,0.18317757546901703,0.07028132135112528,-0.013336000000000015
2022-01-07,0.28771361781383376,0.2251193682221926,0.18287664651870728,0.06552995873289755,0.012021000000000004
2022-01-10,0.2899244641469511,0.21841302268878415,0.1853974163532257,0.0797451602190592,0.011284000000000016
2022-01-11,0.29077210223872807,0.21143123623586998,0.1858144849538803,0.07209407229979817,0.010857000000000006
2022-01-12,0.2891839854643593,0.20959356308064545,0.1831410974264145,0.06426278113981121,0.010701000000000016
2022-01-13,0.29109618717733315,0.20763047229922682,0.1830710470676422,0.053820638216564354,0.030320999999999987
2022-01-14,0.2947706681815284,0.20405979592868737,0.18016719818115234,0.03387042332779558,-0.05967599999999995
2022-01-18,0.2940878277793398,0.21730762904672046,0.1862969845533371,0.04659489081488474,0.027351000000000014
2022-01-19,0.29437621829054034,0.22804371694853134,0.18689101934432983,0.05220009340121348,0.021036
2022-01-20,0.2930322839325416,0.22349470025485582,0.18449586629867554,0.051609537179367865,0.026612999999999998
2022-01-21,0.2920676985588073,0.22911283524696968,0.183889240026474,0.07605101288867691,0.015493999999999952
2022-01-24,0.2892304382707238,0.23643616988090968,0.18843074142932892,0.08125143917035071,0.07259900000000002
2022-01-25,0.28497846310300606,0.2413535199587146,0.1946692168712616,0.07121388532097656,0.06833899999999998
2022-01-26,0.2835339829833986,0.23486273571956512,0.1973833441734314,0.046176068438198214,0.067073
2022-01-27,0.282574294179943,0.24040166869700097,0.20095385611057281,0.061305228077502716,0.06085800000000002
2022-01-28,0.2829620834035358,0.23444366280956616,0.19996629655361176,0.019060768533074146,0.05909900000000001
2022-01-31,0.2831337339661639,0.22432242097275443,0.2000885158777237,0.0046853858099535906,0.053219000000000016
2022-02-01,0.28527851512195906,0.21669085613173703,0.19293642044067383,-0.01700512763585077,0.05022700000000002
2022-02-02,0.28710908434763377,0.21555159986623817,0.19051364064216614,-0.012749057154803067,0.04678099999999996
2022-02-03,0.2889583884765411,0.22129149499125,0.19767425954341888,0.007329420751228721,0.05792400000000003
2022-02-04,0.28948577170244627,0.21497108440674734,0.19451279938220978,-0.0011727893013970814,0.04136299999999998
2022-02-07,0.2905578703799617,0.21396925703640682,0.19378192722797394,-0.008744678388726668,0.052839000000000025
2022-02-08,0.2985974189890334,0.2121684230622918,0.19329234957695007,-0.01516095621611152,0.039951000000000014
2022-02-09,0.3039867584639484,0.21044875264672314,0.19156479835510254,-0.024058780037567118,0.038803000000000004
2022-02-10,0.3083924737164885,0.21231362189667266,0.19598747789859772,-0.00877625419309791,0.04787399999999997
2022-02-11,0.3047302296617499,0.2119696141709253,0.2018021196126938,0.012280425765422265,0.052487000000000006
2022-02-14,0.30501622799319056,0.21295753975112833,0.20316755771636963,0.022194958892624295,0.059955000000000036
2022-02-15,0.30756684217570746,0.21020735155004996,0.20272356271743774,-0.0017947131668537564,0.04881200000000002
2022-02-16,0.31038637487634907,0.20978601181389336,0.2003059834241867,-0.011429172939181054,0.04428900000000002
2022-02-17,0.30998689506785226,0.22508313433475508,0.20776261389255524,0.017531019846479867,0.070498
2022-02-18,0.3148819625628348,0.22696241448633536,0.205583855509758,0.028731700672294913,0.068328
2022-02-22,0.31907760460871726,0.23101044755907704,0.20548012852668762,0.041049865126103424,0.07469599999999998
2022-02-23,0.3202574014452099,0.23543478503559653,0.21034052968025208,0.0717829145894116,0.07879900000000001
2022-02-24,0.3152267385379029,0.24232367913014635,0.2172137200832367,0.08688908768273401,0.07686700000000002
2022-02-25,0.3135204622381053,0.23903940706111557,0.20767153799533844,0.057831534408756935,0.060309
2022-02-28,0.31107722324279447,0.253743837432058,0.23109343647956848,0.10375328455510568,0.085229
2022-03-01,0.311424635682956,0.2559943973618262,0.23133689165115356,0.16910162461714573,0.100802
2022-03-02,0.30503668549723634,0.2541690656267895,0.23040756583213806,0.09778443061100267,0.07881499999999997
2022-03-03,0.30306481135217944,0.257728698569716,0.2319297045469284,0.101429292411081,0.09499400000000002
2022-03-04,0.30216429023006464,0.2626158731426131,0.23505067825317383,0.13433705354070097,0.11554699999999996
2022-03-07,0.2987178308945649,0.27082970487516234,0.2346457540988922,0.15660694652623602,0.137793
2022-03-08,0.29559372893161856,0.2658348269256431,0.23499184846878052,0.1310801675983615,0.11958899999999995
2022-03-09,0.29536722957801714,0.2568873034651706,0.23362281918525696,0.10027736731713949,0.099941
2022-03-10,0.2941411636448735,0.2508924870308484,0.23465928435325623,0.09422032139432224,0.08348100000000003
2022-03-11,0.2959285569119848,0.25954041658675314,0.23503540456295013,0.09018630013305845,0.09038200000000002
2022-03-14,0.2967067737690453,0.2500206199499935,0.2350149005651474,0.0963631847242144,0.088648
2022-03-15,0.29742795978285286,0.24496663993890025,0.2346307933330536,0.07693145475515245,0.08373799999999998
2022-03-16,0.29838811128309073,0.24509133090127597,0.22466106712818146,0.03126900843399505,0.05740700000000004
2022-03-17,0.29726320668736816,0.24443919277600865,0.22843097150325775,0.003655664862631691,0.06905800000000001
2022-03-18,0.29875601310040556,0.24327159551618363,0.2258979082107544,-0.010461002768154148,0.054649
2022-03-21,0.29912503801818635,0.2420810071531064,0.22036205232143402,-0.010650502733672518,0.063836
2022-03-22,0.29991989103311495,0.24073185520051546,0.21948714554309845,-0.029265494153028315,0.055757
2022-03-23,0.30045990019002144,0.24183693025174838,0.21958686411380768,-0.013430949221355959,0.05779300000000004
2022-03-24,0.3053009014423578,0.23705181551438317,0.2192268818616867,-0.017893507795108843,0.0072810000000000374
2022-03-25,0.3065440821825278,0.24042641890432687,0.22011798620224,-0.01043755376342459,0.03325699999999998
2022-03-28,0.3091522498312305,0.2421335182787363,0.22693030536174774,-0.005990825257367216,0.052507000000000026
2022-03-29,0.30999649368141696,0.24018829312966616,0.2250603586435318,-0.021437818845110868,0.03256299999999995
2022-03-30,0.31023638810400217,0.24397499112981186,0.22709950804710388,-0.013414279296587561,0.043594999999999995
2022-03-31,0.31167701025071504,0.24520797830158408,0.2271522581577301,0.04004240782173718,0.024021999999999988
2022-04-01,0.31187286511641027,0.24609049658296056,0.2285679131746292,0.04276164642497404,0.037695000000000034
2022-04-04,0.3122984250418002,0.2452753760703159,0.2160290777683258,0.025736498553987575,0.043260999999999994
2022-04-05,0.311871847400479,0.24787610913096808,0.2170514464378357,0.062001005401513876,0.056550000000000045
2022-04-06,0.3126726672095856,0.2458379614427066,0.22758518159389496,0.08955066723759472,0.08266299999999999
2022-04-07,0.3104695946370143,0.2774071700555322,0.2551719546318054,0.09181932773894097,0.06824999999999998
2022-04-08,0.31153285183389845,0.27185618753402613,0.2523890733718872,0.08712485006697895,0.06888099999999997
2022-04-11,0.30922048563092797,0.27892811217771857,0.25436049699783325,0.0980658313588435,0.06826300000000002
2022-04-12,0.3094914254059862,0.2746245730713974,0.24860061705112457,0.10516199181630398,0.066268
2022-04-13,0.32621414401360893,0.27037981759372137,0.2500746548175812,0.06787865583799241,0.05665100000000001
2022-04-14,0.3266226162629161,0.2800682718397307,0.2566346824169159,0.03625285168718251,0.04980300000000004
2022-04-18,0.3233135037744626,0.28503046462496157,0.26073864102363586,0.04686792950770069,0.05759599999999998
2022-04-19,0.32319126000577464,0.28047342165364264,0.25551968812942505,0.030174711132671006,0.05196599999999996
2022-04-20,0.32256697929575767,0.27837435927718357,0.2555132508277893,0.014879804255624796,0.05833299999999997
2022-04-21,0.32385887824172516,0.28177297005475205,0.2599879205226898,0.034621182763738045,0.055267999999999984
2022-04-22,0.32407914943090144,0.283198388783127,0.2597925662994385,0.0727097366211717,0.06181700000000001
2022-04-25,0.3238848917417919,0.28499319343175317,0.26726943254470825,0.06225019179520053,0.077011
2022-04-26,0.32353403418706445,0.2818575573795355,0.2619113028049469,0.09851119808878128,0.07544499999999998
2022-04-27,0.3243583221709599,0.2807654316563725,0.26022613048553467,0.10172815840584631,0.07352599999999998
2022-04-28,0.32367674956821935,0.2832682690038051,0.260200560092926,0.06714799744293087,0.08299099999999998
2022-04-29,0.32246154066111554,0.28366666402994317,0.26237383484840393,0.10013328372319702,0.07823400000000003
2022-05-02,0.3222404683774522,0.28348925573915346,0.26144614815711975,0.10780713323495283,0.08363000000000004
2022-05-03,0.32003488933013946,0.2830168507206145,0.26179561018943787,0.08607569729685371,0.06955100000000003
2022-05-04,0.31779201600511814,0.2827141355076025,0.26172778010368347,0.04572005306640142,0.06591200000000003
2022-05-05,0.3174957335185365,0.28552807075894676,0.2673775255680084,0.0857114424127039,0.075677
2022-05-06,0.3156419131233579,0.2820442469669106,0.2658542990684509,0.0680477983797273,0.06990000000000002
2022-05-09,0.3138579716926884,0.28239881325639116,0.2678859829902649,0.11961668684560711,0.07593100000000003
2022-05-10,0.3078886234783676,0.28811092278058964,0.27646952867507935,0.10094422706453537,0.08176300000000003
2022-05-11,0.3024543346157406,0.2920259088283717,0.2786014676094055,0.10292795906143692,0.07877799999999996
2022-05-12,0.2974517097726413,0.2934203031859005,0.28411591053009033,0.0964859248035802,0.09504800000000002
2022-05-13,0.29713714174643213,0.28954742710307585,0.27519461512565613,0.05929816894381851,0.07120500000000002
2022-05-16,0.2960990884873463,0.28675247371028156,0.27841103076934814,0.04877417518408833,0.076411
2022-05-17,0.2932874029327042,0.28166887871879487,0.26858654618263245,0.031379881362351925,0.06013599999999997
2022-05-18,0.2901899452200279,0.2865415825826098,0.2794123589992523,0.07530439706484982,0.07914400000000005
2022-05-19,0.2885199010394356,0.28300374513251325,0.2779559791088104,0.05646842857079587,0.07108999999999999
2022-05-20,0.28250754278886403,0.2868213697342617,0.2909218370914459,0.03722707283689397,0.07753399999999999
2022-05-23,0.2775554955997867,0.28366277142161356,0.28491249680519104,0.020719729422092936,0.06380000000000002
2022-05-24,0.275164232737736,0.2846878040497838,0.293074369430542,0.022630585623657995,0.07723799999999997
2022-05-25,0.2747278423502233,0.28135845865480796,0.27549558877944946,0.014738202500438946,0.06636999999999998
2022-05-26,0.27626030465341217,0.2768103769036393,0.2575715482234955,-0.006875724761766122,0.05729500000000004
2022-05-27,0.27582675120751177,0.2740561439462985,0.26285892724990845,-0.0278548661261257,0.06903699999999996
2022-05-31,0.2746767039582002,0.2720012571214545,0.2610892057418823,-0.01187233320709491,0.05537500000000001
2022-06-01,0.2715085614860647,0.2734064041530866,0.25804463028907776,-0.010328762021911297,0.059460999999999986
2022-06-02,0.2718785841805535,0.2739257518870586,0.2596365809440613,-0.03568508840794893,0.06409300000000001
2022-06-03,0.27401652053987996,0.2789544941774028,0.2649215757846832,-0.020250665385519506,0.068411
2022-06-06,0.27498527036313275,0.2755216569428137,0.2621632516384125,-0.013600004674669708,0.06307700000000005
2022-06-07,0.2746063633341135,0.2701113037327471,0.2596469223499298,-0.017542343049650744,0.054810000000000025
2022-06-08,0.27560955253792024,0.27254474626235925,0.26002734899520874,-0.00975755305246806,0.06434299999999998
2022-06-09,0.27517113668017473,0.2742232928741014,0.2638038992881775,0.03828503728549687,0.06457000000000002
2022-06-10,0.27250810988804103,0.27836733373116934,0.26645904779434204,0.08648161857200137,0.060309999999999975
2022-06-13,0.27236211298960744,0.2849623912447316,0.28022894263267517,0.1428525144220762,0.09117700000000001
2022-06-14,0.2745310670039995,0.28291751511413776,0.281083881855011,0.1145134739589932,0.08022499999999999
2022-06-15,0.2726408763640259,0.2794239916863424,0.2726784646511078,0.08568452108688612,0.06211100000000003
2022-06-16,0.27102010096081697,0.2841925406442906,0.28477129340171814,0.11134499404640669,0.08570999999999995
2022-06-17,0.26965308091610324,0.2818906559040041,0.2758915424346924,0.11819740597674588,0.056659000000000015
2022-06-21,0.27015626653027,0.2819485224445188,0.2758946418762207,0.09243181300849102,0.07529000000000002
2022-06-22,0.2706536926582489,0.27996172707083994,0.2506445050239563,0.13794043840052006,0.063749
2022-06-23,0.2698723417032887,0.28223974492620096,0.2537757456302643,0.14863035605713543,0.07620300000000002
2022-06-24,0.2697199051586138,0.2836087652775866,0.2695498764514923,0.09853153060039171,0.07553899999999997
2022-06-27,0.2719622909950484,0.2841793874026212,0.26929765939712524,0.10082132365840446,0.07716799999999996
2022-06-28,0.2690479935489284,0.2850563975000755,0.2523040473461151,0.09438356407246096,0.06961999999999996
2022-06-29,0.26852627548280206,0.27830772590261044,0.24953404068946838,0.0833090206391956,0.07599
2022-06-30,0.2668116565114055,0.27970862948189257,0.25139251351356506,0.09411940571077848,0.08266000000000001
2022-07-01,0.26648502844069094,0.27767931903695653,0.24930663406848907,0.08302094549437983,0.079876
2022-07-05,0.2680299887669088,0.2793474854157363,0.25228479504585266,0.09534576399566252,0.089536
2022-07-06,0.26751240988932073,0.2822004397221944,0.2525370419025421,0.09474572805779297,0.08818900000000002
2022-07-07,0.2682559746396909,0.27863909091165273,0.2501453757286072,0.07227640138417663,0.080233
2022-07-08,0.2687207901711818,0.27743103856538587,0.24809598922729492,0.07364551432063982,0.06543699999999997
2022-07-11,0.2690049469338116,0.26954188041625543,0.25688597559928894,0.08747099742972703,0.080349
2022-07-12,0.26703741727489816,0.27632703868150776,0.2700408697128296,0.08550667326659245,0.07716100000000004
2022-07-13,0.2665470157775263,0.2763306488300672,0.268246054649353,0.10791957168400285,0.06730900000000001
2022-07-14,0.2681735125147248,0.2745557475910393,0.27196258306503296,0.09139523414458206,0.079731
2022-07-15,0.2566744339862183,0.30517594783328766,0.2852972149848938,0.013527333678846787,0.056593000000000004
2022-07-18,0.25766601012862256,0.298703267510245,0.2853725850582123,0.009056347522062802,0.05714800000000003
2022-07-19,0.25812561387211047,0.2886791143763779,0.28120511770248413,-0.011384506772980696,0.064467
2022-07-20,0.26062056294027197,0.2675078380906047,0.2807687819004059,-0.015832944103142177,0.07253100000000001
2022-07-21,0.2624899698837491,0.2613060392335668,0.2716318666934967,-0.03371791027851778,0.064048
2022-07-22,0.26229659088016494,0.25835266426001846,0.26821771264076233,-0.035966944376905174,0.06562300000000004
2022-07-25,0.2634707066969616,0.2616036251379408,0.27125489711761475,-0.020971343885855753,0.06382499999999997
2022-07-26,0.26114424100861666,0.26711937264535146,0.2705017328262329,-0.007362827323432686,0.06724399999999997
2022-07-27,0.2618781759791447,0.2651874464926087,0.2676831781864166,-0.02061101907961549,0.05519200000000002
2022-07-28,0.2601704774338769,0.26610534502163513,0.26851505041122437,-0.027195436667441453,0.055703999999999976
2022-07-29,0.26029312395555043,0.2663786911664761,0.26995816826820374,-0.04168562195360914,0.05764200000000003
2022-08-01,0.26130917167605155,0.26592628900737497,0.27211931347846985,-0.02451497649300438,0.059421999999999975
2022-08-02,0.2604940455396002,0.26781060517734806,0.27168190479278564,-0.002595374740796519,0.061307
2022-08-03,0.25972146764362847,0.26708715454590615,0.2716701030731201,-0.01454731401179582,0.05826600000000004
2022-08-04,0.2625435966907795,0.263968850786202,0.2726641893386841,-0.0009284536068985272,0.05877500000000002
2022-08-05,0.26097566205530387,0.262987467102925,0.27155065536499023,-0.021703595402287168,0.056869
2022-08-08,0.26271948709279247,0.2640758255426345,0.2689378559589386,-0.008817566387487763,0.05345899999999998
2022-08-09,0.2629614118273808,0.26123416593988724,0.2605186700820923,-0.012037160055568763,0.054699
2022-08-10,0.2607368216949863,0.26008525456616943,0.2508205771446228,-0.025579706552811665,0.043879
2022-08-11,0.2608040084408335,0.25844578167620796,0.25606679916381836,-0.023455432346552396,0.04635699999999998
2022-08-12,0.2643379787808386,0.2569977173106065,0.2484584003686905,-0.029964882135451454,0.04069400000000001
2022-08-15,0.2673275137350664,0.24869107917959246,0.23980946838855743,0.035091329594293896,0.046450999999999965
2022-08-16,0.26701308614452074,0.24873563745915758,0.23065310716629028,0.0431285760915005,0.04428299999999999
2022-08-17,0.27139674712219647,0.25148267132815993,0.23543761670589447,0.04993263188275762,0.04943799999999998
2022-08-18,0.27153922180188333,0.2492130687977033,0.23878420889377594,0.04135728687717152,0.044855000000000006
2022-08-19,0.2712145725348776,0.2528589967184075,0.24513182044029236,0.0575977477499367,0.052632999999999985
2022-08-22,0.2717572987231118,0.25743795223504445,0.2453610599040985,0.09027905232803116,0.056138999999999994
2022-08-23,0.27177235356494356,0.25601186330996406,0.24697959423065186,0.09691957360038855,0.04965799999999998
2022-08-24,0.27156873737997805,0.2549821906862239,0.2475157529115677,0.09926117165847612,0.05522200000000005
2022-08-25,0.27305020945667013,0.25594932463213343,0.24910417199134827,0.08778723333649996,0.05752400000000002
2022-08-26,0.27064162198744723,0.2604527674727191,0.24798107147216797,0.13467849605431587,0.05493400000000004
2022-08-29,0.2724634269643413,0.26167297847853105,0.2472672015428543,0.14922245450342245,0.051561000000000023
2022-08-30,0.2717938938564606,0.26289677415268076,0.24573080241680145,0.1429774269634376,0.062859
2022-08-31,0.27683588633941586,0.2603338885465151,0.23627986013889313,0.14661417814130864,0.055979
2022-09-01,0.27782634243598014,0.263083793987975,0.24027472734451294,0.13739566919554155,0.07092199999999999
2022-09-02,0.2752761409264138,0.2640819761459526,0.24251869320869446,0.12810812361132917,0.06583499999999998
2022-09-06,0.27548752304593027,0.26605725085890436,0.25170043110847473,0.14700825863878075,0.067824
2022-09-07,0.27888768651643997,0.263982264949794,0.23956499993801117,0.12599074915313402,0.064141
2022-09-08,0.2788122716472523,0.2609271894110198,0.23985029757022858,0.103515857519973,0.06476799999999999
2022-09-09,0.2802971409362137,0.2570044396660906,0.23824483156204224,0.10449827884376206,0.05145299999999997
2022-09-12,0.2798863194150647,0.2573161898285114,0.2387048751115799,0.10747815806133418,0.055898
2022-09-13,0.27888375625648815,0.2643243054354237,0.24082425236701965,0.14464172165394915,0.06666900000000003
2022-09-14,0.2786281193435591,0.26379297742816116,0.25765982270240784,0.13192039262337185,0.05951200000000001
2022-09-15,0.27977096183354333,0.26590191121271023,0.25026580691337585,0.12398738822851549,0.061834
2022-09-16,0.2808424870913048,0.2656298457748477,0.24805119633674622,0.13727620268342924,0.052537
2022-09-19,0.28112442249065894,0.2661283739874221,0.25242379307746887,0.12307614375760811,0.06062899999999999
2022-09-20,0.2811475715635886,0.2671213019941974,0.24906383454799652,0.1389672532157072,0.05696500000000004
2022-09-21,0.27983742263484546,0.2665051931012817,0.24977236986160278,0.151880145782594,0.040800999999999976
2022-09-22,0.27845359075372145,0.2683122238256401,0.2531820237636566,0.1481870705521037,0.04064499999999999
2022-09-23,0.27730117951056216,0.28207611021000295,0.2606411278247833,0.16240828534990143,0.06296299999999999
2022-09-26,0.27339239684066935,0.2848427634936241,0.25729987025260925,0.19378629527472707,0.057103000000000015
2022-09-27,0.271136858583204,0.28593468913840375,0.2586311995983124,0.19013361515545052,0.06634300000000004
2022-09-28,0.2702264590751327,0.2814037588647361,0.2577997148036957,0.1692084380530347,0.055508
2022-09-29,0.26881638728996887,0.2824613306160851,0.2601918578147888,0.1897050053987842,0.06210500000000002
2022-09-30,0.26616793468006267,0.28345894928404086,0.2584214508533478,0.1630060576208361,0.07532899999999998
2022-10-03,0.2630323587367261,0.2813234118100295,0.2597621977329254,0.13789555855945795,0.07408100000000001
2022-10-04,0.2631704431513333,0.2727223790252043,0.24925707280635834,0.11374396372241663,0.07106400000000002
2022-10-05,0.26330662159975715,0.27853351718761243,0.2554853856563568,0.13777298216098233,0.071243
2022-10-06,0.2633478060221531,0.28185171420238325,0.25858065485954285,0.15222185902185348,0.07675300000000002
2022-10-07,0.2632951016845525,0.27240713477847445,0.26692870259284973,0.16099139134432494,0.070832
2022-10-10,0.2632946989973626,0.27191442778065034,0.267600417137146,0.1889145718695901,0.06817900000000005
2022-10-11,0.26248564590655993,0.2723509496154763,0.26410794258117676,0.20780892555730146,0.06606599999999996
2022-10-12,0.26021587639584076,0.2730056917175429,0.26558586955070496,0.22252579860492744,0.069496
2022-10-13,0.2582897494071572,0.27259364663596014,0.23903897404670715,0.18004598644929953,0.06261499999999998
2022-10-14,0.25425394354271585,0.27276219886629666,0.23857277631759644,0.09497256072088073,0.06675199999999998
2022-10-17,0.2535019883113898,0.2732109551743299,0.2444886863231659,0.06948858043368711,0.072824
2022-10-18,0.2519382256576957,0.27284420107971913,0.2439325451850891,0.056360109248502266,0.076909
2022-10-19,0.25222088131709497,0.2729329832228556,0.24348843097686768,0.06338694473202283,0.076826
2022-10-20,0.2514035324339418,0.27474906779346453,0.2409808337688446,0.05064241502000133,0.064836
2022-10-21,0.2521192119944574,0.2699547072817131,0.23857338726520538,0.030755067403750058,0.07133899999999999
2022-10-24,0.25164596079507057,0.2690542379076005,0.23922421038150787,0.043471325308067466,0.069353
2022-10-25,0.24936158260152566,0.26205358887145674,0.23334740102291107,0.032685718711847944,0.061091000000000006
2022-10-26,0.24865018612339676,0.26136999800007715,0.23160861432552338,0.03592197120288526,0.05507400000000001
2022-10-27,0.2483367588304923,0.25979534056435094,0.23140855133533478,0.029157652763473374,0.05554099999999995
2022-10-28,0.24613546198624242,0.2577710124389639,0.2324734777212143,0.013066586291665405,0.05470900000000001
2022-10-31,0.247565934295702,0.2594853640453638,0.2299390584230423,0.02713095452484421,0.047082999999999986
2022-11-01,0.25030032390834983,0.25879230983892365,0.23094314336776733,0.03974415504412565,0.046421000000000046
2022-11-02,0.24831486978858747,0.25947969266492893,0.2340354025363922,0.03378819813776268,0.035723000000000005
2022-11-03,0.24880926569878176,0.25934670898779394,0.23226195573806763,0.036496706562915426,0.047101000000000004
2022-11-04,0.24833123294147755,0.257785734220536,0.23259778320789337,0.024930951320981,0.047867999999999966
2022-11-07,0.24871024020121146,0.26042435967698585,0.23516540229320526,0.025802851523895554,0.04292299999999999
2022-11-08,0.24909188483218475,0.2563862069442087,0.22738145291805267,0.02574313501849418,0.04877500000000001
2022-11-09,0.2499733278820312,0.25702886154843874,0.22195784747600555,0.037490596858017255,0.051780999999999966
2022-11-10,0.246327340626798,0.2566775335723901,0.21803253889083862,0.014775524860003109,0.04753799999999997
2022-11-11,0.2443771331655067,0.25468249242623364,0.2160465121269226,0.02197190965005641,0.04525699999999999
2022-11-14,0.24455564663367324,0.25345323156545957,0.22042666375637054,0.05379188171637561,0.035629999999999995
2022-11-15,0.23989637867496613,0.25521116498512003,0.21788054704666138,0.0383547442100583,0.050348000000000004
2022-11-16,0.2397426036787864,0.2533888798536209,0.22126100957393646,0.05076004513559079,0.04616799999999999
2022-11-17,0.24142558660813748,0.2530916444188179,0.22083450853824615,0.05250536745137116,0.050371
2022-11-18,0.24198286039730338,0.24516898840735535,0.22098515927791595,0.04381476109429752,0.047931
2022-11-21,0.24242942763882724,0.24950025455382324,0.2213057428598404,0.050002034188524724,0.04831099999999999
2022-11-22,0.24271008221953883,0.2428606696927134,0.2191278338432312,0.038151624118072824,0.04443799999999998
2022-11-23,0.240761399946257,0.24483529861191783,0.22017163038253784,0.03603463715124569,0.04781399999999997
2022-11-25,0.24105715419592355,0.24474890385830508,0.22346089780330658,0.03418927522069681,0.044252000000000014
2022-11-28,0.23943326487478134,0.24771072063824415,0.22390930354595184,0.05168453047481855,0.055281000000000025
2022-11-29,0.24022026086646978,0.24080882837207343,0.224655419588089,0.05888390126852541,0.042713999999999974
2022-11-30,0.2336936229924643,0.2493986918313657,0.22233444452285767,0.02250153534946786,0.04929499999999998
2022-12-01,0.2310593090985999,0.25581195621828523,0.22307613492012024,0.03136128936584587,0.052035
2022-12-02,0.2328092905166857,0.2504600195124878,0.22334153950214386,0.025887460774810855,0.045348
2022-12-05,0.23069848365463175,0.25849831151764074,0.22528347373008728,0.053226682295833605,0.04705100000000001
2022-12-06,0.23025988846402148,0.26323175361817913,0.22855448722839355,0.05967355987555856,0.05241599999999996
2022-12-07,0.23667640403671003,0.2609657192855025,0.22921912372112274,0.06973911227891177,0.054143
2022-12-08,0.24016863163492408,0.26020939585441805,0.22936683893203735,0.05006624848014524,0.04869100000000004
2022-12-09,0.24314396787218684,0.25979346089612165,0.22724612057209015,0.054362825836103856,0.04882800000000004
2022-12-12,0.2442819598379348,0.25895787114659874,0.22578372061252594,0.06815973810402676,0.055622000000000005
2022-12-13,0.2496638379106575,0.25565880757487924,0.2220342755317688,0.04737365000885807,0.045092999999999994
2022-12-14,0.2487535479103115,0.2496682471888852,0.22102391719818115,0.0363668796974026,0.04797800000000002
2022-12-15,0.252556245844609,0.24877258263870317,0.22438523173332214,0.06002191941778412,0.04528599999999999
2022-12-16,0.2529503435489801,0.24913998292473616,0.2228045016527176,0.05848524642838898,0.048860000000000015
2022-12-19,0.2531809197681044,0.24779313041519865,0.22478942573070526,0.06820962073176362,0.04733699999999996
2022-12-20,0.25718942582184023,0.25582226512626277,0.22687876224517822,0.06299031100616576,0.04386100000000004
2022-12-21,0.2592364986176484,0.255113312682018,0.2238733023405075,0.04700001307075807,0.05197299999999999
2022-12-22,0.256430958974638,0.24882072338553132,0.22495123744010925,0.05992408209959443,0.059470999999999996
2022-12-23,0.2567624756622011,0.2481511832807519,0.22465597093105316,0.05523957069331775,0.05408000000000002
2022-12-27,0.25651187456202695,0.2603181324826483,0.22755780816078186,0.06061155339522423,0.054961999999999955
2022-12-28,0.25690317581866434,0.2603668816802321,0.22927755117416382,0.0744670536734191,0.053981
2022-12-29,0.2569898667990167,0.2557980024748887,0.2205680012702942,0.06359850028735792,0.055115000000000025
2022-12-30,0.25833070729600116,0.2601564387559921,0.22409668564796448,0.08775204787888075,0.05872700000000003
2023-01-03,0.2581714683915602,0.25444672544391417,0.22011440992355347,0.11321725903624846,0.04329299999999997
2023-01-04,0.25716166591627376,0.25523228906075673,0.21690583229064941,0.09191406057638207,0.056309
2023-01-05,0.2562819825689146,0.2432411214876708,0.2163400948047638,0.11197741190478641,0.04937399999999997
2023-01-06,0.2553275813776838,0.24607160409947973,0.21826978027820587,0.09593804217590327,0.04186999999999996
2023-01-09,0.25493558654010573,0.24382923554516558,0.22486655414104462,0.09625085294723051,0.04117100000000001
2023-01-10,0.25547728010768495,0.24348623311827758,0.22411076724529266,0.08674010250016884,0.04542600000000002
2023-01-11,0.25606461954273196,0.24151064223436047,0.22433267533779144,0.08010926306316288,0.04466800000000004
2023-01-12,0.25792583924377077,0.23693993462440052,0.22329847514629364,0.07188406506026315,0.031740999999999964
2023-01-13,0.2510763743662681,0.2356752435845759,0.20874106884002686,-0.012122043931816595,0.02877099999999999
2023-01-17,0.25085050990699964,0.23675120618556167,0.20852868258953094,0.01704850805387681,0.036577000000000026
2023-01-18,0.2504980720976619,0.2315929401052524,0.2095380425453186,0.027380193730759866,0.03516
2023-01-19,0.2503038726193996,0.23854100369441397,0.22069962322711945,0.01779873096418258,0.04842300000000002
2023-01-20,0.24864324659088835,0.2392965643960436,0.21565987169742584,0.0003457771214886718,0.04387000000000002
2023-01-23,0.2471709297504293,0.2389266882679617,0.21743378043174744,0.007646347751235266,0.036098999999999964
2023-01-24,0.2445645584786027,0.240911580983678,0.21525968611240387,-0.004533303878135164,0.037925000000000014
2023-01-25,0.2467954746783456,0.23911963781579898,0.21678853034973145,0.0041506083368751945,0.043532000000000015
2023-01-26,0.2474764481092417,0.23766888403326664,0.21678206324577332,-0.00810409722635369,0.037812999999999986
2023-01-27,0.24906000156892683,0.23720801224400104,0.21518708765506744,-0.01170994034003206,0.036607999999999974
2023-01-30,0.25049179225905077,0.23600906839655666,0.21437735855579376,0.010356669774404664,0.041516
2023-01-31,0.2533334274887811,0.23174512539108097,0.2100798785686493,-0.005533988843015564,0.03924799999999998
2023-02-01,0.25261980045041926,0.23214113522050775,0.21026155352592468,-0.004756820438503645,0.032436999999999994
2023-02-02,0.2529243584302944,0.23499410492136086,0.20743496716022491,-0.012382879775045874,0.04446499999999998
2023-02-03,0.252272339445611,0.2319537166793433,0.20319190621376038,-0.011217819453517602,0.046517
2023-02-06,0.251733848754773,0.23120384086926363,0.2065291404724121,0.0011741232561184867,0.038019000000000025
2023-02-07,0.2510555185117238,0.23284137032326138,0.20757894217967987,0.006754056739420755,0.025613999999999998
2023-02-08,0.25385858274242934,0.23533358448534408,0.20549921691417694,0.00885404397454942,0.036962999999999996
2023-02-09,0.2529268911559271,0.23863821039614602,0.20799016952514648,0.020264245617777427,0.04919899999999999
2023-02-10,0.2534307334668249,0.2486014468054785,0.21294111013412476,0.015453674118610594,0.04886600000000002
2023-02-13,0.2532567440817229,0.2466055503507761,0.21047523617744446,0.015416867246802163,0.047623
2023-02-14,0.2523224830953278,0.24520051791026382,0.20820504426956177,0.017958251060763153,0.036497
2023-02-15,0.25256690516359837,0.24706815168881055,0.21110942959785461,0.008812437689073999,0.03609800000000002
2023-02-16,0.25358771662234947,0.24697502103603802,0.2074131965637207,0.014887290087334887,0.040884000000000004
2023-02-17,0.25441404703601,0.2441844011683522,0.2063109576702118,0.01572377577619888,0.04170399999999999
2023-02-21,0.25270575878854834,0.25066380291106016,0.213506281375885,0.05773744408666251,0.04497599999999996
2023-02-22,0.25267082883565295,0.2501299418467868,0.21468208730220795,0.048254848484315827,0.04779099999999997
2023-02-23,0.2527426974352801,0.2466861505051668,0.21495960652828217,0.0484494913425447,0.04157399999999997
2023-02-24,0.2537224392091554,0.2482334231150693,0.21398992836475372,0.05005586678679877,0.048066000000000025
2023-02-27,0.2536016733815022,0.24170102039010183,0.20912913978099823,0.05471417926974201,0.03572800000000001
2023-02-28,0.25387296776823154,0.23146377562169615,0.2070525884628296,0.05346884870638388,0.030490999999999963
2023-03-01,0.25377531998926656,0.2304279368551977,0.20729784667491913,0.03942814932506589,0.04075400000000001
2023-03-02,0.25441967791335557,0.23566255503608236,0.20970889925956726,0.03769876678868911,0.04541299999999998
2023-03-03,0.25626465511203866,0.22703120907913862,0.20823819935321808,0.02990139527432678,0.03830899999999998
2023-03-06,0.2569254038374918,0.22842119959983662,0.2064191699028015,0.05370667168649043,0.03204000000000001
2023-03-07,0.2564501104256873,0.2299675510571391,0.20222409069538116,0.0655290382900334,0.04437799999999997
2023-03-08,0.25659549687878663,0.23134418149239305,0.19856920838356018,0.07853941369601128,0.03643200000000002
2023-03-09,0.25282225619024545,0.23287180665671556,0.2026570588350296,0.12633599071452462,0.08101399999999997
2023-03-10,0.24490998114909818,0.22695734396161296,0.21361303329467773,0.12183066298449766,0.098113
2023-03-13,0.23944957598891461,0.27816040767728667,0.22905829548835754,0.23869162644161626,0.14826
2023-03-14,0.23725839929948014,0.24748914424437068,0.23427905142307281,0.14936000000592625,0.089109
2023-03-15,0.23853065775368001,0.29368407757206894,0.2496761977672577,0.2431283519973621,0.157179
2023-03-16,0.22955211176806262,0.2704569975049178,0.2392156720161438,0.12705838408573883,0.126075
2023-03-17,0.22769806016847707,0.2846546351984513,0.2379705011844635,0.21412553231601444,0.16174300000000003
2023-03-20,0.22223520291696133,0.26973383599990414,0.23530729115009308,0.14212972356603948,0.13473699999999994
2023-03-21,0.22090467921038526,0.2617942396932681,0.24038676917552948,0.09576275088205394,0.116703
2023-03-22,0.2195188067487908,0.2619303046964158,0.24346040189266205,0.13962731338556872,0.11070600000000003
2023-03-23,0.2140112452770518,0.2691694908857429,0.24006406962871552,0.16154733478400513,0.14981900000000004
2023-03-24,0.21194718511072883,0.2779219780554576,0.2497219443321228,0.14243318912080843,0.14431299999999997
2023-03-27,0.2109491258591797,0.26031541122599294,0.2364427149295807,0.07904447226701378,0.11515999999999998
2023-03-28,0.21081580110808906,0.2607646847096165,0.2379247099161148,0.07156708728087202,0.113238
2023-03-29,0.21165367009280084,0.24612153987708338,0.23604777455329895,0.04055817230288,0.09731699999999999
2023-03-30,0.21051556742653676,0.2310655761563623,0.23356486856937408,0.0406602188319663,0.09763099999999997
2023-03-31,0.21251598528816076,0.2287994342373028,0.2288724184036255,0.005390737589801353,0.082953
2023-04-03,0.2112891692445927,0.22598119089774882,0.22742991149425507,-0.005194620548836126,0.07068999999999998
2023-04-04,0.21041380210026117,0.22894222995505356,0.2281530797481537,0.013817368902484195,0.09196399999999999
2023-04-05,0.21127258832510162,0.22890649053799972,0.22917088866233826,0.02691588327791178,0.08650200000000002
2023-04-06,0.2118169513876308,0.22742052932213405,0.22720195353031158,0.014348212296169505,0.07809699999999997
2023-04-10,0.2118214273126819,0.2261180461022096,0.22444814443588257,0.017457927155934916,0.07418200000000003
2023-04-11,0.21323990547616936,0.22120140824804727,0.20859059691429138,0.035268425148666294,0.066102
2023-04-12,0.21211776534836993,0.22367069858985,0.2142738401889801,0.05021908222520999,0.07578099999999999
2023-04-13,0.21535062284667736,0.2225081939046496,0.21586018800735474,0.05111897279003652,0.054172
2023-04-14,0.2128766460658956,0.22122324090534373,0.21570464968681335,-0.017161839921132904,0.03903999999999999
2023-04-17,0.2138070142888694,0.22198516530561316,0.2179042547941208,-0.010569955704815753,0.042656
2023-04-18,0.21529517949383584,0.2204160832230342,0.21723736822605133,0.0017472152389130247,0.034274
2023-04-19,0.2146669213482414,0.22116191248040618,0.2167198210954666,0.001617582421507835,0.038286000000000014
2023-04-20,0.21409720418918513,0.22179384669185997,0.21771618723869324,0.015728760880718118,0.043632000000000004
2023-04-21,0.21330021409856337,0.22181795531625448,0.2191247045993805,0.025556857873355987,0.041091000000000016
2023-04-24,0.2134956013935725,0.22086212620302767,0.21713599562644958,0.03733314464254506,0.03809000000000001
2023-04-25,0.21339197075612049,0.22374752036095866,0.21727439761161804,0.07828179226705878,0.05817300000000003
2023-04-26,0.21576556929055282,0.22557631586854351,0.21760651469230652,0.08783808680882943,0.06956099999999998
2023-04-27,0.2160079400204418,0.2256450306702494,0.21870405972003937,0.05985269770773319,0.056982000000000005
2023-04-28,0.21467553820846152,0.22352407503374883,0.21363084018230438,0.03708677931322757,0.05958599999999997
2023-05-01,0.21309158144840976,0.22444225017056532,0.21866393089294434,0.045307386899704594,0.044120999999999994
2023-05-02,0.2104127151073377,0.22884033580319577,0.21933136880397797,0.07731611029409319,0.06145400000000001
2023-05-03,0.20988366697846986,0.2308168611143526,0.22041282057762146,0.07816014324398868,0.07772600000000002
2023-05-04,0.20862674814367804,0.23533704518876988,0.21916534006595612,0.1263261914134809,0.10644199999999998
2023-05-05,0.20835813787680663,0.24157290237391393,0.2182767242193222,0.07095115048025741,0.08764499999999997
2023-05-08,0.2099302397428116,0.2399370631663422,0.21957062184810638,0.07161281268931316,0.08461599999999997
2023-05-09,0.2093025492891505,0.23977544727102099,0.2197958081960678,0.06927885539938763,0.084314
2023-05-10,0.20565428883367118,0.2323073474146536,0.21485741436481476,0.05793423445008339,0.079011
2023-05-11,0.20512839552259454,0.22896987422803372,0.21569706499576569,0.0648034017177265,0.08241000000000004
2023-05-12,0.20294512281015706,0.2318671598744594,0.21863362193107605,0.060407409094356185,0.08534400000000003
2023-05-15,0.2022834411490151,0.2316621936183125,0.21818439662456512,0.05437646864597542,0.07212400000000002
2023-05-16,0.20176231494315744,0.23259666185264644,0.2188604772090912,0.06933006854065007,0.06728800000000001
2023-05-17,0.20305360687267357,0.2255965061471932,0.21844549477100372,0.03467306875099621,0.06583
2023-05-18,0.2021337788219876,0.22406112642271475,0.21750788390636444,0.041994654891393035,0.06356100000000003
2023-05-19,0.20293856143860578,0.23876283289786535,0.22071772813796997,0.062103147041860984,0.06071000000000004
2023-05-22,0.20399246814459263,0.23707012759371032,0.22127345204353333,0.05530188325334537,0.06573700000000005
2023-05-23,0.20226890227448696,0.23986208370331147,0.22165805101394653,0.05807695881082206,0.07320299999999996
2023-05-24,0.20311949971031917,0.2455543789508291,0.22407746315002441,0.09315419321711371,0.071463
2023-05-25,0.20322678259198929,0.24380372063157188,0.2221119999885559,0.07588998257734109,0.06571900000000003
2023-05-26,0.20355604172880085,0.24209442897159408,0.21940630674362183,0.05457047655816574,0.061636000000000024
2023-05-30,0.20289630445821208,0.24238699187280624,0.21892371773719788,0.06067756102595495,0.06229699999999999
2023-05-31,0.2021510279679677,0.2354194478635291,0.2151280790567398,0.06816453444352813,0.05474100000000004
2023-06-01,0.2007415707623762,0.23243136819982435,0.21410416066646576,0.04730093454605025,0.06256899999999999
2023-06-02,0.19850766126562716,0.23255075632939792,0.21458104252815247,0.024114331628256075,0.029151000000000038
2023-06-05,0.19885710253707747,0.23345462851098922,0.2150118350982666,0.039465446843817975,0.047656000000000004
2023-06-06,0.19721439225311088,0.22386098265077894,0.2162000834941864,0.03454835162700787,0.049059999999999965
2023-06-07,0.19646549386839188,0.22318367976278336,0.21706648170948029,0.0328143052588043,0.04476499999999997
2023-06-08,0.1960859572583588,0.2224839449006139,0.21561917662620544,0.0322066610467569,0.03878300000000001
2023-06-09,0.1971762290440705,0.22169124495439152,0.21473796665668488,0.040442764102459894,0.03883699999999998
2023-06-12,0.20038972499143676,0.2233818760036847,0.1989198476076126,0.049641528119514805,0.03993000000000002
2023-06-13,0.2022666447314537,0.22645585567436238,0.20266245305538177,0.05654711564434842,0.03923800000000002
2023-06-14,0.19768082118329514,0.21840784480664685,0.20801323652267456,0.04911165058076311,0.04497700000000002
2023-06-15,0.19665206057085288,0.2160186668670285,0.20477047562599182,0.04169656642564426,0.039415000000000006
2023-06-16,0.19674844303306602,0.2146415420949201,0.2044302523136139,0.03808087866911253,0.030871999999999983
2023-06-20,0.19572820667003674,0.21668822820478334,0.1977146565914154,0.05561166456104186,0.026354000000000016
2023-06-21,0.19604169252649867,0.2159786198691137,0.19847410917282104,0.04903742785407658,0.028373000000000037
2023-06-22,0.19608470921523855,0.2167763865497138,0.20158575475215912,0.049146616664552306,0.03228100000000003
2023-06-23,0.19709218365885148,0.21727901913303113,0.1968373954296112,0.05955915424877131,0.031809000000000004
2023-06-26,0.19663114365575352,0.21747153640275416,0.1914452314376831,0.06414952836377744,0.026895000000000002
2023-06-27,0.19798580026496929,0.21776099719679265,0.1933867484331131,0.0650299931429526,0.029765000000000014
2023-06-28,0.19864731045132666,0.21769677729220577,0.18937112390995026,0.07368891128455865,0.02961899999999995
2023-06-29,0.1987049211944606,0.21668268375147923,0.19060230255126953,0.06468902013182548,-0.009778000000000009
2023-06-30,0.20079738513829312,0.21447973273913554,0.19055546820163727,0.06275876426116492,-0.06341200000000002
2023-07-03,0.19907623821226894,0.2155947845085892,0.19646716117858887,0.05410760534190848,0.015861999999999987
2023-07-05,0.20068636661193595,0.21764127093309654,0.19368690252304077,0.07049197226791629,0.023763000000000006
2023-07-06,0.2003397590461676,0.22189987463320113,0.196121484041214,0.09746583890016186,0.028849000000000014
2023-07-07,0.19913000155900432,0.2293828002131707,0.19548022747039795,0.07971284128042233,0.034492999999999996
2023-07-10,0.20108954707156673,0.22223264626341363,0.1961790770292282,0.09050933380136553,0.03085300000000002
2023-07-11,0.20247358744792057,0.2205696366331871,0.1941179782152176,0.09048357633231591,0.025319000000000036
2023-07-12,0.20100804404957703,0.20883940401958664,0.1960548311471939,0.07056164104181295,0.026175999999999977
2023-07-13,0.2010667843527913,0.20752296162584638,0.18990956246852875,0.07413382508445335,0.011792000000000025
2023-07-14,0.1968585372654116,0.2098305707916771,0.1900901198387146,0.02311130952457796,0.014465000000000006
2023-07-17,0.201108177676648,0.20911320919640028,0.18997731804847717,0.031670271456894356,0.021253999999999995
2023-07-18,0.20319736372626743,0.20836468946543227,0.1845601499080658,0.03101513923503252,0.017805000000000015
2023-07-19,0.20288556140415634,0.20859468215302915,0.1860213726758957,0.02821789186899437,0.011665999999999982
2023-07-20,0.20321391849017767,0.20983440936942968,0.19620217382907867,0.014108539773089873,0.02366199999999999
2023-07-21,0.20375205865136783,0.2096826479469722,0.19811540842056274,0.008220261660958461,0.014589999999999992
2023-07-24,0.20414422228932974,0.2105624532641727,0.19973719120025635,0.0008772742851764492,0.022373000000000004
2023-07-25,0.204326234182445,0.21097700076553716,0.19855067133903503,0.02269535971408948,0.027714000000000016
2023-07-26,0.20420495987760023,0.20887958507332394,0.19520001113414764,-0.0028349000188452878,0.028099999999999986
2023-07-27,0.19949689672412582,0.21285236916236785,0.2013290375471115,-0.003221331091271762,-0.003620000000000012
2023-07-28,0.200907798418028,0.21421735802461891,0.20245124399662018,-0.016752700406152538,0.018536999999999998
2023-07-31,0.20160511721717422,0.20878816574371634,0.2026340812444687,-0.020615309313646996,0.026270000000000016
2023-08-01,0.20141942545875538,0.21482806107748925,0.20071950554847717,-0.009403025857288722,0.01346
2023-08-02,0.200920591349261,0.2148709437428165,0.19993726909160614,0.019844429162396704,0.024762000000000006
2023-08-03,0.2006462305199442,0.21524647773362257,0.1999967098236084,0.01728363484389392,0.03185200000000002
2023-08-04,0.19960168776134543,0.215397684718452,0.20157550275325775,0.01083728603708542,0.03959699999999999
2023-08-07,0.20009996036564834,0.21206059376451897,0.19887658953666687,0.030640319102627295,0.01172899999999999
2023-08-08,0.1979668266216955,0.21256466735119325,0.19983027875423431,0.023309371885130437,0.034778
2023-08-09,0.19768894891056565,0.2188223092930189,0.19800491631031036,0.029123731762773747,0.03872399999999998
2023-08-10,0.1976930668236504,0.21962512854487648,0.19839558005332947,0.027310562882352507,0.024870999999999976
2023-08-11,0.19932218253924586,0.22190075760637615,0.19692236185073853,0.011493093628666406,0.04338900000000001
2023-08-14,0.1998555096786043,0.22876188093779926,0.2005005180835724,0.03754656232372566,0.032431000000000015
2023-08-15,0.2011384384751895,0.23458578961877094,0.2032889574766159,0.0696139792501525,0.031302000000000024
2023-08-16,0.20456769037251626,0.2374509428925575,0.20178727805614471,0.07789933319875722,0.03603700000000004
2023-08-17,0.20326603945199892,0.2411666578344506,0.20433035492897034,0.07936361925211041,0.03807100000000002
2023-08-18,0.20340765462621846,0.23729063350196833,0.20040160417556763,0.06896670073670663,0.04052699999999998
2023-08-21,0.2017551497021939,0.23969926191372856,0.20117206871509552,0.062105990856272913,0.04111500000000001
2023-08-22,0.20043283460964975,0.23893079164651865,0.20443354547023773,0.08426203862855708,0.035685999999999996
2023-08-23,0.20076718152015768,0.23680972062110908,0.20055972039699554,0.05800450346240987,0.04766799999999999
2023-08-24,0.19851975150564477,0.2409508844986915,0.20225398242473602,0.061409929938183394,0.04417599999999999
2023-08-25,0.197165869403069,0.23765474915708454,0.1992596685886383,0.056903942925025264,0.040411999999999976
2023-08-28,0.19598120715065537,0.2376804106705242,0.19657891988754272,0.05529203415000286,0.061984999999999985
2023-08-29,0.19615634538917484,0.23553084531444654,0.19667159020900726,0.04383847603169322,0.03667000000000001
2023-08-30,0.1969866415946009,0.23491703944999603,0.19380119442939758,0.04981968837677572,0.028924000000000005
2023-08-31,0.19641796590968288,0.23249797256983895,0.1878471076488495,0.04507811786375002,0.063938
2023-09-01,0.19751216810378575,0.23102340762179813,0.1925484985113144,0.03668988891949729,0.021228999999999998
2023-09-05,0.19678348423117784,0.23522892228955572,0.19868862628936768,0.061342763393636174,0.021939000000000014
2023-09-06,0.19805859722415953,0.23536934314482907,0.20013442635536194,0.06327411138342431,0.030556
2023-09-07,0.20082733496526045,0.2361165986982486,0.20321355760097504,0.08070091414223635,0.01846199999999998
2023-09-08,0.20184912754223427,0.23672706520039416,0.20359580218791962,0.0696590046163188,0.036917000000000005
2023-09-11,0.20086056794040955,0.23463823712403317,0.19588559865951538,0.07967786123565018,0.029589000000000032
2023-09-12,0.1979683464707694,0.23588665995196167,0.19051535427570343,0.06196788646152382,0.03382099999999999
2023-09-13,0.19448724285720742,0.23292845732760675,0.19150061905384064,0.059271080660303344,0.026535000000000003
2023-09-14,0.1963663517862857,0.21338417138792914,0.18702422082424164,0.04694205458212439,0.02826999999999999
2023-09-15,0.19997952129032198,0.214400781541338,0.18452593684196472,0.057493243273956995,0.023652000000000034
2023-09-18,0.2012040521783832,0.2145573414666218,0.18506447970867157,0.05825926158034772,0.030919999999999975
2023-09-19,0.20242898175125387,0.2137928108374888,0.18480724096298218,0.07191851926309917,0.026936000000000015
2023-09-20,0.20677447421604733,0.231801919613261,0.18510587513446808,0.07797765111717442,0.032692
2023-09-21,0.2080430683604839,0.23557575333984787,0.1868354082107544,0.10507515393707911,-0.0037299999999999556
2023-09-22,0.2075943579941886,0.23883536170660988,0.1866990029811859,0.10339612442411328,0.04209199999999996
2023-09-25,0.2075977810909734,0.23807923014459823,0.18616603314876556,0.12220377926448042,0.03888200000000003
2023-09-26,0.20593771086178903,0.24387662058537207,0.1842053085565567,0.146289235909763,0.040578
2023-09-27,0.2052133205899445,0.24502587006486234,0.18861639499664307,0.13627508358187637,0.05306300000000003
2023-09-28,0.20408526829557222,0.2437597241238778,0.1902027577161789,0.11972008099290532,0.05140899999999998
2023-09-29,0.20190090329273527,0.2423920195992469,0.19181163609027863,0.10634872218163802,0.05156500000000003
2023-10-02,0.2034537842953976,0.24599669392909362,0.19238786399364471,0.13091799866043746,0.04761900000000002
2023-10-03,0.20858627382535766,0.24722163019188767,0.19193194806575775,0.14260909185996837,0.06348999999999999
2023-10-04,0.2086064654005423,0.24948086161356345,0.1907494068145752,0.14314255987293334,0.05443199999999998
2023-10-05,0.20815911515003077,0.2486616906367828,0.18318594992160797,0.1275629267110362,0.058232000000000006
2023-10-06,0.20655224920141893,0.2472025891474734,0.18907615542411804,0.10905016698288442,0.039422999999999986
2023-10-09,0.20445138197580995,0.24426835415892387,0.18343575298786163,0.09900327100777082,0.05082900000000001
2023-10-10,0.20420516348879475,0.22722405642324559,0.18998190760612488,0.08713955447881505,0.044555999999999985
2023-10-11,0.2044150052945335,0.22441007974468205,0.1856103390455246,0.08997459618654807,0.046460999999999975
2023-10-12,0.21457328365373535,0.22822731215029277,0.19040893018245697,0.09558207668234009,0.037482000000000015
2023-10-13,0.21241268615060502,0.23530409906980598,0.19283656775951385,0.06212523864563366,0.03319500000000003
2023-10-16,0.20925293740426504,0.23533077483940218,0.1927298754453659,0.03120583607536595,-0.002695000000000003
2023-10-17,0.208622688997929,0.23781304609281598,0.1996885985136032,0.008889388091313594,0.04224599999999998
2023-10-18,0.2092437387886559,0.2402291962539153,0.1973709762096405,0.0336913440693187,0.04728399999999999
2023-10-19,0.20908397968682124,0.2423129490863098,0.19656683504581451,0.04444169945391446,0.03696000000000005
2023-10-20,0.20883616660309673,0.24219387305936518,0.19597961008548737,0.04171271017415998,0.044667999999999985
2023-10-23,0.20846570470407366,0.24123596819336687,0.19719961285591125,0.0448635645183528,0.05388999999999999
2023-10-24,0.2082458340980708,0.23716662017267126,0.1946316957473755,0.033803589706590254,0.041650999999999994
2023-10-25,0.2073124756576764,0.2414393696952531,0.19585928320884705,0.04995240734754111,0.05015700000000001
2023-10-26,0.20437117738934768,0.23735953025524312,0.19682171940803528,0.04469927737440152,-0.003228999999999982
2023-10-27,0.20506964408919942,0.23999748214664052,0.20159092545509338,0.06547974345981028,0.04660799999999998
2023-10-30,0.2089008001255439,0.23566966604778983,0.19567064940929413,0.05312738707035555,0.043449000000000015
2023-10-31,0.212884573074944,0.23320282305339993,0.19068694114685059,0.04096005212741524,0.04019199999999998
2023-11-01,0.2134482707376258,0.23057408314339647,0.18773861229419708,0.03581114668359828,0.035622000000000015
2023-11-02,0.21304757412907538,0.22548565780242824,0.18625523149967194,0.018927737782025167,0.03420799999999999
2023-11-03,0.21296234816881845,0.22165698512329735,0.1863444298505783,0.01448479196580807,0.02477399999999999
2023-11-06,0.21357460675859072,0.22509363455738704,0.18601755797863007,0.02872143931073859,0.021018999999999982
2023-11-07,0.21430344955328318,0.22483031087084662,0.1890747994184494,0.03056218146022513,0.022565
2023-11-08,0.2144624627219724,0.22302097894052156,0.18612481653690338,0.034239997560199936,0.018747000000000014
2023-11-09,0.2161775808877266,0.22489462195692073,0.18358702957630157,0.03222757712886273,0.028885999999999995
2023-11-10,0.2173529831287087,0.22287437616104538,0.18206284940242767,0.02178276736427523,0.030189999999999967
2023-11-13,0.21625164133633548,0.20832312097765324,0.18261584639549255,0.042386063964195614,0.025741999999999987
2023-11-14,0.21405902773302002,0.20458616945718336,0.18196839094161987,0.039020267419090954,0.01356199999999999
2023-11-15,0.21370719702177193,0.20460000145522006,0.18265140056610107,0.04728960605317847,0.010193000000000008
2023-11-16,0.21406751892411555,0.20656526604352984,0.1814357340335846,0.038019724710054215,0.012259999999999993
2023-11-17,0.21347806056542307,0.20633732938776353,0.18104393780231476,0.04170816590209439,0.01722299999999999
2023-11-20,0.21426383765457005,0.20534067827180116,0.18111851811408997,0.04527433620595028,0.0063580000000000025
2023-11-21,0.21386397087564987,0.20532216169454537,0.179282546043396,0.04052684471076734,0.0027910000000000157
2023-11-22,0.21510607352383104,0.20837938937314837,0.17888633906841278,0.02791642841935621,0.011338999999999988
2023-11-24,0.21499403685880664,0.2127175096022055,0.1774301379919052,0.03471429396715808,0.016211000000000003
2023-11-27,0.2166195658188612,0.21340129478482722,0.1736576408147812,0.049300151466773745,0.004952000000000012
2023-11-28,0.2176754541144324,0.21515563155008718,0.17399625480175018,0.04835424441863384,0.009755999999999987
2023-11-29,0.21762355119750237,0.21615962868303562,0.1716163009405136,0.04462796116094961,0.010198999999999986
2023-11-30,0.2188332362265205,0.21600926729589445,0.17305368185043335,0.047313403812278026,0.010475000000000012
2023-12-01,0.2216906145714207,0.21343542238106428,0.16975373029708862,0.045339528587948735,0.012069000000000024
2023-12-04,0.22423473470484034,0.21360571753623878,0.17254416644573212,0.0746845454009081,0.002958000000000016
2023-12-05,0.22404176044375065,0.21444819476799984,0.1707700788974762,0.06761343177904647,0.005783999999999984
2023-12-06,0.22205337098235353,0.213053613024666,0.16894395649433136,0.0671613681212136,0.0010189999999999921
2023-12-07,0.22173841305751812,0.21312694059338871,0.16793908178806305,0.06801621741671082,-0.008195000000000008
2023-12-08,0.22185513910764829,0.21277944977660118,0.1683381199836731,0.06297790613942705,-0.003933999999999993
2023-12-11,0.2221285010029753,0.21407902929087336,0.16851681470870972,0.07866426169088361,-0.006803999999999977
2023-12-12,0.22576592087491942,0.21456184169083373,0.17079584300518036,0.07199250133867094,-0.008348000000000022
2023-12-13,0.2240540157438439,0.21445761200928157,0.1704399585723877,0.0661230892498042,-0.010671999999999987
2023-12-14,0.22099289358361784,0.2201029452576521,0.1740390807390213,0.08731328270955188,-0.021596000000000004
2023-12-15,0.22025126266099726,0.22046479106376138,0.17109856009483337,0.07956255233230947,-0.014471999999999985
2023-12-18,0.2206388189585951,0.22037682807136164,0.17457620799541473,0.07848322646274081,-0.008969000000000005
2023-12-19,0.21642198833266635,0.21984770475948154,0.17320021986961365,0.08384080213812778,-0.028857999999999995
2023-12-20,0.21570265570923278,0.21686156869894252,0.1748638153076172,0.08029613746272099,-0.021184999999999954
2023-12-21,0.215964352454621,0.21845615885983558,0.17770996689796448,0.07062041116144083,-0.0047960000000000225
2023-12-22,0.21626763901136498,0.21705231824336776,0.17525596916675568,0.06682113242457174,-0.0040460000000000496
2023-12-26,0.21641131885390036,0.21759383438881882,0.17290151119232178,0.07511272723938897,-0.0024150000000000005
2023-12-27,0.21629103695737856,0.21708460467624857,0.16812272369861603,0.0623712432763768,0.004885000000000028
2023-12-28,0.2169103488346802,0.2225207060146797,0.16765882074832916,0.053898967545559506,0.01428999999999997
2023-12-29,0.21765292956010837,0.2186463765897943,0.16762545704841614,0.05566841818772192,0.013093999999999995
2024-01-02,0.21798250801166683,0.20701938893726066,0.17144392430782318,0.06475552821997496,0.002024999999999999
2024-01-03,0.21409976669906622,0.1995805428465707,0.17606233060359955,0.057452975728304795,0.006106
2024-01-04,0.21491512869403967,0.20114278976678468,0.17939142882823944,0.061747095037510524,0.007751000000000008
2024-01-05,0.21458829887249486,0.20074825286289338,0.17925775051116943,0.0556822030934723,0.0007110000000000172
2024-01-08,0.21445114254707373,0.19878609600457386,0.179568350315094,0.05860264490028261,0.006981999999999988
2024-01-09,0.21609706104912013,0.1973928339830721,0.1749621480703354,0.056349582925526,0.0019399999999999973
2024-01-10,0.21781764395509515,0.20891500632637156,0.183474600315094,0.06257058406337748,-0.0024860000000000437
2024-01-11,0.22830879491980238,0.20915665822850352,0.18376705050468445,0.051098761269736725,-0.0027590000000000114
2024-01-12,0.22446572524609262,0.21362353181913415,0.18894115090370178,-0.0253657945169852,-0.0064720000000000055
2024-01-16,0.22439372147775774,0.21446614448588197,0.1893840730190277,-0.017353180985437422,-0.0021800000000000153
2024-01-17,0.2262750591228226,0.21601402759708543,0.18907231092453003,-0.004086786520658886,0.0007420000000000204
2024-01-18,0.22585301839198832,0.21504425282980877,0.19091250002384186,-0.012766920603767995,0.014183999999999974
2024-01-19,0.2252055049354681,0.21547791106699643,0.19143162667751312,-0.019791730847507044,0.014785999999999994
2024-01-22,0.22607435030276127,0.21277543449804293,0.19110481441020966,0.0077948565087545,-0.0016269999999999896
2024-01-23,0.2264790356246665,0.21162143349305618,0.19041034579277039,-0.008893539435867265,0.008479999999999988
2024-01-24,0.22669615414126743,0.21391372024033975,0.19002428650856018,-0.012310905264759475,0.01076100000000002
2024-01-25,0.22802925220157177,0.21179285318015073,0.18716613948345184,-0.013053390618755184,0.012701000000000018
2024-01-26,0.22999821520442826,0.21221636010967523,0.18973380327224731,-0.016850064382110508,0.009848999999999997
2024-01-29,0.23150537169575286,0.2127957200014127,0.18439748883247375,-0.010291617698278077,0.009888000000000008
2024-01-30,0.230320959064042,0.21182936413414025,0.18314313888549805,-0.004583526945635352,0.002724000000000004
2024-01-31,0.22847689218536427,0.2098181065450627,0.18699313700199127,-0.00521051795433905,-0.0012810000000000044
2024-02-01,0.2254820936207569,0.21182633703979986,0.18480020761489868,-0.006879413778781318,0.00915100000000002
2024-02-02,0.22470321066790216,0.212271411282931,0.18625733256340027,0.0008058294732565807,0.007364000000000009
2024-02-05,0.2245453396557349,0.21685629123073194,0.1915140002965927,0.0132642831744543,0.014612999999999987
2024-02-06,0.22444323632252744,0.211510861728638,0.18875077366828918,0.006846515034454048,0.01844800000000002
2024-02-07,0.224424388971137,0.21180243747696462,0.18937940895557404,0.0008154993097070073,0.027313000000000004
2024-02-08,0.22391025899988407,0.2108963821876498,0.19175100326538086,0.009868681213128477,0.010937000000000002
2024-02-09,0.2234532501695002,0.21607530403083722,0.194329172372818,0.0028082874132437374,0.0043460000000000165
2024-02-12,0.22023528727952868,0.21842804709552624,0.1924521028995514,0.008480785541259028,-0.011066999999999994
2024-02-13,0.21876194730065393,0.2183310562208407,0.1947445273399353,0.04694872759539245,0.018155999999999978
2024-02-14,0.21886530639727478,0.21164225664276018,0.19237075746059418,0.029504896245744677,0.024355000000000016
2024-02-15,0.21848762694936733,0.2131586981322919,0.19202618300914764,0.03344032816670489,0.013631000000000032
2024-02-16,0.2182557246074059,0.21426561324376936,0.1920887976884842,0.03575793516195827,0.012170000000000014
2024-02-20,0.21780230443759094,0.21273163519273788,0.19191454350948334,0.03870330416168222,0.011463000000000001
2024-02-21,0.2187166837145879,0.21610575890336148,0.19215789437294006,0.06362312124274502,-0.009396999999999989
2024-02-22,0.21911075814365058,0.21562044159823376,0.1938086599111557,0.037971006312012306,0.014197999999999988
2024-02-23,0.22073895218899517,0.21524909894624378,0.19387449324131012,0.0295159054320972,-0.005217000000000027
2024-02-26,0.21964637340781068,0.21500680167510694,0.19388693571090698,0.03198838684418859,0.0030930000000000124
2024-02-27,0.22009215410605795,0.21360794428955895,0.19130174815654755,0.021539352116763916,0.008802000000000004
2024-02-28,0.2192379374737044,0.215828444164736,0.18957656621932983,0.025714989813499067,0.010661000000000004
2024-02-29,0.2185772650202686,0.2159573071159692,0.19096675515174866,0.03256031285097513,-0.010548000000000002
2024-03-01,0.2184330840201196,0.21583742762522498,0.19053958356380463,0.045994895535207025,0.011014000000000024
2024-03-04,0.21907671937582027,0.22113852299581552,0.1931707113981247,0.06865262702961877,0.0064509999999999845
2024-03-05,0.2166461725544042,0.21667227059971492,0.19130198657512665,0.05908924386714781,0.00865699999999997
2024-03-06,0.21412088426722045,0.21400127325012328,0.1917390376329422,0.05620483862047396,-0.003589999999999982
2024-03-07,0.21323850937370334,0.2131648092245243,0.1915229856967926,0.053980233073846695,0.008722000000000008
2024-03-08,0.2129343263246224,0.2130085188445087,0.19185982644557953,0.055270812521435786,0.013515
2024-03-11,0.21284566313949815,0.21320810878807794,0.19197684526443481,0.06018800053269999,0.009808000000000039
2024-03-12,0.21383625807732962,0.21378493659808573,0.1918930858373642,0.05610093291385368,0.005972000000000033
2024-03-13,0.21414307683239203,0.21586986536756766,0.19361892342567444,0.07103202517705717,0.005530000000000035
2024-03-14,0.21171918921763222,0.21509836935966228,0.19312745332717896,0.06253506355686927,0.013327999999999951
2024-03-15,0.212623931744516,0.21335485454622746,0.1915774792432785,0.06241000566545765,0.01036400000000004
2024-03-18,0.2146015926397322,0.21500340882986452,0.19181542098522186,0.06040828544893323,0.013527000000000011
2024-03-19,0.2166703526497666,0.2141842617192194,0.19097748398780823,0.05849360578775206,0.009678999999999993
2024-03-20,0.21529233775422857,0.2129683952673079,0.18974648416042328,0.046918495176266645,0.01283899999999999
2024-03-21,0.2154368489280202,0.2136364209956021,0.19047783315181732,0.05182914189585669,0.007345000000000046
2024-03-22,0.2172294150589025,0.2123295201403182,0.19031445682048798,0.052017285570604616,-0.005735000000000046
2024-03-25,0.21715620856671286,0.21210498003030073,0.18984392285346985,0.06160498403067216,0.0067190000000000305
2024-03-26,0.21720673251754571,0.212045810276677,0.18996447324752808,0.06349178685091869,0.005852999999999997
2024-03-27,0.2175421218425425,0.2116645476111366,0.19186758995056152,0.05530386738527421,0.010687000000000002
2024-03-28,0.2188630516941382,0.2132890088338063,0.18882064521312714,0.054313396599809716,0.005724000000000007
2024-04-01,0.21990756455905391,0.21421747868250587,0.18813225626945496,0.07236207810728229,0.005340999999999985
2024-04-02,0.2195435939708375,0.2157683134916483,0.186887726187706,0.07908515604275168,0.0005290000000000017
2024-04-03,0.21736994594701944,0.21467835365930768,0.18788908421993256,0.08375986347177067,0.0019259999999999833
2024-04-04,0.21455918153302614,0.21696861540731466,0.1922098845243454,0.09555882864050058,0.014249000000000012
2024-04-05,0.2121881999612916,0.22121176537051082,0.19266733527183533,0.09306903130174937,0.009448000000000012
2024-04-08,0.213516649638953,0.22164141516913927,0.19333820044994354,0.10619417230248573,-0.0049759999999999804
2024-04-09,0.21198307937576027,0.21963501536231042,0.19310960173606873,0.09969843179539606,0.01938099999999998
2024-04-10,0.2111725586617466,0.2203301492006825,0.19386202096939087,0.10004213869369369,0.007780000000000009
2024-04-11,0.21746593562720584,0.2190238454226181,0.2067725509405136,0.09666245415052319,-0.005375999999999992
2024-04-12,0.2081279167506165,0.22118002971910608,0.20390327274799347,0.025200266102440555,0.014066000000000023
2024-04-15,0.2052151448815384,0.2232738686734097,0.20508325099945068,0.013637939284403239,0.015652
2024-04-16,0.20295825282399646,0.2240156010189516,0.2066982239484787,-0.00020859589031912984,0.01749099999999998
2024-04-17,0.20342160311616525,0.2271945080998787,0.2083439826965332,0.001832684187471234,0.010494000000000003
2024-04-18,0.20421642084258643,0.22891463143970672,0.21040333807468414,-0.01152740650596426,0.015335999999999989
2024-04-19,0.20530255658166696,0.23004525940310844,0.2120608538389206,-0.009849394952543528,0.017794000000000004
2024-04-22,0.20368028256582052,0.22590046849304543,0.21027588844299316,-0.018594077880703025,0.012911000000000006
2024-04-23,0.20322446796776236,0.22447749077605633,0.20765505731105804,-0.01534594900946007,0.006197000000000008
2024-04-24,0.20829326712557056,0.22399300907705982,0.2080238312482834,-0.016417704226712376,0.010714000000000001
2024-04-25,0.20737899688657274,0.22370944670136553,0.20778819918632507,-0.018458014392092492,-0.00829000000000002
2024-04-26,0.20577393410486058,0.22357126454972703,0.20702175796031952,-0.02419641347825388,-0.001990999999999965
2024-04-29,0.2045969035180679,0.2223566753624473,0.20710855722427368,-0.024409424234900806,0.014987
2024-04-30,0.2042414428937022,0.2221171045232526,0.20333129167556763,-0.0162309099739798,0.0070520000000000305
2024-05-01,0.21161422072745242,0.2211328806024182,0.2023105025291443,-0.030775559945326936,0.015575000000000006
2024-05-02,0.21575218679539432,0.22073910545873712,0.20048488676548004,-0.02773697109431114,0.0016939999999999733
2024-05-03,0.22694213946078104,0.22037224035278435,0.20124505460262299,-0.035050154337033346,0.02992900000000004
2024-05-06,0.22904819301727475,0.21910871948494173,0.19885331392288208,-0.027693000599932904,0.009437000000000001
2024-05-07,0.23253704797106395,0.21988275462325754,0.2000957876443863,-0.03378688710444572,0.009343000000000018
2024-05-08,0.23306366902812597,0.21933122267961183,0.19981315732002258,-0.03414644870963429,0.009192000000000006
2024-05-09,0.23364847030111222,0.21927989028439174,0.20001722872257233,-0.03690342793318893,0.017460000000000003
2024-05-10,0.23390418700200016,0.21802967266235437,0.19722583889961243,-0.03477032946075176,0.018390000000000017
2024-05-13,0.23392598635416995,0.21528797958492155,0.19704434275627136,0.006438491081151243,0.015382000000000007
2024-05-14,0.234479144898445,0.2157499676210337,0.19619569182395935,0.027972705773307988,0.028691000000000022
2024-05-15,0.23506063140717287,0.21611321838661188,0.1958867907524109,0.021687764334658716,0.021449999999999997
2024-05-16,0.23453248024346074,0.2162550797733615,0.1986248791217804,0.04656773023554753,0.03207599999999999
2024-05-17,0.23447858719426456,0.21687947063968765,0.1948142796754837,0.02470329461126647,0.06357400000000002
2024-05-20,0.23363789322467735,0.21660241994001952,0.19452646374702454,0.031864159053174024,0.032029
2024-05-21,0.23465183726336208,0.2166457819764899,0.1955675631761551,0.04622317350057978,0.0062590000000000146
2024-05-22,0.23335547092744136,0.21643487813717363,0.19380532205104828,0.03734250887009763,0.030311000000000005
2024-05-23,0.23327958470916496,0.2161609439205275,0.19806945323944092,0.04240755619241787,0.0072650000000000214
2024-05-24,0.23370828972831492,0.21644201835618004,0.1939546912908554,0.037429363737468746,0.018118999999999996
2024-05-28,0.2331468080583934,0.21627024641588558,0.19577556848526,0.0601225713064483,-0.0064549999999999885
2024-05-29,0.23300165745184898,0.21666676075139332,0.19597773253917694,0.0726354990733783,0.011879999999999974
2024-05-30,0.23342288033328307,0.2179207728730021,0.1969233751296997,0.07627073233038817,0.008418000000000037
2024-05-31,0.23328898893359312,0.21770723123769745,0.19560445845127106,0.08453240431145345,0.007709999999999995
2024-06-03,0.23300188292564453,0.21775458681890716,0.1986854523420334,0.087034198028247,0.019148
2024-06-04,0.2340104621684515,0.217974147665471,0.19759000837802887,0.08823699596641066,0.013360000000000039
2024-06-05,0.2348241471362566,0.21855929129712123,0.19783511757850647,0.0813668533932772,0.01655699999999999
2024-06-06,0.2378966164687878,0.21755635936972406,0.19392234086990356,0.08343459143367365,0.020514000000000032
2024-06-07,0.2440361237586562,0.21771121753059935,0.1962423473596573,0.08594836227177305,0.012021999999999977
2024-06-10,0.25191317359305365,0.21771084422554723,0.19422292709350586,0.09374622615447295,0.01563899999999996
2024-06-11,0.2525804455461372,0.21751449073662282,0.19763624668121338,0.10130108692736134,0.028153999999999957
2024-06-12,0.25268109173869535,0.21681389163466944,0.19723086059093475,0.0885538281069459,0.02220899999999998
2024-06-13,0.2520694486560718,0.21705665970155533,0.19326956570148468,0.09255685015284193,0.017322000000000004
2024-06-14,0.2511877726630196,0.21552491567076124,0.1875378042459488,0.09234526554749437,0.019977999999999996
2024-06-17,0.24895284232155648,0.21608898539402405,0.191086083650589,0.09952638936994687,0.02264499999999997
2024-06-18,0.24933016081463127,0.2163017272439947,0.19853739440441132,0.0683549222917742,0.023712999999999984
2024-06-20,0.2522183713421517,0.21688423221149064,0.1982692927122116,0.06978623562037867,0.017208
2024-06-21,0.2521889852928084,0.21713782682722044,0.19678302109241486,0.060875496718938715,0.024668999999999996
2024-06-24,0.24981418013666157,0.21728407172556807,0.19895634055137634,0.07302764183461538,0.009572000000000025
2024-06-25,0.25083063664102145,0.21611743499481803,0.19826410710811615,0.06693108909550827,0.01989000000000002
2024-06-26,0.25108419545036964,0.21737402447549545,0.19746710360050201,0.07920258869186139,0.015842999999999996
2024-06-27,0.2511074873624757,0.2172770402568696,0.19791580736637115,0.058048923388769436,-0.008208000000000049
2024-06-28,0.2502173743112026,0.21703142233735107,0.20300334692001343,0.05963977893972261,0.001464999999999994
2024-07-01,0.24989849423768903,0.21669039022835046,0.20371265709400177,0.05089666177420879,0.004251000000000005
2024-07-02,0.2511114967631255,0.21512666155285606,0.20307886600494385,0.0461127660315,0.01217199999999996
