[MONITOR] Logging to /mnt/c/Users/Caleb Solomon/Documents/GitHub/volarbmodel/model/pipeline/results/monitoring
[MONITOR] Interval: 60s | RAM warn: 85% | RAM crit: 90%
[MONITOR] Press Ctrl+C to stop

[2026-04-07 06:07:52 UTC] RAM 18.3% | CPU 12.3% | GPU 5.0% | Batch 0/27 (0 tickers)
[2026-04-07 06:08:53 UTC] RAM 26.2% | CPU 83.8% | GPU 9.0% | Batch 0/27 (0 tickers)
[2026-04-07 06:09:54 UTC] RAM 26.1% | CPU 73.0% | GPU 3.0% | Batch 0/27 (0 tickers)
[2026-04-07 06:10:55 UTC] RAM 26.1% | CPU 82.3% | GPU 11.0% | Batch 0/27 (0 tickers)
[2026-04-07 06:11:56 UTC] RAM 26.2% | CPU 66.1% | GPU 3.0% | Batch 0/27 (0 tickers)
[2026-04-07 06:12:57 UTC] RAM 26.3% | CPU 73.9% | GPU 90.0% | Batch 0/27 (0 tickers)
[2026-04-07 06:13:58 UTC] RAM 26.4% | CPU 93.9% | GPU 1.0% | Batch 0/27 (0 tickers)
[2026-04-07 06:14:59 UTC] RAM 26.4% | CPU 88.5% | GPU 21.0% | Batch 0/27 (0 tickers)
[2026-04-07 06:16:00 UTC] RAM 26.5% | CPU 89.2% | GPU 34.0% | Batch 0/27 (0 tickers)
[2026-04-07 06:17:01 UTC] RAM 26.5% | CPU 62.6% | GPU 0.0% | Batch 0/27 (0 tickers)
[2026-04-07 06:18:02 UTC] RAM 26.6% | CPU 85.4% | GPU 6.0% | Batch 0/27 (0 tickers)
[2026-04-07 06:19:02 UTC] RAM 27.0% | CPU 97.2% | GPU 11.0% | Batch 0/27 (0 tickers)
[2026-04-07 06:20:03 UTC] RAM 27.0% | CPU 94.8% | GPU 16.0% | Batch 0/27 (0 tickers)
[2026-04-07 06:21:03 UTC] RAM 26.8% | CPU 90.0% | GPU 21.0% | Batch 0/27 (0 tickers)
[2026-04-07 06:22:03 UTC] RAM 26.8% | CPU 68.6% | GPU 11.0% | Batch 0/27 (0 tickers)
[2026-04-07 06:23:04 UTC] RAM 27.0% | CPU 95.3% | GPU 53.0% | Batch 0/27 (0 tickers)
[2026-04-07 06:24:04 UTC] RAM 27.0% | CPU 95.1% | GPU 1.0% | Batch 0/27 (0 tickers)
[2026-04-07 06:25:05 UTC] RAM 27.1% | CPU 85.5% | GPU 60.0% | Batch 0/27 (0 tickers)
[2026-04-07 06:26:05 UTC] RAM 27.2% | CPU 93.4% | GPU 0.0% | Batch 0/27 (0 tickers)
[2026-04-07 06:27:05 UTC] RAM 27.2% | CPU 90.9% | GPU 61.0% | Batch 0/27 (0 tickers)
[2026-04-07 06:28:05 UTC] RAM 27.3% | CPU 96.2% | GPU 1.0% | Batch 0/27 (0 tickers)
[2026-04-07 06:29:05 UTC] RAM 27.3% | CPU 98.9% | GPU 0.0% | Batch 0/27 (0 tickers)
[2026-04-07 06:30:05 UTC] RAM 27.4% | CPU 98.6% | GPU 1.0% | Batch 0/27 (0 tickers)
[2026-04-07 06:31:05 UTC] RAM 27.4% | CPU 98.9% | GPU 18.0% | Batch 0/27 (0 tickers)
[2026-04-07 06:32:06 UTC] RAM 27.5% | CPU 68.6% | GPU 32.0% | Batch 0/27 (0 tickers)
[2026-04-07 06:33:06 UTC] RAM 27.6% | CPU 95.2% | GPU 3.0% | Batch 0/27 (0 tickers)
[2026-04-07 06:34:07 UTC] RAM 27.7% | CPU 79.8% | GPU 83.0% | Batch 0/27 (0 tickers)
[2026-04-07 06:35:07 UTC] RAM 27.8% | CPU 97.7% | GPU 14.0% | Batch 0/27 (0 tickers)
[2026-04-07 06:36:07 UTC] RAM 27.9% | CPU 77.1% | GPU 61.0% | Batch 0/27 (0 tickers)
[2026-04-07 06:37:07 UTC] RAM 28.0% | CPU 78.8% | GPU 26.0% | Batch 0/27 (0 tickers)
[2026-04-07 06:38:07 UTC] RAM 27.8% | CPU 86.1% | GPU 5.0% | Batch 0/27 (0 tickers)
[2026-04-07 06:39:07 UTC] RAM 27.8% | CPU 85.2% | GPU 6.0% | Batch 0/27 (0 tickers)
[2026-04-07 06:40:07 UTC] RAM 27.7% | CPU 89.9% | GPU 26.0% | Batch 0/27 (0 tickers)
[2026-04-07 06:41:07 UTC] RAM 27.7% | CPU 73.2% | GPU 48.0% | Batch 0/27 (0 tickers)
[2026-04-07 06:42:07 UTC] RAM 27.7% | CPU 87.9% | GPU 5.0% | Batch 0/27 (0 tickers)
[2026-04-07 06:43:07 UTC] RAM 27.8% | CPU 90.9% | GPU 23.0% | Batch 0/27 (0 tickers)
[2026-04-07 06:44:07 UTC] RAM 27.7% | CPU 87.5% | GPU 20.0% | Batch 0/27 (0 tickers)
[2026-04-07 06:45:07 UTC] RAM 27.8% | CPU 90.9% | GPU 15.0% | Batch 0/27 (0 tickers)
[2026-04-07 06:46:07 UTC] RAM 27.9% | CPU 85.2% | GPU 1.0% | Batch 0/27 (0 tickers)
[2026-04-07 06:47:08 UTC] RAM 27.8% | CPU 87.0% | GPU 2.0% | Batch 0/27 (0 tickers)
[2026-04-07 06:48:09 UTC] RAM 27.7% | CPU 77.9% | GPU 0.0% | Batch 0/27 (0 tickers)
[2026-04-07 06:49:09 UTC] RAM 27.8% | CPU 96.7% | GPU 7.0% | Batch 0/27 (0 tickers)
[2026-04-07 06:50:09 UTC] RAM 27.8% | CPU 87.0% | GPU 0.0% | Batch 0/27 (0 tickers)
[2026-04-07 06:51:09 UTC] RAM 27.9% | CPU 94.0% | GPU 1.0% | Batch 0/27 (0 tickers)
[2026-04-07 06:52:09 UTC] RAM 27.8% | CPU 98.2% | GPU 1.0% | Batch 0/27 (0 tickers)
[2026-04-07 06:53:09 UTC] RAM 27.8% | CPU 63.5% | GPU 0.0% | Batch 0/27 (0 tickers)
[2026-04-07 06:54:09 UTC] RAM 27.8% | CPU 96.5% | GPU 26.0% | Batch 0/27 (0 tickers)
[2026-04-07 06:55:09 UTC] RAM 27.9% | CPU 91.6% | GPU 7.0% | Batch 0/27 (0 tickers)
[2026-04-07 06:56:09 UTC] RAM 28.0% | CPU 69.6% | GPU 0.0% | Batch 0/27 (0 tickers)
[2026-04-07 06:57:09 UTC] RAM 28.0% | CPU 84.4% | GPU 0.0% | Batch 0/27 (0 tickers)
[2026-04-07 06:58:09 UTC] RAM 28.0% | CPU 98.5% | GPU 1.0% | Batch 0/27 (0 tickers)
[2026-04-07 06:59:09 UTC] RAM 28.2% | CPU 91.9% | GPU 9.0% | Batch 0/27 (0 tickers)
[2026-04-07 07:00:10 UTC] RAM 28.0% | CPU 81.0% | GPU 92.0% | Batch 0/27 (0 tickers)
[2026-04-07 07:01:10 UTC] RAM 28.1% | CPU 92.4% | GPU 14.0% | Batch 0/27 (0 tickers)
[2026-04-07 07:02:10 UTC] RAM 28.1% | CPU 88.1% | GPU 30.0% | Batch 0/27 (0 tickers)
[2026-04-07 07:03:10 UTC] RAM 28.2% | CPU 78.9% | GPU 42.0% | Batch 0/27 (0 tickers)
[2026-04-07 07:04:10 UTC] RAM 28.2% | CPU 79.8% | GPU 31.0% | Batch 0/27 (0 tickers)
[2026-04-07 07:05:10 UTC] RAM 28.2% | CPU 88.7% | GPU 15.0% | Batch 0/27 (0 tickers)
[2026-04-07 07:06:10 UTC] RAM 28.1% | CPU 71.9% | GPU 1.0% | Batch 0/27 (0 tickers)
[2026-04-07 07:07:10 UTC] RAM 28.2% | CPU 94.0% | GPU 12.0% | Batch 0/27 (0 tickers)
[2026-04-07 07:08:10 UTC] RAM 28.1% | CPU 88.0% | GPU 18.0% | Batch 0/27 (0 tickers)
[2026-04-07 07:09:10 UTC] RAM 28.1% | CPU 91.2% | GPU 9.0% | Batch 0/27 (0 tickers)
[2026-04-07 07:10:10 UTC] RAM 28.2% | CPU 87.2% | GPU 0.0% | Batch 0/27 (0 tickers)
[2026-04-07 07:11:10 UTC] RAM 28.1% | CPU 67.3% | GPU 0.0% | Batch 0/27 (0 tickers)
[2026-04-07 07:12:10 UTC] RAM 28.2% | CPU 82.2% | GPU 15.0% | Batch 0/27 (0 tickers)
[2026-04-07 07:13:10 UTC] RAM 28.2% | CPU 97.5% | GPU 8.0% | Batch 0/27 (0 tickers)
[2026-04-07 07:14:09 UTC] RAM 28.2% | CPU 91.8% | GPU 63.0% | Batch 0/27 (0 tickers)
[2026-04-07 07:15:09 UTC] RAM 28.2% | CPU 65.5% | GPU 90.0% | Batch 0/27 (0 tickers)
[2026-04-07 07:16:10 UTC] RAM 28.3% | CPU 96.2% | GPU 0.0% | Batch 0/27 (0 tickers)
[2026-04-07 07:17:10 UTC] RAM 28.2% | CPU 89.4% | GPU 16.0% | Batch 0/27 (0 tickers)
[2026-04-07 07:18:10 UTC] RAM 28.3% | CPU 93.5% | GPU 0.0% | Batch 0/27 (0 tickers)
[2026-04-07 07:19:10 UTC] RAM 28.2% | CPU 97.0% | GPU 9.0% | Batch 0/27 (0 tickers)
[2026-04-07 07:20:10 UTC] RAM 28.2% | CPU 93.5% | GPU 8.0% | Batch 0/27 (0 tickers)
[2026-04-07 07:21:10 UTC] RAM 28.3% | CPU 95.9% | GPU 18.0% | Batch 0/27 (0 tickers)
[2026-04-07 07:22:10 UTC] RAM 28.3% | CPU 89.0% | GPU 2.0% | Batch 0/27 (0 tickers)
[2026-04-07 07:23:10 UTC] RAM 28.3% | CPU 88.3% | GPU 17.0% | Batch 0/27 (0 tickers)
[2026-04-07 07:24:10 UTC] RAM 28.3% | CPU 91.0% | GPU 24.0% | Batch 0/27 (0 tickers)
[2026-04-07 07:25:10 UTC] RAM 28.3% | CPU 97.6% | GPU 17.0% | Batch 0/27 (0 tickers)
[2026-04-07 07:26:10 UTC] RAM 28.5% | CPU 88.0% | GPU 0.0% | Batch 0/27 (0 tickers)
[2026-04-07 07:27:10 UTC] RAM 28.4% | CPU 62.5% | GPU 1.0% | Batch 0/27 (0 tickers)
[2026-04-07 07:28:10 UTC] RAM 28.4% | CPU 95.8% | GPU 15.0% | Batch 0/27 (0 tickers)
[2026-04-07 07:29:10 UTC] RAM 28.4% | CPU 80.4% | GPU 1.0% | Batch 0/27 (0 tickers)
[2026-04-07 07:30:10 UTC] RAM 28.5% | CPU 99.4% | GPU 1.0% | Batch 0/27 (0 tickers)
[2026-04-07 07:31:10 UTC] RAM 27.8% | CPU 87.0% | GPU 29.0% | Batch 0/27 (0 tickers)
[2026-04-07 07:32:10 UTC] RAM 25.7% | CPU 87.8% | GPU 10.0% | Batch 1/27 (3 tickers)
[2026-04-07 07:33:10 UTC] RAM 25.8% | CPU 87.1% | GPU 1.0% | Batch 1/27 (3 tickers)
[2026-04-07 07:34:10 UTC] RAM 25.9% | CPU 86.2% | GPU 0.0% | Batch 1/27 (3 tickers)
[2026-04-07 07:35:10 UTC] RAM 26.1% | CPU 89.7% | GPU 14.0% | Batch 1/27 (3 tickers)
[2026-04-07 07:36:11 UTC] RAM 26.1% | CPU 83.5% | GPU 65.0% | Batch 1/27 (3 tickers)
[2026-04-07 07:37:10 UTC] RAM 26.2% | CPU 84.5% | GPU 0.0% | Batch 1/27 (3 tickers)
[2026-04-07 07:38:10 UTC] RAM 26.3% | CPU 90.3% | GPU 65.0% | Batch 1/27 (3 tickers)
[2026-04-07 07:39:10 UTC] RAM 26.5% | CPU 81.7% | GPU 0.0% | Batch 1/27 (3 tickers)
[2026-04-07 07:40:10 UTC] RAM 26.4% | CPU 91.0% | GPU 1.0% | Batch 1/27 (3 tickers)
[2026-04-07 07:41:10 UTC] RAM 26.6% | CPU 95.2% | GPU 0.0% | Batch 1/27 (3 tickers)
[2026-04-07 07:42:10 UTC] RAM 26.6% | CPU 95.4% | GPU 1.0% | Batch 1/27 (3 tickers)
[2026-04-07 07:43:10 UTC] RAM 26.6% | CPU 76.1% | GPU 63.0% | Batch 1/27 (3 tickers)
[2026-04-07 07:44:10 UTC] RAM 26.7% | CPU 93.5% | GPU 6.0% | Batch 1/27 (3 tickers)
[2026-04-07 07:45:10 UTC] RAM 26.8% | CPU 96.7% | GPU 18.0% | Batch 1/27 (3 tickers)
[2026-04-07 07:46:10 UTC] RAM 26.8% | CPU 92.3% | GPU 37.0% | Batch 1/27 (3 tickers)
[2026-04-07 07:47:10 UTC] RAM 27.0% | CPU 89.1% | GPU 1.0% | Batch 1/27 (3 tickers)
[2026-04-07 07:48:10 UTC] RAM 26.9% | CPU 94.2% | GPU 14.0% | Batch 1/27 (3 tickers)
[2026-04-07 07:49:10 UTC] RAM 27.0% | CPU 97.9% | GPU 72.0% | Batch 1/27 (3 tickers)
[2026-04-07 07:50:10 UTC] RAM 27.1% | CPU 93.4% | GPU 27.0% | Batch 1/27 (3 tickers)
[2026-04-07 07:51:09 UTC] RAM 27.2% | CPU 95.1% | GPU 1.0% | Batch 1/27 (3 tickers)
[2026-04-07 07:52:09 UTC] RAM 27.2% | CPU 95.3% | GPU 78.0% | Batch 1/27 (3 tickers)
[2026-04-07 07:53:09 UTC] RAM 27.2% | CPU 99.9% | GPU 0.0% | Batch 1/27 (3 tickers)
[2026-04-07 07:54:09 UTC] RAM 27.2% | CPU 96.5% | GPU 42.0% | Batch 1/27 (3 tickers)
[2026-04-07 07:55:10 UTC] RAM 27.3% | CPU 95.6% | GPU 10.0% | Batch 1/27 (3 tickers)
[2026-04-07 07:56:09 UTC] RAM 27.4% | CPU 97.3% | GPU 0.0% | Batch 1/27 (3 tickers)
[2026-04-07 07:57:09 UTC] RAM 27.4% | CPU 97.1% | GPU 1.0% | Batch 1/27 (3 tickers)
[2026-04-07 07:58:09 UTC] RAM 27.5% | CPU 92.7% | GPU 14.0% | Batch 1/27 (3 tickers)
[2026-04-07 07:59:09 UTC] RAM 27.6% | CPU 75.8% | GPU 59.0% | Batch 1/27 (3 tickers)
[2026-04-07 08:00:09 UTC] RAM 27.5% | CPU 88.0% | GPU 43.0% | Batch 1/27 (3 tickers)
[2026-04-07 08:01:09 UTC] RAM 27.5% | CPU 90.2% | GPU 0.0% | Batch 1/27 (3 tickers)
[2026-04-07 08:02:09 UTC] RAM 27.5% | CPU 74.0% | GPU 16.0% | Batch 1/27 (3 tickers)
[2026-04-07 08:03:08 UTC] RAM 27.6% | CPU 88.9% | GPU 1.0% | Batch 1/27 (3 tickers)
[2026-04-07 08:04:08 UTC] RAM 27.5% | CPU 87.5% | GPU 66.0% | Batch 1/27 (3 tickers)
[2026-04-07 08:05:09 UTC] RAM 27.5% | CPU 92.8% | GPU 40.0% | Batch 1/27 (3 tickers)
[2026-04-07 08:06:08 UTC] RAM 27.5% | CPU 91.2% | GPU 27.0% | Batch 1/27 (3 tickers)
[2026-04-07 08:07:08 UTC] RAM 27.6% | CPU 90.0% | GPU 2.0% | Batch 1/27 (3 tickers)
[2026-04-07 08:08:08 UTC] RAM 27.6% | CPU 91.9% | GPU 0.0% | Batch 1/27 (3 tickers)
[2026-04-07 08:09:08 UTC] RAM 27.6% | CPU 70.5% | GPU 0.0% | Batch 1/27 (3 tickers)
[2026-04-07 08:10:08 UTC] RAM 27.5% | CPU 96.2% | GPU 1.0% | Batch 1/27 (3 tickers)
[2026-04-07 08:11:07 UTC] RAM 27.5% | CPU 81.4% | GPU 54.0% | Batch 1/27 (3 tickers)
[2026-04-07 08:12:07 UTC] RAM 27.5% | CPU 89.2% | GPU 57.0% | Batch 1/27 (3 tickers)
[2026-04-07 08:13:07 UTC] RAM 27.5% | CPU 96.1% | GPU 8.0% | Batch 1/27 (3 tickers)
[2026-04-07 08:14:07 UTC] RAM 27.7% | CPU 96.3% | GPU 6.0% | Batch 1/27 (3 tickers)
[2026-04-07 08:15:07 UTC] RAM 27.7% | CPU 81.2% | GPU 4.0% | Batch 1/27 (3 tickers)
[2026-04-07 08:16:07 UTC] RAM 27.7% | CPU 98.3% | GPU 1.0% | Batch 1/27 (3 tickers)
[2026-04-07 08:17:07 UTC] RAM 27.7% | CPU 88.5% | GPU 6.0% | Batch 1/27 (3 tickers)
[2026-04-07 08:18:07 UTC] RAM 27.7% | CPU 94.5% | GPU 4.0% | Batch 1/27 (3 tickers)
[2026-04-07 08:19:06 UTC] RAM 27.7% | CPU 89.1% | GPU 72.0% | Batch 1/27 (3 tickers)
[2026-04-07 08:20:06 UTC] RAM 27.7% | CPU 96.9% | GPU 9.0% | Batch 1/27 (3 tickers)
[2026-04-07 08:21:06 UTC] RAM 27.9% | CPU 97.2% | GPU 0.0% | Batch 1/27 (3 tickers)
[2026-04-07 08:22:06 UTC] RAM 27.9% | CPU 79.6% | GPU 0.0% | Batch 1/27 (3 tickers)
[2026-04-07 08:23:06 UTC] RAM 27.9% | CPU 85.8% | GPU 0.0% | Batch 1/27 (3 tickers)
[2026-04-07 08:24:06 UTC] RAM 27.8% | CPU 53.9% | GPU 77.0% | Batch 1/27 (3 tickers)
[2026-04-07 08:25:06 UTC] RAM 27.9% | CPU 99.9% | GPU 3.0% | Batch 1/27 (3 tickers)
[2026-04-07 08:26:06 UTC] RAM 28.0% | CPU 85.7% | GPU 4.0% | Batch 1/27 (3 tickers)
[2026-04-07 08:27:05 UTC] RAM 28.0% | CPU 65.3% | GPU 1.0% | Batch 1/27 (3 tickers)
[2026-04-07 08:28:05 UTC] RAM 27.9% | CPU 82.3% | GPU 15.0% | Batch 1/27 (3 tickers)
[2026-04-07 08:29:05 UTC] RAM 28.0% | CPU 92.0% | GPU 3.0% | Batch 1/27 (3 tickers)
[2026-04-07 08:30:05 UTC] RAM 27.9% | CPU 75.9% | GPU 2.0% | Batch 1/27 (3 tickers)
[2026-04-07 08:31:05 UTC] RAM 28.0% | CPU 92.8% | GPU 36.0% | Batch 1/27 (3 tickers)
[2026-04-07 08:32:04 UTC] RAM 27.9% | CPU 88.1% | GPU 0.0% | Batch 1/27 (3 tickers)
[2026-04-07 08:33:04 UTC] RAM 28.0% | CPU 90.0% | GPU 13.0% | Batch 1/27 (3 tickers)
[2026-04-07 08:34:05 UTC] RAM 27.9% | CPU 71.2% | GPU 81.0% | Batch 1/27 (3 tickers)
[2026-04-07 08:35:04 UTC] RAM 27.9% | CPU 84.2% | GPU 1.0% | Batch 1/27 (3 tickers)
[2026-04-07 08:36:04 UTC] RAM 27.9% | CPU 93.7% | GPU 16.0% | Batch 1/27 (3 tickers)
[2026-04-07 08:37:03 UTC] RAM 27.9% | CPU 95.4% | GPU 6.0% | Batch 1/27 (3 tickers)
[2026-04-07 08:38:03 UTC] RAM 27.9% | CPU 88.5% | GPU 1.0% | Batch 1/27 (3 tickers)
[2026-04-07 08:39:04 UTC] RAM 27.9% | CPU 86.9% | GPU 12.0% | Batch 1/27 (3 tickers)
[2026-04-07 08:40:03 UTC] RAM 28.0% | CPU 92.9% | GPU 2.0% | Batch 1/27 (3 tickers)
[2026-04-07 08:41:03 UTC] RAM 28.1% | CPU 94.2% | GPU 0.0% | Batch 1/27 (3 tickers)
[2026-04-07 08:42:03 UTC] RAM 28.0% | CPU 70.2% | GPU 0.0% | Batch 1/27 (3 tickers)
[2026-04-07 08:43:02 UTC] RAM 28.1% | CPU 95.0% | GPU 2.0% | Batch 1/27 (3 tickers)
[2026-04-07 08:44:02 UTC] RAM 28.1% | CPU 85.7% | GPU 67.0% | Batch 1/27 (3 tickers)
[2026-04-07 08:45:02 UTC] RAM 28.1% | CPU 94.6% | GPU 25.0% | Batch 1/27 (3 tickers)
[2026-04-07 08:46:01 UTC] RAM 28.1% | CPU 95.3% | GPU 36.0% | Batch 1/27 (3 tickers)
[2026-04-07 08:47:01 UTC] RAM 28.1% | CPU 98.6% | GPU 1.0% | Batch 1/27 (3 tickers)
[2026-04-07 08:48:01 UTC] RAM 28.1% | CPU 90.9% | GPU 31.0% | Batch 1/27 (3 tickers)
[2026-04-07 08:49:01 UTC] RAM 28.1% | CPU 92.9% | GPU 33.0% | Batch 1/27 (3 tickers)
[2026-04-07 08:50:01 UTC] RAM 28.2% | CPU 91.9% | GPU 0.0% | Batch 1/27 (3 tickers)
[2026-04-07 08:51:00 UTC] RAM 28.3% | CPU 88.0% | GPU 0.0% | Batch 1/27 (3 tickers)
[2026-04-07 08:52:00 UTC] RAM 27.8% | CPU 85.8% | GPU 2.0% | Batch 1/27 (3 tickers)
[2026-04-07 08:53:00 UTC] RAM 26.8% | CPU 74.8% | GPU 1.0% | Batch 2/27 (6 tickers)
[2026-04-07 08:53:59 UTC] RAM 27.0% | CPU 85.6% | GPU 12.0% | Batch 2/27 (6 tickers)
[2026-04-07 08:54:59 UTC] RAM 27.2% | CPU 77.1% | GPU 28.0% | Batch 2/27 (6 tickers)
[2026-04-07 08:55:59 UTC] RAM 27.2% | CPU 79.2% | GPU 74.0% | Batch 2/27 (6 tickers)
[2026-04-07 08:56:58 UTC] RAM 27.4% | CPU 86.6% | GPU 1.0% | Batch 2/27 (6 tickers)
[2026-04-07 08:57:59 UTC] RAM 27.5% | CPU 90.8% | GPU 6.0% | Batch 2/27 (6 tickers)
[2026-04-07 08:58:58 UTC] RAM 27.4% | CPU 91.3% | GPU 9.0% | Batch 2/27 (6 tickers)
[2026-04-07 08:59:58 UTC] RAM 27.6% | CPU 88.1% | GPU 49.0% | Batch 2/27 (6 tickers)
[2026-04-07 09:00:58 UTC] RAM 27.6% | CPU 67.3% | GPU 0.0% | Batch 2/27 (6 tickers)
[2026-04-07 09:01:57 UTC] RAM 27.7% | CPU 93.5% | GPU 0.0% | Batch 2/27 (6 tickers)
[2026-04-07 09:02:57 UTC] RAM 27.7% | CPU 67.5% | GPU 0.0% | Batch 2/27 (6 tickers)
[2026-04-07 09:03:57 UTC] RAM 27.8% | CPU 89.5% | GPU 34.0% | Batch 2/27 (6 tickers)
[2026-04-07 09:04:57 UTC] RAM 28.0% | CPU 78.8% | GPU 0.0% | Batch 2/27 (6 tickers)
[2026-04-07 09:05:56 UTC] RAM 28.0% | CPU 95.2% | GPU 0.0% | Batch 2/27 (6 tickers)
[2026-04-07 09:06:56 UTC] RAM 28.0% | CPU 87.4% | GPU 22.0% | Batch 2/27 (6 tickers)
[2026-04-07 09:07:56 UTC] RAM 28.0% | CPU 86.6% | GPU 54.0% | Batch 2/27 (6 tickers)
[2026-04-07 09:08:56 UTC] RAM 28.1% | CPU 88.5% | GPU 14.0% | Batch 2/27 (6 tickers)
[2026-04-07 09:09:55 UTC] RAM 28.3% | CPU 90.4% | GPU 0.0% | Batch 2/27 (6 tickers)
[2026-04-07 09:10:55 UTC] RAM 28.3% | CPU 99.9% | GPU 3.0% | Batch 2/27 (6 tickers)
[2026-04-07 09:11:55 UTC] RAM 28.3% | CPU 96.5% | GPU 1.0% | Batch 2/27 (6 tickers)
[2026-04-07 09:12:54 UTC] RAM 28.4% | CPU 80.7% | GPU 0.0% | Batch 2/27 (6 tickers)
[2026-04-07 09:13:54 UTC] RAM 28.4% | CPU 95.4% | GPU 1.0% | Batch 2/27 (6 tickers)
[2026-04-07 09:14:54 UTC] RAM 28.5% | CPU 99.7% | GPU 0.0% | Batch 2/27 (6 tickers)
[2026-04-07 09:15:53 UTC] RAM 28.6% | CPU 97.2% | GPU 0.0% | Batch 2/27 (6 tickers)
[2026-04-07 09:16:54 UTC] RAM 28.6% | CPU 93.1% | GPU 71.0% | Batch 2/27 (6 tickers)
[2026-04-07 09:17:53 UTC] RAM 28.7% | CPU 93.1% | GPU 53.0% | Batch 2/27 (6 tickers)
[2026-04-07 09:18:53 UTC] RAM 28.8% | CPU 90.5% | GPU 0.0% | Batch 2/27 (6 tickers)
[2026-04-07 09:19:53 UTC] RAM 28.7% | CPU 96.4% | GPU 8.0% | Batch 2/27 (6 tickers)
[2026-04-07 09:20:52 UTC] RAM 28.8% | CPU 77.3% | GPU 59.0% | Batch 2/27 (6 tickers)
[2026-04-07 09:21:52 UTC] RAM 28.7% | CPU 89.2% | GPU 20.0% | Batch 2/27 (6 tickers)
[2026-04-07 09:22:51 UTC] RAM 28.8% | CPU 92.8% | GPU 29.0% | Batch 2/27 (6 tickers)
[2026-04-07 09:23:51 UTC] RAM 28.8% | CPU 86.0% | GPU 1.0% | Batch 2/27 (6 tickers)
[2026-04-07 09:24:51 UTC] RAM 28.8% | CPU 72.2% | GPU 1.0% | Batch 2/27 (6 tickers)
[2026-04-07 09:25:50 UTC] RAM 28.7% | CPU 89.6% | GPU 37.0% | Batch 2/27 (6 tickers)
[2026-04-07 09:26:51 UTC] RAM 28.8% | CPU 87.3% | GPU 1.0% | Batch 2/27 (6 tickers)
[2026-04-07 09:27:50 UTC] RAM 28.8% | CPU 85.3% | GPU 68.0% | Batch 2/27 (6 tickers)
[2026-04-07 09:28:50 UTC] RAM 28.7% | CPU 61.0% | GPU 79.0% | Batch 2/27 (6 tickers)
[2026-04-07 09:29:50 UTC] RAM 28.8% | CPU 97.9% | GPU 8.0% | Batch 2/27 (6 tickers)
[2026-04-07 09:30:49 UTC] RAM 28.7% | CPU 84.8% | GPU 10.0% | Batch 2/27 (6 tickers)
[2026-04-07 09:31:49 UTC] RAM 28.7% | CPU 91.0% | GPU 19.0% | Batch 2/27 (6 tickers)
[2026-04-07 09:32:49 UTC] RAM 28.8% | CPU 94.6% | GPU 4.0% | Batch 2/27 (6 tickers)
[2026-04-07 09:33:49 UTC] RAM 28.8% | CPU 91.8% | GPU 16.0% | Batch 2/27 (6 tickers)
[2026-04-07 09:34:48 UTC] RAM 28.8% | CPU 87.1% | GPU 8.0% | Batch 2/27 (6 tickers)
[2026-04-07 09:35:48 UTC] RAM 28.8% | CPU 94.2% | GPU 33.0% | Batch 2/27 (6 tickers)
[2026-04-07 09:36:49 UTC] RAM 28.9% | CPU 81.6% | GPU 51.0% | Batch 2/27 (6 tickers)
[2026-04-07 09:37:49 UTC] RAM 28.9% | CPU 97.1% | GPU 25.0% | Batch 2/27 (6 tickers)
[2026-04-07 09:38:48 UTC] RAM 29.0% | CPU 99.2% | GPU 1.0% | Batch 2/27 (6 tickers)
[2026-04-07 09:39:48 UTC] RAM 28.9% | CPU 91.6% | GPU 10.0% | Batch 2/27 (6 tickers)
[2026-04-07 09:40:48 UTC] RAM 29.1% | CPU 84.1% | GPU 0.0% | Batch 2/27 (6 tickers)
[2026-04-07 09:41:48 UTC] RAM 29.1% | CPU 95.0% | GPU 8.0% | Batch 2/27 (6 tickers)
[2026-04-07 09:42:48 UTC] RAM 29.0% | CPU 86.9% | GPU 13.0% | Batch 2/27 (6 tickers)
[2026-04-07 09:43:48 UTC] RAM 29.2% | CPU 93.8% | GPU 13.0% | Batch 2/27 (6 tickers)
[2026-04-07 09:44:48 UTC] RAM 29.1% | CPU 96.1% | GPU 3.0% | Batch 2/27 (6 tickers)
[2026-04-07 09:45:49 UTC] RAM 29.2% | CPU 95.5% | GPU 0.0% | Batch 2/27 (6 tickers)
[2026-04-07 09:46:49 UTC] RAM 29.2% | CPU 95.7% | GPU 42.0% | Batch 2/27 (6 tickers)
[2026-04-07 09:47:49 UTC] RAM 29.2% | CPU 92.1% | GPU 10.0% | Batch 2/27 (6 tickers)
[2026-04-07 09:48:49 UTC] RAM 29.2% | CPU 89.4% | GPU 33.0% | Batch 2/27 (6 tickers)
[2026-04-07 09:49:49 UTC] RAM 29.2% | CPU 90.7% | GPU 49.0% | Batch 2/27 (6 tickers)
[2026-04-07 09:50:49 UTC] RAM 29.2% | CPU 85.9% | GPU 2.0% | Batch 2/27 (6 tickers)
[2026-04-07 09:51:49 UTC] RAM 29.2% | CPU 93.5% | GPU 15.0% | Batch 2/27 (6 tickers)
[2026-04-07 09:52:49 UTC] RAM 29.1% | CPU 68.5% | GPU 2.0% | Batch 2/27 (6 tickers)
[2026-04-07 09:53:49 UTC] RAM 29.3% | CPU 91.3% | GPU 1.0% | Batch 2/27 (6 tickers)
[2026-04-07 09:54:49 UTC] RAM 29.1% | CPU 93.5% | GPU 43.0% | Batch 2/27 (6 tickers)
[2026-04-07 09:55:50 UTC] RAM 29.2% | CPU 94.4% | GPU 1.0% | Batch 2/27 (6 tickers)
[2026-04-07 09:56:50 UTC] RAM 29.2% | CPU 95.3% | GPU 5.0% | Batch 2/27 (6 tickers)
[2026-04-07 09:57:50 UTC] RAM 29.2% | CPU 86.2% | GPU 1.0% | Batch 2/27 (6 tickers)
[2026-04-07 09:58:50 UTC] RAM 29.3% | CPU 86.0% | GPU 2.0% | Batch 2/27 (6 tickers)
[2026-04-07 09:59:50 UTC] RAM 29.2% | CPU 92.6% | GPU 1.0% | Batch 2/27 (6 tickers)
[2026-04-07 10:00:51 UTC] RAM 29.2% | CPU 85.1% | GPU 12.0% | Batch 2/27 (6 tickers)
[2026-04-07 10:01:51 UTC] RAM 29.2% | CPU 92.0% | GPU 36.0% | Batch 2/27 (6 tickers)
[2026-04-07 10:02:51 UTC] RAM 29.2% | CPU 94.6% | GPU 6.0% | Batch 2/27 (6 tickers)
[2026-04-07 10:03:52 UTC] RAM 29.3% | CPU 88.1% | GPU 10.0% | Batch 2/27 (6 tickers)
[2026-04-07 10:04:52 UTC] RAM 29.3% | CPU 79.2% | GPU 0.0% | Batch 2/27 (6 tickers)
[2026-04-07 10:05:53 UTC] RAM 29.3% | CPU 89.7% | GPU 1.0% | Batch 2/27 (6 tickers)
[2026-04-07 10:06:53 UTC] RAM 29.3% | CPU 91.9% | GPU 8.0% | Batch 2/27 (6 tickers)
[2026-04-07 10:07:53 UTC] RAM 29.4% | CPU 94.4% | GPU 31.0% | Batch 2/27 (6 tickers)
[2026-04-07 10:08:53 UTC] RAM 29.3% | CPU 66.7% | GPU 0.0% | Batch 2/27 (6 tickers)
[2026-04-07 10:09:54 UTC] RAM 29.4% | CPU 86.3% | GPU 3.0% | Batch 2/27 (6 tickers)
[2026-04-07 10:10:55 UTC] RAM 29.5% | CPU 99.1% | GPU 11.0% | Batch 2/27 (6 tickers)
[2026-04-07 10:11:56 UTC] RAM 29.5% | CPU 84.5% | GPU 0.0% | Batch 2/27 (6 tickers)
[2026-04-07 10:12:57 UTC] RAM 29.6% | CPU 90.1% | GPU 22.0% | Batch 2/27 (6 tickers)
[2026-04-07 10:13:58 UTC] RAM 29.6% | CPU 94.7% | GPU 1.0% | Batch 2/27 (6 tickers)
[2026-04-07 10:15:00 UTC] RAM 25.9% | CPU 84.6% | GPU 0.0% | Batch 3/27 (9 tickers)
[2026-04-07 10:16:01 UTC] RAM 26.2% | CPU 89.3% | GPU 1.0% | Batch 3/27 (9 tickers)
[2026-04-07 10:17:02 UTC] RAM 26.3% | CPU 63.8% | GPU 0.0% | Batch 3/27 (9 tickers)
[2026-04-07 10:18:03 UTC] RAM 26.4% | CPU 90.8% | GPU 42.0% | Batch 3/27 (9 tickers)
[2026-04-07 10:19:04 UTC] RAM 26.5% | CPU 88.5% | GPU 6.0% | Batch 3/27 (9 tickers)
[2026-04-07 10:20:05 UTC] RAM 26.5% | CPU 93.4% | GPU 15.0% | Batch 3/27 (9 tickers)
[2026-04-07 10:21:07 UTC] RAM 26.6% | CPU 74.3% | GPU 54.0% | Batch 3/27 (9 tickers)
[2026-04-07 10:22:08 UTC] RAM 26.6% | CPU 87.1% | GPU 61.0% | Batch 3/27 (9 tickers)
[2026-04-07 10:23:09 UTC] RAM 26.7% | CPU 93.5% | GPU 3.0% | Batch 3/27 (9 tickers)
[2026-04-07 10:24:10 UTC] RAM 26.9% | CPU 87.9% | GPU 1.0% | Batch 3/27 (9 tickers)
[2026-04-07 10:25:11 UTC] RAM 26.9% | CPU 81.6% | GPU 53.0% | Batch 3/27 (9 tickers)
[2026-04-07 10:26:12 UTC] RAM 27.0% | CPU 92.5% | GPU 20.0% | Batch 3/27 (9 tickers)
[2026-04-07 10:27:13 UTC] RAM 27.0% | CPU 94.6% | GPU 22.0% | Batch 3/27 (9 tickers)
[2026-04-07 10:28:15 UTC] RAM 27.1% | CPU 85.8% | GPU 0.0% | Batch 3/27 (9 tickers)
[2026-04-07 10:29:16 UTC] RAM 27.1% | CPU 85.4% | GPU 76.0% | Batch 3/27 (9 tickers)
[2026-04-07 10:30:17 UTC] RAM 27.2% | CPU 89.7% | GPU 13.0% | Batch 3/27 (9 tickers)
[2026-04-07 10:31:18 UTC] RAM 27.3% | CPU 77.4% | GPU 87.0% | Batch 3/27 (9 tickers)
[2026-04-07 10:32:19 UTC] RAM 27.3% | CPU 92.4% | GPU 44.0% | Batch 3/27 (9 tickers)
[2026-04-07 10:33:20 UTC] RAM 27.4% | CPU 67.0% | GPU 90.0% | Batch 3/27 (9 tickers)
[2026-04-07 10:34:22 UTC] RAM 27.4% | CPU 64.2% | GPU 1.0% | Batch 3/27 (9 tickers)
[2026-04-07 10:35:23 UTC] RAM 27.5% | CPU 92.1% | GPU 24.0% | Batch 3/27 (9 tickers)
[2026-04-07 10:36:24 UTC] RAM 27.7% | CPU 89.1% | GPU 1.0% | Batch 3/27 (9 tickers)
[2026-04-07 10:37:25 UTC] RAM 27.6% | CPU 92.9% | GPU 8.0% | Batch 3/27 (9 tickers)
[2026-04-07 10:38:26 UTC] RAM 27.7% | CPU 99.6% | GPU 2.0% | Batch 3/27 (9 tickers)
[2026-04-07 10:39:28 UTC] RAM 27.8% | CPU 75.2% | GPU 39.0% | Batch 3/27 (9 tickers)
[2026-04-07 10:40:29 UTC] RAM 27.9% | CPU 99.6% | GPU 0.0% | Batch 3/27 (9 tickers)
[2026-04-07 10:41:30 UTC] RAM 27.9% | CPU 91.4% | GPU 13.0% | Batch 3/27 (9 tickers)
[2026-04-07 10:42:31 UTC] RAM 27.9% | CPU 76.0% | GPU 7.0% | Batch 3/27 (9 tickers)
[2026-04-07 10:43:32 UTC] RAM 27.9% | CPU 80.3% | GPU 0.0% | Batch 3/27 (9 tickers)
[2026-04-07 10:44:33 UTC] RAM 27.9% | CPU 88.3% | GPU 0.0% | Batch 3/27 (9 tickers)
[2026-04-07 10:45:34 UTC] RAM 27.9% | CPU 81.5% | GPU 78.0% | Batch 3/27 (9 tickers)
[2026-04-07 10:46:36 UTC] RAM 27.9% | CPU 94.7% | GPU 28.0% | Batch 3/27 (9 tickers)
[2026-04-07 10:47:37 UTC] RAM 27.9% | CPU 78.7% | GPU 56.0% | Batch 3/27 (9 tickers)
[2026-04-07 10:48:38 UTC] RAM 28.0% | CPU 86.5% | GPU 7.0% | Batch 3/27 (9 tickers)
[2026-04-07 10:49:39 UTC] RAM 27.9% | CPU 81.1% | GPU 1.0% | Batch 3/27 (9 tickers)
[2026-04-07 10:50:40 UTC] RAM 28.0% | CPU 81.2% | GPU 2.0% | Batch 3/27 (9 tickers)
[2026-04-07 10:51:41 UTC] RAM 28.0% | CPU 90.8% | GPU 0.0% | Batch 3/27 (9 tickers)
[2026-04-07 10:52:42 UTC] RAM 27.9% | CPU 89.0% | GPU 2.0% | Batch 3/27 (9 tickers)
[2026-04-07 10:53:44 UTC] RAM 27.9% | CPU 78.4% | GPU 86.0% | Batch 3/27 (9 tickers)
[2026-04-07 10:54:45 UTC] RAM 27.9% | CPU 96.5% | GPU 0.0% | Batch 3/27 (9 tickers)
[2026-04-07 10:55:46 UTC] RAM 27.9% | CPU 69.3% | GPU 0.0% | Batch 3/27 (9 tickers)
[2026-04-07 10:56:47 UTC] RAM 28.0% | CPU 96.1% | GPU 2.0% | Batch 3/27 (9 tickers)
[2026-04-07 10:57:49 UTC] RAM 28.0% | CPU 95.2% | GPU 0.0% | Batch 3/27 (9 tickers)
[2026-04-07 10:58:50 UTC] RAM 28.1% | CPU 91.4% | GPU 7.0% | Batch 3/27 (9 tickers)
[2026-04-07 10:59:51 UTC] RAM 28.0% | CPU 67.3% | GPU 1.0% | Batch 3/27 (9 tickers)
[2026-04-07 11:00:52 UTC] RAM 28.1% | CPU 85.1% | GPU 0.0% | Batch 3/27 (9 tickers)
[2026-04-07 11:01:54 UTC] RAM 28.1% | CPU 74.8% | GPU 0.0% | Batch 3/27 (9 tickers)
[2026-04-07 11:02:55 UTC] RAM 28.1% | CPU 89.0% | GPU 56.0% | Batch 3/27 (9 tickers)
[2026-04-07 11:03:56 UTC] RAM 28.1% | CPU 96.0% | GPU 1.0% | Batch 3/27 (9 tickers)
[2026-04-07 11:04:57 UTC] RAM 28.2% | CPU 98.1% | GPU 15.0% | Batch 3/27 (9 tickers)
[2026-04-07 11:05:59 UTC] RAM 28.2% | CPU 97.1% | GPU 5.0% | Batch 3/27 (9 tickers)
[2026-04-07 11:07:00 UTC] RAM 28.2% | CPU 96.0% | GPU 1.0% | Batch 3/27 (9 tickers)
[2026-04-07 11:08:01 UTC] RAM 28.2% | CPU 99.7% | GPU 2.0% | Batch 3/27 (9 tickers)
[2026-04-07 11:09:02 UTC] RAM 28.2% | CPU 97.0% | GPU 4.0% | Batch 3/27 (9 tickers)
[2026-04-07 11:10:03 UTC] RAM 28.3% | CPU 74.2% | GPU 17.0% | Batch 3/27 (9 tickers)
[2026-04-07 11:11:04 UTC] RAM 28.3% | CPU 91.7% | GPU 27.0% | Batch 3/27 (9 tickers)
[2026-04-07 11:12:05 UTC] RAM 28.3% | CPU 93.4% | GPU 6.0% | Batch 3/27 (9 tickers)
[2026-04-07 11:13:06 UTC] RAM 28.3% | CPU 88.1% | GPU 1.0% | Batch 3/27 (9 tickers)
[2026-04-07 11:14:08 UTC] RAM 28.4% | CPU 93.4% | GPU 40.0% | Batch 3/27 (9 tickers)
[2026-04-07 11:15:09 UTC] RAM 28.3% | CPU 94.5% | GPU 2.0% | Batch 3/27 (9 tickers)
[2026-04-07 11:16:10 UTC] RAM 28.3% | CPU 94.6% | GPU 4.0% | Batch 3/27 (9 tickers)
[2026-04-07 11:17:11 UTC] RAM 28.5% | CPU 75.3% | GPU 3.0% | Batch 3/27 (9 tickers)
[2026-04-07 11:18:12 UTC] RAM 28.3% | CPU 73.5% | GPU 3.0% | Batch 3/27 (9 tickers)
[2026-04-07 11:19:14 UTC] RAM 28.2% | CPU 77.2% | GPU 1.0% | Batch 3/27 (9 tickers)
[2026-04-07 11:20:15 UTC] RAM 28.3% | CPU 87.1% | GPU 71.0% | Batch 3/27 (9 tickers)
[2026-04-07 11:21:16 UTC] RAM 28.3% | CPU 93.7% | GPU 0.0% | Batch 3/27 (9 tickers)
[2026-04-07 11:22:17 UTC] RAM 28.3% | CPU 89.0% | GPU 1.0% | Batch 3/27 (9 tickers)
[2026-04-07 11:23:18 UTC] RAM 28.4% | CPU 85.5% | GPU 0.0% | Batch 3/27 (9 tickers)
[2026-04-07 11:24:19 UTC] RAM 28.4% | CPU 86.4% | GPU 1.0% | Batch 3/27 (9 tickers)
[2026-04-07 11:25:20 UTC] RAM 28.3% | CPU 68.1% | GPU 0.0% | Batch 3/27 (9 tickers)
[2026-04-07 11:26:22 UTC] RAM 28.4% | CPU 93.0% | GPU 13.0% | Batch 3/27 (9 tickers)
[2026-04-07 11:27:23 UTC] RAM 28.4% | CPU 94.6% | GPU 15.0% | Batch 3/27 (9 tickers)
[2026-04-07 11:28:24 UTC] RAM 28.5% | CPU 92.0% | GPU 7.0% | Batch 3/27 (9 tickers)
[2026-04-07 11:29:25 UTC] RAM 28.4% | CPU 95.0% | GPU 26.0% | Batch 3/27 (9 tickers)
[2026-04-07 11:30:26 UTC] RAM 28.4% | CPU 88.0% | GPU 77.0% | Batch 3/27 (9 tickers)
[2026-04-07 11:31:27 UTC] RAM 28.5% | CPU 92.5% | GPU 1.0% | Batch 3/27 (9 tickers)
[2026-04-07 11:32:29 UTC] RAM 28.6% | CPU 74.1% | GPU 0.0% | Batch 3/27 (9 tickers)
[2026-04-07 11:33:30 UTC] RAM 28.5% | CPU 99.4% | GPU 6.0% | Batch 3/27 (9 tickers)
[2026-04-07 11:34:31 UTC] RAM 28.6% | CPU 97.2% | GPU 14.0% | Batch 3/27 (9 tickers)
[2026-04-07 11:35:32 UTC] RAM 28.2% | CPU 73.6% | GPU 83.0% | Batch 3/27 (9 tickers)
[2026-04-07 11:36:33 UTC] RAM 27.9% | CPU 58.3% | GPU 0.0% | Batch 3/27 (9 tickers)
[2026-04-07 11:37:34 UTC] RAM 27.2% | CPU 91.3% | GPU 4.0% | Batch 4/27 (12 tickers)
[2026-04-07 11:38:36 UTC] RAM 26.8% | CPU 78.8% | GPU 2.0% | Batch 4/27 (12 tickers)
[2026-04-07 11:39:37 UTC] RAM 26.9% | CPU 79.3% | GPU 7.0% | Batch 4/27 (12 tickers)
[2026-04-07 11:40:38 UTC] RAM 27.0% | CPU 72.2% | GPU 0.0% | Batch 4/27 (12 tickers)
[2026-04-07 11:41:39 UTC] RAM 27.1% | CPU 82.8% | GPU 16.0% | Batch 4/27 (12 tickers)
[2026-04-07 11:42:40 UTC] RAM 27.2% | CPU 76.1% | GPU 0.0% | Batch 4/27 (12 tickers)
[2026-04-07 11:43:41 UTC] RAM 27.2% | CPU 78.7% | GPU 13.0% | Batch 4/27 (12 tickers)
[2026-04-07 11:44:42 UTC] RAM 27.3% | CPU 84.9% | GPU 16.0% | Batch 4/27 (12 tickers)
[2026-04-07 11:45:43 UTC] RAM 27.4% | CPU 81.7% | GPU 14.0% | Batch 4/27 (12 tickers)
[2026-04-07 11:46:45 UTC] RAM 27.4% | CPU 78.6% | GPU 5.0% | Batch 4/27 (12 tickers)
[2026-04-07 11:47:46 UTC] RAM 27.5% | CPU 70.5% | GPU 0.0% | Batch 4/27 (12 tickers)
[2026-04-07 11:48:47 UTC] RAM 27.6% | CPU 91.1% | GPU 4.0% | Batch 4/27 (12 tickers)
[2026-04-07 11:49:48 UTC] RAM 27.7% | CPU 66.8% | GPU 0.0% | Batch 4/27 (12 tickers)
[2026-04-07 11:50:49 UTC] RAM 27.7% | CPU 88.9% | GPU 16.0% | Batch 4/27 (12 tickers)
[2026-04-07 11:51:50 UTC] RAM 27.8% | CPU 92.8% | GPU 14.0% | Batch 4/27 (12 tickers)
[2026-04-07 11:52:51 UTC] RAM 27.8% | CPU 88.2% | GPU 19.0% | Batch 4/27 (12 tickers)
[2026-04-07 11:53:53 UTC] RAM 28.0% | CPU 80.5% | GPU 1.0% | Batch 4/27 (12 tickers)
[2026-04-07 11:54:54 UTC] RAM 28.0% | CPU 63.0% | GPU 86.0% | Batch 4/27 (12 tickers)
[2026-04-07 11:55:55 UTC] RAM 28.0% | CPU 80.4% | GPU 1.0% | Batch 4/27 (12 tickers)
[2026-04-07 11:56:56 UTC] RAM 28.1% | CPU 66.8% | GPU 16.0% | Batch 4/27 (12 tickers)
[2026-04-07 11:57:57 UTC] RAM 28.1% | CPU 79.1% | GPU 2.0% | Batch 4/27 (12 tickers)
[2026-04-07 11:58:58 UTC] RAM 28.1% | CPU 74.5% | GPU 8.0% | Batch 4/27 (12 tickers)
[2026-04-07 11:59:59 UTC] RAM 28.0% | CPU 80.0% | GPU 18.0% | Batch 4/27 (12 tickers)
[2026-04-07 12:01:00 UTC] RAM 28.1% | CPU 75.5% | GPU 3.0% | Batch 4/27 (12 tickers)
[2026-04-07 12:02:01 UTC] RAM 28.0% | CPU 82.4% | GPU 12.0% | Batch 4/27 (12 tickers)
[2026-04-07 12:03:03 UTC] RAM 28.1% | CPU 81.1% | GPU 11.0% | Batch 4/27 (12 tickers)
[2026-04-07 12:04:04 UTC] RAM 28.0% | CPU 72.5% | GPU 13.0% | Batch 4/27 (12 tickers)
[2026-04-07 12:05:05 UTC] RAM 28.0% | CPU 87.6% | GPU 19.0% | Batch 4/27 (12 tickers)
[2026-04-07 12:06:06 UTC] RAM 28.1% | CPU 92.2% | GPU 4.0% | Batch 4/27 (12 tickers)
[2026-04-07 12:07:07 UTC] RAM 28.1% | CPU 87.5% | GPU 5.0% | Batch 4/27 (12 tickers)
[2026-04-07 12:08:08 UTC] RAM 28.1% | CPU 94.0% | GPU 16.0% | Batch 4/27 (12 tickers)
[2026-04-07 12:09:10 UTC] RAM 28.2% | CPU 88.7% | GPU 9.0% | Batch 4/27 (12 tickers)
[2026-04-07 12:10:11 UTC] RAM 28.2% | CPU 84.9% | GPU 29.0% | Batch 4/27 (12 tickers)
[2026-04-07 12:11:12 UTC] RAM 28.1% | CPU 78.1% | GPU 0.0% | Batch 4/27 (12 tickers)
[2026-04-07 12:12:13 UTC] RAM 28.2% | CPU 87.6% | GPU 12.0% | Batch 4/27 (12 tickers)
[2026-04-07 12:13:14 UTC] RAM 28.2% | CPU 92.2% | GPU 23.0% | Batch 4/27 (12 tickers)
[2026-04-07 12:14:15 UTC] RAM 28.3% | CPU 79.6% | GPU 5.0% | Batch 4/27 (12 tickers)
[2026-04-07 12:15:17 UTC] RAM 28.3% | CPU 52.6% | GPU 84.0% | Batch 4/27 (12 tickers)
[2026-04-07 12:16:18 UTC] RAM 28.3% | CPU 70.0% | GPU 14.0% | Batch 4/27 (12 tickers)
[2026-04-07 12:17:19 UTC] RAM 28.3% | CPU 84.3% | GPU 8.0% | Batch 4/27 (12 tickers)
[2026-04-07 12:18:20 UTC] RAM 28.3% | CPU 84.9% | GPU 15.0% | Batch 4/27 (12 tickers)
[2026-04-07 12:19:21 UTC] RAM 28.3% | CPU 81.7% | GPU 10.0% | Batch 4/27 (12 tickers)
[2026-04-07 12:20:22 UTC] RAM 28.3% | CPU 87.0% | GPU 0.0% | Batch 4/27 (12 tickers)
[2026-04-07 12:21:23 UTC] RAM 28.3% | CPU 67.8% | GPU 3.0% | Batch 4/27 (12 tickers)
[2026-04-07 12:22:25 UTC] RAM 28.3% | CPU 77.5% | GPU 12.0% | Batch 4/27 (12 tickers)
[2026-04-07 12:23:26 UTC] RAM 28.3% | CPU 77.9% | GPU 20.0% | Batch 4/27 (12 tickers)
[2026-04-07 12:24:27 UTC] RAM 28.3% | CPU 73.8% | GPU 85.0% | Batch 4/27 (12 tickers)
[2026-04-07 12:25:28 UTC] RAM 28.3% | CPU 81.7% | GPU 15.0% | Batch 4/27 (12 tickers)
[2026-04-07 12:26:29 UTC] RAM 28.4% | CPU 69.7% | GPU 17.0% | Batch 4/27 (12 tickers)
[2026-04-07 12:27:30 UTC] RAM 28.3% | CPU 69.3% | GPU 0.0% | Batch 4/27 (12 tickers)
[2026-04-07 12:28:31 UTC] RAM 28.3% | CPU 69.4% | GPU 0.0% | Batch 4/27 (12 tickers)
[2026-04-07 12:29:32 UTC] RAM 28.3% | CPU 71.6% | GPU 0.0% | Batch 4/27 (12 tickers)
[2026-04-07 12:30:33 UTC] RAM 28.4% | CPU 80.7% | GPU 6.0% | Batch 4/27 (12 tickers)
[2026-04-07 12:31:35 UTC] RAM 28.5% | CPU 94.1% | GPU 5.0% | Batch 4/27 (12 tickers)
[2026-04-07 12:32:36 UTC] RAM 28.4% | CPU 84.8% | GPU 1.0% | Batch 4/27 (12 tickers)
[2026-04-07 12:33:37 UTC] RAM 28.5% | CPU 75.8% | GPU 0.0% | Batch 4/27 (12 tickers)
[2026-04-07 12:34:38 UTC] RAM 27.1% | CPU 67.9% | GPU 53.0% | Batch 5/27 (15 tickers)
[2026-04-07 12:35:39 UTC] RAM 27.4% | CPU 81.6% | GPU 1.0% | Batch 5/27 (15 tickers)
[2026-04-07 12:36:40 UTC] RAM 27.5% | CPU 86.6% | GPU 0.0% | Batch 5/27 (15 tickers)
[2026-04-07 12:37:42 UTC] RAM 27.7% | CPU 82.5% | GPU 75.0% | Batch 5/27 (15 tickers)
[2026-04-07 12:38:43 UTC] RAM 27.7% | CPU 72.3% | GPU 55.0% | Batch 5/27 (15 tickers)
[2026-04-07 12:39:44 UTC] RAM 27.8% | CPU 80.8% | GPU 78.0% | Batch 5/27 (15 tickers)
[2026-04-07 12:40:45 UTC] RAM 27.9% | CPU 86.6% | GPU 28.0% | Batch 5/27 (15 tickers)
[2026-04-07 12:41:46 UTC] RAM 28.0% | CPU 69.3% | GPU 1.0% | Batch 5/27 (15 tickers)
[2026-04-07 12:42:47 UTC] RAM 28.0% | CPU 86.6% | GPU 85.0% | Batch 5/27 (15 tickers)
[2026-04-07 12:43:49 UTC] RAM 28.1% | CPU 83.8% | GPU 0.0% | Batch 5/27 (15 tickers)
[2026-04-07 12:44:50 UTC] RAM 28.2% | CPU 84.8% | GPU 1.0% | Batch 5/27 (15 tickers)
[2026-04-07 12:45:51 UTC] RAM 28.2% | CPU 80.1% | GPU 9.0% | Batch 5/27 (15 tickers)
[2026-04-07 12:46:52 UTC] RAM 28.4% | CPU 77.7% | GPU 0.0% | Batch 5/27 (15 tickers)
[2026-04-07 12:47:53 UTC] RAM 28.4% | CPU 86.6% | GPU 23.0% | Batch 5/27 (15 tickers)
[2026-04-07 12:48:54 UTC] RAM 28.4% | CPU 74.1% | GPU 33.0% | Batch 5/27 (15 tickers)
[2026-04-07 12:49:56 UTC] RAM 28.5% | CPU 89.9% | GPU 64.0% | Batch 5/27 (15 tickers)
[2026-04-07 12:50:57 UTC] RAM 28.6% | CPU 90.8% | GPU 2.0% | Batch 5/27 (15 tickers)
[2026-04-07 12:51:58 UTC] RAM 28.6% | CPU 73.6% | GPU 1.0% | Batch 5/27 (15 tickers)
[2026-04-07 12:52:59 UTC] RAM 28.7% | CPU 89.2% | GPU 0.0% | Batch 5/27 (15 tickers)
[2026-04-07 12:54:01 UTC] RAM 28.7% | CPU 70.8% | GPU 0.0% | Batch 5/27 (15 tickers)
[2026-04-07 12:55:02 UTC] RAM 28.9% | CPU 98.2% | GPU 0.0% | Batch 5/27 (15 tickers)
[2026-04-07 12:56:03 UTC] RAM 28.9% | CPU 75.9% | GPU 1.0% | Batch 5/27 (15 tickers)
[2026-04-07 12:57:05 UTC] RAM 28.9% | CPU 91.6% | GPU 39.0% | Batch 5/27 (15 tickers)
[2026-04-07 12:58:06 UTC] RAM 29.0% | CPU 99.2% | GPU 0.0% | Batch 5/27 (15 tickers)
[2026-04-07 12:59:07 UTC] RAM 29.0% | CPU 95.0% | GPU 27.0% | Batch 5/27 (15 tickers)
[2026-04-07 13:00:08 UTC] RAM 29.1% | CPU 82.6% | GPU 78.0% | Batch 5/27 (15 tickers)
[2026-04-07 13:01:09 UTC] RAM 29.2% | CPU 99.8% | GPU 14.0% | Batch 5/27 (15 tickers)
[2026-04-07 13:02:10 UTC] RAM 29.2% | CPU 89.3% | GPU 1.0% | Batch 5/27 (15 tickers)
[2026-04-07 13:03:12 UTC] RAM 29.2% | CPU 86.5% | GPU 2.0% | Batch 5/27 (15 tickers)
[2026-04-07 13:04:13 UTC] RAM 29.3% | CPU 90.5% | GPU 36.0% | Batch 5/27 (15 tickers)
[2026-04-07 13:05:14 UTC] RAM 29.2% | CPU 93.6% | GPU 1.0% | Batch 5/27 (15 tickers)
[2026-04-07 13:06:15 UTC] RAM 29.2% | CPU 88.6% | GPU 2.0% | Batch 5/27 (15 tickers)
[2026-04-07 13:07:16 UTC] RAM 29.2% | CPU 89.8% | GPU 5.0% | Batch 5/27 (15 tickers)
[2026-04-07 13:08:17 UTC] RAM 29.2% | CPU 73.5% | GPU 1.0% | Batch 5/27 (15 tickers)
[2026-04-07 13:09:18 UTC] RAM 29.2% | CPU 92.9% | GPU 17.0% | Batch 5/27 (15 tickers)
[2026-04-07 13:10:20 UTC] RAM 29.3% | CPU 87.9% | GPU 3.0% | Batch 5/27 (15 tickers)
[2026-04-07 13:11:21 UTC] RAM 29.3% | CPU 92.5% | GPU 24.0% | Batch 5/27 (15 tickers)
[2026-04-07 13:12:22 UTC] RAM 29.3% | CPU 97.2% | GPU 1.0% | Batch 5/27 (15 tickers)
[2026-04-07 13:13:23 UTC] RAM 29.3% | CPU 86.9% | GPU 0.0% | Batch 5/27 (15 tickers)
[2026-04-07 13:14:25 UTC] RAM 29.2% | CPU 87.2% | GPU 1.0% | Batch 5/27 (15 tickers)
[2026-04-07 13:15:26 UTC] RAM 29.2% | CPU 88.4% | GPU 1.0% | Batch 5/27 (15 tickers)
[2026-04-07 13:16:27 UTC] RAM 29.2% | CPU 98.4% | GPU 1.0% | Batch 5/27 (15 tickers)
[2026-04-07 13:17:28 UTC] RAM 29.3% | CPU 91.1% | GPU 66.0% | Batch 5/27 (15 tickers)
[2026-04-07 13:18:29 UTC] RAM 29.3% | CPU 70.8% | GPU 36.0% | Batch 5/27 (15 tickers)
[2026-04-07 13:19:30 UTC] RAM 29.4% | CPU 94.8% | GPU 41.0% | Batch 5/27 (15 tickers)
[2026-04-07 13:20:32 UTC] RAM 29.3% | CPU 99.0% | GPU 1.0% | Batch 5/27 (15 tickers)
[2026-04-07 13:21:33 UTC] RAM 29.5% | CPU 98.7% | GPU 0.0% | Batch 5/27 (15 tickers)
[2026-04-07 13:22:34 UTC] RAM 29.5% | CPU 93.4% | GPU 1.0% | Batch 5/27 (15 tickers)
[2026-04-07 13:23:35 UTC] RAM 29.5% | CPU 90.8% | GPU 36.0% | Batch 5/27 (15 tickers)
[2026-04-07 13:24:36 UTC] RAM 29.5% | CPU 91.5% | GPU 1.0% | Batch 5/27 (15 tickers)
[2026-04-07 13:25:38 UTC] RAM 29.5% | CPU 95.4% | GPU 11.0% | Batch 5/27 (15 tickers)
[2026-04-07 13:26:39 UTC] RAM 29.5% | CPU 74.0% | GPU 91.0% | Batch 5/27 (15 tickers)
[2026-04-07 13:27:40 UTC] RAM 29.5% | CPU 74.2% | GPU 1.0% | Batch 5/27 (15 tickers)
[2026-04-07 13:28:41 UTC] RAM 29.5% | CPU 82.8% | GPU 1.0% | Batch 5/27 (15 tickers)
[2026-04-07 13:29:42 UTC] RAM 29.6% | CPU 96.1% | GPU 1.0% | Batch 5/27 (15 tickers)
[2026-04-07 13:30:44 UTC] RAM 29.6% | CPU 86.0% | GPU 2.0% | Batch 5/27 (15 tickers)
[2026-04-07 13:31:45 UTC] RAM 29.6% | CPU 86.1% | GPU 71.0% | Batch 5/27 (15 tickers)
[2026-04-07 13:32:46 UTC] RAM 29.6% | CPU 89.2% | GPU 3.0% | Batch 5/27 (15 tickers)
[2026-04-07 13:33:47 UTC] RAM 29.6% | CPU 92.3% | GPU 1.0% | Batch 5/27 (15 tickers)
[2026-04-07 13:34:48 UTC] RAM 29.6% | CPU 82.3% | GPU 22.0% | Batch 5/27 (15 tickers)
[2026-04-07 13:35:49 UTC] RAM 29.6% | CPU 90.9% | GPU 23.0% | Batch 5/27 (15 tickers)
[2026-04-07 13:36:51 UTC] RAM 29.6% | CPU 88.3% | GPU 17.0% | Batch 5/27 (15 tickers)
[2026-04-07 13:37:52 UTC] RAM 29.6% | CPU 77.7% | GPU 3.0% | Batch 5/27 (15 tickers)
[2026-04-07 13:38:53 UTC] RAM 29.5% | CPU 83.6% | GPU 0.0% | Batch 5/27 (15 tickers)
[2026-04-07 13:39:54 UTC] RAM 29.7% | CPU 82.8% | GPU 4.0% | Batch 5/27 (15 tickers)
[2026-04-07 13:40:55 UTC] RAM 29.6% | CPU 80.9% | GPU 0.0% | Batch 5/27 (15 tickers)
[2026-04-07 13:41:56 UTC] RAM 29.6% | CPU 96.4% | GPU 10.0% | Batch 5/27 (15 tickers)
[2026-04-07 13:42:58 UTC] RAM 29.7% | CPU 87.8% | GPU 17.0% | Batch 5/27 (15 tickers)
[2026-04-07 13:43:59 UTC] RAM 29.6% | CPU 96.9% | GPU 5.0% | Batch 5/27 (15 tickers)
[2026-04-07 13:45:00 UTC] RAM 29.6% | CPU 98.9% | GPU 6.0% | Batch 5/27 (15 tickers)
[2026-04-07 13:46:01 UTC] RAM 29.7% | CPU 93.4% | GPU 2.0% | Batch 5/27 (15 tickers)
[2026-04-07 13:47:02 UTC] RAM 29.6% | CPU 89.1% | GPU 12.0% | Batch 5/27 (15 tickers)
[2026-04-07 13:48:03 UTC] RAM 29.7% | CPU 88.9% | GPU 27.0% | Batch 5/27 (15 tickers)
[2026-04-07 13:49:04 UTC] RAM 29.7% | CPU 91.5% | GPU 8.0% | Batch 5/27 (15 tickers)
[2026-04-07 13:50:06 UTC] RAM 29.7% | CPU 97.4% | GPU 2.0% | Batch 5/27 (15 tickers)
[2026-04-07 13:51:07 UTC] RAM 29.8% | CPU 97.6% | GPU 13.0% | Batch 5/27 (15 tickers)
[2026-04-07 13:52:08 UTC] RAM 29.7% | CPU 88.1% | GPU 6.0% | Batch 5/27 (15 tickers)
[2026-04-07 13:53:09 UTC] RAM 29.8% | CPU 91.6% | GPU 2.0% | Batch 5/27 (15 tickers)
[2026-04-07 13:54:10 UTC] RAM 29.9% | CPU 91.7% | GPU 0.0% | Batch 5/27 (15 tickers)
[2026-04-07 13:55:11 UTC] RAM 29.9% | CPU 99.0% | GPU 3.0% | Batch 5/27 (15 tickers)
[2026-04-07 13:56:13 UTC] RAM 29.9% | CPU 98.9% | GPU 1.0% | Batch 5/27 (15 tickers)
[2026-04-07 13:57:14 UTC] RAM 29.9% | CPU 94.8% | GPU 5.0% | Batch 5/27 (15 tickers)
[2026-04-07 13:58:15 UTC] RAM 29.1% | CPU 66.2% | GPU 1.0% | Batch 5/27 (15 tickers)
[2026-04-07 13:59:16 UTC] RAM 26.9% | CPU 84.2% | GPU 10.0% | Batch 6/27 (18 tickers)
[2026-04-07 14:00:17 UTC] RAM 27.0% | CPU 86.3% | GPU 29.0% | Batch 6/27 (18 tickers)
[2026-04-07 14:01:18 UTC] RAM 27.1% | CPU 91.7% | GPU 0.0% | Batch 6/27 (18 tickers)
[2026-04-07 14:02:19 UTC] RAM 27.1% | CPU 92.0% | GPU 16.0% | Batch 6/27 (18 tickers)
[2026-04-07 14:03:21 UTC] RAM 27.2% | CPU 83.0% | GPU 42.0% | Batch 6/27 (18 tickers)
[2026-04-07 14:04:22 UTC] RAM 27.3% | CPU 88.0% | GPU 22.0% | Batch 6/27 (18 tickers)
[2026-04-07 14:05:23 UTC] RAM 27.5% | CPU 90.1% | GPU 0.0% | Batch 6/27 (18 tickers)
[2026-04-07 14:06:24 UTC] RAM 27.5% | CPU 89.6% | GPU 0.0% | Batch 6/27 (18 tickers)
[2026-04-07 14:07:25 UTC] RAM 27.5% | CPU 71.6% | GPU 74.0% | Batch 6/27 (18 tickers)
[2026-04-07 14:08:26 UTC] RAM 27.6% | CPU 80.6% | GPU 0.0% | Batch 6/27 (18 tickers)
[2026-04-07 14:09:27 UTC] RAM 27.7% | CPU 97.1% | GPU 9.0% | Batch 6/27 (18 tickers)
[2026-04-07 14:10:29 UTC] RAM 27.8% | CPU 96.6% | GPU 2.0% | Batch 6/27 (18 tickers)
[2026-04-07 14:11:30 UTC] RAM 27.9% | CPU 94.4% | GPU 0.0% | Batch 6/27 (18 tickers)
[2026-04-07 14:12:31 UTC] RAM 27.9% | CPU 91.3% | GPU 63.0% | Batch 6/27 (18 tickers)
[2026-04-07 14:13:32 UTC] RAM 28.0% | CPU 95.2% | GPU 5.0% | Batch 6/27 (18 tickers)
[2026-04-07 14:14:34 UTC] RAM 28.0% | CPU 95.2% | GPU 35.0% | Batch 6/27 (18 tickers)
[2026-04-07 14:15:35 UTC] RAM 28.1% | CPU 88.2% | GPU 15.0% | Batch 6/27 (18 tickers)
[2026-04-07 14:16:36 UTC] RAM 28.1% | CPU 99.6% | GPU 1.0% | Batch 6/27 (18 tickers)
[2026-04-07 14:17:37 UTC] RAM 28.2% | CPU 93.8% | GPU 0.0% | Batch 6/27 (18 tickers)
[2026-04-07 14:18:38 UTC] RAM 28.3% | CPU 59.4% | GPU 0.0% | Batch 6/27 (18 tickers)
[2026-04-07 14:19:40 UTC] RAM 28.3% | CPU 65.7% | GPU 0.0% | Batch 6/27 (18 tickers)
[2026-04-07 14:20:41 UTC] RAM 28.4% | CPU 87.7% | GPU 65.0% | Batch 6/27 (18 tickers)
[2026-04-07 14:21:42 UTC] RAM 28.5% | CPU 99.3% | GPU 0.0% | Batch 6/27 (18 tickers)
[2026-04-07 14:22:43 UTC] RAM 28.6% | CPU 95.5% | GPU 10.0% | Batch 6/27 (18 tickers)
[2026-04-07 14:23:44 UTC] RAM 28.6% | CPU 92.3% | GPU 0.0% | Batch 6/27 (18 tickers)
[2026-04-07 14:24:46 UTC] RAM 28.7% | CPU 97.3% | GPU 39.0% | Batch 6/27 (18 tickers)
[2026-04-07 14:25:47 UTC] RAM 28.7% | CPU 91.7% | GPU 35.0% | Batch 6/27 (18 tickers)
[2026-04-07 14:26:48 UTC] RAM 28.7% | CPU 91.0% | GPU 48.0% | Batch 6/27 (18 tickers)
[2026-04-07 14:27:49 UTC] RAM 28.7% | CPU 83.3% | GPU 26.0% | Batch 6/27 (18 tickers)
[2026-04-07 14:28:50 UTC] RAM 28.7% | CPU 83.8% | GPU 31.0% | Batch 6/27 (18 tickers)
[2026-04-07 14:29:51 UTC] RAM 28.7% | CPU 67.8% | GPU 1.0% | Batch 6/27 (18 tickers)
[2026-04-07 14:30:53 UTC] RAM 28.8% | CPU 76.7% | GPU 0.0% | Batch 6/27 (18 tickers)
[2026-04-07 14:31:54 UTC] RAM 28.6% | CPU 82.8% | GPU 4.0% | Batch 6/27 (18 tickers)
[2026-04-07 14:32:55 UTC] RAM 28.8% | CPU 90.4% | GPU 7.0% | Batch 6/27 (18 tickers)
[2026-04-07 14:33:56 UTC] RAM 28.7% | CPU 94.6% | GPU 25.0% | Batch 6/27 (18 tickers)
[2026-04-07 14:34:57 UTC] RAM 28.7% | CPU 86.2% | GPU 28.0% | Batch 6/27 (18 tickers)
[2026-04-07 14:35:58 UTC] RAM 28.6% | CPU 88.4% | GPU 0.0% | Batch 6/27 (18 tickers)
[2026-04-07 14:37:00 UTC] RAM 28.7% | CPU 93.0% | GPU 15.0% | Batch 6/27 (18 tickers)
[2026-04-07 14:38:01 UTC] RAM 28.6% | CPU 86.7% | GPU 17.0% | Batch 6/27 (18 tickers)
[2026-04-07 14:39:02 UTC] RAM 28.7% | CPU 96.2% | GPU 2.0% | Batch 6/27 (18 tickers)
[2026-04-07 14:40:03 UTC] RAM 28.8% | CPU 95.6% | GPU 0.0% | Batch 6/27 (18 tickers)
[2026-04-07 14:41:05 UTC] RAM 28.7% | CPU 67.7% | GPU 0.0% | Batch 6/27 (18 tickers)
[2026-04-07 14:42:06 UTC] RAM 28.8% | CPU 91.4% | GPU 55.0% | Batch 6/27 (18 tickers)
[2026-04-07 14:43:07 UTC] RAM 28.7% | CPU 78.2% | GPU 34.0% | Batch 6/27 (18 tickers)
[2026-04-07 14:44:08 UTC] RAM 28.9% | CPU 90.7% | GPU 0.0% | Batch 6/27 (18 tickers)
[2026-04-07 14:45:09 UTC] RAM 28.9% | CPU 88.8% | GPU 1.0% | Batch 6/27 (18 tickers)
[2026-04-07 14:46:11 UTC] RAM 28.9% | CPU 87.8% | GPU 6.0% | Batch 6/27 (18 tickers)
[2026-04-07 14:47:12 UTC] RAM 28.9% | CPU 89.5% | GPU 70.0% | Batch 6/27 (18 tickers)
[2026-04-07 14:48:13 UTC] RAM 28.9% | CPU 98.1% | GPU 9.0% | Batch 6/27 (18 tickers)
[2026-04-07 14:49:14 UTC] RAM 28.9% | CPU 97.5% | GPU 16.0% | Batch 6/27 (18 tickers)
[2026-04-07 14:50:15 UTC] RAM 29.0% | CPU 98.1% | GPU 0.0% | Batch 6/27 (18 tickers)
[2026-04-07 14:51:16 UTC] RAM 29.0% | CPU 95.7% | GPU 28.0% | Batch 6/27 (18 tickers)
[2026-04-07 14:52:17 UTC] RAM 29.1% | CPU 75.2% | GPU 4.0% | Batch 6/27 (18 tickers)
[2026-04-07 14:53:19 UTC] RAM 29.1% | CPU 99.8% | GPU 3.0% | Batch 6/27 (18 tickers)
[2026-04-07 14:54:20 UTC] RAM 29.3% | CPU 97.3% | GPU 6.0% | Batch 6/27 (18 tickers)
[2026-04-07 14:55:21 UTC] RAM 29.1% | CPU 67.9% | GPU 2.0% | Batch 6/27 (18 tickers)
[2026-04-07 14:56:22 UTC] RAM 29.1% | CPU 69.3% | GPU 31.0% | Batch 6/27 (18 tickers)
[2026-04-07 14:57:24 UTC] RAM 29.2% | CPU 82.1% | GPU 45.0% | Batch 6/27 (18 tickers)
[2026-04-07 14:58:25 UTC] RAM 29.1% | CPU 78.4% | GPU 79.0% | Batch 6/27 (18 tickers)
[2026-04-07 14:59:26 UTC] RAM 29.2% | CPU 82.4% | GPU 2.0% | Batch 6/27 (18 tickers)
[2026-04-07 15:00:27 UTC] RAM 29.1% | CPU 84.3% | GPU 2.0% | Batch 6/27 (18 tickers)
[2026-04-07 15:01:28 UTC] RAM 29.2% | CPU 90.7% | GPU 40.0% | Batch 6/27 (18 tickers)
[2026-04-07 15:02:29 UTC] RAM 29.1% | CPU 84.7% | GPU 13.0% | Batch 6/27 (18 tickers)
[2026-04-07 15:03:30 UTC] RAM 29.2% | CPU 93.8% | GPU 20.0% | Batch 6/27 (18 tickers)
[2026-04-07 15:04:32 UTC] RAM 29.1% | CPU 98.2% | GPU 55.0% | Batch 6/27 (18 tickers)
[2026-04-07 15:05:33 UTC] RAM 29.1% | CPU 87.7% | GPU 64.0% | Batch 6/27 (18 tickers)
[2026-04-07 15:06:34 UTC] RAM 29.2% | CPU 66.9% | GPU 6.0% | Batch 6/27 (18 tickers)
[2026-04-07 15:07:35 UTC] RAM 29.3% | CPU 82.0% | GPU 2.0% | Batch 6/27 (18 tickers)
[2026-04-07 15:08:36 UTC] RAM 29.3% | CPU 65.7% | GPU 4.0% | Batch 6/27 (18 tickers)
[2026-04-07 15:09:38 UTC] RAM 29.2% | CPU 96.7% | GPU 16.0% | Batch 6/27 (18 tickers)
[2026-04-07 15:10:39 UTC] RAM 29.2% | CPU 91.0% | GPU 59.0% | Batch 6/27 (18 tickers)
[2026-04-07 15:11:40 UTC] RAM 29.2% | CPU 89.0% | GPU 26.0% | Batch 6/27 (18 tickers)
[2026-04-07 15:12:41 UTC] RAM 29.2% | CPU 95.3% | GPU 12.0% | Batch 6/27 (18 tickers)
[2026-04-07 15:13:42 UTC] RAM 29.4% | CPU 69.7% | GPU 3.0% | Batch 6/27 (18 tickers)
[2026-04-07 15:14:44 UTC] RAM 29.2% | CPU 87.3% | GPU 20.0% | Batch 6/27 (18 tickers)
[2026-04-07 15:15:45 UTC] RAM 29.4% | CPU 90.9% | GPU 13.0% | Batch 6/27 (18 tickers)
[2026-04-07 15:16:46 UTC] RAM 29.2% | CPU 92.9% | GPU 21.0% | Batch 6/27 (18 tickers)
[2026-04-07 15:17:47 UTC] RAM 29.3% | CPU 97.8% | GPU 3.0% | Batch 6/27 (18 tickers)
[2026-04-07 15:18:49 UTC] RAM 29.3% | CPU 91.4% | GPU 34.0% | Batch 6/27 (18 tickers)
[2026-04-07 15:19:50 UTC] RAM 29.3% | CPU 86.5% | GPU 49.0% | Batch 6/27 (18 tickers)
[2026-04-07 15:20:51 UTC] RAM 29.4% | CPU 97.1% | GPU 22.0% | Batch 6/27 (18 tickers)
[2026-04-07 15:21:52 UTC] RAM 29.5% | CPU 95.5% | GPU 24.0% | Batch 6/27 (18 tickers)
[2026-04-07 15:22:53 UTC] RAM 29.4% | CPU 98.0% | GPU 21.0% | Batch 6/27 (18 tickers)
[2026-04-07 15:23:55 UTC] RAM 28.7% | CPU 50.1% | GPU 29.0% | Batch 6/27 (18 tickers)
[2026-04-07 15:24:56 UTC] RAM 27.1% | CPU 72.8% | GPU 6.0% | Batch 7/27 (21 tickers)
[2026-04-07 15:25:57 UTC] RAM 27.1% | CPU 81.1% | GPU 22.0% | Batch 7/27 (21 tickers)
[2026-04-07 15:26:58 UTC] RAM 27.1% | CPU 81.5% | GPU 5.0% | Batch 7/27 (21 tickers)
[2026-04-07 15:27:59 UTC] RAM 27.2% | CPU 81.2% | GPU 15.0% | Batch 7/27 (21 tickers)
[2026-04-07 15:29:01 UTC] RAM 27.4% | CPU 65.4% | GPU 3.0% | Batch 7/27 (21 tickers)
[2026-04-07 15:30:02 UTC] RAM 27.4% | CPU 83.1% | GPU 52.0% | Batch 7/27 (21 tickers)
[2026-04-07 15:31:03 UTC] RAM 27.4% | CPU 90.3% | GPU 3.0% | Batch 7/27 (21 tickers)
[2026-04-07 15:32:04 UTC] RAM 27.5% | CPU 90.2% | GPU 27.0% | Batch 7/27 (21 tickers)
[2026-04-07 15:33:05 UTC] RAM 27.6% | CPU 81.0% | GPU 7.0% | Batch 7/27 (21 tickers)
[2026-04-07 15:34:07 UTC] RAM 27.6% | CPU 89.5% | GPU 69.0% | Batch 7/27 (21 tickers)
[2026-04-07 15:35:08 UTC] RAM 27.8% | CPU 79.3% | GPU 12.0% | Batch 7/27 (21 tickers)
[2026-04-07 15:36:09 UTC] RAM 27.8% | CPU 92.4% | GPU 20.0% | Batch 7/27 (21 tickers)
[2026-04-07 15:37:10 UTC] RAM 27.8% | CPU 91.5% | GPU 15.0% | Batch 7/27 (21 tickers)
[2026-04-07 15:38:11 UTC] RAM 27.9% | CPU 82.8% | GPU 3.0% | Batch 7/27 (21 tickers)
[2026-04-07 15:39:12 UTC] RAM 28.0% | CPU 80.2% | GPU 2.0% | Batch 7/27 (21 tickers)
[2026-04-07 15:40:14 UTC] RAM 28.0% | CPU 93.9% | GPU 18.0% | Batch 7/27 (21 tickers)
[2026-04-07 15:41:15 UTC] RAM 28.0% | CPU 90.8% | GPU 24.0% | Batch 7/27 (21 tickers)
[2026-04-07 15:42:16 UTC] RAM 28.1% | CPU 93.3% | GPU 53.0% | Batch 7/27 (21 tickers)
[2026-04-07 15:43:17 UTC] RAM 28.3% | CPU 95.9% | GPU 2.0% | Batch 7/27 (21 tickers)
[2026-04-07 15:44:19 UTC] RAM 28.3% | CPU 98.6% | GPU 3.0% | Batch 7/27 (21 tickers)
[2026-04-07 15:45:20 UTC] RAM 28.4% | CPU 74.2% | GPU 2.0% | Batch 7/27 (21 tickers)
[2026-04-07 15:46:21 UTC] RAM 28.5% | CPU 83.8% | GPU 2.0% | Batch 7/27 (21 tickers)
[2026-04-07 15:47:22 UTC] RAM 28.5% | CPU 80.7% | GPU 20.0% | Batch 7/27 (21 tickers)
[2026-04-07 15:48:23 UTC] RAM 28.5% | CPU 99.4% | GPU 18.0% | Batch 7/27 (21 tickers)
[2026-04-07 15:49:24 UTC] RAM 28.6% | CPU 88.0% | GPU 3.0% | Batch 7/27 (21 tickers)
[2026-04-07 15:50:26 UTC] RAM 28.6% | CPU 99.7% | GPU 2.0% | Batch 7/27 (21 tickers)
[2026-04-07 15:51:27 UTC] RAM 28.6% | CPU 97.0% | GPU 5.0% | Batch 7/27 (21 tickers)
[2026-04-07 15:52:28 UTC] RAM 28.7% | CPU 97.4% | GPU 4.0% | Batch 7/27 (21 tickers)
[2026-04-07 15:53:30 UTC] RAM 28.7% | CPU 70.1% | GPU 82.0% | Batch 7/27 (21 tickers)
[2026-04-07 15:54:31 UTC] RAM 28.8% | CPU 87.5% | GPU 17.0% | Batch 7/27 (21 tickers)
[2026-04-07 15:55:32 UTC] RAM 28.7% | CPU 76.3% | GPU 74.0% | Batch 7/27 (21 tickers)
[2026-04-07 15:56:33 UTC] RAM 28.9% | CPU 76.3% | GPU 5.0% | Batch 7/27 (21 tickers)
[2026-04-07 15:57:34 UTC] RAM 28.8% | CPU 82.2% | GPU 48.0% | Batch 7/27 (21 tickers)
[2026-04-07 15:58:35 UTC] RAM 28.7% | CPU 90.5% | GPU 27.0% | Batch 7/27 (21 tickers)
[2026-04-07 15:59:36 UTC] RAM 28.7% | CPU 82.2% | GPU 4.0% | Batch 7/27 (21 tickers)
[2026-04-07 16:00:38 UTC] RAM 28.7% | CPU 81.6% | GPU 3.0% | Batch 7/27 (21 tickers)
[2026-04-07 16:01:39 UTC] RAM 28.7% | CPU 84.1% | GPU 2.0% | Batch 7/27 (21 tickers)
[2026-04-07 16:02:40 UTC] RAM 28.7% | CPU 97.9% | GPU 6.0% | Batch 7/27 (21 tickers)
[2026-04-07 16:03:41 UTC] RAM 28.8% | CPU 73.3% | GPU 5.0% | Batch 7/27 (21 tickers)
[2026-04-07 16:04:42 UTC] RAM 28.7% | CPU 94.3% | GPU 17.0% | Batch 7/27 (21 tickers)
[2026-04-07 16:05:44 UTC] RAM 28.7% | CPU 96.9% | GPU 3.0% | Batch 7/27 (21 tickers)
[2026-04-07 16:06:45 UTC] RAM 28.7% | CPU 84.9% | GPU 82.0% | Batch 7/27 (21 tickers)
[2026-04-07 16:07:46 UTC] RAM 28.7% | CPU 96.5% | GPU 13.0% | Batch 7/27 (21 tickers)
[2026-04-07 16:08:47 UTC] RAM 28.7% | CPU 98.0% | GPU 3.0% | Batch 7/27 (21 tickers)
[2026-04-07 16:09:49 UTC] RAM 28.8% | CPU 91.9% | GPU 13.0% | Batch 7/27 (21 tickers)
[2026-04-07 16:10:50 UTC] RAM 28.9% | CPU 89.5% | GPU 2.0% | Batch 7/27 (21 tickers)
[2026-04-07 16:11:51 UTC] RAM 28.8% | CPU 92.3% | GPU 45.0% | Batch 7/27 (21 tickers)
[2026-04-07 16:12:52 UTC] RAM 28.9% | CPU 98.9% | GPU 14.0% | Batch 7/27 (21 tickers)
[2026-04-07 16:13:54 UTC] RAM 28.9% | CPU 94.3% | GPU 36.0% | Batch 7/27 (21 tickers)
[2026-04-07 16:14:55 UTC] RAM 28.9% | CPU 80.1% | GPU 23.0% | Batch 7/27 (21 tickers)
[2026-04-07 16:15:56 UTC] RAM 28.9% | CPU 89.9% | GPU 33.0% | Batch 7/27 (21 tickers)
[2026-04-07 16:16:57 UTC] RAM 29.0% | CPU 95.4% | GPU 23.0% | Batch 7/27 (21 tickers)
[2026-04-07 16:17:58 UTC] RAM 29.0% | CPU 91.5% | GPU 11.0% | Batch 7/27 (21 tickers)
[2026-04-07 16:18:59 UTC] RAM 29.0% | CPU 74.4% | GPU 3.0% | Batch 7/27 (21 tickers)
[2026-04-07 16:20:01 UTC] RAM 29.1% | CPU 98.1% | GPU 10.0% | Batch 7/27 (21 tickers)
[2026-04-07 16:21:02 UTC] RAM 29.0% | CPU 98.7% | GPU 4.0% | Batch 7/27 (21 tickers)
[2026-04-07 16:22:03 UTC] RAM 29.1% | CPU 96.9% | GPU 6.0% | Batch 7/27 (21 tickers)
[2026-04-07 16:23:04 UTC] RAM 29.1% | CPU 87.2% | GPU 2.0% | Batch 7/27 (21 tickers)
[2026-04-07 16:24:05 UTC] RAM 29.1% | CPU 68.3% | GPU 4.0% | Batch 7/27 (21 tickers)
[2026-04-07 16:25:07 UTC] RAM 29.2% | CPU 84.5% | GPU 38.0% | Batch 7/27 (21 tickers)
[2026-04-07 16:26:08 UTC] RAM 29.1% | CPU 69.8% | GPU 83.0% | Batch 7/27 (21 tickers)
[2026-04-07 16:27:09 UTC] RAM 29.1% | CPU 93.5% | GPU 13.0% | Batch 7/27 (21 tickers)
[2026-04-07 16:28:10 UTC] RAM 29.2% | CPU 87.8% | GPU 5.0% | Batch 7/27 (21 tickers)
[2026-04-07 16:29:11 UTC] RAM 29.2% | CPU 91.0% | GPU 14.0% | Batch 7/27 (21 tickers)
[2026-04-07 16:30:13 UTC] RAM 29.2% | CPU 93.0% | GPU 3.0% | Batch 7/27 (21 tickers)
[2026-04-07 16:31:14 UTC] RAM 29.4% | CPU 88.8% | GPU 78.0% | Batch 7/27 (21 tickers)
[2026-04-07 16:32:15 UTC] RAM 29.7% | CPU 95.3% | GPU 11.0% | Batch 7/27 (21 tickers)
[2026-04-07 16:33:16 UTC] RAM 29.5% | CPU 90.9% | GPU 12.0% | Batch 7/27 (21 tickers)
[2026-04-07 16:34:17 UTC] RAM 29.4% | CPU 87.5% | GPU 9.0% | Batch 7/27 (21 tickers)
[2026-04-07 16:35:18 UTC] RAM 29.3% | CPU 85.3% | GPU 53.0% | Batch 7/27 (21 tickers)
[2026-04-07 16:36:19 UTC] RAM 29.4% | CPU 88.6% | GPU 61.0% | Batch 7/27 (21 tickers)
[2026-04-07 16:37:21 UTC] RAM 29.5% | CPU 92.2% | GPU 9.0% | Batch 7/27 (21 tickers)
[2026-04-07 16:38:22 UTC] RAM 29.5% | CPU 83.3% | GPU 4.0% | Batch 7/27 (21 tickers)
[2026-04-07 16:39:23 UTC] RAM 29.5% | CPU 62.7% | GPU 3.0% | Batch 7/27 (21 tickers)
[2026-04-07 16:40:24 UTC] RAM 29.6% | CPU 91.3% | GPU 2.0% | Batch 7/27 (21 tickers)
[2026-04-07 16:41:26 UTC] RAM 29.7% | CPU 93.8% | GPU 5.0% | Batch 7/27 (21 tickers)
[2026-04-07 16:42:27 UTC] RAM 29.5% | CPU 82.0% | GPU 4.0% | Batch 7/27 (21 tickers)
[2026-04-07 16:43:28 UTC] RAM 29.6% | CPU 89.2% | GPU 6.0% | Batch 7/27 (21 tickers)
[2026-04-07 16:44:29 UTC] RAM 29.6% | CPU 79.1% | GPU 90.0% | Batch 7/27 (21 tickers)
[2026-04-07 16:45:30 UTC] RAM 29.6% | CPU 89.7% | GPU 6.0% | Batch 7/27 (21 tickers)
[2026-04-07 16:46:32 UTC] RAM 29.6% | CPU 91.8% | GPU 31.0% | Batch 7/27 (21 tickers)
[2026-04-07 16:47:33 UTC] RAM 29.7% | CPU 94.0% | GPU 6.0% | Batch 7/27 (21 tickers)
[2026-04-07 16:48:34 UTC] RAM 29.7% | CPU 99.0% | GPU 40.0% | Batch 7/27 (21 tickers)
[2026-04-07 16:49:35 UTC] RAM 29.8% | CPU 93.8% | GPU 58.0% | Batch 7/27 (21 tickers)
[2026-04-07 16:50:36 UTC] RAM 29.8% | CPU 84.9% | GPU 5.0% | Batch 7/27 (21 tickers)
[2026-04-07 16:51:38 UTC] RAM 29.4% | CPU 65.6% | GPU 70.0% | Batch 7/27 (21 tickers)
[2026-04-07 16:52:39 UTC] RAM 26.4% | CPU 80.3% | GPU 3.0% | Batch 8/27 (24 tickers)
[2026-04-07 16:53:40 UTC] RAM 27.5% | CPU 86.8% | GPU 2.0% | Batch 8/27 (24 tickers)
[2026-04-07 16:54:41 UTC] RAM 27.3% | CPU 67.9% | GPU 16.0% | Batch 8/27 (24 tickers)
[2026-04-07 16:55:42 UTC] RAM 27.3% | CPU 80.0% | GPU 22.0% | Batch 8/27 (24 tickers)
[2026-04-07 16:56:44 UTC] RAM 27.5% | CPU 87.2% | GPU 7.0% | Batch 8/27 (24 tickers)
[2026-04-07 16:57:45 UTC] RAM 27.6% | CPU 85.7% | GPU 3.0% | Batch 8/27 (24 tickers)
[2026-04-07 16:58:46 UTC] RAM 27.6% | CPU 92.4% | GPU 22.0% | Batch 8/27 (24 tickers)
[2026-04-07 16:59:47 UTC] RAM 27.7% | CPU 88.5% | GPU 7.0% | Batch 8/27 (24 tickers)
[2026-04-07 17:00:48 UTC] RAM 27.8% | CPU 83.1% | GPU 3.0% | Batch 8/27 (24 tickers)
[2026-04-07 17:01:49 UTC] RAM 27.8% | CPU 87.1% | GPU 61.0% | Batch 8/27 (24 tickers)
[2026-04-07 17:02:50 UTC] RAM 28.0% | CPU 88.6% | GPU 38.0% | Batch 8/27 (24 tickers)
[2026-04-07 17:03:52 UTC] RAM 27.8% | CPU 92.9% | GPU 7.0% | Batch 8/27 (24 tickers)
[2026-04-07 17:04:53 UTC] RAM 28.0% | CPU 87.2% | GPU 5.0% | Batch 8/27 (24 tickers)
[2026-04-07 17:05:54 UTC] RAM 27.9% | CPU 91.2% | GPU 18.0% | Batch 8/27 (24 tickers)
[2026-04-07 17:06:55 UTC] RAM 28.1% | CPU 93.8% | GPU 2.0% | Batch 8/27 (24 tickers)
[2026-04-07 17:07:56 UTC] RAM 28.0% | CPU 88.5% | GPU 76.0% | Batch 8/27 (24 tickers)
[2026-04-07 17:08:57 UTC] RAM 28.2% | CPU 94.3% | GPU 6.0% | Batch 8/27 (24 tickers)
[2026-04-07 17:09:59 UTC] RAM 28.2% | CPU 92.9% | GPU 2.0% | Batch 8/27 (24 tickers)
[2026-04-07 17:11:00 UTC] RAM 28.2% | CPU 96.2% | GPU 3.0% | Batch 8/27 (24 tickers)
[2026-04-07 17:12:01 UTC] RAM 28.3% | CPU 88.4% | GPU 5.0% | Batch 8/27 (24 tickers)
[2026-04-07 17:13:03 UTC] RAM 28.3% | CPU 94.8% | GPU 31.0% | Batch 8/27 (24 tickers)
[2026-04-07 17:14:04 UTC] RAM 28.4% | CPU 94.1% | GPU 36.0% | Batch 8/27 (24 tickers)
[2026-04-07 17:15:05 UTC] RAM 28.4% | CPU 86.4% | GPU 8.0% | Batch 8/27 (24 tickers)
[2026-04-07 17:16:06 UTC] RAM 28.4% | CPU 93.1% | GPU 33.0% | Batch 8/27 (24 tickers)
[2026-04-07 17:17:07 UTC] RAM 28.5% | CPU 98.1% | GPU 3.0% | Batch 8/27 (24 tickers)
[2026-04-07 17:18:08 UTC] RAM 28.5% | CPU 95.5% | GPU 3.0% | Batch 8/27 (24 tickers)
[2026-04-07 17:19:10 UTC] RAM 28.5% | CPU 68.3% | GPU 92.0% | Batch 8/27 (24 tickers)
[2026-04-07 17:20:11 UTC] RAM 28.4% | CPU 72.2% | GPU 2.0% | Batch 8/27 (24 tickers)
[2026-04-07 17:21:12 UTC] RAM 28.4% | CPU 76.0% | GPU 14.0% | Batch 8/27 (24 tickers)
[2026-04-07 17:22:13 UTC] RAM 28.4% | CPU 78.6% | GPU 16.0% | Batch 8/27 (24 tickers)
[2026-04-07 17:23:14 UTC] RAM 28.3% | CPU 77.4% | GPU 13.0% | Batch 8/27 (24 tickers)
[2026-04-07 17:24:15 UTC] RAM 28.3% | CPU 64.4% | GPU 3.0% | Batch 8/27 (24 tickers)
[2026-04-07 17:25:17 UTC] RAM 28.4% | CPU 76.1% | GPU 2.0% | Batch 8/27 (24 tickers)
[2026-04-07 17:26:18 UTC] RAM 28.4% | CPU 79.1% | GPU 24.0% | Batch 8/27 (24 tickers)
[2026-04-07 17:27:19 UTC] RAM 28.4% | CPU 84.3% | GPU 2.0% | Batch 8/27 (24 tickers)
[2026-04-07 17:28:20 UTC] RAM 28.4% | CPU 73.7% | GPU 50.0% | Batch 8/27 (24 tickers)
[2026-04-07 17:29:21 UTC] RAM 28.4% | CPU 79.6% | GPU 26.0% | Batch 8/27 (24 tickers)
[2026-04-07 17:30:22 UTC] RAM 28.4% | CPU 83.7% | GPU 15.0% | Batch 8/27 (24 tickers)
[2026-04-07 17:31:23 UTC] RAM 28.5% | CPU 81.3% | GPU 5.0% | Batch 8/27 (24 tickers)
[2026-04-07 17:32:24 UTC] RAM 28.4% | CPU 70.3% | GPU 3.0% | Batch 8/27 (24 tickers)
[2026-04-07 17:33:26 UTC] RAM 28.5% | CPU 89.9% | GPU 17.0% | Batch 8/27 (24 tickers)
[2026-04-07 17:34:27 UTC] RAM 28.6% | CPU 82.8% | GPU 28.0% | Batch 8/27 (24 tickers)
[2026-04-07 17:35:28 UTC] RAM 28.8% | CPU 76.8% | GPU 8.0% | Batch 8/27 (24 tickers)
[2026-04-07 17:36:29 UTC] RAM 28.6% | CPU 85.4% | GPU 15.0% | Batch 8/27 (24 tickers)
[2026-04-07 17:37:30 UTC] RAM 28.7% | CPU 72.5% | GPU 67.0% | Batch 8/27 (24 tickers)
[2026-04-07 17:38:31 UTC] RAM 28.7% | CPU 77.7% | GPU 2.0% | Batch 8/27 (24 tickers)
[2026-04-07 17:39:33 UTC] RAM 28.6% | CPU 88.0% | GPU 23.0% | Batch 8/27 (24 tickers)
[2026-04-07 17:40:34 UTC] RAM 28.6% | CPU 64.4% | GPU 3.0% | Batch 8/27 (24 tickers)
[2026-04-07 17:41:35 UTC] RAM 28.7% | CPU 72.4% | GPU 9.0% | Batch 8/27 (24 tickers)
[2026-04-07 17:42:36 UTC] RAM 28.7% | CPU 78.2% | GPU 4.0% | Batch 8/27 (24 tickers)
[2026-04-07 17:43:37 UTC] RAM 28.7% | CPU 82.3% | GPU 16.0% | Batch 8/27 (24 tickers)
[2026-04-07 17:44:39 UTC] RAM 28.7% | CPU 66.0% | GPU 9.0% | Batch 8/27 (24 tickers)
[2026-04-07 17:45:40 UTC] RAM 28.7% | CPU 83.4% | GPU 11.0% | Batch 8/27 (24 tickers)
[2026-04-07 17:46:41 UTC] RAM 28.7% | CPU 63.4% | GPU 35.0% | Batch 8/27 (24 tickers)
[2026-04-07 17:47:42 UTC] RAM 28.7% | CPU 68.1% | GPU 81.0% | Batch 8/27 (24 tickers)
[2026-04-07 17:48:43 UTC] RAM 28.7% | CPU 84.8% | GPU 20.0% | Batch 8/27 (24 tickers)
[2026-04-07 17:49:44 UTC] RAM 28.7% | CPU 88.7% | GPU 17.0% | Batch 8/27 (24 tickers)
[2026-04-07 17:50:45 UTC] RAM 28.6% | CPU 86.3% | GPU 1.0% | Batch 8/27 (24 tickers)
[2026-04-07 17:51:46 UTC] RAM 28.7% | CPU 69.7% | GPU 0.0% | Batch 8/27 (24 tickers)
[2026-04-07 17:52:47 UTC] RAM 28.7% | CPU 84.1% | GPU 0.0% | Batch 8/27 (24 tickers)
[2026-04-07 17:53:49 UTC] RAM 28.7% | CPU 86.0% | GPU 1.0% | Batch 8/27 (24 tickers)
[2026-04-07 17:54:50 UTC] RAM 28.7% | CPU 73.4% | GPU 0.0% | Batch 8/27 (24 tickers)
[2026-04-07 17:55:51 UTC] RAM 28.7% | CPU 71.4% | GPU 0.0% | Batch 8/27 (24 tickers)
[2026-04-07 17:56:52 UTC] RAM 28.8% | CPU 87.3% | GPU 18.0% | Batch 8/27 (24 tickers)
[2026-04-07 17:57:53 UTC] RAM 28.8% | CPU 93.9% | GPU 14.0% | Batch 8/27 (24 tickers)
[2026-04-07 17:58:55 UTC] RAM 28.8% | CPU 91.2% | GPU 0.0% | Batch 8/27 (24 tickers)
[2026-04-07 17:59:56 UTC] RAM 28.9% | CPU 94.2% | GPU 2.0% | Batch 8/27 (24 tickers)
[2026-04-07 18:00:57 UTC] RAM 29.0% | CPU 82.0% | GPU 18.0% | Batch 8/27 (24 tickers)
[2026-04-07 18:01:58 UTC] RAM 27.4% | CPU 74.8% | GPU 70.0% | Batch 9/27 (27 tickers)
[2026-04-07 18:02:59 UTC] RAM 27.5% | CPU 80.4% | GPU 2.0% | Batch 9/27 (27 tickers)
[2026-04-07 18:04:00 UTC] RAM 27.6% | CPU 72.0% | GPU 1.0% | Batch 9/27 (27 tickers)
[2026-04-07 18:05:02 UTC] RAM 27.6% | CPU 88.5% | GPU 15.0% | Batch 9/27 (27 tickers)
[2026-04-07 18:06:03 UTC] RAM 27.8% | CPU 91.7% | GPU 12.0% | Batch 9/27 (27 tickers)
[2026-04-07 18:07:04 UTC] RAM 27.9% | CPU 91.5% | GPU 14.0% | Batch 9/27 (27 tickers)
[2026-04-07 18:08:05 UTC] RAM 27.9% | CPU 88.5% | GPU 0.0% | Batch 9/27 (27 tickers)
[2026-04-07 18:09:07 UTC] RAM 28.0% | CPU 74.2% | GPU 91.0% | Batch 9/27 (27 tickers)
[2026-04-07 18:10:08 UTC] RAM 28.1% | CPU 67.4% | GPU 0.0% | Batch 9/27 (27 tickers)
[2026-04-07 18:11:09 UTC] RAM 28.1% | CPU 93.5% | GPU 0.0% | Batch 9/27 (27 tickers)
[2026-04-07 18:12:10 UTC] RAM 28.2% | CPU 76.0% | GPU 2.0% | Batch 9/27 (27 tickers)
[2026-04-07 18:13:11 UTC] RAM 28.3% | CPU 95.7% | GPU 9.0% | Batch 9/27 (27 tickers)
[2026-04-07 18:14:12 UTC] RAM 28.3% | CPU 76.7% | GPU 48.0% | Batch 9/27 (27 tickers)
[2026-04-07 18:15:14 UTC] RAM 28.4% | CPU 93.7% | GPU 21.0% | Batch 9/27 (27 tickers)
[2026-04-07 18:16:15 UTC] RAM 28.4% | CPU 94.2% | GPU 68.0% | Batch 9/27 (27 tickers)
[2026-04-07 18:17:16 UTC] RAM 28.6% | CPU 74.3% | GPU 0.0% | Batch 9/27 (27 tickers)
[2026-04-07 18:18:17 UTC] RAM 28.6% | CPU 93.9% | GPU 27.0% | Batch 9/27 (27 tickers)
[2026-04-07 18:19:18 UTC] RAM 28.7% | CPU 93.4% | GPU 46.0% | Batch 9/27 (27 tickers)
[2026-04-07 18:20:20 UTC] RAM 28.7% | CPU 98.6% | GPU 30.0% | Batch 9/27 (27 tickers)
[2026-04-07 18:21:21 UTC] RAM 28.7% | CPU 87.6% | GPU 9.0% | Batch 9/27 (27 tickers)
[2026-04-07 18:22:22 UTC] RAM 28.8% | CPU 86.1% | GPU 0.0% | Batch 9/27 (27 tickers)
[2026-04-07 18:23:23 UTC] RAM 28.9% | CPU 96.6% | GPU 11.0% | Batch 9/27 (27 tickers)
[2026-04-07 18:24:25 UTC] RAM 28.9% | CPU 93.2% | GPU 42.0% | Batch 9/27 (27 tickers)
[2026-04-07 18:25:26 UTC] RAM 29.0% | CPU 99.2% | GPU 15.0% | Batch 9/27 (27 tickers)
[2026-04-07 18:26:27 UTC] RAM 29.0% | CPU 76.5% | GPU 1.0% | Batch 9/27 (27 tickers)
[2026-04-07 18:27:28 UTC] RAM 29.1% | CPU 97.5% | GPU 4.0% | Batch 9/27 (27 tickers)
[2026-04-07 18:28:29 UTC] RAM 29.1% | CPU 85.0% | GPU 7.0% | Batch 9/27 (27 tickers)
[2026-04-07 18:29:30 UTC] RAM 29.2% | CPU 67.8% | GPU 5.0% | Batch 9/27 (27 tickers)
[2026-04-07 18:30:32 UTC] RAM 29.3% | CPU 70.2% | GPU 0.0% | Batch 9/27 (27 tickers)
[2026-04-07 18:31:33 UTC] RAM 29.2% | CPU 86.2% | GPU 23.0% | Batch 9/27 (27 tickers)
[2026-04-07 18:32:34 UTC] RAM 29.2% | CPU 85.7% | GPU 22.0% | Batch 9/27 (27 tickers)
[2026-04-07 18:33:35 UTC] RAM 29.2% | CPU 92.1% | GPU 1.0% | Batch 9/27 (27 tickers)
[2026-04-07 18:34:36 UTC] RAM 29.1% | CPU 93.5% | GPU 59.0% | Batch 9/27 (27 tickers)
[2026-04-07 18:35:37 UTC] RAM 29.2% | CPU 92.1% | GPU 17.0% | Batch 9/27 (27 tickers)
[2026-04-07 18:36:39 UTC] RAM 29.3% | CPU 89.7% | GPU 5.0% | Batch 9/27 (27 tickers)
[2026-04-07 18:37:40 UTC] RAM 29.2% | CPU 79.6% | GPU 84.0% | Batch 9/27 (27 tickers)
[2026-04-07 18:38:41 UTC] RAM 29.2% | CPU 88.4% | GPU 0.0% | Batch 9/27 (27 tickers)
[2026-04-07 18:39:42 UTC] RAM 29.2% | CPU 94.6% | GPU 54.0% | Batch 9/27 (27 tickers)
[2026-04-07 18:40:43 UTC] RAM 29.3% | CPU 81.2% | GPU 2.0% | Batch 9/27 (27 tickers)
[2026-04-07 18:41:44 UTC] RAM 29.2% | CPU 95.2% | GPU 10.0% | Batch 9/27 (27 tickers)
[2026-04-07 18:42:45 UTC] RAM 29.2% | CPU 85.5% | GPU 42.0% | Batch 9/27 (27 tickers)
[2026-04-07 18:43:47 UTC] RAM 29.3% | CPU 93.4% | GPU 0.0% | Batch 9/27 (27 tickers)
[2026-04-07 18:44:48 UTC] RAM 29.2% | CPU 89.6% | GPU 7.0% | Batch 9/27 (27 tickers)
[2026-04-07 18:45:49 UTC] RAM 29.3% | CPU 86.1% | GPU 11.0% | Batch 9/27 (27 tickers)
[2026-04-07 18:46:50 UTC] RAM 29.3% | CPU 91.3% | GPU 53.0% | Batch 9/27 (27 tickers)
[2026-04-07 18:47:51 UTC] RAM 29.3% | CPU 92.2% | GPU 69.0% | Batch 9/27 (27 tickers)
[2026-04-07 18:48:53 UTC] RAM 29.4% | CPU 98.9% | GPU 6.0% | Batch 9/27 (27 tickers)
[2026-04-07 18:49:54 UTC] RAM 29.3% | CPU 92.6% | GPU 10.0% | Batch 9/27 (27 tickers)
[2026-04-07 18:50:55 UTC] RAM 29.4% | CPU 87.8% | GPU 0.0% | Batch 9/27 (27 tickers)
[2026-04-07 18:51:56 UTC] RAM 29.4% | CPU 89.0% | GPU 1.0% | Batch 9/27 (27 tickers)
[2026-04-07 18:52:57 UTC] RAM 29.4% | CPU 98.1% | GPU 1.0% | Batch 9/27 (27 tickers)
[2026-04-07 18:53:58 UTC] RAM 29.5% | CPU 97.6% | GPU 14.0% | Batch 9/27 (27 tickers)
[2026-04-07 18:55:00 UTC] RAM 29.5% | CPU 96.1% | GPU 14.0% | Batch 9/27 (27 tickers)
[2026-04-07 18:56:01 UTC] RAM 29.6% | CPU 96.6% | GPU 8.0% | Batch 9/27 (27 tickers)
[2026-04-07 18:57:02 UTC] RAM 29.6% | CPU 96.0% | GPU 2.0% | Batch 9/27 (27 tickers)
[2026-04-07 18:58:03 UTC] RAM 29.6% | CPU 84.6% | GPU 16.0% | Batch 9/27 (27 tickers)
[2026-04-07 18:59:05 UTC] RAM 29.5% | CPU 88.2% | GPU 5.0% | Batch 9/27 (27 tickers)
[2026-04-07 19:00:06 UTC] RAM 29.6% | CPU 86.9% | GPU 0.0% | Batch 9/27 (27 tickers)
[2026-04-07 19:01:07 UTC] RAM 29.7% | CPU 65.2% | GPU 0.0% | Batch 9/27 (27 tickers)
[2026-04-07 19:02:08 UTC] RAM 29.7% | CPU 91.1% | GPU 54.0% | Batch 9/27 (27 tickers)
[2026-04-07 19:03:09 UTC] RAM 29.6% | CPU 90.8% | GPU 28.0% | Batch 9/27 (27 tickers)
[2026-04-07 19:04:10 UTC] RAM 29.6% | CPU 91.5% | GPU 42.0% | Batch 9/27 (27 tickers)
[2026-04-07 19:05:12 UTC] RAM 29.7% | CPU 96.0% | GPU 7.0% | Batch 9/27 (27 tickers)
[2026-04-07 19:06:13 UTC] RAM 29.6% | CPU 93.1% | GPU 6.0% | Batch 9/27 (27 tickers)
[2026-04-07 19:07:14 UTC] RAM 29.6% | CPU 87.3% | GPU 59.0% | Batch 9/27 (27 tickers)
[2026-04-07 19:08:15 UTC] RAM 29.6% | CPU 91.3% | GPU 3.0% | Batch 9/27 (27 tickers)
[2026-04-07 19:09:16 UTC] RAM 29.6% | CPU 86.8% | GPU 61.0% | Batch 9/27 (27 tickers)
[2026-04-07 19:10:18 UTC] RAM 29.5% | CPU 93.5% | GPU 43.0% | Batch 9/27 (27 tickers)
[2026-04-07 19:11:19 UTC] RAM 29.7% | CPU 88.0% | GPU 6.0% | Batch 9/27 (27 tickers)
[2026-04-07 19:12:20 UTC] RAM 29.7% | CPU 76.0% | GPU 0.0% | Batch 9/27 (27 tickers)
[2026-04-07 19:13:21 UTC] RAM 29.6% | CPU 91.5% | GPU 12.0% | Batch 9/27 (27 tickers)
[2026-04-07 19:14:22 UTC] RAM 29.8% | CPU 79.1% | GPU 0.0% | Batch 9/27 (27 tickers)
[2026-04-07 19:15:23 UTC] RAM 29.7% | CPU 97.8% | GPU 2.0% | Batch 9/27 (27 tickers)
[2026-04-07 19:16:25 UTC] RAM 29.8% | CPU 88.3% | GPU 13.0% | Batch 9/27 (27 tickers)
[2026-04-07 19:17:26 UTC] RAM 29.8% | CPU 97.5% | GPU 9.0% | Batch 9/27 (27 tickers)
[2026-04-07 19:18:27 UTC] RAM 29.7% | CPU 84.6% | GPU 1.0% | Batch 9/27 (27 tickers)
[2026-04-07 19:19:28 UTC] RAM 29.7% | CPU 95.0% | GPU 13.0% | Batch 9/27 (27 tickers)
[2026-04-07 19:20:29 UTC] RAM 29.9% | CPU 96.4% | GPU 12.0% | Batch 9/27 (27 tickers)
[2026-04-07 19:21:30 UTC] RAM 29.9% | CPU 93.5% | GPU 1.0% | Batch 9/27 (27 tickers)
[2026-04-07 19:22:32 UTC] RAM 29.8% | CPU 97.9% | GPU 0.0% | Batch 9/27 (27 tickers)
[2026-04-07 19:23:33 UTC] RAM 29.9% | CPU 87.2% | GPU 82.0% | Batch 9/27 (27 tickers)
[2026-04-07 19:24:34 UTC] RAM 29.5% | CPU 82.0% | GPU 20.0% | Batch 9/27 (27 tickers)
[2026-04-07 19:25:35 UTC] RAM 29.1% | CPU 65.4% | GPU 84.0% | Batch 10/27 (30 tickers)
[2026-04-07 19:26:36 UTC] RAM 29.2% | CPU 84.4% | GPU 1.0% | Batch 10/27 (30 tickers)
[2026-04-07 19:27:37 UTC] RAM 29.3% | CPU 89.0% | GPU 24.0% | Batch 10/27 (30 tickers)
[2026-04-07 19:28:39 UTC] RAM 29.5% | CPU 86.7% | GPU 1.0% | Batch 10/27 (30 tickers)
[2026-04-07 19:29:40 UTC] RAM 29.6% | CPU 95.1% | GPU 14.0% | Batch 10/27 (30 tickers)
[2026-04-07 19:30:41 UTC] RAM 29.6% | CPU 95.2% | GPU 2.0% | Batch 10/27 (30 tickers)
[2026-04-07 19:31:42 UTC] RAM 29.8% | CPU 84.1% | GPU 13.0% | Batch 10/27 (30 tickers)
[2026-04-07 19:32:43 UTC] RAM 29.7% | CPU 83.9% | GPU 67.0% | Batch 10/27 (30 tickers)
[2026-04-07 19:33:44 UTC] RAM 29.8% | CPU 83.1% | GPU 59.0% | Batch 10/27 (30 tickers)
[2026-04-07 19:34:45 UTC] RAM 29.9% | CPU 92.0% | GPU 15.0% | Batch 10/27 (30 tickers)
[2026-04-07 19:35:47 UTC] RAM 30.1% | CPU 96.6% | GPU 29.0% | Batch 10/27 (30 tickers)
[2026-04-07 19:36:48 UTC] RAM 30.1% | CPU 84.8% | GPU 0.0% | Batch 10/27 (30 tickers)
[2026-04-07 19:37:49 UTC] RAM 30.1% | CPU 92.9% | GPU 2.0% | Batch 10/27 (30 tickers)
[2026-04-07 19:38:50 UTC] RAM 30.1% | CPU 96.2% | GPU 22.0% | Batch 10/27 (30 tickers)
[2026-04-07 19:39:51 UTC] RAM 30.2% | CPU 97.9% | GPU 0.0% | Batch 10/27 (30 tickers)
[2026-04-07 19:40:52 UTC] RAM 30.3% | CPU 98.4% | GPU 15.0% | Batch 10/27 (30 tickers)
[2026-04-07 19:41:53 UTC] RAM 30.3% | CPU 96.9% | GPU 11.0% | Batch 10/27 (30 tickers)
[2026-04-07 19:42:54 UTC] RAM 30.3% | CPU 81.1% | GPU 1.0% | Batch 10/27 (30 tickers)
[2026-04-07 19:43:56 UTC] RAM 30.4% | CPU 96.6% | GPU 20.0% | Batch 10/27 (30 tickers)
[2026-04-07 19:44:57 UTC] RAM 30.5% | CPU 99.5% | GPU 1.0% | Batch 10/27 (30 tickers)
[2026-04-07 19:45:58 UTC] RAM 30.6% | CPU 77.2% | GPU 78.0% | Batch 10/27 (30 tickers)
[2026-04-07 19:46:59 UTC] RAM 30.6% | CPU 97.6% | GPU 12.0% | Batch 10/27 (30 tickers)
[2026-04-07 19:48:00 UTC] RAM 30.6% | CPU 92.5% | GPU 47.0% | Batch 10/27 (30 tickers)
[2026-04-07 19:49:01 UTC] RAM 30.8% | CPU 98.9% | GPU 2.0% | Batch 10/27 (30 tickers)
[2026-04-07 19:50:03 UTC] RAM 30.8% | CPU 93.2% | GPU 14.0% | Batch 10/27 (30 tickers)
[2026-04-07 19:51:04 UTC] RAM 30.8% | CPU 91.0% | GPU 27.0% | Batch 10/27 (30 tickers)
[2026-04-07 19:52:05 UTC] RAM 30.9% | CPU 95.3% | GPU 16.0% | Batch 10/27 (30 tickers)
[2026-04-07 19:53:06 UTC] RAM 31.0% | CPU 86.5% | GPU 18.0% | Batch 10/27 (30 tickers)
[2026-04-07 19:54:07 UTC] RAM 31.0% | CPU 71.2% | GPU 5.0% | Batch 10/27 (30 tickers)
[2026-04-07 19:55:08 UTC] RAM 30.9% | CPU 82.8% | GPU 28.0% | Batch 10/27 (30 tickers)
[2026-04-07 19:56:09 UTC] RAM 30.9% | CPU 73.0% | GPU 1.0% | Batch 10/27 (30 tickers)
[2026-04-07 19:57:11 UTC] RAM 30.9% | CPU 90.4% | GPU 12.0% | Batch 10/27 (30 tickers)
[2026-04-07 19:58:12 UTC] RAM 31.0% | CPU 83.0% | GPU 1.0% | Batch 10/27 (30 tickers)
[2026-04-07 19:59:13 UTC] RAM 31.0% | CPU 70.9% | GPU 62.0% | Batch 10/27 (30 tickers)
[2026-04-07 20:00:14 UTC] RAM 30.9% | CPU 90.5% | GPU 31.0% | Batch 10/27 (30 tickers)
[2026-04-07 20:01:15 UTC] RAM 31.0% | CPU 80.3% | GPU 72.0% | Batch 10/27 (30 tickers)
[2026-04-07 20:02:16 UTC] RAM 31.0% | CPU 82.2% | GPU 80.0% | Batch 10/27 (30 tickers)
[2026-04-07 20:03:18 UTC] RAM 31.0% | CPU 87.1% | GPU 16.0% | Batch 10/27 (30 tickers)
[2026-04-07 20:04:19 UTC] RAM 31.0% | CPU 86.6% | GPU 17.0% | Batch 10/27 (30 tickers)
[2026-04-07 20:05:20 UTC] RAM 31.1% | CPU 69.8% | GPU 0.0% | Batch 10/27 (30 tickers)
[2026-04-07 20:06:21 UTC] RAM 31.0% | CPU 92.3% | GPU 14.0% | Batch 10/27 (30 tickers)
[2026-04-07 20:07:22 UTC] RAM 31.0% | CPU 94.7% | GPU 1.0% | Batch 10/27 (30 tickers)
[2026-04-07 20:08:23 UTC] RAM 31.0% | CPU 67.2% | GPU 30.0% | Batch 10/27 (30 tickers)
[2026-04-07 20:09:25 UTC] RAM 31.1% | CPU 90.9% | GPU 1.0% | Batch 10/27 (30 tickers)
[2026-04-07 20:10:26 UTC] RAM 31.1% | CPU 88.1% | GPU 58.0% | Batch 10/27 (30 tickers)
[2026-04-07 20:11:27 UTC] RAM 31.1% | CPU 83.0% | GPU 37.0% | Batch 10/27 (30 tickers)
[2026-04-07 20:12:28 UTC] RAM 31.1% | CPU 92.8% | GPU 1.0% | Batch 10/27 (30 tickers)
[2026-04-07 20:13:29 UTC] RAM 31.1% | CPU 72.5% | GPU 0.0% | Batch 10/27 (30 tickers)
[2026-04-07 20:14:30 UTC] RAM 31.2% | CPU 86.3% | GPU 58.0% | Batch 10/27 (30 tickers)
[2026-04-07 20:15:32 UTC] RAM 31.2% | CPU 91.9% | GPU 1.0% | Batch 10/27 (30 tickers)
[2026-04-07 20:16:33 UTC] RAM 31.2% | CPU 86.3% | GPU 71.0% | Batch 10/27 (30 tickers)
[2026-04-07 20:17:34 UTC] RAM 31.3% | CPU 93.0% | GPU 16.0% | Batch 10/27 (30 tickers)
[2026-04-07 20:18:35 UTC] RAM 31.3% | CPU 92.5% | GPU 1.0% | Batch 10/27 (30 tickers)
[2026-04-07 20:19:36 UTC] RAM 31.3% | CPU 97.9% | GPU 0.0% | Batch 10/27 (30 tickers)
[2026-04-07 20:20:38 UTC] RAM 31.4% | CPU 99.9% | GPU 1.0% | Batch 10/27 (30 tickers)
[2026-04-07 20:21:39 UTC] RAM 31.4% | CPU 81.8% | GPU 1.0% | Batch 10/27 (30 tickers)
[2026-04-07 20:22:40 UTC] RAM 31.4% | CPU 86.6% | GPU 24.0% | Batch 10/27 (30 tickers)
[2026-04-07 20:23:41 UTC] RAM 31.4% | CPU 67.3% | GPU 64.0% | Batch 10/27 (30 tickers)
[2026-04-07 20:24:43 UTC] RAM 31.4% | CPU 93.9% | GPU 6.0% | Batch 10/27 (30 tickers)
[2026-04-07 20:25:44 UTC] RAM 31.3% | CPU 92.9% | GPU 2.0% | Batch 10/27 (30 tickers)
[2026-04-07 20:26:45 UTC] RAM 31.4% | CPU 91.7% | GPU 58.0% | Batch 10/27 (30 tickers)
[2026-04-07 20:27:46 UTC] RAM 31.4% | CPU 94.3% | GPU 69.0% | Batch 10/27 (30 tickers)
[2026-04-07 20:28:47 UTC] RAM 31.4% | CPU 90.6% | GPU 18.0% | Batch 10/27 (30 tickers)
[2026-04-07 20:29:48 UTC] RAM 31.4% | CPU 91.7% | GPU 21.0% | Batch 10/27 (30 tickers)
[2026-04-07 20:30:49 UTC] RAM 31.4% | CPU 93.4% | GPU 14.0% | Batch 10/27 (30 tickers)
[2026-04-07 20:31:51 UTC] RAM 31.4% | CPU 93.1% | GPU 0.0% | Batch 10/27 (30 tickers)
[2026-04-07 20:32:52 UTC] RAM 31.4% | CPU 82.4% | GPU 1.0% | Batch 10/27 (30 tickers)
[2026-04-07 20:33:53 UTC] RAM 31.4% | CPU 89.3% | GPU 74.0% | Batch 10/27 (30 tickers)
[2026-04-07 20:34:54 UTC] RAM 31.4% | CPU 92.1% | GPU 71.0% | Batch 10/27 (30 tickers)
[2026-04-07 20:35:55 UTC] RAM 31.5% | CPU 90.6% | GPU 1.0% | Batch 10/27 (30 tickers)
[2026-04-07 20:36:57 UTC] RAM 31.6% | CPU 80.6% | GPU 0.0% | Batch 10/27 (30 tickers)
[2026-04-07 20:37:58 UTC] RAM 31.5% | CPU 77.4% | GPU 1.0% | Batch 10/27 (30 tickers)
[2026-04-07 20:38:59 UTC] RAM 31.5% | CPU 98.9% | GPU 7.0% | Batch 10/27 (30 tickers)
[2026-04-07 20:40:00 UTC] RAM 31.6% | CPU 96.9% | GPU 12.0% | Batch 10/27 (30 tickers)
[2026-04-07 20:41:01 UTC] RAM 31.6% | CPU 73.8% | GPU 0.0% | Batch 10/27 (30 tickers)
[2026-04-07 20:42:02 UTC] RAM 31.6% | CPU 96.8% | GPU 1.0% | Batch 10/27 (30 tickers)
[2026-04-07 20:43:04 UTC] RAM 31.6% | CPU 97.9% | GPU 11.0% | Batch 10/27 (30 tickers)
[2026-04-07 20:44:05 UTC] RAM 31.6% | CPU 86.0% | GPU 9.0% | Batch 10/27 (30 tickers)
[2026-04-07 20:45:06 UTC] RAM 31.6% | CPU 96.4% | GPU 1.0% | Batch 10/27 (30 tickers)
[2026-04-07 20:46:07 UTC] RAM 31.6% | CPU 87.1% | GPU 77.0% | Batch 10/27 (30 tickers)
[2026-04-07 20:47:09 UTC] RAM 31.7% | CPU 99.4% | GPU 1.0% | Batch 10/27 (30 tickers)
[2026-04-07 20:48:10 UTC] RAM 31.7% | CPU 98.0% | GPU 2.0% | Batch 10/27 (30 tickers)
[2026-04-07 20:49:11 UTC] RAM 30.6% | CPU 53.6% | GPU 21.0% | Batch 10/27 (30 tickers)
[2026-04-07 20:50:12 UTC] RAM 30.3% | CPU 78.4% | GPU 77.0% | Batch 11/27 (33 tickers)
[2026-04-07 20:51:13 UTC] RAM 30.4% | CPU 87.3% | GPU 34.0% | Batch 11/27 (33 tickers)
[2026-04-07 20:52:15 UTC] RAM 30.5% | CPU 84.4% | GPU 50.0% | Batch 11/27 (33 tickers)
[2026-04-07 20:53:16 UTC] RAM 30.8% | CPU 72.1% | GPU 2.0% | Batch 11/27 (33 tickers)
[2026-04-07 20:54:17 UTC] RAM 30.7% | CPU 85.1% | GPU 22.0% | Batch 11/27 (33 tickers)
[2026-04-07 20:55:18 UTC] RAM 30.8% | CPU 88.9% | GPU 71.0% | Batch 11/27 (33 tickers)
[2026-04-07 20:56:19 UTC] RAM 30.8% | CPU 91.6% | GPU 9.0% | Batch 11/27 (33 tickers)
[2026-04-07 20:57:20 UTC] RAM 30.9% | CPU 86.2% | GPU 69.0% | Batch 11/27 (33 tickers)
[2026-04-07 20:58:22 UTC] RAM 31.0% | CPU 76.6% | GPU 1.0% | Batch 11/27 (33 tickers)
[2026-04-07 20:59:23 UTC] RAM 31.1% | CPU 92.9% | GPU 14.0% | Batch 11/27 (33 tickers)
[2026-04-07 21:00:24 UTC] RAM 31.1% | CPU 86.0% | GPU 17.0% | Batch 11/27 (33 tickers)
[2026-04-07 21:01:25 UTC] RAM 31.2% | CPU 91.9% | GPU 0.0% | Batch 11/27 (33 tickers)
[2026-04-07 21:02:26 UTC] RAM 31.2% | CPU 63.5% | GPU 22.0% | Batch 11/27 (33 tickers)
[2026-04-07 21:03:27 UTC] RAM 31.3% | CPU 65.2% | GPU 21.0% | Batch 11/27 (33 tickers)
[2026-04-07 21:04:29 UTC] RAM 31.4% | CPU 96.2% | GPU 11.0% | Batch 11/27 (33 tickers)
[2026-04-07 21:05:30 UTC] RAM 31.5% | CPU 64.0% | GPU 0.0% | Batch 11/27 (33 tickers)
[2026-04-07 21:06:31 UTC] RAM 31.5% | CPU 96.3% | GPU 1.0% | Batch 11/27 (33 tickers)
[2026-04-07 21:07:32 UTC] RAM 31.5% | CPU 99.6% | GPU 0.0% | Batch 11/27 (33 tickers)
[2026-04-07 21:08:33 UTC] RAM 31.6% | CPU 93.4% | GPU 1.0% | Batch 11/27 (33 tickers)
[2026-04-07 21:09:34 UTC] RAM 31.7% | CPU 95.7% | GPU 49.0% | Batch 11/27 (33 tickers)
[2026-04-07 21:10:36 UTC] RAM 31.7% | CPU 81.8% | GPU 0.0% | Batch 11/27 (33 tickers)
[2026-04-07 21:11:37 UTC] RAM 31.9% | CPU 92.9% | GPU 15.0% | Batch 11/27 (33 tickers)
[2026-04-07 21:12:38 UTC] RAM 31.9% | CPU 79.5% | GPU 1.0% | Batch 11/27 (33 tickers)
[2026-04-07 21:13:39 UTC] RAM 31.9% | CPU 88.1% | GPU 67.0% | Batch 11/27 (33 tickers)
[2026-04-07 21:14:41 UTC] RAM 31.9% | CPU 59.4% | GPU 14.0% | Batch 11/27 (33 tickers)
[2026-04-07 21:15:42 UTC] RAM 32.0% | CPU 97.4% | GPU 6.0% | Batch 11/27 (33 tickers)
[2026-04-07 21:16:43 UTC] RAM 32.1% | CPU 97.2% | GPU 3.0% | Batch 11/27 (33 tickers)
[2026-04-07 21:17:44 UTC] RAM 32.1% | CPU 89.6% | GPU 14.0% | Batch 11/27 (33 tickers)
[2026-04-07 21:18:45 UTC] RAM 32.1% | CPU 89.9% | GPU 2.0% | Batch 11/27 (33 tickers)
[2026-04-07 21:19:46 UTC] RAM 32.1% | CPU 87.8% | GPU 9.0% | Batch 11/27 (33 tickers)
[2026-04-07 21:20:48 UTC] RAM 32.1% | CPU 87.8% | GPU 50.0% | Batch 11/27 (33 tickers)
[2026-04-07 21:21:49 UTC] RAM 32.1% | CPU 70.3% | GPU 90.0% | Batch 11/27 (33 tickers)
[2026-04-07 21:22:50 UTC] RAM 32.1% | CPU 93.3% | GPU 14.0% | Batch 11/27 (33 tickers)
[2026-04-07 21:23:51 UTC] RAM 32.1% | CPU 93.2% | GPU 10.0% | Batch 11/27 (33 tickers)
[2026-04-07 21:24:52 UTC] RAM 32.1% | CPU 86.6% | GPU 31.0% | Batch 11/27 (33 tickers)
[2026-04-07 21:25:53 UTC] RAM 32.1% | CPU 90.1% | GPU 8.0% | Batch 11/27 (33 tickers)
[2026-04-07 21:26:55 UTC] RAM 32.2% | CPU 95.2% | GPU 2.0% | Batch 11/27 (33 tickers)
[2026-04-07 21:27:56 UTC] RAM 32.1% | CPU 88.0% | GPU 9.0% | Batch 11/27 (33 tickers)
[2026-04-07 21:28:57 UTC] RAM 32.1% | CPU 89.1% | GPU 18.0% | Batch 11/27 (33 tickers)
[2026-04-07 21:29:58 UTC] RAM 32.1% | CPU 80.6% | GPU 1.0% | Batch 11/27 (33 tickers)
[2026-04-07 21:30:59 UTC] RAM 32.2% | CPU 88.2% | GPU 0.0% | Batch 11/27 (33 tickers)
[2026-04-07 21:32:01 UTC] RAM 32.1% | CPU 78.4% | GPU 78.0% | Batch 11/27 (33 tickers)
[2026-04-07 21:33:02 UTC] RAM 33.7% | CPU 87.3% | GPU 11.0% | Batch 11/27 (33 tickers)
[2026-04-07 21:34:03 UTC] RAM 33.7% | CPU 95.5% | GPU 0.0% | Batch 11/27 (33 tickers)
[2026-04-07 21:35:04 UTC] RAM 33.8% | CPU 91.8% | GPU 3.0% | Batch 11/27 (33 tickers)
[2026-04-07 21:36:05 UTC] RAM 32.3% | CPU 84.9% | GPU 77.0% | Batch 11/27 (33 tickers)
[2026-04-07 21:37:07 UTC] RAM 32.7% | CPU 91.2% | GPU 3.0% | Batch 11/27 (33 tickers)
[2026-04-07 21:38:08 UTC] RAM 32.5% | CPU 94.3% | GPU 3.0% | Batch 11/27 (33 tickers)
[2026-04-07 21:39:09 UTC] RAM 32.5% | CPU 93.8% | GPU 40.0% | Batch 11/27 (33 tickers)
[2026-04-07 21:40:10 UTC] RAM 32.6% | CPU 78.9% | GPU 6.0% | Batch 11/27 (33 tickers)
[2026-04-07 21:41:12 UTC] RAM 32.5% | CPU 99.4% | GPU 4.0% | Batch 11/27 (33 tickers)
[2026-04-07 21:42:13 UTC] RAM 32.5% | CPU 67.7% | GPU 91.0% | Batch 11/27 (33 tickers)
[2026-04-07 21:43:14 UTC] RAM 32.6% | CPU 99.3% | GPU 2.0% | Batch 11/27 (33 tickers)
[2026-04-07 21:44:15 UTC] RAM 32.6% | CPU 65.2% | GPU 31.0% | Batch 11/27 (33 tickers)
[2026-04-07 21:45:16 UTC] RAM 32.9% | CPU 74.8% | GPU 2.0% | Batch 11/27 (33 tickers)
[2026-04-07 21:46:17 UTC] RAM 32.8% | CPU 67.4% | GPU 56.0% | Batch 11/27 (33 tickers)
[2026-04-07 21:47:19 UTC] RAM 32.9% | CPU 83.2% | GPU 17.0% | Batch 11/27 (33 tickers)
[2026-04-07 21:48:20 UTC] RAM 32.7% | CPU 89.9% | GPU 17.0% | Batch 11/27 (33 tickers)
[2026-04-07 21:49:21 UTC] RAM 32.7% | CPU 66.1% | GPU 3.0% | Batch 11/27 (33 tickers)
[2026-04-07 21:50:22 UTC] RAM 32.7% | CPU 89.4% | GPU 10.0% | Batch 11/27 (33 tickers)
[2026-04-07 21:51:23 UTC] RAM 32.7% | CPU 85.2% | GPU 43.0% | Batch 11/27 (33 tickers)
[2026-04-07 21:52:24 UTC] RAM 32.7% | CPU 91.2% | GPU 11.0% | Batch 11/27 (33 tickers)
[2026-04-07 21:53:25 UTC] RAM 32.7% | CPU 84.9% | GPU 2.0% | Batch 11/27 (33 tickers)
[2026-04-07 21:54:27 UTC] RAM 32.7% | CPU 94.9% | GPU 17.0% | Batch 11/27 (33 tickers)
[2026-04-07 21:55:28 UTC] RAM 32.7% | CPU 94.4% | GPU 3.0% | Batch 11/27 (33 tickers)
[2026-04-07 21:56:29 UTC] RAM 32.6% | CPU 90.3% | GPU 21.0% | Batch 11/27 (33 tickers)
[2026-04-07 21:57:30 UTC] RAM 32.8% | CPU 96.4% | GPU 3.0% | Batch 11/27 (33 tickers)
[2026-04-07 21:58:31 UTC] RAM 32.7% | CPU 91.9% | GPU 22.0% | Batch 11/27 (33 tickers)
[2026-04-07 21:59:32 UTC] RAM 32.7% | CPU 81.5% | GPU 4.0% | Batch 11/27 (33 tickers)
[2026-04-07 22:00:33 UTC] RAM 32.8% | CPU 83.8% | GPU 2.0% | Batch 11/27 (33 tickers)
[2026-04-07 22:01:35 UTC] RAM 32.7% | CPU 65.7% | GPU 54.0% | Batch 11/27 (33 tickers)
[2026-04-07 22:02:36 UTC] RAM 32.7% | CPU 95.8% | GPU 34.0% | Batch 11/27 (33 tickers)
[2026-04-07 22:03:37 UTC] RAM 32.8% | CPU 90.4% | GPU 17.0% | Batch 11/27 (33 tickers)
[2026-04-07 22:04:38 UTC] RAM 32.7% | CPU 80.9% | GPU 60.0% | Batch 11/27 (33 tickers)
[2026-04-07 22:05:39 UTC] RAM 32.9% | CPU 99.1% | GPU 3.0% | Batch 11/27 (33 tickers)
[2026-04-07 22:06:40 UTC] RAM 33.0% | CPU 76.5% | GPU 3.0% | Batch 11/27 (33 tickers)
[2026-04-07 22:07:42 UTC] RAM 32.9% | CPU 91.9% | GPU 2.0% | Batch 11/27 (33 tickers)
[2026-04-07 22:08:43 UTC] RAM 33.0% | CPU 75.7% | GPU 2.0% | Batch 11/27 (33 tickers)
[2026-04-07 22:09:44 UTC] RAM 32.9% | CPU 88.6% | GPU 2.0% | Batch 11/27 (33 tickers)
[2026-04-07 22:10:45 UTC] RAM 33.0% | CPU 97.2% | GPU 21.0% | Batch 11/27 (33 tickers)
[2026-04-07 22:11:46 UTC] RAM 32.9% | CPU 97.3% | GPU 9.0% | Batch 11/27 (33 tickers)
[2026-04-07 22:12:47 UTC] RAM 33.0% | CPU 78.7% | GPU 3.0% | Batch 11/27 (33 tickers)
[2026-04-07 22:13:49 UTC] RAM 32.4% | CPU 70.8% | GPU 2.0% | Batch 11/27 (33 tickers)
[2026-04-07 22:14:50 UTC] RAM 32.4% | CPU 87.7% | GPU 13.0% | Batch 11/27 (33 tickers)
[2026-04-07 22:15:51 UTC] RAM 30.9% | CPU 72.1% | GPU 3.0% | Batch 12/27 (36 tickers)
[2026-04-07 22:16:52 UTC] RAM 31.0% | CPU 89.8% | GPU 17.0% | Batch 12/27 (36 tickers)
[2026-04-07 22:17:54 UTC] RAM 31.2% | CPU 91.5% | GPU 3.0% | Batch 12/27 (36 tickers)
[2026-04-07 22:18:55 UTC] RAM 31.3% | CPU 93.4% | GPU 24.0% | Batch 12/27 (36 tickers)
[2026-04-07 22:19:56 UTC] RAM 31.4% | CPU 94.5% | GPU 14.0% | Batch 12/27 (36 tickers)
[2026-04-07 22:20:57 UTC] RAM 31.5% | CPU 87.5% | GPU 50.0% | Batch 12/27 (36 tickers)
[2026-04-07 22:21:58 UTC] RAM 31.6% | CPU 94.5% | GPU 18.0% | Batch 12/27 (36 tickers)
[2026-04-07 22:22:59 UTC] RAM 31.6% | CPU 90.7% | GPU 3.0% | Batch 12/27 (36 tickers)
[2026-04-07 22:24:00 UTC] RAM 31.6% | CPU 91.4% | GPU 9.0% | Batch 12/27 (36 tickers)
[2026-04-07 22:25:02 UTC] RAM 31.8% | CPU 80.4% | GPU 4.0% | Batch 12/27 (36 tickers)
[2026-04-07 22:26:03 UTC] RAM 31.8% | CPU 81.7% | GPU 2.0% | Batch 12/27 (36 tickers)
[2026-04-07 22:27:04 UTC] RAM 31.9% | CPU 87.5% | GPU 3.0% | Batch 12/27 (36 tickers)
[2026-04-07 22:28:05 UTC] RAM 31.9% | CPU 69.5% | GPU 91.0% | Batch 12/27 (36 tickers)
[2026-04-07 22:29:06 UTC] RAM 32.1% | CPU 95.9% | GPU 13.0% | Batch 12/27 (36 tickers)
[2026-04-07 22:30:07 UTC] RAM 32.0% | CPU 75.6% | GPU 44.0% | Batch 12/27 (36 tickers)
[2026-04-07 22:31:09 UTC] RAM 32.1% | CPU 81.3% | GPU 74.0% | Batch 12/27 (36 tickers)
[2026-04-07 22:32:10 UTC] RAM 32.1% | CPU 91.0% | GPU 3.0% | Batch 12/27 (36 tickers)
[2026-04-07 22:33:11 UTC] RAM 32.2% | CPU 96.8% | GPU 2.0% | Batch 12/27 (36 tickers)
[2026-04-07 22:34:12 UTC] RAM 32.3% | CPU 98.0% | GPU 2.0% | Batch 12/27 (36 tickers)
[2026-04-07 22:35:13 UTC] RAM 32.4% | CPU 91.5% | GPU 3.0% | Batch 12/27 (36 tickers)
[2026-04-07 22:36:14 UTC] RAM 32.4% | CPU 80.8% | GPU 2.0% | Batch 12/27 (36 tickers)
[2026-04-07 22:37:15 UTC] RAM 32.4% | CPU 91.2% | GPU 3.0% | Batch 12/27 (36 tickers)
[2026-04-07 22:38:17 UTC] RAM 32.5% | CPU 86.1% | GPU 39.0% | Batch 12/27 (36 tickers)
[2026-04-07 22:39:18 UTC] RAM 32.6% | CPU 87.9% | GPU 7.0% | Batch 12/27 (36 tickers)
[2026-04-07 22:40:19 UTC] RAM 32.7% | CPU 98.2% | GPU 2.0% | Batch 12/27 (36 tickers)
[2026-04-07 22:41:20 UTC] RAM 32.8% | CPU 94.9% | GPU 4.0% | Batch 12/27 (36 tickers)
[2026-04-07 22:42:21 UTC] RAM 32.7% | CPU 91.0% | GPU 39.0% | Batch 12/27 (36 tickers)
[2026-04-07 22:43:22 UTC] RAM 32.8% | CPU 99.1% | GPU 10.0% | Batch 12/27 (36 tickers)
[2026-04-07 22:44:24 UTC] RAM 32.9% | CPU 99.0% | GPU 5.0% | Batch 12/27 (36 tickers)
[2026-04-07 22:45:25 UTC] RAM 32.8% | CPU 64.2% | GPU 90.0% | Batch 12/27 (36 tickers)
[2026-04-07 22:46:26 UTC] RAM 32.8% | CPU 80.9% | GPU 2.0% | Batch 12/27 (36 tickers)
[2026-04-07 22:47:27 UTC] RAM 32.8% | CPU 87.5% | GPU 4.0% | Batch 12/27 (36 tickers)
[2026-04-07 22:48:28 UTC] RAM 32.9% | CPU 71.1% | GPU 3.0% | Batch 12/27 (36 tickers)
[2026-04-07 22:49:29 UTC] RAM 32.8% | CPU 90.0% | GPU 5.0% | Batch 12/27 (36 tickers)
[2026-04-07 22:50:30 UTC] RAM 32.8% | CPU 72.2% | GPU 5.0% | Batch 12/27 (36 tickers)
[2026-04-07 22:51:32 UTC] RAM 32.8% | CPU 76.2% | GPU 89.0% | Batch 12/27 (36 tickers)
[2026-04-07 22:52:33 UTC] RAM 32.8% | CPU 87.2% | GPU 65.0% | Batch 12/27 (36 tickers)
[2026-04-07 22:53:34 UTC] RAM 32.8% | CPU 67.3% | GPU 42.0% | Batch 12/27 (36 tickers)
[2026-04-07 22:54:35 UTC] RAM 32.9% | CPU 86.2% | GPU 7.0% | Batch 12/27 (36 tickers)
[2026-04-07 22:55:36 UTC] RAM 32.9% | CPU 95.2% | GPU 19.0% | Batch 12/27 (36 tickers)
[2026-04-07 22:56:38 UTC] RAM 32.8% | CPU 57.6% | GPU 7.0% | Batch 12/27 (36 tickers)
[2026-04-07 22:57:39 UTC] RAM 32.8% | CPU 96.6% | GPU 18.0% | Batch 12/27 (36 tickers)
[2026-04-07 22:58:40 UTC] RAM 32.8% | CPU 90.3% | GPU 64.0% | Batch 12/27 (36 tickers)
[2026-04-07 22:59:41 UTC] RAM 32.8% | CPU 78.2% | GPU 71.0% | Batch 12/27 (36 tickers)
[2026-04-07 23:00:42 UTC] RAM 32.8% | CPU 95.3% | GPU 6.0% | Batch 12/27 (36 tickers)
[2026-04-07 23:01:43 UTC] RAM 32.9% | CPU 92.9% | GPU 25.0% | Batch 12/27 (36 tickers)
[2026-04-07 23:02:44 UTC] RAM 32.9% | CPU 96.0% | GPU 5.0% | Batch 12/27 (36 tickers)
[2026-04-07 23:03:46 UTC] RAM 33.0% | CPU 98.1% | GPU 3.0% | Batch 12/27 (36 tickers)
[2026-04-07 23:04:47 UTC] RAM 33.0% | CPU 95.1% | GPU 2.0% | Batch 12/27 (36 tickers)
[2026-04-07 23:05:48 UTC] RAM 33.2% | CPU 87.2% | GPU 60.0% | Batch 12/27 (36 tickers)
[2026-04-07 23:06:49 UTC] RAM 33.2% | CPU 81.9% | GPU 67.0% | Batch 12/27 (36 tickers)
[2026-04-07 23:07:50 UTC] RAM 33.7% | CPU 98.8% | GPU 2.0% | Batch 12/27 (36 tickers)
[2026-04-07 23:08:52 UTC] RAM 33.6% | CPU 96.7% | GPU 14.0% | Batch 12/27 (36 tickers)
[2026-04-07 23:09:53 UTC] RAM 33.5% | CPU 93.7% | GPU 7.0% | Batch 12/27 (36 tickers)
[2026-04-07 23:10:54 UTC] RAM 33.5% | CPU 80.2% | GPU 17.0% | Batch 12/27 (36 tickers)
[2026-04-07 23:11:55 UTC] RAM 33.6% | CPU 94.9% | GPU 2.0% | Batch 12/27 (36 tickers)
[2026-04-07 23:12:56 UTC] RAM 33.6% | CPU 91.0% | GPU 7.0% | Batch 12/27 (36 tickers)
[2026-04-07 23:13:58 UTC] RAM 33.5% | CPU 99.0% | GPU 37.0% | Batch 12/27 (36 tickers)
[2026-04-07 23:14:59 UTC] RAM 33.6% | CPU 88.3% | GPU 69.0% | Batch 12/27 (36 tickers)
[2026-04-07 23:16:00 UTC] RAM 33.7% | CPU 77.9% | GPU 12.0% | Batch 12/27 (36 tickers)
[2026-04-07 23:17:01 UTC] RAM 33.7% | CPU 78.1% | GPU 82.0% | Batch 12/27 (36 tickers)
[2026-04-07 23:18:02 UTC] RAM 33.6% | CPU 84.3% | GPU 23.0% | Batch 12/27 (36 tickers)
[2026-04-07 23:19:03 UTC] RAM 33.7% | CPU 91.9% | GPU 17.0% | Batch 12/27 (36 tickers)
[2026-04-07 23:20:04 UTC] RAM 33.6% | CPU 90.1% | GPU 15.0% | Batch 12/27 (36 tickers)
[2026-04-07 23:21:06 UTC] RAM 33.7% | CPU 87.8% | GPU 11.0% | Batch 12/27 (36 tickers)
[2026-04-07 23:22:07 UTC] RAM 33.7% | CPU 87.3% | GPU 11.0% | Batch 12/27 (36 tickers)
[2026-04-07 23:23:08 UTC] RAM 33.7% | CPU 91.1% | GPU 9.0% | Batch 12/27 (36 tickers)
[2026-04-07 23:24:09 UTC] RAM 33.6% | CPU 88.5% | GPU 5.0% | Batch 12/27 (36 tickers)
[2026-04-07 23:25:10 UTC] RAM 33.7% | CPU 89.7% | GPU 5.0% | Batch 12/27 (36 tickers)
[2026-04-07 23:26:12 UTC] RAM 33.6% | CPU 89.1% | GPU 8.0% | Batch 12/27 (36 tickers)
[2026-04-07 23:27:13 UTC] RAM 33.6% | CPU 81.2% | GPU 3.0% | Batch 12/27 (36 tickers)
[2026-04-07 23:28:14 UTC] RAM 33.6% | CPU 75.8% | GPU 10.0% | Batch 12/27 (36 tickers)
[2026-04-07 23:29:15 UTC] RAM 33.6% | CPU 83.2% | GPU 55.0% | Batch 12/27 (36 tickers)
[2026-04-07 23:30:16 UTC] RAM 33.6% | CPU 82.5% | GPU 50.0% | Batch 12/27 (36 tickers)
[2026-04-07 23:31:18 UTC] RAM 33.6% | CPU 65.7% | GPU 89.0% | Batch 12/27 (36 tickers)
[2026-04-07 23:32:19 UTC] RAM 33.7% | CPU 88.8% | GPU 3.0% | Batch 12/27 (36 tickers)
[2026-04-07 23:33:20 UTC] RAM 33.8% | CPU 84.5% | GPU 22.0% | Batch 12/27 (36 tickers)
[2026-04-07 23:34:21 UTC] RAM 33.7% | CPU 66.1% | GPU 3.0% | Batch 12/27 (36 tickers)
[2026-04-07 23:35:22 UTC] RAM 33.7% | CPU 80.2% | GPU 7.0% | Batch 12/27 (36 tickers)
[2026-04-07 23:36:23 UTC] RAM 33.7% | CPU 78.8% | GPU 4.0% | Batch 12/27 (36 tickers)
[2026-04-07 23:37:24 UTC] RAM 33.7% | CPU 83.2% | GPU 2.0% | Batch 12/27 (36 tickers)
[2026-04-07 23:38:26 UTC] RAM 33.8% | CPU 89.6% | GPU 3.0% | Batch 12/27 (36 tickers)
[2026-04-07 23:39:27 UTC] RAM 34.1% | CPU 94.2% | GPU 28.0% | Batch 12/27 (36 tickers)
[2026-04-07 23:40:28 UTC] RAM 33.9% | CPU 99.3% | GPU 12.0% | Batch 12/27 (36 tickers)
[2026-04-07 23:41:29 UTC] RAM 33.9% | CPU 99.3% | GPU 2.0% | Batch 12/27 (36 tickers)
[2026-04-07 23:42:31 UTC] RAM 34.2% | CPU 80.1% | GPU 2.0% | Batch 12/27 (36 tickers)
[2026-04-07 23:43:32 UTC] RAM 33.9% | CPU 99.2% | GPU 3.0% | Batch 12/27 (36 tickers)
[2026-04-07 23:44:33 UTC] RAM 28.2% | CPU 84.5% | GPU 5.0% | Batch 13/27 (39 tickers)
[2026-04-07 23:45:34 UTC] RAM 28.9% | CPU 86.0% | GPU 21.0% | Batch 13/27 (39 tickers)
[2026-04-07 23:46:35 UTC] RAM 29.0% | CPU 84.8% | GPU 3.0% | Batch 13/27 (39 tickers)
[2026-04-07 23:47:37 UTC] RAM 29.1% | CPU 93.2% | GPU 3.0% | Batch 13/27 (39 tickers)
[2026-04-07 23:48:38 UTC] RAM 29.3% | CPU 90.9% | GPU 58.0% | Batch 13/27 (39 tickers)
[2026-04-07 23:49:39 UTC] RAM 29.3% | CPU 77.7% | GPU 56.0% | Batch 13/27 (39 tickers)
[2026-04-07 23:50:40 UTC] RAM 29.3% | CPU 88.8% | GPU 9.0% | Batch 13/27 (39 tickers)
[2026-04-07 23:51:41 UTC] RAM 29.4% | CPU 88.1% | GPU 5.0% | Batch 13/27 (39 tickers)
[2026-04-07 23:52:43 UTC] RAM 29.4% | CPU 86.4% | GPU 73.0% | Batch 13/27 (39 tickers)
[2026-04-07 23:53:44 UTC] RAM 29.7% | CPU 75.0% | GPU 21.0% | Batch 13/27 (39 tickers)
[2026-04-07 23:54:45 UTC] RAM 29.7% | CPU 90.5% | GPU 3.0% | Batch 13/27 (39 tickers)
[2026-04-07 23:55:46 UTC] RAM 29.7% | CPU 82.1% | GPU 70.0% | Batch 13/27 (39 tickers)
[2026-04-07 23:56:47 UTC] RAM 29.8% | CPU 92.1% | GPU 71.0% | Batch 13/27 (39 tickers)
[2026-04-07 23:57:48 UTC] RAM 29.8% | CPU 86.7% | GPU 42.0% | Batch 13/27 (39 tickers)
[2026-04-07 23:58:50 UTC] RAM 30.1% | CPU 74.2% | GPU 3.0% | Batch 13/27 (39 tickers)
[2026-04-07 23:59:51 UTC] RAM 30.1% | CPU 90.5% | GPU 5.0% | Batch 13/27 (39 tickers)
[2026-04-08 00:00:52 UTC] RAM 30.4% | CPU 80.2% | GPU 18.0% | Batch 13/27 (39 tickers)
[2026-04-08 00:01:53 UTC] RAM 30.2% | CPU 81.7% | GPU 87.0% | Batch 13/27 (39 tickers)
[2026-04-08 00:02:54 UTC] RAM 30.3% | CPU 94.1% | GPU 3.0% | Batch 13/27 (39 tickers)
[2026-04-08 00:03:56 UTC] RAM 30.5% | CPU 92.3% | GPU 3.0% | Batch 13/27 (39 tickers)
[2026-04-08 00:04:57 UTC] RAM 30.6% | CPU 97.2% | GPU 7.0% | Batch 13/27 (39 tickers)
[2026-04-08 00:05:58 UTC] RAM 30.4% | CPU 86.9% | GPU 22.0% | Batch 13/27 (39 tickers)
[2026-04-08 00:06:59 UTC] RAM 30.5% | CPU 87.8% | GPU 15.0% | Batch 13/27 (39 tickers)
[2026-04-08 00:08:01 UTC] RAM 30.6% | CPU 84.0% | GPU 2.0% | Batch 13/27 (39 tickers)
[2026-04-08 00:09:02 UTC] RAM 30.6% | CPU 97.7% | GPU 2.0% | Batch 13/27 (39 tickers)
[2026-04-08 00:10:03 UTC] RAM 30.6% | CPU 86.5% | GPU 10.0% | Batch 13/27 (39 tickers)
[2026-04-08 00:11:04 UTC] RAM 30.8% | CPU 92.2% | GPU 5.0% | Batch 13/27 (39 tickers)
[2026-04-08 00:12:05 UTC] RAM 30.8% | CPU 99.4% | GPU 21.0% | Batch 13/27 (39 tickers)
[2026-04-08 00:13:06 UTC] RAM 30.9% | CPU 90.9% | GPU 2.0% | Batch 13/27 (39 tickers)
[2026-04-08 00:14:08 UTC] RAM 30.9% | CPU 84.4% | GPU 3.0% | Batch 13/27 (39 tickers)
[2026-04-08 00:15:09 UTC] RAM 31.1% | CPU 74.4% | GPU 16.0% | Batch 13/27 (39 tickers)
[2026-04-08 00:16:10 UTC] RAM 30.9% | CPU 92.4% | GPU 12.0% | Batch 13/27 (39 tickers)
[2026-04-08 00:17:11 UTC] RAM 30.9% | CPU 92.5% | GPU 3.0% | Batch 13/27 (39 tickers)
[2026-04-08 00:18:12 UTC] RAM 30.9% | CPU 61.4% | GPU 5.0% | Batch 13/27 (39 tickers)
[2026-04-08 00:19:13 UTC] RAM 30.9% | CPU 82.5% | GPU 4.0% | Batch 13/27 (39 tickers)
[2026-04-08 00:20:15 UTC] RAM 30.9% | CPU 89.4% | GPU 51.0% | Batch 13/27 (39 tickers)
[2026-04-08 00:21:16 UTC] RAM 30.9% | CPU 80.5% | GPU 3.0% | Batch 13/27 (39 tickers)
[2026-04-08 00:22:17 UTC] RAM 30.9% | CPU 80.8% | GPU 3.0% | Batch 13/27 (39 tickers)
[2026-04-08 00:23:18 UTC] RAM 30.9% | CPU 90.7% | GPU 76.0% | Batch 13/27 (39 tickers)
[2026-04-08 00:24:19 UTC] RAM 31.2% | CPU 96.4% | GPU 3.0% | Batch 13/27 (39 tickers)
[2026-04-08 00:25:21 UTC] RAM 30.9% | CPU 89.9% | GPU 3.0% | Batch 13/27 (39 tickers)
[2026-04-08 00:26:22 UTC] RAM 30.9% | CPU 84.9% | GPU 25.0% | Batch 13/27 (39 tickers)
[2026-04-08 00:27:23 UTC] RAM 30.9% | CPU 91.7% | GPU 16.0% | Batch 13/27 (39 tickers)
[2026-04-08 00:28:24 UTC] RAM 31.2% | CPU 96.8% | GPU 13.0% | Batch 13/27 (39 tickers)
[2026-04-08 00:29:25 UTC] RAM 31.3% | CPU 73.9% | GPU 48.0% | Batch 13/27 (39 tickers)
[2026-04-08 00:30:27 UTC] RAM 31.3% | CPU 87.1% | GPU 6.0% | Batch 13/27 (39 tickers)
[2026-04-08 00:31:28 UTC] RAM 31.1% | CPU 97.4% | GPU 16.0% | Batch 13/27 (39 tickers)
[2026-04-08 00:32:29 UTC] RAM 31.0% | CPU 84.4% | GPU 35.0% | Batch 13/27 (39 tickers)
[2026-04-08 00:33:30 UTC] RAM 31.1% | CPU 76.8% | GPU 4.0% | Batch 13/27 (39 tickers)
[2026-04-08 00:34:31 UTC] RAM 31.2% | CPU 98.9% | GPU 3.0% | Batch 13/27 (39 tickers)
[2026-04-08 00:35:32 UTC] RAM 31.1% | CPU 97.6% | GPU 2.0% | Batch 13/27 (39 tickers)
[2026-04-08 00:36:33 UTC] RAM 31.2% | CPU 81.5% | GPU 2.0% | Batch 13/27 (39 tickers)
[2026-04-08 00:37:35 UTC] RAM 31.2% | CPU 79.9% | GPU 2.0% | Batch 13/27 (39 tickers)
[2026-04-08 00:38:36 UTC] RAM 31.4% | CPU 71.8% | GPU 3.0% | Batch 13/27 (39 tickers)
[2026-04-08 00:39:37 UTC] RAM 31.3% | CPU 91.3% | GPU 7.0% | Batch 13/27 (39 tickers)
[2026-04-08 00:40:39 UTC] RAM 31.2% | CPU 98.9% | GPU 11.0% | Batch 13/27 (39 tickers)
[2026-04-08 00:41:40 UTC] RAM 31.3% | CPU 99.1% | GPU 3.0% | Batch 13/27 (39 tickers)
[2026-04-08 00:42:41 UTC] RAM 31.3% | CPU 89.5% | GPU 5.0% | Batch 13/27 (39 tickers)
[2026-04-08 00:43:42 UTC] RAM 32.0% | CPU 94.8% | GPU 21.0% | Batch 13/27 (39 tickers)
[2026-04-08 00:44:43 UTC] RAM 31.8% | CPU 83.1% | GPU 17.0% | Batch 13/27 (39 tickers)
[2026-04-08 00:45:45 UTC] RAM 31.5% | CPU 89.3% | GPU 4.0% | Batch 13/27 (39 tickers)
[2026-04-08 00:46:46 UTC] RAM 31.5% | CPU 90.6% | GPU 19.0% | Batch 13/27 (39 tickers)
[2026-04-08 00:47:47 UTC] RAM 31.4% | CPU 85.9% | GPU 15.0% | Batch 13/27 (39 tickers)
[2026-04-08 00:48:48 UTC] RAM 31.4% | CPU 80.1% | GPU 71.0% | Batch 13/27 (39 tickers)
[2026-04-08 00:49:49 UTC] RAM 31.4% | CPU 85.0% | GPU 51.0% | Batch 13/27 (39 tickers)
[2026-04-08 00:50:50 UTC] RAM 31.4% | CPU 87.1% | GPU 62.0% | Batch 13/27 (39 tickers)
[2026-04-08 00:51:52 UTC] RAM 31.5% | CPU 88.5% | GPU 6.0% | Batch 13/27 (39 tickers)
[2026-04-08 00:52:53 UTC] RAM 31.3% | CPU 77.3% | GPU 12.0% | Batch 13/27 (39 tickers)
[2026-04-08 00:53:54 UTC] RAM 31.4% | CPU 81.7% | GPU 66.0% | Batch 13/27 (39 tickers)
[2026-04-08 00:54:55 UTC] RAM 31.3% | CPU 86.8% | GPU 48.0% | Batch 13/27 (39 tickers)
[2026-04-08 00:55:56 UTC] RAM 31.4% | CPU 89.2% | GPU 16.0% | Batch 13/27 (39 tickers)
[2026-04-08 00:56:57 UTC] RAM 31.4% | CPU 84.3% | GPU 64.0% | Batch 13/27 (39 tickers)
[2026-04-08 00:57:58 UTC] RAM 31.5% | CPU 90.3% | GPU 9.0% | Batch 13/27 (39 tickers)
[2026-04-08 00:59:00 UTC] RAM 31.4% | CPU 87.1% | GPU 3.0% | Batch 13/27 (39 tickers)
[2026-04-08 01:00:01 UTC] RAM 31.4% | CPU 94.3% | GPU 13.0% | Batch 13/27 (39 tickers)
[2026-04-08 01:01:02 UTC] RAM 31.4% | CPU 66.8% | GPU 35.0% | Batch 13/27 (39 tickers)
[2026-04-08 01:02:03 UTC] RAM 31.5% | CPU 87.6% | GPU 5.0% | Batch 13/27 (39 tickers)
[2026-04-08 01:03:04 UTC] RAM 31.5% | CPU 96.9% | GPU 2.0% | Batch 13/27 (39 tickers)
[2026-04-08 01:04:06 UTC] RAM 31.5% | CPU 97.3% | GPU 14.0% | Batch 13/27 (39 tickers)
[2026-04-08 01:05:07 UTC] RAM 31.5% | CPU 84.6% | GPU 7.0% | Batch 13/27 (39 tickers)
[2026-04-08 01:06:08 UTC] RAM 31.5% | CPU 86.6% | GPU 26.0% | Batch 13/27 (39 tickers)
[2026-04-08 01:07:09 UTC] RAM 31.5% | CPU 79.4% | GPU 71.0% | Batch 13/27 (39 tickers)
[2026-04-08 01:08:10 UTC] RAM 31.6% | CPU 97.1% | GPU 6.0% | Batch 13/27 (39 tickers)
[2026-04-08 01:09:12 UTC] RAM 31.5% | CPU 68.3% | GPU 90.0% | Batch 13/27 (39 tickers)
[2026-04-08 01:10:13 UTC] RAM 31.6% | CPU 69.8% | GPU 52.0% | Batch 13/27 (39 tickers)
[2026-04-08 01:11:14 UTC] RAM 31.7% | CPU 97.7% | GPU 4.0% | Batch 13/27 (39 tickers)
[2026-04-08 01:12:15 UTC] RAM 31.7% | CPU 77.6% | GPU 85.0% | Batch 13/27 (39 tickers)
[2026-04-08 01:13:16 UTC] RAM 32.0% | CPU 98.3% | GPU 3.0% | Batch 13/27 (39 tickers)
[2026-04-08 01:14:17 UTC] RAM 31.6% | CPU 76.2% | GPU 8.0% | Batch 13/27 (39 tickers)
[2026-04-08 01:15:19 UTC] RAM 28.2% | CPU 80.5% | GPU 2.0% | Batch 14/27 (42 tickers)
[2026-04-08 01:16:20 UTC] RAM 28.2% | CPU 83.8% | GPU 6.0% | Batch 14/27 (42 tickers)
[2026-04-08 01:17:21 UTC] RAM 28.3% | CPU 87.6% | GPU 9.0% | Batch 14/27 (42 tickers)
[2026-04-08 01:18:22 UTC] RAM 28.5% | CPU 81.4% | GPU 3.0% | Batch 14/27 (42 tickers)
[2026-04-08 01:19:23 UTC] RAM 28.6% | CPU 91.7% | GPU 3.0% | Batch 14/27 (42 tickers)
[2026-04-08 01:20:24 UTC] RAM 28.5% | CPU 89.3% | GPU 34.0% | Batch 14/27 (42 tickers)
[2026-04-08 01:21:26 UTC] RAM 28.6% | CPU 80.2% | GPU 69.0% | Batch 14/27 (42 tickers)
[2026-04-08 01:22:27 UTC] RAM 28.7% | CPU 91.0% | GPU 22.0% | Batch 14/27 (42 tickers)
[2026-04-08 01:23:28 UTC] RAM 28.7% | CPU 86.9% | GPU 50.0% | Batch 14/27 (42 tickers)
[2026-04-08 01:24:29 UTC] RAM 29.2% | CPU 95.0% | GPU 8.0% | Batch 14/27 (42 tickers)
[2026-04-08 01:25:30 UTC] RAM 28.9% | CPU 96.5% | GPU 14.0% | Batch 14/27 (42 tickers)
[2026-04-08 01:26:32 UTC] RAM 28.9% | CPU 80.8% | GPU 34.0% | Batch 14/27 (42 tickers)
[2026-04-08 01:27:33 UTC] RAM 29.0% | CPU 89.6% | GPU 5.0% | Batch 14/27 (42 tickers)
[2026-04-08 01:28:34 UTC] RAM 29.0% | CPU 73.2% | GPU 91.0% | Batch 14/27 (42 tickers)
[2026-04-08 01:29:35 UTC] RAM 29.1% | CPU 85.7% | GPU 3.0% | Batch 14/27 (42 tickers)
[2026-04-08 01:30:36 UTC] RAM 29.2% | CPU 88.3% | GPU 48.0% | Batch 14/27 (42 tickers)
[2026-04-08 01:31:37 UTC] RAM 29.2% | CPU 70.5% | GPU 90.0% | Batch 14/27 (42 tickers)
[2026-04-08 01:32:38 UTC] RAM 29.3% | CPU 66.9% | GPU 90.0% | Batch 14/27 (42 tickers)
[2026-04-08 01:33:39 UTC] RAM 29.5% | CPU 92.4% | GPU 3.0% | Batch 14/27 (42 tickers)
[2026-04-08 01:34:41 UTC] RAM 29.4% | CPU 63.5% | GPU 4.0% | Batch 14/27 (42 tickers)
[2026-04-08 01:35:42 UTC] RAM 29.6% | CPU 84.1% | GPU 29.0% | Batch 14/27 (42 tickers)
[2026-04-08 01:36:43 UTC] RAM 29.9% | CPU 61.4% | GPU 45.0% | Batch 14/27 (42 tickers)
[2026-04-08 01:37:44 UTC] RAM 29.8% | CPU 88.0% | GPU 66.0% | Batch 14/27 (42 tickers)
[2026-04-08 01:38:46 UTC] RAM 30.1% | CPU 83.4% | GPU 39.0% | Batch 14/27 (42 tickers)
[2026-04-08 01:39:47 UTC] RAM 29.9% | CPU 89.4% | GPU 2.0% | Batch 14/27 (42 tickers)
[2026-04-08 01:40:48 UTC] RAM 29.9% | CPU 80.1% | GPU 57.0% | Batch 14/27 (42 tickers)
[2026-04-08 01:41:49 UTC] RAM 29.9% | CPU 88.8% | GPU 18.0% | Batch 14/27 (42 tickers)
[2026-04-08 01:42:51 UTC] RAM 30.2% | CPU 97.0% | GPU 3.0% | Batch 14/27 (42 tickers)
[2026-04-08 01:43:52 UTC] RAM 30.6% | CPU 90.1% | GPU 26.0% | Batch 14/27 (42 tickers)
[2026-04-08 01:44:53 UTC] RAM 30.3% | CPU 96.8% | GPU 12.0% | Batch 14/27 (42 tickers)
[2026-04-08 01:45:54 UTC] RAM 30.3% | CPU 72.9% | GPU 4.0% | Batch 14/27 (42 tickers)
[2026-04-08 01:46:55 UTC] RAM 30.2% | CPU 90.6% | GPU 16.0% | Batch 14/27 (42 tickers)
[2026-04-08 01:47:56 UTC] RAM 30.3% | CPU 88.9% | GPU 3.0% | Batch 14/27 (42 tickers)
[2026-04-08 01:48:58 UTC] RAM 30.3% | CPU 79.5% | GPU 5.0% | Batch 14/27 (42 tickers)
[2026-04-08 01:49:59 UTC] RAM 30.2% | CPU 80.8% | GPU 13.0% | Batch 14/27 (42 tickers)
[2026-04-08 01:51:00 UTC] RAM 30.2% | CPU 88.1% | GPU 35.0% | Batch 14/27 (42 tickers)
[2026-04-08 01:52:01 UTC] RAM 30.2% | CPU 85.8% | GPU 32.0% | Batch 14/27 (42 tickers)
[2026-04-08 01:53:02 UTC] RAM 30.3% | CPU 88.0% | GPU 4.0% | Batch 14/27 (42 tickers)
[2026-04-08 01:54:03 UTC] RAM 30.3% | CPU 82.8% | GPU 5.0% | Batch 14/27 (42 tickers)
[2026-04-08 01:55:05 UTC] RAM 30.2% | CPU 94.1% | GPU 16.0% | Batch 14/27 (42 tickers)
[2026-04-08 01:56:06 UTC] RAM 30.3% | CPU 94.0% | GPU 65.0% | Batch 14/27 (42 tickers)
[2026-04-08 01:57:07 UTC] RAM 30.4% | CPU 82.2% | GPU 3.0% | Batch 14/27 (42 tickers)
[2026-04-08 01:58:08 UTC] RAM 30.3% | CPU 98.2% | GPU 19.0% | Batch 14/27 (42 tickers)
[2026-04-08 01:59:10 UTC] RAM 30.2% | CPU 95.1% | GPU 9.0% | Batch 14/27 (42 tickers)
[2026-04-08 02:00:11 UTC] RAM 30.2% | CPU 92.3% | GPU 19.0% | Batch 14/27 (42 tickers)
[2026-04-08 02:01:12 UTC] RAM 30.2% | CPU 92.0% | GPU 17.0% | Batch 14/27 (42 tickers)
[2026-04-08 02:02:13 UTC] RAM 30.3% | CPU 71.9% | GPU 11.0% | Batch 14/27 (42 tickers)
[2026-04-08 02:03:14 UTC] RAM 30.3% | CPU 90.5% | GPU 22.0% | Batch 14/27 (42 tickers)
[2026-04-08 02:04:15 UTC] RAM 30.3% | CPU 86.4% | GPU 19.0% | Batch 14/27 (42 tickers)
[2026-04-08 02:05:17 UTC] RAM 30.3% | CPU 70.0% | GPU 2.0% | Batch 14/27 (42 tickers)
[2026-04-08 02:06:18 UTC] RAM 30.3% | CPU 76.0% | GPU 3.0% | Batch 14/27 (42 tickers)
[2026-04-08 02:07:19 UTC] RAM 30.5% | CPU 87.2% | GPU 17.0% | Batch 14/27 (42 tickers)
[2026-04-08 02:08:20 UTC] RAM 30.7% | CPU 76.7% | GPU 75.0% | Batch 14/27 (42 tickers)
[2026-04-08 02:09:22 UTC] RAM 30.4% | CPU 91.7% | GPU 4.0% | Batch 14/27 (42 tickers)
[2026-04-08 02:10:23 UTC] RAM 30.4% | CPU 85.8% | GPU 61.0% | Batch 14/27 (42 tickers)
[2026-04-08 02:11:24 UTC] RAM 30.5% | CPU 90.2% | GPU 8.0% | Batch 14/27 (42 tickers)
[2026-04-08 02:12:25 UTC] RAM 30.4% | CPU 78.2% | GPU 42.0% | Batch 14/27 (42 tickers)
[2026-04-08 02:13:26 UTC] RAM 27.0% | CPU 95.0% | GPU 50.0% | Batch 14/27 (42 tickers)
[2026-04-08 02:14:27 UTC] RAM 27.0% | CPU 93.9% | GPU 16.0% | Batch 14/27 (42 tickers)
[2026-04-08 02:15:28 UTC] RAM 27.1% | CPU 80.9% | GPU 3.0% | Batch 14/27 (42 tickers)
[2026-04-08 02:16:30 UTC] RAM 27.1% | CPU 89.0% | GPU 12.0% | Batch 14/27 (42 tickers)
[2026-04-08 02:17:31 UTC] RAM 27.1% | CPU 81.8% | GPU 20.0% | Batch 14/27 (42 tickers)
[2026-04-08 02:18:32 UTC] RAM 27.0% | CPU 92.6% | GPU 22.0% | Batch 14/27 (42 tickers)
[2026-04-08 02:19:33 UTC] RAM 27.1% | CPU 85.9% | GPU 9.0% | Batch 14/27 (42 tickers)
[2026-04-08 02:20:34 UTC] RAM 27.1% | CPU 88.2% | GPU 59.0% | Batch 14/27 (42 tickers)
[2026-04-08 02:21:36 UTC] RAM 27.2% | CPU 94.1% | GPU 3.0% | Batch 14/27 (42 tickers)
[2026-04-08 02:22:37 UTC] RAM 27.1% | CPU 93.0% | GPU 5.0% | Batch 14/27 (42 tickers)
[2026-04-08 02:23:38 UTC] RAM 27.2% | CPU 85.7% | GPU 3.0% | Batch 14/27 (42 tickers)
[2026-04-08 02:24:39 UTC] RAM 27.1% | CPU 83.6% | GPU 3.0% | Batch 14/27 (42 tickers)
[2026-04-08 02:25:41 UTC] RAM 27.1% | CPU 79.5% | GPU 6.0% | Batch 14/27 (42 tickers)
[2026-04-08 02:26:42 UTC] RAM 27.1% | CPU 89.1% | GPU 26.0% | Batch 14/27 (42 tickers)
[2026-04-08 02:27:43 UTC] RAM 27.1% | CPU 80.3% | GPU 20.0% | Batch 14/27 (42 tickers)
[2026-04-08 02:28:44 UTC] RAM 27.1% | CPU 90.6% | GPU 8.0% | Batch 14/27 (42 tickers)
[2026-04-08 02:29:45 UTC] RAM 27.1% | CPU 85.0% | GPU 5.0% | Batch 14/27 (42 tickers)
[2026-04-08 02:30:47 UTC] RAM 27.1% | CPU 64.2% | GPU 74.0% | Batch 14/27 (42 tickers)
[2026-04-08 02:31:48 UTC] RAM 27.2% | CPU 82.1% | GPU 25.0% | Batch 14/27 (42 tickers)
[2026-04-08 02:32:49 UTC] RAM 27.1% | CPU 81.5% | GPU 3.0% | Batch 14/27 (42 tickers)
[2026-04-08 02:33:50 UTC] RAM 27.1% | CPU 82.7% | GPU 16.0% | Batch 14/27 (42 tickers)
[2026-04-08 02:34:51 UTC] RAM 27.1% | CPU 66.9% | GPU 2.0% | Batch 14/27 (42 tickers)
[2026-04-08 02:35:52 UTC] RAM 27.1% | CPU 86.1% | GPU 2.0% | Batch 14/27 (42 tickers)
[2026-04-08 02:36:54 UTC] RAM 27.2% | CPU 85.2% | GPU 27.0% | Batch 14/27 (42 tickers)
[2026-04-08 02:37:55 UTC] RAM 27.2% | CPU 68.3% | GPU 65.0% | Batch 14/27 (42 tickers)
[2026-04-08 02:38:56 UTC] RAM 27.2% | CPU 88.0% | GPU 3.0% | Batch 14/27 (42 tickers)
[2026-04-08 02:39:57 UTC] RAM 18.4% | CPU 8.1% | GPU 3.0% | Batch 15/27 (45 tickers)
[2026-04-08 02:40:58 UTC] RAM 25.1% | CPU 86.2% | GPU 6.0% | Batch 15/27 (45 tickers)
[2026-04-08 02:41:59 UTC] RAM 25.3% | CPU 67.2% | GPU 85.0% | Batch 15/27 (45 tickers)
[2026-04-08 02:43:01 UTC] RAM 25.3% | CPU 81.6% | GPU 46.0% | Batch 15/27 (45 tickers)
[2026-04-08 02:44:02 UTC] RAM 25.4% | CPU 84.1% | GPU 6.0% | Batch 15/27 (45 tickers)
[2026-04-08 02:45:03 UTC] RAM 25.6% | CPU 90.1% | GPU 18.0% | Batch 15/27 (45 tickers)
[2026-04-08 02:46:04 UTC] RAM 25.6% | CPU 80.7% | GPU 23.0% | Batch 15/27 (45 tickers)
[2026-04-08 02:47:05 UTC] RAM 25.6% | CPU 75.4% | GPU 38.0% | Batch 15/27 (45 tickers)
[2026-04-08 02:48:07 UTC] RAM 25.6% | CPU 88.4% | GPU 8.0% | Batch 15/27 (45 tickers)
[2026-04-08 02:49:08 UTC] RAM 25.8% | CPU 86.1% | GPU 11.0% | Batch 15/27 (45 tickers)
[2026-04-08 02:50:09 UTC] RAM 25.8% | CPU 72.8% | GPU 2.0% | Batch 15/27 (45 tickers)
[2026-04-08 02:51:10 UTC] RAM 25.8% | CPU 91.6% | GPU 3.0% | Batch 15/27 (45 tickers)
[2026-04-08 02:52:11 UTC] RAM 27.3% | CPU 65.1% | GPU 5.0% | Batch 15/27 (45 tickers)
[2026-04-08 02:53:13 UTC] RAM 27.4% | CPU 83.2% | GPU 3.0% | Batch 15/27 (45 tickers)
[2026-04-08 02:54:14 UTC] RAM 27.4% | CPU 86.3% | GPU 15.0% | Batch 15/27 (45 tickers)
[2026-04-08 02:55:15 UTC] RAM 27.3% | CPU 86.8% | GPU 52.0% | Batch 15/27 (45 tickers)
[2026-04-08 02:56:16 UTC] RAM 27.3% | CPU 91.2% | GPU 24.0% | Batch 15/27 (45 tickers)
[2026-04-08 02:57:17 UTC] RAM 27.4% | CPU 90.9% | GPU 33.0% | Batch 15/27 (45 tickers)
[2026-04-08 02:58:18 UTC] RAM 27.4% | CPU 77.2% | GPU 75.0% | Batch 15/27 (45 tickers)
[2026-04-08 02:59:20 UTC] RAM 27.5% | CPU 87.0% | GPU 12.0% | Batch 15/27 (45 tickers)
[2026-04-08 03:00:21 UTC] RAM 27.6% | CPU 90.1% | GPU 3.0% | Batch 15/27 (45 tickers)
[2026-04-08 03:01:22 UTC] RAM 27.6% | CPU 94.3% | GPU 2.0% | Batch 15/27 (45 tickers)
[2026-04-08 03:02:23 UTC] RAM 27.6% | CPU 90.2% | GPU 67.0% | Batch 15/27 (45 tickers)
[2026-04-08 03:03:24 UTC] RAM 27.6% | CPU 79.5% | GPU 68.0% | Batch 15/27 (45 tickers)
[2026-04-08 03:04:25 UTC] RAM 27.8% | CPU 94.0% | GPU 6.0% | Batch 15/27 (45 tickers)
[2026-04-08 03:05:26 UTC] RAM 27.7% | CPU 97.6% | GPU 5.0% | Batch 15/27 (45 tickers)
[2026-04-08 03:06:27 UTC] RAM 27.9% | CPU 74.8% | GPU 2.0% | Batch 15/27 (45 tickers)
[2026-04-08 03:07:29 UTC] RAM 27.9% | CPU 96.9% | GPU 2.0% | Batch 15/27 (45 tickers)
[2026-04-08 03:08:30 UTC] RAM 27.9% | CPU 96.2% | GPU 27.0% | Batch 15/27 (45 tickers)
[2026-04-08 03:09:32 UTC] RAM 28.0% | CPU 94.8% | GPU 14.0% | Batch 15/27 (45 tickers)
[2026-04-08 03:10:33 UTC] RAM 28.0% | CPU 82.6% | GPU 59.0% | Batch 15/27 (45 tickers)
[2026-04-08 03:11:34 UTC] RAM 28.0% | CPU 82.5% | GPU 15.0% | Batch 15/27 (45 tickers)
[2026-04-08 03:12:35 UTC] RAM 28.3% | CPU 88.9% | GPU 4.0% | Batch 15/27 (45 tickers)
[2026-04-08 03:13:36 UTC] RAM 28.3% | CPU 63.8% | GPU 2.0% | Batch 15/27 (45 tickers)
[2026-04-08 03:14:38 UTC] RAM 28.1% | CPU 86.4% | GPU 5.0% | Batch 15/27 (45 tickers)
[2026-04-08 03:15:39 UTC] RAM 28.3% | CPU 84.1% | GPU 4.0% | Batch 15/27 (45 tickers)
[2026-04-08 03:16:40 UTC] RAM 28.2% | CPU 86.7% | GPU 7.0% | Batch 15/27 (45 tickers)
[2026-04-08 03:17:41 UTC] RAM 28.2% | CPU 92.8% | GPU 12.0% | Batch 15/27 (45 tickers)
[2026-04-08 03:18:42 UTC] RAM 28.3% | CPU 75.0% | GPU 55.0% | Batch 15/27 (45 tickers)
[2026-04-08 03:19:43 UTC] RAM 28.3% | CPU 85.9% | GPU 23.0% | Batch 15/27 (45 tickers)
[2026-04-08 03:20:45 UTC] RAM 28.5% | CPU 94.7% | GPU 5.0% | Batch 15/27 (45 tickers)
[2026-04-08 03:21:46 UTC] RAM 28.4% | CPU 65.0% | GPU 85.0% | Batch 15/27 (45 tickers)
[2026-04-08 03:22:47 UTC] RAM 28.5% | CPU 74.5% | GPU 3.0% | Batch 15/27 (45 tickers)
[2026-04-08 03:23:48 UTC] RAM 28.6% | CPU 86.1% | GPU 26.0% | Batch 15/27 (45 tickers)
[2026-04-08 03:24:50 UTC] RAM 28.7% | CPU 89.2% | GPU 43.0% | Batch 15/27 (45 tickers)
[2026-04-08 03:25:51 UTC] RAM 28.9% | CPU 89.6% | GPU 10.0% | Batch 15/27 (45 tickers)
[2026-04-08 03:26:52 UTC] RAM 29.1% | CPU 89.6% | GPU 13.0% | Batch 15/27 (45 tickers)
[2026-04-08 03:27:53 UTC] RAM 28.9% | CPU 95.9% | GPU 12.0% | Batch 15/27 (45 tickers)
[2026-04-08 03:28:54 UTC] RAM 29.1% | CPU 89.5% | GPU 12.0% | Batch 15/27 (45 tickers)
[2026-04-08 03:29:55 UTC] RAM 29.0% | CPU 89.7% | GPU 70.0% | Batch 15/27 (45 tickers)
[2026-04-08 03:30:57 UTC] RAM 29.2% | CPU 91.3% | GPU 12.0% | Batch 15/27 (45 tickers)
[2026-04-08 03:31:58 UTC] RAM 29.1% | CPU 87.0% | GPU 20.0% | Batch 15/27 (45 tickers)
[2026-04-08 03:32:59 UTC] RAM 29.2% | CPU 95.7% | GPU 59.0% | Batch 15/27 (45 tickers)
[2026-04-08 03:34:00 UTC] RAM 29.2% | CPU 95.4% | GPU 19.0% | Batch 15/27 (45 tickers)
[2026-04-08 03:35:02 UTC] RAM 29.2% | CPU 85.7% | GPU 33.0% | Batch 15/27 (45 tickers)
[2026-04-08 03:36:03 UTC] RAM 29.3% | CPU 90.9% | GPU 63.0% | Batch 15/27 (45 tickers)
[2026-04-08 03:37:04 UTC] RAM 29.5% | CPU 94.3% | GPU 6.0% | Batch 15/27 (45 tickers)
[2026-04-08 03:38:05 UTC] RAM 29.4% | CPU 93.0% | GPU 6.0% | Batch 15/27 (45 tickers)
[2026-04-08 03:39:06 UTC] RAM 29.5% | CPU 87.3% | GPU 5.0% | Batch 15/27 (45 tickers)
[2026-04-08 03:40:07 UTC] RAM 29.3% | CPU 90.7% | GPU 14.0% | Batch 15/27 (45 tickers)
[2026-04-08 03:41:09 UTC] RAM 29.5% | CPU 82.9% | GPU 5.0% | Batch 15/27 (45 tickers)
[2026-04-08 03:42:10 UTC] RAM 29.5% | CPU 87.0% | GPU 5.0% | Batch 15/27 (45 tickers)
[2026-04-08 03:43:11 UTC] RAM 29.4% | CPU 69.2% | GPU 6.0% | Batch 15/27 (45 tickers)
[2026-04-08 03:44:13 UTC] RAM 29.5% | CPU 87.9% | GPU 9.0% | Batch 15/27 (45 tickers)
[2026-04-08 03:45:14 UTC] RAM 29.5% | CPU 82.4% | GPU 25.0% | Batch 15/27 (45 tickers)
[2026-04-08 03:46:15 UTC] RAM 29.4% | CPU 86.3% | GPU 58.0% | Batch 15/27 (45 tickers)
[2026-04-08 03:47:16 UTC] RAM 29.4% | CPU 90.5% | GPU 37.0% | Batch 15/27 (45 tickers)
[2026-04-08 03:48:17 UTC] RAM 29.5% | CPU 86.2% | GPU 8.0% | Batch 15/27 (45 tickers)
[2026-04-08 03:49:19 UTC] RAM 29.5% | CPU 90.7% | GPU 28.0% | Batch 15/27 (45 tickers)
[2026-04-08 03:50:20 UTC] RAM 29.5% | CPU 94.5% | GPU 32.0% | Batch 15/27 (45 tickers)
[2026-04-08 03:51:21 UTC] RAM 29.4% | CPU 84.0% | GPU 73.0% | Batch 15/27 (45 tickers)
[2026-04-08 03:52:22 UTC] RAM 29.5% | CPU 64.2% | GPU 5.0% | Batch 15/27 (45 tickers)
[2026-04-08 03:53:23 UTC] RAM 29.5% | CPU 87.7% | GPU 13.0% | Batch 15/27 (45 tickers)
[2026-04-08 03:54:24 UTC] RAM 29.5% | CPU 93.8% | GPU 14.0% | Batch 15/27 (45 tickers)
[2026-04-08 03:55:26 UTC] RAM 29.5% | CPU 91.4% | GPU 5.0% | Batch 15/27 (45 tickers)
[2026-04-08 03:56:27 UTC] RAM 29.5% | CPU 88.7% | GPU 33.0% | Batch 15/27 (45 tickers)
[2026-04-08 03:57:28 UTC] RAM 29.5% | CPU 80.2% | GPU 18.0% | Batch 15/27 (45 tickers)
[2026-04-08 03:58:29 UTC] RAM 29.6% | CPU 88.6% | GPU 3.0% | Batch 15/27 (45 tickers)
[2026-04-08 03:59:31 UTC] RAM 29.5% | CPU 97.9% | GPU 6.0% | Batch 15/27 (45 tickers)
[2026-04-08 04:00:32 UTC] RAM 29.7% | CPU 80.6% | GPU 47.0% | Batch 15/27 (45 tickers)
[2026-04-08 04:01:33 UTC] RAM 29.7% | CPU 67.1% | GPU 2.0% | Batch 15/27 (45 tickers)
[2026-04-08 04:02:34 UTC] RAM 29.6% | CPU 96.2% | GPU 12.0% | Batch 15/27 (45 tickers)
[2026-04-08 04:03:35 UTC] RAM 29.6% | CPU 97.4% | GPU 13.0% | Batch 15/27 (45 tickers)
[2026-04-08 04:04:37 UTC] RAM 29.9% | CPU 89.2% | GPU 2.0% | Batch 15/27 (45 tickers)
[2026-04-08 04:05:38 UTC] RAM 29.7% | CPU 91.3% | GPU 28.0% | Batch 15/27 (45 tickers)
[2026-04-08 04:06:39 UTC] RAM 29.7% | CPU 92.3% | GPU 7.0% | Batch 15/27 (45 tickers)
[2026-04-08 04:07:40 UTC] RAM 29.7% | CPU 87.6% | GPU 13.0% | Batch 15/27 (45 tickers)
[2026-04-08 04:08:41 UTC] RAM 29.7% | CPU 79.6% | GPU 64.0% | Batch 15/27 (45 tickers)
[2026-04-08 04:09:43 UTC] RAM 29.8% | CPU 96.5% | GPU 12.0% | Batch 15/27 (45 tickers)
[2026-04-08 04:10:44 UTC] RAM 29.8% | CPU 97.4% | GPU 6.0% | Batch 15/27 (45 tickers)
[2026-04-08 04:11:45 UTC] RAM 29.7% | CPU 98.4% | GPU 10.0% | Batch 15/27 (45 tickers)
[2026-04-08 04:12:46 UTC] RAM 29.8% | CPU 94.6% | GPU 15.0% | Batch 15/27 (45 tickers)
[2026-04-08 04:13:47 UTC] RAM 29.9% | CPU 89.2% | GPU 7.0% | Batch 15/27 (45 tickers)
[2026-04-08 04:14:48 UTC] RAM 27.4% | CPU 76.0% | GPU 9.0% | Batch 16/27 (48 tickers)
[2026-04-08 04:15:50 UTC] RAM 28.0% | CPU 69.4% | GPU 40.0% | Batch 16/27 (48 tickers)
[2026-04-08 04:16:51 UTC] RAM 28.1% | CPU 85.3% | GPU 38.0% | Batch 16/27 (48 tickers)
[2026-04-08 04:17:52 UTC] RAM 28.2% | CPU 90.8% | GPU 53.0% | Batch 16/27 (48 tickers)
[2026-04-08 04:18:53 UTC] RAM 28.3% | CPU 68.6% | GPU 50.0% | Batch 16/27 (48 tickers)
[2026-04-08 04:19:54 UTC] RAM 28.4% | CPU 80.5% | GPU 35.0% | Batch 16/27 (48 tickers)
[2026-04-08 04:20:55 UTC] RAM 28.4% | CPU 88.2% | GPU 67.0% | Batch 16/27 (48 tickers)
[2026-04-08 04:21:57 UTC] RAM 28.5% | CPU 88.2% | GPU 48.0% | Batch 16/27 (48 tickers)
[2026-04-08 04:22:58 UTC] RAM 28.5% | CPU 89.8% | GPU 23.0% | Batch 16/27 (48 tickers)
[2026-04-08 04:23:59 UTC] RAM 28.6% | CPU 86.1% | GPU 44.0% | Batch 16/27 (48 tickers)
[2026-04-08 04:25:00 UTC] RAM 28.7% | CPU 88.1% | GPU 67.0% | Batch 16/27 (48 tickers)
[2026-04-08 04:26:02 UTC] RAM 28.8% | CPU 81.9% | GPU 26.0% | Batch 16/27 (48 tickers)
[2026-04-08 04:27:03 UTC] RAM 28.9% | CPU 92.6% | GPU 6.0% | Batch 16/27 (48 tickers)
[2026-04-08 04:28:04 UTC] RAM 28.9% | CPU 94.8% | GPU 6.0% | Batch 16/27 (48 tickers)
[2026-04-08 04:29:05 UTC] RAM 28.9% | CPU 89.8% | GPU 10.0% | Batch 16/27 (48 tickers)
[2026-04-08 04:30:07 UTC] RAM 28.9% | CPU 86.1% | GPU 10.0% | Batch 16/27 (48 tickers)
[2026-04-08 04:31:08 UTC] RAM 29.0% | CPU 93.4% | GPU 9.0% | Batch 16/27 (48 tickers)
[2026-04-08 04:32:09 UTC] RAM 29.1% | CPU 93.7% | GPU 16.0% | Batch 16/27 (48 tickers)
[2026-04-08 04:33:10 UTC] RAM 29.2% | CPU 93.7% | GPU 26.0% | Batch 16/27 (48 tickers)
[2026-04-08 04:34:11 UTC] RAM 29.2% | CPU 92.0% | GPU 44.0% | Batch 16/27 (48 tickers)
[2026-04-08 04:35:12 UTC] RAM 29.3% | CPU 91.2% | GPU 6.0% | Batch 16/27 (48 tickers)
[2026-04-08 04:36:13 UTC] RAM 29.3% | CPU 63.2% | GPU 6.0% | Batch 16/27 (48 tickers)
[2026-04-08 04:37:15 UTC] RAM 29.4% | CPU 95.8% | GPU 26.0% | Batch 16/27 (48 tickers)
[2026-04-08 04:38:16 UTC] RAM 29.5% | CPU 85.9% | GPU 7.0% | Batch 16/27 (48 tickers)
[2026-04-08 04:39:17 UTC] RAM 29.5% | CPU 92.6% | GPU 6.0% | Batch 16/27 (48 tickers)
[2026-04-08 04:40:18 UTC] RAM 29.4% | CPU 98.9% | GPU 6.0% | Batch 16/27 (48 tickers)
[2026-04-08 04:41:19 UTC] RAM 29.6% | CPU 86.4% | GPU 9.0% | Batch 16/27 (48 tickers)
[2026-04-08 04:42:20 UTC] RAM 29.6% | CPU 85.7% | GPU 29.0% | Batch 16/27 (48 tickers)
[2026-04-08 04:43:22 UTC] RAM 29.6% | CPU 98.8% | GPU 7.0% | Batch 16/27 (48 tickers)
[2026-04-08 04:44:23 UTC] RAM 29.7% | CPU 93.0% | GPU 7.0% | Batch 16/27 (48 tickers)
[2026-04-08 04:45:24 UTC] RAM 29.7% | CPU 83.7% | GPU 19.0% | Batch 16/27 (48 tickers)
[2026-04-08 04:46:25 UTC] RAM 29.7% | CPU 73.1% | GPU 90.0% | Batch 16/27 (48 tickers)
[2026-04-08 04:47:26 UTC] RAM 29.8% | CPU 87.7% | GPU 7.0% | Batch 16/27 (48 tickers)
[2026-04-08 04:48:28 UTC] RAM 29.8% | CPU 80.1% | GPU 16.0% | Batch 16/27 (48 tickers)
[2026-04-08 04:49:29 UTC] RAM 29.8% | CPU 80.3% | GPU 66.0% | Batch 16/27 (48 tickers)
[2026-04-08 04:50:30 UTC] RAM 29.9% | CPU 85.3% | GPU 9.0% | Batch 16/27 (48 tickers)
[2026-04-08 04:51:31 UTC] RAM 29.8% | CPU 87.2% | GPU 32.0% | Batch 16/27 (48 tickers)
[2026-04-08 04:52:32 UTC] RAM 29.8% | CPU 87.7% | GPU 20.0% | Batch 16/27 (48 tickers)
[2026-04-08 04:53:34 UTC] RAM 29.9% | CPU 89.4% | GPU 24.0% | Batch 16/27 (48 tickers)
[2026-04-08 04:54:35 UTC] RAM 30.1% | CPU 73.6% | GPU 3.0% | Batch 16/27 (48 tickers)
[2026-04-08 04:55:36 UTC] RAM 30.0% | CPU 89.6% | GPU 3.0% | Batch 16/27 (48 tickers)
[2026-04-08 04:56:37 UTC] RAM 30.1% | CPU 84.2% | GPU 2.0% | Batch 16/27 (48 tickers)
[2026-04-08 04:57:38 UTC] RAM 30.0% | CPU 96.1% | GPU 38.0% | Batch 16/27 (48 tickers)
[2026-04-08 04:58:39 UTC] RAM 30.1% | CPU 92.9% | GPU 2.0% | Batch 16/27 (48 tickers)
[2026-04-08 04:59:41 UTC] RAM 29.7% | CPU 62.1% | GPU 8.0% | Batch 16/27 (48 tickers)
[2026-04-08 05:00:42 UTC] RAM 29.7% | CPU 91.6% | GPU 8.0% | Batch 16/27 (48 tickers)
[2026-04-08 05:01:43 UTC] RAM 29.8% | CPU 89.1% | GPU 4.0% | Batch 16/27 (48 tickers)
[2026-04-08 05:02:44 UTC] RAM 29.8% | CPU 70.3% | GPU 6.0% | Batch 16/27 (48 tickers)
[2026-04-08 05:03:45 UTC] RAM 29.9% | CPU 89.0% | GPU 65.0% | Batch 16/27 (48 tickers)
[2026-04-08 05:04:46 UTC] RAM 29.9% | CPU 83.9% | GPU 2.0% | Batch 16/27 (48 tickers)
[2026-04-08 05:05:47 UTC] RAM 29.9% | CPU 63.9% | GPU 70.0% | Batch 16/27 (48 tickers)
[2026-04-08 05:06:49 UTC] RAM 29.9% | CPU 92.9% | GPU 73.0% | Batch 16/27 (48 tickers)
[2026-04-08 05:07:50 UTC] RAM 30.0% | CPU 94.3% | GPU 29.0% | Batch 16/27 (48 tickers)
[2026-04-08 05:08:51 UTC] RAM 29.9% | CPU 98.7% | GPU 3.0% | Batch 16/27 (48 tickers)
[2026-04-08 05:09:52 UTC] RAM 29.9% | CPU 71.4% | GPU 9.0% | Batch 16/27 (48 tickers)
[2026-04-08 05:10:53 UTC] RAM 29.9% | CPU 93.6% | GPU 2.0% | Batch 16/27 (48 tickers)
[2026-04-08 05:11:54 UTC] RAM 30.0% | CPU 94.9% | GPU 62.0% | Batch 16/27 (48 tickers)
[2026-04-08 05:12:56 UTC] RAM 30.0% | CPU 68.2% | GPU 7.0% | Batch 16/27 (48 tickers)
[2026-04-08 05:13:57 UTC] RAM 30.1% | CPU 94.2% | GPU 10.0% | Batch 16/27 (48 tickers)
[2026-04-08 05:14:58 UTC] RAM 30.1% | CPU 91.4% | GPU 3.0% | Batch 16/27 (48 tickers)
[2026-04-08 05:15:59 UTC] RAM 30.1% | CPU 90.5% | GPU 3.0% | Batch 16/27 (48 tickers)
[2026-04-08 05:17:00 UTC] RAM 30.2% | CPU 93.8% | GPU 6.0% | Batch 16/27 (48 tickers)
[2026-04-08 05:18:01 UTC] RAM 30.3% | CPU 90.9% | GPU 3.0% | Batch 16/27 (48 tickers)
[2026-04-08 05:19:03 UTC] RAM 30.2% | CPU 78.6% | GPU 70.0% | Batch 16/27 (48 tickers)
[2026-04-08 05:20:04 UTC] RAM 30.3% | CPU 91.1% | GPU 5.0% | Batch 16/27 (48 tickers)
[2026-04-08 05:21:05 UTC] RAM 30.2% | CPU 91.6% | GPU 9.0% | Batch 16/27 (48 tickers)
[2026-04-08 05:22:06 UTC] RAM 30.2% | CPU 85.1% | GPU 9.0% | Batch 16/27 (48 tickers)
[2026-04-08 05:23:07 UTC] RAM 30.3% | CPU 89.9% | GPU 2.0% | Batch 16/27 (48 tickers)
[2026-04-08 05:24:08 UTC] RAM 30.2% | CPU 81.2% | GPU 5.0% | Batch 16/27 (48 tickers)
[2026-04-08 05:25:09 UTC] RAM 30.2% | CPU 78.2% | GPU 3.0% | Batch 16/27 (48 tickers)
[2026-04-08 05:26:11 UTC] RAM 30.2% | CPU 93.6% | GPU 9.0% | Batch 16/27 (48 tickers)
[2026-04-08 05:27:12 UTC] RAM 30.2% | CPU 67.5% | GPU 3.0% | Batch 16/27 (48 tickers)
[2026-04-08 05:28:13 UTC] RAM 30.3% | CPU 89.9% | GPU 5.0% | Batch 16/27 (48 tickers)
[2026-04-08 05:29:14 UTC] RAM 30.2% | CPU 95.1% | GPU 20.0% | Batch 16/27 (48 tickers)
[2026-04-08 05:30:15 UTC] RAM 30.2% | CPU 66.3% | GPU 29.0% | Batch 16/27 (48 tickers)
[2026-04-08 05:31:16 UTC] RAM 30.2% | CPU 96.4% | GPU 7.0% | Batch 16/27 (48 tickers)
[2026-04-08 05:32:17 UTC] RAM 30.2% | CPU 65.1% | GPU 3.0% | Batch 16/27 (48 tickers)
[2026-04-08 05:33:19 UTC] RAM 30.2% | CPU 81.0% | GPU 16.0% | Batch 16/27 (48 tickers)
[2026-04-08 05:34:20 UTC] RAM 30.4% | CPU 80.4% | GPU 6.0% | Batch 16/27 (48 tickers)
[2026-04-08 05:35:21 UTC] RAM 30.3% | CPU 87.0% | GPU 48.0% | Batch 16/27 (48 tickers)
[2026-04-08 05:36:22 UTC] RAM 30.4% | CPU 87.8% | GPU 5.0% | Batch 16/27 (48 tickers)
[2026-04-08 05:37:23 UTC] RAM 30.3% | CPU 68.4% | GPU 4.0% | Batch 16/27 (48 tickers)
[2026-04-08 05:38:24 UTC] RAM 30.5% | CPU 82.1% | GPU 3.0% | Batch 16/27 (48 tickers)
[2026-04-08 05:39:26 UTC] RAM 30.4% | CPU 76.2% | GPU 2.0% | Batch 16/27 (48 tickers)
[2026-04-08 05:40:27 UTC] RAM 30.3% | CPU 91.8% | GPU 5.0% | Batch 16/27 (48 tickers)
[2026-04-08 05:41:28 UTC] RAM 30.4% | CPU 93.7% | GPU 19.0% | Batch 16/27 (48 tickers)
[2026-04-08 05:42:29 UTC] RAM 30.5% | CPU 73.1% | GPU 28.0% | Batch 16/27 (48 tickers)
[2026-04-08 05:43:30 UTC] RAM 30.7% | CPU 91.4% | GPU 19.0% | Batch 16/27 (48 tickers)
[2026-04-08 05:44:31 UTC] RAM 30.5% | CPU 90.1% | GPU 35.0% | Batch 16/27 (48 tickers)
[2026-04-08 05:45:33 UTC] RAM 30.7% | CPU 61.9% | GPU 9.0% | Batch 16/27 (48 tickers)
[2026-04-08 05:46:34 UTC] RAM 30.6% | CPU 97.5% | GPU 6.0% | Batch 16/27 (48 tickers)
[2026-04-08 05:47:35 UTC] RAM 31.8% | CPU 66.3% | GPU 38.0% | Batch 16/27 (48 tickers)
[2026-04-08 05:48:36 UTC] RAM 31.4% | CPU 96.0% | GPU 23.0% | Batch 16/27 (48 tickers)
[2026-04-08 05:49:37 UTC] RAM 31.9% | CPU 98.0% | GPU 8.0% | Batch 16/27 (48 tickers)
[2026-04-08 05:50:39 UTC] RAM 29.8% | CPU 83.8% | GPU 53.0% | Batch 17/27 (51 tickers)
[2026-04-08 05:51:40 UTC] RAM 30.0% | CPU 88.7% | GPU 22.0% | Batch 17/27 (51 tickers)
[2026-04-08 05:52:41 UTC] RAM 30.1% | CPU 90.6% | GPU 7.0% | Batch 17/27 (51 tickers)
[2026-04-08 05:53:42 UTC] RAM 30.5% | CPU 89.7% | GPU 4.0% | Batch 17/27 (51 tickers)
[2026-04-08 05:54:43 UTC] RAM 30.0% | CPU 92.2% | GPU 16.0% | Batch 17/27 (51 tickers)
[2026-04-08 05:55:44 UTC] RAM 30.6% | CPU 85.1% | GPU 7.0% | Batch 17/27 (51 tickers)
[2026-04-08 05:56:45 UTC] RAM 30.5% | CPU 86.2% | GPU 4.0% | Batch 17/27 (51 tickers)
[2026-04-08 05:57:47 UTC] RAM 30.6% | CPU 84.2% | GPU 5.0% | Batch 17/27 (51 tickers)
[2026-04-08 05:58:48 UTC] RAM 30.5% | CPU 64.1% | GPU 7.0% | Batch 17/27 (51 tickers)
[2026-04-08 05:59:49 UTC] RAM 30.2% | CPU 64.7% | GPU 3.0% | Batch 17/27 (51 tickers)
[2026-04-08 06:00:50 UTC] RAM 30.3% | CPU 87.9% | GPU 0.0% | Batch 17/27 (51 tickers)
[2026-04-08 06:01:51 UTC] RAM 30.4% | CPU 60.9% | GPU 18.0% | Batch 17/27 (51 tickers)
[2026-04-08 06:02:52 UTC] RAM 30.3% | CPU 78.4% | GPU 16.0% | Batch 17/27 (51 tickers)
[2026-04-08 06:03:53 UTC] RAM 30.4% | CPU 85.4% | GPU 21.0% | Batch 17/27 (51 tickers)
[2026-04-08 06:04:55 UTC] RAM 30.5% | CPU 86.0% | GPU 18.0% | Batch 17/27 (51 tickers)
[2026-04-08 06:05:56 UTC] RAM 30.5% | CPU 66.5% | GPU 2.0% | Batch 17/27 (51 tickers)
[2026-04-08 06:06:57 UTC] RAM 30.5% | CPU 81.9% | GPU 59.0% | Batch 17/27 (51 tickers)
[2026-04-08 06:07:58 UTC] RAM 30.6% | CPU 80.8% | GPU 3.0% | Batch 17/27 (51 tickers)
[2026-04-08 06:08:59 UTC] RAM 30.7% | CPU 83.6% | GPU 0.0% | Batch 17/27 (51 tickers)
[2026-04-08 06:10:00 UTC] RAM 30.8% | CPU 88.5% | GPU 25.0% | Batch 17/27 (51 tickers)
[2026-04-08 06:11:01 UTC] RAM 30.8% | CPU 93.1% | GPU 1.0% | Batch 17/27 (51 tickers)
[2026-04-08 06:12:03 UTC] RAM 30.9% | CPU 93.6% | GPU 2.0% | Batch 17/27 (51 tickers)
[2026-04-08 06:13:04 UTC] RAM 30.9% | CPU 73.6% | GPU 19.0% | Batch 17/27 (51 tickers)
[2026-04-08 06:14:05 UTC] RAM 31.0% | CPU 64.1% | GPU 22.0% | Batch 17/27 (51 tickers)
[2026-04-08 06:15:06 UTC] RAM 30.9% | CPU 82.0% | GPU 5.0% | Batch 17/27 (51 tickers)
[2026-04-08 06:16:07 UTC] RAM 30.9% | CPU 66.9% | GPU 2.0% | Batch 17/27 (51 tickers)
[2026-04-08 06:17:08 UTC] RAM 30.9% | CPU 78.0% | GPU 7.0% | Batch 17/27 (51 tickers)
[2026-04-08 06:18:09 UTC] RAM 30.9% | CPU 85.9% | GPU 15.0% | Batch 17/27 (51 tickers)
[2026-04-08 06:19:11 UTC] RAM 31.0% | CPU 79.4% | GPU 18.0% | Batch 17/27 (51 tickers)
[2026-04-08 06:20:12 UTC] RAM 30.9% | CPU 90.1% | GPU 12.0% | Batch 17/27 (51 tickers)
[2026-04-08 06:21:13 UTC] RAM 30.9% | CPU 82.4% | GPU 18.0% | Batch 17/27 (51 tickers)
[2026-04-08 06:22:14 UTC] RAM 30.9% | CPU 72.3% | GPU 21.0% | Batch 17/27 (51 tickers)
[2026-04-08 06:23:15 UTC] RAM 31.0% | CPU 84.3% | GPU 15.0% | Batch 17/27 (51 tickers)
[2026-04-08 06:24:16 UTC] RAM 30.9% | CPU 88.7% | GPU 18.0% | Batch 17/27 (51 tickers)
[2026-04-08 06:25:18 UTC] RAM 31.0% | CPU 68.3% | GPU 21.0% | Batch 17/27 (51 tickers)
[2026-04-08 06:26:19 UTC] RAM 31.0% | CPU 92.2% | GPU 20.0% | Batch 17/27 (51 tickers)
[2026-04-08 06:27:20 UTC] RAM 31.1% | CPU 68.6% | GPU 24.0% | Batch 17/27 (51 tickers)
[2026-04-08 06:28:21 UTC] RAM 31.1% | CPU 72.3% | GPU 84.0% | Batch 17/27 (51 tickers)
[2026-04-08 06:29:22 UTC] RAM 31.2% | CPU 87.8% | GPU 0.0% | Batch 17/27 (51 tickers)
[2026-04-08 06:30:23 UTC] RAM 31.2% | CPU 91.1% | GPU 0.0% | Batch 17/27 (51 tickers)
[2026-04-08 06:31:24 UTC] RAM 31.3% | CPU 80.7% | GPU 0.0% | Batch 17/27 (51 tickers)
[2026-04-08 06:32:26 UTC] RAM 31.2% | CPU 85.9% | GPU 19.0% | Batch 17/27 (51 tickers)
[2026-04-08 06:33:27 UTC] RAM 31.2% | CPU 73.8% | GPU 6.0% | Batch 17/27 (51 tickers)
[2026-04-08 06:34:28 UTC] RAM 31.2% | CPU 68.1% | GPU 49.0% | Batch 17/27 (51 tickers)
[2026-04-08 06:35:29 UTC] RAM 31.2% | CPU 79.0% | GPU 17.0% | Batch 17/27 (51 tickers)
[2026-04-08 06:36:30 UTC] RAM 31.1% | CPU 82.9% | GPU 9.0% | Batch 17/27 (51 tickers)
[2026-04-08 06:37:31 UTC] RAM 31.2% | CPU 66.5% | GPU 1.0% | Batch 17/27 (51 tickers)
[2026-04-08 06:38:32 UTC] RAM 31.1% | CPU 80.0% | GPU 15.0% | Batch 17/27 (51 tickers)
[2026-04-08 06:39:34 UTC] RAM 31.2% | CPU 87.9% | GPU 1.0% | Batch 17/27 (51 tickers)
[2026-04-08 06:40:35 UTC] RAM 31.2% | CPU 84.3% | GPU 3.0% | Batch 17/27 (51 tickers)
[2026-04-08 06:41:36 UTC] RAM 31.2% | CPU 70.1% | GPU 0.0% | Batch 17/27 (51 tickers)
[2026-04-08 06:42:37 UTC] RAM 31.2% | CPU 89.5% | GPU 0.0% | Batch 17/27 (51 tickers)
[2026-04-08 06:43:38 UTC] RAM 31.3% | CPU 69.5% | GPU 0.0% | Batch 17/27 (51 tickers)
[2026-04-08 06:44:40 UTC] RAM 31.3% | CPU 90.1% | GPU 0.0% | Batch 17/27 (51 tickers)
[2026-04-08 06:45:41 UTC] RAM 31.3% | CPU 91.8% | GPU 5.0% | Batch 17/27 (51 tickers)
[2026-04-08 06:46:42 UTC] RAM 31.3% | CPU 84.5% | GPU 0.0% | Batch 17/27 (51 tickers)
[2026-04-08 06:47:43 UTC] RAM 31.3% | CPU 86.7% | GPU 24.0% | Batch 17/27 (51 tickers)
[2026-04-08 06:48:44 UTC] RAM 31.3% | CPU 84.8% | GPU 0.0% | Batch 17/27 (51 tickers)
[2026-04-08 06:49:45 UTC] RAM 31.3% | CPU 70.3% | GPU 0.0% | Batch 17/27 (51 tickers)
[2026-04-08 06:50:46 UTC] RAM 31.4% | CPU 95.2% | GPU 1.0% | Batch 17/27 (51 tickers)
[2026-04-08 06:51:47 UTC] RAM 31.0% | CPU 55.6% | GPU 23.0% | Batch 17/27 (51 tickers)
[2026-04-08 06:52:49 UTC] RAM 30.9% | CPU 83.9% | GPU 53.0% | Batch 18/27 (54 tickers)
[2026-04-08 06:53:50 UTC] RAM 31.0% | CPU 91.5% | GPU 2.0% | Batch 18/27 (54 tickers)
[2026-04-08 06:54:51 UTC] RAM 31.1% | CPU 89.9% | GPU 0.0% | Batch 18/27 (54 tickers)
[2026-04-08 06:55:52 UTC] RAM 31.1% | CPU 86.0% | GPU 1.0% | Batch 18/27 (54 tickers)
[2026-04-08 06:56:53 UTC] RAM 31.3% | CPU 86.0% | GPU 52.0% | Batch 18/27 (54 tickers)
[2026-04-08 06:57:54 UTC] RAM 31.3% | CPU 83.9% | GPU 16.0% | Batch 18/27 (54 tickers)
[2026-04-08 06:58:56 UTC] RAM 31.4% | CPU 86.3% | GPU 29.0% | Batch 18/27 (54 tickers)
[2026-04-08 06:59:57 UTC] RAM 31.4% | CPU 84.0% | GPU 28.0% | Batch 18/27 (54 tickers)
[2026-04-08 07:00:58 UTC] RAM 31.6% | CPU 76.8% | GPU 0.0% | Batch 18/27 (54 tickers)
[2026-04-08 07:01:59 UTC] RAM 31.7% | CPU 83.5% | GPU 2.0% | Batch 18/27 (54 tickers)
[2026-04-08 07:03:00 UTC] RAM 31.6% | CPU 93.8% | GPU 10.0% | Batch 18/27 (54 tickers)
[2026-04-08 07:04:01 UTC] RAM 31.7% | CPU 73.9% | GPU 85.0% | Batch 18/27 (54 tickers)
[2026-04-08 07:05:03 UTC] RAM 31.8% | CPU 88.0% | GPU 37.0% | Batch 18/27 (54 tickers)
[2026-04-08 07:06:04 UTC] RAM 31.8% | CPU 81.1% | GPU 75.0% | Batch 18/27 (54 tickers)
[2026-04-08 07:07:05 UTC] RAM 32.0% | CPU 91.8% | GPU 0.0% | Batch 18/27 (54 tickers)
[2026-04-08 07:08:06 UTC] RAM 32.0% | CPU 97.6% | GPU 1.0% | Batch 18/27 (54 tickers)
[2026-04-08 07:09:07 UTC] RAM 32.1% | CPU 94.2% | GPU 0.0% | Batch 18/27 (54 tickers)
[2026-04-08 07:10:09 UTC] RAM 32.0% | CPU 90.7% | GPU 1.0% | Batch 18/27 (54 tickers)
[2026-04-08 07:11:10 UTC] RAM 32.2% | CPU 90.4% | GPU 0.0% | Batch 18/27 (54 tickers)
[2026-04-08 07:12:11 UTC] RAM 32.2% | CPU 87.1% | GPU 24.0% | Batch 18/27 (54 tickers)
[2026-04-08 07:13:12 UTC] RAM 32.3% | CPU 99.3% | GPU 1.0% | Batch 18/27 (54 tickers)
[2026-04-08 07:14:13 UTC] RAM 32.5% | CPU 96.9% | GPU 23.0% | Batch 18/27 (54 tickers)
[2026-04-08 07:15:14 UTC] RAM 32.4% | CPU 99.1% | GPU 1.0% | Batch 18/27 (54 tickers)
[2026-04-08 07:16:16 UTC] RAM 32.5% | CPU 93.6% | GPU 0.0% | Batch 18/27 (54 tickers)
[2026-04-08 07:17:17 UTC] RAM 32.6% | CPU 91.4% | GPU 1.0% | Batch 18/27 (54 tickers)
[2026-04-08 07:18:18 UTC] RAM 32.6% | CPU 70.8% | GPU 4.0% | Batch 18/27 (54 tickers)
[2026-04-08 07:19:19 UTC] RAM 32.6% | CPU 81.7% | GPU 72.0% | Batch 18/27 (54 tickers)
[2026-04-08 07:20:20 UTC] RAM 32.7% | CPU 84.8% | GPU 64.0% | Batch 18/27 (54 tickers)
[2026-04-08 07:21:21 UTC] RAM 32.7% | CPU 85.3% | GPU 7.0% | Batch 18/27 (54 tickers)
[2026-04-08 07:22:23 UTC] RAM 32.6% | CPU 83.9% | GPU 60.0% | Batch 18/27 (54 tickers)
[2026-04-08 07:23:24 UTC] RAM 32.7% | CPU 82.5% | GPU 1.0% | Batch 18/27 (54 tickers)
[2026-04-08 07:24:25 UTC] RAM 32.7% | CPU 88.1% | GPU 72.0% | Batch 18/27 (54 tickers)
[2026-04-08 07:25:26 UTC] RAM 32.6% | CPU 83.4% | GPU 20.0% | Batch 18/27 (54 tickers)
[2026-04-08 07:26:27 UTC] RAM 32.7% | CPU 86.2% | GPU 66.0% | Batch 18/27 (54 tickers)
[2026-04-08 07:27:28 UTC] RAM 32.7% | CPU 91.3% | GPU 8.0% | Batch 18/27 (54 tickers)
[2026-04-08 07:28:30 UTC] RAM 32.8% | CPU 88.6% | GPU 0.0% | Batch 18/27 (54 tickers)
[2026-04-08 07:29:31 UTC] RAM 32.7% | CPU 79.2% | GPU 57.0% | Batch 18/27 (54 tickers)
[2026-04-08 07:30:32 UTC] RAM 32.7% | CPU 86.3% | GPU 72.0% | Batch 18/27 (54 tickers)
[2026-04-08 07:31:33 UTC] RAM 32.8% | CPU 94.3% | GPU 3.0% | Batch 18/27 (54 tickers)
[2026-04-08 07:32:34 UTC] RAM 32.7% | CPU 96.3% | GPU 9.0% | Batch 18/27 (54 tickers)
[2026-04-08 07:33:35 UTC] RAM 32.7% | CPU 89.4% | GPU 69.0% | Batch 18/27 (54 tickers)
[2026-04-08 07:34:37 UTC] RAM 32.7% | CPU 89.1% | GPU 64.0% | Batch 18/27 (54 tickers)
[2026-04-08 07:35:38 UTC] RAM 32.8% | CPU 98.7% | GPU 0.0% | Batch 18/27 (54 tickers)
[2026-04-08 07:36:39 UTC] RAM 32.8% | CPU 91.7% | GPU 39.0% | Batch 18/27 (54 tickers)
[2026-04-08 07:37:40 UTC] RAM 32.8% | CPU 93.5% | GPU 13.0% | Batch 18/27 (54 tickers)
[2026-04-08 07:38:42 UTC] RAM 32.8% | CPU 90.7% | GPU 38.0% | Batch 18/27 (54 tickers)
[2026-04-08 07:39:43 UTC] RAM 32.9% | CPU 97.1% | GPU 6.0% | Batch 18/27 (54 tickers)
[2026-04-08 07:40:44 UTC] RAM 32.9% | CPU 98.5% | GPU 0.0% | Batch 18/27 (54 tickers)
[2026-04-08 07:41:45 UTC] RAM 32.9% | CPU 98.0% | GPU 9.0% | Batch 18/27 (54 tickers)
[2026-04-08 07:42:46 UTC] RAM 32.9% | CPU 99.8% | GPU 0.0% | Batch 18/27 (54 tickers)
[2026-04-08 07:43:48 UTC] RAM 33.1% | CPU 68.9% | GPU 0.0% | Batch 18/27 (54 tickers)
[2026-04-08 07:44:49 UTC] RAM 33.0% | CPU 98.0% | GPU 1.0% | Batch 18/27 (54 tickers)
[2026-04-08 07:45:50 UTC] RAM 33.0% | CPU 88.1% | GPU 5.0% | Batch 18/27 (54 tickers)
[2026-04-08 07:46:51 UTC] RAM 33.1% | CPU 98.7% | GPU 11.0% | Batch 18/27 (54 tickers)
[2026-04-08 07:47:52 UTC] RAM 33.1% | CPU 86.8% | GPU 18.0% | Batch 18/27 (54 tickers)
[2026-04-08 07:48:53 UTC] RAM 33.1% | CPU 87.8% | GPU 42.0% | Batch 18/27 (54 tickers)
[2026-04-08 07:49:55 UTC] RAM 33.0% | CPU 90.5% | GPU 1.0% | Batch 18/27 (54 tickers)
[2026-04-08 07:50:56 UTC] RAM 33.0% | CPU 87.0% | GPU 3.0% | Batch 18/27 (54 tickers)
[2026-04-08 07:51:57 UTC] RAM 33.1% | CPU 90.3% | GPU 0.0% | Batch 18/27 (54 tickers)
[2026-04-08 07:52:58 UTC] RAM 33.0% | CPU 91.3% | GPU 28.0% | Batch 18/27 (54 tickers)
[2026-04-08 07:53:59 UTC] RAM 33.1% | CPU 94.0% | GPU 1.0% | Batch 18/27 (54 tickers)
[2026-04-08 07:55:00 UTC] RAM 33.0% | CPU 82.4% | GPU 26.0% | Batch 18/27 (54 tickers)
[2026-04-08 07:56:01 UTC] RAM 33.2% | CPU 83.2% | GPU 1.0% | Batch 18/27 (54 tickers)
[2026-04-08 07:57:03 UTC] RAM 33.1% | CPU 97.7% | GPU 1.0% | Batch 18/27 (54 tickers)
[2026-04-08 07:58:04 UTC] RAM 33.1% | CPU 94.6% | GPU 1.0% | Batch 18/27 (54 tickers)
[2026-04-08 07:59:05 UTC] RAM 33.1% | CPU 88.9% | GPU 27.0% | Batch 18/27 (54 tickers)
[2026-04-08 08:00:06 UTC] RAM 33.1% | CPU 84.9% | GPU 81.0% | Batch 18/27 (54 tickers)
[2026-04-08 08:01:07 UTC] RAM 33.1% | CPU 90.8% | GPU 28.0% | Batch 18/27 (54 tickers)
[2026-04-08 08:02:09 UTC] RAM 33.3% | CPU 65.0% | GPU 0.0% | Batch 18/27 (54 tickers)
[2026-04-08 08:03:10 UTC] RAM 33.2% | CPU 94.6% | GPU 1.0% | Batch 18/27 (54 tickers)
[2026-04-08 08:04:11 UTC] RAM 33.2% | CPU 72.8% | GPU 79.0% | Batch 18/27 (54 tickers)
[2026-04-08 08:05:12 UTC] RAM 33.2% | CPU 91.1% | GPU 60.0% | Batch 18/27 (54 tickers)
[2026-04-08 08:06:13 UTC] RAM 33.3% | CPU 94.7% | GPU 21.0% | Batch 18/27 (54 tickers)
[2026-04-08 08:07:14 UTC] RAM 33.3% | CPU 97.4% | GPU 10.0% | Batch 18/27 (54 tickers)
[2026-04-08 08:08:16 UTC] RAM 33.2% | CPU 82.0% | GPU 86.0% | Batch 18/27 (54 tickers)
[2026-04-08 08:09:17 UTC] RAM 33.3% | CPU 83.7% | GPU 1.0% | Batch 18/27 (54 tickers)
[2026-04-08 08:10:18 UTC] RAM 33.3% | CPU 92.7% | GPU 2.0% | Batch 18/27 (54 tickers)
[2026-04-08 08:11:19 UTC] RAM 33.3% | CPU 96.3% | GPU 8.0% | Batch 18/27 (54 tickers)
[2026-04-08 08:12:21 UTC] RAM 33.4% | CPU 83.1% | GPU 0.0% | Batch 18/27 (54 tickers)
[2026-04-08 08:13:22 UTC] RAM 33.5% | CPU 61.3% | GPU 0.0% | Batch 18/27 (54 tickers)
[2026-04-08 08:14:23 UTC] RAM 32.9% | CPU 68.0% | GPU 0.0% | Batch 18/27 (54 tickers)
[2026-04-08 08:15:25 UTC] RAM 31.3% | CPU 83.9% | GPU 45.0% | Batch 19/27 (57 tickers)
[2026-04-08 08:16:26 UTC] RAM 31.3% | CPU 87.6% | GPU 26.0% | Batch 19/27 (57 tickers)
[2026-04-08 08:17:27 UTC] RAM 31.4% | CPU 77.1% | GPU 13.0% | Batch 19/27 (57 tickers)
[2026-04-08 08:18:28 UTC] RAM 31.5% | CPU 91.1% | GPU 60.0% | Batch 19/27 (57 tickers)
[2026-04-08 08:19:29 UTC] RAM 31.5% | CPU 87.6% | GPU 1.0% | Batch 19/27 (57 tickers)
[2026-04-08 08:20:30 UTC] RAM 31.6% | CPU 79.7% | GPU 0.0% | Batch 19/27 (57 tickers)
[2026-04-08 08:21:32 UTC] RAM 31.8% | CPU 84.2% | GPU 0.0% | Batch 19/27 (57 tickers)
[2026-04-08 08:22:33 UTC] RAM 31.7% | CPU 94.3% | GPU 12.0% | Batch 19/27 (57 tickers)
[2026-04-08 08:23:34 UTC] RAM 31.8% | CPU 95.9% | GPU 27.0% | Batch 19/27 (57 tickers)
[2026-04-08 08:24:35 UTC] RAM 32.0% | CPU 91.7% | GPU 14.0% | Batch 19/27 (57 tickers)
[2026-04-08 08:25:36 UTC] RAM 31.9% | CPU 88.3% | GPU 58.0% | Batch 19/27 (57 tickers)
[2026-04-08 08:26:37 UTC] RAM 32.2% | CPU 85.4% | GPU 13.0% | Batch 19/27 (57 tickers)
[2026-04-08 08:27:39 UTC] RAM 32.1% | CPU 86.9% | GPU 61.0% | Batch 19/27 (57 tickers)
[2026-04-08 08:28:40 UTC] RAM 32.2% | CPU 99.9% | GPU 2.0% | Batch 19/27 (57 tickers)
[2026-04-08 08:29:41 UTC] RAM 32.3% | CPU 98.2% | GPU 1.0% | Batch 19/27 (57 tickers)
[2026-04-08 08:30:42 UTC] RAM 32.3% | CPU 78.9% | GPU 0.0% | Batch 19/27 (57 tickers)
[2026-04-08 08:31:43 UTC] RAM 32.3% | CPU 99.4% | GPU 0.0% | Batch 19/27 (57 tickers)
[2026-04-08 08:32:45 UTC] RAM 32.5% | CPU 99.1% | GPU 0.0% | Batch 19/27 (57 tickers)
[2026-04-08 08:33:46 UTC] RAM 32.6% | CPU 99.1% | GPU 10.0% | Batch 19/27 (57 tickers)
[2026-04-08 08:34:47 UTC] RAM 32.5% | CPU 91.3% | GPU 4.0% | Batch 19/27 (57 tickers)
[2026-04-08 08:35:48 UTC] RAM 32.6% | CPU 95.8% | GPU 2.0% | Batch 19/27 (57 tickers)
[2026-04-08 08:36:49 UTC] RAM 32.6% | CPU 95.0% | GPU 6.0% | Batch 19/27 (57 tickers)
[2026-04-08 08:37:51 UTC] RAM 32.8% | CPU 90.9% | GPU 46.0% | Batch 19/27 (57 tickers)
[2026-04-08 08:38:52 UTC] RAM 32.8% | CPU 91.8% | GPU 15.0% | Batch 19/27 (57 tickers)
[2026-04-08 08:39:53 UTC] RAM 32.9% | CPU 98.9% | GPU 1.0% | Batch 19/27 (57 tickers)
[2026-04-08 08:40:54 UTC] RAM 32.9% | CPU 96.6% | GPU 0.0% | Batch 19/27 (57 tickers)
[2026-04-08 08:41:55 UTC] RAM 32.9% | CPU 96.2% | GPU 1.0% | Batch 19/27 (57 tickers)
[2026-04-08 08:42:56 UTC] RAM 33.1% | CPU 83.2% | GPU 58.0% | Batch 19/27 (57 tickers)
[2026-04-08 08:43:58 UTC] RAM 33.0% | CPU 92.5% | GPU 3.0% | Batch 19/27 (57 tickers)
[2026-04-08 08:44:59 UTC] RAM 33.0% | CPU 85.3% | GPU 53.0% | Batch 19/27 (57 tickers)
[2026-04-08 08:46:00 UTC] RAM 32.9% | CPU 85.9% | GPU 7.0% | Batch 19/27 (57 tickers)
[2026-04-08 08:47:01 UTC] RAM 32.9% | CPU 74.7% | GPU 5.0% | Batch 19/27 (57 tickers)
[2026-04-08 08:48:02 UTC] RAM 33.0% | CPU 94.0% | GPU 19.0% | Batch 19/27 (57 tickers)
[2026-04-08 08:49:03 UTC] RAM 32.9% | CPU 83.5% | GPU 22.0% | Batch 19/27 (57 tickers)
[2026-04-08 08:50:04 UTC] RAM 33.1% | CPU 85.1% | GPU 2.0% | Batch 19/27 (57 tickers)
[2026-04-08 08:51:06 UTC] RAM 32.9% | CPU 69.6% | GPU 0.0% | Batch 19/27 (57 tickers)
[2026-04-08 08:52:07 UTC] RAM 33.0% | CPU 97.5% | GPU 2.0% | Batch 19/27 (57 tickers)
[2026-04-08 08:53:08 UTC] RAM 33.0% | CPU 89.5% | GPU 1.0% | Batch 19/27 (57 tickers)
[2026-04-08 08:54:09 UTC] RAM 32.9% | CPU 82.7% | GPU 0.0% | Batch 19/27 (57 tickers)
[2026-04-08 08:55:10 UTC] RAM 32.9% | CPU 98.1% | GPU 1.0% | Batch 19/27 (57 tickers)
[2026-04-08 08:56:12 UTC] RAM 33.1% | CPU 89.2% | GPU 4.0% | Batch 19/27 (57 tickers)
[2026-04-08 08:57:13 UTC] RAM 33.0% | CPU 79.2% | GPU 4.0% | Batch 19/27 (57 tickers)
[2026-04-08 08:58:14 UTC] RAM 33.0% | CPU 67.9% | GPU 16.0% | Batch 19/27 (57 tickers)
[2026-04-08 08:59:15 UTC] RAM 33.1% | CPU 94.1% | GPU 1.0% | Batch 19/27 (57 tickers)
[2026-04-08 09:00:16 UTC] RAM 33.1% | CPU 90.4% | GPU 10.0% | Batch 19/27 (57 tickers)
[2026-04-08 09:01:17 UTC] RAM 33.0% | CPU 85.0% | GPU 1.0% | Batch 19/27 (57 tickers)
[2026-04-08 09:02:19 UTC] RAM 33.1% | CPU 94.6% | GPU 1.0% | Batch 19/27 (57 tickers)
[2026-04-08 09:03:20 UTC] RAM 33.1% | CPU 89.1% | GPU 1.0% | Batch 19/27 (57 tickers)
[2026-04-08 09:04:21 UTC] RAM 33.2% | CPU 95.1% | GPU 10.0% | Batch 19/27 (57 tickers)
[2026-04-08 09:05:22 UTC] RAM 33.2% | CPU 95.1% | GPU 17.0% | Batch 19/27 (57 tickers)
[2026-04-08 09:06:23 UTC] RAM 33.2% | CPU 86.1% | GPU 8.0% | Batch 19/27 (57 tickers)
[2026-04-08 09:07:25 UTC] RAM 33.2% | CPU 88.3% | GPU 13.0% | Batch 19/27 (57 tickers)
[2026-04-08 09:08:26 UTC] RAM 33.2% | CPU 91.2% | GPU 0.0% | Batch 19/27 (57 tickers)
[2026-04-08 09:09:27 UTC] RAM 33.3% | CPU 67.1% | GPU 1.0% | Batch 19/27 (57 tickers)
[2026-04-08 09:10:28 UTC] RAM 33.4% | CPU 99.4% | GPU 1.0% | Batch 19/27 (57 tickers)
[2026-04-08 09:11:29 UTC] RAM 33.3% | CPU 75.3% | GPU 84.0% | Batch 19/27 (57 tickers)
[2026-04-08 09:12:31 UTC] RAM 33.4% | CPU 88.4% | GPU 1.0% | Batch 19/27 (57 tickers)
[2026-04-08 09:13:32 UTC] RAM 33.3% | CPU 77.5% | GPU 1.0% | Batch 19/27 (57 tickers)
[2026-04-08 09:14:33 UTC] RAM 33.4% | CPU 93.7% | GPU 4.0% | Batch 19/27 (57 tickers)
[2026-04-08 09:15:34 UTC] RAM 33.3% | CPU 78.8% | GPU 33.0% | Batch 19/27 (57 tickers)
[2026-04-08 09:16:35 UTC] RAM 33.3% | CPU 73.4% | GPU 0.0% | Batch 19/27 (57 tickers)
[2026-04-08 09:17:36 UTC] RAM 33.3% | CPU 83.2% | GPU 11.0% | Batch 19/27 (57 tickers)
[2026-04-08 09:18:37 UTC] RAM 33.3% | CPU 75.7% | GPU 4.0% | Batch 19/27 (57 tickers)
[2026-04-08 09:19:39 UTC] RAM 33.3% | CPU 86.9% | GPU 15.0% | Batch 19/27 (57 tickers)
[2026-04-08 09:20:40 UTC] RAM 33.3% | CPU 97.6% | GPU 16.0% | Batch 19/27 (57 tickers)
[2026-04-08 09:21:41 UTC] RAM 33.3% | CPU 77.2% | GPU 88.0% | Batch 19/27 (57 tickers)
[2026-04-08 09:22:42 UTC] RAM 33.4% | CPU 90.4% | GPU 1.0% | Batch 19/27 (57 tickers)
[2026-04-08 09:23:43 UTC] RAM 33.4% | CPU 86.9% | GPU 3.0% | Batch 19/27 (57 tickers)
[2026-04-08 09:24:44 UTC] RAM 33.4% | CPU 93.7% | GPU 10.0% | Batch 19/27 (57 tickers)
[2026-04-08 09:25:46 UTC] RAM 33.5% | CPU 95.1% | GPU 1.0% | Batch 19/27 (57 tickers)
[2026-04-08 09:26:47 UTC] RAM 33.4% | CPU 88.9% | GPU 25.0% | Batch 19/27 (57 tickers)
[2026-04-08 09:27:48 UTC] RAM 33.4% | CPU 88.7% | GPU 36.0% | Batch 19/27 (57 tickers)
[2026-04-08 09:28:49 UTC] RAM 33.5% | CPU 91.2% | GPU 31.0% | Batch 19/27 (57 tickers)
[2026-04-08 09:29:50 UTC] RAM 33.5% | CPU 86.5% | GPU 9.0% | Batch 19/27 (57 tickers)
[2026-04-08 09:30:51 UTC] RAM 33.5% | CPU 92.9% | GPU 14.0% | Batch 19/27 (57 tickers)
[2026-04-08 09:31:53 UTC] RAM 33.6% | CPU 99.4% | GPU 1.0% | Batch 19/27 (57 tickers)
[2026-04-08 09:32:54 UTC] RAM 33.6% | CPU 95.8% | GPU 0.0% | Batch 19/27 (57 tickers)
[2026-04-08 09:33:55 UTC] RAM 33.6% | CPU 97.5% | GPU 0.0% | Batch 19/27 (57 tickers)
[2026-04-08 09:34:56 UTC] RAM 33.6% | CPU 98.2% | GPU 12.0% | Batch 19/27 (57 tickers)
[2026-04-08 09:35:58 UTC] RAM 33.7% | CPU 94.9% | GPU 1.0% | Batch 19/27 (57 tickers)
[2026-04-08 09:36:59 UTC] RAM 33.6% | CPU 68.9% | GPU 91.0% | Batch 19/27 (57 tickers)
[2026-04-08 09:38:00 UTC] RAM 33.6% | CPU 84.2% | GPU 46.0% | Batch 19/27 (57 tickers)
[2026-04-08 09:39:01 UTC] RAM 22.6% | CPU 5.7% | GPU 1.0% | Batch 19/27 (57 tickers)
[2026-04-08 09:40:02 UTC] RAM 30.2% | CPU 85.7% | GPU 17.0% | Batch 20/27 (60 tickers)
[2026-04-08 09:41:03 UTC] RAM 30.3% | CPU 83.9% | GPU 15.0% | Batch 20/27 (60 tickers)
[2026-04-08 09:42:04 UTC] RAM 30.3% | CPU 89.3% | GPU 5.0% | Batch 20/27 (60 tickers)
[2026-04-08 09:43:06 UTC] RAM 30.4% | CPU 86.3% | GPU 11.0% | Batch 20/27 (60 tickers)
[2026-04-08 09:44:07 UTC] RAM 30.5% | CPU 73.9% | GPU 0.0% | Batch 20/27 (60 tickers)
[2026-04-08 09:45:08 UTC] RAM 30.6% | CPU 93.3% | GPU 0.0% | Batch 20/27 (60 tickers)
[2026-04-08 09:46:09 UTC] RAM 30.7% | CPU 83.1% | GPU 1.0% | Batch 20/27 (60 tickers)
[2026-04-08 09:47:10 UTC] RAM 30.7% | CPU 90.4% | GPU 33.0% | Batch 20/27 (60 tickers)
[2026-04-08 09:48:12 UTC] RAM 30.8% | CPU 73.7% | GPU 15.0% | Batch 20/27 (60 tickers)
[2026-04-08 09:49:13 UTC] RAM 30.9% | CPU 86.5% | GPU 52.0% | Batch 20/27 (60 tickers)
[2026-04-08 09:50:14 UTC] RAM 30.9% | CPU 91.6% | GPU 61.0% | Batch 20/27 (60 tickers)
[2026-04-08 09:51:15 UTC] RAM 31.0% | CPU 87.1% | GPU 31.0% | Batch 20/27 (60 tickers)
[2026-04-08 09:52:16 UTC] RAM 31.0% | CPU 86.7% | GPU 29.0% | Batch 20/27 (60 tickers)
[2026-04-08 09:53:18 UTC] RAM 31.1% | CPU 80.3% | GPU 1.0% | Batch 20/27 (60 tickers)
[2026-04-08 09:54:19 UTC] RAM 31.3% | CPU 93.1% | GPU 0.0% | Batch 20/27 (60 tickers)
[2026-04-08 09:55:20 UTC] RAM 31.2% | CPU 68.7% | GPU 1.0% | Batch 20/27 (60 tickers)
[2026-04-08 09:56:21 UTC] RAM 31.3% | CPU 86.8% | GPU 25.0% | Batch 20/27 (60 tickers)
[2026-04-08 09:57:22 UTC] RAM 31.5% | CPU 66.2% | GPU 0.0% | Batch 20/27 (60 tickers)
[2026-04-08 09:58:24 UTC] RAM 31.4% | CPU 68.5% | GPU 4.0% | Batch 20/27 (60 tickers)
[2026-04-08 09:59:25 UTC] RAM 31.4% | CPU 94.0% | GPU 14.0% | Batch 20/27 (60 tickers)
[2026-04-08 10:00:26 UTC] RAM 31.5% | CPU 99.3% | GPU 15.0% | Batch 20/27 (60 tickers)
[2026-04-08 10:01:27 UTC] RAM 31.8% | CPU 90.7% | GPU 0.0% | Batch 20/27 (60 tickers)
[2026-04-08 10:02:28 UTC] RAM 31.7% | CPU 97.5% | GPU 10.0% | Batch 20/27 (60 tickers)
[2026-04-08 10:03:29 UTC] RAM 31.7% | CPU 99.4% | GPU 2.0% | Batch 20/27 (60 tickers)
[2026-04-08 10:04:31 UTC] RAM 31.9% | CPU 98.7% | GPU 0.0% | Batch 20/27 (60 tickers)
[2026-04-08 10:05:32 UTC] RAM 31.9% | CPU 92.8% | GPU 49.0% | Batch 20/27 (60 tickers)
[2026-04-08 10:06:33 UTC] RAM 32.0% | CPU 92.6% | GPU 9.0% | Batch 20/27 (60 tickers)
[2026-04-08 10:07:34 UTC] RAM 31.9% | CPU 84.1% | GPU 7.0% | Batch 20/27 (60 tickers)
[2026-04-08 10:08:35 UTC] RAM 31.9% | CPU 93.9% | GPU 11.0% | Batch 20/27 (60 tickers)
[2026-04-08 10:09:36 UTC] RAM 32.0% | CPU 86.0% | GPU 0.0% | Batch 20/27 (60 tickers)
[2026-04-08 10:10:38 UTC] RAM 31.9% | CPU 96.0% | GPU 1.0% | Batch 20/27 (60 tickers)
[2026-04-08 10:11:39 UTC] RAM 32.0% | CPU 91.7% | GPU 29.0% | Batch 20/27 (60 tickers)
[2026-04-08 10:12:40 UTC] RAM 31.9% | CPU 86.2% | GPU 1.0% | Batch 20/27 (60 tickers)
[2026-04-08 10:13:41 UTC] RAM 31.9% | CPU 94.1% | GPU 18.0% | Batch 20/27 (60 tickers)
[2026-04-08 10:14:42 UTC] RAM 32.0% | CPU 88.1% | GPU 2.0% | Batch 20/27 (60 tickers)
[2026-04-08 10:15:44 UTC] RAM 31.9% | CPU 71.7% | GPU 5.0% | Batch 20/27 (60 tickers)
[2026-04-08 10:16:45 UTC] RAM 32.0% | CPU 93.2% | GPU 1.0% | Batch 20/27 (60 tickers)
[2026-04-08 10:17:46 UTC] RAM 31.9% | CPU 69.6% | GPU 91.0% | Batch 20/27 (60 tickers)
[2026-04-08 10:18:47 UTC] RAM 31.9% | CPU 63.5% | GPU 1.0% | Batch 20/27 (60 tickers)
[2026-04-08 10:19:48 UTC] RAM 31.9% | CPU 94.4% | GPU 8.0% | Batch 20/27 (60 tickers)
[2026-04-08 10:20:49 UTC] RAM 31.9% | CPU 81.2% | GPU 0.0% | Batch 20/27 (60 tickers)
[2026-04-08 10:21:50 UTC] RAM 32.0% | CPU 74.3% | GPU 35.0% | Batch 20/27 (60 tickers)
[2026-04-08 10:22:52 UTC] RAM 32.0% | CPU 83.0% | GPU 3.0% | Batch 20/27 (60 tickers)
[2026-04-08 10:23:53 UTC] RAM 32.1% | CPU 96.1% | GPU 0.0% | Batch 20/27 (60 tickers)
[2026-04-08 10:24:54 UTC] RAM 32.1% | CPU 97.1% | GPU 0.0% | Batch 20/27 (60 tickers)
[2026-04-08 10:25:55 UTC] RAM 32.0% | CPU 98.4% | GPU 2.0% | Batch 20/27 (60 tickers)
[2026-04-08 10:26:56 UTC] RAM 32.2% | CPU 83.9% | GPU 0.0% | Batch 20/27 (60 tickers)
[2026-04-08 10:27:57 UTC] RAM 32.1% | CPU 83.7% | GPU 1.0% | Batch 20/27 (60 tickers)
[2026-04-08 10:28:59 UTC] RAM 32.1% | CPU 96.4% | GPU 0.0% | Batch 20/27 (60 tickers)
[2026-04-08 10:30:00 UTC] RAM 32.2% | CPU 99.6% | GPU 2.0% | Batch 20/27 (60 tickers)
[2026-04-08 10:31:01 UTC] RAM 32.2% | CPU 93.6% | GPU 10.0% | Batch 20/27 (60 tickers)
[2026-04-08 10:32:02 UTC] RAM 32.3% | CPU 98.8% | GPU 27.0% | Batch 20/27 (60 tickers)
[2026-04-08 10:33:03 UTC] RAM 32.3% | CPU 93.4% | GPU 21.0% | Batch 20/27 (60 tickers)
[2026-04-08 10:34:04 UTC] RAM 32.3% | CPU 82.8% | GPU 15.0% | Batch 20/27 (60 tickers)
[2026-04-08 10:35:05 UTC] RAM 32.3% | CPU 87.4% | GPU 12.0% | Batch 20/27 (60 tickers)
[2026-04-08 10:36:07 UTC] RAM 32.3% | CPU 90.1% | GPU 2.0% | Batch 20/27 (60 tickers)
[2026-04-08 10:37:08 UTC] RAM 32.3% | CPU 94.4% | GPU 2.0% | Batch 20/27 (60 tickers)
[2026-04-08 10:38:09 UTC] RAM 32.3% | CPU 94.6% | GPU 9.0% | Batch 20/27 (60 tickers)
[2026-04-08 10:39:10 UTC] RAM 32.3% | CPU 83.5% | GPU 0.0% | Batch 20/27 (60 tickers)
[2026-04-08 10:40:11 UTC] RAM 32.3% | CPU 77.9% | GPU 4.0% | Batch 20/27 (60 tickers)
[2026-04-08 10:41:12 UTC] RAM 32.3% | CPU 90.9% | GPU 0.0% | Batch 20/27 (60 tickers)
[2026-04-08 10:42:14 UTC] RAM 32.3% | CPU 96.5% | GPU 2.0% | Batch 20/27 (60 tickers)
[2026-04-08 10:43:15 UTC] RAM 32.3% | CPU 88.1% | GPU 74.0% | Batch 20/27 (60 tickers)
[2026-04-08 10:44:16 UTC] RAM 32.3% | CPU 92.3% | GPU 10.0% | Batch 20/27 (60 tickers)
[2026-04-08 10:45:17 UTC] RAM 32.3% | CPU 94.5% | GPU 0.0% | Batch 20/27 (60 tickers)
[2026-04-08 10:46:18 UTC] RAM 32.3% | CPU 83.1% | GPU 0.0% | Batch 20/27 (60 tickers)
[2026-04-08 10:47:20 UTC] RAM 32.3% | CPU 96.0% | GPU 2.0% | Batch 20/27 (60 tickers)
[2026-04-08 10:48:21 UTC] RAM 32.4% | CPU 84.0% | GPU 0.0% | Batch 20/27 (60 tickers)
[2026-04-08 10:49:22 UTC] RAM 32.3% | CPU 81.8% | GPU 41.0% | Batch 20/27 (60 tickers)
[2026-04-08 10:50:23 UTC] RAM 32.4% | CPU 91.5% | GPU 1.0% | Batch 20/27 (60 tickers)
[2026-04-08 10:51:25 UTC] RAM 32.4% | CPU 86.4% | GPU 0.0% | Batch 20/27 (60 tickers)
[2026-04-08 10:52:26 UTC] RAM 32.5% | CPU 93.5% | GPU 0.0% | Batch 20/27 (60 tickers)
[2026-04-08 10:53:27 UTC] RAM 32.4% | CPU 79.2% | GPU 0.0% | Batch 20/27 (60 tickers)
[2026-04-08 10:54:28 UTC] RAM 32.6% | CPU 70.7% | GPU 1.0% | Batch 20/27 (60 tickers)
[2026-04-08 10:55:30 UTC] RAM 32.5% | CPU 97.7% | GPU 9.0% | Batch 20/27 (60 tickers)
[2026-04-08 10:56:31 UTC] RAM 32.5% | CPU 96.5% | GPU 5.0% | Batch 20/27 (60 tickers)
[2026-04-08 10:57:32 UTC] RAM 32.5% | CPU 89.5% | GPU 1.0% | Batch 20/27 (60 tickers)
[2026-04-08 10:58:33 UTC] RAM 32.5% | CPU 94.7% | GPU 20.0% | Batch 20/27 (60 tickers)
[2026-04-08 10:59:35 UTC] RAM 32.7% | CPU 61.8% | GPU 0.0% | Batch 20/27 (60 tickers)
[2026-04-08 11:00:36 UTC] RAM 32.6% | CPU 92.6% | GPU 2.0% | Batch 20/27 (60 tickers)
[2026-04-08 11:01:37 UTC] RAM 29.4% | CPU 82.6% | GPU 4.0% | Batch 21/27 (63 tickers)
[2026-04-08 11:02:38 UTC] RAM 30.1% | CPU 82.9% | GPU 16.0% | Batch 21/27 (63 tickers)
[2026-04-08 11:03:39 UTC] RAM 30.3% | CPU 89.9% | GPU 15.0% | Batch 21/27 (63 tickers)
[2026-04-08 11:04:40 UTC] RAM 30.4% | CPU 79.9% | GPU 48.0% | Batch 21/27 (63 tickers)
[2026-04-08 11:05:41 UTC] RAM 30.4% | CPU 95.2% | GPU 1.0% | Batch 21/27 (63 tickers)
[2026-04-08 11:06:43 UTC] RAM 30.5% | CPU 83.6% | GPU 0.0% | Batch 21/27 (63 tickers)
[2026-04-08 11:07:44 UTC] RAM 30.6% | CPU 86.8% | GPU 44.0% | Batch 21/27 (63 tickers)
[2026-04-08 11:08:45 UTC] RAM 30.6% | CPU 92.6% | GPU 10.0% | Batch 21/27 (63 tickers)
[2026-04-08 11:09:46 UTC] RAM 30.6% | CPU 92.8% | GPU 17.0% | Batch 21/27 (63 tickers)
[2026-04-08 11:10:47 UTC] RAM 30.9% | CPU 68.9% | GPU 0.0% | Batch 21/27 (63 tickers)
[2026-04-08 11:11:49 UTC] RAM 30.9% | CPU 96.5% | GPU 45.0% | Batch 21/27 (63 tickers)
[2026-04-08 11:12:50 UTC] RAM 30.9% | CPU 90.3% | GPU 15.0% | Batch 21/27 (63 tickers)
[2026-04-08 11:13:51 UTC] RAM 31.1% | CPU 79.7% | GPU 1.0% | Batch 21/27 (63 tickers)
[2026-04-08 11:14:52 UTC] RAM 31.1% | CPU 90.9% | GPU 10.0% | Batch 21/27 (63 tickers)
[2026-04-08 11:15:53 UTC] RAM 31.1% | CPU 96.8% | GPU 1.0% | Batch 21/27 (63 tickers)
[2026-04-08 11:16:54 UTC] RAM 31.2% | CPU 97.6% | GPU 37.0% | Batch 21/27 (63 tickers)
[2026-04-08 11:17:56 UTC] RAM 31.3% | CPU 88.4% | GPU 0.0% | Batch 21/27 (63 tickers)
[2026-04-08 11:18:57 UTC] RAM 31.3% | CPU 95.9% | GPU 64.0% | Batch 21/27 (63 tickers)
[2026-04-08 11:19:58 UTC] RAM 31.4% | CPU 92.6% | GPU 6.0% | Batch 21/27 (63 tickers)
[2026-04-08 11:20:59 UTC] RAM 31.4% | CPU 93.4% | GPU 20.0% | Batch 21/27 (63 tickers)
[2026-04-08 11:22:00 UTC] RAM 31.5% | CPU 98.9% | GPU 10.0% | Batch 21/27 (63 tickers)
[2026-04-08 11:23:01 UTC] RAM 31.5% | CPU 99.2% | GPU 2.0% | Batch 21/27 (63 tickers)
[2026-04-08 11:24:03 UTC] RAM 31.5% | CPU 94.9% | GPU 29.0% | Batch 21/27 (63 tickers)
[2026-04-08 11:25:04 UTC] RAM 31.7% | CPU 73.6% | GPU 91.0% | Batch 21/27 (63 tickers)
[2026-04-08 11:26:05 UTC] RAM 31.6% | CPU 88.1% | GPU 15.0% | Batch 21/27 (63 tickers)
[2026-04-08 11:27:06 UTC] RAM 31.7% | CPU 79.1% | GPU 4.0% | Batch 21/27 (63 tickers)
[2026-04-08 11:28:07 UTC] RAM 31.7% | CPU 77.4% | GPU 82.0% | Batch 21/27 (63 tickers)
[2026-04-08 11:29:08 UTC] RAM 31.8% | CPU 86.3% | GPU 15.0% | Batch 21/27 (63 tickers)
[2026-04-08 11:30:10 UTC] RAM 31.7% | CPU 73.3% | GPU 58.0% | Batch 21/27 (63 tickers)
[2026-04-08 11:31:11 UTC] RAM 31.9% | CPU 82.7% | GPU 37.0% | Batch 21/27 (63 tickers)
[2026-04-08 11:32:12 UTC] RAM 31.8% | CPU 90.3% | GPU 49.0% | Batch 21/27 (63 tickers)
[2026-04-08 11:33:13 UTC] RAM 31.8% | CPU 86.1% | GPU 48.0% | Batch 21/27 (63 tickers)
[2026-04-08 11:34:14 UTC] RAM 31.8% | CPU 87.2% | GPU 9.0% | Batch 21/27 (63 tickers)
[2026-04-08 11:35:15 UTC] RAM 31.8% | CPU 94.4% | GPU 5.0% | Batch 21/27 (63 tickers)
[2026-04-08 11:36:17 UTC] RAM 31.7% | CPU 86.8% | GPU 1.0% | Batch 21/27 (63 tickers)
[2026-04-08 11:37:18 UTC] RAM 31.9% | CPU 70.2% | GPU 0.0% | Batch 21/27 (63 tickers)
[2026-04-08 11:38:19 UTC] RAM 31.8% | CPU 79.8% | GPU 1.0% | Batch 21/27 (63 tickers)
[2026-04-08 11:39:20 UTC] RAM 31.8% | CPU 88.8% | GPU 73.0% | Batch 21/27 (63 tickers)
[2026-04-08 11:40:21 UTC] RAM 31.8% | CPU 92.2% | GPU 12.0% | Batch 21/27 (63 tickers)
[2026-04-08 11:41:22 UTC] RAM 31.8% | CPU 84.6% | GPU 38.0% | Batch 21/27 (63 tickers)
[2026-04-08 11:42:24 UTC] RAM 31.9% | CPU 94.9% | GPU 1.0% | Batch 21/27 (63 tickers)
[2026-04-08 11:43:25 UTC] RAM 32.0% | CPU 90.2% | GPU 0.0% | Batch 21/27 (63 tickers)
[2026-04-08 11:44:26 UTC] RAM 31.9% | CPU 90.3% | GPU 29.0% | Batch 21/27 (63 tickers)
[2026-04-08 11:45:27 UTC] RAM 31.9% | CPU 99.1% | GPU 9.0% | Batch 21/27 (63 tickers)
[2026-04-08 11:46:28 UTC] RAM 32.1% | CPU 87.8% | GPU 1.0% | Batch 21/27 (63 tickers)
[2026-04-08 11:47:30 UTC] RAM 32.0% | CPU 99.1% | GPU 10.0% | Batch 21/27 (63 tickers)
[2026-04-08 11:48:31 UTC] RAM 32.0% | CPU 80.6% | GPU 5.0% | Batch 21/27 (63 tickers)
[2026-04-08 11:49:32 UTC] RAM 32.1% | CPU 86.4% | GPU 42.0% | Batch 21/27 (63 tickers)
[2026-04-08 11:50:33 UTC] RAM 32.0% | CPU 93.3% | GPU 21.0% | Batch 21/27 (63 tickers)
[2026-04-08 11:51:35 UTC] RAM 32.1% | CPU 99.4% | GPU 4.0% | Batch 21/27 (63 tickers)
[2026-04-08 11:52:36 UTC] RAM 32.1% | CPU 80.2% | GPU 6.0% | Batch 21/27 (63 tickers)
[2026-04-08 11:53:37 UTC] RAM 32.1% | CPU 93.5% | GPU 43.0% | Batch 21/27 (63 tickers)
[2026-04-08 11:54:38 UTC] RAM 32.1% | CPU 69.1% | GPU 35.0% | Batch 21/27 (63 tickers)
[2026-04-08 11:55:39 UTC] RAM 32.1% | CPU 87.4% | GPU 63.0% | Batch 21/27 (63 tickers)
[2026-04-08 11:56:41 UTC] RAM 32.1% | CPU 77.2% | GPU 0.0% | Batch 21/27 (63 tickers)
[2026-04-08 11:57:42 UTC] RAM 32.2% | CPU 90.1% | GPU 2.0% | Batch 21/27 (63 tickers)
[2026-04-08 11:58:43 UTC] RAM 32.2% | CPU 85.3% | GPU 0.0% | Batch 21/27 (63 tickers)
[2026-04-08 11:59:44 UTC] RAM 32.2% | CPU 89.1% | GPU 2.0% | Batch 21/27 (63 tickers)
[2026-04-08 12:00:45 UTC] RAM 32.2% | CPU 83.8% | GPU 83.0% | Batch 21/27 (63 tickers)
[2026-04-08 12:01:46 UTC] RAM 32.2% | CPU 96.6% | GPU 16.0% | Batch 21/27 (63 tickers)
[2026-04-08 12:02:48 UTC] RAM 32.2% | CPU 83.7% | GPU 23.0% | Batch 21/27 (63 tickers)
[2026-04-08 12:03:49 UTC] RAM 32.2% | CPU 90.1% | GPU 1.0% | Batch 21/27 (63 tickers)
[2026-04-08 12:04:50 UTC] RAM 32.2% | CPU 90.4% | GPU 26.0% | Batch 21/27 (63 tickers)
[2026-04-08 12:05:51 UTC] RAM 32.2% | CPU 92.5% | GPU 4.0% | Batch 21/27 (63 tickers)
[2026-04-08 12:06:52 UTC] RAM 32.3% | CPU 95.0% | GPU 14.0% | Batch 21/27 (63 tickers)
[2026-04-08 12:07:53 UTC] RAM 32.3% | CPU 97.0% | GPU 23.0% | Batch 21/27 (63 tickers)
[2026-04-08 12:08:55 UTC] RAM 32.3% | CPU 83.9% | GPU 14.0% | Batch 21/27 (63 tickers)
[2026-04-08 12:09:56 UTC] RAM 32.3% | CPU 79.7% | GPU 1.0% | Batch 21/27 (63 tickers)
[2026-04-08 12:10:57 UTC] RAM 32.4% | CPU 81.9% | GPU 6.0% | Batch 21/27 (63 tickers)
[2026-04-08 12:11:58 UTC] RAM 32.0% | CPU 77.4% | GPU 1.0% | Batch 21/27 (63 tickers)
[2026-04-08 12:12:59 UTC] RAM 32.0% | CPU 91.4% | GPU 0.0% | Batch 21/27 (63 tickers)
[2026-04-08 12:14:00 UTC] RAM 32.1% | CPU 78.0% | GPU 0.0% | Batch 21/27 (63 tickers)
[2026-04-08 12:15:01 UTC] RAM 32.1% | CPU 85.1% | GPU 0.0% | Batch 21/27 (63 tickers)
[2026-04-08 12:16:03 UTC] RAM 32.1% | CPU 82.4% | GPU 7.0% | Batch 21/27 (63 tickers)
[2026-04-08 12:17:04 UTC] RAM 32.1% | CPU 71.1% | GPU 0.0% | Batch 21/27 (63 tickers)
[2026-04-08 12:18:05 UTC] RAM 31.8% | CPU 67.8% | GPU 0.0% | Batch 21/27 (63 tickers)
[2026-04-08 12:19:06 UTC] RAM 31.8% | CPU 56.5% | GPU 0.0% | Batch 21/27 (63 tickers)
[2026-04-08 12:20:07 UTC] RAM 31.1% | CPU 88.7% | GPU 17.0% | Batch 22/27 (66 tickers)
[2026-04-08 12:21:08 UTC] RAM 31.1% | CPU 89.1% | GPU 10.0% | Batch 22/27 (66 tickers)
[2026-04-08 12:22:09 UTC] RAM 31.3% | CPU 85.4% | GPU 60.0% | Batch 22/27 (66 tickers)
[2026-04-08 12:23:11 UTC] RAM 31.4% | CPU 90.0% | GPU 61.0% | Batch 22/27 (66 tickers)
[2026-04-08 12:24:12 UTC] RAM 31.4% | CPU 89.7% | GPU 11.0% | Batch 22/27 (66 tickers)
[2026-04-08 12:25:13 UTC] RAM 31.5% | CPU 92.5% | GPU 3.0% | Batch 22/27 (66 tickers)
[2026-04-08 12:26:14 UTC] RAM 31.6% | CPU 92.3% | GPU 14.0% | Batch 22/27 (66 tickers)
[2026-04-08 12:27:15 UTC] RAM 31.7% | CPU 90.0% | GPU 14.0% | Batch 22/27 (66 tickers)
[2026-04-08 12:28:16 UTC] RAM 31.8% | CPU 94.0% | GPU 17.0% | Batch 22/27 (66 tickers)
[2026-04-08 12:29:18 UTC] RAM 31.9% | CPU 93.3% | GPU 28.0% | Batch 22/27 (66 tickers)
[2026-04-08 12:30:19 UTC] RAM 31.8% | CPU 88.9% | GPU 3.0% | Batch 22/27 (66 tickers)
[2026-04-08 12:31:20 UTC] RAM 32.1% | CPU 97.0% | GPU 4.0% | Batch 22/27 (66 tickers)
[2026-04-08 12:32:21 UTC] RAM 32.1% | CPU 92.0% | GPU 9.0% | Batch 22/27 (66 tickers)
[2026-04-08 12:33:22 UTC] RAM 32.1% | CPU 68.1% | GPU 4.0% | Batch 22/27 (66 tickers)
[2026-04-08 12:34:24 UTC] RAM 32.2% | CPU 98.6% | GPU 11.0% | Batch 22/27 (66 tickers)
[2026-04-08 12:35:25 UTC] RAM 32.2% | CPU 93.1% | GPU 63.0% | Batch 22/27 (66 tickers)
[2026-04-08 12:36:26 UTC] RAM 32.3% | CPU 94.0% | GPU 25.0% | Batch 22/27 (66 tickers)
[2026-04-08 12:37:27 UTC] RAM 32.4% | CPU 68.2% | GPU 73.0% | Batch 22/27 (66 tickers)
[2026-04-08 12:38:28 UTC] RAM 32.4% | CPU 98.9% | GPU 27.0% | Batch 22/27 (66 tickers)
[2026-04-08 12:39:29 UTC] RAM 32.6% | CPU 76.2% | GPU 0.0% | Batch 22/27 (66 tickers)
[2026-04-08 12:40:30 UTC] RAM 32.6% | CPU 87.2% | GPU 68.0% | Batch 22/27 (66 tickers)
[2026-04-08 12:41:32 UTC] RAM 32.6% | CPU 84.2% | GPU 1.0% | Batch 22/27 (66 tickers)
[2026-04-08 12:42:33 UTC] RAM 32.7% | CPU 98.5% | GPU 3.0% | Batch 22/27 (66 tickers)
[2026-04-08 12:43:34 UTC] RAM 32.7% | CPU 99.7% | GPU 0.0% | Batch 22/27 (66 tickers)
[2026-04-08 12:44:36 UTC] RAM 32.8% | CPU 94.5% | GPU 13.0% | Batch 22/27 (66 tickers)
[2026-04-08 12:45:37 UTC] RAM 32.9% | CPU 71.9% | GPU 0.0% | Batch 22/27 (66 tickers)
[2026-04-08 12:46:38 UTC] RAM 33.0% | CPU 85.3% | GPU 1.0% | Batch 22/27 (66 tickers)
[2026-04-08 12:47:39 UTC] RAM 32.9% | CPU 91.9% | GPU 1.0% | Batch 22/27 (66 tickers)
[2026-04-08 12:48:40 UTC] RAM 33.0% | CPU 85.6% | GPU 0.0% | Batch 22/27 (66 tickers)
[2026-04-08 12:49:41 UTC] RAM 32.9% | CPU 89.7% | GPU 0.0% | Batch 22/27 (66 tickers)
[2026-04-08 12:50:43 UTC] RAM 33.0% | CPU 89.9% | GPU 0.0% | Batch 22/27 (66 tickers)
[2026-04-08 12:51:44 UTC] RAM 33.0% | CPU 86.1% | GPU 19.0% | Batch 22/27 (66 tickers)
[2026-04-08 12:52:45 UTC] RAM 32.9% | CPU 88.4% | GPU 0.0% | Batch 22/27 (66 tickers)
[2026-04-08 12:53:46 UTC] RAM 32.9% | CPU 76.9% | GPU 2.0% | Batch 22/27 (66 tickers)
[2026-04-08 12:54:47 UTC] RAM 32.9% | CPU 95.1% | GPU 1.0% | Batch 22/27 (66 tickers)
[2026-04-08 12:55:48 UTC] RAM 32.9% | CPU 83.3% | GPU 0.0% | Batch 22/27 (66 tickers)
[2026-04-08 12:56:50 UTC] RAM 32.9% | CPU 91.5% | GPU 0.0% | Batch 22/27 (66 tickers)
[2026-04-08 12:57:51 UTC] RAM 32.9% | CPU 76.0% | GPU 13.0% | Batch 22/27 (66 tickers)
[2026-04-08 12:58:52 UTC] RAM 32.9% | CPU 95.4% | GPU 2.0% | Batch 22/27 (66 tickers)
[2026-04-08 12:59:53 UTC] RAM 32.9% | CPU 84.9% | GPU 1.0% | Batch 22/27 (66 tickers)
[2026-04-08 13:00:54 UTC] RAM 33.0% | CPU 89.1% | GPU 1.0% | Batch 22/27 (66 tickers)
[2026-04-08 13:01:55 UTC] RAM 32.9% | CPU 95.3% | GPU 13.0% | Batch 22/27 (66 tickers)
[2026-04-08 13:02:56 UTC] RAM 32.9% | CPU 89.5% | GPU 27.0% | Batch 22/27 (66 tickers)
[2026-04-08 13:03:58 UTC] RAM 33.0% | CPU 88.0% | GPU 0.0% | Batch 22/27 (66 tickers)
[2026-04-08 13:04:59 UTC] RAM 33.0% | CPU 75.0% | GPU 89.0% | Batch 22/27 (66 tickers)
[2026-04-08 13:06:00 UTC] RAM 33.1% | CPU 95.3% | GPU 8.0% | Batch 22/27 (66 tickers)
[2026-04-08 13:07:01 UTC] RAM 33.1% | CPU 91.7% | GPU 12.0% | Batch 22/27 (66 tickers)
[2026-04-08 13:08:03 UTC] RAM 33.1% | CPU 93.5% | GPU 60.0% | Batch 22/27 (66 tickers)
[2026-04-08 13:09:04 UTC] RAM 33.1% | CPU 76.6% | GPU 90.0% | Batch 22/27 (66 tickers)
[2026-04-08 13:10:05 UTC] RAM 33.2% | CPU 97.8% | GPU 0.0% | Batch 22/27 (66 tickers)
[2026-04-08 13:11:06 UTC] RAM 33.2% | CPU 94.9% | GPU 12.0% | Batch 22/27 (66 tickers)
[2026-04-08 13:12:07 UTC] RAM 33.3% | CPU 99.5% | GPU 14.0% | Batch 22/27 (66 tickers)
[2026-04-08 13:13:08 UTC] RAM 33.2% | CPU 95.4% | GPU 37.0% | Batch 22/27 (66 tickers)
[2026-04-08 13:14:10 UTC] RAM 33.3% | CPU 63.8% | GPU 1.0% | Batch 22/27 (66 tickers)
[2026-04-08 13:15:11 UTC] RAM 33.2% | CPU 71.9% | GPU 0.0% | Batch 22/27 (66 tickers)
[2026-04-08 13:16:12 UTC] RAM 33.3% | CPU 82.9% | GPU 11.0% | Batch 22/27 (66 tickers)
[2026-04-08 13:17:13 UTC] RAM 33.3% | CPU 81.8% | GPU 1.0% | Batch 22/27 (66 tickers)
[2026-04-08 13:18:14 UTC] RAM 33.3% | CPU 91.6% | GPU 14.0% | Batch 22/27 (66 tickers)
[2026-04-08 13:19:16 UTC] RAM 33.3% | CPU 88.9% | GPU 0.0% | Batch 22/27 (66 tickers)
[2026-04-08 13:20:17 UTC] RAM 33.2% | CPU 86.4% | GPU 0.0% | Batch 22/27 (66 tickers)
[2026-04-08 13:21:18 UTC] RAM 33.3% | CPU 91.8% | GPU 38.0% | Batch 22/27 (66 tickers)
[2026-04-08 13:22:19 UTC] RAM 33.3% | CPU 94.7% | GPU 3.0% | Batch 22/27 (66 tickers)
[2026-04-08 13:23:20 UTC] RAM 33.3% | CPU 90.8% | GPU 2.0% | Batch 22/27 (66 tickers)
[2026-04-08 13:24:22 UTC] RAM 33.4% | CPU 97.2% | GPU 22.0% | Batch 22/27 (66 tickers)
[2026-04-08 13:25:23 UTC] RAM 33.3% | CPU 92.2% | GPU 55.0% | Batch 22/27 (66 tickers)
[2026-04-08 13:26:24 UTC] RAM 33.3% | CPU 94.1% | GPU 42.0% | Batch 22/27 (66 tickers)
[2026-04-08 13:27:25 UTC] RAM 33.3% | CPU 78.7% | GPU 41.0% | Batch 22/27 (66 tickers)
[2026-04-08 13:28:26 UTC] RAM 33.3% | CPU 63.2% | GPU 0.0% | Batch 22/27 (66 tickers)
[2026-04-08 13:29:27 UTC] RAM 33.4% | CPU 97.6% | GPU 1.0% | Batch 22/27 (66 tickers)
[2026-04-08 13:30:29 UTC] RAM 33.4% | CPU 91.9% | GPU 21.0% | Batch 22/27 (66 tickers)
[2026-04-08 13:31:30 UTC] RAM 33.5% | CPU 93.8% | GPU 0.0% | Batch 22/27 (66 tickers)
[2026-04-08 13:32:31 UTC] RAM 33.4% | CPU 74.8% | GPU 5.0% | Batch 22/27 (66 tickers)
[2026-04-08 13:33:32 UTC] RAM 33.4% | CPU 60.4% | GPU 80.0% | Batch 22/27 (66 tickers)
[2026-04-08 13:34:33 UTC] RAM 33.5% | CPU 97.5% | GPU 1.0% | Batch 22/27 (66 tickers)
[2026-04-08 13:35:35 UTC] RAM 33.4% | CPU 98.0% | GPU 4.0% | Batch 22/27 (66 tickers)
[2026-04-08 13:36:36 UTC] RAM 33.4% | CPU 62.9% | GPU 0.0% | Batch 22/27 (66 tickers)
[2026-04-08 13:37:37 UTC] RAM 33.5% | CPU 63.6% | GPU 0.0% | Batch 22/27 (66 tickers)
[2026-04-08 13:38:39 UTC] RAM 33.6% | CPU 99.2% | GPU 9.0% | Batch 22/27 (66 tickers)
[2026-04-08 13:39:40 UTC] RAM 33.5% | CPU 69.4% | GPU 91.0% | Batch 22/27 (66 tickers)
[2026-04-08 13:40:41 UTC] RAM 33.6% | CPU 92.7% | GPU 13.0% | Batch 22/27 (66 tickers)
[2026-04-08 13:41:42 UTC] RAM 33.1% | CPU 71.5% | GPU 57.0% | Batch 22/27 (66 tickers)
[2026-04-08 13:42:43 UTC] RAM 30.7% | CPU 87.1% | GPU 3.0% | Batch 23/27 (69 tickers)
[2026-04-08 13:43:44 UTC] RAM 30.8% | CPU 86.9% | GPU 33.0% | Batch 23/27 (69 tickers)
[2026-04-08 13:44:45 UTC] RAM 31.0% | CPU 79.0% | GPU 4.0% | Batch 23/27 (69 tickers)
[2026-04-08 13:45:47 UTC] RAM 31.0% | CPU 87.3% | GPU 15.0% | Batch 23/27 (69 tickers)
[2026-04-08 13:46:48 UTC] RAM 31.1% | CPU 78.7% | GPU 0.0% | Batch 23/27 (69 tickers)
[2026-04-08 13:47:49 UTC] RAM 31.1% | CPU 90.2% | GPU 33.0% | Batch 23/27 (69 tickers)
[2026-04-08 13:48:50 UTC] RAM 31.3% | CPU 95.1% | GPU 1.0% | Batch 23/27 (69 tickers)
[2026-04-08 13:49:51 UTC] RAM 31.3% | CPU 89.4% | GPU 51.0% | Batch 23/27 (69 tickers)
[2026-04-08 13:50:52 UTC] RAM 31.4% | CPU 95.5% | GPU 6.0% | Batch 23/27 (69 tickers)
[2026-04-08 13:51:54 UTC] RAM 31.5% | CPU 96.8% | GPU 0.0% | Batch 23/27 (69 tickers)
[2026-04-08 13:52:55 UTC] RAM 31.5% | CPU 94.2% | GPU 0.0% | Batch 23/27 (69 tickers)
[2026-04-08 13:53:56 UTC] RAM 31.7% | CPU 86.4% | GPU 1.0% | Batch 23/27 (69 tickers)
[2026-04-08 13:54:57 UTC] RAM 31.6% | CPU 92.5% | GPU 20.0% | Batch 23/27 (69 tickers)
[2026-04-08 13:55:58 UTC] RAM 31.7% | CPU 94.6% | GPU 0.0% | Batch 23/27 (69 tickers)
[2026-04-08 13:57:00 UTC] RAM 31.7% | CPU 83.1% | GPU 13.0% | Batch 23/27 (69 tickers)
[2026-04-08 13:58:01 UTC] RAM 31.9% | CPU 94.5% | GPU 0.0% | Batch 23/27 (69 tickers)
[2026-04-08 13:59:02 UTC] RAM 31.9% | CPU 79.2% | GPU 0.0% | Batch 23/27 (69 tickers)
[2026-04-08 14:00:03 UTC] RAM 31.9% | CPU 84.2% | GPU 26.0% | Batch 23/27 (69 tickers)
[2026-04-08 14:01:04 UTC] RAM 32.1% | CPU 80.2% | GPU 1.0% | Batch 23/27 (69 tickers)
[2026-04-08 14:02:05 UTC] RAM 32.1% | CPU 91.5% | GPU 59.0% | Batch 23/27 (69 tickers)
[2026-04-08 14:03:07 UTC] RAM 32.1% | CPU 96.2% | GPU 35.0% | Batch 23/27 (69 tickers)
[2026-04-08 14:04:08 UTC] RAM 32.2% | CPU 92.8% | GPU 4.0% | Batch 23/27 (69 tickers)
[2026-04-08 14:05:09 UTC] RAM 32.3% | CPU 95.6% | GPU 0.0% | Batch 23/27 (69 tickers)
[2026-04-08 14:06:10 UTC] RAM 32.3% | CPU 99.2% | GPU 0.0% | Batch 23/27 (69 tickers)
[2026-04-08 14:07:11 UTC] RAM 32.4% | CPU 99.3% | GPU 1.0% | Batch 23/27 (69 tickers)
[2026-04-08 14:08:12 UTC] RAM 32.4% | CPU 96.5% | GPU 21.0% | Batch 23/27 (69 tickers)
[2026-04-08 14:09:14 UTC] RAM 32.5% | CPU 97.1% | GPU 8.0% | Batch 23/27 (69 tickers)
[2026-04-08 14:10:15 UTC] RAM 32.6% | CPU 84.3% | GPU 7.0% | Batch 23/27 (69 tickers)
[2026-04-08 14:11:16 UTC] RAM 32.5% | CPU 87.1% | GPU 12.0% | Batch 23/27 (69 tickers)
[2026-04-08 14:12:17 UTC] RAM 32.5% | CPU 75.9% | GPU 90.0% | Batch 23/27 (69 tickers)
[2026-04-08 14:13:19 UTC] RAM 32.5% | CPU 87.6% | GPU 0.0% | Batch 23/27 (69 tickers)
[2026-04-08 14:14:20 UTC] RAM 32.5% | CPU 91.3% | GPU 5.0% | Batch 23/27 (69 tickers)
[2026-04-08 14:15:21 UTC] RAM 32.5% | CPU 72.1% | GPU 32.0% | Batch 23/27 (69 tickers)
[2026-04-08 14:16:22 UTC] RAM 32.5% | CPU 95.5% | GPU 12.0% | Batch 23/27 (69 tickers)
[2026-04-08 14:17:23 UTC] RAM 32.5% | CPU 71.4% | GPU 1.0% | Batch 23/27 (69 tickers)
[2026-04-08 14:18:24 UTC] RAM 32.6% | CPU 88.6% | GPU 12.0% | Batch 23/27 (69 tickers)
[2026-04-08 14:19:25 UTC] RAM 32.7% | CPU 68.3% | GPU 0.0% | Batch 23/27 (69 tickers)
[2026-04-08 14:20:27 UTC] RAM 32.5% | CPU 94.9% | GPU 11.0% | Batch 23/27 (69 tickers)
[2026-04-08 14:21:28 UTC] RAM 32.6% | CPU 94.3% | GPU 3.0% | Batch 23/27 (69 tickers)
[2026-04-08 14:22:29 UTC] RAM 32.5% | CPU 86.1% | GPU 25.0% | Batch 23/27 (69 tickers)
[2026-04-08 14:23:30 UTC] RAM 32.5% | CPU 94.5% | GPU 7.0% | Batch 23/27 (69 tickers)
[2026-04-08 14:24:31 UTC] RAM 32.7% | CPU 79.2% | GPU 6.0% | Batch 23/27 (69 tickers)
[2026-04-08 14:25:32 UTC] RAM 32.6% | CPU 80.0% | GPU 10.0% | Batch 23/27 (69 tickers)
[2026-04-08 14:26:34 UTC] RAM 32.6% | CPU 82.1% | GPU 0.0% | Batch 23/27 (69 tickers)
[2026-04-08 14:27:35 UTC] RAM 32.6% | CPU 97.3% | GPU 6.0% | Batch 23/27 (69 tickers)
[2026-04-08 14:28:36 UTC] RAM 32.6% | CPU 74.8% | GPU 35.0% | Batch 23/27 (69 tickers)
[2026-04-08 14:29:37 UTC] RAM 32.7% | CPU 88.4% | GPU 0.0% | Batch 23/27 (69 tickers)
[2026-04-08 14:30:38 UTC] RAM 32.7% | CPU 84.5% | GPU 10.0% | Batch 23/27 (69 tickers)
[2026-04-08 14:31:40 UTC] RAM 32.9% | CPU 86.3% | GPU 0.0% | Batch 23/27 (69 tickers)
[2026-04-08 14:32:41 UTC] RAM 32.7% | CPU 92.5% | GPU 16.0% | Batch 23/27 (69 tickers)
[2026-04-08 14:33:42 UTC] RAM 32.8% | CPU 76.2% | GPU 23.0% | Batch 23/27 (69 tickers)
[2026-04-08 14:34:43 UTC] RAM 32.8% | CPU 99.3% | GPU 1.0% | Batch 23/27 (69 tickers)
[2026-04-08 14:35:44 UTC] RAM 32.9% | CPU 96.6% | GPU 2.0% | Batch 23/27 (69 tickers)
[2026-04-08 14:36:45 UTC] RAM 32.9% | CPU 93.7% | GPU 23.0% | Batch 23/27 (69 tickers)
[2026-04-08 14:37:46 UTC] RAM 33.0% | CPU 94.4% | GPU 2.0% | Batch 23/27 (69 tickers)
[2026-04-08 14:38:48 UTC] RAM 32.9% | CPU 87.5% | GPU 8.0% | Batch 23/27 (69 tickers)
[2026-04-08 14:39:49 UTC] RAM 33.0% | CPU 78.5% | GPU 66.0% | Batch 23/27 (69 tickers)
[2026-04-08 14:40:50 UTC] RAM 32.9% | CPU 77.6% | GPU 86.0% | Batch 23/27 (69 tickers)
[2026-04-08 14:41:51 UTC] RAM 32.9% | CPU 90.4% | GPU 2.0% | Batch 23/27 (69 tickers)
[2026-04-08 14:42:52 UTC] RAM 33.0% | CPU 89.6% | GPU 66.0% | Batch 23/27 (69 tickers)
[2026-04-08 14:43:54 UTC] RAM 32.9% | CPU 92.9% | GPU 5.0% | Batch 23/27 (69 tickers)
[2026-04-08 14:44:55 UTC] RAM 33.0% | CPU 96.4% | GPU 1.0% | Batch 23/27 (69 tickers)
[2026-04-08 14:45:56 UTC] RAM 32.9% | CPU 96.0% | GPU 11.0% | Batch 23/27 (69 tickers)
[2026-04-08 14:46:57 UTC] RAM 33.0% | CPU 91.3% | GPU 80.0% | Batch 23/27 (69 tickers)
[2026-04-08 14:47:58 UTC] RAM 32.9% | CPU 72.2% | GPU 91.0% | Batch 23/27 (69 tickers)
[2026-04-08 14:48:59 UTC] RAM 32.9% | CPU 90.1% | GPU 0.0% | Batch 23/27 (69 tickers)
[2026-04-08 14:50:01 UTC] RAM 32.9% | CPU 64.5% | GPU 0.0% | Batch 23/27 (69 tickers)
[2026-04-08 14:51:02 UTC] RAM 32.9% | CPU 86.7% | GPU 27.0% | Batch 23/27 (69 tickers)
[2026-04-08 14:52:03 UTC] RAM 32.9% | CPU 65.2% | GPU 81.0% | Batch 23/27 (69 tickers)
[2026-04-08 14:53:04 UTC] RAM 32.9% | CPU 87.1% | GPU 35.0% | Batch 23/27 (69 tickers)
[2026-04-08 14:54:06 UTC] RAM 33.1% | CPU 87.3% | GPU 1.0% | Batch 23/27 (69 tickers)
[2026-04-08 14:55:07 UTC] RAM 33.0% | CPU 95.5% | GPU 21.0% | Batch 23/27 (69 tickers)
[2026-04-08 14:56:08 UTC] RAM 33.1% | CPU 91.6% | GPU 0.0% | Batch 23/27 (69 tickers)
[2026-04-08 14:57:09 UTC] RAM 33.1% | CPU 90.4% | GPU 1.0% | Batch 23/27 (69 tickers)
[2026-04-08 14:58:10 UTC] RAM 33.0% | CPU 95.5% | GPU 13.0% | Batch 23/27 (69 tickers)
[2026-04-08 14:59:11 UTC] RAM 33.1% | CPU 93.9% | GPU 15.0% | Batch 23/27 (69 tickers)
[2026-04-08 15:00:13 UTC] RAM 33.1% | CPU 99.5% | GPU 3.0% | Batch 23/27 (69 tickers)
[2026-04-08 15:01:14 UTC] RAM 33.2% | CPU 91.8% | GPU 11.0% | Batch 23/27 (69 tickers)
[2026-04-08 15:02:15 UTC] RAM 33.1% | CPU 99.5% | GPU 7.0% | Batch 23/27 (69 tickers)
[2026-04-08 15:03:16 UTC] RAM 33.2% | CPU 84.3% | GPU 0.0% | Batch 23/27 (69 tickers)
[2026-04-08 15:04:17 UTC] RAM 33.2% | CPU 98.5% | GPU 23.0% | Batch 23/27 (69 tickers)
[2026-04-08 15:05:19 UTC] RAM 32.3% | CPU 63.4% | GPU 5.0% | Batch 23/27 (69 tickers)
[2026-04-08 15:06:20 UTC] RAM 31.3% | CPU 79.6% | GPU 4.0% | Batch 24/27 (72 tickers)
[2026-04-08 15:07:21 UTC] RAM 31.5% | CPU 88.6% | GPU 18.0% | Batch 24/27 (72 tickers)
[2026-04-08 15:08:22 UTC] RAM 31.6% | CPU 77.4% | GPU 2.0% | Batch 24/27 (72 tickers)
[2026-04-08 15:09:23 UTC] RAM 31.6% | CPU 70.3% | GPU 14.0% | Batch 24/27 (72 tickers)
[2026-04-08 15:10:25 UTC] RAM 31.7% | CPU 68.9% | GPU 29.0% | Batch 24/27 (72 tickers)
[2026-04-08 15:11:26 UTC] RAM 31.9% | CPU 89.0% | GPU 9.0% | Batch 24/27 (72 tickers)
[2026-04-08 15:12:27 UTC] RAM 31.7% | CPU 72.3% | GPU 82.0% | Batch 24/27 (72 tickers)
[2026-04-08 15:13:28 UTC] RAM 31.8% | CPU 88.4% | GPU 9.0% | Batch 24/27 (72 tickers)
[2026-04-08 15:14:29 UTC] RAM 31.9% | CPU 93.1% | GPU 17.0% | Batch 24/27 (72 tickers)
[2026-04-08 15:15:30 UTC] RAM 31.9% | CPU 88.3% | GPU 59.0% | Batch 24/27 (72 tickers)
[2026-04-08 15:16:31 UTC] RAM 32.0% | CPU 90.8% | GPU 1.0% | Batch 24/27 (72 tickers)
[2026-04-08 15:17:33 UTC] RAM 32.1% | CPU 93.5% | GPU 9.0% | Batch 24/27 (72 tickers)
[2026-04-08 15:18:34 UTC] RAM 32.1% | CPU 69.8% | GPU 1.0% | Batch 24/27 (72 tickers)
[2026-04-08 15:19:35 UTC] RAM 32.2% | CPU 94.5% | GPU 5.0% | Batch 24/27 (72 tickers)
[2026-04-08 15:20:36 UTC] RAM 32.2% | CPU 85.8% | GPU 6.0% | Batch 24/27 (72 tickers)
[2026-04-08 15:21:37 UTC] RAM 32.3% | CPU 94.0% | GPU 7.0% | Batch 24/27 (72 tickers)
[2026-04-08 15:22:39 UTC] RAM 32.4% | CPU 83.9% | GPU 6.0% | Batch 24/27 (72 tickers)
[2026-04-08 15:23:40 UTC] RAM 32.4% | CPU 95.0% | GPU 1.0% | Batch 24/27 (72 tickers)
[2026-04-08 15:24:41 UTC] RAM 32.5% | CPU 93.2% | GPU 19.0% | Batch 24/27 (72 tickers)
[2026-04-08 15:25:42 UTC] RAM 32.6% | CPU 96.7% | GPU 3.0% | Batch 24/27 (72 tickers)
[2026-04-08 15:26:43 UTC] RAM 32.6% | CPU 97.4% | GPU 1.0% | Batch 24/27 (72 tickers)
[2026-04-08 15:27:44 UTC] RAM 32.8% | CPU 97.5% | GPU 1.0% | Batch 24/27 (72 tickers)
[2026-04-08 15:28:46 UTC] RAM 32.8% | CPU 96.1% | GPU 0.0% | Batch 24/27 (72 tickers)
[2026-04-08 15:29:47 UTC] RAM 32.9% | CPU 75.1% | GPU 0.0% | Batch 24/27 (72 tickers)
[2026-04-08 15:30:48 UTC] RAM 32.8% | CPU 95.5% | GPU 16.0% | Batch 24/27 (72 tickers)
[2026-04-08 15:31:49 UTC] RAM 33.0% | CPU 84.2% | GPU 0.0% | Batch 24/27 (72 tickers)
[2026-04-08 15:32:51 UTC] RAM 32.9% | CPU 66.9% | GPU 90.0% | Batch 24/27 (72 tickers)
[2026-04-08 15:33:52 UTC] RAM 33.0% | CPU 87.2% | GPU 2.0% | Batch 24/27 (72 tickers)
[2026-04-08 15:34:53 UTC] RAM 32.9% | CPU 85.0% | GPU 17.0% | Batch 24/27 (72 tickers)
[2026-04-08 15:35:54 UTC] RAM 33.0% | CPU 80.5% | GPU 2.0% | Batch 24/27 (72 tickers)
[2026-04-08 15:36:55 UTC] RAM 33.0% | CPU 89.3% | GPU 15.0% | Batch 24/27 (72 tickers)
[2026-04-08 15:37:56 UTC] RAM 33.0% | CPU 86.0% | GPU 18.0% | Batch 24/27 (72 tickers)
[2026-04-08 15:38:58 UTC] RAM 33.0% | CPU 81.9% | GPU 2.0% | Batch 24/27 (72 tickers)
[2026-04-08 15:39:59 UTC] RAM 33.0% | CPU 88.5% | GPU 0.0% | Batch 24/27 (72 tickers)
[2026-04-08 15:41:00 UTC] RAM 33.0% | CPU 94.1% | GPU 24.0% | Batch 24/27 (72 tickers)
[2026-04-08 15:42:01 UTC] RAM 33.1% | CPU 90.6% | GPU 0.0% | Batch 24/27 (72 tickers)
[2026-04-08 15:43:02 UTC] RAM 33.0% | CPU 68.1% | GPU 2.0% | Batch 24/27 (72 tickers)
[2026-04-08 15:44:03 UTC] RAM 33.0% | CPU 80.5% | GPU 50.0% | Batch 24/27 (72 tickers)
[2026-04-08 15:45:04 UTC] RAM 33.0% | CPU 86.1% | GPU 1.0% | Batch 24/27 (72 tickers)
[2026-04-08 15:46:06 UTC] RAM 33.1% | CPU 91.4% | GPU 16.0% | Batch 24/27 (72 tickers)
[2026-04-08 15:47:07 UTC] RAM 33.1% | CPU 97.5% | GPU 7.0% | Batch 24/27 (72 tickers)
[2026-04-08 15:48:08 UTC] RAM 33.0% | CPU 77.3% | GPU 0.0% | Batch 24/27 (72 tickers)
[2026-04-08 15:49:09 UTC] RAM 33.1% | CPU 82.5% | GPU 9.0% | Batch 24/27 (72 tickers)
[2026-04-08 15:50:10 UTC] RAM 33.1% | CPU 95.1% | GPU 21.0% | Batch 24/27 (72 tickers)
[2026-04-08 15:51:11 UTC] RAM 33.2% | CPU 81.1% | GPU 10.0% | Batch 24/27 (72 tickers)
[2026-04-08 15:52:13 UTC] RAM 33.1% | CPU 93.2% | GPU 17.0% | Batch 24/27 (72 tickers)
[2026-04-08 15:53:14 UTC] RAM 33.3% | CPU 73.5% | GPU 3.0% | Batch 24/27 (72 tickers)
[2026-04-08 15:54:15 UTC] RAM 33.1% | CPU 95.8% | GPU 7.0% | Batch 24/27 (72 tickers)
[2026-04-08 15:55:16 UTC] RAM 33.2% | CPU 77.5% | GPU 28.0% | Batch 24/27 (72 tickers)
[2026-04-08 15:56:18 UTC] RAM 33.2% | CPU 99.2% | GPU 3.0% | Batch 24/27 (72 tickers)
[2026-04-08 15:57:19 UTC] RAM 33.3% | CPU 94.9% | GPU 4.0% | Batch 24/27 (72 tickers)
[2026-04-08 15:58:20 UTC] RAM 33.3% | CPU 90.4% | GPU 37.0% | Batch 24/27 (72 tickers)
[2026-04-08 15:59:21 UTC] RAM 33.3% | CPU 98.3% | GPU 4.0% | Batch 24/27 (72 tickers)
[2026-04-08 16:00:23 UTC] RAM 33.3% | CPU 85.5% | GPU 16.0% | Batch 24/27 (72 tickers)
[2026-04-08 16:01:24 UTC] RAM 33.3% | CPU 95.8% | GPU 5.0% | Batch 24/27 (72 tickers)
[2026-04-08 16:02:25 UTC] RAM 33.3% | CPU 72.7% | GPU 79.0% | Batch 24/27 (72 tickers)
[2026-04-08 16:03:26 UTC] RAM 33.4% | CPU 79.7% | GPU 69.0% | Batch 24/27 (72 tickers)
[2026-04-08 16:04:27 UTC] RAM 33.3% | CPU 76.2% | GPU 72.0% | Batch 24/27 (72 tickers)
[2026-04-08 16:05:28 UTC] RAM 33.3% | CPU 89.5% | GPU 58.0% | Batch 24/27 (72 tickers)
[2026-04-08 16:06:29 UTC] RAM 33.3% | CPU 92.6% | GPU 9.0% | Batch 24/27 (72 tickers)
[2026-04-08 16:07:30 UTC] RAM 33.3% | CPU 78.9% | GPU 44.0% | Batch 24/27 (72 tickers)
[2026-04-08 16:08:32 UTC] RAM 33.4% | CPU 86.7% | GPU 14.0% | Batch 24/27 (72 tickers)
[2026-04-08 16:09:33 UTC] RAM 33.4% | CPU 90.9% | GPU 5.0% | Batch 24/27 (72 tickers)
[2026-04-08 16:10:34 UTC] RAM 33.3% | CPU 98.8% | GPU 19.0% | Batch 24/27 (72 tickers)
[2026-04-08 16:11:35 UTC] RAM 33.3% | CPU 77.7% | GPU 47.0% | Batch 24/27 (72 tickers)
[2026-04-08 16:12:36 UTC] RAM 33.4% | CPU 98.8% | GPU 13.0% | Batch 24/27 (72 tickers)
[2026-04-08 16:13:37 UTC] RAM 33.4% | CPU 93.9% | GPU 19.0% | Batch 24/27 (72 tickers)
[2026-04-08 16:14:39 UTC] RAM 33.4% | CPU 92.4% | GPU 5.0% | Batch 24/27 (72 tickers)
[2026-04-08 16:15:40 UTC] RAM 33.4% | CPU 70.3% | GPU 5.0% | Batch 24/27 (72 tickers)
[2026-04-08 16:16:41 UTC] RAM 33.4% | CPU 85.9% | GPU 79.0% | Batch 24/27 (72 tickers)
[2026-04-08 16:17:42 UTC] RAM 33.5% | CPU 91.6% | GPU 8.0% | Batch 24/27 (72 tickers)
[2026-04-08 16:18:43 UTC] RAM 33.5% | CPU 92.4% | GPU 4.0% | Batch 24/27 (72 tickers)
[2026-04-08 16:19:44 UTC] RAM 33.4% | CPU 90.8% | GPU 14.0% | Batch 24/27 (72 tickers)
[2026-04-08 16:20:45 UTC] RAM 33.4% | CPU 61.9% | GPU 90.0% | Batch 24/27 (72 tickers)
[2026-04-08 16:21:47 UTC] RAM 33.4% | CPU 74.0% | GPU 3.0% | Batch 24/27 (72 tickers)
[2026-04-08 16:22:48 UTC] RAM 33.5% | CPU 59.0% | GPU 61.0% | Batch 24/27 (72 tickers)
[2026-04-08 16:23:49 UTC] RAM 33.6% | CPU 88.1% | GPU 9.0% | Batch 24/27 (72 tickers)
[2026-04-08 16:24:50 UTC] RAM 33.6% | CPU 91.0% | GPU 4.0% | Batch 24/27 (72 tickers)
[2026-04-08 16:25:52 UTC] RAM 33.6% | CPU 96.2% | GPU 12.0% | Batch 24/27 (72 tickers)
[2026-04-08 16:26:53 UTC] RAM 33.5% | CPU 96.4% | GPU 4.0% | Batch 24/27 (72 tickers)
[2026-04-08 16:27:54 UTC] RAM 33.6% | CPU 93.9% | GPU 16.0% | Batch 24/27 (72 tickers)
[2026-04-08 16:28:55 UTC] RAM 33.7% | CPU 98.6% | GPU 64.0% | Batch 24/27 (72 tickers)
[2026-04-08 16:29:56 UTC] RAM 33.7% | CPU 97.3% | GPU 4.0% | Batch 24/27 (72 tickers)
[2026-04-08 16:30:58 UTC] RAM 33.7% | CPU 72.7% | GPU 5.0% | Batch 24/27 (72 tickers)
[2026-04-08 16:31:59 UTC] RAM 21.9% | CPU 6.3% | GPU 3.0% | Batch 25/27 (75 tickers)
[2026-04-08 16:33:00 UTC] RAM 31.0% | CPU 80.0% | GPU 70.0% | Batch 25/27 (75 tickers)
[2026-04-08 16:34:01 UTC] RAM 31.1% | CPU 81.3% | GPU 74.0% | Batch 25/27 (75 tickers)
[2026-04-08 16:35:02 UTC] RAM 31.2% | CPU 87.8% | GPU 7.0% | Batch 25/27 (75 tickers)
[2026-04-08 16:36:03 UTC] RAM 31.3% | CPU 92.4% | GPU 17.0% | Batch 25/27 (75 tickers)
[2026-04-08 16:37:05 UTC] RAM 31.4% | CPU 92.0% | GPU 10.0% | Batch 25/27 (75 tickers)
[2026-04-08 16:38:06 UTC] RAM 31.4% | CPU 85.9% | GPU 39.0% | Batch 25/27 (75 tickers)
[2026-04-08 16:39:07 UTC] RAM 31.6% | CPU 78.9% | GPU 5.0% | Batch 25/27 (75 tickers)
[2026-04-08 16:40:08 UTC] RAM 31.9% | CPU 87.4% | GPU 49.0% | Batch 25/27 (75 tickers)
[2026-04-08 16:41:10 UTC] RAM 31.8% | CPU 90.8% | GPU 21.0% | Batch 25/27 (75 tickers)
[2026-04-08 16:42:11 UTC] RAM 32.1% | CPU 87.3% | GPU 9.0% | Batch 25/27 (75 tickers)
[2026-04-08 16:43:12 UTC] RAM 31.7% | CPU 83.4% | GPU 49.0% | Batch 25/27 (75 tickers)
[2026-04-08 16:44:13 UTC] RAM 32.1% | CPU 83.5% | GPU 25.0% | Batch 25/27 (75 tickers)
[2026-04-08 16:45:14 UTC] RAM 32.0% | CPU 61.9% | GPU 27.0% | Batch 25/27 (75 tickers)
[2026-04-08 16:46:15 UTC] RAM 31.9% | CPU 74.4% | GPU 4.0% | Batch 25/27 (75 tickers)
[2026-04-08 16:47:17 UTC] RAM 32.0% | CPU 84.4% | GPU 62.0% | Batch 25/27 (75 tickers)
[2026-04-08 16:48:18 UTC] RAM 32.1% | CPU 86.1% | GPU 2.0% | Batch 25/27 (75 tickers)
[2026-04-08 16:49:19 UTC] RAM 32.1% | CPU 98.6% | GPU 10.0% | Batch 25/27 (75 tickers)
[2026-04-08 16:50:20 UTC] RAM 32.2% | CPU 68.8% | GPU 90.0% | Batch 25/27 (75 tickers)
[2026-04-08 16:51:21 UTC] RAM 32.2% | CPU 85.9% | GPU 67.0% | Batch 25/27 (75 tickers)
[2026-04-08 16:52:22 UTC] RAM 32.3% | CPU 94.4% | GPU 12.0% | Batch 25/27 (75 tickers)
[2026-04-08 16:53:24 UTC] RAM 32.4% | CPU 93.8% | GPU 12.0% | Batch 25/27 (75 tickers)
[2026-04-08 16:54:25 UTC] RAM 32.4% | CPU 68.4% | GPU 91.0% | Batch 25/27 (75 tickers)
[2026-04-08 16:55:26 UTC] RAM 32.5% | CPU 97.4% | GPU 2.0% | Batch 25/27 (75 tickers)
[2026-04-08 16:56:27 UTC] RAM 32.6% | CPU 95.3% | GPU 12.0% | Batch 25/27 (75 tickers)
[2026-04-08 16:57:29 UTC] RAM 32.7% | CPU 95.6% | GPU 2.0% | Batch 25/27 (75 tickers)
[2026-04-08 16:58:30 UTC] RAM 32.6% | CPU 97.1% | GPU 4.0% | Batch 25/27 (75 tickers)
[2026-04-08 16:59:31 UTC] RAM 32.6% | CPU 93.2% | GPU 5.0% | Batch 25/27 (75 tickers)
[2026-04-08 17:00:32 UTC] RAM 32.7% | CPU 81.6% | GPU 4.0% | Batch 25/27 (75 tickers)
[2026-04-08 17:01:33 UTC] RAM 32.7% | CPU 88.5% | GPU 10.0% | Batch 25/27 (75 tickers)
[2026-04-08 17:02:35 UTC] RAM 32.9% | CPU 75.7% | GPU 3.0% | Batch 25/27 (75 tickers)
[2026-04-08 17:03:36 UTC] RAM 32.9% | CPU 85.1% | GPU 19.0% | Batch 25/27 (75 tickers)
[2026-04-08 17:04:37 UTC] RAM 32.8% | CPU 81.4% | GPU 12.0% | Batch 25/27 (75 tickers)
[2026-04-08 17:05:38 UTC] RAM 32.9% | CPU 88.2% | GPU 53.0% | Batch 25/27 (75 tickers)
[2026-04-08 17:06:39 UTC] RAM 32.8% | CPU 90.6% | GPU 3.0% | Batch 25/27 (75 tickers)
[2026-04-08 17:07:40 UTC] RAM 32.7% | CPU 85.7% | GPU 41.0% | Batch 25/27 (75 tickers)
[2026-04-08 17:08:42 UTC] RAM 32.7% | CPU 89.2% | GPU 3.0% | Batch 25/27 (75 tickers)
[2026-04-08 17:09:43 UTC] RAM 32.8% | CPU 82.0% | GPU 54.0% | Batch 25/27 (75 tickers)
[2026-04-08 17:10:44 UTC] RAM 32.7% | CPU 93.7% | GPU 31.0% | Batch 25/27 (75 tickers)
[2026-04-08 17:11:45 UTC] RAM 32.8% | CPU 82.2% | GPU 17.0% | Batch 25/27 (75 tickers)
[2026-04-08 17:12:46 UTC] RAM 32.8% | CPU 91.8% | GPU 23.0% | Batch 25/27 (75 tickers)
[2026-04-08 17:13:47 UTC] RAM 32.9% | CPU 94.8% | GPU 3.0% | Batch 25/27 (75 tickers)
[2026-04-08 17:14:49 UTC] RAM 32.9% | CPU 76.4% | GPU 2.0% | Batch 25/27 (75 tickers)
[2026-04-08 17:15:50 UTC] RAM 32.9% | CPU 93.1% | GPU 11.0% | Batch 25/27 (75 tickers)
[2026-04-08 17:16:51 UTC] RAM 32.9% | CPU 65.5% | GPU 2.0% | Batch 25/27 (75 tickers)
[2026-04-08 17:17:52 UTC] RAM 32.8% | CPU 87.4% | GPU 63.0% | Batch 25/27 (75 tickers)
[2026-04-08 17:18:53 UTC] RAM 32.8% | CPU 95.3% | GPU 7.0% | Batch 25/27 (75 tickers)
[2026-04-08 17:19:55 UTC] RAM 32.9% | CPU 91.4% | GPU 53.0% | Batch 25/27 (75 tickers)
[2026-04-08 17:20:56 UTC] RAM 32.9% | CPU 90.7% | GPU 21.0% | Batch 25/27 (75 tickers)
[2026-04-08 17:21:57 UTC] RAM 33.2% | CPU 95.8% | GPU 33.0% | Batch 25/27 (75 tickers)
[2026-04-08 17:22:58 UTC] RAM 33.4% | CPU 84.5% | GPU 55.0% | Batch 25/27 (75 tickers)
[2026-04-08 17:23:59 UTC] RAM 33.1% | CPU 97.7% | GPU 9.0% | Batch 25/27 (75 tickers)
[2026-04-08 17:25:00 UTC] RAM 33.2% | CPU 88.1% | GPU 49.0% | Batch 25/27 (75 tickers)
[2026-04-08 17:26:01 UTC] RAM 34.7% | CPU 96.5% | GPU 33.0% | Batch 25/27 (75 tickers)
[2026-04-08 17:27:03 UTC] RAM 34.6% | CPU 82.2% | GPU 14.0% | Batch 25/27 (75 tickers)
[2026-04-08 17:28:04 UTC] RAM 34.9% | CPU 97.7% | GPU 40.0% | Batch 25/27 (75 tickers)
[2026-04-08 17:29:05 UTC] RAM 35.4% | CPU 90.7% | GPU 7.0% | Batch 25/27 (75 tickers)
[2026-04-08 17:30:06 UTC] RAM 35.0% | CPU 97.7% | GPU 12.0% | Batch 25/27 (75 tickers)
[2026-04-08 17:31:07 UTC] RAM 35.4% | CPU 95.6% | GPU 4.0% | Batch 25/27 (75 tickers)
[2026-04-08 17:32:09 UTC] RAM 35.2% | CPU 86.4% | GPU 29.0% | Batch 25/27 (75 tickers)
[2026-04-08 17:33:10 UTC] RAM 35.1% | CPU 96.8% | GPU 8.0% | Batch 25/27 (75 tickers)
[2026-04-08 17:34:11 UTC] RAM 35.1% | CPU 85.4% | GPU 20.0% | Batch 25/27 (75 tickers)
[2026-04-08 17:35:12 UTC] RAM 35.9% | CPU 85.2% | GPU 15.0% | Batch 25/27 (75 tickers)
[2026-04-08 17:36:13 UTC] RAM 35.8% | CPU 84.1% | GPU 45.0% | Batch 25/27 (75 tickers)
[2026-04-08 17:37:15 UTC] RAM 35.4% | CPU 83.8% | GPU 9.0% | Batch 25/27 (75 tickers)
[2026-04-08 17:38:16 UTC] RAM 35.6% | CPU 83.8% | GPU 6.0% | Batch 25/27 (75 tickers)
[2026-04-08 17:39:17 UTC] RAM 35.6% | CPU 83.5% | GPU 68.0% | Batch 25/27 (75 tickers)
[2026-04-08 17:40:18 UTC] RAM 35.4% | CPU 91.8% | GPU 23.0% | Batch 25/27 (75 tickers)
[2026-04-08 17:41:19 UTC] RAM 35.4% | CPU 93.6% | GPU 42.0% | Batch 25/27 (75 tickers)
[2026-04-08 17:42:20 UTC] RAM 35.4% | CPU 93.1% | GPU 34.0% | Batch 25/27 (75 tickers)
[2026-04-08 17:43:22 UTC] RAM 35.4% | CPU 88.4% | GPU 21.0% | Batch 25/27 (75 tickers)
[2026-04-08 17:44:23 UTC] RAM 35.3% | CPU 65.0% | GPU 47.0% | Batch 25/27 (75 tickers)
[2026-04-08 17:45:24 UTC] RAM 35.3% | CPU 85.0% | GPU 55.0% | Batch 25/27 (75 tickers)
[2026-04-08 17:46:25 UTC] RAM 35.4% | CPU 85.0% | GPU 14.0% | Batch 25/27 (75 tickers)
[2026-04-08 17:47:26 UTC] RAM 35.6% | CPU 66.3% | GPU 37.0% | Batch 25/27 (75 tickers)
[2026-04-08 17:48:27 UTC] RAM 35.4% | CPU 91.3% | GPU 19.0% | Batch 25/27 (75 tickers)
[2026-04-08 17:49:29 UTC] RAM 35.7% | CPU 84.3% | GPU 7.0% | Batch 25/27 (75 tickers)
[2026-04-08 17:50:30 UTC] RAM 35.5% | CPU 84.3% | GPU 3.0% | Batch 25/27 (75 tickers)
[2026-04-08 17:51:31 UTC] RAM 35.7% | CPU 69.2% | GPU 90.0% | Batch 25/27 (75 tickers)
[2026-04-08 17:52:32 UTC] RAM 35.8% | CPU 75.2% | GPU 0.0% | Batch 25/27 (75 tickers)
[2026-04-08 17:53:33 UTC] RAM 35.7% | CPU 86.6% | GPU 0.0% | Batch 25/27 (75 tickers)
[2026-04-08 17:54:35 UTC] RAM 35.8% | CPU 87.7% | GPU 13.0% | Batch 25/27 (75 tickers)
[2026-04-08 17:55:36 UTC] RAM 35.8% | CPU 74.6% | GPU 2.0% | Batch 25/27 (75 tickers)
[2026-04-08 17:56:37 UTC] RAM 35.8% | CPU 63.4% | GPU 0.0% | Batch 25/27 (75 tickers)
[2026-04-08 17:57:39 UTC] RAM 35.9% | CPU 97.2% | GPU 22.0% | Batch 25/27 (75 tickers)
[2026-04-08 17:58:40 UTC] RAM 35.9% | CPU 86.8% | GPU 7.0% | Batch 25/27 (75 tickers)
[2026-04-08 17:59:41 UTC] RAM 35.8% | CPU 82.3% | GPU 64.0% | Batch 25/27 (75 tickers)
[2026-04-08 18:00:42 UTC] RAM 35.6% | CPU 94.7% | GPU 66.0% | Batch 25/27 (75 tickers)
[2026-04-08 18:01:43 UTC] RAM 35.7% | CPU 97.9% | GPU 0.0% | Batch 25/27 (75 tickers)
[2026-04-08 18:02:44 UTC] RAM 35.2% | CPU 91.2% | GPU 23.0% | Batch 25/27 (75 tickers)
[2026-04-08 18:03:46 UTC] RAM 25.0% | CPU 40.6% | GPU 20.0% | Batch 26/27 (78 tickers)
[2026-04-08 18:04:47 UTC] RAM 24.9% | CPU 52.4% | GPU 11.0% | Batch 26/27 (78 tickers)
[2026-04-08 18:05:48 UTC] RAM 25.0% | CPU 51.6% | GPU 2.0% | Batch 26/27 (78 tickers)
[2026-04-08 18:06:49 UTC] RAM 25.1% | CPU 56.9% | GPU 1.0% | Batch 26/27 (78 tickers)
[2026-04-08 18:07:50 UTC] RAM 25.1% | CPU 52.7% | GPU 6.0% | Batch 26/27 (78 tickers)
[2026-04-08 18:08:51 UTC] RAM 25.2% | CPU 66.5% | GPU 0.0% | Batch 26/27 (78 tickers)
[2026-04-08 18:09:52 UTC] RAM 25.2% | CPU 65.4% | GPU 7.0% | Batch 26/27 (78 tickers)
[2026-04-08 18:10:53 UTC] RAM 25.2% | CPU 69.0% | GPU 0.0% | Batch 26/27 (78 tickers)
[2026-04-08 18:11:55 UTC] RAM 25.4% | CPU 51.6% | GPU 13.0% | Batch 26/27 (78 tickers)
[2026-04-08 18:12:56 UTC] RAM 25.5% | CPU 73.1% | GPU 1.0% | Batch 26/27 (78 tickers)
[2026-04-08 18:13:57 UTC] RAM 25.6% | CPU 63.9% | GPU 0.0% | Batch 26/27 (78 tickers)
[2026-04-08 18:14:58 UTC] RAM 25.6% | CPU 41.0% | GPU 10.0% | Batch 26/27 (78 tickers)
[2026-04-08 18:15:59 UTC] RAM 25.5% | CPU 51.0% | GPU 0.0% | Batch 26/27 (78 tickers)
[2026-04-08 18:17:00 UTC] RAM 25.5% | CPU 50.9% | GPU 18.0% | Batch 26/27 (78 tickers)
[2026-04-08 18:18:01 UTC] RAM 25.6% | CPU 52.2% | GPU 1.0% | Batch 26/27 (78 tickers)
[2026-04-08 18:19:03 UTC] RAM 25.6% | CPU 59.7% | GPU 0.0% | Batch 26/27 (78 tickers)
[2026-04-08 18:20:04 UTC] RAM 25.6% | CPU 58.1% | GPU 8.0% | Batch 26/27 (78 tickers)
[2026-04-08 18:21:05 UTC] RAM 25.6% | CPU 54.3% | GPU 1.0% | Batch 26/27 (78 tickers)
[2026-04-08 18:22:06 UTC] RAM 25.6% | CPU 55.8% | GPU 28.0% | Batch 26/27 (78 tickers)
[2026-04-08 18:23:07 UTC] RAM 25.7% | CPU 53.3% | GPU 14.0% | Batch 26/27 (78 tickers)
[2026-04-08 18:24:08 UTC] RAM 25.6% | CPU 71.4% | GPU 0.0% | Batch 26/27 (78 tickers)
[2026-04-08 18:25:09 UTC] RAM 25.7% | CPU 64.2% | GPU 0.0% | Batch 26/27 (78 tickers)
[2026-04-08 18:26:11 UTC] RAM 25.7% | CPU 61.3% | GPU 0.0% | Batch 26/27 (78 tickers)
[2026-04-08 18:27:12 UTC] RAM 25.8% | CPU 33.8% | GPU 6.0% | Batch 26/27 (78 tickers)
[2026-04-08 18:28:13 UTC] RAM 25.7% | CPU 43.9% | GPU 9.0% | Batch 26/27 (78 tickers)
[2026-04-08 18:29:14 UTC] RAM 25.7% | CPU 52.9% | GPU 1.0% | Batch 26/27 (78 tickers)
[2026-04-08 18:30:15 UTC] RAM 25.7% | CPU 46.5% | GPU 21.0% | Batch 26/27 (78 tickers)
[2026-04-08 18:31:16 UTC] RAM 25.7% | CPU 51.3% | GPU 20.0% | Batch 26/27 (78 tickers)
[2026-04-08 18:32:17 UTC] RAM 25.7% | CPU 62.0% | GPU 21.0% | Batch 26/27 (78 tickers)
[2026-04-08 18:33:18 UTC] RAM 25.7% | CPU 53.8% | GPU 0.0% | Batch 26/27 (78 tickers)
[2026-04-08 18:34:20 UTC] RAM 25.7% | CPU 55.7% | GPU 17.0% | Batch 26/27 (78 tickers)
[2026-04-08 18:35:21 UTC] RAM 25.7% | CPU 64.0% | GPU 22.0% | Batch 26/27 (78 tickers)
[2026-04-08 18:36:22 UTC] RAM 25.7% | CPU 52.6% | GPU 15.0% | Batch 26/27 (78 tickers)
[2026-04-08 18:37:23 UTC] RAM 25.8% | CPU 67.6% | GPU 0.0% | Batch 26/27 (78 tickers)
[2026-04-08 18:38:24 UTC] RAM 20.8% | CPU 0.3% | GPU 0.0% | Batch 27/27 (79 tickers)
[2026-04-08 18:39:25 UTC] RAM 20.8% | CPU 0.2% | GPU 1.0% | Batch 27/27 (79 tickers)
[2026-04-08 18:40:26 UTC] RAM 20.8% | CPU 0.0% | GPU 0.0% | Batch 27/27 (79 tickers)
[2026-04-08 18:41:27 UTC] RAM 20.9% | CPU 0.1% | GPU 1.0% | Batch 27/27 (79 tickers)
[2026-04-08 18:42:28 UTC] RAM 20.8% | CPU 0.1% | GPU 0.0% | Batch 27/27 (79 tickers)
[2026-04-08 18:43:30 UTC] RAM 20.8% | CPU 0.1% | GPU 0.0% | Batch 27/27 (79 tickers)
[2026-04-08 18:44:31 UTC] RAM 20.8% | CPU 0.1% | GPU 0.0% | Batch 27/27 (79 tickers)
[2026-04-08 18:45:32 UTC] RAM 20.8% | CPU 0.1% | GPU 1.0% | Batch 27/27 (79 tickers)
[2026-04-08 18:46:33 UTC] RAM 20.8% | CPU 0.0% | GPU 0.0% | Batch 27/27 (79 tickers)
[2026-04-08 18:47:34 UTC] RAM 20.8% | CPU 0.1% | GPU 0.0% | Batch 27/27 (79 tickers)
[2026-04-08 18:48:35 UTC] RAM 20.8% | CPU 0.0% | GPU 0.0% | Batch 27/27 (79 tickers)
[2026-04-08 18:49:36 UTC] RAM 20.8% | CPU 0.1% | GPU 0.0% | Batch 27/27 (79 tickers)
[2026-04-08 18:50:37 UTC] RAM 20.8% | CPU 0.1% | GPU 0.0% | Batch 27/27 (79 tickers)
[2026-04-08 18:51:38 UTC] RAM 20.9% | CPU 0.0% | GPU 1.0% | Batch 27/27 (79 tickers)
[2026-04-08 18:52:39 UTC] RAM 20.9% | CPU 0.1% | GPU 0.0% | Batch 27/27 (79 tickers)
[2026-04-08 18:53:41 UTC] RAM 20.9% | CPU 0.0% | GPU 0.0% | Batch 27/27 (79 tickers)
[2026-04-08 18:54:42 UTC] RAM 20.9% | CPU 0.2% | GPU 0.0% | Batch 27/27 (79 tickers)
[2026-04-08 18:55:43 UTC] RAM 20.9% | CPU 0.1% | GPU 0.0% | Batch 27/27 (79 tickers)
[2026-04-08 18:56:44 UTC] RAM 20.9% | CPU 0.1% | GPU 1.0% | Batch 27/27 (79 tickers)
[2026-04-08 18:57:45 UTC] RAM 20.9% | CPU 0.0% | GPU 0.0% | Batch 27/27 (79 tickers)
[2026-04-08 18:58:46 UTC] RAM 20.9% | CPU 0.1% | GPU 0.0% | Batch 27/27 (79 tickers)
[2026-04-08 18:59:47 UTC] RAM 20.9% | CPU 0.1% | GPU 0.0% | Batch 27/27 (79 tickers)
[2026-04-08 19:00:48 UTC] RAM 20.9% | CPU 0.0% | GPU 0.0% | Batch 27/27 (79 tickers)
[2026-04-08 19:01:49 UTC] RAM 20.9% | CPU 0.1% | GPU 0.0% | Batch 27/27 (79 tickers)
[2026-04-08 19:02:51 UTC] RAM 20.8% | CPU 0.0% | GPU 0.0% | Batch 27/27 (79 tickers)
[2026-04-08 19:03:52 UTC] RAM 20.8% | CPU 0.0% | GPU 0.0% | Batch 27/27 (79 tickers)
[2026-04-08 19:04:53 UTC] RAM 20.9% | CPU 0.2% | GPU 0.0% | Batch 27/27 (79 tickers)
[2026-04-08 19:05:54 UTC] RAM 20.9% | CPU 0.1% | GPU 0.0% | Batch 27/27 (79 tickers)
[2026-04-08 19:06:55 UTC] RAM 20.9% | CPU 0.0% | GPU 0.0% | Batch 27/27 (79 tickers)
[2026-04-08 19:07:56 UTC] RAM 20.9% | CPU 0.1% | GPU 0.0% | Batch 27/27 (79 tickers)
[2026-04-08 19:08:57 UTC] RAM 20.9% | CPU 0.1% | GPU 0.0% | Batch 27/27 (79 tickers)
[2026-04-08 19:09:58 UTC] RAM 20.9% | CPU 0.1% | GPU 0.0% | Batch 27/27 (79 tickers)
[2026-04-08 19:10:59 UTC] RAM 20.9% | CPU 0.4% | GPU 1.0% | Batch 27/27 (79 tickers)
[2026-04-08 19:12:00 UTC] RAM 20.8% | CPU 0.3% | GPU 1.0% | Batch 27/27 (79 tickers)
[2026-04-08 19:13:02 UTC] RAM 20.8% | CPU 0.2% | GPU 0.0% | Batch 27/27 (79 tickers)
[2026-04-08 19:14:03 UTC] RAM 20.8% | CPU 0.4% | GPU 0.0% | Batch 27/27 (79 tickers)
[2026-04-08 19:15:04 UTC] RAM 20.9% | CPU 0.4% | GPU 0.0% | Batch 27/27 (79 tickers)
[2026-04-08 19:16:05 UTC] RAM 20.9% | CPU 0.3% | GPU 0.0% | Batch 27/27 (79 tickers)
[2026-04-08 19:17:06 UTC] RAM 20.9% | CPU 0.3% | GPU 0.0% | Batch 27/27 (79 tickers)
[2026-04-08 19:18:07 UTC] RAM 20.9% | CPU 0.4% | GPU 0.0% | Batch 27/27 (79 tickers)
[2026-04-08 19:19:08 UTC] RAM 20.8% | CPU 0.7% | GPU 0.0% | Batch 27/27 (79 tickers)
[2026-04-08 19:20:09 UTC] RAM 20.9% | CPU 0.4% | GPU 0.0% | Batch 27/27 (79 tickers)
[2026-04-08 19:21:10 UTC] RAM 20.8% | CPU 0.2% | GPU 0.0% | Batch 27/27 (79 tickers)
[2026-04-08 19:22:11 UTC] RAM 20.8% | CPU 0.4% | GPU 0.0% | Batch 27/27 (79 tickers)
[2026-04-08 19:23:13 UTC] RAM 20.9% | CPU 0.4% | GPU 0.0% | Batch 27/27 (79 tickers)
[2026-04-08 19:24:14 UTC] RAM 20.9% | CPU 0.3% | GPU 0.0% | Batch 27/27 (79 tickers)
[2026-04-08 19:25:15 UTC] RAM 20.9% | CPU 0.3% | GPU 0.0% | Batch 27/27 (79 tickers)
[2026-04-08 19:26:16 UTC] RAM 20.8% | CPU 0.5% | GPU 0.0% | Batch 27/27 (79 tickers)
[2026-04-08 19:27:17 UTC] RAM 20.9% | CPU 0.3% | GPU 0.0% | Batch 27/27 (79 tickers)
[2026-04-08 19:28:18 UTC] RAM 20.9% | CPU 0.4% | GPU 1.0% | Batch 27/27 (79 tickers)
[2026-04-08 19:29:19 UTC] RAM 20.8% | CPU 0.4% | GPU 0.0% | Batch 27/27 (79 tickers)
[2026-04-08 19:30:20 UTC] RAM 20.8% | CPU 0.3% | GPU 0.0% | Batch 27/27 (79 tickers)
[2026-04-08 19:31:21 UTC] RAM 20.8% | CPU 0.4% | GPU 0.0% | Batch 27/27 (79 tickers)
[2026-04-08 19:32:23 UTC] RAM 20.8% | CPU 0.4% | GPU 0.0% | Batch 27/27 (79 tickers)
[2026-04-08 19:33:24 UTC] RAM 20.9% | CPU 0.3% | GPU 0.0% | Batch 27/27 (79 tickers)
[2026-04-08 19:34:25 UTC] RAM 20.9% | CPU 0.4% | GPU 0.0% | Batch 27/27 (79 tickers)
[2026-04-08 19:35:26 UTC] RAM 20.9% | CPU 0.3% | GPU 0.0% | Batch 27/27 (79 tickers)
[2026-04-08 19:36:27 UTC] RAM 20.9% | CPU 0.1% | GPU 0.0% | Batch 27/27 (79 tickers)
[2026-04-08 19:37:28 UTC] RAM 20.9% | CPU 0.2% | GPU 0.0% | Batch 27/27 (79 tickers)
[2026-04-08 19:38:29 UTC] RAM 20.9% | CPU 0.2% | GPU 0.0% | Batch 27/27 (79 tickers)
[2026-04-08 19:39:30 UTC] RAM 20.9% | CPU 0.3% | GPU 0.0% | Batch 27/27 (79 tickers)
[2026-04-08 19:40:31 UTC] RAM 20.9% | CPU 0.4% | GPU 0.0% | Batch 27/27 (79 tickers)
[2026-04-08 19:41:33 UTC] RAM 20.9% | CPU 0.3% | GPU 0.0% | Batch 27/27 (79 tickers)
[2026-04-08 19:42:34 UTC] RAM 20.9% | CPU 0.2% | GPU 0.0% | Batch 27/27 (79 tickers)
[2026-04-08 19:43:35 UTC] RAM 20.8% | CPU 0.3% | GPU 0.0% | Batch 27/27 (79 tickers)
[2026-04-08 19:44:36 UTC] RAM 20.8% | CPU 0.2% | GPU 0.0% | Batch 27/27 (79 tickers)
[2026-04-08 19:45:37 UTC] RAM 20.9% | CPU 0.2% | GPU 0.0% | Batch 27/27 (79 tickers)
[2026-04-08 19:46:38 UTC] RAM 20.9% | CPU 0.3% | GPU 0.0% | Batch 27/27 (79 tickers)
[2026-04-08 19:47:39 UTC] RAM 20.9% | CPU 0.3% | GPU 0.0% | Batch 27/27 (79 tickers)
[2026-04-08 19:48:40 UTC] RAM 20.8% | CPU 0.1% | GPU 0.0% | Batch 27/27 (79 tickers)
[2026-04-08 19:49:41 UTC] RAM 20.9% | CPU 0.4% | GPU 0.0% | Batch 27/27 (79 tickers)
[2026-04-08 19:50:43 UTC] RAM 20.9% | CPU 0.4% | GPU 0.0% | Batch 27/27 (79 tickers)
[2026-04-08 19:51:44 UTC] RAM 20.8% | CPU 0.3% | GPU 0.0% | Batch 27/27 (79 tickers)
[2026-04-08 19:52:45 UTC] RAM 20.9% | CPU 0.3% | GPU 0.0% | Batch 27/27 (79 tickers)
[2026-04-08 19:53:46 UTC] RAM 20.9% | CPU 0.4% | GPU 0.0% | Batch 27/27 (79 tickers)
[2026-04-08 19:54:47 UTC] RAM 20.9% | CPU 0.4% | GPU 0.0% | Batch 27/27 (79 tickers)
[2026-04-08 19:55:48 UTC] RAM 20.9% | CPU 0.4% | GPU 0.0% | Batch 27/27 (79 tickers)
[2026-04-08 19:56:49 UTC] RAM 20.9% | CPU 0.4% | GPU 0.0% | Batch 27/27 (79 tickers)
[2026-04-08 19:57:50 UTC] RAM 20.9% | CPU 0.3% | GPU 0.0% | Batch 27/27 (79 tickers)
[2026-04-08 19:58:51 UTC] RAM 20.9% | CPU 0.4% | GPU 1.0% | Batch 27/27 (79 tickers)
[2026-04-08 19:59:52 UTC] RAM 20.9% | CPU 0.2% | GPU 0.0% | Batch 27/27 (79 tickers)
[2026-04-08 20:00:54 UTC] RAM 20.9% | CPU 0.2% | GPU 0.0% | Batch 27/27 (79 tickers)
[2026-04-08 20:01:55 UTC] RAM 20.9% | CPU 0.2% | GPU 0.0% | Batch 27/27 (79 tickers)
[2026-04-08 20:02:56 UTC] RAM 20.9% | CPU 0.4% | GPU 0.0% | Batch 27/27 (79 tickers)
[2026-04-08 20:03:57 UTC] RAM 20.9% | CPU 0.3% | GPU 0.0% | Batch 27/27 (79 tickers)
[2026-04-08 20:04:58 UTC] RAM 20.9% | CPU 0.4% | GPU 0.0% | Batch 27/27 (79 tickers)
[2026-04-08 20:05:59 UTC] RAM 20.9% | CPU 0.4% | GPU 0.0% | Batch 27/27 (79 tickers)
[2026-04-08 20:07:00 UTC] RAM 20.9% | CPU 0.2% | GPU 0.0% | Batch 27/27 (79 tickers)
[2026-04-08 20:08:01 UTC] RAM 20.9% | CPU 0.4% | GPU 0.0% | Batch 27/27 (79 tickers)
[2026-04-08 20:09:02 UTC] RAM 20.9% | CPU 0.5% | GPU 0.0% | Batch 27/27 (79 tickers)
[2026-04-08 20:10:04 UTC] RAM 20.9% | CPU 0.4% | GPU 0.0% | Batch 27/27 (79 tickers)
[2026-04-08 20:11:05 UTC] RAM 20.8% | CPU 0.4% | GPU 0.0% | Batch 27/27 (79 tickers)
[2026-04-08 20:12:06 UTC] RAM 20.9% | CPU 0.3% | GPU 0.0% | Batch 27/27 (79 tickers)
[2026-04-08 20:13:07 UTC] RAM 20.9% | CPU 0.3% | GPU 0.0% | Batch 27/27 (79 tickers)
[2026-04-08 20:14:08 UTC] RAM 20.9% | CPU 0.4% | GPU 0.0% | Batch 27/27 (79 tickers)
[2026-04-08 20:15:09 UTC] RAM 20.9% | CPU 0.4% | GPU 0.0% | Batch 27/27 (79 tickers)
[2026-04-08 20:16:10 UTC] RAM 20.9% | CPU 0.2% | GPU 0.0% | Batch 27/27 (79 tickers)
[2026-04-08 20:17:11 UTC] RAM 20.9% | CPU 0.2% | GPU 0.0% | Batch 27/27 (79 tickers)
[2026-04-08 20:18:12 UTC] RAM 20.9% | CPU 0.2% | GPU 0.0% | Batch 27/27 (79 tickers)
[2026-04-08 20:19:13 UTC] RAM 20.9% | CPU 0.1% | GPU 0.0% | Batch 27/27 (79 tickers)
[2026-04-08 20:20:15 UTC] RAM 20.9% | CPU 0.1% | GPU 0.0% | Batch 27/27 (79 tickers)
[2026-04-08 20:21:16 UTC] RAM 20.9% | CPU 0.0% | GPU 0.0% | Batch 27/27 (79 tickers)
[2026-04-08 20:22:17 UTC] RAM 20.9% | CPU 0.1% | GPU 0.0% | Batch 27/27 (79 tickers)
[2026-04-08 20:23:18 UTC] RAM 20.9% | CPU 0.0% | GPU 0.0% | Batch 27/27 (79 tickers)
[2026-04-08 20:24:19 UTC] RAM 20.9% | CPU 0.1% | GPU 0.0% | Batch 27/27 (79 tickers)
[2026-04-08 20:25:20 UTC] RAM 20.9% | CPU 0.1% | GPU 0.0% | Batch 27/27 (79 tickers)
[2026-04-08 20:26:21 UTC] RAM 20.9% | CPU 0.1% | GPU 0.0% | Batch 27/27 (79 tickers)
[2026-04-08 20:27:22 UTC] RAM 20.9% | CPU 0.1% | GPU 0.0% | Batch 27/27 (79 tickers)
[2026-04-08 20:28:23 UTC] RAM 20.9% | CPU 0.0% | GPU 0.0% | Batch 27/27 (79 tickers)
[2026-04-08 20:29:25 UTC] RAM 20.9% | CPU 0.1% | GPU 0.0% | Batch 27/27 (79 tickers)
[2026-04-08 20:30:26 UTC] RAM 20.9% | CPU 0.0% | GPU 0.0% | Batch 27/27 (79 tickers)
[2026-04-08 20:31:27 UTC] RAM 20.9% | CPU 0.1% | GPU 0.0% | Batch 27/27 (79 tickers)
[2026-04-08 20:32:28 UTC] RAM 20.9% | CPU 0.1% | GPU 0.0% | Batch 27/27 (79 tickers)
[2026-04-08 20:33:29 UTC] RAM 20.9% | CPU 0.1% | GPU 0.0% | Batch 27/27 (79 tickers)
[2026-04-08 20:34:30 UTC] RAM 20.9% | CPU 0.0% | GPU 0.0% | Batch 27/27 (79 tickers)
[2026-04-08 20:35:31 UTC] RAM 20.9% | CPU 0.1% | GPU 1.0% | Batch 27/27 (79 tickers)
[2026-04-08 20:36:32 UTC] RAM 20.9% | CPU 0.1% | GPU 0.0% | Batch 27/27 (79 tickers)
[2026-04-08 20:37:33 UTC] RAM 20.9% | CPU 0.1% | GPU 0.0% | Batch 27/27 (79 tickers)
[2026-04-08 20:38:34 UTC] RAM 20.9% | CPU 0.2% | GPU 0.0% | Batch 27/27 (79 tickers)
[2026-04-08 20:39:36 UTC] RAM 20.9% | CPU 0.1% | GPU 0.0% | Batch 27/27 (79 tickers)
[2026-04-08 20:40:37 UTC] RAM 20.9% | CPU 0.0% | GPU 0.0% | Batch 27/27 (79 tickers)
[2026-04-08 20:41:38 UTC] RAM 20.9% | CPU 0.1% | GPU 0.0% | Batch 27/27 (79 tickers)
[2026-04-08 20:42:39 UTC] RAM 20.9% | CPU 0.1% | GPU 0.0% | Batch 27/27 (79 tickers)
[2026-04-08 20:43:40 UTC] RAM 20.9% | CPU 0.0% | GPU 0.0% | Batch 27/27 (79 tickers)
[2026-04-08 20:44:41 UTC] RAM 20.9% | CPU 0.0% | GPU 0.0% | Batch 27/27 (79 tickers)
[2026-04-08 20:45:42 UTC] RAM 20.9% | CPU 0.0% | GPU 0.0% | Batch 27/27 (79 tickers)
[2026-04-08 20:46:43 UTC] RAM 20.9% | CPU 0.0% | GPU 0.0% | Batch 27/27 (79 tickers)
[2026-04-08 20:47:44 UTC] RAM 20.9% | CPU 0.1% | GPU 0.0% | Batch 27/27 (79 tickers)
[2026-04-08 20:48:46 UTC] RAM 20.9% | CPU 0.1% | GPU 0.0% | Batch 27/27 (79 tickers)
[2026-04-08 20:49:47 UTC] RAM 20.9% | CPU 0.1% | GPU 0.0% | Batch 27/27 (79 tickers)
[2026-04-08 20:50:48 UTC] RAM 20.9% | CPU 0.0% | GPU 0.0% | Batch 27/27 (79 tickers)
[2026-04-08 20:51:49 UTC] RAM 20.9% | CPU 0.1% | GPU 0.0% | Batch 27/27 (79 tickers)
[2026-04-08 20:52:50 UTC] RAM 20.9% | CPU 0.1% | GPU 0.0% | Batch 27/27 (79 tickers)
[2026-04-08 20:53:51 UTC] RAM 20.9% | CPU 0.1% | GPU 0.0% | Batch 27/27 (79 tickers)
[2026-04-08 20:54:52 UTC] RAM 21.0% | CPU 0.2% | GPU 0.0% | Batch 27/27 (79 tickers)
[2026-04-08 20:55:53 UTC] RAM 20.9% | CPU 0.1% | GPU 0.0% | Batch 27/27 (79 tickers)
[2026-04-08 20:56:54 UTC] RAM 20.9% | CPU 0.0% | GPU 1.0% | Batch 27/27 (79 tickers)
[2026-04-08 20:57:56 UTC] RAM 20.9% | CPU 0.1% | GPU 0.0% | Batch 27/27 (79 tickers)
[2026-04-08 20:58:57 UTC] RAM 20.9% | CPU 0.1% | GPU 0.0% | Batch 27/27 (79 tickers)
[2026-04-08 20:59:58 UTC] RAM 20.9% | CPU 0.1% | GPU 0.0% | Batch 27/27 (79 tickers)
[2026-04-08 21:00:59 UTC] RAM 20.9% | CPU 0.1% | GPU 0.0% | Batch 27/27 (79 tickers)
[2026-04-08 21:02:00 UTC] RAM 20.9% | CPU 0.1% | GPU 0.0% | Batch 27/27 (79 tickers)
[2026-04-08 21:03:01 UTC] RAM 20.9% | CPU 0.1% | GPU 0.0% | Batch 27/27 (79 tickers)
[2026-04-08 21:04:02 UTC] RAM 20.9% | CPU 0.1% | GPU 0.0% | Batch 27/27 (79 tickers)
[2026-04-08 21:05:03 UTC] RAM 20.9% | CPU 0.2% | GPU 0.0% | Batch 27/27 (79 tickers)
[2026-04-08 21:06:04 UTC] RAM 20.9% | CPU 0.1% | GPU 1.0% | Batch 27/27 (79 tickers)
[2026-04-08 21:07:05 UTC] RAM 20.9% | CPU 0.1% | GPU 0.0% | Batch 27/27 (79 tickers)
[2026-04-08 21:08:07 UTC] RAM 20.9% | CPU 0.1% | GPU 0.0% | Batch 27/27 (79 tickers)
[2026-04-08 21:09:08 UTC] RAM 20.9% | CPU 0.1% | GPU 0.0% | Batch 27/27 (79 tickers)
[2026-04-08 21:10:09 UTC] RAM 20.9% | CPU 0.0% | GPU 0.0% | Batch 27/27 (79 tickers)
[2026-04-08 21:11:10 UTC] RAM 20.9% | CPU 0.1% | GPU 0.0% | Batch 27/27 (79 tickers)
[2026-04-08 21:12:11 UTC] RAM 20.9% | CPU 0.1% | GPU 0.0% | Batch 27/27 (79 tickers)
[2026-04-08 21:13:12 UTC] RAM 20.8% | CPU 0.1% | GPU 0.0% | Batch 27/27 (79 tickers)
[2026-04-08 21:14:13 UTC] RAM 20.9% | CPU 0.0% | GPU 0.0% | Batch 27/27 (79 tickers)
[2026-04-08 21:15:14 UTC] RAM 20.9% | CPU 0.1% | GPU 0.0% | Batch 27/27 (79 tickers)
[2026-04-08 21:16:15 UTC] RAM 20.9% | CPU 0.0% | GPU 0.0% | Batch 27/27 (79 tickers)
[2026-04-08 21:17:16 UTC] RAM 20.9% | CPU 0.1% | GPU 0.0% | Batch 27/27 (79 tickers)
[2026-04-08 21:18:18 UTC] RAM 20.9% | CPU 0.1% | GPU 0.0% | Batch 27/27 (79 tickers)
[2026-04-08 21:19:19 UTC] RAM 20.9% | CPU 0.2% | GPU 1.0% | Batch 27/27 (79 tickers)
[2026-04-08 21:20:20 UTC] RAM 20.9% | CPU 0.1% | GPU 0.0% | Batch 27/27 (79 tickers)
[2026-04-08 21:21:21 UTC] RAM 20.9% | CPU 0.1% | GPU 0.0% | Batch 27/27 (79 tickers)
[2026-04-08 21:22:22 UTC] RAM 20.9% | CPU 0.1% | GPU 0.0% | Batch 27/27 (79 tickers)
[2026-04-08 21:23:23 UTC] RAM 20.9% | CPU 0.1% | GPU 0.0% | Batch 27/27 (79 tickers)
[2026-04-08 21:24:24 UTC] RAM 20.9% | CPU 0.1% | GPU 0.0% | Batch 27/27 (79 tickers)
[2026-04-08 21:25:25 UTC] RAM 20.9% | CPU 0.1% | GPU 0.0% | Batch 27/27 (79 tickers)
[2026-04-08 21:26:26 UTC] RAM 20.9% | CPU 0.0% | GPU 0.0% | Batch 27/27 (79 tickers)
[2026-04-08 21:27:27 UTC] RAM 20.9% | CPU 0.4% | GPU 1.0% | Batch 27/27 (79 tickers)
[2026-04-08 21:28:29 UTC] RAM 20.9% | CPU 0.2% | GPU 0.0% | Batch 27/27 (79 tickers)
[2026-04-08 21:29:30 UTC] RAM 20.9% | CPU 0.2% | GPU 0.0% | Batch 27/27 (79 tickers)
[2026-04-08 21:30:31 UTC] RAM 20.9% | CPU 0.3% | GPU 0.0% | Batch 27/27 (79 tickers)
[2026-04-08 21:31:32 UTC] RAM 20.9% | CPU 0.4% | GPU 0.0% | Batch 27/27 (79 tickers)
[2026-04-08 21:32:33 UTC] RAM 20.9% | CPU 0.4% | GPU 0.0% | Batch 27/27 (79 tickers)
[2026-04-08 21:33:34 UTC] RAM 20.9% | CPU 0.4% | GPU 0.0% | Batch 27/27 (79 tickers)
[2026-04-08 21:34:35 UTC] RAM 20.9% | CPU 0.3% | GPU 0.0% | Batch 27/27 (79 tickers)
[2026-04-08 21:35:36 UTC] RAM 20.9% | CPU 0.4% | GPU 0.0% | Batch 27/27 (79 tickers)
[2026-04-08 21:36:37 UTC] RAM 20.9% | CPU 0.4% | GPU 0.0% | Batch 27/27 (79 tickers)
[2026-04-08 21:37:39 UTC] RAM 20.9% | CPU 0.2% | GPU 0.0% | Batch 27/27 (79 tickers)
[2026-04-08 21:38:40 UTC] RAM 20.9% | CPU 0.3% | GPU 0.0% | Batch 27/27 (79 tickers)
[2026-04-08 21:39:41 UTC] RAM 20.8% | CPU 0.4% | GPU 0.0% | Batch 27/27 (79 tickers)
[2026-04-08 21:40:42 UTC] RAM 20.9% | CPU 0.3% | GPU 1.0% | Batch 27/27 (79 tickers)
[2026-04-08 21:41:43 UTC] RAM 20.9% | CPU 0.4% | GPU 1.0% | Batch 27/27 (79 tickers)
[2026-04-08 21:42:44 UTC] RAM 20.9% | CPU 0.4% | GPU 0.0% | Batch 27/27 (79 tickers)
[2026-04-08 21:43:45 UTC] RAM 20.9% | CPU 0.2% | GPU 0.0% | Batch 27/27 (79 tickers)
[2026-04-08 21:44:46 UTC] RAM 20.9% | CPU 0.3% | GPU 0.0% | Batch 27/27 (79 tickers)
[2026-04-08 21:45:47 UTC] RAM 20.9% | CPU 0.3% | GPU 0.0% | Batch 27/27 (79 tickers)
[2026-04-08 21:46:48 UTC] RAM 20.9% | CPU 0.3% | GPU 1.0% | Batch 27/27 (79 tickers)
[2026-04-08 21:47:50 UTC] RAM 20.9% | CPU 0.3% | GPU 0.0% | Batch 27/27 (79 tickers)
[2026-04-08 21:48:51 UTC] RAM 20.9% | CPU 0.3% | GPU 0.0% | Batch 27/27 (79 tickers)
[2026-04-08 21:49:52 UTC] RAM 20.9% | CPU 0.4% | GPU 0.0% | Batch 27/27 (79 tickers)
[2026-04-08 21:50:53 UTC] RAM 20.9% | CPU 0.4% | GPU 0.0% | Batch 27/27 (79 tickers)
[2026-04-08 21:51:54 UTC] RAM 20.9% | CPU 0.4% | GPU 0.0% | Batch 27/27 (79 tickers)
[2026-04-08 21:52:55 UTC] RAM 20.9% | CPU 0.3% | GPU 0.0% | Batch 27/27 (79 tickers)
[2026-04-08 21:53:56 UTC] RAM 20.9% | CPU 0.3% | GPU 0.0% | Batch 27/27 (79 tickers)
[2026-04-08 21:54:57 UTC] RAM 39.3% | CPU 0.4% | GPU 0.0% | Batch 27/27 (79 tickers)
[2026-04-08 21:55:58 UTC] RAM 21.0% | CPU 0.4% | GPU 0.0% | Batch 27/27 (79 tickers)
[2026-04-08 21:56:59 UTC] RAM 21.0% | CPU 0.3% | GPU 0.0% | Batch 27/27 (79 tickers)
[2026-04-08 21:58:01 UTC] RAM 21.0% | CPU 0.2% | GPU 0.0% | Batch 27/27 (79 tickers)
[2026-04-08 21:59:02 UTC] RAM 20.9% | CPU 0.3% | GPU 1.0% | Batch 27/27 (79 tickers)
[2026-04-08 22:00:03 UTC] RAM 20.9% | CPU 0.2% | GPU 0.0% | Batch 27/27 (79 tickers)
[2026-04-08 22:01:04 UTC] RAM 20.9% | CPU 0.4% | GPU 0.0% | Batch 27/27 (79 tickers)
[2026-04-08 22:02:05 UTC] RAM 21.0% | CPU 0.4% | GPU 0.0% | Batch 27/27 (79 tickers)
[2026-04-08 22:03:06 UTC] RAM 20.9% | CPU 0.4% | GPU 0.0% | Batch 27/27 (79 tickers)
[2026-04-08 22:04:07 UTC] RAM 20.9% | CPU 0.2% | GPU 0.0% | Batch 27/27 (79 tickers)
[2026-04-08 22:05:08 UTC] RAM 21.0% | CPU 0.3% | GPU 0.0% | Batch 27/27 (79 tickers)
[2026-04-08 22:06:09 UTC] RAM 21.0% | CPU 0.3% | GPU 0.0% | Batch 27/27 (79 tickers)
[2026-04-08 22:07:11 UTC] RAM 20.9% | CPU 0.4% | GPU 0.0% | Batch 27/27 (79 tickers)
[2026-04-08 22:08:12 UTC] RAM 21.0% | CPU 0.4% | GPU 0.0% | Batch 27/27 (79 tickers)
[2026-04-08 22:09:13 UTC] RAM 20.9% | CPU 0.3% | GPU 0.0% | Batch 27/27 (79 tickers)
[2026-04-08 22:10:14 UTC] RAM 20.9% | CPU 0.4% | GPU 0.0% | Batch 27/27 (79 tickers)
[2026-04-08 22:11:15 UTC] RAM 21.0% | CPU 0.3% | GPU 0.0% | Batch 27/27 (79 tickers)
[2026-04-08 22:12:16 UTC] RAM 20.9% | CPU 0.5% | GPU 0.0% | Batch 27/27 (79 tickers)
[2026-04-08 22:13:17 UTC] RAM 20.9% | CPU 0.4% | GPU 0.0% | Batch 27/27 (79 tickers)
[2026-04-08 22:14:18 UTC] RAM 20.9% | CPU 0.3% | GPU 0.0% | Batch 27/27 (79 tickers)
[2026-04-08 22:15:19 UTC] RAM 21.2% | CPU 0.6% | GPU 3.0% | Batch 27/27 (79 tickers)
[2026-04-08 22:16:21 UTC] RAM 21.3% | CPU 5.1% | GPU 5.0% | Batch 27/27 (79 tickers)
[2026-04-08 22:17:22 UTC] RAM 21.1% | CPU 0.1% | GPU 3.0% | Batch 27/27 (79 tickers)
[2026-04-08 22:18:23 UTC] RAM 21.1% | CPU 2.2% | GPU 4.0% | Batch 27/27 (79 tickers)
[2026-04-08 22:19:24 UTC] RAM 21.1% | CPU 0.9% | GPU 3.0% | Batch 27/27 (79 tickers)
[2026-04-08 22:20:25 UTC] RAM 21.1% | CPU 1.7% | GPU 4.0% | Batch 27/27 (79 tickers)
[2026-04-08 22:21:26 UTC] RAM 21.1% | CPU 1.3% | GPU 3.0% | Batch 27/27 (79 tickers)
[2026-04-08 22:22:27 UTC] RAM 21.1% | CPU 0.3% | GPU 3.0% | Batch 27/27 (79 tickers)
[2026-04-08 22:23:28 UTC] RAM 21.1% | CPU 1.2% | GPU 3.0% | Batch 27/27 (79 tickers)
[2026-04-08 22:24:29 UTC] RAM 21.1% | CPU 1.0% | GPU 3.0% | Batch 27/27 (79 tickers)
[2026-04-08 22:25:30 UTC] RAM 21.1% | CPU 0.2% | GPU 3.0% | Batch 27/27 (79 tickers)
[2026-04-08 22:26:32 UTC] RAM 21.1% | CPU 1.9% | GPU 3.0% | Batch 27/27 (79 tickers)
[2026-04-08 22:27:33 UTC] RAM 21.1% | CPU 1.6% | GPU 9.0% | Batch 27/27 (79 tickers)
[2026-04-08 22:28:34 UTC] RAM 21.1% | CPU 0.8% | GPU 3.0% | Batch 27/27 (79 tickers)
[2026-04-08 22:29:35 UTC] RAM 21.1% | CPU 1.1% | GPU 4.0% | Batch 27/27 (79 tickers)
[2026-04-08 22:30:36 UTC] RAM 21.1% | CPU 1.2% | GPU 3.0% | Batch 27/27 (79 tickers)
[2026-04-08 22:31:37 UTC] RAM 21.1% | CPU 0.9% | GPU 3.0% | Batch 27/27 (79 tickers)
[2026-04-08 22:32:38 UTC] RAM 21.3% | CPU 0.9% | GPU 3.0% | Batch 27/27 (79 tickers)
[2026-04-08 22:33:39 UTC] RAM 18.4% | CPU 1.2% | GPU 3.0% | Batch 27/27 (79 tickers)
[2026-04-08 22:34:40 UTC] RAM 18.5% | CPU 1.4% | GPU 3.0% | Batch 27/27 (79 tickers)
[2026-04-08 22:35:41 UTC] RAM 18.6% | CPU 1.1% | GPU 3.0% | Batch 27/27 (79 tickers)
[2026-04-08 22:36:43 UTC] RAM 18.4% | CPU 0.2% | GPU 2.0% | Batch 27/27 (79 tickers)
[2026-04-08 22:37:44 UTC] RAM 18.4% | CPU 0.1% | GPU 2.0% | Batch 27/27 (79 tickers)
[2026-04-08 22:38:45 UTC] RAM 18.4% | CPU 0.1% | GPU 2.0% | Batch 27/27 (79 tickers)
[2026-04-08 22:39:46 UTC] RAM 18.4% | CPU 0.1% | GPU 2.0% | Batch 27/27 (79 tickers)
[2026-04-08 22:40:47 UTC] RAM 18.4% | CPU 0.5% | GPU 2.0% | Batch 27/27 (79 tickers)
[2026-04-08 22:41:48 UTC] RAM 18.5% | CPU 1.0% | GPU 3.0% | Batch 27/27 (79 tickers)
[2026-04-08 22:42:49 UTC] RAM 18.4% | CPU 0.8% | GPU 8.0% | Batch 27/27 (79 tickers)
[2026-04-08 22:43:50 UTC] RAM 18.5% | CPU 0.1% | GPU 8.0% | Batch 27/27 (79 tickers)
[2026-04-08 22:44:51 UTC] RAM 18.4% | CPU 0.0% | GPU 8.0% | Batch 27/27 (79 tickers)
[2026-04-08 22:45:52 UTC] RAM 18.5% | CPU 0.7% | GPU 3.0% | Batch 27/27 (79 tickers)
[2026-04-08 22:46:54 UTC] RAM 18.5% | CPU 1.5% | GPU 7.0% | Batch 27/27 (79 tickers)
[2026-04-08 22:47:55 UTC] RAM 18.4% | CPU 0.4% | GPU 3.0% | Batch 27/27 (79 tickers)
[2026-04-08 22:48:56 UTC] RAM 18.4% | CPU 0.4% | GPU 7.0% | Batch 27/27 (79 tickers)
[2026-04-08 22:49:57 UTC] RAM 18.4% | CPU 0.3% | GPU 2.0% | Batch 27/27 (79 tickers)
[2026-04-08 22:50:58 UTC] RAM 18.4% | CPU 0.3% | GPU 2.0% | Batch 27/27 (79 tickers)
[2026-04-08 22:51:59 UTC] RAM 18.5% | CPU 0.3% | GPU 8.0% | Batch 27/27 (79 tickers)
[2026-04-08 22:53:00 UTC] RAM 18.5% | CPU 0.2% | GPU 2.0% | Batch 27/27 (79 tickers)
[2026-04-08 22:54:01 UTC] RAM 18.5% | CPU 0.2% | GPU 2.0% | Batch 27/27 (79 tickers)
[2026-04-08 22:55:02 UTC] RAM 18.5% | CPU 0.4% | GPU 2.0% | Batch 27/27 (79 tickers)
[2026-04-08 22:56:04 UTC] RAM 18.7% | CPU 1.2% | GPU 3.0% | Batch 27/27 (79 tickers)
[2026-04-08 22:57:05 UTC] RAM 18.9% | CPU 1.4% | GPU 2.0% | Batch 27/27 (79 tickers)
[2026-04-08 22:58:06 UTC] RAM 18.8% | CPU 5.6% | GPU 3.0% | Batch 27/27 (79 tickers)
[2026-04-08 22:59:07 UTC] RAM 18.8% | CPU 1.1% | GPU 3.0% | Batch 27/27 (79 tickers)
[2026-04-08 23:00:08 UTC] RAM 18.6% | CPU 0.2% | GPU 2.0% | Batch 27/27 (79 tickers)
[2026-04-08 23:01:09 UTC] RAM 18.6% | CPU 0.0% | GPU 2.0% | Batch 27/27 (79 tickers)
[2026-04-08 23:02:10 UTC] RAM 18.6% | CPU 0.1% | GPU 2.0% | Batch 27/27 (79 tickers)
[2026-04-08 23:03:11 UTC] RAM 18.6% | CPU 0.1% | GPU 3.0% | Batch 27/27 (79 tickers)
[2026-04-08 23:04:12 UTC] RAM 18.6% | CPU 0.0% | GPU 2.0% | Batch 27/27 (79 tickers)
[2026-04-08 23:05:13 UTC] RAM 18.6% | CPU 0.1% | GPU 3.0% | Batch 27/27 (79 tickers)
[2026-04-08 23:06:14 UTC] RAM 18.5% | CPU 0.0% | GPU 3.0% | Batch 27/27 (79 tickers)
[2026-04-08 23:07:16 UTC] RAM 18.6% | CPU 0.1% | GPU 2.0% | Batch 27/27 (79 tickers)
[2026-04-08 23:08:17 UTC] RAM 18.5% | CPU 0.2% | GPU 2.0% | Batch 27/27 (79 tickers)
[2026-04-08 23:09:18 UTC] RAM 18.5% | CPU 0.1% | GPU 3.0% | Batch 27/27 (79 tickers)
[2026-04-08 23:10:19 UTC] RAM 18.5% | CPU 0.1% | GPU 3.0% | Batch 27/27 (79 tickers)
[2026-04-08 23:11:20 UTC] RAM 18.5% | CPU 0.1% | GPU 3.0% | Batch 27/27 (79 tickers)
[2026-04-08 23:12:21 UTC] RAM 18.5% | CPU 0.1% | GPU 3.0% | Batch 27/27 (79 tickers)
[2026-04-08 23:13:22 UTC] RAM 18.5% | CPU 0.1% | GPU 3.0% | Batch 27/27 (79 tickers)
[2026-04-08 23:14:23 UTC] RAM 18.5% | CPU 0.1% | GPU 3.0% | Batch 27/27 (79 tickers)
[2026-04-08 23:15:24 UTC] RAM 18.5% | CPU 0.0% | GPU 3.0% | Batch 27/27 (79 tickers)
[2026-04-08 23:16:26 UTC] RAM 18.5% | CPU 0.0% | GPU 3.0% | Batch 27/27 (79 tickers)
[2026-04-08 23:17:27 UTC] RAM 18.5% | CPU 0.1% | GPU 3.0% | Batch 27/27 (79 tickers)
[2026-04-08 23:18:28 UTC] RAM 18.5% | CPU 0.0% | GPU 2.0% | Batch 27/27 (79 tickers)
[2026-04-08 23:19:29 UTC] RAM 18.5% | CPU 0.1% | GPU 2.0% | Batch 27/27 (79 tickers)
[2026-04-08 23:20:30 UTC] RAM 18.5% | CPU 0.1% | GPU 2.0% | Batch 27/27 (79 tickers)
[2026-04-08 23:21:31 UTC] RAM 18.5% | CPU 0.0% | GPU 2.0% | Batch 27/27 (79 tickers)
[2026-04-08 23:22:32 UTC] RAM 18.5% | CPU 0.0% | GPU 2.0% | Batch 27/27 (79 tickers)
[2026-04-08 23:23:33 UTC] RAM 18.5% | CPU 0.1% | GPU 3.0% | Batch 27/27 (79 tickers)
[2026-04-08 23:24:34 UTC] RAM 18.5% | CPU 0.0% | GPU 3.0% | Batch 27/27 (79 tickers)
[2026-04-08 23:25:36 UTC] RAM 18.5% | CPU 0.0% | GPU 2.0% | Batch 27/27 (79 tickers)
[2026-04-08 23:26:37 UTC] RAM 18.5% | CPU 0.1% | GPU 2.0% | Batch 27/27 (79 tickers)
[2026-04-08 23:27:38 UTC] RAM 18.5% | CPU 0.3% | GPU 2.0% | Batch 27/27 (79 tickers)
[2026-04-08 23:28:39 UTC] RAM 18.5% | CPU 0.3% | GPU 2.0% | Batch 27/27 (79 tickers)
[2026-04-08 23:29:40 UTC] RAM 18.5% | CPU 0.2% | GPU 2.0% | Batch 27/27 (79 tickers)
[2026-04-08 23:30:41 UTC] RAM 18.5% | CPU 0.4% | GPU 2.0% | Batch 27/27 (79 tickers)
[2026-04-08 23:31:42 UTC] RAM 18.8% | CPU 3.6% | GPU 3.0% | Batch 27/27 (79 tickers)
[2026-04-08 23:32:43 UTC] RAM 18.6% | CPU 1.7% | GPU 4.0% | Batch 27/27 (79 tickers)
[2026-04-08 23:33:44 UTC] RAM 18.7% | CPU 1.0% | GPU 3.0% | Batch 27/27 (79 tickers)
[2026-04-08 23:34:45 UTC] RAM 18.6% | CPU 1.4% | GPU 3.0% | Batch 27/27 (79 tickers)
[2026-04-08 23:35:47 UTC] RAM 18.6% | CPU 1.1% | GPU 3.0% | Batch 27/27 (79 tickers)
[2026-04-08 23:36:48 UTC] RAM 18.7% | CPU 0.8% | GPU 3.0% | Batch 27/27 (79 tickers)
[2026-04-08 23:37:49 UTC] RAM 18.8% | CPU 1.4% | GPU 4.0% | Batch 27/27 (79 tickers)
[2026-04-08 23:38:50 UTC] RAM 18.9% | CPU 2.3% | GPU 3.0% | Batch 27/27 (79 tickers)
[2026-04-08 23:39:51 UTC] RAM 18.8% | CPU 0.6% | GPU 2.0% | Batch 27/27 (79 tickers)
[2026-04-08 23:40:52 UTC] RAM 18.8% | CPU 0.4% | GPU 2.0% | Batch 27/27 (79 tickers)
[2026-04-08 23:41:53 UTC] RAM 18.8% | CPU 0.4% | GPU 2.0% | Batch 27/27 (79 tickers)
[2026-04-08 23:42:54 UTC] RAM 18.7% | CPU 0.2% | GPU 2.0% | Batch 27/27 (79 tickers)
[2026-04-08 23:43:55 UTC] RAM 18.7% | CPU 0.1% | GPU 2.0% | Batch 27/27 (79 tickers)
[2026-04-08 23:44:56 UTC] RAM 18.7% | CPU 0.1% | GPU 2.0% | Batch 27/27 (79 tickers)
[2026-04-08 23:45:57 UTC] RAM 18.7% | CPU 0.1% | GPU 2.0% | Batch 27/27 (79 tickers)
[2026-04-08 23:46:59 UTC] RAM 18.7% | CPU 0.2% | GPU 2.0% | Batch 27/27 (79 tickers)
[2026-04-08 23:48:00 UTC] RAM 18.7% | CPU 0.2% | GPU 2.0% | Batch 27/27 (79 tickers)
[2026-04-08 23:49:01 UTC] RAM 18.7% | CPU 0.1% | GPU 3.0% | Batch 27/27 (79 tickers)
[2026-04-08 23:50:02 UTC] RAM 18.7% | CPU 0.3% | GPU 2.0% | Batch 27/27 (79 tickers)
[2026-04-08 23:51:03 UTC] RAM 18.7% | CPU 0.3% | GPU 3.0% | Batch 27/27 (79 tickers)
[2026-04-08 23:52:04 UTC] RAM 18.8% | CPU 0.3% | GPU 2.0% | Batch 27/27 (79 tickers)
[2026-04-08 23:53:05 UTC] RAM 18.7% | CPU 1.0% | GPU 2.0% | Batch 27/27 (79 tickers)
[2026-04-08 23:54:06 UTC] RAM 18.7% | CPU 0.5% | GPU 3.0% | Batch 27/27 (79 tickers)
[2026-04-08 23:55:07 UTC] RAM 18.7% | CPU 0.0% | GPU 2.0% | Batch 27/27 (79 tickers)
[2026-04-08 23:56:09 UTC] RAM 18.7% | CPU 0.2% | GPU 5.0% | Batch 27/27 (79 tickers)
[2026-04-08 23:57:10 UTC] RAM 18.7% | CPU 0.1% | GPU 2.0% | Batch 27/27 (79 tickers)
[2026-04-08 23:58:11 UTC] RAM 18.7% | CPU 0.0% | GPU 4.0% | Batch 27/27 (79 tickers)
[2026-04-08 23:59:12 UTC] RAM 18.7% | CPU 0.2% | GPU 2.0% | Batch 27/27 (79 tickers)
[2026-04-09 00:00:13 UTC] RAM 18.7% | CPU 0.9% | GPU 3.0% | Batch 27/27 (79 tickers)
