ticker,horizon,step,feature,importance
LMT,21,0,rv_5d,0.0
LMT,21,0,rv_10d,0.044993
LMT,21,0,rv_21d,0.133983
LMT,21,0,rv_63d,0.024664
LMT,21,0,rv_126d,0.024062
LMT,21,0,ewma_vol,0.009894
LMT,21,0,garch_cond_vol,0.0
LMT,21,0,ret_TARGET,0.0
LMT,21,0,tech_RSI,0.009011
LMT,21,0,tech_MACD_hist,0.012465
LMT,21,0,ret_VIXY,0.0
LMT,21,0,mom21_VIXY,0.0
LMT,21,0,ret_HYG,0.0
LMT,21,0,mom21_HYG,0.092966
LMT,21,0,ret_USO,0.0
LMT,21,0,mom21_USO,0.0
LMT,21,0,ret_TLT,0.0
LMT,21,0,mom21_TLT,0.011341
LMT,21,0,ret_UUP,0.0
LMT,21,0,mom21_UUP,0.0
LMT,21,0,ret_SPY,0.0
LMT,21,0,mom21_SPY,0.01954
LMT,21,0,vol_vel,0.0
LMT,21,0,vol_of_vol,0.012165
LMT,21,0,vol_regime_zscore,0.009563
LMT,21,0,vol_chg_21d,0.010113
LMT,21,0,event_fed_gravity,0.109276
LMT,21,0,event_earn_gravity,0.0
LMT,21,0,event_div_gravity,0.0
LMT,21,0,event_cpi_gravity,0.058696
LMT,21,0,event_nfp_gravity,0.074572
LMT,21,0,put_call_skew_30d,0.015193
LMT,21,0,term_structure_slope,0.01965
LMT,21,0,vrp_wedge,0.0
LMT,21,0,iv_atm_z_score,0.026161
LMT,21,0,macro_yield_curve_slope,0.049875
LMT,21,0,macro_hy_spread,0.018264
LMT,21,0,macro_hy_spread_chg_5d,0.011074
LMT,21,0,macro_breakeven_5y,0.010777
LMT,21,0,macro_inflation_fwd_5y5y,0.020276
LMT,21,0,macro_inflation_fwd_chg_21d,0.030722
LMT,21,0,macro_inflation_fwd_abs_chg_21d,0.0
LMT,21,0,macro_inflation_fwd_chg_63d,0.02912
LMT,21,0,macro_inflation_fwd_zscore,0.013847
LMT,21,0,macro_dollar_ret,0.0
LMT,21,0,beta_spy,0.031268
LMT,21,0,res_vol,0.021037
LMT,21,0,res_vol_vel,0.0
LMT,21,0,price_regime,0.019089
LMT,21,0,corr_sector_21d,0.026339
LMT,21,0,corr_sector_252d,0.0
LMT,21,0,sector_wedge,0.0
LMT,21,1,rv_5d,0.118688
LMT,21,1,rv_10d,0.008567
LMT,21,1,rv_21d,0.076388
LMT,21,1,rv_63d,0.017534
LMT,21,1,rv_126d,0.015027
LMT,21,1,ewma_vol,0.018625
LMT,21,1,garch_cond_vol,0.010611
LMT,21,1,ret_TARGET,0.0
LMT,21,1,tech_RSI,0.0
LMT,21,1,tech_MACD_hist,0.015124
LMT,21,1,ret_VIXY,0.0
LMT,21,1,mom21_VIXY,0.00775
LMT,21,1,ret_HYG,0.0
LMT,21,1,mom21_HYG,0.007585
LMT,21,1,ret_USO,0.0
LMT,21,1,mom21_USO,0.010877
LMT,21,1,ret_TLT,0.0
LMT,21,1,mom21_TLT,0.01162
LMT,21,1,ret_UUP,0.0
LMT,21,1,mom21_UUP,0.0
LMT,21,1,ret_SPY,0.0
LMT,21,1,mom21_SPY,0.02277
LMT,21,1,vol_vel,0.0077
LMT,21,1,vol_of_vol,0.009818
LMT,21,1,vol_regime_zscore,0.008973
LMT,21,1,vol_chg_21d,0.008671
LMT,21,1,event_fed_gravity,0.085692
LMT,21,1,event_earn_gravity,0.0
LMT,21,1,event_div_gravity,0.0
LMT,21,1,event_cpi_gravity,0.040232
LMT,21,1,event_nfp_gravity,0.059337
LMT,21,1,put_call_skew_30d,0.015002
LMT,21,1,term_structure_slope,0.026338
LMT,21,1,vrp_wedge,0.0
LMT,21,1,iv_atm_z_score,0.0262
LMT,21,1,macro_yield_curve_slope,0.053836
LMT,21,1,macro_hy_spread,0.040595
LMT,21,1,macro_hy_spread_chg_5d,0.012634
LMT,21,1,macro_breakeven_5y,0.011268
LMT,21,1,macro_inflation_fwd_5y5y,0.064535
LMT,21,1,macro_inflation_fwd_chg_21d,0.036115
LMT,21,1,macro_inflation_fwd_abs_chg_21d,0.0
LMT,21,1,macro_inflation_fwd_chg_63d,0.024319
LMT,21,1,macro_inflation_fwd_zscore,0.018354
LMT,21,1,macro_dollar_ret,0.0
LMT,21,1,beta_spy,0.0246
LMT,21,1,res_vol,0.017093
LMT,21,1,res_vol_vel,0.0
LMT,21,1,price_regime,0.014398
LMT,21,1,corr_sector_21d,0.035118
LMT,21,1,corr_sector_252d,0.008381
LMT,21,1,sector_wedge,0.009626
LMT,21,2,rv_5d,0.124712
LMT,21,2,rv_10d,0.01002
LMT,21,2,rv_21d,0.06304
LMT,21,2,rv_63d,0.017851
LMT,21,2,rv_126d,0.015986
LMT,21,2,ewma_vol,0.02791
LMT,21,2,garch_cond_vol,0.011436
LMT,21,2,ret_TARGET,0.0
LMT,21,2,tech_RSI,0.0
LMT,21,2,tech_MACD_hist,0.010756
LMT,21,2,ret_VIXY,0.0
LMT,21,2,mom21_VIXY,0.0
LMT,21,2,ret_HYG,0.0
LMT,21,2,mom21_HYG,0.010283
LMT,21,2,ret_USO,0.0
LMT,21,2,mom21_USO,0.019089
LMT,21,2,ret_TLT,0.0
LMT,21,2,mom21_TLT,0.009011
LMT,21,2,ret_UUP,0.0
LMT,21,2,mom21_UUP,0.011866
LMT,21,2,ret_SPY,0.0
LMT,21,2,mom21_SPY,0.024998
LMT,21,2,vol_vel,0.008126
LMT,21,2,vol_of_vol,0.030587
LMT,21,2,vol_regime_zscore,0.008889
LMT,21,2,vol_chg_21d,0.009529
LMT,21,2,event_fed_gravity,0.076537
LMT,21,2,event_earn_gravity,0.0
LMT,21,2,event_div_gravity,0.0
LMT,21,2,event_cpi_gravity,0.058383
LMT,21,2,event_nfp_gravity,0.067311
LMT,21,2,put_call_skew_30d,0.010898
LMT,21,2,term_structure_slope,0.021214
LMT,21,2,vrp_wedge,0.0
LMT,21,2,iv_atm_z_score,0.025082
LMT,21,2,macro_yield_curve_slope,0.03586
LMT,21,2,macro_hy_spread,0.023767
LMT,21,2,macro_hy_spread_chg_5d,0.010943
LMT,21,2,macro_breakeven_5y,0.010894
LMT,21,2,macro_inflation_fwd_5y5y,0.037757
LMT,21,2,macro_inflation_fwd_chg_21d,0.056317
LMT,21,2,macro_inflation_fwd_abs_chg_21d,0.0
LMT,21,2,macro_inflation_fwd_chg_63d,0.0236
LMT,21,2,macro_inflation_fwd_zscore,0.021254
LMT,21,2,macro_dollar_ret,0.0
LMT,21,2,beta_spy,0.023373
LMT,21,2,res_vol,0.021487
LMT,21,2,res_vol_vel,0.009415
LMT,21,2,price_regime,0.009711
LMT,21,2,corr_sector_21d,0.024595
LMT,21,2,corr_sector_252d,0.008431
LMT,21,2,sector_wedge,0.009082
LMT,21,3,rv_5d,0.129573
LMT,21,3,rv_10d,0.010833
LMT,21,3,rv_21d,0.028199
LMT,21,3,rv_63d,0.015346
LMT,21,3,rv_126d,0.02008
LMT,21,3,ewma_vol,0.057051
LMT,21,3,garch_cond_vol,0.018605
LMT,21,3,ret_TARGET,0.0
LMT,21,3,tech_RSI,0.0
LMT,21,3,tech_MACD_hist,0.016641
LMT,21,3,ret_VIXY,0.0
LMT,21,3,mom21_VIXY,0.007891
LMT,21,3,ret_HYG,0.0
LMT,21,3,mom21_HYG,0.0
LMT,21,3,ret_USO,0.0
LMT,21,3,mom21_USO,0.018323
LMT,21,3,ret_TLT,0.0
LMT,21,3,mom21_TLT,0.009433
LMT,21,3,ret_UUP,0.0
LMT,21,3,mom21_UUP,0.016466
LMT,21,3,ret_SPY,0.0
LMT,21,3,mom21_SPY,0.027409
LMT,21,3,vol_vel,0.0
LMT,21,3,vol_of_vol,0.014225
LMT,21,3,vol_regime_zscore,0.010597
LMT,21,3,vol_chg_21d,0.010032
LMT,21,3,event_fed_gravity,0.089502
LMT,21,3,event_earn_gravity,0.0
LMT,21,3,event_div_gravity,0.0
LMT,21,3,event_cpi_gravity,0.058343
LMT,21,3,event_nfp_gravity,0.071715
LMT,21,3,put_call_skew_30d,0.0
LMT,21,3,term_structure_slope,0.022788
LMT,21,3,vrp_wedge,0.0
LMT,21,3,iv_atm_z_score,0.030022
LMT,21,3,macro_yield_curve_slope,0.042471
LMT,21,3,macro_hy_spread,0.029389
LMT,21,3,macro_hy_spread_chg_5d,0.00966
LMT,21,3,macro_breakeven_5y,0.010245
LMT,21,3,macro_inflation_fwd_5y5y,0.016313
LMT,21,3,macro_inflation_fwd_chg_21d,0.050112
LMT,21,3,macro_inflation_fwd_abs_chg_21d,0.0
LMT,21,3,macro_inflation_fwd_chg_63d,0.02204
LMT,21,3,macro_inflation_fwd_zscore,0.018967
LMT,21,3,macro_dollar_ret,0.0
LMT,21,3,beta_spy,0.026885
LMT,21,3,res_vol,0.023545
LMT,21,3,res_vol_vel,0.009914
LMT,21,3,price_regime,0.012429
LMT,21,3,corr_sector_21d,0.023478
LMT,21,3,corr_sector_252d,0.011035
LMT,21,3,sector_wedge,0.010445
LMT,21,4,rv_5d,0.114851
LMT,21,4,rv_10d,0.047552
LMT,21,4,rv_21d,0.015533
LMT,21,4,rv_63d,0.01768
LMT,21,4,rv_126d,0.020899
LMT,21,4,ewma_vol,0.02248
LMT,21,4,garch_cond_vol,0.019137
LMT,21,4,ret_TARGET,0.0
LMT,21,4,tech_RSI,0.011617
LMT,21,4,tech_MACD_hist,0.012976
LMT,21,4,ret_VIXY,0.0
LMT,21,4,mom21_VIXY,0.0
LMT,21,4,ret_HYG,0.0
LMT,21,4,mom21_HYG,0.0
LMT,21,4,ret_USO,0.0
LMT,21,4,mom21_USO,0.02522
LMT,21,4,ret_TLT,0.0
LMT,21,4,mom21_TLT,0.009595
LMT,21,4,ret_UUP,0.0
LMT,21,4,mom21_UUP,0.020332
LMT,21,4,ret_SPY,0.0
LMT,21,4,mom21_SPY,0.023967
LMT,21,4,vol_vel,0.0
LMT,21,4,vol_of_vol,0.009312
LMT,21,4,vol_regime_zscore,0.009648
LMT,21,4,vol_chg_21d,0.010493
LMT,21,4,event_fed_gravity,0.090732
LMT,21,4,event_earn_gravity,0.0
LMT,21,4,event_div_gravity,0.0
LMT,21,4,event_cpi_gravity,0.059294
LMT,21,4,event_nfp_gravity,0.100964
LMT,21,4,put_call_skew_30d,0.010534
LMT,21,4,term_structure_slope,0.028103
LMT,21,4,vrp_wedge,0.0
LMT,21,4,iv_atm_z_score,0.02555
LMT,21,4,macro_yield_curve_slope,0.019254
LMT,21,4,macro_hy_spread,0.025804
LMT,21,4,macro_hy_spread_chg_5d,0.011762
LMT,21,4,macro_breakeven_5y,0.012214
LMT,21,4,macro_inflation_fwd_5y5y,0.019476
LMT,21,4,macro_inflation_fwd_chg_21d,0.047422
LMT,21,4,macro_inflation_fwd_abs_chg_21d,0.0
LMT,21,4,macro_inflation_fwd_chg_63d,0.020315
LMT,21,4,macro_inflation_fwd_zscore,0.019781
LMT,21,4,macro_dollar_ret,0.0
LMT,21,4,beta_spy,0.024636
LMT,21,4,res_vol,0.018658
LMT,21,4,res_vol_vel,0.0
LMT,21,4,price_regime,0.017202
LMT,21,4,corr_sector_21d,0.025912
LMT,21,4,corr_sector_252d,0.014915
LMT,21,4,sector_wedge,0.016181
LMT,21,5,rv_5d,0.077044
LMT,21,5,rv_10d,0.045998
LMT,21,5,rv_21d,0.093402
LMT,21,5,rv_63d,0.021055
LMT,21,5,rv_126d,0.025902
LMT,21,5,ewma_vol,0.0
LMT,21,5,garch_cond_vol,0.0
LMT,21,5,ret_TARGET,0.0
LMT,21,5,tech_RSI,0.0
LMT,21,5,tech_MACD_hist,0.011305
LMT,21,5,ret_VIXY,0.0
LMT,21,5,mom21_VIXY,0.0
LMT,21,5,ret_HYG,0.0
LMT,21,5,mom21_HYG,0.007335
LMT,21,5,ret_USO,0.0
LMT,21,5,mom21_USO,0.021457
LMT,21,5,ret_TLT,0.0
LMT,21,5,mom21_TLT,0.01207
LMT,21,5,ret_UUP,0.0
LMT,21,5,mom21_UUP,0.008947
LMT,21,5,ret_SPY,0.0
LMT,21,5,mom21_SPY,0.022186
LMT,21,5,vol_vel,0.0
LMT,21,5,vol_of_vol,0.00894
LMT,21,5,vol_regime_zscore,0.008716
LMT,21,5,vol_chg_21d,0.011375
LMT,21,5,event_fed_gravity,0.068352
LMT,21,5,event_earn_gravity,0.0
LMT,21,5,event_div_gravity,0.0
LMT,21,5,event_cpi_gravity,0.056182
LMT,21,5,event_nfp_gravity,0.110261
LMT,21,5,put_call_skew_30d,0.008643
LMT,21,5,term_structure_slope,0.025899
LMT,21,5,vrp_wedge,0.0
LMT,21,5,iv_atm_z_score,0.027517
LMT,21,5,macro_yield_curve_slope,0.022847
LMT,21,5,macro_hy_spread,0.014473
LMT,21,5,macro_hy_spread_chg_5d,0.008377
LMT,21,5,macro_breakeven_5y,0.015073
LMT,21,5,macro_inflation_fwd_5y5y,0.018531
LMT,21,5,macro_inflation_fwd_chg_21d,0.062527
LMT,21,5,macro_inflation_fwd_abs_chg_21d,0.0
LMT,21,5,macro_inflation_fwd_chg_63d,0.027312
LMT,21,5,macro_inflation_fwd_zscore,0.033806
LMT,21,5,macro_dollar_ret,0.0
LMT,21,5,beta_spy,0.022966
LMT,21,5,res_vol,0.015826
LMT,21,5,res_vol_vel,0.008235
LMT,21,5,price_regime,0.01344
LMT,21,5,corr_sector_21d,0.033002
LMT,21,5,corr_sector_252d,0.019555
LMT,21,5,sector_wedge,0.011441
LMT,21,6,rv_5d,0.060395
LMT,21,6,rv_10d,0.045217
LMT,21,6,rv_21d,0.104193
LMT,21,6,rv_63d,0.016838
LMT,21,6,rv_126d,0.040813
LMT,21,6,ewma_vol,0.023121
LMT,21,6,garch_cond_vol,0.0
LMT,21,6,ret_TARGET,0.0
LMT,21,6,tech_RSI,0.0
LMT,21,6,tech_MACD_hist,0.012128
LMT,21,6,ret_VIXY,0.0
LMT,21,6,mom21_VIXY,0.0
LMT,21,6,ret_HYG,0.0
LMT,21,6,mom21_HYG,0.0
LMT,21,6,ret_USO,0.0
LMT,21,6,mom21_USO,0.031876
LMT,21,6,ret_TLT,0.0
LMT,21,6,mom21_TLT,0.01448
LMT,21,6,ret_UUP,0.0
LMT,21,6,mom21_UUP,0.0
LMT,21,6,ret_SPY,0.0
LMT,21,6,mom21_SPY,0.0
LMT,21,6,vol_vel,0.0
LMT,21,6,vol_of_vol,0.012895
LMT,21,6,vol_regime_zscore,0.00903
LMT,21,6,vol_chg_21d,0.010961
LMT,21,6,event_fed_gravity,0.092377
LMT,21,6,event_earn_gravity,0.0
LMT,21,6,event_div_gravity,0.0
LMT,21,6,event_cpi_gravity,0.038056
LMT,21,6,event_nfp_gravity,0.096223
LMT,21,6,put_call_skew_30d,0.009092
LMT,21,6,term_structure_slope,0.02631
LMT,21,6,vrp_wedge,0.0
LMT,21,6,iv_atm_z_score,0.028676
LMT,21,6,macro_yield_curve_slope,0.028204
LMT,21,6,macro_hy_spread,0.019066
LMT,21,6,macro_hy_spread_chg_5d,0.010827
LMT,21,6,macro_breakeven_5y,0.016172
LMT,21,6,macro_inflation_fwd_5y5y,0.017727
LMT,21,6,macro_inflation_fwd_chg_21d,0.045154
LMT,21,6,macro_inflation_fwd_abs_chg_21d,0.0
LMT,21,6,macro_inflation_fwd_chg_63d,0.029008
LMT,21,6,macro_inflation_fwd_zscore,0.029543
LMT,21,6,macro_dollar_ret,0.0
LMT,21,6,beta_spy,0.026664
LMT,21,6,res_vol,0.019932
LMT,21,6,res_vol_vel,0.010004
LMT,21,6,price_regime,0.011153
LMT,21,6,corr_sector_21d,0.035799
LMT,21,6,corr_sector_252d,0.017135
LMT,21,6,sector_wedge,0.010931
LMT,21,7,rv_5d,0.074566
LMT,21,7,rv_10d,0.062035
LMT,21,7,rv_21d,0.046601
LMT,21,7,rv_63d,0.017266
LMT,21,7,rv_126d,0.017922
LMT,21,7,ewma_vol,0.0
LMT,21,7,garch_cond_vol,0.0
LMT,21,7,ret_TARGET,0.0
LMT,21,7,tech_RSI,0.0
LMT,21,7,tech_MACD_hist,0.014964
LMT,21,7,ret_VIXY,0.0
LMT,21,7,mom21_VIXY,0.011823
LMT,21,7,ret_HYG,0.0
LMT,21,7,mom21_HYG,0.008955
LMT,21,7,ret_USO,0.0
LMT,21,7,mom21_USO,0.012965
LMT,21,7,ret_TLT,0.0
LMT,21,7,mom21_TLT,0.014388
LMT,21,7,ret_UUP,0.0
LMT,21,7,mom21_UUP,0.0
LMT,21,7,ret_SPY,0.0
LMT,21,7,mom21_SPY,0.015893
LMT,21,7,vol_vel,0.014134
LMT,21,7,vol_of_vol,0.016381
LMT,21,7,vol_regime_zscore,0.008554
LMT,21,7,vol_chg_21d,0.013905
LMT,21,7,event_fed_gravity,0.089134
LMT,21,7,event_earn_gravity,0.0
LMT,21,7,event_div_gravity,0.0
LMT,21,7,event_cpi_gravity,0.07228
LMT,21,7,event_nfp_gravity,0.099647
LMT,21,7,put_call_skew_30d,0.009888
LMT,21,7,term_structure_slope,0.024321
LMT,21,7,vrp_wedge,0.0
LMT,21,7,iv_atm_z_score,0.026134
LMT,21,7,macro_yield_curve_slope,0.044013
LMT,21,7,macro_hy_spread,0.018619
LMT,21,7,macro_hy_spread_chg_5d,0.010166
LMT,21,7,macro_breakeven_5y,0.020547
LMT,21,7,macro_inflation_fwd_5y5y,0.01675
LMT,21,7,macro_inflation_fwd_chg_21d,0.045722
LMT,21,7,macro_inflation_fwd_abs_chg_21d,0.0
LMT,21,7,macro_inflation_fwd_chg_63d,0.029229
LMT,21,7,macro_inflation_fwd_zscore,0.034829
LMT,21,7,macro_dollar_ret,0.0
LMT,21,7,beta_spy,0.02059
LMT,21,7,res_vol,0.016269
LMT,21,7,res_vol_vel,0.01125
LMT,21,7,price_regime,0.011585
LMT,21,7,corr_sector_21d,0.03668
LMT,21,7,corr_sector_252d,0.0
LMT,21,7,sector_wedge,0.011996
LMT,21,8,rv_5d,0.064585
LMT,21,8,rv_10d,0.065279
LMT,21,8,rv_21d,0.020539
LMT,21,8,rv_63d,0.016113
LMT,21,8,rv_126d,0.018628
LMT,21,8,ewma_vol,0.0
LMT,21,8,garch_cond_vol,0.0
LMT,21,8,ret_TARGET,0.0
LMT,21,8,tech_RSI,0.0
LMT,21,8,tech_MACD_hist,0.016043
LMT,21,8,ret_VIXY,0.0
LMT,21,8,mom21_VIXY,0.009257
LMT,21,8,ret_HYG,0.0
LMT,21,8,mom21_HYG,0.021243
LMT,21,8,ret_USO,0.0
LMT,21,8,mom21_USO,0.008143
LMT,21,8,ret_TLT,0.0
LMT,21,8,mom21_TLT,0.007735
LMT,21,8,ret_UUP,0.0
LMT,21,8,mom21_UUP,0.0
LMT,21,8,ret_SPY,0.0
LMT,21,8,mom21_SPY,0.0
LMT,21,8,vol_vel,0.011832
LMT,21,8,vol_of_vol,0.010862
LMT,21,8,vol_regime_zscore,0.009762
LMT,21,8,vol_chg_21d,0.013836
LMT,21,8,event_fed_gravity,0.104031
LMT,21,8,event_earn_gravity,0.0
LMT,21,8,event_div_gravity,0.0
LMT,21,8,event_cpi_gravity,0.089274
LMT,21,8,event_nfp_gravity,0.104153
LMT,21,8,put_call_skew_30d,0.010253
LMT,21,8,term_structure_slope,0.024187
LMT,21,8,vrp_wedge,0.0
LMT,21,8,iv_atm_z_score,0.025646
LMT,21,8,macro_yield_curve_slope,0.050303
LMT,21,8,macro_hy_spread,0.014345
LMT,21,8,macro_hy_spread_chg_5d,0.016222
LMT,21,8,macro_breakeven_5y,0.017818
LMT,21,8,macro_inflation_fwd_5y5y,0.025124
LMT,21,8,macro_inflation_fwd_chg_21d,0.045022
LMT,21,8,macro_inflation_fwd_abs_chg_21d,0.0
LMT,21,8,macro_inflation_fwd_chg_63d,0.024886
LMT,21,8,macro_inflation_fwd_zscore,0.039023
LMT,21,8,macro_dollar_ret,0.0
LMT,21,8,beta_spy,0.020636
LMT,21,8,res_vol,0.017282
LMT,21,8,res_vol_vel,0.01095
LMT,21,8,price_regime,0.014719
LMT,21,8,corr_sector_21d,0.031671
LMT,21,8,corr_sector_252d,0.012112
LMT,21,8,sector_wedge,0.008486
LMT,21,9,rv_5d,0.068622
LMT,21,9,rv_10d,0.07409
LMT,21,9,rv_21d,0.029578
LMT,21,9,rv_63d,0.015556
LMT,21,9,rv_126d,0.017383
LMT,21,9,ewma_vol,0.030792
LMT,21,9,garch_cond_vol,0.0
LMT,21,9,ret_TARGET,0.0
LMT,21,9,tech_RSI,0.007265
LMT,21,9,tech_MACD_hist,0.013385
LMT,21,9,ret_VIXY,0.0
LMT,21,9,mom21_VIXY,0.011676
LMT,21,9,ret_HYG,0.0
LMT,21,9,mom21_HYG,0.011526
LMT,21,9,ret_USO,0.0
LMT,21,9,mom21_USO,0.0
LMT,21,9,ret_TLT,0.0
LMT,21,9,mom21_TLT,0.014172
LMT,21,9,ret_UUP,0.0
LMT,21,9,mom21_UUP,0.0
LMT,21,9,ret_SPY,0.0
LMT,21,9,mom21_SPY,0.0
LMT,21,9,vol_vel,0.010169
LMT,21,9,vol_of_vol,0.014169
LMT,21,9,vol_regime_zscore,0.009079
LMT,21,9,vol_chg_21d,0.015126
LMT,21,9,event_fed_gravity,0.073726
LMT,21,9,event_earn_gravity,0.0
LMT,21,9,event_div_gravity,0.0
LMT,21,9,event_cpi_gravity,0.108968
LMT,21,9,event_nfp_gravity,0.104426
LMT,21,9,put_call_skew_30d,0.009119
LMT,21,9,term_structure_slope,0.024719
LMT,21,9,vrp_wedge,0.0
LMT,21,9,iv_atm_z_score,0.022774
LMT,21,9,macro_yield_curve_slope,0.039083
LMT,21,9,macro_hy_spread,0.012081
LMT,21,9,macro_hy_spread_chg_5d,0.010499
LMT,21,9,macro_breakeven_5y,0.018575
LMT,21,9,macro_inflation_fwd_5y5y,0.022215
LMT,21,9,macro_inflation_fwd_chg_21d,0.048295
LMT,21,9,macro_inflation_fwd_abs_chg_21d,0.0
LMT,21,9,macro_inflation_fwd_chg_63d,0.022207
LMT,21,9,macro_inflation_fwd_zscore,0.039503
LMT,21,9,macro_dollar_ret,0.0
LMT,21,9,beta_spy,0.017893
LMT,21,9,res_vol,0.012454
LMT,21,9,res_vol_vel,0.014746
LMT,21,9,price_regime,0.010828
LMT,21,9,corr_sector_21d,0.027791
LMT,21,9,corr_sector_252d,0.008927
LMT,21,9,sector_wedge,0.008582
LMT,21,10,rv_5d,0.1087
LMT,21,10,rv_10d,0.028685
LMT,21,10,rv_21d,0.034877
LMT,21,10,rv_63d,0.0275
LMT,21,10,rv_126d,0.018491
LMT,21,10,ewma_vol,0.033838
LMT,21,10,garch_cond_vol,0.0
LMT,21,10,ret_TARGET,0.0
LMT,21,10,tech_RSI,0.0
LMT,21,10,tech_MACD_hist,0.011688
LMT,21,10,ret_VIXY,0.0
LMT,21,10,mom21_VIXY,0.011702
LMT,21,10,ret_HYG,0.0
LMT,21,10,mom21_HYG,0.00975
LMT,21,10,ret_USO,0.0
LMT,21,10,mom21_USO,0.007146
LMT,21,10,ret_TLT,0.0
LMT,21,10,mom21_TLT,0.011788
LMT,21,10,ret_UUP,0.0
LMT,21,10,mom21_UUP,0.0
LMT,21,10,ret_SPY,0.0
LMT,21,10,mom21_SPY,0.0
LMT,21,10,vol_vel,0.016147
LMT,21,10,vol_of_vol,0.010223
LMT,21,10,vol_regime_zscore,0.0134
LMT,21,10,vol_chg_21d,0.012861
LMT,21,10,event_fed_gravity,0.087334
LMT,21,10,event_earn_gravity,0.0
LMT,21,10,event_div_gravity,0.0
LMT,21,10,event_cpi_gravity,0.069185
LMT,21,10,event_nfp_gravity,0.074759
LMT,21,10,put_call_skew_30d,0.010637
LMT,21,10,term_structure_slope,0.031869
LMT,21,10,vrp_wedge,0.010055
LMT,21,10,iv_atm_z_score,0.032539
LMT,21,10,macro_yield_curve_slope,0.031926
LMT,21,10,macro_hy_spread,0.015388
LMT,21,10,macro_hy_spread_chg_5d,0.009272
LMT,21,10,macro_breakeven_5y,0.026072
LMT,21,10,macro_inflation_fwd_5y5y,0.018797
LMT,21,10,macro_inflation_fwd_chg_21d,0.062037
LMT,21,10,macro_inflation_fwd_abs_chg_21d,0.012478
LMT,21,10,macro_inflation_fwd_chg_63d,0.01558
LMT,21,10,macro_inflation_fwd_zscore,0.012569
LMT,21,10,macro_dollar_ret,0.0
LMT,21,10,beta_spy,0.020119
LMT,21,10,res_vol,0.02886
LMT,21,10,res_vol_vel,0.010542
LMT,21,10,price_regime,0.009578
LMT,21,10,corr_sector_21d,0.031725
LMT,21,10,corr_sector_252d,0.009096
LMT,21,10,sector_wedge,0.01279
LMT,21,11,rv_5d,0.088342
LMT,21,11,rv_10d,0.009877
LMT,21,11,rv_21d,0.012549
LMT,21,11,rv_63d,0.027838
LMT,21,11,rv_126d,0.021691
LMT,21,11,ewma_vol,0.034042
LMT,21,11,garch_cond_vol,0.0
LMT,21,11,ret_TARGET,0.0
LMT,21,11,tech_RSI,0.0
LMT,21,11,tech_MACD_hist,0.022372
LMT,21,11,ret_VIXY,0.0
LMT,21,11,mom21_VIXY,0.009609
LMT,21,11,ret_HYG,0.0
LMT,21,11,mom21_HYG,0.00947
LMT,21,11,ret_USO,0.0
LMT,21,11,mom21_USO,0.015579
LMT,21,11,ret_TLT,0.0
LMT,21,11,mom21_TLT,0.0
LMT,21,11,ret_UUP,0.0
LMT,21,11,mom21_UUP,0.014588
LMT,21,11,ret_SPY,0.0
LMT,21,11,mom21_SPY,0.030203
LMT,21,11,vol_vel,0.015481
LMT,21,11,vol_of_vol,0.011394
LMT,21,11,vol_regime_zscore,0.012026
LMT,21,11,vol_chg_21d,0.011599
LMT,21,11,event_fed_gravity,0.091187
LMT,21,11,event_earn_gravity,0.0
LMT,21,11,event_div_gravity,0.0
LMT,21,11,event_cpi_gravity,0.071404
LMT,21,11,event_nfp_gravity,0.092742
LMT,21,11,put_call_skew_30d,0.013606
LMT,21,11,term_structure_slope,0.035328
LMT,21,11,vrp_wedge,0.015979
LMT,21,11,iv_atm_z_score,0.02543
LMT,21,11,macro_yield_curve_slope,0.028237
LMT,21,11,macro_hy_spread,0.013378
LMT,21,11,macro_hy_spread_chg_5d,0.013455
LMT,21,11,macro_breakeven_5y,0.029679
LMT,21,11,macro_inflation_fwd_5y5y,0.016678
LMT,21,11,macro_inflation_fwd_chg_21d,0.032993
LMT,21,11,macro_inflation_fwd_abs_chg_21d,0.012399
LMT,21,11,macro_inflation_fwd_chg_63d,0.020211
LMT,21,11,macro_inflation_fwd_zscore,0.037291
LMT,21,11,macro_dollar_ret,0.0
LMT,21,11,beta_spy,0.023467
LMT,21,11,res_vol,0.014801
LMT,21,11,res_vol_vel,0.0
LMT,21,11,price_regime,0.008446
LMT,21,11,corr_sector_21d,0.029267
LMT,21,11,corr_sector_252d,0.008202
LMT,21,11,sector_wedge,0.019156
LMT,21,12,rv_5d,0.08709
LMT,21,12,rv_10d,0.011036
LMT,21,12,rv_21d,0.01129
LMT,21,12,rv_63d,0.029881
LMT,21,12,rv_126d,0.016785
LMT,21,12,ewma_vol,0.042838
LMT,21,12,garch_cond_vol,0.0
LMT,21,12,ret_TARGET,0.0
LMT,21,12,tech_RSI,0.0
LMT,21,12,tech_MACD_hist,0.016576
LMT,21,12,ret_VIXY,0.0
LMT,21,12,mom21_VIXY,0.010512
LMT,21,12,ret_HYG,0.0
LMT,21,12,mom21_HYG,0.009807
LMT,21,12,ret_USO,0.0
LMT,21,12,mom21_USO,0.015657
LMT,21,12,ret_TLT,0.0
LMT,21,12,mom21_TLT,0.009216
LMT,21,12,ret_UUP,0.0
LMT,21,12,mom21_UUP,0.0
LMT,21,12,ret_SPY,0.0
LMT,21,12,mom21_SPY,0.018116
LMT,21,12,vol_vel,0.013516
LMT,21,12,vol_of_vol,0.011594
LMT,21,12,vol_regime_zscore,0.013057
LMT,21,12,vol_chg_21d,0.012242
LMT,21,12,event_fed_gravity,0.073157
LMT,21,12,event_earn_gravity,0.0
LMT,21,12,event_div_gravity,0.0
LMT,21,12,event_cpi_gravity,0.094035
LMT,21,12,event_nfp_gravity,0.113244
LMT,21,12,put_call_skew_30d,0.009571
LMT,21,12,term_structure_slope,0.030805
LMT,21,12,vrp_wedge,0.016506
LMT,21,12,iv_atm_z_score,0.02809
LMT,21,12,macro_yield_curve_slope,0.026167
LMT,21,12,macro_hy_spread,0.017125
LMT,21,12,macro_hy_spread_chg_5d,0.011133
LMT,21,12,macro_breakeven_5y,0.031259
LMT,21,12,macro_inflation_fwd_5y5y,0.015752
LMT,21,12,macro_inflation_fwd_chg_21d,0.028214
LMT,21,12,macro_inflation_fwd_abs_chg_21d,0.012457
LMT,21,12,macro_inflation_fwd_chg_63d,0.020273
LMT,21,12,macro_inflation_fwd_zscore,0.021464
LMT,21,12,macro_dollar_ret,0.0
LMT,21,12,beta_spy,0.0229
LMT,21,12,res_vol,0.020376
LMT,21,12,res_vol_vel,0.013325
LMT,21,12,price_regime,0.008793
LMT,21,12,corr_sector_21d,0.024882
LMT,21,12,corr_sector_252d,0.00886
LMT,21,12,sector_wedge,0.022399
LMT,21,13,rv_5d,0.115712
LMT,21,13,rv_10d,0.0
LMT,21,13,rv_21d,0.0109
LMT,21,13,rv_63d,0.02796
LMT,21,13,rv_126d,0.016329
LMT,21,13,ewma_vol,0.034851
LMT,21,13,garch_cond_vol,0.0
LMT,21,13,ret_TARGET,0.0
LMT,21,13,tech_RSI,0.0
LMT,21,13,tech_MACD_hist,0.011262
LMT,21,13,ret_VIXY,0.0
LMT,21,13,mom21_VIXY,0.014036
LMT,21,13,ret_HYG,0.0
LMT,21,13,mom21_HYG,0.00998
LMT,21,13,ret_USO,0.0
LMT,21,13,mom21_USO,0.020096
LMT,21,13,ret_TLT,0.0
LMT,21,13,mom21_TLT,0.017675
LMT,21,13,ret_UUP,0.0
LMT,21,13,mom21_UUP,0.0
LMT,21,13,ret_SPY,0.0
LMT,21,13,mom21_SPY,0.014701
LMT,21,13,vol_vel,0.015171
LMT,21,13,vol_of_vol,0.010756
LMT,21,13,vol_regime_zscore,0.011741
LMT,21,13,vol_chg_21d,0.011492
LMT,21,13,event_fed_gravity,0.086987
LMT,21,13,event_earn_gravity,0.0
LMT,21,13,event_div_gravity,0.0
LMT,21,13,event_cpi_gravity,0.083707
LMT,21,13,event_nfp_gravity,0.074988
LMT,21,13,put_call_skew_30d,0.011481
LMT,21,13,term_structure_slope,0.036699
LMT,21,13,vrp_wedge,0.020648
LMT,21,13,iv_atm_z_score,0.026106
LMT,21,13,macro_yield_curve_slope,0.02712
LMT,21,13,macro_hy_spread,0.013464
LMT,21,13,macro_hy_spread_chg_5d,0.013175
LMT,21,13,macro_breakeven_5y,0.037331
LMT,21,13,macro_inflation_fwd_5y5y,0.020425
LMT,21,13,macro_inflation_fwd_chg_21d,0.041271
LMT,21,13,macro_inflation_fwd_abs_chg_21d,0.012713
LMT,21,13,macro_inflation_fwd_chg_63d,0.014819
LMT,21,13,macro_inflation_fwd_zscore,0.016359
LMT,21,13,macro_dollar_ret,0.0
LMT,21,13,beta_spy,0.022148
LMT,21,13,res_vol,0.022379
LMT,21,13,res_vol_vel,0.014805
LMT,21,13,price_regime,0.007961
LMT,21,13,corr_sector_21d,0.02092
LMT,21,13,corr_sector_252d,0.009405
LMT,21,13,sector_wedge,0.022428
LMT,21,14,rv_5d,0.088624
LMT,21,14,rv_10d,0.007334
LMT,21,14,rv_21d,0.011603
LMT,21,14,rv_63d,0.021573
LMT,21,14,rv_126d,0.026058
LMT,21,14,ewma_vol,0.031174
LMT,21,14,garch_cond_vol,0.009816
LMT,21,14,ret_TARGET,0.0
LMT,21,14,tech_RSI,0.0
LMT,21,14,tech_MACD_hist,0.009726
LMT,21,14,ret_VIXY,0.0
LMT,21,14,mom21_VIXY,0.013326
LMT,21,14,ret_HYG,0.0
LMT,21,14,mom21_HYG,0.037489
LMT,21,14,ret_USO,0.0
LMT,21,14,mom21_USO,0.013331
LMT,21,14,ret_TLT,0.0
LMT,21,14,mom21_TLT,0.010359
LMT,21,14,ret_UUP,0.0
LMT,21,14,mom21_UUP,0.0
LMT,21,14,ret_SPY,0.0
LMT,21,14,mom21_SPY,0.022939
LMT,21,14,vol_vel,0.018192
LMT,21,14,vol_of_vol,0.012359
LMT,21,14,vol_regime_zscore,0.010791
LMT,21,14,vol_chg_21d,0.011663
LMT,21,14,event_fed_gravity,0.07716
LMT,21,14,event_earn_gravity,0.0
LMT,21,14,event_div_gravity,0.0
LMT,21,14,event_cpi_gravity,0.078107
LMT,21,14,event_nfp_gravity,0.09918
LMT,21,14,put_call_skew_30d,0.012194
LMT,21,14,term_structure_slope,0.036481
LMT,21,14,vrp_wedge,0.012493
LMT,21,14,iv_atm_z_score,0.025422
LMT,21,14,macro_yield_curve_slope,0.020151
LMT,21,14,macro_hy_spread,0.013069
LMT,21,14,macro_hy_spread_chg_5d,0.012158
LMT,21,14,macro_breakeven_5y,0.033524
LMT,21,14,macro_inflation_fwd_5y5y,0.019657
LMT,21,14,macro_inflation_fwd_chg_21d,0.051913
LMT,21,14,macro_inflation_fwd_abs_chg_21d,0.015215
LMT,21,14,macro_inflation_fwd_chg_63d,0.015216
LMT,21,14,macro_inflation_fwd_zscore,0.009511
LMT,21,14,macro_dollar_ret,0.0
LMT,21,14,beta_spy,0.018689
LMT,21,14,res_vol,0.016436
LMT,21,14,res_vol_vel,0.01298
LMT,21,14,price_regime,0.009321
LMT,21,14,corr_sector_21d,0.032171
LMT,21,14,corr_sector_252d,0.009032
LMT,21,14,sector_wedge,0.013562
LMT,21,15,rv_5d,0.084388
LMT,21,15,rv_10d,0.010297
LMT,21,15,rv_21d,0.012675
LMT,21,15,rv_63d,0.02262
LMT,21,15,rv_126d,0.027157
LMT,21,15,ewma_vol,0.027793
LMT,21,15,garch_cond_vol,0.0
LMT,21,15,ret_TARGET,0.0
LMT,21,15,tech_RSI,0.0
LMT,21,15,tech_MACD_hist,0.009182
LMT,21,15,ret_VIXY,0.0
LMT,21,15,mom21_VIXY,0.017321
LMT,21,15,ret_HYG,0.0
LMT,21,15,mom21_HYG,0.05449
LMT,21,15,ret_USO,0.0
LMT,21,15,mom21_USO,0.015159
LMT,21,15,ret_TLT,0.0
LMT,21,15,mom21_TLT,0.010265
LMT,21,15,ret_UUP,0.0
LMT,21,15,mom21_UUP,0.0
LMT,21,15,ret_SPY,0.0
LMT,21,15,mom21_SPY,0.01867
LMT,21,15,vol_vel,0.024933
LMT,21,15,vol_of_vol,0.01386
LMT,21,15,vol_regime_zscore,0.01019
LMT,21,15,vol_chg_21d,0.012228
LMT,21,15,event_fed_gravity,0.076165
LMT,21,15,event_earn_gravity,0.0
LMT,21,15,event_div_gravity,0.0
LMT,21,15,event_cpi_gravity,0.088344
LMT,21,15,event_nfp_gravity,0.094719
LMT,21,15,put_call_skew_30d,0.009222
LMT,21,15,term_structure_slope,0.036338
LMT,21,15,vrp_wedge,0.010518
LMT,21,15,iv_atm_z_score,0.025649
LMT,21,15,macro_yield_curve_slope,0.021501
LMT,21,15,macro_hy_spread,0.013348
LMT,21,15,macro_hy_spread_chg_5d,0.014654
LMT,21,15,macro_breakeven_5y,0.03472
LMT,21,15,macro_inflation_fwd_5y5y,0.019359
LMT,21,15,macro_inflation_fwd_chg_21d,0.026866
LMT,21,15,macro_inflation_fwd_abs_chg_21d,0.017386
LMT,21,15,macro_inflation_fwd_chg_63d,0.0162
LMT,21,15,macro_inflation_fwd_zscore,0.013462
LMT,21,15,macro_dollar_ret,0.0
LMT,21,15,beta_spy,0.018994
LMT,21,15,res_vol,0.014295
LMT,21,15,res_vol_vel,0.015017
LMT,21,15,price_regime,0.010436
LMT,21,15,corr_sector_21d,0.024275
LMT,21,15,corr_sector_252d,0.011494
LMT,21,15,sector_wedge,0.015808
LMT,21,16,rv_5d,0.094727
LMT,21,16,rv_10d,0.010327
LMT,21,16,rv_21d,0.0081
LMT,21,16,rv_63d,0.027819
LMT,21,16,rv_126d,0.018869
LMT,21,16,ewma_vol,0.026892
LMT,21,16,garch_cond_vol,0.011657
LMT,21,16,ret_TARGET,0.0
LMT,21,16,tech_RSI,0.0
LMT,21,16,tech_MACD_hist,0.010931
LMT,21,16,ret_VIXY,0.0
LMT,21,16,mom21_VIXY,0.016045
LMT,21,16,ret_HYG,0.0
LMT,21,16,mom21_HYG,0.037121
LMT,21,16,ret_USO,0.0
LMT,21,16,mom21_USO,0.019327
LMT,21,16,ret_TLT,0.0
LMT,21,16,mom21_TLT,0.010733
LMT,21,16,ret_UUP,0.0
LMT,21,16,mom21_UUP,0.008164
LMT,21,16,ret_SPY,0.0
LMT,21,16,mom21_SPY,0.016049
LMT,21,16,vol_vel,0.023376
LMT,21,16,vol_of_vol,0.012727
LMT,21,16,vol_regime_zscore,0.01147
LMT,21,16,vol_chg_21d,0.010807
LMT,21,16,event_fed_gravity,0.083716
LMT,21,16,event_earn_gravity,0.0
LMT,21,16,event_div_gravity,0.0
LMT,21,16,event_cpi_gravity,0.085299
LMT,21,16,event_nfp_gravity,0.098807
LMT,21,16,put_call_skew_30d,0.007263
LMT,21,16,term_structure_slope,0.038088
LMT,21,16,vrp_wedge,0.011566
LMT,21,16,iv_atm_z_score,0.024271
LMT,21,16,macro_yield_curve_slope,0.021666
LMT,21,16,macro_hy_spread,0.011801
LMT,21,16,macro_hy_spread_chg_5d,0.016175
LMT,21,16,macro_breakeven_5y,0.034797
LMT,21,16,macro_inflation_fwd_5y5y,0.017029
LMT,21,16,macro_inflation_fwd_chg_21d,0.021889
LMT,21,16,macro_inflation_fwd_abs_chg_21d,0.015978
LMT,21,16,macro_inflation_fwd_chg_63d,0.016614
LMT,21,16,macro_inflation_fwd_zscore,0.018321
LMT,21,16,macro_dollar_ret,0.0
LMT,21,16,beta_spy,0.018491
LMT,21,16,res_vol,0.020677
LMT,21,16,res_vol_vel,0.0
LMT,21,16,price_regime,0.010169
LMT,21,16,corr_sector_21d,0.024639
LMT,21,16,corr_sector_252d,0.01448
LMT,21,16,sector_wedge,0.013123
LMT,21,17,rv_5d,0.078436
LMT,21,17,rv_10d,0.008874
LMT,21,17,rv_21d,0.010641
LMT,21,17,rv_63d,0.022415
LMT,21,17,rv_126d,0.022035
LMT,21,17,ewma_vol,0.022403
LMT,21,17,garch_cond_vol,0.0
LMT,21,17,ret_TARGET,0.0
LMT,21,17,tech_RSI,0.0
LMT,21,17,tech_MACD_hist,0.013618
LMT,21,17,ret_VIXY,0.0
LMT,21,17,mom21_VIXY,0.019141
LMT,21,17,ret_HYG,0.0
LMT,21,17,mom21_HYG,0.043259
LMT,21,17,ret_USO,0.0
LMT,21,17,mom21_USO,0.016715
LMT,21,17,ret_TLT,0.0
LMT,21,17,mom21_TLT,0.01109
LMT,21,17,ret_UUP,0.0
LMT,21,17,mom21_UUP,0.011597
LMT,21,17,ret_SPY,0.0
LMT,21,17,mom21_SPY,0.017808
LMT,21,17,vol_vel,0.01919
LMT,21,17,vol_of_vol,0.016699
LMT,21,17,vol_regime_zscore,0.010727
LMT,21,17,vol_chg_21d,0.011354
LMT,21,17,event_fed_gravity,0.081292
LMT,21,17,event_earn_gravity,0.0
LMT,21,17,event_div_gravity,0.0
LMT,21,17,event_cpi_gravity,0.10153
LMT,21,17,event_nfp_gravity,0.086141
LMT,21,17,put_call_skew_30d,0.009585
LMT,21,17,term_structure_slope,0.03728
LMT,21,17,vrp_wedge,0.010304
LMT,21,17,iv_atm_z_score,0.025957
LMT,21,17,macro_yield_curve_slope,0.021757
LMT,21,17,macro_hy_spread,0.024098
LMT,21,17,macro_hy_spread_chg_5d,0.010747
LMT,21,17,macro_breakeven_5y,0.031171
LMT,21,17,macro_inflation_fwd_5y5y,0.018487
LMT,21,17,macro_inflation_fwd_chg_21d,0.026737
LMT,21,17,macro_inflation_fwd_abs_chg_21d,0.017319
LMT,21,17,macro_inflation_fwd_chg_63d,0.015121
LMT,21,17,macro_inflation_fwd_zscore,0.020337
LMT,21,17,macro_dollar_ret,0.0
LMT,21,17,beta_spy,0.016258
LMT,21,17,res_vol,0.02097
LMT,21,17,res_vol_vel,0.01055
LMT,21,17,price_regime,0.010938
LMT,21,17,corr_sector_21d,0.024491
LMT,21,17,corr_sector_252d,0.010607
LMT,21,17,sector_wedge,0.012322
LMT,21,18,rv_5d,0.088973
LMT,21,18,rv_10d,0.008704
LMT,21,18,rv_21d,0.010536
LMT,21,18,rv_63d,0.023174
LMT,21,18,rv_126d,0.021864
LMT,21,18,ewma_vol,0.036631
LMT,21,18,garch_cond_vol,0.0
LMT,21,18,ret_TARGET,0.0
LMT,21,18,tech_RSI,0.008608
LMT,21,18,tech_MACD_hist,0.007892
LMT,21,18,ret_VIXY,0.0
LMT,21,18,mom21_VIXY,0.025106
LMT,21,18,ret_HYG,0.0
LMT,21,18,mom21_HYG,0.021035
LMT,21,18,ret_USO,0.0
LMT,21,18,mom21_USO,0.009197
LMT,21,18,ret_TLT,0.0
LMT,21,18,mom21_TLT,0.010863
LMT,21,18,ret_UUP,0.0
LMT,21,18,mom21_UUP,0.011357
LMT,21,18,ret_SPY,0.0
LMT,21,18,mom21_SPY,0.020545
LMT,21,18,vol_vel,0.014757
LMT,21,18,vol_of_vol,0.022247
LMT,21,18,vol_regime_zscore,0.00913
LMT,21,18,vol_chg_21d,0.013448
LMT,21,18,event_fed_gravity,0.072679
LMT,21,18,event_earn_gravity,0.0
LMT,21,18,event_div_gravity,0.0
LMT,21,18,event_cpi_gravity,0.087218
LMT,21,18,event_nfp_gravity,0.086973
LMT,21,18,put_call_skew_30d,0.009246
LMT,21,18,term_structure_slope,0.039436
LMT,21,18,vrp_wedge,0.011408
LMT,21,18,iv_atm_z_score,0.032418
LMT,21,18,macro_yield_curve_slope,0.027791
LMT,21,18,macro_hy_spread,0.014025
LMT,21,18,macro_hy_spread_chg_5d,0.014184
LMT,21,18,macro_breakeven_5y,0.020265
LMT,21,18,macro_inflation_fwd_5y5y,0.018033
LMT,21,18,macro_inflation_fwd_chg_21d,0.042552
LMT,21,18,macro_inflation_fwd_abs_chg_21d,0.014113
LMT,21,18,macro_inflation_fwd_chg_63d,0.016878
LMT,21,18,macro_inflation_fwd_zscore,0.010361
LMT,21,18,macro_dollar_ret,0.0
LMT,21,18,beta_spy,0.015731
LMT,21,18,res_vol,0.024476
LMT,21,18,res_vol_vel,0.008261
LMT,21,18,price_regime,0.010942
LMT,21,18,corr_sector_21d,0.026415
LMT,21,18,corr_sector_252d,0.019614
LMT,21,18,sector_wedge,0.012914
LMT,21,19,rv_5d,0.077175
LMT,21,19,rv_10d,0.0
LMT,21,19,rv_21d,0.011566
LMT,21,19,rv_63d,0.020874
LMT,21,19,rv_126d,0.018759
LMT,21,19,ewma_vol,0.033416
LMT,21,19,garch_cond_vol,0.018066
LMT,21,19,ret_TARGET,0.0
LMT,21,19,tech_RSI,0.008742
LMT,21,19,tech_MACD_hist,0.008209
LMT,21,19,ret_VIXY,0.0
LMT,21,19,mom21_VIXY,0.026106
LMT,21,19,ret_HYG,0.0
LMT,21,19,mom21_HYG,0.012289
LMT,21,19,ret_USO,0.0
LMT,21,19,mom21_USO,0.010283
LMT,21,19,ret_TLT,0.0
LMT,21,19,mom21_TLT,0.011645
LMT,21,19,ret_UUP,0.0
LMT,21,19,mom21_UUP,0.007831
LMT,21,19,ret_SPY,0.0
LMT,21,19,mom21_SPY,0.019156
LMT,21,19,vol_vel,0.014865
LMT,21,19,vol_of_vol,0.019836
LMT,21,19,vol_regime_zscore,0.011022
LMT,21,19,vol_chg_21d,0.010466
LMT,21,19,event_fed_gravity,0.07687
LMT,21,19,event_earn_gravity,0.0
LMT,21,19,event_div_gravity,0.0
LMT,21,19,event_cpi_gravity,0.111277
LMT,21,19,event_nfp_gravity,0.093129
LMT,21,19,put_call_skew_30d,0.010686
LMT,21,19,term_structure_slope,0.038305
LMT,21,19,vrp_wedge,0.010933
LMT,21,19,iv_atm_z_score,0.033491
LMT,21,19,macro_yield_curve_slope,0.029961
LMT,21,19,macro_hy_spread,0.013388
LMT,21,19,macro_hy_spread_chg_5d,0.013634
LMT,21,19,macro_breakeven_5y,0.019195
LMT,21,19,macro_inflation_fwd_5y5y,0.015514
LMT,21,19,macro_inflation_fwd_chg_21d,0.032233
LMT,21,19,macro_inflation_fwd_abs_chg_21d,0.009964
LMT,21,19,macro_inflation_fwd_chg_63d,0.013791
LMT,21,19,macro_inflation_fwd_zscore,0.018175
LMT,21,19,macro_dollar_ret,0.0
LMT,21,19,beta_spy,0.015265
LMT,21,19,res_vol,0.026339
LMT,21,19,res_vol_vel,0.009803
LMT,21,19,price_regime,0.0101
LMT,21,19,corr_sector_21d,0.026606
LMT,21,19,corr_sector_252d,0.019139
LMT,21,19,sector_wedge,0.011897
LMT,21,20,rv_5d,0.080212
LMT,21,20,rv_10d,0.0
LMT,21,20,rv_21d,0.0
LMT,21,20,rv_63d,0.021773
LMT,21,20,rv_126d,0.023087
LMT,21,20,ewma_vol,0.031737
LMT,21,20,garch_cond_vol,0.0
LMT,21,20,ret_TARGET,0.0
LMT,21,20,tech_RSI,0.009365
LMT,21,20,tech_MACD_hist,0.013054
LMT,21,20,ret_VIXY,0.0
LMT,21,20,mom21_VIXY,0.015593
LMT,21,20,ret_HYG,0.0
LMT,21,20,mom21_HYG,0.0
LMT,21,20,ret_USO,0.0
LMT,21,20,mom21_USO,0.028295
LMT,21,20,ret_TLT,0.0
LMT,21,20,mom21_TLT,0.021361
LMT,21,20,ret_UUP,0.0
LMT,21,20,mom21_UUP,0.019577
LMT,21,20,ret_SPY,0.0
LMT,21,20,mom21_SPY,0.015
LMT,21,20,vol_vel,0.02003
LMT,21,20,vol_of_vol,0.014422
LMT,21,20,vol_regime_zscore,0.010515
LMT,21,20,vol_chg_21d,0.01363
LMT,21,20,event_fed_gravity,0.082706
LMT,21,20,event_earn_gravity,0.0
LMT,21,20,event_div_gravity,0.0
LMT,21,20,event_cpi_gravity,0.086311
LMT,21,20,event_nfp_gravity,0.074852
LMT,21,20,put_call_skew_30d,0.007686
LMT,21,20,term_structure_slope,0.044595
LMT,21,20,vrp_wedge,0.007884
LMT,21,20,iv_atm_z_score,0.035407
LMT,21,20,macro_yield_curve_slope,0.028728
LMT,21,20,macro_hy_spread,0.016777
LMT,21,20,macro_hy_spread_chg_5d,0.011007
LMT,21,20,macro_breakeven_5y,0.023817
LMT,21,20,macro_inflation_fwd_5y5y,0.01434
LMT,21,20,macro_inflation_fwd_chg_21d,0.03613
LMT,21,20,macro_inflation_fwd_abs_chg_21d,0.014365
LMT,21,20,macro_inflation_fwd_chg_63d,0.017308
LMT,21,20,macro_inflation_fwd_zscore,0.021028
LMT,21,20,macro_dollar_ret,0.0
LMT,21,20,beta_spy,0.016918
LMT,21,20,res_vol,0.022346
LMT,21,20,res_vol_vel,0.012895
LMT,21,20,price_regime,0.017042
LMT,21,20,corr_sector_21d,0.027579
LMT,21,20,corr_sector_252d,0.024386
LMT,21,20,sector_wedge,0.018239
LMT,21,21,rv_5d,0.103398
LMT,21,21,rv_10d,0.0
LMT,21,21,rv_21d,0.00705
LMT,21,21,rv_63d,0.021593
LMT,21,21,rv_126d,0.020721
LMT,21,21,ewma_vol,0.027694
LMT,21,21,garch_cond_vol,0.0
LMT,21,21,ret_TARGET,0.0
LMT,21,21,tech_RSI,0.01139
LMT,21,21,tech_MACD_hist,0.010205
LMT,21,21,ret_VIXY,0.0
LMT,21,21,mom21_VIXY,0.01297
LMT,21,21,ret_HYG,0.0
LMT,21,21,mom21_HYG,0.006927
LMT,21,21,ret_USO,0.0
LMT,21,21,mom21_USO,0.067464
LMT,21,21,ret_TLT,0.0
LMT,21,21,mom21_TLT,0.025761
LMT,21,21,ret_UUP,0.0
LMT,21,21,mom21_UUP,0.022719
LMT,21,21,ret_SPY,0.0
LMT,21,21,mom21_SPY,0.022514
LMT,21,21,vol_vel,0.014735
LMT,21,21,vol_of_vol,0.014103
LMT,21,21,vol_regime_zscore,0.010209
LMT,21,21,vol_chg_21d,0.00973
LMT,21,21,event_fed_gravity,0.072331
LMT,21,21,event_earn_gravity,0.0
LMT,21,21,event_div_gravity,0.0
LMT,21,21,event_cpi_gravity,0.070599
LMT,21,21,event_nfp_gravity,0.064714
LMT,21,21,put_call_skew_30d,0.00877
LMT,21,21,term_structure_slope,0.045796
LMT,21,21,vrp_wedge,0.008391
LMT,21,21,iv_atm_z_score,0.035311
LMT,21,21,macro_yield_curve_slope,0.026117
LMT,21,21,macro_hy_spread,0.020561
LMT,21,21,macro_hy_spread_chg_5d,0.009742
LMT,21,21,macro_breakeven_5y,0.033245
LMT,21,21,macro_inflation_fwd_5y5y,0.014695
LMT,21,21,macro_inflation_fwd_chg_21d,0.013274
LMT,21,21,macro_inflation_fwd_abs_chg_21d,0.0
LMT,21,21,macro_inflation_fwd_chg_63d,0.016899
LMT,21,21,macro_inflation_fwd_zscore,0.02489
LMT,21,21,macro_dollar_ret,0.0
LMT,21,21,beta_spy,0.015506
LMT,21,21,res_vol,0.01778
LMT,21,21,res_vol_vel,0.016376
LMT,21,21,price_regime,0.012492
LMT,21,21,corr_sector_21d,0.025484
LMT,21,21,corr_sector_252d,0.021158
LMT,21,21,sector_wedge,0.016688
LMT,21,22,rv_5d,0.067553
LMT,21,22,rv_10d,0.006038
LMT,21,22,rv_21d,0.009189
LMT,21,22,rv_63d,0.025895
LMT,21,22,rv_126d,0.017805
LMT,21,22,ewma_vol,0.027947
LMT,21,22,garch_cond_vol,0.0
LMT,21,22,ret_TARGET,0.0
LMT,21,22,tech_RSI,0.0
LMT,21,22,tech_MACD_hist,0.009604
LMT,21,22,ret_VIXY,0.0
LMT,21,22,mom21_VIXY,0.011855
LMT,21,22,ret_HYG,0.0
LMT,21,22,mom21_HYG,0.014326
LMT,21,22,ret_USO,0.0
LMT,21,22,mom21_USO,0.065384
LMT,21,22,ret_TLT,0.0
LMT,21,22,mom21_TLT,0.034833
LMT,21,22,ret_UUP,0.0
LMT,21,22,mom21_UUP,0.040668
LMT,21,22,ret_SPY,0.0
LMT,21,22,mom21_SPY,0.00589
LMT,21,22,vol_vel,0.013897
LMT,21,22,vol_of_vol,0.015845
LMT,21,22,vol_regime_zscore,0.009449
LMT,21,22,vol_chg_21d,0.009597
LMT,21,22,event_fed_gravity,0.066266
LMT,21,22,event_earn_gravity,0.0
LMT,21,22,event_div_gravity,0.0
LMT,21,22,event_cpi_gravity,0.062079
LMT,21,22,event_nfp_gravity,0.071156
LMT,21,22,put_call_skew_30d,0.009895
LMT,21,22,term_structure_slope,0.062537
LMT,21,22,vrp_wedge,0.008409
LMT,21,22,iv_atm_z_score,0.035041
LMT,21,22,macro_yield_curve_slope,0.024801
LMT,21,22,macro_hy_spread,0.022782
LMT,21,22,macro_hy_spread_chg_5d,0.010568
LMT,21,22,macro_breakeven_5y,0.033766
LMT,21,22,macro_inflation_fwd_5y5y,0.017038
LMT,21,22,macro_inflation_fwd_chg_21d,0.009613
LMT,21,22,macro_inflation_fwd_abs_chg_21d,0.015933
LMT,21,22,macro_inflation_fwd_chg_63d,0.018993
LMT,21,22,macro_inflation_fwd_zscore,0.024772
LMT,21,22,macro_dollar_ret,0.0
LMT,21,22,beta_spy,0.015335
LMT,21,22,res_vol,0.018131
LMT,21,22,res_vol_vel,0.014056
LMT,21,22,price_regime,0.014058
LMT,21,22,corr_sector_21d,0.021719
LMT,21,22,corr_sector_252d,0.020699
LMT,21,22,sector_wedge,0.016578
LMT,21,23,rv_5d,0.075196
LMT,21,23,rv_10d,0.015673
LMT,21,23,rv_21d,0.01113
LMT,21,23,rv_63d,0.026812
LMT,21,23,rv_126d,0.016876
LMT,21,23,ewma_vol,0.064876
LMT,21,23,garch_cond_vol,0.006429
LMT,21,23,ret_TARGET,0.0
LMT,21,23,tech_RSI,0.011838
LMT,21,23,tech_MACD_hist,0.010021
LMT,21,23,ret_VIXY,0.0
LMT,21,23,mom21_VIXY,0.008603
LMT,21,23,ret_HYG,0.0
LMT,21,23,mom21_HYG,0.015333
LMT,21,23,ret_USO,0.0
LMT,21,23,mom21_USO,0.055375
LMT,21,23,ret_TLT,0.0
LMT,21,23,mom21_TLT,0.024655
LMT,21,23,ret_UUP,0.0
LMT,21,23,mom21_UUP,0.03795
LMT,21,23,ret_SPY,0.0
LMT,21,23,mom21_SPY,0.011366
LMT,21,23,vol_vel,0.013358
LMT,21,23,vol_of_vol,0.016372
LMT,21,23,vol_regime_zscore,0.008444
LMT,21,23,vol_chg_21d,0.00856
LMT,21,23,event_fed_gravity,0.062271
LMT,21,23,event_earn_gravity,0.0
LMT,21,23,event_div_gravity,0.0
LMT,21,23,event_cpi_gravity,0.062004
LMT,21,23,event_nfp_gravity,0.040531
LMT,21,23,put_call_skew_30d,0.007884
LMT,21,23,term_structure_slope,0.057975
LMT,21,23,vrp_wedge,0.008706
LMT,21,23,iv_atm_z_score,0.037174
LMT,21,23,macro_yield_curve_slope,0.023802
LMT,21,23,macro_hy_spread,0.023786
LMT,21,23,macro_hy_spread_chg_5d,0.008205
LMT,21,23,macro_breakeven_5y,0.034065
LMT,21,23,macro_inflation_fwd_5y5y,0.015644
LMT,21,23,macro_inflation_fwd_chg_21d,0.0
LMT,21,23,macro_inflation_fwd_abs_chg_21d,0.015228
LMT,21,23,macro_inflation_fwd_chg_63d,0.020232
LMT,21,23,macro_inflation_fwd_zscore,0.026644
LMT,21,23,macro_dollar_ret,0.0
LMT,21,23,beta_spy,0.01827
LMT,21,23,res_vol,0.018213
LMT,21,23,res_vol_vel,0.011286
LMT,21,23,price_regime,0.012253
LMT,21,23,corr_sector_21d,0.020495
LMT,21,23,corr_sector_252d,0.022785
LMT,21,23,sector_wedge,0.01368
LMT,21,24,rv_5d,0.083281
LMT,21,24,rv_10d,0.016255
LMT,21,24,rv_21d,0.010771
LMT,21,24,rv_63d,0.025884
LMT,21,24,rv_126d,0.021922
LMT,21,24,ewma_vol,0.024467
LMT,21,24,garch_cond_vol,0.015915
LMT,21,24,ret_TARGET,0.0
LMT,21,24,tech_RSI,0.008537
LMT,21,24,tech_MACD_hist,0.009341
LMT,21,24,ret_VIXY,0.0
LMT,21,24,mom21_VIXY,0.007445
LMT,21,24,ret_HYG,0.0
LMT,21,24,mom21_HYG,0.015979
LMT,21,24,ret_USO,0.0
LMT,21,24,mom21_USO,0.049537
LMT,21,24,ret_TLT,0.0
LMT,21,24,mom21_TLT,0.030078
LMT,21,24,ret_UUP,0.0
LMT,21,24,mom21_UUP,0.024599
LMT,21,24,ret_SPY,0.0
LMT,21,24,mom21_SPY,0.0
LMT,21,24,vol_vel,0.009274
LMT,21,24,vol_of_vol,0.01445
LMT,21,24,vol_regime_zscore,0.013177
LMT,21,24,vol_chg_21d,0.008359
LMT,21,24,event_fed_gravity,0.06219
LMT,21,24,event_earn_gravity,0.0
LMT,21,24,event_div_gravity,0.0
LMT,21,24,event_cpi_gravity,0.075282
LMT,21,24,event_nfp_gravity,0.076953
LMT,21,24,put_call_skew_30d,0.00777
LMT,21,24,term_structure_slope,0.058757
LMT,21,24,vrp_wedge,0.007316
LMT,21,24,iv_atm_z_score,0.035578
LMT,21,24,macro_yield_curve_slope,0.024761
LMT,21,24,macro_hy_spread,0.025221
LMT,21,24,macro_hy_spread_chg_5d,0.010969
LMT,21,24,macro_breakeven_5y,0.032527
LMT,21,24,macro_inflation_fwd_5y5y,0.012529
LMT,21,24,macro_inflation_fwd_chg_21d,0.011458
LMT,21,24,macro_inflation_fwd_abs_chg_21d,0.016461
LMT,21,24,macro_inflation_fwd_chg_63d,0.020207
LMT,21,24,macro_inflation_fwd_zscore,0.0268
LMT,21,24,macro_dollar_ret,0.0
LMT,21,24,beta_spy,0.015255
LMT,21,24,res_vol,0.017082
LMT,21,24,res_vol_vel,0.0
LMT,21,24,price_regime,0.016899
LMT,21,24,corr_sector_21d,0.018552
LMT,21,24,corr_sector_252d,0.024394
LMT,21,24,sector_wedge,0.013768
LMT,21,25,rv_5d,0.050623
LMT,21,25,rv_10d,0.014584
LMT,21,25,rv_21d,0.017575
LMT,21,25,rv_63d,0.02686
LMT,21,25,rv_126d,0.016443
LMT,21,25,ewma_vol,0.032449
LMT,21,25,garch_cond_vol,0.020813
LMT,21,25,ret_TARGET,0.0
LMT,21,25,tech_RSI,0.019246
LMT,21,25,tech_MACD_hist,0.006241
LMT,21,25,ret_VIXY,0.0
LMT,21,25,mom21_VIXY,0.013216
LMT,21,25,ret_HYG,0.0
LMT,21,25,mom21_HYG,0.012889
LMT,21,25,ret_USO,0.005865
LMT,21,25,mom21_USO,0.04697
LMT,21,25,ret_TLT,0.0
LMT,21,25,mom21_TLT,0.02947
LMT,21,25,ret_UUP,0.0
LMT,21,25,mom21_UUP,0.013421
LMT,21,25,ret_SPY,0.0
LMT,21,25,mom21_SPY,0.010756
LMT,21,25,vol_vel,0.008837
LMT,21,25,vol_of_vol,0.0124
LMT,21,25,vol_regime_zscore,0.011524
LMT,21,25,vol_chg_21d,0.008663
LMT,21,25,event_fed_gravity,0.057712
LMT,21,25,event_earn_gravity,0.0
LMT,21,25,event_div_gravity,0.0
LMT,21,25,event_cpi_gravity,0.081214
LMT,21,25,event_nfp_gravity,0.070262
LMT,21,25,put_call_skew_30d,0.011373
LMT,21,25,term_structure_slope,0.054437
LMT,21,25,vrp_wedge,0.009623
LMT,21,25,iv_atm_z_score,0.040458
LMT,21,25,macro_yield_curve_slope,0.024732
LMT,21,25,macro_hy_spread,0.021466
LMT,21,25,macro_hy_spread_chg_5d,0.011909
LMT,21,25,macro_breakeven_5y,0.035611
LMT,21,25,macro_inflation_fwd_5y5y,0.013292
LMT,21,25,macro_inflation_fwd_chg_21d,0.016026
LMT,21,25,macro_inflation_fwd_abs_chg_21d,0.011806
LMT,21,25,macro_inflation_fwd_chg_63d,0.018924
LMT,21,25,macro_inflation_fwd_zscore,0.023272
LMT,21,25,macro_dollar_ret,0.0
LMT,21,25,beta_spy,0.021377
LMT,21,25,res_vol,0.015188
LMT,21,25,res_vol_vel,0.011516
LMT,21,25,price_regime,0.012099
LMT,21,25,corr_sector_21d,0.025151
LMT,21,25,corr_sector_252d,0.020923
LMT,21,25,sector_wedge,0.012782
LMT,21,26,rv_5d,0.080616
LMT,21,26,rv_10d,0.016492
LMT,21,26,rv_21d,0.024895
LMT,21,26,rv_63d,0.021578
LMT,21,26,rv_126d,0.025861
LMT,21,26,ewma_vol,0.020986
LMT,21,26,garch_cond_vol,0.0
LMT,21,26,ret_TARGET,0.0
LMT,21,26,tech_RSI,0.011557
LMT,21,26,tech_MACD_hist,0.009564
LMT,21,26,ret_VIXY,0.0
LMT,21,26,mom21_VIXY,0.015752
LMT,21,26,ret_HYG,0.0
LMT,21,26,mom21_HYG,0.015302
LMT,21,26,ret_USO,0.0
LMT,21,26,mom21_USO,0.055612
LMT,21,26,ret_TLT,0.005325
LMT,21,26,mom21_TLT,0.05327
LMT,21,26,ret_UUP,0.0
LMT,21,26,mom21_UUP,0.021691
LMT,21,26,ret_SPY,0.0
LMT,21,26,mom21_SPY,0.005472
LMT,21,26,vol_vel,0.00927
LMT,21,26,vol_of_vol,0.009485
LMT,21,26,vol_regime_zscore,0.010218
LMT,21,26,vol_chg_21d,0.007967
LMT,21,26,event_fed_gravity,0.063825
LMT,21,26,event_earn_gravity,0.0
LMT,21,26,event_div_gravity,0.0
LMT,21,26,event_cpi_gravity,0.042625
LMT,21,26,event_nfp_gravity,0.070165
LMT,21,26,put_call_skew_30d,0.009317
LMT,21,26,term_structure_slope,0.069307
LMT,21,26,vrp_wedge,0.011241
LMT,21,26,iv_atm_z_score,0.038136
LMT,21,26,macro_yield_curve_slope,0.022568
LMT,21,26,macro_hy_spread,0.018735
LMT,21,26,macro_hy_spread_chg_5d,0.009747
LMT,21,26,macro_breakeven_5y,0.03113
LMT,21,26,macro_inflation_fwd_5y5y,0.012015
LMT,21,26,macro_inflation_fwd_chg_21d,0.013674
LMT,21,26,macro_inflation_fwd_abs_chg_21d,0.016642
LMT,21,26,macro_inflation_fwd_chg_63d,0.019092
LMT,21,26,macro_inflation_fwd_zscore,0.023799
LMT,21,26,macro_dollar_ret,0.0
LMT,21,26,beta_spy,0.014484
LMT,21,26,res_vol,0.017371
LMT,21,26,res_vol_vel,0.014149
LMT,21,26,price_regime,0.010157
LMT,21,26,corr_sector_21d,0.02404
LMT,21,26,corr_sector_252d,0.014453
LMT,21,26,sector_wedge,0.012418
LMT,21,27,rv_5d,0.067107
LMT,21,27,rv_10d,0.009336
LMT,21,27,rv_21d,0.022724
LMT,21,27,rv_63d,0.023419
LMT,21,27,rv_126d,0.020284
LMT,21,27,ewma_vol,0.032704
LMT,21,27,garch_cond_vol,0.032357
LMT,21,27,ret_TARGET,0.0
LMT,21,27,tech_RSI,0.0
LMT,21,27,tech_MACD_hist,0.008844
LMT,21,27,ret_VIXY,0.0
LMT,21,27,mom21_VIXY,0.019466
LMT,21,27,ret_HYG,0.0
LMT,21,27,mom21_HYG,0.015305
LMT,21,27,ret_USO,0.0
LMT,21,27,mom21_USO,0.052483
LMT,21,27,ret_TLT,0.0
LMT,21,27,mom21_TLT,0.03795
LMT,21,27,ret_UUP,0.0
LMT,21,27,mom21_UUP,0.017686
LMT,21,27,ret_SPY,0.0
LMT,21,27,mom21_SPY,0.020281
LMT,21,27,vol_vel,0.01834
LMT,21,27,vol_of_vol,0.009031
LMT,21,27,vol_regime_zscore,0.011175
LMT,21,27,vol_chg_21d,0.008972
LMT,21,27,event_fed_gravity,0.074074
LMT,21,27,event_earn_gravity,0.0
LMT,21,27,event_div_gravity,0.0
LMT,21,27,event_cpi_gravity,0.047536
LMT,21,27,event_nfp_gravity,0.053522
LMT,21,27,put_call_skew_30d,0.007707
LMT,21,27,term_structure_slope,0.068415
LMT,21,27,vrp_wedge,0.012741
LMT,21,27,iv_atm_z_score,0.037966
LMT,21,27,macro_yield_curve_slope,0.021367
LMT,21,27,macro_hy_spread,0.01973
LMT,21,27,macro_hy_spread_chg_5d,0.013665
LMT,21,27,macro_breakeven_5y,0.027941
LMT,21,27,macro_inflation_fwd_5y5y,0.012357
LMT,21,27,macro_inflation_fwd_chg_21d,0.013955
LMT,21,27,macro_inflation_fwd_abs_chg_21d,0.015223
LMT,21,27,macro_inflation_fwd_chg_63d,0.019309
LMT,21,27,macro_inflation_fwd_zscore,0.016761
LMT,21,27,macro_dollar_ret,0.0
LMT,21,27,beta_spy,0.017432
LMT,21,27,res_vol,0.018957
LMT,21,27,res_vol_vel,0.009768
LMT,21,27,price_regime,0.012679
LMT,21,27,corr_sector_21d,0.022861
LMT,21,27,corr_sector_252d,0.017484
LMT,21,27,sector_wedge,0.01109
LMT,21,28,rv_5d,0.056737
LMT,21,28,rv_10d,0.0
LMT,21,28,rv_21d,0.024913
LMT,21,28,rv_63d,0.020012
LMT,21,28,rv_126d,0.028838
LMT,21,28,ewma_vol,0.061827
LMT,21,28,garch_cond_vol,0.015033
LMT,21,28,ret_TARGET,0.0
LMT,21,28,tech_RSI,0.0
LMT,21,28,tech_MACD_hist,0.009232
LMT,21,28,ret_VIXY,0.0
LMT,21,28,mom21_VIXY,0.012768
LMT,21,28,ret_HYG,0.0
LMT,21,28,mom21_HYG,0.011636
LMT,21,28,ret_USO,0.0
LMT,21,28,mom21_USO,0.065318
LMT,21,28,ret_TLT,0.0
LMT,21,28,mom21_TLT,0.015205
LMT,21,28,ret_UUP,0.0
LMT,21,28,mom21_UUP,0.026271
LMT,21,28,ret_SPY,0.0
LMT,21,28,mom21_SPY,0.016715
LMT,21,28,vol_vel,0.01401
LMT,21,28,vol_of_vol,0.008795
LMT,21,28,vol_regime_zscore,0.010825
LMT,21,28,vol_chg_21d,0.010655
LMT,21,28,event_fed_gravity,0.055236
LMT,21,28,event_earn_gravity,0.0
LMT,21,28,event_div_gravity,0.0
LMT,21,28,event_cpi_gravity,0.075775
LMT,21,28,event_nfp_gravity,0.061198
LMT,21,28,put_call_skew_30d,0.009475
LMT,21,28,term_structure_slope,0.055838
LMT,21,28,vrp_wedge,0.011853
LMT,21,28,iv_atm_z_score,0.047809
LMT,21,28,macro_yield_curve_slope,0.02314
LMT,21,28,macro_hy_spread,0.019788
LMT,21,28,macro_hy_spread_chg_5d,0.015176
LMT,21,28,macro_breakeven_5y,0.023571
LMT,21,28,macro_inflation_fwd_5y5y,0.010823
LMT,21,28,macro_inflation_fwd_chg_21d,0.016526
LMT,21,28,macro_inflation_fwd_abs_chg_21d,0.012436
LMT,21,28,macro_inflation_fwd_chg_63d,0.01963
LMT,21,28,macro_inflation_fwd_zscore,0.016693
LMT,21,28,macro_dollar_ret,0.0
LMT,21,28,beta_spy,0.016647
LMT,21,28,res_vol,0.01744
LMT,21,28,res_vol_vel,0.014682
LMT,21,28,price_regime,0.01293
LMT,21,28,corr_sector_21d,0.029067
LMT,21,28,corr_sector_252d,0.016652
LMT,21,28,sector_wedge,0.008826
LMT,21,29,rv_5d,0.077298
LMT,21,29,rv_10d,0.034959
LMT,21,29,rv_21d,0.027354
LMT,21,29,rv_63d,0.019908
LMT,21,29,rv_126d,0.020768
LMT,21,29,ewma_vol,0.064228
LMT,21,29,garch_cond_vol,0.011147
LMT,21,29,ret_TARGET,0.0
LMT,21,29,tech_RSI,0.0
LMT,21,29,tech_MACD_hist,0.008067
LMT,21,29,ret_VIXY,0.0
LMT,21,29,mom21_VIXY,0.014851
LMT,21,29,ret_HYG,0.0
LMT,21,29,mom21_HYG,0.012354
LMT,21,29,ret_USO,0.0
LMT,21,29,mom21_USO,0.070974
LMT,21,29,ret_TLT,0.0
LMT,21,29,mom21_TLT,0.038674
LMT,21,29,ret_UUP,0.0
LMT,21,29,mom21_UUP,0.020019
LMT,21,29,ret_SPY,0.0
LMT,21,29,mom21_SPY,0.010116
LMT,21,29,vol_vel,0.011721
LMT,21,29,vol_of_vol,0.007818
LMT,21,29,vol_regime_zscore,0.010983
LMT,21,29,vol_chg_21d,0.009166
LMT,21,29,event_fed_gravity,0.052439
LMT,21,29,event_earn_gravity,0.0
LMT,21,29,event_div_gravity,0.0
LMT,21,29,event_cpi_gravity,0.061735
LMT,21,29,event_nfp_gravity,0.038858
LMT,21,29,put_call_skew_30d,0.009302
LMT,21,29,term_structure_slope,0.033651
LMT,21,29,vrp_wedge,0.013086
LMT,21,29,iv_atm_z_score,0.054394
LMT,21,29,macro_yield_curve_slope,0.023929
LMT,21,29,macro_hy_spread,0.015113
LMT,21,29,macro_hy_spread_chg_5d,0.018741
LMT,21,29,macro_breakeven_5y,0.022592
LMT,21,29,macro_inflation_fwd_5y5y,0.012909
LMT,21,29,macro_inflation_fwd_chg_21d,0.015794
LMT,21,29,macro_inflation_fwd_abs_chg_21d,0.016552
LMT,21,29,macro_inflation_fwd_chg_63d,0.016958
LMT,21,29,macro_inflation_fwd_zscore,0.01495
LMT,21,29,macro_dollar_ret,0.0
LMT,21,29,beta_spy,0.013569
LMT,21,29,res_vol,0.019031
LMT,21,29,res_vol_vel,0.014396
LMT,21,29,price_regime,0.014006
LMT,21,29,corr_sector_21d,0.015328
LMT,21,29,corr_sector_252d,0.021336
LMT,21,29,sector_wedge,0.010923
LMT,21,30,rv_5d,0.076889
LMT,21,30,rv_10d,0.019563
LMT,21,30,rv_21d,0.029902
LMT,21,30,rv_63d,0.020871
LMT,21,30,rv_126d,0.022325
LMT,21,30,ewma_vol,0.086331
LMT,21,30,garch_cond_vol,0.007662
LMT,21,30,ret_TARGET,0.0
LMT,21,30,tech_RSI,0.005666
LMT,21,30,tech_MACD_hist,0.010485
LMT,21,30,ret_VIXY,0.0
LMT,21,30,mom21_VIXY,0.018431
LMT,21,30,ret_HYG,0.0
LMT,21,30,mom21_HYG,0.010152
LMT,21,30,ret_USO,0.0
LMT,21,30,mom21_USO,0.058885
LMT,21,30,ret_TLT,0.0
LMT,21,30,mom21_TLT,0.0
LMT,21,30,ret_UUP,0.0
LMT,21,30,mom21_UUP,0.005365
LMT,21,30,ret_SPY,0.0
LMT,21,30,mom21_SPY,0.016408
LMT,21,30,vol_vel,0.009539
LMT,21,30,vol_of_vol,0.010667
LMT,21,30,vol_regime_zscore,0.018367
LMT,21,30,vol_chg_21d,0.009227
LMT,21,30,event_fed_gravity,0.066845
LMT,21,30,event_earn_gravity,0.0
LMT,21,30,event_div_gravity,0.0
LMT,21,30,event_cpi_gravity,0.039799
LMT,21,30,event_nfp_gravity,0.054381
LMT,21,30,put_call_skew_30d,0.012017
LMT,21,30,term_structure_slope,0.043625
LMT,21,30,vrp_wedge,0.012064
LMT,21,30,iv_atm_z_score,0.069935
LMT,21,30,macro_yield_curve_slope,0.023603
LMT,21,30,macro_hy_spread,0.019592
LMT,21,30,macro_hy_spread_chg_5d,0.008049
LMT,21,30,macro_breakeven_5y,0.02564
LMT,21,30,macro_inflation_fwd_5y5y,0.014739
LMT,21,30,macro_inflation_fwd_chg_21d,0.017711
LMT,21,30,macro_inflation_fwd_abs_chg_21d,0.011852
LMT,21,30,macro_inflation_fwd_chg_63d,0.024009
LMT,21,30,macro_inflation_fwd_zscore,0.013231
LMT,21,30,macro_dollar_ret,0.0
LMT,21,30,beta_spy,0.012292
LMT,21,30,res_vol,0.018972
LMT,21,30,res_vol_vel,0.010287
LMT,21,30,price_regime,0.014885
LMT,21,30,corr_sector_21d,0.019162
LMT,21,30,corr_sector_252d,0.019909
LMT,21,30,sector_wedge,0.010668
LMT,21,31,rv_5d,0.072684
LMT,21,31,rv_10d,0.020495
LMT,21,31,rv_21d,0.028133
LMT,21,31,rv_63d,0.017981
LMT,21,31,rv_126d,0.014801
LMT,21,31,ewma_vol,0.053665
LMT,21,31,garch_cond_vol,0.010549
LMT,21,31,ret_TARGET,0.0
LMT,21,31,tech_RSI,0.0
LMT,21,31,tech_MACD_hist,0.009566
LMT,21,31,ret_VIXY,0.0
LMT,21,31,mom21_VIXY,0.022901
LMT,21,31,ret_HYG,0.0
LMT,21,31,mom21_HYG,0.011865
LMT,21,31,ret_USO,0.0
LMT,21,31,mom21_USO,0.052815
LMT,21,31,ret_TLT,0.0
LMT,21,31,mom21_TLT,0.039392
LMT,21,31,ret_UUP,0.0
LMT,21,31,mom21_UUP,0.019671
LMT,21,31,ret_SPY,0.0
LMT,21,31,mom21_SPY,0.0
LMT,21,31,vol_vel,0.014215
LMT,21,31,vol_of_vol,0.007286
LMT,21,31,vol_regime_zscore,0.021751
LMT,21,31,vol_chg_21d,0.008699
LMT,21,31,event_fed_gravity,0.05367
LMT,21,31,event_earn_gravity,0.0
LMT,21,31,event_div_gravity,0.0
LMT,21,31,event_cpi_gravity,0.062438
LMT,21,31,event_nfp_gravity,0.044025
LMT,21,31,put_call_skew_30d,0.008457
LMT,21,31,term_structure_slope,0.044369
LMT,21,31,vrp_wedge,0.008877
LMT,21,31,iv_atm_z_score,0.063692
LMT,21,31,macro_yield_curve_slope,0.0231
LMT,21,31,macro_hy_spread,0.025029
LMT,21,31,macro_hy_spread_chg_5d,0.017293
LMT,21,31,macro_breakeven_5y,0.026144
LMT,21,31,macro_inflation_fwd_5y5y,0.010969
LMT,21,31,macro_inflation_fwd_chg_21d,0.027759
LMT,21,31,macro_inflation_fwd_abs_chg_21d,0.011569
LMT,21,31,macro_inflation_fwd_chg_63d,0.019973
LMT,21,31,macro_inflation_fwd_zscore,0.021358
LMT,21,31,macro_dollar_ret,0.0
LMT,21,31,beta_spy,0.011645
LMT,21,31,res_vol,0.015657
LMT,21,31,res_vol_vel,0.009447
LMT,21,31,price_regime,0.018963
LMT,21,31,corr_sector_21d,0.02381
LMT,21,31,corr_sector_252d,0.016228
LMT,21,31,sector_wedge,0.009057
LMT,21,32,rv_5d,0.077103
LMT,21,32,rv_10d,0.015131
LMT,21,32,rv_21d,0.022197
LMT,21,32,rv_63d,0.014262
LMT,21,32,rv_126d,0.018533
LMT,21,32,ewma_vol,0.061007
LMT,21,32,garch_cond_vol,0.019264
LMT,21,32,ret_TARGET,0.0
LMT,21,32,tech_RSI,0.0
LMT,21,32,tech_MACD_hist,0.006318
LMT,21,32,ret_VIXY,0.0
LMT,21,32,mom21_VIXY,0.025951
LMT,21,32,ret_HYG,0.0
LMT,21,32,mom21_HYG,0.010205
LMT,21,32,ret_USO,0.0
LMT,21,32,mom21_USO,0.044421
LMT,21,32,ret_TLT,0.0
LMT,21,32,mom21_TLT,0.021194
LMT,21,32,ret_UUP,0.0
LMT,21,32,mom21_UUP,0.020216
LMT,21,32,ret_SPY,0.0
LMT,21,32,mom21_SPY,0.013627
LMT,21,32,vol_vel,0.014364
LMT,21,32,vol_of_vol,0.009546
LMT,21,32,vol_regime_zscore,0.014972
LMT,21,32,vol_chg_21d,0.008982
LMT,21,32,event_fed_gravity,0.056033
LMT,21,32,event_earn_gravity,0.0
LMT,21,32,event_div_gravity,0.0
LMT,21,32,event_cpi_gravity,0.070858
LMT,21,32,event_nfp_gravity,0.035829
LMT,21,32,put_call_skew_30d,0.008493
LMT,21,32,term_structure_slope,0.041379
LMT,21,32,vrp_wedge,0.011863
LMT,21,32,iv_atm_z_score,0.075347
LMT,21,32,macro_yield_curve_slope,0.022868
LMT,21,32,macro_hy_spread,0.021081
LMT,21,32,macro_hy_spread_chg_5d,0.020305
LMT,21,32,macro_breakeven_5y,0.024889
LMT,21,32,macro_inflation_fwd_5y5y,0.013595
LMT,21,32,macro_inflation_fwd_chg_21d,0.011011
LMT,21,32,macro_inflation_fwd_abs_chg_21d,0.011251
LMT,21,32,macro_inflation_fwd_chg_63d,0.020028
LMT,21,32,macro_inflation_fwd_zscore,0.02742
LMT,21,32,macro_dollar_ret,0.0
LMT,21,32,beta_spy,0.013269
LMT,21,32,res_vol,0.017719
LMT,21,32,res_vol_vel,0.013128
LMT,21,32,price_regime,0.01812
LMT,21,32,corr_sector_21d,0.023533
LMT,21,32,corr_sector_252d,0.01598
LMT,21,32,sector_wedge,0.008704
LMT,21,33,rv_5d,0.071146
LMT,21,33,rv_10d,0.012676
LMT,21,33,rv_21d,0.0201
LMT,21,33,rv_63d,0.020369
LMT,21,33,rv_126d,0.018841
LMT,21,33,ewma_vol,0.061774
LMT,21,33,garch_cond_vol,0.009617
LMT,21,33,ret_TARGET,0.0
LMT,21,33,tech_RSI,0.0
LMT,21,33,tech_MACD_hist,0.010533
LMT,21,33,ret_VIXY,0.0
LMT,21,33,mom21_VIXY,0.016158
LMT,21,33,ret_HYG,0.0
LMT,21,33,mom21_HYG,0.013801
LMT,21,33,ret_USO,0.0
LMT,21,33,mom21_USO,0.050745
LMT,21,33,ret_TLT,0.0
LMT,21,33,mom21_TLT,0.024753
LMT,21,33,ret_UUP,0.0
LMT,21,33,mom21_UUP,0.019528
LMT,21,33,ret_SPY,0.0
LMT,21,33,mom21_SPY,0.0
LMT,21,33,vol_vel,0.011508
LMT,21,33,vol_of_vol,0.009498
LMT,21,33,vol_regime_zscore,0.021021
LMT,21,33,vol_chg_21d,0.010062
LMT,21,33,event_fed_gravity,0.051695
LMT,21,33,event_earn_gravity,0.0
LMT,21,33,event_div_gravity,0.0
LMT,21,33,event_cpi_gravity,0.08153
LMT,21,33,event_nfp_gravity,0.039869
LMT,21,33,put_call_skew_30d,0.00925
LMT,21,33,term_structure_slope,0.04583
LMT,21,33,vrp_wedge,0.011466
LMT,21,33,iv_atm_z_score,0.077279
LMT,21,33,macro_yield_curve_slope,0.026272
LMT,21,33,macro_hy_spread,0.018831
LMT,21,33,macro_hy_spread_chg_5d,0.014845
LMT,21,33,macro_breakeven_5y,0.024432
LMT,21,33,macro_inflation_fwd_5y5y,0.013455
LMT,21,33,macro_inflation_fwd_chg_21d,0.010704
LMT,21,33,macro_inflation_fwd_abs_chg_21d,0.012906
LMT,21,33,macro_inflation_fwd_chg_63d,0.025733
LMT,21,33,macro_inflation_fwd_zscore,0.021554
LMT,21,33,macro_dollar_ret,0.0
LMT,21,33,beta_spy,0.012077
LMT,21,33,res_vol,0.018188
LMT,21,33,res_vol_vel,0.013872
LMT,21,33,price_regime,0.017999
LMT,21,33,corr_sector_21d,0.02527
LMT,21,33,corr_sector_252d,0.015325
LMT,21,33,sector_wedge,0.009489
LMT,21,34,rv_5d,0.04584
LMT,21,34,rv_10d,0.016143
LMT,21,34,rv_21d,0.020453
LMT,21,34,rv_63d,0.018965
LMT,21,34,rv_126d,0.019448
LMT,21,34,ewma_vol,0.054
LMT,21,34,garch_cond_vol,0.011748
LMT,21,34,ret_TARGET,0.0
LMT,21,34,tech_RSI,0.0
LMT,21,34,tech_MACD_hist,0.006216
LMT,21,34,ret_VIXY,0.0
LMT,21,34,mom21_VIXY,0.03145
LMT,21,34,ret_HYG,0.0
LMT,21,34,mom21_HYG,0.023403
LMT,21,34,ret_USO,0.0
LMT,21,34,mom21_USO,0.051078
LMT,21,34,ret_TLT,0.0
LMT,21,34,mom21_TLT,0.021375
LMT,21,34,ret_UUP,0.0
LMT,21,34,mom21_UUP,0.012167
LMT,21,34,ret_SPY,0.0
LMT,21,34,mom21_SPY,0.006331
LMT,21,34,vol_vel,0.010341
LMT,21,34,vol_of_vol,0.011051
LMT,21,34,vol_regime_zscore,0.028837
LMT,21,34,vol_chg_21d,0.012109
LMT,21,34,event_fed_gravity,0.06398
LMT,21,34,event_earn_gravity,0.0
LMT,21,34,event_div_gravity,0.0
LMT,21,34,event_cpi_gravity,0.051098
LMT,21,34,event_nfp_gravity,0.06795
LMT,21,34,put_call_skew_30d,0.010799
LMT,21,34,term_structure_slope,0.05054
LMT,21,34,vrp_wedge,0.011548
LMT,21,34,iv_atm_z_score,0.0651
LMT,21,34,macro_yield_curve_slope,0.023868
LMT,21,34,macro_hy_spread,0.020277
LMT,21,34,macro_hy_spread_chg_5d,0.016105
LMT,21,34,macro_breakeven_5y,0.018632
LMT,21,34,macro_inflation_fwd_5y5y,0.015805
LMT,21,34,macro_inflation_fwd_chg_21d,0.01813
LMT,21,34,macro_inflation_fwd_abs_chg_21d,0.014479
LMT,21,34,macro_inflation_fwd_chg_63d,0.024026
LMT,21,34,macro_inflation_fwd_zscore,0.029504
LMT,21,34,macro_dollar_ret,0.0
LMT,21,34,beta_spy,0.016221
LMT,21,34,res_vol,0.016824
LMT,21,34,res_vol_vel,0.012577
LMT,21,34,price_regime,0.017926
LMT,21,34,corr_sector_21d,0.012369
LMT,21,34,corr_sector_252d,0.009625
LMT,21,34,sector_wedge,0.011664
LMT,21,35,rv_5d,0.043457
LMT,21,35,rv_10d,0.006268
LMT,21,35,rv_21d,0.027858
LMT,21,35,rv_63d,0.017757
LMT,21,35,rv_126d,0.018801
LMT,21,35,ewma_vol,0.06446
LMT,21,35,garch_cond_vol,0.006635
LMT,21,35,ret_TARGET,0.0
LMT,21,35,tech_RSI,0.006021
LMT,21,35,tech_MACD_hist,0.00612
LMT,21,35,ret_VIXY,0.0
LMT,21,35,mom21_VIXY,0.013046
LMT,21,35,ret_HYG,0.0
LMT,21,35,mom21_HYG,0.015875
LMT,21,35,ret_USO,0.0
LMT,21,35,mom21_USO,0.048455
LMT,21,35,ret_TLT,0.007159
LMT,21,35,mom21_TLT,0.027403
LMT,21,35,ret_UUP,0.0
LMT,21,35,mom21_UUP,0.019538
LMT,21,35,ret_SPY,0.0
LMT,21,35,mom21_SPY,0.015873
LMT,21,35,vol_vel,0.007324
LMT,21,35,vol_of_vol,0.015319
LMT,21,35,vol_regime_zscore,0.018705
LMT,21,35,vol_chg_21d,0.008778
LMT,21,35,event_fed_gravity,0.05605
LMT,21,35,event_earn_gravity,0.0
LMT,21,35,event_div_gravity,0.0
LMT,21,35,event_cpi_gravity,0.068868
LMT,21,35,event_nfp_gravity,0.054548
LMT,21,35,put_call_skew_30d,0.010794
LMT,21,35,term_structure_slope,0.052083
LMT,21,35,vrp_wedge,0.020392
LMT,21,35,iv_atm_z_score,0.067636
LMT,21,35,macro_yield_curve_slope,0.022472
LMT,21,35,macro_hy_spread,0.022162
LMT,21,35,macro_hy_spread_chg_5d,0.017801
LMT,21,35,macro_breakeven_5y,0.019797
LMT,21,35,macro_inflation_fwd_5y5y,0.013461
LMT,21,35,macro_inflation_fwd_chg_21d,0.016018
LMT,21,35,macro_inflation_fwd_abs_chg_21d,0.009886
LMT,21,35,macro_inflation_fwd_chg_63d,0.019395
LMT,21,35,macro_inflation_fwd_zscore,0.027579
LMT,21,35,macro_dollar_ret,0.0
LMT,21,35,beta_spy,0.015792
LMT,21,35,res_vol,0.018308
LMT,21,35,res_vol_vel,0.01111
LMT,21,35,price_regime,0.020602
LMT,21,35,corr_sector_21d,0.012564
LMT,21,35,corr_sector_252d,0.016378
LMT,21,35,sector_wedge,0.011451
LMT,21,36,rv_5d,0.057631
LMT,21,36,rv_10d,0.014059
LMT,21,36,rv_21d,0.02537
LMT,21,36,rv_63d,0.01578
LMT,21,36,rv_126d,0.016936
LMT,21,36,ewma_vol,0.053273
LMT,21,36,garch_cond_vol,0.009807
LMT,21,36,ret_TARGET,0.0
LMT,21,36,tech_RSI,0.005971
LMT,21,36,tech_MACD_hist,0.00699
LMT,21,36,ret_VIXY,0.0
LMT,21,36,mom21_VIXY,0.014743
LMT,21,36,ret_HYG,0.0
LMT,21,36,mom21_HYG,0.010625
LMT,21,36,ret_USO,0.0
LMT,21,36,mom21_USO,0.047589
LMT,21,36,ret_TLT,0.0
LMT,21,36,mom21_TLT,0.033401
LMT,21,36,ret_UUP,0.0
LMT,21,36,mom21_UUP,0.014806
LMT,21,36,ret_SPY,0.0
LMT,21,36,mom21_SPY,0.028739
LMT,21,36,vol_vel,0.010042
LMT,21,36,vol_of_vol,0.014935
LMT,21,36,vol_regime_zscore,0.013498
LMT,21,36,vol_chg_21d,0.009487
LMT,21,36,event_fed_gravity,0.063157
LMT,21,36,event_earn_gravity,0.0
LMT,21,36,event_div_gravity,0.0
LMT,21,36,event_cpi_gravity,0.042714
LMT,21,36,event_nfp_gravity,0.059269
LMT,21,36,put_call_skew_30d,0.011529
LMT,21,36,term_structure_slope,0.052017
LMT,21,36,vrp_wedge,0.021796
LMT,21,36,iv_atm_z_score,0.062254
LMT,21,36,macro_yield_curve_slope,0.020918
LMT,21,36,macro_hy_spread,0.023032
LMT,21,36,macro_hy_spread_chg_5d,0.016769
LMT,21,36,macro_breakeven_5y,0.017718
LMT,21,36,macro_inflation_fwd_5y5y,0.011286
LMT,21,36,macro_inflation_fwd_chg_21d,0.030896
LMT,21,36,macro_inflation_fwd_abs_chg_21d,0.023995
LMT,21,36,macro_inflation_fwd_chg_63d,0.020723
LMT,21,36,macro_inflation_fwd_zscore,0.021644
LMT,21,36,macro_dollar_ret,0.0
LMT,21,36,beta_spy,0.012606
LMT,21,36,res_vol,0.016421
LMT,21,36,res_vol_vel,0.01632
LMT,21,36,price_regime,0.012118
LMT,21,36,corr_sector_21d,0.014003
LMT,21,36,corr_sector_252d,0.013039
LMT,21,36,sector_wedge,0.012094
LMT,21,37,rv_5d,0.063651
LMT,21,37,rv_10d,0.007954
LMT,21,37,rv_21d,0.029556
LMT,21,37,rv_63d,0.018826
LMT,21,37,rv_126d,0.023955
LMT,21,37,ewma_vol,0.013879
LMT,21,37,garch_cond_vol,0.009739
LMT,21,37,ret_TARGET,0.0
LMT,21,37,tech_RSI,0.0
LMT,21,37,tech_MACD_hist,0.00989
LMT,21,37,ret_VIXY,0.0
LMT,21,37,mom21_VIXY,0.011967
LMT,21,37,ret_HYG,0.0
LMT,21,37,mom21_HYG,0.011632
LMT,21,37,ret_USO,0.0
LMT,21,37,mom21_USO,0.051168
LMT,21,37,ret_TLT,0.0
LMT,21,37,mom21_TLT,0.019279
LMT,21,37,ret_UUP,0.0
LMT,21,37,mom21_UUP,0.014114
LMT,21,37,ret_SPY,0.0
LMT,21,37,mom21_SPY,0.025333
LMT,21,37,vol_vel,0.013852
LMT,21,37,vol_of_vol,0.010891
LMT,21,37,vol_regime_zscore,0.013077
LMT,21,37,vol_chg_21d,0.010257
LMT,21,37,event_fed_gravity,0.07873
LMT,21,37,event_earn_gravity,0.0
LMT,21,37,event_div_gravity,0.0
LMT,21,37,event_cpi_gravity,0.045875
LMT,21,37,event_nfp_gravity,0.059753
LMT,21,37,put_call_skew_30d,0.0
LMT,21,37,term_structure_slope,0.055377
LMT,21,37,vrp_wedge,0.018538
LMT,21,37,iv_atm_z_score,0.071978
LMT,21,37,macro_yield_curve_slope,0.022934
LMT,21,37,macro_hy_spread,0.022516
LMT,21,37,macro_hy_spread_chg_5d,0.018611
LMT,21,37,macro_breakeven_5y,0.018516
LMT,21,37,macro_inflation_fwd_5y5y,0.014262
LMT,21,37,macro_inflation_fwd_chg_21d,0.02708
LMT,21,37,macro_inflation_fwd_abs_chg_21d,0.025212
LMT,21,37,macro_inflation_fwd_chg_63d,0.020434
LMT,21,37,macro_inflation_fwd_zscore,0.024668
LMT,21,37,macro_dollar_ret,0.0
LMT,21,37,beta_spy,0.014499
LMT,21,37,res_vol,0.020493
LMT,21,37,res_vol_vel,0.017495
LMT,21,37,price_regime,0.012128
LMT,21,37,corr_sector_21d,0.01932
LMT,21,37,corr_sector_252d,0.018486
LMT,21,37,sector_wedge,0.014074
LMT,21,38,rv_5d,0.059542
LMT,21,38,rv_10d,0.022865
LMT,21,38,rv_21d,0.022614
LMT,21,38,rv_63d,0.018353
LMT,21,38,rv_126d,0.024982
LMT,21,38,ewma_vol,0.016599
LMT,21,38,garch_cond_vol,0.009994
LMT,21,38,ret_TARGET,0.0
LMT,21,38,tech_RSI,0.0
LMT,21,38,tech_MACD_hist,0.010068
LMT,21,38,ret_VIXY,0.0
LMT,21,38,mom21_VIXY,0.015135
LMT,21,38,ret_HYG,0.0
LMT,21,38,mom21_HYG,0.017097
LMT,21,38,ret_USO,0.0
LMT,21,38,mom21_USO,0.045995
LMT,21,38,ret_TLT,0.0
LMT,21,38,mom21_TLT,0.01747
LMT,21,38,ret_UUP,0.0
LMT,21,38,mom21_UUP,0.014586
LMT,21,38,ret_SPY,0.0
LMT,21,38,mom21_SPY,0.027116
LMT,21,38,vol_vel,0.01081
LMT,21,38,vol_of_vol,0.013928
LMT,21,38,vol_regime_zscore,0.02013
LMT,21,38,vol_chg_21d,0.008072
LMT,21,38,event_fed_gravity,0.061895
LMT,21,38,event_earn_gravity,0.0
LMT,21,38,event_div_gravity,0.0
LMT,21,38,event_cpi_gravity,0.053367
LMT,21,38,event_nfp_gravity,0.067446
LMT,21,38,put_call_skew_30d,0.005396
LMT,21,38,term_structure_slope,0.053314
LMT,21,38,vrp_wedge,0.01154
LMT,21,38,iv_atm_z_score,0.076556
LMT,21,38,macro_yield_curve_slope,0.020158
LMT,21,38,macro_hy_spread,0.021504
LMT,21,38,macro_hy_spread_chg_5d,0.017471
LMT,21,38,macro_breakeven_5y,0.016309
LMT,21,38,macro_inflation_fwd_5y5y,0.012786
LMT,21,38,macro_inflation_fwd_chg_21d,0.031738
LMT,21,38,macro_inflation_fwd_abs_chg_21d,0.02194
LMT,21,38,macro_inflation_fwd_chg_63d,0.021761
LMT,21,38,macro_inflation_fwd_zscore,0.020602
LMT,21,38,macro_dollar_ret,0.0
LMT,21,38,beta_spy,0.012281
LMT,21,38,res_vol,0.019988
LMT,21,38,res_vol_vel,0.02088
LMT,21,38,price_regime,0.011128
LMT,21,38,corr_sector_21d,0.017735
LMT,21,38,corr_sector_252d,0.014944
LMT,21,38,sector_wedge,0.013905
LMT,21,39,rv_5d,0.042654
LMT,21,39,rv_10d,0.008289
LMT,21,39,rv_21d,0.018773
LMT,21,39,rv_63d,0.016086
LMT,21,39,rv_126d,0.019959
LMT,21,39,ewma_vol,0.029269
LMT,21,39,garch_cond_vol,0.022108
LMT,21,39,ret_TARGET,0.0
LMT,21,39,tech_RSI,0.008594
LMT,21,39,tech_MACD_hist,0.008757
LMT,21,39,ret_VIXY,0.0
LMT,21,39,mom21_VIXY,0.02112
LMT,21,39,ret_HYG,0.0
LMT,21,39,mom21_HYG,0.01279
LMT,21,39,ret_USO,0.0
LMT,21,39,mom21_USO,0.050239
LMT,21,39,ret_TLT,0.0
LMT,21,39,mom21_TLT,0.022884
LMT,21,39,ret_UUP,0.0
LMT,21,39,mom21_UUP,0.01337
LMT,21,39,ret_SPY,0.0
LMT,21,39,mom21_SPY,0.040012
LMT,21,39,vol_vel,0.009526
LMT,21,39,vol_of_vol,0.010561
LMT,21,39,vol_regime_zscore,0.02329
LMT,21,39,vol_chg_21d,0.008803
LMT,21,39,event_fed_gravity,0.065422
LMT,21,39,event_earn_gravity,0.0
LMT,21,39,event_div_gravity,0.0
LMT,21,39,event_cpi_gravity,0.052847
LMT,21,39,event_nfp_gravity,0.072249
LMT,21,39,put_call_skew_30d,0.005727
LMT,21,39,term_structure_slope,0.05405
LMT,21,39,vrp_wedge,0.008679
LMT,21,39,iv_atm_z_score,0.067322
LMT,21,39,macro_yield_curve_slope,0.022176
LMT,21,39,macro_hy_spread,0.021277
LMT,21,39,macro_hy_spread_chg_5d,0.01382
LMT,21,39,macro_breakeven_5y,0.018526
LMT,21,39,macro_inflation_fwd_5y5y,0.012239
LMT,21,39,macro_inflation_fwd_chg_21d,0.028452
LMT,21,39,macro_inflation_fwd_abs_chg_21d,0.017529
LMT,21,39,macro_inflation_fwd_chg_63d,0.028615
LMT,21,39,macro_inflation_fwd_zscore,0.023162
LMT,21,39,macro_dollar_ret,0.0
LMT,21,39,beta_spy,0.013653
LMT,21,39,res_vol,0.017804
LMT,21,39,res_vol_vel,0.016444
LMT,21,39,price_regime,0.013664
LMT,21,39,corr_sector_21d,0.012639
LMT,21,39,corr_sector_252d,0.013276
LMT,21,39,sector_wedge,0.013343
LMT,21,40,rv_5d,0.031504
LMT,21,40,rv_10d,0.013687
LMT,21,40,rv_21d,0.016038
LMT,21,40,rv_63d,0.01785
LMT,21,40,rv_126d,0.019521
LMT,21,40,ewma_vol,0.030622
LMT,21,40,garch_cond_vol,0.008095
LMT,21,40,ret_TARGET,0.0
LMT,21,40,tech_RSI,0.006431
LMT,21,40,tech_MACD_hist,0.009044
LMT,21,40,ret_VIXY,0.0
LMT,21,40,mom21_VIXY,0.015281
LMT,21,40,ret_HYG,0.0
LMT,21,40,mom21_HYG,0.027862
LMT,21,40,ret_USO,0.006302
LMT,21,40,mom21_USO,0.050943
LMT,21,40,ret_TLT,0.0
LMT,21,40,mom21_TLT,0.036988
LMT,21,40,ret_UUP,0.0
LMT,21,40,mom21_UUP,0.012753
LMT,21,40,ret_SPY,0.0
LMT,21,40,mom21_SPY,0.0
LMT,21,40,vol_vel,0.007996
LMT,21,40,vol_of_vol,0.013519
LMT,21,40,vol_regime_zscore,0.023391
LMT,21,40,vol_chg_21d,0.008712
LMT,21,40,event_fed_gravity,0.062321
LMT,21,40,event_earn_gravity,0.0
LMT,21,40,event_div_gravity,0.0
LMT,21,40,event_cpi_gravity,0.079721
LMT,21,40,event_nfp_gravity,0.06587
LMT,21,40,put_call_skew_30d,0.0
LMT,21,40,term_structure_slope,0.063506
LMT,21,40,vrp_wedge,0.009456
LMT,21,40,iv_atm_z_score,0.079694
LMT,21,40,macro_yield_curve_slope,0.021726
LMT,21,40,macro_hy_spread,0.019032
LMT,21,40,macro_hy_spread_chg_5d,0.018268
LMT,21,40,macro_breakeven_5y,0.017513
LMT,21,40,macro_inflation_fwd_5y5y,0.012273
LMT,21,40,macro_inflation_fwd_chg_21d,0.030089
LMT,21,40,macro_inflation_fwd_abs_chg_21d,0.011764
LMT,21,40,macro_inflation_fwd_chg_63d,0.027622
LMT,21,40,macro_inflation_fwd_zscore,0.023614
LMT,21,40,macro_dollar_ret,0.0
LMT,21,40,beta_spy,0.013176
LMT,21,40,res_vol,0.017941
LMT,21,40,res_vol_vel,0.014906
LMT,21,40,price_regime,0.015273
LMT,21,40,corr_sector_21d,0.01082
LMT,21,40,corr_sector_252d,0.013679
LMT,21,40,sector_wedge,0.015197
LMT,21,41,rv_5d,0.026568
LMT,21,41,rv_10d,0.027932
LMT,21,41,rv_21d,0.02671
LMT,21,41,rv_63d,0.015225
LMT,21,41,rv_126d,0.016849
LMT,21,41,ewma_vol,0.022666
LMT,21,41,garch_cond_vol,0.038831
LMT,21,41,ret_TARGET,0.0
LMT,21,41,tech_RSI,0.005199
LMT,21,41,tech_MACD_hist,0.009837
LMT,21,41,ret_VIXY,0.0
LMT,21,41,mom21_VIXY,0.023665
LMT,21,41,ret_HYG,0.0
LMT,21,41,mom21_HYG,0.011016
LMT,21,41,ret_USO,0.0051
LMT,21,41,mom21_USO,0.045687
LMT,21,41,ret_TLT,0.0
LMT,21,41,mom21_TLT,0.024495
LMT,21,41,ret_UUP,0.0
LMT,21,41,mom21_UUP,0.015636
LMT,21,41,ret_SPY,0.0
LMT,21,41,mom21_SPY,0.016138
LMT,21,41,vol_vel,0.009362
LMT,21,41,vol_of_vol,0.01296
LMT,21,41,vol_regime_zscore,0.024353
LMT,21,41,vol_chg_21d,0.009401
LMT,21,41,event_fed_gravity,0.067145
LMT,21,41,event_earn_gravity,0.0
LMT,21,41,event_div_gravity,0.0
LMT,21,41,event_cpi_gravity,0.055504
LMT,21,41,event_nfp_gravity,0.063266
LMT,21,41,put_call_skew_30d,0.008873
LMT,21,41,term_structure_slope,0.043876
LMT,21,41,vrp_wedge,0.009815
LMT,21,41,iv_atm_z_score,0.076807
LMT,21,41,macro_yield_curve_slope,0.021504
LMT,21,41,macro_hy_spread,0.022109
LMT,21,41,macro_hy_spread_chg_5d,0.012892
LMT,21,41,macro_breakeven_5y,0.017153
LMT,21,41,macro_inflation_fwd_5y5y,0.011775
LMT,21,41,macro_inflation_fwd_chg_21d,0.040511
LMT,21,41,macro_inflation_fwd_abs_chg_21d,0.01669
LMT,21,41,macro_inflation_fwd_chg_63d,0.027916
LMT,21,41,macro_inflation_fwd_zscore,0.016765
LMT,21,41,macro_dollar_ret,0.0
LMT,21,41,beta_spy,0.015351
LMT,21,41,res_vol,0.015638
LMT,21,41,res_vol_vel,0.015648
LMT,21,41,price_regime,0.011183
LMT,21,41,corr_sector_21d,0.013548
LMT,21,41,corr_sector_252d,0.018497
LMT,21,41,sector_wedge,0.009904
LMT,21,42,rv_5d,0.046484
LMT,21,42,rv_10d,0.009975
LMT,21,42,rv_21d,0.025548
LMT,21,42,rv_63d,0.016173
LMT,21,42,rv_126d,0.023683
LMT,21,42,ewma_vol,0.020336
LMT,21,42,garch_cond_vol,0.023064
LMT,21,42,ret_TARGET,0.0
LMT,21,42,tech_RSI,0.013187
LMT,21,42,tech_MACD_hist,0.006696
LMT,21,42,ret_VIXY,0.0
LMT,21,42,mom21_VIXY,0.012657
LMT,21,42,ret_HYG,0.0
LMT,21,42,mom21_HYG,0.019459
LMT,21,42,ret_USO,0.0
LMT,21,42,mom21_USO,0.04802
LMT,21,42,ret_TLT,0.0
LMT,21,42,mom21_TLT,0.018266
LMT,21,42,ret_UUP,0.0
LMT,21,42,mom21_UUP,0.012672
LMT,21,42,ret_SPY,0.0
LMT,21,42,mom21_SPY,0.023169
LMT,21,42,vol_vel,0.016305
LMT,21,42,vol_of_vol,0.008088
LMT,21,42,vol_regime_zscore,0.024841
LMT,21,42,vol_chg_21d,0.009152
LMT,21,42,event_fed_gravity,0.07736
LMT,21,42,event_earn_gravity,0.0
LMT,21,42,event_div_gravity,0.0
LMT,21,42,event_cpi_gravity,0.041743
LMT,21,42,event_nfp_gravity,0.059591
LMT,21,42,put_call_skew_30d,0.005138
LMT,21,42,term_structure_slope,0.050333
LMT,21,42,vrp_wedge,0.014941
LMT,21,42,iv_atm_z_score,0.069851
LMT,21,42,macro_yield_curve_slope,0.021385
LMT,21,42,macro_hy_spread,0.024002
LMT,21,42,macro_hy_spread_chg_5d,0.011843
LMT,21,42,macro_breakeven_5y,0.019149
LMT,21,42,macro_inflation_fwd_5y5y,0.011077
LMT,21,42,macro_inflation_fwd_chg_21d,0.023118
LMT,21,42,macro_inflation_fwd_abs_chg_21d,0.015825
LMT,21,42,macro_inflation_fwd_chg_63d,0.020998
LMT,21,42,macro_inflation_fwd_zscore,0.042668
LMT,21,42,macro_dollar_ret,0.0
LMT,21,42,beta_spy,0.01873
LMT,21,42,res_vol,0.016358
LMT,21,42,res_vol_vel,0.016991
LMT,21,42,price_regime,0.010345
LMT,21,42,corr_sector_21d,0.014272
LMT,21,42,corr_sector_252d,0.02532
LMT,21,42,sector_wedge,0.011188
LMT,21,43,rv_5d,0.040666
LMT,21,43,rv_10d,0.007693
LMT,21,43,rv_21d,0.030867
LMT,21,43,rv_63d,0.017152
LMT,21,43,rv_126d,0.025853
LMT,21,43,ewma_vol,0.020069
LMT,21,43,garch_cond_vol,0.017468
LMT,21,43,ret_TARGET,0.0
LMT,21,43,tech_RSI,0.007911
LMT,21,43,tech_MACD_hist,0.0068
LMT,21,43,ret_VIXY,0.0
LMT,21,43,mom21_VIXY,0.011875
LMT,21,43,ret_HYG,0.0
LMT,21,43,mom21_HYG,0.010701
LMT,21,43,ret_USO,0.0
LMT,21,43,mom21_USO,0.04532
LMT,21,43,ret_TLT,0.0
LMT,21,43,mom21_TLT,0.058433
LMT,21,43,ret_UUP,0.0
LMT,21,43,mom21_UUP,0.01332
LMT,21,43,ret_SPY,0.0
LMT,21,43,mom21_SPY,0.021401
LMT,21,43,vol_vel,0.010691
LMT,21,43,vol_of_vol,0.008974
LMT,21,43,vol_regime_zscore,0.014673
LMT,21,43,vol_chg_21d,0.008038
LMT,21,43,event_fed_gravity,0.055391
LMT,21,43,event_earn_gravity,0.0
LMT,21,43,event_div_gravity,0.0
LMT,21,43,event_cpi_gravity,0.069254
LMT,21,43,event_nfp_gravity,0.07161
LMT,21,43,put_call_skew_30d,0.012087
LMT,21,43,term_structure_slope,0.046305
LMT,21,43,vrp_wedge,0.00601
LMT,21,43,iv_atm_z_score,0.079958
LMT,21,43,macro_yield_curve_slope,0.023434
LMT,21,43,macro_hy_spread,0.021124
LMT,21,43,macro_hy_spread_chg_5d,0.008929
LMT,21,43,macro_breakeven_5y,0.020877
LMT,21,43,macro_inflation_fwd_5y5y,0.011683
LMT,21,43,macro_inflation_fwd_chg_21d,0.021952
LMT,21,43,macro_inflation_fwd_abs_chg_21d,0.015529
LMT,21,43,macro_inflation_fwd_chg_63d,0.015571
LMT,21,43,macro_inflation_fwd_zscore,0.017567
LMT,21,43,macro_dollar_ret,0.0
LMT,21,43,beta_spy,0.021309
LMT,21,43,res_vol,0.016419
LMT,21,43,res_vol_vel,0.016512
LMT,21,43,price_regime,0.007105
LMT,21,43,corr_sector_21d,0.022128
LMT,21,43,corr_sector_252d,0.028859
LMT,21,43,sector_wedge,0.012478
LMT,21,44,rv_5d,0.043829
LMT,21,44,rv_10d,0.0
LMT,21,44,rv_21d,0.032213
LMT,21,44,rv_63d,0.01808
LMT,21,44,rv_126d,0.024404
LMT,21,44,ewma_vol,0.026551
LMT,21,44,garch_cond_vol,0.0
LMT,21,44,ret_TARGET,0.0
LMT,21,44,tech_RSI,0.007602
LMT,21,44,tech_MACD_hist,0.0062
LMT,21,44,ret_VIXY,0.0
LMT,21,44,mom21_VIXY,0.01561
LMT,21,44,ret_HYG,0.0
LMT,21,44,mom21_HYG,0.015699
LMT,21,44,ret_USO,0.0
LMT,21,44,mom21_USO,0.042536
LMT,21,44,ret_TLT,0.0
LMT,21,44,mom21_TLT,0.035305
LMT,21,44,ret_UUP,0.0
LMT,21,44,mom21_UUP,0.009939
LMT,21,44,ret_SPY,0.0
LMT,21,44,mom21_SPY,0.023412
LMT,21,44,vol_vel,0.014668
LMT,21,44,vol_of_vol,0.011611
LMT,21,44,vol_regime_zscore,0.025123
LMT,21,44,vol_chg_21d,0.008792
LMT,21,44,event_fed_gravity,0.063599
LMT,21,44,event_earn_gravity,0.0
LMT,21,44,event_div_gravity,0.0
LMT,21,44,event_cpi_gravity,0.053544
LMT,21,44,event_nfp_gravity,0.079004
LMT,21,44,put_call_skew_30d,0.0
LMT,21,44,term_structure_slope,0.0404
LMT,21,44,vrp_wedge,0.005886
LMT,21,44,iv_atm_z_score,0.081584
LMT,21,44,macro_yield_curve_slope,0.02211
LMT,21,44,macro_hy_spread,0.026152
LMT,21,44,macro_hy_spread_chg_5d,0.011548
LMT,21,44,macro_breakeven_5y,0.023742
LMT,21,44,macro_inflation_fwd_5y5y,0.011556
LMT,21,44,macro_inflation_fwd_chg_21d,0.025032
LMT,21,44,macro_inflation_fwd_abs_chg_21d,0.019129
LMT,21,44,macro_inflation_fwd_chg_63d,0.01533
LMT,21,44,macro_inflation_fwd_zscore,0.038945
LMT,21,44,macro_dollar_ret,0.0
LMT,21,44,beta_spy,0.018194
LMT,21,44,res_vol,0.019434
LMT,21,44,res_vol_vel,0.021726
LMT,21,44,price_regime,0.009386
LMT,21,44,corr_sector_21d,0.011035
LMT,21,44,corr_sector_252d,0.030006
LMT,21,44,sector_wedge,0.011086
LMT,21,45,rv_5d,0.04766
LMT,21,45,rv_10d,0.012412
LMT,21,45,rv_21d,0.030489
LMT,21,45,rv_63d,0.01575
LMT,21,45,rv_126d,0.020769
LMT,21,45,ewma_vol,0.01938
LMT,21,45,garch_cond_vol,0.034166
LMT,21,45,ret_TARGET,0.0
LMT,21,45,tech_RSI,0.021432
LMT,21,45,tech_MACD_hist,0.005997
LMT,21,45,ret_VIXY,0.0
LMT,21,45,mom21_VIXY,0.015289
LMT,21,45,ret_HYG,0.0
LMT,21,45,mom21_HYG,0.008975
LMT,21,45,ret_USO,0.0
LMT,21,45,mom21_USO,0.046082
LMT,21,45,ret_TLT,0.0
LMT,21,45,mom21_TLT,0.006965
LMT,21,45,ret_UUP,0.0
LMT,21,45,mom21_UUP,0.014071
LMT,21,45,ret_SPY,0.0
LMT,21,45,mom21_SPY,0.014947
LMT,21,45,vol_vel,0.01486
LMT,21,45,vol_of_vol,0.009325
LMT,21,45,vol_regime_zscore,0.009594
LMT,21,45,vol_chg_21d,0.007793
LMT,21,45,event_fed_gravity,0.052903
LMT,21,45,event_earn_gravity,0.0
LMT,21,45,event_div_gravity,0.0
LMT,21,45,event_cpi_gravity,0.118807
LMT,21,45,event_nfp_gravity,0.069429
LMT,21,45,put_call_skew_30d,0.005676
LMT,21,45,term_structure_slope,0.039608
LMT,21,45,vrp_wedge,0.011934
LMT,21,45,iv_atm_z_score,0.061904
LMT,21,45,macro_yield_curve_slope,0.021891
LMT,21,45,macro_hy_spread,0.025333
LMT,21,45,macro_hy_spread_chg_5d,0.014846
LMT,21,45,macro_breakeven_5y,0.021727
LMT,21,45,macro_inflation_fwd_5y5y,0.010543
LMT,21,45,macro_inflation_fwd_chg_21d,0.011869
LMT,21,45,macro_inflation_fwd_abs_chg_21d,0.014964
LMT,21,45,macro_inflation_fwd_chg_63d,0.013255
LMT,21,45,macro_inflation_fwd_zscore,0.030124
LMT,21,45,macro_dollar_ret,0.0
LMT,21,45,beta_spy,0.013583
LMT,21,45,res_vol,0.016586
LMT,21,45,res_vol_vel,0.013816
LMT,21,45,price_regime,0.008391
LMT,21,45,corr_sector_21d,0.011792
LMT,21,45,corr_sector_252d,0.043142
LMT,21,45,sector_wedge,0.011919
LMT,21,46,rv_5d,0.057088
LMT,21,46,rv_10d,0.017384
LMT,21,46,rv_21d,0.020847
LMT,21,46,rv_63d,0.015439
LMT,21,46,rv_126d,0.011291
LMT,21,46,ewma_vol,0.044155
LMT,21,46,garch_cond_vol,0.00496
LMT,21,46,ret_TARGET,0.0
LMT,21,46,tech_RSI,0.0
LMT,21,46,tech_MACD_hist,0.005079
LMT,21,46,ret_VIXY,0.0
LMT,21,46,mom21_VIXY,0.01751
LMT,21,46,ret_HYG,0.0
LMT,21,46,mom21_HYG,0.011789
LMT,21,46,ret_USO,0.0
LMT,21,46,mom21_USO,0.053374
LMT,21,46,ret_TLT,0.0
LMT,21,46,mom21_TLT,0.016356
LMT,21,46,ret_UUP,0.0
LMT,21,46,mom21_UUP,0.011707
LMT,21,46,ret_SPY,0.0
LMT,21,46,mom21_SPY,0.012794
LMT,21,46,vol_vel,0.0118
LMT,21,46,vol_of_vol,0.008962
LMT,21,46,vol_regime_zscore,0.008789
LMT,21,46,vol_chg_21d,0.009937
LMT,21,46,event_fed_gravity,0.076294
LMT,21,46,event_earn_gravity,0.0
LMT,21,46,event_div_gravity,0.0
LMT,21,46,event_cpi_gravity,0.049556
LMT,21,46,event_nfp_gravity,0.074925
LMT,21,46,put_call_skew_30d,0.005484
LMT,21,46,term_structure_slope,0.061231
LMT,21,46,vrp_wedge,0.025265
LMT,21,46,iv_atm_z_score,0.060035
LMT,21,46,macro_yield_curve_slope,0.021629
LMT,21,46,macro_hy_spread,0.029735
LMT,21,46,macro_hy_spread_chg_5d,0.013222
LMT,21,46,macro_breakeven_5y,0.024588
LMT,21,46,macro_inflation_fwd_5y5y,0.012347
LMT,21,46,macro_inflation_fwd_chg_21d,0.011533
LMT,21,46,macro_inflation_fwd_abs_chg_21d,0.010841
LMT,21,46,macro_inflation_fwd_chg_63d,0.017356
LMT,21,46,macro_inflation_fwd_zscore,0.024705
LMT,21,46,macro_dollar_ret,0.0
LMT,21,46,beta_spy,0.016032
LMT,21,46,res_vol,0.014716
LMT,21,46,res_vol_vel,0.012806
LMT,21,46,price_regime,0.009153
LMT,21,46,corr_sector_21d,0.015839
LMT,21,46,corr_sector_252d,0.06287
LMT,21,46,sector_wedge,0.010574
LMT,21,47,rv_5d,0.076129
LMT,21,47,rv_10d,0.0
LMT,21,47,rv_21d,0.025017
LMT,21,47,rv_63d,0.01849
LMT,21,47,rv_126d,0.017922
LMT,21,47,ewma_vol,0.031318
LMT,21,47,garch_cond_vol,0.006791
LMT,21,47,ret_TARGET,0.0
LMT,21,47,tech_RSI,0.005479
LMT,21,47,tech_MACD_hist,0.004958
LMT,21,47,ret_VIXY,0.0
LMT,21,47,mom21_VIXY,0.014949
LMT,21,47,ret_HYG,0.0
LMT,21,47,mom21_HYG,0.011323
LMT,21,47,ret_USO,0.0
LMT,21,47,mom21_USO,0.052163
LMT,21,47,ret_TLT,0.0
LMT,21,47,mom21_TLT,0.011416
LMT,21,47,ret_UUP,0.0
LMT,21,47,mom21_UUP,0.012789
LMT,21,47,ret_SPY,0.0
LMT,21,47,mom21_SPY,0.016361
LMT,21,47,vol_vel,0.01368
LMT,21,47,vol_of_vol,0.007547
LMT,21,47,vol_regime_zscore,0.010916
LMT,21,47,vol_chg_21d,0.008351
LMT,21,47,event_fed_gravity,0.045594
LMT,21,47,event_earn_gravity,0.0
LMT,21,47,event_div_gravity,0.0
LMT,21,47,event_cpi_gravity,0.077277
LMT,21,47,event_nfp_gravity,0.09886
LMT,21,47,put_call_skew_30d,0.0
LMT,21,47,term_structure_slope,0.059033
LMT,21,47,vrp_wedge,0.012513
LMT,21,47,iv_atm_z_score,0.050875
LMT,21,47,macro_yield_curve_slope,0.023501
LMT,21,47,macro_hy_spread,0.019742
LMT,21,47,macro_hy_spread_chg_5d,0.015363
LMT,21,47,macro_breakeven_5y,0.023692
LMT,21,47,macro_inflation_fwd_5y5y,0.011783
LMT,21,47,macro_inflation_fwd_chg_21d,0.009062
LMT,21,47,macro_inflation_fwd_abs_chg_21d,0.012277
LMT,21,47,macro_inflation_fwd_chg_63d,0.020609
LMT,21,47,macro_inflation_fwd_zscore,0.016267
LMT,21,47,macro_dollar_ret,0.0
LMT,21,47,beta_spy,0.011488
LMT,21,47,res_vol,0.013276
LMT,21,47,res_vol_vel,0.015463
LMT,21,47,price_regime,0.00938
LMT,21,47,corr_sector_21d,0.012026
LMT,21,47,corr_sector_252d,0.083591
LMT,21,47,sector_wedge,0.012729
LMT,21,48,rv_5d,0.093777
LMT,21,48,rv_10d,0.007275
LMT,21,48,rv_21d,0.025816
LMT,21,48,rv_63d,0.019067
LMT,21,48,rv_126d,0.020705
LMT,21,48,ewma_vol,0.035386
LMT,21,48,garch_cond_vol,0.0048
LMT,21,48,ret_TARGET,0.0
LMT,21,48,tech_RSI,0.005658
LMT,21,48,tech_MACD_hist,0.005724
LMT,21,48,ret_VIXY,0.0
LMT,21,48,mom21_VIXY,0.01563
LMT,21,48,ret_HYG,0.0
LMT,21,48,mom21_HYG,0.011265
LMT,21,48,ret_USO,0.0
LMT,21,48,mom21_USO,0.047475
LMT,21,48,ret_TLT,0.0
LMT,21,48,mom21_TLT,0.022459
LMT,21,48,ret_UUP,0.0
LMT,21,48,mom21_UUP,0.012088
LMT,21,48,ret_SPY,0.0
LMT,21,48,mom21_SPY,0.016326
LMT,21,48,vol_vel,0.014639
LMT,21,48,vol_of_vol,0.011154
LMT,21,48,vol_regime_zscore,0.011227
LMT,21,48,vol_chg_21d,0.008748
LMT,21,48,event_fed_gravity,0.068406
LMT,21,48,event_earn_gravity,0.0
LMT,21,48,event_div_gravity,0.0
LMT,21,48,event_cpi_gravity,0.070334
LMT,21,48,event_nfp_gravity,0.073087
LMT,21,48,put_call_skew_30d,0.009701
LMT,21,48,term_structure_slope,0.042865
LMT,21,48,vrp_wedge,0.017342
LMT,21,48,iv_atm_z_score,0.051383
LMT,21,48,macro_yield_curve_slope,0.021896
LMT,21,48,macro_hy_spread,0.01708
LMT,21,48,macro_hy_spread_chg_5d,0.012718
LMT,21,48,macro_breakeven_5y,0.025983
LMT,21,48,macro_inflation_fwd_5y5y,0.012029
LMT,21,48,macro_inflation_fwd_chg_21d,0.009056
LMT,21,48,macro_inflation_fwd_abs_chg_21d,0.010223
LMT,21,48,macro_inflation_fwd_chg_63d,0.017273
LMT,21,48,macro_inflation_fwd_zscore,0.01457
LMT,21,48,macro_dollar_ret,0.0
LMT,21,48,beta_spy,0.012328
LMT,21,48,res_vol,0.014405
LMT,21,48,res_vol_vel,0.010981
LMT,21,48,price_regime,0.007698
LMT,21,48,corr_sector_21d,0.016775
LMT,21,48,corr_sector_252d,0.064312
LMT,21,48,sector_wedge,0.010336
LMT,21,49,rv_5d,0.067304
LMT,21,49,rv_10d,0.006979
LMT,21,49,rv_21d,0.025489
LMT,21,49,rv_63d,0.014148
LMT,21,49,rv_126d,0.024421
LMT,21,49,ewma_vol,0.015536
LMT,21,49,garch_cond_vol,0.013273
LMT,21,49,ret_TARGET,0.0
LMT,21,49,tech_RSI,0.00556
LMT,21,49,tech_MACD_hist,0.008196
LMT,21,49,ret_VIXY,0.0
LMT,21,49,mom21_VIXY,0.01308
LMT,21,49,ret_HYG,0.0
LMT,21,49,mom21_HYG,0.009918
LMT,21,49,ret_USO,0.0
LMT,21,49,mom21_USO,0.048182
LMT,21,49,ret_TLT,0.0
LMT,21,49,mom21_TLT,0.048277
LMT,21,49,ret_UUP,0.0
LMT,21,49,mom21_UUP,0.010907
LMT,21,49,ret_SPY,0.0
LMT,21,49,mom21_SPY,0.019601
LMT,21,49,vol_vel,0.010956
LMT,21,49,vol_of_vol,0.009122
LMT,21,49,vol_regime_zscore,0.011171
LMT,21,49,vol_chg_21d,0.01029
LMT,21,49,event_fed_gravity,0.062062
LMT,21,49,event_earn_gravity,0.0
LMT,21,49,event_div_gravity,0.0
LMT,21,49,event_cpi_gravity,0.074428
LMT,21,49,event_nfp_gravity,0.093789
LMT,21,49,put_call_skew_30d,0.008231
LMT,21,49,term_structure_slope,0.045385
LMT,21,49,vrp_wedge,0.010138
LMT,21,49,iv_atm_z_score,0.051716
LMT,21,49,macro_yield_curve_slope,0.020668
LMT,21,49,macro_hy_spread,0.019918
LMT,21,49,macro_hy_spread_chg_5d,0.010059
LMT,21,49,macro_breakeven_5y,0.021652
LMT,21,49,macro_inflation_fwd_5y5y,0.012105
LMT,21,49,macro_inflation_fwd_chg_21d,0.007724
LMT,21,49,macro_inflation_fwd_abs_chg_21d,0.01094
LMT,21,49,macro_inflation_fwd_chg_63d,0.017616
LMT,21,49,macro_inflation_fwd_zscore,0.014281
LMT,21,49,macro_dollar_ret,0.0
LMT,21,49,beta_spy,0.010667
LMT,21,49,res_vol,0.01479
LMT,21,49,res_vol_vel,0.014629
LMT,21,49,price_regime,0.007798
LMT,21,49,corr_sector_21d,0.008292
LMT,21,49,corr_sector_252d,0.077344
LMT,21,49,sector_wedge,0.013358
LMT,21,50,rv_5d,0.07835
LMT,21,50,rv_10d,0.006363
LMT,21,50,rv_21d,0.015821
LMT,21,50,rv_63d,0.012841
LMT,21,50,rv_126d,0.022901
LMT,21,50,ewma_vol,0.01483
LMT,21,50,garch_cond_vol,0.018041
LMT,21,50,ret_TARGET,0.0
LMT,21,50,tech_RSI,0.007527
LMT,21,50,tech_MACD_hist,0.006231
LMT,21,50,ret_VIXY,0.0
LMT,21,50,mom21_VIXY,0.01505
LMT,21,50,ret_HYG,0.0
LMT,21,50,mom21_HYG,0.008916
LMT,21,50,ret_USO,0.0
LMT,21,50,mom21_USO,0.046035
LMT,21,50,ret_TLT,0.0
LMT,21,50,mom21_TLT,0.036799
LMT,21,50,ret_UUP,0.0
LMT,21,50,mom21_UUP,0.014136
LMT,21,50,ret_SPY,0.0
LMT,21,50,mom21_SPY,0.012313
LMT,21,50,vol_vel,0.008894
LMT,21,50,vol_of_vol,0.005202
LMT,21,50,vol_regime_zscore,0.006827
LMT,21,50,vol_chg_21d,0.010984
LMT,21,50,event_fed_gravity,0.059378
LMT,21,50,event_earn_gravity,0.0
LMT,21,50,event_div_gravity,0.0
LMT,21,50,event_cpi_gravity,0.090141
LMT,21,50,event_nfp_gravity,0.065021
LMT,21,50,put_call_skew_30d,0.01432
LMT,21,50,term_structure_slope,0.045996
LMT,21,50,vrp_wedge,0.009141
LMT,21,50,iv_atm_z_score,0.04948
LMT,21,50,macro_yield_curve_slope,0.021575
LMT,21,50,macro_hy_spread,0.023705
LMT,21,50,macro_hy_spread_chg_5d,0.015282
LMT,21,50,macro_breakeven_5y,0.020119
LMT,21,50,macro_inflation_fwd_5y5y,0.012678
LMT,21,50,macro_inflation_fwd_chg_21d,0.014453
LMT,21,50,macro_inflation_fwd_abs_chg_21d,0.013467
LMT,21,50,macro_inflation_fwd_chg_63d,0.019557
LMT,21,50,macro_inflation_fwd_zscore,0.011513
LMT,21,50,macro_dollar_ret,0.0
LMT,21,50,beta_spy,0.010008
LMT,21,50,res_vol,0.014691
LMT,21,50,res_vol_vel,0.012059
LMT,21,50,price_regime,0.006883
LMT,21,50,corr_sector_21d,0.012008
LMT,21,50,corr_sector_252d,0.093891
LMT,21,50,sector_wedge,0.016573
LMT,21,51,rv_5d,0.079687
LMT,21,51,rv_10d,0.007356
LMT,21,51,rv_21d,0.01643
LMT,21,51,rv_63d,0.018351
LMT,21,51,rv_126d,0.021161
LMT,21,51,ewma_vol,0.031486
LMT,21,51,garch_cond_vol,0.009934
LMT,21,51,ret_TARGET,0.0
LMT,21,51,tech_RSI,0.006389
LMT,21,51,tech_MACD_hist,0.006533
LMT,21,51,ret_VIXY,0.0
LMT,21,51,mom21_VIXY,0.01121
LMT,21,51,ret_HYG,0.0
LMT,21,51,mom21_HYG,0.009652
LMT,21,51,ret_USO,0.0
LMT,21,51,mom21_USO,0.048118
LMT,21,51,ret_TLT,0.0
LMT,21,51,mom21_TLT,0.039852
LMT,21,51,ret_UUP,0.0
LMT,21,51,mom21_UUP,0.010774
LMT,21,51,ret_SPY,0.0
LMT,21,51,mom21_SPY,0.015449
LMT,21,51,vol_vel,0.00633
LMT,21,51,vol_of_vol,0.006664
LMT,21,51,vol_regime_zscore,0.009731
LMT,21,51,vol_chg_21d,0.006738
LMT,21,51,event_fed_gravity,0.069098
LMT,21,51,event_earn_gravity,0.0
LMT,21,51,event_div_gravity,0.0
LMT,21,51,event_cpi_gravity,0.043623
LMT,21,51,event_nfp_gravity,0.062906
LMT,21,51,put_call_skew_30d,0.009062
LMT,21,51,term_structure_slope,0.052167
LMT,21,51,vrp_wedge,0.005015
LMT,21,51,iv_atm_z_score,0.061073
LMT,21,51,macro_yield_curve_slope,0.024659
LMT,21,51,macro_hy_spread,0.019392
LMT,21,51,macro_hy_spread_chg_5d,0.007697
LMT,21,51,macro_breakeven_5y,0.021206
LMT,21,51,macro_inflation_fwd_5y5y,0.010336
LMT,21,51,macro_inflation_fwd_chg_21d,0.010646
LMT,21,51,macro_inflation_fwd_abs_chg_21d,0.012602
LMT,21,51,macro_inflation_fwd_chg_63d,0.02041
LMT,21,51,macro_inflation_fwd_zscore,0.017233
LMT,21,51,macro_dollar_ret,0.0
LMT,21,51,beta_spy,0.012379
LMT,21,51,res_vol,0.019544
LMT,21,51,res_vol_vel,0.011779
LMT,21,51,price_regime,0.010772
LMT,21,51,corr_sector_21d,0.024663
LMT,21,51,corr_sector_252d,0.093283
LMT,21,51,sector_wedge,0.018612
LMT,21,52,rv_5d,0.086627
LMT,21,52,rv_10d,0.0
LMT,21,52,rv_21d,0.028051
LMT,21,52,rv_63d,0.016483
LMT,21,52,rv_126d,0.018549
LMT,21,52,ewma_vol,0.0331
LMT,21,52,garch_cond_vol,0.012913
LMT,21,52,ret_TARGET,0.0
LMT,21,52,tech_RSI,0.004704
LMT,21,52,tech_MACD_hist,0.00655
LMT,21,52,ret_VIXY,0.0
LMT,21,52,mom21_VIXY,0.015311
LMT,21,52,ret_HYG,0.0
LMT,21,52,mom21_HYG,0.010714
LMT,21,52,ret_USO,0.0
LMT,21,52,mom21_USO,0.038755
LMT,21,52,ret_TLT,0.0
LMT,21,52,mom21_TLT,0.03994
LMT,21,52,ret_UUP,0.00425
LMT,21,52,mom21_UUP,0.011424
LMT,21,52,ret_SPY,0.0
LMT,21,52,mom21_SPY,0.012005
LMT,21,52,vol_vel,0.007324
LMT,21,52,vol_of_vol,0.012214
LMT,21,52,vol_regime_zscore,0.010022
LMT,21,52,vol_chg_21d,0.006894
LMT,21,52,event_fed_gravity,0.036869
LMT,21,52,event_earn_gravity,0.0
LMT,21,52,event_div_gravity,0.0
LMT,21,52,event_cpi_gravity,0.056695
LMT,21,52,event_nfp_gravity,0.070694
LMT,21,52,put_call_skew_30d,0.004231
LMT,21,52,term_structure_slope,0.045596
LMT,21,52,vrp_wedge,0.004946
LMT,21,52,iv_atm_z_score,0.071358
LMT,21,52,macro_yield_curve_slope,0.019779
LMT,21,52,macro_hy_spread,0.028014
LMT,21,52,macro_hy_spread_chg_5d,0.013598
LMT,21,52,macro_breakeven_5y,0.025419
LMT,21,52,macro_inflation_fwd_5y5y,0.010255
LMT,21,52,macro_inflation_fwd_chg_21d,0.008806
LMT,21,52,macro_inflation_fwd_abs_chg_21d,0.011361
LMT,21,52,macro_inflation_fwd_chg_63d,0.017825
LMT,21,52,macro_inflation_fwd_zscore,0.012156
LMT,21,52,macro_dollar_ret,0.0
LMT,21,52,beta_spy,0.011079
LMT,21,52,res_vol,0.018854
LMT,21,52,res_vol_vel,0.009802
LMT,21,52,price_regime,0.01245
LMT,21,52,corr_sector_21d,0.020427
LMT,21,52,corr_sector_252d,0.086595
LMT,21,52,sector_wedge,0.02736
LMT,21,53,rv_5d,0.104075
LMT,21,53,rv_10d,0.007489
LMT,21,53,rv_21d,0.033288
LMT,21,53,rv_63d,0.017901
LMT,21,53,rv_126d,0.013604
LMT,21,53,ewma_vol,0.049668
LMT,21,53,garch_cond_vol,0.018346
LMT,21,53,ret_TARGET,0.0
LMT,21,53,tech_RSI,0.006255
LMT,21,53,tech_MACD_hist,0.005879
LMT,21,53,ret_VIXY,0.005911
LMT,21,53,mom21_VIXY,0.019414
LMT,21,53,ret_HYG,0.0
LMT,21,53,mom21_HYG,0.008069
LMT,21,53,ret_USO,0.0
LMT,21,53,mom21_USO,0.037924
LMT,21,53,ret_TLT,0.0
LMT,21,53,mom21_TLT,0.020144
LMT,21,53,ret_UUP,0.0
LMT,21,53,mom21_UUP,0.010584
LMT,21,53,ret_SPY,0.0
LMT,21,53,mom21_SPY,0.011808
LMT,21,53,vol_vel,0.00971
LMT,21,53,vol_of_vol,0.011699
LMT,21,53,vol_regime_zscore,0.009994
LMT,21,53,vol_chg_21d,0.009118
LMT,21,53,event_fed_gravity,0.025722
LMT,21,53,event_earn_gravity,0.0
LMT,21,53,event_div_gravity,0.0
LMT,21,53,event_cpi_gravity,0.026723
LMT,21,53,event_nfp_gravity,0.058332
LMT,21,53,put_call_skew_30d,0.004995
LMT,21,53,term_structure_slope,0.04273
LMT,21,53,vrp_wedge,0.043747
LMT,21,53,iv_atm_z_score,0.063866
LMT,21,53,macro_yield_curve_slope,0.018938
LMT,21,53,macro_hy_spread,0.02592
LMT,21,53,macro_hy_spread_chg_5d,0.011289
LMT,21,53,macro_breakeven_5y,0.021406
LMT,21,53,macro_inflation_fwd_5y5y,0.009307
LMT,21,53,macro_inflation_fwd_chg_21d,0.007457
LMT,21,53,macro_inflation_fwd_abs_chg_21d,0.012401
LMT,21,53,macro_inflation_fwd_chg_63d,0.014194
LMT,21,53,macro_inflation_fwd_zscore,0.008824
LMT,21,53,macro_dollar_ret,0.0
LMT,21,53,beta_spy,0.010643
LMT,21,53,res_vol,0.022816
LMT,21,53,res_vol_vel,0.006671
LMT,21,53,price_regime,0.010282
LMT,21,53,corr_sector_21d,0.006799
LMT,21,53,corr_sector_252d,0.102756
LMT,21,53,sector_wedge,0.033298
LMT,21,54,rv_5d,0.102108
LMT,21,54,rv_10d,0.113279
LMT,21,54,rv_21d,0.033625
LMT,21,54,rv_63d,0.022403
LMT,21,54,rv_126d,0.017588
LMT,21,54,ewma_vol,0.038229
LMT,21,54,garch_cond_vol,0.023281
LMT,21,54,ret_TARGET,0.0
LMT,21,54,tech_RSI,0.004221
LMT,21,54,tech_MACD_hist,0.006031
LMT,21,54,ret_VIXY,0.0
LMT,21,54,mom21_VIXY,0.027104
LMT,21,54,ret_HYG,0.0
LMT,21,54,mom21_HYG,0.008053
LMT,21,54,ret_USO,0.0
LMT,21,54,mom21_USO,0.030622
LMT,21,54,ret_TLT,0.0
LMT,21,54,mom21_TLT,0.00469
LMT,21,54,ret_UUP,0.0
LMT,21,54,mom21_UUP,0.008436
LMT,21,54,ret_SPY,0.0
LMT,21,54,mom21_SPY,0.021524
LMT,21,54,vol_vel,0.005626
LMT,21,54,vol_of_vol,0.010949
LMT,21,54,vol_regime_zscore,0.018896
LMT,21,54,vol_chg_21d,0.006156
LMT,21,54,event_fed_gravity,0.01823
LMT,21,54,event_earn_gravity,0.0
LMT,21,54,event_div_gravity,0.0
LMT,21,54,event_cpi_gravity,0.025953
LMT,21,54,event_nfp_gravity,0.025045
LMT,21,54,put_call_skew_30d,0.0
LMT,21,54,term_structure_slope,0.058852
LMT,21,54,vrp_wedge,0.0
LMT,21,54,iv_atm_z_score,0.053298
LMT,21,54,macro_yield_curve_slope,0.021906
LMT,21,54,macro_hy_spread,0.023747
LMT,21,54,macro_hy_spread_chg_5d,0.011084
LMT,21,54,macro_breakeven_5y,0.019037
LMT,21,54,macro_inflation_fwd_5y5y,0.009327
LMT,21,54,macro_inflation_fwd_chg_21d,0.012535
LMT,21,54,macro_inflation_fwd_abs_chg_21d,0.01041
LMT,21,54,macro_inflation_fwd_chg_63d,0.016315
LMT,21,54,macro_inflation_fwd_zscore,0.016014
LMT,21,54,macro_dollar_ret,0.0
LMT,21,54,beta_spy,0.012666
LMT,21,54,res_vol,0.027163
LMT,21,54,res_vol_vel,0.008858
LMT,21,54,price_regime,0.010191
LMT,21,54,corr_sector_21d,0.011554
LMT,21,54,corr_sector_252d,0.071743
LMT,21,54,sector_wedge,0.033251
LMT,21,55,rv_5d,0.119399
LMT,21,55,rv_10d,0.0
LMT,21,55,rv_21d,0.045366
LMT,21,55,rv_63d,0.022872
LMT,21,55,rv_126d,0.017752
LMT,21,55,ewma_vol,0.048894
LMT,21,55,garch_cond_vol,0.015005
LMT,21,55,ret_TARGET,0.0
LMT,21,55,tech_RSI,0.006402
LMT,21,55,tech_MACD_hist,0.005251
LMT,21,55,ret_VIXY,0.0
LMT,21,55,mom21_VIXY,0.03038
LMT,21,55,ret_HYG,0.0
LMT,21,55,mom21_HYG,0.008909
LMT,21,55,ret_USO,0.0
LMT,21,55,mom21_USO,0.031132
LMT,21,55,ret_TLT,0.0
LMT,21,55,mom21_TLT,0.017421
LMT,21,55,ret_UUP,0.0
LMT,21,55,mom21_UUP,0.006043
LMT,21,55,ret_SPY,0.0
LMT,21,55,mom21_SPY,0.014801
LMT,21,55,vol_vel,0.012011
LMT,21,55,vol_of_vol,0.015441
LMT,21,55,vol_regime_zscore,0.019649
LMT,21,55,vol_chg_21d,0.006739
LMT,21,55,event_fed_gravity,0.019923
LMT,21,55,event_earn_gravity,0.0
LMT,21,55,event_div_gravity,0.0
LMT,21,55,event_cpi_gravity,0.02372
LMT,21,55,event_nfp_gravity,0.025994
LMT,21,55,put_call_skew_30d,0.005828
LMT,21,55,term_structure_slope,0.051402
LMT,21,55,vrp_wedge,0.082222
LMT,21,55,iv_atm_z_score,0.04514
LMT,21,55,macro_yield_curve_slope,0.019704
LMT,21,55,macro_hy_spread,0.028704
LMT,21,55,macro_hy_spread_chg_5d,0.005023
LMT,21,55,macro_breakeven_5y,0.01992
LMT,21,55,macro_inflation_fwd_5y5y,0.007703
LMT,21,55,macro_inflation_fwd_chg_21d,0.014302
LMT,21,55,macro_inflation_fwd_abs_chg_21d,0.012194
LMT,21,55,macro_inflation_fwd_chg_63d,0.011813
LMT,21,55,macro_inflation_fwd_zscore,0.014605
LMT,21,55,macro_dollar_ret,0.0
LMT,21,55,beta_spy,0.011943
LMT,21,55,res_vol,0.028788
LMT,21,55,res_vol_vel,0.00549
LMT,21,55,price_regime,0.010578
LMT,21,55,corr_sector_21d,0.007028
LMT,21,55,corr_sector_252d,0.075812
LMT,21,55,sector_wedge,0.028696
LMT,21,56,rv_5d,0.142
LMT,21,56,rv_10d,0.011784
LMT,21,56,rv_21d,0.047429
LMT,21,56,rv_63d,0.024276
LMT,21,56,rv_126d,0.017376
LMT,21,56,ewma_vol,0.055118
LMT,21,56,garch_cond_vol,0.0
LMT,21,56,ret_TARGET,0.0
LMT,21,56,tech_RSI,0.005316
LMT,21,56,tech_MACD_hist,0.006401
LMT,21,56,ret_VIXY,0.0
LMT,21,56,mom21_VIXY,0.022632
LMT,21,56,ret_HYG,0.0
LMT,21,56,mom21_HYG,0.007787
LMT,21,56,ret_USO,0.0
LMT,21,56,mom21_USO,0.030657
LMT,21,56,ret_TLT,0.0
LMT,21,56,mom21_TLT,0.009223
LMT,21,56,ret_UUP,0.0
LMT,21,56,mom21_UUP,0.00721
LMT,21,56,ret_SPY,0.0
LMT,21,56,mom21_SPY,0.020888
LMT,21,56,vol_vel,0.009731
LMT,21,56,vol_of_vol,0.017302
LMT,21,56,vol_regime_zscore,0.012813
LMT,21,56,vol_chg_21d,0.007707
LMT,21,56,event_fed_gravity,0.016705
LMT,21,56,event_earn_gravity,0.0
LMT,21,56,event_div_gravity,0.0
LMT,21,56,event_cpi_gravity,0.028244
LMT,21,56,event_nfp_gravity,0.028739
LMT,21,56,put_call_skew_30d,0.008143
LMT,21,56,term_structure_slope,0.049534
LMT,21,56,vrp_wedge,0.020532
LMT,21,56,iv_atm_z_score,0.049119
LMT,21,56,macro_yield_curve_slope,0.020181
LMT,21,56,macro_hy_spread,0.030941
LMT,21,56,macro_hy_spread_chg_5d,0.006431
LMT,21,56,macro_breakeven_5y,0.026055
LMT,21,56,macro_inflation_fwd_5y5y,0.011404
LMT,21,56,macro_inflation_fwd_chg_21d,0.012535
LMT,21,56,macro_inflation_fwd_abs_chg_21d,0.012012
LMT,21,56,macro_inflation_fwd_chg_63d,0.011939
LMT,21,56,macro_inflation_fwd_zscore,0.015379
LMT,21,56,macro_dollar_ret,0.0
LMT,21,56,beta_spy,0.012211
LMT,21,56,res_vol,0.030272
LMT,21,56,res_vol_vel,0.00646
LMT,21,56,price_regime,0.009148
LMT,21,56,corr_sector_21d,0.008302
LMT,21,56,corr_sector_252d,0.082461
LMT,21,56,sector_wedge,0.047604
LMT,21,57,rv_5d,0.104761
LMT,21,57,rv_10d,0.086854
LMT,21,57,rv_21d,0.025712
LMT,21,57,rv_63d,0.027426
LMT,21,57,rv_126d,0.019123
LMT,21,57,ewma_vol,0.023316
LMT,21,57,garch_cond_vol,0.005374
LMT,21,57,ret_TARGET,0.0
LMT,21,57,tech_RSI,0.00656
LMT,21,57,tech_MACD_hist,0.007412
LMT,21,57,ret_VIXY,0.0
LMT,21,57,mom21_VIXY,0.025699
LMT,21,57,ret_HYG,0.0
LMT,21,57,mom21_HYG,0.009997
LMT,21,57,ret_USO,0.0
LMT,21,57,mom21_USO,0.032793
LMT,21,57,ret_TLT,0.0
LMT,21,57,mom21_TLT,0.004243
LMT,21,57,ret_UUP,0.0
LMT,21,57,mom21_UUP,0.008008
LMT,21,57,ret_SPY,0.0
LMT,21,57,mom21_SPY,0.020901
LMT,21,57,vol_vel,0.005917
LMT,21,57,vol_of_vol,0.018402
LMT,21,57,vol_regime_zscore,0.020017
LMT,21,57,vol_chg_21d,0.00679
LMT,21,57,event_fed_gravity,0.022074
LMT,21,57,event_earn_gravity,0.0
LMT,21,57,event_div_gravity,0.0
LMT,21,57,event_cpi_gravity,0.018578
LMT,21,57,event_nfp_gravity,0.028133
LMT,21,57,put_call_skew_30d,0.005699
LMT,21,57,term_structure_slope,0.053933
LMT,21,57,vrp_wedge,0.023723
LMT,21,57,iv_atm_z_score,0.063333
LMT,21,57,macro_yield_curve_slope,0.015826
LMT,21,57,macro_hy_spread,0.028465
LMT,21,57,macro_hy_spread_chg_5d,0.005466
LMT,21,57,macro_breakeven_5y,0.022422
LMT,21,57,macro_inflation_fwd_5y5y,0.011468
LMT,21,57,macro_inflation_fwd_chg_21d,0.011118
LMT,21,57,macro_inflation_fwd_abs_chg_21d,0.011311
LMT,21,57,macro_inflation_fwd_chg_63d,0.013598
LMT,21,57,macro_inflation_fwd_zscore,0.01085
LMT,21,57,macro_dollar_ret,0.0
LMT,21,57,beta_spy,0.011545
LMT,21,57,res_vol,0.03104
LMT,21,57,res_vol_vel,0.006941
LMT,21,57,price_regime,0.013927
LMT,21,57,corr_sector_21d,0.007675
LMT,21,57,corr_sector_252d,0.085361
LMT,21,57,sector_wedge,0.038208
LMT,21,58,rv_5d,0.10523
LMT,21,58,rv_10d,0.049055
LMT,21,58,rv_21d,0.030843
LMT,21,58,rv_63d,0.028438
LMT,21,58,rv_126d,0.016838
LMT,21,58,ewma_vol,0.030099
LMT,21,58,garch_cond_vol,0.00983
LMT,21,58,ret_TARGET,0.0
LMT,21,58,tech_RSI,0.005551
LMT,21,58,tech_MACD_hist,0.006594
LMT,21,58,ret_VIXY,0.0
LMT,21,58,mom21_VIXY,0.025095
LMT,21,58,ret_HYG,0.0
LMT,21,58,mom21_HYG,0.00974
LMT,21,58,ret_USO,0.0
LMT,21,58,mom21_USO,0.030291
LMT,21,58,ret_TLT,0.0
LMT,21,58,mom21_TLT,0.004158
LMT,21,58,ret_UUP,0.0
LMT,21,58,mom21_UUP,0.007266
LMT,21,58,ret_SPY,0.0
LMT,21,58,mom21_SPY,0.024941
LMT,21,58,vol_vel,0.007191
LMT,21,58,vol_of_vol,0.017407
LMT,21,58,vol_regime_zscore,0.009196
LMT,21,58,vol_chg_21d,0.008412
LMT,21,58,event_fed_gravity,0.02668
LMT,21,58,event_earn_gravity,0.0
LMT,21,58,event_div_gravity,0.0
LMT,21,58,event_cpi_gravity,0.027709
LMT,21,58,event_nfp_gravity,0.025211
LMT,21,58,put_call_skew_30d,0.005421
LMT,21,58,term_structure_slope,0.066009
LMT,21,58,vrp_wedge,0.026957
LMT,21,58,iv_atm_z_score,0.060163
LMT,21,58,macro_yield_curve_slope,0.019446
LMT,21,58,macro_hy_spread,0.035988
LMT,21,58,macro_hy_spread_chg_5d,0.005298
LMT,21,58,macro_breakeven_5y,0.022249
LMT,21,58,macro_inflation_fwd_5y5y,0.010688
LMT,21,58,macro_inflation_fwd_chg_21d,0.009491
LMT,21,58,macro_inflation_fwd_abs_chg_21d,0.011832
LMT,21,58,macro_inflation_fwd_chg_63d,0.013446
LMT,21,58,macro_inflation_fwd_zscore,0.01123
LMT,21,58,macro_dollar_ret,0.0
LMT,21,58,beta_spy,0.01344
LMT,21,58,res_vol,0.03242
LMT,21,58,res_vol_vel,0.0075
LMT,21,58,price_regime,0.012619
LMT,21,58,corr_sector_21d,0.008267
LMT,21,58,corr_sector_252d,0.09101
LMT,21,58,sector_wedge,0.030746
LMT,21,59,rv_5d,0.123386
LMT,21,59,rv_10d,0.006906
LMT,21,59,rv_21d,0.025768
LMT,21,59,rv_63d,0.028518
LMT,21,59,rv_126d,0.015789
LMT,21,59,ewma_vol,0.032915
LMT,21,59,garch_cond_vol,0.008741
LMT,21,59,ret_TARGET,0.0
LMT,21,59,tech_RSI,0.006429
LMT,21,59,tech_MACD_hist,0.0
LMT,21,59,ret_VIXY,0.0
LMT,21,59,mom21_VIXY,0.021318
LMT,21,59,ret_HYG,0.0
LMT,21,59,mom21_HYG,0.008972
LMT,21,59,ret_USO,0.0
LMT,21,59,mom21_USO,0.032211
LMT,21,59,ret_TLT,0.0
LMT,21,59,mom21_TLT,0.004511
LMT,21,59,ret_UUP,0.0
LMT,21,59,mom21_UUP,0.007103
LMT,21,59,ret_SPY,0.0
LMT,21,59,mom21_SPY,0.024751
LMT,21,59,vol_vel,0.007426
LMT,21,59,vol_of_vol,0.020375
LMT,21,59,vol_regime_zscore,0.016484
LMT,21,59,vol_chg_21d,0.008194
LMT,21,59,event_fed_gravity,0.023592
LMT,21,59,event_earn_gravity,0.0
LMT,21,59,event_div_gravity,0.0
LMT,21,59,event_cpi_gravity,0.026194
LMT,21,59,event_nfp_gravity,0.030116
LMT,21,59,put_call_skew_30d,0.006276
LMT,21,59,term_structure_slope,0.062948
LMT,21,59,vrp_wedge,0.042159
LMT,21,59,iv_atm_z_score,0.062323
LMT,21,59,macro_yield_curve_slope,0.018708
LMT,21,59,macro_hy_spread,0.032125
LMT,21,59,macro_hy_spread_chg_5d,0.006003
LMT,21,59,macro_breakeven_5y,0.027031
LMT,21,59,macro_inflation_fwd_5y5y,0.011192
LMT,21,59,macro_inflation_fwd_chg_21d,0.008624
LMT,21,59,macro_inflation_fwd_abs_chg_21d,0.011858
LMT,21,59,macro_inflation_fwd_chg_63d,0.014261
LMT,21,59,macro_inflation_fwd_zscore,0.012976
LMT,21,59,macro_dollar_ret,0.0
LMT,21,59,beta_spy,0.012082
LMT,21,59,res_vol,0.033222
LMT,21,59,res_vol_vel,0.007779
LMT,21,59,price_regime,0.016182
LMT,21,59,corr_sector_21d,0.00807
LMT,21,59,corr_sector_252d,0.092325
LMT,21,59,sector_wedge,0.034157
LMT,21,60,rv_5d,0.080503
LMT,21,60,rv_10d,0.08789
LMT,21,60,rv_21d,0.023001
LMT,21,60,rv_63d,0.023268
LMT,21,60,rv_126d,0.032221
LMT,21,60,ewma_vol,0.025035
LMT,21,60,garch_cond_vol,0.016324
LMT,21,60,ret_TARGET,0.0
LMT,21,60,tech_RSI,0.005377
LMT,21,60,tech_MACD_hist,0.005462
LMT,21,60,ret_VIXY,0.0
LMT,21,60,mom21_VIXY,0.022191
LMT,21,60,ret_HYG,0.0
LMT,21,60,mom21_HYG,0.007937
LMT,21,60,ret_USO,0.0
LMT,21,60,mom21_USO,0.028393
LMT,21,60,ret_TLT,0.0
LMT,21,60,mom21_TLT,0.006396
LMT,21,60,ret_UUP,0.0
LMT,21,60,mom21_UUP,0.007922
LMT,21,60,ret_SPY,0.0
LMT,21,60,mom21_SPY,0.020802
LMT,21,60,vol_vel,0.006237
LMT,21,60,vol_of_vol,0.021178
LMT,21,60,vol_regime_zscore,0.017231
LMT,21,60,vol_chg_21d,0.008589
LMT,21,60,event_fed_gravity,0.020693
LMT,21,60,event_earn_gravity,0.0
LMT,21,60,event_div_gravity,0.0
LMT,21,60,event_cpi_gravity,0.018657
LMT,21,60,event_nfp_gravity,0.036086
LMT,21,60,put_call_skew_30d,0.005597
LMT,21,60,term_structure_slope,0.069853
LMT,21,60,vrp_wedge,0.007878
LMT,21,60,iv_atm_z_score,0.069586
LMT,21,60,macro_yield_curve_slope,0.017921
LMT,21,60,macro_hy_spread,0.029132
LMT,21,60,macro_hy_spread_chg_5d,0.014838
LMT,21,60,macro_breakeven_5y,0.029337
LMT,21,60,macro_inflation_fwd_5y5y,0.010807
LMT,21,60,macro_inflation_fwd_chg_21d,0.010344
LMT,21,60,macro_inflation_fwd_abs_chg_21d,0.006309
LMT,21,60,macro_inflation_fwd_chg_63d,0.014595
LMT,21,60,macro_inflation_fwd_zscore,0.013367
LMT,21,60,macro_dollar_ret,0.0
LMT,21,60,beta_spy,0.013832
LMT,21,60,res_vol,0.031738
LMT,21,60,res_vol_vel,0.005525
LMT,21,60,price_regime,0.010695
LMT,21,60,corr_sector_21d,0.006395
LMT,21,60,corr_sector_252d,0.078739
LMT,21,60,sector_wedge,0.032116
LMT,21,61,rv_5d,0.098672
LMT,21,61,rv_10d,0.053561
LMT,21,61,rv_21d,0.020055
LMT,21,61,rv_63d,0.020414
LMT,21,61,rv_126d,0.036252
LMT,21,61,ewma_vol,0.042715
LMT,21,61,garch_cond_vol,0.012792
LMT,21,61,ret_TARGET,0.0
LMT,21,61,tech_RSI,0.004658
LMT,21,61,tech_MACD_hist,0.005826
LMT,21,61,ret_VIXY,0.0
LMT,21,61,mom21_VIXY,0.039135
LMT,21,61,ret_HYG,0.0
LMT,21,61,mom21_HYG,0.008339
LMT,21,61,ret_USO,0.0
LMT,21,61,mom21_USO,0.028903
LMT,21,61,ret_TLT,0.0
LMT,21,61,mom21_TLT,0.004157
LMT,21,61,ret_UUP,0.0
LMT,21,61,mom21_UUP,0.008778
LMT,21,61,ret_SPY,0.0
LMT,21,61,mom21_SPY,0.017291
LMT,21,61,vol_vel,0.007023
LMT,21,61,vol_of_vol,0.017129
LMT,21,61,vol_regime_zscore,0.013073
LMT,21,61,vol_chg_21d,0.007625
LMT,21,61,event_fed_gravity,0.018844
LMT,21,61,event_earn_gravity,0.0
LMT,21,61,event_div_gravity,0.0
LMT,21,61,event_cpi_gravity,0.018664
LMT,21,61,event_nfp_gravity,0.026725
LMT,21,61,put_call_skew_30d,0.007992
LMT,21,61,term_structure_slope,0.080012
LMT,21,61,vrp_wedge,0.005838
LMT,21,61,iv_atm_z_score,0.065475
LMT,21,61,macro_yield_curve_slope,0.018368
LMT,21,61,macro_hy_spread,0.024713
LMT,21,61,macro_hy_spread_chg_5d,0.020089
LMT,21,61,macro_breakeven_5y,0.025219
LMT,21,61,macro_inflation_fwd_5y5y,0.010006
LMT,21,61,macro_inflation_fwd_chg_21d,0.008703
LMT,21,61,macro_inflation_fwd_abs_chg_21d,0.008843
LMT,21,61,macro_inflation_fwd_chg_63d,0.013208
LMT,21,61,macro_inflation_fwd_zscore,0.010378
LMT,21,61,macro_dollar_ret,0.0
LMT,21,61,beta_spy,0.011299
LMT,21,61,res_vol,0.035266
LMT,21,61,res_vol_vel,0.005615
LMT,21,61,price_regime,0.011534
LMT,21,61,corr_sector_21d,0.007662
LMT,21,61,corr_sector_252d,0.08187
LMT,21,61,sector_wedge,0.037282
LMT,21,62,rv_5d,0.115472
LMT,21,62,rv_10d,0.078899
LMT,21,62,rv_21d,0.018016
LMT,21,62,rv_63d,0.022897
LMT,21,62,rv_126d,0.038816
LMT,21,62,ewma_vol,0.066275
LMT,21,62,garch_cond_vol,0.015273
LMT,21,62,ret_TARGET,0.0
LMT,21,62,tech_RSI,0.004531
LMT,21,62,tech_MACD_hist,0.004244
LMT,21,62,ret_VIXY,0.0
LMT,21,62,mom21_VIXY,0.025655
LMT,21,62,ret_HYG,0.0
LMT,21,62,mom21_HYG,0.007673
LMT,21,62,ret_USO,0.0
LMT,21,62,mom21_USO,0.03169
LMT,21,62,ret_TLT,0.0
LMT,21,62,mom21_TLT,0.004638
LMT,21,62,ret_UUP,0.0
LMT,21,62,mom21_UUP,0.008244
LMT,21,62,ret_SPY,0.0
LMT,21,62,mom21_SPY,0.009283
LMT,21,62,vol_vel,0.005807
LMT,21,62,vol_of_vol,0.017218
LMT,21,62,vol_regime_zscore,0.006014
LMT,21,62,vol_chg_21d,0.008315
LMT,21,62,event_fed_gravity,0.015906
LMT,21,62,event_earn_gravity,0.0
LMT,21,62,event_div_gravity,0.0
LMT,21,62,event_cpi_gravity,0.022114
LMT,21,62,event_nfp_gravity,0.025178
LMT,21,62,put_call_skew_30d,0.0
LMT,21,62,term_structure_slope,0.069414
LMT,21,62,vrp_wedge,0.004735
LMT,21,62,iv_atm_z_score,0.068313
LMT,21,62,macro_yield_curve_slope,0.020442
LMT,21,62,macro_hy_spread,0.024644
LMT,21,62,macro_hy_spread_chg_5d,0.01818
LMT,21,62,macro_breakeven_5y,0.021433
LMT,21,62,macro_inflation_fwd_5y5y,0.009501
LMT,21,62,macro_inflation_fwd_chg_21d,0.012295
LMT,21,62,macro_inflation_fwd_abs_chg_21d,0.007922
LMT,21,62,macro_inflation_fwd_chg_63d,0.012471
LMT,21,62,macro_inflation_fwd_zscore,0.01016
LMT,21,62,macro_dollar_ret,0.0
LMT,21,62,beta_spy,0.012836
LMT,21,62,res_vol,0.029399
LMT,21,62,res_vol_vel,0.006084
LMT,21,62,price_regime,0.009355
LMT,21,62,corr_sector_21d,0.005801
LMT,21,62,corr_sector_252d,0.07382
LMT,21,62,sector_wedge,0.031036
LMT,21,63,rv_5d,0.153624
LMT,21,63,rv_10d,0.058127
LMT,21,63,rv_21d,0.006098
LMT,21,63,rv_63d,0.020476
LMT,21,63,rv_126d,0.025444
LMT,21,63,ewma_vol,0.08949
LMT,21,63,garch_cond_vol,0.030502
LMT,21,63,ret_TARGET,0.0
LMT,21,63,tech_RSI,0.004286
LMT,21,63,tech_MACD_hist,0.006439
LMT,21,63,ret_VIXY,0.0
LMT,21,63,mom21_VIXY,0.026921
LMT,21,63,ret_HYG,0.0
LMT,21,63,mom21_HYG,0.007515
LMT,21,63,ret_USO,0.0
LMT,21,63,mom21_USO,0.027558
LMT,21,63,ret_TLT,0.0
LMT,21,63,mom21_TLT,0.003802
LMT,21,63,ret_UUP,0.0
LMT,21,63,mom21_UUP,0.007726
LMT,21,63,ret_SPY,0.0
LMT,21,63,mom21_SPY,0.020547
LMT,21,63,vol_vel,0.004742
LMT,21,63,vol_of_vol,0.017036
LMT,21,63,vol_regime_zscore,0.011218
LMT,21,63,vol_chg_21d,0.007573
LMT,21,63,event_fed_gravity,0.015364
LMT,21,63,event_earn_gravity,0.0
LMT,21,63,event_div_gravity,0.0
LMT,21,63,event_cpi_gravity,0.013337
LMT,21,63,event_nfp_gravity,0.01936
LMT,21,63,put_call_skew_30d,0.0
LMT,21,63,term_structure_slope,0.065448
LMT,21,63,vrp_wedge,0.005809
LMT,21,63,iv_atm_z_score,0.064055
LMT,21,63,macro_yield_curve_slope,0.020431
LMT,21,63,macro_hy_spread,0.022127
LMT,21,63,macro_hy_spread_chg_5d,0.005394
LMT,21,63,macro_breakeven_5y,0.027754
LMT,21,63,macro_inflation_fwd_5y5y,0.009019
LMT,21,63,macro_inflation_fwd_chg_21d,0.013486
LMT,21,63,macro_inflation_fwd_abs_chg_21d,0.010066
LMT,21,63,macro_inflation_fwd_chg_63d,0.008472
LMT,21,63,macro_inflation_fwd_zscore,0.010196
LMT,21,63,macro_dollar_ret,0.0
LMT,21,63,beta_spy,0.008023
LMT,21,63,res_vol,0.034755
LMT,21,63,res_vol_vel,0.006449
LMT,21,63,price_regime,0.011326
LMT,21,63,corr_sector_21d,0.004413
LMT,21,63,corr_sector_252d,0.065263
LMT,21,63,sector_wedge,0.03033
LMT,21,64,rv_5d,0.126834
LMT,21,64,rv_10d,0.034399
LMT,21,64,rv_21d,0.009807
LMT,21,64,rv_63d,0.020223
LMT,21,64,rv_126d,0.029476
LMT,21,64,ewma_vol,0.138867
LMT,21,64,garch_cond_vol,0.028575
LMT,21,64,ret_TARGET,0.0
LMT,21,64,tech_RSI,0.003951
LMT,21,64,tech_MACD_hist,0.005214
LMT,21,64,ret_VIXY,0.0
LMT,21,64,mom21_VIXY,0.03211
LMT,21,64,ret_HYG,0.0
LMT,21,64,mom21_HYG,0.007048
LMT,21,64,ret_USO,0.0
LMT,21,64,mom21_USO,0.027112
LMT,21,64,ret_TLT,0.0
LMT,21,64,mom21_TLT,0.005816
LMT,21,64,ret_UUP,0.0
LMT,21,64,mom21_UUP,0.007918
LMT,21,64,ret_SPY,0.0
LMT,21,64,mom21_SPY,0.023025
LMT,21,64,vol_vel,0.005917
LMT,21,64,vol_of_vol,0.018983
LMT,21,64,vol_regime_zscore,0.007686
LMT,21,64,vol_chg_21d,0.007312
LMT,21,64,event_fed_gravity,0.013622
LMT,21,64,event_earn_gravity,0.0
LMT,21,64,event_div_gravity,0.0
LMT,21,64,event_cpi_gravity,0.013341
LMT,21,64,event_nfp_gravity,0.021072
LMT,21,64,put_call_skew_30d,0.005519
LMT,21,64,term_structure_slope,0.068606
LMT,21,64,vrp_wedge,0.005209
LMT,21,64,iv_atm_z_score,0.051821
LMT,21,64,macro_yield_curve_slope,0.016805
LMT,21,64,macro_hy_spread,0.022187
LMT,21,64,macro_hy_spread_chg_5d,0.01331
LMT,21,64,macro_breakeven_5y,0.025554
LMT,21,64,macro_inflation_fwd_5y5y,0.009885
LMT,21,64,macro_inflation_fwd_chg_21d,0.008678
LMT,21,64,macro_inflation_fwd_abs_chg_21d,0.008665
LMT,21,64,macro_inflation_fwd_chg_63d,0.010988
LMT,21,64,macro_inflation_fwd_zscore,0.007447
LMT,21,64,macro_dollar_ret,0.0
LMT,21,64,beta_spy,0.01035
LMT,21,64,res_vol,0.03251
LMT,21,64,res_vol_vel,0.006499
LMT,21,64,price_regime,0.009952
LMT,21,64,corr_sector_21d,0.004139
LMT,21,64,corr_sector_252d,0.055551
LMT,21,64,sector_wedge,0.038015
LMT,21,65,rv_5d,0.110931
LMT,21,65,rv_10d,0.077733
LMT,21,65,rv_21d,0.034019
LMT,21,65,rv_63d,0.020097
LMT,21,65,rv_126d,0.033226
LMT,21,65,ewma_vol,0.057141
LMT,21,65,garch_cond_vol,0.02891
LMT,21,65,ret_TARGET,0.0
LMT,21,65,tech_RSI,0.004456
LMT,21,65,tech_MACD_hist,0.004656
LMT,21,65,ret_VIXY,0.0
LMT,21,65,mom21_VIXY,0.028644
LMT,21,65,ret_HYG,0.0
LMT,21,65,mom21_HYG,0.006206
LMT,21,65,ret_USO,0.0
LMT,21,65,mom21_USO,0.026932
LMT,21,65,ret_TLT,0.0
LMT,21,65,mom21_TLT,0.007144
LMT,21,65,ret_UUP,0.0
LMT,21,65,mom21_UUP,0.007275
LMT,21,65,ret_SPY,0.0
LMT,21,65,mom21_SPY,0.019048
LMT,21,65,vol_vel,0.013177
LMT,21,65,vol_of_vol,0.016681
LMT,21,65,vol_regime_zscore,0.015081
LMT,21,65,vol_chg_21d,0.008263
LMT,21,65,event_fed_gravity,0.015616
LMT,21,65,event_earn_gravity,0.0
LMT,21,65,event_div_gravity,0.0
LMT,21,65,event_cpi_gravity,0.02195
LMT,21,65,event_nfp_gravity,0.022347
LMT,21,65,put_call_skew_30d,0.008637
LMT,21,65,term_structure_slope,0.076302
LMT,21,65,vrp_wedge,0.006424
LMT,21,65,iv_atm_z_score,0.050685
LMT,21,65,macro_yield_curve_slope,0.016158
LMT,21,65,macro_hy_spread,0.021916
LMT,21,65,macro_hy_spread_chg_5d,0.018989
LMT,21,65,macro_breakeven_5y,0.024438
LMT,21,65,macro_inflation_fwd_5y5y,0.009195
LMT,21,65,macro_inflation_fwd_chg_21d,0.009279
LMT,21,65,macro_inflation_fwd_abs_chg_21d,0.007636
LMT,21,65,macro_inflation_fwd_chg_63d,0.013014
LMT,21,65,macro_inflation_fwd_zscore,0.007697
LMT,21,65,macro_dollar_ret,0.0
LMT,21,65,beta_spy,0.010569
LMT,21,65,res_vol,0.027652
LMT,21,65,res_vol_vel,0.00646
LMT,21,65,price_regime,0.009268
LMT,21,65,corr_sector_21d,0.004031
LMT,21,65,corr_sector_252d,0.064232
LMT,21,65,sector_wedge,0.027887
LMT,21,66,rv_5d,0.09734
LMT,21,66,rv_10d,0.09909
LMT,21,66,rv_21d,0.032353
LMT,21,66,rv_63d,0.016436
LMT,21,66,rv_126d,0.029637
LMT,21,66,ewma_vol,0.067094
LMT,21,66,garch_cond_vol,0.0433
LMT,21,66,ret_TARGET,0.0
LMT,21,66,tech_RSI,0.004692
LMT,21,66,tech_MACD_hist,0.004636
LMT,21,66,ret_VIXY,0.0
LMT,21,66,mom21_VIXY,0.029093
LMT,21,66,ret_HYG,0.0
LMT,21,66,mom21_HYG,0.008816
LMT,21,66,ret_USO,0.0
LMT,21,66,mom21_USO,0.029022
LMT,21,66,ret_TLT,0.0
LMT,21,66,mom21_TLT,0.006793
LMT,21,66,ret_UUP,0.0
LMT,21,66,mom21_UUP,0.007228
LMT,21,66,ret_SPY,0.0
LMT,21,66,mom21_SPY,0.036058
LMT,21,66,vol_vel,0.00438
LMT,21,66,vol_of_vol,0.016147
LMT,21,66,vol_regime_zscore,0.010902
LMT,21,66,vol_chg_21d,0.007498
LMT,21,66,event_fed_gravity,0.01496
LMT,21,66,event_earn_gravity,0.0
LMT,21,66,event_div_gravity,0.0
LMT,21,66,event_cpi_gravity,0.017056
LMT,21,66,event_nfp_gravity,0.022076
LMT,21,66,put_call_skew_30d,0.008416
LMT,21,66,term_structure_slope,0.079146
LMT,21,66,vrp_wedge,0.004559
LMT,21,66,iv_atm_z_score,0.044498
LMT,21,66,macro_yield_curve_slope,0.017677
LMT,21,66,macro_hy_spread,0.021544
LMT,21,66,macro_hy_spread_chg_5d,0.0
LMT,21,66,macro_breakeven_5y,0.018416
LMT,21,66,macro_inflation_fwd_5y5y,0.007745
LMT,21,66,macro_inflation_fwd_chg_21d,0.009949
LMT,21,66,macro_inflation_fwd_abs_chg_21d,0.010085
LMT,21,66,macro_inflation_fwd_chg_63d,0.01147
LMT,21,66,macro_inflation_fwd_zscore,0.010739
LMT,21,66,macro_dollar_ret,0.0
LMT,21,66,beta_spy,0.011126
LMT,21,66,res_vol,0.028919
LMT,21,66,res_vol_vel,0.007873
LMT,21,66,price_regime,0.011077
LMT,21,66,corr_sector_21d,0.005057
LMT,21,66,corr_sector_252d,0.057779
LMT,21,66,sector_wedge,0.029316
LMT,21,67,rv_5d,0.118842
LMT,21,67,rv_10d,0.045535
LMT,21,67,rv_21d,0.016535
LMT,21,67,rv_63d,0.017848
LMT,21,67,rv_126d,0.034425
LMT,21,67,ewma_vol,0.073382
LMT,21,67,garch_cond_vol,0.025951
LMT,21,67,ret_TARGET,0.0
LMT,21,67,tech_RSI,0.004004
LMT,21,67,tech_MACD_hist,0.004876
LMT,21,67,ret_VIXY,0.0
LMT,21,67,mom21_VIXY,0.034789
LMT,21,67,ret_HYG,0.0
LMT,21,67,mom21_HYG,0.007704
LMT,21,67,ret_USO,0.0
LMT,21,67,mom21_USO,0.028731
LMT,21,67,ret_TLT,0.0
LMT,21,67,mom21_TLT,0.005693
LMT,21,67,ret_UUP,0.0
LMT,21,67,mom21_UUP,0.008797
LMT,21,67,ret_SPY,0.0
LMT,21,67,mom21_SPY,0.016614
LMT,21,67,vol_vel,0.006235
LMT,21,67,vol_of_vol,0.017114
LMT,21,67,vol_regime_zscore,0.009315
LMT,21,67,vol_chg_21d,0.007643
LMT,21,67,event_fed_gravity,0.013765
LMT,21,67,event_earn_gravity,0.0
LMT,21,67,event_div_gravity,0.0
LMT,21,67,event_cpi_gravity,0.018974
LMT,21,67,event_nfp_gravity,0.018964
LMT,21,67,put_call_skew_30d,0.0
LMT,21,67,term_structure_slope,0.097595
LMT,21,67,vrp_wedge,0.004774
LMT,21,67,iv_atm_z_score,0.054606
LMT,21,67,macro_yield_curve_slope,0.017705
LMT,21,67,macro_hy_spread,0.022529
LMT,21,67,macro_hy_spread_chg_5d,0.034167
LMT,21,67,macro_breakeven_5y,0.024793
LMT,21,67,macro_inflation_fwd_5y5y,0.008743
LMT,21,67,macro_inflation_fwd_chg_21d,0.011423
LMT,21,67,macro_inflation_fwd_abs_chg_21d,0.007044
LMT,21,67,macro_inflation_fwd_chg_63d,0.011387
LMT,21,67,macro_inflation_fwd_zscore,0.009602
LMT,21,67,macro_dollar_ret,0.0
LMT,21,67,beta_spy,0.011728
LMT,21,67,res_vol,0.033245
LMT,21,67,res_vol_vel,0.006501
LMT,21,67,price_regime,0.008995
LMT,21,67,corr_sector_21d,0.005227
LMT,21,67,corr_sector_252d,0.062844
LMT,21,67,sector_wedge,0.031358
LMT,21,68,rv_5d,0.059043
LMT,21,68,rv_10d,0.084679
LMT,21,68,rv_21d,0.022288
LMT,21,68,rv_63d,0.0223
LMT,21,68,rv_126d,0.034483
LMT,21,68,ewma_vol,0.079055
LMT,21,68,garch_cond_vol,0.020633
LMT,21,68,ret_TARGET,0.0
LMT,21,68,tech_RSI,0.004377
LMT,21,68,tech_MACD_hist,0.005375
LMT,21,68,ret_VIXY,0.0
LMT,21,68,mom21_VIXY,0.029431
LMT,21,68,ret_HYG,0.0
LMT,21,68,mom21_HYG,0.00783
LMT,21,68,ret_USO,0.0
LMT,21,68,mom21_USO,0.030598
LMT,21,68,ret_TLT,0.0
LMT,21,68,mom21_TLT,0.006175
LMT,21,68,ret_UUP,0.0
LMT,21,68,mom21_UUP,0.008778
LMT,21,68,ret_SPY,0.0
LMT,21,68,mom21_SPY,0.025266
LMT,21,68,vol_vel,0.005582
LMT,21,68,vol_of_vol,0.022364
LMT,21,68,vol_regime_zscore,0.006824
LMT,21,68,vol_chg_21d,0.007541
LMT,21,68,event_fed_gravity,0.015135
LMT,21,68,event_earn_gravity,0.0
LMT,21,68,event_div_gravity,0.0
LMT,21,68,event_cpi_gravity,0.020051
LMT,21,68,event_nfp_gravity,0.016218
LMT,21,68,put_call_skew_30d,0.0
LMT,21,68,term_structure_slope,0.075378
LMT,21,68,vrp_wedge,0.021158
LMT,21,68,iv_atm_z_score,0.059954
LMT,21,68,macro_yield_curve_slope,0.016101
LMT,21,68,macro_hy_spread,0.026431
LMT,21,68,macro_hy_spread_chg_5d,0.005235
LMT,21,68,macro_breakeven_5y,0.027208
LMT,21,68,macro_inflation_fwd_5y5y,0.010915
LMT,21,68,macro_inflation_fwd_chg_21d,0.011356
LMT,21,68,macro_inflation_fwd_abs_chg_21d,0.008615
LMT,21,68,macro_inflation_fwd_chg_63d,0.012616
LMT,21,68,macro_inflation_fwd_zscore,0.009844
LMT,21,68,macro_dollar_ret,0.0
LMT,21,68,beta_spy,0.015073
LMT,21,68,res_vol,0.038082
LMT,21,68,res_vol_vel,0.006826
LMT,21,68,price_regime,0.016349
LMT,21,68,corr_sector_21d,0.006018
LMT,21,68,corr_sector_252d,0.069069
LMT,21,68,sector_wedge,0.029746
LMT,21,69,rv_5d,0.082643
LMT,21,69,rv_10d,0.096522
LMT,21,69,rv_21d,0.034841
LMT,21,69,rv_63d,0.023077
LMT,21,69,rv_126d,0.028389
LMT,21,69,ewma_vol,0.059627
LMT,21,69,garch_cond_vol,0.020686
LMT,21,69,ret_TARGET,0.0
LMT,21,69,tech_RSI,0.00533
LMT,21,69,tech_MACD_hist,0.004517
LMT,21,69,ret_VIXY,0.0
LMT,21,69,mom21_VIXY,0.02663
LMT,21,69,ret_HYG,0.0
LMT,21,69,mom21_HYG,0.006823
LMT,21,69,ret_USO,0.0
LMT,21,69,mom21_USO,0.031302
LMT,21,69,ret_TLT,0.0
LMT,21,69,mom21_TLT,0.005157
LMT,21,69,ret_UUP,0.0
LMT,21,69,mom21_UUP,0.00716
LMT,21,69,ret_SPY,0.0
LMT,21,69,mom21_SPY,0.037496
LMT,21,69,vol_vel,0.009374
LMT,21,69,vol_of_vol,0.015879
LMT,21,69,vol_regime_zscore,0.012826
LMT,21,69,vol_chg_21d,0.007252
LMT,21,69,event_fed_gravity,0.01519
LMT,21,69,event_earn_gravity,0.0
LMT,21,69,event_div_gravity,0.0
LMT,21,69,event_cpi_gravity,0.018376
LMT,21,69,event_nfp_gravity,0.012689
LMT,21,69,put_call_skew_30d,0.007573
LMT,21,69,term_structure_slope,0.066313
LMT,21,69,vrp_wedge,0.018492
LMT,21,69,iv_atm_z_score,0.045685
LMT,21,69,macro_yield_curve_slope,0.012424
LMT,21,69,macro_hy_spread,0.02358
LMT,21,69,macro_hy_spread_chg_5d,0.031617
LMT,21,69,macro_breakeven_5y,0.018114
LMT,21,69,macro_inflation_fwd_5y5y,0.008709
LMT,21,69,macro_inflation_fwd_chg_21d,0.011832
LMT,21,69,macro_inflation_fwd_abs_chg_21d,0.004817
LMT,21,69,macro_inflation_fwd_chg_63d,0.011676
LMT,21,69,macro_inflation_fwd_zscore,0.009885
LMT,21,69,macro_dollar_ret,0.0
LMT,21,69,beta_spy,0.015266
LMT,21,69,res_vol,0.031579
LMT,21,69,res_vol_vel,0.005956
LMT,21,69,price_regime,0.014353
LMT,21,69,corr_sector_21d,0.004548
LMT,21,69,corr_sector_252d,0.064617
LMT,21,69,sector_wedge,0.031179
LMT,21,70,rv_5d,0.09389
LMT,21,70,rv_10d,0.077146
LMT,21,70,rv_21d,0.043781
LMT,21,70,rv_63d,0.021833
LMT,21,70,rv_126d,0.024861
LMT,21,70,ewma_vol,0.050938
LMT,21,70,garch_cond_vol,0.046665
LMT,21,70,ret_TARGET,0.0
LMT,21,70,tech_RSI,0.00527
LMT,21,70,tech_MACD_hist,0.005876
LMT,21,70,ret_VIXY,0.0
LMT,21,70,mom21_VIXY,0.022076
LMT,21,70,ret_HYG,0.0
LMT,21,70,mom21_HYG,0.007472
LMT,21,70,ret_USO,0.0
LMT,21,70,mom21_USO,0.029894
LMT,21,70,ret_TLT,0.0
LMT,21,70,mom21_TLT,0.006265
LMT,21,70,ret_UUP,0.0
LMT,21,70,mom21_UUP,0.00804
LMT,21,70,ret_SPY,0.003559
LMT,21,70,mom21_SPY,0.019789
LMT,21,70,vol_vel,0.006986
LMT,21,70,vol_of_vol,0.015096
LMT,21,70,vol_regime_zscore,0.014572
LMT,21,70,vol_chg_21d,0.007023
LMT,21,70,event_fed_gravity,0.012783
LMT,21,70,event_earn_gravity,0.0
LMT,21,70,event_div_gravity,0.0
LMT,21,70,event_cpi_gravity,0.019541
LMT,21,70,event_nfp_gravity,0.02141
LMT,21,70,put_call_skew_30d,0.005568
LMT,21,70,term_structure_slope,0.0737
LMT,21,70,vrp_wedge,0.012513
LMT,21,70,iv_atm_z_score,0.053378
LMT,21,70,macro_yield_curve_slope,0.01757
LMT,21,70,macro_hy_spread,0.026024
LMT,21,70,macro_hy_spread_chg_5d,0.004716
LMT,21,70,macro_breakeven_5y,0.02199
LMT,21,70,macro_inflation_fwd_5y5y,0.010265
LMT,21,70,macro_inflation_fwd_chg_21d,0.012928
LMT,21,70,macro_inflation_fwd_abs_chg_21d,0.006047
LMT,21,70,macro_inflation_fwd_chg_63d,0.016365
LMT,21,70,macro_inflation_fwd_zscore,0.007551
LMT,21,70,macro_dollar_ret,0.0
LMT,21,70,beta_spy,0.015393
LMT,21,70,res_vol,0.034029
LMT,21,70,res_vol_vel,0.006903
LMT,21,70,price_regime,0.01138
LMT,21,70,corr_sector_21d,0.008518
LMT,21,70,corr_sector_252d,0.0629
LMT,21,70,sector_wedge,0.027493
LMT,21,71,rv_5d,0.067444
LMT,21,71,rv_10d,0.051557
LMT,21,71,rv_21d,0.050226
LMT,21,71,rv_63d,0.023062
LMT,21,71,rv_126d,0.026227
LMT,21,71,ewma_vol,0.062211
LMT,21,71,garch_cond_vol,0.041451
LMT,21,71,ret_TARGET,0.0
LMT,21,71,tech_RSI,0.005287
LMT,21,71,tech_MACD_hist,0.003911
LMT,21,71,ret_VIXY,0.0
LMT,21,71,mom21_VIXY,0.030102
LMT,21,71,ret_HYG,0.0
LMT,21,71,mom21_HYG,0.008293
LMT,21,71,ret_USO,0.0
LMT,21,71,mom21_USO,0.031816
LMT,21,71,ret_TLT,0.0
LMT,21,71,mom21_TLT,0.004778
LMT,21,71,ret_UUP,0.0
LMT,21,71,mom21_UUP,0.008017
LMT,21,71,ret_SPY,0.004569
LMT,21,71,mom21_SPY,0.017027
LMT,21,71,vol_vel,0.010875
LMT,21,71,vol_of_vol,0.019351
LMT,21,71,vol_regime_zscore,0.015413
LMT,21,71,vol_chg_21d,0.007562
LMT,21,71,event_fed_gravity,0.015602
LMT,21,71,event_earn_gravity,0.0
LMT,21,71,event_div_gravity,0.0
LMT,21,71,event_cpi_gravity,0.016293
LMT,21,71,event_nfp_gravity,0.025168
LMT,21,71,put_call_skew_30d,0.004726
LMT,21,71,term_structure_slope,0.077693
LMT,21,71,vrp_wedge,0.016313
LMT,21,71,iv_atm_z_score,0.051154
LMT,21,71,macro_yield_curve_slope,0.016522
LMT,21,71,macro_hy_spread,0.027673
LMT,21,71,macro_hy_spread_chg_5d,0.004481
LMT,21,71,macro_breakeven_5y,0.026047
LMT,21,71,macro_inflation_fwd_5y5y,0.00956
LMT,21,71,macro_inflation_fwd_chg_21d,0.011338
LMT,21,71,macro_inflation_fwd_abs_chg_21d,0.006961
LMT,21,71,macro_inflation_fwd_chg_63d,0.01504
LMT,21,71,macro_inflation_fwd_zscore,0.012098
LMT,21,71,macro_dollar_ret,0.0
LMT,21,71,beta_spy,0.013806
LMT,21,71,res_vol,0.037913
LMT,21,71,res_vol_vel,0.008091
LMT,21,71,price_regime,0.011808
LMT,21,71,corr_sector_21d,0.005857
LMT,21,71,corr_sector_252d,0.065772
LMT,21,71,sector_wedge,0.030904
LMT,21,72,rv_5d,0.062326
LMT,21,72,rv_10d,0.076389
LMT,21,72,rv_21d,0.042827
LMT,21,72,rv_63d,0.021989
LMT,21,72,rv_126d,0.024994
LMT,21,72,ewma_vol,0.045255
LMT,21,72,garch_cond_vol,0.03731
LMT,21,72,ret_TARGET,0.0
LMT,21,72,tech_RSI,0.005551
LMT,21,72,tech_MACD_hist,0.004489
LMT,21,72,ret_VIXY,0.0
LMT,21,72,mom21_VIXY,0.031302
LMT,21,72,ret_HYG,0.0
LMT,21,72,mom21_HYG,0.007028
LMT,21,72,ret_USO,0.0
LMT,21,72,mom21_USO,0.023824
LMT,21,72,ret_TLT,0.0
LMT,21,72,mom21_TLT,0.005595
LMT,21,72,ret_UUP,0.0
LMT,21,72,mom21_UUP,0.00867
LMT,21,72,ret_SPY,0.0
LMT,21,72,mom21_SPY,0.015902
LMT,21,72,vol_vel,0.010564
LMT,21,72,vol_of_vol,0.020379
LMT,21,72,vol_regime_zscore,0.016966
LMT,21,72,vol_chg_21d,0.006562
LMT,21,72,event_fed_gravity,0.015591
LMT,21,72,event_earn_gravity,0.0
LMT,21,72,event_div_gravity,0.0
LMT,21,72,event_cpi_gravity,0.020276
LMT,21,72,event_nfp_gravity,0.021782
LMT,21,72,put_call_skew_30d,0.006279
LMT,21,72,term_structure_slope,0.069988
LMT,21,72,vrp_wedge,0.016558
LMT,21,72,iv_atm_z_score,0.051823
LMT,21,72,macro_yield_curve_slope,0.017506
LMT,21,72,macro_hy_spread,0.026437
LMT,21,72,macro_hy_spread_chg_5d,0.031707
LMT,21,72,macro_breakeven_5y,0.025901
LMT,21,72,macro_inflation_fwd_5y5y,0.010669
LMT,21,72,macro_inflation_fwd_chg_21d,0.009346
LMT,21,72,macro_inflation_fwd_abs_chg_21d,0.009381
LMT,21,72,macro_inflation_fwd_chg_63d,0.022182
LMT,21,72,macro_inflation_fwd_zscore,0.010081
LMT,21,72,macro_dollar_ret,0.0
LMT,21,72,beta_spy,0.010654
LMT,21,72,res_vol,0.034371
LMT,21,72,res_vol_vel,0.012095
LMT,21,72,price_regime,0.010938
LMT,21,72,corr_sector_21d,0.008162
LMT,21,72,corr_sector_252d,0.064369
LMT,21,72,sector_wedge,0.025978
LMT,21,73,rv_5d,0.096137
LMT,21,73,rv_10d,0.120945
LMT,21,73,rv_21d,0.033255
LMT,21,73,rv_63d,0.022557
LMT,21,73,rv_126d,0.024354
LMT,21,73,ewma_vol,0.02627
LMT,21,73,garch_cond_vol,0.043459
LMT,21,73,ret_TARGET,0.0
LMT,21,73,tech_RSI,0.005658
LMT,21,73,tech_MACD_hist,0.003671
LMT,21,73,ret_VIXY,0.0
LMT,21,73,mom21_VIXY,0.027703
LMT,21,73,ret_HYG,0.0
LMT,21,73,mom21_HYG,0.007828
LMT,21,73,ret_USO,0.0
LMT,21,73,mom21_USO,0.028852
LMT,21,73,ret_TLT,0.0
LMT,21,73,mom21_TLT,0.006648
LMT,21,73,ret_UUP,0.0
LMT,21,73,mom21_UUP,0.008983
LMT,21,73,ret_SPY,0.0
LMT,21,73,mom21_SPY,0.016135
LMT,21,73,vol_vel,0.005726
LMT,21,73,vol_of_vol,0.016056
LMT,21,73,vol_regime_zscore,0.010058
LMT,21,73,vol_chg_21d,0.006198
LMT,21,73,event_fed_gravity,0.012489
LMT,21,73,event_earn_gravity,0.0
LMT,21,73,event_div_gravity,0.0
LMT,21,73,event_cpi_gravity,0.021026
LMT,21,73,event_nfp_gravity,0.021825
LMT,21,73,put_call_skew_30d,0.0
LMT,21,73,term_structure_slope,0.080446
LMT,21,73,vrp_wedge,0.015457
LMT,21,73,iv_atm_z_score,0.056221
LMT,21,73,macro_yield_curve_slope,0.015204
LMT,21,73,macro_hy_spread,0.026753
LMT,21,73,macro_hy_spread_chg_5d,0.005994
LMT,21,73,macro_breakeven_5y,0.021447
LMT,21,73,macro_inflation_fwd_5y5y,0.010597
LMT,21,73,macro_inflation_fwd_chg_21d,0.011722
LMT,21,73,macro_inflation_fwd_abs_chg_21d,0.00728
LMT,21,73,macro_inflation_fwd_chg_63d,0.016118
LMT,21,73,macro_inflation_fwd_zscore,0.010168
LMT,21,73,macro_dollar_ret,0.0
LMT,21,73,beta_spy,0.011755
LMT,21,73,res_vol,0.040285
LMT,21,73,res_vol_vel,0.007059
LMT,21,73,price_regime,0.009686
LMT,21,73,corr_sector_21d,0.005304
LMT,21,73,corr_sector_252d,0.055924
LMT,21,73,sector_wedge,0.026745
LMT,21,74,rv_5d,0.116177
LMT,21,74,rv_10d,0.053955
LMT,21,74,rv_21d,0.037926
LMT,21,74,rv_63d,0.025261
LMT,21,74,rv_126d,0.027801
LMT,21,74,ewma_vol,0.052882
LMT,21,74,garch_cond_vol,0.017345
LMT,21,74,ret_TARGET,0.0
LMT,21,74,tech_RSI,0.005567
LMT,21,74,tech_MACD_hist,0.0
LMT,21,74,ret_VIXY,0.0
LMT,21,74,mom21_VIXY,0.025123
LMT,21,74,ret_HYG,0.0
LMT,21,74,mom21_HYG,0.006334
LMT,21,74,ret_USO,0.0
LMT,21,74,mom21_USO,0.028729
LMT,21,74,ret_TLT,0.0
LMT,21,74,mom21_TLT,0.006343
LMT,21,74,ret_UUP,0.0
LMT,21,74,mom21_UUP,0.008677
LMT,21,74,ret_SPY,0.0
LMT,21,74,mom21_SPY,0.022506
LMT,21,74,vol_vel,0.007991
LMT,21,74,vol_of_vol,0.018626
LMT,21,74,vol_regime_zscore,0.010289
LMT,21,74,vol_chg_21d,0.006812
LMT,21,74,event_fed_gravity,0.015574
LMT,21,74,event_earn_gravity,0.0
LMT,21,74,event_div_gravity,0.0
LMT,21,74,event_cpi_gravity,0.026182
LMT,21,74,event_nfp_gravity,0.021726
LMT,21,74,put_call_skew_30d,0.0
LMT,21,74,term_structure_slope,0.097693
LMT,21,74,vrp_wedge,0.011787
LMT,21,74,iv_atm_z_score,0.057317
LMT,21,74,macro_yield_curve_slope,0.014777
LMT,21,74,macro_hy_spread,0.023794
LMT,21,74,macro_hy_spread_chg_5d,0.005586
LMT,21,74,macro_breakeven_5y,0.023678
LMT,21,74,macro_inflation_fwd_5y5y,0.010105
LMT,21,74,macro_inflation_fwd_chg_21d,0.008928
LMT,21,74,macro_inflation_fwd_abs_chg_21d,0.008297
LMT,21,74,macro_inflation_fwd_chg_63d,0.013975
LMT,21,74,macro_inflation_fwd_zscore,0.009534
LMT,21,74,macro_dollar_ret,0.0
LMT,21,74,beta_spy,0.01267
LMT,21,74,res_vol,0.038518
LMT,21,74,res_vol_vel,0.006319
LMT,21,74,price_regime,0.009642
LMT,21,74,corr_sector_21d,0.006709
LMT,21,74,corr_sector_252d,0.06544
LMT,21,74,sector_wedge,0.033404
LMT,21,75,rv_5d,0.098468
LMT,21,75,rv_10d,0.080483
LMT,21,75,rv_21d,0.02049
LMT,21,75,rv_63d,0.023123
LMT,21,75,rv_126d,0.028506
LMT,21,75,ewma_vol,0.069247
LMT,21,75,garch_cond_vol,0.01926
LMT,21,75,ret_TARGET,0.0
LMT,21,75,tech_RSI,0.00648
LMT,21,75,tech_MACD_hist,0.009103
LMT,21,75,ret_VIXY,0.0
LMT,21,75,mom21_VIXY,0.026529
LMT,21,75,ret_HYG,0.0
LMT,21,75,mom21_HYG,0.007524
LMT,21,75,ret_USO,0.0
LMT,21,75,mom21_USO,0.027774
LMT,21,75,ret_TLT,0.0
LMT,21,75,mom21_TLT,0.005462
LMT,21,75,ret_UUP,0.0
LMT,21,75,mom21_UUP,0.00878
LMT,21,75,ret_SPY,0.0
LMT,21,75,mom21_SPY,0.020554
LMT,21,75,vol_vel,0.005628
LMT,21,75,vol_of_vol,0.021702
LMT,21,75,vol_regime_zscore,0.007911
LMT,21,75,vol_chg_21d,0.008052
LMT,21,75,event_fed_gravity,0.015908
LMT,21,75,event_earn_gravity,0.0
LMT,21,75,event_div_gravity,0.0
LMT,21,75,event_cpi_gravity,0.01374
LMT,21,75,event_nfp_gravity,0.022384
LMT,21,75,put_call_skew_30d,0.005459
LMT,21,75,term_structure_slope,0.084399
LMT,21,75,vrp_wedge,0.011655
LMT,21,75,iv_atm_z_score,0.055633
LMT,21,75,macro_yield_curve_slope,0.016135
LMT,21,75,macro_hy_spread,0.027908
LMT,21,75,macro_hy_spread_chg_5d,0.004711
LMT,21,75,macro_breakeven_5y,0.023276
LMT,21,75,macro_inflation_fwd_5y5y,0.010222
LMT,21,75,macro_inflation_fwd_chg_21d,0.015212
LMT,21,75,macro_inflation_fwd_abs_chg_21d,0.007528
LMT,21,75,macro_inflation_fwd_chg_63d,0.012019
LMT,21,75,macro_inflation_fwd_zscore,0.012088
LMT,21,75,macro_dollar_ret,0.0
LMT,21,75,beta_spy,0.012984
LMT,21,75,res_vol,0.036548
LMT,21,75,res_vol_vel,0.005586
LMT,21,75,price_regime,0.014049
LMT,21,75,corr_sector_21d,0.004173
LMT,21,75,corr_sector_252d,0.061936
LMT,21,75,sector_wedge,0.031367
LMT,21,76,rv_5d,0.090256
LMT,21,76,rv_10d,0.069682
LMT,21,76,rv_21d,0.057263
LMT,21,76,rv_63d,0.027405
LMT,21,76,rv_126d,0.02481
LMT,21,76,ewma_vol,0.04075
LMT,21,76,garch_cond_vol,0.030598
LMT,21,76,ret_TARGET,0.0
LMT,21,76,tech_RSI,0.005561
LMT,21,76,tech_MACD_hist,0.005748
LMT,21,76,ret_VIXY,0.0
LMT,21,76,mom21_VIXY,0.03237
LMT,21,76,ret_HYG,0.0
LMT,21,76,mom21_HYG,0.007723
LMT,21,76,ret_USO,0.0
LMT,21,76,mom21_USO,0.032711
LMT,21,76,ret_TLT,0.0
LMT,21,76,mom21_TLT,0.005705
LMT,21,76,ret_UUP,0.0
LMT,21,76,mom21_UUP,0.00772
LMT,21,76,ret_SPY,0.004034
LMT,21,76,mom21_SPY,0.020865
LMT,21,76,vol_vel,0.005977
LMT,21,76,vol_of_vol,0.017764
LMT,21,76,vol_regime_zscore,0.015436
LMT,21,76,vol_chg_21d,0.005581
LMT,21,76,event_fed_gravity,0.016296
LMT,21,76,event_earn_gravity,0.0
LMT,21,76,event_div_gravity,0.0
LMT,21,76,event_cpi_gravity,0.020099
LMT,21,76,event_nfp_gravity,0.022317
LMT,21,76,put_call_skew_30d,0.007854
LMT,21,76,term_structure_slope,0.075743
LMT,21,76,vrp_wedge,0.00634
LMT,21,76,iv_atm_z_score,0.053852
LMT,21,76,macro_yield_curve_slope,0.014008
LMT,21,76,macro_hy_spread,0.023328
LMT,21,76,macro_hy_spread_chg_5d,0.007557
LMT,21,76,macro_breakeven_5y,0.021437
LMT,21,76,macro_inflation_fwd_5y5y,0.011401
LMT,21,76,macro_inflation_fwd_chg_21d,0.010258
LMT,21,76,macro_inflation_fwd_abs_chg_21d,0.008227
LMT,21,76,macro_inflation_fwd_chg_63d,0.013327
LMT,21,76,macro_inflation_fwd_zscore,0.008114
LMT,21,76,macro_dollar_ret,0.0
LMT,21,76,beta_spy,0.012844
LMT,21,76,res_vol,0.03452
LMT,21,76,res_vol_vel,0.008196
LMT,21,76,price_regime,0.013366
LMT,21,76,corr_sector_21d,0.013097
LMT,21,76,corr_sector_252d,0.065962
LMT,21,76,sector_wedge,0.023896
LMT,21,77,rv_5d,0.150832
LMT,21,77,rv_10d,0.007104
LMT,21,77,rv_21d,0.040993
LMT,21,77,rv_63d,0.027036
LMT,21,77,rv_126d,0.024374
LMT,21,77,ewma_vol,0.026206
LMT,21,77,garch_cond_vol,0.018388
LMT,21,77,ret_TARGET,0.0
LMT,21,77,tech_RSI,0.007585
LMT,21,77,tech_MACD_hist,0.00878
LMT,21,77,ret_VIXY,0.0
LMT,21,77,mom21_VIXY,0.029386
LMT,21,77,ret_HYG,0.0
LMT,21,77,mom21_HYG,0.006587
LMT,21,77,ret_USO,0.0
LMT,21,77,mom21_USO,0.034696
LMT,21,77,ret_TLT,0.0
LMT,21,77,mom21_TLT,0.012072
LMT,21,77,ret_UUP,0.0
LMT,21,77,mom21_UUP,0.009934
LMT,21,77,ret_SPY,0.0
LMT,21,77,mom21_SPY,0.0204
LMT,21,77,vol_vel,0.005913
LMT,21,77,vol_of_vol,0.015079
LMT,21,77,vol_regime_zscore,0.006747
LMT,21,77,vol_chg_21d,0.006327
LMT,21,77,event_fed_gravity,0.013823
LMT,21,77,event_earn_gravity,0.0
LMT,21,77,event_div_gravity,0.0
LMT,21,77,event_cpi_gravity,0.023172
LMT,21,77,event_nfp_gravity,0.019125
LMT,21,77,put_call_skew_30d,0.005413
LMT,21,77,term_structure_slope,0.05727
LMT,21,77,vrp_wedge,0.008731
LMT,21,77,iv_atm_z_score,0.074979
LMT,21,77,macro_yield_curve_slope,0.016831
LMT,21,77,macro_hy_spread,0.023599
LMT,21,77,macro_hy_spread_chg_5d,0.013782
LMT,21,77,macro_breakeven_5y,0.027351
LMT,21,77,macro_inflation_fwd_5y5y,0.009265
LMT,21,77,macro_inflation_fwd_chg_21d,0.011829
LMT,21,77,macro_inflation_fwd_abs_chg_21d,0.012198
LMT,21,77,macro_inflation_fwd_chg_63d,0.014463
LMT,21,77,macro_inflation_fwd_zscore,0.013499
LMT,21,77,macro_dollar_ret,0.0
LMT,21,77,beta_spy,0.008947
LMT,21,77,res_vol,0.050205
LMT,21,77,res_vol_vel,0.007537
LMT,21,77,price_regime,0.010234
LMT,21,77,corr_sector_21d,0.005857
LMT,21,77,corr_sector_252d,0.067657
LMT,21,77,sector_wedge,0.045799
LMT,21,78,rv_5d,0.066334
LMT,21,78,rv_10d,0.084037
LMT,21,78,rv_21d,0.043433
LMT,21,78,rv_63d,0.015635
LMT,21,78,rv_126d,0.012752
LMT,21,78,ewma_vol,0.097319
LMT,21,78,garch_cond_vol,0.0
LMT,21,78,ret_TARGET,0.0
LMT,21,78,tech_RSI,0.003704
LMT,21,78,tech_MACD_hist,0.037087
LMT,21,78,ret_VIXY,0.0
LMT,21,78,mom21_VIXY,0.034633
LMT,21,78,ret_HYG,0.0
LMT,21,78,mom21_HYG,0.005687
LMT,21,78,ret_USO,0.0
LMT,21,78,mom21_USO,0.028756
LMT,21,78,ret_TLT,0.0
LMT,21,78,mom21_TLT,0.015435
LMT,21,78,ret_UUP,0.0
LMT,21,78,mom21_UUP,0.007727
LMT,21,78,ret_SPY,0.002519
LMT,21,78,mom21_SPY,0.065965
LMT,21,78,vol_vel,0.015317
LMT,21,78,vol_of_vol,0.007764
LMT,21,78,vol_regime_zscore,0.01017
LMT,21,78,vol_chg_21d,0.006362
LMT,21,78,event_fed_gravity,0.008728
LMT,21,78,event_earn_gravity,0.0
LMT,21,78,event_div_gravity,0.0
LMT,21,78,event_cpi_gravity,0.013006
LMT,21,78,event_nfp_gravity,0.015907
LMT,21,78,put_call_skew_30d,0.033917
LMT,21,78,term_structure_slope,0.044728
LMT,21,78,vrp_wedge,0.005539
LMT,21,78,iv_atm_z_score,0.05602
LMT,21,78,macro_yield_curve_slope,0.013487
LMT,21,78,macro_hy_spread,0.017079
LMT,21,78,macro_hy_spread_chg_5d,0.0
LMT,21,78,macro_breakeven_5y,0.021107
LMT,21,78,macro_inflation_fwd_5y5y,0.027771
LMT,21,78,macro_inflation_fwd_chg_21d,0.00871
LMT,21,78,macro_inflation_fwd_abs_chg_21d,0.010753
LMT,21,78,macro_inflation_fwd_chg_63d,0.011766
LMT,21,78,macro_inflation_fwd_zscore,0.010508
LMT,21,78,macro_dollar_ret,0.0
LMT,21,78,beta_spy,0.009634
LMT,21,78,res_vol,0.039154
LMT,21,78,res_vol_vel,0.004898
LMT,21,78,price_regime,0.005992
LMT,21,78,corr_sector_21d,0.004178
LMT,21,78,corr_sector_252d,0.043877
LMT,21,78,sector_wedge,0.032604
LMT,21,79,rv_5d,0.112403
LMT,21,79,rv_10d,0.09365
LMT,21,79,rv_21d,0.028911
LMT,21,79,rv_63d,0.011904
LMT,21,79,rv_126d,0.00707
LMT,21,79,ewma_vol,0.09713
LMT,21,79,garch_cond_vol,0.182879
LMT,21,79,ret_TARGET,0.0
LMT,21,79,tech_RSI,0.00523
LMT,21,79,tech_MACD_hist,0.031779
LMT,21,79,ret_VIXY,0.0
LMT,21,79,mom21_VIXY,0.020839
LMT,21,79,ret_HYG,0.0
LMT,21,79,mom21_HYG,0.003379
LMT,21,79,ret_USO,0.0
LMT,21,79,mom21_USO,0.02245
LMT,21,79,ret_TLT,0.0
LMT,21,79,mom21_TLT,0.007737
LMT,21,79,ret_UUP,0.0
LMT,21,79,mom21_UUP,0.006244
LMT,21,79,ret_SPY,0.003285
LMT,21,79,mom21_SPY,0.004195
LMT,21,79,vol_vel,0.009723
LMT,21,79,vol_of_vol,0.007973
LMT,21,79,vol_regime_zscore,0.00447
LMT,21,79,vol_chg_21d,0.004345
LMT,21,79,event_fed_gravity,0.007036
LMT,21,79,event_earn_gravity,0.0
LMT,21,79,event_div_gravity,0.0
LMT,21,79,event_cpi_gravity,0.010421
LMT,21,79,event_nfp_gravity,0.01057
LMT,21,79,put_call_skew_30d,0.031073
LMT,21,79,term_structure_slope,0.039543
LMT,21,79,vrp_wedge,0.00558
LMT,21,79,iv_atm_z_score,0.030789
LMT,21,79,macro_yield_curve_slope,0.011358
LMT,21,79,macro_hy_spread,0.012618
LMT,21,79,macro_hy_spread_chg_5d,0.006534
LMT,21,79,macro_breakeven_5y,0.010529
LMT,21,79,macro_inflation_fwd_5y5y,0.020784
LMT,21,79,macro_inflation_fwd_chg_21d,0.008837
LMT,21,79,macro_inflation_fwd_abs_chg_21d,0.008512
LMT,21,79,macro_inflation_fwd_chg_63d,0.005405
LMT,21,79,macro_inflation_fwd_zscore,0.00852
LMT,21,79,macro_dollar_ret,0.0
LMT,21,79,beta_spy,0.007278
LMT,21,79,res_vol,0.024465
LMT,21,79,res_vol_vel,0.003878
LMT,21,79,price_regime,0.004771
LMT,21,79,corr_sector_21d,0.007957
LMT,21,79,corr_sector_252d,0.033949
LMT,21,79,sector_wedge,0.023995
LMT,21,80,rv_5d,0.150649
LMT,21,80,rv_10d,0.083613
LMT,21,80,rv_21d,0.03153
LMT,21,80,rv_63d,0.01384
LMT,21,80,rv_126d,0.008515
LMT,21,80,ewma_vol,0.09843
LMT,21,80,garch_cond_vol,0.139517
LMT,21,80,ret_TARGET,0.0
LMT,21,80,tech_RSI,0.003956
LMT,21,80,tech_MACD_hist,0.034031
LMT,21,80,ret_VIXY,0.0
LMT,21,80,mom21_VIXY,0.013566
LMT,21,80,ret_HYG,0.0
LMT,21,80,mom21_HYG,0.003727
LMT,21,80,ret_USO,0.0
LMT,21,80,mom21_USO,0.030452
LMT,21,80,ret_TLT,0.0
LMT,21,80,mom21_TLT,0.012253
LMT,21,80,ret_UUP,0.0
LMT,21,80,mom21_UUP,0.006063
LMT,21,80,ret_SPY,0.002312
LMT,21,80,mom21_SPY,0.009923
LMT,21,80,vol_vel,0.007493
LMT,21,80,vol_of_vol,0.007642
LMT,21,80,vol_regime_zscore,0.004609
LMT,21,80,vol_chg_21d,0.006088
LMT,21,80,event_fed_gravity,0.00715
LMT,21,80,event_earn_gravity,0.0
LMT,21,80,event_div_gravity,0.0
LMT,21,80,event_cpi_gravity,0.01522
LMT,21,80,event_nfp_gravity,0.004554
LMT,21,80,put_call_skew_30d,0.030169
LMT,21,80,term_structure_slope,0.040989
LMT,21,80,vrp_wedge,0.006019
LMT,21,80,iv_atm_z_score,0.033264
LMT,21,80,macro_yield_curve_slope,0.010665
LMT,21,80,macro_hy_spread,0.013345
LMT,21,80,macro_hy_spread_chg_5d,0.0
LMT,21,80,macro_breakeven_5y,0.010059
LMT,21,80,macro_inflation_fwd_5y5y,0.01802
LMT,21,80,macro_inflation_fwd_chg_21d,0.004333
LMT,21,80,macro_inflation_fwd_abs_chg_21d,0.011406
LMT,21,80,macro_inflation_fwd_chg_63d,0.007293
LMT,21,80,macro_inflation_fwd_zscore,0.008424
LMT,21,80,macro_dollar_ret,0.0
LMT,21,80,beta_spy,0.008385
LMT,21,80,res_vol,0.022324
LMT,21,80,res_vol_vel,0.003635
LMT,21,80,price_regime,0.005717
LMT,21,80,corr_sector_21d,0.006874
LMT,21,80,corr_sector_252d,0.041512
LMT,21,80,sector_wedge,0.022435
LMT,21,81,rv_5d,0.088413
LMT,21,81,rv_10d,0.02232
LMT,21,81,rv_21d,0.061688
LMT,21,81,rv_63d,0.016359
LMT,21,81,rv_126d,0.009509
LMT,21,81,ewma_vol,0.146739
LMT,21,81,garch_cond_vol,0.103656
LMT,21,81,ret_TARGET,0.0
LMT,21,81,tech_RSI,0.003906
LMT,21,81,tech_MACD_hist,0.036045
LMT,21,81,ret_VIXY,0.0
LMT,21,81,mom21_VIXY,0.031473
LMT,21,81,ret_HYG,0.0
LMT,21,81,mom21_HYG,0.003894
LMT,21,81,ret_USO,0.0
LMT,21,81,mom21_USO,0.035319
LMT,21,81,ret_TLT,0.0
LMT,21,81,mom21_TLT,0.010747
LMT,21,81,ret_UUP,0.0
LMT,21,81,mom21_UUP,0.008194
LMT,21,81,ret_SPY,0.002526
LMT,21,81,mom21_SPY,0.018745
LMT,21,81,vol_vel,0.008159
LMT,21,81,vol_of_vol,0.008063
LMT,21,81,vol_regime_zscore,0.008183
LMT,21,81,vol_chg_21d,0.00591
LMT,21,81,event_fed_gravity,0.007134
LMT,21,81,event_earn_gravity,0.0
LMT,21,81,event_div_gravity,0.0
LMT,21,81,event_cpi_gravity,0.019791
LMT,21,81,event_nfp_gravity,0.003712
LMT,21,81,put_call_skew_30d,0.033587
LMT,21,81,term_structure_slope,0.039682
LMT,21,81,vrp_wedge,0.005084
LMT,21,81,iv_atm_z_score,0.045991
LMT,21,81,macro_yield_curve_slope,0.015526
LMT,21,81,macro_hy_spread,0.014414
LMT,21,81,macro_hy_spread_chg_5d,0.016386
LMT,21,81,macro_breakeven_5y,0.011195
LMT,21,81,macro_inflation_fwd_5y5y,0.014612
LMT,21,81,macro_inflation_fwd_chg_21d,0.003869
LMT,21,81,macro_inflation_fwd_abs_chg_21d,0.011545
LMT,21,81,macro_inflation_fwd_chg_63d,0.005591
LMT,21,81,macro_inflation_fwd_zscore,0.00842
LMT,21,81,macro_dollar_ret,0.0
LMT,21,81,beta_spy,0.007524
LMT,21,81,res_vol,0.028593
LMT,21,81,res_vol_vel,0.00453
LMT,21,81,price_regime,0.006624
LMT,21,81,corr_sector_21d,0.0076
LMT,21,81,corr_sector_252d,0.043539
LMT,21,81,sector_wedge,0.015203
LMT,21,82,rv_5d,0.0945
LMT,21,82,rv_10d,0.030782
LMT,21,82,rv_21d,0.071678
LMT,21,82,rv_63d,0.015672
LMT,21,82,rv_126d,0.008897
LMT,21,82,ewma_vol,0.164971
LMT,21,82,garch_cond_vol,0.122024
LMT,21,82,ret_TARGET,0.0
LMT,21,82,tech_RSI,0.003568
LMT,21,82,tech_MACD_hist,0.03262
LMT,21,82,ret_VIXY,0.0
LMT,21,82,mom21_VIXY,0.025209
LMT,21,82,ret_HYG,0.0
LMT,21,82,mom21_HYG,0.002861
LMT,21,82,ret_USO,0.0
LMT,21,82,mom21_USO,0.033252
LMT,21,82,ret_TLT,0.0
LMT,21,82,mom21_TLT,0.007964
LMT,21,82,ret_UUP,0.0
LMT,21,82,mom21_UUP,0.006026
LMT,21,82,ret_SPY,0.002216
LMT,21,82,mom21_SPY,0.019204
LMT,21,82,vol_vel,0.013102
LMT,21,82,vol_of_vol,0.00753
LMT,21,82,vol_regime_zscore,0.005492
LMT,21,82,vol_chg_21d,0.005959
LMT,21,82,event_fed_gravity,0.004753
LMT,21,82,event_earn_gravity,0.0
LMT,21,82,event_div_gravity,0.0
LMT,21,82,event_cpi_gravity,0.01384
LMT,21,82,event_nfp_gravity,0.006445
LMT,21,82,put_call_skew_30d,0.019978
LMT,21,82,term_structure_slope,0.033293
LMT,21,82,vrp_wedge,0.004719
LMT,21,82,iv_atm_z_score,0.039098
LMT,21,82,macro_yield_curve_slope,0.012888
LMT,21,82,macro_hy_spread,0.013172
LMT,21,82,macro_hy_spread_chg_5d,0.021446
LMT,21,82,macro_breakeven_5y,0.0102
LMT,21,82,macro_inflation_fwd_5y5y,0.013121
LMT,21,82,macro_inflation_fwd_chg_21d,0.009123
LMT,21,82,macro_inflation_fwd_abs_chg_21d,0.010879
LMT,21,82,macro_inflation_fwd_chg_63d,0.006146
LMT,21,82,macro_inflation_fwd_zscore,0.007086
LMT,21,82,macro_dollar_ret,0.0
LMT,21,82,beta_spy,0.009028
LMT,21,82,res_vol,0.023491
LMT,21,82,res_vol_vel,0.004099
LMT,21,82,price_regime,0.005162
LMT,21,82,corr_sector_21d,0.003846
LMT,21,82,corr_sector_252d,0.038304
LMT,21,82,sector_wedge,0.016358
LMT,21,83,rv_5d,0.08278
LMT,21,83,rv_10d,0.037084
LMT,21,83,rv_21d,0.05184
LMT,21,83,rv_63d,0.016959
LMT,21,83,rv_126d,0.008577
LMT,21,83,ewma_vol,0.141846
LMT,21,83,garch_cond_vol,0.126248
LMT,21,83,ret_TARGET,0.002804
LMT,21,83,tech_RSI,0.003268
LMT,21,83,tech_MACD_hist,0.027734
LMT,21,83,ret_VIXY,0.0
LMT,21,83,mom21_VIXY,0.029896
LMT,21,83,ret_HYG,0.0
LMT,21,83,mom21_HYG,0.009925
LMT,21,83,ret_USO,0.0
LMT,21,83,mom21_USO,0.037016
LMT,21,83,ret_TLT,0.0
LMT,21,83,mom21_TLT,0.007985
LMT,21,83,ret_UUP,0.0
LMT,21,83,mom21_UUP,0.00691
LMT,21,83,ret_SPY,0.002736
LMT,21,83,mom21_SPY,0.008085
LMT,21,83,vol_vel,0.010876
LMT,21,83,vol_of_vol,0.007516
LMT,21,83,vol_regime_zscore,0.004504
LMT,21,83,vol_chg_21d,0.005251
LMT,21,83,event_fed_gravity,0.007875
LMT,21,83,event_earn_gravity,0.0
LMT,21,83,event_div_gravity,0.0
LMT,21,83,event_cpi_gravity,0.018846
LMT,21,83,event_nfp_gravity,0.005993
LMT,21,83,put_call_skew_30d,0.026536
LMT,21,83,term_structure_slope,0.036709
LMT,21,83,vrp_wedge,0.005347
LMT,21,83,iv_atm_z_score,0.038726
LMT,21,83,macro_yield_curve_slope,0.014445
LMT,21,83,macro_hy_spread,0.013171
LMT,21,83,macro_hy_spread_chg_5d,0.027293
LMT,21,83,macro_breakeven_5y,0.012366
LMT,21,83,macro_inflation_fwd_5y5y,0.013034
LMT,21,83,macro_inflation_fwd_chg_21d,0.010173
LMT,21,83,macro_inflation_fwd_abs_chg_21d,0.010667
LMT,21,83,macro_inflation_fwd_chg_63d,0.009637
LMT,21,83,macro_inflation_fwd_zscore,0.007291
LMT,21,83,macro_dollar_ret,0.0
LMT,21,83,beta_spy,0.007758
LMT,21,83,res_vol,0.025186
LMT,21,83,res_vol_vel,0.004894
LMT,21,83,price_regime,0.007269
LMT,21,83,corr_sector_21d,0.005172
LMT,21,83,corr_sector_252d,0.040992
LMT,21,83,sector_wedge,0.020778
LMT,21,84,rv_5d,0.144478
LMT,21,84,rv_10d,0.023025
LMT,21,84,rv_21d,0.024477
LMT,21,84,rv_63d,0.025754
LMT,21,84,rv_126d,0.010394
LMT,21,84,ewma_vol,0.180195
LMT,21,84,garch_cond_vol,0.097289
LMT,21,84,ret_TARGET,0.0
LMT,21,84,tech_RSI,0.003507
LMT,21,84,tech_MACD_hist,0.0326
LMT,21,84,ret_VIXY,0.0
LMT,21,84,mom21_VIXY,0.026785
LMT,21,84,ret_HYG,0.0
LMT,21,84,mom21_HYG,0.003612
LMT,21,84,ret_USO,0.0
LMT,21,84,mom21_USO,0.025901
LMT,21,84,ret_TLT,0.0
LMT,21,84,mom21_TLT,0.010015
LMT,21,84,ret_UUP,0.0
LMT,21,84,mom21_UUP,0.004429
LMT,21,84,ret_SPY,0.002916
LMT,21,84,mom21_SPY,0.007207
LMT,21,84,vol_vel,0.019415
LMT,21,84,vol_of_vol,0.005281
LMT,21,84,vol_regime_zscore,0.012427
LMT,21,84,vol_chg_21d,0.005325
LMT,21,84,event_fed_gravity,0.00893
LMT,21,84,event_earn_gravity,0.0
LMT,21,84,event_div_gravity,0.0
LMT,21,84,event_cpi_gravity,0.015148
LMT,21,84,event_nfp_gravity,0.009081
LMT,21,84,put_call_skew_30d,0.02296
LMT,21,84,term_structure_slope,0.023552
LMT,21,84,vrp_wedge,0.006387
LMT,21,84,iv_atm_z_score,0.042621
LMT,21,84,macro_yield_curve_slope,0.015221
LMT,21,84,macro_hy_spread,0.014069
LMT,21,84,macro_hy_spread_chg_5d,0.016915
LMT,21,84,macro_breakeven_5y,0.013182
LMT,21,84,macro_inflation_fwd_5y5y,0.011541
LMT,21,84,macro_inflation_fwd_chg_21d,0.006485
LMT,21,84,macro_inflation_fwd_abs_chg_21d,0.011949
LMT,21,84,macro_inflation_fwd_chg_63d,0.008617
LMT,21,84,macro_inflation_fwd_zscore,0.007594
LMT,21,84,macro_dollar_ret,0.002206
LMT,21,84,beta_spy,0.007062
LMT,21,84,res_vol,0.026958
LMT,21,84,res_vol_vel,0.003303
LMT,21,84,price_regime,0.007445
LMT,21,84,corr_sector_21d,0.005003
LMT,21,84,corr_sector_252d,0.038513
LMT,21,84,sector_wedge,0.010229
LMT,21,85,rv_5d,0.089527
LMT,21,85,rv_10d,0.018694
LMT,21,85,rv_21d,0.026116
LMT,21,85,rv_63d,0.020984
LMT,21,85,rv_126d,0.008652
LMT,21,85,ewma_vol,0.111376
LMT,21,85,garch_cond_vol,0.353275
LMT,21,85,ret_TARGET,0.0
LMT,21,85,tech_RSI,0.004096
LMT,21,85,tech_MACD_hist,0.024827
LMT,21,85,ret_VIXY,0.0
LMT,21,85,mom21_VIXY,0.021334
LMT,21,85,ret_HYG,0.0
LMT,21,85,mom21_HYG,0.002316
LMT,21,85,ret_USO,0.0
LMT,21,85,mom21_USO,0.02202
LMT,21,85,ret_TLT,0.0
LMT,21,85,mom21_TLT,0.00733
LMT,21,85,ret_UUP,0.0
LMT,21,85,mom21_UUP,0.005116
LMT,21,85,ret_SPY,0.003257
LMT,21,85,mom21_SPY,0.007133
LMT,21,85,vol_vel,0.007758
LMT,21,85,vol_of_vol,0.005537
LMT,21,85,vol_regime_zscore,0.009088
LMT,21,85,vol_chg_21d,0.003681
LMT,21,85,event_fed_gravity,0.005833
LMT,21,85,event_earn_gravity,0.0
LMT,21,85,event_div_gravity,0.0
LMT,21,85,event_cpi_gravity,0.013879
LMT,21,85,event_nfp_gravity,0.006156
LMT,21,85,put_call_skew_30d,0.017203
LMT,21,85,term_structure_slope,0.020652
LMT,21,85,vrp_wedge,0.003836
LMT,21,85,iv_atm_z_score,0.028591
LMT,21,85,macro_yield_curve_slope,0.011719
LMT,21,85,macro_hy_spread,0.010223
LMT,21,85,macro_hy_spread_chg_5d,0.010156
LMT,21,85,macro_breakeven_5y,0.008208
LMT,21,85,macro_inflation_fwd_5y5y,0.007834
LMT,21,85,macro_inflation_fwd_chg_21d,0.004745
LMT,21,85,macro_inflation_fwd_abs_chg_21d,0.009508
LMT,21,85,macro_inflation_fwd_chg_63d,0.005784
LMT,21,85,macro_inflation_fwd_zscore,0.005615
LMT,21,85,macro_dollar_ret,0.001713
LMT,21,85,beta_spy,0.005534
LMT,21,85,res_vol,0.020266
LMT,21,85,res_vol_vel,0.002849
LMT,21,85,price_regime,0.004841
LMT,21,85,corr_sector_21d,0.005692
LMT,21,85,corr_sector_252d,0.02704
LMT,21,85,sector_wedge,0.010006
LMT,21,86,rv_5d,0.092957
LMT,21,86,rv_10d,0.022803
LMT,21,86,rv_21d,0.036493
LMT,21,86,rv_63d,0.022969
LMT,21,86,rv_126d,0.010366
LMT,21,86,ewma_vol,0.163709
LMT,21,86,garch_cond_vol,0.206457
LMT,21,86,ret_TARGET,0.0
LMT,21,86,tech_RSI,0.00331
LMT,21,86,tech_MACD_hist,0.031253
LMT,21,86,ret_VIXY,0.0
LMT,21,86,mom21_VIXY,0.028791
LMT,21,86,ret_HYG,0.0
LMT,21,86,mom21_HYG,0.002671
LMT,21,86,ret_USO,0.0
LMT,21,86,mom21_USO,0.023295
LMT,21,86,ret_TLT,0.0
LMT,21,86,mom21_TLT,0.006541
LMT,21,86,ret_UUP,0.001948
LMT,21,86,mom21_UUP,0.004344
LMT,21,86,ret_SPY,0.003951
LMT,21,86,mom21_SPY,0.031865
LMT,21,86,vol_vel,0.006314
LMT,21,86,vol_of_vol,0.006681
LMT,21,86,vol_regime_zscore,0.012247
LMT,21,86,vol_chg_21d,0.004323
LMT,21,86,event_fed_gravity,0.005556
LMT,21,86,event_earn_gravity,0.0
LMT,21,86,event_div_gravity,0.0
LMT,21,86,event_cpi_gravity,0.014079
LMT,21,86,event_nfp_gravity,0.007437
LMT,21,86,put_call_skew_30d,0.009658
LMT,21,86,term_structure_slope,0.02559
LMT,21,86,vrp_wedge,0.005873
LMT,21,86,iv_atm_z_score,0.03288
LMT,21,86,macro_yield_curve_slope,0.014095
LMT,21,86,macro_hy_spread,0.011691
LMT,21,86,macro_hy_spread_chg_5d,0.014494
LMT,21,86,macro_breakeven_5y,0.01068
LMT,21,86,macro_inflation_fwd_5y5y,0.010901
LMT,21,86,macro_inflation_fwd_chg_21d,0.00687
LMT,21,86,macro_inflation_fwd_abs_chg_21d,0.011093
LMT,21,86,macro_inflation_fwd_chg_63d,0.008525
LMT,21,86,macro_inflation_fwd_zscore,0.006298
LMT,21,86,macro_dollar_ret,0.0
LMT,21,86,beta_spy,0.006548
LMT,21,86,res_vol,0.021591
LMT,21,86,res_vol_vel,0.003641
LMT,21,86,price_regime,0.005402
LMT,21,86,corr_sector_21d,0.004212
LMT,21,86,corr_sector_252d,0.030653
LMT,21,86,sector_wedge,0.008946
LMT,21,87,rv_5d,0.094576
LMT,21,87,rv_10d,0.016519
LMT,21,87,rv_21d,0.044054
LMT,21,87,rv_63d,0.024671
LMT,21,87,rv_126d,0.009417
LMT,21,87,ewma_vol,0.113421
LMT,21,87,garch_cond_vol,0.221228
LMT,21,87,ret_TARGET,0.0
LMT,21,87,tech_RSI,0.003775
LMT,21,87,tech_MACD_hist,0.036677
LMT,21,87,ret_VIXY,0.003315
LMT,21,87,mom21_VIXY,0.02941
LMT,21,87,ret_HYG,0.0
LMT,21,87,mom21_HYG,0.003324
LMT,21,87,ret_USO,0.0
LMT,21,87,mom21_USO,0.024063
LMT,21,87,ret_TLT,0.0
LMT,21,87,mom21_TLT,0.008094
LMT,21,87,ret_UUP,0.0
LMT,21,87,mom21_UUP,0.005826
LMT,21,87,ret_SPY,0.003781
LMT,21,87,mom21_SPY,0.036374
LMT,21,87,vol_vel,0.006848
LMT,21,87,vol_of_vol,0.005675
LMT,21,87,vol_regime_zscore,0.011954
LMT,21,87,vol_chg_21d,0.004441
LMT,21,87,event_fed_gravity,0.008349
LMT,21,87,event_earn_gravity,0.0
LMT,21,87,event_div_gravity,0.0
LMT,21,87,event_cpi_gravity,0.010685
LMT,21,87,event_nfp_gravity,0.006445
LMT,21,87,put_call_skew_30d,0.011388
LMT,21,87,term_structure_slope,0.02552
LMT,21,87,vrp_wedge,0.006305
LMT,21,87,iv_atm_z_score,0.031725
LMT,21,87,macro_yield_curve_slope,0.013059
LMT,21,87,macro_hy_spread,0.01316
LMT,21,87,macro_hy_spread_chg_5d,0.017597
LMT,21,87,macro_breakeven_5y,0.013284
LMT,21,87,macro_inflation_fwd_5y5y,0.010455
LMT,21,87,macro_inflation_fwd_chg_21d,0.007578
LMT,21,87,macro_inflation_fwd_abs_chg_21d,0.012646
LMT,21,87,macro_inflation_fwd_chg_63d,0.008268
LMT,21,87,macro_inflation_fwd_zscore,0.007063
LMT,21,87,macro_dollar_ret,0.001923
LMT,21,87,beta_spy,0.007738
LMT,21,87,res_vol,0.021687
LMT,21,87,res_vol_vel,0.004123
LMT,21,87,price_regime,0.005352
LMT,21,87,corr_sector_21d,0.005277
LMT,21,87,corr_sector_252d,0.03336
LMT,21,87,sector_wedge,0.00957
LMT,21,88,rv_5d,0.11782
LMT,21,88,rv_10d,0.018993
LMT,21,88,rv_21d,0.02391
LMT,21,88,rv_63d,0.027458
LMT,21,88,rv_126d,0.010479
LMT,21,88,ewma_vol,0.116865
LMT,21,88,garch_cond_vol,0.219847
LMT,21,88,ret_TARGET,0.00247
LMT,21,88,tech_RSI,0.003447
LMT,21,88,tech_MACD_hist,0.032645
LMT,21,88,ret_VIXY,0.0
LMT,21,88,mom21_VIXY,0.025255
LMT,21,88,ret_HYG,0.0
LMT,21,88,mom21_HYG,0.004741
LMT,21,88,ret_USO,0.0
LMT,21,88,mom21_USO,0.02553
LMT,21,88,ret_TLT,0.0
LMT,21,88,mom21_TLT,0.006086
LMT,21,88,ret_UUP,0.0
LMT,21,88,mom21_UUP,0.004916
LMT,21,88,ret_SPY,0.003015
LMT,21,88,mom21_SPY,0.026038
LMT,21,88,vol_vel,0.006946
LMT,21,88,vol_of_vol,0.006399
LMT,21,88,vol_regime_zscore,0.015382
LMT,21,88,vol_chg_21d,0.004753
LMT,21,88,event_fed_gravity,0.008105
LMT,21,88,event_earn_gravity,0.0
LMT,21,88,event_div_gravity,0.0
LMT,21,88,event_cpi_gravity,0.015879
LMT,21,88,event_nfp_gravity,0.00582
LMT,21,88,put_call_skew_30d,0.012036
LMT,21,88,term_structure_slope,0.028638
LMT,21,88,vrp_wedge,0.007563
LMT,21,88,iv_atm_z_score,0.032143
LMT,21,88,macro_yield_curve_slope,0.013826
LMT,21,88,macro_hy_spread,0.014017
LMT,21,88,macro_hy_spread_chg_5d,0.018333
LMT,21,88,macro_breakeven_5y,0.009927
LMT,21,88,macro_inflation_fwd_5y5y,0.011972
LMT,21,88,macro_inflation_fwd_chg_21d,0.005922
LMT,21,88,macro_inflation_fwd_abs_chg_21d,0.012964
LMT,21,88,macro_inflation_fwd_chg_63d,0.007678
LMT,21,88,macro_inflation_fwd_zscore,0.007239
LMT,21,88,macro_dollar_ret,0.001889
LMT,21,88,beta_spy,0.007702
LMT,21,88,res_vol,0.024981
LMT,21,88,res_vol_vel,0.003298
LMT,21,88,price_regime,0.006289
LMT,21,88,corr_sector_21d,0.004278
LMT,21,88,corr_sector_252d,0.030187
LMT,21,88,sector_wedge,0.006318
LMT,21,89,rv_5d,0.128341
LMT,21,89,rv_10d,0.104107
LMT,21,89,rv_21d,0.026438
LMT,21,89,rv_63d,0.031264
LMT,21,89,rv_126d,0.010259
LMT,21,89,ewma_vol,0.199804
LMT,21,89,garch_cond_vol,0.005446
LMT,21,89,ret_TARGET,0.0
LMT,21,89,tech_RSI,0.003922
LMT,21,89,tech_MACD_hist,0.036589
LMT,21,89,ret_VIXY,0.0
LMT,21,89,mom21_VIXY,0.027645
LMT,21,89,ret_HYG,0.0
LMT,21,89,mom21_HYG,0.003283
LMT,21,89,ret_USO,0.0
LMT,21,89,mom21_USO,0.027925
LMT,21,89,ret_TLT,0.002723
LMT,21,89,mom21_TLT,0.014262
LMT,21,89,ret_UUP,0.0
LMT,21,89,mom21_UUP,0.004894
LMT,21,89,ret_SPY,0.002272
LMT,21,89,mom21_SPY,0.008066
LMT,21,89,vol_vel,0.0072
LMT,21,89,vol_of_vol,0.005278
LMT,21,89,vol_regime_zscore,0.019289
LMT,21,89,vol_chg_21d,0.005475
LMT,21,89,event_fed_gravity,0.009725
LMT,21,89,event_earn_gravity,0.0
LMT,21,89,event_div_gravity,0.0
LMT,21,89,event_cpi_gravity,0.016941
LMT,21,89,event_nfp_gravity,0.005341
LMT,21,89,put_call_skew_30d,0.020584
LMT,21,89,term_structure_slope,0.030294
LMT,21,89,vrp_wedge,0.007856
LMT,21,89,iv_atm_z_score,0.03829
LMT,21,89,macro_yield_curve_slope,0.016991
LMT,21,89,macro_hy_spread,0.014615
LMT,21,89,macro_hy_spread_chg_5d,0.010305
LMT,21,89,macro_breakeven_5y,0.012378
LMT,21,89,macro_inflation_fwd_5y5y,0.010883
LMT,21,89,macro_inflation_fwd_chg_21d,0.004542
LMT,21,89,macro_inflation_fwd_abs_chg_21d,0.014263
LMT,21,89,macro_inflation_fwd_chg_63d,0.005942
LMT,21,89,macro_inflation_fwd_zscore,0.008458
LMT,21,89,macro_dollar_ret,0.0
LMT,21,89,beta_spy,0.007632
LMT,21,89,res_vol,0.026467
LMT,21,89,res_vol_vel,0.003532
LMT,21,89,price_regime,0.007261
LMT,21,89,corr_sector_21d,0.011262
LMT,21,89,corr_sector_252d,0.032563
LMT,21,89,sector_wedge,0.009393
LMT,21,90,rv_5d,0.182684
LMT,21,90,rv_10d,0.103246
LMT,21,90,rv_21d,0.037827
LMT,21,90,rv_63d,0.034391
LMT,21,90,rv_126d,0.012067
LMT,21,90,ewma_vol,0.132842
LMT,21,90,garch_cond_vol,0.007171
LMT,21,90,ret_TARGET,0.0
LMT,21,90,tech_RSI,0.004313
LMT,21,90,tech_MACD_hist,0.037527
LMT,21,90,ret_VIXY,0.0
LMT,21,90,mom21_VIXY,0.039647
LMT,21,90,ret_HYG,0.0
LMT,21,90,mom21_HYG,0.003937
LMT,21,90,ret_USO,0.0
LMT,21,90,mom21_USO,0.026078
LMT,21,90,ret_TLT,0.0
LMT,21,90,mom21_TLT,0.01576
LMT,21,90,ret_UUP,0.0
LMT,21,90,mom21_UUP,0.004754
LMT,21,90,ret_SPY,0.002438
LMT,21,90,mom21_SPY,0.00899
LMT,21,90,vol_vel,0.006465
LMT,21,90,vol_of_vol,0.004502
LMT,21,90,vol_regime_zscore,0.018424
LMT,21,90,vol_chg_21d,0.004835
LMT,21,90,event_fed_gravity,0.008817
LMT,21,90,event_earn_gravity,0.0
LMT,21,90,event_div_gravity,0.0
LMT,21,90,event_cpi_gravity,0.017586
LMT,21,90,event_nfp_gravity,0.007204
LMT,21,90,put_call_skew_30d,0.012928
LMT,21,90,term_structure_slope,0.032702
LMT,21,90,vrp_wedge,0.007972
LMT,21,90,iv_atm_z_score,0.034501
LMT,21,90,macro_yield_curve_slope,0.015936
LMT,21,90,macro_hy_spread,0.013379
LMT,21,90,macro_hy_spread_chg_5d,0.014901
LMT,21,90,macro_breakeven_5y,0.010664
LMT,21,90,macro_inflation_fwd_5y5y,0.010545
LMT,21,90,macro_inflation_fwd_chg_21d,0.006489
LMT,21,90,macro_inflation_fwd_abs_chg_21d,0.015539
LMT,21,90,macro_inflation_fwd_chg_63d,0.007354
LMT,21,90,macro_inflation_fwd_zscore,0.008828
LMT,21,90,macro_dollar_ret,0.0
LMT,21,90,beta_spy,0.005997
LMT,21,90,res_vol,0.025407
LMT,21,90,res_vol_vel,0.003414
LMT,21,90,price_regime,0.007575
LMT,21,90,corr_sector_21d,0.004272
LMT,21,90,corr_sector_252d,0.031593
LMT,21,90,sector_wedge,0.008498
LMT,21,91,rv_5d,0.143721
LMT,21,91,rv_10d,0.168386
LMT,21,91,rv_21d,0.039526
LMT,21,91,rv_63d,0.033766
LMT,21,91,rv_126d,0.009544
LMT,21,91,ewma_vol,0.114674
LMT,21,91,garch_cond_vol,0.00316
LMT,21,91,ret_TARGET,0.0
LMT,21,91,tech_RSI,0.003985
LMT,21,91,tech_MACD_hist,0.033421
LMT,21,91,ret_VIXY,0.0
LMT,21,91,mom21_VIXY,0.033192
LMT,21,91,ret_HYG,0.0
LMT,21,91,mom21_HYG,0.003298
LMT,21,91,ret_USO,0.0
LMT,21,91,mom21_USO,0.0318
LMT,21,91,ret_TLT,0.0
LMT,21,91,mom21_TLT,0.014997
LMT,21,91,ret_UUP,0.0
LMT,21,91,mom21_UUP,0.006017
LMT,21,91,ret_SPY,0.003346
LMT,21,91,mom21_SPY,0.014336
LMT,21,91,vol_vel,0.009088
LMT,21,91,vol_of_vol,0.005541
LMT,21,91,vol_regime_zscore,0.018976
LMT,21,91,vol_chg_21d,0.00492
LMT,21,91,event_fed_gravity,0.007929
LMT,21,91,event_earn_gravity,0.0
LMT,21,91,event_div_gravity,0.0
LMT,21,91,event_cpi_gravity,0.011997
LMT,21,91,event_nfp_gravity,0.014816
LMT,21,91,put_call_skew_30d,0.010559
LMT,21,91,term_structure_slope,0.027982
LMT,21,91,vrp_wedge,0.005492
LMT,21,91,iv_atm_z_score,0.035551
LMT,21,91,macro_yield_curve_slope,0.015974
LMT,21,91,macro_hy_spread,0.013078
LMT,21,91,macro_hy_spread_chg_5d,0.014832
LMT,21,91,macro_breakeven_5y,0.008413
LMT,21,91,macro_inflation_fwd_5y5y,0.013198
LMT,21,91,macro_inflation_fwd_chg_21d,0.003001
LMT,21,91,macro_inflation_fwd_abs_chg_21d,0.01426
LMT,21,91,macro_inflation_fwd_chg_63d,0.008885
LMT,21,91,macro_inflation_fwd_zscore,0.009326
LMT,21,91,macro_dollar_ret,0.0
LMT,21,91,beta_spy,0.006343
LMT,21,91,res_vol,0.027695
LMT,21,91,res_vol_vel,0.003714
LMT,21,91,price_regime,0.008654
LMT,21,91,corr_sector_21d,0.004461
LMT,21,91,corr_sector_252d,0.030133
LMT,21,91,sector_wedge,0.00801
LMT,21,92,rv_5d,0.137067
LMT,21,92,rv_10d,0.230515
LMT,21,92,rv_21d,0.026969
LMT,21,92,rv_63d,0.028828
LMT,21,92,rv_126d,0.009848
LMT,21,92,ewma_vol,0.093567
LMT,21,92,garch_cond_vol,0.016949
LMT,21,92,ret_TARGET,0.002009
LMT,21,92,tech_RSI,0.003033
LMT,21,92,tech_MACD_hist,0.039024
LMT,21,92,ret_VIXY,0.0
LMT,21,92,mom21_VIXY,0.027557
LMT,21,92,ret_HYG,0.0
LMT,21,92,mom21_HYG,0.003653
LMT,21,92,ret_USO,0.0
LMT,21,92,mom21_USO,0.0245
LMT,21,92,ret_TLT,0.0
LMT,21,92,mom21_TLT,0.007932
LMT,21,92,ret_UUP,0.0
LMT,21,92,mom21_UUP,0.005388
LMT,21,92,ret_SPY,0.002951
LMT,21,92,mom21_SPY,0.008379
LMT,21,92,vol_vel,0.00583
LMT,21,92,vol_of_vol,0.007309
LMT,21,92,vol_regime_zscore,0.016386
LMT,21,92,vol_chg_21d,0.003862
LMT,21,92,event_fed_gravity,0.007475
LMT,21,92,event_earn_gravity,0.0
LMT,21,92,event_div_gravity,0.0
LMT,21,92,event_cpi_gravity,0.016359
LMT,21,92,event_nfp_gravity,0.005659
LMT,21,92,put_call_skew_30d,0.014078
LMT,21,92,term_structure_slope,0.026949
LMT,21,92,vrp_wedge,0.008879
LMT,21,92,iv_atm_z_score,0.031922
LMT,21,92,macro_yield_curve_slope,0.014673
LMT,21,92,macro_hy_spread,0.010155
LMT,21,92,macro_hy_spread_chg_5d,0.023362
LMT,21,92,macro_breakeven_5y,0.007912
LMT,21,92,macro_inflation_fwd_5y5y,0.012156
LMT,21,92,macro_inflation_fwd_chg_21d,0.004363
LMT,21,92,macro_inflation_fwd_abs_chg_21d,0.012988
LMT,21,92,macro_inflation_fwd_chg_63d,0.008684
LMT,21,92,macro_inflation_fwd_zscore,0.008906
LMT,21,92,macro_dollar_ret,0.001893
LMT,21,92,beta_spy,0.007357
LMT,21,92,res_vol,0.022442
LMT,21,92,res_vol_vel,0.003555
LMT,21,92,price_regime,0.007029
LMT,21,92,corr_sector_21d,0.003985
LMT,21,92,corr_sector_252d,0.0308
LMT,21,92,sector_wedge,0.00686
LMT,21,93,rv_5d,0.12516
LMT,21,93,rv_10d,0.117253
LMT,21,93,rv_21d,0.030814
LMT,21,93,rv_63d,0.032611
LMT,21,93,rv_126d,0.010909
LMT,21,93,ewma_vol,0.146794
LMT,21,93,garch_cond_vol,0.006843
LMT,21,93,ret_TARGET,0.0
LMT,21,93,tech_RSI,0.004391
LMT,21,93,tech_MACD_hist,0.037481
LMT,21,93,ret_VIXY,0.0
LMT,21,93,mom21_VIXY,0.033036
LMT,21,93,ret_HYG,0.0
LMT,21,93,mom21_HYG,0.005411
LMT,21,93,ret_USO,0.0
LMT,21,93,mom21_USO,0.029438
LMT,21,93,ret_TLT,0.0
LMT,21,93,mom21_TLT,0.019424
LMT,21,93,ret_UUP,0.0
LMT,21,93,mom21_UUP,0.005665
LMT,21,93,ret_SPY,0.004331
LMT,21,93,mom21_SPY,0.008306
LMT,21,93,vol_vel,0.008562
LMT,21,93,vol_of_vol,0.006767
LMT,21,93,vol_regime_zscore,0.020783
LMT,21,93,vol_chg_21d,0.004549
LMT,21,93,event_fed_gravity,0.01179
LMT,21,93,event_earn_gravity,0.0
LMT,21,93,event_div_gravity,0.0
LMT,21,93,event_cpi_gravity,0.017954
LMT,21,93,event_nfp_gravity,0.006355
LMT,21,93,put_call_skew_30d,0.015079
LMT,21,93,term_structure_slope,0.031148
LMT,21,93,vrp_wedge,0.014128
LMT,21,93,iv_atm_z_score,0.040287
LMT,21,93,macro_yield_curve_slope,0.019593
LMT,21,93,macro_hy_spread,0.013515
LMT,21,93,macro_hy_spread_chg_5d,0.018853
LMT,21,93,macro_breakeven_5y,0.008056
LMT,21,93,macro_inflation_fwd_5y5y,0.013983
LMT,21,93,macro_inflation_fwd_chg_21d,0.004552
LMT,21,93,macro_inflation_fwd_abs_chg_21d,0.016202
LMT,21,93,macro_inflation_fwd_chg_63d,0.007563
LMT,21,93,macro_inflation_fwd_zscore,0.010641
LMT,21,93,macro_dollar_ret,0.002266
LMT,21,93,beta_spy,0.006711
LMT,21,93,res_vol,0.024656
LMT,21,93,res_vol_vel,0.004599
LMT,21,93,price_regime,0.007318
LMT,21,93,corr_sector_21d,0.005297
LMT,21,93,corr_sector_252d,0.033906
LMT,21,93,sector_wedge,0.007018
LMT,21,94,rv_5d,0.118429
LMT,21,94,rv_10d,0.173494
LMT,21,94,rv_21d,0.027943
LMT,21,94,rv_63d,0.035343
LMT,21,94,rv_126d,0.010048
LMT,21,94,ewma_vol,0.129037
LMT,21,94,garch_cond_vol,0.004528
LMT,21,94,ret_TARGET,0.0
LMT,21,94,tech_RSI,0.003945
LMT,21,94,tech_MACD_hist,0.030382
LMT,21,94,ret_VIXY,0.0
LMT,21,94,mom21_VIXY,0.029031
LMT,21,94,ret_HYG,0.0
LMT,21,94,mom21_HYG,0.00384
LMT,21,94,ret_USO,0.0
LMT,21,94,mom21_USO,0.029455
LMT,21,94,ret_TLT,0.0
LMT,21,94,mom21_TLT,0.013061
LMT,21,94,ret_UUP,0.0
LMT,21,94,mom21_UUP,0.005434
LMT,21,94,ret_SPY,0.002378
LMT,21,94,mom21_SPY,0.005046
LMT,21,94,vol_vel,0.007831
LMT,21,94,vol_of_vol,0.00714
LMT,21,94,vol_regime_zscore,0.020394
LMT,21,94,vol_chg_21d,0.004518
LMT,21,94,event_fed_gravity,0.009661
LMT,21,94,event_earn_gravity,0.0
LMT,21,94,event_div_gravity,0.0
LMT,21,94,event_cpi_gravity,0.022357
LMT,21,94,event_nfp_gravity,0.008826
LMT,21,94,put_call_skew_30d,0.018452
LMT,21,94,term_structure_slope,0.024862
LMT,21,94,vrp_wedge,0.013183
LMT,21,94,iv_atm_z_score,0.038663
LMT,21,94,macro_yield_curve_slope,0.017952
LMT,21,94,macro_hy_spread,0.01024
LMT,21,94,macro_hy_spread_chg_5d,0.023947
LMT,21,94,macro_breakeven_5y,0.010791
LMT,21,94,macro_inflation_fwd_5y5y,0.010806
LMT,21,94,macro_inflation_fwd_chg_21d,0.006514
LMT,21,94,macro_inflation_fwd_abs_chg_21d,0.013527
LMT,21,94,macro_inflation_fwd_chg_63d,0.010026
LMT,21,94,macro_inflation_fwd_zscore,0.007428
LMT,21,94,macro_dollar_ret,0.0
LMT,21,94,beta_spy,0.007028
LMT,21,94,res_vol,0.027758
LMT,21,94,res_vol_vel,0.002622
LMT,21,94,price_regime,0.009161
LMT,21,94,corr_sector_21d,0.005545
LMT,21,94,corr_sector_252d,0.031328
LMT,21,94,sector_wedge,0.008045
LMT,21,95,rv_5d,0.150615
LMT,21,95,rv_10d,0.174778
LMT,21,95,rv_21d,0.026749
LMT,21,95,rv_63d,0.030333
LMT,21,95,rv_126d,0.01015
LMT,21,95,ewma_vol,0.103262
LMT,21,95,garch_cond_vol,0.002813
LMT,21,95,ret_TARGET,0.0
LMT,21,95,tech_RSI,0.003435
LMT,21,95,tech_MACD_hist,0.033791
LMT,21,95,ret_VIXY,0.0
LMT,21,95,mom21_VIXY,0.033291
LMT,21,95,ret_HYG,0.0
LMT,21,95,mom21_HYG,0.00368
LMT,21,95,ret_USO,0.0
LMT,21,95,mom21_USO,0.031698
LMT,21,95,ret_TLT,0.0
LMT,21,95,mom21_TLT,0.011918
LMT,21,95,ret_UUP,0.0
LMT,21,95,mom21_UUP,0.00524
LMT,21,95,ret_SPY,0.00216
LMT,21,95,mom21_SPY,0.008379
LMT,21,95,vol_vel,0.008572
LMT,21,95,vol_of_vol,0.00664
LMT,21,95,vol_regime_zscore,0.017447
LMT,21,95,vol_chg_21d,0.004745
LMT,21,95,event_fed_gravity,0.007971
LMT,21,95,event_earn_gravity,0.0
LMT,21,95,event_div_gravity,0.0
LMT,21,95,event_cpi_gravity,0.02214
LMT,21,95,event_nfp_gravity,0.006254
LMT,21,95,put_call_skew_30d,0.02911
LMT,21,95,term_structure_slope,0.031508
LMT,21,95,vrp_wedge,0.008934
LMT,21,95,iv_atm_z_score,0.034083
LMT,21,95,macro_yield_curve_slope,0.018992
LMT,21,95,macro_hy_spread,0.007918
LMT,21,95,macro_hy_spread_chg_5d,0.016087
LMT,21,95,macro_breakeven_5y,0.010186
LMT,21,95,macro_inflation_fwd_5y5y,0.012534
LMT,21,95,macro_inflation_fwd_chg_21d,0.008088
LMT,21,95,macro_inflation_fwd_abs_chg_21d,0.012659
LMT,21,95,macro_inflation_fwd_chg_63d,0.010356
LMT,21,95,macro_inflation_fwd_zscore,0.007691
LMT,21,95,macro_dollar_ret,0.003434
LMT,21,95,beta_spy,0.00632
LMT,21,95,res_vol,0.025874
LMT,21,95,res_vol_vel,0.003715
LMT,21,95,price_regime,0.008828
LMT,21,95,corr_sector_21d,0.003688
LMT,21,95,corr_sector_252d,0.027572
LMT,21,95,sector_wedge,0.006363
LMT,21,96,rv_5d,0.144118
LMT,21,96,rv_10d,0.275802
LMT,21,96,rv_21d,0.024349
LMT,21,96,rv_63d,0.027596
LMT,21,96,rv_126d,0.011111
LMT,21,96,ewma_vol,0.080197
LMT,21,96,garch_cond_vol,0.00304
LMT,21,96,ret_TARGET,0.0
LMT,21,96,tech_RSI,0.003253
LMT,21,96,tech_MACD_hist,0.028955
LMT,21,96,ret_VIXY,0.0
LMT,21,96,mom21_VIXY,0.026094
LMT,21,96,ret_HYG,0.0
LMT,21,96,mom21_HYG,0.004824
LMT,21,96,ret_USO,0.0
LMT,21,96,mom21_USO,0.025219
LMT,21,96,ret_TLT,0.0
LMT,21,96,mom21_TLT,0.012034
LMT,21,96,ret_UUP,0.0
LMT,21,96,mom21_UUP,0.00521
LMT,21,96,ret_SPY,0.001891
LMT,21,96,mom21_SPY,0.006329
LMT,21,96,vol_vel,0.008723
LMT,21,96,vol_of_vol,0.00498
LMT,21,96,vol_regime_zscore,0.01535
LMT,21,96,vol_chg_21d,0.003712
LMT,21,96,event_fed_gravity,0.005991
LMT,21,96,event_earn_gravity,0.0
LMT,21,96,event_div_gravity,0.0
LMT,21,96,event_cpi_gravity,0.01809
LMT,21,96,event_nfp_gravity,0.007075
LMT,21,96,put_call_skew_30d,0.015054
LMT,21,96,term_structure_slope,0.027987
LMT,21,96,vrp_wedge,0.008434
LMT,21,96,iv_atm_z_score,0.032422
LMT,21,96,macro_yield_curve_slope,0.017889
LMT,21,96,macro_hy_spread,0.007069
LMT,21,96,macro_hy_spread_chg_5d,0.018682
LMT,21,96,macro_breakeven_5y,0.008252
LMT,21,96,macro_inflation_fwd_5y5y,0.011037
LMT,21,96,macro_inflation_fwd_chg_21d,0.005613
LMT,21,96,macro_inflation_fwd_abs_chg_21d,0.01325
LMT,21,96,macro_inflation_fwd_chg_63d,0.008407
LMT,21,96,macro_inflation_fwd_zscore,0.007997
LMT,21,96,macro_dollar_ret,0.003145
LMT,21,96,beta_spy,0.005547
LMT,21,96,res_vol,0.0167
LMT,21,96,res_vol_vel,0.002917
LMT,21,96,price_regime,0.007719
LMT,21,96,corr_sector_21d,0.006865
LMT,21,96,corr_sector_252d,0.023456
LMT,21,96,sector_wedge,0.007612
LMT,21,97,rv_5d,0.141641
LMT,21,97,rv_10d,0.113857
LMT,21,97,rv_21d,0.038577
LMT,21,97,rv_63d,0.03147
LMT,21,97,rv_126d,0.012027
LMT,21,97,ewma_vol,0.133487
LMT,21,97,garch_cond_vol,0.002997
LMT,21,97,ret_TARGET,0.0
LMT,21,97,tech_RSI,0.004652
LMT,21,97,tech_MACD_hist,0.039752
LMT,21,97,ret_VIXY,0.003359
LMT,21,97,mom21_VIXY,0.030343
LMT,21,97,ret_HYG,0.0
LMT,21,97,mom21_HYG,0.003516
LMT,21,97,ret_USO,0.0
LMT,21,97,mom21_USO,0.029443
LMT,21,97,ret_TLT,0.0
LMT,21,97,mom21_TLT,0.007444
LMT,21,97,ret_UUP,0.0
LMT,21,97,mom21_UUP,0.005542
LMT,21,97,ret_SPY,0.002418
LMT,21,97,mom21_SPY,0.009074
LMT,21,97,vol_vel,0.009671
LMT,21,97,vol_of_vol,0.007135
LMT,21,97,vol_regime_zscore,0.022857
LMT,21,97,vol_chg_21d,0.005898
LMT,21,97,event_fed_gravity,0.010824
LMT,21,97,event_earn_gravity,0.0
LMT,21,97,event_div_gravity,0.0
LMT,21,97,event_cpi_gravity,0.017974
LMT,21,97,event_nfp_gravity,0.010518
LMT,21,97,put_call_skew_30d,0.017971
LMT,21,97,term_structure_slope,0.03085
LMT,21,97,vrp_wedge,0.010874
LMT,21,97,iv_atm_z_score,0.03731
LMT,21,97,macro_yield_curve_slope,0.020593
LMT,21,97,macro_hy_spread,0.009156
LMT,21,97,macro_hy_spread_chg_5d,0.012758
LMT,21,97,macro_breakeven_5y,0.011305
LMT,21,97,macro_inflation_fwd_5y5y,0.015618
LMT,21,97,macro_inflation_fwd_chg_21d,0.008318
LMT,21,97,macro_inflation_fwd_abs_chg_21d,0.01498
LMT,21,97,macro_inflation_fwd_chg_63d,0.012953
LMT,21,97,macro_inflation_fwd_zscore,0.008794
LMT,21,97,macro_dollar_ret,0.0
LMT,21,97,beta_spy,0.007572
LMT,21,97,res_vol,0.024252
LMT,21,97,res_vol_vel,0.003618
LMT,21,97,price_regime,0.008519
LMT,21,97,corr_sector_21d,0.007946
LMT,21,97,corr_sector_252d,0.032952
LMT,21,97,sector_wedge,0.009182
LMT,21,98,rv_5d,0.119177
LMT,21,98,rv_10d,0.182935
LMT,21,98,rv_21d,0.025446
LMT,21,98,rv_63d,0.036898
LMT,21,98,rv_126d,0.010866
LMT,21,98,ewma_vol,0.110373
LMT,21,98,garch_cond_vol,0.004477
LMT,21,98,ret_TARGET,0.0
LMT,21,98,tech_RSI,0.004593
LMT,21,98,tech_MACD_hist,0.04047
LMT,21,98,ret_VIXY,0.0
LMT,21,98,mom21_VIXY,0.028144
LMT,21,98,ret_HYG,0.0
LMT,21,98,mom21_HYG,0.004085
LMT,21,98,ret_USO,0.0
LMT,21,98,mom21_USO,0.025172
LMT,21,98,ret_TLT,0.0
LMT,21,98,mom21_TLT,0.007109
LMT,21,98,ret_UUP,0.0
LMT,21,98,mom21_UUP,0.005738
LMT,21,98,ret_SPY,0.002575
LMT,21,98,mom21_SPY,0.010073
LMT,21,98,vol_vel,0.009026
LMT,21,98,vol_of_vol,0.007494
LMT,21,98,vol_regime_zscore,0.020458
LMT,21,98,vol_chg_21d,0.00684
LMT,21,98,event_fed_gravity,0.010363
LMT,21,98,event_earn_gravity,0.0
LMT,21,98,event_div_gravity,0.0
LMT,21,98,event_cpi_gravity,0.019837
LMT,21,98,event_nfp_gravity,0.005954
LMT,21,98,put_call_skew_30d,0.018995
LMT,21,98,term_structure_slope,0.031834
LMT,21,98,vrp_wedge,0.006268
LMT,21,98,iv_atm_z_score,0.041841
LMT,21,98,macro_yield_curve_slope,0.01816
LMT,21,98,macro_hy_spread,0.00887
LMT,21,98,macro_hy_spread_chg_5d,0.008798
LMT,21,98,macro_breakeven_5y,0.015977
LMT,21,98,macro_inflation_fwd_5y5y,0.013758
LMT,21,98,macro_inflation_fwd_chg_21d,0.008735
LMT,21,98,macro_inflation_fwd_abs_chg_21d,0.015019
LMT,21,98,macro_inflation_fwd_chg_63d,0.012
LMT,21,98,macro_inflation_fwd_zscore,0.009229
LMT,21,98,macro_dollar_ret,0.0
LMT,21,98,beta_spy,0.007224
LMT,21,98,res_vol,0.027032
LMT,21,98,res_vol_vel,0.003436
LMT,21,98,price_regime,0.00861
LMT,21,98,corr_sector_21d,0.005027
LMT,21,98,corr_sector_252d,0.031477
LMT,21,98,sector_wedge,0.009604
LMT,21,99,rv_5d,0.225238
LMT,21,99,rv_10d,0.114728
LMT,21,99,rv_21d,0.008266
LMT,21,99,rv_63d,0.035551
LMT,21,99,rv_126d,0.009983
LMT,21,99,ewma_vol,0.071784
LMT,21,99,garch_cond_vol,0.00321
LMT,21,99,ret_TARGET,0.0
LMT,21,99,tech_RSI,0.005392
LMT,21,99,tech_MACD_hist,0.037888
LMT,21,99,ret_VIXY,0.0
LMT,21,99,mom21_VIXY,0.036473
LMT,21,99,ret_HYG,0.0
LMT,21,99,mom21_HYG,0.005021
LMT,21,99,ret_USO,0.0
LMT,21,99,mom21_USO,0.026689
LMT,21,99,ret_TLT,0.0
LMT,21,99,mom21_TLT,0.011412
LMT,21,99,ret_UUP,0.0
LMT,21,99,mom21_UUP,0.005614
LMT,21,99,ret_SPY,0.002635
LMT,21,99,mom21_SPY,0.011183
LMT,21,99,vol_vel,0.008519
LMT,21,99,vol_of_vol,0.007353
LMT,21,99,vol_regime_zscore,0.027733
LMT,21,99,vol_chg_21d,0.004008
LMT,21,99,event_fed_gravity,0.011597
LMT,21,99,event_earn_gravity,0.0
LMT,21,99,event_div_gravity,0.0
LMT,21,99,event_cpi_gravity,0.016171
LMT,21,99,event_nfp_gravity,0.00592
LMT,21,99,put_call_skew_30d,0.023112
LMT,21,99,term_structure_slope,0.03466
LMT,21,99,vrp_wedge,0.011029
LMT,21,99,iv_atm_z_score,0.040362
LMT,21,99,macro_yield_curve_slope,0.016078
LMT,21,99,macro_hy_spread,0.009581
LMT,21,99,macro_hy_spread_chg_5d,0.026231
LMT,21,99,macro_breakeven_5y,0.009705
LMT,21,99,macro_inflation_fwd_5y5y,0.010053
LMT,21,99,macro_inflation_fwd_chg_21d,0.006802
LMT,21,99,macro_inflation_fwd_abs_chg_21d,0.015967
LMT,21,99,macro_inflation_fwd_chg_63d,0.005679
LMT,21,99,macro_inflation_fwd_zscore,0.007838
LMT,21,99,macro_dollar_ret,0.0
LMT,21,99,beta_spy,0.009002
LMT,21,99,res_vol,0.024488
LMT,21,99,res_vol_vel,0.003858
LMT,21,99,price_regime,0.009412
LMT,21,99,corr_sector_21d,0.004731
LMT,21,99,corr_sector_252d,0.031842
LMT,21,99,sector_wedge,0.007202
LMT,21,100,rv_5d,0.201566
LMT,21,100,rv_10d,0.096021
LMT,21,100,rv_21d,0.011565
LMT,21,100,rv_63d,0.03716
LMT,21,100,rv_126d,0.012169
LMT,21,100,ewma_vol,0.059326
LMT,21,100,garch_cond_vol,0.003426
LMT,21,100,ret_TARGET,0.0
LMT,21,100,tech_RSI,0.005278
LMT,21,100,tech_MACD_hist,0.035687
LMT,21,100,ret_VIXY,0.0
LMT,21,100,mom21_VIXY,0.025373
LMT,21,100,ret_HYG,0.0
LMT,21,100,mom21_HYG,0.004405
LMT,21,100,ret_USO,0.0
LMT,21,100,mom21_USO,0.027516
LMT,21,100,ret_TLT,0.0
LMT,21,100,mom21_TLT,0.011013
LMT,21,100,ret_UUP,0.0
LMT,21,100,mom21_UUP,0.006595
LMT,21,100,ret_SPY,0.002498
LMT,21,100,mom21_SPY,0.009132
LMT,21,100,vol_vel,0.008643
LMT,21,100,vol_of_vol,0.0083
LMT,21,100,vol_regime_zscore,0.025148
LMT,21,100,vol_chg_21d,0.005756
LMT,21,100,event_fed_gravity,0.011679
LMT,21,100,event_earn_gravity,0.0
LMT,21,100,event_div_gravity,0.0
LMT,21,100,event_cpi_gravity,0.017049
LMT,21,100,event_nfp_gravity,0.007215
LMT,21,100,put_call_skew_30d,0.047456
LMT,21,100,term_structure_slope,0.044518
LMT,21,100,vrp_wedge,0.011697
LMT,21,100,iv_atm_z_score,0.043135
LMT,21,100,macro_yield_curve_slope,0.018263
LMT,21,100,macro_hy_spread,0.009409
LMT,21,100,macro_hy_spread_chg_5d,0.032008
LMT,21,100,macro_breakeven_5y,0.010518
LMT,21,100,macro_inflation_fwd_5y5y,0.012582
LMT,21,100,macro_inflation_fwd_chg_21d,0.005808
LMT,21,100,macro_inflation_fwd_abs_chg_21d,0.015956
LMT,21,100,macro_inflation_fwd_chg_63d,0.012253
LMT,21,100,macro_inflation_fwd_zscore,0.010749
LMT,21,100,macro_dollar_ret,0.0
LMT,21,100,beta_spy,0.005992
LMT,21,100,res_vol,0.025249
LMT,21,100,res_vol_vel,0.003437
LMT,21,100,price_regime,0.00762
LMT,21,100,corr_sector_21d,0.006113
LMT,21,100,corr_sector_252d,0.033271
LMT,21,100,sector_wedge,0.011445
LMT,21,101,rv_5d,0.196417
LMT,21,101,rv_10d,0.117528
LMT,21,101,rv_21d,0.009906
LMT,21,101,rv_63d,0.035461
LMT,21,101,rv_126d,0.013749
LMT,21,101,ewma_vol,0.054773
LMT,21,101,garch_cond_vol,0.003105
LMT,21,101,ret_TARGET,0.0
LMT,21,101,tech_RSI,0.003817
LMT,21,101,tech_MACD_hist,0.026139
LMT,21,101,ret_VIXY,0.0
LMT,21,101,mom21_VIXY,0.024206
LMT,21,101,ret_HYG,0.0
LMT,21,101,mom21_HYG,0.004275
LMT,21,101,ret_USO,0.0
LMT,21,101,mom21_USO,0.025802
LMT,21,101,ret_TLT,0.0
LMT,21,101,mom21_TLT,0.008788
LMT,21,101,ret_UUP,0.0
LMT,21,101,mom21_UUP,0.005307
LMT,21,101,ret_SPY,0.002594
LMT,21,101,mom21_SPY,0.016422
LMT,21,101,vol_vel,0.007731
LMT,21,101,vol_of_vol,0.007339
LMT,21,101,vol_regime_zscore,0.020424
LMT,21,101,vol_chg_21d,0.004444
LMT,21,101,event_fed_gravity,0.010435
LMT,21,101,event_earn_gravity,0.0
LMT,21,101,event_div_gravity,0.0
LMT,21,101,event_cpi_gravity,0.015849
LMT,21,101,event_nfp_gravity,0.011096
LMT,21,101,put_call_skew_30d,0.059756
LMT,21,101,term_structure_slope,0.039793
LMT,21,101,vrp_wedge,0.010758
LMT,21,101,iv_atm_z_score,0.041152
LMT,21,101,macro_yield_curve_slope,0.016347
LMT,21,101,macro_hy_spread,0.010371
LMT,21,101,macro_hy_spread_chg_5d,0.042577
LMT,21,101,macro_breakeven_5y,0.017501
LMT,21,101,macro_inflation_fwd_5y5y,0.011814
LMT,21,101,macro_inflation_fwd_chg_21d,0.007077
LMT,21,101,macro_inflation_fwd_abs_chg_21d,0.015871
LMT,21,101,macro_inflation_fwd_chg_63d,0.007392
LMT,21,101,macro_inflation_fwd_zscore,0.007487
LMT,21,101,macro_dollar_ret,0.0
LMT,21,101,beta_spy,0.005832
LMT,21,101,res_vol,0.028114
LMT,21,101,res_vol_vel,0.003111
LMT,21,101,price_regime,0.008921
LMT,21,101,corr_sector_21d,0.005178
LMT,21,101,corr_sector_252d,0.023584
LMT,21,101,sector_wedge,0.011755
LMT,21,102,rv_5d,0.237529
LMT,21,102,rv_10d,0.135749
LMT,21,102,rv_21d,0.021019
LMT,21,102,rv_63d,0.033309
LMT,21,102,rv_126d,0.012826
LMT,21,102,ewma_vol,0.029235
LMT,21,102,garch_cond_vol,0.003992
LMT,21,102,ret_TARGET,0.0
LMT,21,102,tech_RSI,0.005024
LMT,21,102,tech_MACD_hist,0.026967
LMT,21,102,ret_VIXY,0.0
LMT,21,102,mom21_VIXY,0.021769
LMT,21,102,ret_HYG,0.0
LMT,21,102,mom21_HYG,0.007248
LMT,21,102,ret_USO,0.0
LMT,21,102,mom21_USO,0.020747
LMT,21,102,ret_TLT,0.0
LMT,21,102,mom21_TLT,0.011805
LMT,21,102,ret_UUP,0.0
LMT,21,102,mom21_UUP,0.004291
LMT,21,102,ret_SPY,0.002726
LMT,21,102,mom21_SPY,0.017802
LMT,21,102,vol_vel,0.017256
LMT,21,102,vol_of_vol,0.006071
LMT,21,102,vol_regime_zscore,0.024212
LMT,21,102,vol_chg_21d,0.005391
LMT,21,102,event_fed_gravity,0.008514
LMT,21,102,event_earn_gravity,0.0
LMT,21,102,event_div_gravity,0.0
LMT,21,102,event_cpi_gravity,0.017301
LMT,21,102,event_nfp_gravity,0.007051
LMT,21,102,put_call_skew_30d,0.04416
LMT,21,102,term_structure_slope,0.044847
LMT,21,102,vrp_wedge,0.011246
LMT,21,102,iv_atm_z_score,0.036755
LMT,21,102,macro_yield_curve_slope,0.017199
LMT,21,102,macro_hy_spread,0.009855
LMT,21,102,macro_hy_spread_chg_5d,0.006411
LMT,21,102,macro_breakeven_5y,0.013823
LMT,21,102,macro_inflation_fwd_5y5y,0.012468
LMT,21,102,macro_inflation_fwd_chg_21d,0.008244
LMT,21,102,macro_inflation_fwd_abs_chg_21d,0.013282
LMT,21,102,macro_inflation_fwd_chg_63d,0.008283
LMT,21,102,macro_inflation_fwd_zscore,0.010551
LMT,21,102,macro_dollar_ret,0.0
LMT,21,102,beta_spy,0.006017
LMT,21,102,res_vol,0.033874
LMT,21,102,res_vol_vel,0.003598
LMT,21,102,price_regime,0.007758
LMT,21,102,corr_sector_21d,0.006247
LMT,21,102,corr_sector_252d,0.01751
LMT,21,102,sector_wedge,0.010038
LMT,21,103,rv_5d,0.182416
LMT,21,103,rv_10d,0.109924
LMT,21,103,rv_21d,0.071516
LMT,21,103,rv_63d,0.026701
LMT,21,103,rv_126d,0.015214
LMT,21,103,ewma_vol,0.0161
LMT,21,103,garch_cond_vol,0.004275
LMT,21,103,ret_TARGET,0.0
LMT,21,103,tech_RSI,0.006832
LMT,21,103,tech_MACD_hist,0.032355
LMT,21,103,ret_VIXY,0.0
LMT,21,103,mom21_VIXY,0.023923
LMT,21,103,ret_HYG,0.0
LMT,21,103,mom21_HYG,0.012289
LMT,21,103,ret_USO,0.0
LMT,21,103,mom21_USO,0.022813
LMT,21,103,ret_TLT,0.0
LMT,21,103,mom21_TLT,0.010602
LMT,21,103,ret_UUP,0.0
LMT,21,103,mom21_UUP,0.005934
LMT,21,103,ret_SPY,0.003777
LMT,21,103,mom21_SPY,0.029593
LMT,21,103,vol_vel,0.025207
LMT,21,103,vol_of_vol,0.007709
LMT,21,103,vol_regime_zscore,0.014393
LMT,21,103,vol_chg_21d,0.00695
LMT,21,103,event_fed_gravity,0.009066
LMT,21,103,event_earn_gravity,0.0
LMT,21,103,event_div_gravity,0.0
LMT,21,103,event_cpi_gravity,0.010723
LMT,21,103,event_nfp_gravity,0.010215
LMT,21,103,put_call_skew_30d,0.022576
LMT,21,103,term_structure_slope,0.04842
LMT,21,103,vrp_wedge,0.016057
LMT,21,103,iv_atm_z_score,0.038509
LMT,21,103,macro_yield_curve_slope,0.01561
LMT,21,103,macro_hy_spread,0.010718
LMT,21,103,macro_hy_spread_chg_5d,0.017153
LMT,21,103,macro_breakeven_5y,0.011938
LMT,21,103,macro_inflation_fwd_5y5y,0.011318
LMT,21,103,macro_inflation_fwd_chg_21d,0.008138
LMT,21,103,macro_inflation_fwd_abs_chg_21d,0.018107
LMT,21,103,macro_inflation_fwd_chg_63d,0.005082
LMT,21,103,macro_inflation_fwd_zscore,0.010653
LMT,21,103,macro_dollar_ret,0.0
LMT,21,103,beta_spy,0.011457
LMT,21,103,res_vol,0.039852
LMT,21,103,res_vol_vel,0.003316
LMT,21,103,price_regime,0.011951
LMT,21,103,corr_sector_21d,0.009194
LMT,21,103,corr_sector_252d,0.022791
LMT,21,103,sector_wedge,0.008631
LMT,21,104,rv_5d,0.178831
LMT,21,104,rv_10d,0.126583
LMT,21,104,rv_21d,0.082075
LMT,21,104,rv_63d,0.020732
LMT,21,104,rv_126d,0.014676
LMT,21,104,ewma_vol,0.025204
LMT,21,104,garch_cond_vol,0.004407
LMT,21,104,ret_TARGET,0.0
LMT,21,104,tech_RSI,0.00519
LMT,21,104,tech_MACD_hist,0.035831
LMT,21,104,ret_VIXY,0.0
LMT,21,104,mom21_VIXY,0.022164
LMT,21,104,ret_HYG,0.0
LMT,21,104,mom21_HYG,0.007116
LMT,21,104,ret_USO,0.0
LMT,21,104,mom21_USO,0.018364
LMT,21,104,ret_TLT,0.0
LMT,21,104,mom21_TLT,0.009339
LMT,21,104,ret_UUP,0.0
LMT,21,104,mom21_UUP,0.006465
LMT,21,104,ret_SPY,0.002622
LMT,21,104,mom21_SPY,0.039692
LMT,21,104,vol_vel,0.046982
LMT,21,104,vol_of_vol,0.007811
LMT,21,104,vol_regime_zscore,0.014382
LMT,21,104,vol_chg_21d,0.004003
LMT,21,104,event_fed_gravity,0.007481
LMT,21,104,event_earn_gravity,0.0
LMT,21,104,event_div_gravity,0.0
LMT,21,104,event_cpi_gravity,0.007892
LMT,21,104,event_nfp_gravity,0.008622
LMT,21,104,put_call_skew_30d,0.013297
LMT,21,104,term_structure_slope,0.04579
LMT,21,104,vrp_wedge,0.011923
LMT,21,104,iv_atm_z_score,0.032147
LMT,21,104,macro_yield_curve_slope,0.014471
LMT,21,104,macro_hy_spread,0.009509
LMT,21,104,macro_hy_spread_chg_5d,0.015089
LMT,21,104,macro_breakeven_5y,0.015706
LMT,21,104,macro_inflation_fwd_5y5y,0.010844
LMT,21,104,macro_inflation_fwd_chg_21d,0.009312
LMT,21,104,macro_inflation_fwd_abs_chg_21d,0.015046
LMT,21,104,macro_inflation_fwd_chg_63d,0.004981
LMT,21,104,macro_inflation_fwd_zscore,0.008698
LMT,21,104,macro_dollar_ret,0.0
LMT,21,104,beta_spy,0.00996
LMT,21,104,res_vol,0.033473
LMT,21,104,res_vol_vel,0.002488
LMT,21,104,price_regime,0.011959
LMT,21,104,corr_sector_21d,0.009669
LMT,21,104,corr_sector_252d,0.020399
LMT,21,104,sector_wedge,0.008774
LMT,21,105,rv_5d,0.166921
LMT,21,105,rv_10d,0.133858
LMT,21,105,rv_21d,0.095689
LMT,21,105,rv_63d,0.022766
LMT,21,105,rv_126d,0.013205
LMT,21,105,ewma_vol,0.013017
LMT,21,105,garch_cond_vol,0.003636
LMT,21,105,ret_TARGET,0.0
LMT,21,105,tech_RSI,0.005764
LMT,21,105,tech_MACD_hist,0.035308
LMT,21,105,ret_VIXY,0.0
LMT,21,105,mom21_VIXY,0.011898
LMT,21,105,ret_HYG,0.002695
LMT,21,105,mom21_HYG,0.011024
LMT,21,105,ret_USO,0.0
LMT,21,105,mom21_USO,0.019314
LMT,21,105,ret_TLT,0.0
LMT,21,105,mom21_TLT,0.008191
LMT,21,105,ret_UUP,0.0
LMT,21,105,mom21_UUP,0.005434
LMT,21,105,ret_SPY,0.005861
LMT,21,105,mom21_SPY,0.017518
LMT,21,105,vol_vel,0.060753
LMT,21,105,vol_of_vol,0.007436
LMT,21,105,vol_regime_zscore,0.014817
LMT,21,105,vol_chg_21d,0.006754
LMT,21,105,event_fed_gravity,0.007165
LMT,21,105,event_earn_gravity,0.0
LMT,21,105,event_div_gravity,0.0
LMT,21,105,event_cpi_gravity,0.009789
LMT,21,105,event_nfp_gravity,0.011158
LMT,21,105,put_call_skew_30d,0.014447
LMT,21,105,term_structure_slope,0.048915
LMT,21,105,vrp_wedge,0.013115
LMT,21,105,iv_atm_z_score,0.032741
LMT,21,105,macro_yield_curve_slope,0.014626
LMT,21,105,macro_hy_spread,0.009603
LMT,21,105,macro_hy_spread_chg_5d,0.020933
LMT,21,105,macro_breakeven_5y,0.015077
LMT,21,105,macro_inflation_fwd_5y5y,0.010682
LMT,21,105,macro_inflation_fwd_chg_21d,0.004649
LMT,21,105,macro_inflation_fwd_abs_chg_21d,0.013643
LMT,21,105,macro_inflation_fwd_chg_63d,0.006286
LMT,21,105,macro_inflation_fwd_zscore,0.009585
LMT,21,105,macro_dollar_ret,0.0
LMT,21,105,beta_spy,0.012343
LMT,21,105,res_vol,0.033384
LMT,21,105,res_vol_vel,0.002675
LMT,21,105,price_regime,0.01168
LMT,21,105,corr_sector_21d,0.00651
LMT,21,105,corr_sector_252d,0.020255
LMT,21,105,sector_wedge,0.008882
LMT,21,106,rv_5d,0.200506
LMT,21,106,rv_10d,0.127046
LMT,21,106,rv_21d,0.095344
LMT,21,106,rv_63d,0.022317
LMT,21,106,rv_126d,0.014986
LMT,21,106,ewma_vol,0.032026
LMT,21,106,garch_cond_vol,0.003441
LMT,21,106,ret_TARGET,0.0
LMT,21,106,tech_RSI,0.005312
LMT,21,106,tech_MACD_hist,0.032243
LMT,21,106,ret_VIXY,0.0
LMT,21,106,mom21_VIXY,0.018526
LMT,21,106,ret_HYG,0.0
LMT,21,106,mom21_HYG,0.0077
LMT,21,106,ret_USO,0.0
LMT,21,106,mom21_USO,0.0181
LMT,21,106,ret_TLT,0.0
LMT,21,106,mom21_TLT,0.011821
LMT,21,106,ret_UUP,0.0
LMT,21,106,mom21_UUP,0.006044
LMT,21,106,ret_SPY,0.003616
LMT,21,106,mom21_SPY,0.022562
LMT,21,106,vol_vel,0.031158
LMT,21,106,vol_of_vol,0.006099
LMT,21,106,vol_regime_zscore,0.013142
LMT,21,106,vol_chg_21d,0.005964
LMT,21,106,event_fed_gravity,0.009124
LMT,21,106,event_earn_gravity,0.0
LMT,21,106,event_div_gravity,0.0
LMT,21,106,event_cpi_gravity,0.008998
LMT,21,106,event_nfp_gravity,0.008384
LMT,21,106,put_call_skew_30d,0.011591
LMT,21,106,term_structure_slope,0.04402
LMT,21,106,vrp_wedge,0.017213
LMT,21,106,iv_atm_z_score,0.033431
LMT,21,106,macro_yield_curve_slope,0.014758
LMT,21,106,macro_hy_spread,0.009557
LMT,21,106,macro_hy_spread_chg_5d,0.0
LMT,21,106,macro_breakeven_5y,0.021559
LMT,21,106,macro_inflation_fwd_5y5y,0.010556
LMT,21,106,macro_inflation_fwd_chg_21d,0.004903
LMT,21,106,macro_inflation_fwd_abs_chg_21d,0.014895
LMT,21,106,macro_inflation_fwd_chg_63d,0.006187
LMT,21,106,macro_inflation_fwd_zscore,0.01063
LMT,21,106,macro_dollar_ret,0.0
LMT,21,106,beta_spy,0.011471
LMT,21,106,res_vol,0.033873
LMT,21,106,res_vol_vel,0.002886
LMT,21,106,price_regime,0.011056
LMT,21,106,corr_sector_21d,0.007499
LMT,21,106,corr_sector_252d,0.020127
LMT,21,106,sector_wedge,0.009329
LMT,21,107,rv_5d,0.231856
LMT,21,107,rv_10d,0.117908
LMT,21,107,rv_21d,0.08709
LMT,21,107,rv_63d,0.024737
LMT,21,107,rv_126d,0.013136
LMT,21,107,ewma_vol,0.028623
LMT,21,107,garch_cond_vol,0.00322
LMT,21,107,ret_TARGET,0.0
LMT,21,107,tech_RSI,0.005741
LMT,21,107,tech_MACD_hist,0.036827
LMT,21,107,ret_VIXY,0.0
LMT,21,107,mom21_VIXY,0.024823
LMT,21,107,ret_HYG,0.0
LMT,21,107,mom21_HYG,0.010951
LMT,21,107,ret_USO,0.0
LMT,21,107,mom21_USO,0.015111
LMT,21,107,ret_TLT,0.0
LMT,21,107,mom21_TLT,0.00933
LMT,21,107,ret_UUP,0.0
LMT,21,107,mom21_UUP,0.00524
LMT,21,107,ret_SPY,0.002984
LMT,21,107,mom21_SPY,0.035409
LMT,21,107,vol_vel,0.022608
LMT,21,107,vol_of_vol,0.006219
LMT,21,107,vol_regime_zscore,0.009187
LMT,21,107,vol_chg_21d,0.005198
LMT,21,107,event_fed_gravity,0.006422
LMT,21,107,event_earn_gravity,0.0
LMT,21,107,event_div_gravity,0.0
LMT,21,107,event_cpi_gravity,0.012178
LMT,21,107,event_nfp_gravity,0.007118
LMT,21,107,put_call_skew_30d,0.022058
LMT,21,107,term_structure_slope,0.040648
LMT,21,107,vrp_wedge,0.013328
LMT,21,107,iv_atm_z_score,0.030132
LMT,21,107,macro_yield_curve_slope,0.011583
LMT,21,107,macro_hy_spread,0.007801
LMT,21,107,macro_hy_spread_chg_5d,0.002571
LMT,21,107,macro_breakeven_5y,0.018668
LMT,21,107,macro_inflation_fwd_5y5y,0.012247
LMT,21,107,macro_inflation_fwd_chg_21d,0.007848
LMT,21,107,macro_inflation_fwd_abs_chg_21d,0.013826
LMT,21,107,macro_inflation_fwd_chg_63d,0.005748
LMT,21,107,macro_inflation_fwd_zscore,0.007348
LMT,21,107,macro_dollar_ret,0.0
LMT,21,107,beta_spy,0.007577
LMT,21,107,res_vol,0.02886
LMT,21,107,res_vol_vel,0.002417
LMT,21,107,price_regime,0.009972
LMT,21,107,corr_sector_21d,0.008035
LMT,21,107,corr_sector_252d,0.018909
LMT,21,107,sector_wedge,0.008505
LMT,21,108,rv_5d,0.193599
LMT,21,108,rv_10d,0.148866
LMT,21,108,rv_21d,0.103848
LMT,21,108,rv_63d,0.020373
LMT,21,108,rv_126d,0.013795
LMT,21,108,ewma_vol,0.034047
LMT,21,108,garch_cond_vol,0.003454
LMT,21,108,ret_TARGET,0.0
LMT,21,108,tech_RSI,0.004699
LMT,21,108,tech_MACD_hist,0.027676
LMT,21,108,ret_VIXY,0.0
LMT,21,108,mom21_VIXY,0.011294
LMT,21,108,ret_HYG,0.0
LMT,21,108,mom21_HYG,0.012197
LMT,21,108,ret_USO,0.00193
LMT,21,108,mom21_USO,0.014464
LMT,21,108,ret_TLT,0.0
LMT,21,108,mom21_TLT,0.008326
LMT,21,108,ret_UUP,0.0
LMT,21,108,mom21_UUP,0.005097
LMT,21,108,ret_SPY,0.002102
LMT,21,108,mom21_SPY,0.029076
LMT,21,108,vol_vel,0.023478
LMT,21,108,vol_of_vol,0.006455
LMT,21,108,vol_regime_zscore,0.012156
LMT,21,108,vol_chg_21d,0.005182
LMT,21,108,event_fed_gravity,0.006679
LMT,21,108,event_earn_gravity,0.0
LMT,21,108,event_div_gravity,0.0
LMT,21,108,event_cpi_gravity,0.014008
LMT,21,108,event_nfp_gravity,0.006586
LMT,21,108,put_call_skew_30d,0.013392
LMT,21,108,term_structure_slope,0.043663
LMT,21,108,vrp_wedge,0.014392
LMT,21,108,iv_atm_z_score,0.031126
LMT,21,108,macro_yield_curve_slope,0.011171
LMT,21,108,macro_hy_spread,0.009939
LMT,21,108,macro_hy_spread_chg_5d,0.013616
LMT,21,108,macro_breakeven_5y,0.01512
LMT,21,108,macro_inflation_fwd_5y5y,0.012434
LMT,21,108,macro_inflation_fwd_chg_21d,0.005333
LMT,21,108,macro_inflation_fwd_abs_chg_21d,0.014788
LMT,21,108,macro_inflation_fwd_chg_63d,0.005126
LMT,21,108,macro_inflation_fwd_zscore,0.009568
LMT,21,108,macro_dollar_ret,0.0
LMT,21,108,beta_spy,0.007271
LMT,21,108,res_vol,0.035202
LMT,21,108,res_vol_vel,0.003028
LMT,21,108,price_regime,0.011089
LMT,21,108,corr_sector_21d,0.006939
LMT,21,108,corr_sector_252d,0.019919
LMT,21,108,sector_wedge,0.007497
LMT,21,109,rv_5d,0.204299
LMT,21,109,rv_10d,0.121507
LMT,21,109,rv_21d,0.082867
LMT,21,109,rv_63d,0.022032
LMT,21,109,rv_126d,0.014795
LMT,21,109,ewma_vol,0.026082
LMT,21,109,garch_cond_vol,0.003074
LMT,21,109,ret_TARGET,0.0
LMT,21,109,tech_RSI,0.007186
LMT,21,109,tech_MACD_hist,0.031771
LMT,21,109,ret_VIXY,0.0
LMT,21,109,mom21_VIXY,0.017671
LMT,21,109,ret_HYG,0.002719
LMT,21,109,mom21_HYG,0.012143
LMT,21,109,ret_USO,0.0
LMT,21,109,mom21_USO,0.017377
LMT,21,109,ret_TLT,0.0
LMT,21,109,mom21_TLT,0.00981
LMT,21,109,ret_UUP,0.0
LMT,21,109,mom21_UUP,0.005295
LMT,21,109,ret_SPY,0.002655
LMT,21,109,mom21_SPY,0.021495
LMT,21,109,vol_vel,0.042988
LMT,21,109,vol_of_vol,0.008094
LMT,21,109,vol_regime_zscore,0.014189
LMT,21,109,vol_chg_21d,0.005877
LMT,21,109,event_fed_gravity,0.006638
LMT,21,109,event_earn_gravity,0.0
LMT,21,109,event_div_gravity,0.0
LMT,21,109,event_cpi_gravity,0.010182
LMT,21,109,event_nfp_gravity,0.006155
LMT,21,109,put_call_skew_30d,0.02447
LMT,21,109,term_structure_slope,0.045225
LMT,21,109,vrp_wedge,0.013635
LMT,21,109,iv_atm_z_score,0.032031
LMT,21,109,macro_yield_curve_slope,0.012576
LMT,21,109,macro_hy_spread,0.007981
LMT,21,109,macro_hy_spread_chg_5d,0.01496
LMT,21,109,macro_breakeven_5y,0.016215
LMT,21,109,macro_inflation_fwd_5y5y,0.010214
LMT,21,109,macro_inflation_fwd_chg_21d,0.0057
LMT,21,109,macro_inflation_fwd_abs_chg_21d,0.014787
LMT,21,109,macro_inflation_fwd_chg_63d,0.005693
LMT,21,109,macro_inflation_fwd_zscore,0.009944
LMT,21,109,macro_dollar_ret,0.0
LMT,21,109,beta_spy,0.008264
LMT,21,109,res_vol,0.032183
LMT,21,109,res_vol_vel,0.002836
LMT,21,109,price_regime,0.010664
LMT,21,109,corr_sector_21d,0.009821
LMT,21,109,corr_sector_252d,0.018531
LMT,21,109,sector_wedge,0.007368
LMT,21,110,rv_5d,0.184411
LMT,21,110,rv_10d,0.208143
LMT,21,110,rv_21d,0.062173
LMT,21,110,rv_63d,0.030704
LMT,21,110,rv_126d,0.012992
LMT,21,110,ewma_vol,0.025096
LMT,21,110,garch_cond_vol,0.002802
LMT,21,110,ret_TARGET,0.0
LMT,21,110,tech_RSI,0.005427
LMT,21,110,tech_MACD_hist,0.030052
LMT,21,110,ret_VIXY,0.0
LMT,21,110,mom21_VIXY,0.017249
LMT,21,110,ret_HYG,0.0
LMT,21,110,mom21_HYG,0.012284
LMT,21,110,ret_USO,0.0
LMT,21,110,mom21_USO,0.014804
LMT,21,110,ret_TLT,0.0
LMT,21,110,mom21_TLT,0.008445
LMT,21,110,ret_UUP,0.0
LMT,21,110,mom21_UUP,0.005605
LMT,21,110,ret_SPY,0.002228
LMT,21,110,mom21_SPY,0.035095
LMT,21,110,vol_vel,0.015774
LMT,21,110,vol_of_vol,0.00802
LMT,21,110,vol_regime_zscore,0.012804
LMT,21,110,vol_chg_21d,0.004332
LMT,21,110,event_fed_gravity,0.006285
LMT,21,110,event_earn_gravity,0.0
LMT,21,110,event_div_gravity,0.0
LMT,21,110,event_cpi_gravity,0.011384
LMT,21,110,event_nfp_gravity,0.006097
LMT,21,110,put_call_skew_30d,0.009771
LMT,21,110,term_structure_slope,0.047534
LMT,21,110,vrp_wedge,0.012091
LMT,21,110,iv_atm_z_score,0.031026
LMT,21,110,macro_yield_curve_slope,0.013433
LMT,21,110,macro_hy_spread,0.008892
LMT,21,110,macro_hy_spread_chg_5d,0.002416
LMT,21,110,macro_breakeven_5y,0.016095
LMT,21,110,macro_inflation_fwd_5y5y,0.012328
LMT,21,110,macro_inflation_fwd_chg_21d,0.008787
LMT,21,110,macro_inflation_fwd_abs_chg_21d,0.014398
LMT,21,110,macro_inflation_fwd_chg_63d,0.004819
LMT,21,110,macro_inflation_fwd_zscore,0.009575
LMT,21,110,macro_dollar_ret,0.0
LMT,21,110,beta_spy,0.007658
LMT,21,110,res_vol,0.033172
LMT,21,110,res_vol_vel,0.003111
LMT,21,110,price_regime,0.00932
LMT,21,110,corr_sector_21d,0.008137
LMT,21,110,corr_sector_252d,0.01608
LMT,21,110,sector_wedge,0.009151
LMT,21,111,rv_5d,0.21223
LMT,21,111,rv_10d,0.170637
LMT,21,111,rv_21d,0.045387
LMT,21,111,rv_63d,0.03446
LMT,21,111,rv_126d,0.01397
LMT,21,111,ewma_vol,0.011258
LMT,21,111,garch_cond_vol,0.003603
LMT,21,111,ret_TARGET,0.0
LMT,21,111,tech_RSI,0.00542
LMT,21,111,tech_MACD_hist,0.032819
LMT,21,111,ret_VIXY,0.0
LMT,21,111,mom21_VIXY,0.021017
LMT,21,111,ret_HYG,0.0
LMT,21,111,mom21_HYG,0.013317
LMT,21,111,ret_USO,0.0
LMT,21,111,mom21_USO,0.015985
LMT,21,111,ret_TLT,0.0
LMT,21,111,mom21_TLT,0.006936
LMT,21,111,ret_UUP,0.0
LMT,21,111,mom21_UUP,0.004954
LMT,21,111,ret_SPY,0.0
LMT,21,111,mom21_SPY,0.050607
LMT,21,111,vol_vel,0.02337
LMT,21,111,vol_of_vol,0.007691
LMT,21,111,vol_regime_zscore,0.013807
LMT,21,111,vol_chg_21d,0.005685
LMT,21,111,event_fed_gravity,0.007693
LMT,21,111,event_earn_gravity,0.0
LMT,21,111,event_div_gravity,0.0
LMT,21,111,event_cpi_gravity,0.01173
LMT,21,111,event_nfp_gravity,0.006165
LMT,21,111,put_call_skew_30d,0.011752
LMT,21,111,term_structure_slope,0.053498
LMT,21,111,vrp_wedge,0.010994
LMT,21,111,iv_atm_z_score,0.031794
LMT,21,111,macro_yield_curve_slope,0.012986
LMT,21,111,macro_hy_spread,0.00775
LMT,21,111,macro_hy_spread_chg_5d,0.0
LMT,21,111,macro_breakeven_5y,0.018765
LMT,21,111,macro_inflation_fwd_5y5y,0.011778
LMT,21,111,macro_inflation_fwd_chg_21d,0.006652
LMT,21,111,macro_inflation_fwd_abs_chg_21d,0.012792
LMT,21,111,macro_inflation_fwd_chg_63d,0.00509
LMT,21,111,macro_inflation_fwd_zscore,0.012248
LMT,21,111,macro_dollar_ret,0.0
LMT,21,111,beta_spy,0.007661
LMT,21,111,res_vol,0.031419
LMT,21,111,res_vol_vel,0.003269
LMT,21,111,price_regime,0.006743
LMT,21,111,corr_sector_21d,0.008304
LMT,21,111,corr_sector_252d,0.01839
LMT,21,111,sector_wedge,0.009375
LMT,21,112,rv_5d,0.189072
LMT,21,112,rv_10d,0.173996
LMT,21,112,rv_21d,0.049913
LMT,21,112,rv_63d,0.036728
LMT,21,112,rv_126d,0.013658
LMT,21,112,ewma_vol,0.016545
LMT,21,112,garch_cond_vol,0.003572
LMT,21,112,ret_TARGET,0.002554
LMT,21,112,tech_RSI,0.005518
LMT,21,112,tech_MACD_hist,0.032735
LMT,21,112,ret_VIXY,0.004755
LMT,21,112,mom21_VIXY,0.02573
LMT,21,112,ret_HYG,0.0
LMT,21,112,mom21_HYG,0.010627
LMT,21,112,ret_USO,0.0
LMT,21,112,mom21_USO,0.016803
LMT,21,112,ret_TLT,0.0
LMT,21,112,mom21_TLT,0.007828
LMT,21,112,ret_UUP,0.0
LMT,21,112,mom21_UUP,0.006553
LMT,21,112,ret_SPY,0.012002
LMT,21,112,mom21_SPY,0.042686
LMT,21,112,vol_vel,0.006487
LMT,21,112,vol_of_vol,0.007358
LMT,21,112,vol_regime_zscore,0.017759
LMT,21,112,vol_chg_21d,0.006829
LMT,21,112,event_fed_gravity,0.008507
LMT,21,112,event_earn_gravity,0.0
LMT,21,112,event_div_gravity,0.0
LMT,21,112,event_cpi_gravity,0.010778
LMT,21,112,event_nfp_gravity,0.006385
LMT,21,112,put_call_skew_30d,0.009628
LMT,21,112,term_structure_slope,0.048415
LMT,21,112,vrp_wedge,0.014815
LMT,21,112,iv_atm_z_score,0.033278
LMT,21,112,macro_yield_curve_slope,0.015104
LMT,21,112,macro_hy_spread,0.009122
LMT,21,112,macro_hy_spread_chg_5d,0.009265
LMT,21,112,macro_breakeven_5y,0.016144
LMT,21,112,macro_inflation_fwd_5y5y,0.012181
LMT,21,112,macro_inflation_fwd_chg_21d,0.003394
LMT,21,112,macro_inflation_fwd_abs_chg_21d,0.014396
LMT,21,112,macro_inflation_fwd_chg_63d,0.005117
LMT,21,112,macro_inflation_fwd_zscore,0.010876
LMT,21,112,macro_dollar_ret,0.0
LMT,21,112,beta_spy,0.009697
LMT,21,112,res_vol,0.029764
LMT,21,112,res_vol_vel,0.003427
LMT,21,112,price_regime,0.007183
LMT,21,112,corr_sector_21d,0.008928
LMT,21,112,corr_sector_252d,0.01518
LMT,21,112,sector_wedge,0.008709
LMT,21,113,rv_5d,0.2227
LMT,21,113,rv_10d,0.112327
LMT,21,113,rv_21d,0.024066
LMT,21,113,rv_63d,0.044099
LMT,21,113,rv_126d,0.014163
LMT,21,113,ewma_vol,0.024258
LMT,21,113,garch_cond_vol,0.003137
LMT,21,113,ret_TARGET,0.0
LMT,21,113,tech_RSI,0.005742
LMT,21,113,tech_MACD_hist,0.027103
LMT,21,113,ret_VIXY,0.0
LMT,21,113,mom21_VIXY,0.019267
LMT,21,113,ret_HYG,0.0
LMT,21,113,mom21_HYG,0.007848
LMT,21,113,ret_USO,0.0
LMT,21,113,mom21_USO,0.019988
LMT,21,113,ret_TLT,0.0
LMT,21,113,mom21_TLT,0.008202
LMT,21,113,ret_UUP,0.0
LMT,21,113,mom21_UUP,0.00657
LMT,21,113,ret_SPY,0.002739
LMT,21,113,mom21_SPY,0.060177
LMT,21,113,vol_vel,0.029846
LMT,21,113,vol_of_vol,0.007721
LMT,21,113,vol_regime_zscore,0.018284
LMT,21,113,vol_chg_21d,0.006367
LMT,21,113,event_fed_gravity,0.009061
LMT,21,113,event_earn_gravity,0.0
LMT,21,113,event_div_gravity,0.0
LMT,21,113,event_cpi_gravity,0.010501
LMT,21,113,event_nfp_gravity,0.008766
LMT,21,113,put_call_skew_30d,0.012178
LMT,21,113,term_structure_slope,0.046197
LMT,21,113,vrp_wedge,0.010952
LMT,21,113,iv_atm_z_score,0.035692
LMT,21,113,macro_yield_curve_slope,0.014787
LMT,21,113,macro_hy_spread,0.009292
LMT,21,113,macro_hy_spread_chg_5d,0.029488
LMT,21,113,macro_breakeven_5y,0.014407
LMT,21,113,macro_inflation_fwd_5y5y,0.012015
LMT,21,113,macro_inflation_fwd_chg_21d,0.004335
LMT,21,113,macro_inflation_fwd_abs_chg_21d,0.015978
LMT,21,113,macro_inflation_fwd_chg_63d,0.004682
LMT,21,113,macro_inflation_fwd_zscore,0.009144
LMT,21,113,macro_dollar_ret,0.0
LMT,21,113,beta_spy,0.00846
LMT,21,113,res_vol,0.031909
LMT,21,113,res_vol_vel,0.003816
LMT,21,113,price_regime,0.007457
LMT,21,113,corr_sector_21d,0.008731
LMT,21,113,corr_sector_252d,0.019717
LMT,21,113,sector_wedge,0.007829
LMT,21,114,rv_5d,0.169792
LMT,21,114,rv_10d,0.178801
LMT,21,114,rv_21d,0.015856
LMT,21,114,rv_63d,0.05167
LMT,21,114,rv_126d,0.013144
LMT,21,114,ewma_vol,0.020411
LMT,21,114,garch_cond_vol,0.00345
LMT,21,114,ret_TARGET,0.0
LMT,21,114,tech_RSI,0.005224
LMT,21,114,tech_MACD_hist,0.036873
LMT,21,114,ret_VIXY,0.0
LMT,21,114,mom21_VIXY,0.017992
LMT,21,114,ret_HYG,0.0
LMT,21,114,mom21_HYG,0.008975
LMT,21,114,ret_USO,0.0
LMT,21,114,mom21_USO,0.014739
LMT,21,114,ret_TLT,0.0
LMT,21,114,mom21_TLT,0.008635
LMT,21,114,ret_UUP,0.0
LMT,21,114,mom21_UUP,0.006142
LMT,21,114,ret_SPY,0.003733
LMT,21,114,mom21_SPY,0.075793
LMT,21,114,vol_vel,0.017246
LMT,21,114,vol_of_vol,0.011554
LMT,21,114,vol_regime_zscore,0.018441
LMT,21,114,vol_chg_21d,0.007212
LMT,21,114,event_fed_gravity,0.007709
LMT,21,114,event_earn_gravity,0.0
LMT,21,114,event_div_gravity,0.0
LMT,21,114,event_cpi_gravity,0.010385
LMT,21,114,event_nfp_gravity,0.004672
LMT,21,114,put_call_skew_30d,0.012748
LMT,21,114,term_structure_slope,0.03639
LMT,21,114,vrp_wedge,0.009389
LMT,21,114,iv_atm_z_score,0.036166
LMT,21,114,macro_yield_curve_slope,0.014624
LMT,21,114,macro_hy_spread,0.009396
LMT,21,114,macro_hy_spread_chg_5d,0.016433
LMT,21,114,macro_breakeven_5y,0.012503
LMT,21,114,macro_inflation_fwd_5y5y,0.011918
LMT,21,114,macro_inflation_fwd_chg_21d,0.010074
LMT,21,114,macro_inflation_fwd_abs_chg_21d,0.01347
LMT,21,114,macro_inflation_fwd_chg_63d,0.005539
LMT,21,114,macro_inflation_fwd_zscore,0.010883
LMT,21,114,macro_dollar_ret,0.0
LMT,21,114,beta_spy,0.008259
LMT,21,114,res_vol,0.037001
LMT,21,114,res_vol_vel,0.003137
LMT,21,114,price_regime,0.006982
LMT,21,114,corr_sector_21d,0.009996
LMT,21,114,corr_sector_252d,0.017916
LMT,21,114,sector_wedge,0.00873
LMT,21,115,rv_5d,0.202658
LMT,21,115,rv_10d,0.119348
LMT,21,115,rv_21d,0.026351
LMT,21,115,rv_63d,0.047658
LMT,21,115,rv_126d,0.016396
LMT,21,115,ewma_vol,0.020097
LMT,21,115,garch_cond_vol,0.005447
LMT,21,115,ret_TARGET,0.002132
LMT,21,115,tech_RSI,0.005336
LMT,21,115,tech_MACD_hist,0.032115
LMT,21,115,ret_VIXY,0.0
LMT,21,115,mom21_VIXY,0.016241
LMT,21,115,ret_HYG,0.0
LMT,21,115,mom21_HYG,0.009579
LMT,21,115,ret_USO,0.002726
LMT,21,115,mom21_USO,0.017572
LMT,21,115,ret_TLT,0.0
LMT,21,115,mom21_TLT,0.008971
LMT,21,115,ret_UUP,0.0
LMT,21,115,mom21_UUP,0.004589
LMT,21,115,ret_SPY,0.003501
LMT,21,115,mom21_SPY,0.071165
LMT,21,115,vol_vel,0.033042
LMT,21,115,vol_of_vol,0.009858
LMT,21,115,vol_regime_zscore,0.016584
LMT,21,115,vol_chg_21d,0.006796
LMT,21,115,event_fed_gravity,0.007724
LMT,21,115,event_earn_gravity,0.0
LMT,21,115,event_div_gravity,0.0
LMT,21,115,event_cpi_gravity,0.010819
LMT,21,115,event_nfp_gravity,0.008001
LMT,21,115,put_call_skew_30d,0.012138
LMT,21,115,term_structure_slope,0.045554
LMT,21,115,vrp_wedge,0.010138
LMT,21,115,iv_atm_z_score,0.038662
LMT,21,115,macro_yield_curve_slope,0.01549
LMT,21,115,macro_hy_spread,0.008156
LMT,21,115,macro_hy_spread_chg_5d,0.015614
LMT,21,115,macro_breakeven_5y,0.011556
LMT,21,115,macro_inflation_fwd_5y5y,0.011247
LMT,21,115,macro_inflation_fwd_chg_21d,0.008313
LMT,21,115,macro_inflation_fwd_abs_chg_21d,0.016903
LMT,21,115,macro_inflation_fwd_chg_63d,0.008076
LMT,21,115,macro_inflation_fwd_zscore,0.009006
LMT,21,115,macro_dollar_ret,0.0
LMT,21,115,beta_spy,0.005234
LMT,21,115,res_vol,0.033246
LMT,21,115,res_vol_vel,0.002562
LMT,21,115,price_regime,0.006393
LMT,21,115,corr_sector_21d,0.008758
LMT,21,115,corr_sector_252d,0.018594
LMT,21,115,sector_wedge,0.009653
LMT,21,116,rv_5d,0.179141
LMT,21,116,rv_10d,0.114372
LMT,21,116,rv_21d,0.027349
LMT,21,116,rv_63d,0.0515
LMT,21,116,rv_126d,0.015441
LMT,21,116,ewma_vol,0.040554
LMT,21,116,garch_cond_vol,0.005172
LMT,21,116,ret_TARGET,0.0
LMT,21,116,tech_RSI,0.005638
LMT,21,116,tech_MACD_hist,0.032959
LMT,21,116,ret_VIXY,0.0
LMT,21,116,mom21_VIXY,0.015804
LMT,21,116,ret_HYG,0.0
LMT,21,116,mom21_HYG,0.01119
LMT,21,116,ret_USO,0.0
LMT,21,116,mom21_USO,0.016766
LMT,21,116,ret_TLT,0.0
LMT,21,116,mom21_TLT,0.010492
LMT,21,116,ret_UUP,0.0
LMT,21,116,mom21_UUP,0.005462
LMT,21,116,ret_SPY,0.006634
LMT,21,116,mom21_SPY,0.057914
LMT,21,116,vol_vel,0.013928
LMT,21,116,vol_of_vol,0.007809
LMT,21,116,vol_regime_zscore,0.025045
LMT,21,116,vol_chg_21d,0.009842
LMT,21,116,event_fed_gravity,0.007763
LMT,21,116,event_earn_gravity,0.0
LMT,21,116,event_div_gravity,0.0
LMT,21,116,event_cpi_gravity,0.013467
LMT,21,116,event_nfp_gravity,0.008943
LMT,21,116,put_call_skew_30d,0.01566
LMT,21,116,term_structure_slope,0.044041
LMT,21,116,vrp_wedge,0.010333
LMT,21,116,iv_atm_z_score,0.042325
LMT,21,116,macro_yield_curve_slope,0.016362
LMT,21,116,macro_hy_spread,0.010881
LMT,21,116,macro_hy_spread_chg_5d,0.002279
LMT,21,116,macro_breakeven_5y,0.01514
LMT,21,116,macro_inflation_fwd_5y5y,0.012208
LMT,21,116,macro_inflation_fwd_chg_21d,0.007263
LMT,21,116,macro_inflation_fwd_abs_chg_21d,0.018895
LMT,21,116,macro_inflation_fwd_chg_63d,0.008143
LMT,21,116,macro_inflation_fwd_zscore,0.010991
LMT,21,116,macro_dollar_ret,0.0
LMT,21,116,beta_spy,0.007726
LMT,21,116,res_vol,0.043438
LMT,21,116,res_vol_vel,0.00375
LMT,21,116,price_regime,0.006051
LMT,21,116,corr_sector_21d,0.012189
LMT,21,116,corr_sector_252d,0.017951
LMT,21,116,sector_wedge,0.011186
LMT,21,117,rv_5d,0.140275
LMT,21,117,rv_10d,0.145629
LMT,21,117,rv_21d,0.069301
LMT,21,117,rv_63d,0.044328
LMT,21,117,rv_126d,0.013183
LMT,21,117,ewma_vol,0.029745
LMT,21,117,garch_cond_vol,0.004256
LMT,21,117,ret_TARGET,0.0
LMT,21,117,tech_RSI,0.005796
LMT,21,117,tech_MACD_hist,0.035931
LMT,21,117,ret_VIXY,0.0
LMT,21,117,mom21_VIXY,0.017183
LMT,21,117,ret_HYG,0.0
LMT,21,117,mom21_HYG,0.006477
LMT,21,117,ret_USO,0.0
LMT,21,117,mom21_USO,0.018321
LMT,21,117,ret_TLT,0.0
LMT,21,117,mom21_TLT,0.011512
LMT,21,117,ret_UUP,0.0
LMT,21,117,mom21_UUP,0.007112
LMT,21,117,ret_SPY,0.0
LMT,21,117,mom21_SPY,0.059432
LMT,21,117,vol_vel,0.016896
LMT,21,117,vol_of_vol,0.00908
LMT,21,117,vol_regime_zscore,0.022373
LMT,21,117,vol_chg_21d,0.006444
LMT,21,117,event_fed_gravity,0.007825
LMT,21,117,event_earn_gravity,0.0
LMT,21,117,event_div_gravity,0.0
LMT,21,117,event_cpi_gravity,0.010274
LMT,21,117,event_nfp_gravity,0.007225
LMT,21,117,put_call_skew_30d,0.013912
LMT,21,117,term_structure_slope,0.042601
LMT,21,117,vrp_wedge,0.009669
LMT,21,117,iv_atm_z_score,0.038243
LMT,21,117,macro_yield_curve_slope,0.015246
LMT,21,117,macro_hy_spread,0.008961
LMT,21,117,macro_hy_spread_chg_5d,0.019866
LMT,21,117,macro_breakeven_5y,0.015731
LMT,21,117,macro_inflation_fwd_5y5y,0.014915
LMT,21,117,macro_inflation_fwd_chg_21d,0.005353
LMT,21,117,macro_inflation_fwd_abs_chg_21d,0.019345
LMT,21,117,macro_inflation_fwd_chg_63d,0.006085
LMT,21,117,macro_inflation_fwd_zscore,0.01111
LMT,21,117,macro_dollar_ret,0.0
LMT,21,117,beta_spy,0.006154
LMT,21,117,res_vol,0.034219
LMT,21,117,res_vol_vel,0.003646
LMT,21,117,price_regime,0.006807
LMT,21,117,corr_sector_21d,0.01137
LMT,21,117,corr_sector_252d,0.018629
LMT,21,117,sector_wedge,0.00954
LMT,21,118,rv_5d,0.16527
LMT,21,118,rv_10d,0.144258
LMT,21,118,rv_21d,0.052835
LMT,21,118,rv_63d,0.046877
LMT,21,118,rv_126d,0.01208
LMT,21,118,ewma_vol,0.042545
LMT,21,118,garch_cond_vol,0.004464
LMT,21,118,ret_TARGET,0.0
LMT,21,118,tech_RSI,0.006123
LMT,21,118,tech_MACD_hist,0.029956
LMT,21,118,ret_VIXY,0.0
LMT,21,118,mom21_VIXY,0.018756
LMT,21,118,ret_HYG,0.0
LMT,21,118,mom21_HYG,0.009574
LMT,21,118,ret_USO,0.0
LMT,21,118,mom21_USO,0.01918
LMT,21,118,ret_TLT,0.0
LMT,21,118,mom21_TLT,0.010122
LMT,21,118,ret_UUP,0.0
LMT,21,118,mom21_UUP,0.00694
LMT,21,118,ret_SPY,0.003021
LMT,21,118,mom21_SPY,0.060206
LMT,21,118,vol_vel,0.022753
LMT,21,118,vol_of_vol,0.00869
LMT,21,118,vol_regime_zscore,0.02093
LMT,21,118,vol_chg_21d,0.005774
LMT,21,118,event_fed_gravity,0.00749
LMT,21,118,event_earn_gravity,0.0
LMT,21,118,event_div_gravity,0.0
LMT,21,118,event_cpi_gravity,0.009971
LMT,21,118,event_nfp_gravity,0.009638
LMT,21,118,put_call_skew_30d,0.003163
LMT,21,118,term_structure_slope,0.045346
LMT,21,118,vrp_wedge,0.013235
LMT,21,118,iv_atm_z_score,0.037536
LMT,21,118,macro_yield_curve_slope,0.014769
LMT,21,118,macro_hy_spread,0.009174
LMT,21,118,macro_hy_spread_chg_5d,0.002206
LMT,21,118,macro_breakeven_5y,0.013773
LMT,21,118,macro_inflation_fwd_5y5y,0.014478
LMT,21,118,macro_inflation_fwd_chg_21d,0.008279
LMT,21,118,macro_inflation_fwd_abs_chg_21d,0.018607
LMT,21,118,macro_inflation_fwd_chg_63d,0.005296
LMT,21,118,macro_inflation_fwd_zscore,0.009125
LMT,21,118,macro_dollar_ret,0.0
LMT,21,118,beta_spy,0.005946
LMT,21,118,res_vol,0.034202
LMT,21,118,res_vol_vel,0.003607
LMT,21,118,price_regime,0.006837
LMT,21,118,corr_sector_21d,0.011444
LMT,21,118,corr_sector_252d,0.01911
LMT,21,118,sector_wedge,0.006412
LMT,21,119,rv_5d,0.176671
LMT,21,119,rv_10d,0.209321
LMT,21,119,rv_21d,0.033756
LMT,21,119,rv_63d,0.04453
LMT,21,119,rv_126d,0.012436
LMT,21,119,ewma_vol,0.031892
LMT,21,119,garch_cond_vol,0.005278
LMT,21,119,ret_TARGET,0.0
LMT,21,119,tech_RSI,0.00493
LMT,21,119,tech_MACD_hist,0.02519
LMT,21,119,ret_VIXY,0.012926
LMT,21,119,mom21_VIXY,0.02054
LMT,21,119,ret_HYG,0.0
LMT,21,119,mom21_HYG,0.004054
LMT,21,119,ret_USO,0.0
LMT,21,119,mom21_USO,0.017245
LMT,21,119,ret_TLT,0.0
LMT,21,119,mom21_TLT,0.009892
LMT,21,119,ret_UUP,0.0
LMT,21,119,mom21_UUP,0.007043
LMT,21,119,ret_SPY,0.005526
LMT,21,119,mom21_SPY,0.050501
LMT,21,119,vol_vel,0.016748
LMT,21,119,vol_of_vol,0.008306
LMT,21,119,vol_regime_zscore,0.019823
LMT,21,119,vol_chg_21d,0.007488
LMT,21,119,event_fed_gravity,0.008257
LMT,21,119,event_earn_gravity,0.0
LMT,21,119,event_div_gravity,0.0
LMT,21,119,event_cpi_gravity,0.008078
LMT,21,119,event_nfp_gravity,0.006522
LMT,21,119,put_call_skew_30d,0.007824
LMT,21,119,term_structure_slope,0.037715
LMT,21,119,vrp_wedge,0.007339
LMT,21,119,iv_atm_z_score,0.033988
LMT,21,119,macro_yield_curve_slope,0.013011
LMT,21,119,macro_hy_spread,0.007357
LMT,21,119,macro_hy_spread_chg_5d,0.0
LMT,21,119,macro_breakeven_5y,0.012927
LMT,21,119,macro_inflation_fwd_5y5y,0.012299
LMT,21,119,macro_inflation_fwd_chg_21d,0.007126
LMT,21,119,macro_inflation_fwd_abs_chg_21d,0.016853
LMT,21,119,macro_inflation_fwd_chg_63d,0.004914
LMT,21,119,macro_inflation_fwd_zscore,0.007155
LMT,21,119,macro_dollar_ret,0.0
LMT,21,119,beta_spy,0.005928
LMT,21,119,res_vol,0.03237
LMT,21,119,res_vol_vel,0.003334
LMT,21,119,price_regime,0.005291
LMT,21,119,corr_sector_21d,0.010943
LMT,21,119,corr_sector_252d,0.017027
LMT,21,119,sector_wedge,0.00965
LMT,21,120,rv_5d,0.137846
LMT,21,120,rv_10d,0.163526
LMT,21,120,rv_21d,0.069459
LMT,21,120,rv_63d,0.044044
LMT,21,120,rv_126d,0.01286
LMT,21,120,ewma_vol,0.046759
LMT,21,120,garch_cond_vol,0.004884
LMT,21,120,ret_TARGET,0.0
LMT,21,120,tech_RSI,0.005938
LMT,21,120,tech_MACD_hist,0.027369
LMT,21,120,ret_VIXY,0.0
LMT,21,120,mom21_VIXY,0.019158
LMT,21,120,ret_HYG,0.0
LMT,21,120,mom21_HYG,0.00939
LMT,21,120,ret_USO,0.0
LMT,21,120,mom21_USO,0.018699
LMT,21,120,ret_TLT,0.0
LMT,21,120,mom21_TLT,0.009261
LMT,21,120,ret_UUP,0.0
LMT,21,120,mom21_UUP,0.005318
LMT,21,120,ret_SPY,0.011183
LMT,21,120,mom21_SPY,0.051734
LMT,21,120,vol_vel,0.019411
LMT,21,120,vol_of_vol,0.007967
LMT,21,120,vol_regime_zscore,0.019447
LMT,21,120,vol_chg_21d,0.007294
LMT,21,120,event_fed_gravity,0.008946
LMT,21,120,event_earn_gravity,0.0
LMT,21,120,event_div_gravity,0.0
LMT,21,120,event_cpi_gravity,0.008066
LMT,21,120,event_nfp_gravity,0.010804
LMT,21,120,put_call_skew_30d,0.014776
LMT,21,120,term_structure_slope,0.041662
LMT,21,120,vrp_wedge,0.014002
LMT,21,120,iv_atm_z_score,0.036527
LMT,21,120,macro_yield_curve_slope,0.014519
LMT,21,120,macro_hy_spread,0.009296
LMT,21,120,macro_hy_spread_chg_5d,0.0
LMT,21,120,macro_breakeven_5y,0.014965
LMT,21,120,macro_inflation_fwd_5y5y,0.014619
LMT,21,120,macro_inflation_fwd_chg_21d,0.005695
LMT,21,120,macro_inflation_fwd_abs_chg_21d,0.017749
LMT,21,120,macro_inflation_fwd_chg_63d,0.006219
LMT,21,120,macro_inflation_fwd_zscore,0.008596
LMT,21,120,macro_dollar_ret,0.0
LMT,21,120,beta_spy,0.006222
LMT,21,120,res_vol,0.032596
LMT,21,120,res_vol_vel,0.003775
LMT,21,120,price_regime,0.005565
LMT,21,120,corr_sector_21d,0.010276
LMT,21,120,corr_sector_252d,0.017785
LMT,21,120,sector_wedge,0.005795
LMT,21,121,rv_5d,0.159657
LMT,21,121,rv_10d,0.104247
LMT,21,121,rv_21d,0.040345
LMT,21,121,rv_63d,0.052893
LMT,21,121,rv_126d,0.012605
LMT,21,121,ewma_vol,0.040057
LMT,21,121,garch_cond_vol,0.004584
LMT,21,121,ret_TARGET,0.0
LMT,21,121,tech_RSI,0.00616
LMT,21,121,tech_MACD_hist,0.031577
LMT,21,121,ret_VIXY,0.006351
LMT,21,121,mom21_VIXY,0.020311
LMT,21,121,ret_HYG,0.0
LMT,21,121,mom21_HYG,0.01286
LMT,21,121,ret_USO,0.0
LMT,21,121,mom21_USO,0.019855
LMT,21,121,ret_TLT,0.0
LMT,21,121,mom21_TLT,0.009115
LMT,21,121,ret_UUP,0.0
LMT,21,121,mom21_UUP,0.007358
LMT,21,121,ret_SPY,0.002583
LMT,21,121,mom21_SPY,0.051489
LMT,21,121,vol_vel,0.03695
LMT,21,121,vol_of_vol,0.009778
LMT,21,121,vol_regime_zscore,0.019051
LMT,21,121,vol_chg_21d,0.006086
LMT,21,121,event_fed_gravity,0.00849
LMT,21,121,event_earn_gravity,0.0
LMT,21,121,event_div_gravity,0.0
LMT,21,121,event_cpi_gravity,0.011174
LMT,21,121,event_nfp_gravity,0.010743
LMT,21,121,put_call_skew_30d,0.003234
LMT,21,121,term_structure_slope,0.048689
LMT,21,121,vrp_wedge,0.012197
LMT,21,121,iv_atm_z_score,0.041924
LMT,21,121,macro_yield_curve_slope,0.01554
LMT,21,121,macro_hy_spread,0.009672
LMT,21,121,macro_hy_spread_chg_5d,0.017695
LMT,21,121,macro_breakeven_5y,0.014316
LMT,21,121,macro_inflation_fwd_5y5y,0.015309
LMT,21,121,macro_inflation_fwd_chg_21d,0.008311
LMT,21,121,macro_inflation_fwd_abs_chg_21d,0.020016
LMT,21,121,macro_inflation_fwd_chg_63d,0.00692
LMT,21,121,macro_inflation_fwd_zscore,0.012316
LMT,21,121,macro_dollar_ret,0.0
LMT,21,121,beta_spy,0.005667
LMT,21,121,res_vol,0.032269
LMT,21,121,res_vol_vel,0.002941
LMT,21,121,price_regime,0.00739
LMT,21,121,corr_sector_21d,0.012367
LMT,21,121,corr_sector_252d,0.019831
LMT,21,121,sector_wedge,0.009078
LMT,21,122,rv_5d,0.161634
LMT,21,122,rv_10d,0.144738
LMT,21,122,rv_21d,0.052271
LMT,21,122,rv_63d,0.052127
LMT,21,122,rv_126d,0.01385
LMT,21,122,ewma_vol,0.034674
LMT,21,122,garch_cond_vol,0.005259
LMT,21,122,ret_TARGET,0.0
LMT,21,122,tech_RSI,0.005939
LMT,21,122,tech_MACD_hist,0.027332
LMT,21,122,ret_VIXY,0.0
LMT,21,122,mom21_VIXY,0.022724
LMT,21,122,ret_HYG,0.0
LMT,21,122,mom21_HYG,0.004054
LMT,21,122,ret_USO,0.0
LMT,21,122,mom21_USO,0.020655
LMT,21,122,ret_TLT,0.0
LMT,21,122,mom21_TLT,0.011056
LMT,21,122,ret_UUP,0.0
LMT,21,122,mom21_UUP,0.006364
LMT,21,122,ret_SPY,0.0
LMT,21,122,mom21_SPY,0.056306
LMT,21,122,vol_vel,0.02399
LMT,21,122,vol_of_vol,0.007394
LMT,21,122,vol_regime_zscore,0.020957
LMT,21,122,vol_chg_21d,0.007169
LMT,21,122,event_fed_gravity,0.008925
LMT,21,122,event_earn_gravity,0.0
LMT,21,122,event_div_gravity,0.0
LMT,21,122,event_cpi_gravity,0.01138
LMT,21,122,event_nfp_gravity,0.003866
LMT,21,122,put_call_skew_30d,0.003751
LMT,21,122,term_structure_slope,0.044745
LMT,21,122,vrp_wedge,0.013908
LMT,21,122,iv_atm_z_score,0.041364
LMT,21,122,macro_yield_curve_slope,0.013577
LMT,21,122,macro_hy_spread,0.009608
LMT,21,122,macro_hy_spread_chg_5d,0.0
LMT,21,122,macro_breakeven_5y,0.016608
LMT,21,122,macro_inflation_fwd_5y5y,0.015269
LMT,21,122,macro_inflation_fwd_chg_21d,0.009056
LMT,21,122,macro_inflation_fwd_abs_chg_21d,0.017865
LMT,21,122,macro_inflation_fwd_chg_63d,0.00792
LMT,21,122,macro_inflation_fwd_zscore,0.009723
LMT,21,122,macro_dollar_ret,0.0
LMT,21,122,beta_spy,0.005536
LMT,21,122,res_vol,0.033826
LMT,21,122,res_vol_vel,0.003561
LMT,21,122,price_regime,0.008211
LMT,21,122,corr_sector_21d,0.011867
LMT,21,122,corr_sector_252d,0.021185
LMT,21,122,sector_wedge,0.009757
LMT,21,123,rv_5d,0.167852
LMT,21,123,rv_10d,0.145419
LMT,21,123,rv_21d,0.043798
LMT,21,123,rv_63d,0.047394
LMT,21,123,rv_126d,0.011948
LMT,21,123,ewma_vol,0.043885
LMT,21,123,garch_cond_vol,0.00688
LMT,21,123,ret_TARGET,0.0
LMT,21,123,tech_RSI,0.006543
LMT,21,123,tech_MACD_hist,0.027348
LMT,21,123,ret_VIXY,0.0
LMT,21,123,mom21_VIXY,0.017893
LMT,21,123,ret_HYG,0.0
LMT,21,123,mom21_HYG,0.006622
LMT,21,123,ret_USO,0.0
LMT,21,123,mom21_USO,0.019289
LMT,21,123,ret_TLT,0.0
LMT,21,123,mom21_TLT,0.009396
LMT,21,123,ret_UUP,0.0
LMT,21,123,mom21_UUP,0.008374
LMT,21,123,ret_SPY,0.005357
LMT,21,123,mom21_SPY,0.055914
LMT,21,123,vol_vel,0.025917
LMT,21,123,vol_of_vol,0.005891
LMT,21,123,vol_regime_zscore,0.022792
LMT,21,123,vol_chg_21d,0.00567
LMT,21,123,event_fed_gravity,0.007344
LMT,21,123,event_earn_gravity,0.0
LMT,21,123,event_div_gravity,0.0
LMT,21,123,event_cpi_gravity,0.012363
LMT,21,123,event_nfp_gravity,0.007671
LMT,21,123,put_call_skew_30d,0.004986
LMT,21,123,term_structure_slope,0.042995
LMT,21,123,vrp_wedge,0.016029
LMT,21,123,iv_atm_z_score,0.041113
LMT,21,123,macro_yield_curve_slope,0.013405
LMT,21,123,macro_hy_spread,0.01009
LMT,21,123,macro_hy_spread_chg_5d,0.0
LMT,21,123,macro_breakeven_5y,0.015835
LMT,21,123,macro_inflation_fwd_5y5y,0.012886
LMT,21,123,macro_inflation_fwd_chg_21d,0.014911
LMT,21,123,macro_inflation_fwd_abs_chg_21d,0.01461
LMT,21,123,macro_inflation_fwd_chg_63d,0.007201
LMT,21,123,macro_inflation_fwd_zscore,0.010165
LMT,21,123,macro_dollar_ret,0.0
LMT,21,123,beta_spy,0.006979
LMT,21,123,res_vol,0.028637
LMT,21,123,res_vol_vel,0.00335
LMT,21,123,price_regime,0.007672
LMT,21,123,corr_sector_21d,0.01086
LMT,21,123,corr_sector_252d,0.019475
LMT,21,123,sector_wedge,0.007239
LMT,21,124,rv_5d,0.149879
LMT,21,124,rv_10d,0.099186
LMT,21,124,rv_21d,0.049555
LMT,21,124,rv_63d,0.053893
LMT,21,124,rv_126d,0.014144
LMT,21,124,ewma_vol,0.023503
LMT,21,124,garch_cond_vol,0.007562
LMT,21,124,ret_TARGET,0.005956
LMT,21,124,tech_RSI,0.006781
LMT,21,124,tech_MACD_hist,0.022733
LMT,21,124,ret_VIXY,0.0
LMT,21,124,mom21_VIXY,0.019758
LMT,21,124,ret_HYG,0.0
LMT,21,124,mom21_HYG,0.007338
LMT,21,124,ret_USO,0.0
LMT,21,124,mom21_USO,0.019953
LMT,21,124,ret_TLT,0.0
LMT,21,124,mom21_TLT,0.011452
LMT,21,124,ret_UUP,0.0
LMT,21,124,mom21_UUP,0.006433
LMT,21,124,ret_SPY,0.00259
LMT,21,124,mom21_SPY,0.053476
LMT,21,124,vol_vel,0.028604
LMT,21,124,vol_of_vol,0.009087
LMT,21,124,vol_regime_zscore,0.024476
LMT,21,124,vol_chg_21d,0.006897
LMT,21,124,event_fed_gravity,0.009512
LMT,21,124,event_earn_gravity,0.0
LMT,21,124,event_div_gravity,0.0
LMT,21,124,event_cpi_gravity,0.009597
LMT,21,124,event_nfp_gravity,0.012621
LMT,21,124,put_call_skew_30d,0.004712
LMT,21,124,term_structure_slope,0.049584
LMT,21,124,vrp_wedge,0.015144
LMT,21,124,iv_atm_z_score,0.04768
LMT,21,124,macro_yield_curve_slope,0.014238
LMT,21,124,macro_hy_spread,0.00999
LMT,21,124,macro_hy_spread_chg_5d,0.025432
LMT,21,124,macro_breakeven_5y,0.017983
LMT,21,124,macro_inflation_fwd_5y5y,0.013259
LMT,21,124,macro_inflation_fwd_chg_21d,0.010904
LMT,21,124,macro_inflation_fwd_abs_chg_21d,0.021243
LMT,21,124,macro_inflation_fwd_chg_63d,0.005893
LMT,21,124,macro_inflation_fwd_zscore,0.012153
LMT,21,124,macro_dollar_ret,0.0
LMT,21,124,beta_spy,0.006211
LMT,21,124,res_vol,0.034389
LMT,21,124,res_vol_vel,0.004232
LMT,21,124,price_regime,0.007762
LMT,21,124,corr_sector_21d,0.013495
LMT,21,124,corr_sector_252d,0.020092
LMT,21,124,sector_wedge,0.010619
LMT,21,125,rv_5d,0.160814
LMT,21,125,rv_10d,0.092667
LMT,21,125,rv_21d,0.058738
LMT,21,125,rv_63d,0.049479
LMT,21,125,rv_126d,0.013136
LMT,21,125,ewma_vol,0.019481
LMT,21,125,garch_cond_vol,0.005854
LMT,21,125,ret_TARGET,0.0
LMT,21,125,tech_RSI,0.008591
LMT,21,125,tech_MACD_hist,0.022226
LMT,21,125,ret_VIXY,0.0
LMT,21,125,mom21_VIXY,0.01957
LMT,21,125,ret_HYG,0.0
LMT,21,125,mom21_HYG,0.009715
LMT,21,125,ret_USO,0.0
LMT,21,125,mom21_USO,0.021312
LMT,21,125,ret_TLT,0.0
LMT,21,125,mom21_TLT,0.012009
LMT,21,125,ret_UUP,0.0
LMT,21,125,mom21_UUP,0.008204
LMT,21,125,ret_SPY,0.005448
LMT,21,125,mom21_SPY,0.044435
LMT,21,125,vol_vel,0.018307
LMT,21,125,vol_of_vol,0.006277
LMT,21,125,vol_regime_zscore,0.02753
LMT,21,125,vol_chg_21d,0.006147
LMT,21,125,event_fed_gravity,0.009611
LMT,21,125,event_earn_gravity,0.0
LMT,21,125,event_div_gravity,0.0
LMT,21,125,event_cpi_gravity,0.012825
LMT,21,125,event_nfp_gravity,0.010827
LMT,21,125,put_call_skew_30d,0.004716
LMT,21,125,term_structure_slope,0.059909
LMT,21,125,vrp_wedge,0.014785
LMT,21,125,iv_atm_z_score,0.050457
LMT,21,125,macro_yield_curve_slope,0.011236
LMT,21,125,macro_hy_spread,0.010775
LMT,21,125,macro_hy_spread_chg_5d,0.033006
LMT,21,125,macro_breakeven_5y,0.015971
LMT,21,125,macro_inflation_fwd_5y5y,0.013894
LMT,21,125,macro_inflation_fwd_chg_21d,0.009283
LMT,21,125,macro_inflation_fwd_abs_chg_21d,0.01851
LMT,21,125,macro_inflation_fwd_chg_63d,0.009477
LMT,21,125,macro_inflation_fwd_zscore,0.014499
LMT,21,125,macro_dollar_ret,0.0
LMT,21,125,beta_spy,0.00647
LMT,21,125,res_vol,0.029494
LMT,21,125,res_vol_vel,0.003614
LMT,21,125,price_regime,0.00879
LMT,21,125,corr_sector_21d,0.013975
LMT,21,125,corr_sector_252d,0.019208
LMT,21,125,sector_wedge,0.008729
LMT,21,126,rv_5d,0.166922
LMT,21,126,rv_10d,0.113448
LMT,21,126,rv_21d,0.052851
LMT,21,126,rv_63d,0.052365
LMT,21,126,rv_126d,0.013379
LMT,21,126,ewma_vol,0.024728
LMT,21,126,garch_cond_vol,0.003393
LMT,21,126,ret_TARGET,0.0
LMT,21,126,tech_RSI,0.006464
LMT,21,126,tech_MACD_hist,0.021778
LMT,21,126,ret_VIXY,0.0
LMT,21,126,mom21_VIXY,0.02075
LMT,21,126,ret_HYG,0.0
LMT,21,126,mom21_HYG,0.005664
LMT,21,126,ret_USO,0.0
LMT,21,126,mom21_USO,0.021298
LMT,21,126,ret_TLT,0.0
LMT,21,126,mom21_TLT,0.00977
LMT,21,126,ret_UUP,0.0
LMT,21,126,mom21_UUP,0.008102
LMT,21,126,ret_SPY,0.002313
LMT,21,126,mom21_SPY,0.048748
LMT,21,126,vol_vel,0.016827
LMT,21,126,vol_of_vol,0.008199
LMT,21,126,vol_regime_zscore,0.024885
LMT,21,126,vol_chg_21d,0.006093
LMT,21,126,event_fed_gravity,0.008958
LMT,21,126,event_earn_gravity,0.0
LMT,21,126,event_div_gravity,0.0
LMT,21,126,event_cpi_gravity,0.010597
LMT,21,126,event_nfp_gravity,0.0084
LMT,21,126,put_call_skew_30d,0.00482
LMT,21,126,term_structure_slope,0.057049
LMT,21,126,vrp_wedge,0.01331
LMT,21,126,iv_atm_z_score,0.046735
LMT,21,126,macro_yield_curve_slope,0.01047
LMT,21,126,macro_hy_spread,0.010717
LMT,21,126,macro_hy_spread_chg_5d,0.032314
LMT,21,126,macro_breakeven_5y,0.014828
LMT,21,126,macro_inflation_fwd_5y5y,0.015177
LMT,21,126,macro_inflation_fwd_chg_21d,0.008358
LMT,21,126,macro_inflation_fwd_abs_chg_21d,0.019111
LMT,21,126,macro_inflation_fwd_chg_63d,0.006711
LMT,21,126,macro_inflation_fwd_zscore,0.016042
LMT,21,126,macro_dollar_ret,0.0
LMT,21,126,beta_spy,0.006897
LMT,21,126,res_vol,0.030064
LMT,21,126,res_vol_vel,0.002827
LMT,21,126,price_regime,0.00801
LMT,21,126,corr_sector_21d,0.013317
LMT,21,126,corr_sector_252d,0.016946
LMT,21,126,sector_wedge,0.010366
LMT,21,127,rv_5d,0.163106
LMT,21,127,rv_10d,0.066675
LMT,21,127,rv_21d,0.063631
LMT,21,127,rv_63d,0.05525
LMT,21,127,rv_126d,0.015117
LMT,21,127,ewma_vol,0.031795
LMT,21,127,garch_cond_vol,0.0067
LMT,21,127,ret_TARGET,0.0
LMT,21,127,tech_RSI,0.007668
LMT,21,127,tech_MACD_hist,0.023118
LMT,21,127,ret_VIXY,0.0
LMT,21,127,mom21_VIXY,0.023771
LMT,21,127,ret_HYG,0.0
LMT,21,127,mom21_HYG,0.014389
LMT,21,127,ret_USO,0.0
LMT,21,127,mom21_USO,0.022184
LMT,21,127,ret_TLT,0.0
LMT,21,127,mom21_TLT,0.012968
LMT,21,127,ret_UUP,0.0
LMT,21,127,mom21_UUP,0.010386
LMT,21,127,ret_SPY,0.0
LMT,21,127,mom21_SPY,0.045819
LMT,21,127,vol_vel,0.012535
LMT,21,127,vol_of_vol,0.008739
LMT,21,127,vol_regime_zscore,0.032577
LMT,21,127,vol_chg_21d,0.006244
LMT,21,127,event_fed_gravity,0.011439
LMT,21,127,event_earn_gravity,0.0
LMT,21,127,event_div_gravity,0.0
LMT,21,127,event_cpi_gravity,0.01102
LMT,21,127,event_nfp_gravity,0.007126
LMT,21,127,put_call_skew_30d,0.004434
LMT,21,127,term_structure_slope,0.060558
LMT,21,127,vrp_wedge,0.015328
LMT,21,127,iv_atm_z_score,0.050209
LMT,21,127,macro_yield_curve_slope,0.011418
LMT,21,127,macro_hy_spread,0.009977
LMT,21,127,macro_hy_spread_chg_5d,0.01555
LMT,21,127,macro_breakeven_5y,0.014867
LMT,21,127,macro_inflation_fwd_5y5y,0.018646
LMT,21,127,macro_inflation_fwd_chg_21d,0.011801
LMT,21,127,macro_inflation_fwd_abs_chg_21d,0.018762
LMT,21,127,macro_inflation_fwd_chg_63d,0.007703
LMT,21,127,macro_inflation_fwd_zscore,0.012289
LMT,21,127,macro_dollar_ret,0.0
LMT,21,127,beta_spy,0.008035
LMT,21,127,res_vol,0.032781
LMT,21,127,res_vol_vel,0.004928
LMT,21,127,price_regime,0.009478
LMT,21,127,corr_sector_21d,0.01416
LMT,21,127,corr_sector_252d,0.017301
LMT,21,127,sector_wedge,0.009516
LMT,21,128,rv_5d,0.179387
LMT,21,128,rv_10d,0.084734
LMT,21,128,rv_21d,0.054799
LMT,21,128,rv_63d,0.057952
LMT,21,128,rv_126d,0.016204
LMT,21,128,ewma_vol,0.031253
LMT,21,128,garch_cond_vol,0.004528
LMT,21,128,ret_TARGET,0.0
LMT,21,128,tech_RSI,0.007745
LMT,21,128,tech_MACD_hist,0.020978
LMT,21,128,ret_VIXY,0.0
LMT,21,128,mom21_VIXY,0.013363
LMT,21,128,ret_HYG,0.0
LMT,21,128,mom21_HYG,0.008982
LMT,21,128,ret_USO,0.0
LMT,21,128,mom21_USO,0.022326
LMT,21,128,ret_TLT,0.0
LMT,21,128,mom21_TLT,0.008757
LMT,21,128,ret_UUP,0.0
LMT,21,128,mom21_UUP,0.00752
LMT,21,128,ret_SPY,0.003181
LMT,21,128,mom21_SPY,0.046213
LMT,21,128,vol_vel,0.011003
LMT,21,128,vol_of_vol,0.007485
LMT,21,128,vol_regime_zscore,0.024773
LMT,21,128,vol_chg_21d,0.005116
LMT,21,128,event_fed_gravity,0.008544
LMT,21,128,event_earn_gravity,0.0
LMT,21,128,event_div_gravity,0.0
LMT,21,128,event_cpi_gravity,0.008301
LMT,21,128,event_nfp_gravity,0.01566
LMT,21,128,put_call_skew_30d,0.00447
LMT,21,128,term_structure_slope,0.066583
LMT,21,128,vrp_wedge,0.012498
LMT,21,128,iv_atm_z_score,0.050044
LMT,21,128,macro_yield_curve_slope,0.010766
LMT,21,128,macro_hy_spread,0.010161
LMT,21,128,macro_hy_spread_chg_5d,0.025499
LMT,21,128,macro_breakeven_5y,0.013801
LMT,21,128,macro_inflation_fwd_5y5y,0.016292
LMT,21,128,macro_inflation_fwd_chg_21d,0.008281
LMT,21,128,macro_inflation_fwd_abs_chg_21d,0.019179
LMT,21,128,macro_inflation_fwd_chg_63d,0.006447
LMT,21,128,macro_inflation_fwd_zscore,0.013013
LMT,21,128,macro_dollar_ret,0.0
LMT,21,128,beta_spy,0.006743
LMT,21,128,res_vol,0.033809
LMT,21,128,res_vol_vel,0.003337
LMT,21,128,price_regime,0.007562
LMT,21,128,corr_sector_21d,0.013331
LMT,21,128,corr_sector_252d,0.017755
LMT,21,128,sector_wedge,0.011625
LMT,21,129,rv_5d,0.162655
LMT,21,129,rv_10d,0.077991
LMT,21,129,rv_21d,0.04912
LMT,21,129,rv_63d,0.064309
LMT,21,129,rv_126d,0.016022
LMT,21,129,ewma_vol,0.034561
LMT,21,129,garch_cond_vol,0.006748
LMT,21,129,ret_TARGET,0.0
LMT,21,129,tech_RSI,0.006846
LMT,21,129,tech_MACD_hist,0.031959
LMT,21,129,ret_VIXY,0.0
LMT,21,129,mom21_VIXY,0.015857
LMT,21,129,ret_HYG,0.0
LMT,21,129,mom21_HYG,0.012227
LMT,21,129,ret_USO,0.0
LMT,21,129,mom21_USO,0.024424
LMT,21,129,ret_TLT,0.0
LMT,21,129,mom21_TLT,0.011521
LMT,21,129,ret_UUP,0.0
LMT,21,129,mom21_UUP,0.009285
LMT,21,129,ret_SPY,0.002656
LMT,21,129,mom21_SPY,0.0505
LMT,21,129,vol_vel,0.002999
LMT,21,129,vol_of_vol,0.007389
LMT,21,129,vol_regime_zscore,0.027796
LMT,21,129,vol_chg_21d,0.008046
LMT,21,129,event_fed_gravity,0.008074
LMT,21,129,event_earn_gravity,0.0
LMT,21,129,event_div_gravity,0.0
LMT,21,129,event_cpi_gravity,0.010651
LMT,21,129,event_nfp_gravity,0.015711
LMT,21,129,put_call_skew_30d,0.009677
LMT,21,129,term_structure_slope,0.054279
LMT,21,129,vrp_wedge,0.014778
LMT,21,129,iv_atm_z_score,0.048994
LMT,21,129,macro_yield_curve_slope,0.010492
LMT,21,129,macro_hy_spread,0.010192
LMT,21,129,macro_hy_spread_chg_5d,0.019308
LMT,21,129,macro_breakeven_5y,0.019445
LMT,21,129,macro_inflation_fwd_5y5y,0.017933
LMT,21,129,macro_inflation_fwd_chg_21d,0.007617
LMT,21,129,macro_inflation_fwd_abs_chg_21d,0.019311
LMT,21,129,macro_inflation_fwd_chg_63d,0.006951
LMT,21,129,macro_inflation_fwd_zscore,0.012492
LMT,21,129,macro_dollar_ret,0.0
LMT,21,129,beta_spy,0.007306
LMT,21,129,res_vol,0.03335
LMT,21,129,res_vol_vel,0.003871
LMT,21,129,price_regime,0.007146
LMT,21,129,corr_sector_21d,0.01116
LMT,21,129,corr_sector_252d,0.016413
LMT,21,129,sector_wedge,0.011938
LMT,21,130,rv_5d,0.138593
LMT,21,130,rv_10d,0.129999
LMT,21,130,rv_21d,0.051426
LMT,21,130,rv_63d,0.059459
LMT,21,130,rv_126d,0.013761
LMT,21,130,ewma_vol,0.020721
LMT,21,130,garch_cond_vol,0.005032
LMT,21,130,ret_TARGET,0.0
LMT,21,130,tech_RSI,0.006899
LMT,21,130,tech_MACD_hist,0.026942
LMT,21,130,ret_VIXY,0.0
LMT,21,130,mom21_VIXY,0.013197
LMT,21,130,ret_HYG,0.0
LMT,21,130,mom21_HYG,0.008669
LMT,21,130,ret_USO,0.0
LMT,21,130,mom21_USO,0.02145
LMT,21,130,ret_TLT,0.0
LMT,21,130,mom21_TLT,0.009364
LMT,21,130,ret_UUP,0.0
LMT,21,130,mom21_UUP,0.007146
LMT,21,130,ret_SPY,0.002783
LMT,21,130,mom21_SPY,0.048104
LMT,21,130,vol_vel,0.0
LMT,21,130,vol_of_vol,0.007569
LMT,21,130,vol_regime_zscore,0.030657
LMT,21,130,vol_chg_21d,0.00717
LMT,21,130,event_fed_gravity,0.00774
LMT,21,130,event_earn_gravity,0.0
LMT,21,130,event_div_gravity,0.0
LMT,21,130,event_cpi_gravity,0.015419
LMT,21,130,event_nfp_gravity,0.00941
LMT,21,130,put_call_skew_30d,0.00854
LMT,21,130,term_structure_slope,0.061306
LMT,21,130,vrp_wedge,0.013172
LMT,21,130,iv_atm_z_score,0.053422
LMT,21,130,macro_yield_curve_slope,0.012493
LMT,21,130,macro_hy_spread,0.010944
LMT,21,130,macro_hy_spread_chg_5d,0.027171
LMT,21,130,macro_breakeven_5y,0.018251
LMT,21,130,macro_inflation_fwd_5y5y,0.01531
LMT,21,130,macro_inflation_fwd_chg_21d,0.00649
LMT,21,130,macro_inflation_fwd_abs_chg_21d,0.019448
LMT,21,130,macro_inflation_fwd_chg_63d,0.00563
LMT,21,130,macro_inflation_fwd_zscore,0.015186
LMT,21,130,macro_dollar_ret,0.0
LMT,21,130,beta_spy,0.007349
LMT,21,130,res_vol,0.029325
LMT,21,130,res_vol_vel,0.004234
LMT,21,130,price_regime,0.007598
LMT,21,130,corr_sector_21d,0.012926
LMT,21,130,corr_sector_252d,0.019767
LMT,21,130,sector_wedge,0.009926
LMT,21,131,rv_5d,0.144686
LMT,21,131,rv_10d,0.072881
LMT,21,131,rv_21d,0.05782
LMT,21,131,rv_63d,0.056772
LMT,21,131,rv_126d,0.014945
LMT,21,131,ewma_vol,0.019494
LMT,21,131,garch_cond_vol,0.004465
LMT,21,131,ret_TARGET,0.0
LMT,21,131,tech_RSI,0.006472
LMT,21,131,tech_MACD_hist,0.023177
LMT,21,131,ret_VIXY,0.004425
LMT,21,131,mom21_VIXY,0.014566
LMT,21,131,ret_HYG,0.0
LMT,21,131,mom21_HYG,0.005511
LMT,21,131,ret_USO,0.0
LMT,21,131,mom21_USO,0.020798
LMT,21,131,ret_TLT,0.002343
LMT,21,131,mom21_TLT,0.008206
LMT,21,131,ret_UUP,0.0
LMT,21,131,mom21_UUP,0.009045
LMT,21,131,ret_SPY,0.002531
LMT,21,131,mom21_SPY,0.05422
LMT,21,131,vol_vel,0.025808
LMT,21,131,vol_of_vol,0.006676
LMT,21,131,vol_regime_zscore,0.026617
LMT,21,131,vol_chg_21d,0.007151
LMT,21,131,event_fed_gravity,0.007885
LMT,21,131,event_earn_gravity,0.0
LMT,21,131,event_div_gravity,0.0
LMT,21,131,event_cpi_gravity,0.010797
LMT,21,131,event_nfp_gravity,0.012674
LMT,21,131,put_call_skew_30d,0.010027
LMT,21,131,term_structure_slope,0.064781
LMT,21,131,vrp_wedge,0.012768
LMT,21,131,iv_atm_z_score,0.051073
LMT,21,131,macro_yield_curve_slope,0.009973
LMT,21,131,macro_hy_spread,0.009848
LMT,21,131,macro_hy_spread_chg_5d,0.048227
LMT,21,131,macro_breakeven_5y,0.018808
LMT,21,131,macro_inflation_fwd_5y5y,0.015812
LMT,21,131,macro_inflation_fwd_chg_21d,0.01094
LMT,21,131,macro_inflation_fwd_abs_chg_21d,0.016908
LMT,21,131,macro_inflation_fwd_chg_63d,0.006814
LMT,21,131,macro_inflation_fwd_zscore,0.011597
LMT,21,131,macro_dollar_ret,0.0
LMT,21,131,beta_spy,0.00834
LMT,21,131,res_vol,0.030629
LMT,21,131,res_vol_vel,0.00306
LMT,21,131,price_regime,0.008249
LMT,21,131,corr_sector_21d,0.014291
LMT,21,131,corr_sector_252d,0.018439
LMT,21,131,sector_wedge,0.009452
LMT,21,132,rv_5d,0.161555
LMT,21,132,rv_10d,0.070724
LMT,21,132,rv_21d,0.057178
LMT,21,132,rv_63d,0.066154
LMT,21,132,rv_126d,0.016511
LMT,21,132,ewma_vol,0.037002
LMT,21,132,garch_cond_vol,0.005252
LMT,21,132,ret_TARGET,0.0
LMT,21,132,tech_RSI,0.007503
LMT,21,132,tech_MACD_hist,0.022667
LMT,21,132,ret_VIXY,0.0
LMT,21,132,mom21_VIXY,0.021459
LMT,21,132,ret_HYG,0.0
LMT,21,132,mom21_HYG,0.007017
LMT,21,132,ret_USO,0.0
LMT,21,132,mom21_USO,0.022218
LMT,21,132,ret_TLT,0.0
LMT,21,132,mom21_TLT,0.008102
LMT,21,132,ret_UUP,0.0
LMT,21,132,mom21_UUP,0.00875
LMT,21,132,ret_SPY,0.002527
LMT,21,132,mom21_SPY,0.053822
LMT,21,132,vol_vel,0.0
LMT,21,132,vol_of_vol,0.006853
LMT,21,132,vol_regime_zscore,0.028671
LMT,21,132,vol_chg_21d,0.006622
LMT,21,132,event_fed_gravity,0.007967
LMT,21,132,event_earn_gravity,0.0
LMT,21,132,event_div_gravity,0.0
LMT,21,132,event_cpi_gravity,0.008601
LMT,21,132,event_nfp_gravity,0.01063
LMT,21,132,put_call_skew_30d,0.011952
LMT,21,132,term_structure_slope,0.068555
LMT,21,132,vrp_wedge,0.011099
LMT,21,132,iv_atm_z_score,0.054102
LMT,21,132,macro_yield_curve_slope,0.01105
LMT,21,132,macro_hy_spread,0.010582
LMT,21,132,macro_hy_spread_chg_5d,0.014882
LMT,21,132,macro_breakeven_5y,0.016902
LMT,21,132,macro_inflation_fwd_5y5y,0.017037
LMT,21,132,macro_inflation_fwd_chg_21d,0.010002
LMT,21,132,macro_inflation_fwd_abs_chg_21d,0.019134
LMT,21,132,macro_inflation_fwd_chg_63d,0.006062
LMT,21,132,macro_inflation_fwd_zscore,0.013697
LMT,21,132,macro_dollar_ret,0.0
LMT,21,132,beta_spy,0.008663
LMT,21,132,res_vol,0.032734
LMT,21,132,res_vol_vel,0.00379
LMT,21,132,price_regime,0.009791
LMT,21,132,corr_sector_21d,0.011558
LMT,21,132,corr_sector_252d,0.01999
LMT,21,132,sector_wedge,0.01063
LMT,21,133,rv_5d,0.183936
LMT,21,133,rv_10d,0.095415
LMT,21,133,rv_21d,0.049386
LMT,21,133,rv_63d,0.055143
LMT,21,133,rv_126d,0.016623
LMT,21,133,ewma_vol,0.02658
LMT,21,133,garch_cond_vol,0.006805
LMT,21,133,ret_TARGET,0.002765
LMT,21,133,tech_RSI,0.006841
LMT,21,133,tech_MACD_hist,0.024329
LMT,21,133,ret_VIXY,0.0
LMT,21,133,mom21_VIXY,0.01992
LMT,21,133,ret_HYG,0.0
LMT,21,133,mom21_HYG,0.006132
LMT,21,133,ret_USO,0.003084
LMT,21,133,mom21_USO,0.020173
LMT,21,133,ret_TLT,0.0
LMT,21,133,mom21_TLT,0.006861
LMT,21,133,ret_UUP,0.0
LMT,21,133,mom21_UUP,0.007548
LMT,21,133,ret_SPY,0.00352
LMT,21,133,mom21_SPY,0.037692
LMT,21,133,vol_vel,0.012704
LMT,21,133,vol_of_vol,0.005853
LMT,21,133,vol_regime_zscore,0.027801
LMT,21,133,vol_chg_21d,0.007036
LMT,21,133,event_fed_gravity,0.008381
LMT,21,133,event_earn_gravity,0.0
LMT,21,133,event_div_gravity,0.0
LMT,21,133,event_cpi_gravity,0.009941
LMT,21,133,event_nfp_gravity,0.013172
LMT,21,133,put_call_skew_30d,0.007745
LMT,21,133,term_structure_slope,0.065046
LMT,21,133,vrp_wedge,0.014803
LMT,21,133,iv_atm_z_score,0.050589
LMT,21,133,macro_yield_curve_slope,0.012224
LMT,21,133,macro_hy_spread,0.009851
LMT,21,133,macro_hy_spread_chg_5d,0.014141
LMT,21,133,macro_breakeven_5y,0.013829
LMT,21,133,macro_inflation_fwd_5y5y,0.013938
LMT,21,133,macro_inflation_fwd_chg_21d,0.008446
LMT,21,133,macro_inflation_fwd_abs_chg_21d,0.021127
LMT,21,133,macro_inflation_fwd_chg_63d,0.006761
LMT,21,133,macro_inflation_fwd_zscore,0.014728
LMT,21,133,macro_dollar_ret,0.0
LMT,21,133,beta_spy,0.009079
LMT,21,133,res_vol,0.030719
LMT,21,133,res_vol_vel,0.003899
LMT,21,133,price_regime,0.008757
LMT,21,133,corr_sector_21d,0.010418
LMT,21,133,corr_sector_252d,0.013725
LMT,21,133,sector_wedge,0.012534
LMT,21,134,rv_5d,0.170869
LMT,21,134,rv_10d,0.126809
LMT,21,134,rv_21d,0.055975
LMT,21,134,rv_63d,0.057972
LMT,21,134,rv_126d,0.016517
LMT,21,134,ewma_vol,0.023124
LMT,21,134,garch_cond_vol,0.005039
LMT,21,134,ret_TARGET,0.0
LMT,21,134,tech_RSI,0.005914
LMT,21,134,tech_MACD_hist,0.027162
LMT,21,134,ret_VIXY,0.0
LMT,21,134,mom21_VIXY,0.017508
LMT,21,134,ret_HYG,0.0
LMT,21,134,mom21_HYG,0.009578
LMT,21,134,ret_USO,0.0
LMT,21,134,mom21_USO,0.021674
LMT,21,134,ret_TLT,0.0
LMT,21,134,mom21_TLT,0.007376
LMT,21,134,ret_UUP,0.0
LMT,21,134,mom21_UUP,0.010865
LMT,21,134,ret_SPY,0.002545
LMT,21,134,mom21_SPY,0.031483
LMT,21,134,vol_vel,0.003937
LMT,21,134,vol_of_vol,0.004888
LMT,21,134,vol_regime_zscore,0.02824
LMT,21,134,vol_chg_21d,0.005844
LMT,21,134,event_fed_gravity,0.008076
LMT,21,134,event_earn_gravity,0.0
LMT,21,134,event_div_gravity,0.0
LMT,21,134,event_cpi_gravity,0.009021
LMT,21,134,event_nfp_gravity,0.007169
LMT,21,134,put_call_skew_30d,0.007802
LMT,21,134,term_structure_slope,0.066207
LMT,21,134,vrp_wedge,0.011462
LMT,21,134,iv_atm_z_score,0.044737
LMT,21,134,macro_yield_curve_slope,0.012102
LMT,21,134,macro_hy_spread,0.008909
LMT,21,134,macro_hy_spread_chg_5d,0.038895
LMT,21,134,macro_breakeven_5y,0.012761
LMT,21,134,macro_inflation_fwd_5y5y,0.014379
LMT,21,134,macro_inflation_fwd_chg_21d,0.008351
LMT,21,134,macro_inflation_fwd_abs_chg_21d,0.01942
LMT,21,134,macro_inflation_fwd_chg_63d,0.005806
LMT,21,134,macro_inflation_fwd_zscore,0.014785
LMT,21,134,macro_dollar_ret,0.0
LMT,21,134,beta_spy,0.006107
LMT,21,134,res_vol,0.02855
LMT,21,134,res_vol_vel,0.00348
LMT,21,134,price_regime,0.008014
LMT,21,134,corr_sector_21d,0.006931
LMT,21,134,corr_sector_252d,0.01315
LMT,21,134,sector_wedge,0.01057
LMT,21,135,rv_5d,0.150458
LMT,21,135,rv_10d,0.087824
LMT,21,135,rv_21d,0.046544
LMT,21,135,rv_63d,0.07412
LMT,21,135,rv_126d,0.014941
LMT,21,135,ewma_vol,0.015853
LMT,21,135,garch_cond_vol,0.003488
LMT,21,135,ret_TARGET,0.002533
LMT,21,135,tech_RSI,0.006762
LMT,21,135,tech_MACD_hist,0.025167
LMT,21,135,ret_VIXY,0.0
LMT,21,135,mom21_VIXY,0.016701
LMT,21,135,ret_HYG,0.0
LMT,21,135,mom21_HYG,0.019129
LMT,21,135,ret_USO,0.0
LMT,21,135,mom21_USO,0.022854
LMT,21,135,ret_TLT,0.0
LMT,21,135,mom21_TLT,0.0115
LMT,21,135,ret_UUP,0.0
LMT,21,135,mom21_UUP,0.008737
LMT,21,135,ret_SPY,0.002986
LMT,21,135,mom21_SPY,0.047321
LMT,21,135,vol_vel,0.003373
LMT,21,135,vol_of_vol,0.006162
LMT,21,135,vol_regime_zscore,0.030849
LMT,21,135,vol_chg_21d,0.008502
LMT,21,135,event_fed_gravity,0.009419
LMT,21,135,event_earn_gravity,0.0
LMT,21,135,event_div_gravity,0.0
LMT,21,135,event_cpi_gravity,0.010964
LMT,21,135,event_nfp_gravity,0.010154
LMT,21,135,put_call_skew_30d,0.005737
LMT,21,135,term_structure_slope,0.071448
LMT,21,135,vrp_wedge,0.014456
LMT,21,135,iv_atm_z_score,0.052022
LMT,21,135,macro_yield_curve_slope,0.016654
LMT,21,135,macro_hy_spread,0.010725
LMT,21,135,macro_hy_spread_chg_5d,0.026936
LMT,21,135,macro_breakeven_5y,0.014963
LMT,21,135,macro_inflation_fwd_5y5y,0.018116
LMT,21,135,macro_inflation_fwd_chg_21d,0.006272
LMT,21,135,macro_inflation_fwd_abs_chg_21d,0.020631
LMT,21,135,macro_inflation_fwd_chg_63d,0.008414
LMT,21,135,macro_inflation_fwd_zscore,0.013115
LMT,21,135,macro_dollar_ret,0.0
LMT,21,135,beta_spy,0.007068
LMT,21,135,res_vol,0.031583
LMT,21,135,res_vol_vel,0.003898
LMT,21,135,price_regime,0.008001
LMT,21,135,corr_sector_21d,0.010599
LMT,21,135,corr_sector_252d,0.012151
LMT,21,135,sector_wedge,0.010869
LMT,21,136,rv_5d,0.181518
LMT,21,136,rv_10d,0.156778
LMT,21,136,rv_21d,0.043965
LMT,21,136,rv_63d,0.050488
LMT,21,136,rv_126d,0.015589
LMT,21,136,ewma_vol,0.020102
LMT,21,136,garch_cond_vol,0.003443
LMT,21,136,ret_TARGET,0.0
LMT,21,136,tech_RSI,0.005802
LMT,21,136,tech_MACD_hist,0.018814
LMT,21,136,ret_VIXY,0.0
LMT,21,136,mom21_VIXY,0.016474
LMT,21,136,ret_HYG,0.0
LMT,21,136,mom21_HYG,0.01325
LMT,21,136,ret_USO,0.0
LMT,21,136,mom21_USO,0.018116
LMT,21,136,ret_TLT,0.0
LMT,21,136,mom21_TLT,0.009739
LMT,21,136,ret_UUP,0.0
LMT,21,136,mom21_UUP,0.00799
LMT,21,136,ret_SPY,0.002404
LMT,21,136,mom21_SPY,0.031764
LMT,21,136,vol_vel,0.012463
LMT,21,136,vol_of_vol,0.005394
LMT,21,136,vol_regime_zscore,0.028313
LMT,21,136,vol_chg_21d,0.006103
LMT,21,136,event_fed_gravity,0.008387
LMT,21,136,event_earn_gravity,0.0
LMT,21,136,event_div_gravity,0.0
LMT,21,136,event_cpi_gravity,0.007609
LMT,21,136,event_nfp_gravity,0.007225
LMT,21,136,put_call_skew_30d,0.009021
LMT,21,136,term_structure_slope,0.069019
LMT,21,136,vrp_wedge,0.011041
LMT,21,136,iv_atm_z_score,0.047294
LMT,21,136,macro_yield_curve_slope,0.012191
LMT,21,136,macro_hy_spread,0.009902
LMT,21,136,macro_hy_spread_chg_5d,0.025966
LMT,21,136,macro_breakeven_5y,0.012758
LMT,21,136,macro_inflation_fwd_5y5y,0.0146
LMT,21,136,macro_inflation_fwd_chg_21d,0.009049
LMT,21,136,macro_inflation_fwd_abs_chg_21d,0.018801
LMT,21,136,macro_inflation_fwd_chg_63d,0.004943
LMT,21,136,macro_inflation_fwd_zscore,0.013814
LMT,21,136,macro_dollar_ret,0.0
LMT,21,136,beta_spy,0.006062
LMT,21,136,res_vol,0.027749
LMT,21,136,res_vol_vel,0.002741
LMT,21,136,price_regime,0.005437
LMT,21,136,corr_sector_21d,0.005992
LMT,21,136,corr_sector_252d,0.011479
LMT,21,136,sector_wedge,0.010409
LMT,21,137,rv_5d,0.152632
LMT,21,137,rv_10d,0.101029
LMT,21,137,rv_21d,0.051508
LMT,21,137,rv_63d,0.057472
LMT,21,137,rv_126d,0.015367
LMT,21,137,ewma_vol,0.030117
LMT,21,137,garch_cond_vol,0.006174
LMT,21,137,ret_TARGET,0.00247
LMT,21,137,tech_RSI,0.006666
LMT,21,137,tech_MACD_hist,0.020025
LMT,21,137,ret_VIXY,0.0
LMT,21,137,mom21_VIXY,0.019513
LMT,21,137,ret_HYG,0.0
LMT,21,137,mom21_HYG,0.019344
LMT,21,137,ret_USO,0.0
LMT,21,137,mom21_USO,0.021853
LMT,21,137,ret_TLT,0.0
LMT,21,137,mom21_TLT,0.010539
LMT,21,137,ret_UUP,0.0
LMT,21,137,mom21_UUP,0.008165
LMT,21,137,ret_SPY,0.003041
LMT,21,137,mom21_SPY,0.03147
LMT,21,137,vol_vel,0.01267
LMT,21,137,vol_of_vol,0.005878
LMT,21,137,vol_regime_zscore,0.032147
LMT,21,137,vol_chg_21d,0.007907
LMT,21,137,event_fed_gravity,0.009637
LMT,21,137,event_earn_gravity,0.0
LMT,21,137,event_div_gravity,0.0
LMT,21,137,event_cpi_gravity,0.007781
LMT,21,137,event_nfp_gravity,0.011498
LMT,21,137,put_call_skew_30d,0.006846
LMT,21,137,term_structure_slope,0.071099
LMT,21,137,vrp_wedge,0.012916
LMT,21,137,iv_atm_z_score,0.058758
LMT,21,137,macro_yield_curve_slope,0.014853
LMT,21,137,macro_hy_spread,0.00888
LMT,21,137,macro_hy_spread_chg_5d,0.02391
LMT,21,137,macro_breakeven_5y,0.014208
LMT,21,137,macro_inflation_fwd_5y5y,0.015312
LMT,21,137,macro_inflation_fwd_chg_21d,0.010406
LMT,21,137,macro_inflation_fwd_abs_chg_21d,0.018288
LMT,21,137,macro_inflation_fwd_chg_63d,0.006337
LMT,21,137,macro_inflation_fwd_zscore,0.012204
LMT,21,137,macro_dollar_ret,0.0
LMT,21,137,beta_spy,0.007413
LMT,21,137,res_vol,0.028491
LMT,21,137,res_vol_vel,0.004212
LMT,21,137,price_regime,0.006882
LMT,21,137,corr_sector_21d,0.008903
LMT,21,137,corr_sector_252d,0.014757
LMT,21,137,sector_wedge,0.010421
LMT,21,138,rv_5d,0.14973
LMT,21,138,rv_10d,0.072986
LMT,21,138,rv_21d,0.040511
LMT,21,138,rv_63d,0.061186
LMT,21,138,rv_126d,0.014269
LMT,21,138,ewma_vol,0.036587
LMT,21,138,garch_cond_vol,0.004442
LMT,21,138,ret_TARGET,0.00279
LMT,21,138,tech_RSI,0.00667
LMT,21,138,tech_MACD_hist,0.022434
LMT,21,138,ret_VIXY,0.0
LMT,21,138,mom21_VIXY,0.015677
LMT,21,138,ret_HYG,0.0
LMT,21,138,mom21_HYG,0.011429
LMT,21,138,ret_USO,0.0
LMT,21,138,mom21_USO,0.022038
LMT,21,138,ret_TLT,0.0
LMT,21,138,mom21_TLT,0.009816
LMT,21,138,ret_UUP,0.0
LMT,21,138,mom21_UUP,0.00696
LMT,21,138,ret_SPY,0.002842
LMT,21,138,mom21_SPY,0.043979
LMT,21,138,vol_vel,0.016858
LMT,21,138,vol_of_vol,0.006233
LMT,21,138,vol_regime_zscore,0.034818
LMT,21,138,vol_chg_21d,0.008559
LMT,21,138,event_fed_gravity,0.009803
LMT,21,138,event_earn_gravity,0.0
LMT,21,138,event_div_gravity,0.0
LMT,21,138,event_cpi_gravity,0.009716
LMT,21,138,event_nfp_gravity,0.007731
LMT,21,138,put_call_skew_30d,0.00867
LMT,21,138,term_structure_slope,0.067215
LMT,21,138,vrp_wedge,0.013813
LMT,21,138,iv_atm_z_score,0.051683
LMT,21,138,macro_yield_curve_slope,0.013558
LMT,21,138,macro_hy_spread,0.009158
LMT,21,138,macro_hy_spread_chg_5d,0.048931
LMT,21,138,macro_breakeven_5y,0.014263
LMT,21,138,macro_inflation_fwd_5y5y,0.01661
LMT,21,138,macro_inflation_fwd_chg_21d,0.010193
LMT,21,138,macro_inflation_fwd_abs_chg_21d,0.021429
LMT,21,138,macro_inflation_fwd_chg_63d,0.007846
LMT,21,138,macro_inflation_fwd_zscore,0.014523
LMT,21,138,macro_dollar_ret,0.003379
LMT,21,138,beta_spy,0.00744
LMT,21,138,res_vol,0.026421
LMT,21,138,res_vol_vel,0.004134
LMT,21,138,price_regime,0.006374
LMT,21,138,corr_sector_21d,0.011138
LMT,21,138,corr_sector_252d,0.014388
LMT,21,138,sector_wedge,0.010769
LMT,21,139,rv_5d,0.17874
LMT,21,139,rv_10d,0.068063
LMT,21,139,rv_21d,0.042726
LMT,21,139,rv_63d,0.059258
LMT,21,139,rv_126d,0.016392
LMT,21,139,ewma_vol,0.041135
LMT,21,139,garch_cond_vol,0.004945
LMT,21,139,ret_TARGET,0.002333
LMT,21,139,tech_RSI,0.007541
LMT,21,139,tech_MACD_hist,0.020695
LMT,21,139,ret_VIXY,0.0
LMT,21,139,mom21_VIXY,0.014349
LMT,21,139,ret_HYG,0.0
LMT,21,139,mom21_HYG,0.009189
LMT,21,139,ret_USO,0.0
LMT,21,139,mom21_USO,0.020884
LMT,21,139,ret_TLT,0.0
LMT,21,139,mom21_TLT,0.01034
LMT,21,139,ret_UUP,0.0
LMT,21,139,mom21_UUP,0.006131
LMT,21,139,ret_SPY,0.002502
LMT,21,139,mom21_SPY,0.049749
LMT,21,139,vol_vel,0.003915
LMT,21,139,vol_of_vol,0.008007
LMT,21,139,vol_regime_zscore,0.030031
LMT,21,139,vol_chg_21d,0.009024
LMT,21,139,event_fed_gravity,0.009119
LMT,21,139,event_earn_gravity,0.0
LMT,21,139,event_div_gravity,0.0
LMT,21,139,event_cpi_gravity,0.009974
LMT,21,139,event_nfp_gravity,0.008801
LMT,21,139,put_call_skew_30d,0.007974
LMT,21,139,term_structure_slope,0.0748
LMT,21,139,vrp_wedge,0.011839
LMT,21,139,iv_atm_z_score,0.054901
LMT,21,139,macro_yield_curve_slope,0.015708
LMT,21,139,macro_hy_spread,0.011618
LMT,21,139,macro_hy_spread_chg_5d,0.035455
LMT,21,139,macro_breakeven_5y,0.014039
LMT,21,139,macro_inflation_fwd_5y5y,0.01638
LMT,21,139,macro_inflation_fwd_chg_21d,0.005952
LMT,21,139,macro_inflation_fwd_abs_chg_21d,0.017562
LMT,21,139,macro_inflation_fwd_chg_63d,0.009086
LMT,21,139,macro_inflation_fwd_zscore,0.013602
LMT,21,139,macro_dollar_ret,0.0
LMT,21,139,beta_spy,0.007235
LMT,21,139,res_vol,0.03033
LMT,21,139,res_vol_vel,0.003433
LMT,21,139,price_regime,0.006588
LMT,21,139,corr_sector_21d,0.008228
LMT,21,139,corr_sector_252d,0.011649
LMT,21,139,sector_wedge,0.009778
LMT,21,140,rv_5d,0.15605
LMT,21,140,rv_10d,0.151123
LMT,21,140,rv_21d,0.060684
LMT,21,140,rv_63d,0.043505
LMT,21,140,rv_126d,0.016033
LMT,21,140,ewma_vol,0.04741
LMT,21,140,garch_cond_vol,0.003412
LMT,21,140,ret_TARGET,0.0
LMT,21,140,tech_RSI,0.009071
LMT,21,140,tech_MACD_hist,0.021141
LMT,21,140,ret_VIXY,0.0
LMT,21,140,mom21_VIXY,0.018192
LMT,21,140,ret_HYG,0.0
LMT,21,140,mom21_HYG,0.014037
LMT,21,140,ret_USO,0.0
LMT,21,140,mom21_USO,0.01908
LMT,21,140,ret_TLT,0.0
LMT,21,140,mom21_TLT,0.008391
LMT,21,140,ret_UUP,0.0
LMT,21,140,mom21_UUP,0.007402
LMT,21,140,ret_SPY,0.002387
LMT,21,140,mom21_SPY,0.034561
LMT,21,140,vol_vel,0.003703
LMT,21,140,vol_of_vol,0.006241
LMT,21,140,vol_regime_zscore,0.019965
LMT,21,140,vol_chg_21d,0.005419
LMT,21,140,event_fed_gravity,0.009582
LMT,21,140,event_earn_gravity,0.0
LMT,21,140,event_div_gravity,0.0
LMT,21,140,event_cpi_gravity,0.009388
LMT,21,140,event_nfp_gravity,0.01071
LMT,21,140,put_call_skew_30d,0.009596
LMT,21,140,term_structure_slope,0.063763
LMT,21,140,vrp_wedge,0.01309
LMT,21,140,iv_atm_z_score,0.0512
LMT,21,140,macro_yield_curve_slope,0.011423
LMT,21,140,macro_hy_spread,0.010178
LMT,21,140,macro_hy_spread_chg_5d,0.020241
LMT,21,140,macro_breakeven_5y,0.013881
LMT,21,140,macro_inflation_fwd_5y5y,0.014742
LMT,21,140,macro_inflation_fwd_chg_21d,0.005545
LMT,21,140,macro_inflation_fwd_abs_chg_21d,0.015301
LMT,21,140,macro_inflation_fwd_chg_63d,0.006662
LMT,21,140,macro_inflation_fwd_zscore,0.010434
LMT,21,140,macro_dollar_ret,0.002212
LMT,21,140,beta_spy,0.006922
LMT,21,140,res_vol,0.026803
LMT,21,140,res_vol_vel,0.004041
LMT,21,140,price_regime,0.006669
LMT,21,140,corr_sector_21d,0.00671
LMT,21,140,corr_sector_252d,0.014186
LMT,21,140,sector_wedge,0.00891
LMT,21,141,rv_5d,0.163389
LMT,21,141,rv_10d,0.115828
LMT,21,141,rv_21d,0.063012
LMT,21,141,rv_63d,0.042781
LMT,21,141,rv_126d,0.016469
LMT,21,141,ewma_vol,0.047024
LMT,21,141,garch_cond_vol,0.043625
LMT,21,141,ret_TARGET,0.0
LMT,21,141,tech_RSI,0.004872
LMT,21,141,tech_MACD_hist,0.02286
LMT,21,141,ret_VIXY,0.0
LMT,21,141,mom21_VIXY,0.019546
LMT,21,141,ret_HYG,0.0
LMT,21,141,mom21_HYG,0.005062
LMT,21,141,ret_USO,0.0
LMT,21,141,mom21_USO,0.01751
LMT,21,141,ret_TLT,0.0
LMT,21,141,mom21_TLT,0.007464
LMT,21,141,ret_UUP,0.0
LMT,21,141,mom21_UUP,0.006839
LMT,21,141,ret_SPY,0.00224
LMT,21,141,mom21_SPY,0.043475
LMT,21,141,vol_vel,0.014667
LMT,21,141,vol_of_vol,0.007252
LMT,21,141,vol_regime_zscore,0.021084
LMT,21,141,vol_chg_21d,0.004823
LMT,21,141,event_fed_gravity,0.007989
LMT,21,141,event_earn_gravity,0.0
LMT,21,141,event_div_gravity,0.0
LMT,21,141,event_cpi_gravity,0.007433
LMT,21,141,event_nfp_gravity,0.005906
LMT,21,141,put_call_skew_30d,0.009402
LMT,21,141,term_structure_slope,0.050868
LMT,21,141,vrp_wedge,0.013906
LMT,21,141,iv_atm_z_score,0.045732
LMT,21,141,macro_yield_curve_slope,0.012043
LMT,21,141,macro_hy_spread,0.008425
LMT,21,141,macro_hy_spread_chg_5d,0.022342
LMT,21,141,macro_breakeven_5y,0.010997
LMT,21,141,macro_inflation_fwd_5y5y,0.014317
LMT,21,141,macro_inflation_fwd_chg_21d,0.00645
LMT,21,141,macro_inflation_fwd_abs_chg_21d,0.016838
LMT,21,141,macro_inflation_fwd_chg_63d,0.007216
LMT,21,141,macro_inflation_fwd_zscore,0.012929
LMT,21,141,macro_dollar_ret,0.002635
LMT,21,141,beta_spy,0.005344
LMT,21,141,res_vol,0.023842
LMT,21,141,res_vol_vel,0.003045
LMT,21,141,price_regime,0.007294
LMT,21,141,corr_sector_21d,0.011017
LMT,21,141,corr_sector_252d,0.014492
LMT,21,141,sector_wedge,0.009718
LMT,21,142,rv_5d,0.14265
LMT,21,142,rv_10d,0.207746
LMT,21,142,rv_21d,0.048794
LMT,21,142,rv_63d,0.038631
LMT,21,142,rv_126d,0.013713
LMT,21,142,ewma_vol,0.07427
LMT,21,142,garch_cond_vol,0.003632
LMT,21,142,ret_TARGET,0.0
LMT,21,142,tech_RSI,0.006452
LMT,21,142,tech_MACD_hist,0.021519
LMT,21,142,ret_VIXY,0.0
LMT,21,142,mom21_VIXY,0.020423
LMT,21,142,ret_HYG,0.0
LMT,21,142,mom21_HYG,0.007001
LMT,21,142,ret_USO,0.0
LMT,21,142,mom21_USO,0.016663
LMT,21,142,ret_TLT,0.0
LMT,21,142,mom21_TLT,0.006446
LMT,21,142,ret_UUP,0.0
LMT,21,142,mom21_UUP,0.005483
LMT,21,142,ret_SPY,0.004563
LMT,21,142,mom21_SPY,0.04525
LMT,21,142,vol_vel,0.002512
LMT,21,142,vol_of_vol,0.006597
LMT,21,142,vol_regime_zscore,0.017888
LMT,21,142,vol_chg_21d,0.005052
LMT,21,142,event_fed_gravity,0.006801
LMT,21,142,event_earn_gravity,0.0
LMT,21,142,event_div_gravity,0.0
LMT,21,142,event_cpi_gravity,0.008375
LMT,21,142,event_nfp_gravity,0.007199
LMT,21,142,put_call_skew_30d,0.007965
LMT,21,142,term_structure_slope,0.047146
LMT,21,142,vrp_wedge,0.013527
LMT,21,142,iv_atm_z_score,0.045746
LMT,21,142,macro_yield_curve_slope,0.010455
LMT,21,142,macro_hy_spread,0.008545
LMT,21,142,macro_hy_spread_chg_5d,0.014694
LMT,21,142,macro_breakeven_5y,0.011344
LMT,21,142,macro_inflation_fwd_5y5y,0.014887
LMT,21,142,macro_inflation_fwd_chg_21d,0.006713
LMT,21,142,macro_inflation_fwd_abs_chg_21d,0.014928
LMT,21,142,macro_inflation_fwd_chg_63d,0.005421
LMT,21,142,macro_inflation_fwd_zscore,0.010973
LMT,21,142,macro_dollar_ret,0.002437
LMT,21,142,beta_spy,0.006554
LMT,21,142,res_vol,0.021145
LMT,21,142,res_vol_vel,0.002728
LMT,21,142,price_regime,0.005757
LMT,21,142,corr_sector_21d,0.009789
LMT,21,142,corr_sector_252d,0.012148
LMT,21,142,sector_wedge,0.009437
LMT,21,143,rv_5d,0.144341
LMT,21,143,rv_10d,0.236472
LMT,21,143,rv_21d,0.04156
LMT,21,143,rv_63d,0.037294
LMT,21,143,rv_126d,0.013698
LMT,21,143,ewma_vol,0.07773
LMT,21,143,garch_cond_vol,0.00279
LMT,21,143,ret_TARGET,0.0
LMT,21,143,tech_RSI,0.004685
LMT,21,143,tech_MACD_hist,0.020852
LMT,21,143,ret_VIXY,0.0
LMT,21,143,mom21_VIXY,0.017039
LMT,21,143,ret_HYG,0.007309
LMT,21,143,mom21_HYG,0.006642
LMT,21,143,ret_USO,0.0
LMT,21,143,mom21_USO,0.016593
LMT,21,143,ret_TLT,0.0
LMT,21,143,mom21_TLT,0.006607
LMT,21,143,ret_UUP,0.0
LMT,21,143,mom21_UUP,0.005232
LMT,21,143,ret_SPY,0.002189
LMT,21,143,mom21_SPY,0.051191
LMT,21,143,vol_vel,0.002324
LMT,21,143,vol_of_vol,0.005179
LMT,21,143,vol_regime_zscore,0.016899
LMT,21,143,vol_chg_21d,0.004233
LMT,21,143,event_fed_gravity,0.00666
LMT,21,143,event_earn_gravity,0.0
LMT,21,143,event_div_gravity,0.0
LMT,21,143,event_cpi_gravity,0.009688
LMT,21,143,event_nfp_gravity,0.002158
LMT,21,143,put_call_skew_30d,0.004864
LMT,21,143,term_structure_slope,0.044946
LMT,21,143,vrp_wedge,0.010416
LMT,21,143,iv_atm_z_score,0.039789
LMT,21,143,macro_yield_curve_slope,0.012116
LMT,21,143,macro_hy_spread,0.009031
LMT,21,143,macro_hy_spread_chg_5d,0.009645
LMT,21,143,macro_breakeven_5y,0.010779
LMT,21,143,macro_inflation_fwd_5y5y,0.014559
LMT,21,143,macro_inflation_fwd_chg_21d,0.012357
LMT,21,143,macro_inflation_fwd_abs_chg_21d,0.011579
LMT,21,143,macro_inflation_fwd_chg_63d,0.00553
LMT,21,143,macro_inflation_fwd_zscore,0.008028
LMT,21,143,macro_dollar_ret,0.002053
LMT,21,143,beta_spy,0.005923
LMT,21,143,res_vol,0.021127
LMT,21,143,res_vol_vel,0.003265
LMT,21,143,price_regime,0.005413
LMT,21,143,corr_sector_21d,0.009414
LMT,21,143,corr_sector_252d,0.011066
LMT,21,143,sector_wedge,0.008735
LMT,21,144,rv_5d,0.158146
LMT,21,144,rv_10d,0.157715
LMT,21,144,rv_21d,0.056073
LMT,21,144,rv_63d,0.048795
LMT,21,144,rv_126d,0.014436
LMT,21,144,ewma_vol,0.077673
LMT,21,144,garch_cond_vol,0.0028
LMT,21,144,ret_TARGET,0.0
LMT,21,144,tech_RSI,0.005827
LMT,21,144,tech_MACD_hist,0.017064
LMT,21,144,ret_VIXY,0.0
LMT,21,144,mom21_VIXY,0.017469
LMT,21,144,ret_HYG,0.0
LMT,21,144,mom21_HYG,0.006895
LMT,21,144,ret_USO,0.0
LMT,21,144,mom21_USO,0.016131
LMT,21,144,ret_TLT,0.0
LMT,21,144,mom21_TLT,0.007108
LMT,21,144,ret_UUP,0.0
LMT,21,144,mom21_UUP,0.004917
LMT,21,144,ret_SPY,0.004806
LMT,21,144,mom21_SPY,0.057641
LMT,21,144,vol_vel,0.002766
LMT,21,144,vol_of_vol,0.00884
LMT,21,144,vol_regime_zscore,0.016967
LMT,21,144,vol_chg_21d,0.005984
LMT,21,144,event_fed_gravity,0.00754
LMT,21,144,event_earn_gravity,0.0
LMT,21,144,event_div_gravity,0.0
LMT,21,144,event_cpi_gravity,0.009603
LMT,21,144,event_nfp_gravity,0.008464
LMT,21,144,put_call_skew_30d,0.006857
LMT,21,144,term_structure_slope,0.047563
LMT,21,144,vrp_wedge,0.014214
LMT,21,144,iv_atm_z_score,0.044253
LMT,21,144,macro_yield_curve_slope,0.012018
LMT,21,144,macro_hy_spread,0.009975
LMT,21,144,macro_hy_spread_chg_5d,0.010253
LMT,21,144,macro_breakeven_5y,0.011596
LMT,21,144,macro_inflation_fwd_5y5y,0.016811
LMT,21,144,macro_inflation_fwd_chg_21d,0.00865
LMT,21,144,macro_inflation_fwd_abs_chg_21d,0.013722
LMT,21,144,macro_inflation_fwd_chg_63d,0.005654
LMT,21,144,macro_inflation_fwd_zscore,0.013322
LMT,21,144,macro_dollar_ret,0.0
LMT,21,144,beta_spy,0.006749
LMT,21,144,res_vol,0.023521
LMT,21,144,res_vol_vel,0.002806
LMT,21,144,price_regime,0.00656
LMT,21,144,corr_sector_21d,0.011052
LMT,21,144,corr_sector_252d,0.013452
LMT,21,144,sector_wedge,0.00731
LMT,21,145,rv_5d,0.12497
LMT,21,145,rv_10d,0.124161
LMT,21,145,rv_21d,0.062548
LMT,21,145,rv_63d,0.051769
LMT,21,145,rv_126d,0.019644
LMT,21,145,ewma_vol,0.083235
LMT,21,145,garch_cond_vol,0.0026
LMT,21,145,ret_TARGET,0.0
LMT,21,145,tech_RSI,0.006079
LMT,21,145,tech_MACD_hist,0.024377
LMT,21,145,ret_VIXY,0.0
LMT,21,145,mom21_VIXY,0.016264
LMT,21,145,ret_HYG,0.0
LMT,21,145,mom21_HYG,0.006805
LMT,21,145,ret_USO,0.0
LMT,21,145,mom21_USO,0.019216
LMT,21,145,ret_TLT,0.0
LMT,21,145,mom21_TLT,0.007181
LMT,21,145,ret_UUP,0.0
LMT,21,145,mom21_UUP,0.006089
LMT,21,145,ret_SPY,0.004299
LMT,21,145,mom21_SPY,0.052174
LMT,21,145,vol_vel,0.004049
LMT,21,145,vol_of_vol,0.008203
LMT,21,145,vol_regime_zscore,0.020449
LMT,21,145,vol_chg_21d,0.005589
LMT,21,145,event_fed_gravity,0.006579
LMT,21,145,event_earn_gravity,0.0
LMT,21,145,event_div_gravity,0.0
LMT,21,145,event_cpi_gravity,0.011006
LMT,21,145,event_nfp_gravity,0.006911
LMT,21,145,put_call_skew_30d,0.010485
LMT,21,145,term_structure_slope,0.052054
LMT,21,145,vrp_wedge,0.01208
LMT,21,145,iv_atm_z_score,0.049671
LMT,21,145,macro_yield_curve_slope,0.013068
LMT,21,145,macro_hy_spread,0.012101
LMT,21,145,macro_hy_spread_chg_5d,0.025433
LMT,21,145,macro_breakeven_5y,0.013072
LMT,21,145,macro_inflation_fwd_5y5y,0.014286
LMT,21,145,macro_inflation_fwd_chg_21d,0.007959
LMT,21,145,macro_inflation_fwd_abs_chg_21d,0.017131
LMT,21,145,macro_inflation_fwd_chg_63d,0.00559
LMT,21,145,macro_inflation_fwd_zscore,0.009369
LMT,21,145,macro_dollar_ret,0.0
LMT,21,145,beta_spy,0.007036
LMT,21,145,res_vol,0.027681
LMT,21,145,res_vol_vel,0.003416
LMT,21,145,price_regime,0.007425
LMT,21,145,corr_sector_21d,0.011394
LMT,21,145,corr_sector_252d,0.016018
LMT,21,145,sector_wedge,0.010531
LMT,21,146,rv_5d,0.178719
LMT,21,146,rv_10d,0.097571
LMT,21,146,rv_21d,0.067214
LMT,21,146,rv_63d,0.044769
LMT,21,146,rv_126d,0.014711
LMT,21,146,ewma_vol,0.089065
LMT,21,146,garch_cond_vol,0.003002
LMT,21,146,ret_TARGET,0.0
LMT,21,146,tech_RSI,0.005735
LMT,21,146,tech_MACD_hist,0.019412
LMT,21,146,ret_VIXY,0.0
LMT,21,146,mom21_VIXY,0.019082
LMT,21,146,ret_HYG,0.0
LMT,21,146,mom21_HYG,0.0093
LMT,21,146,ret_USO,0.0
LMT,21,146,mom21_USO,0.017443
LMT,21,146,ret_TLT,0.0
LMT,21,146,mom21_TLT,0.007222
LMT,21,146,ret_UUP,0.002205
LMT,21,146,mom21_UUP,0.007512
LMT,21,146,ret_SPY,0.002328
LMT,21,146,mom21_SPY,0.042105
LMT,21,146,vol_vel,0.003616
LMT,21,146,vol_of_vol,0.006961
LMT,21,146,vol_regime_zscore,0.019907
LMT,21,146,vol_chg_21d,0.004934
LMT,21,146,event_fed_gravity,0.007055
LMT,21,146,event_earn_gravity,0.0
LMT,21,146,event_div_gravity,0.0
LMT,21,146,event_cpi_gravity,0.009397
LMT,21,146,event_nfp_gravity,0.004812
LMT,21,146,put_call_skew_30d,0.007768
LMT,21,146,term_structure_slope,0.057419
LMT,21,146,vrp_wedge,0.012908
LMT,21,146,iv_atm_z_score,0.049485
LMT,21,146,macro_yield_curve_slope,0.012373
LMT,21,146,macro_hy_spread,0.0106
LMT,21,146,macro_hy_spread_chg_5d,0.015436
LMT,21,146,macro_breakeven_5y,0.010521
LMT,21,146,macro_inflation_fwd_5y5y,0.016438
LMT,21,146,macro_inflation_fwd_chg_21d,0.010507
LMT,21,146,macro_inflation_fwd_abs_chg_21d,0.014629
LMT,21,146,macro_inflation_fwd_chg_63d,0.005952
LMT,21,146,macro_inflation_fwd_zscore,0.011599
LMT,21,146,macro_dollar_ret,0.002084
LMT,21,146,beta_spy,0.007197
LMT,21,146,res_vol,0.026169
LMT,21,146,res_vol_vel,0.003028
LMT,21,146,price_regime,0.006944
LMT,21,146,corr_sector_21d,0.012783
LMT,21,146,corr_sector_252d,0.013222
LMT,21,146,sector_wedge,0.008864
LMT,21,147,rv_5d,0.16456
LMT,21,147,rv_10d,0.0652
LMT,21,147,rv_21d,0.075246
LMT,21,147,rv_63d,0.049022
LMT,21,147,rv_126d,0.015691
LMT,21,147,ewma_vol,0.09455
LMT,21,147,garch_cond_vol,0.0
LMT,21,147,ret_TARGET,0.002077
LMT,21,147,tech_RSI,0.005193
LMT,21,147,tech_MACD_hist,0.021993
LMT,21,147,ret_VIXY,0.0
LMT,21,147,mom21_VIXY,0.020995
LMT,21,147,ret_HYG,0.0
LMT,21,147,mom21_HYG,0.010544
LMT,21,147,ret_USO,0.0
LMT,21,147,mom21_USO,0.018063
LMT,21,147,ret_TLT,0.0
LMT,21,147,mom21_TLT,0.007879
LMT,21,147,ret_UUP,0.002585
LMT,21,147,mom21_UUP,0.005559
LMT,21,147,ret_SPY,0.005303
LMT,21,147,mom21_SPY,0.066876
LMT,21,147,vol_vel,0.002951
LMT,21,147,vol_of_vol,0.007015
LMT,21,147,vol_regime_zscore,0.020974
LMT,21,147,vol_chg_21d,0.004943
LMT,21,147,event_fed_gravity,0.008538
LMT,21,147,event_earn_gravity,0.0
LMT,21,147,event_div_gravity,0.0
LMT,21,147,event_cpi_gravity,0.008667
LMT,21,147,event_nfp_gravity,0.004755
LMT,21,147,put_call_skew_30d,0.008367
LMT,21,147,term_structure_slope,0.052135
LMT,21,147,vrp_wedge,0.013531
LMT,21,147,iv_atm_z_score,0.050321
LMT,21,147,macro_yield_curve_slope,0.013041
LMT,21,147,macro_hy_spread,0.010569
LMT,21,147,macro_hy_spread_chg_5d,0.020428
LMT,21,147,macro_breakeven_5y,0.010639
LMT,21,147,macro_inflation_fwd_5y5y,0.015202
LMT,21,147,macro_inflation_fwd_chg_21d,0.009044
LMT,21,147,macro_inflation_fwd_abs_chg_21d,0.0171
LMT,21,147,macro_inflation_fwd_chg_63d,0.006915
LMT,21,147,macro_inflation_fwd_zscore,0.01049
LMT,21,147,macro_dollar_ret,0.0
LMT,21,147,beta_spy,0.006653
LMT,21,147,res_vol,0.025372
LMT,21,147,res_vol_vel,0.003289
LMT,21,147,price_regime,0.005469
LMT,21,147,corr_sector_21d,0.011
LMT,21,147,corr_sector_252d,0.012445
LMT,21,147,sector_wedge,0.008813
LMT,21,148,rv_5d,0.162172
LMT,21,148,rv_10d,0.115063
LMT,21,148,rv_21d,0.051424
LMT,21,148,rv_63d,0.048262
LMT,21,148,rv_126d,0.013806
LMT,21,148,ewma_vol,0.076675
LMT,21,148,garch_cond_vol,0.029737
LMT,21,148,ret_TARGET,0.0
LMT,21,148,tech_RSI,0.004867
LMT,21,148,tech_MACD_hist,0.018824
LMT,21,148,ret_VIXY,0.0
LMT,21,148,mom21_VIXY,0.018588
LMT,21,148,ret_HYG,0.0
LMT,21,148,mom21_HYG,0.005506
LMT,21,148,ret_USO,0.0
LMT,21,148,mom21_USO,0.017152
LMT,21,148,ret_TLT,0.0
LMT,21,148,mom21_TLT,0.006969
LMT,21,148,ret_UUP,0.002219
LMT,21,148,mom21_UUP,0.005811
LMT,21,148,ret_SPY,0.00475
LMT,21,148,mom21_SPY,0.062023
LMT,21,148,vol_vel,0.003124
LMT,21,148,vol_of_vol,0.006848
LMT,21,148,vol_regime_zscore,0.019404
LMT,21,148,vol_chg_21d,0.005563
LMT,21,148,event_fed_gravity,0.009423
LMT,21,148,event_earn_gravity,0.0
LMT,21,148,event_div_gravity,0.0
LMT,21,148,event_cpi_gravity,0.007979
LMT,21,148,event_nfp_gravity,0.004791
LMT,21,148,put_call_skew_30d,0.00581
LMT,21,148,term_structure_slope,0.051236
LMT,21,148,vrp_wedge,0.009932
LMT,21,148,iv_atm_z_score,0.047697
LMT,21,148,macro_yield_curve_slope,0.012176
LMT,21,148,macro_hy_spread,0.010689
LMT,21,148,macro_hy_spread_chg_5d,0.015535
LMT,21,148,macro_breakeven_5y,0.010786
LMT,21,148,macro_inflation_fwd_5y5y,0.013506
LMT,21,148,macro_inflation_fwd_chg_21d,0.010499
LMT,21,148,macro_inflation_fwd_abs_chg_21d,0.015905
LMT,21,148,macro_inflation_fwd_chg_63d,0.00438
LMT,21,148,macro_inflation_fwd_zscore,0.010589
LMT,21,148,macro_dollar_ret,0.0
LMT,21,148,beta_spy,0.006668
LMT,21,148,res_vol,0.026101
LMT,21,148,res_vol_vel,0.003676
LMT,21,148,price_regime,0.008986
LMT,21,148,corr_sector_21d,0.011823
LMT,21,148,corr_sector_252d,0.013516
LMT,21,148,sector_wedge,0.009508
LMT,63,0,rv_5d,0.0
LMT,63,0,rv_10d,0.0
LMT,63,0,rv_21d,0.025389
LMT,63,0,rv_63d,0.049684
LMT,63,0,rv_126d,0.04427
LMT,63,0,ewma_vol,0.0
LMT,63,0,garch_cond_vol,0.0
LMT,63,0,ret_TARGET,0.0
LMT,63,0,tech_RSI,0.0
LMT,63,0,tech_MACD_hist,0.0
LMT,63,0,ret_VIXY,0.0
LMT,63,0,mom21_VIXY,0.0
LMT,63,0,ret_HYG,0.0
LMT,63,0,mom21_HYG,0.0
LMT,63,0,ret_USO,0.0
LMT,63,0,mom21_USO,0.020374
LMT,63,0,ret_TLT,0.0
LMT,63,0,mom21_TLT,0.0
LMT,63,0,ret_UUP,0.0
LMT,63,0,mom21_UUP,0.0
LMT,63,0,ret_SPY,0.0
LMT,63,0,mom21_SPY,0.020909
LMT,63,0,vol_vel,0.0
LMT,63,0,vol_of_vol,0.0
LMT,63,0,vol_regime_zscore,0.0
LMT,63,0,vol_chg_21d,0.0
LMT,63,0,event_fed_gravity,0.211033
LMT,63,0,event_earn_gravity,0.0
LMT,63,0,event_div_gravity,0.0
LMT,63,0,event_cpi_gravity,0.117279
LMT,63,0,event_nfp_gravity,0.211033
LMT,63,0,put_call_skew_30d,0.0
LMT,63,0,term_structure_slope,0.0
LMT,63,0,vrp_wedge,0.0
LMT,63,0,iv_atm_z_score,0.0
LMT,63,0,macro_yield_curve_slope,0.026972
LMT,63,0,macro_hy_spread,0.034564
LMT,63,0,macro_hy_spread_chg_5d,0.0
LMT,63,0,macro_breakeven_5y,0.02094
LMT,63,0,macro_inflation_fwd_5y5y,0.031188
LMT,63,0,macro_inflation_fwd_chg_21d,0.0
LMT,63,0,macro_inflation_fwd_abs_chg_21d,0.0
LMT,63,0,macro_inflation_fwd_chg_63d,0.034943
LMT,63,0,macro_inflation_fwd_zscore,0.044538
LMT,63,0,macro_dollar_ret,0.0
LMT,63,0,beta_spy,0.0
LMT,63,0,res_vol,0.08246
LMT,63,0,res_vol_vel,0.0
LMT,63,0,price_regime,0.0
LMT,63,0,corr_sector_21d,0.0
LMT,63,0,corr_sector_252d,0.024425
LMT,63,0,sector_wedge,0.0
LMT,63,1,rv_5d,0.0
LMT,63,1,rv_10d,0.0
LMT,63,1,rv_21d,0.0
LMT,63,1,rv_63d,0.045556
LMT,63,1,rv_126d,0.043819
LMT,63,1,ewma_vol,0.023862
LMT,63,1,garch_cond_vol,0.0
LMT,63,1,ret_TARGET,0.0
LMT,63,1,tech_RSI,0.0
LMT,63,1,tech_MACD_hist,0.0
LMT,63,1,ret_VIXY,0.0
LMT,63,1,mom21_VIXY,0.0
LMT,63,1,ret_HYG,0.0
LMT,63,1,mom21_HYG,0.0
LMT,63,1,ret_USO,0.0
LMT,63,1,mom21_USO,0.022788
LMT,63,1,ret_TLT,0.0
LMT,63,1,mom21_TLT,0.0
LMT,63,1,ret_UUP,0.0
LMT,63,1,mom21_UUP,0.0
LMT,63,1,ret_SPY,0.0
LMT,63,1,mom21_SPY,0.0
LMT,63,1,vol_vel,0.0
LMT,63,1,vol_of_vol,0.0
LMT,63,1,vol_regime_zscore,0.0
LMT,63,1,vol_chg_21d,0.0
LMT,63,1,event_fed_gravity,0.213166
LMT,63,1,event_earn_gravity,0.0
LMT,63,1,event_div_gravity,0.0
LMT,63,1,event_cpi_gravity,0.148727
LMT,63,1,event_nfp_gravity,0.207227
LMT,63,1,put_call_skew_30d,0.0
LMT,63,1,term_structure_slope,0.0
LMT,63,1,vrp_wedge,0.0
LMT,63,1,iv_atm_z_score,0.0
LMT,63,1,macro_yield_curve_slope,0.022552
LMT,63,1,macro_hy_spread,0.035647
LMT,63,1,macro_hy_spread_chg_5d,0.0
LMT,63,1,macro_breakeven_5y,0.023148
LMT,63,1,macro_inflation_fwd_5y5y,0.034168
LMT,63,1,macro_inflation_fwd_chg_21d,0.0
LMT,63,1,macro_inflation_fwd_abs_chg_21d,0.0
LMT,63,1,macro_inflation_fwd_chg_63d,0.0
LMT,63,1,macro_inflation_fwd_zscore,0.055709
LMT,63,1,macro_dollar_ret,0.0
LMT,63,1,beta_spy,0.021662
LMT,63,1,res_vol,0.074496
LMT,63,1,res_vol_vel,0.0
LMT,63,1,price_regime,0.0
LMT,63,1,corr_sector_21d,0.0
LMT,63,1,corr_sector_252d,0.027472
LMT,63,1,sector_wedge,0.0
LMT,63,2,rv_5d,0.0
LMT,63,2,rv_10d,0.0
LMT,63,2,rv_21d,0.021948
LMT,63,2,rv_63d,0.039722
LMT,63,2,rv_126d,0.042239
LMT,63,2,ewma_vol,0.0
LMT,63,2,garch_cond_vol,0.021879
LMT,63,2,ret_TARGET,0.0
LMT,63,2,tech_RSI,0.0
LMT,63,2,tech_MACD_hist,0.0
LMT,63,2,ret_VIXY,0.0
LMT,63,2,mom21_VIXY,0.0
LMT,63,2,ret_HYG,0.0
LMT,63,2,mom21_HYG,0.0
LMT,63,2,ret_USO,0.0
LMT,63,2,mom21_USO,0.023409
LMT,63,2,ret_TLT,0.0
LMT,63,2,mom21_TLT,0.0
LMT,63,2,ret_UUP,0.0
LMT,63,2,mom21_UUP,0.0
LMT,63,2,ret_SPY,0.0
LMT,63,2,mom21_SPY,0.026046
LMT,63,2,vol_vel,0.0
LMT,63,2,vol_of_vol,0.0
LMT,63,2,vol_regime_zscore,0.0
LMT,63,2,vol_chg_21d,0.0
LMT,63,2,event_fed_gravity,0.20916
LMT,63,2,event_earn_gravity,0.0
LMT,63,2,event_div_gravity,0.0
LMT,63,2,event_cpi_gravity,0.158693
LMT,63,2,event_nfp_gravity,0.179272
LMT,63,2,put_call_skew_30d,0.0
LMT,63,2,term_structure_slope,0.0
LMT,63,2,vrp_wedge,0.0
LMT,63,2,iv_atm_z_score,0.0
LMT,63,2,macro_yield_curve_slope,0.040138
LMT,63,2,macro_hy_spread,0.03143
LMT,63,2,macro_hy_spread_chg_5d,0.0
LMT,63,2,macro_breakeven_5y,0.021995
LMT,63,2,macro_inflation_fwd_5y5y,0.031907
LMT,63,2,macro_inflation_fwd_chg_21d,0.0
LMT,63,2,macro_inflation_fwd_abs_chg_21d,0.0
LMT,63,2,macro_inflation_fwd_chg_63d,0.026868
LMT,63,2,macro_inflation_fwd_zscore,0.054825
LMT,63,2,macro_dollar_ret,0.0
LMT,63,2,beta_spy,0.0
LMT,63,2,res_vol,0.045771
LMT,63,2,res_vol_vel,0.0
LMT,63,2,price_regime,0.0
LMT,63,2,corr_sector_21d,0.0
LMT,63,2,corr_sector_252d,0.024698
LMT,63,2,sector_wedge,0.0
LMT,63,3,rv_5d,0.0
LMT,63,3,rv_10d,0.027883
LMT,63,3,rv_21d,0.027533
LMT,63,3,rv_63d,0.041664
LMT,63,3,rv_126d,0.039131
LMT,63,3,ewma_vol,0.026276
LMT,63,3,garch_cond_vol,0.0
LMT,63,3,ret_TARGET,0.0
LMT,63,3,tech_RSI,0.0
LMT,63,3,tech_MACD_hist,0.0
LMT,63,3,ret_VIXY,0.0
LMT,63,3,mom21_VIXY,0.0
LMT,63,3,ret_HYG,0.0
LMT,63,3,mom21_HYG,0.0
LMT,63,3,ret_USO,0.0
LMT,63,3,mom21_USO,0.022977
LMT,63,3,ret_TLT,0.0
LMT,63,3,mom21_TLT,0.0
LMT,63,3,ret_UUP,0.0
LMT,63,3,mom21_UUP,0.0
LMT,63,3,ret_SPY,0.0
LMT,63,3,mom21_SPY,0.024107
LMT,63,3,vol_vel,0.0
LMT,63,3,vol_of_vol,0.0
LMT,63,3,vol_regime_zscore,0.0
LMT,63,3,vol_chg_21d,0.0
LMT,63,3,event_fed_gravity,0.239054
LMT,63,3,event_earn_gravity,0.0
LMT,63,3,event_div_gravity,0.0
LMT,63,3,event_cpi_gravity,0.134976
LMT,63,3,event_nfp_gravity,0.196405
LMT,63,3,put_call_skew_30d,0.0
LMT,63,3,term_structure_slope,0.0
LMT,63,3,vrp_wedge,0.0
LMT,63,3,iv_atm_z_score,0.0
LMT,63,3,macro_yield_curve_slope,0.022372
LMT,63,3,macro_hy_spread,0.035422
LMT,63,3,macro_hy_spread_chg_5d,0.0
LMT,63,3,macro_breakeven_5y,0.0
LMT,63,3,macro_inflation_fwd_5y5y,0.033845
LMT,63,3,macro_inflation_fwd_chg_21d,0.0
LMT,63,3,macro_inflation_fwd_abs_chg_21d,0.0
LMT,63,3,macro_inflation_fwd_chg_63d,0.020939
LMT,63,3,macro_inflation_fwd_zscore,0.056911
LMT,63,3,macro_dollar_ret,0.0
LMT,63,3,beta_spy,0.0
LMT,63,3,res_vol,0.020818
LMT,63,3,res_vol_vel,0.0
LMT,63,3,price_regime,0.0
LMT,63,3,corr_sector_21d,0.0
LMT,63,3,corr_sector_252d,0.029689
LMT,63,3,sector_wedge,0.0
LMT,63,4,rv_5d,0.0
LMT,63,4,rv_10d,0.0
LMT,63,4,rv_21d,0.021597
LMT,63,4,rv_63d,0.039099
LMT,63,4,rv_126d,0.041976
LMT,63,4,ewma_vol,0.019872
LMT,63,4,garch_cond_vol,0.0
LMT,63,4,ret_TARGET,0.0
LMT,63,4,tech_RSI,0.0
LMT,63,4,tech_MACD_hist,0.0
LMT,63,4,ret_VIXY,0.0
LMT,63,4,mom21_VIXY,0.0
LMT,63,4,ret_HYG,0.0
LMT,63,4,mom21_HYG,0.0
LMT,63,4,ret_USO,0.0
LMT,63,4,mom21_USO,0.020259
LMT,63,4,ret_TLT,0.0
LMT,63,4,mom21_TLT,0.0
LMT,63,4,ret_UUP,0.0
LMT,63,4,mom21_UUP,0.0
LMT,63,4,ret_SPY,0.0
LMT,63,4,mom21_SPY,0.020928
LMT,63,4,vol_vel,0.0
LMT,63,4,vol_of_vol,0.0
LMT,63,4,vol_regime_zscore,0.0
LMT,63,4,vol_chg_21d,0.0
LMT,63,4,event_fed_gravity,0.195841
LMT,63,4,event_earn_gravity,0.0
LMT,63,4,event_div_gravity,0.0
LMT,63,4,event_cpi_gravity,0.153933
LMT,63,4,event_nfp_gravity,0.181281
LMT,63,4,put_call_skew_30d,0.0
LMT,63,4,term_structure_slope,0.0
LMT,63,4,vrp_wedge,0.0
LMT,63,4,iv_atm_z_score,0.0
LMT,63,4,macro_yield_curve_slope,0.029118
LMT,63,4,macro_hy_spread,0.031232
LMT,63,4,macro_hy_spread_chg_5d,0.0
LMT,63,4,macro_breakeven_5y,0.021394
LMT,63,4,macro_inflation_fwd_5y5y,0.03128
LMT,63,4,macro_inflation_fwd_chg_21d,0.0
LMT,63,4,macro_inflation_fwd_abs_chg_21d,0.0
LMT,63,4,macro_inflation_fwd_chg_63d,0.030697
LMT,63,4,macro_inflation_fwd_zscore,0.047824
LMT,63,4,macro_dollar_ret,0.0
LMT,63,4,beta_spy,0.036077
LMT,63,4,res_vol,0.044863
LMT,63,4,res_vol_vel,0.0
LMT,63,4,price_regime,0.0
LMT,63,4,corr_sector_21d,0.0
LMT,63,4,corr_sector_252d,0.032729
LMT,63,4,sector_wedge,0.0
LMT,63,5,rv_5d,0.0
LMT,63,5,rv_10d,0.0
LMT,63,5,rv_21d,0.032287
LMT,63,5,rv_63d,0.036474
LMT,63,5,rv_126d,0.046579
LMT,63,5,ewma_vol,0.020228
LMT,63,5,garch_cond_vol,0.0
LMT,63,5,ret_TARGET,0.0
LMT,63,5,tech_RSI,0.0
LMT,63,5,tech_MACD_hist,0.0
LMT,63,5,ret_VIXY,0.0
LMT,63,5,mom21_VIXY,0.0
LMT,63,5,ret_HYG,0.0
LMT,63,5,mom21_HYG,0.0
LMT,63,5,ret_USO,0.0
LMT,63,5,mom21_USO,0.020197
LMT,63,5,ret_TLT,0.0
LMT,63,5,mom21_TLT,0.0
LMT,63,5,ret_UUP,0.0
LMT,63,5,mom21_UUP,0.0
LMT,63,5,ret_SPY,0.0
LMT,63,5,mom21_SPY,0.019858
LMT,63,5,vol_vel,0.0
LMT,63,5,vol_of_vol,0.0
LMT,63,5,vol_regime_zscore,0.0
LMT,63,5,vol_chg_21d,0.0
LMT,63,5,event_fed_gravity,0.19224
LMT,63,5,event_earn_gravity,0.0
LMT,63,5,event_div_gravity,0.0
LMT,63,5,event_cpi_gravity,0.131179
LMT,63,5,event_nfp_gravity,0.181829
LMT,63,5,put_call_skew_30d,0.0
LMT,63,5,term_structure_slope,0.0
LMT,63,5,vrp_wedge,0.0
LMT,63,5,iv_atm_z_score,0.0
LMT,63,5,macro_yield_curve_slope,0.046251
LMT,63,5,macro_hy_spread,0.033034
LMT,63,5,macro_hy_spread_chg_5d,0.0
LMT,63,5,macro_breakeven_5y,0.028541
LMT,63,5,macro_inflation_fwd_5y5y,0.027922
LMT,63,5,macro_inflation_fwd_chg_21d,0.0
LMT,63,5,macro_inflation_fwd_abs_chg_21d,0.0
LMT,63,5,macro_inflation_fwd_chg_63d,0.025763
LMT,63,5,macro_inflation_fwd_zscore,0.043343
LMT,63,5,macro_dollar_ret,0.0
LMT,63,5,beta_spy,0.024356
LMT,63,5,res_vol,0.036352
LMT,63,5,res_vol_vel,0.0
LMT,63,5,price_regime,0.0
LMT,63,5,corr_sector_21d,0.0
LMT,63,5,corr_sector_252d,0.053569
LMT,63,5,sector_wedge,0.0
LMT,63,6,rv_5d,0.0
LMT,63,6,rv_10d,0.020224
LMT,63,6,rv_21d,0.034244
LMT,63,6,rv_63d,0.031152
LMT,63,6,rv_126d,0.044431
LMT,63,6,ewma_vol,0.0
LMT,63,6,garch_cond_vol,0.0
LMT,63,6,ret_TARGET,0.0
LMT,63,6,tech_RSI,0.0
LMT,63,6,tech_MACD_hist,0.0
LMT,63,6,ret_VIXY,0.0
LMT,63,6,mom21_VIXY,0.0
LMT,63,6,ret_HYG,0.0
LMT,63,6,mom21_HYG,0.0
LMT,63,6,ret_USO,0.0
LMT,63,6,mom21_USO,0.019846
LMT,63,6,ret_TLT,0.0
LMT,63,6,mom21_TLT,0.0
LMT,63,6,ret_UUP,0.0
LMT,63,6,mom21_UUP,0.0
LMT,63,6,ret_SPY,0.0
LMT,63,6,mom21_SPY,0.0
LMT,63,6,vol_vel,0.0
LMT,63,6,vol_of_vol,0.0
LMT,63,6,vol_regime_zscore,0.020665
LMT,63,6,vol_chg_21d,0.016661
LMT,63,6,event_fed_gravity,0.185621
LMT,63,6,event_earn_gravity,0.0
LMT,63,6,event_div_gravity,0.0
LMT,63,6,event_cpi_gravity,0.130501
LMT,63,6,event_nfp_gravity,0.176885
LMT,63,6,put_call_skew_30d,0.0
LMT,63,6,term_structure_slope,0.0
LMT,63,6,vrp_wedge,0.0
LMT,63,6,iv_atm_z_score,0.0
LMT,63,6,macro_yield_curve_slope,0.052909
LMT,63,6,macro_hy_spread,0.022111
LMT,63,6,macro_hy_spread_chg_5d,0.0
LMT,63,6,macro_breakeven_5y,0.041052
LMT,63,6,macro_inflation_fwd_5y5y,0.039705
LMT,63,6,macro_inflation_fwd_chg_21d,0.0
LMT,63,6,macro_inflation_fwd_abs_chg_21d,0.0
LMT,63,6,macro_inflation_fwd_chg_63d,0.042468
LMT,63,6,macro_inflation_fwd_zscore,0.035946
LMT,63,6,macro_dollar_ret,0.0
LMT,63,6,beta_spy,0.0
LMT,63,6,res_vol,0.017966
LMT,63,6,res_vol_vel,0.0
LMT,63,6,price_regime,0.0
LMT,63,6,corr_sector_21d,0.0
LMT,63,6,corr_sector_252d,0.067611
LMT,63,6,sector_wedge,0.0
LMT,63,7,rv_5d,0.0
LMT,63,7,rv_10d,0.017729
LMT,63,7,rv_21d,0.030024
LMT,63,7,rv_63d,0.036422
LMT,63,7,rv_126d,0.045647
LMT,63,7,ewma_vol,0.0
LMT,63,7,garch_cond_vol,0.0
LMT,63,7,ret_TARGET,0.0
LMT,63,7,tech_RSI,0.0
LMT,63,7,tech_MACD_hist,0.0
LMT,63,7,ret_VIXY,0.0
LMT,63,7,mom21_VIXY,0.0
LMT,63,7,ret_HYG,0.0
LMT,63,7,mom21_HYG,0.0
LMT,63,7,ret_USO,0.0
LMT,63,7,mom21_USO,0.018367
LMT,63,7,ret_TLT,0.0
LMT,63,7,mom21_TLT,0.0
LMT,63,7,ret_UUP,0.0
LMT,63,7,mom21_UUP,0.0
LMT,63,7,ret_SPY,0.0
LMT,63,7,mom21_SPY,0.01606
LMT,63,7,vol_vel,0.0
LMT,63,7,vol_of_vol,0.0
LMT,63,7,vol_regime_zscore,0.017012
LMT,63,7,vol_chg_21d,0.017391
LMT,63,7,event_fed_gravity,0.18447
LMT,63,7,event_earn_gravity,0.0
LMT,63,7,event_div_gravity,0.0
LMT,63,7,event_cpi_gravity,0.140816
LMT,63,7,event_nfp_gravity,0.1518
LMT,63,7,put_call_skew_30d,0.0
LMT,63,7,term_structure_slope,0.0
LMT,63,7,vrp_wedge,0.0
LMT,63,7,iv_atm_z_score,0.0
LMT,63,7,macro_yield_curve_slope,0.059156
LMT,63,7,macro_hy_spread,0.026282
LMT,63,7,macro_hy_spread_chg_5d,0.0
LMT,63,7,macro_breakeven_5y,0.027582
LMT,63,7,macro_inflation_fwd_5y5y,0.036837
LMT,63,7,macro_inflation_fwd_chg_21d,0.0
LMT,63,7,macro_inflation_fwd_abs_chg_21d,0.0
LMT,63,7,macro_inflation_fwd_chg_63d,0.04317
LMT,63,7,macro_inflation_fwd_zscore,0.04012
LMT,63,7,macro_dollar_ret,0.0
LMT,63,7,beta_spy,0.0
LMT,63,7,res_vol,0.025967
LMT,63,7,res_vol_vel,0.0
LMT,63,7,price_regime,0.0
LMT,63,7,corr_sector_21d,0.0
LMT,63,7,corr_sector_252d,0.065147
LMT,63,7,sector_wedge,0.0
LMT,63,8,rv_5d,0.0
LMT,63,8,rv_10d,0.016536
LMT,63,8,rv_21d,0.029249
LMT,63,8,rv_63d,0.034498
LMT,63,8,rv_126d,0.047408
LMT,63,8,ewma_vol,0.0
LMT,63,8,garch_cond_vol,0.016439
LMT,63,8,ret_TARGET,0.0
LMT,63,8,tech_RSI,0.0
LMT,63,8,tech_MACD_hist,0.0
LMT,63,8,ret_VIXY,0.0
LMT,63,8,mom21_VIXY,0.0
LMT,63,8,ret_HYG,0.0
LMT,63,8,mom21_HYG,0.0
LMT,63,8,ret_USO,0.0
LMT,63,8,mom21_USO,0.019412
LMT,63,8,ret_TLT,0.0
LMT,63,8,mom21_TLT,0.0
LMT,63,8,ret_UUP,0.0
LMT,63,8,mom21_UUP,0.0
LMT,63,8,ret_SPY,0.0
LMT,63,8,mom21_SPY,0.016597
LMT,63,8,vol_vel,0.0
LMT,63,8,vol_of_vol,0.0
LMT,63,8,vol_regime_zscore,0.016589
LMT,63,8,vol_chg_21d,0.016761
LMT,63,8,event_fed_gravity,0.167982
LMT,63,8,event_earn_gravity,0.0
LMT,63,8,event_div_gravity,0.0
LMT,63,8,event_cpi_gravity,0.142229
LMT,63,8,event_nfp_gravity,0.146264
LMT,63,8,put_call_skew_30d,0.0
LMT,63,8,term_structure_slope,0.0
LMT,63,8,vrp_wedge,0.0
LMT,63,8,iv_atm_z_score,0.0
LMT,63,8,macro_yield_curve_slope,0.039938
LMT,63,8,macro_hy_spread,0.025867
LMT,63,8,macro_hy_spread_chg_5d,0.0
LMT,63,8,macro_breakeven_5y,0.028158
LMT,63,8,macro_inflation_fwd_5y5y,0.036604
LMT,63,8,macro_inflation_fwd_chg_21d,0.0
LMT,63,8,macro_inflation_fwd_abs_chg_21d,0.0
LMT,63,8,macro_inflation_fwd_chg_63d,0.048815
LMT,63,8,macro_inflation_fwd_zscore,0.031776
LMT,63,8,macro_dollar_ret,0.0
LMT,63,8,beta_spy,0.0
LMT,63,8,res_vol,0.034901
LMT,63,8,res_vol_vel,0.0
LMT,63,8,price_regime,0.0
LMT,63,8,corr_sector_21d,0.01686
LMT,63,8,corr_sector_252d,0.067116
LMT,63,8,sector_wedge,0.0
LMT,63,9,rv_5d,0.0
LMT,63,9,rv_10d,0.018119
LMT,63,9,rv_21d,0.025861
LMT,63,9,rv_63d,0.025529
LMT,63,9,rv_126d,0.0547
LMT,63,9,ewma_vol,0.020905
LMT,63,9,garch_cond_vol,0.018698
LMT,63,9,ret_TARGET,0.0
LMT,63,9,tech_RSI,0.0
LMT,63,9,tech_MACD_hist,0.0
LMT,63,9,ret_VIXY,0.0
LMT,63,9,mom21_VIXY,0.0
LMT,63,9,ret_HYG,0.0
LMT,63,9,mom21_HYG,0.0
LMT,63,9,ret_USO,0.0
LMT,63,9,mom21_USO,0.017559
LMT,63,9,ret_TLT,0.0
LMT,63,9,mom21_TLT,0.0
LMT,63,9,ret_UUP,0.0
LMT,63,9,mom21_UUP,0.0
LMT,63,9,ret_SPY,0.0
LMT,63,9,mom21_SPY,0.0
LMT,63,9,vol_vel,0.0
LMT,63,9,vol_of_vol,0.014972
LMT,63,9,vol_regime_zscore,0.0
LMT,63,9,vol_chg_21d,0.015717
LMT,63,9,event_fed_gravity,0.163575
LMT,63,9,event_earn_gravity,0.0
LMT,63,9,event_div_gravity,0.0
LMT,63,9,event_cpi_gravity,0.151723
LMT,63,9,event_nfp_gravity,0.150727
LMT,63,9,put_call_skew_30d,0.0
LMT,63,9,term_structure_slope,0.0
LMT,63,9,vrp_wedge,0.0
LMT,63,9,iv_atm_z_score,0.0
LMT,63,9,macro_yield_curve_slope,0.030955
LMT,63,9,macro_hy_spread,0.02622
LMT,63,9,macro_hy_spread_chg_5d,0.0
LMT,63,9,macro_breakeven_5y,0.041103
LMT,63,9,macro_inflation_fwd_5y5y,0.02362
LMT,63,9,macro_inflation_fwd_chg_21d,0.0
LMT,63,9,macro_inflation_fwd_abs_chg_21d,0.0
LMT,63,9,macro_inflation_fwd_chg_63d,0.054462
LMT,63,9,macro_inflation_fwd_zscore,0.037548
LMT,63,9,macro_dollar_ret,0.0
LMT,63,9,beta_spy,0.014529
LMT,63,9,res_vol,0.030036
LMT,63,9,res_vol_vel,0.0
LMT,63,9,price_regime,0.0
LMT,63,9,corr_sector_21d,0.015131
LMT,63,9,corr_sector_252d,0.04831
LMT,63,9,sector_wedge,0.0
LMT,63,10,rv_5d,0.017543
LMT,63,10,rv_10d,0.0
LMT,63,10,rv_21d,0.028538
LMT,63,10,rv_63d,0.039016
LMT,63,10,rv_126d,0.066945
LMT,63,10,ewma_vol,0.023174
LMT,63,10,garch_cond_vol,0.0
LMT,63,10,ret_TARGET,0.0
LMT,63,10,tech_RSI,0.0
LMT,63,10,tech_MACD_hist,0.0
LMT,63,10,ret_VIXY,0.0
LMT,63,10,mom21_VIXY,0.0
LMT,63,10,ret_HYG,0.0
LMT,63,10,mom21_HYG,0.0
LMT,63,10,ret_USO,0.0
LMT,63,10,mom21_USO,0.020374
LMT,63,10,ret_TLT,0.0
LMT,63,10,mom21_TLT,0.0
LMT,63,10,ret_UUP,0.0
LMT,63,10,mom21_UUP,0.0
LMT,63,10,ret_SPY,0.0
LMT,63,10,mom21_SPY,0.016459
LMT,63,10,vol_vel,0.0
LMT,63,10,vol_of_vol,0.0
LMT,63,10,vol_regime_zscore,0.0
LMT,63,10,vol_chg_21d,0.017384
LMT,63,10,event_fed_gravity,0.180546
LMT,63,10,event_earn_gravity,0.0
LMT,63,10,event_div_gravity,0.0
LMT,63,10,event_cpi_gravity,0.16308
LMT,63,10,event_nfp_gravity,0.155274
LMT,63,10,put_call_skew_30d,0.0
LMT,63,10,term_structure_slope,0.0
LMT,63,10,vrp_wedge,0.0
LMT,63,10,iv_atm_z_score,0.0
LMT,63,10,macro_yield_curve_slope,0.027217
LMT,63,10,macro_hy_spread,0.038978
LMT,63,10,macro_hy_spread_chg_5d,0.0
LMT,63,10,macro_breakeven_5y,0.044778
LMT,63,10,macro_inflation_fwd_5y5y,0.02618
LMT,63,10,macro_inflation_fwd_chg_21d,0.0
LMT,63,10,macro_inflation_fwd_abs_chg_21d,0.0
LMT,63,10,macro_inflation_fwd_chg_63d,0.0
LMT,63,10,macro_inflation_fwd_zscore,0.044192
LMT,63,10,macro_dollar_ret,0.0
LMT,63,10,beta_spy,0.0
LMT,63,10,res_vol,0.041246
LMT,63,10,res_vol_vel,0.0
LMT,63,10,price_regime,0.0
LMT,63,10,corr_sector_21d,0.0
LMT,63,10,corr_sector_252d,0.049076
LMT,63,10,sector_wedge,0.0
LMT,63,11,rv_5d,0.020684
LMT,63,11,rv_10d,0.01738
LMT,63,11,rv_21d,0.031014
LMT,63,11,rv_63d,0.03054
LMT,63,11,rv_126d,0.068535
LMT,63,11,ewma_vol,0.020009
LMT,63,11,garch_cond_vol,0.021201
LMT,63,11,ret_TARGET,0.0
LMT,63,11,tech_RSI,0.0
LMT,63,11,tech_MACD_hist,0.0
LMT,63,11,ret_VIXY,0.0
LMT,63,11,mom21_VIXY,0.0
LMT,63,11,ret_HYG,0.0
LMT,63,11,mom21_HYG,0.0
LMT,63,11,ret_USO,0.0
LMT,63,11,mom21_USO,0.018835
LMT,63,11,ret_TLT,0.0
LMT,63,11,mom21_TLT,0.0
LMT,63,11,ret_UUP,0.0
LMT,63,11,mom21_UUP,0.0
LMT,63,11,ret_SPY,0.0
LMT,63,11,mom21_SPY,0.0
LMT,63,11,vol_vel,0.0
LMT,63,11,vol_of_vol,0.0
LMT,63,11,vol_regime_zscore,0.0
LMT,63,11,vol_chg_21d,0.0
LMT,63,11,event_fed_gravity,0.198791
LMT,63,11,event_earn_gravity,0.0
LMT,63,11,event_div_gravity,0.0
LMT,63,11,event_cpi_gravity,0.134849
LMT,63,11,event_nfp_gravity,0.183465
LMT,63,11,put_call_skew_30d,0.0
LMT,63,11,term_structure_slope,0.0
LMT,63,11,vrp_wedge,0.0
LMT,63,11,iv_atm_z_score,0.0
LMT,63,11,macro_yield_curve_slope,0.021618
LMT,63,11,macro_hy_spread,0.027147
LMT,63,11,macro_hy_spread_chg_5d,0.0
LMT,63,11,macro_breakeven_5y,0.051996
LMT,63,11,macro_inflation_fwd_5y5y,0.02762
LMT,63,11,macro_inflation_fwd_chg_21d,0.0
LMT,63,11,macro_inflation_fwd_abs_chg_21d,0.0
LMT,63,11,macro_inflation_fwd_chg_63d,0.0
LMT,63,11,macro_inflation_fwd_zscore,0.040582
LMT,63,11,macro_dollar_ret,0.0
LMT,63,11,beta_spy,0.0
LMT,63,11,res_vol,0.032709
LMT,63,11,res_vol_vel,0.0
LMT,63,11,price_regime,0.0
LMT,63,11,corr_sector_21d,0.0
LMT,63,11,corr_sector_252d,0.053025
LMT,63,11,sector_wedge,0.0
LMT,63,12,rv_5d,0.0
LMT,63,12,rv_10d,0.016935
LMT,63,12,rv_21d,0.028079
LMT,63,12,rv_63d,0.03711
LMT,63,12,rv_126d,0.070635
LMT,63,12,ewma_vol,0.017004
LMT,63,12,garch_cond_vol,0.0
LMT,63,12,ret_TARGET,0.0
LMT,63,12,tech_RSI,0.0
LMT,63,12,tech_MACD_hist,0.0
LMT,63,12,ret_VIXY,0.0
LMT,63,12,mom21_VIXY,0.0
LMT,63,12,ret_HYG,0.0
LMT,63,12,mom21_HYG,0.0
LMT,63,12,ret_USO,0.0
LMT,63,12,mom21_USO,0.02278
LMT,63,12,ret_TLT,0.0
LMT,63,12,mom21_TLT,0.0
LMT,63,12,ret_UUP,0.0
LMT,63,12,mom21_UUP,0.0
LMT,63,12,ret_SPY,0.0
LMT,63,12,mom21_SPY,0.016187
LMT,63,12,vol_vel,0.0
LMT,63,12,vol_of_vol,0.0
LMT,63,12,vol_regime_zscore,0.0
LMT,63,12,vol_chg_21d,0.0
LMT,63,12,event_fed_gravity,0.174746
LMT,63,12,event_earn_gravity,0.0
LMT,63,12,event_div_gravity,0.0
LMT,63,12,event_cpi_gravity,0.161289
LMT,63,12,event_nfp_gravity,0.149907
LMT,63,12,put_call_skew_30d,0.0
LMT,63,12,term_structure_slope,0.0
LMT,63,12,vrp_wedge,0.0
LMT,63,12,iv_atm_z_score,0.0
LMT,63,12,macro_yield_curve_slope,0.024181
LMT,63,12,macro_hy_spread,0.037292
LMT,63,12,macro_hy_spread_chg_5d,0.0
LMT,63,12,macro_breakeven_5y,0.054629
LMT,63,12,macro_inflation_fwd_5y5y,0.029098
LMT,63,12,macro_inflation_fwd_chg_21d,0.0
LMT,63,12,macro_inflation_fwd_abs_chg_21d,0.0
LMT,63,12,macro_inflation_fwd_chg_63d,0.018386
LMT,63,12,macro_inflation_fwd_zscore,0.037798
LMT,63,12,macro_dollar_ret,0.0
LMT,63,12,beta_spy,0.025972
LMT,63,12,res_vol,0.036488
LMT,63,12,res_vol_vel,0.0
LMT,63,12,price_regime,0.0
LMT,63,12,corr_sector_21d,0.0
LMT,63,12,corr_sector_252d,0.041486
LMT,63,12,sector_wedge,0.0
LMT,63,13,rv_5d,0.0
LMT,63,13,rv_10d,0.017757
LMT,63,13,rv_21d,0.030547
LMT,63,13,rv_63d,0.034299
LMT,63,13,rv_126d,0.069799
LMT,63,13,ewma_vol,0.019462
LMT,63,13,garch_cond_vol,0.0
LMT,63,13,ret_TARGET,0.0
LMT,63,13,tech_RSI,0.0
LMT,63,13,tech_MACD_hist,0.0
LMT,63,13,ret_VIXY,0.0
LMT,63,13,mom21_VIXY,0.0
LMT,63,13,ret_HYG,0.0
LMT,63,13,mom21_HYG,0.0
LMT,63,13,ret_USO,0.0
LMT,63,13,mom21_USO,0.017104
LMT,63,13,ret_TLT,0.0
LMT,63,13,mom21_TLT,0.0
LMT,63,13,ret_UUP,0.0
LMT,63,13,mom21_UUP,0.0
LMT,63,13,ret_SPY,0.0
LMT,63,13,mom21_SPY,0.0
LMT,63,13,vol_vel,0.0
LMT,63,13,vol_of_vol,0.0
LMT,63,13,vol_regime_zscore,0.0
LMT,63,13,vol_chg_21d,0.0
LMT,63,13,event_fed_gravity,0.185111
LMT,63,13,event_earn_gravity,0.0
LMT,63,13,event_div_gravity,0.0
LMT,63,13,event_cpi_gravity,0.146459
LMT,63,13,event_nfp_gravity,0.144039
LMT,63,13,put_call_skew_30d,0.0
LMT,63,13,term_structure_slope,0.0
LMT,63,13,vrp_wedge,0.0
LMT,63,13,iv_atm_z_score,0.0
LMT,63,13,macro_yield_curve_slope,0.021308
LMT,63,13,macro_hy_spread,0.037391
LMT,63,13,macro_hy_spread_chg_5d,0.0
LMT,63,13,macro_breakeven_5y,0.053669
LMT,63,13,macro_inflation_fwd_5y5y,0.023636
LMT,63,13,macro_inflation_fwd_chg_21d,0.0
LMT,63,13,macro_inflation_fwd_abs_chg_21d,0.0
LMT,63,13,macro_inflation_fwd_chg_63d,0.033801
LMT,63,13,macro_inflation_fwd_zscore,0.04285
LMT,63,13,macro_dollar_ret,0.0
LMT,63,13,beta_spy,0.02626
LMT,63,13,res_vol,0.054006
LMT,63,13,res_vol_vel,0.0
LMT,63,13,price_regime,0.0
LMT,63,13,corr_sector_21d,0.0
LMT,63,13,corr_sector_252d,0.042501
LMT,63,13,sector_wedge,0.0
LMT,63,14,rv_5d,0.0
LMT,63,14,rv_10d,0.016869
LMT,63,14,rv_21d,0.027274
LMT,63,14,rv_63d,0.031882
LMT,63,14,rv_126d,0.066821
LMT,63,14,ewma_vol,0.018561
LMT,63,14,garch_cond_vol,0.0
LMT,63,14,ret_TARGET,0.0
LMT,63,14,tech_RSI,0.0
LMT,63,14,tech_MACD_hist,0.0
LMT,63,14,ret_VIXY,0.0
LMT,63,14,mom21_VIXY,0.0
LMT,63,14,ret_HYG,0.0
LMT,63,14,mom21_HYG,0.016361
LMT,63,14,ret_USO,0.0
LMT,63,14,mom21_USO,0.021531
LMT,63,14,ret_TLT,0.0
LMT,63,14,mom21_TLT,0.0
LMT,63,14,ret_UUP,0.0
LMT,63,14,mom21_UUP,0.0
LMT,63,14,ret_SPY,0.0
LMT,63,14,mom21_SPY,0.0
LMT,63,14,vol_vel,0.0
LMT,63,14,vol_of_vol,0.0
LMT,63,14,vol_regime_zscore,0.0
LMT,63,14,vol_chg_21d,0.0
LMT,63,14,event_fed_gravity,0.195978
LMT,63,14,event_earn_gravity,0.0
LMT,63,14,event_div_gravity,0.0
LMT,63,14,event_cpi_gravity,0.159942
LMT,63,14,event_nfp_gravity,0.127971
LMT,63,14,put_call_skew_30d,0.0
LMT,63,14,term_structure_slope,0.0
LMT,63,14,vrp_wedge,0.0
LMT,63,14,iv_atm_z_score,0.0
LMT,63,14,macro_yield_curve_slope,0.025107
LMT,63,14,macro_hy_spread,0.031763
LMT,63,14,macro_hy_spread_chg_5d,0.0
LMT,63,14,macro_breakeven_5y,0.062008
LMT,63,14,macro_inflation_fwd_5y5y,0.023373
LMT,63,14,macro_inflation_fwd_chg_21d,0.0
LMT,63,14,macro_inflation_fwd_abs_chg_21d,0.0
LMT,63,14,macro_inflation_fwd_chg_63d,0.0
LMT,63,14,macro_inflation_fwd_zscore,0.038313
LMT,63,14,macro_dollar_ret,0.0
LMT,63,14,beta_spy,0.023164
LMT,63,14,res_vol,0.052068
LMT,63,14,res_vol_vel,0.0
LMT,63,14,price_regime,0.0
LMT,63,14,corr_sector_21d,0.017569
LMT,63,14,corr_sector_252d,0.043445
LMT,63,14,sector_wedge,0.0
LMT,63,15,rv_5d,0.0
LMT,63,15,rv_10d,0.017957
LMT,63,15,rv_21d,0.031881
LMT,63,15,rv_63d,0.028523
LMT,63,15,rv_126d,0.070794
LMT,63,15,ewma_vol,0.016034
LMT,63,15,garch_cond_vol,0.020631
LMT,63,15,ret_TARGET,0.0
LMT,63,15,tech_RSI,0.0
LMT,63,15,tech_MACD_hist,0.0
LMT,63,15,ret_VIXY,0.0
LMT,63,15,mom21_VIXY,0.015211
LMT,63,15,ret_HYG,0.0
LMT,63,15,mom21_HYG,0.0
LMT,63,15,ret_USO,0.0
LMT,63,15,mom21_USO,0.019068
LMT,63,15,ret_TLT,0.0
LMT,63,15,mom21_TLT,0.0
LMT,63,15,ret_UUP,0.0
LMT,63,15,mom21_UUP,0.0
LMT,63,15,ret_SPY,0.0
LMT,63,15,mom21_SPY,0.015515
LMT,63,15,vol_vel,0.0
LMT,63,15,vol_of_vol,0.0
LMT,63,15,vol_regime_zscore,0.0
LMT,63,15,vol_chg_21d,0.0
LMT,63,15,event_fed_gravity,0.177902
LMT,63,15,event_earn_gravity,0.0
LMT,63,15,event_div_gravity,0.0
LMT,63,15,event_cpi_gravity,0.162152
LMT,63,15,event_nfp_gravity,0.12663
LMT,63,15,put_call_skew_30d,0.0
LMT,63,15,term_structure_slope,0.0
LMT,63,15,vrp_wedge,0.0
LMT,63,15,iv_atm_z_score,0.0
LMT,63,15,macro_yield_curve_slope,0.02777
LMT,63,15,macro_hy_spread,0.02832
LMT,63,15,macro_hy_spread_chg_5d,0.0
LMT,63,15,macro_breakeven_5y,0.026132
LMT,63,15,macro_inflation_fwd_5y5y,0.021125
LMT,63,15,macro_inflation_fwd_chg_21d,0.0
LMT,63,15,macro_inflation_fwd_abs_chg_21d,0.0
LMT,63,15,macro_inflation_fwd_chg_63d,0.026649
LMT,63,15,macro_inflation_fwd_zscore,0.031868
LMT,63,15,macro_dollar_ret,0.0
LMT,63,15,beta_spy,0.02999
LMT,63,15,res_vol,0.018832
LMT,63,15,res_vol_vel,0.0
LMT,63,15,price_regime,0.0
LMT,63,15,corr_sector_21d,0.015624
LMT,63,15,corr_sector_252d,0.071393
LMT,63,15,sector_wedge,0.0
LMT,63,16,rv_5d,0.0
LMT,63,16,rv_10d,0.021654
LMT,63,16,rv_21d,0.025416
LMT,63,16,rv_63d,0.032511
LMT,63,16,rv_126d,0.057165
LMT,63,16,ewma_vol,0.021334
LMT,63,16,garch_cond_vol,0.021549
LMT,63,16,ret_TARGET,0.0
LMT,63,16,tech_RSI,0.0
LMT,63,16,tech_MACD_hist,0.0
LMT,63,16,ret_VIXY,0.0
LMT,63,16,mom21_VIXY,0.014428
LMT,63,16,ret_HYG,0.0
LMT,63,16,mom21_HYG,0.0
LMT,63,16,ret_USO,0.0
LMT,63,16,mom21_USO,0.015626
LMT,63,16,ret_TLT,0.0
LMT,63,16,mom21_TLT,0.0
LMT,63,16,ret_UUP,0.0
LMT,63,16,mom21_UUP,0.0
LMT,63,16,ret_SPY,0.0
LMT,63,16,mom21_SPY,0.0
LMT,63,16,vol_vel,0.0
LMT,63,16,vol_of_vol,0.0
LMT,63,16,vol_regime_zscore,0.0
LMT,63,16,vol_chg_21d,0.0
LMT,63,16,event_fed_gravity,0.183486
LMT,63,16,event_earn_gravity,0.0
LMT,63,16,event_div_gravity,0.0
LMT,63,16,event_cpi_gravity,0.126482
LMT,63,16,event_nfp_gravity,0.162199
LMT,63,16,put_call_skew_30d,0.0
LMT,63,16,term_structure_slope,0.0
LMT,63,16,vrp_wedge,0.0
LMT,63,16,iv_atm_z_score,0.0
LMT,63,16,macro_yield_curve_slope,0.030063
LMT,63,16,macro_hy_spread,0.027518
LMT,63,16,macro_hy_spread_chg_5d,0.0
LMT,63,16,macro_breakeven_5y,0.024389
LMT,63,16,macro_inflation_fwd_5y5y,0.019965
LMT,63,16,macro_inflation_fwd_chg_21d,0.0
LMT,63,16,macro_inflation_fwd_abs_chg_21d,0.0
LMT,63,16,macro_inflation_fwd_chg_63d,0.026293
LMT,63,16,macro_inflation_fwd_zscore,0.025856
LMT,63,16,macro_dollar_ret,0.0
LMT,63,16,beta_spy,0.022465
LMT,63,16,res_vol,0.036947
LMT,63,16,res_vol_vel,0.0
LMT,63,16,price_regime,0.0
LMT,63,16,corr_sector_21d,0.018826
LMT,63,16,corr_sector_252d,0.085829
LMT,63,16,sector_wedge,0.0
LMT,63,17,rv_5d,0.022004
LMT,63,17,rv_10d,0.01693
LMT,63,17,rv_21d,0.021531
LMT,63,17,rv_63d,0.029219
LMT,63,17,rv_126d,0.046537
LMT,63,17,ewma_vol,0.018132
LMT,63,17,garch_cond_vol,0.016976
LMT,63,17,ret_TARGET,0.0
LMT,63,17,tech_RSI,0.0
LMT,63,17,tech_MACD_hist,0.0
LMT,63,17,ret_VIXY,0.0
LMT,63,17,mom21_VIXY,0.019574
LMT,63,17,ret_HYG,0.0
LMT,63,17,mom21_HYG,0.0
LMT,63,17,ret_USO,0.0
LMT,63,17,mom21_USO,0.020663
LMT,63,17,ret_TLT,0.0
LMT,63,17,mom21_TLT,0.01209
LMT,63,17,ret_UUP,0.0
LMT,63,17,mom21_UUP,0.0
LMT,63,17,ret_SPY,0.0
LMT,63,17,mom21_SPY,0.0
LMT,63,17,vol_vel,0.0
LMT,63,17,vol_of_vol,0.0
LMT,63,17,vol_regime_zscore,0.0
LMT,63,17,vol_chg_21d,0.01285
LMT,63,17,event_fed_gravity,0.158317
LMT,63,17,event_earn_gravity,0.0
LMT,63,17,event_div_gravity,0.0
LMT,63,17,event_cpi_gravity,0.131608
LMT,63,17,event_nfp_gravity,0.120253
LMT,63,17,put_call_skew_30d,0.0
LMT,63,17,term_structure_slope,0.0
LMT,63,17,vrp_wedge,0.0
LMT,63,17,iv_atm_z_score,0.0
LMT,63,17,macro_yield_curve_slope,0.026328
LMT,63,17,macro_hy_spread,0.036332
LMT,63,17,macro_hy_spread_chg_5d,0.0
LMT,63,17,macro_breakeven_5y,0.039391
LMT,63,17,macro_inflation_fwd_5y5y,0.020558
LMT,63,17,macro_inflation_fwd_chg_21d,0.021913
LMT,63,17,macro_inflation_fwd_abs_chg_21d,0.0
LMT,63,17,macro_inflation_fwd_chg_63d,0.021825
LMT,63,17,macro_inflation_fwd_zscore,0.030349
LMT,63,17,macro_dollar_ret,0.0
LMT,63,17,beta_spy,0.020431
LMT,63,17,res_vol,0.016759
LMT,63,17,res_vol_vel,0.0
LMT,63,17,price_regime,0.012636
LMT,63,17,corr_sector_21d,0.017128
LMT,63,17,corr_sector_252d,0.089667
LMT,63,17,sector_wedge,0.0
LMT,63,18,rv_5d,0.017245
LMT,63,18,rv_10d,0.016928
LMT,63,18,rv_21d,0.024208
LMT,63,18,rv_63d,0.032032
LMT,63,18,rv_126d,0.0508
LMT,63,18,ewma_vol,0.028557
LMT,63,18,garch_cond_vol,0.025692
LMT,63,18,ret_TARGET,0.0
LMT,63,18,tech_RSI,0.0
LMT,63,18,tech_MACD_hist,0.0
LMT,63,18,ret_VIXY,0.0
LMT,63,18,mom21_VIXY,0.021739
LMT,63,18,ret_HYG,0.0
LMT,63,18,mom21_HYG,0.0
LMT,63,18,ret_USO,0.0
LMT,63,18,mom21_USO,0.023447
LMT,63,18,ret_TLT,0.0
LMT,63,18,mom21_TLT,0.015196
LMT,63,18,ret_UUP,0.0
LMT,63,18,mom21_UUP,0.0
LMT,63,18,ret_SPY,0.0
LMT,63,18,mom21_SPY,0.0
LMT,63,18,vol_vel,0.0
LMT,63,18,vol_of_vol,0.013178
LMT,63,18,vol_regime_zscore,0.013779
LMT,63,18,vol_chg_21d,0.0
LMT,63,18,event_fed_gravity,0.134263
LMT,63,18,event_earn_gravity,0.0
LMT,63,18,event_div_gravity,0.0
LMT,63,18,event_cpi_gravity,0.150677
LMT,63,18,event_nfp_gravity,0.125534
LMT,63,18,put_call_skew_30d,0.0
LMT,63,18,term_structure_slope,0.0
LMT,63,18,vrp_wedge,0.0
LMT,63,18,iv_atm_z_score,0.0
LMT,63,18,macro_yield_curve_slope,0.02546
LMT,63,18,macro_hy_spread,0.032009
LMT,63,18,macro_hy_spread_chg_5d,0.0
LMT,63,18,macro_breakeven_5y,0.038975
LMT,63,18,macro_inflation_fwd_5y5y,0.017373
LMT,63,18,macro_inflation_fwd_chg_21d,0.0
LMT,63,18,macro_inflation_fwd_abs_chg_21d,0.0
LMT,63,18,macro_inflation_fwd_chg_63d,0.017184
LMT,63,18,macro_inflation_fwd_zscore,0.022659
LMT,63,18,macro_dollar_ret,0.0
LMT,63,18,beta_spy,0.02103
LMT,63,18,res_vol,0.020886
LMT,63,18,res_vol_vel,0.0
LMT,63,18,price_regime,0.012415
LMT,63,18,corr_sector_21d,0.015449
LMT,63,18,corr_sector_252d,0.083285
LMT,63,18,sector_wedge,0.0
LMT,63,19,rv_5d,0.0
LMT,63,19,rv_10d,0.014754
LMT,63,19,rv_21d,0.029377
LMT,63,19,rv_63d,0.040306
LMT,63,19,rv_126d,0.05918
LMT,63,19,ewma_vol,0.026341
LMT,63,19,garch_cond_vol,0.024986
LMT,63,19,ret_TARGET,0.0
LMT,63,19,tech_RSI,0.0
LMT,63,19,tech_MACD_hist,0.0
LMT,63,19,ret_VIXY,0.0
LMT,63,19,mom21_VIXY,0.026925
LMT,63,19,ret_HYG,0.0
LMT,63,19,mom21_HYG,0.0
LMT,63,19,ret_USO,0.0
LMT,63,19,mom21_USO,0.021674
LMT,63,19,ret_TLT,0.0
LMT,63,19,mom21_TLT,0.013304
LMT,63,19,ret_UUP,0.0
LMT,63,19,mom21_UUP,0.0
LMT,63,19,ret_SPY,0.0
LMT,63,19,mom21_SPY,0.018843
LMT,63,19,vol_vel,0.0
LMT,63,19,vol_of_vol,0.0
LMT,63,19,vol_regime_zscore,0.01564
LMT,63,19,vol_chg_21d,0.011896
LMT,63,19,event_fed_gravity,0.157313
LMT,63,19,event_earn_gravity,0.0
LMT,63,19,event_div_gravity,0.0
LMT,63,19,event_cpi_gravity,0.127905
LMT,63,19,event_nfp_gravity,0.106249
LMT,63,19,put_call_skew_30d,0.0
LMT,63,19,term_structure_slope,0.0
LMT,63,19,vrp_wedge,0.0
LMT,63,19,iv_atm_z_score,0.0
LMT,63,19,macro_yield_curve_slope,0.039092
LMT,63,19,macro_hy_spread,0.024939
LMT,63,19,macro_hy_spread_chg_5d,0.0
LMT,63,19,macro_breakeven_5y,0.044853
LMT,63,19,macro_inflation_fwd_5y5y,0.017502
LMT,63,19,macro_inflation_fwd_chg_21d,0.0
LMT,63,19,macro_inflation_fwd_abs_chg_21d,0.0
LMT,63,19,macro_inflation_fwd_chg_63d,0.020966
LMT,63,19,macro_inflation_fwd_zscore,0.024322
LMT,63,19,macro_dollar_ret,0.0
LMT,63,19,beta_spy,0.019162
LMT,63,19,res_vol,0.046746
LMT,63,19,res_vol_vel,0.0
LMT,63,19,price_regime,0.0
LMT,63,19,corr_sector_21d,0.015713
LMT,63,19,corr_sector_252d,0.052009
LMT,63,19,sector_wedge,0.0
LMT,63,20,rv_5d,0.013835
LMT,63,20,rv_10d,0.015192
LMT,63,20,rv_21d,0.020957
LMT,63,20,rv_63d,0.047527
LMT,63,20,rv_126d,0.088789
LMT,63,20,ewma_vol,0.036039
LMT,63,20,garch_cond_vol,0.012083
LMT,63,20,ret_TARGET,0.0
LMT,63,20,tech_RSI,0.0
LMT,63,20,tech_MACD_hist,0.0
LMT,63,20,ret_VIXY,0.0
LMT,63,20,mom21_VIXY,0.029259
LMT,63,20,ret_HYG,0.0
LMT,63,20,mom21_HYG,0.0
LMT,63,20,ret_USO,0.0
LMT,63,20,mom21_USO,0.023755
LMT,63,20,ret_TLT,0.0
LMT,63,20,mom21_TLT,0.017998
LMT,63,20,ret_UUP,0.0
LMT,63,20,mom21_UUP,0.0
LMT,63,20,ret_SPY,0.0
LMT,63,20,mom21_SPY,0.026069
LMT,63,20,vol_vel,0.0
LMT,63,20,vol_of_vol,0.0
LMT,63,20,vol_regime_zscore,0.0
LMT,63,20,vol_chg_21d,0.0
LMT,63,20,event_fed_gravity,0.126714
LMT,63,20,event_earn_gravity,0.0
LMT,63,20,event_div_gravity,0.0
LMT,63,20,event_cpi_gravity,0.150281
LMT,63,20,event_nfp_gravity,0.128898
LMT,63,20,put_call_skew_30d,0.0
LMT,63,20,term_structure_slope,0.0
LMT,63,20,vrp_wedge,0.0
LMT,63,20,iv_atm_z_score,0.0
LMT,63,20,macro_yield_curve_slope,0.029652
LMT,63,20,macro_hy_spread,0.021543
LMT,63,20,macro_hy_spread_chg_5d,0.0
LMT,63,20,macro_breakeven_5y,0.035691
LMT,63,20,macro_inflation_fwd_5y5y,0.016542
LMT,63,20,macro_inflation_fwd_chg_21d,0.0
LMT,63,20,macro_inflation_fwd_abs_chg_21d,0.0
LMT,63,20,macro_inflation_fwd_chg_63d,0.02075
LMT,63,20,macro_inflation_fwd_zscore,0.03193
LMT,63,20,macro_dollar_ret,0.0
LMT,63,20,beta_spy,0.021516
LMT,63,20,res_vol,0.050408
LMT,63,20,res_vol_vel,0.0
LMT,63,20,price_regime,0.0
LMT,63,20,corr_sector_21d,0.015765
LMT,63,20,corr_sector_252d,0.018805
LMT,63,20,sector_wedge,0.0
LMT,63,21,rv_5d,0.0
LMT,63,21,rv_10d,0.018491
LMT,63,21,rv_21d,0.021635
LMT,63,21,rv_63d,0.047929
LMT,63,21,rv_126d,0.084116
LMT,63,21,ewma_vol,0.018134
LMT,63,21,garch_cond_vol,0.015541
LMT,63,21,ret_TARGET,0.0
LMT,63,21,tech_RSI,0.0
LMT,63,21,tech_MACD_hist,0.0
LMT,63,21,ret_VIXY,0.0
LMT,63,21,mom21_VIXY,0.035953
LMT,63,21,ret_HYG,0.0
LMT,63,21,mom21_HYG,0.016802
LMT,63,21,ret_USO,0.0
LMT,63,21,mom21_USO,0.027519
LMT,63,21,ret_TLT,0.0
LMT,63,21,mom21_TLT,0.0181
LMT,63,21,ret_UUP,0.0
LMT,63,21,mom21_UUP,0.0
LMT,63,21,ret_SPY,0.0
LMT,63,21,mom21_SPY,0.018897
LMT,63,21,vol_vel,0.0
LMT,63,21,vol_of_vol,0.0
LMT,63,21,vol_regime_zscore,0.0
LMT,63,21,vol_chg_21d,0.0
LMT,63,21,event_fed_gravity,0.139402
LMT,63,21,event_earn_gravity,0.0
LMT,63,21,event_div_gravity,0.0
LMT,63,21,event_cpi_gravity,0.130202
LMT,63,21,event_nfp_gravity,0.126007
LMT,63,21,put_call_skew_30d,0.0
LMT,63,21,term_structure_slope,0.0
LMT,63,21,vrp_wedge,0.0
LMT,63,21,iv_atm_z_score,0.0
LMT,63,21,macro_yield_curve_slope,0.028321
LMT,63,21,macro_hy_spread,0.017439
LMT,63,21,macro_hy_spread_chg_5d,0.0
LMT,63,21,macro_breakeven_5y,0.0
LMT,63,21,macro_inflation_fwd_5y5y,0.016454
LMT,63,21,macro_inflation_fwd_chg_21d,0.0
LMT,63,21,macro_inflation_fwd_abs_chg_21d,0.0
LMT,63,21,macro_inflation_fwd_chg_63d,0.020556
LMT,63,21,macro_inflation_fwd_zscore,0.035185
LMT,63,21,macro_dollar_ret,0.0
LMT,63,21,beta_spy,0.017615
LMT,63,21,res_vol,0.073013
LMT,63,21,res_vol_vel,0.0
LMT,63,21,price_regime,0.029199
LMT,63,21,corr_sector_21d,0.014442
LMT,63,21,corr_sector_252d,0.029049
LMT,63,21,sector_wedge,0.0
LMT,63,22,rv_5d,0.015527
LMT,63,22,rv_10d,0.017338
LMT,63,22,rv_21d,0.024559
LMT,63,22,rv_63d,0.045736
LMT,63,22,rv_126d,0.082274
LMT,63,22,ewma_vol,0.025332
LMT,63,22,garch_cond_vol,0.01514
LMT,63,22,ret_TARGET,0.0
LMT,63,22,tech_RSI,0.011837
LMT,63,22,tech_MACD_hist,0.0
LMT,63,22,ret_VIXY,0.0
LMT,63,22,mom21_VIXY,0.034918
LMT,63,22,ret_HYG,0.0
LMT,63,22,mom21_HYG,0.022389
LMT,63,22,ret_USO,0.0
LMT,63,22,mom21_USO,0.025962
LMT,63,22,ret_TLT,0.0
LMT,63,22,mom21_TLT,0.0202
LMT,63,22,ret_UUP,0.0
LMT,63,22,mom21_UUP,0.0
LMT,63,22,ret_SPY,0.0
LMT,63,22,mom21_SPY,0.023831
LMT,63,22,vol_vel,0.0
LMT,63,22,vol_of_vol,0.021163
LMT,63,22,vol_regime_zscore,0.0
LMT,63,22,vol_chg_21d,0.0
LMT,63,22,event_fed_gravity,0.133278
LMT,63,22,event_earn_gravity,0.0
LMT,63,22,event_div_gravity,0.0
LMT,63,22,event_cpi_gravity,0.111425
LMT,63,22,event_nfp_gravity,0.116717
LMT,63,22,put_call_skew_30d,0.0
LMT,63,22,term_structure_slope,0.0
LMT,63,22,vrp_wedge,0.0
LMT,63,22,iv_atm_z_score,0.0
LMT,63,22,macro_yield_curve_slope,0.031275
LMT,63,22,macro_hy_spread,0.018135
LMT,63,22,macro_hy_spread_chg_5d,0.0
LMT,63,22,macro_breakeven_5y,0.018806
LMT,63,22,macro_inflation_fwd_5y5y,0.017819
LMT,63,22,macro_inflation_fwd_chg_21d,0.0
LMT,63,22,macro_inflation_fwd_abs_chg_21d,0.0
LMT,63,22,macro_inflation_fwd_chg_63d,0.0
LMT,63,22,macro_inflation_fwd_zscore,0.038115
LMT,63,22,macro_dollar_ret,0.0
LMT,63,22,beta_spy,0.020637
LMT,63,22,res_vol,0.066176
LMT,63,22,res_vol_vel,0.0
LMT,63,22,price_regime,0.0
LMT,63,22,corr_sector_21d,0.012062
LMT,63,22,corr_sector_252d,0.029348
LMT,63,22,sector_wedge,0.0
LMT,63,23,rv_5d,0.022215
LMT,63,23,rv_10d,0.0
LMT,63,23,rv_21d,0.018959
LMT,63,23,rv_63d,0.034163
LMT,63,23,rv_126d,0.084265
LMT,63,23,ewma_vol,0.022665
LMT,63,23,garch_cond_vol,0.02258
LMT,63,23,ret_TARGET,0.0
LMT,63,23,tech_RSI,0.0
LMT,63,23,tech_MACD_hist,0.0
LMT,63,23,ret_VIXY,0.0
LMT,63,23,mom21_VIXY,0.030973
LMT,63,23,ret_HYG,0.0
LMT,63,23,mom21_HYG,0.0
LMT,63,23,ret_USO,0.0
LMT,63,23,mom21_USO,0.0258
LMT,63,23,ret_TLT,0.0
LMT,63,23,mom21_TLT,0.016822
LMT,63,23,ret_UUP,0.0
LMT,63,23,mom21_UUP,0.0
LMT,63,23,ret_SPY,0.0
LMT,63,23,mom21_SPY,0.012483
LMT,63,23,vol_vel,0.0
LMT,63,23,vol_of_vol,0.0
LMT,63,23,vol_regime_zscore,0.0
LMT,63,23,vol_chg_21d,0.0
LMT,63,23,event_fed_gravity,0.127375
LMT,63,23,event_earn_gravity,0.0
LMT,63,23,event_div_gravity,0.0
LMT,63,23,event_cpi_gravity,0.114302
LMT,63,23,event_nfp_gravity,0.105964
LMT,63,23,put_call_skew_30d,0.0
LMT,63,23,term_structure_slope,0.0
LMT,63,23,vrp_wedge,0.0
LMT,63,23,iv_atm_z_score,0.015918
LMT,63,23,macro_yield_curve_slope,0.024411
LMT,63,23,macro_hy_spread,0.028472
LMT,63,23,macro_hy_spread_chg_5d,0.0
LMT,63,23,macro_breakeven_5y,0.029511
LMT,63,23,macro_inflation_fwd_5y5y,0.020503
LMT,63,23,macro_inflation_fwd_chg_21d,0.0
LMT,63,23,macro_inflation_fwd_abs_chg_21d,0.0
LMT,63,23,macro_inflation_fwd_chg_63d,0.062527
LMT,63,23,macro_inflation_fwd_zscore,0.032962
LMT,63,23,macro_dollar_ret,0.0
LMT,63,23,beta_spy,0.017828
LMT,63,23,res_vol,0.078223
LMT,63,23,res_vol_vel,0.0
LMT,63,23,price_regime,0.0
LMT,63,23,corr_sector_21d,0.01641
LMT,63,23,corr_sector_252d,0.020033
LMT,63,23,sector_wedge,0.014638
LMT,63,24,rv_5d,0.0
LMT,63,24,rv_10d,0.01092
LMT,63,24,rv_21d,0.017535
LMT,63,24,rv_63d,0.028655
LMT,63,24,rv_126d,0.080146
LMT,63,24,ewma_vol,0.01714
LMT,63,24,garch_cond_vol,0.010827
LMT,63,24,ret_TARGET,0.0
LMT,63,24,tech_RSI,0.0
LMT,63,24,tech_MACD_hist,0.0
LMT,63,24,ret_VIXY,0.0
LMT,63,24,mom21_VIXY,0.027001
LMT,63,24,ret_HYG,0.0
LMT,63,24,mom21_HYG,0.019536
LMT,63,24,ret_USO,0.0
LMT,63,24,mom21_USO,0.034373
LMT,63,24,ret_TLT,0.0
LMT,63,24,mom21_TLT,0.029648
LMT,63,24,ret_UUP,0.0
LMT,63,24,mom21_UUP,0.0
LMT,63,24,ret_SPY,0.0
LMT,63,24,mom21_SPY,0.011785
LMT,63,24,vol_vel,0.0
LMT,63,24,vol_of_vol,0.052004
LMT,63,24,vol_regime_zscore,0.011271
LMT,63,24,vol_chg_21d,0.0
LMT,63,24,event_fed_gravity,0.103895
LMT,63,24,event_earn_gravity,0.0
LMT,63,24,event_div_gravity,0.0
LMT,63,24,event_cpi_gravity,0.113755
LMT,63,24,event_nfp_gravity,0.112409
LMT,63,24,put_call_skew_30d,0.0
LMT,63,24,term_structure_slope,0.0
LMT,63,24,vrp_wedge,0.0
LMT,63,24,iv_atm_z_score,0.018387
LMT,63,24,macro_yield_curve_slope,0.029081
LMT,63,24,macro_hy_spread,0.037656
LMT,63,24,macro_hy_spread_chg_5d,0.0
LMT,63,24,macro_breakeven_5y,0.029385
LMT,63,24,macro_inflation_fwd_5y5y,0.019992
LMT,63,24,macro_inflation_fwd_chg_21d,0.0
LMT,63,24,macro_inflation_fwd_abs_chg_21d,0.0
LMT,63,24,macro_inflation_fwd_chg_63d,0.011746
LMT,63,24,macro_inflation_fwd_zscore,0.032114
LMT,63,24,macro_dollar_ret,0.0
LMT,63,24,beta_spy,0.01652
LMT,63,24,res_vol,0.055034
LMT,63,24,res_vol_vel,0.0
LMT,63,24,price_regime,0.015279
LMT,63,24,corr_sector_21d,0.012098
LMT,63,24,corr_sector_252d,0.027179
LMT,63,24,sector_wedge,0.014627
LMT,63,25,rv_5d,0.0
LMT,63,25,rv_10d,0.014594
LMT,63,25,rv_21d,0.025046
LMT,63,25,rv_63d,0.02776
LMT,63,25,rv_126d,0.061338
LMT,63,25,ewma_vol,0.01609
LMT,63,25,garch_cond_vol,0.012032
LMT,63,25,ret_TARGET,0.0
LMT,63,25,tech_RSI,0.0
LMT,63,25,tech_MACD_hist,0.0
LMT,63,25,ret_VIXY,0.0
LMT,63,25,mom21_VIXY,0.023598
LMT,63,25,ret_HYG,0.0
LMT,63,25,mom21_HYG,0.026528
LMT,63,25,ret_USO,0.0
LMT,63,25,mom21_USO,0.040193
LMT,63,25,ret_TLT,0.0
LMT,63,25,mom21_TLT,0.028283
LMT,63,25,ret_UUP,0.0
LMT,63,25,mom21_UUP,0.0
LMT,63,25,ret_SPY,0.0
LMT,63,25,mom21_SPY,0.012522
LMT,63,25,vol_vel,0.0
LMT,63,25,vol_of_vol,0.020581
LMT,63,25,vol_regime_zscore,0.012252
LMT,63,25,vol_chg_21d,0.0
LMT,63,25,event_fed_gravity,0.118338
LMT,63,25,event_earn_gravity,0.0
LMT,63,25,event_div_gravity,0.0
LMT,63,25,event_cpi_gravity,0.11137
LMT,63,25,event_nfp_gravity,0.116878
LMT,63,25,put_call_skew_30d,0.0
LMT,63,25,term_structure_slope,0.012692
LMT,63,25,vrp_wedge,0.0
LMT,63,25,iv_atm_z_score,0.018132
LMT,63,25,macro_yield_curve_slope,0.032371
LMT,63,25,macro_hy_spread,0.028934
LMT,63,25,macro_hy_spread_chg_5d,0.0
LMT,63,25,macro_breakeven_5y,0.035213
LMT,63,25,macro_inflation_fwd_5y5y,0.020671
LMT,63,25,macro_inflation_fwd_chg_21d,0.0
LMT,63,25,macro_inflation_fwd_abs_chg_21d,0.0
LMT,63,25,macro_inflation_fwd_chg_63d,0.0
LMT,63,25,macro_inflation_fwd_zscore,0.03211
LMT,63,25,macro_dollar_ret,0.0
LMT,63,25,beta_spy,0.017029
LMT,63,25,res_vol,0.052097
LMT,63,25,res_vol_vel,0.0
LMT,63,25,price_regime,0.020147
LMT,63,25,corr_sector_21d,0.013917
LMT,63,25,corr_sector_252d,0.038374
LMT,63,25,sector_wedge,0.010907
LMT,63,26,rv_5d,0.0
LMT,63,26,rv_10d,0.021657
LMT,63,26,rv_21d,0.026917
LMT,63,26,rv_63d,0.024142
LMT,63,26,rv_126d,0.058196
LMT,63,26,ewma_vol,0.014341
LMT,63,26,garch_cond_vol,0.01235
LMT,63,26,ret_TARGET,0.0
LMT,63,26,tech_RSI,0.0
LMT,63,26,tech_MACD_hist,0.0
LMT,63,26,ret_VIXY,0.0
LMT,63,26,mom21_VIXY,0.02305
LMT,63,26,ret_HYG,0.0
LMT,63,26,mom21_HYG,0.032071
LMT,63,26,ret_USO,0.0
LMT,63,26,mom21_USO,0.047253
LMT,63,26,ret_TLT,0.0
LMT,63,26,mom21_TLT,0.017093
LMT,63,26,ret_UUP,0.0
LMT,63,26,mom21_UUP,0.012598
LMT,63,26,ret_SPY,0.0
LMT,63,26,mom21_SPY,0.0
LMT,63,26,vol_vel,0.0
LMT,63,26,vol_of_vol,0.035124
LMT,63,26,vol_regime_zscore,0.011969
LMT,63,26,vol_chg_21d,0.0
LMT,63,26,event_fed_gravity,0.111022
LMT,63,26,event_earn_gravity,0.0
LMT,63,26,event_div_gravity,0.0
LMT,63,26,event_cpi_gravity,0.117243
LMT,63,26,event_nfp_gravity,0.131932
LMT,63,26,put_call_skew_30d,0.0
LMT,63,26,term_structure_slope,0.0
LMT,63,26,vrp_wedge,0.0
LMT,63,26,iv_atm_z_score,0.015233
LMT,63,26,macro_yield_curve_slope,0.027872
LMT,63,26,macro_hy_spread,0.02686
LMT,63,26,macro_hy_spread_chg_5d,0.0
LMT,63,26,macro_breakeven_5y,0.03549
LMT,63,26,macro_inflation_fwd_5y5y,0.018723
LMT,63,26,macro_inflation_fwd_chg_21d,0.0
LMT,63,26,macro_inflation_fwd_abs_chg_21d,0.0
LMT,63,26,macro_inflation_fwd_chg_63d,0.0
LMT,63,26,macro_inflation_fwd_zscore,0.030413
LMT,63,26,macro_dollar_ret,0.0
LMT,63,26,beta_spy,0.015623
LMT,63,26,res_vol,0.055289
LMT,63,26,res_vol_vel,0.0
LMT,63,26,price_regime,0.013722
LMT,63,26,corr_sector_21d,0.013852
LMT,63,26,corr_sector_252d,0.035811
LMT,63,26,sector_wedge,0.014153
LMT,63,27,rv_5d,0.0
LMT,63,27,rv_10d,0.011219
LMT,63,27,rv_21d,0.01928
LMT,63,27,rv_63d,0.023117
LMT,63,27,rv_126d,0.059309
LMT,63,27,ewma_vol,0.016646
LMT,63,27,garch_cond_vol,0.025122
LMT,63,27,ret_TARGET,0.0
LMT,63,27,tech_RSI,0.009391
LMT,63,27,tech_MACD_hist,0.0
LMT,63,27,ret_VIXY,0.0
LMT,63,27,mom21_VIXY,0.019194
LMT,63,27,ret_HYG,0.0
LMT,63,27,mom21_HYG,0.01144
LMT,63,27,ret_USO,0.0
LMT,63,27,mom21_USO,0.035708
LMT,63,27,ret_TLT,0.0
LMT,63,27,mom21_TLT,0.017648
LMT,63,27,ret_UUP,0.0
LMT,63,27,mom21_UUP,0.014588
LMT,63,27,ret_SPY,0.0
LMT,63,27,mom21_SPY,0.011112
LMT,63,27,vol_vel,0.0
LMT,63,27,vol_of_vol,0.06685
LMT,63,27,vol_regime_zscore,0.014789
LMT,63,27,vol_chg_21d,0.0
LMT,63,27,event_fed_gravity,0.101401
LMT,63,27,event_earn_gravity,0.0
LMT,63,27,event_div_gravity,0.0
LMT,63,27,event_cpi_gravity,0.094859
LMT,63,27,event_nfp_gravity,0.106277
LMT,63,27,put_call_skew_30d,0.0
LMT,63,27,term_structure_slope,0.0
LMT,63,27,vrp_wedge,0.015887
LMT,63,27,iv_atm_z_score,0.015628
LMT,63,27,macro_yield_curve_slope,0.029265
LMT,63,27,macro_hy_spread,0.026643
LMT,63,27,macro_hy_spread_chg_5d,0.017468
LMT,63,27,macro_breakeven_5y,0.048795
LMT,63,27,macro_inflation_fwd_5y5y,0.017143
LMT,63,27,macro_inflation_fwd_chg_21d,0.0
LMT,63,27,macro_inflation_fwd_abs_chg_21d,0.0
LMT,63,27,macro_inflation_fwd_chg_63d,0.017382
LMT,63,27,macro_inflation_fwd_zscore,0.022114
LMT,63,27,macro_dollar_ret,0.0
LMT,63,27,beta_spy,0.013544
LMT,63,27,res_vol,0.047873
LMT,63,27,res_vol_vel,0.0
LMT,63,27,price_regime,0.018309
LMT,63,27,corr_sector_21d,0.015041
LMT,63,27,corr_sector_252d,0.028132
LMT,63,27,sector_wedge,0.008828
LMT,63,28,rv_5d,0.046632
LMT,63,28,rv_10d,0.012572
LMT,63,28,rv_21d,0.015575
LMT,63,28,rv_63d,0.024661
LMT,63,28,rv_126d,0.047629
LMT,63,28,ewma_vol,0.020186
LMT,63,28,garch_cond_vol,0.013062
LMT,63,28,ret_TARGET,0.0
LMT,63,28,tech_RSI,0.0
LMT,63,28,tech_MACD_hist,0.0
LMT,63,28,ret_VIXY,0.0
LMT,63,28,mom21_VIXY,0.023932
LMT,63,28,ret_HYG,0.0
LMT,63,28,mom21_HYG,0.02903
LMT,63,28,ret_USO,0.0
LMT,63,28,mom21_USO,0.045921
LMT,63,28,ret_TLT,0.0
LMT,63,28,mom21_TLT,0.022993
LMT,63,28,ret_UUP,0.0
LMT,63,28,mom21_UUP,0.015219
LMT,63,28,ret_SPY,0.0
LMT,63,28,mom21_SPY,0.016768
LMT,63,28,vol_vel,0.0
LMT,63,28,vol_of_vol,0.012576
LMT,63,28,vol_regime_zscore,0.013405
LMT,63,28,vol_chg_21d,0.0
LMT,63,28,event_fed_gravity,0.101873
LMT,63,28,event_earn_gravity,0.0
LMT,63,28,event_div_gravity,0.0
LMT,63,28,event_cpi_gravity,0.097296
LMT,63,28,event_nfp_gravity,0.109757
LMT,63,28,put_call_skew_30d,0.0
LMT,63,28,term_structure_slope,0.0
LMT,63,28,vrp_wedge,0.018638
LMT,63,28,iv_atm_z_score,0.01956
LMT,63,28,macro_yield_curve_slope,0.048847
LMT,63,28,macro_hy_spread,0.024597
LMT,63,28,macro_hy_spread_chg_5d,0.0
LMT,63,28,macro_breakeven_5y,0.028531
LMT,63,28,macro_inflation_fwd_5y5y,0.019691
LMT,63,28,macro_inflation_fwd_chg_21d,0.0
LMT,63,28,macro_inflation_fwd_abs_chg_21d,0.0
LMT,63,28,macro_inflation_fwd_chg_63d,0.021414
LMT,63,28,macro_inflation_fwd_zscore,0.024243
LMT,63,28,macro_dollar_ret,0.0
LMT,63,28,beta_spy,0.011559
LMT,63,28,res_vol,0.050398
LMT,63,28,res_vol_vel,0.0
LMT,63,28,price_regime,0.020492
LMT,63,28,corr_sector_21d,0.014182
LMT,63,28,corr_sector_252d,0.028762
LMT,63,28,sector_wedge,0.0
LMT,63,29,rv_5d,0.033132
LMT,63,29,rv_10d,0.012139
LMT,63,29,rv_21d,0.012382
LMT,63,29,rv_63d,0.0325
LMT,63,29,rv_126d,0.025238
LMT,63,29,ewma_vol,0.008677
LMT,63,29,garch_cond_vol,0.008586
LMT,63,29,ret_TARGET,0.0
LMT,63,29,tech_RSI,0.0
LMT,63,29,tech_MACD_hist,0.0
LMT,63,29,ret_VIXY,0.0
LMT,63,29,mom21_VIXY,0.022864
LMT,63,29,ret_HYG,0.0
LMT,63,29,mom21_HYG,0.070478
LMT,63,29,ret_USO,0.0
LMT,63,29,mom21_USO,0.047188
LMT,63,29,ret_TLT,0.0
LMT,63,29,mom21_TLT,0.021155
LMT,63,29,ret_UUP,0.0
LMT,63,29,mom21_UUP,0.011288
LMT,63,29,ret_SPY,0.0
LMT,63,29,mom21_SPY,0.026157
LMT,63,29,vol_vel,0.0
LMT,63,29,vol_of_vol,0.043832
LMT,63,29,vol_regime_zscore,0.01505
LMT,63,29,vol_chg_21d,0.0
LMT,63,29,event_fed_gravity,0.082696
LMT,63,29,event_earn_gravity,0.0
LMT,63,29,event_div_gravity,0.0
LMT,63,29,event_cpi_gravity,0.085669
LMT,63,29,event_nfp_gravity,0.093158
LMT,63,29,put_call_skew_30d,0.0
LMT,63,29,term_structure_slope,0.0
LMT,63,29,vrp_wedge,0.016669
LMT,63,29,iv_atm_z_score,0.023485
LMT,63,29,macro_yield_curve_slope,0.052066
LMT,63,29,macro_hy_spread,0.031445
LMT,63,29,macro_hy_spread_chg_5d,0.0
LMT,63,29,macro_breakeven_5y,0.025273
LMT,63,29,macro_inflation_fwd_5y5y,0.018956
LMT,63,29,macro_inflation_fwd_chg_21d,0.011713
LMT,63,29,macro_inflation_fwd_abs_chg_21d,0.0
LMT,63,29,macro_inflation_fwd_chg_63d,0.033922
LMT,63,29,macro_inflation_fwd_zscore,0.024575
LMT,63,29,macro_dollar_ret,0.0
LMT,63,29,beta_spy,0.015537
LMT,63,29,res_vol,0.042388
LMT,63,29,res_vol_vel,0.0
LMT,63,29,price_regime,0.013317
LMT,63,29,corr_sector_21d,0.014048
LMT,63,29,corr_sector_252d,0.024417
LMT,63,29,sector_wedge,0.0
LMT,63,30,rv_5d,0.035877
LMT,63,30,rv_10d,0.018569
LMT,63,30,rv_21d,0.012557
LMT,63,30,rv_63d,0.025615
LMT,63,30,rv_126d,0.025319
LMT,63,30,ewma_vol,0.0
LMT,63,30,garch_cond_vol,0.008904
LMT,63,30,ret_TARGET,0.0
LMT,63,30,tech_RSI,0.0
LMT,63,30,tech_MACD_hist,0.0
LMT,63,30,ret_VIXY,0.0
LMT,63,30,mom21_VIXY,0.02361
LMT,63,30,ret_HYG,0.0
LMT,63,30,mom21_HYG,0.120607
LMT,63,30,ret_USO,0.0
LMT,63,30,mom21_USO,0.050616
LMT,63,30,ret_TLT,0.0
LMT,63,30,mom21_TLT,0.015688
LMT,63,30,ret_UUP,0.0
LMT,63,30,mom21_UUP,0.014485
LMT,63,30,ret_SPY,0.0
LMT,63,30,mom21_SPY,0.024721
LMT,63,30,vol_vel,0.0
LMT,63,30,vol_of_vol,0.0
LMT,63,30,vol_regime_zscore,0.014225
LMT,63,30,vol_chg_21d,0.0
LMT,63,30,event_fed_gravity,0.089741
LMT,63,30,event_earn_gravity,0.0
LMT,63,30,event_div_gravity,0.0
LMT,63,30,event_cpi_gravity,0.087129
LMT,63,30,event_nfp_gravity,0.075893
LMT,63,30,put_call_skew_30d,0.0
LMT,63,30,term_structure_slope,0.0
LMT,63,30,vrp_wedge,0.013831
LMT,63,30,iv_atm_z_score,0.017902
LMT,63,30,macro_yield_curve_slope,0.053869
LMT,63,30,macro_hy_spread,0.031247
LMT,63,30,macro_hy_spread_chg_5d,0.0
LMT,63,30,macro_breakeven_5y,0.021053
LMT,63,30,macro_inflation_fwd_5y5y,0.018822
LMT,63,30,macro_inflation_fwd_chg_21d,0.014849
LMT,63,30,macro_inflation_fwd_abs_chg_21d,0.0
LMT,63,30,macro_inflation_fwd_chg_63d,0.008118
LMT,63,30,macro_inflation_fwd_zscore,0.023858
LMT,63,30,macro_dollar_ret,0.0
LMT,63,30,beta_spy,0.033524
LMT,63,30,res_vol,0.052134
LMT,63,30,res_vol_vel,0.0
LMT,63,30,price_regime,0.014081
LMT,63,30,corr_sector_21d,0.014654
LMT,63,30,corr_sector_252d,0.024854
LMT,63,30,sector_wedge,0.013647
LMT,63,31,rv_5d,0.043366
LMT,63,31,rv_10d,0.013592
LMT,63,31,rv_21d,0.016768
LMT,63,31,rv_63d,0.026304
LMT,63,31,rv_126d,0.03541
LMT,63,31,ewma_vol,0.008501
LMT,63,31,garch_cond_vol,0.011401
LMT,63,31,ret_TARGET,0.0
LMT,63,31,tech_RSI,0.0
LMT,63,31,tech_MACD_hist,0.0
LMT,63,31,ret_VIXY,0.0
LMT,63,31,mom21_VIXY,0.021962
LMT,63,31,ret_HYG,0.0
LMT,63,31,mom21_HYG,0.039228
LMT,63,31,ret_USO,0.0
LMT,63,31,mom21_USO,0.048896
LMT,63,31,ret_TLT,0.0
LMT,63,31,mom21_TLT,0.029065
LMT,63,31,ret_UUP,0.0
LMT,63,31,mom21_UUP,0.012339
LMT,63,31,ret_SPY,0.0
LMT,63,31,mom21_SPY,0.027801
LMT,63,31,vol_vel,0.0
LMT,63,31,vol_of_vol,0.012289
LMT,63,31,vol_regime_zscore,0.011571
LMT,63,31,vol_chg_21d,0.009073
LMT,63,31,event_fed_gravity,0.084602
LMT,63,31,event_earn_gravity,0.0
LMT,63,31,event_div_gravity,0.0
LMT,63,31,event_cpi_gravity,0.090666
LMT,63,31,event_nfp_gravity,0.097592
LMT,63,31,put_call_skew_30d,0.0
LMT,63,31,term_structure_slope,0.0
LMT,63,31,vrp_wedge,0.018052
LMT,63,31,iv_atm_z_score,0.024234
LMT,63,31,macro_yield_curve_slope,0.054641
LMT,63,31,macro_hy_spread,0.026388
LMT,63,31,macro_hy_spread_chg_5d,0.0
LMT,63,31,macro_breakeven_5y,0.038609
LMT,63,31,macro_inflation_fwd_5y5y,0.015854
LMT,63,31,macro_inflation_fwd_chg_21d,0.011843
LMT,63,31,macro_inflation_fwd_abs_chg_21d,0.0
LMT,63,31,macro_inflation_fwd_chg_63d,0.022866
LMT,63,31,macro_inflation_fwd_zscore,0.021117
LMT,63,31,macro_dollar_ret,0.0
LMT,63,31,beta_spy,0.012705
LMT,63,31,res_vol,0.049791
LMT,63,31,res_vol_vel,0.0
LMT,63,31,price_regime,0.011858
LMT,63,31,corr_sector_21d,0.012787
LMT,63,31,corr_sector_252d,0.024649
LMT,63,31,sector_wedge,0.01418
LMT,63,32,rv_5d,0.0
LMT,63,32,rv_10d,0.011704
LMT,63,32,rv_21d,0.018689
LMT,63,32,rv_63d,0.022639
LMT,63,32,rv_126d,0.0361
LMT,63,32,ewma_vol,0.018911
LMT,63,32,garch_cond_vol,0.012352
LMT,63,32,ret_TARGET,0.0
LMT,63,32,tech_RSI,0.0
LMT,63,32,tech_MACD_hist,0.0
LMT,63,32,ret_VIXY,0.0
LMT,63,32,mom21_VIXY,0.02679
LMT,63,32,ret_HYG,0.0
LMT,63,32,mom21_HYG,0.042388
LMT,63,32,ret_USO,0.0
LMT,63,32,mom21_USO,0.057784
LMT,63,32,ret_TLT,0.0
LMT,63,32,mom21_TLT,0.025526
LMT,63,32,ret_UUP,0.0
LMT,63,32,mom21_UUP,0.015627
LMT,63,32,ret_SPY,0.0
LMT,63,32,mom21_SPY,0.0
LMT,63,32,vol_vel,0.0
LMT,63,32,vol_of_vol,0.031015
LMT,63,32,vol_regime_zscore,0.011724
LMT,63,32,vol_chg_21d,0.00921
LMT,63,32,event_fed_gravity,0.107613
LMT,63,32,event_earn_gravity,0.0
LMT,63,32,event_div_gravity,0.0
LMT,63,32,event_cpi_gravity,0.099147
LMT,63,32,event_nfp_gravity,0.08499
LMT,63,32,put_call_skew_30d,0.0
LMT,63,32,term_structure_slope,0.0
LMT,63,32,vrp_wedge,0.019048
LMT,63,32,iv_atm_z_score,0.032199
LMT,63,32,macro_yield_curve_slope,0.054123
LMT,63,32,macro_hy_spread,0.024631
LMT,63,32,macro_hy_spread_chg_5d,0.0
LMT,63,32,macro_breakeven_5y,0.044387
LMT,63,32,macro_inflation_fwd_5y5y,0.014987
LMT,63,32,macro_inflation_fwd_chg_21d,0.013727
LMT,63,32,macro_inflation_fwd_abs_chg_21d,0.0
LMT,63,32,macro_inflation_fwd_chg_63d,0.020048
LMT,63,32,macro_inflation_fwd_zscore,0.016735
LMT,63,32,macro_dollar_ret,0.0
LMT,63,32,beta_spy,0.012192
LMT,63,32,res_vol,0.057651
LMT,63,32,res_vol_vel,0.0
LMT,63,32,price_regime,0.019112
LMT,63,32,corr_sector_21d,0.015643
LMT,63,32,corr_sector_252d,0.02331
LMT,63,32,sector_wedge,0.0
LMT,63,33,rv_5d,0.041733
LMT,63,33,rv_10d,0.01947
LMT,63,33,rv_21d,0.013595
LMT,63,33,rv_63d,0.026401
LMT,63,33,rv_126d,0.031362
LMT,63,33,ewma_vol,0.009551
LMT,63,33,garch_cond_vol,0.0
LMT,63,33,ret_TARGET,0.0
LMT,63,33,tech_RSI,0.0
LMT,63,33,tech_MACD_hist,0.0
LMT,63,33,ret_VIXY,0.0
LMT,63,33,mom21_VIXY,0.026445
LMT,63,33,ret_HYG,0.0
LMT,63,33,mom21_HYG,0.02515
LMT,63,33,ret_USO,0.0
LMT,63,33,mom21_USO,0.052117
LMT,63,33,ret_TLT,0.0
LMT,63,33,mom21_TLT,0.035764
LMT,63,33,ret_UUP,0.0
LMT,63,33,mom21_UUP,0.015101
LMT,63,33,ret_SPY,0.0
LMT,63,33,mom21_SPY,0.026346
LMT,63,33,vol_vel,0.0
LMT,63,33,vol_of_vol,0.0
LMT,63,33,vol_regime_zscore,0.015754
LMT,63,33,vol_chg_21d,0.0
LMT,63,33,event_fed_gravity,0.088913
LMT,63,33,event_earn_gravity,0.0
LMT,63,33,event_div_gravity,0.0
LMT,63,33,event_cpi_gravity,0.09091
LMT,63,33,event_nfp_gravity,0.10087
LMT,63,33,put_call_skew_30d,0.0
LMT,63,33,term_structure_slope,0.0
LMT,63,33,vrp_wedge,0.020874
LMT,63,33,iv_atm_z_score,0.026145
LMT,63,33,macro_yield_curve_slope,0.057838
LMT,63,33,macro_hy_spread,0.029719
LMT,63,33,macro_hy_spread_chg_5d,0.0
LMT,63,33,macro_breakeven_5y,0.02256
LMT,63,33,macro_inflation_fwd_5y5y,0.015768
LMT,63,33,macro_inflation_fwd_chg_21d,0.014128
LMT,63,33,macro_inflation_fwd_abs_chg_21d,0.0
LMT,63,33,macro_inflation_fwd_chg_63d,0.02905
LMT,63,33,macro_inflation_fwd_zscore,0.020187
LMT,63,33,macro_dollar_ret,0.0
LMT,63,33,beta_spy,0.019334
LMT,63,33,res_vol,0.055643
LMT,63,33,res_vol_vel,0.0
LMT,63,33,price_regime,0.015538
LMT,63,33,corr_sector_21d,0.013708
LMT,63,33,corr_sector_252d,0.026142
LMT,63,33,sector_wedge,0.013883
LMT,63,34,rv_5d,0.0
LMT,63,34,rv_10d,0.01585
LMT,63,34,rv_21d,0.015582
LMT,63,34,rv_63d,0.024693
LMT,63,34,rv_126d,0.031222
LMT,63,34,ewma_vol,0.015763
LMT,63,34,garch_cond_vol,0.010045
LMT,63,34,ret_TARGET,0.0
LMT,63,34,tech_RSI,0.0
LMT,63,34,tech_MACD_hist,0.0
LMT,63,34,ret_VIXY,0.0
LMT,63,34,mom21_VIXY,0.024343
LMT,63,34,ret_HYG,0.0
LMT,63,34,mom21_HYG,0.009062
LMT,63,34,ret_USO,0.0
LMT,63,34,mom21_USO,0.052958
LMT,63,34,ret_TLT,0.0
LMT,63,34,mom21_TLT,0.03044
LMT,63,34,ret_UUP,0.0
LMT,63,34,mom21_UUP,0.015766
LMT,63,34,ret_SPY,0.0
LMT,63,34,mom21_SPY,0.030232
LMT,63,34,vol_vel,0.0
LMT,63,34,vol_of_vol,0.008922
LMT,63,34,vol_regime_zscore,0.014127
LMT,63,34,vol_chg_21d,0.0
LMT,63,34,event_fed_gravity,0.09056
LMT,63,34,event_earn_gravity,0.0
LMT,63,34,event_div_gravity,0.0
LMT,63,34,event_cpi_gravity,0.12861
LMT,63,34,event_nfp_gravity,0.108908
LMT,63,34,put_call_skew_30d,0.0
LMT,63,34,term_structure_slope,0.0
LMT,63,34,vrp_wedge,0.0
LMT,63,34,iv_atm_z_score,0.029344
LMT,63,34,macro_yield_curve_slope,0.051658
LMT,63,34,macro_hy_spread,0.024537
LMT,63,34,macro_hy_spread_chg_5d,0.0
LMT,63,34,macro_breakeven_5y,0.043405
LMT,63,34,macro_inflation_fwd_5y5y,0.017691
LMT,63,34,macro_inflation_fwd_chg_21d,0.011933
LMT,63,34,macro_inflation_fwd_abs_chg_21d,0.0
LMT,63,34,macro_inflation_fwd_chg_63d,0.033937
LMT,63,34,macro_inflation_fwd_zscore,0.019509
LMT,63,34,macro_dollar_ret,0.0
LMT,63,34,beta_spy,0.013391
LMT,63,34,res_vol,0.057004
LMT,63,34,res_vol_vel,0.0
LMT,63,34,price_regime,0.012399
LMT,63,34,corr_sector_21d,0.015781
LMT,63,34,corr_sector_252d,0.02673
LMT,63,34,sector_wedge,0.015599
LMT,63,35,rv_5d,0.0
LMT,63,35,rv_10d,0.019177
LMT,63,35,rv_21d,0.017746
LMT,63,35,rv_63d,0.023997
LMT,63,35,rv_126d,0.035304
LMT,63,35,ewma_vol,0.016671
LMT,63,35,garch_cond_vol,0.0
LMT,63,35,ret_TARGET,0.0
LMT,63,35,tech_RSI,0.0
LMT,63,35,tech_MACD_hist,0.0191
LMT,63,35,ret_VIXY,0.0
LMT,63,35,mom21_VIXY,0.027066
LMT,63,35,ret_HYG,0.0
LMT,63,35,mom21_HYG,0.009865
LMT,63,35,ret_USO,0.0
LMT,63,35,mom21_USO,0.056599
LMT,63,35,ret_TLT,0.0
LMT,63,35,mom21_TLT,0.036011
LMT,63,35,ret_UUP,0.0
LMT,63,35,mom21_UUP,0.013229
LMT,63,35,ret_SPY,0.0
LMT,63,35,mom21_SPY,0.027696
LMT,63,35,vol_vel,0.0
LMT,63,35,vol_of_vol,0.0
LMT,63,35,vol_regime_zscore,0.01151
LMT,63,35,vol_chg_21d,0.0
LMT,63,35,event_fed_gravity,0.089356
LMT,63,35,event_earn_gravity,0.0
LMT,63,35,event_div_gravity,0.0
LMT,63,35,event_cpi_gravity,0.12289
LMT,63,35,event_nfp_gravity,0.100153
LMT,63,35,put_call_skew_30d,0.0
LMT,63,35,term_structure_slope,0.0
LMT,63,35,vrp_wedge,0.0
LMT,63,35,iv_atm_z_score,0.032345
LMT,63,35,macro_yield_curve_slope,0.054803
LMT,63,35,macro_hy_spread,0.028354
LMT,63,35,macro_hy_spread_chg_5d,0.0
LMT,63,35,macro_breakeven_5y,0.051698
LMT,63,35,macro_inflation_fwd_5y5y,0.014047
LMT,63,35,macro_inflation_fwd_chg_21d,0.012983
LMT,63,35,macro_inflation_fwd_abs_chg_21d,0.0
LMT,63,35,macro_inflation_fwd_chg_63d,0.030152
LMT,63,35,macro_inflation_fwd_zscore,0.020461
LMT,63,35,macro_dollar_ret,0.0
LMT,63,35,beta_spy,0.014473
LMT,63,35,res_vol,0.058388
LMT,63,35,res_vol_vel,0.0
LMT,63,35,price_regime,0.013415
LMT,63,35,corr_sector_21d,0.015123
LMT,63,35,corr_sector_252d,0.027386
LMT,63,35,sector_wedge,0.0
LMT,63,36,rv_5d,0.019119
LMT,63,36,rv_10d,0.020079
LMT,63,36,rv_21d,0.01542
LMT,63,36,rv_63d,0.022028
LMT,63,36,rv_126d,0.039821
LMT,63,36,ewma_vol,0.0
LMT,63,36,garch_cond_vol,0.01386
LMT,63,36,ret_TARGET,0.0
LMT,63,36,tech_RSI,0.0
LMT,63,36,tech_MACD_hist,0.0
LMT,63,36,ret_VIXY,0.0
LMT,63,36,mom21_VIXY,0.030553
LMT,63,36,ret_HYG,0.0
LMT,63,36,mom21_HYG,0.016155
LMT,63,36,ret_USO,0.0
LMT,63,36,mom21_USO,0.053486
LMT,63,36,ret_TLT,0.0
LMT,63,36,mom21_TLT,0.032672
LMT,63,36,ret_UUP,0.0
LMT,63,36,mom21_UUP,0.017307
LMT,63,36,ret_SPY,0.0
LMT,63,36,mom21_SPY,0.028536
LMT,63,36,vol_vel,0.0
LMT,63,36,vol_of_vol,0.0
LMT,63,36,vol_regime_zscore,0.013529
LMT,63,36,vol_chg_21d,0.015125
LMT,63,36,event_fed_gravity,0.098236
LMT,63,36,event_earn_gravity,0.0
LMT,63,36,event_div_gravity,0.0
LMT,63,36,event_cpi_gravity,0.096625
LMT,63,36,event_nfp_gravity,0.096229
LMT,63,36,put_call_skew_30d,0.0
LMT,63,36,term_structure_slope,0.0
LMT,63,36,vrp_wedge,0.0
LMT,63,36,iv_atm_z_score,0.032308
LMT,63,36,macro_yield_curve_slope,0.049928
LMT,63,36,macro_hy_spread,0.028316
LMT,63,36,macro_hy_spread_chg_5d,0.0
LMT,63,36,macro_breakeven_5y,0.038285
LMT,63,36,macro_inflation_fwd_5y5y,0.016068
LMT,63,36,macro_inflation_fwd_chg_21d,0.012941
LMT,63,36,macro_inflation_fwd_abs_chg_21d,0.0
LMT,63,36,macro_inflation_fwd_chg_63d,0.025551
LMT,63,36,macro_inflation_fwd_zscore,0.021707
LMT,63,36,macro_dollar_ret,0.0
LMT,63,36,beta_spy,0.013641
LMT,63,36,res_vol,0.058595
LMT,63,36,res_vol_vel,0.0
LMT,63,36,price_regime,0.019324
LMT,63,36,corr_sector_21d,0.015142
LMT,63,36,corr_sector_252d,0.029927
LMT,63,36,sector_wedge,0.009485
LMT,63,37,rv_5d,0.0
LMT,63,37,rv_10d,0.017135
LMT,63,37,rv_21d,0.012883
LMT,63,37,rv_63d,0.026855
LMT,63,37,rv_126d,0.034313
LMT,63,37,ewma_vol,0.016038
LMT,63,37,garch_cond_vol,0.014505
LMT,63,37,ret_TARGET,0.0
LMT,63,37,tech_RSI,0.0
LMT,63,37,tech_MACD_hist,0.017002
LMT,63,37,ret_VIXY,0.0
LMT,63,37,mom21_VIXY,0.029008
LMT,63,37,ret_HYG,0.0
LMT,63,37,mom21_HYG,0.031654
LMT,63,37,ret_USO,0.0
LMT,63,37,mom21_USO,0.049654
LMT,63,37,ret_TLT,0.0
LMT,63,37,mom21_TLT,0.029396
LMT,63,37,ret_UUP,0.0
LMT,63,37,mom21_UUP,0.014826
LMT,63,37,ret_SPY,0.0
LMT,63,37,mom21_SPY,0.025198
LMT,63,37,vol_vel,0.0
LMT,63,37,vol_of_vol,0.0
LMT,63,37,vol_regime_zscore,0.013518
LMT,63,37,vol_chg_21d,0.017406
LMT,63,37,event_fed_gravity,0.090656
LMT,63,37,event_earn_gravity,0.0
LMT,63,37,event_div_gravity,0.0
LMT,63,37,event_cpi_gravity,0.089057
LMT,63,37,event_nfp_gravity,0.130118
LMT,63,37,put_call_skew_30d,0.0
LMT,63,37,term_structure_slope,0.0
LMT,63,37,vrp_wedge,0.0
LMT,63,37,iv_atm_z_score,0.02607
LMT,63,37,macro_yield_curve_slope,0.051178
LMT,63,37,macro_hy_spread,0.02348
LMT,63,37,macro_hy_spread_chg_5d,0.0
LMT,63,37,macro_breakeven_5y,0.03357
LMT,63,37,macro_inflation_fwd_5y5y,0.013259
LMT,63,37,macro_inflation_fwd_chg_21d,0.012395
LMT,63,37,macro_inflation_fwd_abs_chg_21d,0.0
LMT,63,37,macro_inflation_fwd_chg_63d,0.022674
LMT,63,37,macro_inflation_fwd_zscore,0.025725
LMT,63,37,macro_dollar_ret,0.0
LMT,63,37,beta_spy,0.013088
LMT,63,37,res_vol,0.064856
LMT,63,37,res_vol_vel,0.0
LMT,63,37,price_regime,0.013686
LMT,63,37,corr_sector_21d,0.01389
LMT,63,37,corr_sector_252d,0.026906
LMT,63,37,sector_wedge,0.0
LMT,63,38,rv_5d,0.0
LMT,63,38,rv_10d,0.018898
LMT,63,38,rv_21d,0.014388
LMT,63,38,rv_63d,0.028968
LMT,63,38,rv_126d,0.031328
LMT,63,38,ewma_vol,0.008453
LMT,63,38,garch_cond_vol,0.0
LMT,63,38,ret_TARGET,0.0
LMT,63,38,tech_RSI,0.0
LMT,63,38,tech_MACD_hist,0.0
LMT,63,38,ret_VIXY,0.0
LMT,63,38,mom21_VIXY,0.026397
LMT,63,38,ret_HYG,0.0
LMT,63,38,mom21_HYG,0.124953
LMT,63,38,ret_USO,0.0
LMT,63,38,mom21_USO,0.052817
LMT,63,38,ret_TLT,0.0
LMT,63,38,mom21_TLT,0.022166
LMT,63,38,ret_UUP,0.0
LMT,63,38,mom21_UUP,0.013781
LMT,63,38,ret_SPY,0.0
LMT,63,38,mom21_SPY,0.02573
LMT,63,38,vol_vel,0.0
LMT,63,38,vol_of_vol,0.015742
LMT,63,38,vol_regime_zscore,0.01529
LMT,63,38,vol_chg_21d,0.013571
LMT,63,38,event_fed_gravity,0.083705
LMT,63,38,event_earn_gravity,0.0
LMT,63,38,event_div_gravity,0.0
LMT,63,38,event_cpi_gravity,0.097174
LMT,63,38,event_nfp_gravity,0.100665
LMT,63,38,put_call_skew_30d,0.0
LMT,63,38,term_structure_slope,0.0
LMT,63,38,vrp_wedge,0.0
LMT,63,38,iv_atm_z_score,0.026559
LMT,63,38,macro_yield_curve_slope,0.045306
LMT,63,38,macro_hy_spread,0.025837
LMT,63,38,macro_hy_spread_chg_5d,0.0
LMT,63,38,macro_breakeven_5y,0.02675
LMT,63,38,macro_inflation_fwd_5y5y,0.012402
LMT,63,38,macro_inflation_fwd_chg_21d,0.011251
LMT,63,38,macro_inflation_fwd_abs_chg_21d,0.0
LMT,63,38,macro_inflation_fwd_chg_63d,0.024664
LMT,63,38,macro_inflation_fwd_zscore,0.01113
LMT,63,38,macro_dollar_ret,0.0
LMT,63,38,beta_spy,0.017476
LMT,63,38,res_vol,0.049894
LMT,63,38,res_vol_vel,0.0
LMT,63,38,price_regime,0.013154
LMT,63,38,corr_sector_21d,0.014694
LMT,63,38,corr_sector_252d,0.026858
LMT,63,38,sector_wedge,0.0
LMT,63,39,rv_5d,0.0
LMT,63,39,rv_10d,0.009332
LMT,63,39,rv_21d,0.025464
LMT,63,39,rv_63d,0.02608
LMT,63,39,rv_126d,0.022771
LMT,63,39,ewma_vol,0.0
LMT,63,39,garch_cond_vol,0.014211
LMT,63,39,ret_TARGET,0.0
LMT,63,39,tech_RSI,0.0
LMT,63,39,tech_MACD_hist,0.0
LMT,63,39,ret_VIXY,0.0
LMT,63,39,mom21_VIXY,0.031005
LMT,63,39,ret_HYG,0.0
LMT,63,39,mom21_HYG,0.117516
LMT,63,39,ret_USO,0.0
LMT,63,39,mom21_USO,0.059113
LMT,63,39,ret_TLT,0.0
LMT,63,39,mom21_TLT,0.028864
LMT,63,39,ret_UUP,0.0
LMT,63,39,mom21_UUP,0.011014
LMT,63,39,ret_SPY,0.0
LMT,63,39,mom21_SPY,0.020762
LMT,63,39,vol_vel,0.0
LMT,63,39,vol_of_vol,0.012219
LMT,63,39,vol_regime_zscore,0.01334
LMT,63,39,vol_chg_21d,0.013939
LMT,63,39,event_fed_gravity,0.078107
LMT,63,39,event_earn_gravity,0.0
LMT,63,39,event_div_gravity,0.0
LMT,63,39,event_cpi_gravity,0.066173
LMT,63,39,event_nfp_gravity,0.099656
LMT,63,39,put_call_skew_30d,0.0
LMT,63,39,term_structure_slope,0.0
LMT,63,39,vrp_wedge,0.0
LMT,63,39,iv_atm_z_score,0.032148
LMT,63,39,macro_yield_curve_slope,0.051088
LMT,63,39,macro_hy_spread,0.022589
LMT,63,39,macro_hy_spread_chg_5d,0.0
LMT,63,39,macro_breakeven_5y,0.036105
LMT,63,39,macro_inflation_fwd_5y5y,0.015671
LMT,63,39,macro_inflation_fwd_chg_21d,0.015385
LMT,63,39,macro_inflation_fwd_abs_chg_21d,0.0
LMT,63,39,macro_inflation_fwd_chg_63d,0.023791
LMT,63,39,macro_inflation_fwd_zscore,0.021232
LMT,63,39,macro_dollar_ret,0.0
LMT,63,39,beta_spy,0.014881
LMT,63,39,res_vol,0.054569
LMT,63,39,res_vol_vel,0.0
LMT,63,39,price_regime,0.020159
LMT,63,39,corr_sector_21d,0.016384
LMT,63,39,corr_sector_252d,0.017346
LMT,63,39,sector_wedge,0.009082
LMT,63,40,rv_5d,0.0
LMT,63,40,rv_10d,0.012927
LMT,63,40,rv_21d,0.014237
LMT,63,40,rv_63d,0.023232
LMT,63,40,rv_126d,0.021457
LMT,63,40,ewma_vol,0.018254
LMT,63,40,garch_cond_vol,0.010479
LMT,63,40,ret_TARGET,0.0
LMT,63,40,tech_RSI,0.0
LMT,63,40,tech_MACD_hist,0.0
LMT,63,40,ret_VIXY,0.0
LMT,63,40,mom21_VIXY,0.031123
LMT,63,40,ret_HYG,0.0
LMT,63,40,mom21_HYG,0.128287
LMT,63,40,ret_USO,0.0
LMT,63,40,mom21_USO,0.064171
LMT,63,40,ret_TLT,0.0
LMT,63,40,mom21_TLT,0.022508
LMT,63,40,ret_UUP,0.0
LMT,63,40,mom21_UUP,0.007829
LMT,63,40,ret_SPY,0.0
LMT,63,40,mom21_SPY,0.016165
LMT,63,40,vol_vel,0.0
LMT,63,40,vol_of_vol,0.017608
LMT,63,40,vol_regime_zscore,0.011917
LMT,63,40,vol_chg_21d,0.021265
LMT,63,40,event_fed_gravity,0.064171
LMT,63,40,event_earn_gravity,0.0
LMT,63,40,event_div_gravity,0.0
LMT,63,40,event_cpi_gravity,0.090918
LMT,63,40,event_nfp_gravity,0.07182
LMT,63,40,put_call_skew_30d,0.0
LMT,63,40,term_structure_slope,0.0
LMT,63,40,vrp_wedge,0.0
LMT,63,40,iv_atm_z_score,0.038373
LMT,63,40,macro_yield_curve_slope,0.059026
LMT,63,40,macro_hy_spread,0.025457
LMT,63,40,macro_hy_spread_chg_5d,0.0
LMT,63,40,macro_breakeven_5y,0.041263
LMT,63,40,macro_inflation_fwd_5y5y,0.01749
LMT,63,40,macro_inflation_fwd_chg_21d,0.014362
LMT,63,40,macro_inflation_fwd_abs_chg_21d,0.0
LMT,63,40,macro_inflation_fwd_chg_63d,0.019912
LMT,63,40,macro_inflation_fwd_zscore,0.0
LMT,63,40,macro_dollar_ret,0.0
LMT,63,40,beta_spy,0.010437
LMT,63,40,res_vol,0.040556
LMT,63,40,res_vol_vel,0.008368
LMT,63,40,price_regime,0.018395
LMT,63,40,corr_sector_21d,0.020181
LMT,63,40,corr_sector_252d,0.024955
LMT,63,40,sector_wedge,0.012858
LMT,63,41,rv_5d,0.0
LMT,63,41,rv_10d,0.020059
LMT,63,41,rv_21d,0.017908
LMT,63,41,rv_63d,0.020694
LMT,63,41,rv_126d,0.026709
LMT,63,41,ewma_vol,0.019284
LMT,63,41,garch_cond_vol,0.013547
LMT,63,41,ret_TARGET,0.0
LMT,63,41,tech_RSI,0.0
LMT,63,41,tech_MACD_hist,0.0
LMT,63,41,ret_VIXY,0.0
LMT,63,41,mom21_VIXY,0.033626
LMT,63,41,ret_HYG,0.0
LMT,63,41,mom21_HYG,0.0
LMT,63,41,ret_USO,0.0
LMT,63,41,mom21_USO,0.059208
LMT,63,41,ret_TLT,0.0
LMT,63,41,mom21_TLT,0.032715
LMT,63,41,ret_UUP,0.0
LMT,63,41,mom21_UUP,0.010892
LMT,63,41,ret_SPY,0.0
LMT,63,41,mom21_SPY,0.026775
LMT,63,41,vol_vel,0.0
LMT,63,41,vol_of_vol,0.017361
LMT,63,41,vol_regime_zscore,0.011742
LMT,63,41,vol_chg_21d,0.029173
LMT,63,41,event_fed_gravity,0.108749
LMT,63,41,event_earn_gravity,0.0
LMT,63,41,event_div_gravity,0.0
LMT,63,41,event_cpi_gravity,0.068906
LMT,63,41,event_nfp_gravity,0.074341
LMT,63,41,put_call_skew_30d,0.0
LMT,63,41,term_structure_slope,0.0
LMT,63,41,vrp_wedge,0.0
LMT,63,41,iv_atm_z_score,0.041114
LMT,63,41,macro_yield_curve_slope,0.070659
LMT,63,41,macro_hy_spread,0.025755
LMT,63,41,macro_hy_spread_chg_5d,0.0
LMT,63,41,macro_breakeven_5y,0.053799
LMT,63,41,macro_inflation_fwd_5y5y,0.02281
LMT,63,41,macro_inflation_fwd_chg_21d,0.015408
LMT,63,41,macro_inflation_fwd_abs_chg_21d,0.0
LMT,63,41,macro_inflation_fwd_chg_63d,0.015273
LMT,63,41,macro_inflation_fwd_zscore,0.016933
LMT,63,41,macro_dollar_ret,0.0
LMT,63,41,beta_spy,0.011473
LMT,63,41,res_vol,0.051263
LMT,63,41,res_vol_vel,0.0
LMT,63,41,price_regime,0.016859
LMT,63,41,corr_sector_21d,0.018987
LMT,63,41,corr_sector_252d,0.03668
LMT,63,41,sector_wedge,0.011298
LMT,63,42,rv_5d,0.011292
LMT,63,42,rv_10d,0.008941
LMT,63,42,rv_21d,0.008867
LMT,63,42,rv_63d,0.019604
LMT,63,42,rv_126d,0.024274
LMT,63,42,ewma_vol,0.011351
LMT,63,42,garch_cond_vol,0.0
LMT,63,42,ret_TARGET,0.0
LMT,63,42,tech_RSI,0.0
LMT,63,42,tech_MACD_hist,0.0
LMT,63,42,ret_VIXY,0.0
LMT,63,42,mom21_VIXY,0.034231
LMT,63,42,ret_HYG,0.0
LMT,63,42,mom21_HYG,0.047792
LMT,63,42,ret_USO,0.0
LMT,63,42,mom21_USO,0.069773
LMT,63,42,ret_TLT,0.0
LMT,63,42,mom21_TLT,0.028652
LMT,63,42,ret_UUP,0.0
LMT,63,42,mom21_UUP,0.011284
LMT,63,42,ret_SPY,0.0
LMT,63,42,mom21_SPY,0.021069
LMT,63,42,vol_vel,0.0
LMT,63,42,vol_of_vol,0.018998
LMT,63,42,vol_regime_zscore,0.010168
LMT,63,42,vol_chg_21d,0.025548
LMT,63,42,event_fed_gravity,0.083302
LMT,63,42,event_earn_gravity,0.0
LMT,63,42,event_div_gravity,0.0
LMT,63,42,event_cpi_gravity,0.082087
LMT,63,42,event_nfp_gravity,0.087581
LMT,63,42,put_call_skew_30d,0.0
LMT,63,42,term_structure_slope,0.0
LMT,63,42,vrp_wedge,0.0
LMT,63,42,iv_atm_z_score,0.038399
LMT,63,42,macro_yield_curve_slope,0.06995
LMT,63,42,macro_hy_spread,0.027582
LMT,63,42,macro_hy_spread_chg_5d,0.0
LMT,63,42,macro_breakeven_5y,0.034026
LMT,63,42,macro_inflation_fwd_5y5y,0.017722
LMT,63,42,macro_inflation_fwd_chg_21d,0.015866
LMT,63,42,macro_inflation_fwd_abs_chg_21d,0.0
LMT,63,42,macro_inflation_fwd_chg_63d,0.011416
LMT,63,42,macro_inflation_fwd_zscore,0.022027
LMT,63,42,macro_dollar_ret,0.0
LMT,63,42,beta_spy,0.031316
LMT,63,42,res_vol,0.041201
LMT,63,42,res_vol_vel,0.0
LMT,63,42,price_regime,0.018206
LMT,63,42,corr_sector_21d,0.012873
LMT,63,42,corr_sector_252d,0.042707
LMT,63,42,sector_wedge,0.011896
LMT,63,43,rv_5d,0.015635
LMT,63,43,rv_10d,0.012123
LMT,63,43,rv_21d,0.009988
LMT,63,43,rv_63d,0.019403
LMT,63,43,rv_126d,0.0236
LMT,63,43,ewma_vol,0.0
LMT,63,43,garch_cond_vol,0.0
LMT,63,43,ret_TARGET,0.0
LMT,63,43,tech_RSI,0.0
LMT,63,43,tech_MACD_hist,0.0
LMT,63,43,ret_VIXY,0.0
LMT,63,43,mom21_VIXY,0.035618
LMT,63,43,ret_HYG,0.0
LMT,63,43,mom21_HYG,0.009203
LMT,63,43,ret_USO,0.0
LMT,63,43,mom21_USO,0.064999
LMT,63,43,ret_TLT,0.0
LMT,63,43,mom21_TLT,0.022684
LMT,63,43,ret_UUP,0.0
LMT,63,43,mom21_UUP,0.011213
LMT,63,43,ret_SPY,0.0
LMT,63,43,mom21_SPY,0.0
LMT,63,43,vol_vel,0.0
LMT,63,43,vol_of_vol,0.014203
LMT,63,43,vol_regime_zscore,0.016273
LMT,63,43,vol_chg_21d,0.022571
LMT,63,43,event_fed_gravity,0.079682
LMT,63,43,event_earn_gravity,0.0
LMT,63,43,event_div_gravity,0.0
LMT,63,43,event_cpi_gravity,0.093065
LMT,63,43,event_nfp_gravity,0.129223
LMT,63,43,put_call_skew_30d,0.0
LMT,63,43,term_structure_slope,0.0
LMT,63,43,vrp_wedge,0.025323
LMT,63,43,iv_atm_z_score,0.038366
LMT,63,43,macro_yield_curve_slope,0.070095
LMT,63,43,macro_hy_spread,0.025875
LMT,63,43,macro_hy_spread_chg_5d,0.0
LMT,63,43,macro_breakeven_5y,0.042958
LMT,63,43,macro_inflation_fwd_5y5y,0.023063
LMT,63,43,macro_inflation_fwd_chg_21d,0.00907
LMT,63,43,macro_inflation_fwd_abs_chg_21d,0.0
LMT,63,43,macro_inflation_fwd_chg_63d,0.013802
LMT,63,43,macro_inflation_fwd_zscore,0.010438
LMT,63,43,macro_dollar_ret,0.0
LMT,63,43,beta_spy,0.03137
LMT,63,43,res_vol,0.037169
LMT,63,43,res_vol_vel,0.0
LMT,63,43,price_regime,0.016209
LMT,63,43,corr_sector_21d,0.016801
LMT,63,43,corr_sector_252d,0.04707
LMT,63,43,sector_wedge,0.012909
LMT,63,44,rv_5d,0.0
LMT,63,44,rv_10d,0.010762
LMT,63,44,rv_21d,0.0
LMT,63,44,rv_63d,0.019896
LMT,63,44,rv_126d,0.029421
LMT,63,44,ewma_vol,0.0
LMT,63,44,garch_cond_vol,0.0
LMT,63,44,ret_TARGET,0.0
LMT,63,44,tech_RSI,0.039103
LMT,63,44,tech_MACD_hist,0.0
LMT,63,44,ret_VIXY,0.0
LMT,63,44,mom21_VIXY,0.033988
LMT,63,44,ret_HYG,0.0
LMT,63,44,mom21_HYG,0.02696
LMT,63,44,ret_USO,0.0
LMT,63,44,mom21_USO,0.07245
LMT,63,44,ret_TLT,0.0
LMT,63,44,mom21_TLT,0.040795
LMT,63,44,ret_UUP,0.0
LMT,63,44,mom21_UUP,0.013708
LMT,63,44,ret_SPY,0.0
LMT,63,44,mom21_SPY,0.018991
LMT,63,44,vol_vel,0.0
LMT,63,44,vol_of_vol,0.013146
LMT,63,44,vol_regime_zscore,0.020433
LMT,63,44,vol_chg_21d,0.023919
LMT,63,44,event_fed_gravity,0.091593
LMT,63,44,event_earn_gravity,0.0
LMT,63,44,event_div_gravity,0.0
LMT,63,44,event_cpi_gravity,0.084831
LMT,63,44,event_nfp_gravity,0.087174
LMT,63,44,put_call_skew_30d,0.0
LMT,63,44,term_structure_slope,0.0
LMT,63,44,vrp_wedge,0.0
LMT,63,44,iv_atm_z_score,0.03349
LMT,63,44,macro_yield_curve_slope,0.086205
LMT,63,44,macro_hy_spread,0.028446
LMT,63,44,macro_hy_spread_chg_5d,0.0
LMT,63,44,macro_breakeven_5y,0.032915
LMT,63,44,macro_inflation_fwd_5y5y,0.022727
LMT,63,44,macro_inflation_fwd_chg_21d,0.010583
LMT,63,44,macro_inflation_fwd_abs_chg_21d,0.0
LMT,63,44,macro_inflation_fwd_chg_63d,0.015535
LMT,63,44,macro_inflation_fwd_zscore,0.0
LMT,63,44,macro_dollar_ret,0.0
LMT,63,44,beta_spy,0.027583
LMT,63,44,res_vol,0.033196
LMT,63,44,res_vol_vel,0.0
LMT,63,44,price_regime,0.0
LMT,63,44,corr_sector_21d,0.010411
LMT,63,44,corr_sector_252d,0.060665
LMT,63,44,sector_wedge,0.011073
LMT,63,45,rv_5d,0.010406
LMT,63,45,rv_10d,0.009485
LMT,63,45,rv_21d,0.015563
LMT,63,45,rv_63d,0.021221
LMT,63,45,rv_126d,0.02721
LMT,63,45,ewma_vol,0.007668
LMT,63,45,garch_cond_vol,0.017211
LMT,63,45,ret_TARGET,0.0
LMT,63,45,tech_RSI,0.038135
LMT,63,45,tech_MACD_hist,0.008193
LMT,63,45,ret_VIXY,0.0
LMT,63,45,mom21_VIXY,0.038772
LMT,63,45,ret_HYG,0.0
LMT,63,45,mom21_HYG,0.012475
LMT,63,45,ret_USO,0.0
LMT,63,45,mom21_USO,0.061699
LMT,63,45,ret_TLT,0.0
LMT,63,45,mom21_TLT,0.02513
LMT,63,45,ret_UUP,0.0
LMT,63,45,mom21_UUP,0.011107
LMT,63,45,ret_SPY,0.0
LMT,63,45,mom21_SPY,0.015416
LMT,63,45,vol_vel,0.0
LMT,63,45,vol_of_vol,0.012416
LMT,63,45,vol_regime_zscore,0.016915
LMT,63,45,vol_chg_21d,0.011236
LMT,63,45,event_fed_gravity,0.077708
LMT,63,45,event_earn_gravity,0.0
LMT,63,45,event_div_gravity,0.0
LMT,63,45,event_cpi_gravity,0.099505
LMT,63,45,event_nfp_gravity,0.063219
LMT,63,45,put_call_skew_30d,0.0
LMT,63,45,term_structure_slope,0.0
LMT,63,45,vrp_wedge,0.015323
LMT,63,45,iv_atm_z_score,0.032687
LMT,63,45,macro_yield_curve_slope,0.085844
LMT,63,45,macro_hy_spread,0.030121
LMT,63,45,macro_hy_spread_chg_5d,0.0
LMT,63,45,macro_breakeven_5y,0.02166
LMT,63,45,macro_inflation_fwd_5y5y,0.018624
LMT,63,45,macro_inflation_fwd_chg_21d,0.010636
LMT,63,45,macro_inflation_fwd_abs_chg_21d,0.0
LMT,63,45,macro_inflation_fwd_chg_63d,0.0167
LMT,63,45,macro_inflation_fwd_zscore,0.010661
LMT,63,45,macro_dollar_ret,0.0
LMT,63,45,beta_spy,0.017889
LMT,63,45,res_vol,0.035343
LMT,63,45,res_vol_vel,0.0
LMT,63,45,price_regime,0.007579
LMT,63,45,corr_sector_21d,0.010121
LMT,63,45,corr_sector_252d,0.070724
LMT,63,45,sector_wedge,0.015395
LMT,63,46,rv_5d,0.017342
LMT,63,46,rv_10d,0.009794
LMT,63,46,rv_21d,0.011342
LMT,63,46,rv_63d,0.017977
LMT,63,46,rv_126d,0.022784
LMT,63,46,ewma_vol,0.0
LMT,63,46,garch_cond_vol,0.011569
LMT,63,46,ret_TARGET,0.0
LMT,63,46,tech_RSI,0.036303
LMT,63,46,tech_MACD_hist,0.0
LMT,63,46,ret_VIXY,0.0
LMT,63,46,mom21_VIXY,0.034462
LMT,63,46,ret_HYG,0.0
LMT,63,46,mom21_HYG,0.0
LMT,63,46,ret_USO,0.0
LMT,63,46,mom21_USO,0.059289
LMT,63,46,ret_TLT,0.0
LMT,63,46,mom21_TLT,0.029628
LMT,63,46,ret_UUP,0.0
LMT,63,46,mom21_UUP,0.01026
LMT,63,46,ret_SPY,0.0
LMT,63,46,mom21_SPY,0.023717
LMT,63,46,vol_vel,0.0
LMT,63,46,vol_of_vol,0.009193
LMT,63,46,vol_regime_zscore,0.021337
LMT,63,46,vol_chg_21d,0.014642
LMT,63,46,event_fed_gravity,0.069379
LMT,63,46,event_earn_gravity,0.0
LMT,63,46,event_div_gravity,0.0
LMT,63,46,event_cpi_gravity,0.089131
LMT,63,46,event_nfp_gravity,0.079253
LMT,63,46,put_call_skew_30d,0.0
LMT,63,46,term_structure_slope,0.0
LMT,63,46,vrp_wedge,0.011908
LMT,63,46,iv_atm_z_score,0.039478
LMT,63,46,macro_yield_curve_slope,0.090972
LMT,63,46,macro_hy_spread,0.032458
LMT,63,46,macro_hy_spread_chg_5d,0.0
LMT,63,46,macro_breakeven_5y,0.026063
LMT,63,46,macro_inflation_fwd_5y5y,0.031861
LMT,63,46,macro_inflation_fwd_chg_21d,0.014583
LMT,63,46,macro_inflation_fwd_abs_chg_21d,0.0
LMT,63,46,macro_inflation_fwd_chg_63d,0.01296
LMT,63,46,macro_inflation_fwd_zscore,0.013092
LMT,63,46,macro_dollar_ret,0.0
LMT,63,46,beta_spy,0.019386
LMT,63,46,res_vol,0.034915
LMT,63,46,res_vol_vel,0.0
LMT,63,46,price_regime,0.0
LMT,63,46,corr_sector_21d,0.011255
LMT,63,46,corr_sector_252d,0.079449
LMT,63,46,sector_wedge,0.01422
LMT,63,47,rv_5d,0.038535
LMT,63,47,rv_10d,0.015716
LMT,63,47,rv_21d,0.010219
LMT,63,47,rv_63d,0.016011
LMT,63,47,rv_126d,0.020477
LMT,63,47,ewma_vol,0.009157
LMT,63,47,garch_cond_vol,0.020422
LMT,63,47,ret_TARGET,0.0
LMT,63,47,tech_RSI,0.033348
LMT,63,47,tech_MACD_hist,0.020884
LMT,63,47,ret_VIXY,0.0
LMT,63,47,mom21_VIXY,0.034459
LMT,63,47,ret_HYG,0.0
LMT,63,47,mom21_HYG,0.020665
LMT,63,47,ret_USO,0.0
LMT,63,47,mom21_USO,0.053066
LMT,63,47,ret_TLT,0.0
LMT,63,47,mom21_TLT,0.024128
LMT,63,47,ret_UUP,0.0
LMT,63,47,mom21_UUP,0.009193
LMT,63,47,ret_SPY,0.0
LMT,63,47,mom21_SPY,0.021064
LMT,63,47,vol_vel,0.0
LMT,63,47,vol_of_vol,0.010893
LMT,63,47,vol_regime_zscore,0.013998
LMT,63,47,vol_chg_21d,0.011579
LMT,63,47,event_fed_gravity,0.074221
LMT,63,47,event_earn_gravity,0.0
LMT,63,47,event_div_gravity,0.0
LMT,63,47,event_cpi_gravity,0.075276
LMT,63,47,event_nfp_gravity,0.070725
LMT,63,47,put_call_skew_30d,0.011744
LMT,63,47,term_structure_slope,0.0
LMT,63,47,vrp_wedge,0.013291
LMT,63,47,iv_atm_z_score,0.029937
LMT,63,47,macro_yield_curve_slope,0.083194
LMT,63,47,macro_hy_spread,0.03065
LMT,63,47,macro_hy_spread_chg_5d,0.0
LMT,63,47,macro_breakeven_5y,0.019786
LMT,63,47,macro_inflation_fwd_5y5y,0.024031
LMT,63,47,macro_inflation_fwd_chg_21d,0.011042
LMT,63,47,macro_inflation_fwd_abs_chg_21d,0.0
LMT,63,47,macro_inflation_fwd_chg_63d,0.014955
LMT,63,47,macro_inflation_fwd_zscore,0.00977
LMT,63,47,macro_dollar_ret,0.0
LMT,63,47,beta_spy,0.019472
LMT,63,47,res_vol,0.027801
LMT,63,47,res_vol_vel,0.0
LMT,63,47,price_regime,0.0
LMT,63,47,corr_sector_21d,0.007863
LMT,63,47,corr_sector_252d,0.080636
LMT,63,47,sector_wedge,0.011792
LMT,63,48,rv_5d,0.041823
LMT,63,48,rv_10d,0.01178
LMT,63,48,rv_21d,0.012331
LMT,63,48,rv_63d,0.019797
LMT,63,48,rv_126d,0.022466
LMT,63,48,ewma_vol,0.010553
LMT,63,48,garch_cond_vol,0.022341
LMT,63,48,ret_TARGET,0.0
LMT,63,48,tech_RSI,0.0
LMT,63,48,tech_MACD_hist,0.0
LMT,63,48,ret_VIXY,0.0
LMT,63,48,mom21_VIXY,0.037794
LMT,63,48,ret_HYG,0.0
LMT,63,48,mom21_HYG,0.0
LMT,63,48,ret_USO,0.0
LMT,63,48,mom21_USO,0.070799
LMT,63,48,ret_TLT,0.0
LMT,63,48,mom21_TLT,0.02493
LMT,63,48,ret_UUP,0.0
LMT,63,48,mom21_UUP,0.008804
LMT,63,48,ret_SPY,0.0
LMT,63,48,mom21_SPY,0.016491
LMT,63,48,vol_vel,0.0
LMT,63,48,vol_of_vol,0.009794
LMT,63,48,vol_regime_zscore,0.015237
LMT,63,48,vol_chg_21d,0.011624
LMT,63,48,event_fed_gravity,0.079159
LMT,63,48,event_earn_gravity,0.0
LMT,63,48,event_div_gravity,0.0
LMT,63,48,event_cpi_gravity,0.087209
LMT,63,48,event_nfp_gravity,0.070206
LMT,63,48,put_call_skew_30d,0.012184
LMT,63,48,term_structure_slope,0.0
LMT,63,48,vrp_wedge,0.013398
LMT,63,48,iv_atm_z_score,0.025961
LMT,63,48,macro_yield_curve_slope,0.09106
LMT,63,48,macro_hy_spread,0.032142
LMT,63,48,macro_hy_spread_chg_5d,0.0
LMT,63,48,macro_breakeven_5y,0.02113
LMT,63,48,macro_inflation_fwd_5y5y,0.025237
LMT,63,48,macro_inflation_fwd_chg_21d,0.008397
LMT,63,48,macro_inflation_fwd_abs_chg_21d,0.0
LMT,63,48,macro_inflation_fwd_chg_63d,0.010615
LMT,63,48,macro_inflation_fwd_zscore,0.012933
LMT,63,48,macro_dollar_ret,0.0
LMT,63,48,beta_spy,0.017877
LMT,63,48,res_vol,0.031246
LMT,63,48,res_vol_vel,0.0
LMT,63,48,price_regime,0.00775
LMT,63,48,corr_sector_21d,0.011446
LMT,63,48,corr_sector_252d,0.091189
LMT,63,48,sector_wedge,0.0143
LMT,63,49,rv_5d,0.0
LMT,63,49,rv_10d,0.012334
LMT,63,49,rv_21d,0.015366
LMT,63,49,rv_63d,0.015856
LMT,63,49,rv_126d,0.023303
LMT,63,49,ewma_vol,0.009975
LMT,63,49,garch_cond_vol,0.035417
LMT,63,49,ret_TARGET,0.0
LMT,63,49,tech_RSI,0.007409
LMT,63,49,tech_MACD_hist,0.0
LMT,63,49,ret_VIXY,0.0
LMT,63,49,mom21_VIXY,0.032217
LMT,63,49,ret_HYG,0.0
LMT,63,49,mom21_HYG,0.022323
LMT,63,49,ret_USO,0.0
LMT,63,49,mom21_USO,0.078693
LMT,63,49,ret_TLT,0.0
LMT,63,49,mom21_TLT,0.02853
LMT,63,49,ret_UUP,0.0
LMT,63,49,mom21_UUP,0.008788
LMT,63,49,ret_SPY,0.0
LMT,63,49,mom21_SPY,0.022851
LMT,63,49,vol_vel,0.0
LMT,63,49,vol_of_vol,0.011052
LMT,63,49,vol_regime_zscore,0.009373
LMT,63,49,vol_chg_21d,0.030334
LMT,63,49,event_fed_gravity,0.082746
LMT,63,49,event_earn_gravity,0.0
LMT,63,49,event_div_gravity,0.0
LMT,63,49,event_cpi_gravity,0.070472
LMT,63,49,event_nfp_gravity,0.063178
LMT,63,49,put_call_skew_30d,0.0
LMT,63,49,term_structure_slope,0.022075
LMT,63,49,vrp_wedge,0.0
LMT,63,49,iv_atm_z_score,0.036824
LMT,63,49,macro_yield_curve_slope,0.084439
LMT,63,49,macro_hy_spread,0.027667
LMT,63,49,macro_hy_spread_chg_5d,0.008121
LMT,63,49,macro_breakeven_5y,0.017763
LMT,63,49,macro_inflation_fwd_5y5y,0.012665
LMT,63,49,macro_inflation_fwd_chg_21d,0.009767
LMT,63,49,macro_inflation_fwd_abs_chg_21d,0.0
LMT,63,49,macro_inflation_fwd_chg_63d,0.016014
LMT,63,49,macro_inflation_fwd_zscore,0.027989
LMT,63,49,macro_dollar_ret,0.0
LMT,63,49,beta_spy,0.017719
LMT,63,49,res_vol,0.029839
LMT,63,49,res_vol_vel,0.0
LMT,63,49,price_regime,0.016641
LMT,63,49,corr_sector_21d,0.007304
LMT,63,49,corr_sector_252d,0.068434
LMT,63,49,sector_wedge,0.016522
LMT,63,50,rv_5d,0.0
LMT,63,50,rv_10d,0.01064
LMT,63,50,rv_21d,0.029634
LMT,63,50,rv_63d,0.014785
LMT,63,50,rv_126d,0.022348
LMT,63,50,ewma_vol,0.032883
LMT,63,50,garch_cond_vol,0.033676
LMT,63,50,ret_TARGET,0.0
LMT,63,50,tech_RSI,0.032497
LMT,63,50,tech_MACD_hist,0.0
LMT,63,50,ret_VIXY,0.0
LMT,63,50,mom21_VIXY,0.032912
LMT,63,50,ret_HYG,0.0
LMT,63,50,mom21_HYG,0.032195
LMT,63,50,ret_USO,0.0
LMT,63,50,mom21_USO,0.056249
LMT,63,50,ret_TLT,0.0
LMT,63,50,mom21_TLT,0.059659
LMT,63,50,ret_UUP,0.0
LMT,63,50,mom21_UUP,0.007843
LMT,63,50,ret_SPY,0.0
LMT,63,50,mom21_SPY,0.008941
LMT,63,50,vol_vel,0.0
LMT,63,50,vol_of_vol,0.029655
LMT,63,50,vol_regime_zscore,0.016619
LMT,63,50,vol_chg_21d,0.036695
LMT,63,50,event_fed_gravity,0.067546
LMT,63,50,event_earn_gravity,0.0
LMT,63,50,event_div_gravity,0.0
LMT,63,50,event_cpi_gravity,0.066146
LMT,63,50,event_nfp_gravity,0.078702
LMT,63,50,put_call_skew_30d,0.0
LMT,63,50,term_structure_slope,0.015798
LMT,63,50,vrp_wedge,0.0
LMT,63,50,iv_atm_z_score,0.022209
LMT,63,50,macro_yield_curve_slope,0.063419
LMT,63,50,macro_hy_spread,0.024197
LMT,63,50,macro_hy_spread_chg_5d,0.0
LMT,63,50,macro_breakeven_5y,0.026365
LMT,63,50,macro_inflation_fwd_5y5y,0.0194
LMT,63,50,macro_inflation_fwd_chg_21d,0.01001
LMT,63,50,macro_inflation_fwd_abs_chg_21d,0.0
LMT,63,50,macro_inflation_fwd_chg_63d,0.011094
LMT,63,50,macro_inflation_fwd_zscore,0.014706
LMT,63,50,macro_dollar_ret,0.0
LMT,63,50,beta_spy,0.022073
LMT,63,50,res_vol,0.029712
LMT,63,50,res_vol_vel,0.0
LMT,63,50,price_regime,0.0
LMT,63,50,corr_sector_21d,0.0
LMT,63,50,corr_sector_252d,0.053376
LMT,63,50,sector_wedge,0.018015
LMT,63,51,rv_5d,0.0
LMT,63,51,rv_10d,0.008045
LMT,63,51,rv_21d,0.014625
LMT,63,51,rv_63d,0.027636
LMT,63,51,rv_126d,0.035151
LMT,63,51,ewma_vol,0.035642
LMT,63,51,garch_cond_vol,0.046205
LMT,63,51,ret_TARGET,0.0
LMT,63,51,tech_RSI,0.0
LMT,63,51,tech_MACD_hist,0.0
LMT,63,51,ret_VIXY,0.0
LMT,63,51,mom21_VIXY,0.03065
LMT,63,51,ret_HYG,0.0
LMT,63,51,mom21_HYG,0.036583
LMT,63,51,ret_USO,0.0
LMT,63,51,mom21_USO,0.049526
LMT,63,51,ret_TLT,0.0
LMT,63,51,mom21_TLT,0.026957
LMT,63,51,ret_UUP,0.0
LMT,63,51,mom21_UUP,0.013583
LMT,63,51,ret_SPY,0.0
LMT,63,51,mom21_SPY,0.010311
LMT,63,51,vol_vel,0.0
LMT,63,51,vol_of_vol,0.023196
LMT,63,51,vol_regime_zscore,0.0
LMT,63,51,vol_chg_21d,0.03116
LMT,63,51,event_fed_gravity,0.069604
LMT,63,51,event_earn_gravity,0.0
LMT,63,51,event_div_gravity,0.0
LMT,63,51,event_cpi_gravity,0.077281
LMT,63,51,event_nfp_gravity,0.07469
LMT,63,51,put_call_skew_30d,0.0
LMT,63,51,term_structure_slope,0.0
LMT,63,51,vrp_wedge,0.01436
LMT,63,51,iv_atm_z_score,0.030514
LMT,63,51,macro_yield_curve_slope,0.06386
LMT,63,51,macro_hy_spread,0.028648
LMT,63,51,macro_hy_spread_chg_5d,0.008333
LMT,63,51,macro_breakeven_5y,0.025142
LMT,63,51,macro_inflation_fwd_5y5y,0.023532
LMT,63,51,macro_inflation_fwd_chg_21d,0.0
LMT,63,51,macro_inflation_fwd_abs_chg_21d,0.0
LMT,63,51,macro_inflation_fwd_chg_63d,0.011656
LMT,63,51,macro_inflation_fwd_zscore,0.012152
LMT,63,51,macro_dollar_ret,0.0
LMT,63,51,beta_spy,0.033403
LMT,63,51,res_vol,0.031541
LMT,63,51,res_vol_vel,0.0
LMT,63,51,price_regime,0.011799
LMT,63,51,corr_sector_21d,0.008845
LMT,63,51,corr_sector_252d,0.068044
LMT,63,51,sector_wedge,0.017326
LMT,63,52,rv_5d,0.01247
LMT,63,52,rv_10d,0.028602
LMT,63,52,rv_21d,0.027594
LMT,63,52,rv_63d,0.023834
LMT,63,52,rv_126d,0.036741
LMT,63,52,ewma_vol,0.014514
LMT,63,52,garch_cond_vol,0.034631
LMT,63,52,ret_TARGET,0.0
LMT,63,52,tech_RSI,0.006145
LMT,63,52,tech_MACD_hist,0.0
LMT,63,52,ret_VIXY,0.0
LMT,63,52,mom21_VIXY,0.03632
LMT,63,52,ret_HYG,0.0
LMT,63,52,mom21_HYG,0.045957
LMT,63,52,ret_USO,0.0
LMT,63,52,mom21_USO,0.044007
LMT,63,52,ret_TLT,0.0
LMT,63,52,mom21_TLT,0.011537
LMT,63,52,ret_UUP,0.0
LMT,63,52,mom21_UUP,0.027487
LMT,63,52,ret_SPY,0.0
LMT,63,52,mom21_SPY,0.008793
LMT,63,52,vol_vel,0.00696
LMT,63,52,vol_of_vol,0.024674
LMT,63,52,vol_regime_zscore,0.016363
LMT,63,52,vol_chg_21d,0.027361
LMT,63,52,event_fed_gravity,0.070031
LMT,63,52,event_earn_gravity,0.0
LMT,63,52,event_div_gravity,0.0
LMT,63,52,event_cpi_gravity,0.065075
LMT,63,52,event_nfp_gravity,0.079671
LMT,63,52,put_call_skew_30d,0.007148
LMT,63,52,term_structure_slope,0.0
LMT,63,52,vrp_wedge,0.007352
LMT,63,52,iv_atm_z_score,0.025151
LMT,63,52,macro_yield_curve_slope,0.044935
LMT,63,52,macro_hy_spread,0.03622
LMT,63,52,macro_hy_spread_chg_5d,0.0
LMT,63,52,macro_breakeven_5y,0.017243
LMT,63,52,macro_inflation_fwd_5y5y,0.00804
LMT,63,52,macro_inflation_fwd_chg_21d,0.011424
LMT,63,52,macro_inflation_fwd_abs_chg_21d,0.0
LMT,63,52,macro_inflation_fwd_chg_63d,0.010142
LMT,63,52,macro_inflation_fwd_zscore,0.012132
LMT,63,52,macro_dollar_ret,0.0
LMT,63,52,beta_spy,0.044227
LMT,63,52,res_vol,0.024685
LMT,63,52,res_vol_vel,0.0
LMT,63,52,price_regime,0.022278
LMT,63,52,corr_sector_21d,0.0
LMT,63,52,corr_sector_252d,0.066472
LMT,63,52,sector_wedge,0.013784
LMT,63,53,rv_5d,0.018946
LMT,63,53,rv_10d,0.013142
LMT,63,53,rv_21d,0.016929
LMT,63,53,rv_63d,0.021922
LMT,63,53,rv_126d,0.035757
LMT,63,53,ewma_vol,0.036502
LMT,63,53,garch_cond_vol,0.014224
LMT,63,53,ret_TARGET,0.0
LMT,63,53,tech_RSI,0.0
LMT,63,53,tech_MACD_hist,0.007307
LMT,63,53,ret_VIXY,0.0
LMT,63,53,mom21_VIXY,0.039493
LMT,63,53,ret_HYG,0.0
LMT,63,53,mom21_HYG,0.047237
LMT,63,53,ret_USO,0.0
LMT,63,53,mom21_USO,0.032205
LMT,63,53,ret_TLT,0.0
LMT,63,53,mom21_TLT,0.011378
LMT,63,53,ret_UUP,0.0
LMT,63,53,mom21_UUP,0.006373
LMT,63,53,ret_SPY,0.0
LMT,63,53,mom21_SPY,0.0
LMT,63,53,vol_vel,0.014107
LMT,63,53,vol_of_vol,0.027862
LMT,63,53,vol_regime_zscore,0.030098
LMT,63,53,vol_chg_21d,0.026484
LMT,63,53,event_fed_gravity,0.051684
LMT,63,53,event_earn_gravity,0.0
LMT,63,53,event_div_gravity,0.0
LMT,63,53,event_cpi_gravity,0.109134
LMT,63,53,event_nfp_gravity,0.072094
LMT,63,53,put_call_skew_30d,0.008169
LMT,63,53,term_structure_slope,0.0
LMT,63,53,vrp_wedge,0.0
LMT,63,53,iv_atm_z_score,0.022178
LMT,63,53,macro_yield_curve_slope,0.042092
LMT,63,53,macro_hy_spread,0.038839
LMT,63,53,macro_hy_spread_chg_5d,0.010097
LMT,63,53,macro_breakeven_5y,0.01866
LMT,63,53,macro_inflation_fwd_5y5y,0.019321
LMT,63,53,macro_inflation_fwd_chg_21d,0.011576
LMT,63,53,macro_inflation_fwd_abs_chg_21d,0.0
LMT,63,53,macro_inflation_fwd_chg_63d,0.01102
LMT,63,53,macro_inflation_fwd_zscore,0.015185
LMT,63,53,macro_dollar_ret,0.0
LMT,63,53,beta_spy,0.042159
LMT,63,53,res_vol,0.027868
LMT,63,53,res_vol_vel,0.0
LMT,63,53,price_regime,0.007105
LMT,63,53,corr_sector_21d,0.006976
LMT,63,53,corr_sector_252d,0.072912
LMT,63,53,sector_wedge,0.012966
LMT,63,54,rv_5d,0.026441
LMT,63,54,rv_10d,0.034736
LMT,63,54,rv_21d,0.013701
LMT,63,54,rv_63d,0.023362
LMT,63,54,rv_126d,0.029331
LMT,63,54,ewma_vol,0.030323
LMT,63,54,garch_cond_vol,0.02193
LMT,63,54,ret_TARGET,0.0
LMT,63,54,tech_RSI,0.0
LMT,63,54,tech_MACD_hist,0.0
LMT,63,54,ret_VIXY,0.0
LMT,63,54,mom21_VIXY,0.048102
LMT,63,54,ret_HYG,0.0
LMT,63,54,mom21_HYG,0.053823
LMT,63,54,ret_USO,0.0
LMT,63,54,mom21_USO,0.031703
LMT,63,54,ret_TLT,0.0
LMT,63,54,mom21_TLT,0.008496
LMT,63,54,ret_UUP,0.0
LMT,63,54,mom21_UUP,0.007057
LMT,63,54,ret_SPY,0.0
LMT,63,54,mom21_SPY,0.0
LMT,63,54,vol_vel,0.010438
LMT,63,54,vol_of_vol,0.020068
LMT,63,54,vol_regime_zscore,0.026907
LMT,63,54,vol_chg_21d,0.021812
LMT,63,54,event_fed_gravity,0.06944
LMT,63,54,event_earn_gravity,0.0
LMT,63,54,event_div_gravity,0.0
LMT,63,54,event_cpi_gravity,0.078252
LMT,63,54,event_nfp_gravity,0.083267
LMT,63,54,put_call_skew_30d,0.008064
LMT,63,54,term_structure_slope,0.0
LMT,63,54,vrp_wedge,0.0
LMT,63,54,iv_atm_z_score,0.021942
LMT,63,54,macro_yield_curve_slope,0.045262
LMT,63,54,macro_hy_spread,0.038923
LMT,63,54,macro_hy_spread_chg_5d,0.0
LMT,63,54,macro_breakeven_5y,0.01889
LMT,63,54,macro_inflation_fwd_5y5y,0.012313
LMT,63,54,macro_inflation_fwd_chg_21d,0.012613
LMT,63,54,macro_inflation_fwd_abs_chg_21d,0.0
LMT,63,54,macro_inflation_fwd_chg_63d,0.015437
LMT,63,54,macro_inflation_fwd_zscore,0.011925
LMT,63,54,macro_dollar_ret,0.0
LMT,63,54,beta_spy,0.036784
LMT,63,54,res_vol,0.030331
LMT,63,54,res_vol_vel,0.0
LMT,63,54,price_regime,0.006503
LMT,63,54,corr_sector_21d,0.0
LMT,63,54,corr_sector_252d,0.088106
LMT,63,54,sector_wedge,0.013717
LMT,63,55,rv_5d,0.0
LMT,63,55,rv_10d,0.036554
LMT,63,55,rv_21d,0.015583
LMT,63,55,rv_63d,0.025508
LMT,63,55,rv_126d,0.022565
LMT,63,55,ewma_vol,0.028354
LMT,63,55,garch_cond_vol,0.023971
LMT,63,55,ret_TARGET,0.0
LMT,63,55,tech_RSI,0.006591
LMT,63,55,tech_MACD_hist,0.0
LMT,63,55,ret_VIXY,0.0
LMT,63,55,mom21_VIXY,0.050971
LMT,63,55,ret_HYG,0.0
LMT,63,55,mom21_HYG,0.050944
LMT,63,55,ret_USO,0.0
LMT,63,55,mom21_USO,0.033438
LMT,63,55,ret_TLT,0.0
LMT,63,55,mom21_TLT,0.009308
LMT,63,55,ret_UUP,0.0
LMT,63,55,mom21_UUP,0.020348
LMT,63,55,ret_SPY,0.0
LMT,63,55,mom21_SPY,0.011983
LMT,63,55,vol_vel,0.013701
LMT,63,55,vol_of_vol,0.017711
LMT,63,55,vol_regime_zscore,0.025456
LMT,63,55,vol_chg_21d,0.026575
LMT,63,55,event_fed_gravity,0.085415
LMT,63,55,event_earn_gravity,0.0
LMT,63,55,event_div_gravity,0.0
LMT,63,55,event_cpi_gravity,0.080065
LMT,63,55,event_nfp_gravity,0.076223
LMT,63,55,put_call_skew_30d,0.0
LMT,63,55,term_structure_slope,0.0
LMT,63,55,vrp_wedge,0.0
LMT,63,55,iv_atm_z_score,0.018171
LMT,63,55,macro_yield_curve_slope,0.046742
LMT,63,55,macro_hy_spread,0.037402
LMT,63,55,macro_hy_spread_chg_5d,0.0
LMT,63,55,macro_breakeven_5y,0.012999
LMT,63,55,macro_inflation_fwd_5y5y,0.013951
LMT,63,55,macro_inflation_fwd_chg_21d,0.0
LMT,63,55,macro_inflation_fwd_abs_chg_21d,0.0
LMT,63,55,macro_inflation_fwd_chg_63d,0.011571
LMT,63,55,macro_inflation_fwd_zscore,0.010402
LMT,63,55,macro_dollar_ret,0.0
LMT,63,55,beta_spy,0.038897
LMT,63,55,res_vol,0.029646
LMT,63,55,res_vol_vel,0.0
LMT,63,55,price_regime,0.008282
LMT,63,55,corr_sector_21d,0.008548
LMT,63,55,corr_sector_252d,0.088246
LMT,63,55,sector_wedge,0.013879
LMT,63,56,rv_5d,0.009259
LMT,63,56,rv_10d,0.036413
LMT,63,56,rv_21d,0.017488
LMT,63,56,rv_63d,0.022035
LMT,63,56,rv_126d,0.023584
LMT,63,56,ewma_vol,0.032485
LMT,63,56,garch_cond_vol,0.02201
LMT,63,56,ret_TARGET,0.0
LMT,63,56,tech_RSI,0.009886
LMT,63,56,tech_MACD_hist,0.0
LMT,63,56,ret_VIXY,0.0
LMT,63,56,mom21_VIXY,0.057382
LMT,63,56,ret_HYG,0.0
LMT,63,56,mom21_HYG,0.050901
LMT,63,56,ret_USO,0.0
LMT,63,56,mom21_USO,0.023995
LMT,63,56,ret_TLT,0.0
LMT,63,56,mom21_TLT,0.009376
LMT,63,56,ret_UUP,0.0
LMT,63,56,mom21_UUP,0.008505
LMT,63,56,ret_SPY,0.0
LMT,63,56,mom21_SPY,0.006409
LMT,63,56,vol_vel,0.012015
LMT,63,56,vol_of_vol,0.015914
LMT,63,56,vol_regime_zscore,0.022338
LMT,63,56,vol_chg_21d,0.027383
LMT,63,56,event_fed_gravity,0.065456
LMT,63,56,event_earn_gravity,0.0
LMT,63,56,event_div_gravity,0.0
LMT,63,56,event_cpi_gravity,0.083562
LMT,63,56,event_nfp_gravity,0.079002
LMT,63,56,put_call_skew_30d,0.0
LMT,63,56,term_structure_slope,0.0
LMT,63,56,vrp_wedge,0.0
LMT,63,56,iv_atm_z_score,0.031243
LMT,63,56,macro_yield_curve_slope,0.046476
LMT,63,56,macro_hy_spread,0.033479
LMT,63,56,macro_hy_spread_chg_5d,0.0
LMT,63,56,macro_breakeven_5y,0.022884
LMT,63,56,macro_inflation_fwd_5y5y,0.018475
LMT,63,56,macro_inflation_fwd_chg_21d,0.0
LMT,63,56,macro_inflation_fwd_abs_chg_21d,0.0
LMT,63,56,macro_inflation_fwd_chg_63d,0.016956
LMT,63,56,macro_inflation_fwd_zscore,0.020237
LMT,63,56,macro_dollar_ret,0.0
LMT,63,56,beta_spy,0.036253
LMT,63,56,res_vol,0.025945
LMT,63,56,res_vol_vel,0.0
LMT,63,56,price_regime,0.007691
LMT,63,56,corr_sector_21d,0.0
LMT,63,56,corr_sector_252d,0.089663
LMT,63,56,sector_wedge,0.015299
LMT,63,57,rv_5d,0.007376
LMT,63,57,rv_10d,0.029462
LMT,63,57,rv_21d,0.028898
LMT,63,57,rv_63d,0.024521
LMT,63,57,rv_126d,0.026531
LMT,63,57,ewma_vol,0.033117
LMT,63,57,garch_cond_vol,0.020908
LMT,63,57,ret_TARGET,0.0
LMT,63,57,tech_RSI,0.007162
LMT,63,57,tech_MACD_hist,0.0
LMT,63,57,ret_VIXY,0.0
LMT,63,57,mom21_VIXY,0.042364
LMT,63,57,ret_HYG,0.0
LMT,63,57,mom21_HYG,0.04432
LMT,63,57,ret_USO,0.0
LMT,63,57,mom21_USO,0.032399
LMT,63,57,ret_TLT,0.0
LMT,63,57,mom21_TLT,0.012047
LMT,63,57,ret_UUP,0.0
LMT,63,57,mom21_UUP,0.008709
LMT,63,57,ret_SPY,0.0
LMT,63,57,mom21_SPY,0.032431
LMT,63,57,vol_vel,0.009732
LMT,63,57,vol_of_vol,0.017793
LMT,63,57,vol_regime_zscore,0.026498
LMT,63,57,vol_chg_21d,0.019767
LMT,63,57,event_fed_gravity,0.070889
LMT,63,57,event_earn_gravity,0.0
LMT,63,57,event_div_gravity,0.0
LMT,63,57,event_cpi_gravity,0.07745
LMT,63,57,event_nfp_gravity,0.064209
LMT,63,57,put_call_skew_30d,0.0
LMT,63,57,term_structure_slope,0.0
LMT,63,57,vrp_wedge,0.0
LMT,63,57,iv_atm_z_score,0.027664
LMT,63,57,macro_yield_curve_slope,0.037734
LMT,63,57,macro_hy_spread,0.028006
LMT,63,57,macro_hy_spread_chg_5d,0.0
LMT,63,57,macro_breakeven_5y,0.021287
LMT,63,57,macro_inflation_fwd_5y5y,0.013896
LMT,63,57,macro_inflation_fwd_chg_21d,0.019225
LMT,63,57,macro_inflation_fwd_abs_chg_21d,0.0
LMT,63,57,macro_inflation_fwd_chg_63d,0.017584
LMT,63,57,macro_inflation_fwd_zscore,0.026677
LMT,63,57,macro_dollar_ret,0.0
LMT,63,57,beta_spy,0.041332
LMT,63,57,res_vol,0.029402
LMT,63,57,res_vol_vel,0.0
LMT,63,57,price_regime,0.00759
LMT,63,57,corr_sector_21d,0.006478
LMT,63,57,corr_sector_252d,0.074106
LMT,63,57,sector_wedge,0.012434
LMT,63,58,rv_5d,0.0
LMT,63,58,rv_10d,0.052099
LMT,63,58,rv_21d,0.019604
LMT,63,58,rv_63d,0.022414
LMT,63,58,rv_126d,0.02346
LMT,63,58,ewma_vol,0.030167
LMT,63,58,garch_cond_vol,0.024995
LMT,63,58,ret_TARGET,0.0
LMT,63,58,tech_RSI,0.015533
LMT,63,58,tech_MACD_hist,0.0
LMT,63,58,ret_VIXY,0.0
LMT,63,58,mom21_VIXY,0.042742
LMT,63,58,ret_HYG,0.0
LMT,63,58,mom21_HYG,0.042843
LMT,63,58,ret_USO,0.0
LMT,63,58,mom21_USO,0.031618
LMT,63,58,ret_TLT,0.0
LMT,63,58,mom21_TLT,0.009115
LMT,63,58,ret_UUP,0.0
LMT,63,58,mom21_UUP,0.005961
LMT,63,58,ret_SPY,0.0
LMT,63,58,mom21_SPY,0.010934
LMT,63,58,vol_vel,0.013024
LMT,63,58,vol_of_vol,0.022227
LMT,63,58,vol_regime_zscore,0.020918
LMT,63,58,vol_chg_21d,0.022623
LMT,63,58,event_fed_gravity,0.07335
LMT,63,58,event_earn_gravity,0.0
LMT,63,58,event_div_gravity,0.0
LMT,63,58,event_cpi_gravity,0.062126
LMT,63,58,event_nfp_gravity,0.070922
LMT,63,58,put_call_skew_30d,0.026768
LMT,63,58,term_structure_slope,0.0
LMT,63,58,vrp_wedge,0.0
LMT,63,58,iv_atm_z_score,0.031131
LMT,63,58,macro_yield_curve_slope,0.039926
LMT,63,58,macro_hy_spread,0.030128
LMT,63,58,macro_hy_spread_chg_5d,0.0
LMT,63,58,macro_breakeven_5y,0.020965
LMT,63,58,macro_inflation_fwd_5y5y,0.010755
LMT,63,58,macro_inflation_fwd_chg_21d,0.010843
LMT,63,58,macro_inflation_fwd_abs_chg_21d,0.0
LMT,63,58,macro_inflation_fwd_chg_63d,0.02302
LMT,63,58,macro_inflation_fwd_zscore,0.014589
LMT,63,58,macro_dollar_ret,0.0
LMT,63,58,beta_spy,0.043292
LMT,63,58,res_vol,0.02301
LMT,63,58,res_vol_vel,0.0
LMT,63,58,price_regime,0.0
LMT,63,58,corr_sector_21d,0.00795
LMT,63,58,corr_sector_252d,0.082536
LMT,63,58,sector_wedge,0.018409
LMT,63,59,rv_5d,0.011324
LMT,63,59,rv_10d,0.046926
LMT,63,59,rv_21d,0.015133
LMT,63,59,rv_63d,0.020098
LMT,63,59,rv_126d,0.020569
LMT,63,59,ewma_vol,0.030871
LMT,63,59,garch_cond_vol,0.018937
LMT,63,59,ret_TARGET,0.0
LMT,63,59,tech_RSI,0.00742
LMT,63,59,tech_MACD_hist,0.0
LMT,63,59,ret_VIXY,0.0
LMT,63,59,mom21_VIXY,0.047431
LMT,63,59,ret_HYG,0.0
LMT,63,59,mom21_HYG,0.04481
LMT,63,59,ret_USO,0.0
LMT,63,59,mom21_USO,0.035045
LMT,63,59,ret_TLT,0.0
LMT,63,59,mom21_TLT,0.008766
LMT,63,59,ret_UUP,0.0
LMT,63,59,mom21_UUP,0.006993
LMT,63,59,ret_SPY,0.0
LMT,63,59,mom21_SPY,0.0
LMT,63,59,vol_vel,0.012251
LMT,63,59,vol_of_vol,0.019666
LMT,63,59,vol_regime_zscore,0.012755
LMT,63,59,vol_chg_21d,0.024031
LMT,63,59,event_fed_gravity,0.077831
LMT,63,59,event_earn_gravity,0.0
LMT,63,59,event_div_gravity,0.0
LMT,63,59,event_cpi_gravity,0.059757
LMT,63,59,event_nfp_gravity,0.089592
LMT,63,59,put_call_skew_30d,0.01108
LMT,63,59,term_structure_slope,0.0
LMT,63,59,vrp_wedge,0.011033
LMT,63,59,iv_atm_z_score,0.030051
LMT,63,59,macro_yield_curve_slope,0.044923
LMT,63,59,macro_hy_spread,0.034142
LMT,63,59,macro_hy_spread_chg_5d,0.0
LMT,63,59,macro_breakeven_5y,0.033485
LMT,63,59,macro_inflation_fwd_5y5y,0.018894
LMT,63,59,macro_inflation_fwd_chg_21d,0.012962
LMT,63,59,macro_inflation_fwd_abs_chg_21d,0.0
LMT,63,59,macro_inflation_fwd_chg_63d,0.022481
LMT,63,59,macro_inflation_fwd_zscore,0.011895
LMT,63,59,macro_dollar_ret,0.0
LMT,63,59,beta_spy,0.0384
LMT,63,59,res_vol,0.019169
LMT,63,59,res_vol_vel,0.0
LMT,63,59,price_regime,0.0
LMT,63,59,corr_sector_21d,0.0
LMT,63,59,corr_sector_252d,0.085798
LMT,63,59,sector_wedge,0.01548
LMT,63,60,rv_5d,0.010642
LMT,63,60,rv_10d,0.039143
LMT,63,60,rv_21d,0.015245
LMT,63,60,rv_63d,0.015934
LMT,63,60,rv_126d,0.018259
LMT,63,60,ewma_vol,0.026074
LMT,63,60,garch_cond_vol,0.01688
LMT,63,60,ret_TARGET,0.0
LMT,63,60,tech_RSI,0.012302
LMT,63,60,tech_MACD_hist,0.0
LMT,63,60,ret_VIXY,0.0
LMT,63,60,mom21_VIXY,0.055834
LMT,63,60,ret_HYG,0.0
LMT,63,60,mom21_HYG,0.044351
LMT,63,60,ret_USO,0.0
LMT,63,60,mom21_USO,0.028207
LMT,63,60,ret_TLT,0.0
LMT,63,60,mom21_TLT,0.006661
LMT,63,60,ret_UUP,0.0
LMT,63,60,mom21_UUP,0.006494
LMT,63,60,ret_SPY,0.0
LMT,63,60,mom21_SPY,0.032216
LMT,63,60,vol_vel,0.014492
LMT,63,60,vol_of_vol,0.017008
LMT,63,60,vol_regime_zscore,0.010463
LMT,63,60,vol_chg_21d,0.023318
LMT,63,60,event_fed_gravity,0.058034
LMT,63,60,event_earn_gravity,0.0
LMT,63,60,event_div_gravity,0.0
LMT,63,60,event_cpi_gravity,0.075594
LMT,63,60,event_nfp_gravity,0.073426
LMT,63,60,put_call_skew_30d,0.04138
LMT,63,60,term_structure_slope,0.0
LMT,63,60,vrp_wedge,0.005989
LMT,63,60,iv_atm_z_score,0.007764
LMT,63,60,macro_yield_curve_slope,0.043865
LMT,63,60,macro_hy_spread,0.039334
LMT,63,60,macro_hy_spread_chg_5d,0.0
LMT,63,60,macro_breakeven_5y,0.042867
LMT,63,60,macro_inflation_fwd_5y5y,0.018754
LMT,63,60,macro_inflation_fwd_chg_21d,0.0
LMT,63,60,macro_inflation_fwd_abs_chg_21d,0.0
LMT,63,60,macro_inflation_fwd_chg_63d,0.032684
LMT,63,60,macro_inflation_fwd_zscore,0.011928
LMT,63,60,macro_dollar_ret,0.0
LMT,63,60,beta_spy,0.030418
LMT,63,60,res_vol,0.029663
LMT,63,60,res_vol_vel,0.0
LMT,63,60,price_regime,0.0
LMT,63,60,corr_sector_21d,0.0
LMT,63,60,corr_sector_252d,0.07678
LMT,63,60,sector_wedge,0.017996
LMT,63,61,rv_5d,0.026301
LMT,63,61,rv_10d,0.043285
LMT,63,61,rv_21d,0.011776
LMT,63,61,rv_63d,0.018172
LMT,63,61,rv_126d,0.016503
LMT,63,61,ewma_vol,0.029953
LMT,63,61,garch_cond_vol,0.015324
LMT,63,61,ret_TARGET,0.0
LMT,63,61,tech_RSI,0.016927
LMT,63,61,tech_MACD_hist,0.006524
LMT,63,61,ret_VIXY,0.0
LMT,63,61,mom21_VIXY,0.057242
LMT,63,61,ret_HYG,0.0
LMT,63,61,mom21_HYG,0.041519
LMT,63,61,ret_USO,0.0
LMT,63,61,mom21_USO,0.029854
LMT,63,61,ret_TLT,0.0
LMT,63,61,mom21_TLT,0.011052
LMT,63,61,ret_UUP,0.0
LMT,63,61,mom21_UUP,0.006415
LMT,63,61,ret_SPY,0.0
LMT,63,61,mom21_SPY,0.026534
LMT,63,61,vol_vel,0.008856
LMT,63,61,vol_of_vol,0.015774
LMT,63,61,vol_regime_zscore,0.00813
LMT,63,61,vol_chg_21d,0.020716
LMT,63,61,event_fed_gravity,0.054098
LMT,63,61,event_earn_gravity,0.0
LMT,63,61,event_div_gravity,0.0
LMT,63,61,event_cpi_gravity,0.056913
LMT,63,61,event_nfp_gravity,0.067409
LMT,63,61,put_call_skew_30d,0.046244
LMT,63,61,term_structure_slope,0.0
LMT,63,61,vrp_wedge,0.006328
LMT,63,61,iv_atm_z_score,0.010821
LMT,63,61,macro_yield_curve_slope,0.045044
LMT,63,61,macro_hy_spread,0.036225
LMT,63,61,macro_hy_spread_chg_5d,0.0
LMT,63,61,macro_breakeven_5y,0.032707
LMT,63,61,macro_inflation_fwd_5y5y,0.030073
LMT,63,61,macro_inflation_fwd_chg_21d,0.0
LMT,63,61,macro_inflation_fwd_abs_chg_21d,0.0
LMT,63,61,macro_inflation_fwd_chg_63d,0.02133
LMT,63,61,macro_inflation_fwd_zscore,0.011791
LMT,63,61,macro_dollar_ret,0.0
LMT,63,61,beta_spy,0.031256
LMT,63,61,res_vol,0.02579
LMT,63,61,res_vol_vel,0.0
LMT,63,61,price_regime,0.00909
LMT,63,61,corr_sector_21d,0.011533
LMT,63,61,corr_sector_252d,0.075623
LMT,63,61,sector_wedge,0.016869
LMT,63,62,rv_5d,0.024327
LMT,63,62,rv_10d,0.021911
LMT,63,62,rv_21d,0.03426
LMT,63,62,rv_63d,0.014485
LMT,63,62,rv_126d,0.014005
LMT,63,62,ewma_vol,0.026821
LMT,63,62,garch_cond_vol,0.025691
LMT,63,62,ret_TARGET,0.0
LMT,63,62,tech_RSI,0.026325
LMT,63,62,tech_MACD_hist,0.0
LMT,63,62,ret_VIXY,0.0
LMT,63,62,mom21_VIXY,0.053942
LMT,63,62,ret_HYG,0.0
LMT,63,62,mom21_HYG,0.033833
LMT,63,62,ret_USO,0.0
LMT,63,62,mom21_USO,0.034283
LMT,63,62,ret_TLT,0.0
LMT,63,62,mom21_TLT,0.006542
LMT,63,62,ret_UUP,0.0
LMT,63,62,mom21_UUP,0.005339
LMT,63,62,ret_SPY,0.0
LMT,63,62,mom21_SPY,0.122313
LMT,63,62,vol_vel,0.012932
LMT,63,62,vol_of_vol,0.015592
LMT,63,62,vol_regime_zscore,0.007703
LMT,63,62,vol_chg_21d,0.01925
LMT,63,62,event_fed_gravity,0.058471
LMT,63,62,event_earn_gravity,0.0
LMT,63,62,event_div_gravity,0.0
LMT,63,62,event_cpi_gravity,0.033911
LMT,63,62,event_nfp_gravity,0.05709
LMT,63,62,put_call_skew_30d,0.0
LMT,63,62,term_structure_slope,0.0
LMT,63,62,vrp_wedge,0.005174
LMT,63,62,iv_atm_z_score,0.02243
LMT,63,62,macro_yield_curve_slope,0.048127
LMT,63,62,macro_hy_spread,0.033257
LMT,63,62,macro_hy_spread_chg_5d,0.0
LMT,63,62,macro_breakeven_5y,0.029005
LMT,63,62,macro_inflation_fwd_5y5y,0.033394
LMT,63,62,macro_inflation_fwd_chg_21d,0.012413
LMT,63,62,macro_inflation_fwd_abs_chg_21d,0.0
LMT,63,62,macro_inflation_fwd_chg_63d,0.018915
LMT,63,62,macro_inflation_fwd_zscore,0.019325
LMT,63,62,macro_dollar_ret,0.0
LMT,63,62,beta_spy,0.015902
LMT,63,62,res_vol,0.023103
LMT,63,62,res_vol_vel,0.0
LMT,63,62,price_regime,0.0
LMT,63,62,corr_sector_21d,0.00786
LMT,63,62,corr_sector_252d,0.068956
LMT,63,62,sector_wedge,0.013114
LMT,63,63,rv_5d,0.019853
LMT,63,63,rv_10d,0.023121
LMT,63,63,rv_21d,0.037161
LMT,63,63,rv_63d,0.014919
LMT,63,63,rv_126d,0.015858
LMT,63,63,ewma_vol,0.022513
LMT,63,63,garch_cond_vol,0.024416
LMT,63,63,ret_TARGET,0.0
LMT,63,63,tech_RSI,0.01637
LMT,63,63,tech_MACD_hist,0.01238
LMT,63,63,ret_VIXY,0.0
LMT,63,63,mom21_VIXY,0.062518
LMT,63,63,ret_HYG,0.0
LMT,63,63,mom21_HYG,0.042809
LMT,63,63,ret_USO,0.0
LMT,63,63,mom21_USO,0.029306
LMT,63,63,ret_TLT,0.0
LMT,63,63,mom21_TLT,0.009179
LMT,63,63,ret_UUP,0.0
LMT,63,63,mom21_UUP,0.00898
LMT,63,63,ret_SPY,0.0
LMT,63,63,mom21_SPY,0.074926
LMT,63,63,vol_vel,0.016488
LMT,63,63,vol_of_vol,0.022663
LMT,63,63,vol_regime_zscore,0.010562
LMT,63,63,vol_chg_21d,0.026834
LMT,63,63,event_fed_gravity,0.042916
LMT,63,63,event_earn_gravity,0.0
LMT,63,63,event_div_gravity,0.0
LMT,63,63,event_cpi_gravity,0.058082
LMT,63,63,event_nfp_gravity,0.066711
LMT,63,63,put_call_skew_30d,0.0
LMT,63,63,term_structure_slope,0.0
LMT,63,63,vrp_wedge,0.006709
LMT,63,63,iv_atm_z_score,0.016128
LMT,63,63,macro_yield_curve_slope,0.049482
LMT,63,63,macro_hy_spread,0.034015
LMT,63,63,macro_hy_spread_chg_5d,0.0
LMT,63,63,macro_breakeven_5y,0.022449
LMT,63,63,macro_inflation_fwd_5y5y,0.022451
LMT,63,63,macro_inflation_fwd_chg_21d,0.0
LMT,63,63,macro_inflation_fwd_abs_chg_21d,0.0
LMT,63,63,macro_inflation_fwd_chg_63d,0.018337
LMT,63,63,macro_inflation_fwd_zscore,0.012425
LMT,63,63,macro_dollar_ret,0.0
LMT,63,63,beta_spy,0.025841
LMT,63,63,res_vol,0.025667
LMT,63,63,res_vol_vel,0.0
LMT,63,63,price_regime,0.007104
LMT,63,63,corr_sector_21d,0.006052
LMT,63,63,corr_sector_252d,0.07859
LMT,63,63,sector_wedge,0.016186
LMT,63,64,rv_5d,0.026161
LMT,63,64,rv_10d,0.040557
LMT,63,64,rv_21d,0.03164
LMT,63,64,rv_63d,0.016926
LMT,63,64,rv_126d,0.014888
LMT,63,64,ewma_vol,0.026528
LMT,63,64,garch_cond_vol,0.024736
LMT,63,64,ret_TARGET,0.0
LMT,63,64,tech_RSI,0.021043
LMT,63,64,tech_MACD_hist,0.0
LMT,63,64,ret_VIXY,0.0
LMT,63,64,mom21_VIXY,0.062006
LMT,63,64,ret_HYG,0.0
LMT,63,64,mom21_HYG,0.038205
LMT,63,64,ret_USO,0.0
LMT,63,64,mom21_USO,0.036217
LMT,63,64,ret_TLT,0.0
LMT,63,64,mom21_TLT,0.01211
LMT,63,64,ret_UUP,0.0
LMT,63,64,mom21_UUP,0.006628
LMT,63,64,ret_SPY,0.0
LMT,63,64,mom21_SPY,0.088982
LMT,63,64,vol_vel,0.016983
LMT,63,64,vol_of_vol,0.011916
LMT,63,64,vol_regime_zscore,0.007605
LMT,63,64,vol_chg_21d,0.020746
LMT,63,64,event_fed_gravity,0.03533
LMT,63,64,event_earn_gravity,0.0
LMT,63,64,event_div_gravity,0.0
LMT,63,64,event_cpi_gravity,0.052709
LMT,63,64,event_nfp_gravity,0.055726
LMT,63,64,put_call_skew_30d,0.0
LMT,63,64,term_structure_slope,0.0
LMT,63,64,vrp_wedge,0.0
LMT,63,64,iv_atm_z_score,0.016001
LMT,63,64,macro_yield_curve_slope,0.047137
LMT,63,64,macro_hy_spread,0.03677
LMT,63,64,macro_hy_spread_chg_5d,0.0
LMT,63,64,macro_breakeven_5y,0.026206
LMT,63,64,macro_inflation_fwd_5y5y,0.029708
LMT,63,64,macro_inflation_fwd_chg_21d,0.012712
LMT,63,64,macro_inflation_fwd_abs_chg_21d,0.0
LMT,63,64,macro_inflation_fwd_chg_63d,0.018766
LMT,63,64,macro_inflation_fwd_zscore,0.011963
LMT,63,64,macro_dollar_ret,0.0
LMT,63,64,beta_spy,0.030953
LMT,63,64,res_vol,0.026698
LMT,63,64,res_vol_vel,0.0
LMT,63,64,price_regime,0.0
LMT,63,64,corr_sector_21d,0.008648
LMT,63,64,corr_sector_252d,0.073285
LMT,63,64,sector_wedge,0.013508
LMT,63,65,rv_5d,0.021746
LMT,63,65,rv_10d,0.039652
LMT,63,65,rv_21d,0.040354
LMT,63,65,rv_63d,0.019442
LMT,63,65,rv_126d,0.017668
LMT,63,65,ewma_vol,0.021448
LMT,63,65,garch_cond_vol,0.018228
LMT,63,65,ret_TARGET,0.0
LMT,63,65,tech_RSI,0.016247
LMT,63,65,tech_MACD_hist,0.0
LMT,63,65,ret_VIXY,0.0
LMT,63,65,mom21_VIXY,0.07149
LMT,63,65,ret_HYG,0.0
LMT,63,65,mom21_HYG,0.04498
LMT,63,65,ret_USO,0.0
LMT,63,65,mom21_USO,0.032867
LMT,63,65,ret_TLT,0.0
LMT,63,65,mom21_TLT,0.007625
LMT,63,65,ret_UUP,0.0
LMT,63,65,mom21_UUP,0.006919
LMT,63,65,ret_SPY,0.0
LMT,63,65,mom21_SPY,0.046331
LMT,63,65,vol_vel,0.016992
LMT,63,65,vol_of_vol,0.014884
LMT,63,65,vol_regime_zscore,0.008912
LMT,63,65,vol_chg_21d,0.026649
LMT,63,65,event_fed_gravity,0.056269
LMT,63,65,event_earn_gravity,0.0
LMT,63,65,event_div_gravity,0.0
LMT,63,65,event_cpi_gravity,0.041382
LMT,63,65,event_nfp_gravity,0.064968
LMT,63,65,put_call_skew_30d,0.0
LMT,63,65,term_structure_slope,0.0
LMT,63,65,vrp_wedge,0.0
LMT,63,65,iv_atm_z_score,0.020648
LMT,63,65,macro_yield_curve_slope,0.051742
LMT,63,65,macro_hy_spread,0.034328
LMT,63,65,macro_hy_spread_chg_5d,0.0
LMT,63,65,macro_breakeven_5y,0.028009
LMT,63,65,macro_inflation_fwd_5y5y,0.037163
LMT,63,65,macro_inflation_fwd_chg_21d,0.012152
LMT,63,65,macro_inflation_fwd_abs_chg_21d,0.0
LMT,63,65,macro_inflation_fwd_chg_63d,0.019687
LMT,63,65,macro_inflation_fwd_zscore,0.011849
LMT,63,65,macro_dollar_ret,0.0
LMT,63,65,beta_spy,0.020514
LMT,63,65,res_vol,0.024462
LMT,63,65,res_vol_vel,0.0
LMT,63,65,price_regime,0.011214
LMT,63,65,corr_sector_21d,0.0
LMT,63,65,corr_sector_252d,0.079537
LMT,63,65,sector_wedge,0.013643
LMT,63,66,rv_5d,0.0
LMT,63,66,rv_10d,0.039273
LMT,63,66,rv_21d,0.030278
LMT,63,66,rv_63d,0.017082
LMT,63,66,rv_126d,0.020046
LMT,63,66,ewma_vol,0.031532
LMT,63,66,garch_cond_vol,0.029894
LMT,63,66,ret_TARGET,0.0
LMT,63,66,tech_RSI,0.017801
LMT,63,66,tech_MACD_hist,0.0
LMT,63,66,ret_VIXY,0.0
LMT,63,66,mom21_VIXY,0.063004
LMT,63,66,ret_HYG,0.0
LMT,63,66,mom21_HYG,0.040985
LMT,63,66,ret_USO,0.0
LMT,63,66,mom21_USO,0.036333
LMT,63,66,ret_TLT,0.0
LMT,63,66,mom21_TLT,0.009762
LMT,63,66,ret_UUP,0.0
LMT,63,66,mom21_UUP,0.0077
LMT,63,66,ret_SPY,0.0
LMT,63,66,mom21_SPY,0.075108
LMT,63,66,vol_vel,0.013405
LMT,63,66,vol_of_vol,0.013115
LMT,63,66,vol_regime_zscore,0.007812
LMT,63,66,vol_chg_21d,0.01939
LMT,63,66,event_fed_gravity,0.056215
LMT,63,66,event_earn_gravity,0.0
LMT,63,66,event_div_gravity,0.0
LMT,63,66,event_cpi_gravity,0.036867
LMT,63,66,event_nfp_gravity,0.05447
LMT,63,66,put_call_skew_30d,0.0
LMT,63,66,term_structure_slope,0.0
LMT,63,66,vrp_wedge,0.0
LMT,63,66,iv_atm_z_score,0.024384
LMT,63,66,macro_yield_curve_slope,0.04729
LMT,63,66,macro_hy_spread,0.037828
LMT,63,66,macro_hy_spread_chg_5d,0.0
LMT,63,66,macro_breakeven_5y,0.035124
LMT,63,66,macro_inflation_fwd_5y5y,0.054425
LMT,63,66,macro_inflation_fwd_chg_21d,0.014338
LMT,63,66,macro_inflation_fwd_abs_chg_21d,0.0
LMT,63,66,macro_inflation_fwd_chg_63d,0.013381
LMT,63,66,macro_inflation_fwd_zscore,0.016854
LMT,63,66,macro_dollar_ret,0.0
LMT,63,66,beta_spy,0.017297
LMT,63,66,res_vol,0.026095
LMT,63,66,res_vol_vel,0.0
LMT,63,66,price_regime,0.0
LMT,63,66,corr_sector_21d,0.0
LMT,63,66,corr_sector_252d,0.078893
LMT,63,66,sector_wedge,0.01402
LMT,63,67,rv_5d,0.0
LMT,63,67,rv_10d,0.057484
LMT,63,67,rv_21d,0.03033
LMT,63,67,rv_63d,0.017345
LMT,63,67,rv_126d,0.020796
LMT,63,67,ewma_vol,0.020909
LMT,63,67,garch_cond_vol,0.030638
LMT,63,67,ret_TARGET,0.0
LMT,63,67,tech_RSI,0.019124
LMT,63,67,tech_MACD_hist,0.0
LMT,63,67,ret_VIXY,0.0
LMT,63,67,mom21_VIXY,0.056298
LMT,63,67,ret_HYG,0.0
LMT,63,67,mom21_HYG,0.042236
LMT,63,67,ret_USO,0.0
LMT,63,67,mom21_USO,0.038533
LMT,63,67,ret_TLT,0.0
LMT,63,67,mom21_TLT,0.008455
LMT,63,67,ret_UUP,0.0
LMT,63,67,mom21_UUP,0.006821
LMT,63,67,ret_SPY,0.0
LMT,63,67,mom21_SPY,0.086447
LMT,63,67,vol_vel,0.0132
LMT,63,67,vol_of_vol,0.013862
LMT,63,67,vol_regime_zscore,0.008367
LMT,63,67,vol_chg_21d,0.019169
LMT,63,67,event_fed_gravity,0.049999
LMT,63,67,event_earn_gravity,0.0
LMT,63,67,event_div_gravity,0.0
LMT,63,67,event_cpi_gravity,0.051894
LMT,63,67,event_nfp_gravity,0.055015
LMT,63,67,put_call_skew_30d,0.0
LMT,63,67,term_structure_slope,0.0
LMT,63,67,vrp_wedge,0.005368
LMT,63,67,iv_atm_z_score,0.008834
LMT,63,67,macro_yield_curve_slope,0.045148
LMT,63,67,macro_hy_spread,0.032699
LMT,63,67,macro_hy_spread_chg_5d,0.0
LMT,63,67,macro_breakeven_5y,0.027191
LMT,63,67,macro_inflation_fwd_5y5y,0.041333
LMT,63,67,macro_inflation_fwd_chg_21d,0.012545
LMT,63,67,macro_inflation_fwd_abs_chg_21d,0.0
LMT,63,67,macro_inflation_fwd_chg_63d,0.018315
LMT,63,67,macro_inflation_fwd_zscore,0.01217
LMT,63,67,macro_dollar_ret,0.0
LMT,63,67,beta_spy,0.017029
LMT,63,67,res_vol,0.026262
LMT,63,67,res_vol_vel,0.0
LMT,63,67,price_regime,0.007768
LMT,63,67,corr_sector_21d,0.005672
LMT,63,67,corr_sector_252d,0.078756
LMT,63,67,sector_wedge,0.013989
LMT,63,68,rv_5d,0.027621
LMT,63,68,rv_10d,0.042976
LMT,63,68,rv_21d,0.030129
LMT,63,68,rv_63d,0.015518
LMT,63,68,rv_126d,0.016199
LMT,63,68,ewma_vol,0.018175
LMT,63,68,garch_cond_vol,0.025941
LMT,63,68,ret_TARGET,0.0
LMT,63,68,tech_RSI,0.01341
LMT,63,68,tech_MACD_hist,0.0
LMT,63,68,ret_VIXY,0.0
LMT,63,68,mom21_VIXY,0.060078
LMT,63,68,ret_HYG,0.0
LMT,63,68,mom21_HYG,0.051335
LMT,63,68,ret_USO,0.0
LMT,63,68,mom21_USO,0.023019
LMT,63,68,ret_TLT,0.0
LMT,63,68,mom21_TLT,0.007656
LMT,63,68,ret_UUP,0.0
LMT,63,68,mom21_UUP,0.007529
LMT,63,68,ret_SPY,0.0
LMT,63,68,mom21_SPY,0.090101
LMT,63,68,vol_vel,0.013987
LMT,63,68,vol_of_vol,0.010803
LMT,63,68,vol_regime_zscore,0.006753
LMT,63,68,vol_chg_21d,0.021639
LMT,63,68,event_fed_gravity,0.052166
LMT,63,68,event_earn_gravity,0.0
LMT,63,68,event_div_gravity,0.0
LMT,63,68,event_cpi_gravity,0.063714
LMT,63,68,event_nfp_gravity,0.050228
LMT,63,68,put_call_skew_30d,0.0
LMT,63,68,term_structure_slope,0.0
LMT,63,68,vrp_wedge,0.005555
LMT,63,68,iv_atm_z_score,0.019134
LMT,63,68,macro_yield_curve_slope,0.036853
LMT,63,68,macro_hy_spread,0.035288
LMT,63,68,macro_hy_spread_chg_5d,0.0
LMT,63,68,macro_breakeven_5y,0.029297
LMT,63,68,macro_inflation_fwd_5y5y,0.037857
LMT,63,68,macro_inflation_fwd_chg_21d,0.0
LMT,63,68,macro_inflation_fwd_abs_chg_21d,0.0
LMT,63,68,macro_inflation_fwd_chg_63d,0.015755
LMT,63,68,macro_inflation_fwd_zscore,0.010604
LMT,63,68,macro_dollar_ret,0.0
LMT,63,68,beta_spy,0.018265
LMT,63,68,res_vol,0.026204
LMT,63,68,res_vol_vel,0.0
LMT,63,68,price_regime,0.025864
LMT,63,68,corr_sector_21d,0.0
LMT,63,68,corr_sector_252d,0.07607
LMT,63,68,sector_wedge,0.014276
LMT,63,69,rv_5d,0.0
LMT,63,69,rv_10d,0.04933
LMT,63,69,rv_21d,0.04228
LMT,63,69,rv_63d,0.017476
LMT,63,69,rv_126d,0.019322
LMT,63,69,ewma_vol,0.018798
LMT,63,69,garch_cond_vol,0.037848
LMT,63,69,ret_TARGET,0.0
LMT,63,69,tech_RSI,0.018591
LMT,63,69,tech_MACD_hist,0.005632
LMT,63,69,ret_VIXY,0.0
LMT,63,69,mom21_VIXY,0.077471
LMT,63,69,ret_HYG,0.0
LMT,63,69,mom21_HYG,0.033849
LMT,63,69,ret_USO,0.0
LMT,63,69,mom21_USO,0.027257
LMT,63,69,ret_TLT,0.0
LMT,63,69,mom21_TLT,0.012914
LMT,63,69,ret_UUP,0.0
LMT,63,69,mom21_UUP,0.006274
LMT,63,69,ret_SPY,0.0
LMT,63,69,mom21_SPY,0.071466
LMT,63,69,vol_vel,0.014533
LMT,63,69,vol_of_vol,0.01224
LMT,63,69,vol_regime_zscore,0.006413
LMT,63,69,vol_chg_21d,0.026264
LMT,63,69,event_fed_gravity,0.051151
LMT,63,69,event_earn_gravity,0.0
LMT,63,69,event_div_gravity,0.0
LMT,63,69,event_cpi_gravity,0.050104
LMT,63,69,event_nfp_gravity,0.06503
LMT,63,69,put_call_skew_30d,0.0
LMT,63,69,term_structure_slope,0.0
LMT,63,69,vrp_wedge,0.005822
LMT,63,69,iv_atm_z_score,0.01404
LMT,63,69,macro_yield_curve_slope,0.040168
LMT,63,69,macro_hy_spread,0.032427
LMT,63,69,macro_hy_spread_chg_5d,0.0
LMT,63,69,macro_breakeven_5y,0.027782
LMT,63,69,macro_inflation_fwd_5y5y,0.045038
LMT,63,69,macro_inflation_fwd_chg_21d,0.0
LMT,63,69,macro_inflation_fwd_abs_chg_21d,0.0
LMT,63,69,macro_inflation_fwd_chg_63d,0.017462
LMT,63,69,macro_inflation_fwd_zscore,0.012431
LMT,63,69,macro_dollar_ret,0.0
LMT,63,69,beta_spy,0.018162
LMT,63,69,res_vol,0.026567
LMT,63,69,res_vol_vel,0.0
LMT,63,69,price_regime,0.0
LMT,63,69,corr_sector_21d,0.0
LMT,63,69,corr_sector_252d,0.082406
LMT,63,69,sector_wedge,0.013448
LMT,63,70,rv_5d,0.02785
LMT,63,70,rv_10d,0.041578
LMT,63,70,rv_21d,0.038483
LMT,63,70,rv_63d,0.014527
LMT,63,70,rv_126d,0.013842
LMT,63,70,ewma_vol,0.011363
LMT,63,70,garch_cond_vol,0.024159
LMT,63,70,ret_TARGET,0.0
LMT,63,70,tech_RSI,0.015197
LMT,63,70,tech_MACD_hist,0.006974
LMT,63,70,ret_VIXY,0.0
LMT,63,70,mom21_VIXY,0.062423
LMT,63,70,ret_HYG,0.0
LMT,63,70,mom21_HYG,0.04146
LMT,63,70,ret_USO,0.0
LMT,63,70,mom21_USO,0.028089
LMT,63,70,ret_TLT,0.0
LMT,63,70,mom21_TLT,0.009525
LMT,63,70,ret_UUP,0.0
LMT,63,70,mom21_UUP,0.006034
LMT,63,70,ret_SPY,0.0
LMT,63,70,mom21_SPY,0.08563
LMT,63,70,vol_vel,0.011636
LMT,63,70,vol_of_vol,0.012792
LMT,63,70,vol_regime_zscore,0.009829
LMT,63,70,vol_chg_21d,0.018533
LMT,63,70,event_fed_gravity,0.061953
LMT,63,70,event_earn_gravity,0.0
LMT,63,70,event_div_gravity,0.0
LMT,63,70,event_cpi_gravity,0.040304
LMT,63,70,event_nfp_gravity,0.051448
LMT,63,70,put_call_skew_30d,0.0
LMT,63,70,term_structure_slope,0.005518
LMT,63,70,vrp_wedge,0.010855
LMT,63,70,iv_atm_z_score,0.015001
LMT,63,70,macro_yield_curve_slope,0.037474
LMT,63,70,macro_hy_spread,0.029878
LMT,63,70,macro_hy_spread_chg_5d,0.0
LMT,63,70,macro_breakeven_5y,0.019091
LMT,63,70,macro_inflation_fwd_5y5y,0.045774
LMT,63,70,macro_inflation_fwd_chg_21d,0.011005
LMT,63,70,macro_inflation_fwd_abs_chg_21d,0.0
LMT,63,70,macro_inflation_fwd_chg_63d,0.017352
LMT,63,70,macro_inflation_fwd_zscore,0.022807
LMT,63,70,macro_dollar_ret,0.0
LMT,63,70,beta_spy,0.024287
LMT,63,70,res_vol,0.026512
LMT,63,70,res_vol_vel,0.0
LMT,63,70,price_regime,0.006218
LMT,63,70,corr_sector_21d,0.0
LMT,63,70,corr_sector_252d,0.080308
LMT,63,70,sector_wedge,0.014288
LMT,63,71,rv_5d,0.0
LMT,63,71,rv_10d,0.058655
LMT,63,71,rv_21d,0.030299
LMT,63,71,rv_63d,0.016901
LMT,63,71,rv_126d,0.016636
LMT,63,71,ewma_vol,0.027775
LMT,63,71,garch_cond_vol,0.029031
LMT,63,71,ret_TARGET,0.0
LMT,63,71,tech_RSI,0.016017
LMT,63,71,tech_MACD_hist,0.008517
LMT,63,71,ret_VIXY,0.0
LMT,63,71,mom21_VIXY,0.067279
LMT,63,71,ret_HYG,0.0
LMT,63,71,mom21_HYG,0.045537
LMT,63,71,ret_USO,0.0
LMT,63,71,mom21_USO,0.029011
LMT,63,71,ret_TLT,0.0
LMT,63,71,mom21_TLT,0.008657
LMT,63,71,ret_UUP,0.0
LMT,63,71,mom21_UUP,0.007884
LMT,63,71,ret_SPY,0.0
LMT,63,71,mom21_SPY,0.015245
LMT,63,71,vol_vel,0.012072
LMT,63,71,vol_of_vol,0.016135
LMT,63,71,vol_regime_zscore,0.010874
LMT,63,71,vol_chg_21d,0.020537
LMT,63,71,event_fed_gravity,0.051106
LMT,63,71,event_earn_gravity,0.0
LMT,63,71,event_div_gravity,0.0
LMT,63,71,event_cpi_gravity,0.061701
LMT,63,71,event_nfp_gravity,0.083755
LMT,63,71,put_call_skew_30d,0.0
LMT,63,71,term_structure_slope,0.0
LMT,63,71,vrp_wedge,0.005764
LMT,63,71,iv_atm_z_score,0.014305
LMT,63,71,macro_yield_curve_slope,0.041599
LMT,63,71,macro_hy_spread,0.034765
LMT,63,71,macro_hy_spread_chg_5d,0.0
LMT,63,71,macro_breakeven_5y,0.028312
LMT,63,71,macro_inflation_fwd_5y5y,0.035752
LMT,63,71,macro_inflation_fwd_chg_21d,0.0
LMT,63,71,macro_inflation_fwd_abs_chg_21d,0.0
LMT,63,71,macro_inflation_fwd_chg_63d,0.014593
LMT,63,71,macro_inflation_fwd_zscore,0.011065
LMT,63,71,macro_dollar_ret,0.0
LMT,63,71,beta_spy,0.025128
LMT,63,71,res_vol,0.028662
LMT,63,71,res_vol_vel,0.0
LMT,63,71,price_regime,0.021226
LMT,63,71,corr_sector_21d,0.005922
LMT,63,71,corr_sector_252d,0.085509
LMT,63,71,sector_wedge,0.013775
LMT,63,72,rv_5d,0.027226
LMT,63,72,rv_10d,0.040972
LMT,63,72,rv_21d,0.043302
LMT,63,72,rv_63d,0.014653
LMT,63,72,rv_126d,0.015727
LMT,63,72,ewma_vol,0.014986
LMT,63,72,garch_cond_vol,0.025943
LMT,63,72,ret_TARGET,0.0
LMT,63,72,tech_RSI,0.017174
LMT,63,72,tech_MACD_hist,0.006028
LMT,63,72,ret_VIXY,0.0
LMT,63,72,mom21_VIXY,0.061814
LMT,63,72,ret_HYG,0.0
LMT,63,72,mom21_HYG,0.045929
LMT,63,72,ret_USO,0.0
LMT,63,72,mom21_USO,0.027738
LMT,63,72,ret_TLT,0.0
LMT,63,72,mom21_TLT,0.008998
LMT,63,72,ret_UUP,0.0
LMT,63,72,mom21_UUP,0.007555
LMT,63,72,ret_SPY,0.0
LMT,63,72,mom21_SPY,0.120736
LMT,63,72,vol_vel,0.012006
LMT,63,72,vol_of_vol,0.012534
LMT,63,72,vol_regime_zscore,0.008969
LMT,63,72,vol_chg_21d,0.02067
LMT,63,72,event_fed_gravity,0.048986
LMT,63,72,event_earn_gravity,0.0
LMT,63,72,event_div_gravity,0.0
LMT,63,72,event_cpi_gravity,0.056182
LMT,63,72,event_nfp_gravity,0.050754
LMT,63,72,put_call_skew_30d,0.0
LMT,63,72,term_structure_slope,0.0
LMT,63,72,vrp_wedge,0.0
LMT,63,72,iv_atm_z_score,0.013037
LMT,63,72,macro_yield_curve_slope,0.03538
LMT,63,72,macro_hy_spread,0.031251
LMT,63,72,macro_hy_spread_chg_5d,0.0
LMT,63,72,macro_breakeven_5y,0.026309
LMT,63,72,macro_inflation_fwd_5y5y,0.042409
LMT,63,72,macro_inflation_fwd_chg_21d,0.0
LMT,63,72,macro_inflation_fwd_abs_chg_21d,0.0
LMT,63,72,macro_inflation_fwd_chg_63d,0.015264
LMT,63,72,macro_inflation_fwd_zscore,0.011354
LMT,63,72,macro_dollar_ret,0.0
LMT,63,72,beta_spy,0.022877
LMT,63,72,res_vol,0.028266
LMT,63,72,res_vol_vel,0.0
LMT,63,72,price_regime,0.0
LMT,63,72,corr_sector_21d,0.0
LMT,63,72,corr_sector_252d,0.071485
LMT,63,72,sector_wedge,0.013486
LMT,63,73,rv_5d,0.0
LMT,63,73,rv_10d,0.067048
LMT,63,73,rv_21d,0.038257
LMT,63,73,rv_63d,0.015986
LMT,63,73,rv_126d,0.016555
LMT,63,73,ewma_vol,0.027144
LMT,63,73,garch_cond_vol,0.036593
LMT,63,73,ret_TARGET,0.0
LMT,63,73,tech_RSI,0.018055
LMT,63,73,tech_MACD_hist,0.009009
LMT,63,73,ret_VIXY,0.0
LMT,63,73,mom21_VIXY,0.068041
LMT,63,73,ret_HYG,0.0
LMT,63,73,mom21_HYG,0.046149
LMT,63,73,ret_USO,0.0
LMT,63,73,mom21_USO,0.030688
LMT,63,73,ret_TLT,0.0
LMT,63,73,mom21_TLT,0.008674
LMT,63,73,ret_UUP,0.0
LMT,63,73,mom21_UUP,0.00695
LMT,63,73,ret_SPY,0.0
LMT,63,73,mom21_SPY,0.027049
LMT,63,73,vol_vel,0.01277
LMT,63,73,vol_of_vol,0.011278
LMT,63,73,vol_regime_zscore,0.006429
LMT,63,73,vol_chg_21d,0.02158
LMT,63,73,event_fed_gravity,0.056035
LMT,63,73,event_earn_gravity,0.0
LMT,63,73,event_div_gravity,0.0
LMT,63,73,event_cpi_gravity,0.053186
LMT,63,73,event_nfp_gravity,0.054844
LMT,63,73,put_call_skew_30d,0.0
LMT,63,73,term_structure_slope,0.0
LMT,63,73,vrp_wedge,0.005714
LMT,63,73,iv_atm_z_score,0.01912
LMT,63,73,macro_yield_curve_slope,0.036107
LMT,63,73,macro_hy_spread,0.036979
LMT,63,73,macro_hy_spread_chg_5d,0.0
LMT,63,73,macro_breakeven_5y,0.02532
LMT,63,73,macro_inflation_fwd_5y5y,0.042455
LMT,63,73,macro_inflation_fwd_chg_21d,0.005872
LMT,63,73,macro_inflation_fwd_abs_chg_21d,0.0
LMT,63,73,macro_inflation_fwd_chg_63d,0.016179
LMT,63,73,macro_inflation_fwd_zscore,0.013898
LMT,63,73,macro_dollar_ret,0.0
LMT,63,73,beta_spy,0.017947
LMT,63,73,res_vol,0.024656
LMT,63,73,res_vol_vel,0.0
LMT,63,73,price_regime,0.023509
LMT,63,73,corr_sector_21d,0.0
LMT,63,73,corr_sector_252d,0.086613
LMT,63,73,sector_wedge,0.013313
LMT,63,74,rv_5d,0.0
LMT,63,74,rv_10d,0.040438
LMT,63,74,rv_21d,0.040062
LMT,63,74,rv_63d,0.014572
LMT,63,74,rv_126d,0.017302
LMT,63,74,ewma_vol,0.022173
LMT,63,74,garch_cond_vol,0.033461
LMT,63,74,ret_TARGET,0.0
LMT,63,74,tech_RSI,0.012722
LMT,63,74,tech_MACD_hist,0.007723
LMT,63,74,ret_VIXY,0.0
LMT,63,74,mom21_VIXY,0.079872
LMT,63,74,ret_HYG,0.0
LMT,63,74,mom21_HYG,0.042083
LMT,63,74,ret_USO,0.0
LMT,63,74,mom21_USO,0.029414
LMT,63,74,ret_TLT,0.0
LMT,63,74,mom21_TLT,0.007926
LMT,63,74,ret_UUP,0.0
LMT,63,74,mom21_UUP,0.011057
LMT,63,74,ret_SPY,0.0
LMT,63,74,mom21_SPY,0.066742
LMT,63,74,vol_vel,0.016234
LMT,63,74,vol_of_vol,0.014579
LMT,63,74,vol_regime_zscore,0.010254
LMT,63,74,vol_chg_21d,0.018704
LMT,63,74,event_fed_gravity,0.061965
LMT,63,74,event_earn_gravity,0.0
LMT,63,74,event_div_gravity,0.0
LMT,63,74,event_cpi_gravity,0.03488
LMT,63,74,event_nfp_gravity,0.060563
LMT,63,74,put_call_skew_30d,0.009037
LMT,63,74,term_structure_slope,0.0
LMT,63,74,vrp_wedge,0.0
LMT,63,74,iv_atm_z_score,0.01669
LMT,63,74,macro_yield_curve_slope,0.030622
LMT,63,74,macro_hy_spread,0.03834
LMT,63,74,macro_hy_spread_chg_5d,0.0
LMT,63,74,macro_breakeven_5y,0.029688
LMT,63,74,macro_inflation_fwd_5y5y,0.034338
LMT,63,74,macro_inflation_fwd_chg_21d,0.0
LMT,63,74,macro_inflation_fwd_abs_chg_21d,0.0
LMT,63,74,macro_inflation_fwd_chg_63d,0.017903
LMT,63,74,macro_inflation_fwd_zscore,0.024164
LMT,63,74,macro_dollar_ret,0.0
LMT,63,74,beta_spy,0.020459
LMT,63,74,res_vol,0.026827
LMT,63,74,res_vol_vel,0.0
LMT,63,74,price_regime,0.0
LMT,63,74,corr_sector_21d,0.015979
LMT,63,74,corr_sector_252d,0.081107
LMT,63,74,sector_wedge,0.012122
LMT,63,75,rv_5d,0.0
LMT,63,75,rv_10d,0.032777
LMT,63,75,rv_21d,0.02527
LMT,63,75,rv_63d,0.014765
LMT,63,75,rv_126d,0.016384
LMT,63,75,ewma_vol,0.023261
LMT,63,75,garch_cond_vol,0.032715
LMT,63,75,ret_TARGET,0.0
LMT,63,75,tech_RSI,0.011935
LMT,63,75,tech_MACD_hist,0.007127
LMT,63,75,ret_VIXY,0.0
LMT,63,75,mom21_VIXY,0.067049
LMT,63,75,ret_HYG,0.0
LMT,63,75,mom21_HYG,0.034566
LMT,63,75,ret_USO,0.0
LMT,63,75,mom21_USO,0.029665
LMT,63,75,ret_TLT,0.0
LMT,63,75,mom21_TLT,0.010857
LMT,63,75,ret_UUP,0.0
LMT,63,75,mom21_UUP,0.008045
LMT,63,75,ret_SPY,0.0
LMT,63,75,mom21_SPY,0.087632
LMT,63,75,vol_vel,0.013232
LMT,63,75,vol_of_vol,0.021209
LMT,63,75,vol_regime_zscore,0.018861
LMT,63,75,vol_chg_21d,0.015674
LMT,63,75,event_fed_gravity,0.050899
LMT,63,75,event_earn_gravity,0.0
LMT,63,75,event_div_gravity,0.0
LMT,63,75,event_cpi_gravity,0.041661
LMT,63,75,event_nfp_gravity,0.053638
LMT,63,75,put_call_skew_30d,0.0
LMT,63,75,term_structure_slope,0.02327
LMT,63,75,vrp_wedge,0.0
LMT,63,75,iv_atm_z_score,0.020444
LMT,63,75,macro_yield_curve_slope,0.040325
LMT,63,75,macro_hy_spread,0.038815
LMT,63,75,macro_hy_spread_chg_5d,0.0
LMT,63,75,macro_breakeven_5y,0.023963
LMT,63,75,macro_inflation_fwd_5y5y,0.039165
LMT,63,75,macro_inflation_fwd_chg_21d,0.006288
LMT,63,75,macro_inflation_fwd_abs_chg_21d,0.0
LMT,63,75,macro_inflation_fwd_chg_63d,0.017399
LMT,63,75,macro_inflation_fwd_zscore,0.018218
LMT,63,75,macro_dollar_ret,0.0
LMT,63,75,beta_spy,0.02395
LMT,63,75,res_vol,0.021573
LMT,63,75,res_vol_vel,0.007337
LMT,63,75,price_regime,0.00543
LMT,63,75,corr_sector_21d,0.012788
LMT,63,75,corr_sector_252d,0.07125
LMT,63,75,sector_wedge,0.012562
LMT,63,76,rv_5d,0.006767
LMT,63,76,rv_10d,0.026953
LMT,63,76,rv_21d,0.025117
LMT,63,76,rv_63d,0.019231
LMT,63,76,rv_126d,0.023806
LMT,63,76,ewma_vol,0.030139
LMT,63,76,garch_cond_vol,0.041712
LMT,63,76,ret_TARGET,0.0
LMT,63,76,tech_RSI,0.009616
LMT,63,76,tech_MACD_hist,0.0
LMT,63,76,ret_VIXY,0.0
LMT,63,76,mom21_VIXY,0.044417
LMT,63,76,ret_HYG,0.0
LMT,63,76,mom21_HYG,0.026639
LMT,63,76,ret_USO,0.0
LMT,63,76,mom21_USO,0.044028
LMT,63,76,ret_TLT,0.0
LMT,63,76,mom21_TLT,0.007683
LMT,63,76,ret_UUP,0.0
LMT,63,76,mom21_UUP,0.006827
LMT,63,76,ret_SPY,0.0
LMT,63,76,mom21_SPY,0.025553
LMT,63,76,vol_vel,0.00851
LMT,63,76,vol_of_vol,0.026107
LMT,63,76,vol_regime_zscore,0.016975
LMT,63,76,vol_chg_21d,0.021322
LMT,63,76,event_fed_gravity,0.045557
LMT,63,76,event_earn_gravity,0.0
LMT,63,76,event_div_gravity,0.0
LMT,63,76,event_cpi_gravity,0.062911
LMT,63,76,event_nfp_gravity,0.039009
LMT,63,76,put_call_skew_30d,0.0
LMT,63,76,term_structure_slope,0.0
LMT,63,76,vrp_wedge,0.0
LMT,63,76,iv_atm_z_score,0.022053
LMT,63,76,macro_yield_curve_slope,0.050387
LMT,63,76,macro_hy_spread,0.048763
LMT,63,76,macro_hy_spread_chg_5d,0.0
LMT,63,76,macro_breakeven_5y,0.013684
LMT,63,76,macro_inflation_fwd_5y5y,0.062732
LMT,63,76,macro_inflation_fwd_chg_21d,0.013952
LMT,63,76,macro_inflation_fwd_abs_chg_21d,0.0
LMT,63,76,macro_inflation_fwd_chg_63d,0.030061
LMT,63,76,macro_inflation_fwd_zscore,0.052019
LMT,63,76,macro_dollar_ret,0.0
LMT,63,76,beta_spy,0.01913
LMT,63,76,res_vol,0.026166
LMT,63,76,res_vol_vel,0.0
LMT,63,76,price_regime,0.008158
LMT,63,76,corr_sector_21d,0.010682
LMT,63,76,corr_sector_252d,0.067139
LMT,63,76,sector_wedge,0.016193
LMT,63,77,rv_5d,0.012288
LMT,63,77,rv_10d,0.016256
LMT,63,77,rv_21d,0.027405
LMT,63,77,rv_63d,0.069894
LMT,63,77,rv_126d,0.016034
LMT,63,77,ewma_vol,0.028211
LMT,63,77,garch_cond_vol,0.031581
LMT,63,77,ret_TARGET,0.0
LMT,63,77,tech_RSI,0.005094
LMT,63,77,tech_MACD_hist,0.0
LMT,63,77,ret_VIXY,0.0
LMT,63,77,mom21_VIXY,0.047966
LMT,63,77,ret_HYG,0.0
LMT,63,77,mom21_HYG,0.020971
LMT,63,77,ret_USO,0.0
LMT,63,77,mom21_USO,0.040035
LMT,63,77,ret_TLT,0.0
LMT,63,77,mom21_TLT,0.008246
LMT,63,77,ret_UUP,0.0
LMT,63,77,mom21_UUP,0.007799
LMT,63,77,ret_SPY,0.0
LMT,63,77,mom21_SPY,0.048034
LMT,63,77,vol_vel,0.009225
LMT,63,77,vol_of_vol,0.0212
LMT,63,77,vol_regime_zscore,0.016861
LMT,63,77,vol_chg_21d,0.022165
LMT,63,77,event_fed_gravity,0.044974
LMT,63,77,event_earn_gravity,0.0
LMT,63,77,event_div_gravity,0.0
LMT,63,77,event_cpi_gravity,0.04163
LMT,63,77,event_nfp_gravity,0.052743
LMT,63,77,put_call_skew_30d,0.0
LMT,63,77,term_structure_slope,0.011875
LMT,63,77,vrp_wedge,0.0
LMT,63,77,iv_atm_z_score,0.020934
LMT,63,77,macro_yield_curve_slope,0.070401
LMT,63,77,macro_hy_spread,0.041763
LMT,63,77,macro_hy_spread_chg_5d,0.0
LMT,63,77,macro_breakeven_5y,0.009253
LMT,63,77,macro_inflation_fwd_5y5y,0.035574
LMT,63,77,macro_inflation_fwd_chg_21d,0.005082
LMT,63,77,macro_inflation_fwd_abs_chg_21d,0.004693
LMT,63,77,macro_inflation_fwd_chg_63d,0.017959
LMT,63,77,macro_inflation_fwd_zscore,0.041948
LMT,63,77,macro_dollar_ret,0.0
LMT,63,77,beta_spy,0.029008
LMT,63,77,res_vol,0.024505
LMT,63,77,res_vol_vel,0.0
LMT,63,77,price_regime,0.009071
LMT,63,77,corr_sector_21d,0.005112
LMT,63,77,corr_sector_252d,0.070012
LMT,63,77,sector_wedge,0.014196
LMT,63,78,rv_5d,0.0
LMT,63,78,rv_10d,0.028272
LMT,63,78,rv_21d,0.026809
LMT,63,78,rv_63d,0.07766
LMT,63,78,rv_126d,0.018104
LMT,63,78,ewma_vol,0.032625
LMT,63,78,garch_cond_vol,0.022572
LMT,63,78,ret_TARGET,0.0
LMT,63,78,tech_RSI,0.007193
LMT,63,78,tech_MACD_hist,0.030815
LMT,63,78,ret_VIXY,0.0
LMT,63,78,mom21_VIXY,0.061957
LMT,63,78,ret_HYG,0.0
LMT,63,78,mom21_HYG,0.030467
LMT,63,78,ret_USO,0.0
LMT,63,78,mom21_USO,0.036158
LMT,63,78,ret_TLT,0.0
LMT,63,78,mom21_TLT,0.018397
LMT,63,78,ret_UUP,0.0
LMT,63,78,mom21_UUP,0.005904
LMT,63,78,ret_SPY,0.0
LMT,63,78,mom21_SPY,0.009917
LMT,63,78,vol_vel,0.020221
LMT,63,78,vol_of_vol,0.020445
LMT,63,78,vol_regime_zscore,0.023929
LMT,63,78,vol_chg_21d,0.013314
LMT,63,78,event_fed_gravity,0.040354
LMT,63,78,event_earn_gravity,0.0
LMT,63,78,event_div_gravity,0.0
LMT,63,78,event_cpi_gravity,0.043269
LMT,63,78,event_nfp_gravity,0.03775
LMT,63,78,put_call_skew_30d,0.010417
LMT,63,78,term_structure_slope,0.0
LMT,63,78,vrp_wedge,0.012054
LMT,63,78,iv_atm_z_score,0.014134
LMT,63,78,macro_yield_curve_slope,0.066924
LMT,63,78,macro_hy_spread,0.031211
LMT,63,78,macro_hy_spread_chg_5d,0.008523
LMT,63,78,macro_breakeven_5y,0.007912
LMT,63,78,macro_inflation_fwd_5y5y,0.060603
LMT,63,78,macro_inflation_fwd_chg_21d,0.007539
LMT,63,78,macro_inflation_fwd_abs_chg_21d,0.0
LMT,63,78,macro_inflation_fwd_chg_63d,0.009812
LMT,63,78,macro_inflation_fwd_zscore,0.009693
LMT,63,78,macro_dollar_ret,0.0
LMT,63,78,beta_spy,0.029928
LMT,63,78,res_vol,0.023726
LMT,63,78,res_vol_vel,0.0
LMT,63,78,price_regime,0.010004
LMT,63,78,corr_sector_21d,0.009221
LMT,63,78,corr_sector_252d,0.072557
LMT,63,78,sector_wedge,0.009608
LMT,63,79,rv_5d,0.097457
LMT,63,79,rv_10d,0.01102
LMT,63,79,rv_21d,0.033058
LMT,63,79,rv_63d,0.050178
LMT,63,79,rv_126d,0.014861
LMT,63,79,ewma_vol,0.040216
LMT,63,79,garch_cond_vol,0.056003
LMT,63,79,ret_TARGET,0.0
LMT,63,79,tech_RSI,0.005441
LMT,63,79,tech_MACD_hist,0.030052
LMT,63,79,ret_VIXY,0.0
LMT,63,79,mom21_VIXY,0.05692
LMT,63,79,ret_HYG,0.0
LMT,63,79,mom21_HYG,0.02231
LMT,63,79,ret_USO,0.0
LMT,63,79,mom21_USO,0.031336
LMT,63,79,ret_TLT,0.0
LMT,63,79,mom21_TLT,0.0078
LMT,63,79,ret_UUP,0.0
LMT,63,79,mom21_UUP,0.004719
LMT,63,79,ret_SPY,0.0
LMT,63,79,mom21_SPY,0.0
LMT,63,79,vol_vel,0.018918
LMT,63,79,vol_of_vol,0.017868
LMT,63,79,vol_regime_zscore,0.017932
LMT,63,79,vol_chg_21d,0.011805
LMT,63,79,event_fed_gravity,0.042123
LMT,63,79,event_earn_gravity,0.0
LMT,63,79,event_div_gravity,0.0
LMT,63,79,event_cpi_gravity,0.03379
LMT,63,79,event_nfp_gravity,0.027706
LMT,63,79,put_call_skew_30d,0.0
LMT,63,79,term_structure_slope,0.0
LMT,63,79,vrp_wedge,0.005529
LMT,63,79,iv_atm_z_score,0.01274
LMT,63,79,macro_yield_curve_slope,0.060332
LMT,63,79,macro_hy_spread,0.034802
LMT,63,79,macro_hy_spread_chg_5d,0.026533
LMT,63,79,macro_breakeven_5y,0.023349
LMT,63,79,macro_inflation_fwd_5y5y,0.052998
LMT,63,79,macro_inflation_fwd_chg_21d,0.0
LMT,63,79,macro_inflation_fwd_abs_chg_21d,0.0
LMT,63,79,macro_inflation_fwd_chg_63d,0.013121
LMT,63,79,macro_inflation_fwd_zscore,0.011948
LMT,63,79,macro_dollar_ret,0.0
LMT,63,79,beta_spy,0.028348
LMT,63,79,res_vol,0.021557
LMT,63,79,res_vol_vel,0.0
LMT,63,79,price_regime,0.010537
LMT,63,79,corr_sector_21d,0.005796
LMT,63,79,corr_sector_252d,0.053014
LMT,63,79,sector_wedge,0.007883
LMT,63,80,rv_5d,0.0
LMT,63,80,rv_10d,0.060977
LMT,63,80,rv_21d,0.035537
LMT,63,80,rv_63d,0.047947
LMT,63,80,rv_126d,0.013348
LMT,63,80,ewma_vol,0.077634
LMT,63,80,garch_cond_vol,0.027664
LMT,63,80,ret_TARGET,0.0
LMT,63,80,tech_RSI,0.006779
LMT,63,80,tech_MACD_hist,0.032408
LMT,63,80,ret_VIXY,0.0
LMT,63,80,mom21_VIXY,0.04743
LMT,63,80,ret_HYG,0.0
LMT,63,80,mom21_HYG,0.024776
LMT,63,80,ret_USO,0.0
LMT,63,80,mom21_USO,0.035174
LMT,63,80,ret_TLT,0.0
LMT,63,80,mom21_TLT,0.009141
LMT,63,80,ret_UUP,0.0
LMT,63,80,mom21_UUP,0.005308
LMT,63,80,ret_SPY,0.003674
LMT,63,80,mom21_SPY,0.0
LMT,63,80,vol_vel,0.041438
LMT,63,80,vol_of_vol,0.017408
LMT,63,80,vol_regime_zscore,0.02244
LMT,63,80,vol_chg_21d,0.011283
LMT,63,80,event_fed_gravity,0.025709
LMT,63,80,event_earn_gravity,0.0
LMT,63,80,event_div_gravity,0.0
LMT,63,80,event_cpi_gravity,0.03904
LMT,63,80,event_nfp_gravity,0.032783
LMT,63,80,put_call_skew_30d,0.004366
LMT,63,80,term_structure_slope,0.0
LMT,63,80,vrp_wedge,0.007587
LMT,63,80,iv_atm_z_score,0.018823
LMT,63,80,macro_yield_curve_slope,0.069124
LMT,63,80,macro_hy_spread,0.032722
LMT,63,80,macro_hy_spread_chg_5d,0.014502
LMT,63,80,macro_breakeven_5y,0.020353
LMT,63,80,macro_inflation_fwd_5y5y,0.053499
LMT,63,80,macro_inflation_fwd_chg_21d,0.0
LMT,63,80,macro_inflation_fwd_abs_chg_21d,0.0
LMT,63,80,macro_inflation_fwd_chg_63d,0.010346
LMT,63,80,macro_inflation_fwd_zscore,0.011983
LMT,63,80,macro_dollar_ret,0.0
LMT,63,80,beta_spy,0.041258
LMT,63,80,res_vol,0.018499
LMT,63,80,res_vol_vel,0.0
LMT,63,80,price_regime,0.004693
LMT,63,80,corr_sector_21d,0.010176
LMT,63,80,corr_sector_252d,0.055639
LMT,63,80,sector_wedge,0.008532
LMT,63,81,rv_5d,0.0
LMT,63,81,rv_10d,0.063437
LMT,63,81,rv_21d,0.028564
LMT,63,81,rv_63d,0.043135
LMT,63,81,rv_126d,0.013145
LMT,63,81,ewma_vol,0.1048
LMT,63,81,garch_cond_vol,0.033363
LMT,63,81,ret_TARGET,0.0
LMT,63,81,tech_RSI,0.003982
LMT,63,81,tech_MACD_hist,0.032105
LMT,63,81,ret_VIXY,0.0
LMT,63,81,mom21_VIXY,0.04237
LMT,63,81,ret_HYG,0.0
LMT,63,81,mom21_HYG,0.020272
LMT,63,81,ret_USO,0.0
LMT,63,81,mom21_USO,0.02744
LMT,63,81,ret_TLT,0.0
LMT,63,81,mom21_TLT,0.007421
LMT,63,81,ret_UUP,0.0
LMT,63,81,mom21_UUP,0.005011
LMT,63,81,ret_SPY,0.0
LMT,63,81,mom21_SPY,0.0
LMT,63,81,vol_vel,0.027424
LMT,63,81,vol_of_vol,0.022135
LMT,63,81,vol_regime_zscore,0.020591
LMT,63,81,vol_chg_21d,0.010752
LMT,63,81,event_fed_gravity,0.021692
LMT,63,81,event_earn_gravity,0.0
LMT,63,81,event_div_gravity,0.0
LMT,63,81,event_cpi_gravity,0.031552
LMT,63,81,event_nfp_gravity,0.025762
LMT,63,81,put_call_skew_30d,0.073424
LMT,63,81,term_structure_slope,0.0
LMT,63,81,vrp_wedge,0.010003
LMT,63,81,iv_atm_z_score,0.012499
LMT,63,81,macro_yield_curve_slope,0.059205
LMT,63,81,macro_hy_spread,0.030291
LMT,63,81,macro_hy_spread_chg_5d,0.027474
LMT,63,81,macro_breakeven_5y,0.020291
LMT,63,81,macro_inflation_fwd_5y5y,0.03612
LMT,63,81,macro_inflation_fwd_chg_21d,0.0
LMT,63,81,macro_inflation_fwd_abs_chg_21d,0.0
LMT,63,81,macro_inflation_fwd_chg_63d,0.014037
LMT,63,81,macro_inflation_fwd_zscore,0.010008
LMT,63,81,macro_dollar_ret,0.0
LMT,63,81,beta_spy,0.035283
LMT,63,81,res_vol,0.018144
LMT,63,81,res_vol_vel,0.0
LMT,63,81,price_regime,0.006144
LMT,63,81,corr_sector_21d,0.006746
LMT,63,81,corr_sector_252d,0.047771
LMT,63,81,sector_wedge,0.007607
LMT,63,82,rv_5d,0.004392
LMT,63,82,rv_10d,0.07667
LMT,63,82,rv_21d,0.02699
LMT,63,82,rv_63d,0.04423
LMT,63,82,rv_126d,0.012994
LMT,63,82,ewma_vol,0.094923
LMT,63,82,garch_cond_vol,0.045546
LMT,63,82,ret_TARGET,0.0
LMT,63,82,tech_RSI,0.004633
LMT,63,82,tech_MACD_hist,0.028009
LMT,63,82,ret_VIXY,0.0
LMT,63,82,mom21_VIXY,0.046855
LMT,63,82,ret_HYG,0.0
LMT,63,82,mom21_HYG,0.022473
LMT,63,82,ret_USO,0.0
LMT,63,82,mom21_USO,0.030894
LMT,63,82,ret_TLT,0.0
LMT,63,82,mom21_TLT,0.005993
LMT,63,82,ret_UUP,0.0
LMT,63,82,mom21_UUP,0.005681
LMT,63,82,ret_SPY,0.0
LMT,63,82,mom21_SPY,0.0
LMT,63,82,vol_vel,0.024325
LMT,63,82,vol_of_vol,0.015485
LMT,63,82,vol_regime_zscore,0.020143
LMT,63,82,vol_chg_21d,0.011684
LMT,63,82,event_fed_gravity,0.026357
LMT,63,82,event_earn_gravity,0.0
LMT,63,82,event_div_gravity,0.0
LMT,63,82,event_cpi_gravity,0.042794
LMT,63,82,event_nfp_gravity,0.023697
LMT,63,82,put_call_skew_30d,0.014273
LMT,63,82,term_structure_slope,0.0
LMT,63,82,vrp_wedge,0.008358
LMT,63,82,iv_atm_z_score,0.019774
LMT,63,82,macro_yield_curve_slope,0.065891
LMT,63,82,macro_hy_spread,0.033706
LMT,63,82,macro_hy_spread_chg_5d,0.020628
LMT,63,82,macro_breakeven_5y,0.022148
LMT,63,82,macro_inflation_fwd_5y5y,0.045237
LMT,63,82,macro_inflation_fwd_chg_21d,0.0
LMT,63,82,macro_inflation_fwd_abs_chg_21d,0.0
LMT,63,82,macro_inflation_fwd_chg_63d,0.008714
LMT,63,82,macro_inflation_fwd_zscore,0.007778
LMT,63,82,macro_dollar_ret,0.0
LMT,63,82,beta_spy,0.043539
LMT,63,82,res_vol,0.022953
LMT,63,82,res_vol_vel,0.0
LMT,63,82,price_regime,0.007194
LMT,63,82,corr_sector_21d,0.006762
LMT,63,82,corr_sector_252d,0.050346
LMT,63,82,sector_wedge,0.007933
LMT,63,83,rv_5d,0.073074
LMT,63,83,rv_10d,0.064785
LMT,63,83,rv_21d,0.036603
LMT,63,83,rv_63d,0.044466
LMT,63,83,rv_126d,0.015913
LMT,63,83,ewma_vol,0.066253
LMT,63,83,garch_cond_vol,0.049958
LMT,63,83,ret_TARGET,0.0
LMT,63,83,tech_RSI,0.004233
LMT,63,83,tech_MACD_hist,0.027592
LMT,63,83,ret_VIXY,0.003616
LMT,63,83,mom21_VIXY,0.039853
LMT,63,83,ret_HYG,0.0
LMT,63,83,mom21_HYG,0.020313
LMT,63,83,ret_USO,0.0
LMT,63,83,mom21_USO,0.028673
LMT,63,83,ret_TLT,0.0
LMT,63,83,mom21_TLT,0.006039
LMT,63,83,ret_UUP,0.0
LMT,63,83,mom21_UUP,0.006732
LMT,63,83,ret_SPY,0.003228
LMT,63,83,mom21_SPY,0.0
LMT,63,83,vol_vel,0.024887
LMT,63,83,vol_of_vol,0.015425
LMT,63,83,vol_regime_zscore,0.015195
LMT,63,83,vol_chg_21d,0.009817
LMT,63,83,event_fed_gravity,0.030617
LMT,63,83,event_earn_gravity,0.0
LMT,63,83,event_div_gravity,0.0
LMT,63,83,event_cpi_gravity,0.026339
LMT,63,83,event_nfp_gravity,0.026023
LMT,63,83,put_call_skew_30d,0.0
LMT,63,83,term_structure_slope,0.007025
LMT,63,83,vrp_wedge,0.007656
LMT,63,83,iv_atm_z_score,0.020179
LMT,63,83,macro_yield_curve_slope,0.062578
LMT,63,83,macro_hy_spread,0.027002
LMT,63,83,macro_hy_spread_chg_5d,0.021866
LMT,63,83,macro_breakeven_5y,0.01945
LMT,63,83,macro_inflation_fwd_5y5y,0.039488
LMT,63,83,macro_inflation_fwd_chg_21d,0.006763
LMT,63,83,macro_inflation_fwd_abs_chg_21d,0.0
LMT,63,83,macro_inflation_fwd_chg_63d,0.011416
LMT,63,83,macro_inflation_fwd_zscore,0.008968
LMT,63,83,macro_dollar_ret,0.0
LMT,63,83,beta_spy,0.04097
LMT,63,83,res_vol,0.018905
LMT,63,83,res_vol_vel,0.0
LMT,63,83,price_regime,0.008344
LMT,63,83,corr_sector_21d,0.00409
LMT,63,83,corr_sector_252d,0.048364
LMT,63,83,sector_wedge,0.0073
LMT,63,84,rv_5d,0.072245
LMT,63,84,rv_10d,0.040843
LMT,63,84,rv_21d,0.02637
LMT,63,84,rv_63d,0.046451
LMT,63,84,rv_126d,0.012572
LMT,63,84,ewma_vol,0.060653
LMT,63,84,garch_cond_vol,0.064081
LMT,63,84,ret_TARGET,0.0
LMT,63,84,tech_RSI,0.003904
LMT,63,84,tech_MACD_hist,0.030529
LMT,63,84,ret_VIXY,0.0
LMT,63,84,mom21_VIXY,0.042974
LMT,63,84,ret_HYG,0.0
LMT,63,84,mom21_HYG,0.023259
LMT,63,84,ret_USO,0.0
LMT,63,84,mom21_USO,0.024308
LMT,63,84,ret_TLT,0.0
LMT,63,84,mom21_TLT,0.006908
LMT,63,84,ret_UUP,0.0
LMT,63,84,mom21_UUP,0.006517
LMT,63,84,ret_SPY,0.004967
LMT,63,84,mom21_SPY,0.030585
LMT,63,84,vol_vel,0.020743
LMT,63,84,vol_of_vol,0.015126
LMT,63,84,vol_regime_zscore,0.015578
LMT,63,84,vol_chg_21d,0.008656
LMT,63,84,event_fed_gravity,0.03052
LMT,63,84,event_earn_gravity,0.0
LMT,63,84,event_div_gravity,0.0
LMT,63,84,event_cpi_gravity,0.032934
LMT,63,84,event_nfp_gravity,0.02577
LMT,63,84,put_call_skew_30d,0.004868
LMT,63,84,term_structure_slope,0.0
LMT,63,84,vrp_wedge,0.007063
LMT,63,84,iv_atm_z_score,0.021758
LMT,63,84,macro_yield_curve_slope,0.05907
LMT,63,84,macro_hy_spread,0.027036
LMT,63,84,macro_hy_spread_chg_5d,0.008267
LMT,63,84,macro_breakeven_5y,0.022882
LMT,63,84,macro_inflation_fwd_5y5y,0.047378
LMT,63,84,macro_inflation_fwd_chg_21d,0.006693
LMT,63,84,macro_inflation_fwd_abs_chg_21d,0.006937
LMT,63,84,macro_inflation_fwd_chg_63d,0.012172
LMT,63,84,macro_inflation_fwd_zscore,0.008749
LMT,63,84,macro_dollar_ret,0.0
LMT,63,84,beta_spy,0.030125
LMT,63,84,res_vol,0.015816
LMT,63,84,res_vol_vel,0.0
LMT,63,84,price_regime,0.007104
LMT,63,84,corr_sector_21d,0.008597
LMT,63,84,corr_sector_252d,0.050294
LMT,63,84,sector_wedge,0.008699
LMT,63,85,rv_5d,0.038434
LMT,63,85,rv_10d,0.076553
LMT,63,85,rv_21d,0.024906
LMT,63,85,rv_63d,0.053136
LMT,63,85,rv_126d,0.013432
LMT,63,85,ewma_vol,0.081054
LMT,63,85,garch_cond_vol,0.021095
LMT,63,85,ret_TARGET,0.0
LMT,63,85,tech_RSI,0.006675
LMT,63,85,tech_MACD_hist,0.033456
LMT,63,85,ret_VIXY,0.004439
LMT,63,85,mom21_VIXY,0.043061
LMT,63,85,ret_HYG,0.0
LMT,63,85,mom21_HYG,0.022937
LMT,63,85,ret_USO,0.0
LMT,63,85,mom21_USO,0.024987
LMT,63,85,ret_TLT,0.0
LMT,63,85,mom21_TLT,0.008926
LMT,63,85,ret_UUP,0.0
LMT,63,85,mom21_UUP,0.005292
LMT,63,85,ret_SPY,0.003789
LMT,63,85,mom21_SPY,0.0
LMT,63,85,vol_vel,0.016416
LMT,63,85,vol_of_vol,0.013156
LMT,63,85,vol_regime_zscore,0.0159
LMT,63,85,vol_chg_21d,0.013647
LMT,63,85,event_fed_gravity,0.038713
LMT,63,85,event_earn_gravity,0.0
LMT,63,85,event_div_gravity,0.0
LMT,63,85,event_cpi_gravity,0.030082
LMT,63,85,event_nfp_gravity,0.023291
LMT,63,85,put_call_skew_30d,0.01327
LMT,63,85,term_structure_slope,0.0
LMT,63,85,vrp_wedge,0.005892
LMT,63,85,iv_atm_z_score,0.02687
LMT,63,85,macro_yield_curve_slope,0.072314
LMT,63,85,macro_hy_spread,0.030347
LMT,63,85,macro_hy_spread_chg_5d,0.007495
LMT,63,85,macro_breakeven_5y,0.02379
LMT,63,85,macro_inflation_fwd_5y5y,0.043728
LMT,63,85,macro_inflation_fwd_chg_21d,0.005677
LMT,63,85,macro_inflation_fwd_abs_chg_21d,0.0
LMT,63,85,macro_inflation_fwd_chg_63d,0.011512
LMT,63,85,macro_inflation_fwd_zscore,0.009426
LMT,63,85,macro_dollar_ret,0.0
LMT,63,85,beta_spy,0.035195
LMT,63,85,res_vol,0.021399
LMT,63,85,res_vol_vel,0.0
LMT,63,85,price_regime,0.007854
LMT,63,85,corr_sector_21d,0.00971
LMT,63,85,corr_sector_252d,0.051056
LMT,63,85,sector_wedge,0.011089
LMT,63,86,rv_5d,0.068317
LMT,63,86,rv_10d,0.048678
LMT,63,86,rv_21d,0.031344
LMT,63,86,rv_63d,0.043673
LMT,63,86,rv_126d,0.014221
LMT,63,86,ewma_vol,0.125406
LMT,63,86,garch_cond_vol,0.019043
LMT,63,86,ret_TARGET,0.0
LMT,63,86,tech_RSI,0.00476
LMT,63,86,tech_MACD_hist,0.030398
LMT,63,86,ret_VIXY,0.0
LMT,63,86,mom21_VIXY,0.041494
LMT,63,86,ret_HYG,0.0
LMT,63,86,mom21_HYG,0.026249
LMT,63,86,ret_USO,0.0
LMT,63,86,mom21_USO,0.023317
LMT,63,86,ret_TLT,0.0
LMT,63,86,mom21_TLT,0.005879
LMT,63,86,ret_UUP,0.0
LMT,63,86,mom21_UUP,0.005936
LMT,63,86,ret_SPY,0.0
LMT,63,86,mom21_SPY,0.0
LMT,63,86,vol_vel,0.015364
LMT,63,86,vol_of_vol,0.01273
LMT,63,86,vol_regime_zscore,0.015302
LMT,63,86,vol_chg_21d,0.009312
LMT,63,86,event_fed_gravity,0.029486
LMT,63,86,event_earn_gravity,0.0
LMT,63,86,event_div_gravity,0.0
LMT,63,86,event_cpi_gravity,0.03093
LMT,63,86,event_nfp_gravity,0.030787
LMT,63,86,put_call_skew_30d,0.018013
LMT,63,86,term_structure_slope,0.0
LMT,63,86,vrp_wedge,0.006105
LMT,63,86,iv_atm_z_score,0.024818
LMT,63,86,macro_yield_curve_slope,0.064042
LMT,63,86,macro_hy_spread,0.02591
LMT,63,86,macro_hy_spread_chg_5d,0.012475
LMT,63,86,macro_breakeven_5y,0.01872
LMT,63,86,macro_inflation_fwd_5y5y,0.031831
LMT,63,86,macro_inflation_fwd_chg_21d,0.005996
LMT,63,86,macro_inflation_fwd_abs_chg_21d,0.003428
LMT,63,86,macro_inflation_fwd_chg_63d,0.007895
LMT,63,86,macro_inflation_fwd_zscore,0.008662
LMT,63,86,macro_dollar_ret,0.0
LMT,63,86,beta_spy,0.042972
LMT,63,86,res_vol,0.020907
LMT,63,86,res_vol_vel,0.0
LMT,63,86,price_regime,0.007042
LMT,63,86,corr_sector_21d,0.010937
LMT,63,86,corr_sector_252d,0.047448
LMT,63,86,sector_wedge,0.010173
LMT,63,87,rv_5d,0.066611
LMT,63,87,rv_10d,0.022141
LMT,63,87,rv_21d,0.04443
LMT,63,87,rv_63d,0.043597
LMT,63,87,rv_126d,0.011515
LMT,63,87,ewma_vol,0.1094
LMT,63,87,garch_cond_vol,0.02431
LMT,63,87,ret_TARGET,0.0
LMT,63,87,tech_RSI,0.003929
LMT,63,87,tech_MACD_hist,0.026563
LMT,63,87,ret_VIXY,0.0
LMT,63,87,mom21_VIXY,0.042861
LMT,63,87,ret_HYG,0.0
LMT,63,87,mom21_HYG,0.027623
LMT,63,87,ret_USO,0.0
LMT,63,87,mom21_USO,0.026637
LMT,63,87,ret_TLT,0.0
LMT,63,87,mom21_TLT,0.008291
LMT,63,87,ret_UUP,0.0
LMT,63,87,mom21_UUP,0.005089
LMT,63,87,ret_SPY,0.0
LMT,63,87,mom21_SPY,0.0
LMT,63,87,vol_vel,0.027441
LMT,63,87,vol_of_vol,0.014839
LMT,63,87,vol_regime_zscore,0.012414
LMT,63,87,vol_chg_21d,0.009705
LMT,63,87,event_fed_gravity,0.031515
LMT,63,87,event_earn_gravity,0.0
LMT,63,87,event_div_gravity,0.0
LMT,63,87,event_cpi_gravity,0.03699
LMT,63,87,event_nfp_gravity,0.023569
LMT,63,87,put_call_skew_30d,0.013342
LMT,63,87,term_structure_slope,0.0
LMT,63,87,vrp_wedge,0.005858
LMT,63,87,iv_atm_z_score,0.024452
LMT,63,87,macro_yield_curve_slope,0.065505
LMT,63,87,macro_hy_spread,0.024579
LMT,63,87,macro_hy_spread_chg_5d,0.016279
LMT,63,87,macro_breakeven_5y,0.022638
LMT,63,87,macro_inflation_fwd_5y5y,0.046392
LMT,63,87,macro_inflation_fwd_chg_21d,0.0
LMT,63,87,macro_inflation_fwd_abs_chg_21d,0.003356
LMT,63,87,macro_inflation_fwd_chg_63d,0.012332
LMT,63,87,macro_inflation_fwd_zscore,0.010428
LMT,63,87,macro_dollar_ret,0.0
LMT,63,87,beta_spy,0.036788
LMT,63,87,res_vol,0.022909
LMT,63,87,res_vol_vel,0.0
LMT,63,87,price_regime,0.009968
LMT,63,87,corr_sector_21d,0.007025
LMT,63,87,corr_sector_252d,0.049291
LMT,63,87,sector_wedge,0.00939
LMT,63,88,rv_5d,0.003735
LMT,63,88,rv_10d,0.094829
LMT,63,88,rv_21d,0.032379
LMT,63,88,rv_63d,0.04892
LMT,63,88,rv_126d,0.012641
LMT,63,88,ewma_vol,0.086792
LMT,63,88,garch_cond_vol,0.018475
LMT,63,88,ret_TARGET,0.0
LMT,63,88,tech_RSI,0.006363
LMT,63,88,tech_MACD_hist,0.030712
LMT,63,88,ret_VIXY,0.0
LMT,63,88,mom21_VIXY,0.039438
LMT,63,88,ret_HYG,0.0
LMT,63,88,mom21_HYG,0.023511
LMT,63,88,ret_USO,0.0
LMT,63,88,mom21_USO,0.027852
LMT,63,88,ret_TLT,0.0
LMT,63,88,mom21_TLT,0.008428
LMT,63,88,ret_UUP,0.0
LMT,63,88,mom21_UUP,0.00762
LMT,63,88,ret_SPY,0.0
LMT,63,88,mom21_SPY,0.00396
LMT,63,88,vol_vel,0.026303
LMT,63,88,vol_of_vol,0.013174
LMT,63,88,vol_regime_zscore,0.017606
LMT,63,88,vol_chg_21d,0.012474
LMT,63,88,event_fed_gravity,0.037748
LMT,63,88,event_earn_gravity,0.0
LMT,63,88,event_div_gravity,0.0
LMT,63,88,event_cpi_gravity,0.030999
LMT,63,88,event_nfp_gravity,0.026436
LMT,63,88,put_call_skew_30d,0.0
LMT,63,88,term_structure_slope,0.0
LMT,63,88,vrp_wedge,0.007394
LMT,63,88,iv_atm_z_score,0.021045
LMT,63,88,macro_yield_curve_slope,0.070738
LMT,63,88,macro_hy_spread,0.03027
LMT,63,88,macro_hy_spread_chg_5d,0.029428
LMT,63,88,macro_breakeven_5y,0.020475
LMT,63,88,macro_inflation_fwd_5y5y,0.03286
LMT,63,88,macro_inflation_fwd_chg_21d,0.0
LMT,63,88,macro_inflation_fwd_abs_chg_21d,0.003376
LMT,63,88,macro_inflation_fwd_chg_63d,0.010899
LMT,63,88,macro_inflation_fwd_zscore,0.015652
LMT,63,88,macro_dollar_ret,0.0
LMT,63,88,beta_spy,0.039894
LMT,63,88,res_vol,0.022735
LMT,63,88,res_vol_vel,0.0
LMT,63,88,price_regime,0.009468
LMT,63,88,corr_sector_21d,0.015845
LMT,63,88,corr_sector_252d,0.048469
LMT,63,88,sector_wedge,0.011057
LMT,63,89,rv_5d,0.0
LMT,63,89,rv_10d,0.062358
LMT,63,89,rv_21d,0.04029
LMT,63,89,rv_63d,0.0486
LMT,63,89,rv_126d,0.014547
LMT,63,89,ewma_vol,0.045375
LMT,63,89,garch_cond_vol,0.083355
LMT,63,89,ret_TARGET,0.0
LMT,63,89,tech_RSI,0.006558
LMT,63,89,tech_MACD_hist,0.030541
LMT,63,89,ret_VIXY,0.0
LMT,63,89,mom21_VIXY,0.042141
LMT,63,89,ret_HYG,0.0
LMT,63,89,mom21_HYG,0.018862
LMT,63,89,ret_USO,0.0
LMT,63,89,mom21_USO,0.027338
LMT,63,89,ret_TLT,0.0
LMT,63,89,mom21_TLT,0.009612
LMT,63,89,ret_UUP,0.0
LMT,63,89,mom21_UUP,0.006885
LMT,63,89,ret_SPY,0.003659
LMT,63,89,mom21_SPY,0.0
LMT,63,89,vol_vel,0.020956
LMT,63,89,vol_of_vol,0.013021
LMT,63,89,vol_regime_zscore,0.016428
LMT,63,89,vol_chg_21d,0.011881
LMT,63,89,event_fed_gravity,0.04565
LMT,63,89,event_earn_gravity,0.0
LMT,63,89,event_div_gravity,0.0
LMT,63,89,event_cpi_gravity,0.025011
LMT,63,89,event_nfp_gravity,0.027051
LMT,63,89,put_call_skew_30d,0.01616
LMT,63,89,term_structure_slope,0.0
LMT,63,89,vrp_wedge,0.00743
LMT,63,89,iv_atm_z_score,0.020625
LMT,63,89,macro_yield_curve_slope,0.074558
LMT,63,89,macro_hy_spread,0.027253
LMT,63,89,macro_hy_spread_chg_5d,0.024195
LMT,63,89,macro_breakeven_5y,0.022952
LMT,63,89,macro_inflation_fwd_5y5y,0.036539
LMT,63,89,macro_inflation_fwd_chg_21d,0.011262
LMT,63,89,macro_inflation_fwd_abs_chg_21d,0.007661
LMT,63,89,macro_inflation_fwd_chg_63d,0.010444
LMT,63,89,macro_inflation_fwd_zscore,0.012798
LMT,63,89,macro_dollar_ret,0.0
LMT,63,89,beta_spy,0.033489
LMT,63,89,res_vol,0.019521
LMT,63,89,res_vol_vel,0.0
LMT,63,89,price_regime,0.00789
LMT,63,89,corr_sector_21d,0.008121
LMT,63,89,corr_sector_252d,0.048844
LMT,63,89,sector_wedge,0.010137
LMT,63,90,rv_5d,0.055229
LMT,63,90,rv_10d,0.085491
LMT,63,90,rv_21d,0.033265
LMT,63,90,rv_63d,0.054436
LMT,63,90,rv_126d,0.013286
LMT,63,90,ewma_vol,0.070166
LMT,63,90,garch_cond_vol,0.019507
LMT,63,90,ret_TARGET,0.0
LMT,63,90,tech_RSI,0.004768
LMT,63,90,tech_MACD_hist,0.029936
LMT,63,90,ret_VIXY,0.0
LMT,63,90,mom21_VIXY,0.042528
LMT,63,90,ret_HYG,0.0
LMT,63,90,mom21_HYG,0.019699
LMT,63,90,ret_USO,0.0
LMT,63,90,mom21_USO,0.026037
LMT,63,90,ret_TLT,0.0
LMT,63,90,mom21_TLT,0.008391
LMT,63,90,ret_UUP,0.0
LMT,63,90,mom21_UUP,0.006324
LMT,63,90,ret_SPY,0.003649
LMT,63,90,mom21_SPY,0.0
LMT,63,90,vol_vel,0.017529
LMT,63,90,vol_of_vol,0.015419
LMT,63,90,vol_regime_zscore,0.017572
LMT,63,90,vol_chg_21d,0.010749
LMT,63,90,event_fed_gravity,0.037848
LMT,63,90,event_earn_gravity,0.0
LMT,63,90,event_div_gravity,0.0
LMT,63,90,event_cpi_gravity,0.024758
LMT,63,90,event_nfp_gravity,0.025862
LMT,63,90,put_call_skew_30d,0.019403
LMT,63,90,term_structure_slope,0.0
LMT,63,90,vrp_wedge,0.005427
LMT,63,90,iv_atm_z_score,0.017659
LMT,63,90,macro_yield_curve_slope,0.066301
LMT,63,90,macro_hy_spread,0.025329
LMT,63,90,macro_hy_spread_chg_5d,0.00991
LMT,63,90,macro_breakeven_5y,0.021068
LMT,63,90,macro_inflation_fwd_5y5y,0.062363
LMT,63,90,macro_inflation_fwd_chg_21d,0.014938
LMT,63,90,macro_inflation_fwd_abs_chg_21d,0.003831
LMT,63,90,macro_inflation_fwd_chg_63d,0.012369
LMT,63,90,macro_inflation_fwd_zscore,0.011811
LMT,63,90,macro_dollar_ret,0.0
LMT,63,90,beta_spy,0.011413
LMT,63,90,res_vol,0.014587
LMT,63,90,res_vol_vel,0.0
LMT,63,90,price_regime,0.011283
LMT,63,90,corr_sector_21d,0.010699
LMT,63,90,corr_sector_252d,0.049242
LMT,63,90,sector_wedge,0.009916
LMT,63,91,rv_5d,0.048654
LMT,63,91,rv_10d,0.08985
LMT,63,91,rv_21d,0.027694
LMT,63,91,rv_63d,0.058995
LMT,63,91,rv_126d,0.014475
LMT,63,91,ewma_vol,0.061047
LMT,63,91,garch_cond_vol,0.019542
LMT,63,91,ret_TARGET,0.0
LMT,63,91,tech_RSI,0.006023
LMT,63,91,tech_MACD_hist,0.028608
LMT,63,91,ret_VIXY,0.0
LMT,63,91,mom21_VIXY,0.042324
LMT,63,91,ret_HYG,0.0
LMT,63,91,mom21_HYG,0.029422
LMT,63,91,ret_USO,0.0
LMT,63,91,mom21_USO,0.026151
LMT,63,91,ret_TLT,0.0
LMT,63,91,mom21_TLT,0.010176
LMT,63,91,ret_UUP,0.0
LMT,63,91,mom21_UUP,0.00788
LMT,63,91,ret_SPY,0.003908
LMT,63,91,mom21_SPY,0.0
LMT,63,91,vol_vel,0.019066
LMT,63,91,vol_of_vol,0.014702
LMT,63,91,vol_regime_zscore,0.017349
LMT,63,91,vol_chg_21d,0.01405
LMT,63,91,event_fed_gravity,0.055101
LMT,63,91,event_earn_gravity,0.0
LMT,63,91,event_div_gravity,0.0
LMT,63,91,event_cpi_gravity,0.030918
LMT,63,91,event_nfp_gravity,0.021867
LMT,63,91,put_call_skew_30d,0.0
LMT,63,91,term_structure_slope,0.0
LMT,63,91,vrp_wedge,0.004811
LMT,63,91,iv_atm_z_score,0.022345
LMT,63,91,macro_yield_curve_slope,0.0708
LMT,63,91,macro_hy_spread,0.024094
LMT,63,91,macro_hy_spread_chg_5d,0.01238
LMT,63,91,macro_breakeven_5y,0.007615
LMT,63,91,macro_inflation_fwd_5y5y,0.044709
LMT,63,91,macro_inflation_fwd_chg_21d,0.011342
LMT,63,91,macro_inflation_fwd_abs_chg_21d,0.004147
LMT,63,91,macro_inflation_fwd_chg_63d,0.009318
LMT,63,91,macro_inflation_fwd_zscore,0.010681
LMT,63,91,macro_dollar_ret,0.0
LMT,63,91,beta_spy,0.021528
LMT,63,91,res_vol,0.020512
LMT,63,91,res_vol_vel,0.0
LMT,63,91,price_regime,0.011823
LMT,63,91,corr_sector_21d,0.011814
LMT,63,91,corr_sector_252d,0.053764
LMT,63,91,sector_wedge,0.010513
LMT,63,92,rv_5d,0.0
LMT,63,92,rv_10d,0.062176
LMT,63,92,rv_21d,0.017346
LMT,63,92,rv_63d,0.066374
LMT,63,92,rv_126d,0.014932
LMT,63,92,ewma_vol,0.088341
LMT,63,92,garch_cond_vol,0.029622
LMT,63,92,ret_TARGET,0.0
LMT,63,92,tech_RSI,0.004913
LMT,63,92,tech_MACD_hist,0.032012
LMT,63,92,ret_VIXY,0.0
LMT,63,92,mom21_VIXY,0.046938
LMT,63,92,ret_HYG,0.0
LMT,63,92,mom21_HYG,0.038886
LMT,63,92,ret_USO,0.0
LMT,63,92,mom21_USO,0.028709
LMT,63,92,ret_TLT,0.0
LMT,63,92,mom21_TLT,0.018511
LMT,63,92,ret_UUP,0.0
LMT,63,92,mom21_UUP,0.006719
LMT,63,92,ret_SPY,0.0
LMT,63,92,mom21_SPY,0.0
LMT,63,92,vol_vel,0.022466
LMT,63,92,vol_of_vol,0.02675
LMT,63,92,vol_regime_zscore,0.019518
LMT,63,92,vol_chg_21d,0.01339
LMT,63,92,event_fed_gravity,0.034095
LMT,63,92,event_earn_gravity,0.0
LMT,63,92,event_div_gravity,0.0
LMT,63,92,event_cpi_gravity,0.041496
LMT,63,92,event_nfp_gravity,0.036279
LMT,63,92,put_call_skew_30d,0.0
LMT,63,92,term_structure_slope,0.0
LMT,63,92,vrp_wedge,0.005341
LMT,63,92,iv_atm_z_score,0.02997
LMT,63,92,macro_yield_curve_slope,0.078499
LMT,63,92,macro_hy_spread,0.0233
LMT,63,92,macro_hy_spread_chg_5d,0.008481
LMT,63,92,macro_breakeven_5y,0.010916
LMT,63,92,macro_inflation_fwd_5y5y,0.039133
LMT,63,92,macro_inflation_fwd_chg_21d,0.007965
LMT,63,92,macro_inflation_fwd_abs_chg_21d,0.0
LMT,63,92,macro_inflation_fwd_chg_63d,0.008374
LMT,63,92,macro_inflation_fwd_zscore,0.012722
LMT,63,92,macro_dollar_ret,0.0
LMT,63,92,beta_spy,0.017901
LMT,63,92,res_vol,0.020863
LMT,63,92,res_vol_vel,0.0
LMT,63,92,price_regime,0.011141
LMT,63,92,corr_sector_21d,0.00954
LMT,63,92,corr_sector_252d,0.054645
LMT,63,92,sector_wedge,0.011734
LMT,63,93,rv_5d,0.052724
LMT,63,93,rv_10d,0.063934
LMT,63,93,rv_21d,0.021637
LMT,63,93,rv_63d,0.052265
LMT,63,93,rv_126d,0.014407
LMT,63,93,ewma_vol,0.090002
LMT,63,93,garch_cond_vol,0.023139
LMT,63,93,ret_TARGET,0.0
LMT,63,93,tech_RSI,0.00543
LMT,63,93,tech_MACD_hist,0.028529
LMT,63,93,ret_VIXY,0.0
LMT,63,93,mom21_VIXY,0.037223
LMT,63,93,ret_HYG,0.0
LMT,63,93,mom21_HYG,0.019274
LMT,63,93,ret_USO,0.0
LMT,63,93,mom21_USO,0.023876
LMT,63,93,ret_TLT,0.0
LMT,63,93,mom21_TLT,0.029561
LMT,63,93,ret_UUP,0.0
LMT,63,93,mom21_UUP,0.007504
LMT,63,93,ret_SPY,0.0
LMT,63,93,mom21_SPY,0.0
LMT,63,93,vol_vel,0.022289
LMT,63,93,vol_of_vol,0.019477
LMT,63,93,vol_regime_zscore,0.019081
LMT,63,93,vol_chg_21d,0.013565
LMT,63,93,event_fed_gravity,0.023391
LMT,63,93,event_earn_gravity,0.0
LMT,63,93,event_div_gravity,0.0
LMT,63,93,event_cpi_gravity,0.047739
LMT,63,93,event_nfp_gravity,0.042308
LMT,63,93,put_call_skew_30d,0.006765
LMT,63,93,term_structure_slope,0.0
LMT,63,93,vrp_wedge,0.011361
LMT,63,93,iv_atm_z_score,0.031473
LMT,63,93,macro_yield_curve_slope,0.072723
LMT,63,93,macro_hy_spread,0.016545
LMT,63,93,macro_hy_spread_chg_5d,0.003938
LMT,63,93,macro_breakeven_5y,0.006762
LMT,63,93,macro_inflation_fwd_5y5y,0.023933
LMT,63,93,macro_inflation_fwd_chg_21d,0.012859
LMT,63,93,macro_inflation_fwd_abs_chg_21d,0.00346
LMT,63,93,macro_inflation_fwd_chg_63d,0.010171
LMT,63,93,macro_inflation_fwd_zscore,0.014087
LMT,63,93,macro_dollar_ret,0.0
LMT,63,93,beta_spy,0.021442
LMT,63,93,res_vol,0.023396
LMT,63,93,res_vol_vel,0.0
LMT,63,93,price_regime,0.008697
LMT,63,93,corr_sector_21d,0.007101
LMT,63,93,corr_sector_252d,0.056534
LMT,63,93,sector_wedge,0.011397
LMT,63,94,rv_5d,0.028081
LMT,63,94,rv_10d,0.053602
LMT,63,94,rv_21d,0.025873
LMT,63,94,rv_63d,0.058582
LMT,63,94,rv_126d,0.013399
LMT,63,94,ewma_vol,0.083921
LMT,63,94,garch_cond_vol,0.019671
LMT,63,94,ret_TARGET,0.0
LMT,63,94,tech_RSI,0.007346
LMT,63,94,tech_MACD_hist,0.036314
LMT,63,94,ret_VIXY,0.0
LMT,63,94,mom21_VIXY,0.041708
LMT,63,94,ret_HYG,0.0
LMT,63,94,mom21_HYG,0.021513
LMT,63,94,ret_USO,0.0
LMT,63,94,mom21_USO,0.025915
LMT,63,94,ret_TLT,0.0
LMT,63,94,mom21_TLT,0.019038
LMT,63,94,ret_UUP,0.0
LMT,63,94,mom21_UUP,0.007365
LMT,63,94,ret_SPY,0.0
LMT,63,94,mom21_SPY,0.0
LMT,63,94,vol_vel,0.028027
LMT,63,94,vol_of_vol,0.012127
LMT,63,94,vol_regime_zscore,0.025768
LMT,63,94,vol_chg_21d,0.015685
LMT,63,94,event_fed_gravity,0.033816
LMT,63,94,event_earn_gravity,0.0
LMT,63,94,event_div_gravity,0.0
LMT,63,94,event_cpi_gravity,0.041146
LMT,63,94,event_nfp_gravity,0.048267
LMT,63,94,put_call_skew_30d,0.005818
LMT,63,94,term_structure_slope,0.0
LMT,63,94,vrp_wedge,0.00883
LMT,63,94,iv_atm_z_score,0.028359
LMT,63,94,macro_yield_curve_slope,0.080004
LMT,63,94,macro_hy_spread,0.019118
LMT,63,94,macro_hy_spread_chg_5d,0.005386
LMT,63,94,macro_breakeven_5y,0.007045
LMT,63,94,macro_inflation_fwd_5y5y,0.028448
LMT,63,94,macro_inflation_fwd_chg_21d,0.008048
LMT,63,94,macro_inflation_fwd_abs_chg_21d,0.003755
LMT,63,94,macro_inflation_fwd_chg_63d,0.010291
LMT,63,94,macro_inflation_fwd_zscore,0.017678
LMT,63,94,macro_dollar_ret,0.0
LMT,63,94,beta_spy,0.022515
LMT,63,94,res_vol,0.023093
LMT,63,94,res_vol_vel,0.0
LMT,63,94,price_regime,0.008098
LMT,63,94,corr_sector_21d,0.010112
LMT,63,94,corr_sector_252d,0.052934
LMT,63,94,sector_wedge,0.013306
LMT,63,95,rv_5d,0.061652
LMT,63,95,rv_10d,0.089032
LMT,63,95,rv_21d,0.020537
LMT,63,95,rv_63d,0.035984
LMT,63,95,rv_126d,0.014307
LMT,63,95,ewma_vol,0.076796
LMT,63,95,garch_cond_vol,0.019512
LMT,63,95,ret_TARGET,0.0
LMT,63,95,tech_RSI,0.005933
LMT,63,95,tech_MACD_hist,0.026677
LMT,63,95,ret_VIXY,0.0
LMT,63,95,mom21_VIXY,0.039158
LMT,63,95,ret_HYG,0.0
LMT,63,95,mom21_HYG,0.023
LMT,63,95,ret_USO,0.0
LMT,63,95,mom21_USO,0.027705
LMT,63,95,ret_TLT,0.0
LMT,63,95,mom21_TLT,0.013964
LMT,63,95,ret_UUP,0.0
LMT,63,95,mom21_UUP,0.005088
LMT,63,95,ret_SPY,0.0
LMT,63,95,mom21_SPY,0.003756
LMT,63,95,vol_vel,0.02571
LMT,63,95,vol_of_vol,0.015433
LMT,63,95,vol_regime_zscore,0.020839
LMT,63,95,vol_chg_21d,0.015577
LMT,63,95,event_fed_gravity,0.033629
LMT,63,95,event_earn_gravity,0.0
LMT,63,95,event_div_gravity,0.0
LMT,63,95,event_cpi_gravity,0.03438
LMT,63,95,event_nfp_gravity,0.064985
LMT,63,95,put_call_skew_30d,0.0
LMT,63,95,term_structure_slope,0.0
LMT,63,95,vrp_wedge,0.010316
LMT,63,95,iv_atm_z_score,0.028316
LMT,63,95,macro_yield_curve_slope,0.079729
LMT,63,95,macro_hy_spread,0.016406
LMT,63,95,macro_hy_spread_chg_5d,0.004061
LMT,63,95,macro_breakeven_5y,0.007783
LMT,63,95,macro_inflation_fwd_5y5y,0.015015
LMT,63,95,macro_inflation_fwd_chg_21d,0.0111
LMT,63,95,macro_inflation_fwd_abs_chg_21d,0.004467
LMT,63,95,macro_inflation_fwd_chg_63d,0.013065
LMT,63,95,macro_inflation_fwd_zscore,0.008739
LMT,63,95,macro_dollar_ret,0.0
LMT,63,95,beta_spy,0.023126
LMT,63,95,res_vol,0.02923
LMT,63,95,res_vol_vel,0.0
LMT,63,95,price_regime,0.006208
LMT,63,95,corr_sector_21d,0.007792
LMT,63,95,corr_sector_252d,0.046317
LMT,63,95,sector_wedge,0.014678
LMT,63,96,rv_5d,0.054996
LMT,63,96,rv_10d,0.03301
LMT,63,96,rv_21d,0.018987
LMT,63,96,rv_63d,0.036199
LMT,63,96,rv_126d,0.016115
LMT,63,96,ewma_vol,0.103753
LMT,63,96,garch_cond_vol,0.037587
LMT,63,96,ret_TARGET,0.0
LMT,63,96,tech_RSI,0.005217
LMT,63,96,tech_MACD_hist,0.03295
LMT,63,96,ret_VIXY,0.0
LMT,63,96,mom21_VIXY,0.039673
LMT,63,96,ret_HYG,0.0
LMT,63,96,mom21_HYG,0.032068
LMT,63,96,ret_USO,0.0
LMT,63,96,mom21_USO,0.02566
LMT,63,96,ret_TLT,0.0
LMT,63,96,mom21_TLT,0.013979
LMT,63,96,ret_UUP,0.0
LMT,63,96,mom21_UUP,0.00605
LMT,63,96,ret_SPY,0.0
LMT,63,96,mom21_SPY,0.004113
LMT,63,96,vol_vel,0.020847
LMT,63,96,vol_of_vol,0.020966
LMT,63,96,vol_regime_zscore,0.023348
LMT,63,96,vol_chg_21d,0.015789
LMT,63,96,event_fed_gravity,0.045926
LMT,63,96,event_earn_gravity,0.0
LMT,63,96,event_div_gravity,0.0
LMT,63,96,event_cpi_gravity,0.034304
LMT,63,96,event_nfp_gravity,0.041713
LMT,63,96,put_call_skew_30d,0.0
LMT,63,96,term_structure_slope,0.0
LMT,63,96,vrp_wedge,0.00966
LMT,63,96,iv_atm_z_score,0.032705
LMT,63,96,macro_yield_curve_slope,0.076812
LMT,63,96,macro_hy_spread,0.016313
LMT,63,96,macro_hy_spread_chg_5d,0.007343
LMT,63,96,macro_breakeven_5y,0.008043
LMT,63,96,macro_inflation_fwd_5y5y,0.015995
LMT,63,96,macro_inflation_fwd_chg_21d,0.006704
LMT,63,96,macro_inflation_fwd_abs_chg_21d,0.003641
LMT,63,96,macro_inflation_fwd_chg_63d,0.009389
LMT,63,96,macro_inflation_fwd_zscore,0.011476
LMT,63,96,macro_dollar_ret,0.0
LMT,63,96,beta_spy,0.026869
LMT,63,96,res_vol,0.030456
LMT,63,96,res_vol_vel,0.0
LMT,63,96,price_regime,0.006628
LMT,63,96,corr_sector_21d,0.010248
LMT,63,96,corr_sector_252d,0.052288
LMT,63,96,sector_wedge,0.012183
LMT,63,97,rv_5d,0.041146
LMT,63,97,rv_10d,0.031975
LMT,63,97,rv_21d,0.02016
LMT,63,97,rv_63d,0.039052
LMT,63,97,rv_126d,0.017741
LMT,63,97,ewma_vol,0.102994
LMT,63,97,garch_cond_vol,0.025738
LMT,63,97,ret_TARGET,0.0
LMT,63,97,tech_RSI,0.006192
LMT,63,97,tech_MACD_hist,0.035338
LMT,63,97,ret_VIXY,0.0
LMT,63,97,mom21_VIXY,0.042635
LMT,63,97,ret_HYG,0.0
LMT,63,97,mom21_HYG,0.021248
LMT,63,97,ret_USO,0.0
LMT,63,97,mom21_USO,0.029773
LMT,63,97,ret_TLT,0.0
LMT,63,97,mom21_TLT,0.0
LMT,63,97,ret_UUP,0.0
LMT,63,97,mom21_UUP,0.006584
LMT,63,97,ret_SPY,0.0
LMT,63,97,mom21_SPY,0.005316
LMT,63,97,vol_vel,0.028467
LMT,63,97,vol_of_vol,0.020301
LMT,63,97,vol_regime_zscore,0.029732
LMT,63,97,vol_chg_21d,0.015744
LMT,63,97,event_fed_gravity,0.04214
LMT,63,97,event_earn_gravity,0.0
LMT,63,97,event_div_gravity,0.0
LMT,63,97,event_cpi_gravity,0.034044
LMT,63,97,event_nfp_gravity,0.044647
LMT,63,97,put_call_skew_30d,0.0
LMT,63,97,term_structure_slope,0.0
LMT,63,97,vrp_wedge,0.010921
LMT,63,97,iv_atm_z_score,0.037889
LMT,63,97,macro_yield_curve_slope,0.08869
LMT,63,97,macro_hy_spread,0.02003
LMT,63,97,macro_hy_spread_chg_5d,0.005994
LMT,63,97,macro_breakeven_5y,0.007749
LMT,63,97,macro_inflation_fwd_5y5y,0.020314
LMT,63,97,macro_inflation_fwd_chg_21d,0.008356
LMT,63,97,macro_inflation_fwd_abs_chg_21d,0.0
LMT,63,97,macro_inflation_fwd_chg_63d,0.011649
LMT,63,97,macro_inflation_fwd_zscore,0.010311
LMT,63,97,macro_dollar_ret,0.0
LMT,63,97,beta_spy,0.022612
LMT,63,97,res_vol,0.032626
LMT,63,97,res_vol_vel,0.0
LMT,63,97,price_regime,0.008165
LMT,63,97,corr_sector_21d,0.004667
LMT,63,97,corr_sector_252d,0.054018
LMT,63,97,sector_wedge,0.015039
LMT,63,98,rv_5d,0.056299
LMT,63,98,rv_10d,0.053811
LMT,63,98,rv_21d,0.019308
LMT,63,98,rv_63d,0.039345
LMT,63,98,rv_126d,0.017128
LMT,63,98,ewma_vol,0.09258
LMT,63,98,garch_cond_vol,0.025661
LMT,63,98,ret_TARGET,0.0
LMT,63,98,tech_RSI,0.005523
LMT,63,98,tech_MACD_hist,0.031896
LMT,63,98,ret_VIXY,0.0
LMT,63,98,mom21_VIXY,0.037021
LMT,63,98,ret_HYG,0.0
LMT,63,98,mom21_HYG,0.029245
LMT,63,98,ret_USO,0.0
LMT,63,98,mom21_USO,0.023891
LMT,63,98,ret_TLT,0.0
LMT,63,98,mom21_TLT,0.009462
LMT,63,98,ret_UUP,0.0
LMT,63,98,mom21_UUP,0.006271
LMT,63,98,ret_SPY,0.0
LMT,63,98,mom21_SPY,0.005363
LMT,63,98,vol_vel,0.035069
LMT,63,98,vol_of_vol,0.021306
LMT,63,98,vol_regime_zscore,0.02614
LMT,63,98,vol_chg_21d,0.015672
LMT,63,98,event_fed_gravity,0.029443
LMT,63,98,event_earn_gravity,0.0
LMT,63,98,event_div_gravity,0.0
LMT,63,98,event_cpi_gravity,0.044842
LMT,63,98,event_nfp_gravity,0.04017
LMT,63,98,put_call_skew_30d,0.0
LMT,63,98,term_structure_slope,0.0
LMT,63,98,vrp_wedge,0.008685
LMT,63,98,iv_atm_z_score,0.031186
LMT,63,98,macro_yield_curve_slope,0.085987
LMT,63,98,macro_hy_spread,0.021971
LMT,63,98,macro_hy_spread_chg_5d,0.00451
LMT,63,98,macro_breakeven_5y,0.00734
LMT,63,98,macro_inflation_fwd_5y5y,0.015782
LMT,63,98,macro_inflation_fwd_chg_21d,0.010434
LMT,63,98,macro_inflation_fwd_abs_chg_21d,0.0
LMT,63,98,macro_inflation_fwd_chg_63d,0.009591
LMT,63,98,macro_inflation_fwd_zscore,0.009244
LMT,63,98,macro_dollar_ret,0.0
LMT,63,98,beta_spy,0.021788
LMT,63,98,res_vol,0.027647
LMT,63,98,res_vol_vel,0.004338
LMT,63,98,price_regime,0.01084
LMT,63,98,corr_sector_21d,0.0
LMT,63,98,corr_sector_252d,0.05214
LMT,63,98,sector_wedge,0.013068
LMT,63,99,rv_5d,0.029043
LMT,63,99,rv_10d,0.053672
LMT,63,99,rv_21d,0.022378
LMT,63,99,rv_63d,0.035037
LMT,63,99,rv_126d,0.019666
LMT,63,99,ewma_vol,0.088015
LMT,63,99,garch_cond_vol,0.018589
LMT,63,99,ret_TARGET,0.0
LMT,63,99,tech_RSI,0.005059
LMT,63,99,tech_MACD_hist,0.042071
LMT,63,99,ret_VIXY,0.0
LMT,63,99,mom21_VIXY,0.04437
LMT,63,99,ret_HYG,0.0
LMT,63,99,mom21_HYG,0.027941
LMT,63,99,ret_USO,0.0
LMT,63,99,mom21_USO,0.022482
LMT,63,99,ret_TLT,0.0
LMT,63,99,mom21_TLT,0.010896
LMT,63,99,ret_UUP,0.0
LMT,63,99,mom21_UUP,0.0076
LMT,63,99,ret_SPY,0.0
LMT,63,99,mom21_SPY,0.004478
LMT,63,99,vol_vel,0.027895
LMT,63,99,vol_of_vol,0.022786
LMT,63,99,vol_regime_zscore,0.021387
LMT,63,99,vol_chg_21d,0.028801
LMT,63,99,event_fed_gravity,0.036242
LMT,63,99,event_earn_gravity,0.0
LMT,63,99,event_div_gravity,0.0
LMT,63,99,event_cpi_gravity,0.042274
LMT,63,99,event_nfp_gravity,0.035418
LMT,63,99,put_call_skew_30d,0.0
LMT,63,99,term_structure_slope,0.0
LMT,63,99,vrp_wedge,0.008802
LMT,63,99,iv_atm_z_score,0.033102
LMT,63,99,macro_yield_curve_slope,0.081566
LMT,63,99,macro_hy_spread,0.018309
LMT,63,99,macro_hy_spread_chg_5d,0.010699
LMT,63,99,macro_breakeven_5y,0.008124
LMT,63,99,macro_inflation_fwd_5y5y,0.019578
LMT,63,99,macro_inflation_fwd_chg_21d,0.006168
LMT,63,99,macro_inflation_fwd_abs_chg_21d,0.003884
LMT,63,99,macro_inflation_fwd_chg_63d,0.008783
LMT,63,99,macro_inflation_fwd_zscore,0.01251
LMT,63,99,macro_dollar_ret,0.0
LMT,63,99,beta_spy,0.026365
LMT,63,99,res_vol,0.031409
LMT,63,99,res_vol_vel,0.004516
LMT,63,99,price_regime,0.009568
LMT,63,99,corr_sector_21d,0.011405
LMT,63,99,corr_sector_252d,0.046774
LMT,63,99,sector_wedge,0.012336
LMT,63,100,rv_5d,0.0
LMT,63,100,rv_10d,0.035065
LMT,63,100,rv_21d,0.011017
LMT,63,100,rv_63d,0.034406
LMT,63,100,rv_126d,0.015569
LMT,63,100,ewma_vol,0.111234
LMT,63,100,garch_cond_vol,0.036079
LMT,63,100,ret_TARGET,0.0
LMT,63,100,tech_RSI,0.004591
LMT,63,100,tech_MACD_hist,0.027344
LMT,63,100,ret_VIXY,0.0
LMT,63,100,mom21_VIXY,0.035201
LMT,63,100,ret_HYG,0.0
LMT,63,100,mom21_HYG,0.03133
LMT,63,100,ret_USO,0.0
LMT,63,100,mom21_USO,0.018169
LMT,63,100,ret_TLT,0.0
LMT,63,100,mom21_TLT,0.007373
LMT,63,100,ret_UUP,0.0
LMT,63,100,mom21_UUP,0.004835
LMT,63,100,ret_SPY,0.0
LMT,63,100,mom21_SPY,0.0
LMT,63,100,vol_vel,0.026403
LMT,63,100,vol_of_vol,0.02844
LMT,63,100,vol_regime_zscore,0.015187
LMT,63,100,vol_chg_21d,0.016087
LMT,63,100,event_fed_gravity,0.025966
LMT,63,100,event_earn_gravity,0.0
LMT,63,100,event_div_gravity,0.0
LMT,63,100,event_cpi_gravity,0.039874
LMT,63,100,event_nfp_gravity,0.060681
LMT,63,100,put_call_skew_30d,0.0
LMT,63,100,term_structure_slope,0.038064
LMT,63,100,vrp_wedge,0.007218
LMT,63,100,iv_atm_z_score,0.033812
LMT,63,100,macro_yield_curve_slope,0.071846
LMT,63,100,macro_hy_spread,0.016564
LMT,63,100,macro_hy_spread_chg_5d,0.005917
LMT,63,100,macro_breakeven_5y,0.009915
LMT,63,100,macro_inflation_fwd_5y5y,0.032763
LMT,63,100,macro_inflation_fwd_chg_21d,0.007781
LMT,63,100,macro_inflation_fwd_abs_chg_21d,0.004935
LMT,63,100,macro_inflation_fwd_chg_63d,0.007747
LMT,63,100,macro_inflation_fwd_zscore,0.01455
LMT,63,100,macro_dollar_ret,0.0
LMT,63,100,beta_spy,0.015461
LMT,63,100,res_vol,0.024205
LMT,63,100,res_vol_vel,0.039861
LMT,63,100,price_regime,0.012694
LMT,63,100,corr_sector_21d,0.019925
LMT,63,100,corr_sector_252d,0.039445
LMT,63,100,sector_wedge,0.012448
LMT,63,101,rv_5d,0.0
LMT,63,101,rv_10d,0.008617
LMT,63,101,rv_21d,0.025312
LMT,63,101,rv_63d,0.048211
LMT,63,101,rv_126d,0.018531
LMT,63,101,ewma_vol,0.084782
LMT,63,101,garch_cond_vol,0.029472
LMT,63,101,ret_TARGET,0.0
LMT,63,101,tech_RSI,0.007329
LMT,63,101,tech_MACD_hist,0.030555
LMT,63,101,ret_VIXY,0.0
LMT,63,101,mom21_VIXY,0.050914
LMT,63,101,ret_HYG,0.0
LMT,63,101,mom21_HYG,0.031548
LMT,63,101,ret_USO,0.0
LMT,63,101,mom21_USO,0.023779
LMT,63,101,ret_TLT,0.0
LMT,63,101,mom21_TLT,0.010254
LMT,63,101,ret_UUP,0.0
LMT,63,101,mom21_UUP,0.008132
LMT,63,101,ret_SPY,0.0
LMT,63,101,mom21_SPY,0.0
LMT,63,101,vol_vel,0.035425
LMT,63,101,vol_of_vol,0.016868
LMT,63,101,vol_regime_zscore,0.019717
LMT,63,101,vol_chg_21d,0.01391
LMT,63,101,event_fed_gravity,0.035822
LMT,63,101,event_earn_gravity,0.0
LMT,63,101,event_div_gravity,0.0
LMT,63,101,event_cpi_gravity,0.038036
LMT,63,101,event_nfp_gravity,0.047261
LMT,63,101,put_call_skew_30d,0.0
LMT,63,101,term_structure_slope,0.025769
LMT,63,101,vrp_wedge,0.012274
LMT,63,101,iv_atm_z_score,0.040425
LMT,63,101,macro_yield_curve_slope,0.086444
LMT,63,101,macro_hy_spread,0.02523
LMT,63,101,macro_hy_spread_chg_5d,0.006807
LMT,63,101,macro_breakeven_5y,0.016223
LMT,63,101,macro_inflation_fwd_5y5y,0.034165
LMT,63,101,macro_inflation_fwd_chg_21d,0.006704
LMT,63,101,macro_inflation_fwd_abs_chg_21d,0.004427
LMT,63,101,macro_inflation_fwd_chg_63d,0.010498
LMT,63,101,macro_inflation_fwd_zscore,0.008187
LMT,63,101,macro_dollar_ret,0.0
LMT,63,101,beta_spy,0.02198
LMT,63,101,res_vol,0.0448
LMT,63,101,res_vol_vel,0.0
LMT,63,101,price_regime,0.011794
LMT,63,101,corr_sector_21d,0.005007
LMT,63,101,corr_sector_252d,0.043155
LMT,63,101,sector_wedge,0.011634
LMT,63,102,rv_5d,0.003629
LMT,63,102,rv_10d,0.073312
LMT,63,102,rv_21d,0.041309
LMT,63,102,rv_63d,0.037246
LMT,63,102,rv_126d,0.013352
LMT,63,102,ewma_vol,0.024225
LMT,63,102,garch_cond_vol,0.01112
LMT,63,102,ret_TARGET,0.0
LMT,63,102,tech_RSI,0.005985
LMT,63,102,tech_MACD_hist,0.020255
LMT,63,102,ret_VIXY,0.0
LMT,63,102,mom21_VIXY,0.038783
LMT,63,102,ret_HYG,0.0
LMT,63,102,mom21_HYG,0.033878
LMT,63,102,ret_USO,0.0
LMT,63,102,mom21_USO,0.016927
LMT,63,102,ret_TLT,0.0
LMT,63,102,mom21_TLT,0.012678
LMT,63,102,ret_UUP,0.0
LMT,63,102,mom21_UUP,0.006649
LMT,63,102,ret_SPY,0.0
LMT,63,102,mom21_SPY,0.049985
LMT,63,102,vol_vel,0.033102
LMT,63,102,vol_of_vol,0.012467
LMT,63,102,vol_regime_zscore,0.021104
LMT,63,102,vol_chg_21d,0.007479
LMT,63,102,event_fed_gravity,0.034832
LMT,63,102,event_earn_gravity,0.0
LMT,63,102,event_div_gravity,0.0
LMT,63,102,event_cpi_gravity,0.02173
LMT,63,102,event_nfp_gravity,0.041518
LMT,63,102,put_call_skew_30d,0.038941
LMT,63,102,term_structure_slope,0.0
LMT,63,102,vrp_wedge,0.009921
LMT,63,102,iv_atm_z_score,0.044619
LMT,63,102,macro_yield_curve_slope,0.068544
LMT,63,102,macro_hy_spread,0.020363
LMT,63,102,macro_hy_spread_chg_5d,0.006339
LMT,63,102,macro_breakeven_5y,0.047286
LMT,63,102,macro_inflation_fwd_5y5y,0.04291
LMT,63,102,macro_inflation_fwd_chg_21d,0.004615
LMT,63,102,macro_inflation_fwd_abs_chg_21d,0.003649
LMT,63,102,macro_inflation_fwd_chg_63d,0.00786
LMT,63,102,macro_inflation_fwd_zscore,0.015072
LMT,63,102,macro_dollar_ret,0.0
LMT,63,102,beta_spy,0.016654
LMT,63,102,res_vol,0.04043
LMT,63,102,res_vol_vel,0.008123
LMT,63,102,price_regime,0.00996
LMT,63,102,corr_sector_21d,0.011738
LMT,63,102,corr_sector_252d,0.031412
LMT,63,102,sector_wedge,0.010001
LMT,63,103,rv_5d,0.146857
LMT,63,103,rv_10d,0.055197
LMT,63,103,rv_21d,0.045838
LMT,63,103,rv_63d,0.026776
LMT,63,103,rv_126d,0.012302
LMT,63,103,ewma_vol,0.04227
LMT,63,103,garch_cond_vol,0.008681
LMT,63,103,ret_TARGET,0.0
LMT,63,103,tech_RSI,0.006482
LMT,63,103,tech_MACD_hist,0.023181
LMT,63,103,ret_VIXY,0.0
LMT,63,103,mom21_VIXY,0.036044
LMT,63,103,ret_HYG,0.0
LMT,63,103,mom21_HYG,0.035649
LMT,63,103,ret_USO,0.0
LMT,63,103,mom21_USO,0.015445
LMT,63,103,ret_TLT,0.0
LMT,63,103,mom21_TLT,0.006291
LMT,63,103,ret_UUP,0.0
LMT,63,103,mom21_UUP,0.005846
LMT,63,103,ret_SPY,0.0
LMT,63,103,mom21_SPY,0.03571
LMT,63,103,vol_vel,0.025267
LMT,63,103,vol_of_vol,0.014233
LMT,63,103,vol_regime_zscore,0.013979
LMT,63,103,vol_chg_21d,0.006816
LMT,63,103,event_fed_gravity,0.029897
LMT,63,103,event_earn_gravity,0.0
LMT,63,103,event_div_gravity,0.0
LMT,63,103,event_cpi_gravity,0.020857
LMT,63,103,event_nfp_gravity,0.029537
LMT,63,103,put_call_skew_30d,0.011669
LMT,63,103,term_structure_slope,0.0
LMT,63,103,vrp_wedge,0.008091
LMT,63,103,iv_atm_z_score,0.032142
LMT,63,103,macro_yield_curve_slope,0.059792
LMT,63,103,macro_hy_spread,0.019323
LMT,63,103,macro_hy_spread_chg_5d,0.021098
LMT,63,103,macro_breakeven_5y,0.044255
LMT,63,103,macro_inflation_fwd_5y5y,0.027874
LMT,63,103,macro_inflation_fwd_chg_21d,0.004625
LMT,63,103,macro_inflation_fwd_abs_chg_21d,0.0
LMT,63,103,macro_inflation_fwd_chg_63d,0.006434
LMT,63,103,macro_inflation_fwd_zscore,0.018779
LMT,63,103,macro_dollar_ret,0.0
LMT,63,103,beta_spy,0.016079
LMT,63,103,res_vol,0.030092
LMT,63,103,res_vol_vel,0.0
LMT,63,103,price_regime,0.00881
LMT,63,103,corr_sector_21d,0.007023
LMT,63,103,corr_sector_252d,0.030946
LMT,63,103,sector_wedge,0.009815
LMT,63,104,rv_5d,0.148297
LMT,63,104,rv_10d,0.042611
LMT,63,104,rv_21d,0.047116
LMT,63,104,rv_63d,0.02847
LMT,63,104,rv_126d,0.013686
LMT,63,104,ewma_vol,0.048146
LMT,63,104,garch_cond_vol,0.008471
LMT,63,104,ret_TARGET,0.0
LMT,63,104,tech_RSI,0.005279
LMT,63,104,tech_MACD_hist,0.025079
LMT,63,104,ret_VIXY,0.0
LMT,63,104,mom21_VIXY,0.03103
LMT,63,104,ret_HYG,0.0
LMT,63,104,mom21_HYG,0.03443
LMT,63,104,ret_USO,0.0
LMT,63,104,mom21_USO,0.016215
LMT,63,104,ret_TLT,0.0
LMT,63,104,mom21_TLT,0.009008
LMT,63,104,ret_UUP,0.0
LMT,63,104,mom21_UUP,0.004079
LMT,63,104,ret_SPY,0.004175
LMT,63,104,mom21_SPY,0.033988
LMT,63,104,vol_vel,0.028288
LMT,63,104,vol_of_vol,0.01366
LMT,63,104,vol_regime_zscore,0.017735
LMT,63,104,vol_chg_21d,0.005924
LMT,63,104,event_fed_gravity,0.023838
LMT,63,104,event_earn_gravity,0.0
LMT,63,104,event_div_gravity,0.0
LMT,63,104,event_cpi_gravity,0.019343
LMT,63,104,event_nfp_gravity,0.026085
LMT,63,104,put_call_skew_30d,0.0
LMT,63,104,term_structure_slope,0.019673
LMT,63,104,vrp_wedge,0.007994
LMT,63,104,iv_atm_z_score,0.032344
LMT,63,104,macro_yield_curve_slope,0.060298
LMT,63,104,macro_hy_spread,0.020882
LMT,63,104,macro_hy_spread_chg_5d,0.024054
LMT,63,104,macro_breakeven_5y,0.046726
LMT,63,104,macro_inflation_fwd_5y5y,0.021544
LMT,63,104,macro_inflation_fwd_chg_21d,0.006595
LMT,63,104,macro_inflation_fwd_abs_chg_21d,0.004059
LMT,63,104,macro_inflation_fwd_chg_63d,0.006878
LMT,63,104,macro_inflation_fwd_zscore,0.012902
LMT,63,104,macro_dollar_ret,0.0
LMT,63,104,beta_spy,0.015557
LMT,63,104,res_vol,0.027849
LMT,63,104,res_vol_vel,0.0
LMT,63,104,price_regime,0.009671
LMT,63,104,corr_sector_21d,0.008699
LMT,63,104,corr_sector_252d,0.029864
LMT,63,104,sector_wedge,0.009456
LMT,63,105,rv_5d,0.014283
LMT,63,105,rv_10d,0.107357
LMT,63,105,rv_21d,0.053275
LMT,63,105,rv_63d,0.028431
LMT,63,105,rv_126d,0.014064
LMT,63,105,ewma_vol,0.038605
LMT,63,105,garch_cond_vol,0.009017
LMT,63,105,ret_TARGET,0.0
LMT,63,105,tech_RSI,0.004897
LMT,63,105,tech_MACD_hist,0.032128
LMT,63,105,ret_VIXY,0.0
LMT,63,105,mom21_VIXY,0.029194
LMT,63,105,ret_HYG,0.0
LMT,63,105,mom21_HYG,0.045185
LMT,63,105,ret_USO,0.0
LMT,63,105,mom21_USO,0.016207
LMT,63,105,ret_TLT,0.0
LMT,63,105,mom21_TLT,0.009891
LMT,63,105,ret_UUP,0.0
LMT,63,105,mom21_UUP,0.006108
LMT,63,105,ret_SPY,0.0
LMT,63,105,mom21_SPY,0.069144
LMT,63,105,vol_vel,0.029205
LMT,63,105,vol_of_vol,0.01502
LMT,63,105,vol_regime_zscore,0.013718
LMT,63,105,vol_chg_21d,0.016693
LMT,63,105,event_fed_gravity,0.021973
LMT,63,105,event_earn_gravity,0.0
LMT,63,105,event_div_gravity,0.0
LMT,63,105,event_cpi_gravity,0.028234
LMT,63,105,event_nfp_gravity,0.031891
LMT,63,105,put_call_skew_30d,0.011263
LMT,63,105,term_structure_slope,0.0
LMT,63,105,vrp_wedge,0.00941
LMT,63,105,iv_atm_z_score,0.038487
LMT,63,105,macro_yield_curve_slope,0.05928
LMT,63,105,macro_hy_spread,0.023452
LMT,63,105,macro_hy_spread_chg_5d,0.003555
LMT,63,105,macro_breakeven_5y,0.035363
LMT,63,105,macro_inflation_fwd_5y5y,0.031154
LMT,63,105,macro_inflation_fwd_chg_21d,0.005368
LMT,63,105,macro_inflation_fwd_abs_chg_21d,0.004051
LMT,63,105,macro_inflation_fwd_chg_63d,0.008895
LMT,63,105,macro_inflation_fwd_zscore,0.01667
LMT,63,105,macro_dollar_ret,0.0
LMT,63,105,beta_spy,0.021
LMT,63,105,res_vol,0.031655
LMT,63,105,res_vol_vel,0.0
LMT,63,105,price_regime,0.010605
LMT,63,105,corr_sector_21d,0.010951
LMT,63,105,corr_sector_252d,0.035362
LMT,63,105,sector_wedge,0.008959
LMT,63,106,rv_5d,0.028381
LMT,63,106,rv_10d,0.061202
LMT,63,106,rv_21d,0.062493
LMT,63,106,rv_63d,0.028643
LMT,63,106,rv_126d,0.015481
LMT,63,106,ewma_vol,0.017855
LMT,63,106,garch_cond_vol,0.015871
LMT,63,106,ret_TARGET,0.0
LMT,63,106,tech_RSI,0.00803
LMT,63,106,tech_MACD_hist,0.025664
LMT,63,106,ret_VIXY,0.0
LMT,63,106,mom21_VIXY,0.042568
LMT,63,106,ret_HYG,0.004053
LMT,63,106,mom21_HYG,0.045586
LMT,63,106,ret_USO,0.0
LMT,63,106,mom21_USO,0.013749
LMT,63,106,ret_TLT,0.0
LMT,63,106,mom21_TLT,0.010886
LMT,63,106,ret_UUP,0.0
LMT,63,106,mom21_UUP,0.008433
LMT,63,106,ret_SPY,0.005649
LMT,63,106,mom21_SPY,0.034519
LMT,63,106,vol_vel,0.025995
LMT,63,106,vol_of_vol,0.017184
LMT,63,106,vol_regime_zscore,0.020004
LMT,63,106,vol_chg_21d,0.017293
LMT,63,106,event_fed_gravity,0.019905
LMT,63,106,event_earn_gravity,0.0
LMT,63,106,event_div_gravity,0.0
LMT,63,106,event_cpi_gravity,0.024254
LMT,63,106,event_nfp_gravity,0.036679
LMT,63,106,put_call_skew_30d,0.007494
LMT,63,106,term_structure_slope,0.004488
LMT,63,106,vrp_wedge,0.009278
LMT,63,106,iv_atm_z_score,0.043674
LMT,63,106,macro_yield_curve_slope,0.061006
LMT,63,106,macro_hy_spread,0.027677
LMT,63,106,macro_hy_spread_chg_5d,0.006209
LMT,63,106,macro_breakeven_5y,0.056065
LMT,63,106,macro_inflation_fwd_5y5y,0.037494
LMT,63,106,macro_inflation_fwd_chg_21d,0.005545
LMT,63,106,macro_inflation_fwd_abs_chg_21d,0.004445
LMT,63,106,macro_inflation_fwd_chg_63d,0.011633
LMT,63,106,macro_inflation_fwd_zscore,0.015229
LMT,63,106,macro_dollar_ret,0.0
LMT,63,106,beta_spy,0.014147
LMT,63,106,res_vol,0.032534
LMT,63,106,res_vol_vel,0.004257
LMT,63,106,price_regime,0.011973
LMT,63,106,corr_sector_21d,0.009647
LMT,63,106,corr_sector_252d,0.035627
LMT,63,106,sector_wedge,0.011202
LMT,63,107,rv_5d,0.040249
LMT,63,107,rv_10d,0.06865
LMT,63,107,rv_21d,0.061348
LMT,63,107,rv_63d,0.029778
LMT,63,107,rv_126d,0.014244
LMT,63,107,ewma_vol,0.023301
LMT,63,107,garch_cond_vol,0.009475
LMT,63,107,ret_TARGET,0.0
LMT,63,107,tech_RSI,0.006543
LMT,63,107,tech_MACD_hist,0.021747
LMT,63,107,ret_VIXY,0.0
LMT,63,107,mom21_VIXY,0.037955
LMT,63,107,ret_HYG,0.0
LMT,63,107,mom21_HYG,0.039456
LMT,63,107,ret_USO,0.0
LMT,63,107,mom21_USO,0.012081
LMT,63,107,ret_TLT,0.0
LMT,63,107,mom21_TLT,0.008115
LMT,63,107,ret_UUP,0.0
LMT,63,107,mom21_UUP,0.008346
LMT,63,107,ret_SPY,0.0
LMT,63,107,mom21_SPY,0.073853
LMT,63,107,vol_vel,0.026962
LMT,63,107,vol_of_vol,0.014961
LMT,63,107,vol_regime_zscore,0.013446
LMT,63,107,vol_chg_21d,0.025952
LMT,63,107,event_fed_gravity,0.020967
LMT,63,107,event_earn_gravity,0.0
LMT,63,107,event_div_gravity,0.0
LMT,63,107,event_cpi_gravity,0.024616
LMT,63,107,event_nfp_gravity,0.027487
LMT,63,107,put_call_skew_30d,0.006794
LMT,63,107,term_structure_slope,0.004133
LMT,63,107,vrp_wedge,0.008622
LMT,63,107,iv_atm_z_score,0.031738
LMT,63,107,macro_yield_curve_slope,0.053037
LMT,63,107,macro_hy_spread,0.019641
LMT,63,107,macro_hy_spread_chg_5d,0.040338
LMT,63,107,macro_breakeven_5y,0.060945
LMT,63,107,macro_inflation_fwd_5y5y,0.028573
LMT,63,107,macro_inflation_fwd_chg_21d,0.00476
LMT,63,107,macro_inflation_fwd_abs_chg_21d,0.0
LMT,63,107,macro_inflation_fwd_chg_63d,0.008751
LMT,63,107,macro_inflation_fwd_zscore,0.016687
LMT,63,107,macro_dollar_ret,0.0
LMT,63,107,beta_spy,0.010449
LMT,63,107,res_vol,0.032442
LMT,63,107,res_vol_vel,0.0
LMT,63,107,price_regime,0.015019
LMT,63,107,corr_sector_21d,0.007096
LMT,63,107,corr_sector_252d,0.031581
LMT,63,107,sector_wedge,0.009865
LMT,63,108,rv_5d,0.013887
LMT,63,108,rv_10d,0.080405
LMT,63,108,rv_21d,0.069393
LMT,63,108,rv_63d,0.027875
LMT,63,108,rv_126d,0.01467
LMT,63,108,ewma_vol,0.027814
LMT,63,108,garch_cond_vol,0.019071
LMT,63,108,ret_TARGET,0.0
LMT,63,108,tech_RSI,0.006119
LMT,63,108,tech_MACD_hist,0.026271
LMT,63,108,ret_VIXY,0.0
LMT,63,108,mom21_VIXY,0.034056
LMT,63,108,ret_HYG,0.0
LMT,63,108,mom21_HYG,0.041682
LMT,63,108,ret_USO,0.0
LMT,63,108,mom21_USO,0.014597
LMT,63,108,ret_TLT,0.0
LMT,63,108,mom21_TLT,0.009106
LMT,63,108,ret_UUP,0.0
LMT,63,108,mom21_UUP,0.006121
LMT,63,108,ret_SPY,0.003948
LMT,63,108,mom21_SPY,0.054831
LMT,63,108,vol_vel,0.020729
LMT,63,108,vol_of_vol,0.009577
LMT,63,108,vol_regime_zscore,0.014449
LMT,63,108,vol_chg_21d,0.01678
LMT,63,108,event_fed_gravity,0.017248
LMT,63,108,event_earn_gravity,0.0
LMT,63,108,event_div_gravity,0.0
LMT,63,108,event_cpi_gravity,0.026186
LMT,63,108,event_nfp_gravity,0.028067
LMT,63,108,put_call_skew_30d,0.0082
LMT,63,108,term_structure_slope,0.003655
LMT,63,108,vrp_wedge,0.007947
LMT,63,108,iv_atm_z_score,0.036069
LMT,63,108,macro_yield_curve_slope,0.05887
LMT,63,108,macro_hy_spread,0.022454
LMT,63,108,macro_hy_spread_chg_5d,0.02422
LMT,63,108,macro_breakeven_5y,0.063278
LMT,63,108,macro_inflation_fwd_5y5y,0.032417
LMT,63,108,macro_inflation_fwd_chg_21d,0.007261
LMT,63,108,macro_inflation_fwd_abs_chg_21d,0.003787
LMT,63,108,macro_inflation_fwd_chg_63d,0.010664
LMT,63,108,macro_inflation_fwd_zscore,0.020003
LMT,63,108,macro_dollar_ret,0.0
LMT,63,108,beta_spy,0.015472
LMT,63,108,res_vol,0.030584
LMT,63,108,res_vol_vel,0.0
LMT,63,108,price_regime,0.011314
LMT,63,108,corr_sector_21d,0.01497
LMT,63,108,corr_sector_252d,0.035413
LMT,63,108,sector_wedge,0.010541
LMT,63,109,rv_5d,0.03988
LMT,63,109,rv_10d,0.067759
LMT,63,109,rv_21d,0.070225
LMT,63,109,rv_63d,0.0306
LMT,63,109,rv_126d,0.01594
LMT,63,109,ewma_vol,0.024558
LMT,63,109,garch_cond_vol,0.010516
LMT,63,109,ret_TARGET,0.0
LMT,63,109,tech_RSI,0.010157
LMT,63,109,tech_MACD_hist,0.034
LMT,63,109,ret_VIXY,0.0
LMT,63,109,mom21_VIXY,0.032214
LMT,63,109,ret_HYG,0.0
LMT,63,109,mom21_HYG,0.042583
LMT,63,109,ret_USO,0.0
LMT,63,109,mom21_USO,0.015358
LMT,63,109,ret_TLT,0.0
LMT,63,109,mom21_TLT,0.008615
LMT,63,109,ret_UUP,0.0
LMT,63,109,mom21_UUP,0.00648
LMT,63,109,ret_SPY,0.004734
LMT,63,109,mom21_SPY,0.040831
LMT,63,109,vol_vel,0.017695
LMT,63,109,vol_of_vol,0.006406
LMT,63,109,vol_regime_zscore,0.014259
LMT,63,109,vol_chg_21d,0.004152
LMT,63,109,event_fed_gravity,0.02094
LMT,63,109,event_earn_gravity,0.0
LMT,63,109,event_div_gravity,0.0
LMT,63,109,event_cpi_gravity,0.02397
LMT,63,109,event_nfp_gravity,0.034317
LMT,63,109,put_call_skew_30d,0.011406
LMT,63,109,term_structure_slope,0.004083
LMT,63,109,vrp_wedge,0.009682
LMT,63,109,iv_atm_z_score,0.036773
LMT,63,109,macro_yield_curve_slope,0.061302
LMT,63,109,macro_hy_spread,0.021547
LMT,63,109,macro_hy_spread_chg_5d,0.042861
LMT,63,109,macro_breakeven_5y,0.065039
LMT,63,109,macro_inflation_fwd_5y5y,0.026833
LMT,63,109,macro_inflation_fwd_chg_21d,0.00495
LMT,63,109,macro_inflation_fwd_abs_chg_21d,0.005848
LMT,63,109,macro_inflation_fwd_chg_63d,0.009984
LMT,63,109,macro_inflation_fwd_zscore,0.014677
LMT,63,109,macro_dollar_ret,0.0
LMT,63,109,beta_spy,0.012732
LMT,63,109,res_vol,0.031064
LMT,63,109,res_vol_vel,0.0
LMT,63,109,price_regime,0.012591
LMT,63,109,corr_sector_21d,0.009963
LMT,63,109,corr_sector_252d,0.033494
LMT,63,109,sector_wedge,0.008981
LMT,63,110,rv_5d,0.0176
LMT,63,110,rv_10d,0.053858
LMT,63,110,rv_21d,0.086391
LMT,63,110,rv_63d,0.027491
LMT,63,110,rv_126d,0.014406
LMT,63,110,ewma_vol,0.019818
LMT,63,110,garch_cond_vol,0.009632
LMT,63,110,ret_TARGET,0.0
LMT,63,110,tech_RSI,0.004698
LMT,63,110,tech_MACD_hist,0.035723
LMT,63,110,ret_VIXY,0.0
LMT,63,110,mom21_VIXY,0.031533
LMT,63,110,ret_HYG,0.0
LMT,63,110,mom21_HYG,0.047108
LMT,63,110,ret_USO,0.0
LMT,63,110,mom21_USO,0.014464
LMT,63,110,ret_TLT,0.0
LMT,63,110,mom21_TLT,0.008887
LMT,63,110,ret_UUP,0.0
LMT,63,110,mom21_UUP,0.006583
LMT,63,110,ret_SPY,0.0
LMT,63,110,mom21_SPY,0.049998
LMT,63,110,vol_vel,0.020725
LMT,63,110,vol_of_vol,0.012519
LMT,63,110,vol_regime_zscore,0.013213
LMT,63,110,vol_chg_21d,0.0
LMT,63,110,event_fed_gravity,0.024687
LMT,63,110,event_earn_gravity,0.0
LMT,63,110,event_div_gravity,0.0
LMT,63,110,event_cpi_gravity,0.024883
LMT,63,110,event_nfp_gravity,0.029307
LMT,63,110,put_call_skew_30d,0.013349
LMT,63,110,term_structure_slope,0.0
LMT,63,110,vrp_wedge,0.011412
LMT,63,110,iv_atm_z_score,0.040173
LMT,63,110,macro_yield_curve_slope,0.063563
LMT,63,110,macro_hy_spread,0.024308
LMT,63,110,macro_hy_spread_chg_5d,0.023839
LMT,63,110,macro_breakeven_5y,0.07117
LMT,63,110,macro_inflation_fwd_5y5y,0.040838
LMT,63,110,macro_inflation_fwd_chg_21d,0.004689
LMT,63,110,macro_inflation_fwd_abs_chg_21d,0.004424
LMT,63,110,macro_inflation_fwd_chg_63d,0.012648
LMT,63,110,macro_inflation_fwd_zscore,0.014748
LMT,63,110,macro_dollar_ret,0.0
LMT,63,110,beta_spy,0.011401
LMT,63,110,res_vol,0.039041
LMT,63,110,res_vol_vel,0.0
LMT,63,110,price_regime,0.013092
LMT,63,110,corr_sector_21d,0.010245
LMT,63,110,corr_sector_252d,0.034342
LMT,63,110,sector_wedge,0.013194
LMT,63,111,rv_5d,0.015598
LMT,63,111,rv_10d,0.109347
LMT,63,111,rv_21d,0.063948
LMT,63,111,rv_63d,0.027496
LMT,63,111,rv_126d,0.014027
LMT,63,111,ewma_vol,0.019804
LMT,63,111,garch_cond_vol,0.009152
LMT,63,111,ret_TARGET,0.0
LMT,63,111,tech_RSI,0.006322
LMT,63,111,tech_MACD_hist,0.024857
LMT,63,111,ret_VIXY,0.0
LMT,63,111,mom21_VIXY,0.027546
LMT,63,111,ret_HYG,0.0
LMT,63,111,mom21_HYG,0.045931
LMT,63,111,ret_USO,0.0
LMT,63,111,mom21_USO,0.012043
LMT,63,111,ret_TLT,0.0
LMT,63,111,mom21_TLT,0.006917
LMT,63,111,ret_UUP,0.0
LMT,63,111,mom21_UUP,0.006681
LMT,63,111,ret_SPY,0.0
LMT,63,111,mom21_SPY,0.052481
LMT,63,111,vol_vel,0.016314
LMT,63,111,vol_of_vol,0.012195
LMT,63,111,vol_regime_zscore,0.01243
LMT,63,111,vol_chg_21d,0.0
LMT,63,111,event_fed_gravity,0.02595
LMT,63,111,event_earn_gravity,0.0
LMT,63,111,event_div_gravity,0.0
LMT,63,111,event_cpi_gravity,0.014486
LMT,63,111,event_nfp_gravity,0.042818
LMT,63,111,put_call_skew_30d,0.011252
LMT,63,111,term_structure_slope,0.0
LMT,63,111,vrp_wedge,0.012698
LMT,63,111,iv_atm_z_score,0.036948
LMT,63,111,macro_yield_curve_slope,0.056345
LMT,63,111,macro_hy_spread,0.020487
LMT,63,111,macro_hy_spread_chg_5d,0.038033
LMT,63,111,macro_breakeven_5y,0.066559
LMT,63,111,macro_inflation_fwd_5y5y,0.038213
LMT,63,111,macro_inflation_fwd_chg_21d,0.005555
LMT,63,111,macro_inflation_fwd_abs_chg_21d,0.004795
LMT,63,111,macro_inflation_fwd_chg_63d,0.008267
LMT,63,111,macro_inflation_fwd_zscore,0.013366
LMT,63,111,macro_dollar_ret,0.0
LMT,63,111,beta_spy,0.011513
LMT,63,111,res_vol,0.031859
LMT,63,111,res_vol_vel,0.013583
LMT,63,111,price_regime,0.010263
LMT,63,111,corr_sector_21d,0.009564
LMT,63,111,corr_sector_252d,0.033456
LMT,63,111,sector_wedge,0.010903
LMT,63,112,rv_5d,0.024827
LMT,63,112,rv_10d,0.05678
LMT,63,112,rv_21d,0.086799
LMT,63,112,rv_63d,0.027689
LMT,63,112,rv_126d,0.014851
LMT,63,112,ewma_vol,0.01782
LMT,63,112,garch_cond_vol,0.011884
LMT,63,112,ret_TARGET,0.0
LMT,63,112,tech_RSI,0.005898
LMT,63,112,tech_MACD_hist,0.01914
LMT,63,112,ret_VIXY,0.0
LMT,63,112,mom21_VIXY,0.030827
LMT,63,112,ret_HYG,0.0
LMT,63,112,mom21_HYG,0.0536
LMT,63,112,ret_USO,0.0
LMT,63,112,mom21_USO,0.016523
LMT,63,112,ret_TLT,0.0
LMT,63,112,mom21_TLT,0.008293
LMT,63,112,ret_UUP,0.0
LMT,63,112,mom21_UUP,0.007051
LMT,63,112,ret_SPY,0.0
LMT,63,112,mom21_SPY,0.061991
LMT,63,112,vol_vel,0.02146
LMT,63,112,vol_of_vol,0.011674
LMT,63,112,vol_regime_zscore,0.018747
LMT,63,112,vol_chg_21d,0.0
LMT,63,112,event_fed_gravity,0.025176
LMT,63,112,event_earn_gravity,0.0
LMT,63,112,event_div_gravity,0.0
LMT,63,112,event_cpi_gravity,0.020351
LMT,63,112,event_nfp_gravity,0.030149
LMT,63,112,put_call_skew_30d,0.010405
LMT,63,112,term_structure_slope,0.0
LMT,63,112,vrp_wedge,0.011169
LMT,63,112,iv_atm_z_score,0.038767
LMT,63,112,macro_yield_curve_slope,0.062866
LMT,63,112,macro_hy_spread,0.023375
LMT,63,112,macro_hy_spread_chg_5d,0.015806
LMT,63,112,macro_breakeven_5y,0.067606
LMT,63,112,macro_inflation_fwd_5y5y,0.044305
LMT,63,112,macro_inflation_fwd_chg_21d,0.00638
LMT,63,112,macro_inflation_fwd_abs_chg_21d,0.004805
LMT,63,112,macro_inflation_fwd_chg_63d,0.01118
LMT,63,112,macro_inflation_fwd_zscore,0.015844
LMT,63,112,macro_dollar_ret,0.0
LMT,63,112,beta_spy,0.009899
LMT,63,112,res_vol,0.033248
LMT,63,112,res_vol_vel,0.0
LMT,63,112,price_regime,0.014004
LMT,63,112,corr_sector_21d,0.011137
LMT,63,112,corr_sector_252d,0.036536
LMT,63,112,sector_wedge,0.011136
LMT,63,113,rv_5d,0.058195
LMT,63,113,rv_10d,0.075317
LMT,63,113,rv_21d,0.063128
LMT,63,113,rv_63d,0.03145
LMT,63,113,rv_126d,0.016453
LMT,63,113,ewma_vol,0.023906
LMT,63,113,garch_cond_vol,0.007062
LMT,63,113,ret_TARGET,0.0
LMT,63,113,tech_RSI,0.008336
LMT,63,113,tech_MACD_hist,0.028803
LMT,63,113,ret_VIXY,0.0
LMT,63,113,mom21_VIXY,0.037276
LMT,63,113,ret_HYG,0.0
LMT,63,113,mom21_HYG,0.045798
LMT,63,113,ret_USO,0.0
LMT,63,113,mom21_USO,0.014352
LMT,63,113,ret_TLT,0.0
LMT,63,113,mom21_TLT,0.008083
LMT,63,113,ret_UUP,0.0
LMT,63,113,mom21_UUP,0.00457
LMT,63,113,ret_SPY,0.0
LMT,63,113,mom21_SPY,0.043889
LMT,63,113,vol_vel,0.020236
LMT,63,113,vol_of_vol,0.006764
LMT,63,113,vol_regime_zscore,0.012686
LMT,63,113,vol_chg_21d,0.0
LMT,63,113,event_fed_gravity,0.028961
LMT,63,113,event_earn_gravity,0.0
LMT,63,113,event_div_gravity,0.0
LMT,63,113,event_cpi_gravity,0.017612
LMT,63,113,event_nfp_gravity,0.024682
LMT,63,113,put_call_skew_30d,0.013005
LMT,63,113,term_structure_slope,0.0
LMT,63,113,vrp_wedge,0.01055
LMT,63,113,iv_atm_z_score,0.034039
LMT,63,113,macro_yield_curve_slope,0.065021
LMT,63,113,macro_hy_spread,0.021403
LMT,63,113,macro_hy_spread_chg_5d,0.010958
LMT,63,113,macro_breakeven_5y,0.074097
LMT,63,113,macro_inflation_fwd_5y5y,0.037201
LMT,63,113,macro_inflation_fwd_chg_21d,0.005636
LMT,63,113,macro_inflation_fwd_abs_chg_21d,0.005212
LMT,63,113,macro_inflation_fwd_chg_63d,0.010749
LMT,63,113,macro_inflation_fwd_zscore,0.019245
LMT,63,113,macro_dollar_ret,0.0
LMT,63,113,beta_spy,0.011277
LMT,63,113,res_vol,0.036671
LMT,63,113,res_vol_vel,0.0
LMT,63,113,price_regime,0.0135
LMT,63,113,corr_sector_21d,0.011024
LMT,63,113,corr_sector_252d,0.035273
LMT,63,113,sector_wedge,0.007582
LMT,63,114,rv_5d,0.034316
LMT,63,114,rv_10d,0.064669
LMT,63,114,rv_21d,0.078312
LMT,63,114,rv_63d,0.031361
LMT,63,114,rv_126d,0.014596
LMT,63,114,ewma_vol,0.018541
LMT,63,114,garch_cond_vol,0.011467
LMT,63,114,ret_TARGET,0.0
LMT,63,114,tech_RSI,0.006224
LMT,63,114,tech_MACD_hist,0.023021
LMT,63,114,ret_VIXY,0.0
LMT,63,114,mom21_VIXY,0.026818
LMT,63,114,ret_HYG,0.0
LMT,63,114,mom21_HYG,0.045953
LMT,63,114,ret_USO,0.0
LMT,63,114,mom21_USO,0.014444
LMT,63,114,ret_TLT,0.0
LMT,63,114,mom21_TLT,0.009604
LMT,63,114,ret_UUP,0.0
LMT,63,114,mom21_UUP,0.006322
LMT,63,114,ret_SPY,0.0
LMT,63,114,mom21_SPY,0.058852
LMT,63,114,vol_vel,0.025491
LMT,63,114,vol_of_vol,0.016224
LMT,63,114,vol_regime_zscore,0.019688
LMT,63,114,vol_chg_21d,0.0
LMT,63,114,event_fed_gravity,0.019308
LMT,63,114,event_earn_gravity,0.0
LMT,63,114,event_div_gravity,0.0
LMT,63,114,event_cpi_gravity,0.024037
LMT,63,114,event_nfp_gravity,0.04535
LMT,63,114,put_call_skew_30d,0.009972
LMT,63,114,term_structure_slope,0.0
LMT,63,114,vrp_wedge,0.009001
LMT,63,114,iv_atm_z_score,0.036597
LMT,63,114,macro_yield_curve_slope,0.062001
LMT,63,114,macro_hy_spread,0.021383
LMT,63,114,macro_hy_spread_chg_5d,0.020027
LMT,63,114,macro_breakeven_5y,0.054596
LMT,63,114,macro_inflation_fwd_5y5y,0.024753
LMT,63,114,macro_inflation_fwd_chg_21d,0.004513
LMT,63,114,macro_inflation_fwd_abs_chg_21d,0.005676
LMT,63,114,macro_inflation_fwd_chg_63d,0.009675
LMT,63,114,macro_inflation_fwd_zscore,0.025389
LMT,63,114,macro_dollar_ret,0.0
LMT,63,114,beta_spy,0.010213
LMT,63,114,res_vol,0.034881
LMT,63,114,res_vol_vel,0.0
LMT,63,114,price_regime,0.012895
LMT,63,114,corr_sector_21d,0.013989
LMT,63,114,corr_sector_252d,0.036731
LMT,63,114,sector_wedge,0.013111
LMT,63,115,rv_5d,0.073259
LMT,63,115,rv_10d,0.073704
LMT,63,115,rv_21d,0.068363
LMT,63,115,rv_63d,0.035943
LMT,63,115,rv_126d,0.01599
LMT,63,115,ewma_vol,0.028656
LMT,63,115,garch_cond_vol,0.00875
LMT,63,115,ret_TARGET,0.0
LMT,63,115,tech_RSI,0.006672
LMT,63,115,tech_MACD_hist,0.015271
LMT,63,115,ret_VIXY,0.0
LMT,63,115,mom21_VIXY,0.038573
LMT,63,115,ret_HYG,0.0
LMT,63,115,mom21_HYG,0.038482
LMT,63,115,ret_USO,0.0
LMT,63,115,mom21_USO,0.016321
LMT,63,115,ret_TLT,0.0
LMT,63,115,mom21_TLT,0.008994
LMT,63,115,ret_UUP,0.0
LMT,63,115,mom21_UUP,0.007462
LMT,63,115,ret_SPY,0.0
LMT,63,115,mom21_SPY,0.060402
LMT,63,115,vol_vel,0.019916
LMT,63,115,vol_of_vol,0.013182
LMT,63,115,vol_regime_zscore,0.017488
LMT,63,115,vol_chg_21d,0.0
LMT,63,115,event_fed_gravity,0.020285
LMT,63,115,event_earn_gravity,0.0
LMT,63,115,event_div_gravity,0.0
LMT,63,115,event_cpi_gravity,0.022533
LMT,63,115,event_nfp_gravity,0.034817
LMT,63,115,put_call_skew_30d,0.011772
LMT,63,115,term_structure_slope,0.005584
LMT,63,115,vrp_wedge,0.013371
LMT,63,115,iv_atm_z_score,0.03126
LMT,63,115,macro_yield_curve_slope,0.055775
LMT,63,115,macro_hy_spread,0.022424
LMT,63,115,macro_hy_spread_chg_5d,0.0
LMT,63,115,macro_breakeven_5y,0.048696
LMT,63,115,macro_inflation_fwd_5y5y,0.026743
LMT,63,115,macro_inflation_fwd_chg_21d,0.01075
LMT,63,115,macro_inflation_fwd_abs_chg_21d,0.006324
LMT,63,115,macro_inflation_fwd_chg_63d,0.010005
LMT,63,115,macro_inflation_fwd_zscore,0.01902
LMT,63,115,macro_dollar_ret,0.0
LMT,63,115,beta_spy,0.010243
LMT,63,115,res_vol,0.034247
LMT,63,115,res_vol_vel,0.0
LMT,63,115,price_regime,0.015779
LMT,63,115,corr_sector_21d,0.010294
LMT,63,115,corr_sector_252d,0.033062
LMT,63,115,sector_wedge,0.009585
LMT,63,116,rv_5d,0.027773
LMT,63,116,rv_10d,0.062273
LMT,63,116,rv_21d,0.077316
LMT,63,116,rv_63d,0.031911
LMT,63,116,rv_126d,0.016234
LMT,63,116,ewma_vol,0.023252
LMT,63,116,garch_cond_vol,0.011118
LMT,63,116,ret_TARGET,0.0
LMT,63,116,tech_RSI,0.005383
LMT,63,116,tech_MACD_hist,0.015515
LMT,63,116,ret_VIXY,0.0
LMT,63,116,mom21_VIXY,0.029163
LMT,63,116,ret_HYG,0.0
LMT,63,116,mom21_HYG,0.043457
LMT,63,116,ret_USO,0.0
LMT,63,116,mom21_USO,0.015819
LMT,63,116,ret_TLT,0.0
LMT,63,116,mom21_TLT,0.009041
LMT,63,116,ret_UUP,0.0
LMT,63,116,mom21_UUP,0.005141
LMT,63,116,ret_SPY,0.005471
LMT,63,116,mom21_SPY,0.055508
LMT,63,116,vol_vel,0.024707
LMT,63,116,vol_of_vol,0.016519
LMT,63,116,vol_regime_zscore,0.017669
LMT,63,116,vol_chg_21d,0.0
LMT,63,116,event_fed_gravity,0.020432
LMT,63,116,event_earn_gravity,0.0
LMT,63,116,event_div_gravity,0.0
LMT,63,116,event_cpi_gravity,0.023639
LMT,63,116,event_nfp_gravity,0.035112
LMT,63,116,put_call_skew_30d,0.008777
LMT,63,116,term_structure_slope,0.003946
LMT,63,116,vrp_wedge,0.01015
LMT,63,116,iv_atm_z_score,0.040462
LMT,63,116,macro_yield_curve_slope,0.05608
LMT,63,116,macro_hy_spread,0.02106
LMT,63,116,macro_hy_spread_chg_5d,0.039915
LMT,63,116,macro_breakeven_5y,0.050926
LMT,63,116,macro_inflation_fwd_5y5y,0.039678
LMT,63,116,macro_inflation_fwd_chg_21d,0.006003
LMT,63,116,macro_inflation_fwd_abs_chg_21d,0.007099
LMT,63,116,macro_inflation_fwd_chg_63d,0.009929
LMT,63,116,macro_inflation_fwd_zscore,0.0212
LMT,63,116,macro_dollar_ret,0.0
LMT,63,116,beta_spy,0.010336
LMT,63,116,res_vol,0.035693
LMT,63,116,res_vol_vel,0.0
LMT,63,116,price_regime,0.013728
LMT,63,116,corr_sector_21d,0.010482
LMT,63,116,corr_sector_252d,0.033381
LMT,63,116,sector_wedge,0.008703
LMT,63,117,rv_5d,0.03082
LMT,63,117,rv_10d,0.07373
LMT,63,117,rv_21d,0.073999
LMT,63,117,rv_63d,0.033684
LMT,63,117,rv_126d,0.015556
LMT,63,117,ewma_vol,0.025244
LMT,63,117,garch_cond_vol,0.006002
LMT,63,117,ret_TARGET,0.0
LMT,63,117,tech_RSI,0.005482
LMT,63,117,tech_MACD_hist,0.013686
LMT,63,117,ret_VIXY,0.0
LMT,63,117,mom21_VIXY,0.029556
LMT,63,117,ret_HYG,0.0
LMT,63,117,mom21_HYG,0.046882
LMT,63,117,ret_USO,0.0
LMT,63,117,mom21_USO,0.015032
LMT,63,117,ret_TLT,0.0
LMT,63,117,mom21_TLT,0.00685
LMT,63,117,ret_UUP,0.0
LMT,63,117,mom21_UUP,0.005674
LMT,63,117,ret_SPY,0.0
LMT,63,117,mom21_SPY,0.047462
LMT,63,117,vol_vel,0.020034
LMT,63,117,vol_of_vol,0.014762
LMT,63,117,vol_regime_zscore,0.019583
LMT,63,117,vol_chg_21d,0.00412
LMT,63,117,event_fed_gravity,0.02587
LMT,63,117,event_earn_gravity,0.0
LMT,63,117,event_div_gravity,0.0
LMT,63,117,event_cpi_gravity,0.019626
LMT,63,117,event_nfp_gravity,0.033408
LMT,63,117,put_call_skew_30d,0.014986
LMT,63,117,term_structure_slope,0.0
LMT,63,117,vrp_wedge,0.01432
LMT,63,117,iv_atm_z_score,0.036944
LMT,63,117,macro_yield_curve_slope,0.059794
LMT,63,117,macro_hy_spread,0.02206
LMT,63,117,macro_hy_spread_chg_5d,0.046011
LMT,63,117,macro_breakeven_5y,0.051647
LMT,63,117,macro_inflation_fwd_5y5y,0.037401
LMT,63,117,macro_inflation_fwd_chg_21d,0.0
LMT,63,117,macro_inflation_fwd_abs_chg_21d,0.007689
LMT,63,117,macro_inflation_fwd_chg_63d,0.008218
LMT,63,117,macro_inflation_fwd_zscore,0.016315
LMT,63,117,macro_dollar_ret,0.0
LMT,63,117,beta_spy,0.014579
LMT,63,117,res_vol,0.036629
LMT,63,117,res_vol_vel,0.0
LMT,63,117,price_regime,0.011569
LMT,63,117,corr_sector_21d,0.012535
LMT,63,117,corr_sector_252d,0.033103
LMT,63,117,sector_wedge,0.009141
LMT,63,118,rv_5d,0.030824
LMT,63,118,rv_10d,0.063803
LMT,63,118,rv_21d,0.092729
LMT,63,118,rv_63d,0.034504
LMT,63,118,rv_126d,0.015865
LMT,63,118,ewma_vol,0.02464
LMT,63,118,garch_cond_vol,0.0072
LMT,63,118,ret_TARGET,0.0
LMT,63,118,tech_RSI,0.007085
LMT,63,118,tech_MACD_hist,0.013921
LMT,63,118,ret_VIXY,0.0
LMT,63,118,mom21_VIXY,0.032313
LMT,63,118,ret_HYG,0.0
LMT,63,118,mom21_HYG,0.039843
LMT,63,118,ret_USO,0.0
LMT,63,118,mom21_USO,0.014616
LMT,63,118,ret_TLT,0.0
LMT,63,118,mom21_TLT,0.006152
LMT,63,118,ret_UUP,0.0
LMT,63,118,mom21_UUP,0.007014
LMT,63,118,ret_SPY,0.0
LMT,63,118,mom21_SPY,0.038566
LMT,63,118,vol_vel,0.0237
LMT,63,118,vol_of_vol,0.012977
LMT,63,118,vol_regime_zscore,0.019893
LMT,63,118,vol_chg_21d,0.009969
LMT,63,118,event_fed_gravity,0.025647
LMT,63,118,event_earn_gravity,0.0
LMT,63,118,event_div_gravity,0.0
LMT,63,118,event_cpi_gravity,0.019112
LMT,63,118,event_nfp_gravity,0.035336
LMT,63,118,put_call_skew_30d,0.01135
LMT,63,118,term_structure_slope,0.0
LMT,63,118,vrp_wedge,0.013659
LMT,63,118,iv_atm_z_score,0.037957
LMT,63,118,macro_yield_curve_slope,0.055143
LMT,63,118,macro_hy_spread,0.023767
LMT,63,118,macro_hy_spread_chg_5d,0.0145
LMT,63,118,macro_breakeven_5y,0.059626
LMT,63,118,macro_inflation_fwd_5y5y,0.045149
LMT,63,118,macro_inflation_fwd_chg_21d,0.004797
LMT,63,118,macro_inflation_fwd_abs_chg_21d,0.007479
LMT,63,118,macro_inflation_fwd_chg_63d,0.015832
LMT,63,118,macro_inflation_fwd_zscore,0.017519
LMT,63,118,macro_dollar_ret,0.0
LMT,63,118,beta_spy,0.017453
LMT,63,118,res_vol,0.036201
LMT,63,118,res_vol_vel,0.0
LMT,63,118,price_regime,0.009671
LMT,63,118,corr_sector_21d,0.012529
LMT,63,118,corr_sector_252d,0.032104
LMT,63,118,sector_wedge,0.009554
LMT,63,119,rv_5d,0.022057
LMT,63,119,rv_10d,0.076333
LMT,63,119,rv_21d,0.087955
LMT,63,119,rv_63d,0.034896
LMT,63,119,rv_126d,0.018078
LMT,63,119,ewma_vol,0.031542
LMT,63,119,garch_cond_vol,0.010025
LMT,63,119,ret_TARGET,0.0
LMT,63,119,tech_RSI,0.008297
LMT,63,119,tech_MACD_hist,0.014693
LMT,63,119,ret_VIXY,0.0
LMT,63,119,mom21_VIXY,0.028336
LMT,63,119,ret_HYG,0.0
LMT,63,119,mom21_HYG,0.042805
LMT,63,119,ret_USO,0.0
LMT,63,119,mom21_USO,0.015
LMT,63,119,ret_TLT,0.0
LMT,63,119,mom21_TLT,0.00588
LMT,63,119,ret_UUP,0.0
LMT,63,119,mom21_UUP,0.0069
LMT,63,119,ret_SPY,0.004259
LMT,63,119,mom21_SPY,0.039748
LMT,63,119,vol_vel,0.025215
LMT,63,119,vol_of_vol,0.013374
LMT,63,119,vol_regime_zscore,0.017128
LMT,63,119,vol_chg_21d,0.005416
LMT,63,119,event_fed_gravity,0.028279
LMT,63,119,event_earn_gravity,0.0
LMT,63,119,event_div_gravity,0.0
LMT,63,119,event_cpi_gravity,0.020094
LMT,63,119,event_nfp_gravity,0.037743
LMT,63,119,put_call_skew_30d,0.016004
LMT,63,119,term_structure_slope,0.0
LMT,63,119,vrp_wedge,0.013368
LMT,63,119,iv_atm_z_score,0.046969
LMT,63,119,macro_yield_curve_slope,0.048729
LMT,63,119,macro_hy_spread,0.023497
LMT,63,119,macro_hy_spread_chg_5d,0.014214
LMT,63,119,macro_breakeven_5y,0.051801
LMT,63,119,macro_inflation_fwd_5y5y,0.05495
LMT,63,119,macro_inflation_fwd_chg_21d,0.0
LMT,63,119,macro_inflation_fwd_abs_chg_21d,0.009211
LMT,63,119,macro_inflation_fwd_chg_63d,0.009649
LMT,63,119,macro_inflation_fwd_zscore,0.015577
LMT,63,119,macro_dollar_ret,0.0
LMT,63,119,beta_spy,0.011517
LMT,63,119,res_vol,0.034441
LMT,63,119,res_vol_vel,0.0
LMT,63,119,price_regime,0.007951
LMT,63,119,corr_sector_21d,0.008587
LMT,63,119,corr_sector_252d,0.030573
LMT,63,119,sector_wedge,0.008911
LMT,63,120,rv_5d,0.041579
LMT,63,120,rv_10d,0.066634
LMT,63,120,rv_21d,0.064045
LMT,63,120,rv_63d,0.027894
LMT,63,120,rv_126d,0.024704
LMT,63,120,ewma_vol,0.017842
LMT,63,120,garch_cond_vol,0.007908
LMT,63,120,ret_TARGET,0.0
LMT,63,120,tech_RSI,0.004098
LMT,63,120,tech_MACD_hist,0.01696
LMT,63,120,ret_VIXY,0.0
LMT,63,120,mom21_VIXY,0.036741
LMT,63,120,ret_HYG,0.0
LMT,63,120,mom21_HYG,0.030329
LMT,63,120,ret_USO,0.0
LMT,63,120,mom21_USO,0.018148
LMT,63,120,ret_TLT,0.0
LMT,63,120,mom21_TLT,0.009883
LMT,63,120,ret_UUP,0.0
LMT,63,120,mom21_UUP,0.005171
LMT,63,120,ret_SPY,0.004119
LMT,63,120,mom21_SPY,0.036713
LMT,63,120,vol_vel,0.024843
LMT,63,120,vol_of_vol,0.012132
LMT,63,120,vol_regime_zscore,0.017112
LMT,63,120,vol_chg_21d,0.009816
LMT,63,120,event_fed_gravity,0.028718
LMT,63,120,event_earn_gravity,0.0
LMT,63,120,event_div_gravity,0.0
LMT,63,120,event_cpi_gravity,0.021242
LMT,63,120,event_nfp_gravity,0.030616
LMT,63,120,put_call_skew_30d,0.026905
LMT,63,120,term_structure_slope,0.0
LMT,63,120,vrp_wedge,0.011013
LMT,63,120,iv_atm_z_score,0.040826
LMT,63,120,macro_yield_curve_slope,0.05056
LMT,63,120,macro_hy_spread,0.025608
LMT,63,120,macro_hy_spread_chg_5d,0.019853
LMT,63,120,macro_breakeven_5y,0.061979
LMT,63,120,macro_inflation_fwd_5y5y,0.04935
LMT,63,120,macro_inflation_fwd_chg_21d,0.005849
LMT,63,120,macro_inflation_fwd_abs_chg_21d,0.007428
LMT,63,120,macro_inflation_fwd_chg_63d,0.009582
LMT,63,120,macro_inflation_fwd_zscore,0.014315
LMT,63,120,macro_dollar_ret,0.0
LMT,63,120,beta_spy,0.013966
LMT,63,120,res_vol,0.036496
LMT,63,120,res_vol_vel,0.0
LMT,63,120,price_regime,0.010347
LMT,63,120,corr_sector_21d,0.013371
LMT,63,120,corr_sector_252d,0.03286
LMT,63,120,sector_wedge,0.012447
LMT,63,121,rv_5d,0.0
LMT,63,121,rv_10d,0.097736
LMT,63,121,rv_21d,0.070151
LMT,63,121,rv_63d,0.032305
LMT,63,121,rv_126d,0.017245
LMT,63,121,ewma_vol,0.024855
LMT,63,121,garch_cond_vol,0.006487
LMT,63,121,ret_TARGET,0.0
LMT,63,121,tech_RSI,0.005293
LMT,63,121,tech_MACD_hist,0.016074
LMT,63,121,ret_VIXY,0.0
LMT,63,121,mom21_VIXY,0.03642
LMT,63,121,ret_HYG,0.0
LMT,63,121,mom21_HYG,0.040331
LMT,63,121,ret_USO,0.0
LMT,63,121,mom21_USO,0.018461
LMT,63,121,ret_TLT,0.0
LMT,63,121,mom21_TLT,0.014908
LMT,63,121,ret_UUP,0.0
LMT,63,121,mom21_UUP,0.006709
LMT,63,121,ret_SPY,0.004527
LMT,63,121,mom21_SPY,0.044756
LMT,63,121,vol_vel,0.023244
LMT,63,121,vol_of_vol,0.016321
LMT,63,121,vol_regime_zscore,0.018579
LMT,63,121,vol_chg_21d,0.004616
LMT,63,121,event_fed_gravity,0.031843
LMT,63,121,event_earn_gravity,0.0
LMT,63,121,event_div_gravity,0.0
LMT,63,121,event_cpi_gravity,0.021795
LMT,63,121,event_nfp_gravity,0.0219
LMT,63,121,put_call_skew_30d,0.01162
LMT,63,121,term_structure_slope,0.005944
LMT,63,121,vrp_wedge,0.012356
LMT,63,121,iv_atm_z_score,0.043093
LMT,63,121,macro_yield_curve_slope,0.051609
LMT,63,121,macro_hy_spread,0.025098
LMT,63,121,macro_hy_spread_chg_5d,0.015548
LMT,63,121,macro_breakeven_5y,0.051072
LMT,63,121,macro_inflation_fwd_5y5y,0.06065
LMT,63,121,macro_inflation_fwd_chg_21d,0.007091
LMT,63,121,macro_inflation_fwd_abs_chg_21d,0.007716
LMT,63,121,macro_inflation_fwd_chg_63d,0.008476
LMT,63,121,macro_inflation_fwd_zscore,0.015243
LMT,63,121,macro_dollar_ret,0.0
LMT,63,121,beta_spy,0.00885
LMT,63,121,res_vol,0.034623
LMT,63,121,res_vol_vel,0.00356
LMT,63,121,price_regime,0.009392
LMT,63,121,corr_sector_21d,0.012968
LMT,63,121,corr_sector_252d,0.031487
LMT,63,121,sector_wedge,0.009048
LMT,63,122,rv_5d,0.003368
LMT,63,122,rv_10d,0.111641
LMT,63,122,rv_21d,0.120038
LMT,63,122,rv_63d,0.030745
LMT,63,122,rv_126d,0.018293
LMT,63,122,ewma_vol,0.017505
LMT,63,122,garch_cond_vol,0.009344
LMT,63,122,ret_TARGET,0.0
LMT,63,122,tech_RSI,0.007329
LMT,63,122,tech_MACD_hist,0.024075
LMT,63,122,ret_VIXY,0.0
LMT,63,122,mom21_VIXY,0.036931
LMT,63,122,ret_HYG,0.0
LMT,63,122,mom21_HYG,0.032633
LMT,63,122,ret_USO,0.0
LMT,63,122,mom21_USO,0.018988
LMT,63,122,ret_TLT,0.0
LMT,63,122,mom21_TLT,0.011405
LMT,63,122,ret_UUP,0.0
LMT,63,122,mom21_UUP,0.005694
LMT,63,122,ret_SPY,0.003071
LMT,63,122,mom21_SPY,0.029288
LMT,63,122,vol_vel,0.023934
LMT,63,122,vol_of_vol,0.018456
LMT,63,122,vol_regime_zscore,0.013185
LMT,63,122,vol_chg_21d,0.008311
LMT,63,122,event_fed_gravity,0.016374
LMT,63,122,event_earn_gravity,0.0
LMT,63,122,event_div_gravity,0.0
LMT,63,122,event_cpi_gravity,0.031832
LMT,63,122,event_nfp_gravity,0.018589
LMT,63,122,put_call_skew_30d,0.015003
LMT,63,122,term_structure_slope,0.0
LMT,63,122,vrp_wedge,0.011885
LMT,63,122,iv_atm_z_score,0.037083
LMT,63,122,macro_yield_curve_slope,0.049184
LMT,63,122,macro_hy_spread,0.025447
LMT,63,122,macro_hy_spread_chg_5d,0.013238
LMT,63,122,macro_breakeven_5y,0.052738
LMT,63,122,macro_inflation_fwd_5y5y,0.027911
LMT,63,122,macro_inflation_fwd_chg_21d,0.006016
LMT,63,122,macro_inflation_fwd_abs_chg_21d,0.008208
LMT,63,122,macro_inflation_fwd_chg_63d,0.010288
LMT,63,122,macro_inflation_fwd_zscore,0.013038
LMT,63,122,macro_dollar_ret,0.0
LMT,63,122,beta_spy,0.011441
LMT,63,122,res_vol,0.034923
LMT,63,122,res_vol_vel,0.003268
LMT,63,122,price_regime,0.011918
LMT,63,122,corr_sector_21d,0.014408
LMT,63,122,corr_sector_252d,0.028719
LMT,63,122,sector_wedge,0.014255
LMT,63,123,rv_5d,0.175263
LMT,63,123,rv_10d,0.108134
LMT,63,123,rv_21d,0.05329
LMT,63,123,rv_63d,0.024171
LMT,63,123,rv_126d,0.015808
LMT,63,123,ewma_vol,0.016819
LMT,63,123,garch_cond_vol,0.008126
LMT,63,123,ret_TARGET,0.0
LMT,63,123,tech_RSI,0.005125
LMT,63,123,tech_MACD_hist,0.023399
LMT,63,123,ret_VIXY,0.003079
LMT,63,123,mom21_VIXY,0.030375
LMT,63,123,ret_HYG,0.0
LMT,63,123,mom21_HYG,0.024336
LMT,63,123,ret_USO,0.0
LMT,63,123,mom21_USO,0.015505
LMT,63,123,ret_TLT,0.0
LMT,63,123,mom21_TLT,0.014477
LMT,63,123,ret_UUP,0.0
LMT,63,123,mom21_UUP,0.004693
LMT,63,123,ret_SPY,0.003736
LMT,63,123,mom21_SPY,0.04827
LMT,63,123,vol_vel,0.016208
LMT,63,123,vol_of_vol,0.011428
LMT,63,123,vol_regime_zscore,0.011756
LMT,63,123,vol_chg_21d,0.006534
LMT,63,123,event_fed_gravity,0.014402
LMT,63,123,event_earn_gravity,0.0
LMT,63,123,event_div_gravity,0.0
LMT,63,123,event_cpi_gravity,0.026676
LMT,63,123,event_nfp_gravity,0.017936
LMT,63,123,put_call_skew_30d,0.008993
LMT,63,123,term_structure_slope,0.003636
LMT,63,123,vrp_wedge,0.006449
LMT,63,123,iv_atm_z_score,0.030762
LMT,63,123,macro_yield_curve_slope,0.03537
LMT,63,123,macro_hy_spread,0.023475
LMT,63,123,macro_hy_spread_chg_5d,0.005173
LMT,63,123,macro_breakeven_5y,0.031992
LMT,63,123,macro_inflation_fwd_5y5y,0.037191
LMT,63,123,macro_inflation_fwd_chg_21d,0.005014
LMT,63,123,macro_inflation_fwd_abs_chg_21d,0.00906
LMT,63,123,macro_inflation_fwd_chg_63d,0.007337
LMT,63,123,macro_inflation_fwd_zscore,0.014889
LMT,63,123,macro_dollar_ret,0.0
LMT,63,123,beta_spy,0.010362
LMT,63,123,res_vol,0.03095
LMT,63,123,res_vol_vel,0.013277
LMT,63,123,price_regime,0.007681
LMT,63,123,corr_sector_21d,0.007055
LMT,63,123,corr_sector_252d,0.02251
LMT,63,123,sector_wedge,0.009277
LMT,63,124,rv_5d,0.035549
LMT,63,124,rv_10d,0.116917
LMT,63,124,rv_21d,0.087742
LMT,63,124,rv_63d,0.028968
LMT,63,124,rv_126d,0.015996
LMT,63,124,ewma_vol,0.014078
LMT,63,124,garch_cond_vol,0.010522
LMT,63,124,ret_TARGET,0.0
LMT,63,124,tech_RSI,0.005384
LMT,63,124,tech_MACD_hist,0.026042
LMT,63,124,ret_VIXY,0.003474
LMT,63,124,mom21_VIXY,0.033021
LMT,63,124,ret_HYG,0.0
LMT,63,124,mom21_HYG,0.029405
LMT,63,124,ret_USO,0.0
LMT,63,124,mom21_USO,0.020842
LMT,63,124,ret_TLT,0.0
LMT,63,124,mom21_TLT,0.011008
LMT,63,124,ret_UUP,0.0
LMT,63,124,mom21_UUP,0.006129
LMT,63,124,ret_SPY,0.004943
LMT,63,124,mom21_SPY,0.043932
LMT,63,124,vol_vel,0.017853
LMT,63,124,vol_of_vol,0.014644
LMT,63,124,vol_regime_zscore,0.015006
LMT,63,124,vol_chg_21d,0.0
LMT,63,124,event_fed_gravity,0.025635
LMT,63,124,event_earn_gravity,0.0
LMT,63,124,event_div_gravity,0.0
LMT,63,124,event_cpi_gravity,0.021752
LMT,63,124,event_nfp_gravity,0.023436
LMT,63,124,put_call_skew_30d,0.009032
LMT,63,124,term_structure_slope,0.0
LMT,63,124,vrp_wedge,0.011532
LMT,63,124,iv_atm_z_score,0.040166
LMT,63,124,macro_yield_curve_slope,0.043398
LMT,63,124,macro_hy_spread,0.027217
LMT,63,124,macro_hy_spread_chg_5d,0.023048
LMT,63,124,macro_breakeven_5y,0.03578
LMT,63,124,macro_inflation_fwd_5y5y,0.029555
LMT,63,124,macro_inflation_fwd_chg_21d,0.00569
LMT,63,124,macro_inflation_fwd_abs_chg_21d,0.011312
LMT,63,124,macro_inflation_fwd_chg_63d,0.008209
LMT,63,124,macro_inflation_fwd_zscore,0.016352
LMT,63,124,macro_dollar_ret,0.0
LMT,63,124,beta_spy,0.010753
LMT,63,124,res_vol,0.038781
LMT,63,124,res_vol_vel,0.015734
LMT,63,124,price_regime,0.009055
LMT,63,124,corr_sector_21d,0.013203
LMT,63,124,corr_sector_252d,0.027191
LMT,63,124,sector_wedge,0.011712
LMT,63,125,rv_5d,0.014388
LMT,63,125,rv_10d,0.108674
LMT,63,125,rv_21d,0.110653
LMT,63,125,rv_63d,0.02672
LMT,63,125,rv_126d,0.015511
LMT,63,125,ewma_vol,0.010704
LMT,63,125,garch_cond_vol,0.006065
LMT,63,125,ret_TARGET,0.0
LMT,63,125,tech_RSI,0.006315
LMT,63,125,tech_MACD_hist,0.018796
LMT,63,125,ret_VIXY,0.0
LMT,63,125,mom21_VIXY,0.034101
LMT,63,125,ret_HYG,0.0
LMT,63,125,mom21_HYG,0.026149
LMT,63,125,ret_USO,0.0
LMT,63,125,mom21_USO,0.020812
LMT,63,125,ret_TLT,0.0
LMT,63,125,mom21_TLT,0.009534
LMT,63,125,ret_UUP,0.0
LMT,63,125,mom21_UUP,0.006678
LMT,63,125,ret_SPY,0.004678
LMT,63,125,mom21_SPY,0.05208
LMT,63,125,vol_vel,0.028746
LMT,63,125,vol_of_vol,0.013059
LMT,63,125,vol_regime_zscore,0.013806
LMT,63,125,vol_chg_21d,0.018161
LMT,63,125,event_fed_gravity,0.023644
LMT,63,125,event_earn_gravity,0.0
LMT,63,125,event_div_gravity,0.0
LMT,63,125,event_cpi_gravity,0.02024
LMT,63,125,event_nfp_gravity,0.022056
LMT,63,125,put_call_skew_30d,0.013108
LMT,63,125,term_structure_slope,0.005018
LMT,63,125,vrp_wedge,0.008702
LMT,63,125,iv_atm_z_score,0.039113
LMT,63,125,macro_yield_curve_slope,0.041751
LMT,63,125,macro_hy_spread,0.030106
LMT,63,125,macro_hy_spread_chg_5d,0.013416
LMT,63,125,macro_breakeven_5y,0.03229
LMT,63,125,macro_inflation_fwd_5y5y,0.042648
LMT,63,125,macro_inflation_fwd_chg_21d,0.0
LMT,63,125,macro_inflation_fwd_abs_chg_21d,0.01163
LMT,63,125,macro_inflation_fwd_chg_63d,0.0103
LMT,63,125,macro_inflation_fwd_zscore,0.016878
LMT,63,125,macro_dollar_ret,0.0
LMT,63,125,beta_spy,0.008471
LMT,63,125,res_vol,0.036674
LMT,63,125,res_vol_vel,0.01592
LMT,63,125,price_regime,0.009915
LMT,63,125,corr_sector_21d,0.01226
LMT,63,125,corr_sector_252d,0.031073
LMT,63,125,sector_wedge,0.009157
LMT,63,126,rv_5d,0.044663
LMT,63,126,rv_10d,0.133671
LMT,63,126,rv_21d,0.080445
LMT,63,126,rv_63d,0.028665
LMT,63,126,rv_126d,0.017358
LMT,63,126,ewma_vol,0.013031
LMT,63,126,garch_cond_vol,0.010834
LMT,63,126,ret_TARGET,0.0
LMT,63,126,tech_RSI,0.00449
LMT,63,126,tech_MACD_hist,0.025964
LMT,63,126,ret_VIXY,0.003351
LMT,63,126,mom21_VIXY,0.035305
LMT,63,126,ret_HYG,0.0
LMT,63,126,mom21_HYG,0.030136
LMT,63,126,ret_USO,0.0
LMT,63,126,mom21_USO,0.022374
LMT,63,126,ret_TLT,0.0
LMT,63,126,mom21_TLT,0.010122
LMT,63,126,ret_UUP,0.0
LMT,63,126,mom21_UUP,0.004946
LMT,63,126,ret_SPY,0.006175
LMT,63,126,mom21_SPY,0.047497
LMT,63,126,vol_vel,0.020433
LMT,63,126,vol_of_vol,0.012125
LMT,63,126,vol_regime_zscore,0.016385
LMT,63,126,vol_chg_21d,0.007169
LMT,63,126,event_fed_gravity,0.015914
LMT,63,126,event_earn_gravity,0.0
LMT,63,126,event_div_gravity,0.0
LMT,63,126,event_cpi_gravity,0.021951
LMT,63,126,event_nfp_gravity,0.02879
LMT,63,126,put_call_skew_30d,0.01518
LMT,63,126,term_structure_slope,0.004629
LMT,63,126,vrp_wedge,0.007736
LMT,63,126,iv_atm_z_score,0.036573
LMT,63,126,macro_yield_curve_slope,0.040677
LMT,63,126,macro_hy_spread,0.028653
LMT,63,126,macro_hy_spread_chg_5d,0.016787
LMT,63,126,macro_breakeven_5y,0.035357
LMT,63,126,macro_inflation_fwd_5y5y,0.035309
LMT,63,126,macro_inflation_fwd_chg_21d,0.0
LMT,63,126,macro_inflation_fwd_abs_chg_21d,0.010112
LMT,63,126,macro_inflation_fwd_chg_63d,0.010163
LMT,63,126,macro_inflation_fwd_zscore,0.009684
LMT,63,126,macro_dollar_ret,0.0
LMT,63,126,beta_spy,0.011041
LMT,63,126,res_vol,0.03542
LMT,63,126,res_vol_vel,0.004278
LMT,63,126,price_regime,0.009243
LMT,63,126,corr_sector_21d,0.01171
LMT,63,126,corr_sector_252d,0.025475
LMT,63,126,sector_wedge,0.010179
LMT,63,127,rv_5d,0.019679
LMT,63,127,rv_10d,0.10498
LMT,63,127,rv_21d,0.098464
LMT,63,127,rv_63d,0.03388
LMT,63,127,rv_126d,0.019561
LMT,63,127,ewma_vol,0.009653
LMT,63,127,garch_cond_vol,0.008607
LMT,63,127,ret_TARGET,0.016253
LMT,63,127,tech_RSI,0.006727
LMT,63,127,tech_MACD_hist,0.030884
LMT,63,127,ret_VIXY,0.0
LMT,63,127,mom21_VIXY,0.037227
LMT,63,127,ret_HYG,0.0
LMT,63,127,mom21_HYG,0.031677
LMT,63,127,ret_USO,0.0
LMT,63,127,mom21_USO,0.02485
LMT,63,127,ret_TLT,0.0
LMT,63,127,mom21_TLT,0.011968
LMT,63,127,ret_UUP,0.0
LMT,63,127,mom21_UUP,0.008036
LMT,63,127,ret_SPY,0.005441
LMT,63,127,mom21_SPY,0.019851
LMT,63,127,vol_vel,0.026337
LMT,63,127,vol_of_vol,0.008041
LMT,63,127,vol_regime_zscore,0.018445
LMT,63,127,vol_chg_21d,0.008469
LMT,63,127,event_fed_gravity,0.025441
LMT,63,127,event_earn_gravity,0.0
LMT,63,127,event_div_gravity,0.0
LMT,63,127,event_cpi_gravity,0.017986
LMT,63,127,event_nfp_gravity,0.018895
LMT,63,127,put_call_skew_30d,0.018254
LMT,63,127,term_structure_slope,0.0
LMT,63,127,vrp_wedge,0.007552
LMT,63,127,iv_atm_z_score,0.036766
LMT,63,127,macro_yield_curve_slope,0.049257
LMT,63,127,macro_hy_spread,0.023686
LMT,63,127,macro_hy_spread_chg_5d,0.022838
LMT,63,127,macro_breakeven_5y,0.036277
LMT,63,127,macro_inflation_fwd_5y5y,0.041703
LMT,63,127,macro_inflation_fwd_chg_21d,0.005835
LMT,63,127,macro_inflation_fwd_abs_chg_21d,0.011418
LMT,63,127,macro_inflation_fwd_chg_63d,0.014464
LMT,63,127,macro_inflation_fwd_zscore,0.009345
LMT,63,127,macro_dollar_ret,0.0
LMT,63,127,beta_spy,0.010317
LMT,63,127,res_vol,0.03765
LMT,63,127,res_vol_vel,0.0
LMT,63,127,price_regime,0.011803
LMT,63,127,corr_sector_21d,0.009243
LMT,63,127,corr_sector_252d,0.028301
LMT,63,127,sector_wedge,0.013939
LMT,63,128,rv_5d,0.090256
LMT,63,128,rv_10d,0.128524
LMT,63,128,rv_21d,0.064845
LMT,63,128,rv_63d,0.026816
LMT,63,128,rv_126d,0.012665
LMT,63,128,ewma_vol,0.009157
LMT,63,128,garch_cond_vol,0.007707
LMT,63,128,ret_TARGET,0.0
LMT,63,128,tech_RSI,0.003299
LMT,63,128,tech_MACD_hist,0.02231
LMT,63,128,ret_VIXY,0.0
LMT,63,128,mom21_VIXY,0.027228
LMT,63,128,ret_HYG,0.0
LMT,63,128,mom21_HYG,0.024486
LMT,63,128,ret_USO,0.0
LMT,63,128,mom21_USO,0.019626
LMT,63,128,ret_TLT,0.0
LMT,63,128,mom21_TLT,0.024021
LMT,63,128,ret_UUP,0.0
LMT,63,128,mom21_UUP,0.007352
LMT,63,128,ret_SPY,0.004674
LMT,63,128,mom21_SPY,0.031372
LMT,63,128,vol_vel,0.022867
LMT,63,128,vol_of_vol,0.012209
LMT,63,128,vol_regime_zscore,0.016736
LMT,63,128,vol_chg_21d,0.011146
LMT,63,128,event_fed_gravity,0.02139
LMT,63,128,event_earn_gravity,0.0
LMT,63,128,event_div_gravity,0.0
LMT,63,128,event_cpi_gravity,0.015989
LMT,63,128,event_nfp_gravity,0.024982
LMT,63,128,put_call_skew_30d,0.014305
LMT,63,128,term_structure_slope,0.049759
LMT,63,128,vrp_wedge,0.011298
LMT,63,128,iv_atm_z_score,0.028928
LMT,63,128,macro_yield_curve_slope,0.04119
LMT,63,128,macro_hy_spread,0.020054
LMT,63,128,macro_hy_spread_chg_5d,0.014781
LMT,63,128,macro_breakeven_5y,0.029287
LMT,63,128,macro_inflation_fwd_5y5y,0.033548
LMT,63,128,macro_inflation_fwd_chg_21d,0.004069
LMT,63,128,macro_inflation_fwd_abs_chg_21d,0.009675
LMT,63,128,macro_inflation_fwd_chg_63d,0.008539
LMT,63,128,macro_inflation_fwd_zscore,0.009948
LMT,63,128,macro_dollar_ret,0.0
LMT,63,128,beta_spy,0.006765
LMT,63,128,res_vol,0.034336
LMT,63,128,res_vol_vel,0.0
LMT,63,128,price_regime,0.009816
LMT,63,128,corr_sector_21d,0.008758
LMT,63,128,corr_sector_252d,0.025164
LMT,63,128,sector_wedge,0.010122
LMT,63,129,rv_5d,0.096022
LMT,63,129,rv_10d,0.078199
LMT,63,129,rv_21d,0.079666
LMT,63,129,rv_63d,0.029409
LMT,63,129,rv_126d,0.014625
LMT,63,129,ewma_vol,0.009497
LMT,63,129,garch_cond_vol,0.012726
LMT,63,129,ret_TARGET,0.0
LMT,63,129,tech_RSI,0.007659
LMT,63,129,tech_MACD_hist,0.027662
LMT,63,129,ret_VIXY,0.0
LMT,63,129,mom21_VIXY,0.027767
LMT,63,129,ret_HYG,0.0
LMT,63,129,mom21_HYG,0.027211
LMT,63,129,ret_USO,0.0
LMT,63,129,mom21_USO,0.022375
LMT,63,129,ret_TLT,0.0
LMT,63,129,mom21_TLT,0.0
LMT,63,129,ret_UUP,0.0
LMT,63,129,mom21_UUP,0.010892
LMT,63,129,ret_SPY,0.005581
LMT,63,129,mom21_SPY,0.028416
LMT,63,129,vol_vel,0.019271
LMT,63,129,vol_of_vol,0.013944
LMT,63,129,vol_regime_zscore,0.015746
LMT,63,129,vol_chg_21d,0.015381
LMT,63,129,event_fed_gravity,0.017522
LMT,63,129,event_earn_gravity,0.0
LMT,63,129,event_div_gravity,0.0
LMT,63,129,event_cpi_gravity,0.017872
LMT,63,129,event_nfp_gravity,0.016068
LMT,63,129,put_call_skew_30d,0.020896
LMT,63,129,term_structure_slope,0.051288
LMT,63,129,vrp_wedge,0.010613
LMT,63,129,iv_atm_z_score,0.028892
LMT,63,129,macro_yield_curve_slope,0.039747
LMT,63,129,macro_hy_spread,0.019454
LMT,63,129,macro_hy_spread_chg_5d,0.017019
LMT,63,129,macro_breakeven_5y,0.033127
LMT,63,129,macro_inflation_fwd_5y5y,0.039321
LMT,63,129,macro_inflation_fwd_chg_21d,0.005436
LMT,63,129,macro_inflation_fwd_abs_chg_21d,0.010064
LMT,63,129,macro_inflation_fwd_chg_63d,0.009372
LMT,63,129,macro_inflation_fwd_zscore,0.007911
LMT,63,129,macro_dollar_ret,0.004723
LMT,63,129,beta_spy,0.009695
LMT,63,129,res_vol,0.035225
LMT,63,129,res_vol_vel,0.0
LMT,63,129,price_regime,0.010028
LMT,63,129,corr_sector_21d,0.012681
LMT,63,129,corr_sector_252d,0.031428
LMT,63,129,sector_wedge,0.009572
LMT,63,130,rv_5d,0.061895
LMT,63,130,rv_10d,0.094943
LMT,63,130,rv_21d,0.071516
LMT,63,130,rv_63d,0.027436
LMT,63,130,rv_126d,0.016803
LMT,63,130,ewma_vol,0.024055
LMT,63,130,garch_cond_vol,0.011046
LMT,63,130,ret_TARGET,0.0
LMT,63,130,tech_RSI,0.006022
LMT,63,130,tech_MACD_hist,0.025013
LMT,63,130,ret_VIXY,0.0
LMT,63,130,mom21_VIXY,0.025114
LMT,63,130,ret_HYG,0.0
LMT,63,130,mom21_HYG,0.03026
LMT,63,130,ret_USO,0.0
LMT,63,130,mom21_USO,0.020565
LMT,63,130,ret_TLT,0.0
LMT,63,130,mom21_TLT,0.010807
LMT,63,130,ret_UUP,0.0
LMT,63,130,mom21_UUP,0.012753
LMT,63,130,ret_SPY,0.005716
LMT,63,130,mom21_SPY,0.03311
LMT,63,130,vol_vel,0.023448
LMT,63,130,vol_of_vol,0.015565
LMT,63,130,vol_regime_zscore,0.015956
LMT,63,130,vol_chg_21d,0.014326
LMT,63,130,event_fed_gravity,0.016763
LMT,63,130,event_earn_gravity,0.0
LMT,63,130,event_div_gravity,0.0
LMT,63,130,event_cpi_gravity,0.020658
LMT,63,130,event_nfp_gravity,0.03007
LMT,63,130,put_call_skew_30d,0.019831
LMT,63,130,term_structure_slope,0.046629
LMT,63,130,vrp_wedge,0.009493
LMT,63,130,iv_atm_z_score,0.029044
LMT,63,130,macro_yield_curve_slope,0.043319
LMT,63,130,macro_hy_spread,0.01655
LMT,63,130,macro_hy_spread_chg_5d,0.015293
LMT,63,130,macro_breakeven_5y,0.03057
LMT,63,130,macro_inflation_fwd_5y5y,0.03608
LMT,63,130,macro_inflation_fwd_chg_21d,0.0
LMT,63,130,macro_inflation_fwd_abs_chg_21d,0.010864
LMT,63,130,macro_inflation_fwd_chg_63d,0.010814
LMT,63,130,macro_inflation_fwd_zscore,0.009235
LMT,63,130,macro_dollar_ret,0.0
LMT,63,130,beta_spy,0.009766
LMT,63,130,res_vol,0.036721
LMT,63,130,res_vol_vel,0.0
LMT,63,130,price_regime,0.011993
LMT,63,130,corr_sector_21d,0.009618
LMT,63,130,corr_sector_252d,0.030114
LMT,63,130,sector_wedge,0.010227
LMT,63,131,rv_5d,0.073555
LMT,63,131,rv_10d,0.103932
LMT,63,131,rv_21d,0.068584
LMT,63,131,rv_63d,0.026258
LMT,63,131,rv_126d,0.012539
LMT,63,131,ewma_vol,0.035209
LMT,63,131,garch_cond_vol,0.01145
LMT,63,131,ret_TARGET,0.0
LMT,63,131,tech_RSI,0.00473
LMT,63,131,tech_MACD_hist,0.025306
LMT,63,131,ret_VIXY,0.0
LMT,63,131,mom21_VIXY,0.023223
LMT,63,131,ret_HYG,0.0
LMT,63,131,mom21_HYG,0.026013
LMT,63,131,ret_USO,0.0
LMT,63,131,mom21_USO,0.02233
LMT,63,131,ret_TLT,0.0
LMT,63,131,mom21_TLT,0.011021
LMT,63,131,ret_UUP,0.0
LMT,63,131,mom21_UUP,0.008964
LMT,63,131,ret_SPY,0.00585
LMT,63,131,mom21_SPY,0.032495
LMT,63,131,vol_vel,0.020479
LMT,63,131,vol_of_vol,0.010319
LMT,63,131,vol_regime_zscore,0.0149
LMT,63,131,vol_chg_21d,0.009395
LMT,63,131,event_fed_gravity,0.015995
LMT,63,131,event_earn_gravity,0.0
LMT,63,131,event_div_gravity,0.0
LMT,63,131,event_cpi_gravity,0.022817
LMT,63,131,event_nfp_gravity,0.026697
LMT,63,131,put_call_skew_30d,0.01829
LMT,63,131,term_structure_slope,0.064799
LMT,63,131,vrp_wedge,0.008766
LMT,63,131,iv_atm_z_score,0.028082
LMT,63,131,macro_yield_curve_slope,0.038046
LMT,63,131,macro_hy_spread,0.016553
LMT,63,131,macro_hy_spread_chg_5d,0.013712
LMT,63,131,macro_breakeven_5y,0.027076
LMT,63,131,macro_inflation_fwd_5y5y,0.038126
LMT,63,131,macro_inflation_fwd_chg_21d,0.004799
LMT,63,131,macro_inflation_fwd_abs_chg_21d,0.008822
LMT,63,131,macro_inflation_fwd_chg_63d,0.008402
LMT,63,131,macro_inflation_fwd_zscore,0.007791
LMT,63,131,macro_dollar_ret,0.0
LMT,63,131,beta_spy,0.007031
LMT,63,131,res_vol,0.034226
LMT,63,131,res_vol_vel,0.0
LMT,63,131,price_regime,0.012674
LMT,63,131,corr_sector_21d,0.008563
LMT,63,131,corr_sector_252d,0.032137
LMT,63,131,sector_wedge,0.010042
LMT,63,132,rv_5d,0.050275
LMT,63,132,rv_10d,0.143308
LMT,63,132,rv_21d,0.075082
LMT,63,132,rv_63d,0.028501
LMT,63,132,rv_126d,0.013299
LMT,63,132,ewma_vol,0.027413
LMT,63,132,garch_cond_vol,0.009604
LMT,63,132,ret_TARGET,0.0
LMT,63,132,tech_RSI,0.005898
LMT,63,132,tech_MACD_hist,0.030435
LMT,63,132,ret_VIXY,0.0
LMT,63,132,mom21_VIXY,0.027833
LMT,63,132,ret_HYG,0.0
LMT,63,132,mom21_HYG,0.027106
LMT,63,132,ret_USO,0.0
LMT,63,132,mom21_USO,0.021404
LMT,63,132,ret_TLT,0.0
LMT,63,132,mom21_TLT,0.00512
LMT,63,132,ret_UUP,0.0
LMT,63,132,mom21_UUP,0.008355
LMT,63,132,ret_SPY,0.005756
LMT,63,132,mom21_SPY,0.022432
LMT,63,132,vol_vel,0.022849
LMT,63,132,vol_of_vol,0.009436
LMT,63,132,vol_regime_zscore,0.015227
LMT,63,132,vol_chg_21d,0.008673
LMT,63,132,event_fed_gravity,0.014209
LMT,63,132,event_earn_gravity,0.0
LMT,63,132,event_div_gravity,0.0
LMT,63,132,event_cpi_gravity,0.02523
LMT,63,132,event_nfp_gravity,0.027382
LMT,63,132,put_call_skew_30d,0.019483
LMT,63,132,term_structure_slope,0.054713
LMT,63,132,vrp_wedge,0.007289
LMT,63,132,iv_atm_z_score,0.025095
LMT,63,132,macro_yield_curve_slope,0.035752
LMT,63,132,macro_hy_spread,0.017271
LMT,63,132,macro_hy_spread_chg_5d,0.016337
LMT,63,132,macro_breakeven_5y,0.025241
LMT,63,132,macro_inflation_fwd_5y5y,0.036023
LMT,63,132,macro_inflation_fwd_chg_21d,0.0
LMT,63,132,macro_inflation_fwd_abs_chg_21d,0.008105
LMT,63,132,macro_inflation_fwd_chg_63d,0.010143
LMT,63,132,macro_inflation_fwd_zscore,0.007559
LMT,63,132,macro_dollar_ret,0.0
LMT,63,132,beta_spy,0.009666
LMT,63,132,res_vol,0.034979
LMT,63,132,res_vol_vel,0.0
LMT,63,132,price_regime,0.010402
LMT,63,132,corr_sector_21d,0.014075
LMT,63,132,corr_sector_252d,0.030907
LMT,63,132,sector_wedge,0.012136
LMT,63,133,rv_5d,0.062708
LMT,63,133,rv_10d,0.09013
LMT,63,133,rv_21d,0.063187
LMT,63,133,rv_63d,0.029981
LMT,63,133,rv_126d,0.017215
LMT,63,133,ewma_vol,0.036868
LMT,63,133,garch_cond_vol,0.011543
LMT,63,133,ret_TARGET,0.0
LMT,63,133,tech_RSI,0.006055
LMT,63,133,tech_MACD_hist,0.031623
LMT,63,133,ret_VIXY,0.0
LMT,63,133,mom21_VIXY,0.029592
LMT,63,133,ret_HYG,0.0
LMT,63,133,mom21_HYG,0.02371
LMT,63,133,ret_USO,0.0
LMT,63,133,mom21_USO,0.021319
LMT,63,133,ret_TLT,0.0
LMT,63,133,mom21_TLT,0.007962
LMT,63,133,ret_UUP,0.0
LMT,63,133,mom21_UUP,0.012027
LMT,63,133,ret_SPY,0.006139
LMT,63,133,mom21_SPY,0.017926
LMT,63,133,vol_vel,0.019074
LMT,63,133,vol_of_vol,0.012312
LMT,63,133,vol_regime_zscore,0.01632
LMT,63,133,vol_chg_21d,0.010608
LMT,63,133,event_fed_gravity,0.023637
LMT,63,133,event_earn_gravity,0.0
LMT,63,133,event_div_gravity,0.0
LMT,63,133,event_cpi_gravity,0.017171
LMT,63,133,event_nfp_gravity,0.024102
LMT,63,133,put_call_skew_30d,0.023913
LMT,63,133,term_structure_slope,0.048964
LMT,63,133,vrp_wedge,0.007152
LMT,63,133,iv_atm_z_score,0.034151
LMT,63,133,macro_yield_curve_slope,0.040928
LMT,63,133,macro_hy_spread,0.02183
LMT,63,133,macro_hy_spread_chg_5d,0.014441
LMT,63,133,macro_breakeven_5y,0.025146
LMT,63,133,macro_inflation_fwd_5y5y,0.037474
LMT,63,133,macro_inflation_fwd_chg_21d,0.00317
LMT,63,133,macro_inflation_fwd_abs_chg_21d,0.010341
LMT,63,133,macro_inflation_fwd_chg_63d,0.008695
LMT,63,133,macro_inflation_fwd_zscore,0.01081
LMT,63,133,macro_dollar_ret,0.0
LMT,63,133,beta_spy,0.011469
LMT,63,133,res_vol,0.036512
LMT,63,133,res_vol_vel,0.0
LMT,63,133,price_regime,0.019568
LMT,63,133,corr_sector_21d,0.010513
LMT,63,133,corr_sector_252d,0.030136
LMT,63,133,sector_wedge,0.01358
LMT,63,134,rv_5d,0.061002
LMT,63,134,rv_10d,0.109485
LMT,63,134,rv_21d,0.075479
LMT,63,134,rv_63d,0.027676
LMT,63,134,rv_126d,0.013616
LMT,63,134,ewma_vol,0.041869
LMT,63,134,garch_cond_vol,0.012009
LMT,63,134,ret_TARGET,0.0
LMT,63,134,tech_RSI,0.006231
LMT,63,134,tech_MACD_hist,0.024416
LMT,63,134,ret_VIXY,0.0
LMT,63,134,mom21_VIXY,0.026333
LMT,63,134,ret_HYG,0.0
LMT,63,134,mom21_HYG,0.023548
LMT,63,134,ret_USO,0.0
LMT,63,134,mom21_USO,0.023319
LMT,63,134,ret_TLT,0.0
LMT,63,134,mom21_TLT,0.008666
LMT,63,134,ret_UUP,0.0
LMT,63,134,mom21_UUP,0.010337
LMT,63,134,ret_SPY,0.00658
LMT,63,134,mom21_SPY,0.013594
LMT,63,134,vol_vel,0.015022
LMT,63,134,vol_of_vol,0.010611
LMT,63,134,vol_regime_zscore,0.016466
LMT,63,134,vol_chg_21d,0.009253
LMT,63,134,event_fed_gravity,0.014352
LMT,63,134,event_earn_gravity,0.0
LMT,63,134,event_div_gravity,0.0
LMT,63,134,event_cpi_gravity,0.025335
LMT,63,134,event_nfp_gravity,0.023604
LMT,63,134,put_call_skew_30d,0.021583
LMT,63,134,term_structure_slope,0.061729
LMT,63,134,vrp_wedge,0.0064
LMT,63,134,iv_atm_z_score,0.028707
LMT,63,134,macro_yield_curve_slope,0.039386
LMT,63,134,macro_hy_spread,0.021574
LMT,63,134,macro_hy_spread_chg_5d,0.019626
LMT,63,134,macro_breakeven_5y,0.026753
LMT,63,134,macro_inflation_fwd_5y5y,0.034578
LMT,63,134,macro_inflation_fwd_chg_21d,0.003162
LMT,63,134,macro_inflation_fwd_abs_chg_21d,0.01149
LMT,63,134,macro_inflation_fwd_chg_63d,0.007988
LMT,63,134,macro_inflation_fwd_zscore,0.00879
LMT,63,134,macro_dollar_ret,0.0
LMT,63,134,beta_spy,0.01119
LMT,63,134,res_vol,0.036425
LMT,63,134,res_vol_vel,0.0
LMT,63,134,price_regime,0.011961
LMT,63,134,corr_sector_21d,0.009867
LMT,63,134,corr_sector_252d,0.029585
LMT,63,134,sector_wedge,0.010403
LMT,63,135,rv_5d,0.066436
LMT,63,135,rv_10d,0.073195
LMT,63,135,rv_21d,0.076266
LMT,63,135,rv_63d,0.030278
LMT,63,135,rv_126d,0.018593
LMT,63,135,ewma_vol,0.051087
LMT,63,135,garch_cond_vol,0.01135
LMT,63,135,ret_TARGET,0.0
LMT,63,135,tech_RSI,0.004386
LMT,63,135,tech_MACD_hist,0.025705
LMT,63,135,ret_VIXY,0.0
LMT,63,135,mom21_VIXY,0.027428
LMT,63,135,ret_HYG,0.0
LMT,63,135,mom21_HYG,0.030899
LMT,63,135,ret_USO,0.003357
LMT,63,135,mom21_USO,0.023481
LMT,63,135,ret_TLT,0.0
LMT,63,135,mom21_TLT,0.011022
LMT,63,135,ret_UUP,0.0
LMT,63,135,mom21_UUP,0.009734
LMT,63,135,ret_SPY,0.008898
LMT,63,135,mom21_SPY,0.011391
LMT,63,135,vol_vel,0.019323
LMT,63,135,vol_of_vol,0.014249
LMT,63,135,vol_regime_zscore,0.015889
LMT,63,135,vol_chg_21d,0.009999
LMT,63,135,event_fed_gravity,0.022864
LMT,63,135,event_earn_gravity,0.0
LMT,63,135,event_div_gravity,0.0
LMT,63,135,event_cpi_gravity,0.016465
LMT,63,135,event_nfp_gravity,0.028491
LMT,63,135,put_call_skew_30d,0.022844
LMT,63,135,term_structure_slope,0.030731
LMT,63,135,vrp_wedge,0.0075
LMT,63,135,iv_atm_z_score,0.035764
LMT,63,135,macro_yield_curve_slope,0.041954
LMT,63,135,macro_hy_spread,0.025418
LMT,63,135,macro_hy_spread_chg_5d,0.02095
LMT,63,135,macro_breakeven_5y,0.029659
LMT,63,135,macro_inflation_fwd_5y5y,0.029608
LMT,63,135,macro_inflation_fwd_chg_21d,0.00652
LMT,63,135,macro_inflation_fwd_abs_chg_21d,0.01193
LMT,63,135,macro_inflation_fwd_chg_63d,0.009089
LMT,63,135,macro_inflation_fwd_zscore,0.009251
LMT,63,135,macro_dollar_ret,0.0
LMT,63,135,beta_spy,0.011071
LMT,63,135,res_vol,0.039027
LMT,63,135,res_vol_vel,0.0
LMT,63,135,price_regime,0.011005
LMT,63,135,corr_sector_21d,0.008497
LMT,63,135,corr_sector_252d,0.026664
LMT,63,135,sector_wedge,0.011735
LMT,63,136,rv_5d,0.051456
LMT,63,136,rv_10d,0.084807
LMT,63,136,rv_21d,0.068489
LMT,63,136,rv_63d,0.026797
LMT,63,136,rv_126d,0.015855
LMT,63,136,ewma_vol,0.033863
LMT,63,136,garch_cond_vol,0.013319
LMT,63,136,ret_TARGET,0.0
LMT,63,136,tech_RSI,0.006682
LMT,63,136,tech_MACD_hist,0.025859
LMT,63,136,ret_VIXY,0.0
LMT,63,136,mom21_VIXY,0.031586
LMT,63,136,ret_HYG,0.0
LMT,63,136,mom21_HYG,0.024401
LMT,63,136,ret_USO,0.0
LMT,63,136,mom21_USO,0.022715
LMT,63,136,ret_TLT,0.0
LMT,63,136,mom21_TLT,0.010839
LMT,63,136,ret_UUP,0.0
LMT,63,136,mom21_UUP,0.014325
LMT,63,136,ret_SPY,0.007341
LMT,63,136,mom21_SPY,0.013913
LMT,63,136,vol_vel,0.019415
LMT,63,136,vol_of_vol,0.012863
LMT,63,136,vol_regime_zscore,0.015658
LMT,63,136,vol_chg_21d,0.012768
LMT,63,136,event_fed_gravity,0.024324
LMT,63,136,event_earn_gravity,0.0
LMT,63,136,event_div_gravity,0.0
LMT,63,136,event_cpi_gravity,0.017408
LMT,63,136,event_nfp_gravity,0.037466
LMT,63,136,put_call_skew_30d,0.026734
LMT,63,136,term_structure_slope,0.048337
LMT,63,136,vrp_wedge,0.006958
LMT,63,136,iv_atm_z_score,0.033475
LMT,63,136,macro_yield_curve_slope,0.040832
LMT,63,136,macro_hy_spread,0.028508
LMT,63,136,macro_hy_spread_chg_5d,0.017077
LMT,63,136,macro_breakeven_5y,0.028613
LMT,63,136,macro_inflation_fwd_5y5y,0.030142
LMT,63,136,macro_inflation_fwd_chg_21d,0.003243
LMT,63,136,macro_inflation_fwd_abs_chg_21d,0.01125
LMT,63,136,macro_inflation_fwd_chg_63d,0.009668
LMT,63,136,macro_inflation_fwd_zscore,0.01012
LMT,63,136,macro_dollar_ret,0.0
LMT,63,136,beta_spy,0.012537
LMT,63,136,res_vol,0.041453
LMT,63,136,res_vol_vel,0.0
LMT,63,136,price_regime,0.014448
LMT,63,136,corr_sector_21d,0.007173
LMT,63,136,corr_sector_252d,0.025468
LMT,63,136,sector_wedge,0.011815
LMT,63,137,rv_5d,0.062387
LMT,63,137,rv_10d,0.101841
LMT,63,137,rv_21d,0.066654
LMT,63,137,rv_63d,0.023012
LMT,63,137,rv_126d,0.01614
LMT,63,137,ewma_vol,0.036239
LMT,63,137,garch_cond_vol,0.010215
LMT,63,137,ret_TARGET,0.0
LMT,63,137,tech_RSI,0.006815
LMT,63,137,tech_MACD_hist,0.020529
LMT,63,137,ret_VIXY,0.0
LMT,63,137,mom21_VIXY,0.032
LMT,63,137,ret_HYG,0.0
LMT,63,137,mom21_HYG,0.031593
LMT,63,137,ret_USO,0.0
LMT,63,137,mom21_USO,0.019285
LMT,63,137,ret_TLT,0.0
LMT,63,137,mom21_TLT,0.017686
LMT,63,137,ret_UUP,0.0
LMT,63,137,mom21_UUP,0.009061
LMT,63,137,ret_SPY,0.006955
LMT,63,137,mom21_SPY,0.011525
LMT,63,137,vol_vel,0.018688
LMT,63,137,vol_of_vol,0.010504
LMT,63,137,vol_regime_zscore,0.014865
LMT,63,137,vol_chg_21d,0.00992
LMT,63,137,event_fed_gravity,0.022207
LMT,63,137,event_earn_gravity,0.0
LMT,63,137,event_div_gravity,0.0
LMT,63,137,event_cpi_gravity,0.019998
LMT,63,137,event_nfp_gravity,0.019901
LMT,63,137,put_call_skew_30d,0.023688
LMT,63,137,term_structure_slope,0.064939
LMT,63,137,vrp_wedge,0.007177
LMT,63,137,iv_atm_z_score,0.034512
LMT,63,137,macro_yield_curve_slope,0.038751
LMT,63,137,macro_hy_spread,0.020981
LMT,63,137,macro_hy_spread_chg_5d,0.018453
LMT,63,137,macro_breakeven_5y,0.026163
LMT,63,137,macro_inflation_fwd_5y5y,0.034984
LMT,63,137,macro_inflation_fwd_chg_21d,0.003184
LMT,63,137,macro_inflation_fwd_abs_chg_21d,0.013426
LMT,63,137,macro_inflation_fwd_chg_63d,0.01109
LMT,63,137,macro_inflation_fwd_zscore,0.008708
LMT,63,137,macro_dollar_ret,0.0
LMT,63,137,beta_spy,0.012836
LMT,63,137,res_vol,0.03876
LMT,63,137,res_vol_vel,0.0
LMT,63,137,price_regime,0.01191
LMT,63,137,corr_sector_21d,0.00451
LMT,63,137,corr_sector_252d,0.027057
LMT,63,137,sector_wedge,0.01085
LMT,63,138,rv_5d,0.066671
LMT,63,138,rv_10d,0.078682
LMT,63,138,rv_21d,0.075763
LMT,63,138,rv_63d,0.026342
LMT,63,138,rv_126d,0.014634
LMT,63,138,ewma_vol,0.024924
LMT,63,138,garch_cond_vol,0.011256
LMT,63,138,ret_TARGET,0.0
LMT,63,138,tech_RSI,0.008151
LMT,63,138,tech_MACD_hist,0.026545
LMT,63,138,ret_VIXY,0.005918
LMT,63,138,mom21_VIXY,0.02657
LMT,63,138,ret_HYG,0.0
LMT,63,138,mom21_HYG,0.023929
LMT,63,138,ret_USO,0.0
LMT,63,138,mom21_USO,0.023841
LMT,63,138,ret_TLT,0.0
LMT,63,138,mom21_TLT,0.010946
LMT,63,138,ret_UUP,0.0
LMT,63,138,mom21_UUP,0.008422
LMT,63,138,ret_SPY,0.013476
LMT,63,138,mom21_SPY,0.022039
LMT,63,138,vol_vel,0.016402
LMT,63,138,vol_of_vol,0.011615
LMT,63,138,vol_regime_zscore,0.016547
LMT,63,138,vol_chg_21d,0.013142
LMT,63,138,event_fed_gravity,0.02029
LMT,63,138,event_earn_gravity,0.0
LMT,63,138,event_div_gravity,0.0
LMT,63,138,event_cpi_gravity,0.016702
LMT,63,138,event_nfp_gravity,0.026348
LMT,63,138,put_call_skew_30d,0.033234
LMT,63,138,term_structure_slope,0.030975
LMT,63,138,vrp_wedge,0.006865
LMT,63,138,iv_atm_z_score,0.034866
LMT,63,138,macro_yield_curve_slope,0.044717
LMT,63,138,macro_hy_spread,0.024863
LMT,63,138,macro_hy_spread_chg_5d,0.020833
LMT,63,138,macro_breakeven_5y,0.031968
LMT,63,138,macro_inflation_fwd_5y5y,0.037617
LMT,63,138,macro_inflation_fwd_chg_21d,0.003575
LMT,63,138,macro_inflation_fwd_abs_chg_21d,0.014651
LMT,63,138,macro_inflation_fwd_chg_63d,0.009095
LMT,63,138,macro_inflation_fwd_zscore,0.011241
LMT,63,138,macro_dollar_ret,0.0
LMT,63,138,beta_spy,0.011642
LMT,63,138,res_vol,0.037276
LMT,63,138,res_vol_vel,0.006069
LMT,63,138,price_regime,0.012085
LMT,63,138,corr_sector_21d,0.005026
LMT,63,138,corr_sector_252d,0.023571
LMT,63,138,sector_wedge,0.010678
LMT,63,139,rv_5d,0.107548
LMT,63,139,rv_10d,0.090054
LMT,63,139,rv_21d,0.051311
LMT,63,139,rv_63d,0.023915
LMT,63,139,rv_126d,0.015909
LMT,63,139,ewma_vol,0.048872
LMT,63,139,garch_cond_vol,0.016106
LMT,63,139,ret_TARGET,0.0
LMT,63,139,tech_RSI,0.005298
LMT,63,139,tech_MACD_hist,0.017371
LMT,63,139,ret_VIXY,0.0
LMT,63,139,mom21_VIXY,0.036722
LMT,63,139,ret_HYG,0.0
LMT,63,139,mom21_HYG,0.031029
LMT,63,139,ret_USO,0.0
LMT,63,139,mom21_USO,0.016393
LMT,63,139,ret_TLT,0.0
LMT,63,139,mom21_TLT,0.006561
LMT,63,139,ret_UUP,0.0
LMT,63,139,mom21_UUP,0.02002
LMT,63,139,ret_SPY,0.01158
LMT,63,139,mom21_SPY,0.004859
LMT,63,139,vol_vel,0.016497
LMT,63,139,vol_of_vol,0.008439
LMT,63,139,vol_regime_zscore,0.012379
LMT,63,139,vol_chg_21d,0.003855
LMT,63,139,event_fed_gravity,0.024563
LMT,63,139,event_earn_gravity,0.0
LMT,63,139,event_div_gravity,0.0
LMT,63,139,event_cpi_gravity,0.013363
LMT,63,139,event_nfp_gravity,0.025072
LMT,63,139,put_call_skew_30d,0.01937
LMT,63,139,term_structure_slope,0.060769
LMT,63,139,vrp_wedge,0.008213
LMT,63,139,iv_atm_z_score,0.035482
LMT,63,139,macro_yield_curve_slope,0.039768
LMT,63,139,macro_hy_spread,0.024428
LMT,63,139,macro_hy_spread_chg_5d,0.018585
LMT,63,139,macro_breakeven_5y,0.028156
LMT,63,139,macro_inflation_fwd_5y5y,0.038691
LMT,63,139,macro_inflation_fwd_chg_21d,0.0
LMT,63,139,macro_inflation_fwd_abs_chg_21d,0.010895
LMT,63,139,macro_inflation_fwd_chg_63d,0.007619
LMT,63,139,macro_inflation_fwd_zscore,0.008042
LMT,63,139,macro_dollar_ret,0.0
LMT,63,139,beta_spy,0.006827
LMT,63,139,res_vol,0.037438
LMT,63,139,res_vol_vel,0.005535
LMT,63,139,price_regime,0.00672
LMT,63,139,corr_sector_21d,0.003046
LMT,63,139,corr_sector_252d,0.023942
LMT,63,139,sector_wedge,0.00876
LMT,63,140,rv_5d,0.078717
LMT,63,140,rv_10d,0.051014
LMT,63,140,rv_21d,0.05238
LMT,63,140,rv_63d,0.018664
LMT,63,140,rv_126d,0.018866
LMT,63,140,ewma_vol,0.081299
LMT,63,140,garch_cond_vol,0.054415
LMT,63,140,ret_TARGET,0.0
LMT,63,140,tech_RSI,0.005682
LMT,63,140,tech_MACD_hist,0.019886
LMT,63,140,ret_VIXY,0.0
LMT,63,140,mom21_VIXY,0.032183
LMT,63,140,ret_HYG,0.0
LMT,63,140,mom21_HYG,0.04255
LMT,63,140,ret_USO,0.0
LMT,63,140,mom21_USO,0.016977
LMT,63,140,ret_TLT,0.0
LMT,63,140,mom21_TLT,0.009549
LMT,63,140,ret_UUP,0.0
LMT,63,140,mom21_UUP,0.012052
LMT,63,140,ret_SPY,0.013337
LMT,63,140,mom21_SPY,0.0
LMT,63,140,vol_vel,0.026557
LMT,63,140,vol_of_vol,0.006195
LMT,63,140,vol_regime_zscore,0.012291
LMT,63,140,vol_chg_21d,0.005444
LMT,63,140,event_fed_gravity,0.027096
LMT,63,140,event_earn_gravity,0.0
LMT,63,140,event_div_gravity,0.0
LMT,63,140,event_cpi_gravity,0.013727
LMT,63,140,event_nfp_gravity,0.03219
LMT,63,140,put_call_skew_30d,0.028035
LMT,63,140,term_structure_slope,0.0
LMT,63,140,vrp_wedge,0.006437
LMT,63,140,iv_atm_z_score,0.034756
LMT,63,140,macro_yield_curve_slope,0.044415
LMT,63,140,macro_hy_spread,0.024375
LMT,63,140,macro_hy_spread_chg_5d,0.015034
LMT,63,140,macro_breakeven_5y,0.032691
LMT,63,140,macro_inflation_fwd_5y5y,0.041587
LMT,63,140,macro_inflation_fwd_chg_21d,0.0
LMT,63,140,macro_inflation_fwd_abs_chg_21d,0.007988
LMT,63,140,macro_inflation_fwd_chg_63d,0.00979
LMT,63,140,macro_inflation_fwd_zscore,0.00902
LMT,63,140,macro_dollar_ret,0.0
LMT,63,140,beta_spy,0.008484
LMT,63,140,res_vol,0.041898
LMT,63,140,res_vol_vel,0.007238
LMT,63,140,price_regime,0.012623
LMT,63,140,corr_sector_21d,0.010309
LMT,63,140,corr_sector_252d,0.025001
LMT,63,140,sector_wedge,0.009249
LMT,63,141,rv_5d,0.088826
LMT,63,141,rv_10d,0.01805
LMT,63,141,rv_21d,0.056714
LMT,63,141,rv_63d,0.018657
LMT,63,141,rv_126d,0.020657
LMT,63,141,ewma_vol,0.087806
LMT,63,141,garch_cond_vol,0.040302
LMT,63,141,ret_TARGET,0.0
LMT,63,141,tech_RSI,0.009192
LMT,63,141,tech_MACD_hist,0.014764
LMT,63,141,ret_VIXY,0.0
LMT,63,141,mom21_VIXY,0.041609
LMT,63,141,ret_HYG,0.0
LMT,63,141,mom21_HYG,0.031744
LMT,63,141,ret_USO,0.0
LMT,63,141,mom21_USO,0.017035
LMT,63,141,ret_TLT,0.0
LMT,63,141,mom21_TLT,0.009451
LMT,63,141,ret_UUP,0.0
LMT,63,141,mom21_UUP,0.014597
LMT,63,141,ret_SPY,0.013272
LMT,63,141,mom21_SPY,0.034398
LMT,63,141,vol_vel,0.019172
LMT,63,141,vol_of_vol,0.005548
LMT,63,141,vol_regime_zscore,0.011568
LMT,63,141,vol_chg_21d,0.006967
LMT,63,141,event_fed_gravity,0.027696
LMT,63,141,event_earn_gravity,0.0
LMT,63,141,event_div_gravity,0.0
LMT,63,141,event_cpi_gravity,0.015592
LMT,63,141,event_nfp_gravity,0.02289
LMT,63,141,put_call_skew_30d,0.029091
LMT,63,141,term_structure_slope,0.0
LMT,63,141,vrp_wedge,0.009636
LMT,63,141,iv_atm_z_score,0.03472
LMT,63,141,macro_yield_curve_slope,0.046266
LMT,63,141,macro_hy_spread,0.023129
LMT,63,141,macro_hy_spread_chg_5d,0.021692
LMT,63,141,macro_breakeven_5y,0.026851
LMT,63,141,macro_inflation_fwd_5y5y,0.044724
LMT,63,141,macro_inflation_fwd_chg_21d,0.003029
LMT,63,141,macro_inflation_fwd_abs_chg_21d,0.010251
LMT,63,141,macro_inflation_fwd_chg_63d,0.008565
LMT,63,141,macro_inflation_fwd_zscore,0.007349
LMT,63,141,macro_dollar_ret,0.0
LMT,63,141,beta_spy,0.007789
LMT,63,141,res_vol,0.039964
LMT,63,141,res_vol_vel,0.00598
LMT,63,141,price_regime,0.009992
LMT,63,141,corr_sector_21d,0.012793
LMT,63,141,corr_sector_252d,0.022785
LMT,63,141,sector_wedge,0.008889
LMT,63,142,rv_5d,0.190894
LMT,63,142,rv_10d,0.021438
LMT,63,142,rv_21d,0.055931
LMT,63,142,rv_63d,0.017626
LMT,63,142,rv_126d,0.016288
LMT,63,142,ewma_vol,0.066047
LMT,63,142,garch_cond_vol,0.051704
LMT,63,142,ret_TARGET,0.0
LMT,63,142,tech_RSI,0.012878
LMT,63,142,tech_MACD_hist,0.017093
LMT,63,142,ret_VIXY,0.007864
LMT,63,142,mom21_VIXY,0.038379
LMT,63,142,ret_HYG,0.0
LMT,63,142,mom21_HYG,0.021038
LMT,63,142,ret_USO,0.0
LMT,63,142,mom21_USO,0.014869
LMT,63,142,ret_TLT,0.0
LMT,63,142,mom21_TLT,0.004431
LMT,63,142,ret_UUP,0.0
LMT,63,142,mom21_UUP,0.010378
LMT,63,142,ret_SPY,0.004554
LMT,63,142,mom21_SPY,0.016364
LMT,63,142,vol_vel,0.01774
LMT,63,142,vol_of_vol,0.012292
LMT,63,142,vol_regime_zscore,0.010808
LMT,63,142,vol_chg_21d,0.005022
LMT,63,142,event_fed_gravity,0.020988
LMT,63,142,event_earn_gravity,0.0
LMT,63,142,event_div_gravity,0.0
LMT,63,142,event_cpi_gravity,0.013783
LMT,63,142,event_nfp_gravity,0.021171
LMT,63,142,put_call_skew_30d,0.01927
LMT,63,142,term_structure_slope,0.006706
LMT,63,142,vrp_wedge,0.008393
LMT,63,142,iv_atm_z_score,0.0403
LMT,63,142,macro_yield_curve_slope,0.042191
LMT,63,142,macro_hy_spread,0.019032
LMT,63,142,macro_hy_spread_chg_5d,0.014865
LMT,63,142,macro_breakeven_5y,0.020241
LMT,63,142,macro_inflation_fwd_5y5y,0.037012
LMT,63,142,macro_inflation_fwd_chg_21d,0.0
LMT,63,142,macro_inflation_fwd_abs_chg_21d,0.007118
LMT,63,142,macro_inflation_fwd_chg_63d,0.007253
LMT,63,142,macro_inflation_fwd_zscore,0.007254
LMT,63,142,macro_dollar_ret,0.0
LMT,63,142,beta_spy,0.007661
LMT,63,142,res_vol,0.038847
LMT,63,142,res_vol_vel,0.004342
LMT,63,142,price_regime,0.011502
LMT,63,142,corr_sector_21d,0.007042
LMT,63,142,corr_sector_252d,0.021891
LMT,63,142,sector_wedge,0.009499
LMT,63,143,rv_5d,0.100679
LMT,63,143,rv_10d,0.066789
LMT,63,143,rv_21d,0.052333
LMT,63,143,rv_63d,0.020837
LMT,63,143,rv_126d,0.016332
LMT,63,143,ewma_vol,0.096834
LMT,63,143,garch_cond_vol,0.019972
LMT,63,143,ret_TARGET,0.0
LMT,63,143,tech_RSI,0.005683
LMT,63,143,tech_MACD_hist,0.01905
LMT,63,143,ret_VIXY,0.0
LMT,63,143,mom21_VIXY,0.044898
LMT,63,143,ret_HYG,0.0
LMT,63,143,mom21_HYG,0.023895
LMT,63,143,ret_USO,0.0
LMT,63,143,mom21_USO,0.013823
LMT,63,143,ret_TLT,0.0
LMT,63,143,mom21_TLT,0.00937
LMT,63,143,ret_UUP,0.0
LMT,63,143,mom21_UUP,0.011935
LMT,63,143,ret_SPY,0.00588
LMT,63,143,mom21_SPY,0.050343
LMT,63,143,vol_vel,0.027258
LMT,63,143,vol_of_vol,0.005744
LMT,63,143,vol_regime_zscore,0.011515
LMT,63,143,vol_chg_21d,0.00499
LMT,63,143,event_fed_gravity,0.01878
LMT,63,143,event_earn_gravity,0.0
LMT,63,143,event_div_gravity,0.0
LMT,63,143,event_cpi_gravity,0.018125
LMT,63,143,event_nfp_gravity,0.018257
LMT,63,143,put_call_skew_30d,0.025096
LMT,63,143,term_structure_slope,0.0
LMT,63,143,vrp_wedge,0.007666
LMT,63,143,iv_atm_z_score,0.033931
LMT,63,143,macro_yield_curve_slope,0.0424
LMT,63,143,macro_hy_spread,0.021688
LMT,63,143,macro_hy_spread_chg_5d,0.035762
LMT,63,143,macro_breakeven_5y,0.022744
LMT,63,143,macro_inflation_fwd_5y5y,0.033074
LMT,63,143,macro_inflation_fwd_chg_21d,0.0
LMT,63,143,macro_inflation_fwd_abs_chg_21d,0.007538
LMT,63,143,macro_inflation_fwd_chg_63d,0.007075
LMT,63,143,macro_inflation_fwd_zscore,0.005709
LMT,63,143,macro_dollar_ret,0.0
LMT,63,143,beta_spy,0.007438
LMT,63,143,res_vol,0.036933
LMT,63,143,res_vol_vel,0.0
LMT,63,143,price_regime,0.011463
LMT,63,143,corr_sector_21d,0.007573
LMT,63,143,corr_sector_252d,0.021757
LMT,63,143,sector_wedge,0.008831
LMT,63,144,rv_5d,0.154067
LMT,63,144,rv_10d,0.027516
LMT,63,144,rv_21d,0.072508
LMT,63,144,rv_63d,0.018637
LMT,63,144,rv_126d,0.018405
LMT,63,144,ewma_vol,0.078551
LMT,63,144,garch_cond_vol,0.048282
LMT,63,144,ret_TARGET,0.0
LMT,63,144,tech_RSI,0.00872
LMT,63,144,tech_MACD_hist,0.021513
LMT,63,144,ret_VIXY,0.006355
LMT,63,144,mom21_VIXY,0.041937
LMT,63,144,ret_HYG,0.0
LMT,63,144,mom21_HYG,0.029634
LMT,63,144,ret_USO,0.0
LMT,63,144,mom21_USO,0.013591
LMT,63,144,ret_TLT,0.0
LMT,63,144,mom21_TLT,0.005262
LMT,63,144,ret_UUP,0.0
LMT,63,144,mom21_UUP,0.009017
LMT,63,144,ret_SPY,0.003794
LMT,63,144,mom21_SPY,0.031712
LMT,63,144,vol_vel,0.017076
LMT,63,144,vol_of_vol,0.00524
LMT,63,144,vol_regime_zscore,0.010303
LMT,63,144,vol_chg_21d,0.003873
LMT,63,144,event_fed_gravity,0.01791
LMT,63,144,event_earn_gravity,0.0
LMT,63,144,event_div_gravity,0.0
LMT,63,144,event_cpi_gravity,0.018021
LMT,63,144,event_nfp_gravity,0.014413
LMT,63,144,put_call_skew_30d,0.016665
LMT,63,144,term_structure_slope,0.002458
LMT,63,144,vrp_wedge,0.007904
LMT,63,144,iv_atm_z_score,0.0344
LMT,63,144,macro_yield_curve_slope,0.0388
LMT,63,144,macro_hy_spread,0.019913
LMT,63,144,macro_hy_spread_chg_5d,0.038749
LMT,63,144,macro_breakeven_5y,0.019538
LMT,63,144,macro_inflation_fwd_5y5y,0.031373
LMT,63,144,macro_inflation_fwd_chg_21d,0.0
LMT,63,144,macro_inflation_fwd_abs_chg_21d,0.008482
LMT,63,144,macro_inflation_fwd_chg_63d,0.006688
LMT,63,144,macro_inflation_fwd_zscore,0.006556
LMT,63,144,macro_dollar_ret,0.0
LMT,63,144,beta_spy,0.00846
LMT,63,144,res_vol,0.037475
LMT,63,144,res_vol_vel,0.0
LMT,63,144,price_regime,0.008069
LMT,63,144,corr_sector_21d,0.009968
LMT,63,144,corr_sector_252d,0.019979
LMT,63,144,sector_wedge,0.008186
LMT,63,145,rv_5d,0.097516
LMT,63,145,rv_10d,0.024457
LMT,63,145,rv_21d,0.076716
LMT,63,145,rv_63d,0.020255
LMT,63,145,rv_126d,0.017446
LMT,63,145,ewma_vol,0.086924
LMT,63,145,garch_cond_vol,0.063888
LMT,63,145,ret_TARGET,0.0
LMT,63,145,tech_RSI,0.007559
LMT,63,145,tech_MACD_hist,0.016777
LMT,63,145,ret_VIXY,0.0
LMT,63,145,mom21_VIXY,0.042393
LMT,63,145,ret_HYG,0.0
LMT,63,145,mom21_HYG,0.031424
LMT,63,145,ret_USO,0.0
LMT,63,145,mom21_USO,0.014461
LMT,63,145,ret_TLT,0.0
LMT,63,145,mom21_TLT,0.006898
LMT,63,145,ret_UUP,0.0
LMT,63,145,mom21_UUP,0.008604
LMT,63,145,ret_SPY,0.011595
LMT,63,145,mom21_SPY,0.026127
LMT,63,145,vol_vel,0.01792
LMT,63,145,vol_of_vol,0.006846
LMT,63,145,vol_regime_zscore,0.011126
LMT,63,145,vol_chg_21d,0.004765
LMT,63,145,event_fed_gravity,0.015555
LMT,63,145,event_earn_gravity,0.0
LMT,63,145,event_div_gravity,0.0
LMT,63,145,event_cpi_gravity,0.01962
LMT,63,145,event_nfp_gravity,0.020485
LMT,63,145,put_call_skew_30d,0.017851
LMT,63,145,term_structure_slope,0.0
LMT,63,145,vrp_wedge,0.010048
LMT,63,145,iv_atm_z_score,0.03858
LMT,63,145,macro_yield_curve_slope,0.041574
LMT,63,145,macro_hy_spread,0.021184
LMT,63,145,macro_hy_spread_chg_5d,0.033621
LMT,63,145,macro_breakeven_5y,0.024975
LMT,63,145,macro_inflation_fwd_5y5y,0.040013
LMT,63,145,macro_inflation_fwd_chg_21d,0.004075
LMT,63,145,macro_inflation_fwd_abs_chg_21d,0.009531
LMT,63,145,macro_inflation_fwd_chg_63d,0.006324
LMT,63,145,macro_inflation_fwd_zscore,0.008152
LMT,63,145,macro_dollar_ret,0.0
LMT,63,145,beta_spy,0.008041
LMT,63,145,res_vol,0.036087
LMT,63,145,res_vol_vel,0.0
LMT,63,145,price_regime,0.010041
LMT,63,145,corr_sector_21d,0.007747
LMT,63,145,corr_sector_252d,0.023852
LMT,63,145,sector_wedge,0.008947
LMT,63,146,rv_5d,0.18433
LMT,63,146,rv_10d,0.016045
LMT,63,146,rv_21d,0.060983
LMT,63,146,rv_63d,0.017656
LMT,63,146,rv_126d,0.012321
LMT,63,146,ewma_vol,0.075137
LMT,63,146,garch_cond_vol,0.052312
LMT,63,146,ret_TARGET,0.0
LMT,63,146,tech_RSI,0.012164
LMT,63,146,tech_MACD_hist,0.021572
LMT,63,146,ret_VIXY,0.0
LMT,63,146,mom21_VIXY,0.034664
LMT,63,146,ret_HYG,0.0
LMT,63,146,mom21_HYG,0.025911
LMT,63,146,ret_USO,0.0
LMT,63,146,mom21_USO,0.016016
LMT,63,146,ret_TLT,0.0
LMT,63,146,mom21_TLT,0.004724
LMT,63,146,ret_UUP,0.0
LMT,63,146,mom21_UUP,0.010197
LMT,63,146,ret_SPY,0.011661
LMT,63,146,mom21_SPY,0.039738
LMT,63,146,vol_vel,0.017161
LMT,63,146,vol_of_vol,0.005137
LMT,63,146,vol_regime_zscore,0.009826
LMT,63,146,vol_chg_21d,0.004631
LMT,63,146,event_fed_gravity,0.015362
LMT,63,146,event_earn_gravity,0.0
LMT,63,146,event_div_gravity,0.0
LMT,63,146,event_cpi_gravity,0.01801
LMT,63,146,event_nfp_gravity,0.018033
LMT,63,146,put_call_skew_30d,0.014975
LMT,63,146,term_structure_slope,0.0
LMT,63,146,vrp_wedge,0.00729
LMT,63,146,iv_atm_z_score,0.036358
LMT,63,146,macro_yield_curve_slope,0.039309
LMT,63,146,macro_hy_spread,0.017483
LMT,63,146,macro_hy_spread_chg_5d,0.024587
LMT,63,146,macro_breakeven_5y,0.023426
LMT,63,146,macro_inflation_fwd_5y5y,0.038721
LMT,63,146,macro_inflation_fwd_chg_21d,0.0
LMT,63,146,macro_inflation_fwd_abs_chg_21d,0.007656
LMT,63,146,macro_inflation_fwd_chg_63d,0.005541
LMT,63,146,macro_inflation_fwd_zscore,0.006881
LMT,63,146,macro_dollar_ret,0.0
LMT,63,146,beta_spy,0.006612
LMT,63,146,res_vol,0.037225
LMT,63,146,res_vol_vel,0.0
LMT,63,146,price_regime,0.008376
LMT,63,146,corr_sector_21d,0.011351
LMT,63,146,corr_sector_252d,0.022081
LMT,63,146,sector_wedge,0.008536
LMT,63,147,rv_5d,0.082705
LMT,63,147,rv_10d,0.020282
LMT,63,147,rv_21d,0.073182
LMT,63,147,rv_63d,0.021853
LMT,63,147,rv_126d,0.017111
LMT,63,147,ewma_vol,0.074624
LMT,63,147,garch_cond_vol,0.053742
LMT,63,147,ret_TARGET,0.0
LMT,63,147,tech_RSI,0.007547
LMT,63,147,tech_MACD_hist,0.0218
LMT,63,147,ret_VIXY,0.0
LMT,63,147,mom21_VIXY,0.043552
LMT,63,147,ret_HYG,0.0
LMT,63,147,mom21_HYG,0.023808
LMT,63,147,ret_USO,0.0
LMT,63,147,mom21_USO,0.016849
LMT,63,147,ret_TLT,0.0
LMT,63,147,mom21_TLT,0.004779
LMT,63,147,ret_UUP,0.0
LMT,63,147,mom21_UUP,0.007926
LMT,63,147,ret_SPY,0.012256
LMT,63,147,mom21_SPY,0.074263
LMT,63,147,vol_vel,0.018135
LMT,63,147,vol_of_vol,0.011093
LMT,63,147,vol_regime_zscore,0.011591
LMT,63,147,vol_chg_21d,0.003921
LMT,63,147,event_fed_gravity,0.022265
LMT,63,147,event_earn_gravity,0.0
LMT,63,147,event_div_gravity,0.0
LMT,63,147,event_cpi_gravity,0.018409
LMT,63,147,event_nfp_gravity,0.025856
LMT,63,147,put_call_skew_30d,0.020284
LMT,63,147,term_structure_slope,0.0
LMT,63,147,vrp_wedge,0.008095
LMT,63,147,iv_atm_z_score,0.040599
LMT,63,147,macro_yield_curve_slope,0.042293
LMT,63,147,macro_hy_spread,0.019276
LMT,63,147,macro_hy_spread_chg_5d,0.012227
LMT,63,147,macro_breakeven_5y,0.029451
LMT,63,147,macro_inflation_fwd_5y5y,0.04061
LMT,63,147,macro_inflation_fwd_chg_21d,0.002614
LMT,63,147,macro_inflation_fwd_abs_chg_21d,0.009058
LMT,63,147,macro_inflation_fwd_chg_63d,0.007943
LMT,63,147,macro_inflation_fwd_zscore,0.006004
LMT,63,147,macro_dollar_ret,0.0
LMT,63,147,beta_spy,0.007726
LMT,63,147,res_vol,0.038925
LMT,63,147,res_vol_vel,0.0
LMT,63,147,price_regime,0.008862
LMT,63,147,corr_sector_21d,0.008275
LMT,63,147,corr_sector_252d,0.020639
LMT,63,147,sector_wedge,0.009569
LMT,63,148,rv_5d,0.167999
LMT,63,148,rv_10d,0.026098
LMT,63,148,rv_21d,0.066805
LMT,63,148,rv_63d,0.024787
LMT,63,148,rv_126d,0.016774
LMT,63,148,ewma_vol,0.055477
LMT,63,148,garch_cond_vol,0.052986
LMT,63,148,ret_TARGET,0.0
LMT,63,148,tech_RSI,0.009609
LMT,63,148,tech_MACD_hist,0.02107
LMT,63,148,ret_VIXY,0.0
LMT,63,148,mom21_VIXY,0.040564
LMT,63,148,ret_HYG,0.0
LMT,63,148,mom21_HYG,0.025045
LMT,63,148,ret_USO,0.0
LMT,63,148,mom21_USO,0.015906
LMT,63,148,ret_TLT,0.0
LMT,63,148,mom21_TLT,0.007383
LMT,63,148,ret_UUP,0.0
LMT,63,148,mom21_UUP,0.012134
LMT,63,148,ret_SPY,0.014397
LMT,63,148,mom21_SPY,0.008774
LMT,63,148,vol_vel,0.007099
LMT,63,148,vol_of_vol,0.007233
LMT,63,148,vol_regime_zscore,0.01186
LMT,63,148,vol_chg_21d,0.003507
LMT,63,148,event_fed_gravity,0.016747
LMT,63,148,event_earn_gravity,0.0
LMT,63,148,event_div_gravity,0.0
LMT,63,148,event_cpi_gravity,0.022022
LMT,63,148,event_nfp_gravity,0.023502
LMT,63,148,put_call_skew_30d,0.01954
LMT,63,148,term_structure_slope,0.0
LMT,63,148,vrp_wedge,0.010054
LMT,63,148,iv_atm_z_score,0.03838
LMT,63,148,macro_yield_curve_slope,0.043243
LMT,63,148,macro_hy_spread,0.024287
LMT,63,148,macro_hy_spread_chg_5d,0.021368
LMT,63,148,macro_breakeven_5y,0.027647
LMT,63,148,macro_inflation_fwd_5y5y,0.034641
LMT,63,148,macro_inflation_fwd_chg_21d,0.0
LMT,63,148,macro_inflation_fwd_abs_chg_21d,0.008966
LMT,63,148,macro_inflation_fwd_chg_63d,0.007616
LMT,63,148,macro_inflation_fwd_zscore,0.00661
LMT,63,148,macro_dollar_ret,0.0
LMT,63,148,beta_spy,0.007617
LMT,63,148,res_vol,0.044294
LMT,63,148,res_vol_vel,0.0
LMT,63,148,price_regime,0.006941
LMT,63,148,corr_sector_21d,0.008208
LMT,63,148,corr_sector_252d,0.022768
LMT,63,148,sector_wedge,0.010044
LMT,126,0,rv_5d,0.0
LMT,126,0,rv_10d,0.0
LMT,126,0,rv_21d,0.062164
LMT,126,0,rv_63d,0.046426
LMT,126,0,rv_126d,0.053913
LMT,126,0,ewma_vol,0.0
LMT,126,0,garch_cond_vol,0.0
LMT,126,0,ret_TARGET,0.0
LMT,126,0,tech_RSI,0.040386
LMT,126,0,tech_MACD_hist,0.0
LMT,126,0,ret_VIXY,0.0
LMT,126,0,mom21_VIXY,0.0
LMT,126,0,ret_HYG,0.0
LMT,126,0,mom21_HYG,0.0
LMT,126,0,ret_USO,0.0
LMT,126,0,mom21_USO,0.0
LMT,126,0,ret_TLT,0.0
LMT,126,0,mom21_TLT,0.0
LMT,126,0,ret_UUP,0.0
LMT,126,0,mom21_UUP,0.0
LMT,126,0,ret_SPY,0.0
LMT,126,0,mom21_SPY,0.0
LMT,126,0,vol_vel,0.0
LMT,126,0,vol_of_vol,0.0
LMT,126,0,vol_regime_zscore,0.0
LMT,126,0,vol_chg_21d,0.125633
LMT,126,0,event_fed_gravity,0.231787
LMT,126,0,event_earn_gravity,0.0
LMT,126,0,event_div_gravity,0.0
LMT,126,0,event_cpi_gravity,0.144695
LMT,126,0,event_nfp_gravity,0.22671
LMT,126,0,put_call_skew_30d,0.030267
LMT,126,0,term_structure_slope,0.0
LMT,126,0,vrp_wedge,0.0
LMT,126,0,iv_atm_z_score,0.0
LMT,126,0,macro_yield_curve_slope,0.038017
LMT,126,0,macro_hy_spread,0.0
LMT,126,0,macro_hy_spread_chg_5d,0.0
LMT,126,0,macro_breakeven_5y,0.0
LMT,126,0,macro_inflation_fwd_5y5y,0.0
LMT,126,0,macro_inflation_fwd_chg_21d,0.0
LMT,126,0,macro_inflation_fwd_abs_chg_21d,0.0
LMT,126,0,macro_inflation_fwd_chg_63d,0.0
LMT,126,0,macro_inflation_fwd_zscore,0.0
LMT,126,0,macro_dollar_ret,0.0
LMT,126,0,beta_spy,0.0
LMT,126,0,res_vol,0.0
LMT,126,0,res_vol_vel,0.0
LMT,126,0,price_regime,0.0
LMT,126,0,corr_sector_21d,0.0
LMT,126,0,corr_sector_252d,0.0
LMT,126,0,sector_wedge,0.0
LMT,126,1,rv_5d,0.0
LMT,126,1,rv_10d,0.0
LMT,126,1,rv_21d,0.057626
LMT,126,1,rv_63d,0.048955
LMT,126,1,rv_126d,0.046242
LMT,126,1,ewma_vol,0.0
LMT,126,1,garch_cond_vol,0.0
LMT,126,1,ret_TARGET,0.0
LMT,126,1,tech_RSI,0.033803
LMT,126,1,tech_MACD_hist,0.0
LMT,126,1,ret_VIXY,0.0
LMT,126,1,mom21_VIXY,0.0
LMT,126,1,ret_HYG,0.0
LMT,126,1,mom21_HYG,0.0
LMT,126,1,ret_USO,0.0
LMT,126,1,mom21_USO,0.0
LMT,126,1,ret_TLT,0.0
LMT,126,1,mom21_TLT,0.0
LMT,126,1,ret_UUP,0.0
LMT,126,1,mom21_UUP,0.0
LMT,126,1,ret_SPY,0.0
LMT,126,1,mom21_SPY,0.0
LMT,126,1,vol_vel,0.0
LMT,126,1,vol_of_vol,0.0
LMT,126,1,vol_regime_zscore,0.0
LMT,126,1,vol_chg_21d,0.132221
LMT,126,1,event_fed_gravity,0.228285
LMT,126,1,event_earn_gravity,0.0
LMT,126,1,event_div_gravity,0.0
LMT,126,1,event_cpi_gravity,0.164429
LMT,126,1,event_nfp_gravity,0.218879
LMT,126,1,put_call_skew_30d,0.031894
LMT,126,1,term_structure_slope,0.0
LMT,126,1,vrp_wedge,0.0
LMT,126,1,iv_atm_z_score,0.0
LMT,126,1,macro_yield_curve_slope,0.037667
LMT,126,1,macro_hy_spread,0.0
LMT,126,1,macro_hy_spread_chg_5d,0.0
LMT,126,1,macro_breakeven_5y,0.0
LMT,126,1,macro_inflation_fwd_5y5y,0.0
LMT,126,1,macro_inflation_fwd_chg_21d,0.0
LMT,126,1,macro_inflation_fwd_abs_chg_21d,0.0
LMT,126,1,macro_inflation_fwd_chg_63d,0.0
LMT,126,1,macro_inflation_fwd_zscore,0.0
LMT,126,1,macro_dollar_ret,0.0
LMT,126,1,beta_spy,0.0
LMT,126,1,res_vol,0.0
LMT,126,1,res_vol_vel,0.0
LMT,126,1,price_regime,0.0
LMT,126,1,corr_sector_21d,0.0
LMT,126,1,corr_sector_252d,0.0
LMT,126,1,sector_wedge,0.0
LMT,126,2,rv_5d,0.0
LMT,126,2,rv_10d,0.0
LMT,126,2,rv_21d,0.047974
LMT,126,2,rv_63d,0.053193
LMT,126,2,rv_126d,0.052407
LMT,126,2,ewma_vol,0.0
LMT,126,2,garch_cond_vol,0.0
LMT,126,2,ret_TARGET,0.0
LMT,126,2,tech_RSI,0.035783
LMT,126,2,tech_MACD_hist,0.0
LMT,126,2,ret_VIXY,0.0
LMT,126,2,mom21_VIXY,0.0
LMT,126,2,ret_HYG,0.0
LMT,126,2,mom21_HYG,0.0
LMT,126,2,ret_USO,0.0
LMT,126,2,mom21_USO,0.0
LMT,126,2,ret_TLT,0.0
LMT,126,2,mom21_TLT,0.0
LMT,126,2,ret_UUP,0.0
LMT,126,2,mom21_UUP,0.0
LMT,126,2,ret_SPY,0.0
LMT,126,2,mom21_SPY,0.0
LMT,126,2,vol_vel,0.0
LMT,126,2,vol_of_vol,0.0
LMT,126,2,vol_regime_zscore,0.0
LMT,126,2,vol_chg_21d,0.10492
LMT,126,2,event_fed_gravity,0.213223
LMT,126,2,event_earn_gravity,0.0
LMT,126,2,event_div_gravity,0.0
LMT,126,2,event_cpi_gravity,0.228014
LMT,126,2,event_nfp_gravity,0.191796
LMT,126,2,put_call_skew_30d,0.040923
LMT,126,2,term_structure_slope,0.0
LMT,126,2,vrp_wedge,0.0
LMT,126,2,iv_atm_z_score,0.0
LMT,126,2,macro_yield_curve_slope,0.031767
LMT,126,2,macro_hy_spread,0.0
LMT,126,2,macro_hy_spread_chg_5d,0.0
LMT,126,2,macro_breakeven_5y,0.0
LMT,126,2,macro_inflation_fwd_5y5y,0.0
LMT,126,2,macro_inflation_fwd_chg_21d,0.0
LMT,126,2,macro_inflation_fwd_abs_chg_21d,0.0
LMT,126,2,macro_inflation_fwd_chg_63d,0.0
LMT,126,2,macro_inflation_fwd_zscore,0.0
LMT,126,2,macro_dollar_ret,0.0
LMT,126,2,beta_spy,0.0
LMT,126,2,res_vol,0.0
LMT,126,2,res_vol_vel,0.0
LMT,126,2,price_regime,0.0
LMT,126,2,corr_sector_21d,0.0
LMT,126,2,corr_sector_252d,0.0
LMT,126,2,sector_wedge,0.0
LMT,126,3,rv_5d,0.0
LMT,126,3,rv_10d,0.030583
LMT,126,3,rv_21d,0.049638
LMT,126,3,rv_63d,0.042319
LMT,126,3,rv_126d,0.048496
LMT,126,3,ewma_vol,0.0
LMT,126,3,garch_cond_vol,0.0
LMT,126,3,ret_TARGET,0.0
LMT,126,3,tech_RSI,0.03796
LMT,126,3,tech_MACD_hist,0.0
LMT,126,3,ret_VIXY,0.0
LMT,126,3,mom21_VIXY,0.0
LMT,126,3,ret_HYG,0.0
LMT,126,3,mom21_HYG,0.0
LMT,126,3,ret_USO,0.0
LMT,126,3,mom21_USO,0.0
LMT,126,3,ret_TLT,0.0
LMT,126,3,mom21_TLT,0.0
LMT,126,3,ret_UUP,0.0
LMT,126,3,mom21_UUP,0.0
LMT,126,3,ret_SPY,0.0
LMT,126,3,mom21_SPY,0.0
LMT,126,3,vol_vel,0.0
LMT,126,3,vol_of_vol,0.045696
LMT,126,3,vol_regime_zscore,0.0
LMT,126,3,vol_chg_21d,0.099636
LMT,126,3,event_fed_gravity,0.183422
LMT,126,3,event_earn_gravity,0.0
LMT,126,3,event_div_gravity,0.0
LMT,126,3,event_cpi_gravity,0.195534
LMT,126,3,event_nfp_gravity,0.185321
LMT,126,3,put_call_skew_30d,0.028395
LMT,126,3,term_structure_slope,0.0
LMT,126,3,vrp_wedge,0.0
LMT,126,3,iv_atm_z_score,0.0
LMT,126,3,macro_yield_curve_slope,0.031058
LMT,126,3,macro_hy_spread,0.0
LMT,126,3,macro_hy_spread_chg_5d,0.0
LMT,126,3,macro_breakeven_5y,0.0
LMT,126,3,macro_inflation_fwd_5y5y,0.0
LMT,126,3,macro_inflation_fwd_chg_21d,0.0
LMT,126,3,macro_inflation_fwd_abs_chg_21d,0.0
LMT,126,3,macro_inflation_fwd_chg_63d,0.0
LMT,126,3,macro_inflation_fwd_zscore,0.0
LMT,126,3,macro_dollar_ret,0.0
LMT,126,3,beta_spy,0.021942
LMT,126,3,res_vol,0.0
LMT,126,3,res_vol_vel,0.0
LMT,126,3,price_regime,0.0
LMT,126,3,corr_sector_21d,0.0
LMT,126,3,corr_sector_252d,0.0
LMT,126,3,sector_wedge,0.0
LMT,126,4,rv_5d,0.0
LMT,126,4,rv_10d,0.029419
LMT,126,4,rv_21d,0.046001
LMT,126,4,rv_63d,0.046608
LMT,126,4,rv_126d,0.056083
LMT,126,4,ewma_vol,0.0
LMT,126,4,garch_cond_vol,0.0
LMT,126,4,ret_TARGET,0.0
LMT,126,4,tech_RSI,0.037012
LMT,126,4,tech_MACD_hist,0.0
LMT,126,4,ret_VIXY,0.0
LMT,126,4,mom21_VIXY,0.0
LMT,126,4,ret_HYG,0.0
LMT,126,4,mom21_HYG,0.0
LMT,126,4,ret_USO,0.0
LMT,126,4,mom21_USO,0.0
LMT,126,4,ret_TLT,0.0
LMT,126,4,mom21_TLT,0.0
LMT,126,4,ret_UUP,0.0
LMT,126,4,mom21_UUP,0.0
LMT,126,4,ret_SPY,0.0
LMT,126,4,mom21_SPY,0.0
LMT,126,4,vol_vel,0.0
LMT,126,4,vol_of_vol,0.0
LMT,126,4,vol_regime_zscore,0.0
LMT,126,4,vol_chg_21d,0.096611
LMT,126,4,event_fed_gravity,0.216937
LMT,126,4,event_earn_gravity,0.0
LMT,126,4,event_div_gravity,0.0
LMT,126,4,event_cpi_gravity,0.146773
LMT,126,4,event_nfp_gravity,0.177877
LMT,126,4,put_call_skew_30d,0.027721
LMT,126,4,term_structure_slope,0.029839
LMT,126,4,vrp_wedge,0.0
LMT,126,4,iv_atm_z_score,0.0
LMT,126,4,macro_yield_curve_slope,0.032091
LMT,126,4,macro_hy_spread,0.0
LMT,126,4,macro_hy_spread_chg_5d,0.0
LMT,126,4,macro_breakeven_5y,0.0
LMT,126,4,macro_inflation_fwd_5y5y,0.0
LMT,126,4,macro_inflation_fwd_chg_21d,0.0
LMT,126,4,macro_inflation_fwd_abs_chg_21d,0.0
LMT,126,4,macro_inflation_fwd_chg_63d,0.0
LMT,126,4,macro_inflation_fwd_zscore,0.0
LMT,126,4,macro_dollar_ret,0.0
LMT,126,4,beta_spy,0.0
LMT,126,4,res_vol,0.0
LMT,126,4,res_vol_vel,0.0
LMT,126,4,price_regime,0.0
LMT,126,4,corr_sector_21d,0.0
LMT,126,4,corr_sector_252d,0.05703
LMT,126,4,sector_wedge,0.0
LMT,126,5,rv_5d,0.0
LMT,126,5,rv_10d,0.029694
LMT,126,5,rv_21d,0.042126
LMT,126,5,rv_63d,0.046964
LMT,126,5,rv_126d,0.054023
LMT,126,5,ewma_vol,0.0
LMT,126,5,garch_cond_vol,0.0
LMT,126,5,ret_TARGET,0.0
LMT,126,5,tech_RSI,0.029554
LMT,126,5,tech_MACD_hist,0.0
LMT,126,5,ret_VIXY,0.0
LMT,126,5,mom21_VIXY,0.0
LMT,126,5,ret_HYG,0.0
LMT,126,5,mom21_HYG,0.0
LMT,126,5,ret_USO,0.0
LMT,126,5,mom21_USO,0.0
LMT,126,5,ret_TLT,0.0
LMT,126,5,mom21_TLT,0.0
LMT,126,5,ret_UUP,0.0
LMT,126,5,mom21_UUP,0.0
LMT,126,5,ret_SPY,0.0
LMT,126,5,mom21_SPY,0.0
LMT,126,5,vol_vel,0.0
LMT,126,5,vol_of_vol,0.0
LMT,126,5,vol_regime_zscore,0.0
LMT,126,5,vol_chg_21d,0.085479
LMT,126,5,event_fed_gravity,0.17861
LMT,126,5,event_earn_gravity,0.0
LMT,126,5,event_div_gravity,0.0
LMT,126,5,event_cpi_gravity,0.191621
LMT,126,5,event_nfp_gravity,0.173363
LMT,126,5,put_call_skew_30d,0.031356
LMT,126,5,term_structure_slope,0.0
LMT,126,5,vrp_wedge,0.0
LMT,126,5,iv_atm_z_score,0.0
LMT,126,5,macro_yield_curve_slope,0.026364
LMT,126,5,macro_hy_spread,0.0
LMT,126,5,macro_hy_spread_chg_5d,0.0
LMT,126,5,macro_breakeven_5y,0.0
LMT,126,5,macro_inflation_fwd_5y5y,0.0
LMT,126,5,macro_inflation_fwd_chg_21d,0.0
LMT,126,5,macro_inflation_fwd_abs_chg_21d,0.0
LMT,126,5,macro_inflation_fwd_chg_63d,0.032178
LMT,126,5,macro_inflation_fwd_zscore,0.0
LMT,126,5,macro_dollar_ret,0.0
LMT,126,5,beta_spy,0.031811
LMT,126,5,res_vol,0.0
LMT,126,5,res_vol_vel,0.0
LMT,126,5,price_regime,0.0
LMT,126,5,corr_sector_21d,0.0
LMT,126,5,corr_sector_252d,0.046857
LMT,126,5,sector_wedge,0.0
LMT,126,6,rv_5d,0.0
LMT,126,6,rv_10d,0.02738
LMT,126,6,rv_21d,0.03801
LMT,126,6,rv_63d,0.048419
LMT,126,6,rv_126d,0.049194
LMT,126,6,ewma_vol,0.0
LMT,126,6,garch_cond_vol,0.0
LMT,126,6,ret_TARGET,0.0
LMT,126,6,tech_RSI,0.025168
LMT,126,6,tech_MACD_hist,0.0
LMT,126,6,ret_VIXY,0.0
LMT,126,6,mom21_VIXY,0.0
LMT,126,6,ret_HYG,0.0
LMT,126,6,mom21_HYG,0.0
LMT,126,6,ret_USO,0.0
LMT,126,6,mom21_USO,0.0
LMT,126,6,ret_TLT,0.0
LMT,126,6,mom21_TLT,0.0
LMT,126,6,ret_UUP,0.0
LMT,126,6,mom21_UUP,0.0
LMT,126,6,ret_SPY,0.0
LMT,126,6,mom21_SPY,0.0
LMT,126,6,vol_vel,0.0
LMT,126,6,vol_of_vol,0.0
LMT,126,6,vol_regime_zscore,0.0
LMT,126,6,vol_chg_21d,0.103765
LMT,126,6,event_fed_gravity,0.200964
LMT,126,6,event_earn_gravity,0.0
LMT,126,6,event_div_gravity,0.0
LMT,126,6,event_cpi_gravity,0.185994
LMT,126,6,event_nfp_gravity,0.181417
LMT,126,6,put_call_skew_30d,0.031106
LMT,126,6,term_structure_slope,0.0
LMT,126,6,vrp_wedge,0.0
LMT,126,6,iv_atm_z_score,0.0
LMT,126,6,macro_yield_curve_slope,0.032371
LMT,126,6,macro_hy_spread,0.0
LMT,126,6,macro_hy_spread_chg_5d,0.0
LMT,126,6,macro_breakeven_5y,0.0
LMT,126,6,macro_inflation_fwd_5y5y,0.0
LMT,126,6,macro_inflation_fwd_chg_21d,0.0
LMT,126,6,macro_inflation_fwd_abs_chg_21d,0.0
LMT,126,6,macro_inflation_fwd_chg_63d,0.0
LMT,126,6,macro_inflation_fwd_zscore,0.0
LMT,126,6,macro_dollar_ret,0.0
LMT,126,6,beta_spy,0.035811
LMT,126,6,res_vol,0.0
LMT,126,6,res_vol_vel,0.0
LMT,126,6,price_regime,0.0
LMT,126,6,corr_sector_21d,0.0
LMT,126,6,corr_sector_252d,0.040402
LMT,126,6,sector_wedge,0.0
LMT,126,7,rv_5d,0.0
LMT,126,7,rv_10d,0.030526
LMT,126,7,rv_21d,0.046917
LMT,126,7,rv_63d,0.051709
LMT,126,7,rv_126d,0.044775
LMT,126,7,ewma_vol,0.0
LMT,126,7,garch_cond_vol,0.0
LMT,126,7,ret_TARGET,0.0
LMT,126,7,tech_RSI,0.0
LMT,126,7,tech_MACD_hist,0.0
LMT,126,7,ret_VIXY,0.0
LMT,126,7,mom21_VIXY,0.0
LMT,126,7,ret_HYG,0.0
LMT,126,7,mom21_HYG,0.0
LMT,126,7,ret_USO,0.0
LMT,126,7,mom21_USO,0.0
LMT,126,7,ret_TLT,0.0
LMT,126,7,mom21_TLT,0.0
LMT,126,7,ret_UUP,0.0
LMT,126,7,mom21_UUP,0.0
LMT,126,7,ret_SPY,0.0
LMT,126,7,mom21_SPY,0.0
LMT,126,7,vol_vel,0.0
LMT,126,7,vol_of_vol,0.0
LMT,126,7,vol_regime_zscore,0.0
LMT,126,7,vol_chg_21d,0.110129
LMT,126,7,event_fed_gravity,0.192893
LMT,126,7,event_earn_gravity,0.0
LMT,126,7,event_div_gravity,0.0
LMT,126,7,event_cpi_gravity,0.234386
LMT,126,7,event_nfp_gravity,0.183409
LMT,126,7,put_call_skew_30d,0.0
LMT,126,7,term_structure_slope,0.0
LMT,126,7,vrp_wedge,0.0
LMT,126,7,iv_atm_z_score,0.0
LMT,126,7,macro_yield_curve_slope,0.030424
LMT,126,7,macro_hy_spread,0.0
LMT,126,7,macro_hy_spread_chg_5d,0.0
LMT,126,7,macro_breakeven_5y,0.0
LMT,126,7,macro_inflation_fwd_5y5y,0.0
LMT,126,7,macro_inflation_fwd_chg_21d,0.0
LMT,126,7,macro_inflation_fwd_abs_chg_21d,0.0
LMT,126,7,macro_inflation_fwd_chg_63d,0.0
LMT,126,7,macro_inflation_fwd_zscore,0.0
LMT,126,7,macro_dollar_ret,0.0
LMT,126,7,beta_spy,0.034865
LMT,126,7,res_vol,0.0
LMT,126,7,res_vol_vel,0.0
LMT,126,7,price_regime,0.0
LMT,126,7,corr_sector_21d,0.0
LMT,126,7,corr_sector_252d,0.039967
LMT,126,7,sector_wedge,0.0
LMT,126,8,rv_5d,0.0
LMT,126,8,rv_10d,0.0
LMT,126,8,rv_21d,0.046334
LMT,126,8,rv_63d,0.048781
LMT,126,8,rv_126d,0.040114
LMT,126,8,ewma_vol,0.0
LMT,126,8,garch_cond_vol,0.0
LMT,126,8,ret_TARGET,0.0
LMT,126,8,tech_RSI,0.038868
LMT,126,8,tech_MACD_hist,0.0
LMT,126,8,ret_VIXY,0.0
LMT,126,8,mom21_VIXY,0.0
LMT,126,8,ret_HYG,0.0
LMT,126,8,mom21_HYG,0.0
LMT,126,8,ret_USO,0.0
LMT,126,8,mom21_USO,0.0
LMT,126,8,ret_TLT,0.0
LMT,126,8,mom21_TLT,0.0
LMT,126,8,ret_UUP,0.0
LMT,126,8,mom21_UUP,0.0
LMT,126,8,ret_SPY,0.0
LMT,126,8,mom21_SPY,0.0
LMT,126,8,vol_vel,0.0
LMT,126,8,vol_of_vol,0.0
LMT,126,8,vol_regime_zscore,0.0
LMT,126,8,vol_chg_21d,0.122975
LMT,126,8,event_fed_gravity,0.23311
LMT,126,8,event_earn_gravity,0.0
LMT,126,8,event_div_gravity,0.0
LMT,126,8,event_cpi_gravity,0.166588
LMT,126,8,event_nfp_gravity,0.162403
LMT,126,8,put_call_skew_30d,0.027348
LMT,126,8,term_structure_slope,0.0
LMT,126,8,vrp_wedge,0.0
LMT,126,8,iv_atm_z_score,0.0
LMT,126,8,macro_yield_curve_slope,0.032819
LMT,126,8,macro_hy_spread,0.0
LMT,126,8,macro_hy_spread_chg_5d,0.0
LMT,126,8,macro_breakeven_5y,0.0
LMT,126,8,macro_inflation_fwd_5y5y,0.0
LMT,126,8,macro_inflation_fwd_chg_21d,0.0
LMT,126,8,macro_inflation_fwd_abs_chg_21d,0.0
LMT,126,8,macro_inflation_fwd_chg_63d,0.0
LMT,126,8,macro_inflation_fwd_zscore,0.0
LMT,126,8,macro_dollar_ret,0.0
LMT,126,8,beta_spy,0.029508
LMT,126,8,res_vol,0.0
LMT,126,8,res_vol_vel,0.0
LMT,126,8,price_regime,0.0
LMT,126,8,corr_sector_21d,0.0
LMT,126,8,corr_sector_252d,0.051152
LMT,126,8,sector_wedge,0.0
LMT,126,9,rv_5d,0.0
LMT,126,9,rv_10d,0.0
LMT,126,9,rv_21d,0.047574
LMT,126,9,rv_63d,0.05258
LMT,126,9,rv_126d,0.039655
LMT,126,9,ewma_vol,0.0
LMT,126,9,garch_cond_vol,0.0
LMT,126,9,ret_TARGET,0.0
LMT,126,9,tech_RSI,0.039572
LMT,126,9,tech_MACD_hist,0.0
LMT,126,9,ret_VIXY,0.0
LMT,126,9,mom21_VIXY,0.0
LMT,126,9,ret_HYG,0.0
LMT,126,9,mom21_HYG,0.0
LMT,126,9,ret_USO,0.0
LMT,126,9,mom21_USO,0.0
LMT,126,9,ret_TLT,0.0
LMT,126,9,mom21_TLT,0.0
LMT,126,9,ret_UUP,0.0
LMT,126,9,mom21_UUP,0.0
LMT,126,9,ret_SPY,0.0
LMT,126,9,mom21_SPY,0.0
LMT,126,9,vol_vel,0.0
LMT,126,9,vol_of_vol,0.0
LMT,126,9,vol_regime_zscore,0.0
LMT,126,9,vol_chg_21d,0.096441
LMT,126,9,event_fed_gravity,0.265233
LMT,126,9,event_earn_gravity,0.0
LMT,126,9,event_div_gravity,0.0
LMT,126,9,event_cpi_gravity,0.15264
LMT,126,9,event_nfp_gravity,0.167327
LMT,126,9,put_call_skew_30d,0.029649
LMT,126,9,term_structure_slope,0.0
LMT,126,9,vrp_wedge,0.0
LMT,126,9,iv_atm_z_score,0.0
LMT,126,9,macro_yield_curve_slope,0.025997
LMT,126,9,macro_hy_spread,0.0
LMT,126,9,macro_hy_spread_chg_5d,0.0
LMT,126,9,macro_breakeven_5y,0.0
LMT,126,9,macro_inflation_fwd_5y5y,0.0
LMT,126,9,macro_inflation_fwd_chg_21d,0.0
LMT,126,9,macro_inflation_fwd_abs_chg_21d,0.0
LMT,126,9,macro_inflation_fwd_chg_63d,0.0
LMT,126,9,macro_inflation_fwd_zscore,0.0
LMT,126,9,macro_dollar_ret,0.0
LMT,126,9,beta_spy,0.0
LMT,126,9,res_vol,0.0
LMT,126,9,res_vol_vel,0.0
LMT,126,9,price_regime,0.0
LMT,126,9,corr_sector_21d,0.0
LMT,126,9,corr_sector_252d,0.083329
LMT,126,9,sector_wedge,0.0
LMT,126,10,rv_5d,0.0
LMT,126,10,rv_10d,0.0
LMT,126,10,rv_21d,0.046778
LMT,126,10,rv_63d,0.05617
LMT,126,10,rv_126d,0.038467
LMT,126,10,ewma_vol,0.0
LMT,126,10,garch_cond_vol,0.0
LMT,126,10,ret_TARGET,0.0
LMT,126,10,tech_RSI,0.040221
LMT,126,10,tech_MACD_hist,0.0
LMT,126,10,ret_VIXY,0.0
LMT,126,10,mom21_VIXY,0.0
LMT,126,10,ret_HYG,0.0
LMT,126,10,mom21_HYG,0.0
LMT,126,10,ret_USO,0.0
LMT,126,10,mom21_USO,0.0
LMT,126,10,ret_TLT,0.0
LMT,126,10,mom21_TLT,0.0
LMT,126,10,ret_UUP,0.0
LMT,126,10,mom21_UUP,0.0
LMT,126,10,ret_SPY,0.0
LMT,126,10,mom21_SPY,0.0
LMT,126,10,vol_vel,0.0
LMT,126,10,vol_of_vol,0.0
LMT,126,10,vol_regime_zscore,0.0
LMT,126,10,vol_chg_21d,0.12428
LMT,126,10,event_fed_gravity,0.201031
LMT,126,10,event_earn_gravity,0.0
LMT,126,10,event_div_gravity,0.0
LMT,126,10,event_cpi_gravity,0.183783
LMT,126,10,event_nfp_gravity,0.168451
LMT,126,10,put_call_skew_30d,0.03077
LMT,126,10,term_structure_slope,0.0
LMT,126,10,vrp_wedge,0.0
LMT,126,10,iv_atm_z_score,0.0
LMT,126,10,macro_yield_curve_slope,0.031403
LMT,126,10,macro_hy_spread,0.0
LMT,126,10,macro_hy_spread_chg_5d,0.0
LMT,126,10,macro_breakeven_5y,0.0
LMT,126,10,macro_inflation_fwd_5y5y,0.0
LMT,126,10,macro_inflation_fwd_chg_21d,0.0
LMT,126,10,macro_inflation_fwd_abs_chg_21d,0.0
LMT,126,10,macro_inflation_fwd_chg_63d,0.0
LMT,126,10,macro_inflation_fwd_zscore,0.0
LMT,126,10,macro_dollar_ret,0.0
LMT,126,10,beta_spy,0.03104
LMT,126,10,res_vol,0.0
LMT,126,10,res_vol_vel,0.0
LMT,126,10,price_regime,0.0
LMT,126,10,corr_sector_21d,0.0
LMT,126,10,corr_sector_252d,0.047605
LMT,126,10,sector_wedge,0.0
LMT,126,11,rv_5d,0.0
LMT,126,11,rv_10d,0.0
LMT,126,11,rv_21d,0.049727
LMT,126,11,rv_63d,0.050417
LMT,126,11,rv_126d,0.035348
LMT,126,11,ewma_vol,0.0
LMT,126,11,garch_cond_vol,0.0
LMT,126,11,ret_TARGET,0.0
LMT,126,11,tech_RSI,0.038331
LMT,126,11,tech_MACD_hist,0.0
LMT,126,11,ret_VIXY,0.0
LMT,126,11,mom21_VIXY,0.0
LMT,126,11,ret_HYG,0.0
LMT,126,11,mom21_HYG,0.0
LMT,126,11,ret_USO,0.0
LMT,126,11,mom21_USO,0.0
LMT,126,11,ret_TLT,0.0
LMT,126,11,mom21_TLT,0.0
LMT,126,11,ret_UUP,0.0
LMT,126,11,mom21_UUP,0.0
LMT,126,11,ret_SPY,0.0
LMT,126,11,mom21_SPY,0.0
LMT,126,11,vol_vel,0.0
LMT,126,11,vol_of_vol,0.044719
LMT,126,11,vol_regime_zscore,0.0
LMT,126,11,vol_chg_21d,0.090583
LMT,126,11,event_fed_gravity,0.201601
LMT,126,11,event_earn_gravity,0.0
LMT,126,11,event_div_gravity,0.0
LMT,126,11,event_cpi_gravity,0.175245
LMT,126,11,event_nfp_gravity,0.189456
LMT,126,11,put_call_skew_30d,0.028366
LMT,126,11,term_structure_slope,0.0
LMT,126,11,vrp_wedge,0.0
LMT,126,11,iv_atm_z_score,0.0
LMT,126,11,macro_yield_curve_slope,0.028765
LMT,126,11,macro_hy_spread,0.0
LMT,126,11,macro_hy_spread_chg_5d,0.0
LMT,126,11,macro_breakeven_5y,0.0
LMT,126,11,macro_inflation_fwd_5y5y,0.0
LMT,126,11,macro_inflation_fwd_chg_21d,0.0
LMT,126,11,macro_inflation_fwd_abs_chg_21d,0.0
LMT,126,11,macro_inflation_fwd_chg_63d,0.0
LMT,126,11,macro_inflation_fwd_zscore,0.0
LMT,126,11,macro_dollar_ret,0.0
LMT,126,11,beta_spy,0.0
LMT,126,11,res_vol,0.0
LMT,126,11,res_vol_vel,0.0
LMT,126,11,price_regime,0.0
LMT,126,11,corr_sector_21d,0.0
LMT,126,11,corr_sector_252d,0.067442
LMT,126,11,sector_wedge,0.0
LMT,126,12,rv_5d,0.0
LMT,126,12,rv_10d,0.0
LMT,126,12,rv_21d,0.059604
LMT,126,12,rv_63d,0.051583
LMT,126,12,rv_126d,0.035374
LMT,126,12,ewma_vol,0.0
LMT,126,12,garch_cond_vol,0.0
LMT,126,12,ret_TARGET,0.0
LMT,126,12,tech_RSI,0.039403
LMT,126,12,tech_MACD_hist,0.0
LMT,126,12,ret_VIXY,0.0
LMT,126,12,mom21_VIXY,0.0
LMT,126,12,ret_HYG,0.0
LMT,126,12,mom21_HYG,0.0
LMT,126,12,ret_USO,0.0
LMT,126,12,mom21_USO,0.0
LMT,126,12,ret_TLT,0.0
LMT,126,12,mom21_TLT,0.0
LMT,126,12,ret_UUP,0.0
LMT,126,12,mom21_UUP,0.0
LMT,126,12,ret_SPY,0.0
LMT,126,12,mom21_SPY,0.0
LMT,126,12,vol_vel,0.0
LMT,126,12,vol_of_vol,0.0
LMT,126,12,vol_regime_zscore,0.0
LMT,126,12,vol_chg_21d,0.106501
LMT,126,12,event_fed_gravity,0.210494
LMT,126,12,event_earn_gravity,0.0
LMT,126,12,event_div_gravity,0.0
LMT,126,12,event_cpi_gravity,0.218767
LMT,126,12,event_nfp_gravity,0.156903
LMT,126,12,put_call_skew_30d,0.029933
LMT,126,12,term_structure_slope,0.0
LMT,126,12,vrp_wedge,0.0
LMT,126,12,iv_atm_z_score,0.0
LMT,126,12,macro_yield_curve_slope,0.030265
LMT,126,12,macro_hy_spread,0.0
LMT,126,12,macro_hy_spread_chg_5d,0.0
LMT,126,12,macro_breakeven_5y,0.0
LMT,126,12,macro_inflation_fwd_5y5y,0.0
LMT,126,12,macro_inflation_fwd_chg_21d,0.0
LMT,126,12,macro_inflation_fwd_abs_chg_21d,0.0
LMT,126,12,macro_inflation_fwd_chg_63d,0.0
LMT,126,12,macro_inflation_fwd_zscore,0.0
LMT,126,12,macro_dollar_ret,0.0
LMT,126,12,beta_spy,0.0
LMT,126,12,res_vol,0.0
LMT,126,12,res_vol_vel,0.0
LMT,126,12,price_regime,0.0
LMT,126,12,corr_sector_21d,0.0
LMT,126,12,corr_sector_252d,0.061174
LMT,126,12,sector_wedge,0.0
LMT,126,13,rv_5d,0.0
LMT,126,13,rv_10d,0.0
LMT,126,13,rv_21d,0.046476
LMT,126,13,rv_63d,0.055786
LMT,126,13,rv_126d,0.039772
LMT,126,13,ewma_vol,0.0
LMT,126,13,garch_cond_vol,0.0
LMT,126,13,ret_TARGET,0.0
LMT,126,13,tech_RSI,0.0
LMT,126,13,tech_MACD_hist,0.0
LMT,126,13,ret_VIXY,0.0
LMT,126,13,mom21_VIXY,0.0
LMT,126,13,ret_HYG,0.0
LMT,126,13,mom21_HYG,0.0
LMT,126,13,ret_USO,0.0
LMT,126,13,mom21_USO,0.0
LMT,126,13,ret_TLT,0.0
LMT,126,13,mom21_TLT,0.0
LMT,126,13,ret_UUP,0.0
LMT,126,13,mom21_UUP,0.0
LMT,126,13,ret_SPY,0.0
LMT,126,13,mom21_SPY,0.0
LMT,126,13,vol_vel,0.0
LMT,126,13,vol_of_vol,0.0
LMT,126,13,vol_regime_zscore,0.0
LMT,126,13,vol_chg_21d,0.076959
LMT,126,13,event_fed_gravity,0.18535
LMT,126,13,event_earn_gravity,0.0
LMT,126,13,event_div_gravity,0.0
LMT,126,13,event_cpi_gravity,0.220312
LMT,126,13,event_nfp_gravity,0.173298
LMT,126,13,put_call_skew_30d,0.02907
LMT,126,13,term_structure_slope,0.0
LMT,126,13,vrp_wedge,0.0
LMT,126,13,iv_atm_z_score,0.0
LMT,126,13,macro_yield_curve_slope,0.027717
LMT,126,13,macro_hy_spread,0.0
LMT,126,13,macro_hy_spread_chg_5d,0.0
LMT,126,13,macro_breakeven_5y,0.0
LMT,126,13,macro_inflation_fwd_5y5y,0.0
LMT,126,13,macro_inflation_fwd_chg_21d,0.0
LMT,126,13,macro_inflation_fwd_abs_chg_21d,0.0
LMT,126,13,macro_inflation_fwd_chg_63d,0.062655
LMT,126,13,macro_inflation_fwd_zscore,0.0
LMT,126,13,macro_dollar_ret,0.0
LMT,126,13,beta_spy,0.035724
LMT,126,13,res_vol,0.0
LMT,126,13,res_vol_vel,0.0
LMT,126,13,price_regime,0.0
LMT,126,13,corr_sector_21d,0.0
LMT,126,13,corr_sector_252d,0.046882
LMT,126,13,sector_wedge,0.0
LMT,126,14,rv_5d,0.0
LMT,126,14,rv_10d,0.0
LMT,126,14,rv_21d,0.054674
LMT,126,14,rv_63d,0.052554
LMT,126,14,rv_126d,0.029974
LMT,126,14,ewma_vol,0.0
LMT,126,14,garch_cond_vol,0.0
LMT,126,14,ret_TARGET,0.0
LMT,126,14,tech_RSI,0.0
LMT,126,14,tech_MACD_hist,0.0
LMT,126,14,ret_VIXY,0.0
LMT,126,14,mom21_VIXY,0.0
LMT,126,14,ret_HYG,0.0
LMT,126,14,mom21_HYG,0.0
LMT,126,14,ret_USO,0.0
LMT,126,14,mom21_USO,0.0
LMT,126,14,ret_TLT,0.0
LMT,126,14,mom21_TLT,0.0
LMT,126,14,ret_UUP,0.0
LMT,126,14,mom21_UUP,0.0
LMT,126,14,ret_SPY,0.0
LMT,126,14,mom21_SPY,0.0
LMT,126,14,vol_vel,0.0
LMT,126,14,vol_of_vol,0.0
LMT,126,14,vol_regime_zscore,0.0
LMT,126,14,vol_chg_21d,0.076919
LMT,126,14,event_fed_gravity,0.201386
LMT,126,14,event_earn_gravity,0.0
LMT,126,14,event_div_gravity,0.0
LMT,126,14,event_cpi_gravity,0.155724
LMT,126,14,event_nfp_gravity,0.166283
LMT,126,14,put_call_skew_30d,0.034698
LMT,126,14,term_structure_slope,0.0
LMT,126,14,vrp_wedge,0.0
LMT,126,14,iv_atm_z_score,0.0
LMT,126,14,macro_yield_curve_slope,0.047196
LMT,126,14,macro_hy_spread,0.037444
LMT,126,14,macro_hy_spread_chg_5d,0.0
LMT,126,14,macro_breakeven_5y,0.0
LMT,126,14,macro_inflation_fwd_5y5y,0.0
LMT,126,14,macro_inflation_fwd_chg_21d,0.0
LMT,126,14,macro_inflation_fwd_abs_chg_21d,0.0
LMT,126,14,macro_inflation_fwd_chg_63d,0.049818
LMT,126,14,macro_inflation_fwd_zscore,0.0
LMT,126,14,macro_dollar_ret,0.0
LMT,126,14,beta_spy,0.0
LMT,126,14,res_vol,0.0
LMT,126,14,res_vol_vel,0.0
LMT,126,14,price_regime,0.0
LMT,126,14,corr_sector_21d,0.0
LMT,126,14,corr_sector_252d,0.093329
LMT,126,14,sector_wedge,0.0
LMT,126,15,rv_5d,0.0
LMT,126,15,rv_10d,0.0
LMT,126,15,rv_21d,0.048152
LMT,126,15,rv_63d,0.058636
LMT,126,15,rv_126d,0.033921
LMT,126,15,ewma_vol,0.0
LMT,126,15,garch_cond_vol,0.0
LMT,126,15,ret_TARGET,0.0
LMT,126,15,tech_RSI,0.022758
LMT,126,15,tech_MACD_hist,0.0
LMT,126,15,ret_VIXY,0.0
LMT,126,15,mom21_VIXY,0.0
LMT,126,15,ret_HYG,0.0
LMT,126,15,mom21_HYG,0.0
LMT,126,15,ret_USO,0.0
LMT,126,15,mom21_USO,0.0
LMT,126,15,ret_TLT,0.0
LMT,126,15,mom21_TLT,0.05706
LMT,126,15,ret_UUP,0.0
LMT,126,15,mom21_UUP,0.0
LMT,126,15,ret_SPY,0.0
LMT,126,15,mom21_SPY,0.0
LMT,126,15,vol_vel,0.0
LMT,126,15,vol_of_vol,0.0
LMT,126,15,vol_regime_zscore,0.0
LMT,126,15,vol_chg_21d,0.085726
LMT,126,15,event_fed_gravity,0.154956
LMT,126,15,event_earn_gravity,0.0
LMT,126,15,event_div_gravity,0.0
LMT,126,15,event_cpi_gravity,0.215141
LMT,126,15,event_nfp_gravity,0.156851
LMT,126,15,put_call_skew_30d,0.029329
LMT,126,15,term_structure_slope,0.0
LMT,126,15,vrp_wedge,0.0
LMT,126,15,iv_atm_z_score,0.0
LMT,126,15,macro_yield_curve_slope,0.030277
LMT,126,15,macro_hy_spread,0.038691
LMT,126,15,macro_hy_spread_chg_5d,0.0
LMT,126,15,macro_breakeven_5y,0.0
LMT,126,15,macro_inflation_fwd_5y5y,0.0
LMT,126,15,macro_inflation_fwd_chg_21d,0.0
LMT,126,15,macro_inflation_fwd_abs_chg_21d,0.0
LMT,126,15,macro_inflation_fwd_chg_63d,0.021486
LMT,126,15,macro_inflation_fwd_zscore,0.0
LMT,126,15,macro_dollar_ret,0.0
LMT,126,15,beta_spy,0.0
LMT,126,15,res_vol,0.0
LMT,126,15,res_vol_vel,0.0
LMT,126,15,price_regime,0.0
LMT,126,15,corr_sector_21d,0.0
LMT,126,15,corr_sector_252d,0.047016
LMT,126,15,sector_wedge,0.0
LMT,126,16,rv_5d,0.0
LMT,126,16,rv_10d,0.0
LMT,126,16,rv_21d,0.048135
LMT,126,16,rv_63d,0.05877
LMT,126,16,rv_126d,0.037967
LMT,126,16,ewma_vol,0.0
LMT,126,16,garch_cond_vol,0.0
LMT,126,16,ret_TARGET,0.0
LMT,126,16,tech_RSI,0.02551
LMT,126,16,tech_MACD_hist,0.0
LMT,126,16,ret_VIXY,0.0
LMT,126,16,mom21_VIXY,0.0
LMT,126,16,ret_HYG,0.0
LMT,126,16,mom21_HYG,0.0
LMT,126,16,ret_USO,0.0
LMT,126,16,mom21_USO,0.0
LMT,126,16,ret_TLT,0.0
LMT,126,16,mom21_TLT,0.0
LMT,126,16,ret_UUP,0.0
LMT,126,16,mom21_UUP,0.0
LMT,126,16,ret_SPY,0.0
LMT,126,16,mom21_SPY,0.0
LMT,126,16,vol_vel,0.0
LMT,126,16,vol_of_vol,0.0
LMT,126,16,vol_regime_zscore,0.0
LMT,126,16,vol_chg_21d,0.115443
LMT,126,16,event_fed_gravity,0.16775
LMT,126,16,event_earn_gravity,0.0
LMT,126,16,event_div_gravity,0.0
LMT,126,16,event_cpi_gravity,0.19378
LMT,126,16,event_nfp_gravity,0.187063
LMT,126,16,put_call_skew_30d,0.032515
LMT,126,16,term_structure_slope,0.0
LMT,126,16,vrp_wedge,0.0
LMT,126,16,iv_atm_z_score,0.0
LMT,126,16,macro_yield_curve_slope,0.029321
LMT,126,16,macro_hy_spread,0.0
LMT,126,16,macro_hy_spread_chg_5d,0.0
LMT,126,16,macro_breakeven_5y,0.0
LMT,126,16,macro_inflation_fwd_5y5y,0.0
LMT,126,16,macro_inflation_fwd_chg_21d,0.0
LMT,126,16,macro_inflation_fwd_abs_chg_21d,0.0
LMT,126,16,macro_inflation_fwd_chg_63d,0.030727
LMT,126,16,macro_inflation_fwd_zscore,0.0
LMT,126,16,macro_dollar_ret,0.0
LMT,126,16,beta_spy,0.028761
LMT,126,16,res_vol,0.0
LMT,126,16,res_vol_vel,0.0
LMT,126,16,price_regime,0.0
LMT,126,16,corr_sector_21d,0.0
LMT,126,16,corr_sector_252d,0.044257
LMT,126,16,sector_wedge,0.0
LMT,126,17,rv_5d,0.0
LMT,126,17,rv_10d,0.0
LMT,126,17,rv_21d,0.04495
LMT,126,17,rv_63d,0.056357
LMT,126,17,rv_126d,0.033499
LMT,126,17,ewma_vol,0.0
LMT,126,17,garch_cond_vol,0.0
LMT,126,17,ret_TARGET,0.0
LMT,126,17,tech_RSI,0.024889
LMT,126,17,tech_MACD_hist,0.0
LMT,126,17,ret_VIXY,0.0
LMT,126,17,mom21_VIXY,0.0
LMT,126,17,ret_HYG,0.0
LMT,126,17,mom21_HYG,0.0
LMT,126,17,ret_USO,0.0
LMT,126,17,mom21_USO,0.0
LMT,126,17,ret_TLT,0.0
LMT,126,17,mom21_TLT,0.0
LMT,126,17,ret_UUP,0.0
LMT,126,17,mom21_UUP,0.0
LMT,126,17,ret_SPY,0.0
LMT,126,17,mom21_SPY,0.0
LMT,126,17,vol_vel,0.0
LMT,126,17,vol_of_vol,0.0
LMT,126,17,vol_regime_zscore,0.0
LMT,126,17,vol_chg_21d,0.095956
LMT,126,17,event_fed_gravity,0.187955
LMT,126,17,event_earn_gravity,0.0
LMT,126,17,event_div_gravity,0.0
LMT,126,17,event_cpi_gravity,0.17435
LMT,126,17,event_nfp_gravity,0.160422
LMT,126,17,put_call_skew_30d,0.027817
LMT,126,17,term_structure_slope,0.0
LMT,126,17,vrp_wedge,0.0
LMT,126,17,iv_atm_z_score,0.0
LMT,126,17,macro_yield_curve_slope,0.021098
LMT,126,17,macro_hy_spread,0.037458
LMT,126,17,macro_hy_spread_chg_5d,0.0
LMT,126,17,macro_breakeven_5y,0.024713
LMT,126,17,macro_inflation_fwd_5y5y,0.025349
LMT,126,17,macro_inflation_fwd_chg_21d,0.0
LMT,126,17,macro_inflation_fwd_abs_chg_21d,0.0
LMT,126,17,macro_inflation_fwd_chg_63d,0.037697
LMT,126,17,macro_inflation_fwd_zscore,0.0
LMT,126,17,macro_dollar_ret,0.0
LMT,126,17,beta_spy,0.027114
LMT,126,17,res_vol,0.0
LMT,126,17,res_vol_vel,0.0
LMT,126,17,price_regime,0.0
LMT,126,17,corr_sector_21d,0.0
LMT,126,17,corr_sector_252d,0.0
LMT,126,17,sector_wedge,0.020378
LMT,126,18,rv_5d,0.0
LMT,126,18,rv_10d,0.0
LMT,126,18,rv_21d,0.056863
LMT,126,18,rv_63d,0.062715
LMT,126,18,rv_126d,0.03819
LMT,126,18,ewma_vol,0.0
LMT,126,18,garch_cond_vol,0.0
LMT,126,18,ret_TARGET,0.0
LMT,126,18,tech_RSI,0.0
LMT,126,18,tech_MACD_hist,0.0
LMT,126,18,ret_VIXY,0.0
LMT,126,18,mom21_VIXY,0.0
LMT,126,18,ret_HYG,0.0
LMT,126,18,mom21_HYG,0.0
LMT,126,18,ret_USO,0.0
LMT,126,18,mom21_USO,0.0
LMT,126,18,ret_TLT,0.0
LMT,126,18,mom21_TLT,0.0
LMT,126,18,ret_UUP,0.0
LMT,126,18,mom21_UUP,0.0
LMT,126,18,ret_SPY,0.0
LMT,126,18,mom21_SPY,0.0
LMT,126,18,vol_vel,0.0
LMT,126,18,vol_of_vol,0.0
LMT,126,18,vol_regime_zscore,0.0
LMT,126,18,vol_chg_21d,0.095488
LMT,126,18,event_fed_gravity,0.164971
LMT,126,18,event_earn_gravity,0.0
LMT,126,18,event_div_gravity,0.0
LMT,126,18,event_cpi_gravity,0.208205
LMT,126,18,event_nfp_gravity,0.169894
LMT,126,18,put_call_skew_30d,0.030052
LMT,126,18,term_structure_slope,0.0
LMT,126,18,vrp_wedge,0.0
LMT,126,18,iv_atm_z_score,0.0
LMT,126,18,macro_yield_curve_slope,0.025701
LMT,126,18,macro_hy_spread,0.037965
LMT,126,18,macro_hy_spread_chg_5d,0.0
LMT,126,18,macro_breakeven_5y,0.032934
LMT,126,18,macro_inflation_fwd_5y5y,0.0
LMT,126,18,macro_inflation_fwd_chg_21d,0.0
LMT,126,18,macro_inflation_fwd_abs_chg_21d,0.0
LMT,126,18,macro_inflation_fwd_chg_63d,0.043312
LMT,126,18,macro_inflation_fwd_zscore,0.0
LMT,126,18,macro_dollar_ret,0.0
LMT,126,18,beta_spy,0.03371
LMT,126,18,res_vol,0.0
LMT,126,18,res_vol_vel,0.0
LMT,126,18,price_regime,0.0
LMT,126,18,corr_sector_21d,0.0
LMT,126,18,corr_sector_252d,0.0
LMT,126,18,sector_wedge,0.0
LMT,126,19,rv_5d,0.0
LMT,126,19,rv_10d,0.0
LMT,126,19,rv_21d,0.05067
LMT,126,19,rv_63d,0.067694
LMT,126,19,rv_126d,0.037342
LMT,126,19,ewma_vol,0.0
LMT,126,19,garch_cond_vol,0.0
LMT,126,19,ret_TARGET,0.0
LMT,126,19,tech_RSI,0.0
LMT,126,19,tech_MACD_hist,0.0
LMT,126,19,ret_VIXY,0.0
LMT,126,19,mom21_VIXY,0.0
LMT,126,19,ret_HYG,0.0
LMT,126,19,mom21_HYG,0.0
LMT,126,19,ret_USO,0.0
LMT,126,19,mom21_USO,0.0
LMT,126,19,ret_TLT,0.0
LMT,126,19,mom21_TLT,0.0
LMT,126,19,ret_UUP,0.0
LMT,126,19,mom21_UUP,0.0
LMT,126,19,ret_SPY,0.0
LMT,126,19,mom21_SPY,0.0
LMT,126,19,vol_vel,0.0
LMT,126,19,vol_of_vol,0.0
LMT,126,19,vol_regime_zscore,0.0
LMT,126,19,vol_chg_21d,0.080813
LMT,126,19,event_fed_gravity,0.137245
LMT,126,19,event_earn_gravity,0.0
LMT,126,19,event_div_gravity,0.0
LMT,126,19,event_cpi_gravity,0.205163
LMT,126,19,event_nfp_gravity,0.209774
LMT,126,19,put_call_skew_30d,0.02866
LMT,126,19,term_structure_slope,0.0
LMT,126,19,vrp_wedge,0.0
LMT,126,19,iv_atm_z_score,0.0
LMT,126,19,macro_yield_curve_slope,0.031731
LMT,126,19,macro_hy_spread,0.030657
LMT,126,19,macro_hy_spread_chg_5d,0.0
LMT,126,19,macro_breakeven_5y,0.0
LMT,126,19,macro_inflation_fwd_5y5y,0.041033
LMT,126,19,macro_inflation_fwd_chg_21d,0.0
LMT,126,19,macro_inflation_fwd_abs_chg_21d,0.0
LMT,126,19,macro_inflation_fwd_chg_63d,0.043191
LMT,126,19,macro_inflation_fwd_zscore,0.0
LMT,126,19,macro_dollar_ret,0.0
LMT,126,19,beta_spy,0.036028
LMT,126,19,res_vol,0.0
LMT,126,19,res_vol_vel,0.0
LMT,126,19,price_regime,0.0
LMT,126,19,corr_sector_21d,0.0
LMT,126,19,corr_sector_252d,0.0
LMT,126,19,sector_wedge,0.0
LMT,126,20,rv_5d,0.0
LMT,126,20,rv_10d,0.0
LMT,126,20,rv_21d,0.041961
LMT,126,20,rv_63d,0.059684
LMT,126,20,rv_126d,0.028966
LMT,126,20,ewma_vol,0.0
LMT,126,20,garch_cond_vol,0.0
LMT,126,20,ret_TARGET,0.0
LMT,126,20,tech_RSI,0.0
LMT,126,20,tech_MACD_hist,0.0
LMT,126,20,ret_VIXY,0.0
LMT,126,20,mom21_VIXY,0.0
LMT,126,20,ret_HYG,0.0
LMT,126,20,mom21_HYG,0.0
LMT,126,20,ret_USO,0.0
LMT,126,20,mom21_USO,0.0
LMT,126,20,ret_TLT,0.0
LMT,126,20,mom21_TLT,0.052607
LMT,126,20,ret_UUP,0.0
LMT,126,20,mom21_UUP,0.0
LMT,126,20,ret_SPY,0.0
LMT,126,20,mom21_SPY,0.0
LMT,126,20,vol_vel,0.0
LMT,126,20,vol_of_vol,0.0
LMT,126,20,vol_regime_zscore,0.050361
LMT,126,20,vol_chg_21d,0.073102
LMT,126,20,event_fed_gravity,0.152744
LMT,126,20,event_earn_gravity,0.0
LMT,126,20,event_div_gravity,0.0
LMT,126,20,event_cpi_gravity,0.176077
LMT,126,20,event_nfp_gravity,0.139946
LMT,126,20,put_call_skew_30d,0.026624
LMT,126,20,term_structure_slope,0.0
LMT,126,20,vrp_wedge,0.0
LMT,126,20,iv_atm_z_score,0.0
LMT,126,20,macro_yield_curve_slope,0.02455
LMT,126,20,macro_hy_spread,0.0208
LMT,126,20,macro_hy_spread_chg_5d,0.0
LMT,126,20,macro_breakeven_5y,0.029574
LMT,126,20,macro_inflation_fwd_5y5y,0.026117
LMT,126,20,macro_inflation_fwd_chg_21d,0.0
LMT,126,20,macro_inflation_fwd_abs_chg_21d,0.0
LMT,126,20,macro_inflation_fwd_chg_63d,0.026401
LMT,126,20,macro_inflation_fwd_zscore,0.0
LMT,126,20,macro_dollar_ret,0.0
LMT,126,20,beta_spy,0.0
LMT,126,20,res_vol,0.051923
LMT,126,20,res_vol_vel,0.0
LMT,126,20,price_regime,0.0
LMT,126,20,corr_sector_21d,0.0
LMT,126,20,corr_sector_252d,0.018562
LMT,126,20,sector_wedge,0.0
LMT,126,21,rv_5d,0.0
LMT,126,21,rv_10d,0.0
LMT,126,21,rv_21d,0.041591
LMT,126,21,rv_63d,0.066362
LMT,126,21,rv_126d,0.03095
LMT,126,21,ewma_vol,0.0
LMT,126,21,garch_cond_vol,0.0
LMT,126,21,ret_TARGET,0.0
LMT,126,21,tech_RSI,0.023195
LMT,126,21,tech_MACD_hist,0.0
LMT,126,21,ret_VIXY,0.0
LMT,126,21,mom21_VIXY,0.0
LMT,126,21,ret_HYG,0.0
LMT,126,21,mom21_HYG,0.0
LMT,126,21,ret_USO,0.0
LMT,126,21,mom21_USO,0.022249
LMT,126,21,ret_TLT,0.0
LMT,126,21,mom21_TLT,0.0
LMT,126,21,ret_UUP,0.0
LMT,126,21,mom21_UUP,0.0
LMT,126,21,ret_SPY,0.0
LMT,126,21,mom21_SPY,0.0
LMT,126,21,vol_vel,0.0
LMT,126,21,vol_of_vol,0.0
LMT,126,21,vol_regime_zscore,0.0
LMT,126,21,vol_chg_21d,0.06986
LMT,126,21,event_fed_gravity,0.211476
LMT,126,21,event_earn_gravity,0.0
LMT,126,21,event_div_gravity,0.0
LMT,126,21,event_cpi_gravity,0.105326
LMT,126,21,event_nfp_gravity,0.158842
LMT,126,21,put_call_skew_30d,0.027901
LMT,126,21,term_structure_slope,0.0
LMT,126,21,vrp_wedge,0.0
LMT,126,21,iv_atm_z_score,0.0
LMT,126,21,macro_yield_curve_slope,0.029449
LMT,126,21,macro_hy_spread,0.022809
LMT,126,21,macro_hy_spread_chg_5d,0.0
LMT,126,21,macro_breakeven_5y,0.0
LMT,126,21,macro_inflation_fwd_5y5y,0.030625
LMT,126,21,macro_inflation_fwd_chg_21d,0.0
LMT,126,21,macro_inflation_fwd_abs_chg_21d,0.0
LMT,126,21,macro_inflation_fwd_chg_63d,0.033483
LMT,126,21,macro_inflation_fwd_zscore,0.0
LMT,126,21,macro_dollar_ret,0.0
LMT,126,21,beta_spy,0.0
LMT,126,21,res_vol,0.070612
LMT,126,21,res_vol_vel,0.0
LMT,126,21,price_regime,0.0
LMT,126,21,corr_sector_21d,0.0
LMT,126,21,corr_sector_252d,0.05527
LMT,126,21,sector_wedge,0.0
LMT,126,22,rv_5d,0.0
LMT,126,22,rv_10d,0.0
LMT,126,22,rv_21d,0.031168
LMT,126,22,rv_63d,0.059566
LMT,126,22,rv_126d,0.03207
LMT,126,22,ewma_vol,0.0
LMT,126,22,garch_cond_vol,0.0
LMT,126,22,ret_TARGET,0.0
LMT,126,22,tech_RSI,0.021043
LMT,126,22,tech_MACD_hist,0.0
LMT,126,22,ret_VIXY,0.0
LMT,126,22,mom21_VIXY,0.0
LMT,126,22,ret_HYG,0.0
LMT,126,22,mom21_HYG,0.0
LMT,126,22,ret_USO,0.0
LMT,126,22,mom21_USO,0.0
LMT,126,22,ret_TLT,0.0
LMT,126,22,mom21_TLT,0.0
LMT,126,22,ret_UUP,0.0
LMT,126,22,mom21_UUP,0.0
LMT,126,22,ret_SPY,0.0
LMT,126,22,mom21_SPY,0.0
LMT,126,22,vol_vel,0.0
LMT,126,22,vol_of_vol,0.0
LMT,126,22,vol_regime_zscore,0.024511
LMT,126,22,vol_chg_21d,0.060647
LMT,126,22,event_fed_gravity,0.128162
LMT,126,22,event_earn_gravity,0.0
LMT,126,22,event_div_gravity,0.0
LMT,126,22,event_cpi_gravity,0.170288
LMT,126,22,event_nfp_gravity,0.199426
LMT,126,22,put_call_skew_30d,0.022148
LMT,126,22,term_structure_slope,0.0
LMT,126,22,vrp_wedge,0.0
LMT,126,22,iv_atm_z_score,0.0
LMT,126,22,macro_yield_curve_slope,0.021186
LMT,126,22,macro_hy_spread,0.0
LMT,126,22,macro_hy_spread_chg_5d,0.0
LMT,126,22,macro_breakeven_5y,0.03311
LMT,126,22,macro_inflation_fwd_5y5y,0.032061
LMT,126,22,macro_inflation_fwd_chg_21d,0.0
LMT,126,22,macro_inflation_fwd_abs_chg_21d,0.0
LMT,126,22,macro_inflation_fwd_chg_63d,0.035382
LMT,126,22,macro_inflation_fwd_zscore,0.0
LMT,126,22,macro_dollar_ret,0.0
LMT,126,22,beta_spy,0.0
LMT,126,22,res_vol,0.065322
LMT,126,22,res_vol_vel,0.0
LMT,126,22,price_regime,0.0
LMT,126,22,corr_sector_21d,0.0
LMT,126,22,corr_sector_252d,0.042931
LMT,126,22,sector_wedge,0.020979
LMT,126,23,rv_5d,0.0
LMT,126,23,rv_10d,0.0
LMT,126,23,rv_21d,0.023989
LMT,126,23,rv_63d,0.056116
LMT,126,23,rv_126d,0.029092
LMT,126,23,ewma_vol,0.0
LMT,126,23,garch_cond_vol,0.0
LMT,126,23,ret_TARGET,0.0
LMT,126,23,tech_RSI,0.0
LMT,126,23,tech_MACD_hist,0.0
LMT,126,23,ret_VIXY,0.0
LMT,126,23,mom21_VIXY,0.0
LMT,126,23,ret_HYG,0.0
LMT,126,23,mom21_HYG,0.0
LMT,126,23,ret_USO,0.0
LMT,126,23,mom21_USO,0.0
LMT,126,23,ret_TLT,0.0
LMT,126,23,mom21_TLT,0.019029
LMT,126,23,ret_UUP,0.0
LMT,126,23,mom21_UUP,0.0
LMT,126,23,ret_SPY,0.0
LMT,126,23,mom21_SPY,0.0
LMT,126,23,vol_vel,0.0
LMT,126,23,vol_of_vol,0.0
LMT,126,23,vol_regime_zscore,0.028984
LMT,126,23,vol_chg_21d,0.06845
LMT,126,23,event_fed_gravity,0.141819
LMT,126,23,event_earn_gravity,0.0
LMT,126,23,event_div_gravity,0.0
LMT,126,23,event_cpi_gravity,0.157019
LMT,126,23,event_nfp_gravity,0.15922
LMT,126,23,put_call_skew_30d,0.025424
LMT,126,23,term_structure_slope,0.0
LMT,126,23,vrp_wedge,0.0
LMT,126,23,iv_atm_z_score,0.0
LMT,126,23,macro_yield_curve_slope,0.022032
LMT,126,23,macro_hy_spread,0.0
LMT,126,23,macro_hy_spread_chg_5d,0.0
LMT,126,23,macro_breakeven_5y,0.037519
LMT,126,23,macro_inflation_fwd_5y5y,0.025927
LMT,126,23,macro_inflation_fwd_chg_21d,0.0
LMT,126,23,macro_inflation_fwd_abs_chg_21d,0.0
LMT,126,23,macro_inflation_fwd_chg_63d,0.024098
LMT,126,23,macro_inflation_fwd_zscore,0.0
LMT,126,23,macro_dollar_ret,0.0
LMT,126,23,beta_spy,0.059878
LMT,126,23,res_vol,0.056804
LMT,126,23,res_vol_vel,0.0
LMT,126,23,price_regime,0.0
LMT,126,23,corr_sector_21d,0.0
LMT,126,23,corr_sector_252d,0.040349
LMT,126,23,sector_wedge,0.024251
LMT,126,24,rv_5d,0.0
LMT,126,24,rv_10d,0.0
LMT,126,24,rv_21d,0.036242
LMT,126,24,rv_63d,0.057674
LMT,126,24,rv_126d,0.029187
LMT,126,24,ewma_vol,0.0
LMT,126,24,garch_cond_vol,0.0
LMT,126,24,ret_TARGET,0.0
LMT,126,24,tech_RSI,0.0
LMT,126,24,tech_MACD_hist,0.0
LMT,126,24,ret_VIXY,0.0
LMT,126,24,mom21_VIXY,0.0
LMT,126,24,ret_HYG,0.0
LMT,126,24,mom21_HYG,0.0
LMT,126,24,ret_USO,0.0
LMT,126,24,mom21_USO,0.0
LMT,126,24,ret_TLT,0.0
LMT,126,24,mom21_TLT,0.019381
LMT,126,24,ret_UUP,0.0
LMT,126,24,mom21_UUP,0.0
LMT,126,24,ret_SPY,0.0
LMT,126,24,mom21_SPY,0.0
LMT,126,24,vol_vel,0.0
LMT,126,24,vol_of_vol,0.0
LMT,126,24,vol_regime_zscore,0.024357
LMT,126,24,vol_chg_21d,0.069532
LMT,126,24,event_fed_gravity,0.168807
LMT,126,24,event_earn_gravity,0.0
LMT,126,24,event_div_gravity,0.0
LMT,126,24,event_cpi_gravity,0.121441
LMT,126,24,event_nfp_gravity,0.144238
LMT,126,24,put_call_skew_30d,0.024285
LMT,126,24,term_structure_slope,0.0
LMT,126,24,vrp_wedge,0.0
LMT,126,24,iv_atm_z_score,0.0
LMT,126,24,macro_yield_curve_slope,0.023323
LMT,126,24,macro_hy_spread,0.032389
LMT,126,24,macro_hy_spread_chg_5d,0.0
LMT,126,24,macro_breakeven_5y,0.035492
LMT,126,24,macro_inflation_fwd_5y5y,0.030831
LMT,126,24,macro_inflation_fwd_chg_21d,0.0
LMT,126,24,macro_inflation_fwd_abs_chg_21d,0.0
LMT,126,24,macro_inflation_fwd_chg_63d,0.024533
LMT,126,24,macro_inflation_fwd_zscore,0.0
LMT,126,24,macro_dollar_ret,0.0
LMT,126,24,beta_spy,0.041597
LMT,126,24,res_vol,0.061759
LMT,126,24,res_vol_vel,0.0
LMT,126,24,price_regime,0.0
LMT,126,24,corr_sector_21d,0.0
LMT,126,24,corr_sector_252d,0.035105
LMT,126,24,sector_wedge,0.019826
LMT,126,25,rv_5d,0.0
LMT,126,25,rv_10d,0.0
LMT,126,25,rv_21d,0.022854
LMT,126,25,rv_63d,0.05218
LMT,126,25,rv_126d,0.029663
LMT,126,25,ewma_vol,0.0
LMT,126,25,garch_cond_vol,0.0
LMT,126,25,ret_TARGET,0.0
LMT,126,25,tech_RSI,0.0
LMT,126,25,tech_MACD_hist,0.0
LMT,126,25,ret_VIXY,0.0
LMT,126,25,mom21_VIXY,0.0
LMT,126,25,ret_HYG,0.0
LMT,126,25,mom21_HYG,0.0
LMT,126,25,ret_USO,0.0
LMT,126,25,mom21_USO,0.0
LMT,126,25,ret_TLT,0.0
LMT,126,25,mom21_TLT,0.0
LMT,126,25,ret_UUP,0.0
LMT,126,25,mom21_UUP,0.0
LMT,126,25,ret_SPY,0.0
LMT,126,25,mom21_SPY,0.0
LMT,126,25,vol_vel,0.0
LMT,126,25,vol_of_vol,0.037449
LMT,126,25,vol_regime_zscore,0.029098
LMT,126,25,vol_chg_21d,0.065889
LMT,126,25,event_fed_gravity,0.140451
LMT,126,25,event_earn_gravity,0.0
LMT,126,25,event_div_gravity,0.0
LMT,126,25,event_cpi_gravity,0.163544
LMT,126,25,event_nfp_gravity,0.132299
LMT,126,25,put_call_skew_30d,0.022894
LMT,126,25,term_structure_slope,0.0
LMT,126,25,vrp_wedge,0.0
LMT,126,25,iv_atm_z_score,0.0
LMT,126,25,macro_yield_curve_slope,0.021913
LMT,126,25,macro_hy_spread,0.020072
LMT,126,25,macro_hy_spread_chg_5d,0.0
LMT,126,25,macro_breakeven_5y,0.042739
LMT,126,25,macro_inflation_fwd_5y5y,0.024549
LMT,126,25,macro_inflation_fwd_chg_21d,0.0
LMT,126,25,macro_inflation_fwd_abs_chg_21d,0.0
LMT,126,25,macro_inflation_fwd_chg_63d,0.02273
LMT,126,25,macro_inflation_fwd_zscore,0.018986
LMT,126,25,macro_dollar_ret,0.0
LMT,126,25,beta_spy,0.044897
LMT,126,25,res_vol,0.055621
LMT,126,25,res_vol_vel,0.0
LMT,126,25,price_regime,0.0
LMT,126,25,corr_sector_21d,0.0
LMT,126,25,corr_sector_252d,0.026354
LMT,126,25,sector_wedge,0.025818
LMT,126,26,rv_5d,0.0
LMT,126,26,rv_10d,0.0
LMT,126,26,rv_21d,0.038077
LMT,126,26,rv_63d,0.058965
LMT,126,26,rv_126d,0.028686
LMT,126,26,ewma_vol,0.0
LMT,126,26,garch_cond_vol,0.0
LMT,126,26,ret_TARGET,0.0
LMT,126,26,tech_RSI,0.0
LMT,126,26,tech_MACD_hist,0.0
LMT,126,26,ret_VIXY,0.0
LMT,126,26,mom21_VIXY,0.0
LMT,126,26,ret_HYG,0.0
LMT,126,26,mom21_HYG,0.0
LMT,126,26,ret_USO,0.0
LMT,126,26,mom21_USO,0.0
LMT,126,26,ret_TLT,0.0
LMT,126,26,mom21_TLT,0.020373
LMT,126,26,ret_UUP,0.0
LMT,126,26,mom21_UUP,0.0
LMT,126,26,ret_SPY,0.0
LMT,126,26,mom21_SPY,0.0
LMT,126,26,vol_vel,0.0
LMT,126,26,vol_of_vol,0.0
LMT,126,26,vol_regime_zscore,0.025645
LMT,126,26,vol_chg_21d,0.075732
LMT,126,26,event_fed_gravity,0.196361
LMT,126,26,event_earn_gravity,0.0
LMT,126,26,event_div_gravity,0.0
LMT,126,26,event_cpi_gravity,0.12928
LMT,126,26,event_nfp_gravity,0.126535
LMT,126,26,put_call_skew_30d,0.02714
LMT,126,26,term_structure_slope,0.0
LMT,126,26,vrp_wedge,0.0
LMT,126,26,iv_atm_z_score,0.0
LMT,126,26,macro_yield_curve_slope,0.028494
LMT,126,26,macro_hy_spread,0.028499
LMT,126,26,macro_hy_spread_chg_5d,0.0
LMT,126,26,macro_breakeven_5y,0.023391
LMT,126,26,macro_inflation_fwd_5y5y,0.025984
LMT,126,26,macro_inflation_fwd_chg_21d,0.0
LMT,126,26,macro_inflation_fwd_abs_chg_21d,0.0
LMT,126,26,macro_inflation_fwd_chg_63d,0.025725
LMT,126,26,macro_inflation_fwd_zscore,0.0
LMT,126,26,macro_dollar_ret,0.0
LMT,126,26,beta_spy,0.035355
LMT,126,26,res_vol,0.060163
LMT,126,26,res_vol_vel,0.0
LMT,126,26,price_regime,0.0
LMT,126,26,corr_sector_21d,0.0
LMT,126,26,corr_sector_252d,0.021722
LMT,126,26,sector_wedge,0.023875
LMT,126,27,rv_5d,0.0
LMT,126,27,rv_10d,0.0
LMT,126,27,rv_21d,0.03747
LMT,126,27,rv_63d,0.057245
LMT,126,27,rv_126d,0.027443
LMT,126,27,ewma_vol,0.0
LMT,126,27,garch_cond_vol,0.0
LMT,126,27,ret_TARGET,0.0
LMT,126,27,tech_RSI,0.0
LMT,126,27,tech_MACD_hist,0.0
LMT,126,27,ret_VIXY,0.0
LMT,126,27,mom21_VIXY,0.0
LMT,126,27,ret_HYG,0.0
LMT,126,27,mom21_HYG,0.0
LMT,126,27,ret_USO,0.0
LMT,126,27,mom21_USO,0.0
LMT,126,27,ret_TLT,0.0
LMT,126,27,mom21_TLT,0.017411
LMT,126,27,ret_UUP,0.0
LMT,126,27,mom21_UUP,0.0
LMT,126,27,ret_SPY,0.0
LMT,126,27,mom21_SPY,0.0
LMT,126,27,vol_vel,0.0
LMT,126,27,vol_of_vol,0.0
LMT,126,27,vol_regime_zscore,0.025902
LMT,126,27,vol_chg_21d,0.063613
LMT,126,27,event_fed_gravity,0.117203
LMT,126,27,event_earn_gravity,0.0
LMT,126,27,event_div_gravity,0.0
LMT,126,27,event_cpi_gravity,0.203885
LMT,126,27,event_nfp_gravity,0.133175
LMT,126,27,put_call_skew_30d,0.020074
LMT,126,27,term_structure_slope,0.0
LMT,126,27,vrp_wedge,0.0
LMT,126,27,iv_atm_z_score,0.0
LMT,126,27,macro_yield_curve_slope,0.02605
LMT,126,27,macro_hy_spread,0.022788
LMT,126,27,macro_hy_spread_chg_5d,0.0
LMT,126,27,macro_breakeven_5y,0.038306
LMT,126,27,macro_inflation_fwd_5y5y,0.032136
LMT,126,27,macro_inflation_fwd_chg_21d,0.0
LMT,126,27,macro_inflation_fwd_abs_chg_21d,0.0
LMT,126,27,macro_inflation_fwd_chg_63d,0.026297
LMT,126,27,macro_inflation_fwd_zscore,0.0
LMT,126,27,macro_dollar_ret,0.0
LMT,126,27,beta_spy,0.054064
LMT,126,27,res_vol,0.057216
LMT,126,27,res_vol_vel,0.0
LMT,126,27,price_regime,0.0
LMT,126,27,corr_sector_21d,0.0
LMT,126,27,corr_sector_252d,0.020274
LMT,126,27,sector_wedge,0.019448
LMT,126,28,rv_5d,0.0
LMT,126,28,rv_10d,0.0
LMT,126,28,rv_21d,0.023146
LMT,126,28,rv_63d,0.054793
LMT,126,28,rv_126d,0.023837
LMT,126,28,ewma_vol,0.0
LMT,126,28,garch_cond_vol,0.0
LMT,126,28,ret_TARGET,0.0
LMT,126,28,tech_RSI,0.0
LMT,126,28,tech_MACD_hist,0.0
LMT,126,28,ret_VIXY,0.0
LMT,126,28,mom21_VIXY,0.0
LMT,126,28,ret_HYG,0.0
LMT,126,28,mom21_HYG,0.0
LMT,126,28,ret_USO,0.0
LMT,126,28,mom21_USO,0.0
LMT,126,28,ret_TLT,0.0
LMT,126,28,mom21_TLT,0.031235
LMT,126,28,ret_UUP,0.0
LMT,126,28,mom21_UUP,0.0
LMT,126,28,ret_SPY,0.0
LMT,126,28,mom21_SPY,0.0
LMT,126,28,vol_vel,0.0
LMT,126,28,vol_of_vol,0.033541
LMT,126,28,vol_regime_zscore,0.0201
LMT,126,28,vol_chg_21d,0.07338
LMT,126,28,event_fed_gravity,0.140104
LMT,126,28,event_earn_gravity,0.0
LMT,126,28,event_div_gravity,0.0
LMT,126,28,event_cpi_gravity,0.164332
LMT,126,28,event_nfp_gravity,0.116339
LMT,126,28,put_call_skew_30d,0.02027
LMT,126,28,term_structure_slope,0.0
LMT,126,28,vrp_wedge,0.0
LMT,126,28,iv_atm_z_score,0.0
LMT,126,28,macro_yield_curve_slope,0.028954
LMT,126,28,macro_hy_spread,0.021285
LMT,126,28,macro_hy_spread_chg_5d,0.0
LMT,126,28,macro_breakeven_5y,0.050083
LMT,126,28,macro_inflation_fwd_5y5y,0.026445
LMT,126,28,macro_inflation_fwd_chg_21d,0.0
LMT,126,28,macro_inflation_fwd_abs_chg_21d,0.0
LMT,126,28,macro_inflation_fwd_chg_63d,0.020693
LMT,126,28,macro_inflation_fwd_zscore,0.0
LMT,126,28,macro_dollar_ret,0.0
LMT,126,28,beta_spy,0.055519
LMT,126,28,res_vol,0.058923
LMT,126,28,res_vol_vel,0.0
LMT,126,28,price_regime,0.0
LMT,126,28,corr_sector_21d,0.0
LMT,126,28,corr_sector_252d,0.020875
LMT,126,28,sector_wedge,0.016145
LMT,126,29,rv_5d,0.0
LMT,126,29,rv_10d,0.0
LMT,126,29,rv_21d,0.041052
LMT,126,29,rv_63d,0.065035
LMT,126,29,rv_126d,0.025612
LMT,126,29,ewma_vol,0.0
LMT,126,29,garch_cond_vol,0.0
LMT,126,29,ret_TARGET,0.0
LMT,126,29,tech_RSI,0.0
LMT,126,29,tech_MACD_hist,0.0
LMT,126,29,ret_VIXY,0.0
LMT,126,29,mom21_VIXY,0.0
LMT,126,29,ret_HYG,0.0
LMT,126,29,mom21_HYG,0.0
LMT,126,29,ret_USO,0.0
LMT,126,29,mom21_USO,0.0
LMT,126,29,ret_TLT,0.0
LMT,126,29,mom21_TLT,0.021231
LMT,126,29,ret_UUP,0.0
LMT,126,29,mom21_UUP,0.0
LMT,126,29,ret_SPY,0.0
LMT,126,29,mom21_SPY,0.0
LMT,126,29,vol_vel,0.0
LMT,126,29,vol_of_vol,0.0
LMT,126,29,vol_regime_zscore,0.0
LMT,126,29,vol_chg_21d,0.069395
LMT,126,29,event_fed_gravity,0.15469
LMT,126,29,event_earn_gravity,0.0
LMT,126,29,event_div_gravity,0.0
LMT,126,29,event_cpi_gravity,0.150442
LMT,126,29,event_nfp_gravity,0.147755
LMT,126,29,put_call_skew_30d,0.022419
LMT,126,29,term_structure_slope,0.0
LMT,126,29,vrp_wedge,0.0
LMT,126,29,iv_atm_z_score,0.0
LMT,126,29,macro_yield_curve_slope,0.042049
LMT,126,29,macro_hy_spread,0.023604
LMT,126,29,macro_hy_spread_chg_5d,0.0
LMT,126,29,macro_breakeven_5y,0.034773
LMT,126,29,macro_inflation_fwd_5y5y,0.040663
LMT,126,29,macro_inflation_fwd_chg_21d,0.0
LMT,126,29,macro_inflation_fwd_abs_chg_21d,0.0
LMT,126,29,macro_inflation_fwd_chg_63d,0.0
LMT,126,29,macro_inflation_fwd_zscore,0.0
LMT,126,29,macro_dollar_ret,0.0
LMT,126,29,beta_spy,0.048737
LMT,126,29,res_vol,0.068625
LMT,126,29,res_vol_vel,0.0
LMT,126,29,price_regime,0.0
LMT,126,29,corr_sector_21d,0.0
LMT,126,29,corr_sector_252d,0.023682
LMT,126,29,sector_wedge,0.020236
LMT,126,30,rv_5d,0.0
LMT,126,30,rv_10d,0.0
LMT,126,30,rv_21d,0.028528
LMT,126,30,rv_63d,0.051554
LMT,126,30,rv_126d,0.023094
LMT,126,30,ewma_vol,0.0
LMT,126,30,garch_cond_vol,0.0
LMT,126,30,ret_TARGET,0.0
LMT,126,30,tech_RSI,0.0
LMT,126,30,tech_MACD_hist,0.0
LMT,126,30,ret_VIXY,0.0
LMT,126,30,mom21_VIXY,0.0
LMT,126,30,ret_HYG,0.0
LMT,126,30,mom21_HYG,0.0
LMT,126,30,ret_USO,0.0
LMT,126,30,mom21_USO,0.0
LMT,126,30,ret_TLT,0.0
LMT,126,30,mom21_TLT,0.024678
LMT,126,30,ret_UUP,0.0
LMT,126,30,mom21_UUP,0.0
LMT,126,30,ret_SPY,0.0
LMT,126,30,mom21_SPY,0.0
LMT,126,30,vol_vel,0.0
LMT,126,30,vol_of_vol,0.023253
LMT,126,30,vol_regime_zscore,0.020548
LMT,126,30,vol_chg_21d,0.070045
LMT,126,30,event_fed_gravity,0.135863
LMT,126,30,event_earn_gravity,0.0
LMT,126,30,event_div_gravity,0.0
LMT,126,30,event_cpi_gravity,0.155153
LMT,126,30,event_nfp_gravity,0.124904
LMT,126,30,put_call_skew_30d,0.018336
LMT,126,30,term_structure_slope,0.0
LMT,126,30,vrp_wedge,0.0
LMT,126,30,iv_atm_z_score,0.0
LMT,126,30,macro_yield_curve_slope,0.034575
LMT,126,30,macro_hy_spread,0.022772
LMT,126,30,macro_hy_spread_chg_5d,0.0
LMT,126,30,macro_breakeven_5y,0.052895
LMT,126,30,macro_inflation_fwd_5y5y,0.032286
LMT,126,30,macro_inflation_fwd_chg_21d,0.0
LMT,126,30,macro_inflation_fwd_abs_chg_21d,0.0
LMT,126,30,macro_inflation_fwd_chg_63d,0.019247
LMT,126,30,macro_inflation_fwd_zscore,0.0
LMT,126,30,macro_dollar_ret,0.0
LMT,126,30,beta_spy,0.057465
LMT,126,30,res_vol,0.056399
LMT,126,30,res_vol_vel,0.0
LMT,126,30,price_regime,0.0
LMT,126,30,corr_sector_21d,0.0
LMT,126,30,corr_sector_252d,0.031078
LMT,126,30,sector_wedge,0.017329
LMT,126,31,rv_5d,0.0
LMT,126,31,rv_10d,0.0
LMT,126,31,rv_21d,0.02594
LMT,126,31,rv_63d,0.042511
LMT,126,31,rv_126d,0.031335
LMT,126,31,ewma_vol,0.0
LMT,126,31,garch_cond_vol,0.0
LMT,126,31,ret_TARGET,0.0
LMT,126,31,tech_RSI,0.025342
LMT,126,31,tech_MACD_hist,0.0
LMT,126,31,ret_VIXY,0.0
LMT,126,31,mom21_VIXY,0.0
LMT,126,31,ret_HYG,0.0
LMT,126,31,mom21_HYG,0.0
LMT,126,31,ret_USO,0.0
LMT,126,31,mom21_USO,0.0
LMT,126,31,ret_TLT,0.0
LMT,126,31,mom21_TLT,0.040006
LMT,126,31,ret_UUP,0.0
LMT,126,31,mom21_UUP,0.0
LMT,126,31,ret_SPY,0.0
LMT,126,31,mom21_SPY,0.0
LMT,126,31,vol_vel,0.0
LMT,126,31,vol_of_vol,0.017866
LMT,126,31,vol_regime_zscore,0.019643
LMT,126,31,vol_chg_21d,0.069228
LMT,126,31,event_fed_gravity,0.117933
LMT,126,31,event_earn_gravity,0.0
LMT,126,31,event_div_gravity,0.0
LMT,126,31,event_cpi_gravity,0.157458
LMT,126,31,event_nfp_gravity,0.11809
LMT,126,31,put_call_skew_30d,0.01902
LMT,126,31,term_structure_slope,0.0
LMT,126,31,vrp_wedge,0.0
LMT,126,31,iv_atm_z_score,0.0
LMT,126,31,macro_yield_curve_slope,0.0391
LMT,126,31,macro_hy_spread,0.014467
LMT,126,31,macro_hy_spread_chg_5d,0.0
LMT,126,31,macro_breakeven_5y,0.041813
LMT,126,31,macro_inflation_fwd_5y5y,0.046663
LMT,126,31,macro_inflation_fwd_chg_21d,0.0
LMT,126,31,macro_inflation_fwd_abs_chg_21d,0.0
LMT,126,31,macro_inflation_fwd_chg_63d,0.021915
LMT,126,31,macro_inflation_fwd_zscore,0.015896
LMT,126,31,macro_dollar_ret,0.0
LMT,126,31,beta_spy,0.051527
LMT,126,31,res_vol,0.046105
LMT,126,31,res_vol_vel,0.0
LMT,126,31,price_regime,0.0
LMT,126,31,corr_sector_21d,0.0
LMT,126,31,corr_sector_252d,0.022438
LMT,126,31,sector_wedge,0.015704
LMT,126,32,rv_5d,0.0
LMT,126,32,rv_10d,0.0
LMT,126,32,rv_21d,0.02546
LMT,126,32,rv_63d,0.044238
LMT,126,32,rv_126d,0.032308
LMT,126,32,ewma_vol,0.0
LMT,126,32,garch_cond_vol,0.0
LMT,126,32,ret_TARGET,0.0
LMT,126,32,tech_RSI,0.0
LMT,126,32,tech_MACD_hist,0.0
LMT,126,32,ret_VIXY,0.0
LMT,126,32,mom21_VIXY,0.0
LMT,126,32,ret_HYG,0.0
LMT,126,32,mom21_HYG,0.0
LMT,126,32,ret_USO,0.0
LMT,126,32,mom21_USO,0.0
LMT,126,32,ret_TLT,0.0
LMT,126,32,mom21_TLT,0.025048
LMT,126,32,ret_UUP,0.0
LMT,126,32,mom21_UUP,0.0
LMT,126,32,ret_SPY,0.0
LMT,126,32,mom21_SPY,0.0
LMT,126,32,vol_vel,0.0
LMT,126,32,vol_of_vol,0.02593
LMT,126,32,vol_regime_zscore,0.019904
LMT,126,32,vol_chg_21d,0.061362
LMT,126,32,event_fed_gravity,0.140717
LMT,126,32,event_earn_gravity,0.0
LMT,126,32,event_div_gravity,0.0
LMT,126,32,event_cpi_gravity,0.15973
LMT,126,32,event_nfp_gravity,0.134202
LMT,126,32,put_call_skew_30d,0.019511
LMT,126,32,term_structure_slope,0.0
LMT,126,32,vrp_wedge,0.0
LMT,126,32,iv_atm_z_score,0.0
LMT,126,32,macro_yield_curve_slope,0.039924
LMT,126,32,macro_hy_spread,0.023399
LMT,126,32,macro_hy_spread_chg_5d,0.0
LMT,126,32,macro_breakeven_5y,0.046423
LMT,126,32,macro_inflation_fwd_5y5y,0.032575
LMT,126,32,macro_inflation_fwd_chg_21d,0.0
LMT,126,32,macro_inflation_fwd_abs_chg_21d,0.0
LMT,126,32,macro_inflation_fwd_chg_63d,0.022975
LMT,126,32,macro_inflation_fwd_zscore,0.0
LMT,126,32,macro_dollar_ret,0.0
LMT,126,32,beta_spy,0.052358
LMT,126,32,res_vol,0.045187
LMT,126,32,res_vol_vel,0.0
LMT,126,32,price_regime,0.0
LMT,126,32,corr_sector_21d,0.0
LMT,126,32,corr_sector_252d,0.030759
LMT,126,32,sector_wedge,0.017991
LMT,126,33,rv_5d,0.0
LMT,126,33,rv_10d,0.0
LMT,126,33,rv_21d,0.029077
LMT,126,33,rv_63d,0.048876
LMT,126,33,rv_126d,0.028462
LMT,126,33,ewma_vol,0.0
LMT,126,33,garch_cond_vol,0.0
LMT,126,33,ret_TARGET,0.0
LMT,126,33,tech_RSI,0.01575
LMT,126,33,tech_MACD_hist,0.0
LMT,126,33,ret_VIXY,0.0
LMT,126,33,mom21_VIXY,0.0
LMT,126,33,ret_HYG,0.0
LMT,126,33,mom21_HYG,0.0
LMT,126,33,ret_USO,0.0
LMT,126,33,mom21_USO,0.0
LMT,126,33,ret_TLT,0.0
LMT,126,33,mom21_TLT,0.020062
LMT,126,33,ret_UUP,0.0
LMT,126,33,mom21_UUP,0.0
LMT,126,33,ret_SPY,0.0
LMT,126,33,mom21_SPY,0.0
LMT,126,33,vol_vel,0.0
LMT,126,33,vol_of_vol,0.0
LMT,126,33,vol_regime_zscore,0.0
LMT,126,33,vol_chg_21d,0.062439
LMT,126,33,event_fed_gravity,0.121648
LMT,126,33,event_earn_gravity,0.0
LMT,126,33,event_div_gravity,0.0
LMT,126,33,event_cpi_gravity,0.17943
LMT,126,33,event_nfp_gravity,0.140167
LMT,126,33,put_call_skew_30d,0.020325
LMT,126,33,term_structure_slope,0.0
LMT,126,33,vrp_wedge,0.0
LMT,126,33,iv_atm_z_score,0.0
LMT,126,33,macro_yield_curve_slope,0.040377
LMT,126,33,macro_hy_spread,0.031042
LMT,126,33,macro_hy_spread_chg_5d,0.0
LMT,126,33,macro_breakeven_5y,0.052377
LMT,126,33,macro_inflation_fwd_5y5y,0.040675
LMT,126,33,macro_inflation_fwd_chg_21d,0.0
LMT,126,33,macro_inflation_fwd_abs_chg_21d,0.0
LMT,126,33,macro_inflation_fwd_chg_63d,0.022127
LMT,126,33,macro_inflation_fwd_zscore,0.0
LMT,126,33,macro_dollar_ret,0.0
LMT,126,33,beta_spy,0.054116
LMT,126,33,res_vol,0.04105
LMT,126,33,res_vol_vel,0.0
LMT,126,33,price_regime,0.0
LMT,126,33,corr_sector_21d,0.0
LMT,126,33,corr_sector_252d,0.035451
LMT,126,33,sector_wedge,0.016549
LMT,126,34,rv_5d,0.0
LMT,126,34,rv_10d,0.0
LMT,126,34,rv_21d,0.029341
LMT,126,34,rv_63d,0.045498
LMT,126,34,rv_126d,0.023622
LMT,126,34,ewma_vol,0.0
LMT,126,34,garch_cond_vol,0.0
LMT,126,34,ret_TARGET,0.0
LMT,126,34,tech_RSI,0.016727
LMT,126,34,tech_MACD_hist,0.0
LMT,126,34,ret_VIXY,0.0
LMT,126,34,mom21_VIXY,0.0
LMT,126,34,ret_HYG,0.0
LMT,126,34,mom21_HYG,0.0
LMT,126,34,ret_USO,0.0
LMT,126,34,mom21_USO,0.0
LMT,126,34,ret_TLT,0.0
LMT,126,34,mom21_TLT,0.030053
LMT,126,34,ret_UUP,0.0
LMT,126,34,mom21_UUP,0.0
LMT,126,34,ret_SPY,0.0
LMT,126,34,mom21_SPY,0.026519
LMT,126,34,vol_vel,0.0
LMT,126,34,vol_of_vol,0.0
LMT,126,34,vol_regime_zscore,0.01972
LMT,126,34,vol_chg_21d,0.060188
LMT,126,34,event_fed_gravity,0.1543
LMT,126,34,event_earn_gravity,0.0
LMT,126,34,event_div_gravity,0.0
LMT,126,34,event_cpi_gravity,0.136585
LMT,126,34,event_nfp_gravity,0.130945
LMT,126,34,put_call_skew_30d,0.019053
LMT,126,34,term_structure_slope,0.0
LMT,126,34,vrp_wedge,0.0
LMT,126,34,iv_atm_z_score,0.0
LMT,126,34,macro_yield_curve_slope,0.04173
LMT,126,34,macro_hy_spread,0.026583
LMT,126,34,macro_hy_spread_chg_5d,0.0
LMT,126,34,macro_breakeven_5y,0.040059
LMT,126,34,macro_inflation_fwd_5y5y,0.041233
LMT,126,34,macro_inflation_fwd_chg_21d,0.0
LMT,126,34,macro_inflation_fwd_abs_chg_21d,0.0
LMT,126,34,macro_inflation_fwd_chg_63d,0.021004
LMT,126,34,macro_inflation_fwd_zscore,0.0
LMT,126,34,macro_dollar_ret,0.0
LMT,126,34,beta_spy,0.048081
LMT,126,34,res_vol,0.038372
LMT,126,34,res_vol_vel,0.0
LMT,126,34,price_regime,0.0
LMT,126,34,corr_sector_21d,0.0
LMT,126,34,corr_sector_252d,0.033972
LMT,126,34,sector_wedge,0.016415
LMT,126,35,rv_5d,0.0
LMT,126,35,rv_10d,0.0
LMT,126,35,rv_21d,0.027265
LMT,126,35,rv_63d,0.05118
LMT,126,35,rv_126d,0.026401
LMT,126,35,ewma_vol,0.0
LMT,126,35,garch_cond_vol,0.0
LMT,126,35,ret_TARGET,0.0
LMT,126,35,tech_RSI,0.016187
LMT,126,35,tech_MACD_hist,0.0
LMT,126,35,ret_VIXY,0.0
LMT,126,35,mom21_VIXY,0.0
LMT,126,35,ret_HYG,0.0
LMT,126,35,mom21_HYG,0.0
LMT,126,35,ret_USO,0.0
LMT,126,35,mom21_USO,0.015653
LMT,126,35,ret_TLT,0.0
LMT,126,35,mom21_TLT,0.018412
LMT,126,35,ret_UUP,0.0
LMT,126,35,mom21_UUP,0.0
LMT,126,35,ret_SPY,0.0
LMT,126,35,mom21_SPY,0.02727
LMT,126,35,vol_vel,0.0
LMT,126,35,vol_of_vol,0.0
LMT,126,35,vol_regime_zscore,0.0
LMT,126,35,vol_chg_21d,0.060917
LMT,126,35,event_fed_gravity,0.124278
LMT,126,35,event_earn_gravity,0.0
LMT,126,35,event_div_gravity,0.0
LMT,126,35,event_cpi_gravity,0.155779
LMT,126,35,event_nfp_gravity,0.15089
LMT,126,35,put_call_skew_30d,0.016478
LMT,126,35,term_structure_slope,0.0
LMT,126,35,vrp_wedge,0.0
LMT,126,35,iv_atm_z_score,0.0
LMT,126,35,macro_yield_curve_slope,0.039628
LMT,126,35,macro_hy_spread,0.025867
LMT,126,35,macro_hy_spread_chg_5d,0.0
LMT,126,35,macro_breakeven_5y,0.022918
LMT,126,35,macro_inflation_fwd_5y5y,0.062047
LMT,126,35,macro_inflation_fwd_chg_21d,0.0
LMT,126,35,macro_inflation_fwd_abs_chg_21d,0.0
LMT,126,35,macro_inflation_fwd_chg_63d,0.020367
LMT,126,35,macro_inflation_fwd_zscore,0.0
LMT,126,35,macro_dollar_ret,0.0
LMT,126,35,beta_spy,0.051452
LMT,126,35,res_vol,0.037977
LMT,126,35,res_vol_vel,0.0
LMT,126,35,price_regime,0.0
LMT,126,35,corr_sector_21d,0.0
LMT,126,35,corr_sector_252d,0.032633
LMT,126,35,sector_wedge,0.016401
LMT,126,36,rv_5d,0.0
LMT,126,36,rv_10d,0.0
LMT,126,36,rv_21d,0.030976
LMT,126,36,rv_63d,0.045837
LMT,126,36,rv_126d,0.023549
LMT,126,36,ewma_vol,0.0
LMT,126,36,garch_cond_vol,0.0
LMT,126,36,ret_TARGET,0.0
LMT,126,36,tech_RSI,0.016514
LMT,126,36,tech_MACD_hist,0.0
LMT,126,36,ret_VIXY,0.0
LMT,126,36,mom21_VIXY,0.0
LMT,126,36,ret_HYG,0.0
LMT,126,36,mom21_HYG,0.0
LMT,126,36,ret_USO,0.0
LMT,126,36,mom21_USO,0.014622
LMT,126,36,ret_TLT,0.0
LMT,126,36,mom21_TLT,0.018464
LMT,126,36,ret_UUP,0.0
LMT,126,36,mom21_UUP,0.0
LMT,126,36,ret_SPY,0.0
LMT,126,36,mom21_SPY,0.018206
LMT,126,36,vol_vel,0.0
LMT,126,36,vol_of_vol,0.030663
LMT,126,36,vol_regime_zscore,0.02178
LMT,126,36,vol_chg_21d,0.050061
LMT,126,36,event_fed_gravity,0.155364
LMT,126,36,event_earn_gravity,0.0
LMT,126,36,event_div_gravity,0.0
LMT,126,36,event_cpi_gravity,0.130712
LMT,126,36,event_nfp_gravity,0.125954
LMT,126,36,put_call_skew_30d,0.018263
LMT,126,36,term_structure_slope,0.0
LMT,126,36,vrp_wedge,0.0
LMT,126,36,iv_atm_z_score,0.0
LMT,126,36,macro_yield_curve_slope,0.044604
LMT,126,36,macro_hy_spread,0.02191
LMT,126,36,macro_hy_spread_chg_5d,0.0
LMT,126,36,macro_breakeven_5y,0.043872
LMT,126,36,macro_inflation_fwd_5y5y,0.038899
LMT,126,36,macro_inflation_fwd_chg_21d,0.0
LMT,126,36,macro_inflation_fwd_abs_chg_21d,0.0
LMT,126,36,macro_inflation_fwd_chg_63d,0.025514
LMT,126,36,macro_inflation_fwd_zscore,0.0
LMT,126,36,macro_dollar_ret,0.0
LMT,126,36,beta_spy,0.040653
LMT,126,36,res_vol,0.038757
LMT,126,36,res_vol_vel,0.0
LMT,126,36,price_regime,0.0
LMT,126,36,corr_sector_21d,0.0
LMT,126,36,corr_sector_252d,0.030118
LMT,126,36,sector_wedge,0.01471
LMT,126,37,rv_5d,0.0
LMT,126,37,rv_10d,0.0
LMT,126,37,rv_21d,0.034885
LMT,126,37,rv_63d,0.047695
LMT,126,37,rv_126d,0.021031
LMT,126,37,ewma_vol,0.0
LMT,126,37,garch_cond_vol,0.0
LMT,126,37,ret_TARGET,0.0
LMT,126,37,tech_RSI,0.016235
LMT,126,37,tech_MACD_hist,0.0
LMT,126,37,ret_VIXY,0.0
LMT,126,37,mom21_VIXY,0.0
LMT,126,37,ret_HYG,0.0
LMT,126,37,mom21_HYG,0.0
LMT,126,37,ret_USO,0.0
LMT,126,37,mom21_USO,0.014209
LMT,126,37,ret_TLT,0.0
LMT,126,37,mom21_TLT,0.017141
LMT,126,37,ret_UUP,0.0
LMT,126,37,mom21_UUP,0.0
LMT,126,37,ret_SPY,0.0
LMT,126,37,mom21_SPY,0.023444
LMT,126,37,vol_vel,0.0
LMT,126,37,vol_of_vol,0.0
LMT,126,37,vol_regime_zscore,0.021307
LMT,126,37,vol_chg_21d,0.053675
LMT,126,37,event_fed_gravity,0.093168
LMT,126,37,event_earn_gravity,0.0
LMT,126,37,event_div_gravity,0.0
LMT,126,37,event_cpi_gravity,0.168462
LMT,126,37,event_nfp_gravity,0.15592
LMT,126,37,put_call_skew_30d,0.020626
LMT,126,37,term_structure_slope,0.0
LMT,126,37,vrp_wedge,0.0
LMT,126,37,iv_atm_z_score,0.0
LMT,126,37,macro_yield_curve_slope,0.052263
LMT,126,37,macro_hy_spread,0.023496
LMT,126,37,macro_hy_spread_chg_5d,0.0
LMT,126,37,macro_breakeven_5y,0.02403
LMT,126,37,macro_inflation_fwd_5y5y,0.036424
LMT,126,37,macro_inflation_fwd_chg_21d,0.0
LMT,126,37,macro_inflation_fwd_abs_chg_21d,0.0
LMT,126,37,macro_inflation_fwd_chg_63d,0.02381
LMT,126,37,macro_inflation_fwd_zscore,0.015849
LMT,126,37,macro_dollar_ret,0.0
LMT,126,37,beta_spy,0.05537
LMT,126,37,res_vol,0.037709
LMT,126,37,res_vol_vel,0.0
LMT,126,37,price_regime,0.0
LMT,126,37,corr_sector_21d,0.0
LMT,126,37,corr_sector_252d,0.028416
LMT,126,37,sector_wedge,0.014835
LMT,126,38,rv_5d,0.0
LMT,126,38,rv_10d,0.0
LMT,126,38,rv_21d,0.02975
LMT,126,38,rv_63d,0.046037
LMT,126,38,rv_126d,0.020754
LMT,126,38,ewma_vol,0.0
LMT,126,38,garch_cond_vol,0.0
LMT,126,38,ret_TARGET,0.0
LMT,126,38,tech_RSI,0.02104
LMT,126,38,tech_MACD_hist,0.0
LMT,126,38,ret_VIXY,0.0
LMT,126,38,mom21_VIXY,0.018979
LMT,126,38,ret_HYG,0.0
LMT,126,38,mom21_HYG,0.013764
LMT,126,38,ret_USO,0.0
LMT,126,38,mom21_USO,0.012721
LMT,126,38,ret_TLT,0.0
LMT,126,38,mom21_TLT,0.012691
LMT,126,38,ret_UUP,0.0
LMT,126,38,mom21_UUP,0.0
LMT,126,38,ret_SPY,0.0
LMT,126,38,mom21_SPY,0.0
LMT,126,38,vol_vel,0.0
LMT,126,38,vol_of_vol,0.026829
LMT,126,38,vol_regime_zscore,0.011848
LMT,126,38,vol_chg_21d,0.059493
LMT,126,38,event_fed_gravity,0.130603
LMT,126,38,event_earn_gravity,0.0
LMT,126,38,event_div_gravity,0.0
LMT,126,38,event_cpi_gravity,0.129609
LMT,126,38,event_nfp_gravity,0.112358
LMT,126,38,put_call_skew_30d,0.017621
LMT,126,38,term_structure_slope,0.0
LMT,126,38,vrp_wedge,0.0
LMT,126,38,iv_atm_z_score,0.0
LMT,126,38,macro_yield_curve_slope,0.043008
LMT,126,38,macro_hy_spread,0.017303
LMT,126,38,macro_hy_spread_chg_5d,0.0
LMT,126,38,macro_breakeven_5y,0.034115
LMT,126,38,macro_inflation_fwd_5y5y,0.04454
LMT,126,38,macro_inflation_fwd_chg_21d,0.0
LMT,126,38,macro_inflation_fwd_abs_chg_21d,0.0
LMT,126,38,macro_inflation_fwd_chg_63d,0.018664
LMT,126,38,macro_inflation_fwd_zscore,0.020429
LMT,126,38,macro_dollar_ret,0.0
LMT,126,38,beta_spy,0.06986
LMT,126,38,res_vol,0.032927
LMT,126,38,res_vol_vel,0.012306
LMT,126,38,price_regime,0.0
LMT,126,38,corr_sector_21d,0.0
LMT,126,38,corr_sector_252d,0.02798
LMT,126,38,sector_wedge,0.014771
LMT,126,39,rv_5d,0.0
LMT,126,39,rv_10d,0.0
LMT,126,39,rv_21d,0.028714
LMT,126,39,rv_63d,0.030434
LMT,126,39,rv_126d,0.022734
LMT,126,39,ewma_vol,0.015347
LMT,126,39,garch_cond_vol,0.0
LMT,126,39,ret_TARGET,0.0
LMT,126,39,tech_RSI,0.0
LMT,126,39,tech_MACD_hist,0.0
LMT,126,39,ret_VIXY,0.0
LMT,126,39,mom21_VIXY,0.0
LMT,126,39,ret_HYG,0.0
LMT,126,39,mom21_HYG,0.0
LMT,126,39,ret_USO,0.0
LMT,126,39,mom21_USO,0.014035
LMT,126,39,ret_TLT,0.0
LMT,126,39,mom21_TLT,0.016355
LMT,126,39,ret_UUP,0.0
LMT,126,39,mom21_UUP,0.0
LMT,126,39,ret_SPY,0.0
LMT,126,39,mom21_SPY,0.013409
LMT,126,39,vol_vel,0.0
LMT,126,39,vol_of_vol,0.0
LMT,126,39,vol_regime_zscore,0.012763
LMT,126,39,vol_chg_21d,0.054651
LMT,126,39,event_fed_gravity,0.138153
LMT,126,39,event_earn_gravity,0.0
LMT,126,39,event_div_gravity,0.0
LMT,126,39,event_cpi_gravity,0.1012
LMT,126,39,event_nfp_gravity,0.141549
LMT,126,39,put_call_skew_30d,0.016797
LMT,126,39,term_structure_slope,0.0
LMT,126,39,vrp_wedge,0.0
LMT,126,39,iv_atm_z_score,0.0
LMT,126,39,macro_yield_curve_slope,0.046288
LMT,126,39,macro_hy_spread,0.019783
LMT,126,39,macro_hy_spread_chg_5d,0.0
LMT,126,39,macro_breakeven_5y,0.045979
LMT,126,39,macro_inflation_fwd_5y5y,0.042046
LMT,126,39,macro_inflation_fwd_chg_21d,0.0
LMT,126,39,macro_inflation_fwd_abs_chg_21d,0.0
LMT,126,39,macro_inflation_fwd_chg_63d,0.017291
LMT,126,39,macro_inflation_fwd_zscore,0.028116
LMT,126,39,macro_dollar_ret,0.0
LMT,126,39,beta_spy,0.095542
LMT,126,39,res_vol,0.041132
LMT,126,39,res_vol_vel,0.012109
LMT,126,39,price_regime,0.0
LMT,126,39,corr_sector_21d,0.0
LMT,126,39,corr_sector_252d,0.030792
LMT,126,39,sector_wedge,0.014784
LMT,126,40,rv_5d,0.0
LMT,126,40,rv_10d,0.0
LMT,126,40,rv_21d,0.022094
LMT,126,40,rv_63d,0.023413
LMT,126,40,rv_126d,0.03352
LMT,126,40,ewma_vol,0.01499
LMT,126,40,garch_cond_vol,0.0
LMT,126,40,ret_TARGET,0.0
LMT,126,40,tech_RSI,0.0
LMT,126,40,tech_MACD_hist,0.0
LMT,126,40,ret_VIXY,0.0
LMT,126,40,mom21_VIXY,0.0
LMT,126,40,ret_HYG,0.0
LMT,126,40,mom21_HYG,0.0
LMT,126,40,ret_USO,0.0
LMT,126,40,mom21_USO,0.015209
LMT,126,40,ret_TLT,0.0
LMT,126,40,mom21_TLT,0.0
LMT,126,40,ret_UUP,0.0
LMT,126,40,mom21_UUP,0.0
LMT,126,40,ret_SPY,0.0
LMT,126,40,mom21_SPY,0.0
LMT,126,40,vol_vel,0.0
LMT,126,40,vol_of_vol,0.022467
LMT,126,40,vol_regime_zscore,0.012725
LMT,126,40,vol_chg_21d,0.042167
LMT,126,40,event_fed_gravity,0.101762
LMT,126,40,event_earn_gravity,0.0
LMT,126,40,event_div_gravity,0.0
LMT,126,40,event_cpi_gravity,0.132073
LMT,126,40,event_nfp_gravity,0.147529
LMT,126,40,put_call_skew_30d,0.014185
LMT,126,40,term_structure_slope,0.0
LMT,126,40,vrp_wedge,0.011406
LMT,126,40,iv_atm_z_score,0.0
LMT,126,40,macro_yield_curve_slope,0.044048
LMT,126,40,macro_hy_spread,0.022404
LMT,126,40,macro_hy_spread_chg_5d,0.0
LMT,126,40,macro_breakeven_5y,0.045039
LMT,126,40,macro_inflation_fwd_5y5y,0.03372
LMT,126,40,macro_inflation_fwd_chg_21d,0.0
LMT,126,40,macro_inflation_fwd_abs_chg_21d,0.0
LMT,126,40,macro_inflation_fwd_chg_63d,0.019482
LMT,126,40,macro_inflation_fwd_zscore,0.027274
LMT,126,40,macro_dollar_ret,0.0
LMT,126,40,beta_spy,0.111721
LMT,126,40,res_vol,0.034334
LMT,126,40,res_vol_vel,0.0
LMT,126,40,price_regime,0.0
LMT,126,40,corr_sector_21d,0.0
LMT,126,40,corr_sector_252d,0.050124
LMT,126,40,sector_wedge,0.018312
LMT,126,41,rv_5d,0.0
LMT,126,41,rv_10d,0.0
LMT,126,41,rv_21d,0.026508
LMT,126,41,rv_63d,0.024586
LMT,126,41,rv_126d,0.028709
LMT,126,41,ewma_vol,0.0
LMT,126,41,garch_cond_vol,0.0
LMT,126,41,ret_TARGET,0.0
LMT,126,41,tech_RSI,0.01271
LMT,126,41,tech_MACD_hist,0.0
LMT,126,41,ret_VIXY,0.0
LMT,126,41,mom21_VIXY,0.0
LMT,126,41,ret_HYG,0.0
LMT,126,41,mom21_HYG,0.0
LMT,126,41,ret_USO,0.0
LMT,126,41,mom21_USO,0.012737
LMT,126,41,ret_TLT,0.0
LMT,126,41,mom21_TLT,0.0
LMT,126,41,ret_UUP,0.0
LMT,126,41,mom21_UUP,0.0
LMT,126,41,ret_SPY,0.0
LMT,126,41,mom21_SPY,0.0
LMT,126,41,vol_vel,0.0
LMT,126,41,vol_of_vol,0.016951
LMT,126,41,vol_regime_zscore,0.012614
LMT,126,41,vol_chg_21d,0.054719
LMT,126,41,event_fed_gravity,0.116588
LMT,126,41,event_earn_gravity,0.0
LMT,126,41,event_div_gravity,0.0
LMT,126,41,event_cpi_gravity,0.10954
LMT,126,41,event_nfp_gravity,0.159313
LMT,126,41,put_call_skew_30d,0.01542
LMT,126,41,term_structure_slope,0.0
LMT,126,41,vrp_wedge,0.0
LMT,126,41,iv_atm_z_score,0.0
LMT,126,41,macro_yield_curve_slope,0.0574
LMT,126,41,macro_hy_spread,0.031668
LMT,126,41,macro_hy_spread_chg_5d,0.0
LMT,126,41,macro_breakeven_5y,0.04168
LMT,126,41,macro_inflation_fwd_5y5y,0.028372
LMT,126,41,macro_inflation_fwd_chg_21d,0.0
LMT,126,41,macro_inflation_fwd_abs_chg_21d,0.0
LMT,126,41,macro_inflation_fwd_chg_63d,0.023214
LMT,126,41,macro_inflation_fwd_zscore,0.025816
LMT,126,41,macro_dollar_ret,0.0
LMT,126,41,beta_spy,0.093779
LMT,126,41,res_vol,0.031223
LMT,126,41,res_vol_vel,0.0
LMT,126,41,price_regime,0.0
LMT,126,41,corr_sector_21d,0.0
LMT,126,41,corr_sector_252d,0.062304
LMT,126,41,sector_wedge,0.01415
LMT,126,42,rv_5d,0.0
LMT,126,42,rv_10d,0.0
LMT,126,42,rv_21d,0.029574
LMT,126,42,rv_63d,0.023113
LMT,126,42,rv_126d,0.022554
LMT,126,42,ewma_vol,0.0
LMT,126,42,garch_cond_vol,0.0
LMT,126,42,ret_TARGET,0.0
LMT,126,42,tech_RSI,0.0
LMT,126,42,tech_MACD_hist,0.0
LMT,126,42,ret_VIXY,0.0
LMT,126,42,mom21_VIXY,0.0
LMT,126,42,ret_HYG,0.0
LMT,126,42,mom21_HYG,0.0
LMT,126,42,ret_USO,0.0
LMT,126,42,mom21_USO,0.013456
LMT,126,42,ret_TLT,0.0
LMT,126,42,mom21_TLT,0.015279
LMT,126,42,ret_UUP,0.0
LMT,126,42,mom21_UUP,0.0
LMT,126,42,ret_SPY,0.0
LMT,126,42,mom21_SPY,0.0
LMT,126,42,vol_vel,0.0
LMT,126,42,vol_of_vol,0.017472
LMT,126,42,vol_regime_zscore,0.016489
LMT,126,42,vol_chg_21d,0.043745
LMT,126,42,event_fed_gravity,0.113658
LMT,126,42,event_earn_gravity,0.0
LMT,126,42,event_div_gravity,0.0
LMT,126,42,event_cpi_gravity,0.156748
LMT,126,42,event_nfp_gravity,0.119966
LMT,126,42,put_call_skew_30d,0.013743
LMT,126,42,term_structure_slope,0.0
LMT,126,42,vrp_wedge,0.0
LMT,126,42,iv_atm_z_score,0.0
LMT,126,42,macro_yield_curve_slope,0.062015
LMT,126,42,macro_hy_spread,0.03779
LMT,126,42,macro_hy_spread_chg_5d,0.0
LMT,126,42,macro_breakeven_5y,0.035404
LMT,126,42,macro_inflation_fwd_5y5y,0.016633
LMT,126,42,macro_inflation_fwd_chg_21d,0.0
LMT,126,42,macro_inflation_fwd_abs_chg_21d,0.0
LMT,126,42,macro_inflation_fwd_chg_63d,0.017776
LMT,126,42,macro_inflation_fwd_zscore,0.022893
LMT,126,42,macro_dollar_ret,0.0
LMT,126,42,beta_spy,0.094811
LMT,126,42,res_vol,0.024553
LMT,126,42,res_vol_vel,0.0
LMT,126,42,price_regime,0.0
LMT,126,42,corr_sector_21d,0.0
LMT,126,42,corr_sector_252d,0.084721
LMT,126,42,sector_wedge,0.017608
LMT,126,43,rv_5d,0.0
LMT,126,43,rv_10d,0.0
LMT,126,43,rv_21d,0.026889
LMT,126,43,rv_63d,0.023979
LMT,126,43,rv_126d,0.022284
LMT,126,43,ewma_vol,0.0
LMT,126,43,garch_cond_vol,0.0
LMT,126,43,ret_TARGET,0.0
LMT,126,43,tech_RSI,0.014339
LMT,126,43,tech_MACD_hist,0.0
LMT,126,43,ret_VIXY,0.0
LMT,126,43,mom21_VIXY,0.0
LMT,126,43,ret_HYG,0.0
LMT,126,43,mom21_HYG,0.0
LMT,126,43,ret_USO,0.0
LMT,126,43,mom21_USO,0.014024
LMT,126,43,ret_TLT,0.0
LMT,126,43,mom21_TLT,0.011129
LMT,126,43,ret_UUP,0.0
LMT,126,43,mom21_UUP,0.0
LMT,126,43,ret_SPY,0.0
LMT,126,43,mom21_SPY,0.0
LMT,126,43,vol_vel,0.0
LMT,126,43,vol_of_vol,0.015526
LMT,126,43,vol_regime_zscore,0.016707
LMT,126,43,vol_chg_21d,0.051527
LMT,126,43,event_fed_gravity,0.105926
LMT,126,43,event_earn_gravity,0.0
LMT,126,43,event_div_gravity,0.0
LMT,126,43,event_cpi_gravity,0.106413
LMT,126,43,event_nfp_gravity,0.132327
LMT,126,43,put_call_skew_30d,0.016198
LMT,126,43,term_structure_slope,0.014397
LMT,126,43,vrp_wedge,0.0
LMT,126,43,iv_atm_z_score,0.011333
LMT,126,43,macro_yield_curve_slope,0.089279
LMT,126,43,macro_hy_spread,0.033879
LMT,126,43,macro_hy_spread_chg_5d,0.0
LMT,126,43,macro_breakeven_5y,0.028348
LMT,126,43,macro_inflation_fwd_5y5y,0.021834
LMT,126,43,macro_inflation_fwd_chg_21d,0.0
LMT,126,43,macro_inflation_fwd_abs_chg_21d,0.0
LMT,126,43,macro_inflation_fwd_chg_63d,0.015673
LMT,126,43,macro_inflation_fwd_zscore,0.021025
LMT,126,43,macro_dollar_ret,0.0
LMT,126,43,beta_spy,0.072271
LMT,126,43,res_vol,0.025388
LMT,126,43,res_vol_vel,0.0
LMT,126,43,price_regime,0.0
LMT,126,43,corr_sector_21d,0.0
LMT,126,43,corr_sector_252d,0.098455
LMT,126,43,sector_wedge,0.010848
LMT,126,44,rv_5d,0.0
LMT,126,44,rv_10d,0.0
LMT,126,44,rv_21d,0.018613
LMT,126,44,rv_63d,0.021604
LMT,126,44,rv_126d,0.023745
LMT,126,44,ewma_vol,0.0
LMT,126,44,garch_cond_vol,0.0
LMT,126,44,ret_TARGET,0.0
LMT,126,44,tech_RSI,0.011253
LMT,126,44,tech_MACD_hist,0.0
LMT,126,44,ret_VIXY,0.0
LMT,126,44,mom21_VIXY,0.0
LMT,126,44,ret_HYG,0.0
LMT,126,44,mom21_HYG,0.0
LMT,126,44,ret_USO,0.0
LMT,126,44,mom21_USO,0.013924
LMT,126,44,ret_TLT,0.0
LMT,126,44,mom21_TLT,0.022672
LMT,126,44,ret_UUP,0.0
LMT,126,44,mom21_UUP,0.0
LMT,126,44,ret_SPY,0.0
LMT,126,44,mom21_SPY,0.016106
LMT,126,44,vol_vel,0.0
LMT,126,44,vol_of_vol,0.018022
LMT,126,44,vol_regime_zscore,0.02169
LMT,126,44,vol_chg_21d,0.054828
LMT,126,44,event_fed_gravity,0.112897
LMT,126,44,event_earn_gravity,0.0
LMT,126,44,event_div_gravity,0.0
LMT,126,44,event_cpi_gravity,0.106289
LMT,126,44,event_nfp_gravity,0.099864
LMT,126,44,put_call_skew_30d,0.013004
LMT,126,44,term_structure_slope,0.0
LMT,126,44,vrp_wedge,0.0
LMT,126,44,iv_atm_z_score,0.012515
LMT,126,44,macro_yield_curve_slope,0.094643
LMT,126,44,macro_hy_spread,0.049601
LMT,126,44,macro_hy_spread_chg_5d,0.0
LMT,126,44,macro_breakeven_5y,0.023341
LMT,126,44,macro_inflation_fwd_5y5y,0.020008
LMT,126,44,macro_inflation_fwd_chg_21d,0.0
LMT,126,44,macro_inflation_fwd_abs_chg_21d,0.0
LMT,126,44,macro_inflation_fwd_chg_63d,0.01522
LMT,126,44,macro_inflation_fwd_zscore,0.018948
LMT,126,44,macro_dollar_ret,0.0
LMT,126,44,beta_spy,0.061835
LMT,126,44,res_vol,0.028927
LMT,126,44,res_vol_vel,0.0
LMT,126,44,price_regime,0.0
LMT,126,44,corr_sector_21d,0.0
LMT,126,44,corr_sector_252d,0.10995
LMT,126,44,sector_wedge,0.010499
LMT,126,45,rv_5d,0.0
LMT,126,45,rv_10d,0.0
LMT,126,45,rv_21d,0.01952
LMT,126,45,rv_63d,0.02761
LMT,126,45,rv_126d,0.022641
LMT,126,45,ewma_vol,0.0
LMT,126,45,garch_cond_vol,0.0
LMT,126,45,ret_TARGET,0.0
LMT,126,45,tech_RSI,0.017046
LMT,126,45,tech_MACD_hist,0.0
LMT,126,45,ret_VIXY,0.0
LMT,126,45,mom21_VIXY,0.0
LMT,126,45,ret_HYG,0.0
LMT,126,45,mom21_HYG,0.0
LMT,126,45,ret_USO,0.0
LMT,126,45,mom21_USO,0.009957
LMT,126,45,ret_TLT,0.0
LMT,126,45,mom21_TLT,0.015046
LMT,126,45,ret_UUP,0.0
LMT,126,45,mom21_UUP,0.0
LMT,126,45,ret_SPY,0.0
LMT,126,45,mom21_SPY,0.0
LMT,126,45,vol_vel,0.0
LMT,126,45,vol_of_vol,0.016899
LMT,126,45,vol_regime_zscore,0.021709
LMT,126,45,vol_chg_21d,0.059937
LMT,126,45,event_fed_gravity,0.102589
LMT,126,45,event_earn_gravity,0.0
LMT,126,45,event_div_gravity,0.0
LMT,126,45,event_cpi_gravity,0.091697
LMT,126,45,event_nfp_gravity,0.102941
LMT,126,45,put_call_skew_30d,0.0
LMT,126,45,term_structure_slope,0.025376
LMT,126,45,vrp_wedge,0.0
LMT,126,45,iv_atm_z_score,0.012911
LMT,126,45,macro_yield_curve_slope,0.108202
LMT,126,45,macro_hy_spread,0.03471
LMT,126,45,macro_hy_spread_chg_5d,0.0
LMT,126,45,macro_breakeven_5y,0.01656
LMT,126,45,macro_inflation_fwd_5y5y,0.032757
LMT,126,45,macro_inflation_fwd_chg_21d,0.0
LMT,126,45,macro_inflation_fwd_abs_chg_21d,0.0
LMT,126,45,macro_inflation_fwd_chg_63d,0.0154
LMT,126,45,macro_inflation_fwd_zscore,0.025437
LMT,126,45,macro_dollar_ret,0.0
LMT,126,45,beta_spy,0.048263
LMT,126,45,res_vol,0.028007
LMT,126,45,res_vol_vel,0.0
LMT,126,45,price_regime,0.0
LMT,126,45,corr_sector_21d,0.0
LMT,126,45,corr_sector_252d,0.134412
LMT,126,45,sector_wedge,0.010373
LMT,126,46,rv_5d,0.0
LMT,126,46,rv_10d,0.0
LMT,126,46,rv_21d,0.026007
LMT,126,46,rv_63d,0.026792
LMT,126,46,rv_126d,0.026634
LMT,126,46,ewma_vol,0.0
LMT,126,46,garch_cond_vol,0.0
LMT,126,46,ret_TARGET,0.0
LMT,126,46,tech_RSI,0.013839
LMT,126,46,tech_MACD_hist,0.0
LMT,126,46,ret_VIXY,0.0
LMT,126,46,mom21_VIXY,0.0
LMT,126,46,ret_HYG,0.0
LMT,126,46,mom21_HYG,0.0
LMT,126,46,ret_USO,0.0
LMT,126,46,mom21_USO,0.015281
LMT,126,46,ret_TLT,0.0
LMT,126,46,mom21_TLT,0.010811
LMT,126,46,ret_UUP,0.0
LMT,126,46,mom21_UUP,0.0
LMT,126,46,ret_SPY,0.0
LMT,126,46,mom21_SPY,0.0
LMT,126,46,vol_vel,0.0
LMT,126,46,vol_of_vol,0.016484
LMT,126,46,vol_regime_zscore,0.019148
LMT,126,46,vol_chg_21d,0.050431
LMT,126,46,event_fed_gravity,0.082987
LMT,126,46,event_earn_gravity,0.0
LMT,126,46,event_div_gravity,0.0
LMT,126,46,event_cpi_gravity,0.119106
LMT,126,46,event_nfp_gravity,0.124092
LMT,126,46,put_call_skew_30d,0.0
LMT,126,46,term_structure_slope,0.022668
LMT,126,46,vrp_wedge,0.0
LMT,126,46,iv_atm_z_score,0.012816
LMT,126,46,macro_yield_curve_slope,0.107061
LMT,126,46,macro_hy_spread,0.032024
LMT,126,46,macro_hy_spread_chg_5d,0.0
LMT,126,46,macro_breakeven_5y,0.027529
LMT,126,46,macro_inflation_fwd_5y5y,0.023913
LMT,126,46,macro_inflation_fwd_chg_21d,0.0
LMT,126,46,macro_inflation_fwd_abs_chg_21d,0.0
LMT,126,46,macro_inflation_fwd_chg_63d,0.017991
LMT,126,46,macro_inflation_fwd_zscore,0.021567
LMT,126,46,macro_dollar_ret,0.0
LMT,126,46,beta_spy,0.04777
LMT,126,46,res_vol,0.031507
LMT,126,46,res_vol_vel,0.0
LMT,126,46,price_regime,0.015586
LMT,126,46,corr_sector_21d,0.0
LMT,126,46,corr_sector_252d,0.107953
LMT,126,46,sector_wedge,0.0
LMT,126,47,rv_5d,0.0
LMT,126,47,rv_10d,0.0
LMT,126,47,rv_21d,0.027103
LMT,126,47,rv_63d,0.02461
LMT,126,47,rv_126d,0.043434
LMT,126,47,ewma_vol,0.0
LMT,126,47,garch_cond_vol,0.0
LMT,126,47,ret_TARGET,0.0
LMT,126,47,tech_RSI,0.016928
LMT,126,47,tech_MACD_hist,0.0
LMT,126,47,ret_VIXY,0.0
LMT,126,47,mom21_VIXY,0.0
LMT,126,47,ret_HYG,0.0
LMT,126,47,mom21_HYG,0.0
LMT,126,47,ret_USO,0.0
LMT,126,47,mom21_USO,0.014361
LMT,126,47,ret_TLT,0.0
LMT,126,47,mom21_TLT,0.011746
LMT,126,47,ret_UUP,0.0
LMT,126,47,mom21_UUP,0.0
LMT,126,47,ret_SPY,0.0
LMT,126,47,mom21_SPY,0.014547
LMT,126,47,vol_vel,0.0
LMT,126,47,vol_of_vol,0.018378
LMT,126,47,vol_regime_zscore,0.015447
LMT,126,47,vol_chg_21d,0.060976
LMT,126,47,event_fed_gravity,0.097696
LMT,126,47,event_earn_gravity,0.0
LMT,126,47,event_div_gravity,0.0
LMT,126,47,event_cpi_gravity,0.102242
LMT,126,47,event_nfp_gravity,0.097472
LMT,126,47,put_call_skew_30d,0.0
LMT,126,47,term_structure_slope,0.0
LMT,126,47,vrp_wedge,0.0
LMT,126,47,iv_atm_z_score,0.011901
LMT,126,47,macro_yield_curve_slope,0.106683
LMT,126,47,macro_hy_spread,0.032873
LMT,126,47,macro_hy_spread_chg_5d,0.0
LMT,126,47,macro_breakeven_5y,0.018342
LMT,126,47,macro_inflation_fwd_5y5y,0.033526
LMT,126,47,macro_inflation_fwd_chg_21d,0.0
LMT,126,47,macro_inflation_fwd_abs_chg_21d,0.0
LMT,126,47,macro_inflation_fwd_chg_63d,0.017582
LMT,126,47,macro_inflation_fwd_zscore,0.025095
LMT,126,47,macro_dollar_ret,0.0
LMT,126,47,beta_spy,0.067774
LMT,126,47,res_vol,0.036715
LMT,126,47,res_vol_vel,0.0
LMT,126,47,price_regime,0.0
LMT,126,47,corr_sector_21d,0.0
LMT,126,47,corr_sector_252d,0.091919
LMT,126,47,sector_wedge,0.01265
LMT,126,48,rv_5d,0.0
LMT,126,48,rv_10d,0.0
LMT,126,48,rv_21d,0.035669
LMT,126,48,rv_63d,0.02085
LMT,126,48,rv_126d,0.069129
LMT,126,48,ewma_vol,0.0
LMT,126,48,garch_cond_vol,0.0
LMT,126,48,ret_TARGET,0.0
LMT,126,48,tech_RSI,0.016619
LMT,126,48,tech_MACD_hist,0.0
LMT,126,48,ret_VIXY,0.0
LMT,126,48,mom21_VIXY,0.0
LMT,126,48,ret_HYG,0.0
LMT,126,48,mom21_HYG,0.0
LMT,126,48,ret_USO,0.0
LMT,126,48,mom21_USO,0.0133
LMT,126,48,ret_TLT,0.0
LMT,126,48,mom21_TLT,0.015405
LMT,126,48,ret_UUP,0.0
LMT,126,48,mom21_UUP,0.0
LMT,126,48,ret_SPY,0.0
LMT,126,48,mom21_SPY,0.0
LMT,126,48,vol_vel,0.0
LMT,126,48,vol_of_vol,0.015771
LMT,126,48,vol_regime_zscore,0.01909
LMT,126,48,vol_chg_21d,0.047359
LMT,126,48,event_fed_gravity,0.109335
LMT,126,48,event_earn_gravity,0.0
LMT,126,48,event_div_gravity,0.0
LMT,126,48,event_cpi_gravity,0.098655
LMT,126,48,event_nfp_gravity,0.126635
LMT,126,48,put_call_skew_30d,0.013521
LMT,126,48,term_structure_slope,0.0
LMT,126,48,vrp_wedge,0.0
LMT,126,48,iv_atm_z_score,0.0
LMT,126,48,macro_yield_curve_slope,0.090273
LMT,126,48,macro_hy_spread,0.032373
LMT,126,48,macro_hy_spread_chg_5d,0.0
LMT,126,48,macro_breakeven_5y,0.020273
LMT,126,48,macro_inflation_fwd_5y5y,0.02178
LMT,126,48,macro_inflation_fwd_chg_21d,0.0
LMT,126,48,macro_inflation_fwd_abs_chg_21d,0.0
LMT,126,48,macro_inflation_fwd_chg_63d,0.019988
LMT,126,48,macro_inflation_fwd_zscore,0.024731
LMT,126,48,macro_dollar_ret,0.0
LMT,126,48,beta_spy,0.06807
LMT,126,48,res_vol,0.036199
LMT,126,48,res_vol_vel,0.0
LMT,126,48,price_regime,0.0
LMT,126,48,corr_sector_21d,0.0
LMT,126,48,corr_sector_252d,0.073667
LMT,126,48,sector_wedge,0.011309
LMT,126,49,rv_5d,0.0
LMT,126,49,rv_10d,0.014717
LMT,126,49,rv_21d,0.021737
LMT,126,49,rv_63d,0.021599
LMT,126,49,rv_126d,0.063009
LMT,126,49,ewma_vol,0.0
LMT,126,49,garch_cond_vol,0.011759
LMT,126,49,ret_TARGET,0.0
LMT,126,49,tech_RSI,0.012168
LMT,126,49,tech_MACD_hist,0.012572
LMT,126,49,ret_VIXY,0.0
LMT,126,49,mom21_VIXY,0.0
LMT,126,49,ret_HYG,0.0
LMT,126,49,mom21_HYG,0.010372
LMT,126,49,ret_USO,0.0
LMT,126,49,mom21_USO,0.011766
LMT,126,49,ret_TLT,0.0
LMT,126,49,mom21_TLT,0.0216
LMT,126,49,ret_UUP,0.0
LMT,126,49,mom21_UUP,0.012215
LMT,126,49,ret_SPY,0.0
LMT,126,49,mom21_SPY,0.0
LMT,126,49,vol_vel,0.0
LMT,126,49,vol_of_vol,0.013861
LMT,126,49,vol_regime_zscore,0.011278
LMT,126,49,vol_chg_21d,0.037286
LMT,126,49,event_fed_gravity,0.076175
LMT,126,49,event_earn_gravity,0.0
LMT,126,49,event_div_gravity,0.0
LMT,126,49,event_cpi_gravity,0.110747
LMT,126,49,event_nfp_gravity,0.105682
LMT,126,49,put_call_skew_30d,0.013614
LMT,126,49,term_structure_slope,0.0
LMT,126,49,vrp_wedge,0.0
LMT,126,49,iv_atm_z_score,0.011872
LMT,126,49,macro_yield_curve_slope,0.067811
LMT,126,49,macro_hy_spread,0.028327
LMT,126,49,macro_hy_spread_chg_5d,0.0
LMT,126,49,macro_breakeven_5y,0.022653
LMT,126,49,macro_inflation_fwd_5y5y,0.011434
LMT,126,49,macro_inflation_fwd_chg_21d,0.0
LMT,126,49,macro_inflation_fwd_abs_chg_21d,0.0
LMT,126,49,macro_inflation_fwd_chg_63d,0.019558
LMT,126,49,macro_inflation_fwd_zscore,0.035137
LMT,126,49,macro_dollar_ret,0.0
LMT,126,49,beta_spy,0.067616
LMT,126,49,res_vol,0.031328
LMT,126,49,res_vol_vel,0.009499
LMT,126,49,price_regime,0.0
LMT,126,49,corr_sector_21d,0.042084
LMT,126,49,corr_sector_252d,0.053026
LMT,126,49,sector_wedge,0.017499
LMT,126,50,rv_5d,0.0
LMT,126,50,rv_10d,0.0
LMT,126,50,rv_21d,0.019206
LMT,126,50,rv_63d,0.027808
LMT,126,50,rv_126d,0.065799
LMT,126,50,ewma_vol,0.0
LMT,126,50,garch_cond_vol,0.0
LMT,126,50,ret_TARGET,0.0
LMT,126,50,tech_RSI,0.01013
LMT,126,50,tech_MACD_hist,0.015761
LMT,126,50,ret_VIXY,0.0
LMT,126,50,mom21_VIXY,0.0
LMT,126,50,ret_HYG,0.0
LMT,126,50,mom21_HYG,0.009146
LMT,126,50,ret_USO,0.0
LMT,126,50,mom21_USO,0.012068
LMT,126,50,ret_TLT,0.0
LMT,126,50,mom21_TLT,0.017518
LMT,126,50,ret_UUP,0.0
LMT,126,50,mom21_UUP,0.030097
LMT,126,50,ret_SPY,0.0
LMT,126,50,mom21_SPY,0.0
LMT,126,50,vol_vel,0.0
LMT,126,50,vol_of_vol,0.012607
LMT,126,50,vol_regime_zscore,0.022587
LMT,126,50,vol_chg_21d,0.040636
LMT,126,50,event_fed_gravity,0.082568
LMT,126,50,event_earn_gravity,0.0
LMT,126,50,event_div_gravity,0.0
LMT,126,50,event_cpi_gravity,0.092216
LMT,126,50,event_nfp_gravity,0.089137
LMT,126,50,put_call_skew_30d,0.012103
LMT,126,50,term_structure_slope,0.0
LMT,126,50,vrp_wedge,0.011142
LMT,126,50,iv_atm_z_score,0.0
LMT,126,50,macro_yield_curve_slope,0.090526
LMT,126,50,macro_hy_spread,0.039305
LMT,126,50,macro_hy_spread_chg_5d,0.0
LMT,126,50,macro_breakeven_5y,0.021684
LMT,126,50,macro_inflation_fwd_5y5y,0.025273
LMT,126,50,macro_inflation_fwd_chg_21d,0.0
LMT,126,50,macro_inflation_fwd_abs_chg_21d,0.0
LMT,126,50,macro_inflation_fwd_chg_63d,0.023232
LMT,126,50,macro_inflation_fwd_zscore,0.039487
LMT,126,50,macro_dollar_ret,0.0
LMT,126,50,beta_spy,0.049208
LMT,126,50,res_vol,0.029293
LMT,126,50,res_vol_vel,0.0
LMT,126,50,price_regime,0.0
LMT,126,50,corr_sector_21d,0.025767
LMT,126,50,corr_sector_252d,0.065184
LMT,126,50,sector_wedge,0.02051
LMT,126,51,rv_5d,0.0
LMT,126,51,rv_10d,0.0
LMT,126,51,rv_21d,0.016213
LMT,126,51,rv_63d,0.022352
LMT,126,51,rv_126d,0.057569
LMT,126,51,ewma_vol,0.011932
LMT,126,51,garch_cond_vol,0.0
LMT,126,51,ret_TARGET,0.0
LMT,126,51,tech_RSI,0.009564
LMT,126,51,tech_MACD_hist,0.0
LMT,126,51,ret_VIXY,0.0
LMT,126,51,mom21_VIXY,0.009955
LMT,126,51,ret_HYG,0.0
LMT,126,51,mom21_HYG,0.008116
LMT,126,51,ret_USO,0.0
LMT,126,51,mom21_USO,0.011561
LMT,126,51,ret_TLT,0.0
LMT,126,51,mom21_TLT,0.015042
LMT,126,51,ret_UUP,0.0
LMT,126,51,mom21_UUP,0.042573
LMT,126,51,ret_SPY,0.0
LMT,126,51,mom21_SPY,0.020954
LMT,126,51,vol_vel,0.0
LMT,126,51,vol_of_vol,0.015598
LMT,126,51,vol_regime_zscore,0.0
LMT,126,51,vol_chg_21d,0.029619
LMT,126,51,event_fed_gravity,0.07342
LMT,126,51,event_earn_gravity,0.0
LMT,126,51,event_div_gravity,0.0
LMT,126,51,event_cpi_gravity,0.091685
LMT,126,51,event_nfp_gravity,0.091642
LMT,126,51,put_call_skew_30d,0.010286
LMT,126,51,term_structure_slope,0.017282
LMT,126,51,vrp_wedge,0.009958
LMT,126,51,iv_atm_z_score,0.0
LMT,126,51,macro_yield_curve_slope,0.067092
LMT,126,51,macro_hy_spread,0.049742
LMT,126,51,macro_hy_spread_chg_5d,0.0
LMT,126,51,macro_breakeven_5y,0.038373
LMT,126,51,macro_inflation_fwd_5y5y,0.011817
LMT,126,51,macro_inflation_fwd_chg_21d,0.0
LMT,126,51,macro_inflation_fwd_abs_chg_21d,0.0
LMT,126,51,macro_inflation_fwd_chg_63d,0.02079
LMT,126,51,macro_inflation_fwd_zscore,0.019012
LMT,126,51,macro_dollar_ret,0.0
LMT,126,51,beta_spy,0.060813
LMT,126,51,res_vol,0.030476
LMT,126,51,res_vol_vel,0.008935
LMT,126,51,price_regime,0.0
LMT,126,51,corr_sector_21d,0.015749
LMT,126,51,corr_sector_252d,0.097542
LMT,126,51,sector_wedge,0.014338
LMT,126,52,rv_5d,0.0
LMT,126,52,rv_10d,0.012616
LMT,126,52,rv_21d,0.019953
LMT,126,52,rv_63d,0.021983
LMT,126,52,rv_126d,0.060994
LMT,126,52,ewma_vol,0.0
LMT,126,52,garch_cond_vol,0.0
LMT,126,52,ret_TARGET,0.0
LMT,126,52,tech_RSI,0.011283
LMT,126,52,tech_MACD_hist,0.0
LMT,126,52,ret_VIXY,0.0
LMT,126,52,mom21_VIXY,0.026699
LMT,126,52,ret_HYG,0.0
LMT,126,52,mom21_HYG,0.011929
LMT,126,52,ret_USO,0.0
LMT,126,52,mom21_USO,0.009749
LMT,126,52,ret_TLT,0.0
LMT,126,52,mom21_TLT,0.0
LMT,126,52,ret_UUP,0.0
LMT,126,52,mom21_UUP,0.0
LMT,126,52,ret_SPY,0.0
LMT,126,52,mom21_SPY,0.0
LMT,126,52,vol_vel,0.00895
LMT,126,52,vol_of_vol,0.010768
LMT,126,52,vol_regime_zscore,0.031538
LMT,126,52,vol_chg_21d,0.037645
LMT,126,52,event_fed_gravity,0.068025
LMT,126,52,event_earn_gravity,0.0
LMT,126,52,event_div_gravity,0.0
LMT,126,52,event_cpi_gravity,0.071682
LMT,126,52,event_nfp_gravity,0.100203
LMT,126,52,put_call_skew_30d,0.010149
LMT,126,52,term_structure_slope,0.0
LMT,126,52,vrp_wedge,0.0
LMT,126,52,iv_atm_z_score,0.010407
LMT,126,52,macro_yield_curve_slope,0.050966
LMT,126,52,macro_hy_spread,0.049397
LMT,126,52,macro_hy_spread_chg_5d,0.009915
LMT,126,52,macro_breakeven_5y,0.05291
LMT,126,52,macro_inflation_fwd_5y5y,0.016669
LMT,126,52,macro_inflation_fwd_chg_21d,0.008659
LMT,126,52,macro_inflation_fwd_abs_chg_21d,0.0
LMT,126,52,macro_inflation_fwd_chg_63d,0.020848
LMT,126,52,macro_inflation_fwd_zscore,0.018667
LMT,126,52,macro_dollar_ret,0.0
LMT,126,52,beta_spy,0.069626
LMT,126,52,res_vol,0.030904
LMT,126,52,res_vol_vel,0.008172
LMT,126,52,price_regime,0.0
LMT,126,52,corr_sector_21d,0.028815
LMT,126,52,corr_sector_252d,0.094786
LMT,126,52,sector_wedge,0.015094
LMT,126,53,rv_5d,0.0
LMT,126,53,rv_10d,0.0
LMT,126,53,rv_21d,0.013904
LMT,126,53,rv_63d,0.018562
LMT,126,53,rv_126d,0.065133
LMT,126,53,ewma_vol,0.012171
LMT,126,53,garch_cond_vol,0.0
LMT,126,53,ret_TARGET,0.0
LMT,126,53,tech_RSI,0.011107
LMT,126,53,tech_MACD_hist,0.0
LMT,126,53,ret_VIXY,0.0
LMT,126,53,mom21_VIXY,0.013601
LMT,126,53,ret_HYG,0.0
LMT,126,53,mom21_HYG,0.021977
LMT,126,53,ret_USO,0.0
LMT,126,53,mom21_USO,0.0
LMT,126,53,ret_TLT,0.0
LMT,126,53,mom21_TLT,0.022813
LMT,126,53,ret_UUP,0.0
LMT,126,53,mom21_UUP,0.016234
LMT,126,53,ret_SPY,0.0
LMT,126,53,mom21_SPY,0.0
LMT,126,53,vol_vel,0.008945
LMT,126,53,vol_of_vol,0.015533
LMT,126,53,vol_regime_zscore,0.026715
LMT,126,53,vol_chg_21d,0.038533
LMT,126,53,event_fed_gravity,0.078869
LMT,126,53,event_earn_gravity,0.0
LMT,126,53,event_div_gravity,0.0
LMT,126,53,event_cpi_gravity,0.087093
LMT,126,53,event_nfp_gravity,0.085396
LMT,126,53,put_call_skew_30d,0.011574
LMT,126,53,term_structure_slope,0.0
LMT,126,53,vrp_wedge,0.0
LMT,126,53,iv_atm_z_score,0.0
LMT,126,53,macro_yield_curve_slope,0.04121
LMT,126,53,macro_hy_spread,0.046434
LMT,126,53,macro_hy_spread_chg_5d,0.010241
LMT,126,53,macro_breakeven_5y,0.039581
LMT,126,53,macro_inflation_fwd_5y5y,0.023748
LMT,126,53,macro_inflation_fwd_chg_21d,0.0
LMT,126,53,macro_inflation_fwd_abs_chg_21d,0.0
LMT,126,53,macro_inflation_fwd_chg_63d,0.019646
LMT,126,53,macro_inflation_fwd_zscore,0.018776
LMT,126,53,macro_dollar_ret,0.0
LMT,126,53,beta_spy,0.082426
LMT,126,53,res_vol,0.029399
LMT,126,53,res_vol_vel,0.009098
LMT,126,53,price_regime,0.0
LMT,126,53,corr_sector_21d,0.02409
LMT,126,53,corr_sector_252d,0.091438
LMT,126,53,sector_wedge,0.015753
LMT,126,54,rv_5d,0.0
LMT,126,54,rv_10d,0.013105
LMT,126,54,rv_21d,0.012225
LMT,126,54,rv_63d,0.021057
LMT,126,54,rv_126d,0.063455
LMT,126,54,ewma_vol,0.0
LMT,126,54,garch_cond_vol,0.0
LMT,126,54,ret_TARGET,0.0
LMT,126,54,tech_RSI,0.008887
LMT,126,54,tech_MACD_hist,0.0
LMT,126,54,ret_VIXY,0.0
LMT,126,54,mom21_VIXY,0.007593
LMT,126,54,ret_HYG,0.0
LMT,126,54,mom21_HYG,0.019585
LMT,126,54,ret_USO,0.0
LMT,126,54,mom21_USO,0.010327
LMT,126,54,ret_TLT,0.0
LMT,126,54,mom21_TLT,0.020875
LMT,126,54,ret_UUP,0.0
LMT,126,54,mom21_UUP,0.012291
LMT,126,54,ret_SPY,0.0
LMT,126,54,mom21_SPY,0.0
LMT,126,54,vol_vel,0.007497
LMT,126,54,vol_of_vol,0.017799
LMT,126,54,vol_regime_zscore,0.0
LMT,126,54,vol_chg_21d,0.028124
LMT,126,54,event_fed_gravity,0.077269
LMT,126,54,event_earn_gravity,0.0
LMT,126,54,event_div_gravity,0.0
LMT,126,54,event_cpi_gravity,0.073221
LMT,126,54,event_nfp_gravity,0.088554
LMT,126,54,put_call_skew_30d,0.009846
LMT,126,54,term_structure_slope,0.0
LMT,126,54,vrp_wedge,0.0
LMT,126,54,iv_atm_z_score,0.058383
LMT,126,54,macro_yield_curve_slope,0.041723
LMT,126,54,macro_hy_spread,0.042711
LMT,126,54,macro_hy_spread_chg_5d,0.010157
LMT,126,54,macro_breakeven_5y,0.030964
LMT,126,54,macro_inflation_fwd_5y5y,0.023067
LMT,126,54,macro_inflation_fwd_chg_21d,0.007607
LMT,126,54,macro_inflation_fwd_abs_chg_21d,0.0
LMT,126,54,macro_inflation_fwd_chg_63d,0.019294
LMT,126,54,macro_inflation_fwd_zscore,0.020514
LMT,126,54,macro_dollar_ret,0.0
LMT,126,54,beta_spy,0.083589
LMT,126,54,res_vol,0.027962
LMT,126,54,res_vol_vel,0.009912
LMT,126,54,price_regime,0.0
LMT,126,54,corr_sector_21d,0.036101
LMT,126,54,corr_sector_252d,0.084962
LMT,126,54,sector_wedge,0.011343
LMT,126,55,rv_5d,0.0
LMT,126,55,rv_10d,0.0
LMT,126,55,rv_21d,0.013382
LMT,126,55,rv_63d,0.02481
LMT,126,55,rv_126d,0.057634
LMT,126,55,ewma_vol,0.0
LMT,126,55,garch_cond_vol,0.0
LMT,126,55,ret_TARGET,0.0
LMT,126,55,tech_RSI,0.010577
LMT,126,55,tech_MACD_hist,0.0
LMT,126,55,ret_VIXY,0.0
LMT,126,55,mom21_VIXY,0.0
LMT,126,55,ret_HYG,0.0
LMT,126,55,mom21_HYG,0.019947
LMT,126,55,ret_USO,0.0
LMT,126,55,mom21_USO,0.008848
LMT,126,55,ret_TLT,0.0
LMT,126,55,mom21_TLT,0.008561
LMT,126,55,ret_UUP,0.0
LMT,126,55,mom21_UUP,0.0
LMT,126,55,ret_SPY,0.0
LMT,126,55,mom21_SPY,0.0
LMT,126,55,vol_vel,0.010189
LMT,126,55,vol_of_vol,0.015431
LMT,126,55,vol_regime_zscore,0.0
LMT,126,55,vol_chg_21d,0.03113
LMT,126,55,event_fed_gravity,0.066147
LMT,126,55,event_earn_gravity,0.0
LMT,126,55,event_div_gravity,0.0
LMT,126,55,event_cpi_gravity,0.089158
LMT,126,55,event_nfp_gravity,0.123737
LMT,126,55,put_call_skew_30d,0.009201
LMT,126,55,term_structure_slope,0.0
LMT,126,55,vrp_wedge,0.0
LMT,126,55,iv_atm_z_score,0.0
LMT,126,55,macro_yield_curve_slope,0.05529
LMT,126,55,macro_hy_spread,0.069858
LMT,126,55,macro_hy_spread_chg_5d,0.009541
LMT,126,55,macro_breakeven_5y,0.028376
LMT,126,55,macro_inflation_fwd_5y5y,0.023953
LMT,126,55,macro_inflation_fwd_chg_21d,0.0
LMT,126,55,macro_inflation_fwd_abs_chg_21d,0.0
LMT,126,55,macro_inflation_fwd_chg_63d,0.026141
LMT,126,55,macro_inflation_fwd_zscore,0.01908
LMT,126,55,macro_dollar_ret,0.0
LMT,126,55,beta_spy,0.083672
LMT,126,55,res_vol,0.030824
LMT,126,55,res_vol_vel,0.010565
LMT,126,55,price_regime,0.0
LMT,126,55,corr_sector_21d,0.03824
LMT,126,55,corr_sector_252d,0.092666
LMT,126,55,sector_wedge,0.023044
LMT,126,56,rv_5d,0.0
LMT,126,56,rv_10d,0.013231
LMT,126,56,rv_21d,0.017391
LMT,126,56,rv_63d,0.019373
LMT,126,56,rv_126d,0.0491
LMT,126,56,ewma_vol,0.0
LMT,126,56,garch_cond_vol,0.0
LMT,126,56,ret_TARGET,0.0
LMT,126,56,tech_RSI,0.010499
LMT,126,56,tech_MACD_hist,0.0
LMT,126,56,ret_VIXY,0.0
LMT,126,56,mom21_VIXY,0.0
LMT,126,56,ret_HYG,0.0
LMT,126,56,mom21_HYG,0.020411
LMT,126,56,ret_USO,0.0
LMT,126,56,mom21_USO,0.011177
LMT,126,56,ret_TLT,0.0
LMT,126,56,mom21_TLT,0.0
LMT,126,56,ret_UUP,0.0
LMT,126,56,mom21_UUP,0.01594
LMT,126,56,ret_SPY,0.0
LMT,126,56,mom21_SPY,0.0
LMT,126,56,vol_vel,0.010437
LMT,126,56,vol_of_vol,0.012402
LMT,126,56,vol_regime_zscore,0.008385
LMT,126,56,vol_chg_21d,0.02937
LMT,126,56,event_fed_gravity,0.068949
LMT,126,56,event_earn_gravity,0.0
LMT,126,56,event_div_gravity,0.0
LMT,126,56,event_cpi_gravity,0.08653
LMT,126,56,event_nfp_gravity,0.077484
LMT,126,56,put_call_skew_30d,0.011246
LMT,126,56,term_structure_slope,0.0
LMT,126,56,vrp_wedge,0.0
LMT,126,56,iv_atm_z_score,0.0
LMT,126,56,macro_yield_curve_slope,0.064235
LMT,126,56,macro_hy_spread,0.080184
LMT,126,56,macro_hy_spread_chg_5d,0.010856
LMT,126,56,macro_breakeven_5y,0.035969
LMT,126,56,macro_inflation_fwd_5y5y,0.03711
LMT,126,56,macro_inflation_fwd_chg_21d,0.010607
LMT,126,56,macro_inflation_fwd_abs_chg_21d,0.0
LMT,126,56,macro_inflation_fwd_chg_63d,0.014392
LMT,126,56,macro_inflation_fwd_zscore,0.017972
LMT,126,56,macro_dollar_ret,0.0
LMT,126,56,beta_spy,0.092558
LMT,126,56,res_vol,0.023951
LMT,126,56,res_vol_vel,0.009389
LMT,126,56,price_regime,0.0
LMT,126,56,corr_sector_21d,0.03391
LMT,126,56,corr_sector_252d,0.083192
LMT,126,56,sector_wedge,0.023752
LMT,126,57,rv_5d,0.0
LMT,126,57,rv_10d,0.008164
LMT,126,57,rv_21d,0.015632
LMT,126,57,rv_63d,0.023674
LMT,126,57,rv_126d,0.047909
LMT,126,57,ewma_vol,0.0
LMT,126,57,garch_cond_vol,0.0
LMT,126,57,ret_TARGET,0.0
LMT,126,57,tech_RSI,0.010315
LMT,126,57,tech_MACD_hist,0.0
LMT,126,57,ret_VIXY,0.0
LMT,126,57,mom21_VIXY,0.011524
LMT,126,57,ret_HYG,0.0
LMT,126,57,mom21_HYG,0.029595
LMT,126,57,ret_USO,0.0
LMT,126,57,mom21_USO,0.0
LMT,126,57,ret_TLT,0.0
LMT,126,57,mom21_TLT,0.01094
LMT,126,57,ret_UUP,0.0
LMT,126,57,mom21_UUP,0.0
LMT,126,57,ret_SPY,0.0
LMT,126,57,mom21_SPY,0.0
LMT,126,57,vol_vel,0.008324
LMT,126,57,vol_of_vol,0.011331
LMT,126,57,vol_regime_zscore,0.0
LMT,126,57,vol_chg_21d,0.027728
LMT,126,57,event_fed_gravity,0.090296
LMT,126,57,event_earn_gravity,0.0
LMT,126,57,event_div_gravity,0.0
LMT,126,57,event_cpi_gravity,0.066418
LMT,126,57,event_nfp_gravity,0.07486
LMT,126,57,put_call_skew_30d,0.009976
LMT,126,57,term_structure_slope,0.0
LMT,126,57,vrp_wedge,0.009432
LMT,126,57,iv_atm_z_score,0.0
LMT,126,57,macro_yield_curve_slope,0.06642
LMT,126,57,macro_hy_spread,0.107364
LMT,126,57,macro_hy_spread_chg_5d,0.009438
LMT,126,57,macro_breakeven_5y,0.049591
LMT,126,57,macro_inflation_fwd_5y5y,0.021457
LMT,126,57,macro_inflation_fwd_chg_21d,0.0
LMT,126,57,macro_inflation_fwd_abs_chg_21d,0.0
LMT,126,57,macro_inflation_fwd_chg_63d,0.022353
LMT,126,57,macro_inflation_fwd_zscore,0.014778
LMT,126,57,macro_dollar_ret,0.0
LMT,126,57,beta_spy,0.087463
LMT,126,57,res_vol,0.022348
LMT,126,57,res_vol_vel,0.0
LMT,126,57,price_regime,0.0
LMT,126,57,corr_sector_21d,0.03311
LMT,126,57,corr_sector_252d,0.080963
LMT,126,57,sector_wedge,0.028597
LMT,126,58,rv_5d,0.008483
LMT,126,58,rv_10d,0.012595
LMT,126,58,rv_21d,0.012706
LMT,126,58,rv_63d,0.024377
LMT,126,58,rv_126d,0.044623
LMT,126,58,ewma_vol,0.008411
LMT,126,58,garch_cond_vol,0.008291
LMT,126,58,ret_TARGET,0.0
LMT,126,58,tech_RSI,0.00756
LMT,126,58,tech_MACD_hist,0.0
LMT,126,58,ret_VIXY,0.0
LMT,126,58,mom21_VIXY,0.012316
LMT,126,58,ret_HYG,0.0
LMT,126,58,mom21_HYG,0.019362
LMT,126,58,ret_USO,0.0
LMT,126,58,mom21_USO,0.012577
LMT,126,58,ret_TLT,0.0
LMT,126,58,mom21_TLT,0.0
LMT,126,58,ret_UUP,0.0
LMT,126,58,mom21_UUP,0.0
LMT,126,58,ret_SPY,0.0
LMT,126,58,mom21_SPY,0.0
LMT,126,58,vol_vel,0.007637
LMT,126,58,vol_of_vol,0.009613
LMT,126,58,vol_regime_zscore,0.009017
LMT,126,58,vol_chg_21d,0.029509
LMT,126,58,event_fed_gravity,0.055991
LMT,126,58,event_earn_gravity,0.0
LMT,126,58,event_div_gravity,0.0
LMT,126,58,event_cpi_gravity,0.081917
LMT,126,58,event_nfp_gravity,0.068548
LMT,126,58,put_call_skew_30d,0.009998
LMT,126,58,term_structure_slope,0.0
LMT,126,58,vrp_wedge,0.008306
LMT,126,58,iv_atm_z_score,0.0
LMT,126,58,macro_yield_curve_slope,0.070465
LMT,126,58,macro_hy_spread,0.123372
LMT,126,58,macro_hy_spread_chg_5d,0.007557
LMT,126,58,macro_breakeven_5y,0.04401
LMT,126,58,macro_inflation_fwd_5y5y,0.033201
LMT,126,58,macro_inflation_fwd_chg_21d,0.0
LMT,126,58,macro_inflation_fwd_abs_chg_21d,0.0
LMT,126,58,macro_inflation_fwd_chg_63d,0.017045
LMT,126,58,macro_inflation_fwd_zscore,0.020235
LMT,126,58,macro_dollar_ret,0.0
LMT,126,58,beta_spy,0.066669
LMT,126,58,res_vol,0.019826
LMT,126,58,res_vol_vel,0.0
LMT,126,58,price_regime,0.0
LMT,126,58,corr_sector_21d,0.040788
LMT,126,58,corr_sector_252d,0.071334
LMT,126,58,sector_wedge,0.033659
LMT,126,59,rv_5d,0.007777
LMT,126,59,rv_10d,0.0
LMT,126,59,rv_21d,0.017136
LMT,126,59,rv_63d,0.022531
LMT,126,59,rv_126d,0.046916
LMT,126,59,ewma_vol,0.009016
LMT,126,59,garch_cond_vol,0.0
LMT,126,59,ret_TARGET,0.0
LMT,126,59,tech_RSI,0.007749
LMT,126,59,tech_MACD_hist,0.0
LMT,126,59,ret_VIXY,0.0
LMT,126,59,mom21_VIXY,0.012626
LMT,126,59,ret_HYG,0.0
LMT,126,59,mom21_HYG,0.019622
LMT,126,59,ret_USO,0.0
LMT,126,59,mom21_USO,0.009905
LMT,126,59,ret_TLT,0.0
LMT,126,59,mom21_TLT,0.00921
LMT,126,59,ret_UUP,0.0
LMT,126,59,mom21_UUP,0.009201
LMT,126,59,ret_SPY,0.0
LMT,126,59,mom21_SPY,0.0
LMT,126,59,vol_vel,0.0
LMT,126,59,vol_of_vol,0.009539
LMT,126,59,vol_regime_zscore,0.008904
LMT,126,59,vol_chg_21d,0.033874
LMT,126,59,event_fed_gravity,0.059148
LMT,126,59,event_earn_gravity,0.0
LMT,126,59,event_div_gravity,0.0
LMT,126,59,event_cpi_gravity,0.07286
LMT,126,59,event_nfp_gravity,0.077731
LMT,126,59,put_call_skew_30d,0.009024
LMT,126,59,term_structure_slope,0.0
LMT,126,59,vrp_wedge,0.0
LMT,126,59,iv_atm_z_score,0.0
LMT,126,59,macro_yield_curve_slope,0.075073
LMT,126,59,macro_hy_spread,0.110493
LMT,126,59,macro_hy_spread_chg_5d,0.009543
LMT,126,59,macro_breakeven_5y,0.048302
LMT,126,59,macro_inflation_fwd_5y5y,0.030577
LMT,126,59,macro_inflation_fwd_chg_21d,0.0
LMT,126,59,macro_inflation_fwd_abs_chg_21d,0.0
LMT,126,59,macro_inflation_fwd_chg_63d,0.018996
LMT,126,59,macro_inflation_fwd_zscore,0.029779
LMT,126,59,macro_dollar_ret,0.0
LMT,126,59,beta_spy,0.072521
LMT,126,59,res_vol,0.020537
LMT,126,59,res_vol_vel,0.0
LMT,126,59,price_regime,0.0
LMT,126,59,corr_sector_21d,0.045743
LMT,126,59,corr_sector_252d,0.07152
LMT,126,59,sector_wedge,0.024147
LMT,126,60,rv_5d,0.009048
LMT,126,60,rv_10d,0.0
LMT,126,60,rv_21d,0.014189
LMT,126,60,rv_63d,0.020458
LMT,126,60,rv_126d,0.048271
LMT,126,60,ewma_vol,0.011582
LMT,126,60,garch_cond_vol,0.0
LMT,126,60,ret_TARGET,0.0
LMT,126,60,tech_RSI,0.010267
LMT,126,60,tech_MACD_hist,0.0
LMT,126,60,ret_VIXY,0.0
LMT,126,60,mom21_VIXY,0.0
LMT,126,60,ret_HYG,0.0
LMT,126,60,mom21_HYG,0.02269
LMT,126,60,ret_USO,0.0
LMT,126,60,mom21_USO,0.009113
LMT,126,60,ret_TLT,0.008743
LMT,126,60,mom21_TLT,0.0
LMT,126,60,ret_UUP,0.0
LMT,126,60,mom21_UUP,0.009124
LMT,126,60,ret_SPY,0.0
LMT,126,60,mom21_SPY,0.0
LMT,126,60,vol_vel,0.0
LMT,126,60,vol_of_vol,0.008301
LMT,126,60,vol_regime_zscore,0.009868
LMT,126,60,vol_chg_21d,0.033724
LMT,126,60,event_fed_gravity,0.054989
LMT,126,60,event_earn_gravity,0.0
LMT,126,60,event_div_gravity,0.0
LMT,126,60,event_cpi_gravity,0.081835
LMT,126,60,event_nfp_gravity,0.09214
LMT,126,60,put_call_skew_30d,0.0
LMT,126,60,term_structure_slope,0.0
LMT,126,60,vrp_wedge,0.0
LMT,126,60,iv_atm_z_score,0.0
LMT,126,60,macro_yield_curve_slope,0.076123
LMT,126,60,macro_hy_spread,0.108528
LMT,126,60,macro_hy_spread_chg_5d,0.009465
LMT,126,60,macro_breakeven_5y,0.033804
LMT,126,60,macro_inflation_fwd_5y5y,0.029593
LMT,126,60,macro_inflation_fwd_chg_21d,0.012954
LMT,126,60,macro_inflation_fwd_abs_chg_21d,0.0
LMT,126,60,macro_inflation_fwd_chg_63d,0.018478
LMT,126,60,macro_inflation_fwd_zscore,0.035031
LMT,126,60,macro_dollar_ret,0.0
LMT,126,60,beta_spy,0.076016
LMT,126,60,res_vol,0.024305
LMT,126,60,res_vol_vel,0.0
LMT,126,60,price_regime,0.0
LMT,126,60,corr_sector_21d,0.02911
LMT,126,60,corr_sector_252d,0.071858
LMT,126,60,sector_wedge,0.030392
LMT,126,61,rv_5d,0.0
LMT,126,61,rv_10d,0.011612
LMT,126,61,rv_21d,0.020352
LMT,126,61,rv_63d,0.020687
LMT,126,61,rv_126d,0.049849
LMT,126,61,ewma_vol,0.0
LMT,126,61,garch_cond_vol,0.0
LMT,126,61,ret_TARGET,0.0
LMT,126,61,tech_RSI,0.0
LMT,126,61,tech_MACD_hist,0.0
LMT,126,61,ret_VIXY,0.0
LMT,126,61,mom21_VIXY,0.0
LMT,126,61,ret_HYG,0.0
LMT,126,61,mom21_HYG,0.023982
LMT,126,61,ret_USO,0.0
LMT,126,61,mom21_USO,0.010285
LMT,126,61,ret_TLT,0.007953
LMT,126,61,mom21_TLT,0.013121
LMT,126,61,ret_UUP,0.0
LMT,126,61,mom21_UUP,0.017797
LMT,126,61,ret_SPY,0.0
LMT,126,61,mom21_SPY,0.0
LMT,126,61,vol_vel,0.0
LMT,126,61,vol_of_vol,0.00824
LMT,126,61,vol_regime_zscore,0.008816
LMT,126,61,vol_chg_21d,0.021475
LMT,126,61,event_fed_gravity,0.063959
LMT,126,61,event_earn_gravity,0.0
LMT,126,61,event_div_gravity,0.0
LMT,126,61,event_cpi_gravity,0.055209
LMT,126,61,event_nfp_gravity,0.10741
LMT,126,61,put_call_skew_30d,0.0
LMT,126,61,term_structure_slope,0.0
LMT,126,61,vrp_wedge,0.0
LMT,126,61,iv_atm_z_score,0.0
LMT,126,61,macro_yield_curve_slope,0.086457
LMT,126,61,macro_hy_spread,0.121765
LMT,126,61,macro_hy_spread_chg_5d,0.00958
LMT,126,61,macro_breakeven_5y,0.029251
LMT,126,61,macro_inflation_fwd_5y5y,0.024378
LMT,126,61,macro_inflation_fwd_chg_21d,0.0
LMT,126,61,macro_inflation_fwd_abs_chg_21d,0.0
LMT,126,61,macro_inflation_fwd_chg_63d,0.016971
LMT,126,61,macro_inflation_fwd_zscore,0.040411
LMT,126,61,macro_dollar_ret,0.0
LMT,126,61,beta_spy,0.084765
LMT,126,61,res_vol,0.022332
LMT,126,61,res_vol_vel,0.0
LMT,126,61,price_regime,0.0
LMT,126,61,corr_sector_21d,0.024732
LMT,126,61,corr_sector_252d,0.068916
LMT,126,61,sector_wedge,0.029695
LMT,126,62,rv_5d,0.0
LMT,126,62,rv_10d,0.0
LMT,126,62,rv_21d,0.01623
LMT,126,62,rv_63d,0.020812
LMT,126,62,rv_126d,0.040887
LMT,126,62,ewma_vol,0.010608
LMT,126,62,garch_cond_vol,0.0
LMT,126,62,ret_TARGET,0.0
LMT,126,62,tech_RSI,0.0
LMT,126,62,tech_MACD_hist,0.0
LMT,126,62,ret_VIXY,0.0
LMT,126,62,mom21_VIXY,0.010452
LMT,126,62,ret_HYG,0.0
LMT,126,62,mom21_HYG,0.023942
LMT,126,62,ret_USO,0.0
LMT,126,62,mom21_USO,0.009589
LMT,126,62,ret_TLT,0.009159
LMT,126,62,mom21_TLT,0.0
LMT,126,62,ret_UUP,0.0
LMT,126,62,mom21_UUP,0.0
LMT,126,62,ret_SPY,0.0
LMT,126,62,mom21_SPY,0.0
LMT,126,62,vol_vel,0.0
LMT,126,62,vol_of_vol,0.016146
LMT,126,62,vol_regime_zscore,0.011626
LMT,126,62,vol_chg_21d,0.029002
LMT,126,62,event_fed_gravity,0.054766
LMT,126,62,event_earn_gravity,0.0
LMT,126,62,event_div_gravity,0.0
LMT,126,62,event_cpi_gravity,0.081187
LMT,126,62,event_nfp_gravity,0.098535
LMT,126,62,put_call_skew_30d,0.0
LMT,126,62,term_structure_slope,0.0
LMT,126,62,vrp_wedge,0.0
LMT,126,62,iv_atm_z_score,0.0
LMT,126,62,macro_yield_curve_slope,0.097021
LMT,126,62,macro_hy_spread,0.091573
LMT,126,62,macro_hy_spread_chg_5d,0.009392
LMT,126,62,macro_breakeven_5y,0.043838
LMT,126,62,macro_inflation_fwd_5y5y,0.028427
LMT,126,62,macro_inflation_fwd_chg_21d,0.0
LMT,126,62,macro_inflation_fwd_abs_chg_21d,0.0
LMT,126,62,macro_inflation_fwd_chg_63d,0.018858
LMT,126,62,macro_inflation_fwd_zscore,0.042375
LMT,126,62,macro_dollar_ret,0.0
LMT,126,62,beta_spy,0.076775
LMT,126,62,res_vol,0.02469
LMT,126,62,res_vol_vel,0.008071
LMT,126,62,price_regime,0.0
LMT,126,62,corr_sector_21d,0.029626
LMT,126,62,corr_sector_252d,0.075321
LMT,126,62,sector_wedge,0.021091
LMT,126,63,rv_5d,0.009096
LMT,126,63,rv_10d,0.0
LMT,126,63,rv_21d,0.015961
LMT,126,63,rv_63d,0.021041
LMT,126,63,rv_126d,0.042922
LMT,126,63,ewma_vol,0.021027
LMT,126,63,garch_cond_vol,0.014822
LMT,126,63,ret_TARGET,0.0
LMT,126,63,tech_RSI,0.015249
LMT,126,63,tech_MACD_hist,0.0
LMT,126,63,ret_VIXY,0.0
LMT,126,63,mom21_VIXY,0.00946
LMT,126,63,ret_HYG,0.0
LMT,126,63,mom21_HYG,0.023047
LMT,126,63,ret_USO,0.0
LMT,126,63,mom21_USO,0.009198
LMT,126,63,ret_TLT,0.008289
LMT,126,63,mom21_TLT,0.0
LMT,126,63,ret_UUP,0.0
LMT,126,63,mom21_UUP,0.013309
LMT,126,63,ret_SPY,0.0
LMT,126,63,mom21_SPY,0.0
LMT,126,63,vol_vel,0.008431
LMT,126,63,vol_of_vol,0.00742
LMT,126,63,vol_regime_zscore,0.011483
LMT,126,63,vol_chg_21d,0.02356
LMT,126,63,event_fed_gravity,0.071387
LMT,126,63,event_earn_gravity,0.0
LMT,126,63,event_div_gravity,0.0
LMT,126,63,event_cpi_gravity,0.068014
LMT,126,63,event_nfp_gravity,0.07394
LMT,126,63,put_call_skew_30d,0.009373
LMT,126,63,term_structure_slope,0.0
LMT,126,63,vrp_wedge,0.0
LMT,126,63,iv_atm_z_score,0.0
LMT,126,63,macro_yield_curve_slope,0.091375
LMT,126,63,macro_hy_spread,0.079748
LMT,126,63,macro_hy_spread_chg_5d,0.012301
LMT,126,63,macro_breakeven_5y,0.033333
LMT,126,63,macro_inflation_fwd_5y5y,0.026685
LMT,126,63,macro_inflation_fwd_chg_21d,0.0
LMT,126,63,macro_inflation_fwd_abs_chg_21d,0.0
LMT,126,63,macro_inflation_fwd_chg_63d,0.017444
LMT,126,63,macro_inflation_fwd_zscore,0.03874
LMT,126,63,macro_dollar_ret,0.0
LMT,126,63,beta_spy,0.077535
LMT,126,63,res_vol,0.02106
LMT,126,63,res_vol_vel,0.0
LMT,126,63,price_regime,0.0
LMT,126,63,corr_sector_21d,0.027025
LMT,126,63,corr_sector_252d,0.064428
LMT,126,63,sector_wedge,0.033299
LMT,126,64,rv_5d,0.0
LMT,126,64,rv_10d,0.0
LMT,126,64,rv_21d,0.017207
LMT,126,64,rv_63d,0.018696
LMT,126,64,rv_126d,0.03703
LMT,126,64,ewma_vol,0.01805
LMT,126,64,garch_cond_vol,0.0
LMT,126,64,ret_TARGET,0.0
LMT,126,64,tech_RSI,0.011454
LMT,126,64,tech_MACD_hist,0.0
LMT,126,64,ret_VIXY,0.0
LMT,126,64,mom21_VIXY,0.009123
LMT,126,64,ret_HYG,0.0
LMT,126,64,mom21_HYG,0.023104
LMT,126,64,ret_USO,0.0
LMT,126,64,mom21_USO,0.0
LMT,126,64,ret_TLT,0.0
LMT,126,64,mom21_TLT,0.026901
LMT,126,64,ret_UUP,0.0
LMT,126,64,mom21_UUP,0.025419
LMT,126,64,ret_SPY,0.0
LMT,126,64,mom21_SPY,0.0
LMT,126,64,vol_vel,0.0
LMT,126,64,vol_of_vol,0.010707
LMT,126,64,vol_regime_zscore,0.0
LMT,126,64,vol_chg_21d,0.034751
LMT,126,64,event_fed_gravity,0.069485
LMT,126,64,event_earn_gravity,0.0
LMT,126,64,event_div_gravity,0.0
LMT,126,64,event_cpi_gravity,0.05709
LMT,126,64,event_nfp_gravity,0.069028
LMT,126,64,put_call_skew_30d,0.00953
LMT,126,64,term_structure_slope,0.0
LMT,126,64,vrp_wedge,0.010546
LMT,126,64,iv_atm_z_score,0.0
LMT,126,64,macro_yield_curve_slope,0.090289
LMT,126,64,macro_hy_spread,0.077141
LMT,126,64,macro_hy_spread_chg_5d,0.007977
LMT,126,64,macro_breakeven_5y,0.042566
LMT,126,64,macro_inflation_fwd_5y5y,0.040155
LMT,126,64,macro_inflation_fwd_chg_21d,0.0
LMT,126,64,macro_inflation_fwd_abs_chg_21d,0.0
LMT,126,64,macro_inflation_fwd_chg_63d,0.019119
LMT,126,64,macro_inflation_fwd_zscore,0.05393
LMT,126,64,macro_dollar_ret,0.0
LMT,126,64,beta_spy,0.07454
LMT,126,64,res_vol,0.020135
LMT,126,64,res_vol_vel,0.0
LMT,126,64,price_regime,0.0
LMT,126,64,corr_sector_21d,0.022528
LMT,126,64,corr_sector_252d,0.068924
LMT,126,64,sector_wedge,0.034577
LMT,126,65,rv_5d,0.0
LMT,126,65,rv_10d,0.0
LMT,126,65,rv_21d,0.017083
LMT,126,65,rv_63d,0.019277
LMT,126,65,rv_126d,0.043916
LMT,126,65,ewma_vol,0.021359
LMT,126,65,garch_cond_vol,0.0
LMT,126,65,ret_TARGET,0.0
LMT,126,65,tech_RSI,0.0
LMT,126,65,tech_MACD_hist,0.0
LMT,126,65,ret_VIXY,0.0
LMT,126,65,mom21_VIXY,0.009124
LMT,126,65,ret_HYG,0.0
LMT,126,65,mom21_HYG,0.025678
LMT,126,65,ret_USO,0.0
LMT,126,65,mom21_USO,0.011259
LMT,126,65,ret_TLT,0.0
LMT,126,65,mom21_TLT,0.012771
LMT,126,65,ret_UUP,0.0
LMT,126,65,mom21_UUP,0.018445
LMT,126,65,ret_SPY,0.0
LMT,126,65,mom21_SPY,0.0
LMT,126,65,vol_vel,0.0
LMT,126,65,vol_of_vol,0.011561
LMT,126,65,vol_regime_zscore,0.014947
LMT,126,65,vol_chg_21d,0.032308
LMT,126,65,event_fed_gravity,0.052584
LMT,126,65,event_earn_gravity,0.0
LMT,126,65,event_div_gravity,0.0
LMT,126,65,event_cpi_gravity,0.077977
LMT,126,65,event_nfp_gravity,0.093804
LMT,126,65,put_call_skew_30d,0.0
LMT,126,65,term_structure_slope,0.0
LMT,126,65,vrp_wedge,0.0
LMT,126,65,iv_atm_z_score,0.0
LMT,126,65,macro_yield_curve_slope,0.087461
LMT,126,65,macro_hy_spread,0.079416
LMT,126,65,macro_hy_spread_chg_5d,0.010091
LMT,126,65,macro_breakeven_5y,0.03997
LMT,126,65,macro_inflation_fwd_5y5y,0.026791
LMT,126,65,macro_inflation_fwd_chg_21d,0.0
LMT,126,65,macro_inflation_fwd_abs_chg_21d,0.0
LMT,126,65,macro_inflation_fwd_chg_63d,0.01785
LMT,126,65,macro_inflation_fwd_zscore,0.052264
LMT,126,65,macro_dollar_ret,0.0
LMT,126,65,beta_spy,0.078687
LMT,126,65,res_vol,0.020159
LMT,126,65,res_vol_vel,0.0
LMT,126,65,price_regime,0.0
LMT,126,65,corr_sector_21d,0.028322
LMT,126,65,corr_sector_252d,0.06965
LMT,126,65,sector_wedge,0.027247
LMT,126,66,rv_5d,0.0
LMT,126,66,rv_10d,0.007761
LMT,126,66,rv_21d,0.017836
LMT,126,66,rv_63d,0.019557
LMT,126,66,rv_126d,0.043711
LMT,126,66,ewma_vol,0.022981
LMT,126,66,garch_cond_vol,0.0
LMT,126,66,ret_TARGET,0.0
LMT,126,66,tech_RSI,0.0
LMT,126,66,tech_MACD_hist,0.0
LMT,126,66,ret_VIXY,0.0
LMT,126,66,mom21_VIXY,0.010732
LMT,126,66,ret_HYG,0.0
LMT,126,66,mom21_HYG,0.025355
LMT,126,66,ret_USO,0.0
LMT,126,66,mom21_USO,0.010221
LMT,126,66,ret_TLT,0.0
LMT,126,66,mom21_TLT,0.009942
LMT,126,66,ret_UUP,0.0
LMT,126,66,mom21_UUP,0.015816
LMT,126,66,ret_SPY,0.0
LMT,126,66,mom21_SPY,0.0
LMT,126,66,vol_vel,0.0
LMT,126,66,vol_of_vol,0.009444
LMT,126,66,vol_regime_zscore,0.010534
LMT,126,66,vol_chg_21d,0.026146
LMT,126,66,event_fed_gravity,0.0431
LMT,126,66,event_earn_gravity,0.0
LMT,126,66,event_div_gravity,0.0
LMT,126,66,event_cpi_gravity,0.07342
LMT,126,66,event_nfp_gravity,0.092266
LMT,126,66,put_call_skew_30d,0.0
LMT,126,66,term_structure_slope,0.0
LMT,126,66,vrp_wedge,0.0
LMT,126,66,iv_atm_z_score,0.0
LMT,126,66,macro_yield_curve_slope,0.077343
LMT,126,66,macro_hy_spread,0.087977
LMT,126,66,macro_hy_spread_chg_5d,0.008839
LMT,126,66,macro_breakeven_5y,0.035006
LMT,126,66,macro_inflation_fwd_5y5y,0.027824
LMT,126,66,macro_inflation_fwd_chg_21d,0.0
LMT,126,66,macro_inflation_fwd_abs_chg_21d,0.0
LMT,126,66,macro_inflation_fwd_chg_63d,0.016214
LMT,126,66,macro_inflation_fwd_zscore,0.053696
LMT,126,66,macro_dollar_ret,0.0
LMT,126,66,beta_spy,0.085068
LMT,126,66,res_vol,0.023169
LMT,126,66,res_vol_vel,0.007422
LMT,126,66,price_regime,0.015593
LMT,126,66,corr_sector_21d,0.030437
LMT,126,66,corr_sector_252d,0.066175
LMT,126,66,sector_wedge,0.026414
LMT,126,67,rv_5d,0.0
LMT,126,67,rv_10d,0.015851
LMT,126,67,rv_21d,0.016503
LMT,126,67,rv_63d,0.022961
LMT,126,67,rv_126d,0.039359
LMT,126,67,ewma_vol,0.021929
LMT,126,67,garch_cond_vol,0.0
LMT,126,67,ret_TARGET,0.0
LMT,126,67,tech_RSI,0.0
LMT,126,67,tech_MACD_hist,0.0
LMT,126,67,ret_VIXY,0.0
LMT,126,67,mom21_VIXY,0.009771
LMT,126,67,ret_HYG,0.0
LMT,126,67,mom21_HYG,0.023644
LMT,126,67,ret_USO,0.0
LMT,126,67,mom21_USO,0.010687
LMT,126,67,ret_TLT,0.0
LMT,126,67,mom21_TLT,0.0
LMT,126,67,ret_UUP,0.0
LMT,126,67,mom21_UUP,0.018358
LMT,126,67,ret_SPY,0.0
LMT,126,67,mom21_SPY,0.0
LMT,126,67,vol_vel,0.0
LMT,126,67,vol_of_vol,0.009486
LMT,126,67,vol_regime_zscore,0.008728
LMT,126,67,vol_chg_21d,0.033627
LMT,126,67,event_fed_gravity,0.048228
LMT,126,67,event_earn_gravity,0.0
LMT,126,67,event_div_gravity,0.0
LMT,126,67,event_cpi_gravity,0.0783
LMT,126,67,event_nfp_gravity,0.087263
LMT,126,67,put_call_skew_30d,0.0
LMT,126,67,term_structure_slope,0.0
LMT,126,67,vrp_wedge,0.0
LMT,126,67,iv_atm_z_score,0.0
LMT,126,67,macro_yield_curve_slope,0.072846
LMT,126,67,macro_hy_spread,0.087803
LMT,126,67,macro_hy_spread_chg_5d,0.00789
LMT,126,67,macro_breakeven_5y,0.041595
LMT,126,67,macro_inflation_fwd_5y5y,0.030623
LMT,126,67,macro_inflation_fwd_chg_21d,0.0
LMT,126,67,macro_inflation_fwd_abs_chg_21d,0.0
LMT,126,67,macro_inflation_fwd_chg_63d,0.016092
LMT,126,67,macro_inflation_fwd_zscore,0.041024
LMT,126,67,macro_dollar_ret,0.0
LMT,126,67,beta_spy,0.087145
LMT,126,67,res_vol,0.020117
LMT,126,67,res_vol_vel,0.007421
LMT,126,67,price_regime,0.016129
LMT,126,67,corr_sector_21d,0.035486
LMT,126,67,corr_sector_252d,0.065253
LMT,126,67,sector_wedge,0.025881
LMT,126,68,rv_5d,0.0
LMT,126,68,rv_10d,0.0
LMT,126,68,rv_21d,0.01894
LMT,126,68,rv_63d,0.018391
LMT,126,68,rv_126d,0.049174
LMT,126,68,ewma_vol,0.023148
LMT,126,68,garch_cond_vol,0.0
LMT,126,68,ret_TARGET,0.0
LMT,126,68,tech_RSI,0.011176
LMT,126,68,tech_MACD_hist,0.0
LMT,126,68,ret_VIXY,0.0
LMT,126,68,mom21_VIXY,0.013213
LMT,126,68,ret_HYG,0.0
LMT,126,68,mom21_HYG,0.025302
LMT,126,68,ret_USO,0.0
LMT,126,68,mom21_USO,0.0
LMT,126,68,ret_TLT,0.0
LMT,126,68,mom21_TLT,0.013663
LMT,126,68,ret_UUP,0.0
LMT,126,68,mom21_UUP,0.019625
LMT,126,68,ret_SPY,0.0
LMT,126,68,mom21_SPY,0.0
LMT,126,68,vol_vel,0.0
LMT,126,68,vol_of_vol,0.010707
LMT,126,68,vol_regime_zscore,0.0
LMT,126,68,vol_chg_21d,0.03418
LMT,126,68,event_fed_gravity,0.077303
LMT,126,68,event_earn_gravity,0.0
LMT,126,68,event_div_gravity,0.0
LMT,126,68,event_cpi_gravity,0.053286
LMT,126,68,event_nfp_gravity,0.074517
LMT,126,68,put_call_skew_30d,0.0
LMT,126,68,term_structure_slope,0.0
LMT,126,68,vrp_wedge,0.0
LMT,126,68,iv_atm_z_score,0.0
LMT,126,68,macro_yield_curve_slope,0.0735
LMT,126,68,macro_hy_spread,0.100454
LMT,126,68,macro_hy_spread_chg_5d,0.008624
LMT,126,68,macro_breakeven_5y,0.040313
LMT,126,68,macro_inflation_fwd_5y5y,0.032452
LMT,126,68,macro_inflation_fwd_chg_21d,0.0
LMT,126,68,macro_inflation_fwd_abs_chg_21d,0.0
LMT,126,68,macro_inflation_fwd_chg_63d,0.017789
LMT,126,68,macro_inflation_fwd_zscore,0.041484
LMT,126,68,macro_dollar_ret,0.0
LMT,126,68,beta_spy,0.087352
LMT,126,68,res_vol,0.017237
LMT,126,68,res_vol_vel,0.0
LMT,126,68,price_regime,0.0
LMT,126,68,corr_sector_21d,0.033705
LMT,126,68,corr_sector_252d,0.070908
LMT,126,68,sector_wedge,0.03356
LMT,126,69,rv_5d,0.0
LMT,126,69,rv_10d,0.0
LMT,126,69,rv_21d,0.016605
LMT,126,69,rv_63d,0.022202
LMT,126,69,rv_126d,0.044034
LMT,126,69,ewma_vol,0.021953
LMT,126,69,garch_cond_vol,0.0
LMT,126,69,ret_TARGET,0.0
LMT,126,69,tech_RSI,0.0
LMT,126,69,tech_MACD_hist,0.0
LMT,126,69,ret_VIXY,0.0
LMT,126,69,mom21_VIXY,0.010928
LMT,126,69,ret_HYG,0.0
LMT,126,69,mom21_HYG,0.027397
LMT,126,69,ret_USO,0.0
LMT,126,69,mom21_USO,0.0
LMT,126,69,ret_TLT,0.0
LMT,126,69,mom21_TLT,0.018045
LMT,126,69,ret_UUP,0.0
LMT,126,69,mom21_UUP,0.01689
LMT,126,69,ret_SPY,0.0
LMT,126,69,mom21_SPY,0.0
LMT,126,69,vol_vel,0.0
LMT,126,69,vol_of_vol,0.008002
LMT,126,69,vol_regime_zscore,0.01148
LMT,126,69,vol_chg_21d,0.027609
LMT,126,69,event_fed_gravity,0.063326
LMT,126,69,event_earn_gravity,0.0
LMT,126,69,event_div_gravity,0.0
LMT,126,69,event_cpi_gravity,0.06399
LMT,126,69,event_nfp_gravity,0.095566
LMT,126,69,put_call_skew_30d,0.0
LMT,126,69,term_structure_slope,0.0
LMT,126,69,vrp_wedge,0.0
LMT,126,69,iv_atm_z_score,0.0
LMT,126,69,macro_yield_curve_slope,0.073524
LMT,126,69,macro_hy_spread,0.098878
LMT,126,69,macro_hy_spread_chg_5d,0.008588
LMT,126,69,macro_breakeven_5y,0.031308
LMT,126,69,macro_inflation_fwd_5y5y,0.029409
LMT,126,69,macro_inflation_fwd_chg_21d,0.0
LMT,126,69,macro_inflation_fwd_abs_chg_21d,0.0
LMT,126,69,macro_inflation_fwd_chg_63d,0.01603
LMT,126,69,macro_inflation_fwd_zscore,0.050458
LMT,126,69,macro_dollar_ret,0.0
LMT,126,69,beta_spy,0.086706
LMT,126,69,res_vol,0.02127
LMT,126,69,res_vol_vel,0.0
LMT,126,69,price_regime,0.0
LMT,126,69,corr_sector_21d,0.029625
LMT,126,69,corr_sector_252d,0.072199
LMT,126,69,sector_wedge,0.033976
LMT,126,70,rv_5d,0.0
LMT,126,70,rv_10d,0.010399
LMT,126,70,rv_21d,0.018064
LMT,126,70,rv_63d,0.017931
LMT,126,70,rv_126d,0.050808
LMT,126,70,ewma_vol,0.022199
LMT,126,70,garch_cond_vol,0.0
LMT,126,70,ret_TARGET,0.0
LMT,126,70,tech_RSI,0.0
LMT,126,70,tech_MACD_hist,0.0
LMT,126,70,ret_VIXY,0.0
LMT,126,70,mom21_VIXY,0.011336
LMT,126,70,ret_HYG,0.0
LMT,126,70,mom21_HYG,0.027483
LMT,126,70,ret_USO,0.0
LMT,126,70,mom21_USO,0.010269
LMT,126,70,ret_TLT,0.0
LMT,126,70,mom21_TLT,0.013932
LMT,126,70,ret_UUP,0.0
LMT,126,70,mom21_UUP,0.007932
LMT,126,70,ret_SPY,0.0
LMT,126,70,mom21_SPY,0.0
LMT,126,70,vol_vel,0.0
LMT,126,70,vol_of_vol,0.011043
LMT,126,70,vol_regime_zscore,0.0
LMT,126,70,vol_chg_21d,0.02912
LMT,126,70,event_fed_gravity,0.054446
LMT,126,70,event_earn_gravity,0.0
LMT,126,70,event_div_gravity,0.0
LMT,126,70,event_cpi_gravity,0.069694
LMT,126,70,event_nfp_gravity,0.083668
LMT,126,70,put_call_skew_30d,0.0
LMT,126,70,term_structure_slope,0.0
LMT,126,70,vrp_wedge,0.0
LMT,126,70,iv_atm_z_score,0.0
LMT,126,70,macro_yield_curve_slope,0.066776
LMT,126,70,macro_hy_spread,0.096431
LMT,126,70,macro_hy_spread_chg_5d,0.008495
LMT,126,70,macro_breakeven_5y,0.033266
LMT,126,70,macro_inflation_fwd_5y5y,0.030208
LMT,126,70,macro_inflation_fwd_chg_21d,0.0
LMT,126,70,macro_inflation_fwd_abs_chg_21d,0.0
LMT,126,70,macro_inflation_fwd_chg_63d,0.016695
LMT,126,70,macro_inflation_fwd_zscore,0.067346
LMT,126,70,macro_dollar_ret,0.0
LMT,126,70,beta_spy,0.098287
LMT,126,70,res_vol,0.01732
LMT,126,70,res_vol_vel,0.0
LMT,126,70,price_regime,0.0
LMT,126,70,corr_sector_21d,0.029505
LMT,126,70,corr_sector_252d,0.063404
LMT,126,70,sector_wedge,0.033942
LMT,126,71,rv_5d,0.0
LMT,126,71,rv_10d,0.013619
LMT,126,71,rv_21d,0.016458
LMT,126,71,rv_63d,0.017661
LMT,126,71,rv_126d,0.052574
LMT,126,71,ewma_vol,0.024289
LMT,126,71,garch_cond_vol,0.0
LMT,126,71,ret_TARGET,0.0
LMT,126,71,tech_RSI,0.0
LMT,126,71,tech_MACD_hist,0.0
LMT,126,71,ret_VIXY,0.0
LMT,126,71,mom21_VIXY,0.010125
LMT,126,71,ret_HYG,0.0
LMT,126,71,mom21_HYG,0.026764
LMT,126,71,ret_USO,0.0
LMT,126,71,mom21_USO,0.010913
LMT,126,71,ret_TLT,0.0
LMT,126,71,mom21_TLT,0.013641
LMT,126,71,ret_UUP,0.0
LMT,126,71,mom21_UUP,0.0
LMT,126,71,ret_SPY,0.0
LMT,126,71,mom21_SPY,0.0
LMT,126,71,vol_vel,0.0
LMT,126,71,vol_of_vol,0.010756
LMT,126,71,vol_regime_zscore,0.010404
LMT,126,71,vol_chg_21d,0.03536
LMT,126,71,event_fed_gravity,0.044959
LMT,126,71,event_earn_gravity,0.0
LMT,126,71,event_div_gravity,0.0
LMT,126,71,event_cpi_gravity,0.076835
LMT,126,71,event_nfp_gravity,0.062479
LMT,126,71,put_call_skew_30d,0.0
LMT,126,71,term_structure_slope,0.0
LMT,126,71,vrp_wedge,0.0
LMT,126,71,iv_atm_z_score,0.0
LMT,126,71,macro_yield_curve_slope,0.060567
LMT,126,71,macro_hy_spread,0.098592
LMT,126,71,macro_hy_spread_chg_5d,0.00808
LMT,126,71,macro_breakeven_5y,0.062592
LMT,126,71,macro_inflation_fwd_5y5y,0.026933
LMT,126,71,macro_inflation_fwd_chg_21d,0.0
LMT,126,71,macro_inflation_fwd_abs_chg_21d,0.0
LMT,126,71,macro_inflation_fwd_chg_63d,0.015458
LMT,126,71,macro_inflation_fwd_zscore,0.063089
LMT,126,71,macro_dollar_ret,0.0
LMT,126,71,beta_spy,0.08192
LMT,126,71,res_vol,0.016954
LMT,126,71,res_vol_vel,0.0
LMT,126,71,price_regime,0.0
LMT,126,71,corr_sector_21d,0.034017
LMT,126,71,corr_sector_252d,0.071777
LMT,126,71,sector_wedge,0.033184
LMT,126,72,rv_5d,0.0
LMT,126,72,rv_10d,0.008155
LMT,126,72,rv_21d,0.025835
LMT,126,72,rv_63d,0.018665
LMT,126,72,rv_126d,0.046062
LMT,126,72,ewma_vol,0.026037
LMT,126,72,garch_cond_vol,0.0
LMT,126,72,ret_TARGET,0.0
LMT,126,72,tech_RSI,0.0
LMT,126,72,tech_MACD_hist,0.0
LMT,126,72,ret_VIXY,0.0
LMT,126,72,mom21_VIXY,0.012075
LMT,126,72,ret_HYG,0.0
LMT,126,72,mom21_HYG,0.017229
LMT,126,72,ret_USO,0.0
LMT,126,72,mom21_USO,0.010811
LMT,126,72,ret_TLT,0.0
LMT,126,72,mom21_TLT,0.01884
LMT,126,72,ret_UUP,0.0
LMT,126,72,mom21_UUP,0.018433
LMT,126,72,ret_SPY,0.0
LMT,126,72,mom21_SPY,0.0
LMT,126,72,vol_vel,0.0
LMT,126,72,vol_of_vol,0.02529
LMT,126,72,vol_regime_zscore,0.008631
LMT,126,72,vol_chg_21d,0.027993
LMT,126,72,event_fed_gravity,0.054529
LMT,126,72,event_earn_gravity,0.0
LMT,126,72,event_div_gravity,0.0
LMT,126,72,event_cpi_gravity,0.069588
LMT,126,72,event_nfp_gravity,0.098127
LMT,126,72,put_call_skew_30d,0.0
LMT,126,72,term_structure_slope,0.0
LMT,126,72,vrp_wedge,0.0
LMT,126,72,iv_atm_z_score,0.0
LMT,126,72,macro_yield_curve_slope,0.072108
LMT,126,72,macro_hy_spread,0.093289
LMT,126,72,macro_hy_spread_chg_5d,0.009939
LMT,126,72,macro_breakeven_5y,0.03305
LMT,126,72,macro_inflation_fwd_5y5y,0.021388
LMT,126,72,macro_inflation_fwd_chg_21d,0.0
LMT,126,72,macro_inflation_fwd_abs_chg_21d,0.0
LMT,126,72,macro_inflation_fwd_chg_63d,0.017695
LMT,126,72,macro_inflation_fwd_zscore,0.048001
LMT,126,72,macro_dollar_ret,0.0
LMT,126,72,beta_spy,0.06889
LMT,126,72,res_vol,0.021409
LMT,126,72,res_vol_vel,0.008508
LMT,126,72,price_regime,0.0
LMT,126,72,corr_sector_21d,0.042022
LMT,126,72,corr_sector_252d,0.06569
LMT,126,72,sector_wedge,0.011711
LMT,126,73,rv_5d,0.029558
LMT,126,73,rv_10d,0.007397
LMT,126,73,rv_21d,0.020045
LMT,126,73,rv_63d,0.024872
LMT,126,73,rv_126d,0.031847
LMT,126,73,ewma_vol,0.010417
LMT,126,73,garch_cond_vol,0.005986
LMT,126,73,ret_TARGET,0.0
LMT,126,73,tech_RSI,0.0
LMT,126,73,tech_MACD_hist,0.022794
LMT,126,73,ret_VIXY,0.0
LMT,126,73,mom21_VIXY,0.006499
LMT,126,73,ret_HYG,0.0
LMT,126,73,mom21_HYG,0.021448
LMT,126,73,ret_USO,0.0
LMT,126,73,mom21_USO,0.008237
LMT,126,73,ret_TLT,0.006637
LMT,126,73,mom21_TLT,0.020015
LMT,126,73,ret_UUP,0.0
LMT,126,73,mom21_UUP,0.007099
LMT,126,73,ret_SPY,0.0
LMT,126,73,mom21_SPY,0.0
LMT,126,73,vol_vel,0.0
LMT,126,73,vol_of_vol,0.026786
LMT,126,73,vol_regime_zscore,0.065422
LMT,126,73,vol_chg_21d,0.020991
LMT,126,73,event_fed_gravity,0.055585
LMT,126,73,event_earn_gravity,0.0
LMT,126,73,event_div_gravity,0.0
LMT,126,73,event_cpi_gravity,0.048231
LMT,126,73,event_nfp_gravity,0.083814
LMT,126,73,put_call_skew_30d,0.021955
LMT,126,73,term_structure_slope,0.006541
LMT,126,73,vrp_wedge,0.008003
LMT,126,73,iv_atm_z_score,0.018026
LMT,126,73,macro_yield_curve_slope,0.069249
LMT,126,73,macro_hy_spread,0.057058
LMT,126,73,macro_hy_spread_chg_5d,0.0
LMT,126,73,macro_breakeven_5y,0.021659
LMT,126,73,macro_inflation_fwd_5y5y,0.029875
LMT,126,73,macro_inflation_fwd_chg_21d,0.0
LMT,126,73,macro_inflation_fwd_abs_chg_21d,0.0
LMT,126,73,macro_inflation_fwd_chg_63d,0.015422
LMT,126,73,macro_inflation_fwd_zscore,0.040861
LMT,126,73,macro_dollar_ret,0.0
LMT,126,73,beta_spy,0.052752
LMT,126,73,res_vol,0.022385
LMT,126,73,res_vol_vel,0.007511
LMT,126,73,price_regime,0.008481
LMT,126,73,corr_sector_21d,0.0256
LMT,126,73,corr_sector_252d,0.054876
LMT,126,73,sector_wedge,0.016068
LMT,126,74,rv_5d,0.0
LMT,126,74,rv_10d,0.010039
LMT,126,74,rv_21d,0.014791
LMT,126,74,rv_63d,0.035918
LMT,126,74,rv_126d,0.033874
LMT,126,74,ewma_vol,0.023546
LMT,126,74,garch_cond_vol,0.006836
LMT,126,74,ret_TARGET,0.0
LMT,126,74,tech_RSI,0.0
LMT,126,74,tech_MACD_hist,0.013599
LMT,126,74,ret_VIXY,0.0
LMT,126,74,mom21_VIXY,0.0
LMT,126,74,ret_HYG,0.0
LMT,126,74,mom21_HYG,0.018524
LMT,126,74,ret_USO,0.0
LMT,126,74,mom21_USO,0.008364
LMT,126,74,ret_TLT,0.006502
LMT,126,74,mom21_TLT,0.029834
LMT,126,74,ret_UUP,0.0
LMT,126,74,mom21_UUP,0.018436
LMT,126,74,ret_SPY,0.0
LMT,126,74,mom21_SPY,0.0
LMT,126,74,vol_vel,0.007517
LMT,126,74,vol_of_vol,0.031213
LMT,126,74,vol_regime_zscore,0.008989
LMT,126,74,vol_chg_21d,0.023206
LMT,126,74,event_fed_gravity,0.046417
LMT,126,74,event_earn_gravity,0.0
LMT,126,74,event_div_gravity,0.0
LMT,126,74,event_cpi_gravity,0.077026
LMT,126,74,event_nfp_gravity,0.056858
LMT,126,74,put_call_skew_30d,0.0
LMT,126,74,term_structure_slope,0.0
LMT,126,74,vrp_wedge,0.0
LMT,126,74,iv_atm_z_score,0.0
LMT,126,74,macro_yield_curve_slope,0.077595
LMT,126,74,macro_hy_spread,0.061593
LMT,126,74,macro_hy_spread_chg_5d,0.006225
LMT,126,74,macro_breakeven_5y,0.022806
LMT,126,74,macro_inflation_fwd_5y5y,0.038878
LMT,126,74,macro_inflation_fwd_chg_21d,0.0
LMT,126,74,macro_inflation_fwd_abs_chg_21d,0.021988
LMT,126,74,macro_inflation_fwd_chg_63d,0.013703
LMT,126,74,macro_inflation_fwd_zscore,0.070094
LMT,126,74,macro_dollar_ret,0.0
LMT,126,74,beta_spy,0.054045
LMT,126,74,res_vol,0.02694
LMT,126,74,res_vol_vel,0.00667
LMT,126,74,price_regime,0.007558
LMT,126,74,corr_sector_21d,0.045588
LMT,126,74,corr_sector_252d,0.060998
LMT,126,74,sector_wedge,0.01383
LMT,126,75,rv_5d,0.0
LMT,126,75,rv_10d,0.010464
LMT,126,75,rv_21d,0.006117
LMT,126,75,rv_63d,0.016389
LMT,126,75,rv_126d,0.023033
LMT,126,75,ewma_vol,0.025388
LMT,126,75,garch_cond_vol,0.0
LMT,126,75,ret_TARGET,0.0
LMT,126,75,tech_RSI,0.009743
LMT,126,75,tech_MACD_hist,0.011958
LMT,126,75,ret_VIXY,0.0
LMT,126,75,mom21_VIXY,0.010187
LMT,126,75,ret_HYG,0.0
LMT,126,75,mom21_HYG,0.013823
LMT,126,75,ret_USO,0.0
LMT,126,75,mom21_USO,0.005061
LMT,126,75,ret_TLT,0.004936
LMT,126,75,mom21_TLT,0.037377
LMT,126,75,ret_UUP,0.0
LMT,126,75,mom21_UUP,0.006143
LMT,126,75,ret_SPY,0.0
LMT,126,75,mom21_SPY,0.0
LMT,126,75,vol_vel,0.005597
LMT,126,75,vol_of_vol,0.007399
LMT,126,75,vol_regime_zscore,0.007841
LMT,126,75,vol_chg_21d,0.024063
LMT,126,75,event_fed_gravity,0.036898
LMT,126,75,event_earn_gravity,0.0
LMT,126,75,event_div_gravity,0.0
LMT,126,75,event_cpi_gravity,0.046964
LMT,126,75,event_nfp_gravity,0.06528
LMT,126,75,put_call_skew_30d,0.013066
LMT,126,75,term_structure_slope,0.024849
LMT,126,75,vrp_wedge,0.01906
LMT,126,75,iv_atm_z_score,0.007485
LMT,126,75,macro_yield_curve_slope,0.065105
LMT,126,75,macro_hy_spread,0.040614
LMT,126,75,macro_hy_spread_chg_5d,0.0
LMT,126,75,macro_breakeven_5y,0.042582
LMT,126,75,macro_inflation_fwd_5y5y,0.03694
LMT,126,75,macro_inflation_fwd_chg_21d,0.073158
LMT,126,75,macro_inflation_fwd_abs_chg_21d,0.046782
LMT,126,75,macro_inflation_fwd_chg_63d,0.012364
LMT,126,75,macro_inflation_fwd_zscore,0.061279
LMT,126,75,macro_dollar_ret,0.0
LMT,126,75,beta_spy,0.048541
LMT,126,75,res_vol,0.023902
LMT,126,75,res_vol_vel,0.004808
LMT,126,75,price_regime,0.006513
LMT,126,75,corr_sector_21d,0.034948
LMT,126,75,corr_sector_252d,0.04962
LMT,126,75,sector_wedge,0.013722
LMT,126,76,rv_5d,0.0
LMT,126,76,rv_10d,0.007949
LMT,126,76,rv_21d,0.0
LMT,126,76,rv_63d,0.009663
LMT,126,76,rv_126d,0.019055
LMT,126,76,ewma_vol,0.016248
LMT,126,76,garch_cond_vol,0.022429
LMT,126,76,ret_TARGET,0.0
LMT,126,76,tech_RSI,0.0253
LMT,126,76,tech_MACD_hist,0.004006
LMT,126,76,ret_VIXY,0.0
LMT,126,76,mom21_VIXY,0.030134
LMT,126,76,ret_HYG,0.0
LMT,126,76,mom21_HYG,0.00894
LMT,126,76,ret_USO,0.0
LMT,126,76,mom21_USO,0.0
LMT,126,76,ret_TLT,0.0
LMT,126,76,mom21_TLT,0.054591
LMT,126,76,ret_UUP,0.0
LMT,126,76,mom21_UUP,0.062874
LMT,126,76,ret_SPY,0.0
LMT,126,76,mom21_SPY,0.0
LMT,126,76,vol_vel,0.0
LMT,126,76,vol_of_vol,0.032458
LMT,126,76,vol_regime_zscore,0.008051
LMT,126,76,vol_chg_21d,0.019649
LMT,126,76,event_fed_gravity,0.037806
LMT,126,76,event_earn_gravity,0.0
LMT,126,76,event_div_gravity,0.0
LMT,126,76,event_cpi_gravity,0.031732
LMT,126,76,event_nfp_gravity,0.044111
LMT,126,76,put_call_skew_30d,0.0
LMT,126,76,term_structure_slope,0.027728
LMT,126,76,vrp_wedge,0.014231
LMT,126,76,iv_atm_z_score,0.007216
LMT,126,76,macro_yield_curve_slope,0.061998
LMT,126,76,macro_hy_spread,0.04452
LMT,126,76,macro_hy_spread_chg_5d,0.0
LMT,126,76,macro_breakeven_5y,0.025554
LMT,126,76,macro_inflation_fwd_5y5y,0.039668
LMT,126,76,macro_inflation_fwd_chg_21d,0.103157
LMT,126,76,macro_inflation_fwd_abs_chg_21d,0.01897
LMT,126,76,macro_inflation_fwd_chg_63d,0.01045
LMT,126,76,macro_inflation_fwd_zscore,0.062075
LMT,126,76,macro_dollar_ret,0.0
LMT,126,76,beta_spy,0.054998
LMT,126,76,res_vol,0.023231
LMT,126,76,res_vol_vel,0.005081
LMT,126,76,price_regime,0.005136
LMT,126,76,corr_sector_21d,0.01818
LMT,126,76,corr_sector_252d,0.031652
LMT,126,76,sector_wedge,0.011158
LMT,126,77,rv_5d,0.0
LMT,126,77,rv_10d,0.013122
LMT,126,77,rv_21d,0.007758
LMT,126,77,rv_63d,0.015031
LMT,126,77,rv_126d,0.03013
LMT,126,77,ewma_vol,0.016184
LMT,126,77,garch_cond_vol,0.006435
LMT,126,77,ret_TARGET,0.0
LMT,126,77,tech_RSI,0.015832
LMT,126,77,tech_MACD_hist,0.0
LMT,126,77,ret_VIXY,0.0
LMT,126,77,mom21_VIXY,0.037342
LMT,126,77,ret_HYG,0.0
LMT,126,77,mom21_HYG,0.01191
LMT,126,77,ret_USO,0.0
LMT,126,77,mom21_USO,0.011988
LMT,126,77,ret_TLT,0.0
LMT,126,77,mom21_TLT,0.029057
LMT,126,77,ret_UUP,0.0
LMT,126,77,mom21_UUP,0.005192
LMT,126,77,ret_SPY,0.0
LMT,126,77,mom21_SPY,0.0
LMT,126,77,vol_vel,0.005058
LMT,126,77,vol_of_vol,0.015016
LMT,126,77,vol_regime_zscore,0.010933
LMT,126,77,vol_chg_21d,0.026882
LMT,126,77,event_fed_gravity,0.04892
LMT,126,77,event_earn_gravity,0.0
LMT,126,77,event_div_gravity,0.0
LMT,126,77,event_cpi_gravity,0.050215
LMT,126,77,event_nfp_gravity,0.043075
LMT,126,77,put_call_skew_30d,0.0
LMT,126,77,term_structure_slope,0.0
LMT,126,77,vrp_wedge,0.020583
LMT,126,77,iv_atm_z_score,0.0
LMT,126,77,macro_yield_curve_slope,0.083648
LMT,126,77,macro_hy_spread,0.053156
LMT,126,77,macro_hy_spread_chg_5d,0.007116
LMT,126,77,macro_breakeven_5y,0.052895
LMT,126,77,macro_inflation_fwd_5y5y,0.062008
LMT,126,77,macro_inflation_fwd_chg_21d,0.005443
LMT,126,77,macro_inflation_fwd_abs_chg_21d,0.0
LMT,126,77,macro_inflation_fwd_chg_63d,0.028208
LMT,126,77,macro_inflation_fwd_zscore,0.087612
LMT,126,77,macro_dollar_ret,0.0
LMT,126,77,beta_spy,0.086587
LMT,126,77,res_vol,0.024019
LMT,126,77,res_vol_vel,0.005626
LMT,126,77,price_regime,0.005777
LMT,126,77,corr_sector_21d,0.016132
LMT,126,77,corr_sector_252d,0.044556
LMT,126,77,sector_wedge,0.016558
LMT,126,78,rv_5d,0.0
LMT,126,78,rv_10d,0.012497
LMT,126,78,rv_21d,0.009278
LMT,126,78,rv_63d,0.012873
LMT,126,78,rv_126d,0.026799
LMT,126,78,ewma_vol,0.018582
LMT,126,78,garch_cond_vol,0.004403
LMT,126,78,ret_TARGET,0.0
LMT,126,78,tech_RSI,0.031772
LMT,126,78,tech_MACD_hist,0.037581
LMT,126,78,ret_VIXY,0.0
LMT,126,78,mom21_VIXY,0.02051
LMT,126,78,ret_HYG,0.0
LMT,126,78,mom21_HYG,0.013223
LMT,126,78,ret_USO,0.0
LMT,126,78,mom21_USO,0.009659
LMT,126,78,ret_TLT,0.0
LMT,126,78,mom21_TLT,0.031373
LMT,126,78,ret_UUP,0.0
LMT,126,78,mom21_UUP,0.009718
LMT,126,78,ret_SPY,0.0
LMT,126,78,mom21_SPY,0.0
LMT,126,78,vol_vel,0.006173
LMT,126,78,vol_of_vol,0.010359
LMT,126,78,vol_regime_zscore,0.012401
LMT,126,78,vol_chg_21d,0.026001
LMT,126,78,event_fed_gravity,0.043298
LMT,126,78,event_earn_gravity,0.0
LMT,126,78,event_div_gravity,0.0
LMT,126,78,event_cpi_gravity,0.058063
LMT,126,78,event_nfp_gravity,0.037556
LMT,126,78,put_call_skew_30d,0.0
LMT,126,78,term_structure_slope,0.0
LMT,126,78,vrp_wedge,0.018823
LMT,126,78,iv_atm_z_score,0.017702
LMT,126,78,macro_yield_curve_slope,0.081416
LMT,126,78,macro_hy_spread,0.056419
LMT,126,78,macro_hy_spread_chg_5d,0.006209
LMT,126,78,macro_breakeven_5y,0.032568
LMT,126,78,macro_inflation_fwd_5y5y,0.070116
LMT,126,78,macro_inflation_fwd_chg_21d,0.004667
LMT,126,78,macro_inflation_fwd_abs_chg_21d,0.0
LMT,126,78,macro_inflation_fwd_chg_63d,0.020445
LMT,126,78,macro_inflation_fwd_zscore,0.087556
LMT,126,78,macro_dollar_ret,0.0
LMT,126,78,beta_spy,0.066692
LMT,126,78,res_vol,0.017335
LMT,126,78,res_vol_vel,0.005941
LMT,126,78,price_regime,0.019134
LMT,126,78,corr_sector_21d,0.01157
LMT,126,78,corr_sector_252d,0.0398
LMT,126,78,sector_wedge,0.011488
LMT,126,79,rv_5d,0.004548
LMT,126,79,rv_10d,0.008829
LMT,126,79,rv_21d,0.007125
LMT,126,79,rv_63d,0.013572
LMT,126,79,rv_126d,0.023641
LMT,126,79,ewma_vol,0.004383
LMT,126,79,garch_cond_vol,0.0
LMT,126,79,ret_TARGET,0.0
LMT,126,79,tech_RSI,0.035942
LMT,126,79,tech_MACD_hist,0.045225
LMT,126,79,ret_VIXY,0.0
LMT,126,79,mom21_VIXY,0.021962
LMT,126,79,ret_HYG,0.0
LMT,126,79,mom21_HYG,0.012974
LMT,126,79,ret_USO,0.0
LMT,126,79,mom21_USO,0.00815
LMT,126,79,ret_TLT,0.0
LMT,126,79,mom21_TLT,0.027637
LMT,126,79,ret_UUP,0.0
LMT,126,79,mom21_UUP,0.0
LMT,126,79,ret_SPY,0.0
LMT,126,79,mom21_SPY,0.0
LMT,126,79,vol_vel,0.007719
LMT,126,79,vol_of_vol,0.01381
LMT,126,79,vol_regime_zscore,0.026402
LMT,126,79,vol_chg_21d,0.031463
LMT,126,79,event_fed_gravity,0.036492
LMT,126,79,event_earn_gravity,0.0
LMT,126,79,event_div_gravity,0.0
LMT,126,79,event_cpi_gravity,0.062368
LMT,126,79,event_nfp_gravity,0.040885
LMT,126,79,put_call_skew_30d,0.0
LMT,126,79,term_structure_slope,0.0
LMT,126,79,vrp_wedge,0.010335
LMT,126,79,iv_atm_z_score,0.020141
LMT,126,79,macro_yield_curve_slope,0.089543
LMT,126,79,macro_hy_spread,0.05576
LMT,126,79,macro_hy_spread_chg_5d,0.006942
LMT,126,79,macro_breakeven_5y,0.015011
LMT,126,79,macro_inflation_fwd_5y5y,0.073203
LMT,126,79,macro_inflation_fwd_chg_21d,0.0
LMT,126,79,macro_inflation_fwd_abs_chg_21d,0.0
LMT,126,79,macro_inflation_fwd_chg_63d,0.03183
LMT,126,79,macro_inflation_fwd_zscore,0.095719
LMT,126,79,macro_dollar_ret,0.0
LMT,126,79,beta_spy,0.06702
LMT,126,79,res_vol,0.021303
LMT,126,79,res_vol_vel,0.005135
LMT,126,79,price_regime,0.010874
LMT,126,79,corr_sector_21d,0.013116
LMT,126,79,corr_sector_252d,0.037463
LMT,126,79,sector_wedge,0.013479
LMT,126,80,rv_5d,0.028171
LMT,126,80,rv_10d,0.014079
LMT,126,80,rv_21d,0.01206
LMT,126,80,rv_63d,0.011936
LMT,126,80,rv_126d,0.021896
LMT,126,80,ewma_vol,0.00946
LMT,126,80,garch_cond_vol,0.011633
LMT,126,80,ret_TARGET,0.0
LMT,126,80,tech_RSI,0.034598
LMT,126,80,tech_MACD_hist,0.043573
LMT,126,80,ret_VIXY,0.0
LMT,126,80,mom21_VIXY,0.018561
LMT,126,80,ret_HYG,0.0
LMT,126,80,mom21_HYG,0.012925
LMT,126,80,ret_USO,0.0
LMT,126,80,mom21_USO,0.009296
LMT,126,80,ret_TLT,0.0
LMT,126,80,mom21_TLT,0.028689
LMT,126,80,ret_UUP,0.0
LMT,126,80,mom21_UUP,0.0
LMT,126,80,ret_SPY,0.0
LMT,126,80,mom21_SPY,0.0
LMT,126,80,vol_vel,0.006389
LMT,126,80,vol_of_vol,0.005611
LMT,126,80,vol_regime_zscore,0.023341
LMT,126,80,vol_chg_21d,0.029204
LMT,126,80,event_fed_gravity,0.040018
LMT,126,80,event_earn_gravity,0.0
LMT,126,80,event_div_gravity,0.0
LMT,126,80,event_cpi_gravity,0.047424
LMT,126,80,event_nfp_gravity,0.037692
LMT,126,80,put_call_skew_30d,0.0
LMT,126,80,term_structure_slope,0.00413
LMT,126,80,vrp_wedge,0.010819
LMT,126,80,iv_atm_z_score,0.024903
LMT,126,80,macro_yield_curve_slope,0.083667
LMT,126,80,macro_hy_spread,0.052218
LMT,126,80,macro_hy_spread_chg_5d,0.005936
LMT,126,80,macro_breakeven_5y,0.042142
LMT,126,80,macro_inflation_fwd_5y5y,0.067979
LMT,126,80,macro_inflation_fwd_chg_21d,0.0
LMT,126,80,macro_inflation_fwd_abs_chg_21d,0.0
LMT,126,80,macro_inflation_fwd_chg_63d,0.024672
LMT,126,80,macro_inflation_fwd_zscore,0.082259
LMT,126,80,macro_dollar_ret,0.0
LMT,126,80,beta_spy,0.062516
LMT,126,80,res_vol,0.019686
LMT,126,80,res_vol_vel,0.005094
LMT,126,80,price_regime,0.008896
LMT,126,80,corr_sector_21d,0.009544
LMT,126,80,corr_sector_252d,0.037184
LMT,126,80,sector_wedge,0.011798
LMT,126,81,rv_5d,0.016129
LMT,126,81,rv_10d,0.0
LMT,126,81,rv_21d,0.009988
LMT,126,81,rv_63d,0.012642
LMT,126,81,rv_126d,0.020095
LMT,126,81,ewma_vol,0.030393
LMT,126,81,garch_cond_vol,0.011455
LMT,126,81,ret_TARGET,0.0
LMT,126,81,tech_RSI,0.006251
LMT,126,81,tech_MACD_hist,0.045599
LMT,126,81,ret_VIXY,0.0
LMT,126,81,mom21_VIXY,0.017132
LMT,126,81,ret_HYG,0.0
LMT,126,81,mom21_HYG,0.01118
LMT,126,81,ret_USO,0.0
LMT,126,81,mom21_USO,0.011261
LMT,126,81,ret_TLT,0.0
LMT,126,81,mom21_TLT,0.057862
LMT,126,81,ret_UUP,0.0
LMT,126,81,mom21_UUP,0.0
LMT,126,81,ret_SPY,0.0
LMT,126,81,mom21_SPY,0.011073
LMT,126,81,vol_vel,0.007105
LMT,126,81,vol_of_vol,0.021025
LMT,126,81,vol_regime_zscore,0.013838
LMT,126,81,vol_chg_21d,0.024489
LMT,126,81,event_fed_gravity,0.04021
LMT,126,81,event_earn_gravity,0.0
LMT,126,81,event_div_gravity,0.0
LMT,126,81,event_cpi_gravity,0.036284
LMT,126,81,event_nfp_gravity,0.046102
LMT,126,81,put_call_skew_30d,0.0
LMT,126,81,term_structure_slope,0.0
LMT,126,81,vrp_wedge,0.009753
LMT,126,81,iv_atm_z_score,0.020571
LMT,126,81,macro_yield_curve_slope,0.081592
LMT,126,81,macro_hy_spread,0.052722
LMT,126,81,macro_hy_spread_chg_5d,0.006784
LMT,126,81,macro_breakeven_5y,0.044683
LMT,126,81,macro_inflation_fwd_5y5y,0.064507
LMT,126,81,macro_inflation_fwd_chg_21d,0.005053
LMT,126,81,macro_inflation_fwd_abs_chg_21d,0.0
LMT,126,81,macro_inflation_fwd_chg_63d,0.018702
LMT,126,81,macro_inflation_fwd_zscore,0.098304
LMT,126,81,macro_dollar_ret,0.0
LMT,126,81,beta_spy,0.061023
LMT,126,81,res_vol,0.018869
LMT,126,81,res_vol_vel,0.005706
LMT,126,81,price_regime,0.005381
LMT,126,81,corr_sector_21d,0.012472
LMT,126,81,corr_sector_252d,0.033023
LMT,126,81,sector_wedge,0.010742
LMT,126,82,rv_5d,0.018436
LMT,126,82,rv_10d,0.0
LMT,126,82,rv_21d,0.011887
LMT,126,82,rv_63d,0.011135
LMT,126,82,rv_126d,0.020437
LMT,126,82,ewma_vol,0.056656
LMT,126,82,garch_cond_vol,0.018761
LMT,126,82,ret_TARGET,0.0
LMT,126,82,tech_RSI,0.012757
LMT,126,82,tech_MACD_hist,0.029995
LMT,126,82,ret_VIXY,0.0
LMT,126,82,mom21_VIXY,0.024828
LMT,126,82,ret_HYG,0.0
LMT,126,82,mom21_HYG,0.011055
LMT,126,82,ret_USO,0.0
LMT,126,82,mom21_USO,0.007793
LMT,126,82,ret_TLT,0.0
LMT,126,82,mom21_TLT,0.035393
LMT,126,82,ret_UUP,0.0
LMT,126,82,mom21_UUP,0.0
LMT,126,82,ret_SPY,0.0
LMT,126,82,mom21_SPY,0.010309
LMT,126,82,vol_vel,0.009556
LMT,126,82,vol_of_vol,0.013318
LMT,126,82,vol_regime_zscore,0.016943
LMT,126,82,vol_chg_21d,0.030711
LMT,126,82,event_fed_gravity,0.041069
LMT,126,82,event_earn_gravity,0.0
LMT,126,82,event_div_gravity,0.0
LMT,126,82,event_cpi_gravity,0.045885
LMT,126,82,event_nfp_gravity,0.035269
LMT,126,82,put_call_skew_30d,0.0
LMT,126,82,term_structure_slope,0.005207
LMT,126,82,vrp_wedge,0.008165
LMT,126,82,iv_atm_z_score,0.029341
LMT,126,82,macro_yield_curve_slope,0.081905
LMT,126,82,macro_hy_spread,0.051793
LMT,126,82,macro_hy_spread_chg_5d,0.006508
LMT,126,82,macro_breakeven_5y,0.033608
LMT,126,82,macro_inflation_fwd_5y5y,0.058231
LMT,126,82,macro_inflation_fwd_chg_21d,0.0
LMT,126,82,macro_inflation_fwd_abs_chg_21d,0.011051
LMT,126,82,macro_inflation_fwd_chg_63d,0.017703
LMT,126,82,macro_inflation_fwd_zscore,0.07451
LMT,126,82,macro_dollar_ret,0.0
LMT,126,82,beta_spy,0.064091
LMT,126,82,res_vol,0.019194
LMT,126,82,res_vol_vel,0.004912
LMT,126,82,price_regime,0.010392
LMT,126,82,corr_sector_21d,0.013334
LMT,126,82,corr_sector_252d,0.037001
LMT,126,82,sector_wedge,0.010863
LMT,126,83,rv_5d,0.014863
LMT,126,83,rv_10d,0.0
LMT,126,83,rv_21d,0.010119
LMT,126,83,rv_63d,0.01519
LMT,126,83,rv_126d,0.021531
LMT,126,83,ewma_vol,0.051808
LMT,126,83,garch_cond_vol,0.005324
LMT,126,83,ret_TARGET,0.0
LMT,126,83,tech_RSI,0.019284
LMT,126,83,tech_MACD_hist,0.031093
LMT,126,83,ret_VIXY,0.0
LMT,126,83,mom21_VIXY,0.016349
LMT,126,83,ret_HYG,0.0
LMT,126,83,mom21_HYG,0.010681
LMT,126,83,ret_USO,0.0
LMT,126,83,mom21_USO,0.006218
LMT,126,83,ret_TLT,0.0
LMT,126,83,mom21_TLT,0.037311
LMT,126,83,ret_UUP,0.0
LMT,126,83,mom21_UUP,0.006443
LMT,126,83,ret_SPY,0.0
LMT,126,83,mom21_SPY,0.010295
LMT,126,83,vol_vel,0.009699
LMT,126,83,vol_of_vol,0.007449
LMT,126,83,vol_regime_zscore,0.017164
LMT,126,83,vol_chg_21d,0.021116
LMT,126,83,event_fed_gravity,0.034912
LMT,126,83,event_earn_gravity,0.0
LMT,126,83,event_div_gravity,0.0
LMT,126,83,event_cpi_gravity,0.04637
LMT,126,83,event_nfp_gravity,0.0378
LMT,126,83,put_call_skew_30d,0.0
LMT,126,83,term_structure_slope,0.009594
LMT,126,83,vrp_wedge,0.012503
LMT,126,83,iv_atm_z_score,0.024924
LMT,126,83,macro_yield_curve_slope,0.085424
LMT,126,83,macro_hy_spread,0.052585
LMT,126,83,macro_hy_spread_chg_5d,0.006037
LMT,126,83,macro_breakeven_5y,0.048007
LMT,126,83,macro_inflation_fwd_5y5y,0.053435
LMT,126,83,macro_inflation_fwd_chg_21d,0.0
LMT,126,83,macro_inflation_fwd_abs_chg_21d,0.01331
LMT,126,83,macro_inflation_fwd_chg_63d,0.013074
LMT,126,83,macro_inflation_fwd_zscore,0.092509
LMT,126,83,macro_dollar_ret,0.0
LMT,126,83,beta_spy,0.058461
LMT,126,83,res_vol,0.01894
LMT,126,83,res_vol_vel,0.005448
LMT,126,83,price_regime,0.010065
LMT,126,83,corr_sector_21d,0.017649
LMT,126,83,corr_sector_252d,0.036032
LMT,126,83,sector_wedge,0.010983
LMT,126,84,rv_5d,0.014186
LMT,126,84,rv_10d,0.0
LMT,126,84,rv_21d,0.011146
LMT,126,84,rv_63d,0.018122
LMT,126,84,rv_126d,0.02341
LMT,126,84,ewma_vol,0.078052
LMT,126,84,garch_cond_vol,0.013082
LMT,126,84,ret_TARGET,0.0
LMT,126,84,tech_RSI,0.013326
LMT,126,84,tech_MACD_hist,0.033259
LMT,126,84,ret_VIXY,0.0
LMT,126,84,mom21_VIXY,0.023214
LMT,126,84,ret_HYG,0.0
LMT,126,84,mom21_HYG,0.00995
LMT,126,84,ret_USO,0.0
LMT,126,84,mom21_USO,0.004802
LMT,126,84,ret_TLT,0.0
LMT,126,84,mom21_TLT,0.038705
LMT,126,84,ret_UUP,0.0
LMT,126,84,mom21_UUP,0.016988
LMT,126,84,ret_SPY,0.0
LMT,126,84,mom21_SPY,0.0
LMT,126,84,vol_vel,0.007355
LMT,126,84,vol_of_vol,0.007933
LMT,126,84,vol_regime_zscore,0.01768
LMT,126,84,vol_chg_21d,0.028161
LMT,126,84,event_fed_gravity,0.037554
LMT,126,84,event_earn_gravity,0.0
LMT,126,84,event_div_gravity,0.0
LMT,126,84,event_cpi_gravity,0.045509
LMT,126,84,event_nfp_gravity,0.037229
LMT,126,84,put_call_skew_30d,0.0
LMT,126,84,term_structure_slope,0.0
LMT,126,84,vrp_wedge,0.01114
LMT,126,84,iv_atm_z_score,0.025665
LMT,126,84,macro_yield_curve_slope,0.080977
LMT,126,84,macro_hy_spread,0.051504
LMT,126,84,macro_hy_spread_chg_5d,0.006525
LMT,126,84,macro_breakeven_5y,0.065378
LMT,126,84,macro_inflation_fwd_5y5y,0.055286
LMT,126,84,macro_inflation_fwd_chg_21d,0.0
LMT,126,84,macro_inflation_fwd_abs_chg_21d,0.0
LMT,126,84,macro_inflation_fwd_chg_63d,0.011478
LMT,126,84,macro_inflation_fwd_zscore,0.06665
LMT,126,84,macro_dollar_ret,0.0
LMT,126,84,beta_spy,0.054578
LMT,126,84,res_vol,0.019203
LMT,126,84,res_vol_vel,0.004898
LMT,126,84,price_regime,0.006118
LMT,126,84,corr_sector_21d,0.008605
LMT,126,84,corr_sector_252d,0.041081
LMT,126,84,sector_wedge,0.011251
LMT,126,85,rv_5d,0.019758
LMT,126,85,rv_10d,0.0
LMT,126,85,rv_21d,0.009845
LMT,126,85,rv_63d,0.018502
LMT,126,85,rv_126d,0.021972
LMT,126,85,ewma_vol,0.076132
LMT,126,85,garch_cond_vol,0.005418
LMT,126,85,ret_TARGET,0.0
LMT,126,85,tech_RSI,0.012263
LMT,126,85,tech_MACD_hist,0.02565
LMT,126,85,ret_VIXY,0.0
LMT,126,85,mom21_VIXY,0.024272
LMT,126,85,ret_HYG,0.0
LMT,126,85,mom21_HYG,0.010317
LMT,126,85,ret_USO,0.0
LMT,126,85,mom21_USO,0.00647
LMT,126,85,ret_TLT,0.0
LMT,126,85,mom21_TLT,0.0314
LMT,126,85,ret_UUP,0.0
LMT,126,85,mom21_UUP,0.0
LMT,126,85,ret_SPY,0.0
LMT,126,85,mom21_SPY,0.010647
LMT,126,85,vol_vel,0.00815
LMT,126,85,vol_of_vol,0.007075
LMT,126,85,vol_regime_zscore,0.017337
LMT,126,85,vol_chg_21d,0.027646
LMT,126,85,event_fed_gravity,0.033369
LMT,126,85,event_earn_gravity,0.0
LMT,126,85,event_div_gravity,0.0
LMT,126,85,event_cpi_gravity,0.051813
LMT,126,85,event_nfp_gravity,0.037389
LMT,126,85,put_call_skew_30d,0.004403
LMT,126,85,term_structure_slope,0.0
LMT,126,85,vrp_wedge,0.008963
LMT,126,85,iv_atm_z_score,0.019559
LMT,126,85,macro_yield_curve_slope,0.080455
LMT,126,85,macro_hy_spread,0.042993
LMT,126,85,macro_hy_spread_chg_5d,0.006442
LMT,126,85,macro_breakeven_5y,0.096517
LMT,126,85,macro_inflation_fwd_5y5y,0.054167
LMT,126,85,macro_inflation_fwd_chg_21d,0.0
LMT,126,85,macro_inflation_fwd_abs_chg_21d,0.0152
LMT,126,85,macro_inflation_fwd_chg_63d,0.009086
LMT,126,85,macro_inflation_fwd_zscore,0.050343
LMT,126,85,macro_dollar_ret,0.0
LMT,126,85,beta_spy,0.057796
LMT,126,85,res_vol,0.019905
LMT,126,85,res_vol_vel,0.00492
LMT,126,85,price_regime,0.008993
LMT,126,85,corr_sector_21d,0.015001
LMT,126,85,corr_sector_252d,0.039153
LMT,126,85,sector_wedge,0.010679
LMT,126,86,rv_5d,0.036204
LMT,126,86,rv_10d,0.004127
LMT,126,86,rv_21d,0.010597
LMT,126,86,rv_63d,0.026957
LMT,126,86,rv_126d,0.024944
LMT,126,86,ewma_vol,0.071898
LMT,126,86,garch_cond_vol,0.015608
LMT,126,86,ret_TARGET,0.0
LMT,126,86,tech_RSI,0.013717
LMT,126,86,tech_MACD_hist,0.022291
LMT,126,86,ret_VIXY,0.0
LMT,126,86,mom21_VIXY,0.030717
LMT,126,86,ret_HYG,0.0
LMT,126,86,mom21_HYG,0.010465
LMT,126,86,ret_USO,0.0
LMT,126,86,mom21_USO,0.008394
LMT,126,86,ret_TLT,0.0
LMT,126,86,mom21_TLT,0.025355
LMT,126,86,ret_UUP,0.0
LMT,126,86,mom21_UUP,0.0
LMT,126,86,ret_SPY,0.0
LMT,126,86,mom21_SPY,0.0
LMT,126,86,vol_vel,0.008953
LMT,126,86,vol_of_vol,0.00864
LMT,126,86,vol_regime_zscore,0.021118
LMT,126,86,vol_chg_21d,0.032701
LMT,126,86,event_fed_gravity,0.034707
LMT,126,86,event_earn_gravity,0.0
LMT,126,86,event_div_gravity,0.0
LMT,126,86,event_cpi_gravity,0.045845
LMT,126,86,event_nfp_gravity,0.050219
LMT,126,86,put_call_skew_30d,0.0
LMT,126,86,term_structure_slope,0.0
LMT,126,86,vrp_wedge,0.012988
LMT,126,86,iv_atm_z_score,0.017794
LMT,126,86,macro_yield_curve_slope,0.085676
LMT,126,86,macro_hy_spread,0.051413
LMT,126,86,macro_hy_spread_chg_5d,0.007487
LMT,126,86,macro_breakeven_5y,0.027703
LMT,126,86,macro_inflation_fwd_5y5y,0.055458
LMT,126,86,macro_inflation_fwd_chg_21d,0.0
LMT,126,86,macro_inflation_fwd_abs_chg_21d,0.016112
LMT,126,86,macro_inflation_fwd_chg_63d,0.011951
LMT,126,86,macro_inflation_fwd_zscore,0.04867
LMT,126,86,macro_dollar_ret,0.0
LMT,126,86,beta_spy,0.060848
LMT,126,86,res_vol,0.019467
LMT,126,86,res_vol_vel,0.005166
LMT,126,86,price_regime,0.008001
LMT,126,86,corr_sector_21d,0.014222
LMT,126,86,corr_sector_252d,0.041611
LMT,126,86,sector_wedge,0.011975
LMT,126,87,rv_5d,0.040379
LMT,126,87,rv_10d,0.004338
LMT,126,87,rv_21d,0.018419
LMT,126,87,rv_63d,0.024153
LMT,126,87,rv_126d,0.02396
LMT,126,87,ewma_vol,0.054873
LMT,126,87,garch_cond_vol,0.005551
LMT,126,87,ret_TARGET,0.0
LMT,126,87,tech_RSI,0.008109
LMT,126,87,tech_MACD_hist,0.038084
LMT,126,87,ret_VIXY,0.0
LMT,126,87,mom21_VIXY,0.02673
LMT,126,87,ret_HYG,0.0
LMT,126,87,mom21_HYG,0.010229
LMT,126,87,ret_USO,0.0
LMT,126,87,mom21_USO,0.007241
LMT,126,87,ret_TLT,0.0
LMT,126,87,mom21_TLT,0.040455
LMT,126,87,ret_UUP,0.0
LMT,126,87,mom21_UUP,0.0
LMT,126,87,ret_SPY,0.0
LMT,126,87,mom21_SPY,0.0
LMT,126,87,vol_vel,0.008074
LMT,126,87,vol_of_vol,0.011089
LMT,126,87,vol_regime_zscore,0.017055
LMT,126,87,vol_chg_21d,0.026316
LMT,126,87,event_fed_gravity,0.046261
LMT,126,87,event_earn_gravity,0.0
LMT,126,87,event_div_gravity,0.0
LMT,126,87,event_cpi_gravity,0.038425
LMT,126,87,event_nfp_gravity,0.052402
LMT,126,87,put_call_skew_30d,0.004583
LMT,126,87,term_structure_slope,0.0
LMT,126,87,vrp_wedge,0.008655
LMT,126,87,iv_atm_z_score,0.019104
LMT,126,87,macro_yield_curve_slope,0.079167
LMT,126,87,macro_hy_spread,0.045397
LMT,126,87,macro_hy_spread_chg_5d,0.00855
LMT,126,87,macro_breakeven_5y,0.029802
LMT,126,87,macro_inflation_fwd_5y5y,0.052782
LMT,126,87,macro_inflation_fwd_chg_21d,0.0
LMT,126,87,macro_inflation_fwd_abs_chg_21d,0.015631
LMT,126,87,macro_inflation_fwd_chg_63d,0.014386
LMT,126,87,macro_inflation_fwd_zscore,0.050081
LMT,126,87,macro_dollar_ret,0.0
LMT,126,87,beta_spy,0.06214
LMT,126,87,res_vol,0.020921
LMT,126,87,res_vol_vel,0.005403
LMT,126,87,price_regime,0.005455
LMT,126,87,corr_sector_21d,0.016291
LMT,126,87,corr_sector_252d,0.047444
LMT,126,87,sector_wedge,0.012064
LMT,126,88,rv_5d,0.01934
LMT,126,88,rv_10d,0.0
LMT,126,88,rv_21d,0.020368
LMT,126,88,rv_63d,0.019327
LMT,126,88,rv_126d,0.026507
LMT,126,88,ewma_vol,0.061033
LMT,126,88,garch_cond_vol,0.0
LMT,126,88,ret_TARGET,0.0
LMT,126,88,tech_RSI,0.0
LMT,126,88,tech_MACD_hist,0.023802
LMT,126,88,ret_VIXY,0.0
LMT,126,88,mom21_VIXY,0.024175
LMT,126,88,ret_HYG,0.0
LMT,126,88,mom21_HYG,0.011335
LMT,126,88,ret_USO,0.0
LMT,126,88,mom21_USO,0.007377
LMT,126,88,ret_TLT,0.0
LMT,126,88,mom21_TLT,0.021506
LMT,126,88,ret_UUP,0.0
LMT,126,88,mom21_UUP,0.0
LMT,126,88,ret_SPY,0.0
LMT,126,88,mom21_SPY,0.01048
LMT,126,88,vol_vel,0.009891
LMT,126,88,vol_of_vol,0.010657
LMT,126,88,vol_regime_zscore,0.020017
LMT,126,88,vol_chg_21d,0.026073
LMT,126,88,event_fed_gravity,0.046826
LMT,126,88,event_earn_gravity,0.0
LMT,126,88,event_div_gravity,0.0
LMT,126,88,event_cpi_gravity,0.043763
LMT,126,88,event_nfp_gravity,0.061262
LMT,126,88,put_call_skew_30d,0.0
LMT,126,88,term_structure_slope,0.004486
LMT,126,88,vrp_wedge,0.008818
LMT,126,88,iv_atm_z_score,0.025835
LMT,126,88,macro_yield_curve_slope,0.084653
LMT,126,88,macro_hy_spread,0.058067
LMT,126,88,macro_hy_spread_chg_5d,0.02026
LMT,126,88,macro_breakeven_5y,0.044205
LMT,126,88,macro_inflation_fwd_5y5y,0.05813
LMT,126,88,macro_inflation_fwd_chg_21d,0.004559
LMT,126,88,macro_inflation_fwd_abs_chg_21d,0.0
LMT,126,88,macro_inflation_fwd_chg_63d,0.01131
LMT,126,88,macro_inflation_fwd_zscore,0.04613
LMT,126,88,macro_dollar_ret,0.0
LMT,126,88,beta_spy,0.064491
LMT,126,88,res_vol,0.018579
LMT,126,88,res_vol_vel,0.004659
LMT,126,88,price_regime,0.009872
LMT,126,88,corr_sector_21d,0.012356
LMT,126,88,corr_sector_252d,0.048413
LMT,126,88,sector_wedge,0.011438
LMT,126,89,rv_5d,0.034997
LMT,126,89,rv_10d,0.029364
LMT,126,89,rv_21d,0.015477
LMT,126,89,rv_63d,0.016642
LMT,126,89,rv_126d,0.021725
LMT,126,89,ewma_vol,0.082945
LMT,126,89,garch_cond_vol,0.0
LMT,126,89,ret_TARGET,0.0
LMT,126,89,tech_RSI,0.0
LMT,126,89,tech_MACD_hist,0.023153
LMT,126,89,ret_VIXY,0.0
LMT,126,89,mom21_VIXY,0.028797
LMT,126,89,ret_HYG,0.0
LMT,126,89,mom21_HYG,0.012103
LMT,126,89,ret_USO,0.0
LMT,126,89,mom21_USO,0.004727
LMT,126,89,ret_TLT,0.0
LMT,126,89,mom21_TLT,0.015895
LMT,126,89,ret_UUP,0.0
LMT,126,89,mom21_UUP,0.004643
LMT,126,89,ret_SPY,0.004718
LMT,126,89,mom21_SPY,0.011698
LMT,126,89,vol_vel,0.009651
LMT,126,89,vol_of_vol,0.008683
LMT,126,89,vol_regime_zscore,0.018485
LMT,126,89,vol_chg_21d,0.029782
LMT,126,89,event_fed_gravity,0.039732
LMT,126,89,event_earn_gravity,0.0
LMT,126,89,event_div_gravity,0.0
LMT,126,89,event_cpi_gravity,0.034817
LMT,126,89,event_nfp_gravity,0.05155
LMT,126,89,put_call_skew_30d,0.0
LMT,126,89,term_structure_slope,0.010771
LMT,126,89,vrp_wedge,0.008945
LMT,126,89,iv_atm_z_score,0.023533
LMT,126,89,macro_yield_curve_slope,0.074548
LMT,126,89,macro_hy_spread,0.047871
LMT,126,89,macro_hy_spread_chg_5d,0.006642
LMT,126,89,macro_breakeven_5y,0.04034
LMT,126,89,macro_inflation_fwd_5y5y,0.058812
LMT,126,89,macro_inflation_fwd_chg_21d,0.0
LMT,126,89,macro_inflation_fwd_abs_chg_21d,0.013591
LMT,126,89,macro_inflation_fwd_chg_63d,0.010471
LMT,126,89,macro_inflation_fwd_zscore,0.04482
LMT,126,89,macro_dollar_ret,0.0
LMT,126,89,beta_spy,0.054121
LMT,126,89,res_vol,0.023639
LMT,126,89,res_vol_vel,0.0
LMT,126,89,price_regime,0.011289
LMT,126,89,corr_sector_21d,0.014779
LMT,126,89,corr_sector_252d,0.044415
LMT,126,89,sector_wedge,0.01183
LMT,126,90,rv_5d,0.035318
LMT,126,90,rv_10d,0.03666
LMT,126,90,rv_21d,0.021262
LMT,126,90,rv_63d,0.016942
LMT,126,90,rv_126d,0.023871
LMT,126,90,ewma_vol,0.069271
LMT,126,90,garch_cond_vol,0.0
LMT,126,90,ret_TARGET,0.0
LMT,126,90,tech_RSI,0.0
LMT,126,90,tech_MACD_hist,0.024438
LMT,126,90,ret_VIXY,0.0
LMT,126,90,mom21_VIXY,0.02524
LMT,126,90,ret_HYG,0.0
LMT,126,90,mom21_HYG,0.010701
LMT,126,90,ret_USO,0.0
LMT,126,90,mom21_USO,0.007791
LMT,126,90,ret_TLT,0.0
LMT,126,90,mom21_TLT,0.009674
LMT,126,90,ret_UUP,0.0
LMT,126,90,mom21_UUP,0.0
LMT,126,90,ret_SPY,0.0
LMT,126,90,mom21_SPY,0.0
LMT,126,90,vol_vel,0.009341
LMT,126,90,vol_of_vol,0.009194
LMT,126,90,vol_regime_zscore,0.016691
LMT,126,90,vol_chg_21d,0.025404
LMT,126,90,event_fed_gravity,0.040885
LMT,126,90,event_earn_gravity,0.0
LMT,126,90,event_div_gravity,0.0
LMT,126,90,event_cpi_gravity,0.032394
LMT,126,90,event_nfp_gravity,0.064322
LMT,126,90,put_call_skew_30d,0.0
LMT,126,90,term_structure_slope,0.016429
LMT,126,90,vrp_wedge,0.009425
LMT,126,90,iv_atm_z_score,0.027846
LMT,126,90,macro_yield_curve_slope,0.083116
LMT,126,90,macro_hy_spread,0.049069
LMT,126,90,macro_hy_spread_chg_5d,0.009383
LMT,126,90,macro_breakeven_5y,0.043197
LMT,126,90,macro_inflation_fwd_5y5y,0.060255
LMT,126,90,macro_inflation_fwd_chg_21d,0.005501
LMT,126,90,macro_inflation_fwd_abs_chg_21d,0.0
LMT,126,90,macro_inflation_fwd_chg_63d,0.008453
LMT,126,90,macro_inflation_fwd_zscore,0.045156
LMT,126,90,macro_dollar_ret,0.0
LMT,126,90,beta_spy,0.053934
LMT,126,90,res_vol,0.023341
LMT,126,90,res_vol_vel,0.004563
LMT,126,90,price_regime,0.008521
LMT,126,90,corr_sector_21d,0.017013
LMT,126,90,corr_sector_252d,0.044818
LMT,126,90,sector_wedge,0.010582
LMT,126,91,rv_5d,0.009677
LMT,126,91,rv_10d,0.027158
LMT,126,91,rv_21d,0.022343
LMT,126,91,rv_63d,0.018851
LMT,126,91,rv_126d,0.029588
LMT,126,91,ewma_vol,0.037886
LMT,126,91,garch_cond_vol,0.0
LMT,126,91,ret_TARGET,0.0
LMT,126,91,tech_RSI,0.0
LMT,126,91,tech_MACD_hist,0.033353
LMT,126,91,ret_VIXY,0.0
LMT,126,91,mom21_VIXY,0.032644
LMT,126,91,ret_HYG,0.0
LMT,126,91,mom21_HYG,0.013433
LMT,126,91,ret_USO,0.0
LMT,126,91,mom21_USO,0.008779
LMT,126,91,ret_TLT,0.0
LMT,126,91,mom21_TLT,0.012891
LMT,126,91,ret_UUP,0.0
LMT,126,91,mom21_UUP,0.013373
LMT,126,91,ret_SPY,0.0
LMT,126,91,mom21_SPY,0.0
LMT,126,91,vol_vel,0.009817
LMT,126,91,vol_of_vol,0.011286
LMT,126,91,vol_regime_zscore,0.021442
LMT,126,91,vol_chg_21d,0.031411
LMT,126,91,event_fed_gravity,0.038767
LMT,126,91,event_earn_gravity,0.0
LMT,126,91,event_div_gravity,0.0
LMT,126,91,event_cpi_gravity,0.054206
LMT,126,91,event_nfp_gravity,0.062361
LMT,126,91,put_call_skew_30d,0.0
LMT,126,91,term_structure_slope,0.006412
LMT,126,91,vrp_wedge,0.009787
LMT,126,91,iv_atm_z_score,0.027276
LMT,126,91,macro_yield_curve_slope,0.083792
LMT,126,91,macro_hy_spread,0.045012
LMT,126,91,macro_hy_spread_chg_5d,0.006666
LMT,126,91,macro_breakeven_5y,0.033348
LMT,126,91,macro_inflation_fwd_5y5y,0.06794
LMT,126,91,macro_inflation_fwd_chg_21d,0.007418
LMT,126,91,macro_inflation_fwd_abs_chg_21d,0.01809
LMT,126,91,macro_inflation_fwd_chg_63d,0.01055
LMT,126,91,macro_inflation_fwd_zscore,0.050712
LMT,126,91,macro_dollar_ret,0.0
LMT,126,91,beta_spy,0.052467
LMT,126,91,res_vol,0.022077
LMT,126,91,res_vol_vel,0.004539
LMT,126,91,price_regime,0.004615
LMT,126,91,corr_sector_21d,0.0
LMT,126,91,corr_sector_252d,0.049632
LMT,126,91,sector_wedge,0.010396
LMT,126,92,rv_5d,0.01283
LMT,126,92,rv_10d,0.022399
LMT,126,92,rv_21d,0.023814
LMT,126,92,rv_63d,0.02577
LMT,126,92,rv_126d,0.031778
LMT,126,92,ewma_vol,0.033773
LMT,126,92,garch_cond_vol,0.006099
LMT,126,92,ret_TARGET,0.0
LMT,126,92,tech_RSI,0.0
LMT,126,92,tech_MACD_hist,0.02869
LMT,126,92,ret_VIXY,0.0
LMT,126,92,mom21_VIXY,0.032792
LMT,126,92,ret_HYG,0.0
LMT,126,92,mom21_HYG,0.012684
LMT,126,92,ret_USO,0.0
LMT,126,92,mom21_USO,0.010407
LMT,126,92,ret_TLT,0.0
LMT,126,92,mom21_TLT,0.01059
LMT,126,92,ret_UUP,0.0
LMT,126,92,mom21_UUP,0.0
LMT,126,92,ret_SPY,0.0
LMT,126,92,mom21_SPY,0.0
LMT,126,92,vol_vel,0.00927
LMT,126,92,vol_of_vol,0.008578
LMT,126,92,vol_regime_zscore,0.018123
LMT,126,92,vol_chg_21d,0.025182
LMT,126,92,event_fed_gravity,0.025604
LMT,126,92,event_earn_gravity,0.0
LMT,126,92,event_div_gravity,0.0
LMT,126,92,event_cpi_gravity,0.064096
LMT,126,92,event_nfp_gravity,0.053528
LMT,126,92,put_call_skew_30d,0.0
LMT,126,92,term_structure_slope,0.004338
LMT,126,92,vrp_wedge,0.007025
LMT,126,92,iv_atm_z_score,0.021213
LMT,126,92,macro_yield_curve_slope,0.077914
LMT,126,92,macro_hy_spread,0.051354
LMT,126,92,macro_hy_spread_chg_5d,0.006531
LMT,126,92,macro_breakeven_5y,0.044053
LMT,126,92,macro_inflation_fwd_5y5y,0.064149
LMT,126,92,macro_inflation_fwd_chg_21d,0.008132
LMT,126,92,macro_inflation_fwd_abs_chg_21d,0.016131
LMT,126,92,macro_inflation_fwd_chg_63d,0.009746
LMT,126,92,macro_inflation_fwd_zscore,0.028696
LMT,126,92,macro_dollar_ret,0.0
LMT,126,92,beta_spy,0.048198
LMT,126,92,res_vol,0.035794
LMT,126,92,res_vol_vel,0.005768
LMT,126,92,price_regime,0.023016
LMT,126,92,corr_sector_21d,0.031837
LMT,126,92,corr_sector_252d,0.047266
LMT,126,92,sector_wedge,0.012831
LMT,126,93,rv_5d,0.0
LMT,126,93,rv_10d,0.025747
LMT,126,93,rv_21d,0.027902
LMT,126,93,rv_63d,0.018935
LMT,126,93,rv_126d,0.036709
LMT,126,93,ewma_vol,0.0
LMT,126,93,garch_cond_vol,0.034772
LMT,126,93,ret_TARGET,0.0
LMT,126,93,tech_RSI,0.0
LMT,126,93,tech_MACD_hist,0.021134
LMT,126,93,ret_VIXY,0.0
LMT,126,93,mom21_VIXY,0.027151
LMT,126,93,ret_HYG,0.0
LMT,126,93,mom21_HYG,0.013208
LMT,126,93,ret_USO,0.0
LMT,126,93,mom21_USO,0.006359
LMT,126,93,ret_TLT,0.0
LMT,126,93,mom21_TLT,0.013785
LMT,126,93,ret_UUP,0.0
LMT,126,93,mom21_UUP,0.01322
LMT,126,93,ret_SPY,0.0
LMT,126,93,mom21_SPY,0.0
LMT,126,93,vol_vel,0.010765
LMT,126,93,vol_of_vol,0.011989
LMT,126,93,vol_regime_zscore,0.022175
LMT,126,93,vol_chg_21d,0.025802
LMT,126,93,event_fed_gravity,0.032308
LMT,126,93,event_earn_gravity,0.0
LMT,126,93,event_div_gravity,0.0
LMT,126,93,event_cpi_gravity,0.052157
LMT,126,93,event_nfp_gravity,0.072625
LMT,126,93,put_call_skew_30d,0.005396
LMT,126,93,term_structure_slope,0.007377
LMT,126,93,vrp_wedge,0.006527
LMT,126,93,iv_atm_z_score,0.029393
LMT,126,93,macro_yield_curve_slope,0.077524
LMT,126,93,macro_hy_spread,0.052287
LMT,126,93,macro_hy_spread_chg_5d,0.006972
LMT,126,93,macro_breakeven_5y,0.04389
LMT,126,93,macro_inflation_fwd_5y5y,0.068549
LMT,126,93,macro_inflation_fwd_chg_21d,0.007515
LMT,126,93,macro_inflation_fwd_abs_chg_21d,0.015289
LMT,126,93,macro_inflation_fwd_chg_63d,0.010783
LMT,126,93,macro_inflation_fwd_zscore,0.027826
LMT,126,93,macro_dollar_ret,0.0
LMT,126,93,beta_spy,0.054648
LMT,126,93,res_vol,0.033256
LMT,126,93,res_vol_vel,0.004416
LMT,126,93,price_regime,0.0
LMT,126,93,corr_sector_21d,0.023049
LMT,126,93,corr_sector_252d,0.044871
LMT,126,93,sector_wedge,0.01369
LMT,126,94,rv_5d,0.013366
LMT,126,94,rv_10d,0.036342
LMT,126,94,rv_21d,0.025778
LMT,126,94,rv_63d,0.02679
LMT,126,94,rv_126d,0.033619
LMT,126,94,ewma_vol,0.06443
LMT,126,94,garch_cond_vol,0.0
LMT,126,94,ret_TARGET,0.0
LMT,126,94,tech_RSI,0.0
LMT,126,94,tech_MACD_hist,0.0236
LMT,126,94,ret_VIXY,0.0
LMT,126,94,mom21_VIXY,0.022393
LMT,126,94,ret_HYG,0.0
LMT,126,94,mom21_HYG,0.014201
LMT,126,94,ret_USO,0.0
LMT,126,94,mom21_USO,0.008868
LMT,126,94,ret_TLT,0.0
LMT,126,94,mom21_TLT,0.013096
LMT,126,94,ret_UUP,0.0
LMT,126,94,mom21_UUP,0.0
LMT,126,94,ret_SPY,0.0
LMT,126,94,mom21_SPY,0.0
LMT,126,94,vol_vel,0.011559
LMT,126,94,vol_of_vol,0.010197
LMT,126,94,vol_regime_zscore,0.02259
LMT,126,94,vol_chg_21d,0.021537
LMT,126,94,event_fed_gravity,0.04028
LMT,126,94,event_earn_gravity,0.0
LMT,126,94,event_div_gravity,0.0
LMT,126,94,event_cpi_gravity,0.04298
LMT,126,94,event_nfp_gravity,0.07508
LMT,126,94,put_call_skew_30d,0.0
LMT,126,94,term_structure_slope,0.006159
LMT,126,94,vrp_wedge,0.004656
LMT,126,94,iv_atm_z_score,0.02229
LMT,126,94,macro_yield_curve_slope,0.083975
LMT,126,94,macro_hy_spread,0.047498
LMT,126,94,macro_hy_spread_chg_5d,0.005784
LMT,126,94,macro_breakeven_5y,0.037521
LMT,126,94,macro_inflation_fwd_5y5y,0.071363
LMT,126,94,macro_inflation_fwd_chg_21d,0.009863
LMT,126,94,macro_inflation_fwd_abs_chg_21d,0.0
LMT,126,94,macro_inflation_fwd_chg_63d,0.015417
LMT,126,94,macro_inflation_fwd_zscore,0.019609
LMT,126,94,macro_dollar_ret,0.0
LMT,126,94,beta_spy,0.053164
LMT,126,94,res_vol,0.032765
LMT,126,94,res_vol_vel,0.0
LMT,126,94,price_regime,0.008485
LMT,126,94,corr_sector_21d,0.016834
LMT,126,94,corr_sector_252d,0.04381
LMT,126,94,sector_wedge,0.014099
LMT,126,95,rv_5d,0.009275
LMT,126,95,rv_10d,0.015094
LMT,126,95,rv_21d,0.027588
LMT,126,95,rv_63d,0.020477
LMT,126,95,rv_126d,0.031302
LMT,126,95,ewma_vol,0.031274
LMT,126,95,garch_cond_vol,0.069917
LMT,126,95,ret_TARGET,0.0
LMT,126,95,tech_RSI,0.010001
LMT,126,95,tech_MACD_hist,0.026974
LMT,126,95,ret_VIXY,0.0
LMT,126,95,mom21_VIXY,0.026089
LMT,126,95,ret_HYG,0.0
LMT,126,95,mom21_HYG,0.010613
LMT,126,95,ret_USO,0.0
LMT,126,95,mom21_USO,0.006839
LMT,126,95,ret_TLT,0.0
LMT,126,95,mom21_TLT,0.012182
LMT,126,95,ret_UUP,0.0
LMT,126,95,mom21_UUP,0.005172
LMT,126,95,ret_SPY,0.0
LMT,126,95,mom21_SPY,0.0
LMT,126,95,vol_vel,0.011941
LMT,126,95,vol_of_vol,0.011114
LMT,126,95,vol_regime_zscore,0.022133
LMT,126,95,vol_chg_21d,0.016316
LMT,126,95,event_fed_gravity,0.044543
LMT,126,95,event_earn_gravity,0.0
LMT,126,95,event_div_gravity,0.0
LMT,126,95,event_cpi_gravity,0.038305
LMT,126,95,event_nfp_gravity,0.079153
LMT,126,95,put_call_skew_30d,0.0
LMT,126,95,term_structure_slope,0.007664
LMT,126,95,vrp_wedge,0.007138
LMT,126,95,iv_atm_z_score,0.025291
LMT,126,95,macro_yield_curve_slope,0.076647
LMT,126,95,macro_hy_spread,0.044113
LMT,126,95,macro_hy_spread_chg_5d,0.005932
LMT,126,95,macro_breakeven_5y,0.031209
LMT,126,95,macro_inflation_fwd_5y5y,0.054871
LMT,126,95,macro_inflation_fwd_chg_21d,0.009555
LMT,126,95,macro_inflation_fwd_abs_chg_21d,0.0
LMT,126,95,macro_inflation_fwd_chg_63d,0.01529
LMT,126,95,macro_inflation_fwd_zscore,0.025276
LMT,126,95,macro_dollar_ret,0.0
LMT,126,95,beta_spy,0.044579
LMT,126,95,res_vol,0.029762
LMT,126,95,res_vol_vel,0.0
LMT,126,95,price_regime,0.028667
LMT,126,95,corr_sector_21d,0.01225
LMT,126,95,corr_sector_252d,0.042813
LMT,126,95,sector_wedge,0.012639
LMT,126,96,rv_5d,0.008719
LMT,126,96,rv_10d,0.015398
LMT,126,96,rv_21d,0.033347
LMT,126,96,rv_63d,0.02355
LMT,126,96,rv_126d,0.030043
LMT,126,96,ewma_vol,0.02184
LMT,126,96,garch_cond_vol,0.0
LMT,126,96,ret_TARGET,0.0
LMT,126,96,tech_RSI,0.011666
LMT,126,96,tech_MACD_hist,0.010728
LMT,126,96,ret_VIXY,0.0
LMT,126,96,mom21_VIXY,0.033715
LMT,126,96,ret_HYG,0.0
LMT,126,96,mom21_HYG,0.011049
LMT,126,96,ret_USO,0.0
LMT,126,96,mom21_USO,0.007874
LMT,126,96,ret_TLT,0.004157
LMT,126,96,mom21_TLT,0.012568
LMT,126,96,ret_UUP,0.0
LMT,126,96,mom21_UUP,0.0
LMT,126,96,ret_SPY,0.0
LMT,126,96,mom21_SPY,0.0
LMT,126,96,vol_vel,0.015595
LMT,126,96,vol_of_vol,0.009881
LMT,126,96,vol_regime_zscore,0.024626
LMT,126,96,vol_chg_21d,0.015938
LMT,126,96,event_fed_gravity,0.034629
LMT,126,96,event_earn_gravity,0.0
LMT,126,96,event_div_gravity,0.0
LMT,126,96,event_cpi_gravity,0.043196
LMT,126,96,event_nfp_gravity,0.111604
LMT,126,96,put_call_skew_30d,0.0
LMT,126,96,term_structure_slope,0.006268
LMT,126,96,vrp_wedge,0.007923
LMT,126,96,iv_atm_z_score,0.032871
LMT,126,96,macro_yield_curve_slope,0.075699
LMT,126,96,macro_hy_spread,0.050167
LMT,126,96,macro_hy_spread_chg_5d,0.00608
LMT,126,96,macro_breakeven_5y,0.046731
LMT,126,96,macro_inflation_fwd_5y5y,0.061162
LMT,126,96,macro_inflation_fwd_chg_21d,0.005454
LMT,126,96,macro_inflation_fwd_abs_chg_21d,0.0
LMT,126,96,macro_inflation_fwd_chg_63d,0.013787
LMT,126,96,macro_inflation_fwd_zscore,0.026005
LMT,126,96,macro_dollar_ret,0.0
LMT,126,96,beta_spy,0.05076
LMT,126,96,res_vol,0.029479
LMT,126,96,res_vol_vel,0.00511
LMT,126,96,price_regime,0.029658
LMT,126,96,corr_sector_21d,0.015794
LMT,126,96,corr_sector_252d,0.042574
LMT,126,96,sector_wedge,0.014358
LMT,126,97,rv_5d,0.00464
LMT,126,97,rv_10d,0.01683
LMT,126,97,rv_21d,0.041212
LMT,126,97,rv_63d,0.021892
LMT,126,97,rv_126d,0.03145
LMT,126,97,ewma_vol,0.039765
LMT,126,97,garch_cond_vol,0.0
LMT,126,97,ret_TARGET,0.0
LMT,126,97,tech_RSI,0.0
LMT,126,97,tech_MACD_hist,0.025293
LMT,126,97,ret_VIXY,0.0
LMT,126,97,mom21_VIXY,0.030801
LMT,126,97,ret_HYG,0.0
LMT,126,97,mom21_HYG,0.011441
LMT,126,97,ret_USO,0.0
LMT,126,97,mom21_USO,0.011342
LMT,126,97,ret_TLT,0.0
LMT,126,97,mom21_TLT,0.01418
LMT,126,97,ret_UUP,0.0
LMT,126,97,mom21_UUP,0.012745
LMT,126,97,ret_SPY,0.0
LMT,126,97,mom21_SPY,0.0
LMT,126,97,vol_vel,0.018416
LMT,126,97,vol_of_vol,0.012162
LMT,126,97,vol_regime_zscore,0.015315
LMT,126,97,vol_chg_21d,0.017444
LMT,126,97,event_fed_gravity,0.040096
LMT,126,97,event_earn_gravity,0.0
LMT,126,97,event_div_gravity,0.0
LMT,126,97,event_cpi_gravity,0.045725
LMT,126,97,event_nfp_gravity,0.069528
LMT,126,97,put_call_skew_30d,0.0
LMT,126,97,term_structure_slope,0.008269
LMT,126,97,vrp_wedge,0.006985
LMT,126,97,iv_atm_z_score,0.018267
LMT,126,97,macro_yield_curve_slope,0.08078
LMT,126,97,macro_hy_spread,0.05047
LMT,126,97,macro_hy_spread_chg_5d,0.009456
LMT,126,97,macro_breakeven_5y,0.044664
LMT,126,97,macro_inflation_fwd_5y5y,0.053718
LMT,126,97,macro_inflation_fwd_chg_21d,0.0
LMT,126,97,macro_inflation_fwd_abs_chg_21d,0.015454
LMT,126,97,macro_inflation_fwd_chg_63d,0.010335
LMT,126,97,macro_inflation_fwd_zscore,0.039237
LMT,126,97,macro_dollar_ret,0.0
LMT,126,97,beta_spy,0.052136
LMT,126,97,res_vol,0.035767
LMT,126,97,res_vol_vel,0.004326
LMT,126,97,price_regime,0.018543
LMT,126,97,corr_sector_21d,0.018066
LMT,126,97,corr_sector_252d,0.042117
LMT,126,97,sector_wedge,0.011131
LMT,126,98,rv_5d,0.009924
LMT,126,98,rv_10d,0.021886
LMT,126,98,rv_21d,0.01703
LMT,126,98,rv_63d,0.014254
LMT,126,98,rv_126d,0.028402
LMT,126,98,ewma_vol,0.018269
LMT,126,98,garch_cond_vol,0.036624
LMT,126,98,ret_TARGET,0.0
LMT,126,98,tech_RSI,0.021593
LMT,126,98,tech_MACD_hist,0.023615
LMT,126,98,ret_VIXY,0.0
LMT,126,98,mom21_VIXY,0.022128
LMT,126,98,ret_HYG,0.0
LMT,126,98,mom21_HYG,0.013735
LMT,126,98,ret_USO,0.0
LMT,126,98,mom21_USO,0.010929
LMT,126,98,ret_TLT,0.0
LMT,126,98,mom21_TLT,0.011947
LMT,126,98,ret_UUP,0.0
LMT,126,98,mom21_UUP,0.01149
LMT,126,98,ret_SPY,0.0
LMT,126,98,mom21_SPY,0.0
LMT,126,98,vol_vel,0.01009
LMT,126,98,vol_of_vol,0.010149
LMT,126,98,vol_regime_zscore,0.014634
LMT,126,98,vol_chg_21d,0.018802
LMT,126,98,event_fed_gravity,0.035069
LMT,126,98,event_earn_gravity,0.0
LMT,126,98,event_div_gravity,0.0
LMT,126,98,event_cpi_gravity,0.038784
LMT,126,98,event_nfp_gravity,0.061963
LMT,126,98,put_call_skew_30d,0.010818
LMT,126,98,term_structure_slope,0.007147
LMT,126,98,vrp_wedge,0.007583
LMT,126,98,iv_atm_z_score,0.028329
LMT,126,98,macro_yield_curve_slope,0.080919
LMT,126,98,macro_hy_spread,0.043341
LMT,126,98,macro_hy_spread_chg_5d,0.006477
LMT,126,98,macro_breakeven_5y,0.04586
LMT,126,98,macro_inflation_fwd_5y5y,0.068476
LMT,126,98,macro_inflation_fwd_chg_21d,0.0
LMT,126,98,macro_inflation_fwd_abs_chg_21d,0.0
LMT,126,98,macro_inflation_fwd_chg_63d,0.009192
LMT,126,98,macro_inflation_fwd_zscore,0.040873
LMT,126,98,macro_dollar_ret,0.0
LMT,126,98,beta_spy,0.047196
LMT,126,98,res_vol,0.030413
LMT,126,98,res_vol_vel,0.004921
LMT,126,98,price_regime,0.040704
LMT,126,98,corr_sector_21d,0.013159
LMT,126,98,corr_sector_252d,0.050349
LMT,126,98,sector_wedge,0.012923
LMT,126,99,rv_5d,0.013945
LMT,126,99,rv_10d,0.021221
LMT,126,99,rv_21d,0.012973
LMT,126,99,rv_63d,0.03148
LMT,126,99,rv_126d,0.027945
LMT,126,99,ewma_vol,0.014363
LMT,126,99,garch_cond_vol,0.036252
LMT,126,99,ret_TARGET,0.0
LMT,126,99,tech_RSI,0.010903
LMT,126,99,tech_MACD_hist,0.02171
LMT,126,99,ret_VIXY,0.0
LMT,126,99,mom21_VIXY,0.024972
LMT,126,99,ret_HYG,0.0
LMT,126,99,mom21_HYG,0.013142
LMT,126,99,ret_USO,0.0
LMT,126,99,mom21_USO,0.0
LMT,126,99,ret_TLT,0.0
LMT,126,99,mom21_TLT,0.007631
LMT,126,99,ret_UUP,0.0
LMT,126,99,mom21_UUP,0.006436
LMT,126,99,ret_SPY,0.0
LMT,126,99,mom21_SPY,0.013139
LMT,126,99,vol_vel,0.019858
LMT,126,99,vol_of_vol,0.013071
LMT,126,99,vol_regime_zscore,0.024528
LMT,126,99,vol_chg_21d,0.035284
LMT,126,99,event_fed_gravity,0.040663
LMT,126,99,event_earn_gravity,0.0
LMT,126,99,event_div_gravity,0.0
LMT,126,99,event_cpi_gravity,0.045913
LMT,126,99,event_nfp_gravity,0.053064
LMT,126,99,put_call_skew_30d,0.009502
LMT,126,99,term_structure_slope,0.02711
LMT,126,99,vrp_wedge,0.005362
LMT,126,99,iv_atm_z_score,0.026357
LMT,126,99,macro_yield_curve_slope,0.083993
LMT,126,99,macro_hy_spread,0.053268
LMT,126,99,macro_hy_spread_chg_5d,0.0
LMT,126,99,macro_breakeven_5y,0.025356
LMT,126,99,macro_inflation_fwd_5y5y,0.069865
LMT,126,99,macro_inflation_fwd_chg_21d,0.0
LMT,126,99,macro_inflation_fwd_abs_chg_21d,0.0
LMT,126,99,macro_inflation_fwd_chg_63d,0.010293
LMT,126,99,macro_inflation_fwd_zscore,0.039133
LMT,126,99,macro_dollar_ret,0.0
LMT,126,99,beta_spy,0.045099
LMT,126,99,res_vol,0.026175
LMT,126,99,res_vol_vel,0.006272
LMT,126,99,price_regime,0.007412
LMT,126,99,corr_sector_21d,0.023197
LMT,126,99,corr_sector_252d,0.040884
LMT,126,99,sector_wedge,0.01223
LMT,126,100,rv_5d,0.0
LMT,126,100,rv_10d,0.041931
LMT,126,100,rv_21d,0.014447
LMT,126,100,rv_63d,0.024505
LMT,126,100,rv_126d,0.026432
LMT,126,100,ewma_vol,0.073917
LMT,126,100,garch_cond_vol,0.060758
LMT,126,100,ret_TARGET,0.0
LMT,126,100,tech_RSI,0.010411
LMT,126,100,tech_MACD_hist,0.025702
LMT,126,100,ret_VIXY,0.0
LMT,126,100,mom21_VIXY,0.024029
LMT,126,100,ret_HYG,0.0
LMT,126,100,mom21_HYG,0.01475
LMT,126,100,ret_USO,0.0
LMT,126,100,mom21_USO,0.004177
LMT,126,100,ret_TLT,0.0
LMT,126,100,mom21_TLT,0.006549
LMT,126,100,ret_UUP,0.0
LMT,126,100,mom21_UUP,0.007369
LMT,126,100,ret_SPY,0.0
LMT,126,100,mom21_SPY,0.0
LMT,126,100,vol_vel,0.016155
LMT,126,100,vol_of_vol,0.009585
LMT,126,100,vol_regime_zscore,0.01805
LMT,126,100,vol_chg_21d,0.01396
LMT,126,100,event_fed_gravity,0.027981
LMT,126,100,event_earn_gravity,0.0
LMT,126,100,event_div_gravity,0.0
LMT,126,100,event_cpi_gravity,0.052514
LMT,126,100,event_nfp_gravity,0.065674
LMT,126,100,put_call_skew_30d,0.0
LMT,126,100,term_structure_slope,0.026362
LMT,126,100,vrp_wedge,0.00567
LMT,126,100,iv_atm_z_score,0.016881
LMT,126,100,macro_yield_curve_slope,0.070836
LMT,126,100,macro_hy_spread,0.052218
LMT,126,100,macro_hy_spread_chg_5d,0.007841
LMT,126,100,macro_breakeven_5y,0.033265
LMT,126,100,macro_inflation_fwd_5y5y,0.053245
LMT,126,100,macro_inflation_fwd_chg_21d,0.0
LMT,126,100,macro_inflation_fwd_abs_chg_21d,0.0
LMT,126,100,macro_inflation_fwd_chg_63d,0.011511
LMT,126,100,macro_inflation_fwd_zscore,0.03152
LMT,126,100,macro_dollar_ret,0.0
LMT,126,100,beta_spy,0.039657
LMT,126,100,res_vol,0.030456
LMT,126,100,res_vol_vel,0.005536
LMT,126,100,price_regime,0.009361
LMT,126,100,corr_sector_21d,0.00904
LMT,126,100,corr_sector_252d,0.041893
LMT,126,100,sector_wedge,0.015814
LMT,126,101,rv_5d,0.009477
LMT,126,101,rv_10d,0.026137
LMT,126,101,rv_21d,0.009497
LMT,126,101,rv_63d,0.024645
LMT,126,101,rv_126d,0.02631
LMT,126,101,ewma_vol,0.027557
LMT,126,101,garch_cond_vol,0.013644
LMT,126,101,ret_TARGET,0.0
LMT,126,101,tech_RSI,0.004635
LMT,126,101,tech_MACD_hist,0.028459
LMT,126,101,ret_VIXY,0.0
LMT,126,101,mom21_VIXY,0.030567
LMT,126,101,ret_HYG,0.0
LMT,126,101,mom21_HYG,0.017558
LMT,126,101,ret_USO,0.0
LMT,126,101,mom21_USO,0.009606
LMT,126,101,ret_TLT,0.0
LMT,126,101,mom21_TLT,0.008511
LMT,126,101,ret_UUP,0.0
LMT,126,101,mom21_UUP,0.0
LMT,126,101,ret_SPY,0.0
LMT,126,101,mom21_SPY,0.0
LMT,126,101,vol_vel,0.01196
LMT,126,101,vol_of_vol,0.011258
LMT,126,101,vol_regime_zscore,0.018088
LMT,126,101,vol_chg_21d,0.014773
LMT,126,101,event_fed_gravity,0.042368
LMT,126,101,event_earn_gravity,0.0
LMT,126,101,event_div_gravity,0.0
LMT,126,101,event_cpi_gravity,0.046076
LMT,126,101,event_nfp_gravity,0.070676
LMT,126,101,put_call_skew_30d,0.014964
LMT,126,101,term_structure_slope,0.0
LMT,126,101,vrp_wedge,0.005602
LMT,126,101,iv_atm_z_score,0.0292
LMT,126,101,macro_yield_curve_slope,0.083385
LMT,126,101,macro_hy_spread,0.06151
LMT,126,101,macro_hy_spread_chg_5d,0.008421
LMT,126,101,macro_breakeven_5y,0.030116
LMT,126,101,macro_inflation_fwd_5y5y,0.070634
LMT,126,101,macro_inflation_fwd_chg_21d,0.0
LMT,126,101,macro_inflation_fwd_abs_chg_21d,0.0
LMT,126,101,macro_inflation_fwd_chg_63d,0.013978
LMT,126,101,macro_inflation_fwd_zscore,0.040668
LMT,126,101,macro_dollar_ret,0.0
LMT,126,101,beta_spy,0.042681
LMT,126,101,res_vol,0.048547
LMT,126,101,res_vol_vel,0.008129
LMT,126,101,price_regime,0.012855
LMT,126,101,corr_sector_21d,0.014889
LMT,126,101,corr_sector_252d,0.048596
LMT,126,101,sector_wedge,0.01402
LMT,126,102,rv_5d,0.008716
LMT,126,102,rv_10d,0.027526
LMT,126,102,rv_21d,0.011386
LMT,126,102,rv_63d,0.02009
LMT,126,102,rv_126d,0.020404
LMT,126,102,ewma_vol,0.0424
LMT,126,102,garch_cond_vol,0.006854
LMT,126,102,ret_TARGET,0.0
LMT,126,102,tech_RSI,0.008453
LMT,126,102,tech_MACD_hist,0.032732
LMT,126,102,ret_VIXY,0.0
LMT,126,102,mom21_VIXY,0.036007
LMT,126,102,ret_HYG,0.0
LMT,126,102,mom21_HYG,0.018233
LMT,126,102,ret_USO,0.0
LMT,126,102,mom21_USO,0.008367
LMT,126,102,ret_TLT,0.0
LMT,126,102,mom21_TLT,0.009116
LMT,126,102,ret_UUP,0.0
LMT,126,102,mom21_UUP,0.005149
LMT,126,102,ret_SPY,0.0
LMT,126,102,mom21_SPY,0.007314
LMT,126,102,vol_vel,0.019115
LMT,126,102,vol_of_vol,0.011688
LMT,126,102,vol_regime_zscore,0.019934
LMT,126,102,vol_chg_21d,0.020537
LMT,126,102,event_fed_gravity,0.05307
LMT,126,102,event_earn_gravity,0.0
LMT,126,102,event_div_gravity,0.0
LMT,126,102,event_cpi_gravity,0.042296
LMT,126,102,event_nfp_gravity,0.043096
LMT,126,102,put_call_skew_30d,0.01166
LMT,126,102,term_structure_slope,0.0
LMT,126,102,vrp_wedge,0.007652
LMT,126,102,iv_atm_z_score,0.030211
LMT,126,102,macro_yield_curve_slope,0.07558
LMT,126,102,macro_hy_spread,0.062362
LMT,126,102,macro_hy_spread_chg_5d,0.006595
LMT,126,102,macro_breakeven_5y,0.054147
LMT,126,102,macro_inflation_fwd_5y5y,0.056258
LMT,126,102,macro_inflation_fwd_chg_21d,0.0
LMT,126,102,macro_inflation_fwd_abs_chg_21d,0.0
LMT,126,102,macro_inflation_fwd_chg_63d,0.012455
LMT,126,102,macro_inflation_fwd_zscore,0.039464
LMT,126,102,macro_dollar_ret,0.0
LMT,126,102,beta_spy,0.042077
LMT,126,102,res_vol,0.045991
LMT,126,102,res_vol_vel,0.0
LMT,126,102,price_regime,0.013334
LMT,126,102,corr_sector_21d,0.013944
LMT,126,102,corr_sector_252d,0.042771
LMT,126,102,sector_wedge,0.013017
LMT,126,103,rv_5d,0.010568
LMT,126,103,rv_10d,0.030863
LMT,126,103,rv_21d,0.012118
LMT,126,103,rv_63d,0.029901
LMT,126,103,rv_126d,0.028417
LMT,126,103,ewma_vol,0.033237
LMT,126,103,garch_cond_vol,0.015492
LMT,126,103,ret_TARGET,0.0
LMT,126,103,tech_RSI,0.018125
LMT,126,103,tech_MACD_hist,0.041715
LMT,126,103,ret_VIXY,0.0
LMT,126,103,mom21_VIXY,0.033238
LMT,126,103,ret_HYG,0.0
LMT,126,103,mom21_HYG,0.020128
LMT,126,103,ret_USO,0.0
LMT,126,103,mom21_USO,0.015411
LMT,126,103,ret_TLT,0.0
LMT,126,103,mom21_TLT,0.010255
LMT,126,103,ret_UUP,0.0
LMT,126,103,mom21_UUP,0.0
LMT,126,103,ret_SPY,0.0
LMT,126,103,mom21_SPY,0.00811
LMT,126,103,vol_vel,0.01591
LMT,126,103,vol_of_vol,0.010611
LMT,126,103,vol_regime_zscore,0.020293
LMT,126,103,vol_chg_21d,0.0
LMT,126,103,event_fed_gravity,0.045411
LMT,126,103,event_earn_gravity,0.0
LMT,126,103,event_div_gravity,0.0
LMT,126,103,event_cpi_gravity,0.029452
LMT,126,103,event_nfp_gravity,0.040654
LMT,126,103,put_call_skew_30d,0.008438
LMT,126,103,term_structure_slope,0.0
LMT,126,103,vrp_wedge,0.004951
LMT,126,103,iv_atm_z_score,0.01795
LMT,126,103,macro_yield_curve_slope,0.071238
LMT,126,103,macro_hy_spread,0.052361
LMT,126,103,macro_hy_spread_chg_5d,0.009409
LMT,126,103,macro_breakeven_5y,0.059677
LMT,126,103,macro_inflation_fwd_5y5y,0.055725
LMT,126,103,macro_inflation_fwd_chg_21d,0.0
LMT,126,103,macro_inflation_fwd_abs_chg_21d,0.022303
LMT,126,103,macro_inflation_fwd_chg_63d,0.014451
LMT,126,103,macro_inflation_fwd_zscore,0.047844
LMT,126,103,macro_dollar_ret,0.0
LMT,126,103,beta_spy,0.04096
LMT,126,103,res_vol,0.030744
LMT,126,103,res_vol_vel,0.009139
LMT,126,103,price_regime,0.01458
LMT,126,103,corr_sector_21d,0.008043
LMT,126,103,corr_sector_252d,0.05285
LMT,126,103,sector_wedge,0.00943
LMT,126,104,rv_5d,0.016522
LMT,126,104,rv_10d,0.020125
LMT,126,104,rv_21d,0.012677
LMT,126,104,rv_63d,0.032248
LMT,126,104,rv_126d,0.021348
LMT,126,104,ewma_vol,0.031111
LMT,126,104,garch_cond_vol,0.019173
LMT,126,104,ret_TARGET,0.0
LMT,126,104,tech_RSI,0.007726
LMT,126,104,tech_MACD_hist,0.046608
LMT,126,104,ret_VIXY,0.0
LMT,126,104,mom21_VIXY,0.026129
LMT,126,104,ret_HYG,0.0
LMT,126,104,mom21_HYG,0.022472
LMT,126,104,ret_USO,0.0
LMT,126,104,mom21_USO,0.008771
LMT,126,104,ret_TLT,0.0
LMT,126,104,mom21_TLT,0.01085
LMT,126,104,ret_UUP,0.0
LMT,126,104,mom21_UUP,0.0
LMT,126,104,ret_SPY,0.0
LMT,126,104,mom21_SPY,0.008452
LMT,126,104,vol_vel,0.012949
LMT,126,104,vol_of_vol,0.007145
LMT,126,104,vol_regime_zscore,0.019269
LMT,126,104,vol_chg_21d,0.008375
LMT,126,104,event_fed_gravity,0.035831
LMT,126,104,event_earn_gravity,0.0
LMT,126,104,event_div_gravity,0.0
LMT,126,104,event_cpi_gravity,0.04526
LMT,126,104,event_nfp_gravity,0.053616
LMT,126,104,put_call_skew_30d,0.013216
LMT,126,104,term_structure_slope,0.0
LMT,126,104,vrp_wedge,0.007804
LMT,126,104,iv_atm_z_score,0.022815
LMT,126,104,macro_yield_curve_slope,0.069425
LMT,126,104,macro_hy_spread,0.0484
LMT,126,104,macro_hy_spread_chg_5d,0.007411
LMT,126,104,macro_breakeven_5y,0.0521
LMT,126,104,macro_inflation_fwd_5y5y,0.048816
LMT,126,104,macro_inflation_fwd_chg_21d,0.0
LMT,126,104,macro_inflation_fwd_abs_chg_21d,0.028478
LMT,126,104,macro_inflation_fwd_chg_63d,0.012928
LMT,126,104,macro_inflation_fwd_zscore,0.047536
LMT,126,104,macro_dollar_ret,0.0
LMT,126,104,beta_spy,0.03569
LMT,126,104,res_vol,0.039489
LMT,126,104,res_vol_vel,0.006467
LMT,126,104,price_regime,0.013458
LMT,126,104,corr_sector_21d,0.019081
LMT,126,104,corr_sector_252d,0.048599
LMT,126,104,sector_wedge,0.01163
LMT,126,105,rv_5d,0.016043
LMT,126,105,rv_10d,0.022314
LMT,126,105,rv_21d,0.025715
LMT,126,105,rv_63d,0.0321
LMT,126,105,rv_126d,0.023856
LMT,126,105,ewma_vol,0.035962
LMT,126,105,garch_cond_vol,0.025556
LMT,126,105,ret_TARGET,0.0
LMT,126,105,tech_RSI,0.0
LMT,126,105,tech_MACD_hist,0.043018
LMT,126,105,ret_VIXY,0.0
LMT,126,105,mom21_VIXY,0.02478
LMT,126,105,ret_HYG,0.0
LMT,126,105,mom21_HYG,0.022762
LMT,126,105,ret_USO,0.0
LMT,126,105,mom21_USO,0.011665
LMT,126,105,ret_TLT,0.0
LMT,126,105,mom21_TLT,0.013953
LMT,126,105,ret_UUP,0.0
LMT,126,105,mom21_UUP,0.0
LMT,126,105,ret_SPY,0.0
LMT,126,105,mom21_SPY,0.008152
LMT,126,105,vol_vel,0.010584
LMT,126,105,vol_of_vol,0.010657
LMT,126,105,vol_regime_zscore,0.019127
LMT,126,105,vol_chg_21d,0.008697
LMT,126,105,event_fed_gravity,0.036219
LMT,126,105,event_earn_gravity,0.0
LMT,126,105,event_div_gravity,0.0
LMT,126,105,event_cpi_gravity,0.034234
LMT,126,105,event_nfp_gravity,0.050937
LMT,126,105,put_call_skew_30d,0.008975
LMT,126,105,term_structure_slope,0.0
LMT,126,105,vrp_wedge,0.006498
LMT,126,105,iv_atm_z_score,0.020037
LMT,126,105,macro_yield_curve_slope,0.064345
LMT,126,105,macro_hy_spread,0.049667
LMT,126,105,macro_hy_spread_chg_5d,0.007467
LMT,126,105,macro_breakeven_5y,0.056161
LMT,126,105,macro_inflation_fwd_5y5y,0.058184
LMT,126,105,macro_inflation_fwd_chg_21d,0.0
LMT,126,105,macro_inflation_fwd_abs_chg_21d,0.022969
LMT,126,105,macro_inflation_fwd_chg_63d,0.016893
LMT,126,105,macro_inflation_fwd_zscore,0.044947
LMT,126,105,macro_dollar_ret,0.0
LMT,126,105,beta_spy,0.038344
LMT,126,105,res_vol,0.036252
LMT,126,105,res_vol_vel,0.007304
LMT,126,105,price_regime,0.012569
LMT,126,105,corr_sector_21d,0.012557
LMT,126,105,corr_sector_252d,0.047108
LMT,126,105,sector_wedge,0.01339
LMT,126,106,rv_5d,0.015244
LMT,126,106,rv_10d,0.019421
LMT,126,106,rv_21d,0.034248
LMT,126,106,rv_63d,0.022014
LMT,126,106,rv_126d,0.026976
LMT,126,106,ewma_vol,0.026417
LMT,126,106,garch_cond_vol,0.010982
LMT,126,106,ret_TARGET,0.0
LMT,126,106,tech_RSI,0.0
LMT,126,106,tech_MACD_hist,0.049894
LMT,126,106,ret_VIXY,0.0
LMT,126,106,mom21_VIXY,0.023019
LMT,126,106,ret_HYG,0.0
LMT,126,106,mom21_HYG,0.025347
LMT,126,106,ret_USO,0.0
LMT,126,106,mom21_USO,0.011215
LMT,126,106,ret_TLT,0.0
LMT,126,106,mom21_TLT,0.01572
LMT,126,106,ret_UUP,0.0
LMT,126,106,mom21_UUP,0.0
LMT,126,106,ret_SPY,0.0
LMT,126,106,mom21_SPY,0.010175
LMT,126,106,vol_vel,0.016899
LMT,126,106,vol_of_vol,0.012236
LMT,126,106,vol_regime_zscore,0.021357
LMT,126,106,vol_chg_21d,0.007693
LMT,126,106,event_fed_gravity,0.047985
LMT,126,106,event_earn_gravity,0.0
LMT,126,106,event_div_gravity,0.0
LMT,126,106,event_cpi_gravity,0.039307
LMT,126,106,event_nfp_gravity,0.04398
LMT,126,106,put_call_skew_30d,0.006039
LMT,126,106,term_structure_slope,0.005914
LMT,126,106,vrp_wedge,0.006838
LMT,126,106,iv_atm_z_score,0.013461
LMT,126,106,macro_yield_curve_slope,0.071303
LMT,126,106,macro_hy_spread,0.056335
LMT,126,106,macro_hy_spread_chg_5d,0.00738
LMT,126,106,macro_breakeven_5y,0.052925
LMT,126,106,macro_inflation_fwd_5y5y,0.053005
LMT,126,106,macro_inflation_fwd_chg_21d,0.004899
LMT,126,106,macro_inflation_fwd_abs_chg_21d,0.026394
LMT,126,106,macro_inflation_fwd_chg_63d,0.015969
LMT,126,106,macro_inflation_fwd_zscore,0.025642
LMT,126,106,macro_dollar_ret,0.0
LMT,126,106,beta_spy,0.033827
LMT,126,106,res_vol,0.040804
LMT,126,106,res_vol_vel,0.006134
LMT,126,106,price_regime,0.011551
LMT,126,106,corr_sector_21d,0.01418
LMT,126,106,corr_sector_252d,0.055543
LMT,126,106,sector_wedge,0.011727
LMT,126,107,rv_5d,0.012154
LMT,126,107,rv_10d,0.022974
LMT,126,107,rv_21d,0.014403
LMT,126,107,rv_63d,0.01754
LMT,126,107,rv_126d,0.023558
LMT,126,107,ewma_vol,0.025497
LMT,126,107,garch_cond_vol,0.039495
LMT,126,107,ret_TARGET,0.0
LMT,126,107,tech_RSI,0.0
LMT,126,107,tech_MACD_hist,0.038588
LMT,126,107,ret_VIXY,0.0
LMT,126,107,mom21_VIXY,0.020983
LMT,126,107,ret_HYG,0.0
LMT,126,107,mom21_HYG,0.02793
LMT,126,107,ret_USO,0.0
LMT,126,107,mom21_USO,0.009334
LMT,126,107,ret_TLT,0.0
LMT,126,107,mom21_TLT,0.012541
LMT,126,107,ret_UUP,0.0
LMT,126,107,mom21_UUP,0.021689
LMT,126,107,ret_SPY,0.0
LMT,126,107,mom21_SPY,0.007807
LMT,126,107,vol_vel,0.015987
LMT,126,107,vol_of_vol,0.016698
LMT,126,107,vol_regime_zscore,0.02015
LMT,126,107,vol_chg_21d,0.005264
LMT,126,107,event_fed_gravity,0.03881
LMT,126,107,event_earn_gravity,0.0
LMT,126,107,event_div_gravity,0.0
LMT,126,107,event_cpi_gravity,0.034878
LMT,126,107,event_nfp_gravity,0.047614
LMT,126,107,put_call_skew_30d,0.007296
LMT,126,107,term_structure_slope,0.0
LMT,126,107,vrp_wedge,0.006755
LMT,126,107,iv_atm_z_score,0.021052
LMT,126,107,macro_yield_curve_slope,0.068417
LMT,126,107,macro_hy_spread,0.048827
LMT,126,107,macro_hy_spread_chg_5d,0.00792
LMT,126,107,macro_breakeven_5y,0.066459
LMT,126,107,macro_inflation_fwd_5y5y,0.054457
LMT,126,107,macro_inflation_fwd_chg_21d,0.0
LMT,126,107,macro_inflation_fwd_abs_chg_21d,0.022851
LMT,126,107,macro_inflation_fwd_chg_63d,0.019606
LMT,126,107,macro_inflation_fwd_zscore,0.026647
LMT,126,107,macro_dollar_ret,0.0
LMT,126,107,beta_spy,0.0365
LMT,126,107,res_vol,0.04259
LMT,126,107,res_vol_vel,0.0
LMT,126,107,price_regime,0.011109
LMT,126,107,corr_sector_21d,0.022332
LMT,126,107,corr_sector_252d,0.052534
LMT,126,107,sector_wedge,0.010758
LMT,126,108,rv_5d,0.02156
LMT,126,108,rv_10d,0.066081
LMT,126,108,rv_21d,0.012036
LMT,126,108,rv_63d,0.018543
LMT,126,108,rv_126d,0.025957
LMT,126,108,ewma_vol,0.022514
LMT,126,108,garch_cond_vol,0.013872
LMT,126,108,ret_TARGET,0.0
LMT,126,108,tech_RSI,0.014213
LMT,126,108,tech_MACD_hist,0.04052
LMT,126,108,ret_VIXY,0.0
LMT,126,108,mom21_VIXY,0.0306
LMT,126,108,ret_HYG,0.0
LMT,126,108,mom21_HYG,0.024591
LMT,126,108,ret_USO,0.0
LMT,126,108,mom21_USO,0.009884
LMT,126,108,ret_TLT,0.0
LMT,126,108,mom21_TLT,0.010902
LMT,126,108,ret_UUP,0.0
LMT,126,108,mom21_UUP,0.004852
LMT,126,108,ret_SPY,0.0
LMT,126,108,mom21_SPY,0.009742
LMT,126,108,vol_vel,0.011888
LMT,126,108,vol_of_vol,0.013325
LMT,126,108,vol_regime_zscore,0.017867
LMT,126,108,vol_chg_21d,0.010663
LMT,126,108,event_fed_gravity,0.032463
LMT,126,108,event_earn_gravity,0.0
LMT,126,108,event_div_gravity,0.0
LMT,126,108,event_cpi_gravity,0.042225
LMT,126,108,event_nfp_gravity,0.054078
LMT,126,108,put_call_skew_30d,0.008966
LMT,126,108,term_structure_slope,0.0
LMT,126,108,vrp_wedge,0.005311
LMT,126,108,iv_atm_z_score,0.017799
LMT,126,108,macro_yield_curve_slope,0.066714
LMT,126,108,macro_hy_spread,0.049163
LMT,126,108,macro_hy_spread_chg_5d,0.009353
LMT,126,108,macro_breakeven_5y,0.064337
LMT,126,108,macro_inflation_fwd_5y5y,0.049613
LMT,126,108,macro_inflation_fwd_chg_21d,0.0
LMT,126,108,macro_inflation_fwd_abs_chg_21d,0.0
LMT,126,108,macro_inflation_fwd_chg_63d,0.016199
LMT,126,108,macro_inflation_fwd_zscore,0.03416
LMT,126,108,macro_dollar_ret,0.0
LMT,126,108,beta_spy,0.03524
LMT,126,108,res_vol,0.041134
LMT,126,108,res_vol_vel,0.006971
LMT,126,108,price_regime,0.013609
LMT,126,108,corr_sector_21d,0.006368
LMT,126,108,corr_sector_252d,0.051999
LMT,126,108,sector_wedge,0.014685
LMT,126,109,rv_5d,0.019888
LMT,126,109,rv_10d,0.024056
LMT,126,109,rv_21d,0.01342
LMT,126,109,rv_63d,0.024834
LMT,126,109,rv_126d,0.028478
LMT,126,109,ewma_vol,0.011622
LMT,126,109,garch_cond_vol,0.030166
LMT,126,109,ret_TARGET,0.0
LMT,126,109,tech_RSI,0.017857
LMT,126,109,tech_MACD_hist,0.036458
LMT,126,109,ret_VIXY,0.0
LMT,126,109,mom21_VIXY,0.022398
LMT,126,109,ret_HYG,0.0
LMT,126,109,mom21_HYG,0.02504
LMT,126,109,ret_USO,0.0
LMT,126,109,mom21_USO,0.012556
LMT,126,109,ret_TLT,0.0
LMT,126,109,mom21_TLT,0.012543
LMT,126,109,ret_UUP,0.0
LMT,126,109,mom21_UUP,0.0
LMT,126,109,ret_SPY,0.0
LMT,126,109,mom21_SPY,0.018506
LMT,126,109,vol_vel,0.012148
LMT,126,109,vol_of_vol,0.014357
LMT,126,109,vol_regime_zscore,0.017836
LMT,126,109,vol_chg_21d,0.004392
LMT,126,109,event_fed_gravity,0.033876
LMT,126,109,event_earn_gravity,0.0
LMT,126,109,event_div_gravity,0.0
LMT,126,109,event_cpi_gravity,0.035757
LMT,126,109,event_nfp_gravity,0.057496
LMT,126,109,put_call_skew_30d,0.007364
LMT,126,109,term_structure_slope,0.0
LMT,126,109,vrp_wedge,0.006108
LMT,126,109,iv_atm_z_score,0.018284
LMT,126,109,macro_yield_curve_slope,0.066714
LMT,126,109,macro_hy_spread,0.050955
LMT,126,109,macro_hy_spread_chg_5d,0.009798
LMT,126,109,macro_breakeven_5y,0.062212
LMT,126,109,macro_inflation_fwd_5y5y,0.057061
LMT,126,109,macro_inflation_fwd_chg_21d,0.0
LMT,126,109,macro_inflation_fwd_abs_chg_21d,0.023592
LMT,126,109,macro_inflation_fwd_chg_63d,0.013942
LMT,126,109,macro_inflation_fwd_zscore,0.033178
LMT,126,109,macro_dollar_ret,0.0
LMT,126,109,beta_spy,0.038434
LMT,126,109,res_vol,0.042966
LMT,126,109,res_vol_vel,0.004307
LMT,126,109,price_regime,0.01219
LMT,126,109,corr_sector_21d,0.009917
LMT,126,109,corr_sector_252d,0.056149
LMT,126,109,sector_wedge,0.013147
LMT,126,110,rv_5d,0.023294
LMT,126,110,rv_10d,0.024774
LMT,126,110,rv_21d,0.013548
LMT,126,110,rv_63d,0.022603
LMT,126,110,rv_126d,0.031873
LMT,126,110,ewma_vol,0.023818
LMT,126,110,garch_cond_vol,0.018436
LMT,126,110,ret_TARGET,0.0
LMT,126,110,tech_RSI,0.0
LMT,126,110,tech_MACD_hist,0.032913
LMT,126,110,ret_VIXY,0.0
LMT,126,110,mom21_VIXY,0.023067
LMT,126,110,ret_HYG,0.0
LMT,126,110,mom21_HYG,0.028322
LMT,126,110,ret_USO,0.0
LMT,126,110,mom21_USO,0.0
LMT,126,110,ret_TLT,0.0
LMT,126,110,mom21_TLT,0.014219
LMT,126,110,ret_UUP,0.0
LMT,126,110,mom21_UUP,0.0
LMT,126,110,ret_SPY,0.0
LMT,126,110,mom21_SPY,0.020476
LMT,126,110,vol_vel,0.010179
LMT,126,110,vol_of_vol,0.010193
LMT,126,110,vol_regime_zscore,0.020006
LMT,126,110,vol_chg_21d,0.0
LMT,126,110,event_fed_gravity,0.044516
LMT,126,110,event_earn_gravity,0.0
LMT,126,110,event_div_gravity,0.0
LMT,126,110,event_cpi_gravity,0.044333
LMT,126,110,event_nfp_gravity,0.041117
LMT,126,110,put_call_skew_30d,0.005896
LMT,126,110,term_structure_slope,0.0
LMT,126,110,vrp_wedge,0.005384
LMT,126,110,iv_atm_z_score,0.016677
LMT,126,110,macro_yield_curve_slope,0.079691
LMT,126,110,macro_hy_spread,0.049502
LMT,126,110,macro_hy_spread_chg_5d,0.006031
LMT,126,110,macro_breakeven_5y,0.061522
LMT,126,110,macro_inflation_fwd_5y5y,0.059171
LMT,126,110,macro_inflation_fwd_chg_21d,0.0
LMT,126,110,macro_inflation_fwd_abs_chg_21d,0.022027
LMT,126,110,macro_inflation_fwd_chg_63d,0.012651
LMT,126,110,macro_inflation_fwd_zscore,0.032634
LMT,126,110,macro_dollar_ret,0.0
LMT,126,110,beta_spy,0.033887
LMT,126,110,res_vol,0.040384
LMT,126,110,res_vol_vel,0.008031
LMT,126,110,price_regime,0.016044
LMT,126,110,corr_sector_21d,0.019899
LMT,126,110,corr_sector_252d,0.059843
LMT,126,110,sector_wedge,0.023039
LMT,126,111,rv_5d,0.007406
LMT,126,111,rv_10d,0.024761
LMT,126,111,rv_21d,0.015021
LMT,126,111,rv_63d,0.027111
LMT,126,111,rv_126d,0.026085
LMT,126,111,ewma_vol,0.032641
LMT,126,111,garch_cond_vol,0.0
LMT,126,111,ret_TARGET,0.0
LMT,126,111,tech_RSI,0.0
LMT,126,111,tech_MACD_hist,0.033186
LMT,126,111,ret_VIXY,0.0
LMT,126,111,mom21_VIXY,0.028606
LMT,126,111,ret_HYG,0.0
LMT,126,111,mom21_HYG,0.029396
LMT,126,111,ret_USO,0.0
LMT,126,111,mom21_USO,0.006066
LMT,126,111,ret_TLT,0.0
LMT,126,111,mom21_TLT,0.011951
LMT,126,111,ret_UUP,0.0
LMT,126,111,mom21_UUP,0.0
LMT,126,111,ret_SPY,0.0
LMT,126,111,mom21_SPY,0.023815
LMT,126,111,vol_vel,0.010244
LMT,126,111,vol_of_vol,0.010494
LMT,126,111,vol_regime_zscore,0.019521
LMT,126,111,vol_chg_21d,0.004233
LMT,126,111,event_fed_gravity,0.040111
LMT,126,111,event_earn_gravity,0.0
LMT,126,111,event_div_gravity,0.0
LMT,126,111,event_cpi_gravity,0.049002
LMT,126,111,event_nfp_gravity,0.041899
LMT,126,111,put_call_skew_30d,0.010432
LMT,126,111,term_structure_slope,0.0
LMT,126,111,vrp_wedge,0.006787
LMT,126,111,iv_atm_z_score,0.014162
LMT,126,111,macro_yield_curve_slope,0.072738
LMT,126,111,macro_hy_spread,0.05355
LMT,126,111,macro_hy_spread_chg_5d,0.008244
LMT,126,111,macro_breakeven_5y,0.06266
LMT,126,111,macro_inflation_fwd_5y5y,0.053292
LMT,126,111,macro_inflation_fwd_chg_21d,0.0
LMT,126,111,macro_inflation_fwd_abs_chg_21d,0.02337
LMT,126,111,macro_inflation_fwd_chg_63d,0.009931
LMT,126,111,macro_inflation_fwd_zscore,0.033894
LMT,126,111,macro_dollar_ret,0.0
LMT,126,111,beta_spy,0.03364
LMT,126,111,res_vol,0.042174
LMT,126,111,res_vol_vel,0.00498
LMT,126,111,price_regime,0.017848
LMT,126,111,corr_sector_21d,0.022923
LMT,126,111,corr_sector_252d,0.060634
LMT,126,111,sector_wedge,0.027193
LMT,126,112,rv_5d,0.013206
LMT,126,112,rv_10d,0.02388
LMT,126,112,rv_21d,0.014968
LMT,126,112,rv_63d,0.027715
LMT,126,112,rv_126d,0.026599
LMT,126,112,ewma_vol,0.010427
LMT,126,112,garch_cond_vol,0.012
LMT,126,112,ret_TARGET,0.0
LMT,126,112,tech_RSI,0.038701
LMT,126,112,tech_MACD_hist,0.034883
LMT,126,112,ret_VIXY,0.0
LMT,126,112,mom21_VIXY,0.01915
LMT,126,112,ret_HYG,0.0
LMT,126,112,mom21_HYG,0.028397
LMT,126,112,ret_USO,0.0
LMT,126,112,mom21_USO,0.007871
LMT,126,112,ret_TLT,0.0
LMT,126,112,mom21_TLT,0.012266
LMT,126,112,ret_UUP,0.0
LMT,126,112,mom21_UUP,0.007413
LMT,126,112,ret_SPY,0.0
LMT,126,112,mom21_SPY,0.014862
LMT,126,112,vol_vel,0.008594
LMT,126,112,vol_of_vol,0.012064
LMT,126,112,vol_regime_zscore,0.020817
LMT,126,112,vol_chg_21d,0.015713
LMT,126,112,event_fed_gravity,0.043814
LMT,126,112,event_earn_gravity,0.0
LMT,126,112,event_div_gravity,0.0
LMT,126,112,event_cpi_gravity,0.03104
LMT,126,112,event_nfp_gravity,0.055847
LMT,126,112,put_call_skew_30d,0.0
LMT,126,112,term_structure_slope,0.0
LMT,126,112,vrp_wedge,0.00688
LMT,126,112,iv_atm_z_score,0.017913
LMT,126,112,macro_yield_curve_slope,0.067099
LMT,126,112,macro_hy_spread,0.047594
LMT,126,112,macro_hy_spread_chg_5d,0.007868
LMT,126,112,macro_breakeven_5y,0.056912
LMT,126,112,macro_inflation_fwd_5y5y,0.053214
LMT,126,112,macro_inflation_fwd_chg_21d,0.006728
LMT,126,112,macro_inflation_fwd_abs_chg_21d,0.021888
LMT,126,112,macro_inflation_fwd_chg_63d,0.010808
LMT,126,112,macro_inflation_fwd_zscore,0.031372
LMT,126,112,macro_dollar_ret,0.0
LMT,126,112,beta_spy,0.021022
LMT,126,112,res_vol,0.040145
LMT,126,112,res_vol_vel,0.0
LMT,126,112,price_regime,0.021509
LMT,126,112,corr_sector_21d,0.026458
LMT,126,112,corr_sector_252d,0.055554
LMT,126,112,sector_wedge,0.026806
LMT,126,113,rv_5d,0.021482
LMT,126,113,rv_10d,0.046798
LMT,126,113,rv_21d,0.012717
LMT,126,113,rv_63d,0.019622
LMT,126,113,rv_126d,0.033022
LMT,126,113,ewma_vol,0.017557
LMT,126,113,garch_cond_vol,0.012509
LMT,126,113,ret_TARGET,0.0
LMT,126,113,tech_RSI,0.015154
LMT,126,113,tech_MACD_hist,0.026556
LMT,126,113,ret_VIXY,0.004607
LMT,126,113,mom21_VIXY,0.015379
LMT,126,113,ret_HYG,0.0
LMT,126,113,mom21_HYG,0.027028
LMT,126,113,ret_USO,0.0
LMT,126,113,mom21_USO,0.005947
LMT,126,113,ret_TLT,0.0
LMT,126,113,mom21_TLT,0.012929
LMT,126,113,ret_UUP,0.0
LMT,126,113,mom21_UUP,0.01
LMT,126,113,ret_SPY,0.0
LMT,126,113,mom21_SPY,0.010021
LMT,126,113,vol_vel,0.010501
LMT,126,113,vol_of_vol,0.010502
LMT,126,113,vol_regime_zscore,0.023303
LMT,126,113,vol_chg_21d,0.011484
LMT,126,113,event_fed_gravity,0.047455
LMT,126,113,event_earn_gravity,0.0
LMT,126,113,event_div_gravity,0.0
LMT,126,113,event_cpi_gravity,0.035491
LMT,126,113,event_nfp_gravity,0.047739
LMT,126,113,put_call_skew_30d,0.010022
LMT,126,113,term_structure_slope,0.0
LMT,126,113,vrp_wedge,0.006204
LMT,126,113,iv_atm_z_score,0.017081
LMT,126,113,macro_yield_curve_slope,0.068219
LMT,126,113,macro_hy_spread,0.048546
LMT,126,113,macro_hy_spread_chg_5d,0.006887
LMT,126,113,macro_breakeven_5y,0.067447
LMT,126,113,macro_inflation_fwd_5y5y,0.053298
LMT,126,113,macro_inflation_fwd_chg_21d,0.0
LMT,126,113,macro_inflation_fwd_abs_chg_21d,0.023763
LMT,126,113,macro_inflation_fwd_chg_63d,0.013456
LMT,126,113,macro_inflation_fwd_zscore,0.026916
LMT,126,113,macro_dollar_ret,0.0
LMT,126,113,beta_spy,0.024335
LMT,126,113,res_vol,0.038948
LMT,126,113,res_vol_vel,0.004881
LMT,126,113,price_regime,0.013498
LMT,126,113,corr_sector_21d,0.027408
LMT,126,113,corr_sector_252d,0.051965
LMT,126,113,sector_wedge,0.019326
LMT,126,114,rv_5d,0.072756
LMT,126,114,rv_10d,0.010422
LMT,126,114,rv_21d,0.014839
LMT,126,114,rv_63d,0.020498
LMT,126,114,rv_126d,0.032694
LMT,126,114,ewma_vol,0.014994
LMT,126,114,garch_cond_vol,0.012295
LMT,126,114,ret_TARGET,0.0
LMT,126,114,tech_RSI,0.035735
LMT,126,114,tech_MACD_hist,0.030788
LMT,126,114,ret_VIXY,0.0
LMT,126,114,mom21_VIXY,0.016255
LMT,126,114,ret_HYG,0.0
LMT,126,114,mom21_HYG,0.032849
LMT,126,114,ret_USO,0.0
LMT,126,114,mom21_USO,0.008062
LMT,126,114,ret_TLT,0.0
LMT,126,114,mom21_TLT,0.01607
LMT,126,114,ret_UUP,0.0
LMT,126,114,mom21_UUP,0.005413
LMT,126,114,ret_SPY,0.0
LMT,126,114,mom21_SPY,0.010452
LMT,126,114,vol_vel,0.007842
LMT,126,114,vol_of_vol,0.010134
LMT,126,114,vol_regime_zscore,0.02225
LMT,126,114,vol_chg_21d,0.010787
LMT,126,114,event_fed_gravity,0.038923
LMT,126,114,event_earn_gravity,0.0
LMT,126,114,event_div_gravity,0.0
LMT,126,114,event_cpi_gravity,0.045328
LMT,126,114,event_nfp_gravity,0.043365
LMT,126,114,put_call_skew_30d,0.0
LMT,126,114,term_structure_slope,0.0
LMT,126,114,vrp_wedge,0.007601
LMT,126,114,iv_atm_z_score,0.021651
LMT,126,114,macro_yield_curve_slope,0.060575
LMT,126,114,macro_hy_spread,0.044724
LMT,126,114,macro_hy_spread_chg_5d,0.007726
LMT,126,114,macro_breakeven_5y,0.057296
LMT,126,114,macro_inflation_fwd_5y5y,0.059706
LMT,126,114,macro_inflation_fwd_chg_21d,0.0
LMT,126,114,macro_inflation_fwd_abs_chg_21d,0.027309
LMT,126,114,macro_inflation_fwd_chg_63d,0.011053
LMT,126,114,macro_inflation_fwd_zscore,0.026076
LMT,126,114,macro_dollar_ret,0.0
LMT,126,114,beta_spy,0.020657
LMT,126,114,res_vol,0.033597
LMT,126,114,res_vol_vel,0.0
LMT,126,114,price_regime,0.009989
LMT,126,114,corr_sector_21d,0.028872
LMT,126,114,corr_sector_252d,0.048662
LMT,126,114,sector_wedge,0.021755
LMT,126,115,rv_5d,0.02592
LMT,126,115,rv_10d,0.024366
LMT,126,115,rv_21d,0.016123
LMT,126,115,rv_63d,0.021955
LMT,126,115,rv_126d,0.03392
LMT,126,115,ewma_vol,0.030891
LMT,126,115,garch_cond_vol,0.0107
LMT,126,115,ret_TARGET,0.0
LMT,126,115,tech_RSI,0.036621
LMT,126,115,tech_MACD_hist,0.034026
LMT,126,115,ret_VIXY,0.0
LMT,126,115,mom21_VIXY,0.013944
LMT,126,115,ret_HYG,0.0
LMT,126,115,mom21_HYG,0.029222
LMT,126,115,ret_USO,0.0
LMT,126,115,mom21_USO,0.00662
LMT,126,115,ret_TLT,0.0
LMT,126,115,mom21_TLT,0.015791
LMT,126,115,ret_UUP,0.0
LMT,126,115,mom21_UUP,0.00588
LMT,126,115,ret_SPY,0.0
LMT,126,115,mom21_SPY,0.011498
LMT,126,115,vol_vel,0.022758
LMT,126,115,vol_of_vol,0.008979
LMT,126,115,vol_regime_zscore,0.022842
LMT,126,115,vol_chg_21d,0.0
LMT,126,115,event_fed_gravity,0.038341
LMT,126,115,event_earn_gravity,0.0
LMT,126,115,event_div_gravity,0.0
LMT,126,115,event_cpi_gravity,0.049773
LMT,126,115,event_nfp_gravity,0.043628
LMT,126,115,put_call_skew_30d,0.01108
LMT,126,115,term_structure_slope,0.0
LMT,126,115,vrp_wedge,0.005625
LMT,126,115,iv_atm_z_score,0.020172
LMT,126,115,macro_yield_curve_slope,0.063275
LMT,126,115,macro_hy_spread,0.041707
LMT,126,115,macro_hy_spread_chg_5d,0.006953
LMT,126,115,macro_breakeven_5y,0.063133
LMT,126,115,macro_inflation_fwd_5y5y,0.054138
LMT,126,115,macro_inflation_fwd_chg_21d,0.0
LMT,126,115,macro_inflation_fwd_abs_chg_21d,0.0
LMT,126,115,macro_inflation_fwd_chg_63d,0.015026
LMT,126,115,macro_inflation_fwd_zscore,0.015797
LMT,126,115,macro_dollar_ret,0.0
LMT,126,115,beta_spy,0.024538
LMT,126,115,res_vol,0.036671
LMT,126,115,res_vol_vel,0.007611
LMT,126,115,price_regime,0.009534
LMT,126,115,corr_sector_21d,0.046257
LMT,126,115,corr_sector_252d,0.047932
LMT,126,115,sector_wedge,0.026754
LMT,126,116,rv_5d,0.034484
LMT,126,116,rv_10d,0.033994
LMT,126,116,rv_21d,0.01402
LMT,126,116,rv_63d,0.02589
LMT,126,116,rv_126d,0.031297
LMT,126,116,ewma_vol,0.0424
LMT,126,116,garch_cond_vol,0.013269
LMT,126,116,ret_TARGET,0.0
LMT,126,116,tech_RSI,0.0
LMT,126,116,tech_MACD_hist,0.030474
LMT,126,116,ret_VIXY,0.0
LMT,126,116,mom21_VIXY,0.014285
LMT,126,116,ret_HYG,0.0
LMT,126,116,mom21_HYG,0.029415
LMT,126,116,ret_USO,0.0
LMT,126,116,mom21_USO,0.008025
LMT,126,116,ret_TLT,0.0
LMT,126,116,mom21_TLT,0.013484
LMT,126,116,ret_UUP,0.0
LMT,126,116,mom21_UUP,0.0
LMT,126,116,ret_SPY,0.0
LMT,126,116,mom21_SPY,0.013327
LMT,126,116,vol_vel,0.008455
LMT,126,116,vol_of_vol,0.009252
LMT,126,116,vol_regime_zscore,0.024147
LMT,126,116,vol_chg_21d,0.005087
LMT,126,116,event_fed_gravity,0.058933
LMT,126,116,event_earn_gravity,0.0
LMT,126,116,event_div_gravity,0.0
LMT,126,116,event_cpi_gravity,0.033619
LMT,126,116,event_nfp_gravity,0.043718
LMT,126,116,put_call_skew_30d,0.014049
LMT,126,116,term_structure_slope,0.004531
LMT,126,116,vrp_wedge,0.005837
LMT,126,116,iv_atm_z_score,0.020224
LMT,126,116,macro_yield_curve_slope,0.067138
LMT,126,116,macro_hy_spread,0.044307
LMT,126,116,macro_hy_spread_chg_5d,0.008957
LMT,126,116,macro_breakeven_5y,0.065365
LMT,126,116,macro_inflation_fwd_5y5y,0.057114
LMT,126,116,macro_inflation_fwd_chg_21d,0.0
LMT,126,116,macro_inflation_fwd_abs_chg_21d,0.0
LMT,126,116,macro_inflation_fwd_chg_63d,0.012966
LMT,126,116,macro_inflation_fwd_zscore,0.017478
LMT,126,116,macro_dollar_ret,0.0
LMT,126,116,beta_spy,0.02103
LMT,126,116,res_vol,0.042449
LMT,126,116,res_vol_vel,0.008412
LMT,126,116,price_regime,0.011383
LMT,126,116,corr_sector_21d,0.037208
LMT,126,116,corr_sector_252d,0.048193
LMT,126,116,sector_wedge,0.025783
LMT,126,117,rv_5d,0.060316
LMT,126,117,rv_10d,0.078492
LMT,126,117,rv_21d,0.019842
LMT,126,117,rv_63d,0.015232
LMT,126,117,rv_126d,0.032212
LMT,126,117,ewma_vol,0.01809
LMT,126,117,garch_cond_vol,0.013431
LMT,126,117,ret_TARGET,0.0
LMT,126,117,tech_RSI,0.0
LMT,126,117,tech_MACD_hist,0.025837
LMT,126,117,ret_VIXY,0.0
LMT,126,117,mom21_VIXY,0.017433
LMT,126,117,ret_HYG,0.0
LMT,126,117,mom21_HYG,0.031208
LMT,126,117,ret_USO,0.0
LMT,126,117,mom21_USO,0.010918
LMT,126,117,ret_TLT,0.0
LMT,126,117,mom21_TLT,0.015161
LMT,126,117,ret_UUP,0.0
LMT,126,117,mom21_UUP,0.0
LMT,126,117,ret_SPY,0.0
LMT,126,117,mom21_SPY,0.00782
LMT,126,117,vol_vel,0.008261
LMT,126,117,vol_of_vol,0.010508
LMT,126,117,vol_regime_zscore,0.019814
LMT,126,117,vol_chg_21d,0.0
LMT,126,117,event_fed_gravity,0.035003
LMT,126,117,event_earn_gravity,0.0
LMT,126,117,event_div_gravity,0.0
LMT,126,117,event_cpi_gravity,0.040715
LMT,126,117,event_nfp_gravity,0.044852
LMT,126,117,put_call_skew_30d,0.013254
LMT,126,117,term_structure_slope,0.0
LMT,126,117,vrp_wedge,0.006191
LMT,126,117,iv_atm_z_score,0.019995
LMT,126,117,macro_yield_curve_slope,0.063206
LMT,126,117,macro_hy_spread,0.045689
LMT,126,117,macro_hy_spread_chg_5d,0.007767
LMT,126,117,macro_breakeven_5y,0.073741
LMT,126,117,macro_inflation_fwd_5y5y,0.054574
LMT,126,117,macro_inflation_fwd_chg_21d,0.0
LMT,126,117,macro_inflation_fwd_abs_chg_21d,0.0
LMT,126,117,macro_inflation_fwd_chg_63d,0.014842
LMT,126,117,macro_inflation_fwd_zscore,0.019504
LMT,126,117,macro_dollar_ret,0.0
LMT,126,117,beta_spy,0.02216
LMT,126,117,res_vol,0.03846
LMT,126,117,res_vol_vel,0.007062
LMT,126,117,price_regime,0.008974
LMT,126,117,corr_sector_21d,0.026503
LMT,126,117,corr_sector_252d,0.049978
LMT,126,117,sector_wedge,0.022957
LMT,126,118,rv_5d,0.059724
LMT,126,118,rv_10d,0.049472
LMT,126,118,rv_21d,0.01601
LMT,126,118,rv_63d,0.017267
LMT,126,118,rv_126d,0.03121
LMT,126,118,ewma_vol,0.015123
LMT,126,118,garch_cond_vol,0.014843
LMT,126,118,ret_TARGET,0.0
LMT,126,118,tech_RSI,0.0
LMT,126,118,tech_MACD_hist,0.028241
LMT,126,118,ret_VIXY,0.0
LMT,126,118,mom21_VIXY,0.019134
LMT,126,118,ret_HYG,0.0
LMT,126,118,mom21_HYG,0.026922
LMT,126,118,ret_USO,0.0
LMT,126,118,mom21_USO,0.006957
LMT,126,118,ret_TLT,0.0
LMT,126,118,mom21_TLT,0.017718
LMT,126,118,ret_UUP,0.0
LMT,126,118,mom21_UUP,0.008037
LMT,126,118,ret_SPY,0.0
LMT,126,118,mom21_SPY,0.0
LMT,126,118,vol_vel,0.014236
LMT,126,118,vol_of_vol,0.007512
LMT,126,118,vol_regime_zscore,0.020114
LMT,126,118,vol_chg_21d,0.0
LMT,126,118,event_fed_gravity,0.028223
LMT,126,118,event_earn_gravity,0.0
LMT,126,118,event_div_gravity,0.0
LMT,126,118,event_cpi_gravity,0.056916
LMT,126,118,event_nfp_gravity,0.046202
LMT,126,118,put_call_skew_30d,0.011468
LMT,126,118,term_structure_slope,0.0
LMT,126,118,vrp_wedge,0.005619
LMT,126,118,iv_atm_z_score,0.024388
LMT,126,118,macro_yield_curve_slope,0.062741
LMT,126,118,macro_hy_spread,0.045858
LMT,126,118,macro_hy_spread_chg_5d,0.008523
LMT,126,118,macro_breakeven_5y,0.072523
LMT,126,118,macro_inflation_fwd_5y5y,0.058919
LMT,126,118,macro_inflation_fwd_chg_21d,0.005274
LMT,126,118,macro_inflation_fwd_abs_chg_21d,0.0
LMT,126,118,macro_inflation_fwd_chg_63d,0.011885
LMT,126,118,macro_inflation_fwd_zscore,0.019548
LMT,126,118,macro_dollar_ret,0.0
LMT,126,118,beta_spy,0.02285
LMT,126,118,res_vol,0.036385
LMT,126,118,res_vol_vel,0.007973
LMT,126,118,price_regime,0.010809
LMT,126,118,corr_sector_21d,0.032989
LMT,126,118,corr_sector_252d,0.047199
LMT,126,118,sector_wedge,0.031184
LMT,126,119,rv_5d,0.073107
LMT,126,119,rv_10d,0.046398
LMT,126,119,rv_21d,0.012163
LMT,126,119,rv_63d,0.013619
LMT,126,119,rv_126d,0.030756
LMT,126,119,ewma_vol,0.021837
LMT,126,119,garch_cond_vol,0.016376
LMT,126,119,ret_TARGET,0.0
LMT,126,119,tech_RSI,0.005977
LMT,126,119,tech_MACD_hist,0.031774
LMT,126,119,ret_VIXY,0.0
LMT,126,119,mom21_VIXY,0.014458
LMT,126,119,ret_HYG,0.0
LMT,126,119,mom21_HYG,0.030283
LMT,126,119,ret_USO,0.0
LMT,126,119,mom21_USO,0.006843
LMT,126,119,ret_TLT,0.0
LMT,126,119,mom21_TLT,0.01369
LMT,126,119,ret_UUP,0.0
LMT,126,119,mom21_UUP,0.005209
LMT,126,119,ret_SPY,0.0
LMT,126,119,mom21_SPY,0.009687
LMT,126,119,vol_vel,0.010307
LMT,126,119,vol_of_vol,0.010797
LMT,126,119,vol_regime_zscore,0.020859
LMT,126,119,vol_chg_21d,0.012897
LMT,126,119,event_fed_gravity,0.042662
LMT,126,119,event_earn_gravity,0.0
LMT,126,119,event_div_gravity,0.0
LMT,126,119,event_cpi_gravity,0.044844
LMT,126,119,event_nfp_gravity,0.042449
LMT,126,119,put_call_skew_30d,0.005547
LMT,126,119,term_structure_slope,0.006821
LMT,126,119,vrp_wedge,0.007285
LMT,126,119,iv_atm_z_score,0.019796
LMT,126,119,macro_yield_curve_slope,0.062606
LMT,126,119,macro_hy_spread,0.046431
LMT,126,119,macro_hy_spread_chg_5d,0.009566
LMT,126,119,macro_breakeven_5y,0.060029
LMT,126,119,macro_inflation_fwd_5y5y,0.05497
LMT,126,119,macro_inflation_fwd_chg_21d,0.0
LMT,126,119,macro_inflation_fwd_abs_chg_21d,0.0
LMT,126,119,macro_inflation_fwd_chg_63d,0.012184
LMT,126,119,macro_inflation_fwd_zscore,0.018367
LMT,126,119,macro_dollar_ret,0.0
LMT,126,119,beta_spy,0.02561
LMT,126,119,res_vol,0.041337
LMT,126,119,res_vol_vel,0.008367
LMT,126,119,price_regime,0.018446
LMT,126,119,corr_sector_21d,0.015865
LMT,126,119,corr_sector_252d,0.049147
LMT,126,119,sector_wedge,0.020634
LMT,126,120,rv_5d,0.079727
LMT,126,120,rv_10d,0.021543
LMT,126,120,rv_21d,0.020986
LMT,126,120,rv_63d,0.022666
LMT,126,120,rv_126d,0.03179
LMT,126,120,ewma_vol,0.017232
LMT,126,120,garch_cond_vol,0.012193
LMT,126,120,ret_TARGET,0.0
LMT,126,120,tech_RSI,0.0
LMT,126,120,tech_MACD_hist,0.031237
LMT,126,120,ret_VIXY,0.0
LMT,126,120,mom21_VIXY,0.019383
LMT,126,120,ret_HYG,0.0
LMT,126,120,mom21_HYG,0.025481
LMT,126,120,ret_USO,0.0
LMT,126,120,mom21_USO,0.008462
LMT,126,120,ret_TLT,0.0
LMT,126,120,mom21_TLT,0.00987
LMT,126,120,ret_UUP,0.0
LMT,126,120,mom21_UUP,0.011524
LMT,126,120,ret_SPY,0.004976
LMT,126,120,mom21_SPY,0.021433
LMT,126,120,vol_vel,0.010942
LMT,126,120,vol_of_vol,0.007968
LMT,126,120,vol_regime_zscore,0.0243
LMT,126,120,vol_chg_21d,0.005931
LMT,126,120,event_fed_gravity,0.037128
LMT,126,120,event_earn_gravity,0.0
LMT,126,120,event_div_gravity,0.0
LMT,126,120,event_cpi_gravity,0.044528
LMT,126,120,event_nfp_gravity,0.04239
LMT,126,120,put_call_skew_30d,0.0
LMT,126,120,term_structure_slope,0.0148
LMT,126,120,vrp_wedge,0.005528
LMT,126,120,iv_atm_z_score,0.027384
LMT,126,120,macro_yield_curve_slope,0.061258
LMT,126,120,macro_hy_spread,0.047366
LMT,126,120,macro_hy_spread_chg_5d,0.007746
LMT,126,120,macro_breakeven_5y,0.066573
LMT,126,120,macro_inflation_fwd_5y5y,0.060137
LMT,126,120,macro_inflation_fwd_chg_21d,0.004241
LMT,126,120,macro_inflation_fwd_abs_chg_21d,0.0
LMT,126,120,macro_inflation_fwd_chg_63d,0.011355
LMT,126,120,macro_inflation_fwd_zscore,0.021483
LMT,126,120,macro_dollar_ret,0.0
LMT,126,120,beta_spy,0.027921
LMT,126,120,res_vol,0.036159
LMT,126,120,res_vol_vel,0.007774
LMT,126,120,price_regime,0.010172
LMT,126,120,corr_sector_21d,0.010931
LMT,126,120,corr_sector_252d,0.04395
LMT,126,120,sector_wedge,0.023533
LMT,126,121,rv_5d,0.104158
LMT,126,121,rv_10d,0.052549
LMT,126,121,rv_21d,0.018998
LMT,126,121,rv_63d,0.017107
LMT,126,121,rv_126d,0.033997
LMT,126,121,ewma_vol,0.015416
LMT,126,121,garch_cond_vol,0.012724
LMT,126,121,ret_TARGET,0.0
LMT,126,121,tech_RSI,0.0
LMT,126,121,tech_MACD_hist,0.016828
LMT,126,121,ret_VIXY,0.0
LMT,126,121,mom21_VIXY,0.016102
LMT,126,121,ret_HYG,0.0
LMT,126,121,mom21_HYG,0.031192
LMT,126,121,ret_USO,0.0
LMT,126,121,mom21_USO,0.008276
LMT,126,121,ret_TLT,0.0
LMT,126,121,mom21_TLT,0.014217
LMT,126,121,ret_UUP,0.0
LMT,126,121,mom21_UUP,0.005813
LMT,126,121,ret_SPY,0.0
LMT,126,121,mom21_SPY,0.006777
LMT,126,121,vol_vel,0.013743
LMT,126,121,vol_of_vol,0.005552
LMT,126,121,vol_regime_zscore,0.018382
LMT,126,121,vol_chg_21d,0.005705
LMT,126,121,event_fed_gravity,0.038129
LMT,126,121,event_earn_gravity,0.0
LMT,126,121,event_div_gravity,0.0
LMT,126,121,event_cpi_gravity,0.042447
LMT,126,121,event_nfp_gravity,0.042035
LMT,126,121,put_call_skew_30d,0.005592
LMT,126,121,term_structure_slope,0.037327
LMT,126,121,vrp_wedge,0.005477
LMT,126,121,iv_atm_z_score,0.01891
LMT,126,121,macro_yield_curve_slope,0.058408
LMT,126,121,macro_hy_spread,0.04553
LMT,126,121,macro_hy_spread_chg_5d,0.012777
LMT,126,121,macro_breakeven_5y,0.069341
LMT,126,121,macro_inflation_fwd_5y5y,0.059153
LMT,126,121,macro_inflation_fwd_chg_21d,0.0
LMT,126,121,macro_inflation_fwd_abs_chg_21d,0.0
LMT,126,121,macro_inflation_fwd_chg_63d,0.011309
LMT,126,121,macro_inflation_fwd_zscore,0.018061
LMT,126,121,macro_dollar_ret,0.0
LMT,126,121,beta_spy,0.02144
LMT,126,121,res_vol,0.033229
LMT,126,121,res_vol_vel,0.00631
LMT,126,121,price_regime,0.009962
LMT,126,121,corr_sector_21d,0.006688
LMT,126,121,corr_sector_252d,0.046341
LMT,126,121,sector_wedge,0.013997
LMT,126,122,rv_5d,0.074845
LMT,126,122,rv_10d,0.051929
LMT,126,122,rv_21d,0.020828
LMT,126,122,rv_63d,0.020952
LMT,126,122,rv_126d,0.035682
LMT,126,122,ewma_vol,0.019632
LMT,126,122,garch_cond_vol,0.01301
LMT,126,122,ret_TARGET,0.0
LMT,126,122,tech_RSI,0.0
LMT,126,122,tech_MACD_hist,0.017124
LMT,126,122,ret_VIXY,0.0
LMT,126,122,mom21_VIXY,0.019732
LMT,126,122,ret_HYG,0.0
LMT,126,122,mom21_HYG,0.034041
LMT,126,122,ret_USO,0.0
LMT,126,122,mom21_USO,0.008175
LMT,126,122,ret_TLT,0.0
LMT,126,122,mom21_TLT,0.009482
LMT,126,122,ret_UUP,0.0
LMT,126,122,mom21_UUP,0.0
LMT,126,122,ret_SPY,0.0
LMT,126,122,mom21_SPY,0.006197
LMT,126,122,vol_vel,0.010737
LMT,126,122,vol_of_vol,0.005999
LMT,126,122,vol_regime_zscore,0.01809
LMT,126,122,vol_chg_21d,0.006359
LMT,126,122,event_fed_gravity,0.044788
LMT,126,122,event_earn_gravity,0.0
LMT,126,122,event_div_gravity,0.0
LMT,126,122,event_cpi_gravity,0.037422
LMT,126,122,event_nfp_gravity,0.030927
LMT,126,122,put_call_skew_30d,0.0
LMT,126,122,term_structure_slope,0.038675
LMT,126,122,vrp_wedge,0.005696
LMT,126,122,iv_atm_z_score,0.022816
LMT,126,122,macro_yield_curve_slope,0.064782
LMT,126,122,macro_hy_spread,0.045243
LMT,126,122,macro_hy_spread_chg_5d,0.011533
LMT,126,122,macro_breakeven_5y,0.072881
LMT,126,122,macro_inflation_fwd_5y5y,0.060827
LMT,126,122,macro_inflation_fwd_chg_21d,0.004711
LMT,126,122,macro_inflation_fwd_abs_chg_21d,0.0
LMT,126,122,macro_inflation_fwd_chg_63d,0.010376
LMT,126,122,macro_inflation_fwd_zscore,0.02116
LMT,126,122,macro_dollar_ret,0.0
LMT,126,122,beta_spy,0.020606
LMT,126,122,res_vol,0.035716
LMT,126,122,res_vol_vel,0.0
LMT,126,122,price_regime,0.014683
LMT,126,122,corr_sector_21d,0.015662
LMT,126,122,corr_sector_252d,0.052525
LMT,126,122,sector_wedge,0.016157
LMT,126,123,rv_5d,0.029772
LMT,126,123,rv_10d,0.054893
LMT,126,123,rv_21d,0.038852
LMT,126,123,rv_63d,0.017436
LMT,126,123,rv_126d,0.033903
LMT,126,123,ewma_vol,0.025917
LMT,126,123,garch_cond_vol,0.013444
LMT,126,123,ret_TARGET,0.0
LMT,126,123,tech_RSI,0.0
LMT,126,123,tech_MACD_hist,0.012798
LMT,126,123,ret_VIXY,0.0
LMT,126,123,mom21_VIXY,0.020808
LMT,126,123,ret_HYG,0.0
LMT,126,123,mom21_HYG,0.031772
LMT,126,123,ret_USO,0.0
LMT,126,123,mom21_USO,0.008497
LMT,126,123,ret_TLT,0.0
LMT,126,123,mom21_TLT,0.015731
LMT,126,123,ret_UUP,0.0
LMT,126,123,mom21_UUP,0.019658
LMT,126,123,ret_SPY,0.0
LMT,126,123,mom21_SPY,0.011775
LMT,126,123,vol_vel,0.0089
LMT,126,123,vol_of_vol,0.007653
LMT,126,123,vol_regime_zscore,0.016835
LMT,126,123,vol_chg_21d,0.0
LMT,126,123,event_fed_gravity,0.042233
LMT,126,123,event_earn_gravity,0.0
LMT,126,123,event_div_gravity,0.0
LMT,126,123,event_cpi_gravity,0.03753
LMT,126,123,event_nfp_gravity,0.03479
LMT,126,123,put_call_skew_30d,0.013875
LMT,126,123,term_structure_slope,0.036314
LMT,126,123,vrp_wedge,0.00675
LMT,126,123,iv_atm_z_score,0.021793
LMT,126,123,macro_yield_curve_slope,0.062937
LMT,126,123,macro_hy_spread,0.045799
LMT,126,123,macro_hy_spread_chg_5d,0.010023
LMT,126,123,macro_breakeven_5y,0.075788
LMT,126,123,macro_inflation_fwd_5y5y,0.057312
LMT,126,123,macro_inflation_fwd_chg_21d,0.0
LMT,126,123,macro_inflation_fwd_abs_chg_21d,0.0
LMT,126,123,macro_inflation_fwd_chg_63d,0.010478
LMT,126,123,macro_inflation_fwd_zscore,0.022582
LMT,126,123,macro_dollar_ret,0.0
LMT,126,123,beta_spy,0.018714
LMT,126,123,res_vol,0.037984
LMT,126,123,res_vol_vel,0.01029
LMT,126,123,price_regime,0.009076
LMT,126,123,corr_sector_21d,0.008729
LMT,126,123,corr_sector_252d,0.05132
LMT,126,123,sector_wedge,0.017039
LMT,126,124,rv_5d,0.040469
LMT,126,124,rv_10d,0.014716
LMT,126,124,rv_21d,0.036782
LMT,126,124,rv_63d,0.024822
LMT,126,124,rv_126d,0.035729
LMT,126,124,ewma_vol,0.027608
LMT,126,124,garch_cond_vol,0.025888
LMT,126,124,ret_TARGET,0.0
LMT,126,124,tech_RSI,0.0
LMT,126,124,tech_MACD_hist,0.0142
LMT,126,124,ret_VIXY,0.0
LMT,126,124,mom21_VIXY,0.022775
LMT,126,124,ret_HYG,0.0
LMT,126,124,mom21_HYG,0.032872
LMT,126,124,ret_USO,0.0
LMT,126,124,mom21_USO,0.010904
LMT,126,124,ret_TLT,0.0
LMT,126,124,mom21_TLT,0.013031
LMT,126,124,ret_UUP,0.0
LMT,126,124,mom21_UUP,0.0127
LMT,126,124,ret_SPY,0.0
LMT,126,124,mom21_SPY,0.017485
LMT,126,124,vol_vel,0.01044
LMT,126,124,vol_of_vol,0.006639
LMT,126,124,vol_regime_zscore,0.018134
LMT,126,124,vol_chg_21d,0.014384
LMT,126,124,event_fed_gravity,0.039247
LMT,126,124,event_earn_gravity,0.0
LMT,126,124,event_div_gravity,0.0
LMT,126,124,event_cpi_gravity,0.047344
LMT,126,124,event_nfp_gravity,0.036068
LMT,126,124,put_call_skew_30d,0.010026
LMT,126,124,term_structure_slope,0.0
LMT,126,124,vrp_wedge,0.005721
LMT,126,124,iv_atm_z_score,0.023137
LMT,126,124,macro_yield_curve_slope,0.068068
LMT,126,124,macro_hy_spread,0.05195
LMT,126,124,macro_hy_spread_chg_5d,0.010529
LMT,126,124,macro_breakeven_5y,0.068538
LMT,126,124,macro_inflation_fwd_5y5y,0.063991
LMT,126,124,macro_inflation_fwd_chg_21d,0.004261
LMT,126,124,macro_inflation_fwd_abs_chg_21d,0.0
LMT,126,124,macro_inflation_fwd_chg_63d,0.010688
LMT,126,124,macro_inflation_fwd_zscore,0.019594
LMT,126,124,macro_dollar_ret,0.0
LMT,126,124,beta_spy,0.023894
LMT,126,124,res_vol,0.031922
LMT,126,124,res_vol_vel,0.0
LMT,126,124,price_regime,0.012847
LMT,126,124,corr_sector_21d,0.010827
LMT,126,124,corr_sector_252d,0.058286
LMT,126,124,sector_wedge,0.023483
LMT,126,125,rv_5d,0.050392
LMT,126,125,rv_10d,0.031211
LMT,126,125,rv_21d,0.035332
LMT,126,125,rv_63d,0.019879
LMT,126,125,rv_126d,0.036858
LMT,126,125,ewma_vol,0.018718
LMT,126,125,garch_cond_vol,0.028131
LMT,126,125,ret_TARGET,0.0
LMT,126,125,tech_RSI,0.0
LMT,126,125,tech_MACD_hist,0.016142
LMT,126,125,ret_VIXY,0.0
LMT,126,125,mom21_VIXY,0.024579
LMT,126,125,ret_HYG,0.0
LMT,126,125,mom21_HYG,0.035603
LMT,126,125,ret_USO,0.0
LMT,126,125,mom21_USO,0.008472
LMT,126,125,ret_TLT,0.0
LMT,126,125,mom21_TLT,0.01928
LMT,126,125,ret_UUP,0.0
LMT,126,125,mom21_UUP,0.0
LMT,126,125,ret_SPY,0.0
LMT,126,125,mom21_SPY,0.00702
LMT,126,125,vol_vel,0.021478
LMT,126,125,vol_of_vol,0.007457
LMT,126,125,vol_regime_zscore,0.017653
LMT,126,125,vol_chg_21d,0.020099
LMT,126,125,event_fed_gravity,0.046851
LMT,126,125,event_earn_gravity,0.0
LMT,126,125,event_div_gravity,0.0
LMT,126,125,event_cpi_gravity,0.049544
LMT,126,125,event_nfp_gravity,0.034496
LMT,126,125,put_call_skew_30d,0.006226
LMT,126,125,term_structure_slope,0.013815
LMT,126,125,vrp_wedge,0.005798
LMT,126,125,iv_atm_z_score,0.019131
LMT,126,125,macro_yield_curve_slope,0.066426
LMT,126,125,macro_hy_spread,0.049628
LMT,126,125,macro_hy_spread_chg_5d,0.009244
LMT,126,125,macro_breakeven_5y,0.061945
LMT,126,125,macro_inflation_fwd_5y5y,0.060725
LMT,126,125,macro_inflation_fwd_chg_21d,0.004409
LMT,126,125,macro_inflation_fwd_abs_chg_21d,0.0
LMT,126,125,macro_inflation_fwd_chg_63d,0.009626
LMT,126,125,macro_inflation_fwd_zscore,0.020024
LMT,126,125,macro_dollar_ret,0.0
LMT,126,125,beta_spy,0.018737
LMT,126,125,res_vol,0.036885
LMT,126,125,res_vol_vel,0.0
LMT,126,125,price_regime,0.009636
LMT,126,125,corr_sector_21d,0.011422
LMT,126,125,corr_sector_252d,0.052716
LMT,126,125,sector_wedge,0.014413
LMT,126,126,rv_5d,0.028722
LMT,126,126,rv_10d,0.030165
LMT,126,126,rv_21d,0.039405
LMT,126,126,rv_63d,0.024256
LMT,126,126,rv_126d,0.036396
LMT,126,126,ewma_vol,0.021181
LMT,126,126,garch_cond_vol,0.019745
LMT,126,126,ret_TARGET,0.0
LMT,126,126,tech_RSI,0.0
LMT,126,126,tech_MACD_hist,0.021518
LMT,126,126,ret_VIXY,0.0
LMT,126,126,mom21_VIXY,0.027737
LMT,126,126,ret_HYG,0.0
LMT,126,126,mom21_HYG,0.040743
LMT,126,126,ret_USO,0.0
LMT,126,126,mom21_USO,0.009978
LMT,126,126,ret_TLT,0.0
LMT,126,126,mom21_TLT,0.023893
LMT,126,126,ret_UUP,0.0
LMT,126,126,mom21_UUP,0.0
LMT,126,126,ret_SPY,0.0
LMT,126,126,mom21_SPY,0.0
LMT,126,126,vol_vel,0.010103
LMT,126,126,vol_of_vol,0.008222
LMT,126,126,vol_regime_zscore,0.021497
LMT,126,126,vol_chg_21d,0.004558
LMT,126,126,event_fed_gravity,0.042322
LMT,126,126,event_earn_gravity,0.0
LMT,126,126,event_div_gravity,0.0
LMT,126,126,event_cpi_gravity,0.045189
LMT,126,126,event_nfp_gravity,0.033651
LMT,126,126,put_call_skew_30d,0.009962
LMT,126,126,term_structure_slope,0.0
LMT,126,126,vrp_wedge,0.005992
LMT,126,126,iv_atm_z_score,0.025768
LMT,126,126,macro_yield_curve_slope,0.075369
LMT,126,126,macro_hy_spread,0.053948
LMT,126,126,macro_hy_spread_chg_5d,0.009192
LMT,126,126,macro_breakeven_5y,0.070464
LMT,126,126,macro_inflation_fwd_5y5y,0.062383
LMT,126,126,macro_inflation_fwd_chg_21d,0.0
LMT,126,126,macro_inflation_fwd_abs_chg_21d,0.0
LMT,126,126,macro_inflation_fwd_chg_63d,0.010752
LMT,126,126,macro_inflation_fwd_zscore,0.019614
LMT,126,126,macro_dollar_ret,0.0
LMT,126,126,beta_spy,0.017965
LMT,126,126,res_vol,0.037715
LMT,126,126,res_vol_vel,0.0
LMT,126,126,price_regime,0.012656
LMT,126,126,corr_sector_21d,0.016871
LMT,126,126,corr_sector_252d,0.061261
LMT,126,126,sector_wedge,0.020806
LMT,126,127,rv_5d,0.0
LMT,126,127,rv_10d,0.018142
LMT,126,127,rv_21d,0.026105
LMT,126,127,rv_63d,0.02514
LMT,126,127,rv_126d,0.035462
LMT,126,127,ewma_vol,0.025864
LMT,126,127,garch_cond_vol,0.013458
LMT,126,127,ret_TARGET,0.0
LMT,126,127,tech_RSI,0.0
LMT,126,127,tech_MACD_hist,0.025757
LMT,126,127,ret_VIXY,0.0
LMT,126,127,mom21_VIXY,0.025505
LMT,126,127,ret_HYG,0.0
LMT,126,127,mom21_HYG,0.037655
LMT,126,127,ret_USO,0.0
LMT,126,127,mom21_USO,0.007954
LMT,126,127,ret_TLT,0.0
LMT,126,127,mom21_TLT,0.021777
LMT,126,127,ret_UUP,0.0
LMT,126,127,mom21_UUP,0.0
LMT,126,127,ret_SPY,0.0
LMT,126,127,mom21_SPY,0.005094
LMT,126,127,vol_vel,0.036784
LMT,126,127,vol_of_vol,0.009154
LMT,126,127,vol_regime_zscore,0.013553
LMT,126,127,vol_chg_21d,0.0
LMT,126,127,event_fed_gravity,0.025383
LMT,126,127,event_earn_gravity,0.0
LMT,126,127,event_div_gravity,0.0
LMT,126,127,event_cpi_gravity,0.049982
LMT,126,127,event_nfp_gravity,0.051789
LMT,126,127,put_call_skew_30d,0.01651
LMT,126,127,term_structure_slope,0.062042
LMT,126,127,vrp_wedge,0.005962
LMT,126,127,iv_atm_z_score,0.026202
LMT,126,127,macro_yield_curve_slope,0.069252
LMT,126,127,macro_hy_spread,0.044805
LMT,126,127,macro_hy_spread_chg_5d,0.007929
LMT,126,127,macro_breakeven_5y,0.065372
LMT,126,127,macro_inflation_fwd_5y5y,0.052557
LMT,126,127,macro_inflation_fwd_chg_21d,0.004382
LMT,126,127,macro_inflation_fwd_abs_chg_21d,0.0
LMT,126,127,macro_inflation_fwd_chg_63d,0.017125
LMT,126,127,macro_inflation_fwd_zscore,0.017672
LMT,126,127,macro_dollar_ret,0.0
LMT,126,127,beta_spy,0.018705
LMT,126,127,res_vol,0.038999
LMT,126,127,res_vol_vel,0.0
LMT,126,127,price_regime,0.007356
LMT,126,127,corr_sector_21d,0.012721
LMT,126,127,corr_sector_252d,0.058444
LMT,126,127,sector_wedge,0.019408
LMT,126,128,rv_5d,0.017597
LMT,126,128,rv_10d,0.032224
LMT,126,128,rv_21d,0.016763
LMT,126,128,rv_63d,0.029122
LMT,126,128,rv_126d,0.03826
LMT,126,128,ewma_vol,0.015402
LMT,126,128,garch_cond_vol,0.01415
LMT,126,128,ret_TARGET,0.0
LMT,126,128,tech_RSI,0.005424
LMT,126,128,tech_MACD_hist,0.016763
LMT,126,128,ret_VIXY,0.0
LMT,126,128,mom21_VIXY,0.030122
LMT,126,128,ret_HYG,0.0
LMT,126,128,mom21_HYG,0.032914
LMT,126,128,ret_USO,0.0
LMT,126,128,mom21_USO,0.008294
LMT,126,128,ret_TLT,0.0
LMT,126,128,mom21_TLT,0.013626
LMT,126,128,ret_UUP,0.0
LMT,126,128,mom21_UUP,0.0
LMT,126,128,ret_SPY,0.0
LMT,126,128,mom21_SPY,0.007343
LMT,126,128,vol_vel,0.037584
LMT,126,128,vol_of_vol,0.009123
LMT,126,128,vol_regime_zscore,0.013176
LMT,126,128,vol_chg_21d,0.006134
LMT,126,128,event_fed_gravity,0.032273
LMT,126,128,event_earn_gravity,0.0
LMT,126,128,event_div_gravity,0.0
LMT,126,128,event_cpi_gravity,0.042484
LMT,126,128,event_nfp_gravity,0.050447
LMT,126,128,put_call_skew_30d,0.022199
LMT,126,128,term_structure_slope,0.016814
LMT,126,128,vrp_wedge,0.00582
LMT,126,128,iv_atm_z_score,0.022675
LMT,126,128,macro_yield_curve_slope,0.075246
LMT,126,128,macro_hy_spread,0.045167
LMT,126,128,macro_hy_spread_chg_5d,0.009675
LMT,126,128,macro_breakeven_5y,0.066833
LMT,126,128,macro_inflation_fwd_5y5y,0.061025
LMT,126,128,macro_inflation_fwd_chg_21d,0.004271
LMT,126,128,macro_inflation_fwd_abs_chg_21d,0.0
LMT,126,128,macro_inflation_fwd_chg_63d,0.017197
LMT,126,128,macro_inflation_fwd_zscore,0.017961
LMT,126,128,macro_dollar_ret,0.0
LMT,126,128,beta_spy,0.017256
LMT,126,128,res_vol,0.036199
LMT,126,128,res_vol_vel,0.0
LMT,126,128,price_regime,0.014492
LMT,126,128,corr_sector_21d,0.011023
LMT,126,128,corr_sector_252d,0.065595
LMT,126,128,sector_wedge,0.02133
LMT,126,129,rv_5d,0.0
LMT,126,129,rv_10d,0.028224
LMT,126,129,rv_21d,0.036881
LMT,126,129,rv_63d,0.032222
LMT,126,129,rv_126d,0.033425
LMT,126,129,ewma_vol,0.01711
LMT,126,129,garch_cond_vol,0.015082
LMT,126,129,ret_TARGET,0.0
LMT,126,129,tech_RSI,0.010948
LMT,126,129,tech_MACD_hist,0.023401
LMT,126,129,ret_VIXY,0.0
LMT,126,129,mom21_VIXY,0.028825
LMT,126,129,ret_HYG,0.0
LMT,126,129,mom21_HYG,0.037781
LMT,126,129,ret_USO,0.0
LMT,126,129,mom21_USO,0.007529
LMT,126,129,ret_TLT,0.0
LMT,126,129,mom21_TLT,0.010333
LMT,126,129,ret_UUP,0.0
LMT,126,129,mom21_UUP,0.0
LMT,126,129,ret_SPY,0.0
LMT,126,129,mom21_SPY,0.0
LMT,126,129,vol_vel,0.042047
LMT,126,129,vol_of_vol,0.010303
LMT,126,129,vol_regime_zscore,0.013129
LMT,126,129,vol_chg_21d,0.01014
LMT,126,129,event_fed_gravity,0.025446
LMT,126,129,event_earn_gravity,0.0
LMT,126,129,event_div_gravity,0.0
LMT,126,129,event_cpi_gravity,0.052519
LMT,126,129,event_nfp_gravity,0.047968
LMT,126,129,put_call_skew_30d,0.021846
LMT,126,129,term_structure_slope,0.017119
LMT,126,129,vrp_wedge,0.006322
LMT,126,129,iv_atm_z_score,0.022836
LMT,126,129,macro_yield_curve_slope,0.076043
LMT,126,129,macro_hy_spread,0.042036
LMT,126,129,macro_hy_spread_chg_5d,0.006758
LMT,126,129,macro_breakeven_5y,0.066615
LMT,126,129,macro_inflation_fwd_5y5y,0.054968
LMT,126,129,macro_inflation_fwd_chg_21d,0.0
LMT,126,129,macro_inflation_fwd_abs_chg_21d,0.0
LMT,126,129,macro_inflation_fwd_chg_63d,0.018134
LMT,126,129,macro_inflation_fwd_zscore,0.017557
LMT,126,129,macro_dollar_ret,0.0
LMT,126,129,beta_spy,0.020011
LMT,126,129,res_vol,0.040414
LMT,126,129,res_vol_vel,0.008589
LMT,126,129,price_regime,0.009663
LMT,126,129,corr_sector_21d,0.012718
LMT,126,129,corr_sector_252d,0.054962
LMT,126,129,sector_wedge,0.020098
LMT,126,130,rv_5d,0.0
LMT,126,130,rv_10d,0.022362
LMT,126,130,rv_21d,0.023589
LMT,126,130,rv_63d,0.029365
LMT,126,130,rv_126d,0.038823
LMT,126,130,ewma_vol,0.023836
LMT,126,130,garch_cond_vol,0.013645
LMT,126,130,ret_TARGET,0.0
LMT,126,130,tech_RSI,0.011296
LMT,126,130,tech_MACD_hist,0.015918
LMT,126,130,ret_VIXY,0.0
LMT,126,130,mom21_VIXY,0.033971
LMT,126,130,ret_HYG,0.0
LMT,126,130,mom21_HYG,0.034103
LMT,126,130,ret_USO,0.0
LMT,126,130,mom21_USO,0.010033
LMT,126,130,ret_TLT,0.0
LMT,126,130,mom21_TLT,0.014119
LMT,126,130,ret_UUP,0.0
LMT,126,130,mom21_UUP,0.0
LMT,126,130,ret_SPY,0.0
LMT,126,130,mom21_SPY,0.009166
LMT,126,130,vol_vel,0.034511
LMT,126,130,vol_of_vol,0.01348
LMT,126,130,vol_regime_zscore,0.014022
LMT,126,130,vol_chg_21d,0.007748
LMT,126,130,event_fed_gravity,0.041665
LMT,126,130,event_earn_gravity,0.0
LMT,126,130,event_div_gravity,0.0
LMT,126,130,event_cpi_gravity,0.046728
LMT,126,130,event_nfp_gravity,0.043746
LMT,126,130,put_call_skew_30d,0.015169
LMT,126,130,term_structure_slope,0.0
LMT,126,130,vrp_wedge,0.007091
LMT,126,130,iv_atm_z_score,0.02453
LMT,126,130,macro_yield_curve_slope,0.069824
LMT,126,130,macro_hy_spread,0.050618
LMT,126,130,macro_hy_spread_chg_5d,0.009308
LMT,126,130,macro_breakeven_5y,0.062271
LMT,126,130,macro_inflation_fwd_5y5y,0.067649
LMT,126,130,macro_inflation_fwd_chg_21d,0.004748
LMT,126,130,macro_inflation_fwd_abs_chg_21d,0.0
LMT,126,130,macro_inflation_fwd_chg_63d,0.021568
LMT,126,130,macro_inflation_fwd_zscore,0.018633
LMT,126,130,macro_dollar_ret,0.0
LMT,126,130,beta_spy,0.015869
LMT,126,130,res_vol,0.041889
LMT,126,130,res_vol_vel,0.0
LMT,126,130,price_regime,0.015799
LMT,126,130,corr_sector_21d,0.0095
LMT,126,130,corr_sector_252d,0.060546
LMT,126,130,sector_wedge,0.02286
LMT,126,131,rv_5d,0.017501
LMT,126,131,rv_10d,0.030119
LMT,126,131,rv_21d,0.021524
LMT,126,131,rv_63d,0.028358
LMT,126,131,rv_126d,0.039625
LMT,126,131,ewma_vol,0.020435
LMT,126,131,garch_cond_vol,0.021263
LMT,126,131,ret_TARGET,0.0
LMT,126,131,tech_RSI,0.00502
LMT,126,131,tech_MACD_hist,0.018603
LMT,126,131,ret_VIXY,0.0
LMT,126,131,mom21_VIXY,0.02817
LMT,126,131,ret_HYG,0.0
LMT,126,131,mom21_HYG,0.033228
LMT,126,131,ret_USO,0.0
LMT,126,131,mom21_USO,0.009976
LMT,126,131,ret_TLT,0.0
LMT,126,131,mom21_TLT,0.020496
LMT,126,131,ret_UUP,0.0
LMT,126,131,mom21_UUP,0.0
LMT,126,131,ret_SPY,0.0
LMT,126,131,mom21_SPY,0.005214
LMT,126,131,vol_vel,0.040696
LMT,126,131,vol_of_vol,0.008219
LMT,126,131,vol_regime_zscore,0.01233
LMT,126,131,vol_chg_21d,0.005871
LMT,126,131,event_fed_gravity,0.021454
LMT,126,131,event_earn_gravity,0.0
LMT,126,131,event_div_gravity,0.0
LMT,126,131,event_cpi_gravity,0.04764
LMT,126,131,event_nfp_gravity,0.072995
LMT,126,131,put_call_skew_30d,0.018907
LMT,126,131,term_structure_slope,0.011961
LMT,126,131,vrp_wedge,0.006446
LMT,126,131,iv_atm_z_score,0.019939
LMT,126,131,macro_yield_curve_slope,0.066392
LMT,126,131,macro_hy_spread,0.048775
LMT,126,131,macro_hy_spread_chg_5d,0.006988
LMT,126,131,macro_breakeven_5y,0.060877
LMT,126,131,macro_inflation_fwd_5y5y,0.060771
LMT,126,131,macro_inflation_fwd_chg_21d,0.014064
LMT,126,131,macro_inflation_fwd_abs_chg_21d,0.0
LMT,126,131,macro_inflation_fwd_chg_63d,0.015392
LMT,126,131,macro_inflation_fwd_zscore,0.020409
LMT,126,131,macro_dollar_ret,0.0
LMT,126,131,beta_spy,0.02075
LMT,126,131,res_vol,0.033747
LMT,126,131,res_vol_vel,0.0
LMT,126,131,price_regime,0.008701
LMT,126,131,corr_sector_21d,0.006025
LMT,126,131,corr_sector_252d,0.056103
LMT,126,131,sector_wedge,0.015016
LMT,126,132,rv_5d,0.005796
LMT,126,132,rv_10d,0.026987
LMT,126,132,rv_21d,0.03963
LMT,126,132,rv_63d,0.032129
LMT,126,132,rv_126d,0.035135
LMT,126,132,ewma_vol,0.022724
LMT,126,132,garch_cond_vol,0.012864
LMT,126,132,ret_TARGET,0.0
LMT,126,132,tech_RSI,0.0
LMT,126,132,tech_MACD_hist,0.019431
LMT,126,132,ret_VIXY,0.0
LMT,126,132,mom21_VIXY,0.029116
LMT,126,132,ret_HYG,0.0
LMT,126,132,mom21_HYG,0.032594
LMT,126,132,ret_USO,0.0
LMT,126,132,mom21_USO,0.006587
LMT,126,132,ret_TLT,0.0
LMT,126,132,mom21_TLT,0.015589
LMT,126,132,ret_UUP,0.0
LMT,126,132,mom21_UUP,0.010041
LMT,126,132,ret_SPY,0.0
LMT,126,132,mom21_SPY,0.005162
LMT,126,132,vol_vel,0.040557
LMT,126,132,vol_of_vol,0.017093
LMT,126,132,vol_regime_zscore,0.01258
LMT,126,132,vol_chg_21d,0.006089
LMT,126,132,event_fed_gravity,0.034012
LMT,126,132,event_earn_gravity,0.0
LMT,126,132,event_div_gravity,0.0
LMT,126,132,event_cpi_gravity,0.054711
LMT,126,132,event_nfp_gravity,0.032279
LMT,126,132,put_call_skew_30d,0.014508
LMT,126,132,term_structure_slope,0.013046
LMT,126,132,vrp_wedge,0.0057
LMT,126,132,iv_atm_z_score,0.032216
LMT,126,132,macro_yield_curve_slope,0.068143
LMT,126,132,macro_hy_spread,0.040795
LMT,126,132,macro_hy_spread_chg_5d,0.007069
LMT,126,132,macro_breakeven_5y,0.065224
LMT,126,132,macro_inflation_fwd_5y5y,0.061859
LMT,126,132,macro_inflation_fwd_chg_21d,0.005474
LMT,126,132,macro_inflation_fwd_abs_chg_21d,0.0
LMT,126,132,macro_inflation_fwd_chg_63d,0.018471
LMT,126,132,macro_inflation_fwd_zscore,0.023493
LMT,126,132,macro_dollar_ret,0.0
LMT,126,132,beta_spy,0.015954
LMT,126,132,res_vol,0.042379
LMT,126,132,res_vol_vel,0.0
LMT,126,132,price_regime,0.014493
LMT,126,132,corr_sector_21d,0.016094
LMT,126,132,corr_sector_252d,0.049125
LMT,126,132,sector_wedge,0.014852
LMT,126,133,rv_5d,0.017766
LMT,126,133,rv_10d,0.03172
LMT,126,133,rv_21d,0.02726
LMT,126,133,rv_63d,0.031124
LMT,126,133,rv_126d,0.035394
LMT,126,133,ewma_vol,0.021041
LMT,126,133,garch_cond_vol,0.016445
LMT,126,133,ret_TARGET,0.0
LMT,126,133,tech_RSI,0.005386
LMT,126,133,tech_MACD_hist,0.021251
LMT,126,133,ret_VIXY,0.0
LMT,126,133,mom21_VIXY,0.024736
LMT,126,133,ret_HYG,0.0
LMT,126,133,mom21_HYG,0.035947
LMT,126,133,ret_USO,0.0
LMT,126,133,mom21_USO,0.008226
LMT,126,133,ret_TLT,0.0
LMT,126,133,mom21_TLT,0.012291
LMT,126,133,ret_UUP,0.0
LMT,126,133,mom21_UUP,0.004716
LMT,126,133,ret_SPY,0.0
LMT,126,133,mom21_SPY,0.0
LMT,126,133,vol_vel,0.029168
LMT,126,133,vol_of_vol,0.012842
LMT,126,133,vol_regime_zscore,0.012328
LMT,126,133,vol_chg_21d,0.004882
LMT,126,133,event_fed_gravity,0.043677
LMT,126,133,event_earn_gravity,0.0
LMT,126,133,event_div_gravity,0.0
LMT,126,133,event_cpi_gravity,0.034265
LMT,126,133,event_nfp_gravity,0.039118
LMT,126,133,put_call_skew_30d,0.020733
LMT,126,133,term_structure_slope,0.016435
LMT,126,133,vrp_wedge,0.006643
LMT,126,133,iv_atm_z_score,0.02891
LMT,126,133,macro_yield_curve_slope,0.070685
LMT,126,133,macro_hy_spread,0.044242
LMT,126,133,macro_hy_spread_chg_5d,0.007122
LMT,126,133,macro_breakeven_5y,0.061905
LMT,126,133,macro_inflation_fwd_5y5y,0.062865
LMT,126,133,macro_inflation_fwd_chg_21d,0.011515
LMT,126,133,macro_inflation_fwd_abs_chg_21d,0.0
LMT,126,133,macro_inflation_fwd_chg_63d,0.015483
LMT,126,133,macro_inflation_fwd_zscore,0.019632
LMT,126,133,macro_dollar_ret,0.0
LMT,126,133,beta_spy,0.019419
LMT,126,133,res_vol,0.037781
LMT,126,133,res_vol_vel,0.00676
LMT,126,133,price_regime,0.017837
LMT,126,133,corr_sector_21d,0.008165
LMT,126,133,corr_sector_252d,0.056589
LMT,126,133,sector_wedge,0.017698
LMT,126,134,rv_5d,0.067611
LMT,126,134,rv_10d,0.032981
LMT,126,134,rv_21d,0.033323
LMT,126,134,rv_63d,0.036928
LMT,126,134,rv_126d,0.025692
LMT,126,134,ewma_vol,0.016907
LMT,126,134,garch_cond_vol,0.015172
LMT,126,134,ret_TARGET,0.0
LMT,126,134,tech_RSI,0.0
LMT,126,134,tech_MACD_hist,0.01675
LMT,126,134,ret_VIXY,0.0
LMT,126,134,mom21_VIXY,0.028168
LMT,126,134,ret_HYG,0.0
LMT,126,134,mom21_HYG,0.032377
LMT,126,134,ret_USO,0.0
LMT,126,134,mom21_USO,0.006957
LMT,126,134,ret_TLT,0.0
LMT,126,134,mom21_TLT,0.004664
LMT,126,134,ret_UUP,0.0
LMT,126,134,mom21_UUP,0.012212
LMT,126,134,ret_SPY,0.0
LMT,126,134,mom21_SPY,0.007783
LMT,126,134,vol_vel,0.011564
LMT,126,134,vol_of_vol,0.008977
LMT,126,134,vol_regime_zscore,0.011713
LMT,126,134,vol_chg_21d,0.008484
LMT,126,134,event_fed_gravity,0.045366
LMT,126,134,event_earn_gravity,0.0
LMT,126,134,event_div_gravity,0.0
LMT,126,134,event_cpi_gravity,0.043726
LMT,126,134,event_nfp_gravity,0.02996
LMT,126,134,put_call_skew_30d,0.01886
LMT,126,134,term_structure_slope,0.014472
LMT,126,134,vrp_wedge,0.005629
LMT,126,134,iv_atm_z_score,0.022304
LMT,126,134,macro_yield_curve_slope,0.072091
LMT,126,134,macro_hy_spread,0.042496
LMT,126,134,macro_hy_spread_chg_5d,0.007203
LMT,126,134,macro_breakeven_5y,0.061913
LMT,126,134,macro_inflation_fwd_5y5y,0.061194
LMT,126,134,macro_inflation_fwd_chg_21d,0.0
LMT,126,134,macro_inflation_fwd_abs_chg_21d,0.0
LMT,126,134,macro_inflation_fwd_chg_63d,0.011055
LMT,126,134,macro_inflation_fwd_zscore,0.022434
LMT,126,134,macro_dollar_ret,0.0
LMT,126,134,beta_spy,0.016342
LMT,126,134,res_vol,0.038349
LMT,126,134,res_vol_vel,0.0
LMT,126,134,price_regime,0.029136
LMT,126,134,corr_sector_21d,0.013956
LMT,126,134,corr_sector_252d,0.051651
LMT,126,134,sector_wedge,0.0136
LMT,126,135,rv_5d,0.04371
LMT,126,135,rv_10d,0.031761
LMT,126,135,rv_21d,0.026112
LMT,126,135,rv_63d,0.04153
LMT,126,135,rv_126d,0.027878
LMT,126,135,ewma_vol,0.018249
LMT,126,135,garch_cond_vol,0.016779
LMT,126,135,ret_TARGET,0.0
LMT,126,135,tech_RSI,0.0
LMT,126,135,tech_MACD_hist,0.015027
LMT,126,135,ret_VIXY,0.0
LMT,126,135,mom21_VIXY,0.026013
LMT,126,135,ret_HYG,0.0
LMT,126,135,mom21_HYG,0.030321
LMT,126,135,ret_USO,0.0
LMT,126,135,mom21_USO,0.007033
LMT,126,135,ret_TLT,0.0
LMT,126,135,mom21_TLT,0.011398
LMT,126,135,ret_UUP,0.0
LMT,126,135,mom21_UUP,0.004132
LMT,126,135,ret_SPY,0.0
LMT,126,135,mom21_SPY,0.009544
LMT,126,135,vol_vel,0.020418
LMT,126,135,vol_of_vol,0.009952
LMT,126,135,vol_regime_zscore,0.012157
LMT,126,135,vol_chg_21d,0.004735
LMT,126,135,event_fed_gravity,0.038079
LMT,126,135,event_earn_gravity,0.0
LMT,126,135,event_div_gravity,0.0
LMT,126,135,event_cpi_gravity,0.047351
LMT,126,135,event_nfp_gravity,0.042926
LMT,126,135,put_call_skew_30d,0.027472
LMT,126,135,term_structure_slope,0.015974
LMT,126,135,vrp_wedge,0.00609
LMT,126,135,iv_atm_z_score,0.023608
LMT,126,135,macro_yield_curve_slope,0.068581
LMT,126,135,macro_hy_spread,0.040505
LMT,126,135,macro_hy_spread_chg_5d,0.006574
LMT,126,135,macro_breakeven_5y,0.055023
LMT,126,135,macro_inflation_fwd_5y5y,0.070002
LMT,126,135,macro_inflation_fwd_chg_21d,0.0
LMT,126,135,macro_inflation_fwd_abs_chg_21d,0.0
LMT,126,135,macro_inflation_fwd_chg_63d,0.01615
LMT,126,135,macro_inflation_fwd_zscore,0.021916
LMT,126,135,macro_dollar_ret,0.0
LMT,126,135,beta_spy,0.017066
LMT,126,135,res_vol,0.035963
LMT,126,135,res_vol_vel,0.0
LMT,126,135,price_regime,0.027588
LMT,126,135,corr_sector_21d,0.016217
LMT,126,135,corr_sector_252d,0.049704
LMT,126,135,sector_wedge,0.016463
LMT,126,136,rv_5d,0.043337
LMT,126,136,rv_10d,0.027325
LMT,126,136,rv_21d,0.028244
LMT,126,136,rv_63d,0.043748
LMT,126,136,rv_126d,0.030317
LMT,126,136,ewma_vol,0.024071
LMT,126,136,garch_cond_vol,0.018449
LMT,126,136,ret_TARGET,0.0
LMT,126,136,tech_RSI,0.005057
LMT,126,136,tech_MACD_hist,0.01791
LMT,126,136,ret_VIXY,0.0
LMT,126,136,mom21_VIXY,0.021981
LMT,126,136,ret_HYG,0.0
LMT,126,136,mom21_HYG,0.032501
LMT,126,136,ret_USO,0.0
LMT,126,136,mom21_USO,0.008381
LMT,126,136,ret_TLT,0.0
LMT,126,136,mom21_TLT,0.012062
LMT,126,136,ret_UUP,0.0
LMT,126,136,mom21_UUP,0.0
LMT,126,136,ret_SPY,0.0
LMT,126,136,mom21_SPY,0.0
LMT,126,136,vol_vel,0.0153
LMT,126,136,vol_of_vol,0.010661
LMT,126,136,vol_regime_zscore,0.012729
LMT,126,136,vol_chg_21d,0.004414
LMT,126,136,event_fed_gravity,0.040776
LMT,126,136,event_earn_gravity,0.0
LMT,126,136,event_div_gravity,0.0
LMT,126,136,event_cpi_gravity,0.045442
LMT,126,136,event_nfp_gravity,0.037833
LMT,126,136,put_call_skew_30d,0.014062
LMT,126,136,term_structure_slope,0.013596
LMT,126,136,vrp_wedge,0.007538
LMT,126,136,iv_atm_z_score,0.028302
LMT,126,136,macro_yield_curve_slope,0.062557
LMT,126,136,macro_hy_spread,0.033426
LMT,126,136,macro_hy_spread_chg_5d,0.006046
LMT,126,136,macro_breakeven_5y,0.06397
LMT,126,136,macro_inflation_fwd_5y5y,0.061286
LMT,126,136,macro_inflation_fwd_chg_21d,0.011776
LMT,126,136,macro_inflation_fwd_abs_chg_21d,0.0
LMT,126,136,macro_inflation_fwd_chg_63d,0.012315
LMT,126,136,macro_inflation_fwd_zscore,0.02222
LMT,126,136,macro_dollar_ret,0.0
LMT,126,136,beta_spy,0.02156
LMT,126,136,res_vol,0.037155
LMT,126,136,res_vol_vel,0.007184
LMT,126,136,price_regime,0.035629
LMT,126,136,corr_sector_21d,0.015464
LMT,126,136,corr_sector_252d,0.050177
LMT,126,136,sector_wedge,0.015203
LMT,126,137,rv_5d,0.037217
LMT,126,137,rv_10d,0.058034
LMT,126,137,rv_21d,0.029942
LMT,126,137,rv_63d,0.049317
LMT,126,137,rv_126d,0.028534
LMT,126,137,ewma_vol,0.014983
LMT,126,137,garch_cond_vol,0.027444
LMT,126,137,ret_TARGET,0.0
LMT,126,137,tech_RSI,0.009587
LMT,126,137,tech_MACD_hist,0.030455
LMT,126,137,ret_VIXY,0.0
LMT,126,137,mom21_VIXY,0.020212
LMT,126,137,ret_HYG,0.0
LMT,126,137,mom21_HYG,0.034889
LMT,126,137,ret_USO,0.0
LMT,126,137,mom21_USO,0.009014
LMT,126,137,ret_TLT,0.0
LMT,126,137,mom21_TLT,0.011201
LMT,126,137,ret_UUP,0.0
LMT,126,137,mom21_UUP,0.0
LMT,126,137,ret_SPY,0.0
LMT,126,137,mom21_SPY,0.007299
LMT,126,137,vol_vel,0.008211
LMT,126,137,vol_of_vol,0.008164
LMT,126,137,vol_regime_zscore,0.016834
LMT,126,137,vol_chg_21d,0.009748
LMT,126,137,event_fed_gravity,0.025252
LMT,126,137,event_earn_gravity,0.0
LMT,126,137,event_div_gravity,0.0
LMT,126,137,event_cpi_gravity,0.057595
LMT,126,137,event_nfp_gravity,0.047701
LMT,126,137,put_call_skew_30d,0.016117
LMT,126,137,term_structure_slope,0.0
LMT,126,137,vrp_wedge,0.009654
LMT,126,137,iv_atm_z_score,0.023871
LMT,126,137,macro_yield_curve_slope,0.061956
LMT,126,137,macro_hy_spread,0.041422
LMT,126,137,macro_hy_spread_chg_5d,0.005091
LMT,126,137,macro_breakeven_5y,0.056285
LMT,126,137,macro_inflation_fwd_5y5y,0.063572
LMT,126,137,macro_inflation_fwd_chg_21d,0.0
LMT,126,137,macro_inflation_fwd_abs_chg_21d,0.0
LMT,126,137,macro_inflation_fwd_chg_63d,0.011217
LMT,126,137,macro_inflation_fwd_zscore,0.022057
LMT,126,137,macro_dollar_ret,0.0
LMT,126,137,beta_spy,0.022535
LMT,126,137,res_vol,0.036308
LMT,126,137,res_vol_vel,0.0
LMT,126,137,price_regime,0.019065
LMT,126,137,corr_sector_21d,0.009341
LMT,126,137,corr_sector_252d,0.049362
LMT,126,137,sector_wedge,0.010514
LMT,126,138,rv_5d,0.060327
LMT,126,138,rv_10d,0.064157
LMT,126,138,rv_21d,0.013873
LMT,126,138,rv_63d,0.046964
LMT,126,138,rv_126d,0.033815
LMT,126,138,ewma_vol,0.015299
LMT,126,138,garch_cond_vol,0.019303
LMT,126,138,ret_TARGET,0.0
LMT,126,138,tech_RSI,0.0
LMT,126,138,tech_MACD_hist,0.018971
LMT,126,138,ret_VIXY,0.0
LMT,126,138,mom21_VIXY,0.021569
LMT,126,138,ret_HYG,0.0
LMT,126,138,mom21_HYG,0.032863
LMT,126,138,ret_USO,0.0
LMT,126,138,mom21_USO,0.010275
LMT,126,138,ret_TLT,0.0
LMT,126,138,mom21_TLT,0.010427
LMT,126,138,ret_UUP,0.0
LMT,126,138,mom21_UUP,0.0
LMT,126,138,ret_SPY,0.0
LMT,126,138,mom21_SPY,0.008537
LMT,126,138,vol_vel,0.013617
LMT,126,138,vol_of_vol,0.006835
LMT,126,138,vol_regime_zscore,0.016494
LMT,126,138,vol_chg_21d,0.010687
LMT,126,138,event_fed_gravity,0.032599
LMT,126,138,event_earn_gravity,0.0
LMT,126,138,event_div_gravity,0.0
LMT,126,138,event_cpi_gravity,0.042761
LMT,126,138,event_nfp_gravity,0.079802
LMT,126,138,put_call_skew_30d,0.016697
LMT,126,138,term_structure_slope,0.010312
LMT,126,138,vrp_wedge,0.006241
LMT,126,138,iv_atm_z_score,0.022699
LMT,126,138,macro_yield_curve_slope,0.063094
LMT,126,138,macro_hy_spread,0.040048
LMT,126,138,macro_hy_spread_chg_5d,0.006553
LMT,126,138,macro_breakeven_5y,0.055686
LMT,126,138,macro_inflation_fwd_5y5y,0.059969
LMT,126,138,macro_inflation_fwd_chg_21d,0.0
LMT,126,138,macro_inflation_fwd_abs_chg_21d,0.0
LMT,126,138,macro_inflation_fwd_chg_63d,0.010114
LMT,126,138,macro_inflation_fwd_zscore,0.018641
LMT,126,138,macro_dollar_ret,0.0
LMT,126,138,beta_spy,0.019461
LMT,126,138,res_vol,0.024216
LMT,126,138,res_vol_vel,0.004142
LMT,126,138,price_regime,0.01908
LMT,126,138,corr_sector_21d,0.0
LMT,126,138,corr_sector_252d,0.048761
LMT,126,138,sector_wedge,0.015112
LMT,126,139,rv_5d,0.037171
LMT,126,139,rv_10d,0.050785
LMT,126,139,rv_21d,0.037394
LMT,126,139,rv_63d,0.042241
LMT,126,139,rv_126d,0.033527
LMT,126,139,ewma_vol,0.019413
LMT,126,139,garch_cond_vol,0.027572
LMT,126,139,ret_TARGET,0.0
LMT,126,139,tech_RSI,0.0
LMT,126,139,tech_MACD_hist,0.017295
LMT,126,139,ret_VIXY,0.0
LMT,126,139,mom21_VIXY,0.017299
LMT,126,139,ret_HYG,0.0
LMT,126,139,mom21_HYG,0.034489
LMT,126,139,ret_USO,0.0
LMT,126,139,mom21_USO,0.008422
LMT,126,139,ret_TLT,0.0
LMT,126,139,mom21_TLT,0.011066
LMT,126,139,ret_UUP,0.0
LMT,126,139,mom21_UUP,0.0
LMT,126,139,ret_SPY,0.0
LMT,126,139,mom21_SPY,0.0
LMT,126,139,vol_vel,0.010181
LMT,126,139,vol_of_vol,0.007318
LMT,126,139,vol_regime_zscore,0.017924
LMT,126,139,vol_chg_21d,0.011617
LMT,126,139,event_fed_gravity,0.034847
LMT,126,139,event_earn_gravity,0.0
LMT,126,139,event_div_gravity,0.0
LMT,126,139,event_cpi_gravity,0.053155
LMT,126,139,event_nfp_gravity,0.057092
LMT,126,139,put_call_skew_30d,0.013404
LMT,126,139,term_structure_slope,0.012483
LMT,126,139,vrp_wedge,0.006265
LMT,126,139,iv_atm_z_score,0.021077
LMT,126,139,macro_yield_curve_slope,0.06442
LMT,126,139,macro_hy_spread,0.045873
LMT,126,139,macro_hy_spread_chg_5d,0.005958
LMT,126,139,macro_breakeven_5y,0.052013
LMT,126,139,macro_inflation_fwd_5y5y,0.06601
LMT,126,139,macro_inflation_fwd_chg_21d,0.0
LMT,126,139,macro_inflation_fwd_abs_chg_21d,0.0
LMT,126,139,macro_inflation_fwd_chg_63d,0.011934
LMT,126,139,macro_inflation_fwd_zscore,0.021515
LMT,126,139,macro_dollar_ret,0.0
LMT,126,139,beta_spy,0.020384
LMT,126,139,res_vol,0.025343
LMT,126,139,res_vol_vel,0.0
LMT,126,139,price_regime,0.02084
LMT,126,139,corr_sector_21d,0.011112
LMT,126,139,corr_sector_252d,0.059683
LMT,126,139,sector_wedge,0.012878
LMT,126,140,rv_5d,0.051841
LMT,126,140,rv_10d,0.055476
LMT,126,140,rv_21d,0.039324
LMT,126,140,rv_63d,0.035123
LMT,126,140,rv_126d,0.03247
LMT,126,140,ewma_vol,0.016287
LMT,126,140,garch_cond_vol,0.02318
LMT,126,140,ret_TARGET,0.0
LMT,126,140,tech_RSI,0.016489
LMT,126,140,tech_MACD_hist,0.019071
LMT,126,140,ret_VIXY,0.0
LMT,126,140,mom21_VIXY,0.017765
LMT,126,140,ret_HYG,0.0
LMT,126,140,mom21_HYG,0.034644
LMT,126,140,ret_USO,0.0
LMT,126,140,mom21_USO,0.007664
LMT,126,140,ret_TLT,0.0
LMT,126,140,mom21_TLT,0.005342
LMT,126,140,ret_UUP,0.0
LMT,126,140,mom21_UUP,0.0
LMT,126,140,ret_SPY,0.0
LMT,126,140,mom21_SPY,0.006239
LMT,126,140,vol_vel,0.008311
LMT,126,140,vol_of_vol,0.017626
LMT,126,140,vol_regime_zscore,0.019421
LMT,126,140,vol_chg_21d,0.005767
LMT,126,140,event_fed_gravity,0.035842
LMT,126,140,event_earn_gravity,0.0
LMT,126,140,event_div_gravity,0.0
LMT,126,140,event_cpi_gravity,0.038331
LMT,126,140,event_nfp_gravity,0.042272
LMT,126,140,put_call_skew_30d,0.012616
LMT,126,140,term_structure_slope,0.0
LMT,126,140,vrp_wedge,0.009664
LMT,126,140,iv_atm_z_score,0.022522
LMT,126,140,macro_yield_curve_slope,0.071108
LMT,126,140,macro_hy_spread,0.047526
LMT,126,140,macro_hy_spread_chg_5d,0.006635
LMT,126,140,macro_breakeven_5y,0.050466
LMT,126,140,macro_inflation_fwd_5y5y,0.055611
LMT,126,140,macro_inflation_fwd_chg_21d,0.0
LMT,126,140,macro_inflation_fwd_abs_chg_21d,0.0
LMT,126,140,macro_inflation_fwd_chg_63d,0.011199
LMT,126,140,macro_inflation_fwd_zscore,0.020597
LMT,126,140,macro_dollar_ret,0.0
LMT,126,140,beta_spy,0.024217
LMT,126,140,res_vol,0.030284
LMT,126,140,res_vol_vel,0.004017
LMT,126,140,price_regime,0.023278
LMT,126,140,corr_sector_21d,0.014826
LMT,126,140,corr_sector_252d,0.053225
LMT,126,140,sector_wedge,0.013724
LMT,126,141,rv_5d,0.022155
LMT,126,141,rv_10d,0.02697
LMT,126,141,rv_21d,0.061478
LMT,126,141,rv_63d,0.035401
LMT,126,141,rv_126d,0.035602
LMT,126,141,ewma_vol,0.01698
LMT,126,141,garch_cond_vol,0.019026
LMT,126,141,ret_TARGET,0.0
LMT,126,141,tech_RSI,0.013424
LMT,126,141,tech_MACD_hist,0.017015
LMT,126,141,ret_VIXY,0.0
LMT,126,141,mom21_VIXY,0.021034
LMT,126,141,ret_HYG,0.0
LMT,126,141,mom21_HYG,0.033911
LMT,126,141,ret_USO,0.0
LMT,126,141,mom21_USO,0.009289
LMT,126,141,ret_TLT,0.0
LMT,126,141,mom21_TLT,0.013449
LMT,126,141,ret_UUP,0.0
LMT,126,141,mom21_UUP,0.0
LMT,126,141,ret_SPY,0.0
LMT,126,141,mom21_SPY,0.008868
LMT,126,141,vol_vel,0.006074
LMT,126,141,vol_of_vol,0.009241
LMT,126,141,vol_regime_zscore,0.018269
LMT,126,141,vol_chg_21d,0.010316
LMT,126,141,event_fed_gravity,0.037909
LMT,126,141,event_earn_gravity,0.0
LMT,126,141,event_div_gravity,0.0
LMT,126,141,event_cpi_gravity,0.040031
LMT,126,141,event_nfp_gravity,0.042724
LMT,126,141,put_call_skew_30d,0.01467
LMT,126,141,term_structure_slope,0.0
LMT,126,141,vrp_wedge,0.007916
LMT,126,141,iv_atm_z_score,0.023651
LMT,126,141,macro_yield_curve_slope,0.069331
LMT,126,141,macro_hy_spread,0.049446
LMT,126,141,macro_hy_spread_chg_5d,0.006325
LMT,126,141,macro_breakeven_5y,0.057362
LMT,126,141,macro_inflation_fwd_5y5y,0.057242
LMT,126,141,macro_inflation_fwd_chg_21d,0.0
LMT,126,141,macro_inflation_fwd_abs_chg_21d,0.0
LMT,126,141,macro_inflation_fwd_chg_63d,0.012465
LMT,126,141,macro_inflation_fwd_zscore,0.026218
LMT,126,141,macro_dollar_ret,0.0
LMT,126,141,beta_spy,0.028167
LMT,126,141,res_vol,0.036885
LMT,126,141,res_vol_vel,0.0
LMT,126,141,price_regime,0.024875
LMT,126,141,corr_sector_21d,0.024723
LMT,126,141,corr_sector_252d,0.052088
LMT,126,141,sector_wedge,0.009471
LMT,126,142,rv_5d,0.141154
LMT,126,142,rv_10d,0.057503
LMT,126,142,rv_21d,0.008463
LMT,126,142,rv_63d,0.031602
LMT,126,142,rv_126d,0.031077
LMT,126,142,ewma_vol,0.010839
LMT,126,142,garch_cond_vol,0.019099
LMT,126,142,ret_TARGET,0.0
LMT,126,142,tech_RSI,0.015856
LMT,126,142,tech_MACD_hist,0.018155
LMT,126,142,ret_VIXY,0.0
LMT,126,142,mom21_VIXY,0.022788
LMT,126,142,ret_HYG,0.0
LMT,126,142,mom21_HYG,0.033341
LMT,126,142,ret_USO,0.0
LMT,126,142,mom21_USO,0.006346
LMT,126,142,ret_TLT,0.0
LMT,126,142,mom21_TLT,0.004019
LMT,126,142,ret_UUP,0.0
LMT,126,142,mom21_UUP,0.0056
LMT,126,142,ret_SPY,0.0
LMT,126,142,mom21_SPY,0.0
LMT,126,142,vol_vel,0.008589
LMT,126,142,vol_of_vol,0.00573
LMT,126,142,vol_regime_zscore,0.015931
LMT,126,142,vol_chg_21d,0.005923
LMT,126,142,event_fed_gravity,0.028876
LMT,126,142,event_earn_gravity,0.0
LMT,126,142,event_div_gravity,0.0
LMT,126,142,event_cpi_gravity,0.036303
LMT,126,142,event_nfp_gravity,0.036607
LMT,126,142,put_call_skew_30d,0.011526
LMT,126,142,term_structure_slope,0.0
LMT,126,142,vrp_wedge,0.005372
LMT,126,142,iv_atm_z_score,0.020964
LMT,126,142,macro_yield_curve_slope,0.06917
LMT,126,142,macro_hy_spread,0.046085
LMT,126,142,macro_hy_spread_chg_5d,0.007882
LMT,126,142,macro_breakeven_5y,0.050612
LMT,126,142,macro_inflation_fwd_5y5y,0.05376
LMT,126,142,macro_inflation_fwd_chg_21d,0.0
LMT,126,142,macro_inflation_fwd_abs_chg_21d,0.0
LMT,126,142,macro_inflation_fwd_chg_63d,0.010733
LMT,126,142,macro_inflation_fwd_zscore,0.020593
LMT,126,142,macro_dollar_ret,0.0
LMT,126,142,beta_spy,0.02336
LMT,126,142,res_vol,0.033229
LMT,126,142,res_vol_vel,0.0
LMT,126,142,price_regime,0.029517
LMT,126,142,corr_sector_21d,0.018601
LMT,126,142,corr_sector_252d,0.043635
LMT,126,142,sector_wedge,0.01116
LMT,126,143,rv_5d,0.045968
LMT,126,143,rv_10d,0.029815
LMT,126,143,rv_21d,0.042295
LMT,126,143,rv_63d,0.038756
LMT,126,143,rv_126d,0.032337
LMT,126,143,ewma_vol,0.015589
LMT,126,143,garch_cond_vol,0.027595
LMT,126,143,ret_TARGET,0.0
LMT,126,143,tech_RSI,0.0
LMT,126,143,tech_MACD_hist,0.014771
LMT,126,143,ret_VIXY,0.0
LMT,126,143,mom21_VIXY,0.020401
LMT,126,143,ret_HYG,0.0
LMT,126,143,mom21_HYG,0.032972
LMT,126,143,ret_USO,0.0
LMT,126,143,mom21_USO,0.008022
LMT,126,143,ret_TLT,0.0
LMT,126,143,mom21_TLT,0.025567
LMT,126,143,ret_UUP,0.0
LMT,126,143,mom21_UUP,0.005217
LMT,126,143,ret_SPY,0.0
LMT,126,143,mom21_SPY,0.007757
LMT,126,143,vol_vel,0.035347
LMT,126,143,vol_of_vol,0.009417
LMT,126,143,vol_regime_zscore,0.017911
LMT,126,143,vol_chg_21d,0.010519
LMT,126,143,event_fed_gravity,0.033448
LMT,126,143,event_earn_gravity,0.0
LMT,126,143,event_div_gravity,0.0
LMT,126,143,event_cpi_gravity,0.030002
LMT,126,143,event_nfp_gravity,0.078834
LMT,126,143,put_call_skew_30d,0.01171
LMT,126,143,term_structure_slope,0.0
LMT,126,143,vrp_wedge,0.008318
LMT,126,143,iv_atm_z_score,0.021564
LMT,126,143,macro_yield_curve_slope,0.070411
LMT,126,143,macro_hy_spread,0.043088
LMT,126,143,macro_hy_spread_chg_5d,0.006121
LMT,126,143,macro_breakeven_5y,0.048341
LMT,126,143,macro_inflation_fwd_5y5y,0.048705
LMT,126,143,macro_inflation_fwd_chg_21d,0.0
LMT,126,143,macro_inflation_fwd_abs_chg_21d,0.0
LMT,126,143,macro_inflation_fwd_chg_63d,0.009088
LMT,126,143,macro_inflation_fwd_zscore,0.025924
LMT,126,143,macro_dollar_ret,0.0
LMT,126,143,beta_spy,0.025315
LMT,126,143,res_vol,0.034625
LMT,126,143,res_vol_vel,0.006382
LMT,126,143,price_regime,0.018848
LMT,126,143,corr_sector_21d,0.0
LMT,126,143,corr_sector_252d,0.046896
LMT,126,143,sector_wedge,0.012121
LMT,126,144,rv_5d,0.093587
LMT,126,144,rv_10d,0.060638
LMT,126,144,rv_21d,0.01791
LMT,126,144,rv_63d,0.030883
LMT,126,144,rv_126d,0.02984
LMT,126,144,ewma_vol,0.011653
LMT,126,144,garch_cond_vol,0.017323
LMT,126,144,ret_TARGET,0.0
LMT,126,144,tech_RSI,0.007975
LMT,126,144,tech_MACD_hist,0.015309
LMT,126,144,ret_VIXY,0.0
LMT,126,144,mom21_VIXY,0.018112
LMT,126,144,ret_HYG,0.0
LMT,126,144,mom21_HYG,0.03158
LMT,126,144,ret_USO,0.0
LMT,126,144,mom21_USO,0.007055
LMT,126,144,ret_TLT,0.0
LMT,126,144,mom21_TLT,0.0
LMT,126,144,ret_UUP,0.0
LMT,126,144,mom21_UUP,0.005521
LMT,126,144,ret_SPY,0.0
LMT,126,144,mom21_SPY,0.00822
LMT,126,144,vol_vel,0.065324
LMT,126,144,vol_of_vol,0.007128
LMT,126,144,vol_regime_zscore,0.016019
LMT,126,144,vol_chg_21d,0.010232
LMT,126,144,event_fed_gravity,0.042166
LMT,126,144,event_earn_gravity,0.0
LMT,126,144,event_div_gravity,0.0
LMT,126,144,event_cpi_gravity,0.018794
LMT,126,144,event_nfp_gravity,0.052783
LMT,126,144,put_call_skew_30d,0.01227
LMT,126,144,term_structure_slope,0.006411
LMT,126,144,vrp_wedge,0.006796
LMT,126,144,iv_atm_z_score,0.02226
LMT,126,144,macro_yield_curve_slope,0.062672
LMT,126,144,macro_hy_spread,0.043043
LMT,126,144,macro_hy_spread_chg_5d,0.005504
LMT,126,144,macro_breakeven_5y,0.039512
LMT,126,144,macro_inflation_fwd_5y5y,0.047288
LMT,126,144,macro_inflation_fwd_chg_21d,0.0
LMT,126,144,macro_inflation_fwd_abs_chg_21d,0.0
LMT,126,144,macro_inflation_fwd_chg_63d,0.009578
LMT,126,144,macro_inflation_fwd_zscore,0.01863
LMT,126,144,macro_dollar_ret,0.0
LMT,126,144,beta_spy,0.023257
LMT,126,144,res_vol,0.035212
LMT,126,144,res_vol_vel,0.0
LMT,126,144,price_regime,0.018704
LMT,126,144,corr_sector_21d,0.023689
LMT,126,144,corr_sector_252d,0.046508
LMT,126,144,sector_wedge,0.010616
LMT,126,145,rv_5d,0.050104
LMT,126,145,rv_10d,0.046952
LMT,126,145,rv_21d,0.036056
LMT,126,145,rv_63d,0.031666
LMT,126,145,rv_126d,0.037214
LMT,126,145,ewma_vol,0.014592
LMT,126,145,garch_cond_vol,0.025061
LMT,126,145,ret_TARGET,0.0
LMT,126,145,tech_RSI,0.014289
LMT,126,145,tech_MACD_hist,0.016447
LMT,126,145,ret_VIXY,0.0
LMT,126,145,mom21_VIXY,0.019179
LMT,126,145,ret_HYG,0.0
LMT,126,145,mom21_HYG,0.037422
LMT,126,145,ret_USO,0.0
LMT,126,145,mom21_USO,0.009183
LMT,126,145,ret_TLT,0.0
LMT,126,145,mom21_TLT,0.008351
LMT,126,145,ret_UUP,0.0
LMT,126,145,mom21_UUP,0.004845
LMT,126,145,ret_SPY,0.0
LMT,126,145,mom21_SPY,0.008168
LMT,126,145,vol_vel,0.005005
LMT,126,145,vol_of_vol,0.005427
LMT,126,145,vol_regime_zscore,0.016639
LMT,126,145,vol_chg_21d,0.011876
LMT,126,145,event_fed_gravity,0.050358
LMT,126,145,event_earn_gravity,0.0
LMT,126,145,event_div_gravity,0.0
LMT,126,145,event_cpi_gravity,0.028481
LMT,126,145,event_nfp_gravity,0.038387
LMT,126,145,put_call_skew_30d,0.013949
LMT,126,145,term_structure_slope,0.009479
LMT,126,145,vrp_wedge,0.007668
LMT,126,145,iv_atm_z_score,0.026324
LMT,126,145,macro_yield_curve_slope,0.072044
LMT,126,145,macro_hy_spread,0.053044
LMT,126,145,macro_hy_spread_chg_5d,0.006784
LMT,126,145,macro_breakeven_5y,0.046591
LMT,126,145,macro_inflation_fwd_5y5y,0.052687
LMT,126,145,macro_inflation_fwd_chg_21d,0.0
LMT,126,145,macro_inflation_fwd_abs_chg_21d,0.0
LMT,126,145,macro_inflation_fwd_chg_63d,0.010234
LMT,126,145,macro_inflation_fwd_zscore,0.026149
LMT,126,145,macro_dollar_ret,0.0
LMT,126,145,beta_spy,0.020477
LMT,126,145,res_vol,0.035691
LMT,126,145,res_vol_vel,0.0
LMT,126,145,price_regime,0.023915
LMT,126,145,corr_sector_21d,0.016539
LMT,126,145,corr_sector_252d,0.05063
LMT,126,145,sector_wedge,0.012091
LMT,126,146,rv_5d,0.050476
LMT,126,146,rv_10d,0.066655
LMT,126,146,rv_21d,0.032692
LMT,126,146,rv_63d,0.030254
LMT,126,146,rv_126d,0.031732
LMT,126,146,ewma_vol,0.01744
LMT,126,146,garch_cond_vol,0.014454
LMT,126,146,ret_TARGET,0.0
LMT,126,146,tech_RSI,0.003934
LMT,126,146,tech_MACD_hist,0.025122
LMT,126,146,ret_VIXY,0.0
LMT,126,146,mom21_VIXY,0.022846
LMT,126,146,ret_HYG,0.0
LMT,126,146,mom21_HYG,0.03555
LMT,126,146,ret_USO,0.0
LMT,126,146,mom21_USO,0.01037
LMT,126,146,ret_TLT,0.0
LMT,126,146,mom21_TLT,0.004653
LMT,126,146,ret_UUP,0.0
LMT,126,146,mom21_UUP,0.0
LMT,126,146,ret_SPY,0.0
LMT,126,146,mom21_SPY,0.007443
LMT,126,146,vol_vel,0.005595
LMT,126,146,vol_of_vol,0.006648
LMT,126,146,vol_regime_zscore,0.01882
LMT,126,146,vol_chg_21d,0.008914
LMT,126,146,event_fed_gravity,0.068432
LMT,126,146,event_earn_gravity,0.0
LMT,126,146,event_div_gravity,0.0
LMT,126,146,event_cpi_gravity,0.027277
LMT,126,146,event_nfp_gravity,0.028543
LMT,126,146,put_call_skew_30d,0.01321
LMT,126,146,term_structure_slope,0.0
LMT,126,146,vrp_wedge,0.00645
LMT,126,146,iv_atm_z_score,0.024685
LMT,126,146,macro_yield_curve_slope,0.073292
LMT,126,146,macro_hy_spread,0.05245
LMT,126,146,macro_hy_spread_chg_5d,0.006264
LMT,126,146,macro_breakeven_5y,0.04435
LMT,126,146,macro_inflation_fwd_5y5y,0.055055
LMT,126,146,macro_inflation_fwd_chg_21d,0.0
LMT,126,146,macro_inflation_fwd_abs_chg_21d,0.0
LMT,126,146,macro_inflation_fwd_chg_63d,0.01529
LMT,126,146,macro_inflation_fwd_zscore,0.021478
LMT,126,146,macro_dollar_ret,0.0
LMT,126,146,beta_spy,0.021172
LMT,126,146,res_vol,0.037433
LMT,126,146,res_vol_vel,0.004243
LMT,126,146,price_regime,0.023631
LMT,126,146,corr_sector_21d,0.015875
LMT,126,146,corr_sector_252d,0.052891
LMT,126,146,sector_wedge,0.014384
LMT,126,147,rv_5d,0.057838
LMT,126,147,rv_10d,0.029502
LMT,126,147,rv_21d,0.047662
LMT,126,147,rv_63d,0.023754
LMT,126,147,rv_126d,0.043224
LMT,126,147,ewma_vol,0.01492
LMT,126,147,garch_cond_vol,0.031505
LMT,126,147,ret_TARGET,0.0
LMT,126,147,tech_RSI,0.005961
LMT,126,147,tech_MACD_hist,0.017465
LMT,126,147,ret_VIXY,0.0
LMT,126,147,mom21_VIXY,0.019096
LMT,126,147,ret_HYG,0.0
LMT,126,147,mom21_HYG,0.035211
LMT,126,147,ret_USO,0.0
LMT,126,147,mom21_USO,0.010137
LMT,126,147,ret_TLT,0.0
LMT,126,147,mom21_TLT,0.013348
LMT,126,147,ret_UUP,0.0
LMT,126,147,mom21_UUP,0.0
LMT,126,147,ret_SPY,0.0
LMT,126,147,mom21_SPY,0.014719
LMT,126,147,vol_vel,0.005253
LMT,126,147,vol_of_vol,0.009611
LMT,126,147,vol_regime_zscore,0.014373
LMT,126,147,vol_chg_21d,0.009042
LMT,126,147,event_fed_gravity,0.058423
LMT,126,147,event_earn_gravity,0.0
LMT,126,147,event_div_gravity,0.0
LMT,126,147,event_cpi_gravity,0.023576
LMT,126,147,event_nfp_gravity,0.038993
LMT,126,147,put_call_skew_30d,0.01426
LMT,126,147,term_structure_slope,0.0
LMT,126,147,vrp_wedge,0.008233
LMT,126,147,iv_atm_z_score,0.022748
LMT,126,147,macro_yield_curve_slope,0.082783
LMT,126,147,macro_hy_spread,0.051084
LMT,126,147,macro_hy_spread_chg_5d,0.006365
LMT,126,147,macro_breakeven_5y,0.047759
LMT,126,147,macro_inflation_fwd_5y5y,0.051917
LMT,126,147,macro_inflation_fwd_chg_21d,0.0
LMT,126,147,macro_inflation_fwd_abs_chg_21d,0.0
LMT,126,147,macro_inflation_fwd_chg_63d,0.010345
LMT,126,147,macro_inflation_fwd_zscore,0.024304
LMT,126,147,macro_dollar_ret,0.0
LMT,126,147,beta_spy,0.021596
LMT,126,147,res_vol,0.040663
LMT,126,147,res_vol_vel,0.00502
LMT,126,147,price_regime,0.012853
LMT,126,147,corr_sector_21d,0.013363
LMT,126,147,corr_sector_252d,0.048406
LMT,126,147,sector_wedge,0.014688
LMT,126,148,rv_5d,0.037218
LMT,126,148,rv_10d,0.071251
LMT,126,148,rv_21d,0.023888
LMT,126,148,rv_63d,0.023581
LMT,126,148,rv_126d,0.043739
LMT,126,148,ewma_vol,0.020224
LMT,126,148,garch_cond_vol,0.015046
LMT,126,148,ret_TARGET,0.0
LMT,126,148,tech_RSI,0.0
LMT,126,148,tech_MACD_hist,0.02435
LMT,126,148,ret_VIXY,0.0
LMT,126,148,mom21_VIXY,0.014772
LMT,126,148,ret_HYG,0.0
LMT,126,148,mom21_HYG,0.031771
LMT,126,148,ret_USO,0.0
LMT,126,148,mom21_USO,0.007285
LMT,126,148,ret_TLT,0.0
LMT,126,148,mom21_TLT,0.011486
LMT,126,148,ret_UUP,0.0
LMT,126,148,mom21_UUP,0.0
LMT,126,148,ret_SPY,0.0
LMT,126,148,mom21_SPY,0.0
LMT,126,148,vol_vel,0.004993
LMT,126,148,vol_of_vol,0.011247
LMT,126,148,vol_regime_zscore,0.014179
LMT,126,148,vol_chg_21d,0.01021
LMT,126,148,event_fed_gravity,0.035526
LMT,126,148,event_earn_gravity,0.0
LMT,126,148,event_div_gravity,0.0
LMT,126,148,event_cpi_gravity,0.0348
LMT,126,148,event_nfp_gravity,0.05932
LMT,126,148,put_call_skew_30d,0.01784
LMT,126,148,term_structure_slope,0.015876
LMT,126,148,vrp_wedge,0.010119
LMT,126,148,iv_atm_z_score,0.019236
LMT,126,148,macro_yield_curve_slope,0.085807
LMT,126,148,macro_hy_spread,0.053446
LMT,126,148,macro_hy_spread_chg_5d,0.006568
LMT,126,148,macro_breakeven_5y,0.046372
LMT,126,148,macro_inflation_fwd_5y5y,0.04764
LMT,126,148,macro_inflation_fwd_chg_21d,0.004067
LMT,126,148,macro_inflation_fwd_abs_chg_21d,0.0
LMT,126,148,macro_inflation_fwd_chg_63d,0.010439
LMT,126,148,macro_inflation_fwd_zscore,0.024109
LMT,126,148,macro_dollar_ret,0.0
LMT,126,148,beta_spy,0.024585
LMT,126,148,res_vol,0.042037
LMT,126,148,res_vol_vel,0.004727
LMT,126,148,price_regime,0.013375
LMT,126,148,corr_sector_21d,0.016247
LMT,126,148,corr_sector_252d,0.04837
LMT,126,148,sector_wedge,0.014254
