ticker,horizon,step,feature,importance
SPG,21,0,rv_5d,0.138885
SPG,21,0,rv_10d,0.187871
SPG,21,0,rv_21d,0.018932
SPG,21,0,rv_63d,0.036669
SPG,21,0,rv_126d,0.022329
SPG,21,0,ewma_vol,0.007818
SPG,21,0,garch_cond_vol,0.011748
SPG,21,0,ret_TARGET,0.0
SPG,21,0,tech_RSI,0.0
SPG,21,0,tech_MACD_hist,0.011209
SPG,21,0,ret_VIXY,0.0
SPG,21,0,mom21_VIXY,0.0
SPG,21,0,ret_HYG,0.0
SPG,21,0,mom21_HYG,0.015045
SPG,21,0,ret_USO,0.0
SPG,21,0,mom21_USO,0.0
SPG,21,0,ret_TLT,0.015292
SPG,21,0,mom21_TLT,0.017585
SPG,21,0,ret_UUP,0.0
SPG,21,0,mom21_UUP,0.006447
SPG,21,0,ret_SPY,0.0
SPG,21,0,mom21_SPY,0.0
SPG,21,0,vol_vel,0.0
SPG,21,0,vol_of_vol,0.008506
SPG,21,0,vol_regime_zscore,0.0
SPG,21,0,vol_chg_21d,0.0
SPG,21,0,event_fed_gravity,0.036262
SPG,21,0,event_earn_gravity,0.0
SPG,21,0,event_div_gravity,0.0
SPG,21,0,event_cpi_gravity,0.034772
SPG,21,0,event_nfp_gravity,0.044656
SPG,21,0,put_call_skew_30d,0.014349
SPG,21,0,term_structure_slope,0.006696
SPG,21,0,vrp_wedge,0.014602
SPG,21,0,iv_atm_z_score,0.010317
SPG,21,0,macro_yield_curve_slope,0.009673
SPG,21,0,macro_hy_spread,0.060735
SPG,21,0,macro_hy_spread_chg_5d,0.005811
SPG,21,0,macro_breakeven_5y,0.0
SPG,21,0,macro_inflation_fwd_5y5y,0.0
SPG,21,0,macro_inflation_fwd_chg_21d,0.007319
SPG,21,0,macro_inflation_fwd_abs_chg_21d,0.005808
SPG,21,0,macro_inflation_fwd_chg_63d,0.048171
SPG,21,0,macro_inflation_fwd_zscore,0.10767
SPG,21,0,macro_dollar_ret,0.0
SPG,21,0,beta_spy,0.035838
SPG,21,0,res_vol,0.019535
SPG,21,0,res_vol_vel,0.0
SPG,21,0,price_regime,0.017967
SPG,21,0,corr_sector_21d,0.0
SPG,21,0,corr_sector_252d,0.015468
SPG,21,0,sector_wedge,0.006014
SPG,21,1,rv_5d,0.120273
SPG,21,1,rv_10d,0.227011
SPG,21,1,rv_21d,0.029798
SPG,21,1,rv_63d,0.042054
SPG,21,1,rv_126d,0.022091
SPG,21,1,ewma_vol,0.010074
SPG,21,1,garch_cond_vol,0.023769
SPG,21,1,ret_TARGET,0.0
SPG,21,1,tech_RSI,0.0
SPG,21,1,tech_MACD_hist,0.012683
SPG,21,1,ret_VIXY,0.0
SPG,21,1,mom21_VIXY,0.0
SPG,21,1,ret_HYG,0.0
SPG,21,1,mom21_HYG,0.020486
SPG,21,1,ret_USO,0.0
SPG,21,1,mom21_USO,0.006617
SPG,21,1,ret_TLT,0.0
SPG,21,1,mom21_TLT,0.018951
SPG,21,1,ret_UUP,0.0
SPG,21,1,mom21_UUP,0.0
SPG,21,1,ret_SPY,0.0
SPG,21,1,mom21_SPY,0.0
SPG,21,1,vol_vel,0.006107
SPG,21,1,vol_of_vol,0.008307
SPG,21,1,vol_regime_zscore,0.050159
SPG,21,1,vol_chg_21d,0.0
SPG,21,1,event_fed_gravity,0.03797
SPG,21,1,event_earn_gravity,0.0
SPG,21,1,event_div_gravity,0.0
SPG,21,1,event_cpi_gravity,0.040085
SPG,21,1,event_nfp_gravity,0.030444
SPG,21,1,put_call_skew_30d,0.012972
SPG,21,1,term_structure_slope,0.0
SPG,21,1,vrp_wedge,0.01177
SPG,21,1,iv_atm_z_score,0.010994
SPG,21,1,macro_yield_curve_slope,0.010379
SPG,21,1,macro_hy_spread,0.0
SPG,21,1,macro_hy_spread_chg_5d,0.0
SPG,21,1,macro_breakeven_5y,0.0
SPG,21,1,macro_inflation_fwd_5y5y,0.0
SPG,21,1,macro_inflation_fwd_chg_21d,0.00645
SPG,21,1,macro_inflation_fwd_abs_chg_21d,0.0
SPG,21,1,macro_inflation_fwd_chg_63d,0.044331
SPG,21,1,macro_inflation_fwd_zscore,0.11426
SPG,21,1,macro_dollar_ret,0.0
SPG,21,1,beta_spy,0.009992
SPG,21,1,res_vol,0.027902
SPG,21,1,res_vol_vel,0.0
SPG,21,1,price_regime,0.020536
SPG,21,1,corr_sector_21d,0.0
SPG,21,1,corr_sector_252d,0.015186
SPG,21,1,sector_wedge,0.008351
SPG,21,2,rv_5d,0.129016
SPG,21,2,rv_10d,0.206981
SPG,21,2,rv_21d,0.016356
SPG,21,2,rv_63d,0.03783
SPG,21,2,rv_126d,0.02561
SPG,21,2,ewma_vol,0.0
SPG,21,2,garch_cond_vol,0.021129
SPG,21,2,ret_TARGET,0.0
SPG,21,2,tech_RSI,0.0
SPG,21,2,tech_MACD_hist,0.013436
SPG,21,2,ret_VIXY,0.0
SPG,21,2,mom21_VIXY,0.0
SPG,21,2,ret_HYG,0.0
SPG,21,2,mom21_HYG,0.022985
SPG,21,2,ret_USO,0.0
SPG,21,2,mom21_USO,0.009112
SPG,21,2,ret_TLT,0.0
SPG,21,2,mom21_TLT,0.0
SPG,21,2,ret_UUP,0.0
SPG,21,2,mom21_UUP,0.0
SPG,21,2,ret_SPY,0.0
SPG,21,2,mom21_SPY,0.007887
SPG,21,2,vol_vel,0.0
SPG,21,2,vol_of_vol,0.009009
SPG,21,2,vol_regime_zscore,0.009028
SPG,21,2,vol_chg_21d,0.0
SPG,21,2,event_fed_gravity,0.053539
SPG,21,2,event_earn_gravity,0.0
SPG,21,2,event_div_gravity,0.0
SPG,21,2,event_cpi_gravity,0.034764
SPG,21,2,event_nfp_gravity,0.047221
SPG,21,2,put_call_skew_30d,0.0
SPG,21,2,term_structure_slope,0.0
SPG,21,2,vrp_wedge,0.014498
SPG,21,2,iv_atm_z_score,0.012687
SPG,21,2,macro_yield_curve_slope,0.010809
SPG,21,2,macro_hy_spread,0.061754
SPG,21,2,macro_hy_spread_chg_5d,0.0
SPG,21,2,macro_breakeven_5y,0.0
SPG,21,2,macro_inflation_fwd_5y5y,0.0
SPG,21,2,macro_inflation_fwd_chg_21d,0.0
SPG,21,2,macro_inflation_fwd_abs_chg_21d,0.0
SPG,21,2,macro_inflation_fwd_chg_63d,0.033313
SPG,21,2,macro_inflation_fwd_zscore,0.133429
SPG,21,2,macro_dollar_ret,0.0
SPG,21,2,beta_spy,0.011372
SPG,21,2,res_vol,0.031264
SPG,21,2,res_vol_vel,0.0
SPG,21,2,price_regime,0.018148
SPG,21,2,corr_sector_21d,0.0
SPG,21,2,corr_sector_252d,0.020013
SPG,21,2,sector_wedge,0.008811
SPG,21,3,rv_5d,0.123945
SPG,21,3,rv_10d,0.139847
SPG,21,3,rv_21d,0.011921
SPG,21,3,rv_63d,0.035262
SPG,21,3,rv_126d,0.021684
SPG,21,3,ewma_vol,0.010059
SPG,21,3,garch_cond_vol,0.011336
SPG,21,3,ret_TARGET,0.0
SPG,21,3,tech_RSI,0.007037
SPG,21,3,tech_MACD_hist,0.012304
SPG,21,3,ret_VIXY,0.0
SPG,21,3,mom21_VIXY,0.0
SPG,21,3,ret_HYG,0.0
SPG,21,3,mom21_HYG,0.02153
SPG,21,3,ret_USO,0.0
SPG,21,3,mom21_USO,0.007479
SPG,21,3,ret_TLT,0.0
SPG,21,3,mom21_TLT,0.0
SPG,21,3,ret_UUP,0.0
SPG,21,3,mom21_UUP,0.0
SPG,21,3,ret_SPY,0.0
SPG,21,3,mom21_SPY,0.0085
SPG,21,3,vol_vel,0.006588
SPG,21,3,vol_of_vol,0.007047
SPG,21,3,vol_regime_zscore,0.01729
SPG,21,3,vol_chg_21d,0.0
SPG,21,3,event_fed_gravity,0.04559
SPG,21,3,event_earn_gravity,0.0
SPG,21,3,event_div_gravity,0.0
SPG,21,3,event_cpi_gravity,0.030757
SPG,21,3,event_nfp_gravity,0.057418
SPG,21,3,put_call_skew_30d,0.0
SPG,21,3,term_structure_slope,0.0
SPG,21,3,vrp_wedge,0.01033
SPG,21,3,iv_atm_z_score,0.01206
SPG,21,3,macro_yield_curve_slope,0.011739
SPG,21,3,macro_hy_spread,0.119708
SPG,21,3,macro_hy_spread_chg_5d,0.0
SPG,21,3,macro_breakeven_5y,0.0
SPG,21,3,macro_inflation_fwd_5y5y,0.019954
SPG,21,3,macro_inflation_fwd_chg_21d,0.0
SPG,21,3,macro_inflation_fwd_abs_chg_21d,0.028663
SPG,21,3,macro_inflation_fwd_chg_63d,0.026087
SPG,21,3,macro_inflation_fwd_zscore,0.113759
SPG,21,3,macro_dollar_ret,0.0
SPG,21,3,beta_spy,0.023358
SPG,21,3,res_vol,0.020637
SPG,21,3,res_vol_vel,0.0
SPG,21,3,price_regime,0.022949
SPG,21,3,corr_sector_21d,0.0
SPG,21,3,corr_sector_252d,0.006586
SPG,21,3,sector_wedge,0.008577
SPG,21,4,rv_5d,0.169694
SPG,21,4,rv_10d,0.159054
SPG,21,4,rv_21d,0.018543
SPG,21,4,rv_63d,0.030541
SPG,21,4,rv_126d,0.023637
SPG,21,4,ewma_vol,0.0
SPG,21,4,garch_cond_vol,0.007005
SPG,21,4,ret_TARGET,0.0
SPG,21,4,tech_RSI,0.0
SPG,21,4,tech_MACD_hist,0.01375
SPG,21,4,ret_VIXY,0.0
SPG,21,4,mom21_VIXY,0.007767
SPG,21,4,ret_HYG,0.0
SPG,21,4,mom21_HYG,0.011157
SPG,21,4,ret_USO,0.0
SPG,21,4,mom21_USO,0.008225
SPG,21,4,ret_TLT,0.0
SPG,21,4,mom21_TLT,0.019606
SPG,21,4,ret_UUP,0.0
SPG,21,4,mom21_UUP,0.0
SPG,21,4,ret_SPY,0.0
SPG,21,4,mom21_SPY,0.00852
SPG,21,4,vol_vel,0.007944
SPG,21,4,vol_of_vol,0.012426
SPG,21,4,vol_regime_zscore,0.006714
SPG,21,4,vol_chg_21d,0.0
SPG,21,4,event_fed_gravity,0.039498
SPG,21,4,event_earn_gravity,0.0
SPG,21,4,event_div_gravity,0.0
SPG,21,4,event_cpi_gravity,0.043406
SPG,21,4,event_nfp_gravity,0.035511
SPG,21,4,put_call_skew_30d,0.0
SPG,21,4,term_structure_slope,0.0
SPG,21,4,vrp_wedge,0.02767
SPG,21,4,iv_atm_z_score,0.021519
SPG,21,4,macro_yield_curve_slope,0.008427
SPG,21,4,macro_hy_spread,0.022167
SPG,21,4,macro_hy_spread_chg_5d,0.0
SPG,21,4,macro_breakeven_5y,0.0
SPG,21,4,macro_inflation_fwd_5y5y,0.0
SPG,21,4,macro_inflation_fwd_chg_21d,0.011946
SPG,21,4,macro_inflation_fwd_abs_chg_21d,0.032183
SPG,21,4,macro_inflation_fwd_chg_63d,0.030313
SPG,21,4,macro_inflation_fwd_zscore,0.107275
SPG,21,4,macro_dollar_ret,0.0
SPG,21,4,beta_spy,0.032662
SPG,21,4,res_vol,0.025234
SPG,21,4,res_vol_vel,0.0
SPG,21,4,price_regime,0.029799
SPG,21,4,corr_sector_21d,0.0
SPG,21,4,corr_sector_252d,0.011491
SPG,21,4,sector_wedge,0.016317
SPG,21,5,rv_5d,0.153701
SPG,21,5,rv_10d,0.199613
SPG,21,5,rv_21d,0.016244
SPG,21,5,rv_63d,0.019934
SPG,21,5,rv_126d,0.028911
SPG,21,5,ewma_vol,0.009686
SPG,21,5,garch_cond_vol,0.031925
SPG,21,5,ret_TARGET,0.0
SPG,21,5,tech_RSI,0.0
SPG,21,5,tech_MACD_hist,0.014821
SPG,21,5,ret_VIXY,0.0
SPG,21,5,mom21_VIXY,0.007577
SPG,21,5,ret_HYG,0.0
SPG,21,5,mom21_HYG,0.009603
SPG,21,5,ret_USO,0.0
SPG,21,5,mom21_USO,0.006414
SPG,21,5,ret_TLT,0.0
SPG,21,5,mom21_TLT,0.009542
SPG,21,5,ret_UUP,0.0
SPG,21,5,mom21_UUP,0.0
SPG,21,5,ret_SPY,0.0
SPG,21,5,mom21_SPY,0.006944
SPG,21,5,vol_vel,0.005833
SPG,21,5,vol_of_vol,0.00817
SPG,21,5,vol_regime_zscore,0.010475
SPG,21,5,vol_chg_21d,0.0
SPG,21,5,event_fed_gravity,0.050084
SPG,21,5,event_earn_gravity,0.0
SPG,21,5,event_div_gravity,0.0
SPG,21,5,event_cpi_gravity,0.024138
SPG,21,5,event_nfp_gravity,0.039155
SPG,21,5,put_call_skew_30d,0.0
SPG,21,5,term_structure_slope,0.035997
SPG,21,5,vrp_wedge,0.017156
SPG,21,5,iv_atm_z_score,0.013155
SPG,21,5,macro_yield_curve_slope,0.041936
SPG,21,5,macro_hy_spread,0.023527
SPG,21,5,macro_hy_spread_chg_5d,0.0
SPG,21,5,macro_breakeven_5y,0.017071
SPG,21,5,macro_inflation_fwd_5y5y,0.0
SPG,21,5,macro_inflation_fwd_chg_21d,0.014178
SPG,21,5,macro_inflation_fwd_abs_chg_21d,0.0
SPG,21,5,macro_inflation_fwd_chg_63d,0.034701
SPG,21,5,macro_inflation_fwd_zscore,0.043557
SPG,21,5,macro_dollar_ret,0.0
SPG,21,5,beta_spy,0.054761
SPG,21,5,res_vol,0.023562
SPG,21,5,res_vol_vel,0.0
SPG,21,5,price_regime,0.01516
SPG,21,5,corr_sector_21d,0.0
SPG,21,5,corr_sector_252d,0.01247
SPG,21,5,sector_wedge,0.0
SPG,21,6,rv_5d,0.181383
SPG,21,6,rv_10d,0.161803
SPG,21,6,rv_21d,0.020635
SPG,21,6,rv_63d,0.011112
SPG,21,6,rv_126d,0.028246
SPG,21,6,ewma_vol,0.015649
SPG,21,6,garch_cond_vol,0.022336
SPG,21,6,ret_TARGET,0.0
SPG,21,6,tech_RSI,0.0
SPG,21,6,tech_MACD_hist,0.010125
SPG,21,6,ret_VIXY,0.0
SPG,21,6,mom21_VIXY,0.006261
SPG,21,6,ret_HYG,0.0
SPG,21,6,mom21_HYG,0.007782
SPG,21,6,ret_USO,0.0
SPG,21,6,mom21_USO,0.008499
SPG,21,6,ret_TLT,0.0
SPG,21,6,mom21_TLT,0.007305
SPG,21,6,ret_UUP,0.0
SPG,21,6,mom21_UUP,0.0
SPG,21,6,ret_SPY,0.0
SPG,21,6,mom21_SPY,0.00835
SPG,21,6,vol_vel,0.0
SPG,21,6,vol_of_vol,0.006741
SPG,21,6,vol_regime_zscore,0.028768
SPG,21,6,vol_chg_21d,0.0
SPG,21,6,event_fed_gravity,0.04055
SPG,21,6,event_earn_gravity,0.0
SPG,21,6,event_div_gravity,0.0
SPG,21,6,event_cpi_gravity,0.024978
SPG,21,6,event_nfp_gravity,0.028832
SPG,21,6,put_call_skew_30d,0.0
SPG,21,6,term_structure_slope,0.062139
SPG,21,6,vrp_wedge,0.016541
SPG,21,6,iv_atm_z_score,0.013052
SPG,21,6,macro_yield_curve_slope,0.023832
SPG,21,6,macro_hy_spread,0.028734
SPG,21,6,macro_hy_spread_chg_5d,0.0
SPG,21,6,macro_breakeven_5y,0.0
SPG,21,6,macro_inflation_fwd_5y5y,0.027206
SPG,21,6,macro_inflation_fwd_chg_21d,0.014239
SPG,21,6,macro_inflation_fwd_abs_chg_21d,0.005577
SPG,21,6,macro_inflation_fwd_chg_63d,0.03256
SPG,21,6,macro_inflation_fwd_zscore,0.056403
SPG,21,6,macro_dollar_ret,0.0
SPG,21,6,beta_spy,0.051629
SPG,21,6,res_vol,0.014576
SPG,21,6,res_vol_vel,0.0
SPG,21,6,price_regime,0.0
SPG,21,6,corr_sector_21d,0.0
SPG,21,6,corr_sector_252d,0.022166
SPG,21,6,sector_wedge,0.011995
SPG,21,7,rv_5d,0.151687
SPG,21,7,rv_10d,0.154694
SPG,21,7,rv_21d,0.014746
SPG,21,7,rv_63d,0.015235
SPG,21,7,rv_126d,0.025872
SPG,21,7,ewma_vol,0.009029
SPG,21,7,garch_cond_vol,0.030998
SPG,21,7,ret_TARGET,0.0
SPG,21,7,tech_RSI,0.0
SPG,21,7,tech_MACD_hist,0.007579
SPG,21,7,ret_VIXY,0.0
SPG,21,7,mom21_VIXY,0.005934
SPG,21,7,ret_HYG,0.0
SPG,21,7,mom21_HYG,0.007334
SPG,21,7,ret_USO,0.0
SPG,21,7,mom21_USO,0.008794
SPG,21,7,ret_TLT,0.0
SPG,21,7,mom21_TLT,0.008757
SPG,21,7,ret_UUP,0.0
SPG,21,7,mom21_UUP,0.0
SPG,21,7,ret_SPY,0.0
SPG,21,7,mom21_SPY,0.005204
SPG,21,7,vol_vel,0.0
SPG,21,7,vol_of_vol,0.006009
SPG,21,7,vol_regime_zscore,0.027951
SPG,21,7,vol_chg_21d,0.0
SPG,21,7,event_fed_gravity,0.039127
SPG,21,7,event_earn_gravity,0.0
SPG,21,7,event_div_gravity,0.0
SPG,21,7,event_cpi_gravity,0.028245
SPG,21,7,event_nfp_gravity,0.027355
SPG,21,7,put_call_skew_30d,0.0
SPG,21,7,term_structure_slope,0.00487
SPG,21,7,vrp_wedge,0.013654
SPG,21,7,iv_atm_z_score,0.011877
SPG,21,7,macro_yield_curve_slope,0.02197
SPG,21,7,macro_hy_spread,0.054553
SPG,21,7,macro_hy_spread_chg_5d,0.0
SPG,21,7,macro_breakeven_5y,0.014865
SPG,21,7,macro_inflation_fwd_5y5y,0.02874
SPG,21,7,macro_inflation_fwd_chg_21d,0.012906
SPG,21,7,macro_inflation_fwd_abs_chg_21d,0.0
SPG,21,7,macro_inflation_fwd_chg_63d,0.023684
SPG,21,7,macro_inflation_fwd_zscore,0.060881
SPG,21,7,macro_dollar_ret,0.0
SPG,21,7,beta_spy,0.050341
SPG,21,7,res_vol,0.01149
SPG,21,7,res_vol_vel,0.088655
SPG,21,7,price_regime,0.010372
SPG,21,7,corr_sector_21d,0.0
SPG,21,7,corr_sector_252d,0.016595
SPG,21,7,sector_wedge,0.0
SPG,21,8,rv_5d,0.148137
SPG,21,8,rv_10d,0.137046
SPG,21,8,rv_21d,0.012353
SPG,21,8,rv_63d,0.014072
SPG,21,8,rv_126d,0.020196
SPG,21,8,ewma_vol,0.007384
SPG,21,8,garch_cond_vol,0.025378
SPG,21,8,ret_TARGET,0.0
SPG,21,8,tech_RSI,0.0
SPG,21,8,tech_MACD_hist,0.015254
SPG,21,8,ret_VIXY,0.0
SPG,21,8,mom21_VIXY,0.004697
SPG,21,8,ret_HYG,0.0
SPG,21,8,mom21_HYG,0.008255
SPG,21,8,ret_USO,0.0
SPG,21,8,mom21_USO,0.005478
SPG,21,8,ret_TLT,0.0
SPG,21,8,mom21_TLT,0.0
SPG,21,8,ret_UUP,0.0
SPG,21,8,mom21_UUP,0.0
SPG,21,8,ret_SPY,0.0
SPG,21,8,mom21_SPY,0.006409
SPG,21,8,vol_vel,0.0
SPG,21,8,vol_of_vol,0.005553
SPG,21,8,vol_regime_zscore,0.011932
SPG,21,8,vol_chg_21d,0.011713
SPG,21,8,event_fed_gravity,0.032226
SPG,21,8,event_earn_gravity,0.0
SPG,21,8,event_div_gravity,0.0
SPG,21,8,event_cpi_gravity,0.030842
SPG,21,8,event_nfp_gravity,0.022583
SPG,21,8,put_call_skew_30d,0.0
SPG,21,8,term_structure_slope,0.0
SPG,21,8,vrp_wedge,0.016518
SPG,21,8,iv_atm_z_score,0.009837
SPG,21,8,macro_yield_curve_slope,0.028329
SPG,21,8,macro_hy_spread,0.105092
SPG,21,8,macro_hy_spread_chg_5d,0.0
SPG,21,8,macro_breakeven_5y,0.013612
SPG,21,8,macro_inflation_fwd_5y5y,0.029027
SPG,21,8,macro_inflation_fwd_chg_21d,0.026061
SPG,21,8,macro_inflation_fwd_abs_chg_21d,0.0
SPG,21,8,macro_inflation_fwd_chg_63d,0.022683
SPG,21,8,macro_inflation_fwd_zscore,0.057203
SPG,21,8,macro_dollar_ret,0.0
SPG,21,8,beta_spy,0.049247
SPG,21,8,res_vol,0.009761
SPG,21,8,res_vol_vel,0.080261
SPG,21,8,price_regime,0.005799
SPG,21,8,corr_sector_21d,0.004525
SPG,21,8,corr_sector_252d,0.016633
SPG,21,8,sector_wedge,0.005902
SPG,21,9,rv_5d,0.128439
SPG,21,9,rv_10d,0.165943
SPG,21,9,rv_21d,0.016352
SPG,21,9,rv_63d,0.01646
SPG,21,9,rv_126d,0.021921
SPG,21,9,ewma_vol,0.0
SPG,21,9,garch_cond_vol,0.018659
SPG,21,9,ret_TARGET,0.0
SPG,21,9,tech_RSI,0.0
SPG,21,9,tech_MACD_hist,0.011803
SPG,21,9,ret_VIXY,0.0
SPG,21,9,mom21_VIXY,0.0
SPG,21,9,ret_HYG,0.0
SPG,21,9,mom21_HYG,0.007829
SPG,21,9,ret_USO,0.0
SPG,21,9,mom21_USO,0.005931
SPG,21,9,ret_TLT,0.0
SPG,21,9,mom21_TLT,0.009316
SPG,21,9,ret_UUP,0.0
SPG,21,9,mom21_UUP,0.0
SPG,21,9,ret_SPY,0.0
SPG,21,9,mom21_SPY,0.006545
SPG,21,9,vol_vel,0.0
SPG,21,9,vol_of_vol,0.005427
SPG,21,9,vol_regime_zscore,0.011707
SPG,21,9,vol_chg_21d,0.014781
SPG,21,9,event_fed_gravity,0.02344
SPG,21,9,event_earn_gravity,0.0
SPG,21,9,event_div_gravity,0.0
SPG,21,9,event_cpi_gravity,0.036285
SPG,21,9,event_nfp_gravity,0.021346
SPG,21,9,put_call_skew_30d,0.0
SPG,21,9,term_structure_slope,0.053243
SPG,21,9,vrp_wedge,0.015721
SPG,21,9,iv_atm_z_score,0.009548
SPG,21,9,macro_yield_curve_slope,0.019
SPG,21,9,macro_hy_spread,0.056639
SPG,21,9,macro_hy_spread_chg_5d,0.0
SPG,21,9,macro_breakeven_5y,0.014981
SPG,21,9,macro_inflation_fwd_5y5y,0.033741
SPG,21,9,macro_inflation_fwd_chg_21d,0.020309
SPG,21,9,macro_inflation_fwd_abs_chg_21d,0.0
SPG,21,9,macro_inflation_fwd_chg_63d,0.025789
SPG,21,9,macro_inflation_fwd_zscore,0.045043
SPG,21,9,macro_dollar_ret,0.0
SPG,21,9,beta_spy,0.055606
SPG,21,9,res_vol,0.008848
SPG,21,9,res_vol_vel,0.083087
SPG,21,9,price_regime,0.008013
SPG,21,9,corr_sector_21d,0.004693
SPG,21,9,corr_sector_252d,0.017585
SPG,21,9,sector_wedge,0.00597
SPG,21,10,rv_5d,0.138035
SPG,21,10,rv_10d,0.216179
SPG,21,10,rv_21d,0.01462
SPG,21,10,rv_63d,0.019017
SPG,21,10,rv_126d,0.028088
SPG,21,10,ewma_vol,0.026624
SPG,21,10,garch_cond_vol,0.027808
SPG,21,10,ret_TARGET,0.0
SPG,21,10,tech_RSI,0.0
SPG,21,10,tech_MACD_hist,0.013273
SPG,21,10,ret_VIXY,0.0
SPG,21,10,mom21_VIXY,0.0054
SPG,21,10,ret_HYG,0.0
SPG,21,10,mom21_HYG,0.008978
SPG,21,10,ret_USO,0.0
SPG,21,10,mom21_USO,0.004995
SPG,21,10,ret_TLT,0.0
SPG,21,10,mom21_TLT,0.006481
SPG,21,10,ret_UUP,0.0
SPG,21,10,mom21_UUP,0.0
SPG,21,10,ret_SPY,0.0
SPG,21,10,mom21_SPY,0.00533
SPG,21,10,vol_vel,0.007459
SPG,21,10,vol_of_vol,0.00585
SPG,21,10,vol_regime_zscore,0.014706
SPG,21,10,vol_chg_21d,0.010288
SPG,21,10,event_fed_gravity,0.033548
SPG,21,10,event_earn_gravity,0.0
SPG,21,10,event_div_gravity,0.0
SPG,21,10,event_cpi_gravity,0.021224
SPG,21,10,event_nfp_gravity,0.033395
SPG,21,10,put_call_skew_30d,0.008034
SPG,21,10,term_structure_slope,0.050914
SPG,21,10,vrp_wedge,0.01163
SPG,21,10,iv_atm_z_score,0.008368
SPG,21,10,macro_yield_curve_slope,0.017402
SPG,21,10,macro_hy_spread,0.029566
SPG,21,10,macro_hy_spread_chg_5d,0.0
SPG,21,10,macro_breakeven_5y,0.014868
SPG,21,10,macro_inflation_fwd_5y5y,0.028645
SPG,21,10,macro_inflation_fwd_chg_21d,0.017314
SPG,21,10,macro_inflation_fwd_abs_chg_21d,0.005356
SPG,21,10,macro_inflation_fwd_chg_63d,0.027645
SPG,21,10,macro_inflation_fwd_zscore,0.034171
SPG,21,10,macro_dollar_ret,0.0
SPG,21,10,beta_spy,0.055013
SPG,21,10,res_vol,0.008558
SPG,21,10,res_vol_vel,0.006482
SPG,21,10,price_regime,0.009412
SPG,21,10,corr_sector_21d,0.004622
SPG,21,10,corr_sector_252d,0.013469
SPG,21,10,sector_wedge,0.007233
SPG,21,11,rv_5d,0.166176
SPG,21,11,rv_10d,0.213115
SPG,21,11,rv_21d,0.019521
SPG,21,11,rv_63d,0.019416
SPG,21,11,rv_126d,0.034593
SPG,21,11,ewma_vol,0.008105
SPG,21,11,garch_cond_vol,0.022378
SPG,21,11,ret_TARGET,0.0
SPG,21,11,tech_RSI,0.0
SPG,21,11,tech_MACD_hist,0.019525
SPG,21,11,ret_VIXY,0.0
SPG,21,11,mom21_VIXY,0.00634
SPG,21,11,ret_HYG,0.0
SPG,21,11,mom21_HYG,0.009267
SPG,21,11,ret_USO,0.0
SPG,21,11,mom21_USO,0.006463
SPG,21,11,ret_TLT,0.0
SPG,21,11,mom21_TLT,0.0
SPG,21,11,ret_UUP,0.0
SPG,21,11,mom21_UUP,0.0
SPG,21,11,ret_SPY,0.0
SPG,21,11,mom21_SPY,0.006276
SPG,21,11,vol_vel,0.0
SPG,21,11,vol_of_vol,0.006421
SPG,21,11,vol_regime_zscore,0.019668
SPG,21,11,vol_chg_21d,0.018924
SPG,21,11,event_fed_gravity,0.057306
SPG,21,11,event_earn_gravity,0.0
SPG,21,11,event_div_gravity,0.0
SPG,21,11,event_cpi_gravity,0.041103
SPG,21,11,event_nfp_gravity,0.0444
SPG,21,11,put_call_skew_30d,0.0
SPG,21,11,term_structure_slope,0.0
SPG,21,11,vrp_wedge,0.013403
SPG,21,11,iv_atm_z_score,0.010077
SPG,21,11,macro_yield_curve_slope,0.012367
SPG,21,11,macro_hy_spread,0.036503
SPG,21,11,macro_hy_spread_chg_5d,0.0
SPG,21,11,macro_breakeven_5y,0.0
SPG,21,11,macro_inflation_fwd_5y5y,0.021506
SPG,21,11,macro_inflation_fwd_chg_21d,0.018802
SPG,21,11,macro_inflation_fwd_abs_chg_21d,0.007032
SPG,21,11,macro_inflation_fwd_chg_63d,0.031972
SPG,21,11,macro_inflation_fwd_zscore,0.024633
SPG,21,11,macro_dollar_ret,0.0
SPG,21,11,beta_spy,0.061531
SPG,21,11,res_vol,0.009929
SPG,21,11,res_vol_vel,0.0
SPG,21,11,price_regime,0.01044
SPG,21,11,corr_sector_21d,0.005734
SPG,21,11,corr_sector_252d,0.0109
SPG,21,11,sector_wedge,0.006175
SPG,21,12,rv_5d,0.17691
SPG,21,12,rv_10d,0.22586
SPG,21,12,rv_21d,0.015061
SPG,21,12,rv_63d,0.022885
SPG,21,12,rv_126d,0.036297
SPG,21,12,ewma_vol,0.005563
SPG,21,12,garch_cond_vol,0.024411
SPG,21,12,ret_TARGET,0.0
SPG,21,12,tech_RSI,0.0
SPG,21,12,tech_MACD_hist,0.024567
SPG,21,12,ret_VIXY,0.0
SPG,21,12,mom21_VIXY,0.006125
SPG,21,12,ret_HYG,0.0
SPG,21,12,mom21_HYG,0.008262
SPG,21,12,ret_USO,0.0
SPG,21,12,mom21_USO,0.007367
SPG,21,12,ret_TLT,0.0
SPG,21,12,mom21_TLT,0.008049
SPG,21,12,ret_UUP,0.0
SPG,21,12,mom21_UUP,0.0
SPG,21,12,ret_SPY,0.0
SPG,21,12,mom21_SPY,0.0
SPG,21,12,vol_vel,0.0
SPG,21,12,vol_of_vol,0.011226
SPG,21,12,vol_regime_zscore,0.024666
SPG,21,12,vol_chg_21d,0.010686
SPG,21,12,event_fed_gravity,0.057184
SPG,21,12,event_earn_gravity,0.0
SPG,21,12,event_div_gravity,0.0
SPG,21,12,event_cpi_gravity,0.040329
SPG,21,12,event_nfp_gravity,0.035336
SPG,21,12,put_call_skew_30d,0.007262
SPG,21,12,term_structure_slope,0.0
SPG,21,12,vrp_wedge,0.018545
SPG,21,12,iv_atm_z_score,0.011077
SPG,21,12,macro_yield_curve_slope,0.010773
SPG,21,12,macro_hy_spread,0.008168
SPG,21,12,macro_hy_spread_chg_5d,0.0
SPG,21,12,macro_breakeven_5y,0.016583
SPG,21,12,macro_inflation_fwd_5y5y,0.0
SPG,21,12,macro_inflation_fwd_chg_21d,0.022463
SPG,21,12,macro_inflation_fwd_abs_chg_21d,0.015118
SPG,21,12,macro_inflation_fwd_chg_63d,0.032521
SPG,21,12,macro_inflation_fwd_zscore,0.02194
SPG,21,12,macro_dollar_ret,0.0
SPG,21,12,beta_spy,0.059118
SPG,21,12,res_vol,0.010357
SPG,21,12,res_vol_vel,0.0
SPG,21,12,price_regime,0.011165
SPG,21,12,corr_sector_21d,0.008112
SPG,21,12,corr_sector_252d,0.0
SPG,21,12,sector_wedge,0.006013
SPG,21,13,rv_5d,0.171517
SPG,21,13,rv_10d,0.224974
SPG,21,13,rv_21d,0.017194
SPG,21,13,rv_63d,0.019074
SPG,21,13,rv_126d,0.031124
SPG,21,13,ewma_vol,0.0
SPG,21,13,garch_cond_vol,0.029084
SPG,21,13,ret_TARGET,0.0
SPG,21,13,tech_RSI,0.0
SPG,21,13,tech_MACD_hist,0.022041
SPG,21,13,ret_VIXY,0.0
SPG,21,13,mom21_VIXY,0.007498
SPG,21,13,ret_HYG,0.0
SPG,21,13,mom21_HYG,0.008794
SPG,21,13,ret_USO,0.0
SPG,21,13,mom21_USO,0.0087
SPG,21,13,ret_TLT,0.011331
SPG,21,13,mom21_TLT,0.007009
SPG,21,13,ret_UUP,0.0
SPG,21,13,mom21_UUP,0.0
SPG,21,13,ret_SPY,0.0
SPG,21,13,mom21_SPY,0.00586
SPG,21,13,vol_vel,0.006792
SPG,21,13,vol_of_vol,0.006254
SPG,21,13,vol_regime_zscore,0.027337
SPG,21,13,vol_chg_21d,0.016799
SPG,21,13,event_fed_gravity,0.060601
SPG,21,13,event_earn_gravity,0.0
SPG,21,13,event_div_gravity,0.0
SPG,21,13,event_cpi_gravity,0.046167
SPG,21,13,event_nfp_gravity,0.040066
SPG,21,13,put_call_skew_30d,0.0
SPG,21,13,term_structure_slope,0.0
SPG,21,13,vrp_wedge,0.014581
SPG,21,13,iv_atm_z_score,0.00952
SPG,21,13,macro_yield_curve_slope,0.008584
SPG,21,13,macro_hy_spread,0.010489
SPG,21,13,macro_hy_spread_chg_5d,0.0
SPG,21,13,macro_breakeven_5y,0.015394
SPG,21,13,macro_inflation_fwd_5y5y,0.0
SPG,21,13,macro_inflation_fwd_chg_21d,0.012945
SPG,21,13,macro_inflation_fwd_abs_chg_21d,0.012999
SPG,21,13,macro_inflation_fwd_chg_63d,0.028905
SPG,21,13,macro_inflation_fwd_zscore,0.024395
SPG,21,13,macro_dollar_ret,0.0
SPG,21,13,beta_spy,0.053397
SPG,21,13,res_vol,0.008752
SPG,21,13,res_vol_vel,0.0
SPG,21,13,price_regime,0.008364
SPG,21,13,corr_sector_21d,0.010383
SPG,21,13,corr_sector_252d,0.005664
SPG,21,13,sector_wedge,0.007414
SPG,21,14,rv_5d,0.171991
SPG,21,14,rv_10d,0.180929
SPG,21,14,rv_21d,0.040119
SPG,21,14,rv_63d,0.015771
SPG,21,14,rv_126d,0.031537
SPG,21,14,ewma_vol,0.034885
SPG,21,14,garch_cond_vol,0.046857
SPG,21,14,ret_TARGET,0.0
SPG,21,14,tech_RSI,0.005575
SPG,21,14,tech_MACD_hist,0.02101
SPG,21,14,ret_VIXY,0.0
SPG,21,14,mom21_VIXY,0.006432
SPG,21,14,ret_HYG,0.0
SPG,21,14,mom21_HYG,0.006843
SPG,21,14,ret_USO,0.0
SPG,21,14,mom21_USO,0.007026
SPG,21,14,ret_TLT,0.012448
SPG,21,14,mom21_TLT,0.013619
SPG,21,14,ret_UUP,0.0
SPG,21,14,mom21_UUP,0.004989
SPG,21,14,ret_SPY,0.0
SPG,21,14,mom21_SPY,0.0
SPG,21,14,vol_vel,0.005473
SPG,21,14,vol_of_vol,0.012593
SPG,21,14,vol_regime_zscore,0.033363
SPG,21,14,vol_chg_21d,0.025456
SPG,21,14,event_fed_gravity,0.027512
SPG,21,14,event_earn_gravity,0.0
SPG,21,14,event_div_gravity,0.0
SPG,21,14,event_cpi_gravity,0.05934
SPG,21,14,event_nfp_gravity,0.022311
SPG,21,14,put_call_skew_30d,0.0
SPG,21,14,term_structure_slope,0.004962
SPG,21,14,vrp_wedge,0.016896
SPG,21,14,iv_atm_z_score,0.011758
SPG,21,14,macro_yield_curve_slope,0.010389
SPG,21,14,macro_hy_spread,0.00913
SPG,21,14,macro_hy_spread_chg_5d,0.0
SPG,21,14,macro_breakeven_5y,0.0
SPG,21,14,macro_inflation_fwd_5y5y,0.022933
SPG,21,14,macro_inflation_fwd_chg_21d,0.010864
SPG,21,14,macro_inflation_fwd_abs_chg_21d,0.0
SPG,21,14,macro_inflation_fwd_chg_63d,0.022764
SPG,21,14,macro_inflation_fwd_zscore,0.024699
SPG,21,14,macro_dollar_ret,0.0
SPG,21,14,beta_spy,0.039515
SPG,21,14,res_vol,0.00895
SPG,21,14,res_vol_vel,0.0
SPG,21,14,price_regime,0.009897
SPG,21,14,corr_sector_21d,0.008631
SPG,21,14,corr_sector_252d,0.005597
SPG,21,14,sector_wedge,0.006935
SPG,21,15,rv_5d,0.172928
SPG,21,15,rv_10d,0.170651
SPG,21,15,rv_21d,0.030362
SPG,21,15,rv_63d,0.019616
SPG,21,15,rv_126d,0.026747
SPG,21,15,ewma_vol,0.024182
SPG,21,15,garch_cond_vol,0.071861
SPG,21,15,ret_TARGET,0.0
SPG,21,15,tech_RSI,0.006178
SPG,21,15,tech_MACD_hist,0.017484
SPG,21,15,ret_VIXY,0.0
SPG,21,15,mom21_VIXY,0.007377
SPG,21,15,ret_HYG,0.0
SPG,21,15,mom21_HYG,0.006733
SPG,21,15,ret_USO,0.0
SPG,21,15,mom21_USO,0.006284
SPG,21,15,ret_TLT,0.0
SPG,21,15,mom21_TLT,0.008894
SPG,21,15,ret_UUP,0.0
SPG,21,15,mom21_UUP,0.0
SPG,21,15,ret_SPY,0.0
SPG,21,15,mom21_SPY,0.0
SPG,21,15,vol_vel,0.005005
SPG,21,15,vol_of_vol,0.006232
SPG,21,15,vol_regime_zscore,0.038808
SPG,21,15,vol_chg_21d,0.029619
SPG,21,15,event_fed_gravity,0.046232
SPG,21,15,event_earn_gravity,0.0
SPG,21,15,event_div_gravity,0.0
SPG,21,15,event_cpi_gravity,0.049167
SPG,21,15,event_nfp_gravity,0.023804
SPG,21,15,put_call_skew_30d,0.0
SPG,21,15,term_structure_slope,0.0
SPG,21,15,vrp_wedge,0.020103
SPG,21,15,iv_atm_z_score,0.011176
SPG,21,15,macro_yield_curve_slope,0.007817
SPG,21,15,macro_hy_spread,0.008825
SPG,21,15,macro_hy_spread_chg_5d,0.0
SPG,21,15,macro_breakeven_5y,0.017355
SPG,21,15,macro_inflation_fwd_5y5y,0.023592
SPG,21,15,macro_inflation_fwd_chg_21d,0.010122
SPG,21,15,macro_inflation_fwd_abs_chg_21d,0.007032
SPG,21,15,macro_inflation_fwd_chg_63d,0.01952
SPG,21,15,macro_inflation_fwd_zscore,0.024049
SPG,21,15,macro_dollar_ret,0.0
SPG,21,15,beta_spy,0.039926
SPG,21,15,res_vol,0.010492
SPG,21,15,res_vol_vel,0.0
SPG,21,15,price_regime,0.011261
SPG,21,15,corr_sector_21d,0.00821
SPG,21,15,corr_sector_252d,0.005932
SPG,21,15,sector_wedge,0.006423
SPG,21,16,rv_5d,0.15501
SPG,21,16,rv_10d,0.238907
SPG,21,16,rv_21d,0.042312
SPG,21,16,rv_63d,0.020075
SPG,21,16,rv_126d,0.029667
SPG,21,16,ewma_vol,0.040582
SPG,21,16,garch_cond_vol,0.049846
SPG,21,16,ret_TARGET,0.0
SPG,21,16,tech_RSI,0.005229
SPG,21,16,tech_MACD_hist,0.0119
SPG,21,16,ret_VIXY,0.0
SPG,21,16,mom21_VIXY,0.006385
SPG,21,16,ret_HYG,0.0
SPG,21,16,mom21_HYG,0.008734
SPG,21,16,ret_USO,0.0
SPG,21,16,mom21_USO,0.007815
SPG,21,16,ret_TLT,0.0
SPG,21,16,mom21_TLT,0.006605
SPG,21,16,ret_UUP,0.0
SPG,21,16,mom21_UUP,0.0
SPG,21,16,ret_SPY,0.0
SPG,21,16,mom21_SPY,0.0
SPG,21,16,vol_vel,0.005425
SPG,21,16,vol_of_vol,0.010897
SPG,21,16,vol_regime_zscore,0.036272
SPG,21,16,vol_chg_21d,0.0
SPG,21,16,event_fed_gravity,0.039937
SPG,21,16,event_earn_gravity,0.0
SPG,21,16,event_div_gravity,0.0
SPG,21,16,event_cpi_gravity,0.039153
SPG,21,16,event_nfp_gravity,0.02863
SPG,21,16,put_call_skew_30d,0.0
SPG,21,16,term_structure_slope,0.0
SPG,21,16,vrp_wedge,0.018441
SPG,21,16,iv_atm_z_score,0.011591
SPG,21,16,macro_yield_curve_slope,0.007887
SPG,21,16,macro_hy_spread,0.007125
SPG,21,16,macro_hy_spread_chg_5d,0.0
SPG,21,16,macro_breakeven_5y,0.005675
SPG,21,16,macro_inflation_fwd_5y5y,0.026043
SPG,21,16,macro_inflation_fwd_chg_21d,0.008361
SPG,21,16,macro_inflation_fwd_abs_chg_21d,0.007584
SPG,21,16,macro_inflation_fwd_chg_63d,0.021006
SPG,21,16,macro_inflation_fwd_zscore,0.023394
SPG,21,16,macro_dollar_ret,0.0
SPG,21,16,beta_spy,0.043123
SPG,21,16,res_vol,0.009612
SPG,21,16,res_vol_vel,0.0
SPG,21,16,price_regime,0.011073
SPG,21,16,corr_sector_21d,0.006375
SPG,21,16,corr_sector_252d,0.0
SPG,21,16,sector_wedge,0.009328
SPG,21,17,rv_5d,0.181846
SPG,21,17,rv_10d,0.195532
SPG,21,17,rv_21d,0.036293
SPG,21,17,rv_63d,0.019705
SPG,21,17,rv_126d,0.026131
SPG,21,17,ewma_vol,0.0
SPG,21,17,garch_cond_vol,0.062997
SPG,21,17,ret_TARGET,0.0
SPG,21,17,tech_RSI,0.0
SPG,21,17,tech_MACD_hist,0.010181
SPG,21,17,ret_VIXY,0.0
SPG,21,17,mom21_VIXY,0.006432
SPG,21,17,ret_HYG,0.0
SPG,21,17,mom21_HYG,0.006953
SPG,21,17,ret_USO,0.0
SPG,21,17,mom21_USO,0.008336
SPG,21,17,ret_TLT,0.0
SPG,21,17,mom21_TLT,0.006161
SPG,21,17,ret_UUP,0.0
SPG,21,17,mom21_UUP,0.0
SPG,21,17,ret_SPY,0.0
SPG,21,17,mom21_SPY,0.0
SPG,21,17,vol_vel,0.0
SPG,21,17,vol_of_vol,0.026761
SPG,21,17,vol_regime_zscore,0.038946
SPG,21,17,vol_chg_21d,0.0
SPG,21,17,event_fed_gravity,0.066657
SPG,21,17,event_earn_gravity,0.0
SPG,21,17,event_div_gravity,0.0
SPG,21,17,event_cpi_gravity,0.036563
SPG,21,17,event_nfp_gravity,0.024084
SPG,21,17,put_call_skew_30d,0.0
SPG,21,17,term_structure_slope,0.0
SPG,21,17,vrp_wedge,0.023126
SPG,21,17,iv_atm_z_score,0.011821
SPG,21,17,macro_yield_curve_slope,0.00759
SPG,21,17,macro_hy_spread,0.008797
SPG,21,17,macro_hy_spread_chg_5d,0.0
SPG,21,17,macro_breakeven_5y,0.019672
SPG,21,17,macro_inflation_fwd_5y5y,0.022183
SPG,21,17,macro_inflation_fwd_chg_21d,0.005549
SPG,21,17,macro_inflation_fwd_abs_chg_21d,0.005494
SPG,21,17,macro_inflation_fwd_chg_63d,0.023279
SPG,21,17,macro_inflation_fwd_zscore,0.022932
SPG,21,17,macro_dollar_ret,0.0
SPG,21,17,beta_spy,0.046826
SPG,21,17,res_vol,0.011715
SPG,21,17,res_vol_vel,0.0
SPG,21,17,price_regime,0.011774
SPG,21,17,corr_sector_21d,0.012557
SPG,21,17,corr_sector_252d,0.005748
SPG,21,17,sector_wedge,0.007361
SPG,21,18,rv_5d,0.162649
SPG,21,18,rv_10d,0.219334
SPG,21,18,rv_21d,0.044216
SPG,21,18,rv_63d,0.025919
SPG,21,18,rv_126d,0.029329
SPG,21,18,ewma_vol,0.017983
SPG,21,18,garch_cond_vol,0.063224
SPG,21,18,ret_TARGET,0.0
SPG,21,18,tech_RSI,0.006921
SPG,21,18,tech_MACD_hist,0.012408
SPG,21,18,ret_VIXY,0.0
SPG,21,18,mom21_VIXY,0.00593
SPG,21,18,ret_HYG,0.0
SPG,21,18,mom21_HYG,0.006393
SPG,21,18,ret_USO,0.0
SPG,21,18,mom21_USO,0.006481
SPG,21,18,ret_TLT,0.0
SPG,21,18,mom21_TLT,0.011593
SPG,21,18,ret_UUP,0.0
SPG,21,18,mom21_UUP,0.0
SPG,21,18,ret_SPY,0.0
SPG,21,18,mom21_SPY,0.0
SPG,21,18,vol_vel,0.0
SPG,21,18,vol_of_vol,0.006424
SPG,21,18,vol_regime_zscore,0.052629
SPG,21,18,vol_chg_21d,0.0
SPG,21,18,event_fed_gravity,0.034201
SPG,21,18,event_earn_gravity,0.0
SPG,21,18,event_div_gravity,0.0
SPG,21,18,event_cpi_gravity,0.040021
SPG,21,18,event_nfp_gravity,0.034416
SPG,21,18,put_call_skew_30d,0.0
SPG,21,18,term_structure_slope,0.0
SPG,21,18,vrp_wedge,0.016258
SPG,21,18,iv_atm_z_score,0.011103
SPG,21,18,macro_yield_curve_slope,0.008515
SPG,21,18,macro_hy_spread,0.007586
SPG,21,18,macro_hy_spread_chg_5d,0.0
SPG,21,18,macro_breakeven_5y,0.005074
SPG,21,18,macro_inflation_fwd_5y5y,0.024491
SPG,21,18,macro_inflation_fwd_chg_21d,0.008311
SPG,21,18,macro_inflation_fwd_abs_chg_21d,0.005256
SPG,21,18,macro_inflation_fwd_chg_63d,0.025587
SPG,21,18,macro_inflation_fwd_zscore,0.022508
SPG,21,18,macro_dollar_ret,0.0
SPG,21,18,beta_spy,0.042724
SPG,21,18,res_vol,0.009326
SPG,21,18,res_vol_vel,0.0
SPG,21,18,price_regime,0.011934
SPG,21,18,corr_sector_21d,0.008523
SPG,21,18,corr_sector_252d,0.005747
SPG,21,18,sector_wedge,0.006985
SPG,21,19,rv_5d,0.23264
SPG,21,19,rv_10d,0.146272
SPG,21,19,rv_21d,0.035677
SPG,21,19,rv_63d,0.025869
SPG,21,19,rv_126d,0.018795
SPG,21,19,ewma_vol,0.005369
SPG,21,19,garch_cond_vol,0.072797
SPG,21,19,ret_TARGET,0.0
SPG,21,19,tech_RSI,0.007331
SPG,21,19,tech_MACD_hist,0.013039
SPG,21,19,ret_VIXY,0.0
SPG,21,19,mom21_VIXY,0.00862
SPG,21,19,ret_HYG,0.0
SPG,21,19,mom21_HYG,0.007822
SPG,21,19,ret_USO,0.0
SPG,21,19,mom21_USO,0.009308
SPG,21,19,ret_TLT,0.0
SPG,21,19,mom21_TLT,0.0106
SPG,21,19,ret_UUP,0.0
SPG,21,19,mom21_UUP,0.0
SPG,21,19,ret_SPY,0.0
SPG,21,19,mom21_SPY,0.0
SPG,21,19,vol_vel,0.005424
SPG,21,19,vol_of_vol,0.00831
SPG,21,19,vol_regime_zscore,0.033936
SPG,21,19,vol_chg_21d,0.007102
SPG,21,19,event_fed_gravity,0.03443
SPG,21,19,event_earn_gravity,0.0
SPG,21,19,event_div_gravity,0.0
SPG,21,19,event_cpi_gravity,0.040216
SPG,21,19,event_nfp_gravity,0.037758
SPG,21,19,put_call_skew_30d,0.0
SPG,21,19,term_structure_slope,0.0
SPG,21,19,vrp_wedge,0.011139
SPG,21,19,iv_atm_z_score,0.016564
SPG,21,19,macro_yield_curve_slope,0.008308
SPG,21,19,macro_hy_spread,0.013082
SPG,21,19,macro_hy_spread_chg_5d,0.015106
SPG,21,19,macro_breakeven_5y,0.007058
SPG,21,19,macro_inflation_fwd_5y5y,0.020759
SPG,21,19,macro_inflation_fwd_chg_21d,0.00679
SPG,21,19,macro_inflation_fwd_abs_chg_21d,0.005125
SPG,21,19,macro_inflation_fwd_chg_63d,0.02234
SPG,21,19,macro_inflation_fwd_zscore,0.021037
SPG,21,19,macro_dollar_ret,0.0
SPG,21,19,beta_spy,0.04647
SPG,21,19,res_vol,0.010708
SPG,21,19,res_vol_vel,0.0
SPG,21,19,price_regime,0.00574
SPG,21,19,corr_sector_21d,0.008249
SPG,21,19,corr_sector_252d,0.013408
SPG,21,19,sector_wedge,0.0068
SPG,21,20,rv_5d,0.124844
SPG,21,20,rv_10d,0.200008
SPG,21,20,rv_21d,0.059155
SPG,21,20,rv_63d,0.022926
SPG,21,20,rv_126d,0.029473
SPG,21,20,ewma_vol,0.007428
SPG,21,20,garch_cond_vol,0.049044
SPG,21,20,ret_TARGET,0.0
SPG,21,20,tech_RSI,0.005736
SPG,21,20,tech_MACD_hist,0.008718
SPG,21,20,ret_VIXY,0.004506
SPG,21,20,mom21_VIXY,0.01183
SPG,21,20,ret_HYG,0.0
SPG,21,20,mom21_HYG,0.009486
SPG,21,20,ret_USO,0.0
SPG,21,20,mom21_USO,0.009613
SPG,21,20,ret_TLT,0.0
SPG,21,20,mom21_TLT,0.007518
SPG,21,20,ret_UUP,0.0
SPG,21,20,mom21_UUP,0.0
SPG,21,20,ret_SPY,0.0
SPG,21,20,mom21_SPY,0.007534
SPG,21,20,vol_vel,0.005332
SPG,21,20,vol_of_vol,0.008891
SPG,21,20,vol_regime_zscore,0.035241
SPG,21,20,vol_chg_21d,0.005917
SPG,21,20,event_fed_gravity,0.038741
SPG,21,20,event_earn_gravity,0.0
SPG,21,20,event_div_gravity,0.0
SPG,21,20,event_cpi_gravity,0.030031
SPG,21,20,event_nfp_gravity,0.03341
SPG,21,20,put_call_skew_30d,0.0
SPG,21,20,term_structure_slope,0.011561
SPG,21,20,vrp_wedge,0.007187
SPG,21,20,iv_atm_z_score,0.013857
SPG,21,20,macro_yield_curve_slope,0.007302
SPG,21,20,macro_hy_spread,0.016098
SPG,21,20,macro_hy_spread_chg_5d,0.0
SPG,21,20,macro_breakeven_5y,0.053721
SPG,21,20,macro_inflation_fwd_5y5y,0.023792
SPG,21,20,macro_inflation_fwd_chg_21d,0.009342
SPG,21,20,macro_inflation_fwd_abs_chg_21d,0.0
SPG,21,20,macro_inflation_fwd_chg_63d,0.018894
SPG,21,20,macro_inflation_fwd_zscore,0.023847
SPG,21,20,macro_dollar_ret,0.0
SPG,21,20,beta_spy,0.041269
SPG,21,20,res_vol,0.011491
SPG,21,20,res_vol_vel,0.012462
SPG,21,20,price_regime,0.007115
SPG,21,20,corr_sector_21d,0.007592
SPG,21,20,corr_sector_252d,0.012141
SPG,21,20,sector_wedge,0.006946
SPG,21,21,rv_5d,0.127849
SPG,21,21,rv_10d,0.196845
SPG,21,21,rv_21d,0.064835
SPG,21,21,rv_63d,0.033015
SPG,21,21,rv_126d,0.028262
SPG,21,21,ewma_vol,0.024388
SPG,21,21,garch_cond_vol,0.0
SPG,21,21,ret_TARGET,0.0
SPG,21,21,tech_RSI,0.005241
SPG,21,21,tech_MACD_hist,0.007027
SPG,21,21,ret_VIXY,0.004448
SPG,21,21,mom21_VIXY,0.006199
SPG,21,21,ret_HYG,0.0
SPG,21,21,mom21_HYG,0.008714
SPG,21,21,ret_USO,0.0
SPG,21,21,mom21_USO,0.011445
SPG,21,21,ret_TLT,0.0
SPG,21,21,mom21_TLT,0.010104
SPG,21,21,ret_UUP,0.0
SPG,21,21,mom21_UUP,0.0
SPG,21,21,ret_SPY,0.0
SPG,21,21,mom21_SPY,0.007651
SPG,21,21,vol_vel,0.005026
SPG,21,21,vol_of_vol,0.039281
SPG,21,21,vol_regime_zscore,0.03963
SPG,21,21,vol_chg_21d,0.016204
SPG,21,21,event_fed_gravity,0.040833
SPG,21,21,event_earn_gravity,0.0
SPG,21,21,event_div_gravity,0.0
SPG,21,21,event_cpi_gravity,0.035888
SPG,21,21,event_nfp_gravity,0.035745
SPG,21,21,put_call_skew_30d,0.0
SPG,21,21,term_structure_slope,0.011573
SPG,21,21,vrp_wedge,0.013848
SPG,21,21,iv_atm_z_score,0.009897
SPG,21,21,macro_yield_curve_slope,0.008731
SPG,21,21,macro_hy_spread,0.017642
SPG,21,21,macro_hy_spread_chg_5d,0.0
SPG,21,21,macro_breakeven_5y,0.019731
SPG,21,21,macro_inflation_fwd_5y5y,0.030046
SPG,21,21,macro_inflation_fwd_chg_21d,0.0
SPG,21,21,macro_inflation_fwd_abs_chg_21d,0.006309
SPG,21,21,macro_inflation_fwd_chg_63d,0.033025
SPG,21,21,macro_inflation_fwd_zscore,0.022728
SPG,21,21,macro_dollar_ret,0.0
SPG,21,21,beta_spy,0.021176
SPG,21,21,res_vol,0.008922
SPG,21,21,res_vol_vel,0.0
SPG,21,21,price_regime,0.007782
SPG,21,21,corr_sector_21d,0.007868
SPG,21,21,corr_sector_252d,0.024266
SPG,21,21,sector_wedge,0.007827
SPG,21,22,rv_5d,0.178058
SPG,21,22,rv_10d,0.164014
SPG,21,22,rv_21d,0.050328
SPG,21,22,rv_63d,0.027697
SPG,21,22,rv_126d,0.033472
SPG,21,22,ewma_vol,0.009431
SPG,21,22,garch_cond_vol,0.048448
SPG,21,22,ret_TARGET,0.0
SPG,21,22,tech_RSI,0.00483
SPG,21,22,tech_MACD_hist,0.00571
SPG,21,22,ret_VIXY,0.004137
SPG,21,22,mom21_VIXY,0.006547
SPG,21,22,ret_HYG,0.0
SPG,21,22,mom21_HYG,0.007579
SPG,21,22,ret_USO,0.0
SPG,21,22,mom21_USO,0.00707
SPG,21,22,ret_TLT,0.0
SPG,21,22,mom21_TLT,0.006717
SPG,21,22,ret_UUP,0.0
SPG,21,22,mom21_UUP,0.005687
SPG,21,22,ret_SPY,0.0
SPG,21,22,mom21_SPY,0.017954
SPG,21,22,vol_vel,0.006037
SPG,21,22,vol_of_vol,0.024814
SPG,21,22,vol_regime_zscore,0.036236
SPG,21,22,vol_chg_21d,0.01786
SPG,21,22,event_fed_gravity,0.034982
SPG,21,22,event_earn_gravity,0.0
SPG,21,22,event_div_gravity,0.0
SPG,21,22,event_cpi_gravity,0.049603
SPG,21,22,event_nfp_gravity,0.032312
SPG,21,22,put_call_skew_30d,0.0
SPG,21,22,term_structure_slope,0.00908
SPG,21,22,vrp_wedge,0.007247
SPG,21,22,iv_atm_z_score,0.009964
SPG,21,22,macro_yield_curve_slope,0.004985
SPG,21,22,macro_hy_spread,0.013352
SPG,21,22,macro_hy_spread_chg_5d,0.0
SPG,21,22,macro_breakeven_5y,0.00823
SPG,21,22,macro_inflation_fwd_5y5y,0.02072
SPG,21,22,macro_inflation_fwd_chg_21d,0.0
SPG,21,22,macro_inflation_fwd_abs_chg_21d,0.0
SPG,21,22,macro_inflation_fwd_chg_63d,0.025781
SPG,21,22,macro_inflation_fwd_zscore,0.017876
SPG,21,22,macro_dollar_ret,0.0
SPG,21,22,beta_spy,0.023599
SPG,21,22,res_vol,0.009177
SPG,21,22,res_vol_vel,0.0
SPG,21,22,price_regime,0.011261
SPG,21,22,corr_sector_21d,0.00589
SPG,21,22,corr_sector_252d,0.046555
SPG,21,22,sector_wedge,0.006759
SPG,21,23,rv_5d,0.162165
SPG,21,23,rv_10d,0.150081
SPG,21,23,rv_21d,0.042405
SPG,21,23,rv_63d,0.038136
SPG,21,23,rv_126d,0.035729
SPG,21,23,ewma_vol,0.013689
SPG,21,23,garch_cond_vol,0.044728
SPG,21,23,ret_TARGET,0.0
SPG,21,23,tech_RSI,0.00562
SPG,21,23,tech_MACD_hist,0.010976
SPG,21,23,ret_VIXY,0.004278
SPG,21,23,mom21_VIXY,0.008655
SPG,21,23,ret_HYG,0.0
SPG,21,23,mom21_HYG,0.008521
SPG,21,23,ret_USO,0.0
SPG,21,23,mom21_USO,0.009134
SPG,21,23,ret_TLT,0.0
SPG,21,23,mom21_TLT,0.007199
SPG,21,23,ret_UUP,0.0
SPG,21,23,mom21_UUP,0.0
SPG,21,23,ret_SPY,0.0
SPG,21,23,mom21_SPY,0.011646
SPG,21,23,vol_vel,0.00769
SPG,21,23,vol_of_vol,0.028325
SPG,21,23,vol_regime_zscore,0.043955
SPG,21,23,vol_chg_21d,0.014306
SPG,21,23,event_fed_gravity,0.041632
SPG,21,23,event_earn_gravity,0.0
SPG,21,23,event_div_gravity,0.0
SPG,21,23,event_cpi_gravity,0.036877
SPG,21,23,event_nfp_gravity,0.041543
SPG,21,23,put_call_skew_30d,0.0
SPG,21,23,term_structure_slope,0.009688
SPG,21,23,vrp_wedge,0.008982
SPG,21,23,iv_atm_z_score,0.010495
SPG,21,23,macro_yield_curve_slope,0.008117
SPG,21,23,macro_hy_spread,0.015834
SPG,21,23,macro_hy_spread_chg_5d,0.0
SPG,21,23,macro_breakeven_5y,0.005363
SPG,21,23,macro_inflation_fwd_5y5y,0.018297
SPG,21,23,macro_inflation_fwd_chg_21d,0.0
SPG,21,23,macro_inflation_fwd_abs_chg_21d,0.0
SPG,21,23,macro_inflation_fwd_chg_63d,0.038378
SPG,21,23,macro_inflation_fwd_zscore,0.022567
SPG,21,23,macro_dollar_ret,0.0
SPG,21,23,beta_spy,0.023498
SPG,21,23,res_vol,0.010799
SPG,21,23,res_vol_vel,0.0
SPG,21,23,price_regime,0.008358
SPG,21,23,corr_sector_21d,0.006298
SPG,21,23,corr_sector_252d,0.039675
SPG,21,23,sector_wedge,0.00636
SPG,21,24,rv_5d,0.180262
SPG,21,24,rv_10d,0.164748
SPG,21,24,rv_21d,0.047271
SPG,21,24,rv_63d,0.030334
SPG,21,24,rv_126d,0.03343
SPG,21,24,ewma_vol,0.007369
SPG,21,24,garch_cond_vol,0.04112
SPG,21,24,ret_TARGET,0.0
SPG,21,24,tech_RSI,0.005268
SPG,21,24,tech_MACD_hist,0.006925
SPG,21,24,ret_VIXY,0.004297
SPG,21,24,mom21_VIXY,0.006892
SPG,21,24,ret_HYG,0.0
SPG,21,24,mom21_HYG,0.006499
SPG,21,24,ret_USO,0.0
SPG,21,24,mom21_USO,0.008151
SPG,21,24,ret_TLT,0.0
SPG,21,24,mom21_TLT,0.009037
SPG,21,24,ret_UUP,0.0
SPG,21,24,mom21_UUP,0.0
SPG,21,24,ret_SPY,0.0
SPG,21,24,mom21_SPY,0.008113
SPG,21,24,vol_vel,0.006127
SPG,21,24,vol_of_vol,0.031931
SPG,21,24,vol_regime_zscore,0.038051
SPG,21,24,vol_chg_21d,0.016142
SPG,21,24,event_fed_gravity,0.036935
SPG,21,24,event_earn_gravity,0.0
SPG,21,24,event_div_gravity,0.0
SPG,21,24,event_cpi_gravity,0.037977
SPG,21,24,event_nfp_gravity,0.041823
SPG,21,24,put_call_skew_30d,0.0
SPG,21,24,term_structure_slope,0.0
SPG,21,24,vrp_wedge,0.010867
SPG,21,24,iv_atm_z_score,0.01141
SPG,21,24,macro_yield_curve_slope,0.007041
SPG,21,24,macro_hy_spread,0.02236
SPG,21,24,macro_hy_spread_chg_5d,0.0
SPG,21,24,macro_breakeven_5y,0.004702
SPG,21,24,macro_inflation_fwd_5y5y,0.017393
SPG,21,24,macro_inflation_fwd_chg_21d,0.004254
SPG,21,24,macro_inflation_fwd_abs_chg_21d,0.0
SPG,21,24,macro_inflation_fwd_chg_63d,0.032117
SPG,21,24,macro_inflation_fwd_zscore,0.023066
SPG,21,24,macro_dollar_ret,0.0
SPG,21,24,beta_spy,0.024717
SPG,21,24,res_vol,0.010189
SPG,21,24,res_vol_vel,0.0
SPG,21,24,price_regime,0.008301
SPG,21,24,corr_sector_21d,0.010582
SPG,21,24,corr_sector_252d,0.037919
SPG,21,24,sector_wedge,0.006381
SPG,21,25,rv_5d,0.132053
SPG,21,25,rv_10d,0.195063
SPG,21,25,rv_21d,0.054396
SPG,21,25,rv_63d,0.029576
SPG,21,25,rv_126d,0.038219
SPG,21,25,ewma_vol,0.011658
SPG,21,25,garch_cond_vol,0.015179
SPG,21,25,ret_TARGET,0.0
SPG,21,25,tech_RSI,0.007467
SPG,21,25,tech_MACD_hist,0.011053
SPG,21,25,ret_VIXY,0.0
SPG,21,25,mom21_VIXY,0.013966
SPG,21,25,ret_HYG,0.0
SPG,21,25,mom21_HYG,0.009599
SPG,21,25,ret_USO,0.0
SPG,21,25,mom21_USO,0.008783
SPG,21,25,ret_TLT,0.0
SPG,21,25,mom21_TLT,0.008073
SPG,21,25,ret_UUP,0.0
SPG,21,25,mom21_UUP,0.0
SPG,21,25,ret_SPY,0.0
SPG,21,25,mom21_SPY,0.009508
SPG,21,25,vol_vel,0.007112
SPG,21,25,vol_of_vol,0.02733
SPG,21,25,vol_regime_zscore,0.036972
SPG,21,25,vol_chg_21d,0.017821
SPG,21,25,event_fed_gravity,0.047246
SPG,21,25,event_earn_gravity,0.0
SPG,21,25,event_div_gravity,0.0
SPG,21,25,event_cpi_gravity,0.035611
SPG,21,25,event_nfp_gravity,0.038267
SPG,21,25,put_call_skew_30d,0.0
SPG,21,25,term_structure_slope,0.0
SPG,21,25,vrp_wedge,0.008499
SPG,21,25,iv_atm_z_score,0.010433
SPG,21,25,macro_yield_curve_slope,0.006955
SPG,21,25,macro_hy_spread,0.021569
SPG,21,25,macro_hy_spread_chg_5d,0.0
SPG,21,25,macro_breakeven_5y,0.005161
SPG,21,25,macro_inflation_fwd_5y5y,0.019517
SPG,21,25,macro_inflation_fwd_chg_21d,0.004583
SPG,21,25,macro_inflation_fwd_abs_chg_21d,0.0
SPG,21,25,macro_inflation_fwd_chg_63d,0.041676
SPG,21,25,macro_inflation_fwd_zscore,0.023876
SPG,21,25,macro_dollar_ret,0.0
SPG,21,25,beta_spy,0.024637
SPG,21,25,res_vol,0.010537
SPG,21,25,res_vol_vel,0.0
SPG,21,25,price_regime,0.007204
SPG,21,25,corr_sector_21d,0.012472
SPG,21,25,corr_sector_252d,0.040422
SPG,21,25,sector_wedge,0.007509
SPG,21,26,rv_5d,0.135445
SPG,21,26,rv_10d,0.163838
SPG,21,26,rv_21d,0.032068
SPG,21,26,rv_63d,0.044666
SPG,21,26,rv_126d,0.040281
SPG,21,26,ewma_vol,0.016905
SPG,21,26,garch_cond_vol,0.023777
SPG,21,26,ret_TARGET,0.0
SPG,21,26,tech_RSI,0.008573
SPG,21,26,tech_MACD_hist,0.0078
SPG,21,26,ret_VIXY,0.0
SPG,21,26,mom21_VIXY,0.008142
SPG,21,26,ret_HYG,0.0
SPG,21,26,mom21_HYG,0.01816
SPG,21,26,ret_USO,0.0
SPG,21,26,mom21_USO,0.014981
SPG,21,26,ret_TLT,0.0
SPG,21,26,mom21_TLT,0.006427
SPG,21,26,ret_UUP,0.0
SPG,21,26,mom21_UUP,0.012026
SPG,21,26,ret_SPY,0.0
SPG,21,26,mom21_SPY,0.009522
SPG,21,26,vol_vel,0.008921
SPG,21,26,vol_of_vol,0.010314
SPG,21,26,vol_regime_zscore,0.032682
SPG,21,26,vol_chg_21d,0.023286
SPG,21,26,event_fed_gravity,0.03137
SPG,21,26,event_earn_gravity,0.0
SPG,21,26,event_div_gravity,0.0
SPG,21,26,event_cpi_gravity,0.034282
SPG,21,26,event_nfp_gravity,0.028275
SPG,21,26,put_call_skew_30d,0.028137
SPG,21,26,term_structure_slope,0.013089
SPG,21,26,vrp_wedge,0.013489
SPG,21,26,iv_atm_z_score,0.010027
SPG,21,26,macro_yield_curve_slope,0.008938
SPG,21,26,macro_hy_spread,0.023051
SPG,21,26,macro_hy_spread_chg_5d,0.0
SPG,21,26,macro_breakeven_5y,0.008707
SPG,21,26,macro_inflation_fwd_5y5y,0.018611
SPG,21,26,macro_inflation_fwd_chg_21d,0.008471
SPG,21,26,macro_inflation_fwd_abs_chg_21d,0.008193
SPG,21,26,macro_inflation_fwd_chg_63d,0.021175
SPG,21,26,macro_inflation_fwd_zscore,0.026282
SPG,21,26,macro_dollar_ret,0.0
SPG,21,26,beta_spy,0.021668
SPG,21,26,res_vol,0.010693
SPG,21,26,res_vol_vel,0.005889
SPG,21,26,price_regime,0.010887
SPG,21,26,corr_sector_21d,0.008073
SPG,21,26,corr_sector_252d,0.034508
SPG,21,26,sector_wedge,0.008369
SPG,21,27,rv_5d,0.153422
SPG,21,27,rv_10d,0.131685
SPG,21,27,rv_21d,0.032974
SPG,21,27,rv_63d,0.037918
SPG,21,27,rv_126d,0.039762
SPG,21,27,ewma_vol,0.006633
SPG,21,27,garch_cond_vol,0.026754
SPG,21,27,ret_TARGET,0.0
SPG,21,27,tech_RSI,0.007532
SPG,21,27,tech_MACD_hist,0.00966
SPG,21,27,ret_VIXY,0.0
SPG,21,27,mom21_VIXY,0.007611
SPG,21,27,ret_HYG,0.0
SPG,21,27,mom21_HYG,0.012516
SPG,21,27,ret_USO,0.0
SPG,21,27,mom21_USO,0.014449
SPG,21,27,ret_TLT,0.0
SPG,21,27,mom21_TLT,0.008092
SPG,21,27,ret_UUP,0.0
SPG,21,27,mom21_UUP,0.011561
SPG,21,27,ret_SPY,0.0
SPG,21,27,mom21_SPY,0.007723
SPG,21,27,vol_vel,0.008928
SPG,21,27,vol_of_vol,0.018489
SPG,21,27,vol_regime_zscore,0.03116
SPG,21,27,vol_chg_21d,0.016457
SPG,21,27,event_fed_gravity,0.041066
SPG,21,27,event_earn_gravity,0.0
SPG,21,27,event_div_gravity,0.0
SPG,21,27,event_cpi_gravity,0.039277
SPG,21,27,event_nfp_gravity,0.032428
SPG,21,27,put_call_skew_30d,0.026372
SPG,21,27,term_structure_slope,0.007992
SPG,21,27,vrp_wedge,0.013688
SPG,21,27,iv_atm_z_score,0.012236
SPG,21,27,macro_yield_curve_slope,0.008828
SPG,21,27,macro_hy_spread,0.028198
SPG,21,27,macro_hy_spread_chg_5d,0.0
SPG,21,27,macro_breakeven_5y,0.009081
SPG,21,27,macro_inflation_fwd_5y5y,0.027823
SPG,21,27,macro_inflation_fwd_chg_21d,0.007884
SPG,21,27,macro_inflation_fwd_abs_chg_21d,0.007859
SPG,21,27,macro_inflation_fwd_chg_63d,0.02494
SPG,21,27,macro_inflation_fwd_zscore,0.030013
SPG,21,27,macro_dollar_ret,0.0
SPG,21,27,beta_spy,0.02731
SPG,21,27,res_vol,0.012743
SPG,21,27,res_vol_vel,0.005463
SPG,21,27,price_regime,0.00694
SPG,21,27,corr_sector_21d,0.005136
SPG,21,27,corr_sector_252d,0.033415
SPG,21,27,sector_wedge,0.007981
SPG,21,28,rv_5d,0.154674
SPG,21,28,rv_10d,0.121197
SPG,21,28,rv_21d,0.038931
SPG,21,28,rv_63d,0.04505
SPG,21,28,rv_126d,0.029839
SPG,21,28,ewma_vol,0.010644
SPG,21,28,garch_cond_vol,0.016195
SPG,21,28,ret_TARGET,0.0
SPG,21,28,tech_RSI,0.010101
SPG,21,28,tech_MACD_hist,0.007916
SPG,21,28,ret_VIXY,0.004613
SPG,21,28,mom21_VIXY,0.016136
SPG,21,28,ret_HYG,0.0
SPG,21,28,mom21_HYG,0.01748
SPG,21,28,ret_USO,0.0
SPG,21,28,mom21_USO,0.013634
SPG,21,28,ret_TLT,0.0
SPG,21,28,mom21_TLT,0.008663
SPG,21,28,ret_UUP,0.0
SPG,21,28,mom21_UUP,0.010827
SPG,21,28,ret_SPY,0.0
SPG,21,28,mom21_SPY,0.0066
SPG,21,28,vol_vel,0.011695
SPG,21,28,vol_of_vol,0.007563
SPG,21,28,vol_regime_zscore,0.033561
SPG,21,28,vol_chg_21d,0.015672
SPG,21,28,event_fed_gravity,0.049146
SPG,21,28,event_earn_gravity,0.0
SPG,21,28,event_div_gravity,0.0
SPG,21,28,event_cpi_gravity,0.037154
SPG,21,28,event_nfp_gravity,0.037803
SPG,21,28,put_call_skew_30d,0.0
SPG,21,28,term_structure_slope,0.007736
SPG,21,28,vrp_wedge,0.01429
SPG,21,28,iv_atm_z_score,0.013885
SPG,21,28,macro_yield_curve_slope,0.007968
SPG,21,28,macro_hy_spread,0.030146
SPG,21,28,macro_hy_spread_chg_5d,0.0
SPG,21,28,macro_breakeven_5y,0.016473
SPG,21,28,macro_inflation_fwd_5y5y,0.031892
SPG,21,28,macro_inflation_fwd_chg_21d,0.007828
SPG,21,28,macro_inflation_fwd_abs_chg_21d,0.005011
SPG,21,28,macro_inflation_fwd_chg_63d,0.020845
SPG,21,28,macro_inflation_fwd_zscore,0.038187
SPG,21,28,macro_dollar_ret,0.0
SPG,21,28,beta_spy,0.026068
SPG,21,28,res_vol,0.012716
SPG,21,28,res_vol_vel,0.007241
SPG,21,28,price_regime,0.008609
SPG,21,28,corr_sector_21d,0.0
SPG,21,28,corr_sector_252d,0.037339
SPG,21,28,sector_wedge,0.00867
SPG,21,29,rv_5d,0.127716
SPG,21,29,rv_10d,0.164862
SPG,21,29,rv_21d,0.030537
SPG,21,29,rv_63d,0.049547
SPG,21,29,rv_126d,0.031432
SPG,21,29,ewma_vol,0.006434
SPG,21,29,garch_cond_vol,0.020775
SPG,21,29,ret_TARGET,0.004721
SPG,21,29,tech_RSI,0.007697
SPG,21,29,tech_MACD_hist,0.010305
SPG,21,29,ret_VIXY,0.0
SPG,21,29,mom21_VIXY,0.015205
SPG,21,29,ret_HYG,0.0
SPG,21,29,mom21_HYG,0.008536
SPG,21,29,ret_USO,0.0
SPG,21,29,mom21_USO,0.016861
SPG,21,29,ret_TLT,0.0
SPG,21,29,mom21_TLT,0.006674
SPG,21,29,ret_UUP,0.0
SPG,21,29,mom21_UUP,0.0
SPG,21,29,ret_SPY,0.0
SPG,21,29,mom21_SPY,0.008643
SPG,21,29,vol_vel,0.010531
SPG,21,29,vol_of_vol,0.010921
SPG,21,29,vol_regime_zscore,0.03485
SPG,21,29,vol_chg_21d,0.00913
SPG,21,29,event_fed_gravity,0.04373
SPG,21,29,event_earn_gravity,0.0
SPG,21,29,event_div_gravity,0.0
SPG,21,29,event_cpi_gravity,0.045854
SPG,21,29,event_nfp_gravity,0.040014
SPG,21,29,put_call_skew_30d,0.016877
SPG,21,29,term_structure_slope,0.004723
SPG,21,29,vrp_wedge,0.012883
SPG,21,29,iv_atm_z_score,0.016827
SPG,21,29,macro_yield_curve_slope,0.008494
SPG,21,29,macro_hy_spread,0.019448
SPG,21,29,macro_hy_spread_chg_5d,0.0
SPG,21,29,macro_breakeven_5y,0.017465
SPG,21,29,macro_inflation_fwd_5y5y,0.022889
SPG,21,29,macro_inflation_fwd_chg_21d,0.008946
SPG,21,29,macro_inflation_fwd_abs_chg_21d,0.007466
SPG,21,29,macro_inflation_fwd_chg_63d,0.01976
SPG,21,29,macro_inflation_fwd_zscore,0.028265
SPG,21,29,macro_dollar_ret,0.0
SPG,21,29,beta_spy,0.027121
SPG,21,29,res_vol,0.01327
SPG,21,29,res_vol_vel,0.00651
SPG,21,29,price_regime,0.007474
SPG,21,29,corr_sector_21d,0.009226
SPG,21,29,corr_sector_252d,0.039709
SPG,21,29,sector_wedge,0.007674
SPG,21,30,rv_5d,0.172183
SPG,21,30,rv_10d,0.160079
SPG,21,30,rv_21d,0.018017
SPG,21,30,rv_63d,0.060367
SPG,21,30,rv_126d,0.029233
SPG,21,30,ewma_vol,0.021815
SPG,21,30,garch_cond_vol,0.016265
SPG,21,30,ret_TARGET,0.0
SPG,21,30,tech_RSI,0.008671
SPG,21,30,tech_MACD_hist,0.006513
SPG,21,30,ret_VIXY,0.0
SPG,21,30,mom21_VIXY,0.014247
SPG,21,30,ret_HYG,0.0
SPG,21,30,mom21_HYG,0.015086
SPG,21,30,ret_USO,0.0
SPG,21,30,mom21_USO,0.014492
SPG,21,30,ret_TLT,0.0
SPG,21,30,mom21_TLT,0.008266
SPG,21,30,ret_UUP,0.0
SPG,21,30,mom21_UUP,0.0
SPG,21,30,ret_SPY,0.0
SPG,21,30,mom21_SPY,0.01324
SPG,21,30,vol_vel,0.009154
SPG,21,30,vol_of_vol,0.008181
SPG,21,30,vol_regime_zscore,0.029317
SPG,21,30,vol_chg_21d,0.006757
SPG,21,30,event_fed_gravity,0.04212
SPG,21,30,event_earn_gravity,0.0
SPG,21,30,event_div_gravity,0.0
SPG,21,30,event_cpi_gravity,0.036404
SPG,21,30,event_nfp_gravity,0.03203
SPG,21,30,put_call_skew_30d,0.004246
SPG,21,30,term_structure_slope,0.006086
SPG,21,30,vrp_wedge,0.014703
SPG,21,30,iv_atm_z_score,0.016364
SPG,21,30,macro_yield_curve_slope,0.009328
SPG,21,30,macro_hy_spread,0.013066
SPG,21,30,macro_hy_spread_chg_5d,0.0
SPG,21,30,macro_breakeven_5y,0.018107
SPG,21,30,macro_inflation_fwd_5y5y,0.022789
SPG,21,30,macro_inflation_fwd_chg_21d,0.009423
SPG,21,30,macro_inflation_fwd_abs_chg_21d,0.00426
SPG,21,30,macro_inflation_fwd_chg_63d,0.0226
SPG,21,30,macro_inflation_fwd_zscore,0.036626
SPG,21,30,macro_dollar_ret,0.0
SPG,21,30,beta_spy,0.021241
SPG,21,30,res_vol,0.011128
SPG,21,30,res_vol_vel,0.0
SPG,21,30,price_regime,0.011548
SPG,21,30,corr_sector_21d,0.011165
SPG,21,30,corr_sector_252d,0.037494
SPG,21,30,sector_wedge,0.007389
SPG,21,31,rv_5d,0.185247
SPG,21,31,rv_10d,0.153019
SPG,21,31,rv_21d,0.014466
SPG,21,31,rv_63d,0.050133
SPG,21,31,rv_126d,0.030861
SPG,21,31,ewma_vol,0.025161
SPG,21,31,garch_cond_vol,0.022173
SPG,21,31,ret_TARGET,0.0
SPG,21,31,tech_RSI,0.006929
SPG,21,31,tech_MACD_hist,0.006604
SPG,21,31,ret_VIXY,0.0
SPG,21,31,mom21_VIXY,0.013037
SPG,21,31,ret_HYG,0.0
SPG,21,31,mom21_HYG,0.012122
SPG,21,31,ret_USO,0.0
SPG,21,31,mom21_USO,0.015135
SPG,21,31,ret_TLT,0.0
SPG,21,31,mom21_TLT,0.007321
SPG,21,31,ret_UUP,0.0
SPG,21,31,mom21_UUP,0.0
SPG,21,31,ret_SPY,0.0
SPG,21,31,mom21_SPY,0.014943
SPG,21,31,vol_vel,0.00807
SPG,21,31,vol_of_vol,0.008004
SPG,21,31,vol_regime_zscore,0.025086
SPG,21,31,vol_chg_21d,0.0141
SPG,21,31,event_fed_gravity,0.037247
SPG,21,31,event_earn_gravity,0.0
SPG,21,31,event_div_gravity,0.0
SPG,21,31,event_cpi_gravity,0.041086
SPG,21,31,event_nfp_gravity,0.043984
SPG,21,31,put_call_skew_30d,0.0
SPG,21,31,term_structure_slope,0.009929
SPG,21,31,vrp_wedge,0.013113
SPG,21,31,iv_atm_z_score,0.013942
SPG,21,31,macro_yield_curve_slope,0.010569
SPG,21,31,macro_hy_spread,0.020698
SPG,21,31,macro_hy_spread_chg_5d,0.0
SPG,21,31,macro_breakeven_5y,0.015266
SPG,21,31,macro_inflation_fwd_5y5y,0.02271
SPG,21,31,macro_inflation_fwd_chg_21d,0.00792
SPG,21,31,macro_inflation_fwd_abs_chg_21d,0.004946
SPG,21,31,macro_inflation_fwd_chg_63d,0.0182
SPG,21,31,macro_inflation_fwd_zscore,0.034783
SPG,21,31,macro_dollar_ret,0.0
SPG,21,31,beta_spy,0.019841
SPG,21,31,res_vol,0.01256
SPG,21,31,res_vol_vel,0.004589
SPG,21,31,price_regime,0.008232
SPG,21,31,corr_sector_21d,0.006903
SPG,21,31,corr_sector_252d,0.033739
SPG,21,31,sector_wedge,0.007331
SPG,21,32,rv_5d,0.175324
SPG,21,32,rv_10d,0.151728
SPG,21,32,rv_21d,0.015118
SPG,21,32,rv_63d,0.060879
SPG,21,32,rv_126d,0.032307
SPG,21,32,ewma_vol,0.017703
SPG,21,32,garch_cond_vol,0.018306
SPG,21,32,ret_TARGET,0.0
SPG,21,32,tech_RSI,0.008638
SPG,21,32,tech_MACD_hist,0.006655
SPG,21,32,ret_VIXY,0.0
SPG,21,32,mom21_VIXY,0.010506
SPG,21,32,ret_HYG,0.0
SPG,21,32,mom21_HYG,0.007232
SPG,21,32,ret_USO,0.0
SPG,21,32,mom21_USO,0.016131
SPG,21,32,ret_TLT,0.0
SPG,21,32,mom21_TLT,0.010491
SPG,21,32,ret_UUP,0.0
SPG,21,32,mom21_UUP,0.0
SPG,21,32,ret_SPY,0.0
SPG,21,32,mom21_SPY,0.011392
SPG,21,32,vol_vel,0.004343
SPG,21,32,vol_of_vol,0.010728
SPG,21,32,vol_regime_zscore,0.024193
SPG,21,32,vol_chg_21d,0.023172
SPG,21,32,event_fed_gravity,0.045314
SPG,21,32,event_earn_gravity,0.0
SPG,21,32,event_div_gravity,0.0
SPG,21,32,event_cpi_gravity,0.044544
SPG,21,32,event_nfp_gravity,0.035313
SPG,21,32,put_call_skew_30d,0.0
SPG,21,32,term_structure_slope,0.008107
SPG,21,32,vrp_wedge,0.015601
SPG,21,32,iv_atm_z_score,0.01496
SPG,21,32,macro_yield_curve_slope,0.008162
SPG,21,32,macro_hy_spread,0.018446
SPG,21,32,macro_hy_spread_chg_5d,0.0
SPG,21,32,macro_breakeven_5y,0.021539
SPG,21,32,macro_inflation_fwd_5y5y,0.018592
SPG,21,32,macro_inflation_fwd_chg_21d,0.007876
SPG,21,32,macro_inflation_fwd_abs_chg_21d,0.0
SPG,21,32,macro_inflation_fwd_chg_63d,0.020908
SPG,21,32,macro_inflation_fwd_zscore,0.039501
SPG,21,32,macro_dollar_ret,0.0
SPG,21,32,beta_spy,0.021481
SPG,21,32,res_vol,0.009403
SPG,21,32,res_vol_vel,0.005594
SPG,21,32,price_regime,0.008
SPG,21,32,corr_sector_21d,0.005968
SPG,21,32,corr_sector_252d,0.035932
SPG,21,32,sector_wedge,0.009911
SPG,21,33,rv_5d,0.185013
SPG,21,33,rv_10d,0.118027
SPG,21,33,rv_21d,0.018993
SPG,21,33,rv_63d,0.056801
SPG,21,33,rv_126d,0.032187
SPG,21,33,ewma_vol,0.021525
SPG,21,33,garch_cond_vol,0.026994
SPG,21,33,ret_TARGET,0.0
SPG,21,33,tech_RSI,0.008361
SPG,21,33,tech_MACD_hist,0.007216
SPG,21,33,ret_VIXY,0.0
SPG,21,33,mom21_VIXY,0.015628
SPG,21,33,ret_HYG,0.0
SPG,21,33,mom21_HYG,0.013554
SPG,21,33,ret_USO,0.0
SPG,21,33,mom21_USO,0.014541
SPG,21,33,ret_TLT,0.0
SPG,21,33,mom21_TLT,0.00865
SPG,21,33,ret_UUP,0.0
SPG,21,33,mom21_UUP,0.004324
SPG,21,33,ret_SPY,0.0
SPG,21,33,mom21_SPY,0.008171
SPG,21,33,vol_vel,0.009203
SPG,21,33,vol_of_vol,0.008225
SPG,21,33,vol_regime_zscore,0.024073
SPG,21,33,vol_chg_21d,0.00775
SPG,21,33,event_fed_gravity,0.03648
SPG,21,33,event_earn_gravity,0.0
SPG,21,33,event_div_gravity,0.0
SPG,21,33,event_cpi_gravity,0.040688
SPG,21,33,event_nfp_gravity,0.044924
SPG,21,33,put_call_skew_30d,0.0
SPG,21,33,term_structure_slope,0.014352
SPG,21,33,vrp_wedge,0.016935
SPG,21,33,iv_atm_z_score,0.013818
SPG,21,33,macro_yield_curve_slope,0.015475
SPG,21,33,macro_hy_spread,0.020407
SPG,21,33,macro_hy_spread_chg_5d,0.0
SPG,21,33,macro_breakeven_5y,0.024943
SPG,21,33,macro_inflation_fwd_5y5y,0.024371
SPG,21,33,macro_inflation_fwd_chg_21d,0.0
SPG,21,33,macro_inflation_fwd_abs_chg_21d,0.005113
SPG,21,33,macro_inflation_fwd_chg_63d,0.026095
SPG,21,33,macro_inflation_fwd_zscore,0.037761
SPG,21,33,macro_dollar_ret,0.0
SPG,21,33,beta_spy,0.020608
SPG,21,33,res_vol,0.008871
SPG,21,33,res_vol_vel,0.0
SPG,21,33,price_regime,0.011042
SPG,21,33,corr_sector_21d,0.004356
SPG,21,33,corr_sector_252d,0.037169
SPG,21,33,sector_wedge,0.007352
SPG,21,34,rv_5d,0.143878
SPG,21,34,rv_10d,0.118799
SPG,21,34,rv_21d,0.013638
SPG,21,34,rv_63d,0.050899
SPG,21,34,rv_126d,0.02903
SPG,21,34,ewma_vol,0.038838
SPG,21,34,garch_cond_vol,0.060733
SPG,21,34,ret_TARGET,0.0
SPG,21,34,tech_RSI,0.009638
SPG,21,34,tech_MACD_hist,0.006261
SPG,21,34,ret_VIXY,0.004314
SPG,21,34,mom21_VIXY,0.013925
SPG,21,34,ret_HYG,0.0
SPG,21,34,mom21_HYG,0.017477
SPG,21,34,ret_USO,0.0
SPG,21,34,mom21_USO,0.017559
SPG,21,34,ret_TLT,0.0
SPG,21,34,mom21_TLT,0.008578
SPG,21,34,ret_UUP,0.0
SPG,21,34,mom21_UUP,0.0
SPG,21,34,ret_SPY,0.0
SPG,21,34,mom21_SPY,0.008709
SPG,21,34,vol_vel,0.0
SPG,21,34,vol_of_vol,0.013137
SPG,21,34,vol_regime_zscore,0.023993
SPG,21,34,vol_chg_21d,0.020824
SPG,21,34,event_fed_gravity,0.054154
SPG,21,34,event_earn_gravity,0.0
SPG,21,34,event_div_gravity,0.0
SPG,21,34,event_cpi_gravity,0.035972
SPG,21,34,event_nfp_gravity,0.039284
SPG,21,34,put_call_skew_30d,0.0
SPG,21,34,term_structure_slope,0.004498
SPG,21,34,vrp_wedge,0.013912
SPG,21,34,iv_atm_z_score,0.015904
SPG,21,34,macro_yield_curve_slope,0.0119
SPG,21,34,macro_hy_spread,0.017769
SPG,21,34,macro_hy_spread_chg_5d,0.0
SPG,21,34,macro_breakeven_5y,0.015517
SPG,21,34,macro_inflation_fwd_5y5y,0.02077
SPG,21,34,macro_inflation_fwd_chg_21d,0.006931
SPG,21,34,macro_inflation_fwd_abs_chg_21d,0.004797
SPG,21,34,macro_inflation_fwd_chg_63d,0.023739
SPG,21,34,macro_inflation_fwd_zscore,0.036077
SPG,21,34,macro_dollar_ret,0.0
SPG,21,34,beta_spy,0.017706
SPG,21,34,res_vol,0.008737
SPG,21,34,res_vol_vel,0.005723
SPG,21,34,price_regime,0.010677
SPG,21,34,corr_sector_21d,0.006785
SPG,21,34,corr_sector_252d,0.039321
SPG,21,34,sector_wedge,0.009596
SPG,21,35,rv_5d,0.154085
SPG,21,35,rv_10d,0.13997
SPG,21,35,rv_21d,0.022363
SPG,21,35,rv_63d,0.068285
SPG,21,35,rv_126d,0.025683
SPG,21,35,ewma_vol,0.028963
SPG,21,35,garch_cond_vol,0.018632
SPG,21,35,ret_TARGET,0.0
SPG,21,35,tech_RSI,0.007527
SPG,21,35,tech_MACD_hist,0.008079
SPG,21,35,ret_VIXY,0.004478
SPG,21,35,mom21_VIXY,0.011718
SPG,21,35,ret_HYG,0.0
SPG,21,35,mom21_HYG,0.007091
SPG,21,35,ret_USO,0.0
SPG,21,35,mom21_USO,0.018609
SPG,21,35,ret_TLT,0.0
SPG,21,35,mom21_TLT,0.008792
SPG,21,35,ret_UUP,0.0
SPG,21,35,mom21_UUP,0.0
SPG,21,35,ret_SPY,0.0
SPG,21,35,mom21_SPY,0.020947
SPG,21,35,vol_vel,0.0
SPG,21,35,vol_of_vol,0.015427
SPG,21,35,vol_regime_zscore,0.019713
SPG,21,35,vol_chg_21d,0.010816
SPG,21,35,event_fed_gravity,0.031484
SPG,21,35,event_earn_gravity,0.0
SPG,21,35,event_div_gravity,0.0
SPG,21,35,event_cpi_gravity,0.04974
SPG,21,35,event_nfp_gravity,0.044378
SPG,21,35,put_call_skew_30d,0.00661
SPG,21,35,term_structure_slope,0.009054
SPG,21,35,vrp_wedge,0.014282
SPG,21,35,iv_atm_z_score,0.017886
SPG,21,35,macro_yield_curve_slope,0.010461
SPG,21,35,macro_hy_spread,0.015233
SPG,21,35,macro_hy_spread_chg_5d,0.0
SPG,21,35,macro_breakeven_5y,0.013979
SPG,21,35,macro_inflation_fwd_5y5y,0.03701
SPG,21,35,macro_inflation_fwd_chg_21d,0.00448
SPG,21,35,macro_inflation_fwd_abs_chg_21d,0.004476
SPG,21,35,macro_inflation_fwd_chg_63d,0.02291
SPG,21,35,macro_inflation_fwd_zscore,0.021962
SPG,21,35,macro_dollar_ret,0.0
SPG,21,35,beta_spy,0.025371
SPG,21,35,res_vol,0.009604
SPG,21,35,res_vol_vel,0.010809
SPG,21,35,price_regime,0.010431
SPG,21,35,corr_sector_21d,0.005252
SPG,21,35,corr_sector_252d,0.034683
SPG,21,35,sector_wedge,0.008726
SPG,21,36,rv_5d,0.109575
SPG,21,36,rv_10d,0.163868
SPG,21,36,rv_21d,0.023164
SPG,21,36,rv_63d,0.076152
SPG,21,36,rv_126d,0.031024
SPG,21,36,ewma_vol,0.034253
SPG,21,36,garch_cond_vol,0.023125
SPG,21,36,ret_TARGET,0.0
SPG,21,36,tech_RSI,0.013488
SPG,21,36,tech_MACD_hist,0.01
SPG,21,36,ret_VIXY,0.004953
SPG,21,36,mom21_VIXY,0.015949
SPG,21,36,ret_HYG,0.0
SPG,21,36,mom21_HYG,0.011766
SPG,21,36,ret_USO,0.0
SPG,21,36,mom21_USO,0.011331
SPG,21,36,ret_TLT,0.0
SPG,21,36,mom21_TLT,0.008089
SPG,21,36,ret_UUP,0.0
SPG,21,36,mom21_UUP,0.004476
SPG,21,36,ret_SPY,0.0
SPG,21,36,mom21_SPY,0.012873
SPG,21,36,vol_vel,0.006968
SPG,21,36,vol_of_vol,0.00689
SPG,21,36,vol_regime_zscore,0.022251
SPG,21,36,vol_chg_21d,0.005573
SPG,21,36,event_fed_gravity,0.042611
SPG,21,36,event_earn_gravity,0.0
SPG,21,36,event_div_gravity,0.0
SPG,21,36,event_cpi_gravity,0.035753
SPG,21,36,event_nfp_gravity,0.038174
SPG,21,36,put_call_skew_30d,0.009735
SPG,21,36,term_structure_slope,0.0
SPG,21,36,vrp_wedge,0.012952
SPG,21,36,iv_atm_z_score,0.028815
SPG,21,36,macro_yield_curve_slope,0.00988
SPG,21,36,macro_hy_spread,0.014444
SPG,21,36,macro_hy_spread_chg_5d,0.0
SPG,21,36,macro_breakeven_5y,0.01336
SPG,21,36,macro_inflation_fwd_5y5y,0.035798
SPG,21,36,macro_inflation_fwd_chg_21d,0.008665
SPG,21,36,macro_inflation_fwd_abs_chg_21d,0.0
SPG,21,36,macro_inflation_fwd_chg_63d,0.024694
SPG,21,36,macro_inflation_fwd_zscore,0.019021
SPG,21,36,macro_dollar_ret,0.0
SPG,21,36,beta_spy,0.030439
SPG,21,36,res_vol,0.012963
SPG,21,36,res_vol_vel,0.006324
SPG,21,36,price_regime,0.009625
SPG,21,36,corr_sector_21d,0.012015
SPG,21,36,corr_sector_252d,0.030717
SPG,21,36,sector_wedge,0.008246
SPG,21,37,rv_5d,0.096614
SPG,21,37,rv_10d,0.201588
SPG,21,37,rv_21d,0.021943
SPG,21,37,rv_63d,0.065122
SPG,21,37,rv_126d,0.034434
SPG,21,37,ewma_vol,0.026001
SPG,21,37,garch_cond_vol,0.020284
SPG,21,37,ret_TARGET,0.0
SPG,21,37,tech_RSI,0.009507
SPG,21,37,tech_MACD_hist,0.009735
SPG,21,37,ret_VIXY,0.004249
SPG,21,37,mom21_VIXY,0.013025
SPG,21,37,ret_HYG,0.0
SPG,21,37,mom21_HYG,0.012085
SPG,21,37,ret_USO,0.0
SPG,21,37,mom21_USO,0.009155
SPG,21,37,ret_TLT,0.0
SPG,21,37,mom21_TLT,0.00902
SPG,21,37,ret_UUP,0.0
SPG,21,37,mom21_UUP,0.0
SPG,21,37,ret_SPY,0.0
SPG,21,37,mom21_SPY,0.012426
SPG,21,37,vol_vel,0.0
SPG,21,37,vol_of_vol,0.007923
SPG,21,37,vol_regime_zscore,0.030111
SPG,21,37,vol_chg_21d,0.007236
SPG,21,37,event_fed_gravity,0.03457
SPG,21,37,event_earn_gravity,0.0
SPG,21,37,event_div_gravity,0.0
SPG,21,37,event_cpi_gravity,0.038599
SPG,21,37,event_nfp_gravity,0.040349
SPG,21,37,put_call_skew_30d,0.010118
SPG,21,37,term_structure_slope,0.005043
SPG,21,37,vrp_wedge,0.013398
SPG,21,37,iv_atm_z_score,0.02569
SPG,21,37,macro_yield_curve_slope,0.010648
SPG,21,37,macro_hy_spread,0.011419
SPG,21,37,macro_hy_spread_chg_5d,0.0
SPG,21,37,macro_breakeven_5y,0.017006
SPG,21,37,macro_inflation_fwd_5y5y,0.040151
SPG,21,37,macro_inflation_fwd_chg_21d,0.012329
SPG,21,37,macro_inflation_fwd_abs_chg_21d,0.005078
SPG,21,37,macro_inflation_fwd_chg_63d,0.025975
SPG,21,37,macro_inflation_fwd_zscore,0.017435
SPG,21,37,macro_dollar_ret,0.0
SPG,21,37,beta_spy,0.026988
SPG,21,37,res_vol,0.009881
SPG,21,37,res_vol_vel,0.009027
SPG,21,37,price_regime,0.006719
SPG,21,37,corr_sector_21d,0.009039
SPG,21,37,corr_sector_252d,0.031598
SPG,21,37,sector_wedge,0.008482
SPG,21,38,rv_5d,0.08799
SPG,21,38,rv_10d,0.169834
SPG,21,38,rv_21d,0.027869
SPG,21,38,rv_63d,0.064886
SPG,21,38,rv_126d,0.037591
SPG,21,38,ewma_vol,0.040222
SPG,21,38,garch_cond_vol,0.012196
SPG,21,38,ret_TARGET,0.0
SPG,21,38,tech_RSI,0.009016
SPG,21,38,tech_MACD_hist,0.012254
SPG,21,38,ret_VIXY,0.004144
SPG,21,38,mom21_VIXY,0.011888
SPG,21,38,ret_HYG,0.0
SPG,21,38,mom21_HYG,0.006443
SPG,21,38,ret_USO,0.0
SPG,21,38,mom21_USO,0.010887
SPG,21,38,ret_TLT,0.0
SPG,21,38,mom21_TLT,0.01016
SPG,21,38,ret_UUP,0.0
SPG,21,38,mom21_UUP,0.005219
SPG,21,38,ret_SPY,0.0
SPG,21,38,mom21_SPY,0.015861
SPG,21,38,vol_vel,0.0
SPG,21,38,vol_of_vol,0.017368
SPG,21,38,vol_regime_zscore,0.022361
SPG,21,38,vol_chg_21d,0.009726
SPG,21,38,event_fed_gravity,0.033701
SPG,21,38,event_earn_gravity,0.0
SPG,21,38,event_div_gravity,0.0
SPG,21,38,event_cpi_gravity,0.041099
SPG,21,38,event_nfp_gravity,0.041414
SPG,21,38,put_call_skew_30d,0.009525
SPG,21,38,term_structure_slope,0.004784
SPG,21,38,vrp_wedge,0.016232
SPG,21,38,iv_atm_z_score,0.025535
SPG,21,38,macro_yield_curve_slope,0.008625
SPG,21,38,macro_hy_spread,0.010404
SPG,21,38,macro_hy_spread_chg_5d,0.011686
SPG,21,38,macro_breakeven_5y,0.014025
SPG,21,38,macro_inflation_fwd_5y5y,0.045685
SPG,21,38,macro_inflation_fwd_chg_21d,0.012771
SPG,21,38,macro_inflation_fwd_abs_chg_21d,0.0
SPG,21,38,macro_inflation_fwd_chg_63d,0.024121
SPG,21,38,macro_inflation_fwd_zscore,0.017522
SPG,21,38,macro_dollar_ret,0.0
SPG,21,38,beta_spy,0.028993
SPG,21,38,res_vol,0.009252
SPG,21,38,res_vol_vel,0.006933
SPG,21,38,price_regime,0.009218
SPG,21,38,corr_sector_21d,0.012566
SPG,21,38,corr_sector_252d,0.031521
SPG,21,38,sector_wedge,0.00847
SPG,21,39,rv_5d,0.099008
SPG,21,39,rv_10d,0.14065
SPG,21,39,rv_21d,0.038185
SPG,21,39,rv_63d,0.078648
SPG,21,39,rv_126d,0.039655
SPG,21,39,ewma_vol,0.023429
SPG,21,39,garch_cond_vol,0.014129
SPG,21,39,ret_TARGET,0.0
SPG,21,39,tech_RSI,0.008905
SPG,21,39,tech_MACD_hist,0.014366
SPG,21,39,ret_VIXY,0.0
SPG,21,39,mom21_VIXY,0.017574
SPG,21,39,ret_HYG,0.0
SPG,21,39,mom21_HYG,0.00753
SPG,21,39,ret_USO,0.0
SPG,21,39,mom21_USO,0.012397
SPG,21,39,ret_TLT,0.0
SPG,21,39,mom21_TLT,0.013519
SPG,21,39,ret_UUP,0.0
SPG,21,39,mom21_UUP,0.009941
SPG,21,39,ret_SPY,0.0
SPG,21,39,mom21_SPY,0.020314
SPG,21,39,vol_vel,0.009292
SPG,21,39,vol_of_vol,0.013355
SPG,21,39,vol_regime_zscore,0.021707
SPG,21,39,vol_chg_21d,0.012579
SPG,21,39,event_fed_gravity,0.031678
SPG,21,39,event_earn_gravity,0.0
SPG,21,39,event_div_gravity,0.0
SPG,21,39,event_cpi_gravity,0.047825
SPG,21,39,event_nfp_gravity,0.032485
SPG,21,39,put_call_skew_30d,0.010047
SPG,21,39,term_structure_slope,0.007086
SPG,21,39,vrp_wedge,0.013588
SPG,21,39,iv_atm_z_score,0.028973
SPG,21,39,macro_yield_curve_slope,0.009357
SPG,21,39,macro_hy_spread,0.011968
SPG,21,39,macro_hy_spread_chg_5d,0.0
SPG,21,39,macro_breakeven_5y,0.018252
SPG,21,39,macro_inflation_fwd_5y5y,0.041415
SPG,21,39,macro_inflation_fwd_chg_21d,0.006479
SPG,21,39,macro_inflation_fwd_abs_chg_21d,0.006559
SPG,21,39,macro_inflation_fwd_chg_63d,0.031194
SPG,21,39,macro_inflation_fwd_zscore,0.017652
SPG,21,39,macro_dollar_ret,0.0
SPG,21,39,beta_spy,0.022578
SPG,21,39,res_vol,0.009135
SPG,21,39,res_vol_vel,0.007408
SPG,21,39,price_regime,0.009693
SPG,21,39,corr_sector_21d,0.009088
SPG,21,39,corr_sector_252d,0.024153
SPG,21,39,sector_wedge,0.008207
SPG,21,40,rv_5d,0.134406
SPG,21,40,rv_10d,0.117185
SPG,21,40,rv_21d,0.045804
SPG,21,40,rv_63d,0.060318
SPG,21,40,rv_126d,0.040315
SPG,21,40,ewma_vol,0.034104
SPG,21,40,garch_cond_vol,0.032796
SPG,21,40,ret_TARGET,0.0
SPG,21,40,tech_RSI,0.012257
SPG,21,40,tech_MACD_hist,0.006302
SPG,21,40,ret_VIXY,0.0
SPG,21,40,mom21_VIXY,0.01306
SPG,21,40,ret_HYG,0.0
SPG,21,40,mom21_HYG,0.006317
SPG,21,40,ret_USO,0.0
SPG,21,40,mom21_USO,0.013975
SPG,21,40,ret_TLT,0.0
SPG,21,40,mom21_TLT,0.012524
SPG,21,40,ret_UUP,0.0
SPG,21,40,mom21_UUP,0.0
SPG,21,40,ret_SPY,0.0
SPG,21,40,mom21_SPY,0.015757
SPG,21,40,vol_vel,0.0
SPG,21,40,vol_of_vol,0.010162
SPG,21,40,vol_regime_zscore,0.023475
SPG,21,40,vol_chg_21d,0.015614
SPG,21,40,event_fed_gravity,0.0354
SPG,21,40,event_earn_gravity,0.0
SPG,21,40,event_div_gravity,0.0
SPG,21,40,event_cpi_gravity,0.040778
SPG,21,40,event_nfp_gravity,0.036935
SPG,21,40,put_call_skew_30d,0.010234
SPG,21,40,term_structure_slope,0.0
SPG,21,40,vrp_wedge,0.012932
SPG,21,40,iv_atm_z_score,0.031638
SPG,21,40,macro_yield_curve_slope,0.01234
SPG,21,40,macro_hy_spread,0.011305
SPG,21,40,macro_hy_spread_chg_5d,0.0
SPG,21,40,macro_breakeven_5y,0.021885
SPG,21,40,macro_inflation_fwd_5y5y,0.033845
SPG,21,40,macro_inflation_fwd_chg_21d,0.011142
SPG,21,40,macro_inflation_fwd_abs_chg_21d,0.005215
SPG,21,40,macro_inflation_fwd_chg_63d,0.026221
SPG,21,40,macro_inflation_fwd_zscore,0.016127
SPG,21,40,macro_dollar_ret,0.0
SPG,21,40,beta_spy,0.031086
SPG,21,40,res_vol,0.010032
SPG,21,40,res_vol_vel,0.009145
SPG,21,40,price_regime,0.009352
SPG,21,40,corr_sector_21d,0.008991
SPG,21,40,corr_sector_252d,0.024376
SPG,21,40,sector_wedge,0.006649
SPG,21,41,rv_5d,0.102619
SPG,21,41,rv_10d,0.134958
SPG,21,41,rv_21d,0.043397
SPG,21,41,rv_63d,0.07672
SPG,21,41,rv_126d,0.04211
SPG,21,41,ewma_vol,0.032441
SPG,21,41,garch_cond_vol,0.01416
SPG,21,41,ret_TARGET,0.0
SPG,21,41,tech_RSI,0.008922
SPG,21,41,tech_MACD_hist,0.008148
SPG,21,41,ret_VIXY,0.0
SPG,21,41,mom21_VIXY,0.017769
SPG,21,41,ret_HYG,0.0
SPG,21,41,mom21_HYG,0.006745
SPG,21,41,ret_USO,0.0
SPG,21,41,mom21_USO,0.013128
SPG,21,41,ret_TLT,0.0
SPG,21,41,mom21_TLT,0.012492
SPG,21,41,ret_UUP,0.0
SPG,21,41,mom21_UUP,0.005138
SPG,21,41,ret_SPY,0.0
SPG,21,41,mom21_SPY,0.017041
SPG,21,41,vol_vel,0.008151
SPG,21,41,vol_of_vol,0.010465
SPG,21,41,vol_regime_zscore,0.021936
SPG,21,41,vol_chg_21d,0.009388
SPG,21,41,event_fed_gravity,0.025171
SPG,21,41,event_earn_gravity,0.0
SPG,21,41,event_div_gravity,0.0
SPG,21,41,event_cpi_gravity,0.049257
SPG,21,41,event_nfp_gravity,0.036074
SPG,21,41,put_call_skew_30d,0.011585
SPG,21,41,term_structure_slope,0.005582
SPG,21,41,vrp_wedge,0.014549
SPG,21,41,iv_atm_z_score,0.028776
SPG,21,41,macro_yield_curve_slope,0.010612
SPG,21,41,macro_hy_spread,0.013407
SPG,21,41,macro_hy_spread_chg_5d,0.0
SPG,21,41,macro_breakeven_5y,0.01783
SPG,21,41,macro_inflation_fwd_5y5y,0.035494
SPG,21,41,macro_inflation_fwd_chg_21d,0.011569
SPG,21,41,macro_inflation_fwd_abs_chg_21d,0.005395
SPG,21,41,macro_inflation_fwd_chg_63d,0.031371
SPG,21,41,macro_inflation_fwd_zscore,0.015303
SPG,21,41,macro_dollar_ret,0.0
SPG,21,41,beta_spy,0.028938
SPG,21,41,res_vol,0.0115
SPG,21,41,res_vol_vel,0.006342
SPG,21,41,price_regime,0.012277
SPG,21,41,corr_sector_21d,0.008993
SPG,21,41,corr_sector_252d,0.027077
SPG,21,41,sector_wedge,0.007167
SPG,21,42,rv_5d,0.104444
SPG,21,42,rv_10d,0.195636
SPG,21,42,rv_21d,0.04266
SPG,21,42,rv_63d,0.064529
SPG,21,42,rv_126d,0.044938
SPG,21,42,ewma_vol,0.023379
SPG,21,42,garch_cond_vol,0.020029
SPG,21,42,ret_TARGET,0.0
SPG,21,42,tech_RSI,0.011806
SPG,21,42,tech_MACD_hist,0.009454
SPG,21,42,ret_VIXY,0.004492
SPG,21,42,mom21_VIXY,0.012416
SPG,21,42,ret_HYG,0.0
SPG,21,42,mom21_HYG,0.006821
SPG,21,42,ret_USO,0.0
SPG,21,42,mom21_USO,0.014966
SPG,21,42,ret_TLT,0.0
SPG,21,42,mom21_TLT,0.009544
SPG,21,42,ret_UUP,0.0
SPG,21,42,mom21_UUP,0.0
SPG,21,42,ret_SPY,0.0
SPG,21,42,mom21_SPY,0.012893
SPG,21,42,vol_vel,0.0
SPG,21,42,vol_of_vol,0.013835
SPG,21,42,vol_regime_zscore,0.029132
SPG,21,42,vol_chg_21d,0.007211
SPG,21,42,event_fed_gravity,0.032901
SPG,21,42,event_earn_gravity,0.0
SPG,21,42,event_div_gravity,0.0
SPG,21,42,event_cpi_gravity,0.044252
SPG,21,42,event_nfp_gravity,0.035401
SPG,21,42,put_call_skew_30d,0.0
SPG,21,42,term_structure_slope,0.005699
SPG,21,42,vrp_wedge,0.012129
SPG,21,42,iv_atm_z_score,0.029572
SPG,21,42,macro_yield_curve_slope,0.00941
SPG,21,42,macro_hy_spread,0.009411
SPG,21,42,macro_hy_spread_chg_5d,0.0
SPG,21,42,macro_breakeven_5y,0.010691
SPG,21,42,macro_inflation_fwd_5y5y,0.028481
SPG,21,42,macro_inflation_fwd_chg_21d,0.01051
SPG,21,42,macro_inflation_fwd_abs_chg_21d,0.004833
SPG,21,42,macro_inflation_fwd_chg_63d,0.035097
SPG,21,42,macro_inflation_fwd_zscore,0.015145
SPG,21,42,macro_dollar_ret,0.0
SPG,21,42,beta_spy,0.020057
SPG,21,42,res_vol,0.01055
SPG,21,42,res_vol_vel,0.009404
SPG,21,42,price_regime,0.010208
SPG,21,42,corr_sector_21d,0.005309
SPG,21,42,corr_sector_252d,0.025814
SPG,21,42,sector_wedge,0.006942
SPG,21,43,rv_5d,0.072497
SPG,21,43,rv_10d,0.156435
SPG,21,43,rv_21d,0.042075
SPG,21,43,rv_63d,0.074982
SPG,21,43,rv_126d,0.045957
SPG,21,43,ewma_vol,0.023076
SPG,21,43,garch_cond_vol,0.029908
SPG,21,43,ret_TARGET,0.0
SPG,21,43,tech_RSI,0.010369
SPG,21,43,tech_MACD_hist,0.017933
SPG,21,43,ret_VIXY,0.004289
SPG,21,43,mom21_VIXY,0.013044
SPG,21,43,ret_HYG,0.0
SPG,21,43,mom21_HYG,0.005541
SPG,21,43,ret_USO,0.0
SPG,21,43,mom21_USO,0.011627
SPG,21,43,ret_TLT,0.0
SPG,21,43,mom21_TLT,0.010966
SPG,21,43,ret_UUP,0.0
SPG,21,43,mom21_UUP,0.0
SPG,21,43,ret_SPY,0.0
SPG,21,43,mom21_SPY,0.008083
SPG,21,43,vol_vel,0.004223
SPG,21,43,vol_of_vol,0.011637
SPG,21,43,vol_regime_zscore,0.030326
SPG,21,43,vol_chg_21d,0.01258
SPG,21,43,event_fed_gravity,0.03436
SPG,21,43,event_earn_gravity,0.0
SPG,21,43,event_div_gravity,0.0
SPG,21,43,event_cpi_gravity,0.045922
SPG,21,43,event_nfp_gravity,0.040541
SPG,21,43,put_call_skew_30d,0.007477
SPG,21,43,term_structure_slope,0.005332
SPG,21,43,vrp_wedge,0.014497
SPG,21,43,iv_atm_z_score,0.029343
SPG,21,43,macro_yield_curve_slope,0.013815
SPG,21,43,macro_hy_spread,0.015997
SPG,21,43,macro_hy_spread_chg_5d,0.0
SPG,21,43,macro_breakeven_5y,0.012504
SPG,21,43,macro_inflation_fwd_5y5y,0.032213
SPG,21,43,macro_inflation_fwd_chg_21d,0.009172
SPG,21,43,macro_inflation_fwd_abs_chg_21d,0.015909
SPG,21,43,macro_inflation_fwd_chg_63d,0.030995
SPG,21,43,macro_inflation_fwd_zscore,0.015373
SPG,21,43,macro_dollar_ret,0.0
SPG,21,43,beta_spy,0.019329
SPG,21,43,res_vol,0.010203
SPG,21,43,res_vol_vel,0.006764
SPG,21,43,price_regime,0.01399
SPG,21,43,corr_sector_21d,0.007475
SPG,21,43,corr_sector_252d,0.026153
SPG,21,43,sector_wedge,0.00709
SPG,21,44,rv_5d,0.067841
SPG,21,44,rv_10d,0.12718
SPG,21,44,rv_21d,0.073806
SPG,21,44,rv_63d,0.068748
SPG,21,44,rv_126d,0.050121
SPG,21,44,ewma_vol,0.031596
SPG,21,44,garch_cond_vol,0.029843
SPG,21,44,ret_TARGET,0.0
SPG,21,44,tech_RSI,0.012752
SPG,21,44,tech_MACD_hist,0.014081
SPG,21,44,ret_VIXY,0.0
SPG,21,44,mom21_VIXY,0.010098
SPG,21,44,ret_HYG,0.0
SPG,21,44,mom21_HYG,0.013803
SPG,21,44,ret_USO,0.0
SPG,21,44,mom21_USO,0.011813
SPG,21,44,ret_TLT,0.0
SPG,21,44,mom21_TLT,0.011324
SPG,21,44,ret_UUP,0.0
SPG,21,44,mom21_UUP,0.0
SPG,21,44,ret_SPY,0.0
SPG,21,44,mom21_SPY,0.01486
SPG,21,44,vol_vel,0.0
SPG,21,44,vol_of_vol,0.008521
SPG,21,44,vol_regime_zscore,0.030568
SPG,21,44,vol_chg_21d,0.006085
SPG,21,44,event_fed_gravity,0.03602
SPG,21,44,event_earn_gravity,0.0
SPG,21,44,event_div_gravity,0.0
SPG,21,44,event_cpi_gravity,0.037465
SPG,21,44,event_nfp_gravity,0.040628
SPG,21,44,put_call_skew_30d,0.010363
SPG,21,44,term_structure_slope,0.005947
SPG,21,44,vrp_wedge,0.014043
SPG,21,44,iv_atm_z_score,0.033415
SPG,21,44,macro_yield_curve_slope,0.021787
SPG,21,44,macro_hy_spread,0.012913
SPG,21,44,macro_hy_spread_chg_5d,0.0
SPG,21,44,macro_breakeven_5y,0.013233
SPG,21,44,macro_inflation_fwd_5y5y,0.029402
SPG,21,44,macro_inflation_fwd_chg_21d,0.012608
SPG,21,44,macro_inflation_fwd_abs_chg_21d,0.005243
SPG,21,44,macro_inflation_fwd_chg_63d,0.029076
SPG,21,44,macro_inflation_fwd_zscore,0.018531
SPG,21,44,macro_dollar_ret,0.0
SPG,21,44,beta_spy,0.017824
SPG,21,44,res_vol,0.012624
SPG,21,44,res_vol_vel,0.006001
SPG,21,44,price_regime,0.017376
SPG,21,44,corr_sector_21d,0.006675
SPG,21,44,corr_sector_252d,0.028228
SPG,21,44,sector_wedge,0.007563
SPG,21,45,rv_5d,0.084671
SPG,21,45,rv_10d,0.095279
SPG,21,45,rv_21d,0.055595
SPG,21,45,rv_63d,0.071141
SPG,21,45,rv_126d,0.051884
SPG,21,45,ewma_vol,0.028887
SPG,21,45,garch_cond_vol,0.047488
SPG,21,45,ret_TARGET,0.0
SPG,21,45,tech_RSI,0.013283
SPG,21,45,tech_MACD_hist,0.028018
SPG,21,45,ret_VIXY,0.00467
SPG,21,45,mom21_VIXY,0.015541
SPG,21,45,ret_HYG,0.0
SPG,21,45,mom21_HYG,0.013673
SPG,21,45,ret_USO,0.0
SPG,21,45,mom21_USO,0.010851
SPG,21,45,ret_TLT,0.0
SPG,21,45,mom21_TLT,0.009887
SPG,21,45,ret_UUP,0.0
SPG,21,45,mom21_UUP,0.0
SPG,21,45,ret_SPY,0.0
SPG,21,45,mom21_SPY,0.007076
SPG,21,45,vol_vel,0.0
SPG,21,45,vol_of_vol,0.010697
SPG,21,45,vol_regime_zscore,0.01996
SPG,21,45,vol_chg_21d,0.012606
SPG,21,45,event_fed_gravity,0.0347
SPG,21,45,event_earn_gravity,0.0
SPG,21,45,event_div_gravity,0.0
SPG,21,45,event_cpi_gravity,0.031975
SPG,21,45,event_nfp_gravity,0.040214
SPG,21,45,put_call_skew_30d,0.011842
SPG,21,45,term_structure_slope,0.012151
SPG,21,45,vrp_wedge,0.012032
SPG,21,45,iv_atm_z_score,0.034227
SPG,21,45,macro_yield_curve_slope,0.015954
SPG,21,45,macro_hy_spread,0.014133
SPG,21,45,macro_hy_spread_chg_5d,0.0
SPG,21,45,macro_breakeven_5y,0.016688
SPG,21,45,macro_inflation_fwd_5y5y,0.029763
SPG,21,45,macro_inflation_fwd_chg_21d,0.009608
SPG,21,45,macro_inflation_fwd_abs_chg_21d,0.010406
SPG,21,45,macro_inflation_fwd_chg_63d,0.026122
SPG,21,45,macro_inflation_fwd_zscore,0.017558
SPG,21,45,macro_dollar_ret,0.0
SPG,21,45,beta_spy,0.015339
SPG,21,45,res_vol,0.011331
SPG,21,45,res_vol_vel,0.006311
SPG,21,45,price_regime,0.020662
SPG,21,45,corr_sector_21d,0.008287
SPG,21,45,corr_sector_252d,0.032118
SPG,21,45,sector_wedge,0.007374
SPG,21,46,rv_5d,0.052696
SPG,21,46,rv_10d,0.082783
SPG,21,46,rv_21d,0.065868
SPG,21,46,rv_63d,0.075843
SPG,21,46,rv_126d,0.06001
SPG,21,46,ewma_vol,0.039701
SPG,21,46,garch_cond_vol,0.071465
SPG,21,46,ret_TARGET,0.0
SPG,21,46,tech_RSI,0.010311
SPG,21,46,tech_MACD_hist,0.01752
SPG,21,46,ret_VIXY,0.0
SPG,21,46,mom21_VIXY,0.01263
SPG,21,46,ret_HYG,0.0
SPG,21,46,mom21_HYG,0.016514
SPG,21,46,ret_USO,0.0
SPG,21,46,mom21_USO,0.010954
SPG,21,46,ret_TLT,0.0
SPG,21,46,mom21_TLT,0.011343
SPG,21,46,ret_UUP,0.0
SPG,21,46,mom21_UUP,0.0
SPG,21,46,ret_SPY,0.0
SPG,21,46,mom21_SPY,0.008333
SPG,21,46,vol_vel,0.0
SPG,21,46,vol_of_vol,0.007977
SPG,21,46,vol_regime_zscore,0.019722
SPG,21,46,vol_chg_21d,0.01328
SPG,21,46,event_fed_gravity,0.022422
SPG,21,46,event_earn_gravity,0.0
SPG,21,46,event_div_gravity,0.0
SPG,21,46,event_cpi_gravity,0.038711
SPG,21,46,event_nfp_gravity,0.049066
SPG,21,46,put_call_skew_30d,0.032638
SPG,21,46,term_structure_slope,0.007016
SPG,21,46,vrp_wedge,0.013257
SPG,21,46,iv_atm_z_score,0.034274
SPG,21,46,macro_yield_curve_slope,0.014199
SPG,21,46,macro_hy_spread,0.008919
SPG,21,46,macro_hy_spread_chg_5d,0.0
SPG,21,46,macro_breakeven_5y,0.012123
SPG,21,46,macro_inflation_fwd_5y5y,0.027421
SPG,21,46,macro_inflation_fwd_chg_21d,0.008558
SPG,21,46,macro_inflation_fwd_abs_chg_21d,0.008927
SPG,21,46,macro_inflation_fwd_chg_63d,0.030941
SPG,21,46,macro_inflation_fwd_zscore,0.016673
SPG,21,46,macro_dollar_ret,0.0
SPG,21,46,beta_spy,0.015955
SPG,21,46,res_vol,0.011284
SPG,21,46,res_vol_vel,0.006763
SPG,21,46,price_regime,0.015726
SPG,21,46,corr_sector_21d,0.01023
SPG,21,46,corr_sector_252d,0.030843
SPG,21,46,sector_wedge,0.007102
SPG,21,47,rv_5d,0.062343
SPG,21,47,rv_10d,0.083821
SPG,21,47,rv_21d,0.077515
SPG,21,47,rv_63d,0.093185
SPG,21,47,rv_126d,0.055888
SPG,21,47,ewma_vol,0.035201
SPG,21,47,garch_cond_vol,0.036475
SPG,21,47,ret_TARGET,0.0
SPG,21,47,tech_RSI,0.008931
SPG,21,47,tech_MACD_hist,0.023868
SPG,21,47,ret_VIXY,0.004937
SPG,21,47,mom21_VIXY,0.017247
SPG,21,47,ret_HYG,0.0
SPG,21,47,mom21_HYG,0.017169
SPG,21,47,ret_USO,0.0
SPG,21,47,mom21_USO,0.011133
SPG,21,47,ret_TLT,0.0
SPG,21,47,mom21_TLT,0.011093
SPG,21,47,ret_UUP,0.0
SPG,21,47,mom21_UUP,0.00636
SPG,21,47,ret_SPY,0.0
SPG,21,47,mom21_SPY,0.007451
SPG,21,47,vol_vel,0.0
SPG,21,47,vol_of_vol,0.006573
SPG,21,47,vol_regime_zscore,0.021944
SPG,21,47,vol_chg_21d,0.005769
SPG,21,47,event_fed_gravity,0.0299
SPG,21,47,event_earn_gravity,0.0
SPG,21,47,event_div_gravity,0.0
SPG,21,47,event_cpi_gravity,0.037553
SPG,21,47,event_nfp_gravity,0.043263
SPG,21,47,put_call_skew_30d,0.0
SPG,21,47,term_structure_slope,0.009048
SPG,21,47,vrp_wedge,0.014134
SPG,21,47,iv_atm_z_score,0.03711
SPG,21,47,macro_yield_curve_slope,0.014646
SPG,21,47,macro_hy_spread,0.009882
SPG,21,47,macro_hy_spread_chg_5d,0.0
SPG,21,47,macro_breakeven_5y,0.014476
SPG,21,47,macro_inflation_fwd_5y5y,0.027558
SPG,21,47,macro_inflation_fwd_chg_21d,0.016882
SPG,21,47,macro_inflation_fwd_abs_chg_21d,0.011871
SPG,21,47,macro_inflation_fwd_chg_63d,0.02526
SPG,21,47,macro_inflation_fwd_zscore,0.019319
SPG,21,47,macro_dollar_ret,0.0
SPG,21,47,beta_spy,0.017554
SPG,21,47,res_vol,0.012038
SPG,21,47,res_vol_vel,0.006279
SPG,21,47,price_regime,0.016039
SPG,21,47,corr_sector_21d,0.009312
SPG,21,47,corr_sector_252d,0.033625
SPG,21,47,sector_wedge,0.00735
SPG,21,48,rv_5d,0.058301
SPG,21,48,rv_10d,0.094817
SPG,21,48,rv_21d,0.062861
SPG,21,48,rv_63d,0.070982
SPG,21,48,rv_126d,0.068915
SPG,21,48,ewma_vol,0.04104
SPG,21,48,garch_cond_vol,0.07156
SPG,21,48,ret_TARGET,0.0
SPG,21,48,tech_RSI,0.008672
SPG,21,48,tech_MACD_hist,0.019953
SPG,21,48,ret_VIXY,0.0
SPG,21,48,mom21_VIXY,0.01046
SPG,21,48,ret_HYG,0.005876
SPG,21,48,mom21_HYG,0.01435
SPG,21,48,ret_USO,0.0
SPG,21,48,mom21_USO,0.011529
SPG,21,48,ret_TLT,0.0
SPG,21,48,mom21_TLT,0.011687
SPG,21,48,ret_UUP,0.0
SPG,21,48,mom21_UUP,0.0
SPG,21,48,ret_SPY,0.0
SPG,21,48,mom21_SPY,0.011511
SPG,21,48,vol_vel,0.0
SPG,21,48,vol_of_vol,0.012214
SPG,21,48,vol_regime_zscore,0.019306
SPG,21,48,vol_chg_21d,0.00792
SPG,21,48,event_fed_gravity,0.02584
SPG,21,48,event_earn_gravity,0.0
SPG,21,48,event_div_gravity,0.0
SPG,21,48,event_cpi_gravity,0.027933
SPG,21,48,event_nfp_gravity,0.039303
SPG,21,48,put_call_skew_30d,0.013145
SPG,21,48,term_structure_slope,0.009929
SPG,21,48,vrp_wedge,0.012958
SPG,21,48,iv_atm_z_score,0.0335
SPG,21,48,macro_yield_curve_slope,0.015528
SPG,21,48,macro_hy_spread,0.012086
SPG,21,48,macro_hy_spread_chg_5d,0.0
SPG,21,48,macro_breakeven_5y,0.01224
SPG,21,48,macro_inflation_fwd_5y5y,0.027497
SPG,21,48,macro_inflation_fwd_chg_21d,0.010982
SPG,21,48,macro_inflation_fwd_abs_chg_21d,0.007842
SPG,21,48,macro_inflation_fwd_chg_63d,0.023862
SPG,21,48,macro_inflation_fwd_zscore,0.014
SPG,21,48,macro_dollar_ret,0.0
SPG,21,48,beta_spy,0.018804
SPG,21,48,res_vol,0.009934
SPG,21,48,res_vol_vel,0.006637
SPG,21,48,price_regime,0.020878
SPG,21,48,corr_sector_21d,0.010418
SPG,21,48,corr_sector_252d,0.037814
SPG,21,48,sector_wedge,0.006915
SPG,21,49,rv_5d,0.040963
SPG,21,49,rv_10d,0.062466
SPG,21,49,rv_21d,0.081096
SPG,21,49,rv_63d,0.076169
SPG,21,49,rv_126d,0.065738
SPG,21,49,ewma_vol,0.050927
SPG,21,49,garch_cond_vol,0.068271
SPG,21,49,ret_TARGET,0.0
SPG,21,49,tech_RSI,0.012
SPG,21,49,tech_MACD_hist,0.026856
SPG,21,49,ret_VIXY,0.0
SPG,21,49,mom21_VIXY,0.009301
SPG,21,49,ret_HYG,0.0
SPG,21,49,mom21_HYG,0.015066
SPG,21,49,ret_USO,0.0
SPG,21,49,mom21_USO,0.010508
SPG,21,49,ret_TLT,0.0
SPG,21,49,mom21_TLT,0.011363
SPG,21,49,ret_UUP,0.0
SPG,21,49,mom21_UUP,0.00617
SPG,21,49,ret_SPY,0.0
SPG,21,49,mom21_SPY,0.007892
SPG,21,49,vol_vel,0.005959
SPG,21,49,vol_of_vol,0.00936
SPG,21,49,vol_regime_zscore,0.021433
SPG,21,49,vol_chg_21d,0.00836
SPG,21,49,event_fed_gravity,0.024162
SPG,21,49,event_earn_gravity,0.0
SPG,21,49,event_div_gravity,0.0
SPG,21,49,event_cpi_gravity,0.027539
SPG,21,49,event_nfp_gravity,0.057581
SPG,21,49,put_call_skew_30d,0.00703
SPG,21,49,term_structure_slope,0.010513
SPG,21,49,vrp_wedge,0.013479
SPG,21,49,iv_atm_z_score,0.033984
SPG,21,49,macro_yield_curve_slope,0.011834
SPG,21,49,macro_hy_spread,0.008659
SPG,21,49,macro_hy_spread_chg_5d,0.0
SPG,21,49,macro_breakeven_5y,0.016035
SPG,21,49,macro_inflation_fwd_5y5y,0.027617
SPG,21,49,macro_inflation_fwd_chg_21d,0.012585
SPG,21,49,macro_inflation_fwd_abs_chg_21d,0.007915
SPG,21,49,macro_inflation_fwd_chg_63d,0.027996
SPG,21,49,macro_inflation_fwd_zscore,0.014748
SPG,21,49,macro_dollar_ret,0.0
SPG,21,49,beta_spy,0.01947
SPG,21,49,res_vol,0.010408
SPG,21,49,res_vol_vel,0.006116
SPG,21,49,price_regime,0.018381
SPG,21,49,corr_sector_21d,0.010044
SPG,21,49,corr_sector_252d,0.036575
SPG,21,49,sector_wedge,0.007429
SPG,21,50,rv_5d,0.060641
SPG,21,50,rv_10d,0.052896
SPG,21,50,rv_21d,0.067487
SPG,21,50,rv_63d,0.064051
SPG,21,50,rv_126d,0.065578
SPG,21,50,ewma_vol,0.041611
SPG,21,50,garch_cond_vol,0.073623
SPG,21,50,ret_TARGET,0.0
SPG,21,50,tech_RSI,0.010198
SPG,21,50,tech_MACD_hist,0.018569
SPG,21,50,ret_VIXY,0.0
SPG,21,50,mom21_VIXY,0.010025
SPG,21,50,ret_HYG,0.0
SPG,21,50,mom21_HYG,0.013947
SPG,21,50,ret_USO,0.0
SPG,21,50,mom21_USO,0.011328
SPG,21,50,ret_TLT,0.0
SPG,21,50,mom21_TLT,0.010338
SPG,21,50,ret_UUP,0.0
SPG,21,50,mom21_UUP,0.006973
SPG,21,50,ret_SPY,0.0
SPG,21,50,mom21_SPY,0.014992
SPG,21,50,vol_vel,0.0
SPG,21,50,vol_of_vol,0.0096
SPG,21,50,vol_regime_zscore,0.022316
SPG,21,50,vol_chg_21d,0.009215
SPG,21,50,event_fed_gravity,0.022615
SPG,21,50,event_earn_gravity,0.0
SPG,21,50,event_div_gravity,0.0
SPG,21,50,event_cpi_gravity,0.029444
SPG,21,50,event_nfp_gravity,0.054555
SPG,21,50,put_call_skew_30d,0.0329
SPG,21,50,term_structure_slope,0.013375
SPG,21,50,vrp_wedge,0.014923
SPG,21,50,iv_atm_z_score,0.038682
SPG,21,50,macro_yield_curve_slope,0.017492
SPG,21,50,macro_hy_spread,0.005762
SPG,21,50,macro_hy_spread_chg_5d,0.0
SPG,21,50,macro_breakeven_5y,0.017481
SPG,21,50,macro_inflation_fwd_5y5y,0.022647
SPG,21,50,macro_inflation_fwd_chg_21d,0.009746
SPG,21,50,macro_inflation_fwd_abs_chg_21d,0.014758
SPG,21,50,macro_inflation_fwd_chg_63d,0.02481
SPG,21,50,macro_inflation_fwd_zscore,0.016631
SPG,21,50,macro_dollar_ret,0.0
SPG,21,50,beta_spy,0.016762
SPG,21,50,res_vol,0.010306
SPG,21,50,res_vol_vel,0.006546
SPG,21,50,price_regime,0.016449
SPG,21,50,corr_sector_21d,0.009988
SPG,21,50,corr_sector_252d,0.032839
SPG,21,50,sector_wedge,0.007899
SPG,21,51,rv_5d,0.063607
SPG,21,51,rv_10d,0.025123
SPG,21,51,rv_21d,0.098538
SPG,21,51,rv_63d,0.055684
SPG,21,51,rv_126d,0.068965
SPG,21,51,ewma_vol,0.039276
SPG,21,51,garch_cond_vol,0.083362
SPG,21,51,ret_TARGET,0.0
SPG,21,51,tech_RSI,0.010309
SPG,21,51,tech_MACD_hist,0.014762
SPG,21,51,ret_VIXY,0.0
SPG,21,51,mom21_VIXY,0.010091
SPG,21,51,ret_HYG,0.0
SPG,21,51,mom21_HYG,0.013275
SPG,21,51,ret_USO,0.0
SPG,21,51,mom21_USO,0.013739
SPG,21,51,ret_TLT,0.0
SPG,21,51,mom21_TLT,0.008679
SPG,21,51,ret_UUP,0.0
SPG,21,51,mom21_UUP,0.00979
SPG,21,51,ret_SPY,0.0
SPG,21,51,mom21_SPY,0.012527
SPG,21,51,vol_vel,0.007307
SPG,21,51,vol_of_vol,0.009667
SPG,21,51,vol_regime_zscore,0.023296
SPG,21,51,vol_chg_21d,0.008025
SPG,21,51,event_fed_gravity,0.023413
SPG,21,51,event_earn_gravity,0.0
SPG,21,51,event_div_gravity,0.0
SPG,21,51,event_cpi_gravity,0.033005
SPG,21,51,event_nfp_gravity,0.034088
SPG,21,51,put_call_skew_30d,0.018159
SPG,21,51,term_structure_slope,0.012381
SPG,21,51,vrp_wedge,0.016202
SPG,21,51,iv_atm_z_score,0.037395
SPG,21,51,macro_yield_curve_slope,0.014259
SPG,21,51,macro_hy_spread,0.013458
SPG,21,51,macro_hy_spread_chg_5d,0.004874
SPG,21,51,macro_breakeven_5y,0.018425
SPG,21,51,macro_inflation_fwd_5y5y,0.031315
SPG,21,51,macro_inflation_fwd_chg_21d,0.013467
SPG,21,51,macro_inflation_fwd_abs_chg_21d,0.010677
SPG,21,51,macro_inflation_fwd_chg_63d,0.026802
SPG,21,51,macro_inflation_fwd_zscore,0.014385
SPG,21,51,macro_dollar_ret,0.0
SPG,21,51,beta_spy,0.020508
SPG,21,51,res_vol,0.011132
SPG,21,51,res_vol_vel,0.006763
SPG,21,51,price_regime,0.016645
SPG,21,51,corr_sector_21d,0.009467
SPG,21,51,corr_sector_252d,0.03017
SPG,21,51,sector_wedge,0.00699
SPG,21,52,rv_5d,0.047866
SPG,21,52,rv_10d,0.053813
SPG,21,52,rv_21d,0.072526
SPG,21,52,rv_63d,0.065929
SPG,21,52,rv_126d,0.076887
SPG,21,52,ewma_vol,0.039843
SPG,21,52,garch_cond_vol,0.053262
SPG,21,52,ret_TARGET,0.0
SPG,21,52,tech_RSI,0.016327
SPG,21,52,tech_MACD_hist,0.012523
SPG,21,52,ret_VIXY,0.0
SPG,21,52,mom21_VIXY,0.008208
SPG,21,52,ret_HYG,0.007537
SPG,21,52,mom21_HYG,0.017514
SPG,21,52,ret_USO,0.0
SPG,21,52,mom21_USO,0.012023
SPG,21,52,ret_TLT,0.0
SPG,21,52,mom21_TLT,0.011489
SPG,21,52,ret_UUP,0.0
SPG,21,52,mom21_UUP,0.007253
SPG,21,52,ret_SPY,0.004981
SPG,21,52,mom21_SPY,0.011766
SPG,21,52,vol_vel,0.00686
SPG,21,52,vol_of_vol,0.007781
SPG,21,52,vol_regime_zscore,0.021327
SPG,21,52,vol_chg_21d,0.007026
SPG,21,52,event_fed_gravity,0.020505
SPG,21,52,event_earn_gravity,0.0
SPG,21,52,event_div_gravity,0.0
SPG,21,52,event_cpi_gravity,0.030251
SPG,21,52,event_nfp_gravity,0.045029
SPG,21,52,put_call_skew_30d,0.005899
SPG,21,52,term_structure_slope,0.011681
SPG,21,52,vrp_wedge,0.017589
SPG,21,52,iv_atm_z_score,0.048407
SPG,21,52,macro_yield_curve_slope,0.01356
SPG,21,52,macro_hy_spread,0.015639
SPG,21,52,macro_hy_spread_chg_5d,0.00573
SPG,21,52,macro_breakeven_5y,0.01479
SPG,21,52,macro_inflation_fwd_5y5y,0.0242
SPG,21,52,macro_inflation_fwd_chg_21d,0.012839
SPG,21,52,macro_inflation_fwd_abs_chg_21d,0.01103
SPG,21,52,macro_inflation_fwd_chg_63d,0.030387
SPG,21,52,macro_inflation_fwd_zscore,0.015607
SPG,21,52,macro_dollar_ret,0.0
SPG,21,52,beta_spy,0.020125
SPG,21,52,res_vol,0.013896
SPG,21,52,res_vol_vel,0.00613
SPG,21,52,price_regime,0.01846
SPG,21,52,corr_sector_21d,0.008798
SPG,21,52,corr_sector_252d,0.03884
SPG,21,52,sector_wedge,0.007866
SPG,21,53,rv_5d,0.064095
SPG,21,53,rv_10d,0.028317
SPG,21,53,rv_21d,0.086523
SPG,21,53,rv_63d,0.063851
SPG,21,53,rv_126d,0.068692
SPG,21,53,ewma_vol,0.043835
SPG,21,53,garch_cond_vol,0.068167
SPG,21,53,ret_TARGET,0.0
SPG,21,53,tech_RSI,0.010333
SPG,21,53,tech_MACD_hist,0.011234
SPG,21,53,ret_VIXY,0.0
SPG,21,53,mom21_VIXY,0.00889
SPG,21,53,ret_HYG,0.0
SPG,21,53,mom21_HYG,0.012429
SPG,21,53,ret_USO,0.0
SPG,21,53,mom21_USO,0.012101
SPG,21,53,ret_TLT,0.0
SPG,21,53,mom21_TLT,0.012081
SPG,21,53,ret_UUP,0.0
SPG,21,53,mom21_UUP,0.007335
SPG,21,53,ret_SPY,0.0
SPG,21,53,mom21_SPY,0.012416
SPG,21,53,vol_vel,0.0
SPG,21,53,vol_of_vol,0.009723
SPG,21,53,vol_regime_zscore,0.026051
SPG,21,53,vol_chg_21d,0.009714
SPG,21,53,event_fed_gravity,0.026697
SPG,21,53,event_earn_gravity,0.0
SPG,21,53,event_div_gravity,0.0
SPG,21,53,event_cpi_gravity,0.025358
SPG,21,53,event_nfp_gravity,0.037347
SPG,21,53,put_call_skew_30d,0.018491
SPG,21,53,term_structure_slope,0.011749
SPG,21,53,vrp_wedge,0.016553
SPG,21,53,iv_atm_z_score,0.052715
SPG,21,53,macro_yield_curve_slope,0.013421
SPG,21,53,macro_hy_spread,0.016528
SPG,21,53,macro_hy_spread_chg_5d,0.005053
SPG,21,53,macro_breakeven_5y,0.01188
SPG,21,53,macro_inflation_fwd_5y5y,0.026096
SPG,21,53,macro_inflation_fwd_chg_21d,0.013603
SPG,21,53,macro_inflation_fwd_abs_chg_21d,0.010392
SPG,21,53,macro_inflation_fwd_chg_63d,0.029056
SPG,21,53,macro_inflation_fwd_zscore,0.016015
SPG,21,53,macro_dollar_ret,0.0
SPG,21,53,beta_spy,0.018495
SPG,21,53,res_vol,0.014589
SPG,21,53,res_vol_vel,0.005819
SPG,21,53,price_regime,0.018939
SPG,21,53,corr_sector_21d,0.007861
SPG,21,53,corr_sector_252d,0.03912
SPG,21,53,sector_wedge,0.008437
SPG,21,54,rv_5d,0.055006
SPG,21,54,rv_10d,0.027773
SPG,21,54,rv_21d,0.083004
SPG,21,54,rv_63d,0.070733
SPG,21,54,rv_126d,0.076809
SPG,21,54,ewma_vol,0.032464
SPG,21,54,garch_cond_vol,0.07128
SPG,21,54,ret_TARGET,0.0
SPG,21,54,tech_RSI,0.006953
SPG,21,54,tech_MACD_hist,0.01191
SPG,21,54,ret_VIXY,0.004524
SPG,21,54,mom21_VIXY,0.010157
SPG,21,54,ret_HYG,0.007279
SPG,21,54,mom21_HYG,0.015708
SPG,21,54,ret_USO,0.0
SPG,21,54,mom21_USO,0.011137
SPG,21,54,ret_TLT,0.0
SPG,21,54,mom21_TLT,0.010195
SPG,21,54,ret_UUP,0.0
SPG,21,54,mom21_UUP,0.00854
SPG,21,54,ret_SPY,0.0
SPG,21,54,mom21_SPY,0.011775
SPG,21,54,vol_vel,0.006849
SPG,21,54,vol_of_vol,0.008705
SPG,21,54,vol_regime_zscore,0.023263
SPG,21,54,vol_chg_21d,0.008262
SPG,21,54,event_fed_gravity,0.019568
SPG,21,54,event_earn_gravity,0.0
SPG,21,54,event_div_gravity,0.0
SPG,21,54,event_cpi_gravity,0.028363
SPG,21,54,event_nfp_gravity,0.048074
SPG,21,54,put_call_skew_30d,0.007559
SPG,21,54,term_structure_slope,0.016518
SPG,21,54,vrp_wedge,0.01571
SPG,21,54,iv_atm_z_score,0.054067
SPG,21,54,macro_yield_curve_slope,0.011583
SPG,21,54,macro_hy_spread,0.014722
SPG,21,54,macro_hy_spread_chg_5d,0.005266
SPG,21,54,macro_breakeven_5y,0.009825
SPG,21,54,macro_inflation_fwd_5y5y,0.02576
SPG,21,54,macro_inflation_fwd_chg_21d,0.013406
SPG,21,54,macro_inflation_fwd_abs_chg_21d,0.010444
SPG,21,54,macro_inflation_fwd_chg_63d,0.028936
SPG,21,54,macro_inflation_fwd_zscore,0.014995
SPG,21,54,macro_dollar_ret,0.0
SPG,21,54,beta_spy,0.017515
SPG,21,54,res_vol,0.01117
SPG,21,54,res_vol_vel,0.005665
SPG,21,54,price_regime,0.020904
SPG,21,54,corr_sector_21d,0.007544
SPG,21,54,corr_sector_252d,0.040095
SPG,21,54,sector_wedge,0.009984
SPG,21,55,rv_5d,0.056245
SPG,21,55,rv_10d,0.039692
SPG,21,55,rv_21d,0.083618
SPG,21,55,rv_63d,0.069312
SPG,21,55,rv_126d,0.076977
SPG,21,55,ewma_vol,0.035238
SPG,21,55,garch_cond_vol,0.056434
SPG,21,55,ret_TARGET,0.0
SPG,21,55,tech_RSI,0.009398
SPG,21,55,tech_MACD_hist,0.011723
SPG,21,55,ret_VIXY,0.0
SPG,21,55,mom21_VIXY,0.008873
SPG,21,55,ret_HYG,0.007743
SPG,21,55,mom21_HYG,0.016912
SPG,21,55,ret_USO,0.0
SPG,21,55,mom21_USO,0.011986
SPG,21,55,ret_TLT,0.0
SPG,21,55,mom21_TLT,0.008258
SPG,21,55,ret_UUP,0.0
SPG,21,55,mom21_UUP,0.007475
SPG,21,55,ret_SPY,0.004596
SPG,21,55,mom21_SPY,0.010741
SPG,21,55,vol_vel,0.0
SPG,21,55,vol_of_vol,0.008809
SPG,21,55,vol_regime_zscore,0.0228
SPG,21,55,vol_chg_21d,0.00831
SPG,21,55,event_fed_gravity,0.019282
SPG,21,55,event_earn_gravity,0.0
SPG,21,55,event_div_gravity,0.0
SPG,21,55,event_cpi_gravity,0.026742
SPG,21,55,event_nfp_gravity,0.057349
SPG,21,55,put_call_skew_30d,0.028888
SPG,21,55,term_structure_slope,0.011439
SPG,21,55,vrp_wedge,0.017602
SPG,21,55,iv_atm_z_score,0.047402
SPG,21,55,macro_yield_curve_slope,0.012152
SPG,21,55,macro_hy_spread,0.011003
SPG,21,55,macro_hy_spread_chg_5d,0.00594
SPG,21,55,macro_breakeven_5y,0.009219
SPG,21,55,macro_inflation_fwd_5y5y,0.026022
SPG,21,55,macro_inflation_fwd_chg_21d,0.011304
SPG,21,55,macro_inflation_fwd_abs_chg_21d,0.009892
SPG,21,55,macro_inflation_fwd_chg_63d,0.026132
SPG,21,55,macro_inflation_fwd_zscore,0.01535
SPG,21,55,macro_dollar_ret,0.0
SPG,21,55,beta_spy,0.019689
SPG,21,55,res_vol,0.013692
SPG,21,55,res_vol_vel,0.006165
SPG,21,55,price_regime,0.016827
SPG,21,55,corr_sector_21d,0.008572
SPG,21,55,corr_sector_252d,0.034786
SPG,21,55,sector_wedge,0.00941
SPG,21,56,rv_5d,0.031766
SPG,21,56,rv_10d,0.060591
SPG,21,56,rv_21d,0.08049
SPG,21,56,rv_63d,0.079508
SPG,21,56,rv_126d,0.072402
SPG,21,56,ewma_vol,0.038521
SPG,21,56,garch_cond_vol,0.064358
SPG,21,56,ret_TARGET,0.0
SPG,21,56,tech_RSI,0.011525
SPG,21,56,tech_MACD_hist,0.011665
SPG,21,56,ret_VIXY,0.0
SPG,21,56,mom21_VIXY,0.011557
SPG,21,56,ret_HYG,0.009358
SPG,21,56,mom21_HYG,0.014289
SPG,21,56,ret_USO,0.0
SPG,21,56,mom21_USO,0.010416
SPG,21,56,ret_TLT,0.0
SPG,21,56,mom21_TLT,0.00813
SPG,21,56,ret_UUP,0.0
SPG,21,56,mom21_UUP,0.017415
SPG,21,56,ret_SPY,0.004611
SPG,21,56,mom21_SPY,0.011601
SPG,21,56,vol_vel,0.006116
SPG,21,56,vol_of_vol,0.010863
SPG,21,56,vol_regime_zscore,0.023068
SPG,21,56,vol_chg_21d,0.008443
SPG,21,56,event_fed_gravity,0.020668
SPG,21,56,event_earn_gravity,0.0
SPG,21,56,event_div_gravity,0.0
SPG,21,56,event_cpi_gravity,0.026626
SPG,21,56,event_nfp_gravity,0.044577
SPG,21,56,put_call_skew_30d,0.006038
SPG,21,56,term_structure_slope,0.012559
SPG,21,56,vrp_wedge,0.017024
SPG,21,56,iv_atm_z_score,0.043168
SPG,21,56,macro_yield_curve_slope,0.013213
SPG,21,56,macro_hy_spread,0.012621
SPG,21,56,macro_hy_spread_chg_5d,0.005339
SPG,21,56,macro_breakeven_5y,0.011253
SPG,21,56,macro_inflation_fwd_5y5y,0.027108
SPG,21,56,macro_inflation_fwd_chg_21d,0.012854
SPG,21,56,macro_inflation_fwd_abs_chg_21d,0.01039
SPG,21,56,macro_inflation_fwd_chg_63d,0.027861
SPG,21,56,macro_inflation_fwd_zscore,0.017963
SPG,21,56,macro_dollar_ret,0.0
SPG,21,56,beta_spy,0.021041
SPG,21,56,res_vol,0.014297
SPG,21,56,res_vol_vel,0.006368
SPG,21,56,price_regime,0.013885
SPG,21,56,corr_sector_21d,0.008568
SPG,21,56,corr_sector_252d,0.031177
SPG,21,56,sector_wedge,0.008707
SPG,21,57,rv_5d,0.057586
SPG,21,57,rv_10d,0.022627
SPG,21,57,rv_21d,0.103306
SPG,21,57,rv_63d,0.081748
SPG,21,57,rv_126d,0.076489
SPG,21,57,ewma_vol,0.046429
SPG,21,57,garch_cond_vol,0.067058
SPG,21,57,ret_TARGET,0.0
SPG,21,57,tech_RSI,0.013568
SPG,21,57,tech_MACD_hist,0.012015
SPG,21,57,ret_VIXY,0.0
SPG,21,57,mom21_VIXY,0.009093
SPG,21,57,ret_HYG,0.0
SPG,21,57,mom21_HYG,0.011495
SPG,21,57,ret_USO,0.0
SPG,21,57,mom21_USO,0.011893
SPG,21,57,ret_TLT,0.004495
SPG,21,57,mom21_TLT,0.009259
SPG,21,57,ret_UUP,0.0
SPG,21,57,mom21_UUP,0.0
SPG,21,57,ret_SPY,0.005165
SPG,21,57,mom21_SPY,0.01171
SPG,21,57,vol_vel,0.006817
SPG,21,57,vol_of_vol,0.011111
SPG,21,57,vol_regime_zscore,0.020215
SPG,21,57,vol_chg_21d,0.009251
SPG,21,57,event_fed_gravity,0.019485
SPG,21,57,event_earn_gravity,0.0
SPG,21,57,event_div_gravity,0.0
SPG,21,57,event_cpi_gravity,0.025069
SPG,21,57,event_nfp_gravity,0.046138
SPG,21,57,put_call_skew_30d,0.0059
SPG,21,57,term_structure_slope,0.013831
SPG,21,57,vrp_wedge,0.016341
SPG,21,57,iv_atm_z_score,0.049341
SPG,21,57,macro_yield_curve_slope,0.01304
SPG,21,57,macro_hy_spread,0.011915
SPG,21,57,macro_hy_spread_chg_5d,0.005273
SPG,21,57,macro_breakeven_5y,0.011493
SPG,21,57,macro_inflation_fwd_5y5y,0.029907
SPG,21,57,macro_inflation_fwd_chg_21d,0.01279
SPG,21,57,macro_inflation_fwd_abs_chg_21d,0.010412
SPG,21,57,macro_inflation_fwd_chg_63d,0.024416
SPG,21,57,macro_inflation_fwd_zscore,0.010646
SPG,21,57,macro_dollar_ret,0.0
SPG,21,57,beta_spy,0.018653
SPG,21,57,res_vol,0.015408
SPG,21,57,res_vol_vel,0.006019
SPG,21,57,price_regime,0.015846
SPG,21,57,corr_sector_21d,0.009195
SPG,21,57,corr_sector_252d,0.02974
SPG,21,57,sector_wedge,0.007813
SPG,21,58,rv_5d,0.036582
SPG,21,58,rv_10d,0.072564
SPG,21,58,rv_21d,0.09331
SPG,21,58,rv_63d,0.058295
SPG,21,58,rv_126d,0.073188
SPG,21,58,ewma_vol,0.04732
SPG,21,58,garch_cond_vol,0.066135
SPG,21,58,ret_TARGET,0.0
SPG,21,58,tech_RSI,0.018008
SPG,21,58,tech_MACD_hist,0.010708
SPG,21,58,ret_VIXY,0.0
SPG,21,58,mom21_VIXY,0.010916
SPG,21,58,ret_HYG,0.007834
SPG,21,58,mom21_HYG,0.016272
SPG,21,58,ret_USO,0.0
SPG,21,58,mom21_USO,0.011855
SPG,21,58,ret_TLT,0.0
SPG,21,58,mom21_TLT,0.008887
SPG,21,58,ret_UUP,0.0
SPG,21,58,mom21_UUP,0.008938
SPG,21,58,ret_SPY,0.004482
SPG,21,58,mom21_SPY,0.010135
SPG,21,58,vol_vel,0.00469
SPG,21,58,vol_of_vol,0.011334
SPG,21,58,vol_regime_zscore,0.021755
SPG,21,58,vol_chg_21d,0.008351
SPG,21,58,event_fed_gravity,0.01982
SPG,21,58,event_earn_gravity,0.0
SPG,21,58,event_div_gravity,0.0
SPG,21,58,event_cpi_gravity,0.025237
SPG,21,58,event_nfp_gravity,0.036381
SPG,21,58,put_call_skew_30d,0.0
SPG,21,58,term_structure_slope,0.011761
SPG,21,58,vrp_wedge,0.016463
SPG,21,58,iv_atm_z_score,0.045527
SPG,21,58,macro_yield_curve_slope,0.015329
SPG,21,58,macro_hy_spread,0.016894
SPG,21,58,macro_hy_spread_chg_5d,0.005212
SPG,21,58,macro_breakeven_5y,0.012247
SPG,21,58,macro_inflation_fwd_5y5y,0.025979
SPG,21,58,macro_inflation_fwd_chg_21d,0.013366
SPG,21,58,macro_inflation_fwd_abs_chg_21d,0.009078
SPG,21,58,macro_inflation_fwd_chg_63d,0.02395
SPG,21,58,macro_inflation_fwd_zscore,0.014839
SPG,21,58,macro_dollar_ret,0.0
SPG,21,58,beta_spy,0.018999
SPG,21,58,res_vol,0.016797
SPG,21,58,res_vol_vel,0.009394
SPG,21,58,price_regime,0.017304
SPG,21,58,corr_sector_21d,0.008604
SPG,21,58,corr_sector_252d,0.026666
SPG,21,58,sector_wedge,0.008593
SPG,21,59,rv_5d,0.02457
SPG,21,59,rv_10d,0.07191
SPG,21,59,rv_21d,0.075032
SPG,21,59,rv_63d,0.097609
SPG,21,59,rv_126d,0.067633
SPG,21,59,ewma_vol,0.044249
SPG,21,59,garch_cond_vol,0.085863
SPG,21,59,ret_TARGET,0.0
SPG,21,59,tech_RSI,0.017841
SPG,21,59,tech_MACD_hist,0.010352
SPG,21,59,ret_VIXY,0.0
SPG,21,59,mom21_VIXY,0.006907
SPG,21,59,ret_HYG,0.008401
SPG,21,59,mom21_HYG,0.017475
SPG,21,59,ret_USO,0.0
SPG,21,59,mom21_USO,0.011113
SPG,21,59,ret_TLT,0.0
SPG,21,59,mom21_TLT,0.010913
SPG,21,59,ret_UUP,0.0
SPG,21,59,mom21_UUP,0.004264
SPG,21,59,ret_SPY,0.004832
SPG,21,59,mom21_SPY,0.010558
SPG,21,59,vol_vel,0.008765
SPG,21,59,vol_of_vol,0.009877
SPG,21,59,vol_regime_zscore,0.023043
SPG,21,59,vol_chg_21d,0.007831
SPG,21,59,event_fed_gravity,0.02113
SPG,21,59,event_earn_gravity,0.0
SPG,21,59,event_div_gravity,0.0
SPG,21,59,event_cpi_gravity,0.025197
SPG,21,59,event_nfp_gravity,0.043195
SPG,21,59,put_call_skew_30d,0.0
SPG,21,59,term_structure_slope,0.010343
SPG,21,59,vrp_wedge,0.015936
SPG,21,59,iv_atm_z_score,0.045892
SPG,21,59,macro_yield_curve_slope,0.013661
SPG,21,59,macro_hy_spread,0.013665
SPG,21,59,macro_hy_spread_chg_5d,0.005104
SPG,21,59,macro_breakeven_5y,0.009004
SPG,21,59,macro_inflation_fwd_5y5y,0.023872
SPG,21,59,macro_inflation_fwd_chg_21d,0.013802
SPG,21,59,macro_inflation_fwd_abs_chg_21d,0.007775
SPG,21,59,macro_inflation_fwd_chg_63d,0.029348
SPG,21,59,macro_inflation_fwd_zscore,0.009903
SPG,21,59,macro_dollar_ret,0.0
SPG,21,59,beta_spy,0.018017
SPG,21,59,res_vol,0.014557
SPG,21,59,res_vol_vel,0.005767
SPG,21,59,price_regime,0.017459
SPG,21,59,corr_sector_21d,0.006695
SPG,21,59,corr_sector_252d,0.022412
SPG,21,59,sector_wedge,0.008229
SPG,21,60,rv_5d,0.035474
SPG,21,60,rv_10d,0.052911
SPG,21,60,rv_21d,0.086366
SPG,21,60,rv_63d,0.118348
SPG,21,60,rv_126d,0.066735
SPG,21,60,ewma_vol,0.052127
SPG,21,60,garch_cond_vol,0.07011
SPG,21,60,ret_TARGET,0.0
SPG,21,60,tech_RSI,0.008002
SPG,21,60,tech_MACD_hist,0.010914
SPG,21,60,ret_VIXY,0.0
SPG,21,60,mom21_VIXY,0.007133
SPG,21,60,ret_HYG,0.007702
SPG,21,60,mom21_HYG,0.014265
SPG,21,60,ret_USO,0.0
SPG,21,60,mom21_USO,0.010992
SPG,21,60,ret_TLT,0.0
SPG,21,60,mom21_TLT,0.010979
SPG,21,60,ret_UUP,0.0
SPG,21,60,mom21_UUP,0.008467
SPG,21,60,ret_SPY,0.004895
SPG,21,60,mom21_SPY,0.011216
SPG,21,60,vol_vel,0.006508
SPG,21,60,vol_of_vol,0.013177
SPG,21,60,vol_regime_zscore,0.023743
SPG,21,60,vol_chg_21d,0.009686
SPG,21,60,event_fed_gravity,0.019438
SPG,21,60,event_earn_gravity,0.0
SPG,21,60,event_div_gravity,0.0
SPG,21,60,event_cpi_gravity,0.0278
SPG,21,60,event_nfp_gravity,0.035694
SPG,21,60,put_call_skew_30d,0.0
SPG,21,60,term_structure_slope,0.011307
SPG,21,60,vrp_wedge,0.017139
SPG,21,60,iv_atm_z_score,0.042733
SPG,21,60,macro_yield_curve_slope,0.014167
SPG,21,60,macro_hy_spread,0.008872
SPG,21,60,macro_hy_spread_chg_5d,0.005147
SPG,21,60,macro_breakeven_5y,0.009926
SPG,21,60,macro_inflation_fwd_5y5y,0.020015
SPG,21,60,macro_inflation_fwd_chg_21d,0.012028
SPG,21,60,macro_inflation_fwd_abs_chg_21d,0.010719
SPG,21,60,macro_inflation_fwd_chg_63d,0.025477
SPG,21,60,macro_inflation_fwd_zscore,0.010426
SPG,21,60,macro_dollar_ret,0.0
SPG,21,60,beta_spy,0.01861
SPG,21,60,res_vol,0.017664
SPG,21,60,res_vol_vel,0.006661
SPG,21,60,price_regime,0.0177
SPG,21,60,corr_sector_21d,0.007094
SPG,21,60,corr_sector_252d,0.024888
SPG,21,60,sector_wedge,0.006746
SPG,21,61,rv_5d,0.05127
SPG,21,61,rv_10d,0.032732
SPG,21,61,rv_21d,0.090155
SPG,21,61,rv_63d,0.105014
SPG,21,61,rv_126d,0.074876
SPG,21,61,ewma_vol,0.044212
SPG,21,61,garch_cond_vol,0.064221
SPG,21,61,ret_TARGET,0.0
SPG,21,61,tech_RSI,0.011599
SPG,21,61,tech_MACD_hist,0.011904
SPG,21,61,ret_VIXY,0.0
SPG,21,61,mom21_VIXY,0.0075
SPG,21,61,ret_HYG,0.00737
SPG,21,61,mom21_HYG,0.013218
SPG,21,61,ret_USO,0.0
SPG,21,61,mom21_USO,0.011653
SPG,21,61,ret_TLT,0.0
SPG,21,61,mom21_TLT,0.010714
SPG,21,61,ret_UUP,0.0
SPG,21,61,mom21_UUP,0.012314
SPG,21,61,ret_SPY,0.004693
SPG,21,61,mom21_SPY,0.010868
SPG,21,61,vol_vel,0.0
SPG,21,61,vol_of_vol,0.010448
SPG,21,61,vol_regime_zscore,0.023311
SPG,21,61,vol_chg_21d,0.013505
SPG,21,61,event_fed_gravity,0.019253
SPG,21,61,event_earn_gravity,0.0
SPG,21,61,event_div_gravity,0.0
SPG,21,61,event_cpi_gravity,0.034307
SPG,21,61,event_nfp_gravity,0.040532
SPG,21,61,put_call_skew_30d,0.0
SPG,21,61,term_structure_slope,0.017235
SPG,21,61,vrp_wedge,0.015305
SPG,21,61,iv_atm_z_score,0.042588
SPG,21,61,macro_yield_curve_slope,0.011951
SPG,21,61,macro_hy_spread,0.011466
SPG,21,61,macro_hy_spread_chg_5d,0.005307
SPG,21,61,macro_breakeven_5y,0.008953
SPG,21,61,macro_inflation_fwd_5y5y,0.02429
SPG,21,61,macro_inflation_fwd_chg_21d,0.01118
SPG,21,61,macro_inflation_fwd_abs_chg_21d,0.010365
SPG,21,61,macro_inflation_fwd_chg_63d,0.029102
SPG,21,61,macro_inflation_fwd_zscore,0.010572
SPG,21,61,macro_dollar_ret,0.0
SPG,21,61,beta_spy,0.016475
SPG,21,61,res_vol,0.01387
SPG,21,61,res_vol_vel,0.008036
SPG,21,61,price_regime,0.01803
SPG,21,61,corr_sector_21d,0.00681
SPG,21,61,corr_sector_252d,0.025429
SPG,21,61,sector_wedge,0.007367
SPG,21,62,rv_5d,0.037356
SPG,21,62,rv_10d,0.03586
SPG,21,62,rv_21d,0.099681
SPG,21,62,rv_63d,0.061872
SPG,21,62,rv_126d,0.088496
SPG,21,62,ewma_vol,0.044542
SPG,21,62,garch_cond_vol,0.075797
SPG,21,62,ret_TARGET,0.0
SPG,21,62,tech_RSI,0.007589
SPG,21,62,tech_MACD_hist,0.012901
SPG,21,62,ret_VIXY,0.0
SPG,21,62,mom21_VIXY,0.012818
SPG,21,62,ret_HYG,0.0
SPG,21,62,mom21_HYG,0.011743
SPG,21,62,ret_USO,0.0
SPG,21,62,mom21_USO,0.015771
SPG,21,62,ret_TLT,0.0
SPG,21,62,mom21_TLT,0.010089
SPG,21,62,ret_UUP,0.0
SPG,21,62,mom21_UUP,0.007333
SPG,21,62,ret_SPY,0.005372
SPG,21,62,mom21_SPY,0.011162
SPG,21,62,vol_vel,0.010499
SPG,21,62,vol_of_vol,0.012384
SPG,21,62,vol_regime_zscore,0.023507
SPG,21,62,vol_chg_21d,0.012094
SPG,21,62,event_fed_gravity,0.024427
SPG,21,62,event_earn_gravity,0.0
SPG,21,62,event_div_gravity,0.0
SPG,21,62,event_cpi_gravity,0.029913
SPG,21,62,event_nfp_gravity,0.037907
SPG,21,62,put_call_skew_30d,0.0
SPG,21,62,term_structure_slope,0.012614
SPG,21,62,vrp_wedge,0.016998
SPG,21,62,iv_atm_z_score,0.044374
SPG,21,62,macro_yield_curve_slope,0.012758
SPG,21,62,macro_hy_spread,0.006443
SPG,21,62,macro_hy_spread_chg_5d,0.005138
SPG,21,62,macro_breakeven_5y,0.010506
SPG,21,62,macro_inflation_fwd_5y5y,0.034291
SPG,21,62,macro_inflation_fwd_chg_21d,0.008575
SPG,21,62,macro_inflation_fwd_abs_chg_21d,0.008095
SPG,21,62,macro_inflation_fwd_chg_63d,0.024243
SPG,21,62,macro_inflation_fwd_zscore,0.016554
SPG,21,62,macro_dollar_ret,0.0
SPG,21,62,beta_spy,0.020666
SPG,21,62,res_vol,0.022536
SPG,21,62,res_vol_vel,0.00686
SPG,21,62,price_regime,0.018911
SPG,21,62,corr_sector_21d,0.007984
SPG,21,62,corr_sector_252d,0.026805
SPG,21,62,sector_wedge,0.006534
SPG,21,63,rv_5d,0.035201
SPG,21,63,rv_10d,0.048763
SPG,21,63,rv_21d,0.102198
SPG,21,63,rv_63d,0.097198
SPG,21,63,rv_126d,0.069555
SPG,21,63,ewma_vol,0.037713
SPG,21,63,garch_cond_vol,0.064039
SPG,21,63,ret_TARGET,0.0
SPG,21,63,tech_RSI,0.011896
SPG,21,63,tech_MACD_hist,0.011917
SPG,21,63,ret_VIXY,0.0
SPG,21,63,mom21_VIXY,0.011693
SPG,21,63,ret_HYG,0.0
SPG,21,63,mom21_HYG,0.012812
SPG,21,63,ret_USO,0.0
SPG,21,63,mom21_USO,0.015216
SPG,21,63,ret_TLT,0.0
SPG,21,63,mom21_TLT,0.008801
SPG,21,63,ret_UUP,0.0
SPG,21,63,mom21_UUP,0.007409
SPG,21,63,ret_SPY,0.00495
SPG,21,63,mom21_SPY,0.011746
SPG,21,63,vol_vel,0.00652
SPG,21,63,vol_of_vol,0.013127
SPG,21,63,vol_regime_zscore,0.022772
SPG,21,63,vol_chg_21d,0.004637
SPG,21,63,event_fed_gravity,0.021706
SPG,21,63,event_earn_gravity,0.0
SPG,21,63,event_div_gravity,0.0
SPG,21,63,event_cpi_gravity,0.030675
SPG,21,63,event_nfp_gravity,0.046762
SPG,21,63,put_call_skew_30d,0.01231
SPG,21,63,term_structure_slope,0.010091
SPG,21,63,vrp_wedge,0.015056
SPG,21,63,iv_atm_z_score,0.046052
SPG,21,63,macro_yield_curve_slope,0.012345
SPG,21,63,macro_hy_spread,0.0093
SPG,21,63,macro_hy_spread_chg_5d,0.005114
SPG,21,63,macro_breakeven_5y,0.011692
SPG,21,63,macro_inflation_fwd_5y5y,0.028031
SPG,21,63,macro_inflation_fwd_chg_21d,0.00885
SPG,21,63,macro_inflation_fwd_abs_chg_21d,0.008045
SPG,21,63,macro_inflation_fwd_chg_63d,0.022427
SPG,21,63,macro_inflation_fwd_zscore,0.011716
SPG,21,63,macro_dollar_ret,0.0
SPG,21,63,beta_spy,0.018307
SPG,21,63,res_vol,0.018729
SPG,21,63,res_vol_vel,0.005798
SPG,21,63,price_regime,0.016576
SPG,21,63,corr_sector_21d,0.00642
SPG,21,63,corr_sector_252d,0.029023
SPG,21,63,sector_wedge,0.006812
SPG,21,64,rv_5d,0.043024
SPG,21,64,rv_10d,0.02913
SPG,21,64,rv_21d,0.100623
SPG,21,64,rv_63d,0.076822
SPG,21,64,rv_126d,0.081164
SPG,21,64,ewma_vol,0.041543
SPG,21,64,garch_cond_vol,0.075842
SPG,21,64,ret_TARGET,0.0
SPG,21,64,tech_RSI,0.013022
SPG,21,64,tech_MACD_hist,0.012772
SPG,21,64,ret_VIXY,0.0
SPG,21,64,mom21_VIXY,0.010136
SPG,21,64,ret_HYG,0.0
SPG,21,64,mom21_HYG,0.01539
SPG,21,64,ret_USO,0.0
SPG,21,64,mom21_USO,0.017277
SPG,21,64,ret_TLT,0.0
SPG,21,64,mom21_TLT,0.009124
SPG,21,64,ret_UUP,0.0
SPG,21,64,mom21_UUP,0.006907
SPG,21,64,ret_SPY,0.005631
SPG,21,64,mom21_SPY,0.009203
SPG,21,64,vol_vel,0.007507
SPG,21,64,vol_of_vol,0.017307
SPG,21,64,vol_regime_zscore,0.025881
SPG,21,64,vol_chg_21d,0.007878
SPG,21,64,event_fed_gravity,0.024197
SPG,21,64,event_earn_gravity,0.0
SPG,21,64,event_div_gravity,0.0
SPG,21,64,event_cpi_gravity,0.031404
SPG,21,64,event_nfp_gravity,0.036295
SPG,21,64,put_call_skew_30d,0.0
SPG,21,64,term_structure_slope,0.00875
SPG,21,64,vrp_wedge,0.018384
SPG,21,64,iv_atm_z_score,0.046178
SPG,21,64,macro_yield_curve_slope,0.010219
SPG,21,64,macro_hy_spread,0.011023
SPG,21,64,macro_hy_spread_chg_5d,0.005538
SPG,21,64,macro_breakeven_5y,0.012477
SPG,21,64,macro_inflation_fwd_5y5y,0.035
SPG,21,64,macro_inflation_fwd_chg_21d,0.00729
SPG,21,64,macro_inflation_fwd_abs_chg_21d,0.007753
SPG,21,64,macro_inflation_fwd_chg_63d,0.022559
SPG,21,64,macro_inflation_fwd_zscore,0.013524
SPG,21,64,macro_dollar_ret,0.0
SPG,21,64,beta_spy,0.021963
SPG,21,64,res_vol,0.018848
SPG,21,64,res_vol_vel,0.0
SPG,21,64,price_regime,0.019697
SPG,21,64,corr_sector_21d,0.007489
SPG,21,64,corr_sector_252d,0.027038
SPG,21,64,sector_wedge,0.008191
SPG,21,65,rv_5d,0.033604
SPG,21,65,rv_10d,0.046848
SPG,21,65,rv_21d,0.10697
SPG,21,65,rv_63d,0.082786
SPG,21,65,rv_126d,0.068787
SPG,21,65,ewma_vol,0.046167
SPG,21,65,garch_cond_vol,0.076666
SPG,21,65,ret_TARGET,0.0
SPG,21,65,tech_RSI,0.007911
SPG,21,65,tech_MACD_hist,0.011513
SPG,21,65,ret_VIXY,0.0
SPG,21,65,mom21_VIXY,0.010307
SPG,21,65,ret_HYG,0.0
SPG,21,65,mom21_HYG,0.011719
SPG,21,65,ret_USO,0.0
SPG,21,65,mom21_USO,0.01753
SPG,21,65,ret_TLT,0.0
SPG,21,65,mom21_TLT,0.011184
SPG,21,65,ret_UUP,0.0
SPG,21,65,mom21_UUP,0.00723
SPG,21,65,ret_SPY,0.00697
SPG,21,65,mom21_SPY,0.008766
SPG,21,65,vol_vel,0.0
SPG,21,65,vol_of_vol,0.008446
SPG,21,65,vol_regime_zscore,0.019715
SPG,21,65,vol_chg_21d,0.01452
SPG,21,65,event_fed_gravity,0.024736
SPG,21,65,event_earn_gravity,0.0
SPG,21,65,event_div_gravity,0.0
SPG,21,65,event_cpi_gravity,0.026208
SPG,21,65,event_nfp_gravity,0.0409
SPG,21,65,put_call_skew_30d,0.011748
SPG,21,65,term_structure_slope,0.010731
SPG,21,65,vrp_wedge,0.015817
SPG,21,65,iv_atm_z_score,0.047469
SPG,21,65,macro_yield_curve_slope,0.010477
SPG,21,65,macro_hy_spread,0.009004
SPG,21,65,macro_hy_spread_chg_5d,0.005745
SPG,21,65,macro_breakeven_5y,0.01394
SPG,21,65,macro_inflation_fwd_5y5y,0.033205
SPG,21,65,macro_inflation_fwd_chg_21d,0.012442
SPG,21,65,macro_inflation_fwd_abs_chg_21d,0.009176
SPG,21,65,macro_inflation_fwd_chg_63d,0.022852
SPG,21,65,macro_inflation_fwd_zscore,0.012958
SPG,21,65,macro_dollar_ret,0.0
SPG,21,65,beta_spy,0.02005
SPG,21,65,res_vol,0.017113
SPG,21,65,res_vol_vel,0.0
SPG,21,65,price_regime,0.017689
SPG,21,65,corr_sector_21d,0.008222
SPG,21,65,corr_sector_252d,0.02564
SPG,21,65,sector_wedge,0.006238
SPG,21,66,rv_5d,0.039698
SPG,21,66,rv_10d,0.050982
SPG,21,66,rv_21d,0.114968
SPG,21,66,rv_63d,0.071304
SPG,21,66,rv_126d,0.071283
SPG,21,66,ewma_vol,0.044304
SPG,21,66,garch_cond_vol,0.062628
SPG,21,66,ret_TARGET,0.0
SPG,21,66,tech_RSI,0.008937
SPG,21,66,tech_MACD_hist,0.011197
SPG,21,66,ret_VIXY,0.0
SPG,21,66,mom21_VIXY,0.008552
SPG,21,66,ret_HYG,0.0
SPG,21,66,mom21_HYG,0.012359
SPG,21,66,ret_USO,0.0
SPG,21,66,mom21_USO,0.017781
SPG,21,66,ret_TLT,0.0
SPG,21,66,mom21_TLT,0.00986
SPG,21,66,ret_UUP,0.0
SPG,21,66,mom21_UUP,0.008678
SPG,21,66,ret_SPY,0.005111
SPG,21,66,mom21_SPY,0.007179
SPG,21,66,vol_vel,0.00758
SPG,21,66,vol_of_vol,0.010633
SPG,21,66,vol_regime_zscore,0.027213
SPG,21,66,vol_chg_21d,0.014037
SPG,21,66,event_fed_gravity,0.023681
SPG,21,66,event_earn_gravity,0.0
SPG,21,66,event_div_gravity,0.0
SPG,21,66,event_cpi_gravity,0.030105
SPG,21,66,event_nfp_gravity,0.043529
SPG,21,66,put_call_skew_30d,0.010946
SPG,21,66,term_structure_slope,0.010991
SPG,21,66,vrp_wedge,0.016986
SPG,21,66,iv_atm_z_score,0.046172
SPG,21,66,macro_yield_curve_slope,0.007735
SPG,21,66,macro_hy_spread,0.0119
SPG,21,66,macro_hy_spread_chg_5d,0.004732
SPG,21,66,macro_breakeven_5y,0.011346
SPG,21,66,macro_inflation_fwd_5y5y,0.03048
SPG,21,66,macro_inflation_fwd_chg_21d,0.008348
SPG,21,66,macro_inflation_fwd_abs_chg_21d,0.006171
SPG,21,66,macro_inflation_fwd_chg_63d,0.022558
SPG,21,66,macro_inflation_fwd_zscore,0.011299
SPG,21,66,macro_dollar_ret,0.0
SPG,21,66,beta_spy,0.023271
SPG,21,66,res_vol,0.021815
SPG,21,66,res_vol_vel,0.0
SPG,21,66,price_regime,0.015951
SPG,21,66,corr_sector_21d,0.006895
SPG,21,66,corr_sector_252d,0.025006
SPG,21,66,sector_wedge,0.005799
SPG,21,67,rv_5d,0.045754
SPG,21,67,rv_10d,0.048907
SPG,21,67,rv_21d,0.120196
SPG,21,67,rv_63d,0.094744
SPG,21,67,rv_126d,0.078902
SPG,21,67,ewma_vol,0.039619
SPG,21,67,garch_cond_vol,0.057461
SPG,21,67,ret_TARGET,0.0
SPG,21,67,tech_RSI,0.00901
SPG,21,67,tech_MACD_hist,0.01244
SPG,21,67,ret_VIXY,0.0
SPG,21,67,mom21_VIXY,0.010793
SPG,21,67,ret_HYG,0.0
SPG,21,67,mom21_HYG,0.012001
SPG,21,67,ret_USO,0.0
SPG,21,67,mom21_USO,0.016722
SPG,21,67,ret_TLT,0.0
SPG,21,67,mom21_TLT,0.009804
SPG,21,67,ret_UUP,0.0
SPG,21,67,mom21_UUP,0.005898
SPG,21,67,ret_SPY,0.005803
SPG,21,67,mom21_SPY,0.008378
SPG,21,67,vol_vel,0.006644
SPG,21,67,vol_of_vol,0.008558
SPG,21,67,vol_regime_zscore,0.02336
SPG,21,67,vol_chg_21d,0.006546
SPG,21,67,event_fed_gravity,0.021476
SPG,21,67,event_earn_gravity,0.0
SPG,21,67,event_div_gravity,0.0
SPG,21,67,event_cpi_gravity,0.029336
SPG,21,67,event_nfp_gravity,0.039702
SPG,21,67,put_call_skew_30d,0.0
SPG,21,67,term_structure_slope,0.010778
SPG,21,67,vrp_wedge,0.014193
SPG,21,67,iv_atm_z_score,0.047185
SPG,21,67,macro_yield_curve_slope,0.009025
SPG,21,67,macro_hy_spread,0.009826
SPG,21,67,macro_hy_spread_chg_5d,0.004813
SPG,21,67,macro_breakeven_5y,0.012599
SPG,21,67,macro_inflation_fwd_5y5y,0.027955
SPG,21,67,macro_inflation_fwd_chg_21d,0.010415
SPG,21,67,macro_inflation_fwd_abs_chg_21d,0.009014
SPG,21,67,macro_inflation_fwd_chg_63d,0.023146
SPG,21,67,macro_inflation_fwd_zscore,0.012826
SPG,21,67,macro_dollar_ret,0.0
SPG,21,67,beta_spy,0.022889
SPG,21,67,res_vol,0.018195
SPG,21,67,res_vol_vel,0.0
SPG,21,67,price_regime,0.015815
SPG,21,67,corr_sector_21d,0.007633
SPG,21,67,corr_sector_252d,0.024987
SPG,21,67,sector_wedge,0.006655
SPG,21,68,rv_5d,0.036328
SPG,21,68,rv_10d,0.030767
SPG,21,68,rv_21d,0.105511
SPG,21,68,rv_63d,0.109824
SPG,21,68,rv_126d,0.079543
SPG,21,68,ewma_vol,0.045734
SPG,21,68,garch_cond_vol,0.054042
SPG,21,68,ret_TARGET,0.0
SPG,21,68,tech_RSI,0.009045
SPG,21,68,tech_MACD_hist,0.013933
SPG,21,68,ret_VIXY,0.0
SPG,21,68,mom21_VIXY,0.0081
SPG,21,68,ret_HYG,0.0
SPG,21,68,mom21_HYG,0.013018
SPG,21,68,ret_USO,0.0
SPG,21,68,mom21_USO,0.016815
SPG,21,68,ret_TLT,0.0
SPG,21,68,mom21_TLT,0.009499
SPG,21,68,ret_UUP,0.0
SPG,21,68,mom21_UUP,0.007919
SPG,21,68,ret_SPY,0.005318
SPG,21,68,mom21_SPY,0.010349
SPG,21,68,vol_vel,0.0
SPG,21,68,vol_of_vol,0.008131
SPG,21,68,vol_regime_zscore,0.026261
SPG,21,68,vol_chg_21d,0.005232
SPG,21,68,event_fed_gravity,0.019802
SPG,21,68,event_earn_gravity,0.0
SPG,21,68,event_div_gravity,0.0
SPG,21,68,event_cpi_gravity,0.024962
SPG,21,68,event_nfp_gravity,0.037257
SPG,21,68,put_call_skew_30d,0.033908
SPG,21,68,term_structure_slope,0.012533
SPG,21,68,vrp_wedge,0.01653
SPG,21,68,iv_atm_z_score,0.045482
SPG,21,68,macro_yield_curve_slope,0.012404
SPG,21,68,macro_hy_spread,0.008581
SPG,21,68,macro_hy_spread_chg_5d,0.004538
SPG,21,68,macro_breakeven_5y,0.010359
SPG,21,68,macro_inflation_fwd_5y5y,0.031838
SPG,21,68,macro_inflation_fwd_chg_21d,0.012091
SPG,21,68,macro_inflation_fwd_abs_chg_21d,0.008378
SPG,21,68,macro_inflation_fwd_chg_63d,0.021103
SPG,21,68,macro_inflation_fwd_zscore,0.01449
SPG,21,68,macro_dollar_ret,0.0
SPG,21,68,beta_spy,0.018615
SPG,21,68,res_vol,0.019188
SPG,21,68,res_vol_vel,0.0
SPG,21,68,price_regime,0.014522
SPG,21,68,corr_sector_21d,0.008707
SPG,21,68,corr_sector_252d,0.02291
SPG,21,68,sector_wedge,0.006432
SPG,21,69,rv_5d,0.034021
SPG,21,69,rv_10d,0.039161
SPG,21,69,rv_21d,0.096618
SPG,21,69,rv_63d,0.092594
SPG,21,69,rv_126d,0.07863
SPG,21,69,ewma_vol,0.054796
SPG,21,69,garch_cond_vol,0.050161
SPG,21,69,ret_TARGET,0.0
SPG,21,69,tech_RSI,0.006978
SPG,21,69,tech_MACD_hist,0.015378
SPG,21,69,ret_VIXY,0.0
SPG,21,69,mom21_VIXY,0.008789
SPG,21,69,ret_HYG,0.0
SPG,21,69,mom21_HYG,0.01322
SPG,21,69,ret_USO,0.0
SPG,21,69,mom21_USO,0.016267
SPG,21,69,ret_TLT,0.0
SPG,21,69,mom21_TLT,0.012829
SPG,21,69,ret_UUP,0.0
SPG,21,69,mom21_UUP,0.01006
SPG,21,69,ret_SPY,0.005728
SPG,21,69,mom21_SPY,0.00922
SPG,21,69,vol_vel,0.005514
SPG,21,69,vol_of_vol,0.010695
SPG,21,69,vol_regime_zscore,0.022974
SPG,21,69,vol_chg_21d,0.00539
SPG,21,69,event_fed_gravity,0.022083
SPG,21,69,event_earn_gravity,0.0
SPG,21,69,event_div_gravity,0.0
SPG,21,69,event_cpi_gravity,0.028909
SPG,21,69,event_nfp_gravity,0.04831
SPG,21,69,put_call_skew_30d,0.0
SPG,21,69,term_structure_slope,0.017
SPG,21,69,vrp_wedge,0.0172
SPG,21,69,iv_atm_z_score,0.050372
SPG,21,69,macro_yield_curve_slope,0.010811
SPG,21,69,macro_hy_spread,0.009969
SPG,21,69,macro_hy_spread_chg_5d,0.005969
SPG,21,69,macro_breakeven_5y,0.009094
SPG,21,69,macro_inflation_fwd_5y5y,0.033252
SPG,21,69,macro_inflation_fwd_chg_21d,0.009661
SPG,21,69,macro_inflation_fwd_abs_chg_21d,0.009428
SPG,21,69,macro_inflation_fwd_chg_63d,0.023807
SPG,21,69,macro_inflation_fwd_zscore,0.011604
SPG,21,69,macro_dollar_ret,0.0
SPG,21,69,beta_spy,0.020014
SPG,21,69,res_vol,0.016676
SPG,21,69,res_vol_vel,0.0
SPG,21,69,price_regime,0.014036
SPG,21,69,corr_sector_21d,0.007858
SPG,21,69,corr_sector_252d,0.037663
SPG,21,69,sector_wedge,0.007263
SPG,21,70,rv_5d,0.03381
SPG,21,70,rv_10d,0.029434
SPG,21,70,rv_21d,0.082786
SPG,21,70,rv_63d,0.103973
SPG,21,70,rv_126d,0.07702
SPG,21,70,ewma_vol,0.061111
SPG,21,70,garch_cond_vol,0.04812
SPG,21,70,ret_TARGET,0.0
SPG,21,70,tech_RSI,0.007011
SPG,21,70,tech_MACD_hist,0.014572
SPG,21,70,ret_VIXY,0.0
SPG,21,70,mom21_VIXY,0.007576
SPG,21,70,ret_HYG,0.0
SPG,21,70,mom21_HYG,0.014644
SPG,21,70,ret_USO,0.0
SPG,21,70,mom21_USO,0.016016
SPG,21,70,ret_TLT,0.0
SPG,21,70,mom21_TLT,0.009429
SPG,21,70,ret_UUP,0.0
SPG,21,70,mom21_UUP,0.007634
SPG,21,70,ret_SPY,0.005333
SPG,21,70,mom21_SPY,0.012705
SPG,21,70,vol_vel,0.006837
SPG,21,70,vol_of_vol,0.010848
SPG,21,70,vol_regime_zscore,0.017507
SPG,21,70,vol_chg_21d,0.007627
SPG,21,70,event_fed_gravity,0.020294
SPG,21,70,event_earn_gravity,0.0
SPG,21,70,event_div_gravity,0.0
SPG,21,70,event_cpi_gravity,0.030185
SPG,21,70,event_nfp_gravity,0.042602
SPG,21,70,put_call_skew_30d,0.036235
SPG,21,70,term_structure_slope,0.014102
SPG,21,70,vrp_wedge,0.017723
SPG,21,70,iv_atm_z_score,0.044877
SPG,21,70,macro_yield_curve_slope,0.009654
SPG,21,70,macro_hy_spread,0.009227
SPG,21,70,macro_hy_spread_chg_5d,0.0
SPG,21,70,macro_breakeven_5y,0.009015
SPG,21,70,macro_inflation_fwd_5y5y,0.030695
SPG,21,70,macro_inflation_fwd_chg_21d,0.019264
SPG,21,70,macro_inflation_fwd_abs_chg_21d,0.008246
SPG,21,70,macro_inflation_fwd_chg_63d,0.020239
SPG,21,70,macro_inflation_fwd_zscore,0.019583
SPG,21,70,macro_dollar_ret,0.0
SPG,21,70,beta_spy,0.018532
SPG,21,70,res_vol,0.016295
SPG,21,70,res_vol_vel,0.006931
SPG,21,70,price_regime,0.015306
SPG,21,70,corr_sector_21d,0.007367
SPG,21,70,corr_sector_252d,0.024205
SPG,21,70,sector_wedge,0.00543
SPG,21,71,rv_5d,0.040695
SPG,21,71,rv_10d,0.033947
SPG,21,71,rv_21d,0.100396
SPG,21,71,rv_63d,0.09872
SPG,21,71,rv_126d,0.076742
SPG,21,71,ewma_vol,0.04175
SPG,21,71,garch_cond_vol,0.057696
SPG,21,71,ret_TARGET,0.0
SPG,21,71,tech_RSI,0.009268
SPG,21,71,tech_MACD_hist,0.013244
SPG,21,71,ret_VIXY,0.0
SPG,21,71,mom21_VIXY,0.007421
SPG,21,71,ret_HYG,0.0
SPG,21,71,mom21_HYG,0.015483
SPG,21,71,ret_USO,0.0
SPG,21,71,mom21_USO,0.01527
SPG,21,71,ret_TLT,0.0
SPG,21,71,mom21_TLT,0.011663
SPG,21,71,ret_UUP,0.0
SPG,21,71,mom21_UUP,0.008044
SPG,21,71,ret_SPY,0.005421
SPG,21,71,mom21_SPY,0.010158
SPG,21,71,vol_vel,0.005461
SPG,21,71,vol_of_vol,0.010082
SPG,21,71,vol_regime_zscore,0.028609
SPG,21,71,vol_chg_21d,0.006641
SPG,21,71,event_fed_gravity,0.02191
SPG,21,71,event_earn_gravity,0.0
SPG,21,71,event_div_gravity,0.0
SPG,21,71,event_cpi_gravity,0.022581
SPG,21,71,event_nfp_gravity,0.027224
SPG,21,71,put_call_skew_30d,0.035911
SPG,21,71,term_structure_slope,0.01779
SPG,21,71,vrp_wedge,0.015753
SPG,21,71,iv_atm_z_score,0.045728
SPG,21,71,macro_yield_curve_slope,0.010859
SPG,21,71,macro_hy_spread,0.012526
SPG,21,71,macro_hy_spread_chg_5d,0.00526
SPG,21,71,macro_breakeven_5y,0.011665
SPG,21,71,macro_inflation_fwd_5y5y,0.027422
SPG,21,71,macro_inflation_fwd_chg_21d,0.007726
SPG,21,71,macro_inflation_fwd_abs_chg_21d,0.006496
SPG,21,71,macro_inflation_fwd_chg_63d,0.020512
SPG,21,71,macro_inflation_fwd_zscore,0.019696
SPG,21,71,macro_dollar_ret,0.0
SPG,21,71,beta_spy,0.01663
SPG,21,71,res_vol,0.016163
SPG,21,71,res_vol_vel,0.007109
SPG,21,71,price_regime,0.013621
SPG,21,71,corr_sector_21d,0.008224
SPG,21,71,corr_sector_252d,0.026356
SPG,21,71,sector_wedge,0.006123
SPG,21,72,rv_5d,0.034248
SPG,21,72,rv_10d,0.024548
SPG,21,72,rv_21d,0.084361
SPG,21,72,rv_63d,0.122338
SPG,21,72,rv_126d,0.082442
SPG,21,72,ewma_vol,0.068158
SPG,21,72,garch_cond_vol,0.058426
SPG,21,72,ret_TARGET,0.0
SPG,21,72,tech_RSI,0.00931
SPG,21,72,tech_MACD_hist,0.013005
SPG,21,72,ret_VIXY,0.0
SPG,21,72,mom21_VIXY,0.008156
SPG,21,72,ret_HYG,0.0
SPG,21,72,mom21_HYG,0.010769
SPG,21,72,ret_USO,0.0
SPG,21,72,mom21_USO,0.015345
SPG,21,72,ret_TLT,0.0
SPG,21,72,mom21_TLT,0.008756
SPG,21,72,ret_UUP,0.0
SPG,21,72,mom21_UUP,0.008508
SPG,21,72,ret_SPY,0.005353
SPG,21,72,mom21_SPY,0.010193
SPG,21,72,vol_vel,0.005722
SPG,21,72,vol_of_vol,0.010582
SPG,21,72,vol_regime_zscore,0.026913
SPG,21,72,vol_chg_21d,0.0059
SPG,21,72,event_fed_gravity,0.020582
SPG,21,72,event_earn_gravity,0.0
SPG,21,72,event_div_gravity,0.0
SPG,21,72,event_cpi_gravity,0.027898
SPG,21,72,event_nfp_gravity,0.041544
SPG,21,72,put_call_skew_30d,0.0
SPG,21,72,term_structure_slope,0.014137
SPG,21,72,vrp_wedge,0.016744
SPG,21,72,iv_atm_z_score,0.051122
SPG,21,72,macro_yield_curve_slope,0.011235
SPG,21,72,macro_hy_spread,0.009612
SPG,21,72,macro_hy_spread_chg_5d,0.005669
SPG,21,72,macro_breakeven_5y,0.011398
SPG,21,72,macro_inflation_fwd_5y5y,0.028942
SPG,21,72,macro_inflation_fwd_chg_21d,0.009492
SPG,21,72,macro_inflation_fwd_abs_chg_21d,0.007873
SPG,21,72,macro_inflation_fwd_chg_63d,0.023569
SPG,21,72,macro_inflation_fwd_zscore,0.018923
SPG,21,72,macro_dollar_ret,0.0
SPG,21,72,beta_spy,0.019045
SPG,21,72,res_vol,0.014943
SPG,21,72,res_vol_vel,0.0
SPG,21,72,price_regime,0.016223
SPG,21,72,corr_sector_21d,0.00697
SPG,21,72,corr_sector_252d,0.025681
SPG,21,72,sector_wedge,0.005368
SPG,21,73,rv_5d,0.026473
SPG,21,73,rv_10d,0.013373
SPG,21,73,rv_21d,0.080787
SPG,21,73,rv_63d,0.106747
SPG,21,73,rv_126d,0.075161
SPG,21,73,ewma_vol,0.04931
SPG,21,73,garch_cond_vol,0.070799
SPG,21,73,ret_TARGET,0.0
SPG,21,73,tech_RSI,0.008563
SPG,21,73,tech_MACD_hist,0.015381
SPG,21,73,ret_VIXY,0.0
SPG,21,73,mom21_VIXY,0.010847
SPG,21,73,ret_HYG,0.0
SPG,21,73,mom21_HYG,0.014696
SPG,21,73,ret_USO,0.0
SPG,21,73,mom21_USO,0.016837
SPG,21,73,ret_TLT,0.0
SPG,21,73,mom21_TLT,0.013396
SPG,21,73,ret_UUP,0.0
SPG,21,73,mom21_UUP,0.007676
SPG,21,73,ret_SPY,0.006033
SPG,21,73,mom21_SPY,0.00829
SPG,21,73,vol_vel,0.0
SPG,21,73,vol_of_vol,0.014875
SPG,21,73,vol_regime_zscore,0.023496
SPG,21,73,vol_chg_21d,0.009861
SPG,21,73,event_fed_gravity,0.021672
SPG,21,73,event_earn_gravity,0.0
SPG,21,73,event_div_gravity,0.0
SPG,21,73,event_cpi_gravity,0.026212
SPG,21,73,event_nfp_gravity,0.035718
SPG,21,73,put_call_skew_30d,0.038652
SPG,21,73,term_structure_slope,0.016307
SPG,21,73,vrp_wedge,0.014805
SPG,21,73,iv_atm_z_score,0.050704
SPG,21,73,macro_yield_curve_slope,0.00949
SPG,21,73,macro_hy_spread,0.008825
SPG,21,73,macro_hy_spread_chg_5d,0.005375
SPG,21,73,macro_breakeven_5y,0.012436
SPG,21,73,macro_inflation_fwd_5y5y,0.026107
SPG,21,73,macro_inflation_fwd_chg_21d,0.011044
SPG,21,73,macro_inflation_fwd_abs_chg_21d,0.008458
SPG,21,73,macro_inflation_fwd_chg_63d,0.025114
SPG,21,73,macro_inflation_fwd_zscore,0.018785
SPG,21,73,macro_dollar_ret,0.0
SPG,21,73,beta_spy,0.01521
SPG,21,73,res_vol,0.016772
SPG,21,73,res_vol_vel,0.007282
SPG,21,73,price_regime,0.015393
SPG,21,73,corr_sector_21d,0.008443
SPG,21,73,corr_sector_252d,0.028664
SPG,21,73,sector_wedge,0.005929
SPG,21,74,rv_5d,0.030085
SPG,21,74,rv_10d,0.026353
SPG,21,74,rv_21d,0.08198
SPG,21,74,rv_63d,0.12695
SPG,21,74,rv_126d,0.076934
SPG,21,74,ewma_vol,0.045065
SPG,21,74,garch_cond_vol,0.043748
SPG,21,74,ret_TARGET,0.0
SPG,21,74,tech_RSI,0.005885
SPG,21,74,tech_MACD_hist,0.014014
SPG,21,74,ret_VIXY,0.0
SPG,21,74,mom21_VIXY,0.009023
SPG,21,74,ret_HYG,0.0
SPG,21,74,mom21_HYG,0.015721
SPG,21,74,ret_USO,0.0
SPG,21,74,mom21_USO,0.01784
SPG,21,74,ret_TLT,0.0
SPG,21,74,mom21_TLT,0.008324
SPG,21,74,ret_UUP,0.0
SPG,21,74,mom21_UUP,0.009325
SPG,21,74,ret_SPY,0.006002
SPG,21,74,mom21_SPY,0.011432
SPG,21,74,vol_vel,0.005955
SPG,21,74,vol_of_vol,0.018281
SPG,21,74,vol_regime_zscore,0.024836
SPG,21,74,vol_chg_21d,0.007775
SPG,21,74,event_fed_gravity,0.021201
SPG,21,74,event_earn_gravity,0.0
SPG,21,74,event_div_gravity,0.0
SPG,21,74,event_cpi_gravity,0.031637
SPG,21,74,event_nfp_gravity,0.038025
SPG,21,74,put_call_skew_30d,0.0
SPG,21,74,term_structure_slope,0.025686
SPG,21,74,vrp_wedge,0.015159
SPG,21,74,iv_atm_z_score,0.052369
SPG,21,74,macro_yield_curve_slope,0.011768
SPG,21,74,macro_hy_spread,0.010266
SPG,21,74,macro_hy_spread_chg_5d,0.006486
SPG,21,74,macro_breakeven_5y,0.009796
SPG,21,74,macro_inflation_fwd_5y5y,0.028972
SPG,21,74,macro_inflation_fwd_chg_21d,0.008508
SPG,21,74,macro_inflation_fwd_abs_chg_21d,0.009643
SPG,21,74,macro_inflation_fwd_chg_63d,0.022616
SPG,21,74,macro_inflation_fwd_zscore,0.019416
SPG,21,74,macro_dollar_ret,0.0
SPG,21,74,beta_spy,0.018565
SPG,21,74,res_vol,0.016134
SPG,21,74,res_vol_vel,0.0
SPG,21,74,price_regime,0.017589
SPG,21,74,corr_sector_21d,0.008765
SPG,21,74,corr_sector_252d,0.035464
SPG,21,74,sector_wedge,0.006404
SPG,21,75,rv_5d,0.025886
SPG,21,75,rv_10d,0.027606
SPG,21,75,rv_21d,0.094662
SPG,21,75,rv_63d,0.082202
SPG,21,75,rv_126d,0.071902
SPG,21,75,ewma_vol,0.044388
SPG,21,75,garch_cond_vol,0.072351
SPG,21,75,ret_TARGET,0.0
SPG,21,75,tech_RSI,0.005835
SPG,21,75,tech_MACD_hist,0.014277
SPG,21,75,ret_VIXY,0.0
SPG,21,75,mom21_VIXY,0.011424
SPG,21,75,ret_HYG,0.0
SPG,21,75,mom21_HYG,0.012179
SPG,21,75,ret_USO,0.0
SPG,21,75,mom21_USO,0.017631
SPG,21,75,ret_TLT,0.0
SPG,21,75,mom21_TLT,0.01202
SPG,21,75,ret_UUP,0.0
SPG,21,75,mom21_UUP,0.008832
SPG,21,75,ret_SPY,0.005514
SPG,21,75,mom21_SPY,0.010477
SPG,21,75,vol_vel,0.012626
SPG,21,75,vol_of_vol,0.009229
SPG,21,75,vol_regime_zscore,0.023752
SPG,21,75,vol_chg_21d,0.007733
SPG,21,75,event_fed_gravity,0.019896
SPG,21,75,event_earn_gravity,0.0
SPG,21,75,event_div_gravity,0.0
SPG,21,75,event_cpi_gravity,0.022034
SPG,21,75,event_nfp_gravity,0.033086
SPG,21,75,put_call_skew_30d,0.025005
SPG,21,75,term_structure_slope,0.024823
SPG,21,75,vrp_wedge,0.020244
SPG,21,75,iv_atm_z_score,0.051033
SPG,21,75,macro_yield_curve_slope,0.010509
SPG,21,75,macro_hy_spread,0.01421
SPG,21,75,macro_hy_spread_chg_5d,0.006079
SPG,21,75,macro_breakeven_5y,0.012904
SPG,21,75,macro_inflation_fwd_5y5y,0.029018
SPG,21,75,macro_inflation_fwd_chg_21d,0.012224
SPG,21,75,macro_inflation_fwd_abs_chg_21d,0.00806
SPG,21,75,macro_inflation_fwd_chg_63d,0.026077
SPG,21,75,macro_inflation_fwd_zscore,0.021289
SPG,21,75,macro_dollar_ret,0.0
SPG,21,75,beta_spy,0.016468
SPG,21,75,res_vol,0.017766
SPG,21,75,res_vol_vel,0.0
SPG,21,75,price_regime,0.013915
SPG,21,75,corr_sector_21d,0.009452
SPG,21,75,corr_sector_252d,0.028378
SPG,21,75,sector_wedge,0.007005
SPG,21,76,rv_5d,0.02279
SPG,21,76,rv_10d,0.02244
SPG,21,76,rv_21d,0.091296
SPG,21,76,rv_63d,0.14796
SPG,21,76,rv_126d,0.069657
SPG,21,76,ewma_vol,0.03651
SPG,21,76,garch_cond_vol,0.05771
SPG,21,76,ret_TARGET,0.0
SPG,21,76,tech_RSI,0.008737
SPG,21,76,tech_MACD_hist,0.012789
SPG,21,76,ret_VIXY,0.0
SPG,21,76,mom21_VIXY,0.009475
SPG,21,76,ret_HYG,0.0
SPG,21,76,mom21_HYG,0.012867
SPG,21,76,ret_USO,0.0
SPG,21,76,mom21_USO,0.017052
SPG,21,76,ret_TLT,0.0
SPG,21,76,mom21_TLT,0.00841
SPG,21,76,ret_UUP,0.0
SPG,21,76,mom21_UUP,0.010199
SPG,21,76,ret_SPY,0.006007
SPG,21,76,mom21_SPY,0.010331
SPG,21,76,vol_vel,0.005724
SPG,21,76,vol_of_vol,0.014188
SPG,21,76,vol_regime_zscore,0.019843
SPG,21,76,vol_chg_21d,0.009184
SPG,21,76,event_fed_gravity,0.020827
SPG,21,76,event_earn_gravity,0.0
SPG,21,76,event_div_gravity,0.0
SPG,21,76,event_cpi_gravity,0.022336
SPG,21,76,event_nfp_gravity,0.033467
SPG,21,76,put_call_skew_30d,0.011405
SPG,21,76,term_structure_slope,0.027951
SPG,21,76,vrp_wedge,0.01788
SPG,21,76,iv_atm_z_score,0.055524
SPG,21,76,macro_yield_curve_slope,0.012218
SPG,21,76,macro_hy_spread,0.00914
SPG,21,76,macro_hy_spread_chg_5d,0.006019
SPG,21,76,macro_breakeven_5y,0.00957
SPG,21,76,macro_inflation_fwd_5y5y,0.030619
SPG,21,76,macro_inflation_fwd_chg_21d,0.01041
SPG,21,76,macro_inflation_fwd_abs_chg_21d,0.008238
SPG,21,76,macro_inflation_fwd_chg_63d,0.022028
SPG,21,76,macro_inflation_fwd_zscore,0.018736
SPG,21,76,macro_dollar_ret,0.0
SPG,21,76,beta_spy,0.018338
SPG,21,76,res_vol,0.017389
SPG,21,76,res_vol_vel,0.0
SPG,21,76,price_regime,0.014034
SPG,21,76,corr_sector_21d,0.008616
SPG,21,76,corr_sector_252d,0.02532
SPG,21,76,sector_wedge,0.00677
SPG,21,77,rv_5d,0.04791
SPG,21,77,rv_10d,0.065581
SPG,21,77,rv_21d,0.058483
SPG,21,77,rv_63d,0.0721
SPG,21,77,rv_126d,0.087727
SPG,21,77,ewma_vol,0.045697
SPG,21,77,garch_cond_vol,0.059243
SPG,21,77,ret_TARGET,0.0
SPG,21,77,tech_RSI,0.007684
SPG,21,77,tech_MACD_hist,0.012686
SPG,21,77,ret_VIXY,0.0
SPG,21,77,mom21_VIXY,0.013791
SPG,21,77,ret_HYG,0.0
SPG,21,77,mom21_HYG,0.011997
SPG,21,77,ret_USO,0.0
SPG,21,77,mom21_USO,0.017791
SPG,21,77,ret_TLT,0.0
SPG,21,77,mom21_TLT,0.011435
SPG,21,77,ret_UUP,0.0
SPG,21,77,mom21_UUP,0.013081
SPG,21,77,ret_SPY,0.005801
SPG,21,77,mom21_SPY,0.010625
SPG,21,77,vol_vel,0.005512
SPG,21,77,vol_of_vol,0.014482
SPG,21,77,vol_regime_zscore,0.022869
SPG,21,77,vol_chg_21d,0.008567
SPG,21,77,event_fed_gravity,0.020091
SPG,21,77,event_earn_gravity,0.0
SPG,21,77,event_div_gravity,0.0
SPG,21,77,event_cpi_gravity,0.025086
SPG,21,77,event_nfp_gravity,0.042672
SPG,21,77,put_call_skew_30d,0.0
SPG,21,77,term_structure_slope,0.021075
SPG,21,77,vrp_wedge,0.019541
SPG,21,77,iv_atm_z_score,0.052644
SPG,21,77,macro_yield_curve_slope,0.018622
SPG,21,77,macro_hy_spread,0.017775
SPG,21,77,macro_hy_spread_chg_5d,0.0
SPG,21,77,macro_breakeven_5y,0.010757
SPG,21,77,macro_inflation_fwd_5y5y,0.023727
SPG,21,77,macro_inflation_fwd_chg_21d,0.009374
SPG,21,77,macro_inflation_fwd_abs_chg_21d,0.007814
SPG,21,77,macro_inflation_fwd_chg_63d,0.021022
SPG,21,77,macro_inflation_fwd_zscore,0.01745
SPG,21,77,macro_dollar_ret,0.0
SPG,21,77,beta_spy,0.015182
SPG,21,77,res_vol,0.019519
SPG,21,77,res_vol_vel,0.0
SPG,21,77,price_regime,0.017202
SPG,21,77,corr_sector_21d,0.008225
SPG,21,77,corr_sector_252d,0.030459
SPG,21,77,sector_wedge,0.008702
SPG,21,78,rv_5d,0.062281
SPG,21,78,rv_10d,0.063
SPG,21,78,rv_21d,0.080472
SPG,21,78,rv_63d,0.029197
SPG,21,78,rv_126d,0.032969
SPG,21,78,ewma_vol,0.045544
SPG,21,78,garch_cond_vol,0.039517
SPG,21,78,ret_TARGET,0.0
SPG,21,78,tech_RSI,0.081977
SPG,21,78,tech_MACD_hist,0.006434
SPG,21,78,ret_VIXY,0.0
SPG,21,78,mom21_VIXY,0.006455
SPG,21,78,ret_HYG,0.0
SPG,21,78,mom21_HYG,0.009314
SPG,21,78,ret_USO,0.0
SPG,21,78,mom21_USO,0.00802
SPG,21,78,ret_TLT,0.0
SPG,21,78,mom21_TLT,0.019466
SPG,21,78,ret_UUP,0.0
SPG,21,78,mom21_UUP,0.006352
SPG,21,78,ret_SPY,0.004284
SPG,21,78,mom21_SPY,0.006212
SPG,21,78,vol_vel,0.003678
SPG,21,78,vol_of_vol,0.054184
SPG,21,78,vol_regime_zscore,0.021476
SPG,21,78,vol_chg_21d,0.114713
SPG,21,78,event_fed_gravity,0.011213
SPG,21,78,event_earn_gravity,0.0
SPG,21,78,event_div_gravity,0.0
SPG,21,78,event_cpi_gravity,0.01196
SPG,21,78,event_nfp_gravity,0.022454
SPG,21,78,put_call_skew_30d,0.002387
SPG,21,78,term_structure_slope,0.020865
SPG,21,78,vrp_wedge,0.010234
SPG,21,78,iv_atm_z_score,0.035914
SPG,21,78,macro_yield_curve_slope,0.033984
SPG,21,78,macro_hy_spread,0.004587
SPG,21,78,macro_hy_spread_chg_5d,0.0
SPG,21,78,macro_breakeven_5y,0.006974
SPG,21,78,macro_inflation_fwd_5y5y,0.024017
SPG,21,78,macro_inflation_fwd_chg_21d,0.003713
SPG,21,78,macro_inflation_fwd_abs_chg_21d,0.004292
SPG,21,78,macro_inflation_fwd_chg_63d,0.008813
SPG,21,78,macro_inflation_fwd_zscore,0.011523
SPG,21,78,macro_dollar_ret,0.0
SPG,21,78,beta_spy,0.012381
SPG,21,78,res_vol,0.018743
SPG,21,78,res_vol_vel,0.003802
SPG,21,78,price_regime,0.036049
SPG,21,78,corr_sector_21d,0.004286
SPG,21,78,corr_sector_252d,0.012382
SPG,21,78,sector_wedge,0.00388
SPG,21,79,rv_5d,0.059841
SPG,21,79,rv_10d,0.032332
SPG,21,79,rv_21d,0.104236
SPG,21,79,rv_63d,0.035049
SPG,21,79,rv_126d,0.028972
SPG,21,79,ewma_vol,0.019119
SPG,21,79,garch_cond_vol,0.048913
SPG,21,79,ret_TARGET,0.0
SPG,21,79,tech_RSI,0.011567
SPG,21,79,tech_MACD_hist,0.004359
SPG,21,79,ret_VIXY,0.0
SPG,21,79,mom21_VIXY,0.005214
SPG,21,79,ret_HYG,0.0
SPG,21,79,mom21_HYG,0.003266
SPG,21,79,ret_USO,0.0
SPG,21,79,mom21_USO,0.008362
SPG,21,79,ret_TLT,0.0
SPG,21,79,mom21_TLT,0.007167
SPG,21,79,ret_UUP,0.0
SPG,21,79,mom21_UUP,0.003829
SPG,21,79,ret_SPY,0.004881
SPG,21,79,mom21_SPY,0.006317
SPG,21,79,vol_vel,0.011127
SPG,21,79,vol_of_vol,0.066338
SPG,21,79,vol_regime_zscore,0.039295
SPG,21,79,vol_chg_21d,0.196315
SPG,21,79,event_fed_gravity,0.011125
SPG,21,79,event_earn_gravity,0.0
SPG,21,79,event_div_gravity,0.0
SPG,21,79,event_cpi_gravity,0.011447
SPG,21,79,event_nfp_gravity,0.023315
SPG,21,79,put_call_skew_30d,0.002226
SPG,21,79,term_structure_slope,0.018941
SPG,21,79,vrp_wedge,0.007857
SPG,21,79,iv_atm_z_score,0.028543
SPG,21,79,macro_yield_curve_slope,0.037223
SPG,21,79,macro_hy_spread,0.003533
SPG,21,79,macro_hy_spread_chg_5d,0.010577
SPG,21,79,macro_breakeven_5y,0.003575
SPG,21,79,macro_inflation_fwd_5y5y,0.025376
SPG,21,79,macro_inflation_fwd_chg_21d,0.002892
SPG,21,79,macro_inflation_fwd_abs_chg_21d,0.004689
SPG,21,79,macro_inflation_fwd_chg_63d,0.011069
SPG,21,79,macro_inflation_fwd_zscore,0.020634
SPG,21,79,macro_dollar_ret,0.0
SPG,21,79,beta_spy,0.007654
SPG,21,79,res_vol,0.013771
SPG,21,79,res_vol_vel,0.003098
SPG,21,79,price_regime,0.038377
SPG,21,79,corr_sector_21d,0.004407
SPG,21,79,corr_sector_252d,0.009224
SPG,21,79,sector_wedge,0.003948
SPG,21,80,rv_5d,0.162804
SPG,21,80,rv_10d,0.036015
SPG,21,80,rv_21d,0.177428
SPG,21,80,rv_63d,0.025244
SPG,21,80,rv_126d,0.027828
SPG,21,80,ewma_vol,0.042597
SPG,21,80,garch_cond_vol,0.055677
SPG,21,80,ret_TARGET,0.0
SPG,21,80,tech_RSI,0.004756
SPG,21,80,tech_MACD_hist,0.005073
SPG,21,80,ret_VIXY,0.0
SPG,21,80,mom21_VIXY,0.005633
SPG,21,80,ret_HYG,0.0
SPG,21,80,mom21_HYG,0.002741
SPG,21,80,ret_USO,0.0
SPG,21,80,mom21_USO,0.007352
SPG,21,80,ret_TLT,0.0
SPG,21,80,mom21_TLT,0.003909
SPG,21,80,ret_UUP,0.0
SPG,21,80,mom21_UUP,0.004166
SPG,21,80,ret_SPY,0.004002
SPG,21,80,mom21_SPY,0.006246
SPG,21,80,vol_vel,0.007228
SPG,21,80,vol_of_vol,0.057626
SPG,21,80,vol_regime_zscore,0.032226
SPG,21,80,vol_chg_21d,0.038752
SPG,21,80,event_fed_gravity,0.009439
SPG,21,80,event_earn_gravity,0.0
SPG,21,80,event_div_gravity,0.0
SPG,21,80,event_cpi_gravity,0.011706
SPG,21,80,event_nfp_gravity,0.029949
SPG,21,80,put_call_skew_30d,0.006076
SPG,21,80,term_structure_slope,0.013736
SPG,21,80,vrp_wedge,0.008044
SPG,21,80,iv_atm_z_score,0.024535
SPG,21,80,macro_yield_curve_slope,0.021712
SPG,21,80,macro_hy_spread,0.003739
SPG,21,80,macro_hy_spread_chg_5d,0.002048
SPG,21,80,macro_breakeven_5y,0.003556
SPG,21,80,macro_inflation_fwd_5y5y,0.019671
SPG,21,80,macro_inflation_fwd_chg_21d,0.004253
SPG,21,80,macro_inflation_fwd_abs_chg_21d,0.003142
SPG,21,80,macro_inflation_fwd_chg_63d,0.008677
SPG,21,80,macro_inflation_fwd_zscore,0.01413
SPG,21,80,macro_dollar_ret,0.0
SPG,21,80,beta_spy,0.00465
SPG,21,80,res_vol,0.007952
SPG,21,80,res_vol_vel,0.00339
SPG,21,80,price_regime,0.071746
SPG,21,80,corr_sector_21d,0.003476
SPG,21,80,corr_sector_252d,0.010218
SPG,21,80,sector_wedge,0.006849
SPG,21,81,rv_5d,0.171829
SPG,21,81,rv_10d,0.085692
SPG,21,81,rv_21d,0.133584
SPG,21,81,rv_63d,0.020318
SPG,21,81,rv_126d,0.027891
SPG,21,81,ewma_vol,0.064161
SPG,21,81,garch_cond_vol,0.044209
SPG,21,81,ret_TARGET,0.0
SPG,21,81,tech_RSI,0.00376
SPG,21,81,tech_MACD_hist,0.005523
SPG,21,81,ret_VIXY,0.0
SPG,21,81,mom21_VIXY,0.005159
SPG,21,81,ret_HYG,0.0
SPG,21,81,mom21_HYG,0.003476
SPG,21,81,ret_USO,0.0
SPG,21,81,mom21_USO,0.007018
SPG,21,81,ret_TLT,0.0
SPG,21,81,mom21_TLT,0.002988
SPG,21,81,ret_UUP,0.0
SPG,21,81,mom21_UUP,0.003868
SPG,21,81,ret_SPY,0.003577
SPG,21,81,mom21_SPY,0.005721
SPG,21,81,vol_vel,0.003044
SPG,21,81,vol_of_vol,0.065448
SPG,21,81,vol_regime_zscore,0.023721
SPG,21,81,vol_chg_21d,0.034672
SPG,21,81,event_fed_gravity,0.009405
SPG,21,81,event_earn_gravity,0.0
SPG,21,81,event_div_gravity,0.0
SPG,21,81,event_cpi_gravity,0.01112
SPG,21,81,event_nfp_gravity,0.022671
SPG,21,81,put_call_skew_30d,0.002853
SPG,21,81,term_structure_slope,0.009265
SPG,21,81,vrp_wedge,0.006941
SPG,21,81,iv_atm_z_score,0.025811
SPG,21,81,macro_yield_curve_slope,0.026459
SPG,21,81,macro_hy_spread,0.004094
SPG,21,81,macro_hy_spread_chg_5d,0.001751
SPG,21,81,macro_breakeven_5y,0.00515
SPG,21,81,macro_inflation_fwd_5y5y,0.017462
SPG,21,81,macro_inflation_fwd_chg_21d,0.003166
SPG,21,81,macro_inflation_fwd_abs_chg_21d,0.003115
SPG,21,81,macro_inflation_fwd_chg_63d,0.009766
SPG,21,81,macro_inflation_fwd_zscore,0.010457
SPG,21,81,macro_dollar_ret,0.0
SPG,21,81,beta_spy,0.005692
SPG,21,81,res_vol,0.007602
SPG,21,81,res_vol_vel,0.00364
SPG,21,81,price_regime,0.081903
SPG,21,81,corr_sector_21d,0.003141
SPG,21,81,corr_sector_252d,0.009426
SPG,21,81,sector_wedge,0.003452
SPG,21,82,rv_5d,0.153859
SPG,21,82,rv_10d,0.064844
SPG,21,82,rv_21d,0.191207
SPG,21,82,rv_63d,0.020396
SPG,21,82,rv_126d,0.029046
SPG,21,82,ewma_vol,0.070346
SPG,21,82,garch_cond_vol,0.039168
SPG,21,82,ret_TARGET,0.0
SPG,21,82,tech_RSI,0.002942
SPG,21,82,tech_MACD_hist,0.004534
SPG,21,82,ret_VIXY,0.0
SPG,21,82,mom21_VIXY,0.00318
SPG,21,82,ret_HYG,0.0
SPG,21,82,mom21_HYG,0.003063
SPG,21,82,ret_USO,0.0
SPG,21,82,mom21_USO,0.00631
SPG,21,82,ret_TLT,0.0
SPG,21,82,mom21_TLT,0.004584
SPG,21,82,ret_UUP,0.0
SPG,21,82,mom21_UUP,0.004248
SPG,21,82,ret_SPY,0.003649
SPG,21,82,mom21_SPY,0.005857
SPG,21,82,vol_vel,0.003938
SPG,21,82,vol_of_vol,0.090185
SPG,21,82,vol_regime_zscore,0.026171
SPG,21,82,vol_chg_21d,0.026067
SPG,21,82,event_fed_gravity,0.005202
SPG,21,82,event_earn_gravity,0.0
SPG,21,82,event_div_gravity,0.0
SPG,21,82,event_cpi_gravity,0.010522
SPG,21,82,event_nfp_gravity,0.02087
SPG,21,82,put_call_skew_30d,0.004202
SPG,21,82,term_structure_slope,0.008911
SPG,21,82,vrp_wedge,0.006426
SPG,21,82,iv_atm_z_score,0.02151
SPG,21,82,macro_yield_curve_slope,0.021416
SPG,21,82,macro_hy_spread,0.002939
SPG,21,82,macro_hy_spread_chg_5d,0.0
SPG,21,82,macro_breakeven_5y,0.004557
SPG,21,82,macro_inflation_fwd_5y5y,0.022615
SPG,21,82,macro_inflation_fwd_chg_21d,0.005206
SPG,21,82,macro_inflation_fwd_abs_chg_21d,0.002669
SPG,21,82,macro_inflation_fwd_chg_63d,0.010744
SPG,21,82,macro_inflation_fwd_zscore,0.022482
SPG,21,82,macro_dollar_ret,0.0
SPG,21,82,beta_spy,0.005992
SPG,21,82,res_vol,0.007401
SPG,21,82,res_vol_vel,0.003086
SPG,21,82,price_regime,0.044044
SPG,21,82,corr_sector_21d,0.004055
SPG,21,82,corr_sector_252d,0.009323
SPG,21,82,sector_wedge,0.002231
SPG,21,83,rv_5d,0.040739
SPG,21,83,rv_10d,0.093479
SPG,21,83,rv_21d,0.284346
SPG,21,83,rv_63d,0.021645
SPG,21,83,rv_126d,0.021967
SPG,21,83,ewma_vol,0.092178
SPG,21,83,garch_cond_vol,0.040096
SPG,21,83,ret_TARGET,0.0
SPG,21,83,tech_RSI,0.003101
SPG,21,83,tech_MACD_hist,0.004051
SPG,21,83,ret_VIXY,0.0
SPG,21,83,mom21_VIXY,0.002857
SPG,21,83,ret_HYG,0.0
SPG,21,83,mom21_HYG,0.002478
SPG,21,83,ret_USO,0.0
SPG,21,83,mom21_USO,0.005239
SPG,21,83,ret_TLT,0.0
SPG,21,83,mom21_TLT,0.002903
SPG,21,83,ret_UUP,0.0
SPG,21,83,mom21_UUP,0.003635
SPG,21,83,ret_SPY,0.0031
SPG,21,83,mom21_SPY,0.005915
SPG,21,83,vol_vel,0.003868
SPG,21,83,vol_of_vol,0.079525
SPG,21,83,vol_regime_zscore,0.030963
SPG,21,83,vol_chg_21d,0.026033
SPG,21,83,event_fed_gravity,0.004736
SPG,21,83,event_earn_gravity,0.0
SPG,21,83,event_div_gravity,0.0
SPG,21,83,event_cpi_gravity,0.007479
SPG,21,83,event_nfp_gravity,0.010738
SPG,21,83,put_call_skew_30d,0.004279
SPG,21,83,term_structure_slope,0.007771
SPG,21,83,vrp_wedge,0.006475
SPG,21,83,iv_atm_z_score,0.021765
SPG,21,83,macro_yield_curve_slope,0.019281
SPG,21,83,macro_hy_spread,0.004166
SPG,21,83,macro_hy_spread_chg_5d,0.00214
SPG,21,83,macro_breakeven_5y,0.004735
SPG,21,83,macro_inflation_fwd_5y5y,0.018589
SPG,21,83,macro_inflation_fwd_chg_21d,0.007171
SPG,21,83,macro_inflation_fwd_abs_chg_21d,0.002417
SPG,21,83,macro_inflation_fwd_chg_63d,0.009723
SPG,21,83,macro_inflation_fwd_zscore,0.02765
SPG,21,83,macro_dollar_ret,0.0
SPG,21,83,beta_spy,0.006192
SPG,21,83,res_vol,0.007713
SPG,21,83,res_vol_vel,0.002294
SPG,21,83,price_regime,0.042673
SPG,21,83,corr_sector_21d,0.004291
SPG,21,83,corr_sector_252d,0.007141
SPG,21,83,sector_wedge,0.002464
SPG,21,84,rv_5d,0.041726
SPG,21,84,rv_10d,0.020899
SPG,21,84,rv_21d,0.262586
SPG,21,84,rv_63d,0.017459
SPG,21,84,rv_126d,0.027355
SPG,21,84,ewma_vol,0.110564
SPG,21,84,garch_cond_vol,0.108013
SPG,21,84,ret_TARGET,0.0
SPG,21,84,tech_RSI,0.00381
SPG,21,84,tech_MACD_hist,0.00442
SPG,21,84,ret_VIXY,0.0
SPG,21,84,mom21_VIXY,0.002476
SPG,21,84,ret_HYG,0.0
SPG,21,84,mom21_HYG,0.004123
SPG,21,84,ret_USO,0.0
SPG,21,84,mom21_USO,0.005022
SPG,21,84,ret_TLT,0.0
SPG,21,84,mom21_TLT,0.003158
SPG,21,84,ret_UUP,0.0
SPG,21,84,mom21_UUP,0.002877
SPG,21,84,ret_SPY,0.003433
SPG,21,84,mom21_SPY,0.004116
SPG,21,84,vol_vel,0.00286
SPG,21,84,vol_of_vol,0.053306
SPG,21,84,vol_regime_zscore,0.044227
SPG,21,84,vol_chg_21d,0.026091
SPG,21,84,event_fed_gravity,0.004973
SPG,21,84,event_earn_gravity,0.0
SPG,21,84,event_div_gravity,0.0
SPG,21,84,event_cpi_gravity,0.008529
SPG,21,84,event_nfp_gravity,0.009737
SPG,21,84,put_call_skew_30d,0.018891
SPG,21,84,term_structure_slope,0.008626
SPG,21,84,vrp_wedge,0.008482
SPG,21,84,iv_atm_z_score,0.020896
SPG,21,84,macro_yield_curve_slope,0.016572
SPG,21,84,macro_hy_spread,0.002554
SPG,21,84,macro_hy_spread_chg_5d,0.0
SPG,21,84,macro_breakeven_5y,0.004898
SPG,21,84,macro_inflation_fwd_5y5y,0.019564
SPG,21,84,macro_inflation_fwd_chg_21d,0.009219
SPG,21,84,macro_inflation_fwd_abs_chg_21d,0.002809
SPG,21,84,macro_inflation_fwd_chg_63d,0.0122
SPG,21,84,macro_inflation_fwd_zscore,0.024416
SPG,21,84,macro_dollar_ret,0.0
SPG,21,84,beta_spy,0.006014
SPG,21,84,res_vol,0.0067
SPG,21,84,res_vol_vel,0.003603
SPG,21,84,price_regime,0.047481
SPG,21,84,corr_sector_21d,0.003798
SPG,21,84,corr_sector_252d,0.009485
SPG,21,84,sector_wedge,0.00203
SPG,21,85,rv_5d,0.056214
SPG,21,85,rv_10d,0.026731
SPG,21,85,rv_21d,0.27883
SPG,21,85,rv_63d,0.018627
SPG,21,85,rv_126d,0.022639
SPG,21,85,ewma_vol,0.097763
SPG,21,85,garch_cond_vol,0.119931
SPG,21,85,ret_TARGET,0.0
SPG,21,85,tech_RSI,0.002212
SPG,21,85,tech_MACD_hist,0.004184
SPG,21,85,ret_VIXY,0.002713
SPG,21,85,mom21_VIXY,0.003057
SPG,21,85,ret_HYG,0.0
SPG,21,85,mom21_HYG,0.0036
SPG,21,85,ret_USO,0.0
SPG,21,85,mom21_USO,0.005058
SPG,21,85,ret_TLT,0.0
SPG,21,85,mom21_TLT,0.002244
SPG,21,85,ret_UUP,0.0
SPG,21,85,mom21_UUP,0.003484
SPG,21,85,ret_SPY,0.002435
SPG,21,85,mom21_SPY,0.006811
SPG,21,85,vol_vel,0.004475
SPG,21,85,vol_of_vol,0.028201
SPG,21,85,vol_regime_zscore,0.043573
SPG,21,85,vol_chg_21d,0.022112
SPG,21,85,event_fed_gravity,0.005791
SPG,21,85,event_earn_gravity,0.0
SPG,21,85,event_div_gravity,0.0
SPG,21,85,event_cpi_gravity,0.008385
SPG,21,85,event_nfp_gravity,0.011605
SPG,21,85,put_call_skew_30d,0.007562
SPG,21,85,term_structure_slope,0.006962
SPG,21,85,vrp_wedge,0.008122
SPG,21,85,iv_atm_z_score,0.019487
SPG,21,85,macro_yield_curve_slope,0.012076
SPG,21,85,macro_hy_spread,0.002501
SPG,21,85,macro_hy_spread_chg_5d,0.0
SPG,21,85,macro_breakeven_5y,0.005687
SPG,21,85,macro_inflation_fwd_5y5y,0.020626
SPG,21,85,macro_inflation_fwd_chg_21d,0.006826
SPG,21,85,macro_inflation_fwd_abs_chg_21d,0.001859
SPG,21,85,macro_inflation_fwd_chg_63d,0.010713
SPG,21,85,macro_inflation_fwd_zscore,0.036667
SPG,21,85,macro_dollar_ret,0.0
SPG,21,85,beta_spy,0.005001
SPG,21,85,res_vol,0.006498
SPG,21,85,res_vol_vel,0.006224
SPG,21,85,price_regime,0.050098
SPG,21,85,corr_sector_21d,0.003655
SPG,21,85,corr_sector_252d,0.006714
SPG,21,85,sector_wedge,0.002046
SPG,21,86,rv_5d,0.021957
SPG,21,86,rv_10d,0.029314
SPG,21,86,rv_21d,0.286173
SPG,21,86,rv_63d,0.017936
SPG,21,86,rv_126d,0.027048
SPG,21,86,ewma_vol,0.058964
SPG,21,86,garch_cond_vol,0.140556
SPG,21,86,ret_TARGET,0.0
SPG,21,86,tech_RSI,0.00272
SPG,21,86,tech_MACD_hist,0.004575
SPG,21,86,ret_VIXY,0.001494
SPG,21,86,mom21_VIXY,0.003687
SPG,21,86,ret_HYG,0.0
SPG,21,86,mom21_HYG,0.002617
SPG,21,86,ret_USO,0.0
SPG,21,86,mom21_USO,0.005163
SPG,21,86,ret_TLT,0.0
SPG,21,86,mom21_TLT,0.003981
SPG,21,86,ret_UUP,0.0
SPG,21,86,mom21_UUP,0.003777
SPG,21,86,ret_SPY,0.002787
SPG,21,86,mom21_SPY,0.004884
SPG,21,86,vol_vel,0.009104
SPG,21,86,vol_of_vol,0.02222
SPG,21,86,vol_regime_zscore,0.044623
SPG,21,86,vol_chg_21d,0.032469
SPG,21,86,event_fed_gravity,0.006663
SPG,21,86,event_earn_gravity,0.0
SPG,21,86,event_div_gravity,0.0
SPG,21,86,event_cpi_gravity,0.007409
SPG,21,86,event_nfp_gravity,0.012663
SPG,21,86,put_call_skew_30d,0.007612
SPG,21,86,term_structure_slope,0.008276
SPG,21,86,vrp_wedge,0.007029
SPG,21,86,iv_atm_z_score,0.026545
SPG,21,86,macro_yield_curve_slope,0.015453
SPG,21,86,macro_hy_spread,0.003091
SPG,21,86,macro_hy_spread_chg_5d,0.0
SPG,21,86,macro_breakeven_5y,0.005719
SPG,21,86,macro_inflation_fwd_5y5y,0.018814
SPG,21,86,macro_inflation_fwd_chg_21d,0.009369
SPG,21,86,macro_inflation_fwd_abs_chg_21d,0.002389
SPG,21,86,macro_inflation_fwd_chg_63d,0.004487
SPG,21,86,macro_inflation_fwd_zscore,0.032026
SPG,21,86,macro_dollar_ret,0.0
SPG,21,86,beta_spy,0.005676
SPG,21,86,res_vol,0.00736
SPG,21,86,res_vol_vel,0.003304
SPG,21,86,price_regime,0.07499
SPG,21,86,corr_sector_21d,0.002984
SPG,21,86,corr_sector_252d,0.009234
SPG,21,86,sector_wedge,0.002859
SPG,21,87,rv_5d,0.027654
SPG,21,87,rv_10d,0.030396
SPG,21,87,rv_21d,0.26452
SPG,21,87,rv_63d,0.017006
SPG,21,87,rv_126d,0.023384
SPG,21,87,ewma_vol,0.099194
SPG,21,87,garch_cond_vol,0.144632
SPG,21,87,ret_TARGET,0.0
SPG,21,87,tech_RSI,0.002761
SPG,21,87,tech_MACD_hist,0.005074
SPG,21,87,ret_VIXY,0.0
SPG,21,87,mom21_VIXY,0.003772
SPG,21,87,ret_HYG,0.0
SPG,21,87,mom21_HYG,0.003863
SPG,21,87,ret_USO,0.0
SPG,21,87,mom21_USO,0.006016
SPG,21,87,ret_TLT,0.003446
SPG,21,87,mom21_TLT,0.00296
SPG,21,87,ret_UUP,0.0
SPG,21,87,mom21_UUP,0.003425
SPG,21,87,ret_SPY,0.001621
SPG,21,87,mom21_SPY,0.005326
SPG,21,87,vol_vel,0.004154
SPG,21,87,vol_of_vol,0.022994
SPG,21,87,vol_regime_zscore,0.043448
SPG,21,87,vol_chg_21d,0.029439
SPG,21,87,event_fed_gravity,0.00546
SPG,21,87,event_earn_gravity,0.0
SPG,21,87,event_div_gravity,0.0
SPG,21,87,event_cpi_gravity,0.008596
SPG,21,87,event_nfp_gravity,0.012947
SPG,21,87,put_call_skew_30d,0.005954
SPG,21,87,term_structure_slope,0.009445
SPG,21,87,vrp_wedge,0.008331
SPG,21,87,iv_atm_z_score,0.026151
SPG,21,87,macro_yield_curve_slope,0.014658
SPG,21,87,macro_hy_spread,0.003428
SPG,21,87,macro_hy_spread_chg_5d,0.0
SPG,21,87,macro_breakeven_5y,0.01156
SPG,21,87,macro_inflation_fwd_5y5y,0.013982
SPG,21,87,macro_inflation_fwd_chg_21d,0.003251
SPG,21,87,macro_inflation_fwd_abs_chg_21d,0.002266
SPG,21,87,macro_inflation_fwd_chg_63d,0.007408
SPG,21,87,macro_inflation_fwd_zscore,0.044565
SPG,21,87,macro_dollar_ret,0.0
SPG,21,87,beta_spy,0.004316
SPG,21,87,res_vol,0.007568
SPG,21,87,res_vol_vel,0.00307
SPG,21,87,price_regime,0.047533
SPG,21,87,corr_sector_21d,0.002992
SPG,21,87,corr_sector_252d,0.009103
SPG,21,87,sector_wedge,0.002329
SPG,21,88,rv_5d,0.022424
SPG,21,88,rv_10d,0.028141
SPG,21,88,rv_21d,0.310178
SPG,21,88,rv_63d,0.014323
SPG,21,88,rv_126d,0.021749
SPG,21,88,ewma_vol,0.107022
SPG,21,88,garch_cond_vol,0.142069
SPG,21,88,ret_TARGET,0.0
SPG,21,88,tech_RSI,0.002802
SPG,21,88,tech_MACD_hist,0.00497
SPG,21,88,ret_VIXY,0.0
SPG,21,88,mom21_VIXY,0.00499
SPG,21,88,ret_HYG,0.0
SPG,21,88,mom21_HYG,0.003896
SPG,21,88,ret_USO,0.0
SPG,21,88,mom21_USO,0.005024
SPG,21,88,ret_TLT,0.0
SPG,21,88,mom21_TLT,0.002781
SPG,21,88,ret_UUP,0.0
SPG,21,88,mom21_UUP,0.003139
SPG,21,88,ret_SPY,0.00177
SPG,21,88,mom21_SPY,0.004786
SPG,21,88,vol_vel,0.003788
SPG,21,88,vol_of_vol,0.017565
SPG,21,88,vol_regime_zscore,0.045932
SPG,21,88,vol_chg_21d,0.026805
SPG,21,88,event_fed_gravity,0.004452
SPG,21,88,event_earn_gravity,0.0
SPG,21,88,event_div_gravity,0.0
SPG,21,88,event_cpi_gravity,0.008049
SPG,21,88,event_nfp_gravity,0.010641
SPG,21,88,put_call_skew_30d,0.002276
SPG,21,88,term_structure_slope,0.008976
SPG,21,88,vrp_wedge,0.007278
SPG,21,88,iv_atm_z_score,0.022499
SPG,21,88,macro_yield_curve_slope,0.011829
SPG,21,88,macro_hy_spread,0.002519
SPG,21,88,macro_hy_spread_chg_5d,0.0
SPG,21,88,macro_breakeven_5y,0.007156
SPG,21,88,macro_inflation_fwd_5y5y,0.016744
SPG,21,88,macro_inflation_fwd_chg_21d,0.003271
SPG,21,88,macro_inflation_fwd_abs_chg_21d,0.00512
SPG,21,88,macro_inflation_fwd_chg_63d,0.006945
SPG,21,88,macro_inflation_fwd_zscore,0.031372
SPG,21,88,macro_dollar_ret,0.0
SPG,21,88,beta_spy,0.004512
SPG,21,88,res_vol,0.006968
SPG,21,88,res_vol_vel,0.00293
SPG,21,88,price_regime,0.048557
SPG,21,88,corr_sector_21d,0.003015
SPG,21,88,corr_sector_252d,0.008981
SPG,21,88,sector_wedge,0.001761
SPG,21,89,rv_5d,0.019619
SPG,21,89,rv_10d,0.026372
SPG,21,89,rv_21d,0.315397
SPG,21,89,rv_63d,0.016682
SPG,21,89,rv_126d,0.020219
SPG,21,89,ewma_vol,0.106626
SPG,21,89,garch_cond_vol,0.143257
SPG,21,89,ret_TARGET,0.0
SPG,21,89,tech_RSI,0.00261
SPG,21,89,tech_MACD_hist,0.00336
SPG,21,89,ret_VIXY,0.0
SPG,21,89,mom21_VIXY,0.004175
SPG,21,89,ret_HYG,0.0
SPG,21,89,mom21_HYG,0.002765
SPG,21,89,ret_USO,0.0
SPG,21,89,mom21_USO,0.004892
SPG,21,89,ret_TLT,0.0
SPG,21,89,mom21_TLT,0.002925
SPG,21,89,ret_UUP,0.0
SPG,21,89,mom21_UUP,0.005887
SPG,21,89,ret_SPY,0.001761
SPG,21,89,mom21_SPY,0.003813
SPG,21,89,vol_vel,0.002938
SPG,21,89,vol_of_vol,0.014676
SPG,21,89,vol_regime_zscore,0.039711
SPG,21,89,vol_chg_21d,0.029451
SPG,21,89,event_fed_gravity,0.003966
SPG,21,89,event_earn_gravity,0.0
SPG,21,89,event_div_gravity,0.0
SPG,21,89,event_cpi_gravity,0.007454
SPG,21,89,event_nfp_gravity,0.011123
SPG,21,89,put_call_skew_30d,0.008963
SPG,21,89,term_structure_slope,0.007318
SPG,21,89,vrp_wedge,0.006819
SPG,21,89,iv_atm_z_score,0.023422
SPG,21,89,macro_yield_curve_slope,0.011083
SPG,21,89,macro_hy_spread,0.002648
SPG,21,89,macro_hy_spread_chg_5d,0.0
SPG,21,89,macro_breakeven_5y,0.003749
SPG,21,89,macro_inflation_fwd_5y5y,0.017691
SPG,21,89,macro_inflation_fwd_chg_21d,0.002623
SPG,21,89,macro_inflation_fwd_abs_chg_21d,0.001726
SPG,21,89,macro_inflation_fwd_chg_63d,0.006383
SPG,21,89,macro_inflation_fwd_zscore,0.036542
SPG,21,89,macro_dollar_ret,0.0
SPG,21,89,beta_spy,0.005078
SPG,21,89,res_vol,0.006032
SPG,21,89,res_vol_vel,0.00535
SPG,21,89,price_regime,0.051613
SPG,21,89,corr_sector_21d,0.002257
SPG,21,89,corr_sector_252d,0.009225
SPG,21,89,sector_wedge,0.0018
SPG,21,90,rv_5d,0.027348
SPG,21,90,rv_10d,0.03582
SPG,21,90,rv_21d,0.289195
SPG,21,90,rv_63d,0.01382
SPG,21,90,rv_126d,0.021157
SPG,21,90,ewma_vol,0.162747
SPG,21,90,garch_cond_vol,0.143421
SPG,21,90,ret_TARGET,0.0
SPG,21,90,tech_RSI,0.001757
SPG,21,90,tech_MACD_hist,0.005997
SPG,21,90,ret_VIXY,0.0
SPG,21,90,mom21_VIXY,0.003018
SPG,21,90,ret_HYG,0.0
SPG,21,90,mom21_HYG,0.004333
SPG,21,90,ret_USO,0.0
SPG,21,90,mom21_USO,0.004214
SPG,21,90,ret_TLT,0.0
SPG,21,90,mom21_TLT,0.002881
SPG,21,90,ret_UUP,0.0
SPG,21,90,mom21_UUP,0.002465
SPG,21,90,ret_SPY,0.001738
SPG,21,90,mom21_SPY,0.004268
SPG,21,90,vol_vel,0.012306
SPG,21,90,vol_of_vol,0.013241
SPG,21,90,vol_regime_zscore,0.042914
SPG,21,90,vol_chg_21d,0.020528
SPG,21,90,event_fed_gravity,0.004689
SPG,21,90,event_earn_gravity,0.0
SPG,21,90,event_div_gravity,0.0
SPG,21,90,event_cpi_gravity,0.007596
SPG,21,90,event_nfp_gravity,0.012419
SPG,21,90,put_call_skew_30d,0.002055
SPG,21,90,term_structure_slope,0.006664
SPG,21,90,vrp_wedge,0.006646
SPG,21,90,iv_atm_z_score,0.018043
SPG,21,90,macro_yield_curve_slope,0.011217
SPG,21,90,macro_hy_spread,0.002392
SPG,21,90,macro_hy_spread_chg_5d,0.002757
SPG,21,90,macro_breakeven_5y,0.01079
SPG,21,90,macro_inflation_fwd_5y5y,0.017754
SPG,21,90,macro_inflation_fwd_chg_21d,0.002645
SPG,21,90,macro_inflation_fwd_abs_chg_21d,0.001593
SPG,21,90,macro_inflation_fwd_chg_63d,0.007177
SPG,21,90,macro_inflation_fwd_zscore,0.025813
SPG,21,90,macro_dollar_ret,0.0
SPG,21,90,beta_spy,0.003652
SPG,21,90,res_vol,0.006307
SPG,21,90,res_vol_vel,0.003622
SPG,21,90,price_regime,0.019921
SPG,21,90,corr_sector_21d,0.002654
SPG,21,90,corr_sector_252d,0.007216
SPG,21,90,sector_wedge,0.003209
SPG,21,91,rv_5d,0.027221
SPG,21,91,rv_10d,0.029736
SPG,21,91,rv_21d,0.292402
SPG,21,91,rv_63d,0.014857
SPG,21,91,rv_126d,0.021285
SPG,21,91,ewma_vol,0.161695
SPG,21,91,garch_cond_vol,0.125469
SPG,21,91,ret_TARGET,0.0
SPG,21,91,tech_RSI,0.002396
SPG,21,91,tech_MACD_hist,0.003025
SPG,21,91,ret_VIXY,0.0
SPG,21,91,mom21_VIXY,0.005649
SPG,21,91,ret_HYG,0.0
SPG,21,91,mom21_HYG,0.003476
SPG,21,91,ret_USO,0.0
SPG,21,91,mom21_USO,0.004721
SPG,21,91,ret_TLT,0.0
SPG,21,91,mom21_TLT,0.003084
SPG,21,91,ret_UUP,0.0
SPG,21,91,mom21_UUP,0.003615
SPG,21,91,ret_SPY,0.002317
SPG,21,91,mom21_SPY,0.005702
SPG,21,91,vol_vel,0.003099
SPG,21,91,vol_of_vol,0.013748
SPG,21,91,vol_regime_zscore,0.048736
SPG,21,91,vol_chg_21d,0.025376
SPG,21,91,event_fed_gravity,0.005622
SPG,21,91,event_earn_gravity,0.0
SPG,21,91,event_div_gravity,0.0
SPG,21,91,event_cpi_gravity,0.009693
SPG,21,91,event_nfp_gravity,0.008659
SPG,21,91,put_call_skew_30d,0.004883
SPG,21,91,term_structure_slope,0.007373
SPG,21,91,vrp_wedge,0.006598
SPG,21,91,iv_atm_z_score,0.018465
SPG,21,91,macro_yield_curve_slope,0.012549
SPG,21,91,macro_hy_spread,0.002704
SPG,21,91,macro_hy_spread_chg_5d,0.0
SPG,21,91,macro_breakeven_5y,0.007314
SPG,21,91,macro_inflation_fwd_5y5y,0.016457
SPG,21,91,macro_inflation_fwd_chg_21d,0.003588
SPG,21,91,macro_inflation_fwd_abs_chg_21d,0.003989
SPG,21,91,macro_inflation_fwd_chg_63d,0.006473
SPG,21,91,macro_inflation_fwd_zscore,0.035463
SPG,21,91,macro_dollar_ret,0.0
SPG,21,91,beta_spy,0.004922
SPG,21,91,res_vol,0.008038
SPG,21,91,res_vol_vel,0.003935
SPG,21,91,price_regime,0.02204
SPG,21,91,corr_sector_21d,0.002723
SPG,21,91,corr_sector_252d,0.008094
SPG,21,91,sector_wedge,0.002806
SPG,21,92,rv_5d,0.019665
SPG,21,92,rv_10d,0.035703
SPG,21,92,rv_21d,0.256725
SPG,21,92,rv_63d,0.019218
SPG,21,92,rv_126d,0.02219
SPG,21,92,ewma_vol,0.151872
SPG,21,92,garch_cond_vol,0.153471
SPG,21,92,ret_TARGET,0.0
SPG,21,92,tech_RSI,0.002759
SPG,21,92,tech_MACD_hist,0.004141
SPG,21,92,ret_VIXY,0.0
SPG,21,92,mom21_VIXY,0.005831
SPG,21,92,ret_HYG,0.0
SPG,21,92,mom21_HYG,0.003266
SPG,21,92,ret_USO,0.0
SPG,21,92,mom21_USO,0.004728
SPG,21,92,ret_TLT,0.0
SPG,21,92,mom21_TLT,0.002352
SPG,21,92,ret_UUP,0.0
SPG,21,92,mom21_UUP,0.004268
SPG,21,92,ret_SPY,0.001843
SPG,21,92,mom21_SPY,0.00396
SPG,21,92,vol_vel,0.001725
SPG,21,92,vol_of_vol,0.01067
SPG,21,92,vol_regime_zscore,0.047144
SPG,21,92,vol_chg_21d,0.024104
SPG,21,92,event_fed_gravity,0.004973
SPG,21,92,event_earn_gravity,0.0
SPG,21,92,event_div_gravity,0.0
SPG,21,92,event_cpi_gravity,0.008565
SPG,21,92,event_nfp_gravity,0.013134
SPG,21,92,put_call_skew_30d,0.004926
SPG,21,92,term_structure_slope,0.008922
SPG,21,92,vrp_wedge,0.006756
SPG,21,92,iv_atm_z_score,0.022201
SPG,21,92,macro_yield_curve_slope,0.01237
SPG,21,92,macro_hy_spread,0.002366
SPG,21,92,macro_hy_spread_chg_5d,0.0
SPG,21,92,macro_breakeven_5y,0.00902
SPG,21,92,macro_inflation_fwd_5y5y,0.016155
SPG,21,92,macro_inflation_fwd_chg_21d,0.00297
SPG,21,92,macro_inflation_fwd_abs_chg_21d,0.0
SPG,21,92,macro_inflation_fwd_chg_63d,0.006727
SPG,21,92,macro_inflation_fwd_zscore,0.044152
SPG,21,92,macro_dollar_ret,0.0
SPG,21,92,beta_spy,0.004404
SPG,21,92,res_vol,0.008855
SPG,21,92,res_vol_vel,0.010379
SPG,21,92,price_regime,0.022203
SPG,21,92,corr_sector_21d,0.002578
SPG,21,92,corr_sector_252d,0.009742
SPG,21,92,sector_wedge,0.002968
SPG,21,93,rv_5d,0.026296
SPG,21,93,rv_10d,0.031973
SPG,21,93,rv_21d,0.269159
SPG,21,93,rv_63d,0.01537
SPG,21,93,rv_126d,0.018378
SPG,21,93,ewma_vol,0.192475
SPG,21,93,garch_cond_vol,0.125964
SPG,21,93,ret_TARGET,0.0
SPG,21,93,tech_RSI,0.002694
SPG,21,93,tech_MACD_hist,0.002507
SPG,21,93,ret_VIXY,0.0
SPG,21,93,mom21_VIXY,0.006359
SPG,21,93,ret_HYG,0.0
SPG,21,93,mom21_HYG,0.004033
SPG,21,93,ret_USO,0.0
SPG,21,93,mom21_USO,0.004197
SPG,21,93,ret_TLT,0.0
SPG,21,93,mom21_TLT,0.003752
SPG,21,93,ret_UUP,0.0
SPG,21,93,mom21_UUP,0.003542
SPG,21,93,ret_SPY,0.001864
SPG,21,93,mom21_SPY,0.00409
SPG,21,93,vol_vel,0.00359
SPG,21,93,vol_of_vol,0.016753
SPG,21,93,vol_regime_zscore,0.037667
SPG,21,93,vol_chg_21d,0.020175
SPG,21,93,event_fed_gravity,0.005122
SPG,21,93,event_earn_gravity,0.0
SPG,21,93,event_div_gravity,0.0
SPG,21,93,event_cpi_gravity,0.006665
SPG,21,93,event_nfp_gravity,0.012251
SPG,21,93,put_call_skew_30d,0.004623
SPG,21,93,term_structure_slope,0.008565
SPG,21,93,vrp_wedge,0.006926
SPG,21,93,iv_atm_z_score,0.018112
SPG,21,93,macro_yield_curve_slope,0.010529
SPG,21,93,macro_hy_spread,0.002914
SPG,21,93,macro_hy_spread_chg_5d,0.0
SPG,21,93,macro_breakeven_5y,0.005195
SPG,21,93,macro_inflation_fwd_5y5y,0.016872
SPG,21,93,macro_inflation_fwd_chg_21d,0.003276
SPG,21,93,macro_inflation_fwd_abs_chg_21d,0.002744
SPG,21,93,macro_inflation_fwd_chg_63d,0.006492
SPG,21,93,macro_inflation_fwd_zscore,0.041669
SPG,21,93,macro_dollar_ret,0.0
SPG,21,93,beta_spy,0.004009
SPG,21,93,res_vol,0.009392
SPG,21,93,res_vol_vel,0.008888
SPG,21,93,price_regime,0.020615
SPG,21,93,corr_sector_21d,0.003047
SPG,21,93,corr_sector_252d,0.0094
SPG,21,93,sector_wedge,0.001857
SPG,21,94,rv_5d,0.032887
SPG,21,94,rv_10d,0.027303
SPG,21,94,rv_21d,0.271871
SPG,21,94,rv_63d,0.019166
SPG,21,94,rv_126d,0.020632
SPG,21,94,ewma_vol,0.160241
SPG,21,94,garch_cond_vol,0.139514
SPG,21,94,ret_TARGET,0.0
SPG,21,94,tech_RSI,0.002287
SPG,21,94,tech_MACD_hist,0.00514
SPG,21,94,ret_VIXY,0.0
SPG,21,94,mom21_VIXY,0.004701
SPG,21,94,ret_HYG,0.0
SPG,21,94,mom21_HYG,0.004059
SPG,21,94,ret_USO,0.0
SPG,21,94,mom21_USO,0.004323
SPG,21,94,ret_TLT,0.0
SPG,21,94,mom21_TLT,0.003711
SPG,21,94,ret_UUP,0.0
SPG,21,94,mom21_UUP,0.005949
SPG,21,94,ret_SPY,0.002239
SPG,21,94,mom21_SPY,0.004337
SPG,21,94,vol_vel,0.0
SPG,21,94,vol_of_vol,0.020488
SPG,21,94,vol_regime_zscore,0.049238
SPG,21,94,vol_chg_21d,0.0261
SPG,21,94,event_fed_gravity,0.005881
SPG,21,94,event_earn_gravity,0.0
SPG,21,94,event_div_gravity,0.0
SPG,21,94,event_cpi_gravity,0.006574
SPG,21,94,event_nfp_gravity,0.006896
SPG,21,94,put_call_skew_30d,0.0
SPG,21,94,term_structure_slope,0.009311
SPG,21,94,vrp_wedge,0.008458
SPG,21,94,iv_atm_z_score,0.013069
SPG,21,94,macro_yield_curve_slope,0.011309
SPG,21,94,macro_hy_spread,0.002671
SPG,21,94,macro_hy_spread_chg_5d,0.0
SPG,21,94,macro_breakeven_5y,0.005846
SPG,21,94,macro_inflation_fwd_5y5y,0.012172
SPG,21,94,macro_inflation_fwd_chg_21d,0.003493
SPG,21,94,macro_inflation_fwd_abs_chg_21d,0.0
SPG,21,94,macro_inflation_fwd_chg_63d,0.007024
SPG,21,94,macro_inflation_fwd_zscore,0.038419
SPG,21,94,macro_dollar_ret,0.0
SPG,21,94,beta_spy,0.004738
SPG,21,94,res_vol,0.009004
SPG,21,94,res_vol_vel,0.010791
SPG,21,94,price_regime,0.022731
SPG,21,94,corr_sector_21d,0.004106
SPG,21,94,corr_sector_252d,0.011315
SPG,21,94,sector_wedge,0.002007
SPG,21,95,rv_5d,0.033352
SPG,21,95,rv_10d,0.035269
SPG,21,95,rv_21d,0.28548
SPG,21,95,rv_63d,0.015025
SPG,21,95,rv_126d,0.020042
SPG,21,95,ewma_vol,0.177298
SPG,21,95,garch_cond_vol,0.15434
SPG,21,95,ret_TARGET,0.0
SPG,21,95,tech_RSI,0.003084
SPG,21,95,tech_MACD_hist,0.003923
SPG,21,95,ret_VIXY,0.0
SPG,21,95,mom21_VIXY,0.003838
SPG,21,95,ret_HYG,0.0
SPG,21,95,mom21_HYG,0.003713
SPG,21,95,ret_USO,0.0
SPG,21,95,mom21_USO,0.00402
SPG,21,95,ret_TLT,0.0
SPG,21,95,mom21_TLT,0.003231
SPG,21,95,ret_UUP,0.0
SPG,21,95,mom21_UUP,0.004038
SPG,21,95,ret_SPY,0.003189
SPG,21,95,mom21_SPY,0.003647
SPG,21,95,vol_vel,0.002395
SPG,21,95,vol_of_vol,0.020066
SPG,21,95,vol_regime_zscore,0.037315
SPG,21,95,vol_chg_21d,0.013269
SPG,21,95,event_fed_gravity,0.005104
SPG,21,95,event_earn_gravity,0.0
SPG,21,95,event_div_gravity,0.0
SPG,21,95,event_cpi_gravity,0.006397
SPG,21,95,event_nfp_gravity,0.008228
SPG,21,95,put_call_skew_30d,0.003779
SPG,21,95,term_structure_slope,0.006213
SPG,21,95,vrp_wedge,0.008114
SPG,21,95,iv_atm_z_score,0.012383
SPG,21,95,macro_yield_curve_slope,0.009075
SPG,21,95,macro_hy_spread,0.002659
SPG,21,95,macro_hy_spread_chg_5d,0.002532
SPG,21,95,macro_breakeven_5y,0.003989
SPG,21,95,macro_inflation_fwd_5y5y,0.014812
SPG,21,95,macro_inflation_fwd_chg_21d,0.002642
SPG,21,95,macro_inflation_fwd_abs_chg_21d,0.0
SPG,21,95,macro_inflation_fwd_chg_63d,0.006309
SPG,21,95,macro_inflation_fwd_zscore,0.033642
SPG,21,95,macro_dollar_ret,0.0
SPG,21,95,beta_spy,0.004232
SPG,21,95,res_vol,0.008915
SPG,21,95,res_vol_vel,0.003924
SPG,21,95,price_regime,0.016137
SPG,21,95,corr_sector_21d,0.002401
SPG,21,95,corr_sector_252d,0.009945
SPG,21,95,sector_wedge,0.002035
SPG,21,96,rv_5d,0.030643
SPG,21,96,rv_10d,0.022586
SPG,21,96,rv_21d,0.2763
SPG,21,96,rv_63d,0.019188
SPG,21,96,rv_126d,0.022934
SPG,21,96,ewma_vol,0.17954
SPG,21,96,garch_cond_vol,0.128122
SPG,21,96,ret_TARGET,0.0
SPG,21,96,tech_RSI,0.002374
SPG,21,96,tech_MACD_hist,0.003753
SPG,21,96,ret_VIXY,0.0
SPG,21,96,mom21_VIXY,0.002986
SPG,21,96,ret_HYG,0.0
SPG,21,96,mom21_HYG,0.003883
SPG,21,96,ret_USO,0.0
SPG,21,96,mom21_USO,0.004493
SPG,21,96,ret_TLT,0.0
SPG,21,96,mom21_TLT,0.003653
SPG,21,96,ret_UUP,0.0
SPG,21,96,mom21_UUP,0.004412
SPG,21,96,ret_SPY,0.001867
SPG,21,96,mom21_SPY,0.005088
SPG,21,96,vol_vel,0.007987
SPG,21,96,vol_of_vol,0.018338
SPG,21,96,vol_regime_zscore,0.047558
SPG,21,96,vol_chg_21d,0.016685
SPG,21,96,event_fed_gravity,0.0058
SPG,21,96,event_earn_gravity,0.0
SPG,21,96,event_div_gravity,0.0
SPG,21,96,event_cpi_gravity,0.007204
SPG,21,96,event_nfp_gravity,0.005642
SPG,21,96,put_call_skew_30d,0.004103
SPG,21,96,term_structure_slope,0.006751
SPG,21,96,vrp_wedge,0.008324
SPG,21,96,iv_atm_z_score,0.01975
SPG,21,96,macro_yield_curve_slope,0.009478
SPG,21,96,macro_hy_spread,0.003108
SPG,21,96,macro_hy_spread_chg_5d,0.0
SPG,21,96,macro_breakeven_5y,0.006262
SPG,21,96,macro_inflation_fwd_5y5y,0.015692
SPG,21,96,macro_inflation_fwd_chg_21d,0.002838
SPG,21,96,macro_inflation_fwd_abs_chg_21d,0.0
SPG,21,96,macro_inflation_fwd_chg_63d,0.007792
SPG,21,96,macro_inflation_fwd_zscore,0.038777
SPG,21,96,macro_dollar_ret,0.0
SPG,21,96,beta_spy,0.005239
SPG,21,96,res_vol,0.010356
SPG,21,96,res_vol_vel,0.002925
SPG,21,96,price_regime,0.022515
SPG,21,96,corr_sector_21d,0.002574
SPG,21,96,corr_sector_252d,0.010709
SPG,21,96,sector_wedge,0.001772
SPG,21,97,rv_5d,0.028221
SPG,21,97,rv_10d,0.027487
SPG,21,97,rv_21d,0.280427
SPG,21,97,rv_63d,0.018253
SPG,21,97,rv_126d,0.020446
SPG,21,97,ewma_vol,0.202431
SPG,21,97,garch_cond_vol,0.103968
SPG,21,97,ret_TARGET,0.0
SPG,21,97,tech_RSI,0.002641
SPG,21,97,tech_MACD_hist,0.003457
SPG,21,97,ret_VIXY,0.0
SPG,21,97,mom21_VIXY,0.003104
SPG,21,97,ret_HYG,0.0
SPG,21,97,mom21_HYG,0.004433
SPG,21,97,ret_USO,0.0
SPG,21,97,mom21_USO,0.004571
SPG,21,97,ret_TLT,0.0
SPG,21,97,mom21_TLT,0.003376
SPG,21,97,ret_UUP,0.0
SPG,21,97,mom21_UUP,0.003218
SPG,21,97,ret_SPY,0.001939
SPG,21,97,mom21_SPY,0.004106
SPG,21,97,vol_vel,0.0
SPG,21,97,vol_of_vol,0.027811
SPG,21,97,vol_regime_zscore,0.043891
SPG,21,97,vol_chg_21d,0.016341
SPG,21,97,event_fed_gravity,0.005206
SPG,21,97,event_earn_gravity,0.0
SPG,21,97,event_div_gravity,0.0
SPG,21,97,event_cpi_gravity,0.005973
SPG,21,97,event_nfp_gravity,0.009271
SPG,21,97,put_call_skew_30d,0.004773
SPG,21,97,term_structure_slope,0.007327
SPG,21,97,vrp_wedge,0.010168
SPG,21,97,iv_atm_z_score,0.015279
SPG,21,97,macro_yield_curve_slope,0.011035
SPG,21,97,macro_hy_spread,0.002902
SPG,21,97,macro_hy_spread_chg_5d,0.0
SPG,21,97,macro_breakeven_5y,0.007105
SPG,21,97,macro_inflation_fwd_5y5y,0.013681
SPG,21,97,macro_inflation_fwd_chg_21d,0.003447
SPG,21,97,macro_inflation_fwd_abs_chg_21d,0.0
SPG,21,97,macro_inflation_fwd_chg_63d,0.006008
SPG,21,97,macro_inflation_fwd_zscore,0.042984
SPG,21,97,macro_dollar_ret,0.0
SPG,21,97,beta_spy,0.003907
SPG,21,97,res_vol,0.010577
SPG,21,97,res_vol_vel,0.003601
SPG,21,97,price_regime,0.022038
SPG,21,97,corr_sector_21d,0.003802
SPG,21,97,corr_sector_252d,0.008753
SPG,21,97,sector_wedge,0.002042
SPG,21,98,rv_5d,0.018103
SPG,21,98,rv_10d,0.031026
SPG,21,98,rv_21d,0.277068
SPG,21,98,rv_63d,0.020028
SPG,21,98,rv_126d,0.020869
SPG,21,98,ewma_vol,0.134512
SPG,21,98,garch_cond_vol,0.1479
SPG,21,98,ret_TARGET,0.0
SPG,21,98,tech_RSI,0.00268
SPG,21,98,tech_MACD_hist,0.004014
SPG,21,98,ret_VIXY,0.0
SPG,21,98,mom21_VIXY,0.006289
SPG,21,98,ret_HYG,0.0
SPG,21,98,mom21_HYG,0.005985
SPG,21,98,ret_USO,0.0
SPG,21,98,mom21_USO,0.005094
SPG,21,98,ret_TLT,0.0
SPG,21,98,mom21_TLT,0.004858
SPG,21,98,ret_UUP,0.0
SPG,21,98,mom21_UUP,0.003189
SPG,21,98,ret_SPY,0.002422
SPG,21,98,mom21_SPY,0.004311
SPG,21,98,vol_vel,0.004269
SPG,21,98,vol_of_vol,0.028225
SPG,21,98,vol_regime_zscore,0.044477
SPG,21,98,vol_chg_21d,0.024288
SPG,21,98,event_fed_gravity,0.005203
SPG,21,98,event_earn_gravity,0.0
SPG,21,98,event_div_gravity,0.0
SPG,21,98,event_cpi_gravity,0.009425
SPG,21,98,event_nfp_gravity,0.017461
SPG,21,98,put_call_skew_30d,0.00267
SPG,21,98,term_structure_slope,0.006621
SPG,21,98,vrp_wedge,0.011053
SPG,21,98,iv_atm_z_score,0.014772
SPG,21,98,macro_yield_curve_slope,0.01196
SPG,21,98,macro_hy_spread,0.004167
SPG,21,98,macro_hy_spread_chg_5d,0.0
SPG,21,98,macro_breakeven_5y,0.007609
SPG,21,98,macro_inflation_fwd_5y5y,0.014129
SPG,21,98,macro_inflation_fwd_chg_21d,0.002725
SPG,21,98,macro_inflation_fwd_abs_chg_21d,0.003635
SPG,21,98,macro_inflation_fwd_chg_63d,0.006171
SPG,21,98,macro_inflation_fwd_zscore,0.039204
SPG,21,98,macro_dollar_ret,0.0
SPG,21,98,beta_spy,0.004929
SPG,21,98,res_vol,0.011132
SPG,21,98,res_vol_vel,0.0
SPG,21,98,price_regime,0.0211
SPG,21,98,corr_sector_21d,0.003123
SPG,21,98,corr_sector_252d,0.010991
SPG,21,98,sector_wedge,0.002313
SPG,21,99,rv_5d,0.030293
SPG,21,99,rv_10d,0.019803
SPG,21,99,rv_21d,0.302133
SPG,21,99,rv_63d,0.018394
SPG,21,99,rv_126d,0.022242
SPG,21,99,ewma_vol,0.130226
SPG,21,99,garch_cond_vol,0.134854
SPG,21,99,ret_TARGET,0.0
SPG,21,99,tech_RSI,0.002291
SPG,21,99,tech_MACD_hist,0.002461
SPG,21,99,ret_VIXY,0.0
SPG,21,99,mom21_VIXY,0.004908
SPG,21,99,ret_HYG,0.0
SPG,21,99,mom21_HYG,0.004693
SPG,21,99,ret_USO,0.0
SPG,21,99,mom21_USO,0.004828
SPG,21,99,ret_TLT,0.0
SPG,21,99,mom21_TLT,0.003806
SPG,21,99,ret_UUP,0.0
SPG,21,99,mom21_UUP,0.004946
SPG,21,99,ret_SPY,0.002176
SPG,21,99,mom21_SPY,0.004383
SPG,21,99,vol_vel,0.003332
SPG,21,99,vol_of_vol,0.019152
SPG,21,99,vol_regime_zscore,0.048425
SPG,21,99,vol_chg_21d,0.018884
SPG,21,99,event_fed_gravity,0.005501
SPG,21,99,event_earn_gravity,0.0
SPG,21,99,event_div_gravity,0.0
SPG,21,99,event_cpi_gravity,0.006381
SPG,21,99,event_nfp_gravity,0.011248
SPG,21,99,put_call_skew_30d,0.0
SPG,21,99,term_structure_slope,0.005959
SPG,21,99,vrp_wedge,0.011162
SPG,21,99,iv_atm_z_score,0.014544
SPG,21,99,macro_yield_curve_slope,0.009015
SPG,21,99,macro_hy_spread,0.003624
SPG,21,99,macro_hy_spread_chg_5d,0.0
SPG,21,99,macro_breakeven_5y,0.005257
SPG,21,99,macro_inflation_fwd_5y5y,0.013487
SPG,21,99,macro_inflation_fwd_chg_21d,0.002681
SPG,21,99,macro_inflation_fwd_abs_chg_21d,0.007435
SPG,21,99,macro_inflation_fwd_chg_63d,0.006843
SPG,21,99,macro_inflation_fwd_zscore,0.038115
SPG,21,99,macro_dollar_ret,0.0
SPG,21,99,beta_spy,0.004674
SPG,21,99,res_vol,0.01169
SPG,21,99,res_vol_vel,0.017292
SPG,21,99,price_regime,0.022726
SPG,21,99,corr_sector_21d,0.00272
SPG,21,99,corr_sector_252d,0.014113
SPG,21,99,sector_wedge,0.003303
SPG,21,100,rv_5d,0.01894
SPG,21,100,rv_10d,0.022441
SPG,21,100,rv_21d,0.302907
SPG,21,100,rv_63d,0.016784
SPG,21,100,rv_126d,0.020365
SPG,21,100,ewma_vol,0.148937
SPG,21,100,garch_cond_vol,0.139468
SPG,21,100,ret_TARGET,0.0
SPG,21,100,tech_RSI,0.002511
SPG,21,100,tech_MACD_hist,0.004355
SPG,21,100,ret_VIXY,0.0
SPG,21,100,mom21_VIXY,0.004211
SPG,21,100,ret_HYG,0.0
SPG,21,100,mom21_HYG,0.006403
SPG,21,100,ret_USO,0.0
SPG,21,100,mom21_USO,0.005381
SPG,21,100,ret_TLT,0.0
SPG,21,100,mom21_TLT,0.004877
SPG,21,100,ret_UUP,0.0
SPG,21,100,mom21_UUP,0.00308
SPG,21,100,ret_SPY,0.001577
SPG,21,100,mom21_SPY,0.006553
SPG,21,100,vol_vel,0.001555
SPG,21,100,vol_of_vol,0.023494
SPG,21,100,vol_regime_zscore,0.049989
SPG,21,100,vol_chg_21d,0.012744
SPG,21,100,event_fed_gravity,0.005017
SPG,21,100,event_earn_gravity,0.0
SPG,21,100,event_div_gravity,0.0
SPG,21,100,event_cpi_gravity,0.009217
SPG,21,100,event_nfp_gravity,0.003263
SPG,21,100,put_call_skew_30d,0.008755
SPG,21,100,term_structure_slope,0.005894
SPG,21,100,vrp_wedge,0.012394
SPG,21,100,iv_atm_z_score,0.01348
SPG,21,100,macro_yield_curve_slope,0.009968
SPG,21,100,macro_hy_spread,0.005962
SPG,21,100,macro_hy_spread_chg_5d,0.001401
SPG,21,100,macro_breakeven_5y,0.004661
SPG,21,100,macro_inflation_fwd_5y5y,0.017977
SPG,21,100,macro_inflation_fwd_chg_21d,0.00309
SPG,21,100,macro_inflation_fwd_abs_chg_21d,0.003031
SPG,21,100,macro_inflation_fwd_chg_63d,0.006063
SPG,21,100,macro_inflation_fwd_zscore,0.032309
SPG,21,100,macro_dollar_ret,0.0
SPG,21,100,beta_spy,0.004663
SPG,21,100,res_vol,0.011054
SPG,21,100,res_vol_vel,0.004976
SPG,21,100,price_regime,0.020038
SPG,21,100,corr_sector_21d,0.00279
SPG,21,100,corr_sector_252d,0.013019
SPG,21,100,sector_wedge,0.004404
SPG,21,101,rv_5d,0.019681
SPG,21,101,rv_10d,0.028712
SPG,21,101,rv_21d,0.288352
SPG,21,101,rv_63d,0.021815
SPG,21,101,rv_126d,0.024286
SPG,21,101,ewma_vol,0.128405
SPG,21,101,garch_cond_vol,0.136163
SPG,21,101,ret_TARGET,0.0
SPG,21,101,tech_RSI,0.003883
SPG,21,101,tech_MACD_hist,0.004211
SPG,21,101,ret_VIXY,0.0
SPG,21,101,mom21_VIXY,0.00659
SPG,21,101,ret_HYG,0.0
SPG,21,101,mom21_HYG,0.004174
SPG,21,101,ret_USO,0.0
SPG,21,101,mom21_USO,0.004743
SPG,21,101,ret_TLT,0.0
SPG,21,101,mom21_TLT,0.005422
SPG,21,101,ret_UUP,0.0
SPG,21,101,mom21_UUP,0.003596
SPG,21,101,ret_SPY,0.003388
SPG,21,101,mom21_SPY,0.005143
SPG,21,101,vol_vel,0.003186
SPG,21,101,vol_of_vol,0.02242
SPG,21,101,vol_regime_zscore,0.050015
SPG,21,101,vol_chg_21d,0.014447
SPG,21,101,event_fed_gravity,0.005899
SPG,21,101,event_earn_gravity,0.0
SPG,21,101,event_div_gravity,0.0
SPG,21,101,event_cpi_gravity,0.008534
SPG,21,101,event_nfp_gravity,0.008611
SPG,21,101,put_call_skew_30d,0.00182
SPG,21,101,term_structure_slope,0.006642
SPG,21,101,vrp_wedge,0.011825
SPG,21,101,iv_atm_z_score,0.01762
SPG,21,101,macro_yield_curve_slope,0.013089
SPG,21,101,macro_hy_spread,0.005792
SPG,21,101,macro_hy_spread_chg_5d,0.006058
SPG,21,101,macro_breakeven_5y,0.005214
SPG,21,101,macro_inflation_fwd_5y5y,0.013427
SPG,21,101,macro_inflation_fwd_chg_21d,0.002509
SPG,21,101,macro_inflation_fwd_abs_chg_21d,0.0
SPG,21,101,macro_inflation_fwd_chg_63d,0.006538
SPG,21,101,macro_inflation_fwd_zscore,0.043875
SPG,21,101,macro_dollar_ret,0.0
SPG,21,101,beta_spy,0.004585
SPG,21,101,res_vol,0.017219
SPG,21,101,res_vol_vel,0.004086
SPG,21,101,price_regime,0.018628
SPG,21,101,corr_sector_21d,0.00331
SPG,21,101,corr_sector_252d,0.012921
SPG,21,101,sector_wedge,0.003168
SPG,21,102,rv_5d,0.02635
SPG,21,102,rv_10d,0.03307
SPG,21,102,rv_21d,0.234998
SPG,21,102,rv_63d,0.034399
SPG,21,102,rv_126d,0.024116
SPG,21,102,ewma_vol,0.227414
SPG,21,102,garch_cond_vol,0.118477
SPG,21,102,ret_TARGET,0.0
SPG,21,102,tech_RSI,0.00376
SPG,21,102,tech_MACD_hist,0.007233
SPG,21,102,ret_VIXY,0.001294
SPG,21,102,mom21_VIXY,0.003031
SPG,21,102,ret_HYG,0.0
SPG,21,102,mom21_HYG,0.005543
SPG,21,102,ret_USO,0.0
SPG,21,102,mom21_USO,0.00462
SPG,21,102,ret_TLT,0.0
SPG,21,102,mom21_TLT,0.002743
SPG,21,102,ret_UUP,0.0
SPG,21,102,mom21_UUP,0.003588
SPG,21,102,ret_SPY,0.001646
SPG,21,102,mom21_SPY,0.004291
SPG,21,102,vol_vel,0.004435
SPG,21,102,vol_of_vol,0.021217
SPG,21,102,vol_regime_zscore,0.029181
SPG,21,102,vol_chg_21d,0.008747
SPG,21,102,event_fed_gravity,0.004864
SPG,21,102,event_earn_gravity,0.0
SPG,21,102,event_div_gravity,0.0
SPG,21,102,event_cpi_gravity,0.006884
SPG,21,102,event_nfp_gravity,0.00673
SPG,21,102,put_call_skew_30d,0.0
SPG,21,102,term_structure_slope,0.005867
SPG,21,102,vrp_wedge,0.010946
SPG,21,102,iv_atm_z_score,0.013768
SPG,21,102,macro_yield_curve_slope,0.011475
SPG,21,102,macro_hy_spread,0.003763
SPG,21,102,macro_hy_spread_chg_5d,0.0
SPG,21,102,macro_breakeven_5y,0.017249
SPG,21,102,macro_inflation_fwd_5y5y,0.02847
SPG,21,102,macro_inflation_fwd_chg_21d,0.0028
SPG,21,102,macro_inflation_fwd_abs_chg_21d,0.0
SPG,21,102,macro_inflation_fwd_chg_63d,0.005457
SPG,21,102,macro_inflation_fwd_zscore,0.014981
SPG,21,102,macro_dollar_ret,0.0
SPG,21,102,beta_spy,0.003836
SPG,21,102,res_vol,0.012975
SPG,21,102,res_vol_vel,0.020922
SPG,21,102,price_regime,0.013096
SPG,21,102,corr_sector_21d,0.002067
SPG,21,102,corr_sector_252d,0.011256
SPG,21,102,sector_wedge,0.002442
SPG,21,103,rv_5d,0.025382
SPG,21,103,rv_10d,0.041847
SPG,21,103,rv_21d,0.249535
SPG,21,103,rv_63d,0.027874
SPG,21,103,rv_126d,0.021204
SPG,21,103,ewma_vol,0.223003
SPG,21,103,garch_cond_vol,0.101205
SPG,21,103,ret_TARGET,0.0
SPG,21,103,tech_RSI,0.003987
SPG,21,103,tech_MACD_hist,0.003305
SPG,21,103,ret_VIXY,0.0
SPG,21,103,mom21_VIXY,0.00507
SPG,21,103,ret_HYG,0.0
SPG,21,103,mom21_HYG,0.003118
SPG,21,103,ret_USO,0.0
SPG,21,103,mom21_USO,0.004271
SPG,21,103,ret_TLT,0.0
SPG,21,103,mom21_TLT,0.003657
SPG,21,103,ret_UUP,0.0
SPG,21,103,mom21_UUP,0.002823
SPG,21,103,ret_SPY,0.002173
SPG,21,103,mom21_SPY,0.003181
SPG,21,103,vol_vel,0.005022
SPG,21,103,vol_of_vol,0.01495
SPG,21,103,vol_regime_zscore,0.029541
SPG,21,103,vol_chg_21d,0.013901
SPG,21,103,event_fed_gravity,0.005461
SPG,21,103,event_earn_gravity,0.0
SPG,21,103,event_div_gravity,0.0
SPG,21,103,event_cpi_gravity,0.006236
SPG,21,103,event_nfp_gravity,0.010659
SPG,21,103,put_call_skew_30d,0.0
SPG,21,103,term_structure_slope,0.005585
SPG,21,103,vrp_wedge,0.009397
SPG,21,103,iv_atm_z_score,0.017212
SPG,21,103,macro_yield_curve_slope,0.011189
SPG,21,103,macro_hy_spread,0.003803
SPG,21,103,macro_hy_spread_chg_5d,0.001467
SPG,21,103,macro_breakeven_5y,0.013992
SPG,21,103,macro_inflation_fwd_5y5y,0.035556
SPG,21,103,macro_inflation_fwd_chg_21d,0.002096
SPG,21,103,macro_inflation_fwd_abs_chg_21d,0.0
SPG,21,103,macro_inflation_fwd_chg_63d,0.006094
SPG,21,103,macro_inflation_fwd_zscore,0.01845
SPG,21,103,macro_dollar_ret,0.0
SPG,21,103,beta_spy,0.004279
SPG,21,103,res_vol,0.018595
SPG,21,103,res_vol_vel,0.018413
SPG,21,103,price_regime,0.012951
SPG,21,103,corr_sector_21d,0.002074
SPG,21,103,corr_sector_252d,0.009463
SPG,21,103,sector_wedge,0.001979
SPG,21,104,rv_5d,0.025718
SPG,21,104,rv_10d,0.03425
SPG,21,104,rv_21d,0.213902
SPG,21,104,rv_63d,0.040262
SPG,21,104,rv_126d,0.020961
SPG,21,104,ewma_vol,0.193268
SPG,21,104,garch_cond_vol,0.138221
SPG,21,104,ret_TARGET,0.0
SPG,21,104,tech_RSI,0.003568
SPG,21,104,tech_MACD_hist,0.002988
SPG,21,104,ret_VIXY,0.001615
SPG,21,104,mom21_VIXY,0.003967
SPG,21,104,ret_HYG,0.0
SPG,21,104,mom21_HYG,0.004212
SPG,21,104,ret_USO,0.0
SPG,21,104,mom21_USO,0.005082
SPG,21,104,ret_TLT,0.0
SPG,21,104,mom21_TLT,0.002734
SPG,21,104,ret_UUP,0.0
SPG,21,104,mom21_UUP,0.001884
SPG,21,104,ret_SPY,0.002285
SPG,21,104,mom21_SPY,0.003972
SPG,21,104,vol_vel,0.003814
SPG,21,104,vol_of_vol,0.029879
SPG,21,104,vol_regime_zscore,0.02572
SPG,21,104,vol_chg_21d,0.01233
SPG,21,104,event_fed_gravity,0.005307
SPG,21,104,event_earn_gravity,0.0
SPG,21,104,event_div_gravity,0.0
SPG,21,104,event_cpi_gravity,0.006182
SPG,21,104,event_nfp_gravity,0.010812
SPG,21,104,put_call_skew_30d,0.0
SPG,21,104,term_structure_slope,0.007878
SPG,21,104,vrp_wedge,0.011173
SPG,21,104,iv_atm_z_score,0.013919
SPG,21,104,macro_yield_curve_slope,0.011809
SPG,21,104,macro_hy_spread,0.003398
SPG,21,104,macro_hy_spread_chg_5d,0.001571
SPG,21,104,macro_breakeven_5y,0.025918
SPG,21,104,macro_inflation_fwd_5y5y,0.038542
SPG,21,104,macro_inflation_fwd_chg_21d,0.002621
SPG,21,104,macro_inflation_fwd_abs_chg_21d,0.0
SPG,21,104,macro_inflation_fwd_chg_63d,0.006963
SPG,21,104,macro_inflation_fwd_zscore,0.018731
SPG,21,104,macro_dollar_ret,0.0
SPG,21,104,beta_spy,0.005755
SPG,21,104,res_vol,0.017294
SPG,21,104,res_vol_vel,0.015682
SPG,21,104,price_regime,0.011318
SPG,21,104,corr_sector_21d,0.002426
SPG,21,104,corr_sector_252d,0.009815
SPG,21,104,sector_wedge,0.002254
SPG,21,105,rv_5d,0.029559
SPG,21,105,rv_10d,0.055096
SPG,21,105,rv_21d,0.222698
SPG,21,105,rv_63d,0.052591
SPG,21,105,rv_126d,0.020751
SPG,21,105,ewma_vol,0.159241
SPG,21,105,garch_cond_vol,0.166915
SPG,21,105,ret_TARGET,0.0
SPG,21,105,tech_RSI,0.003078
SPG,21,105,tech_MACD_hist,0.003309
SPG,21,105,ret_VIXY,0.0
SPG,21,105,mom21_VIXY,0.004054
SPG,21,105,ret_HYG,0.0
SPG,21,105,mom21_HYG,0.004417
SPG,21,105,ret_USO,0.0
SPG,21,105,mom21_USO,0.004395
SPG,21,105,ret_TLT,0.0
SPG,21,105,mom21_TLT,0.002961
SPG,21,105,ret_UUP,0.0
SPG,21,105,mom21_UUP,0.002839
SPG,21,105,ret_SPY,0.002093
SPG,21,105,mom21_SPY,0.003428
SPG,21,105,vol_vel,0.00337
SPG,21,105,vol_of_vol,0.015453
SPG,21,105,vol_regime_zscore,0.02805
SPG,21,105,vol_chg_21d,0.013292
SPG,21,105,event_fed_gravity,0.004778
SPG,21,105,event_earn_gravity,0.0
SPG,21,105,event_div_gravity,0.0
SPG,21,105,event_cpi_gravity,0.005624
SPG,21,105,event_nfp_gravity,0.006366
SPG,21,105,put_call_skew_30d,0.001558
SPG,21,105,term_structure_slope,0.00944
SPG,21,105,vrp_wedge,0.010303
SPG,21,105,iv_atm_z_score,0.014459
SPG,21,105,macro_yield_curve_slope,0.008805
SPG,21,105,macro_hy_spread,0.003168
SPG,21,105,macro_hy_spread_chg_5d,0.00199
SPG,21,105,macro_breakeven_5y,0.01592
SPG,21,105,macro_inflation_fwd_5y5y,0.031171
SPG,21,105,macro_inflation_fwd_chg_21d,0.002162
SPG,21,105,macro_inflation_fwd_abs_chg_21d,0.0
SPG,21,105,macro_inflation_fwd_chg_63d,0.0072
SPG,21,105,macro_inflation_fwd_zscore,0.019631
SPG,21,105,macro_dollar_ret,0.0
SPG,21,105,beta_spy,0.004723
SPG,21,105,res_vol,0.018428
SPG,21,105,res_vol_vel,0.008924
SPG,21,105,price_regime,0.016717
SPG,21,105,corr_sector_21d,0.001954
SPG,21,105,corr_sector_252d,0.007435
SPG,21,105,sector_wedge,0.001654
SPG,21,106,rv_5d,0.026864
SPG,21,106,rv_10d,0.047582
SPG,21,106,rv_21d,0.263211
SPG,21,106,rv_63d,0.053564
SPG,21,106,rv_126d,0.019623
SPG,21,106,ewma_vol,0.13842
SPG,21,106,garch_cond_vol,0.136933
SPG,21,106,ret_TARGET,0.0
SPG,21,106,tech_RSI,0.002164
SPG,21,106,tech_MACD_hist,0.003253
SPG,21,106,ret_VIXY,0.0
SPG,21,106,mom21_VIXY,0.002261
SPG,21,106,ret_HYG,0.0
SPG,21,106,mom21_HYG,0.003092
SPG,21,106,ret_USO,0.0
SPG,21,106,mom21_USO,0.004056
SPG,21,106,ret_TLT,0.003581
SPG,21,106,mom21_TLT,0.003066
SPG,21,106,ret_UUP,0.0
SPG,21,106,mom21_UUP,0.001296
SPG,21,106,ret_SPY,0.002083
SPG,21,106,mom21_SPY,0.005585
SPG,21,106,vol_vel,0.002543
SPG,21,106,vol_of_vol,0.014078
SPG,21,106,vol_regime_zscore,0.011429
SPG,21,106,vol_chg_21d,0.018655
SPG,21,106,event_fed_gravity,0.003771
SPG,21,106,event_earn_gravity,0.0
SPG,21,106,event_div_gravity,0.0
SPG,21,106,event_cpi_gravity,0.006904
SPG,21,106,event_nfp_gravity,0.010552
SPG,21,106,put_call_skew_30d,0.001259
SPG,21,106,term_structure_slope,0.009031
SPG,21,106,vrp_wedge,0.010188
SPG,21,106,iv_atm_z_score,0.01611
SPG,21,106,macro_yield_curve_slope,0.010723
SPG,21,106,macro_hy_spread,0.003306
SPG,21,106,macro_hy_spread_chg_5d,0.0
SPG,21,106,macro_breakeven_5y,0.024382
SPG,21,106,macro_inflation_fwd_5y5y,0.037884
SPG,21,106,macro_inflation_fwd_chg_21d,0.001936
SPG,21,106,macro_inflation_fwd_abs_chg_21d,0.004811
SPG,21,106,macro_inflation_fwd_chg_63d,0.006142
SPG,21,106,macro_inflation_fwd_zscore,0.034393
SPG,21,106,macro_dollar_ret,0.0
SPG,21,106,beta_spy,0.004883
SPG,21,106,res_vol,0.014497
SPG,21,106,res_vol_vel,0.005706
SPG,21,106,price_regime,0.018799
SPG,21,106,corr_sector_21d,0.002227
SPG,21,106,corr_sector_252d,0.006777
SPG,21,106,sector_wedge,0.002381
SPG,21,107,rv_5d,0.042571
SPG,21,107,rv_10d,0.053616
SPG,21,107,rv_21d,0.219442
SPG,21,107,rv_63d,0.054789
SPG,21,107,rv_126d,0.021423
SPG,21,107,ewma_vol,0.149784
SPG,21,107,garch_cond_vol,0.114973
SPG,21,107,ret_TARGET,0.0
SPG,21,107,tech_RSI,0.003645
SPG,21,107,tech_MACD_hist,0.006525
SPG,21,107,ret_VIXY,0.0
SPG,21,107,mom21_VIXY,0.002838
SPG,21,107,ret_HYG,0.0
SPG,21,107,mom21_HYG,0.002258
SPG,21,107,ret_USO,0.0
SPG,21,107,mom21_USO,0.005598
SPG,21,107,ret_TLT,0.0
SPG,21,107,mom21_TLT,0.002922
SPG,21,107,ret_UUP,0.0
SPG,21,107,mom21_UUP,0.003127
SPG,21,107,ret_SPY,0.00361
SPG,21,107,mom21_SPY,0.003954
SPG,21,107,vol_vel,0.003845
SPG,21,107,vol_of_vol,0.012082
SPG,21,107,vol_regime_zscore,0.011341
SPG,21,107,vol_chg_21d,0.008319
SPG,21,107,event_fed_gravity,0.004713
SPG,21,107,event_earn_gravity,0.0
SPG,21,107,event_div_gravity,0.0
SPG,21,107,event_cpi_gravity,0.008236
SPG,21,107,event_nfp_gravity,0.011253
SPG,21,107,put_call_skew_30d,0.005084
SPG,21,107,term_structure_slope,0.008965
SPG,21,107,vrp_wedge,0.01004
SPG,21,107,iv_atm_z_score,0.013295
SPG,21,107,macro_yield_curve_slope,0.011651
SPG,21,107,macro_hy_spread,0.003449
SPG,21,107,macro_hy_spread_chg_5d,0.001376
SPG,21,107,macro_breakeven_5y,0.035961
SPG,21,107,macro_inflation_fwd_5y5y,0.040696
SPG,21,107,macro_inflation_fwd_chg_21d,0.002331
SPG,21,107,macro_inflation_fwd_abs_chg_21d,0.007279
SPG,21,107,macro_inflation_fwd_chg_63d,0.007579
SPG,21,107,macro_inflation_fwd_zscore,0.037001
SPG,21,107,macro_dollar_ret,0.0
SPG,21,107,beta_spy,0.00431
SPG,21,107,res_vol,0.017207
SPG,21,107,res_vol_vel,0.011225
SPG,21,107,price_regime,0.018266
SPG,21,107,corr_sector_21d,0.002228
SPG,21,107,corr_sector_252d,0.008508
SPG,21,107,sector_wedge,0.002686
SPG,21,108,rv_5d,0.031206
SPG,21,108,rv_10d,0.053068
SPG,21,108,rv_21d,0.253152
SPG,21,108,rv_63d,0.035226
SPG,21,108,rv_126d,0.026058
SPG,21,108,ewma_vol,0.168184
SPG,21,108,garch_cond_vol,0.096997
SPG,21,108,ret_TARGET,0.0
SPG,21,108,tech_RSI,0.002317
SPG,21,108,tech_MACD_hist,0.003581
SPG,21,108,ret_VIXY,0.001245
SPG,21,108,mom21_VIXY,0.0026
SPG,21,108,ret_HYG,0.0
SPG,21,108,mom21_HYG,0.002938
SPG,21,108,ret_USO,0.0
SPG,21,108,mom21_USO,0.005008
SPG,21,108,ret_TLT,0.0
SPG,21,108,mom21_TLT,0.003305
SPG,21,108,ret_UUP,0.0
SPG,21,108,mom21_UUP,0.001612
SPG,21,108,ret_SPY,0.006797
SPG,21,108,mom21_SPY,0.005461
SPG,21,108,vol_vel,0.005122
SPG,21,108,vol_of_vol,0.016965
SPG,21,108,vol_regime_zscore,0.010797
SPG,21,108,vol_chg_21d,0.01369
SPG,21,108,event_fed_gravity,0.005869
SPG,21,108,event_earn_gravity,0.0
SPG,21,108,event_div_gravity,0.0
SPG,21,108,event_cpi_gravity,0.006771
SPG,21,108,event_nfp_gravity,0.003622
SPG,21,108,put_call_skew_30d,0.0
SPG,21,108,term_structure_slope,0.012029
SPG,21,108,vrp_wedge,0.010161
SPG,21,108,iv_atm_z_score,0.016588
SPG,21,108,macro_yield_curve_slope,0.012222
SPG,21,108,macro_hy_spread,0.004952
SPG,21,108,macro_hy_spread_chg_5d,0.002034
SPG,21,108,macro_breakeven_5y,0.03432
SPG,21,108,macro_inflation_fwd_5y5y,0.033416
SPG,21,108,macro_inflation_fwd_chg_21d,0.002627
SPG,21,108,macro_inflation_fwd_abs_chg_21d,0.0
SPG,21,108,macro_inflation_fwd_chg_63d,0.00878
SPG,21,108,macro_inflation_fwd_zscore,0.042102
SPG,21,108,macro_dollar_ret,0.0
SPG,21,108,beta_spy,0.004687
SPG,21,108,res_vol,0.021169
SPG,21,108,res_vol_vel,0.007484
SPG,21,108,price_regime,0.011969
SPG,21,108,corr_sector_21d,0.002127
SPG,21,108,corr_sector_252d,0.009203
SPG,21,108,sector_wedge,0.00254
SPG,21,109,rv_5d,0.038463
SPG,21,109,rv_10d,0.055354
SPG,21,109,rv_21d,0.219421
SPG,21,109,rv_63d,0.031726
SPG,21,109,rv_126d,0.020451
SPG,21,109,ewma_vol,0.17352
SPG,21,109,garch_cond_vol,0.128621
SPG,21,109,ret_TARGET,0.0
SPG,21,109,tech_RSI,0.002737
SPG,21,109,tech_MACD_hist,0.004285
SPG,21,109,ret_VIXY,0.001739
SPG,21,109,mom21_VIXY,0.007164
SPG,21,109,ret_HYG,0.0
SPG,21,109,mom21_HYG,0.003537
SPG,21,109,ret_USO,0.0
SPG,21,109,mom21_USO,0.005298
SPG,21,109,ret_TLT,0.0
SPG,21,109,mom21_TLT,0.003296
SPG,21,109,ret_UUP,0.0
SPG,21,109,mom21_UUP,0.001571
SPG,21,109,ret_SPY,0.00354
SPG,21,109,mom21_SPY,0.005838
SPG,21,109,vol_vel,0.005361
SPG,21,109,vol_of_vol,0.018731
SPG,21,109,vol_regime_zscore,0.011423
SPG,21,109,vol_chg_21d,0.013049
SPG,21,109,event_fed_gravity,0.006056
SPG,21,109,event_earn_gravity,0.0
SPG,21,109,event_div_gravity,0.0
SPG,21,109,event_cpi_gravity,0.007348
SPG,21,109,event_nfp_gravity,0.003556
SPG,21,109,put_call_skew_30d,0.002132
SPG,21,109,term_structure_slope,0.009288
SPG,21,109,vrp_wedge,0.012344
SPG,21,109,iv_atm_z_score,0.016537
SPG,21,109,macro_yield_curve_slope,0.009546
SPG,21,109,macro_hy_spread,0.003631
SPG,21,109,macro_hy_spread_chg_5d,0.0
SPG,21,109,macro_breakeven_5y,0.02937
SPG,21,109,macro_inflation_fwd_5y5y,0.039989
SPG,21,109,macro_inflation_fwd_chg_21d,0.002262
SPG,21,109,macro_inflation_fwd_abs_chg_21d,0.0
SPG,21,109,macro_inflation_fwd_chg_63d,0.006463
SPG,21,109,macro_inflation_fwd_zscore,0.037543
SPG,21,109,macro_dollar_ret,0.0
SPG,21,109,beta_spy,0.005189
SPG,21,109,res_vol,0.019873
SPG,21,109,res_vol_vel,0.004289
SPG,21,109,price_regime,0.016613
SPG,21,109,corr_sector_21d,0.002168
SPG,21,109,corr_sector_252d,0.008138
SPG,21,109,sector_wedge,0.00254
SPG,21,110,rv_5d,0.020791
SPG,21,110,rv_10d,0.094717
SPG,21,110,rv_21d,0.257893
SPG,21,110,rv_63d,0.015183
SPG,21,110,rv_126d,0.019872
SPG,21,110,ewma_vol,0.144598
SPG,21,110,garch_cond_vol,0.112953
SPG,21,110,ret_TARGET,0.0
SPG,21,110,tech_RSI,0.002566
SPG,21,110,tech_MACD_hist,0.003038
SPG,21,110,ret_VIXY,0.0
SPG,21,110,mom21_VIXY,0.006062
SPG,21,110,ret_HYG,0.0
SPG,21,110,mom21_HYG,0.003304
SPG,21,110,ret_USO,0.0
SPG,21,110,mom21_USO,0.004578
SPG,21,110,ret_TLT,0.0
SPG,21,110,mom21_TLT,0.003828
SPG,21,110,ret_UUP,0.0
SPG,21,110,mom21_UUP,0.0
SPG,21,110,ret_SPY,0.002799
SPG,21,110,mom21_SPY,0.003736
SPG,21,110,vol_vel,0.004719
SPG,21,110,vol_of_vol,0.010806
SPG,21,110,vol_regime_zscore,0.011243
SPG,21,110,vol_chg_21d,0.019995
SPG,21,110,event_fed_gravity,0.006336
SPG,21,110,event_earn_gravity,0.0
SPG,21,110,event_div_gravity,0.0
SPG,21,110,event_cpi_gravity,0.006897
SPG,21,110,event_nfp_gravity,0.006171
SPG,21,110,put_call_skew_30d,0.001366
SPG,21,110,term_structure_slope,0.010366
SPG,21,110,vrp_wedge,0.012292
SPG,21,110,iv_atm_z_score,0.014694
SPG,21,110,macro_yield_curve_slope,0.010141
SPG,21,110,macro_hy_spread,0.004499
SPG,21,110,macro_hy_spread_chg_5d,0.0
SPG,21,110,macro_breakeven_5y,0.027376
SPG,21,110,macro_inflation_fwd_5y5y,0.042017
SPG,21,110,macro_inflation_fwd_chg_21d,0.002446
SPG,21,110,macro_inflation_fwd_abs_chg_21d,0.002593
SPG,21,110,macro_inflation_fwd_chg_63d,0.007277
SPG,21,110,macro_inflation_fwd_zscore,0.031299
SPG,21,110,macro_dollar_ret,0.0
SPG,21,110,beta_spy,0.00542
SPG,21,110,res_vol,0.024326
SPG,21,110,res_vol_vel,0.012196
SPG,21,110,price_regime,0.016397
SPG,21,110,corr_sector_21d,0.002626
SPG,21,110,corr_sector_252d,0.007781
SPG,21,110,sector_wedge,0.002802
SPG,21,111,rv_5d,0.032487
SPG,21,111,rv_10d,0.06644
SPG,21,111,rv_21d,0.207518
SPG,21,111,rv_63d,0.016282
SPG,21,111,rv_126d,0.023805
SPG,21,111,ewma_vol,0.157841
SPG,21,111,garch_cond_vol,0.139954
SPG,21,111,ret_TARGET,0.0
SPG,21,111,tech_RSI,0.002651
SPG,21,111,tech_MACD_hist,0.003546
SPG,21,111,ret_VIXY,0.0
SPG,21,111,mom21_VIXY,0.003336
SPG,21,111,ret_HYG,0.0
SPG,21,111,mom21_HYG,0.001911
SPG,21,111,ret_USO,0.0
SPG,21,111,mom21_USO,0.004306
SPG,21,111,ret_TLT,0.0
SPG,21,111,mom21_TLT,0.003951
SPG,21,111,ret_UUP,0.0
SPG,21,111,mom21_UUP,0.0
SPG,21,111,ret_SPY,0.002799
SPG,21,111,mom21_SPY,0.005269
SPG,21,111,vol_vel,0.005321
SPG,21,111,vol_of_vol,0.012371
SPG,21,111,vol_regime_zscore,0.013703
SPG,21,111,vol_chg_21d,0.011253
SPG,21,111,event_fed_gravity,0.006153
SPG,21,111,event_earn_gravity,0.0
SPG,21,111,event_div_gravity,0.0
SPG,21,111,event_cpi_gravity,0.005938
SPG,21,111,event_nfp_gravity,0.006487
SPG,21,111,put_call_skew_30d,0.0
SPG,21,111,term_structure_slope,0.00706
SPG,21,111,vrp_wedge,0.012156
SPG,21,111,iv_atm_z_score,0.015725
SPG,21,111,macro_yield_curve_slope,0.007081
SPG,21,111,macro_hy_spread,0.003673
SPG,21,111,macro_hy_spread_chg_5d,0.0
SPG,21,111,macro_breakeven_5y,0.035286
SPG,21,111,macro_inflation_fwd_5y5y,0.044235
SPG,21,111,macro_inflation_fwd_chg_21d,0.001776
SPG,21,111,macro_inflation_fwd_abs_chg_21d,0.005422
SPG,21,111,macro_inflation_fwd_chg_63d,0.007042
SPG,21,111,macro_inflation_fwd_zscore,0.043869
SPG,21,111,macro_dollar_ret,0.0
SPG,21,111,beta_spy,0.005094
SPG,21,111,res_vol,0.019121
SPG,21,111,res_vol_vel,0.023478
SPG,21,111,price_regime,0.019642
SPG,21,111,corr_sector_21d,0.001951
SPG,21,111,corr_sector_252d,0.008872
SPG,21,111,sector_wedge,0.005192
SPG,21,112,rv_5d,0.024572
SPG,21,112,rv_10d,0.060443
SPG,21,112,rv_21d,0.210932
SPG,21,112,rv_63d,0.014285
SPG,21,112,rv_126d,0.018777
SPG,21,112,ewma_vol,0.161211
SPG,21,112,garch_cond_vol,0.183141
SPG,21,112,ret_TARGET,0.0
SPG,21,112,tech_RSI,0.001863
SPG,21,112,tech_MACD_hist,0.002887
SPG,21,112,ret_VIXY,0.001417
SPG,21,112,mom21_VIXY,0.003401
SPG,21,112,ret_HYG,0.0
SPG,21,112,mom21_HYG,0.00274
SPG,21,112,ret_USO,0.0
SPG,21,112,mom21_USO,0.004755
SPG,21,112,ret_TLT,0.0
SPG,21,112,mom21_TLT,0.003566
SPG,21,112,ret_UUP,0.0
SPG,21,112,mom21_UUP,0.001462
SPG,21,112,ret_SPY,0.003192
SPG,21,112,mom21_SPY,0.005536
SPG,21,112,vol_vel,0.003255
SPG,21,112,vol_of_vol,0.017868
SPG,21,112,vol_regime_zscore,0.012599
SPG,21,112,vol_chg_21d,0.010794
SPG,21,112,event_fed_gravity,0.005404
SPG,21,112,event_earn_gravity,0.0
SPG,21,112,event_div_gravity,0.0
SPG,21,112,event_cpi_gravity,0.006115
SPG,21,112,event_nfp_gravity,0.006983
SPG,21,112,put_call_skew_30d,0.0
SPG,21,112,term_structure_slope,0.007191
SPG,21,112,vrp_wedge,0.013613
SPG,21,112,iv_atm_z_score,0.018163
SPG,21,112,macro_yield_curve_slope,0.006149
SPG,21,112,macro_hy_spread,0.004217
SPG,21,112,macro_hy_spread_chg_5d,0.007625
SPG,21,112,macro_breakeven_5y,0.024165
SPG,21,112,macro_inflation_fwd_5y5y,0.034262
SPG,21,112,macro_inflation_fwd_chg_21d,0.002208
SPG,21,112,macro_inflation_fwd_abs_chg_21d,0.003012
SPG,21,112,macro_inflation_fwd_chg_63d,0.006332
SPG,21,112,macro_inflation_fwd_zscore,0.046322
SPG,21,112,macro_dollar_ret,0.0
SPG,21,112,beta_spy,0.004834
SPG,21,112,res_vol,0.021115
SPG,21,112,res_vol_vel,0.004105
SPG,21,112,price_regime,0.014819
SPG,21,112,corr_sector_21d,0.002037
SPG,21,112,corr_sector_252d,0.006999
SPG,21,112,sector_wedge,0.005634
SPG,21,113,rv_5d,0.034122
SPG,21,113,rv_10d,0.057522
SPG,21,113,rv_21d,0.216556
SPG,21,113,rv_63d,0.015765
SPG,21,113,rv_126d,0.017778
SPG,21,113,ewma_vol,0.173704
SPG,21,113,garch_cond_vol,0.121197
SPG,21,113,ret_TARGET,0.0
SPG,21,113,tech_RSI,0.002063
SPG,21,113,tech_MACD_hist,0.003883
SPG,21,113,ret_VIXY,0.001571
SPG,21,113,mom21_VIXY,0.003951
SPG,21,113,ret_HYG,0.0
SPG,21,113,mom21_HYG,0.002725
SPG,21,113,ret_USO,0.0
SPG,21,113,mom21_USO,0.004148
SPG,21,113,ret_TLT,0.0
SPG,21,113,mom21_TLT,0.003371
SPG,21,113,ret_UUP,0.0
SPG,21,113,mom21_UUP,0.0
SPG,21,113,ret_SPY,0.006481
SPG,21,113,mom21_SPY,0.005735
SPG,21,113,vol_vel,0.005297
SPG,21,113,vol_of_vol,0.013796
SPG,21,113,vol_regime_zscore,0.011591
SPG,21,113,vol_chg_21d,0.018432
SPG,21,113,event_fed_gravity,0.005189
SPG,21,113,event_earn_gravity,0.0
SPG,21,113,event_div_gravity,0.0
SPG,21,113,event_cpi_gravity,0.006885
SPG,21,113,event_nfp_gravity,0.003367
SPG,21,113,put_call_skew_30d,0.0
SPG,21,113,term_structure_slope,0.007576
SPG,21,113,vrp_wedge,0.012745
SPG,21,113,iv_atm_z_score,0.014088
SPG,21,113,macro_yield_curve_slope,0.007793
SPG,21,113,macro_hy_spread,0.004189
SPG,21,113,macro_hy_spread_chg_5d,0.003445
SPG,21,113,macro_breakeven_5y,0.032017
SPG,21,113,macro_inflation_fwd_5y5y,0.037262
SPG,21,113,macro_inflation_fwd_chg_21d,0.002117
SPG,21,113,macro_inflation_fwd_abs_chg_21d,0.002671
SPG,21,113,macro_inflation_fwd_chg_63d,0.007252
SPG,21,113,macro_inflation_fwd_zscore,0.057704
SPG,21,113,macro_dollar_ret,0.001213
SPG,21,113,beta_spy,0.003651
SPG,21,113,res_vol,0.025361
SPG,21,113,res_vol_vel,0.017978
SPG,21,113,price_regime,0.013537
SPG,21,113,corr_sector_21d,0.002365
SPG,21,113,corr_sector_252d,0.008036
SPG,21,113,sector_wedge,0.003872
SPG,21,114,rv_5d,0.020352
SPG,21,114,rv_10d,0.055036
SPG,21,114,rv_21d,0.216879
SPG,21,114,rv_63d,0.01754
SPG,21,114,rv_126d,0.019248
SPG,21,114,ewma_vol,0.188552
SPG,21,114,garch_cond_vol,0.133533
SPG,21,114,ret_TARGET,0.0
SPG,21,114,tech_RSI,0.002075
SPG,21,114,tech_MACD_hist,0.004574
SPG,21,114,ret_VIXY,0.001588
SPG,21,114,mom21_VIXY,0.006279
SPG,21,114,ret_HYG,0.0
SPG,21,114,mom21_HYG,0.002024
SPG,21,114,ret_USO,0.0
SPG,21,114,mom21_USO,0.004771
SPG,21,114,ret_TLT,0.0
SPG,21,114,mom21_TLT,0.004056
SPG,21,114,ret_UUP,0.0
SPG,21,114,mom21_UUP,0.001618
SPG,21,114,ret_SPY,0.005668
SPG,21,114,mom21_SPY,0.003326
SPG,21,114,vol_vel,0.004839
SPG,21,114,vol_of_vol,0.012263
SPG,21,114,vol_regime_zscore,0.013714
SPG,21,114,vol_chg_21d,0.015278
SPG,21,114,event_fed_gravity,0.006938
SPG,21,114,event_earn_gravity,0.0
SPG,21,114,event_div_gravity,0.0
SPG,21,114,event_cpi_gravity,0.008484
SPG,21,114,event_nfp_gravity,0.006592
SPG,21,114,put_call_skew_30d,0.0
SPG,21,114,term_structure_slope,0.007068
SPG,21,114,vrp_wedge,0.012974
SPG,21,114,iv_atm_z_score,0.016792
SPG,21,114,macro_yield_curve_slope,0.00764
SPG,21,114,macro_hy_spread,0.005217
SPG,21,114,macro_hy_spread_chg_5d,0.0
SPG,21,114,macro_breakeven_5y,0.022963
SPG,21,114,macro_inflation_fwd_5y5y,0.043942
SPG,21,114,macro_inflation_fwd_chg_21d,0.002404
SPG,21,114,macro_inflation_fwd_abs_chg_21d,0.001326
SPG,21,114,macro_inflation_fwd_chg_63d,0.004794
SPG,21,114,macro_inflation_fwd_zscore,0.046062
SPG,21,114,macro_dollar_ret,0.0
SPG,21,114,beta_spy,0.005757
SPG,21,114,res_vol,0.02887
SPG,21,114,res_vol_vel,0.010667
SPG,21,114,price_regime,0.014553
SPG,21,114,corr_sector_21d,0.002574
SPG,21,114,corr_sector_252d,0.008674
SPG,21,114,sector_wedge,0.002492
SPG,21,115,rv_5d,0.025156
SPG,21,115,rv_10d,0.058616
SPG,21,115,rv_21d,0.194297
SPG,21,115,rv_63d,0.018778
SPG,21,115,rv_126d,0.020133
SPG,21,115,ewma_vol,0.145975
SPG,21,115,garch_cond_vol,0.191375
SPG,21,115,ret_TARGET,0.0
SPG,21,115,tech_RSI,0.002642
SPG,21,115,tech_MACD_hist,0.004241
SPG,21,115,ret_VIXY,0.001555
SPG,21,115,mom21_VIXY,0.005546
SPG,21,115,ret_HYG,0.0
SPG,21,115,mom21_HYG,0.001428
SPG,21,115,ret_USO,0.0
SPG,21,115,mom21_USO,0.004388
SPG,21,115,ret_TLT,0.0
SPG,21,115,mom21_TLT,0.0038
SPG,21,115,ret_UUP,0.0
SPG,21,115,mom21_UUP,0.002127
SPG,21,115,ret_SPY,0.009036
SPG,21,115,mom21_SPY,0.005608
SPG,21,115,vol_vel,0.00407
SPG,21,115,vol_of_vol,0.009356
SPG,21,115,vol_regime_zscore,0.012951
SPG,21,115,vol_chg_21d,0.018225
SPG,21,115,event_fed_gravity,0.004989
SPG,21,115,event_earn_gravity,0.0
SPG,21,115,event_div_gravity,0.0
SPG,21,115,event_cpi_gravity,0.008646
SPG,21,115,event_nfp_gravity,0.010604
SPG,21,115,put_call_skew_30d,0.0
SPG,21,115,term_structure_slope,0.006969
SPG,21,115,vrp_wedge,0.011138
SPG,21,115,iv_atm_z_score,0.016685
SPG,21,115,macro_yield_curve_slope,0.007634
SPG,21,115,macro_hy_spread,0.00447
SPG,21,115,macro_hy_spread_chg_5d,0.0
SPG,21,115,macro_breakeven_5y,0.027313
SPG,21,115,macro_inflation_fwd_5y5y,0.037276
SPG,21,115,macro_inflation_fwd_chg_21d,0.002137
SPG,21,115,macro_inflation_fwd_abs_chg_21d,0.003385
SPG,21,115,macro_inflation_fwd_chg_63d,0.007624
SPG,21,115,macro_inflation_fwd_zscore,0.054037
SPG,21,115,macro_dollar_ret,0.0
SPG,21,115,beta_spy,0.004828
SPG,21,115,res_vol,0.023588
SPG,21,115,res_vol_vel,0.002285
SPG,21,115,price_regime,0.014479
SPG,21,115,corr_sector_21d,0.002409
SPG,21,115,corr_sector_252d,0.006996
SPG,21,115,sector_wedge,0.003206
SPG,21,116,rv_5d,0.024354
SPG,21,116,rv_10d,0.065094
SPG,21,116,rv_21d,0.23495
SPG,21,116,rv_63d,0.022302
SPG,21,116,rv_126d,0.017266
SPG,21,116,ewma_vol,0.195317
SPG,21,116,garch_cond_vol,0.096784
SPG,21,116,ret_TARGET,0.0
SPG,21,116,tech_RSI,0.002322
SPG,21,116,tech_MACD_hist,0.005463
SPG,21,116,ret_VIXY,0.001187
SPG,21,116,mom21_VIXY,0.005556
SPG,21,116,ret_HYG,0.0
SPG,21,116,mom21_HYG,0.00441
SPG,21,116,ret_USO,0.0
SPG,21,116,mom21_USO,0.004049
SPG,21,116,ret_TLT,0.0
SPG,21,116,mom21_TLT,0.004211
SPG,21,116,ret_UUP,0.0
SPG,21,116,mom21_UUP,0.004583
SPG,21,116,ret_SPY,0.005929
SPG,21,116,mom21_SPY,0.004363
SPG,21,116,vol_vel,0.003613
SPG,21,116,vol_of_vol,0.017908
SPG,21,116,vol_regime_zscore,0.012225
SPG,21,116,vol_chg_21d,0.014694
SPG,21,116,event_fed_gravity,0.005578
SPG,21,116,event_earn_gravity,0.0
SPG,21,116,event_div_gravity,0.0
SPG,21,116,event_cpi_gravity,0.007886
SPG,21,116,event_nfp_gravity,0.006817
SPG,21,116,put_call_skew_30d,0.001231
SPG,21,116,term_structure_slope,0.007456
SPG,21,116,vrp_wedge,0.012995
SPG,21,116,iv_atm_z_score,0.013142
SPG,21,116,macro_yield_curve_slope,0.008972
SPG,21,116,macro_hy_spread,0.004044
SPG,21,116,macro_hy_spread_chg_5d,0.0
SPG,21,116,macro_breakeven_5y,0.028689
SPG,21,116,macro_inflation_fwd_5y5y,0.035069
SPG,21,116,macro_inflation_fwd_chg_21d,0.002757
SPG,21,116,macro_inflation_fwd_abs_chg_21d,0.0
SPG,21,116,macro_inflation_fwd_chg_63d,0.006057
SPG,21,116,macro_inflation_fwd_zscore,0.044249
SPG,21,116,macro_dollar_ret,0.0
SPG,21,116,beta_spy,0.004971
SPG,21,116,res_vol,0.025984
SPG,21,116,res_vol_vel,0.010016
SPG,21,116,price_regime,0.013749
SPG,21,116,corr_sector_21d,0.002975
SPG,21,116,corr_sector_252d,0.007463
SPG,21,116,sector_wedge,0.003318
SPG,21,117,rv_5d,0.031457
SPG,21,117,rv_10d,0.056301
SPG,21,117,rv_21d,0.207319
SPG,21,117,rv_63d,0.017898
SPG,21,117,rv_126d,0.015646
SPG,21,117,ewma_vol,0.183533
SPG,21,117,garch_cond_vol,0.105437
SPG,21,117,ret_TARGET,0.0
SPG,21,117,tech_RSI,0.002434
SPG,21,117,tech_MACD_hist,0.004531
SPG,21,117,ret_VIXY,0.001488
SPG,21,117,mom21_VIXY,0.006166
SPG,21,117,ret_HYG,0.0
SPG,21,117,mom21_HYG,0.005375
SPG,21,117,ret_USO,0.0
SPG,21,117,mom21_USO,0.004162
SPG,21,117,ret_TLT,0.0
SPG,21,117,mom21_TLT,0.003868
SPG,21,117,ret_UUP,0.0
SPG,21,117,mom21_UUP,0.002446
SPG,21,117,ret_SPY,0.007216
SPG,21,117,mom21_SPY,0.004235
SPG,21,117,vol_vel,0.0
SPG,21,117,vol_of_vol,0.013217
SPG,21,117,vol_regime_zscore,0.011173
SPG,21,117,vol_chg_21d,0.019634
SPG,21,117,event_fed_gravity,0.00545
SPG,21,117,event_earn_gravity,0.0
SPG,21,117,event_div_gravity,0.0
SPG,21,117,event_cpi_gravity,0.005836
SPG,21,117,event_nfp_gravity,0.009761
SPG,21,117,put_call_skew_30d,0.001799
SPG,21,117,term_structure_slope,0.006728
SPG,21,117,vrp_wedge,0.013969
SPG,21,117,iv_atm_z_score,0.017227
SPG,21,117,macro_yield_curve_slope,0.006862
SPG,21,117,macro_hy_spread,0.004316
SPG,21,117,macro_hy_spread_chg_5d,0.0
SPG,21,117,macro_breakeven_5y,0.038514
SPG,21,117,macro_inflation_fwd_5y5y,0.033237
SPG,21,117,macro_inflation_fwd_chg_21d,0.002579
SPG,21,117,macro_inflation_fwd_abs_chg_21d,0.005465
SPG,21,117,macro_inflation_fwd_chg_63d,0.006627
SPG,21,117,macro_inflation_fwd_zscore,0.045965
SPG,21,117,macro_dollar_ret,0.0
SPG,21,117,beta_spy,0.004042
SPG,21,117,res_vol,0.030261
SPG,21,117,res_vol_vel,0.030225
SPG,21,117,price_regime,0.013978
SPG,21,117,corr_sector_21d,0.00267
SPG,21,117,corr_sector_252d,0.006557
SPG,21,117,sector_wedge,0.004396
SPG,21,118,rv_5d,0.028151
SPG,21,118,rv_10d,0.064831
SPG,21,118,rv_21d,0.211356
SPG,21,118,rv_63d,0.016425
SPG,21,118,rv_126d,0.020344
SPG,21,118,ewma_vol,0.161072
SPG,21,118,garch_cond_vol,0.127971
SPG,21,118,ret_TARGET,0.0
SPG,21,118,tech_RSI,0.002623
SPG,21,118,tech_MACD_hist,0.00421
SPG,21,118,ret_VIXY,0.001541
SPG,21,118,mom21_VIXY,0.00465
SPG,21,118,ret_HYG,0.0
SPG,21,118,mom21_HYG,0.006177
SPG,21,118,ret_USO,0.0
SPG,21,118,mom21_USO,0.00501
SPG,21,118,ret_TLT,0.0
SPG,21,118,mom21_TLT,0.004464
SPG,21,118,ret_UUP,0.0
SPG,21,118,mom21_UUP,0.003258
SPG,21,118,ret_SPY,0.007724
SPG,21,118,mom21_SPY,0.004892
SPG,21,118,vol_vel,0.003159
SPG,21,118,vol_of_vol,0.017543
SPG,21,118,vol_regime_zscore,0.012992
SPG,21,118,vol_chg_21d,0.021675
SPG,21,118,event_fed_gravity,0.005935
SPG,21,118,event_earn_gravity,0.0
SPG,21,118,event_div_gravity,0.0
SPG,21,118,event_cpi_gravity,0.007396
SPG,21,118,event_nfp_gravity,0.003027
SPG,21,118,put_call_skew_30d,0.001357
SPG,21,118,term_structure_slope,0.00832
SPG,21,118,vrp_wedge,0.012936
SPG,21,118,iv_atm_z_score,0.013587
SPG,21,118,macro_yield_curve_slope,0.008958
SPG,21,118,macro_hy_spread,0.00483
SPG,21,118,macro_hy_spread_chg_5d,0.002349
SPG,21,118,macro_breakeven_5y,0.037162
SPG,21,118,macro_inflation_fwd_5y5y,0.036427
SPG,21,118,macro_inflation_fwd_chg_21d,0.00244
SPG,21,118,macro_inflation_fwd_abs_chg_21d,0.0
SPG,21,118,macro_inflation_fwd_chg_63d,0.009211
SPG,21,118,macro_inflation_fwd_zscore,0.049939
SPG,21,118,macro_dollar_ret,0.0
SPG,21,118,beta_spy,0.004136
SPG,21,118,res_vol,0.026006
SPG,21,118,res_vol_vel,0.008285
SPG,21,118,price_regime,0.014514
SPG,21,118,corr_sector_21d,0.002256
SPG,21,118,corr_sector_252d,0.008007
SPG,21,118,sector_wedge,0.002856
SPG,21,119,rv_5d,0.033491
SPG,21,119,rv_10d,0.060823
SPG,21,119,rv_21d,0.202367
SPG,21,119,rv_63d,0.017124
SPG,21,119,rv_126d,0.019661
SPG,21,119,ewma_vol,0.157479
SPG,21,119,garch_cond_vol,0.133898
SPG,21,119,ret_TARGET,0.001311
SPG,21,119,tech_RSI,0.003319
SPG,21,119,tech_MACD_hist,0.004563
SPG,21,119,ret_VIXY,0.001724
SPG,21,119,mom21_VIXY,0.006199
SPG,21,119,ret_HYG,0.0
SPG,21,119,mom21_HYG,0.009576
SPG,21,119,ret_USO,0.0
SPG,21,119,mom21_USO,0.004959
SPG,21,119,ret_TLT,0.0
SPG,21,119,mom21_TLT,0.004626
SPG,21,119,ret_UUP,0.0
SPG,21,119,mom21_UUP,0.001694
SPG,21,119,ret_SPY,0.006218
SPG,21,119,mom21_SPY,0.004689
SPG,21,119,vol_vel,0.005235
SPG,21,119,vol_of_vol,0.017262
SPG,21,119,vol_regime_zscore,0.012914
SPG,21,119,vol_chg_21d,0.016681
SPG,21,119,event_fed_gravity,0.00571
SPG,21,119,event_earn_gravity,0.0
SPG,21,119,event_div_gravity,0.0
SPG,21,119,event_cpi_gravity,0.0076
SPG,21,119,event_nfp_gravity,0.006949
SPG,21,119,put_call_skew_30d,0.002849
SPG,21,119,term_structure_slope,0.004958
SPG,21,119,vrp_wedge,0.015652
SPG,21,119,iv_atm_z_score,0.015752
SPG,21,119,macro_yield_curve_slope,0.009819
SPG,21,119,macro_hy_spread,0.005337
SPG,21,119,macro_hy_spread_chg_5d,0.001494
SPG,21,119,macro_breakeven_5y,0.035339
SPG,21,119,macro_inflation_fwd_5y5y,0.037306
SPG,21,119,macro_inflation_fwd_chg_21d,0.002626
SPG,21,119,macro_inflation_fwd_abs_chg_21d,0.001404
SPG,21,119,macro_inflation_fwd_chg_63d,0.008093
SPG,21,119,macro_inflation_fwd_zscore,0.045423
SPG,21,119,macro_dollar_ret,0.0
SPG,21,119,beta_spy,0.004533
SPG,21,119,res_vol,0.027254
SPG,21,119,res_vol_vel,0.009791
SPG,21,119,price_regime,0.012976
SPG,21,119,corr_sector_21d,0.002681
SPG,21,119,corr_sector_252d,0.007631
SPG,21,119,sector_wedge,0.003011
SPG,21,120,rv_5d,0.042489
SPG,21,120,rv_10d,0.053193
SPG,21,120,rv_21d,0.219615
SPG,21,120,rv_63d,0.01855
SPG,21,120,rv_126d,0.019417
SPG,21,120,ewma_vol,0.173122
SPG,21,120,garch_cond_vol,0.099329
SPG,21,120,ret_TARGET,0.0
SPG,21,120,tech_RSI,0.002685
SPG,21,120,tech_MACD_hist,0.006153
SPG,21,120,ret_VIXY,0.001563
SPG,21,120,mom21_VIXY,0.004914
SPG,21,120,ret_HYG,0.0
SPG,21,120,mom21_HYG,0.00172
SPG,21,120,ret_USO,0.0
SPG,21,120,mom21_USO,0.00561
SPG,21,120,ret_TLT,0.0
SPG,21,120,mom21_TLT,0.004665
SPG,21,120,ret_UUP,0.0
SPG,21,120,mom21_UUP,0.004579
SPG,21,120,ret_SPY,0.006924
SPG,21,120,mom21_SPY,0.004665
SPG,21,120,vol_vel,0.003604
SPG,21,120,vol_of_vol,0.016289
SPG,21,120,vol_regime_zscore,0.012495
SPG,21,120,vol_chg_21d,0.013276
SPG,21,120,event_fed_gravity,0.006467
SPG,21,120,event_earn_gravity,0.0
SPG,21,120,event_div_gravity,0.0
SPG,21,120,event_cpi_gravity,0.005911
SPG,21,120,event_nfp_gravity,0.007819
SPG,21,120,put_call_skew_30d,0.011783
SPG,21,120,term_structure_slope,0.005959
SPG,21,120,vrp_wedge,0.014219
SPG,21,120,iv_atm_z_score,0.015932
SPG,21,120,macro_yield_curve_slope,0.009536
SPG,21,120,macro_hy_spread,0.004746
SPG,21,120,macro_hy_spread_chg_5d,0.0
SPG,21,120,macro_breakeven_5y,0.038078
SPG,21,120,macro_inflation_fwd_5y5y,0.03393
SPG,21,120,macro_inflation_fwd_chg_21d,0.00245
SPG,21,120,macro_inflation_fwd_abs_chg_21d,0.003135
SPG,21,120,macro_inflation_fwd_chg_63d,0.006546
SPG,21,120,macro_inflation_fwd_zscore,0.046475
SPG,21,120,macro_dollar_ret,0.0
SPG,21,120,beta_spy,0.00456
SPG,21,120,res_vol,0.024842
SPG,21,120,res_vol_vel,0.01137
SPG,21,120,price_regime,0.016788
SPG,21,120,corr_sector_21d,0.002823
SPG,21,120,corr_sector_252d,0.00813
SPG,21,120,sector_wedge,0.003641
SPG,21,121,rv_5d,0.032485
SPG,21,121,rv_10d,0.066736
SPG,21,121,rv_21d,0.220152
SPG,21,121,rv_63d,0.016547
SPG,21,121,rv_126d,0.01944
SPG,21,121,ewma_vol,0.173065
SPG,21,121,garch_cond_vol,0.130235
SPG,21,121,ret_TARGET,0.0
SPG,21,121,tech_RSI,0.003294
SPG,21,121,tech_MACD_hist,0.005435
SPG,21,121,ret_VIXY,0.001788
SPG,21,121,mom21_VIXY,0.006337
SPG,21,121,ret_HYG,0.0
SPG,21,121,mom21_HYG,0.004564
SPG,21,121,ret_USO,0.0
SPG,21,121,mom21_USO,0.004322
SPG,21,121,ret_TLT,0.0
SPG,21,121,mom21_TLT,0.004269
SPG,21,121,ret_UUP,0.0
SPG,21,121,mom21_UUP,0.003502
SPG,21,121,ret_SPY,0.00593
SPG,21,121,mom21_SPY,0.007247
SPG,21,121,vol_vel,0.005095
SPG,21,121,vol_of_vol,0.016793
SPG,21,121,vol_regime_zscore,0.012445
SPG,21,121,vol_chg_21d,0.015087
SPG,21,121,event_fed_gravity,0.005741
SPG,21,121,event_earn_gravity,0.0
SPG,21,121,event_div_gravity,0.0
SPG,21,121,event_cpi_gravity,0.006002
SPG,21,121,event_nfp_gravity,0.004639
SPG,21,121,put_call_skew_30d,0.0
SPG,21,121,term_structure_slope,0.005259
SPG,21,121,vrp_wedge,0.014393
SPG,21,121,iv_atm_z_score,0.015484
SPG,21,121,macro_yield_curve_slope,0.009471
SPG,21,121,macro_hy_spread,0.005278
SPG,21,121,macro_hy_spread_chg_5d,0.002248
SPG,21,121,macro_breakeven_5y,0.031659
SPG,21,121,macro_inflation_fwd_5y5y,0.034485
SPG,21,121,macro_inflation_fwd_chg_21d,0.001997
SPG,21,121,macro_inflation_fwd_abs_chg_21d,0.001624
SPG,21,121,macro_inflation_fwd_chg_63d,0.009297
SPG,21,121,macro_inflation_fwd_zscore,0.037365
SPG,21,121,macro_dollar_ret,0.0
SPG,21,121,beta_spy,0.004169
SPG,21,121,res_vol,0.023887
SPG,21,121,res_vol_vel,0.004455
SPG,21,121,price_regime,0.014191
SPG,21,121,corr_sector_21d,0.002337
SPG,21,121,corr_sector_252d,0.008622
SPG,21,121,sector_wedge,0.002628
SPG,21,122,rv_5d,0.033646
SPG,21,122,rv_10d,0.066687
SPG,21,122,rv_21d,0.209703
SPG,21,122,rv_63d,0.017006
SPG,21,122,rv_126d,0.017863
SPG,21,122,ewma_vol,0.215214
SPG,21,122,garch_cond_vol,0.101508
SPG,21,122,ret_TARGET,0.0
SPG,21,122,tech_RSI,0.002603
SPG,21,122,tech_MACD_hist,0.004542
SPG,21,122,ret_VIXY,0.001542
SPG,21,122,mom21_VIXY,0.00544
SPG,21,122,ret_HYG,0.0
SPG,21,122,mom21_HYG,0.005895
SPG,21,122,ret_USO,0.0
SPG,21,122,mom21_USO,0.004786
SPG,21,122,ret_TLT,0.0
SPG,21,122,mom21_TLT,0.004776
SPG,21,122,ret_UUP,0.0
SPG,21,122,mom21_UUP,0.002397
SPG,21,122,ret_SPY,0.00887
SPG,21,122,mom21_SPY,0.006646
SPG,21,122,vol_vel,0.005484
SPG,21,122,vol_of_vol,0.016263
SPG,21,122,vol_regime_zscore,0.011239
SPG,21,122,vol_chg_21d,0.009614
SPG,21,122,event_fed_gravity,0.006192
SPG,21,122,event_earn_gravity,0.0
SPG,21,122,event_div_gravity,0.0
SPG,21,122,event_cpi_gravity,0.005775
SPG,21,122,event_nfp_gravity,0.004507
SPG,21,122,put_call_skew_30d,0.002296
SPG,21,122,term_structure_slope,0.004626
SPG,21,122,vrp_wedge,0.014549
SPG,21,122,iv_atm_z_score,0.014044
SPG,21,122,macro_yield_curve_slope,0.008136
SPG,21,122,macro_hy_spread,0.004098
SPG,21,122,macro_hy_spread_chg_5d,0.0
SPG,21,122,macro_breakeven_5y,0.036792
SPG,21,122,macro_inflation_fwd_5y5y,0.037704
SPG,21,122,macro_inflation_fwd_chg_21d,0.004074
SPG,21,122,macro_inflation_fwd_abs_chg_21d,0.004608
SPG,21,122,macro_inflation_fwd_chg_63d,0.008679
SPG,21,122,macro_inflation_fwd_zscore,0.038694
SPG,21,122,macro_dollar_ret,0.0
SPG,21,122,beta_spy,0.004878
SPG,21,122,res_vol,0.021209
SPG,21,122,res_vol_vel,0.002013
SPG,21,122,price_regime,0.011841
SPG,21,122,corr_sector_21d,0.002989
SPG,21,122,corr_sector_252d,0.008207
SPG,21,122,sector_wedge,0.002363
SPG,21,123,rv_5d,0.028006
SPG,21,123,rv_10d,0.064665
SPG,21,123,rv_21d,0.204255
SPG,21,123,rv_63d,0.017708
SPG,21,123,rv_126d,0.022185
SPG,21,123,ewma_vol,0.186164
SPG,21,123,garch_cond_vol,0.124218
SPG,21,123,ret_TARGET,0.0
SPG,21,123,tech_RSI,0.003132
SPG,21,123,tech_MACD_hist,0.003813
SPG,21,123,ret_VIXY,0.001581
SPG,21,123,mom21_VIXY,0.008774
SPG,21,123,ret_HYG,0.001914
SPG,21,123,mom21_HYG,0.00561
SPG,21,123,ret_USO,0.0
SPG,21,123,mom21_USO,0.004192
SPG,21,123,ret_TLT,0.0
SPG,21,123,mom21_TLT,0.00417
SPG,21,123,ret_UUP,0.0
SPG,21,123,mom21_UUP,0.003026
SPG,21,123,ret_SPY,0.004174
SPG,21,123,mom21_SPY,0.004896
SPG,21,123,vol_vel,0.004748
SPG,21,123,vol_of_vol,0.0174
SPG,21,123,vol_regime_zscore,0.013004
SPG,21,123,vol_chg_21d,0.012699
SPG,21,123,event_fed_gravity,0.006365
SPG,21,123,event_earn_gravity,0.0
SPG,21,123,event_div_gravity,0.0
SPG,21,123,event_cpi_gravity,0.008236
SPG,21,123,event_nfp_gravity,0.005062
SPG,21,123,put_call_skew_30d,0.0
SPG,21,123,term_structure_slope,0.005097
SPG,21,123,vrp_wedge,0.015457
SPG,21,123,iv_atm_z_score,0.014095
SPG,21,123,macro_yield_curve_slope,0.008128
SPG,21,123,macro_hy_spread,0.004411
SPG,21,123,macro_hy_spread_chg_5d,0.003725
SPG,21,123,macro_breakeven_5y,0.034659
SPG,21,123,macro_inflation_fwd_5y5y,0.036678
SPG,21,123,macro_inflation_fwd_chg_21d,0.001975
SPG,21,123,macro_inflation_fwd_abs_chg_21d,0.004602
SPG,21,123,macro_inflation_fwd_chg_63d,0.00698
SPG,21,123,macro_inflation_fwd_zscore,0.036841
SPG,21,123,macro_dollar_ret,0.0
SPG,21,123,beta_spy,0.005361
SPG,21,123,res_vol,0.02046
SPG,21,123,res_vol_vel,0.012494
SPG,21,123,price_regime,0.015596
SPG,21,123,corr_sector_21d,0.003331
SPG,21,123,corr_sector_252d,0.005907
SPG,21,123,sector_wedge,0.004207
SPG,21,124,rv_5d,0.029839
SPG,21,124,rv_10d,0.063845
SPG,21,124,rv_21d,0.204003
SPG,21,124,rv_63d,0.019012
SPG,21,124,rv_126d,0.022
SPG,21,124,ewma_vol,0.183078
SPG,21,124,garch_cond_vol,0.122167
SPG,21,124,ret_TARGET,0.0
SPG,21,124,tech_RSI,0.002289
SPG,21,124,tech_MACD_hist,0.002726
SPG,21,124,ret_VIXY,0.001521
SPG,21,124,mom21_VIXY,0.004979
SPG,21,124,ret_HYG,0.0
SPG,21,124,mom21_HYG,0.003279
SPG,21,124,ret_USO,0.001561
SPG,21,124,mom21_USO,0.004597
SPG,21,124,ret_TLT,0.0
SPG,21,124,mom21_TLT,0.004136
SPG,21,124,ret_UUP,0.0
SPG,21,124,mom21_UUP,0.002827
SPG,21,124,ret_SPY,0.003467
SPG,21,124,mom21_SPY,0.006822
SPG,21,124,vol_vel,0.004114
SPG,21,124,vol_of_vol,0.012262
SPG,21,124,vol_regime_zscore,0.014019
SPG,21,124,vol_chg_21d,0.020884
SPG,21,124,event_fed_gravity,0.005779
SPG,21,124,event_earn_gravity,0.0
SPG,21,124,event_div_gravity,0.0
SPG,21,124,event_cpi_gravity,0.007778
SPG,21,124,event_nfp_gravity,0.005082
SPG,21,124,put_call_skew_30d,0.004471
SPG,21,124,term_structure_slope,0.005264
SPG,21,124,vrp_wedge,0.015299
SPG,21,124,iv_atm_z_score,0.014751
SPG,21,124,macro_yield_curve_slope,0.008708
SPG,21,124,macro_hy_spread,0.003449
SPG,21,124,macro_hy_spread_chg_5d,0.0
SPG,21,124,macro_breakeven_5y,0.036324
SPG,21,124,macro_inflation_fwd_5y5y,0.035231
SPG,21,124,macro_inflation_fwd_chg_21d,0.003819
SPG,21,124,macro_inflation_fwd_abs_chg_21d,0.001837
SPG,21,124,macro_inflation_fwd_chg_63d,0.010612
SPG,21,124,macro_inflation_fwd_zscore,0.044183
SPG,21,124,macro_dollar_ret,0.0
SPG,21,124,beta_spy,0.004535
SPG,21,124,res_vol,0.022358
SPG,21,124,res_vol_vel,0.009986
SPG,21,124,price_regime,0.014628
SPG,21,124,corr_sector_21d,0.003362
SPG,21,124,corr_sector_252d,0.005912
SPG,21,124,sector_wedge,0.003204
SPG,21,125,rv_5d,0.031006
SPG,21,125,rv_10d,0.052874
SPG,21,125,rv_21d,0.222824
SPG,21,125,rv_63d,0.017007
SPG,21,125,rv_126d,0.023726
SPG,21,125,ewma_vol,0.177084
SPG,21,125,garch_cond_vol,0.105145
SPG,21,125,ret_TARGET,0.001992
SPG,21,125,tech_RSI,0.002254
SPG,21,125,tech_MACD_hist,0.003589
SPG,21,125,ret_VIXY,0.00161
SPG,21,125,mom21_VIXY,0.004826
SPG,21,125,ret_HYG,0.0
SPG,21,125,mom21_HYG,0.004801
SPG,21,125,ret_USO,0.0
SPG,21,125,mom21_USO,0.004073
SPG,21,125,ret_TLT,0.0
SPG,21,125,mom21_TLT,0.004333
SPG,21,125,ret_UUP,0.0
SPG,21,125,mom21_UUP,0.003107
SPG,21,125,ret_SPY,0.005942
SPG,21,125,mom21_SPY,0.007434
SPG,21,125,vol_vel,0.004753
SPG,21,125,vol_of_vol,0.011789
SPG,21,125,vol_regime_zscore,0.011997
SPG,21,125,vol_chg_21d,0.022365
SPG,21,125,event_fed_gravity,0.006203
SPG,21,125,event_earn_gravity,0.0
SPG,21,125,event_div_gravity,0.0
SPG,21,125,event_cpi_gravity,0.006878
SPG,21,125,event_nfp_gravity,0.003136
SPG,21,125,put_call_skew_30d,0.002697
SPG,21,125,term_structure_slope,0.005541
SPG,21,125,vrp_wedge,0.013814
SPG,21,125,iv_atm_z_score,0.016203
SPG,21,125,macro_yield_curve_slope,0.008201
SPG,21,125,macro_hy_spread,0.003959
SPG,21,125,macro_hy_spread_chg_5d,0.0
SPG,21,125,macro_breakeven_5y,0.035523
SPG,21,125,macro_inflation_fwd_5y5y,0.031653
SPG,21,125,macro_inflation_fwd_chg_21d,0.00195
SPG,21,125,macro_inflation_fwd_abs_chg_21d,0.001515
SPG,21,125,macro_inflation_fwd_chg_63d,0.007945
SPG,21,125,macro_inflation_fwd_zscore,0.070138
SPG,21,125,macro_dollar_ret,0.0
SPG,21,125,beta_spy,0.004535
SPG,21,125,res_vol,0.021708
SPG,21,125,res_vol_vel,0.007214
SPG,21,125,price_regime,0.016223
SPG,21,125,corr_sector_21d,0.001709
SPG,21,125,corr_sector_252d,0.00643
SPG,21,125,sector_wedge,0.002291
SPG,21,126,rv_5d,0.027564
SPG,21,126,rv_10d,0.074172
SPG,21,126,rv_21d,0.216867
SPG,21,126,rv_63d,0.019412
SPG,21,126,rv_126d,0.0208
SPG,21,126,ewma_vol,0.163143
SPG,21,126,garch_cond_vol,0.119776
SPG,21,126,ret_TARGET,0.0
SPG,21,126,tech_RSI,0.002745
SPG,21,126,tech_MACD_hist,0.003122
SPG,21,126,ret_VIXY,0.001311
SPG,21,126,mom21_VIXY,0.003567
SPG,21,126,ret_HYG,0.0
SPG,21,126,mom21_HYG,0.002582
SPG,21,126,ret_USO,0.0
SPG,21,126,mom21_USO,0.004449
SPG,21,126,ret_TLT,0.0
SPG,21,126,mom21_TLT,0.003945
SPG,21,126,ret_UUP,0.0
SPG,21,126,mom21_UUP,0.003105
SPG,21,126,ret_SPY,0.005601
SPG,21,126,mom21_SPY,0.005924
SPG,21,126,vol_vel,0.005533
SPG,21,126,vol_of_vol,0.012849
SPG,21,126,vol_regime_zscore,0.012081
SPG,21,126,vol_chg_21d,0.015186
SPG,21,126,event_fed_gravity,0.005527
SPG,21,126,event_earn_gravity,0.0
SPG,21,126,event_div_gravity,0.0
SPG,21,126,event_cpi_gravity,0.00718
SPG,21,126,event_nfp_gravity,0.00493
SPG,21,126,put_call_skew_30d,0.003576
SPG,21,126,term_structure_slope,0.009266
SPG,21,126,vrp_wedge,0.012695
SPG,21,126,iv_atm_z_score,0.014325
SPG,21,126,macro_yield_curve_slope,0.00788
SPG,21,126,macro_hy_spread,0.004049
SPG,21,126,macro_hy_spread_chg_5d,0.003494
SPG,21,126,macro_breakeven_5y,0.035984
SPG,21,126,macro_inflation_fwd_5y5y,0.035403
SPG,21,126,macro_inflation_fwd_chg_21d,0.001785
SPG,21,126,macro_inflation_fwd_abs_chg_21d,0.004315
SPG,21,126,macro_inflation_fwd_chg_63d,0.007419
SPG,21,126,macro_inflation_fwd_zscore,0.055387
SPG,21,126,macro_dollar_ret,0.0
SPG,21,126,beta_spy,0.004397
SPG,21,126,res_vol,0.020893
SPG,21,126,res_vol_vel,0.004061
SPG,21,126,price_regime,0.021595
SPG,21,126,corr_sector_21d,0.003053
SPG,21,126,corr_sector_252d,0.005382
SPG,21,126,sector_wedge,0.003668
SPG,21,127,rv_5d,0.028007
SPG,21,127,rv_10d,0.085065
SPG,21,127,rv_21d,0.209864
SPG,21,127,rv_63d,0.014899
SPG,21,127,rv_126d,0.026122
SPG,21,127,ewma_vol,0.12284
SPG,21,127,garch_cond_vol,0.135054
SPG,21,127,ret_TARGET,0.0
SPG,21,127,tech_RSI,0.002703
SPG,21,127,tech_MACD_hist,0.003454
SPG,21,127,ret_VIXY,0.001642
SPG,21,127,mom21_VIXY,0.009285
SPG,21,127,ret_HYG,0.0
SPG,21,127,mom21_HYG,0.002199
SPG,21,127,ret_USO,0.0
SPG,21,127,mom21_USO,0.004808
SPG,21,127,ret_TLT,0.0
SPG,21,127,mom21_TLT,0.003997
SPG,21,127,ret_UUP,0.0
SPG,21,127,mom21_UUP,0.002538
SPG,21,127,ret_SPY,0.003814
SPG,21,127,mom21_SPY,0.005592
SPG,21,127,vol_vel,0.004215
SPG,21,127,vol_of_vol,0.020495
SPG,21,127,vol_regime_zscore,0.011977
SPG,21,127,vol_chg_21d,0.013057
SPG,21,127,event_fed_gravity,0.005128
SPG,21,127,event_earn_gravity,0.0
SPG,21,127,event_div_gravity,0.0
SPG,21,127,event_cpi_gravity,0.007521
SPG,21,127,event_nfp_gravity,0.01367
SPG,21,127,put_call_skew_30d,0.00141
SPG,21,127,term_structure_slope,0.00887
SPG,21,127,vrp_wedge,0.01535
SPG,21,127,iv_atm_z_score,0.018386
SPG,21,127,macro_yield_curve_slope,0.007655
SPG,21,127,macro_hy_spread,0.004028
SPG,21,127,macro_hy_spread_chg_5d,0.003342
SPG,21,127,macro_breakeven_5y,0.036632
SPG,21,127,macro_inflation_fwd_5y5y,0.037602
SPG,21,127,macro_inflation_fwd_chg_21d,0.001872
SPG,21,127,macro_inflation_fwd_abs_chg_21d,0.0
SPG,21,127,macro_inflation_fwd_chg_63d,0.008551
SPG,21,127,macro_inflation_fwd_zscore,0.039901
SPG,21,127,macro_dollar_ret,0.0
SPG,21,127,beta_spy,0.004934
SPG,21,127,res_vol,0.024294
SPG,21,127,res_vol_vel,0.015385
SPG,21,127,price_regime,0.020595
SPG,21,127,corr_sector_21d,0.003378
SPG,21,127,corr_sector_252d,0.00612
SPG,21,127,sector_wedge,0.00375
SPG,21,128,rv_5d,0.026759
SPG,21,128,rv_10d,0.071596
SPG,21,128,rv_21d,0.213632
SPG,21,128,rv_63d,0.02096
SPG,21,128,rv_126d,0.022446
SPG,21,128,ewma_vol,0.172128
SPG,21,128,garch_cond_vol,0.09126
SPG,21,128,ret_TARGET,0.0
SPG,21,128,tech_RSI,0.002141
SPG,21,128,tech_MACD_hist,0.003988
SPG,21,128,ret_VIXY,0.001676
SPG,21,128,mom21_VIXY,0.005211
SPG,21,128,ret_HYG,0.0
SPG,21,128,mom21_HYG,0.003465
SPG,21,128,ret_USO,0.0
SPG,21,128,mom21_USO,0.004773
SPG,21,128,ret_TLT,0.0
SPG,21,128,mom21_TLT,0.004261
SPG,21,128,ret_UUP,0.0
SPG,21,128,mom21_UUP,0.002845
SPG,21,128,ret_SPY,0.003464
SPG,21,128,mom21_SPY,0.006569
SPG,21,128,vol_vel,0.004528
SPG,21,128,vol_of_vol,0.023251
SPG,21,128,vol_regime_zscore,0.012774
SPG,21,128,vol_chg_21d,0.015468
SPG,21,128,event_fed_gravity,0.0059
SPG,21,128,event_earn_gravity,0.0
SPG,21,128,event_div_gravity,0.0
SPG,21,128,event_cpi_gravity,0.006639
SPG,21,128,event_nfp_gravity,0.013588
SPG,21,128,put_call_skew_30d,0.003761
SPG,21,128,term_structure_slope,0.005804
SPG,21,128,vrp_wedge,0.016049
SPG,21,128,iv_atm_z_score,0.015915
SPG,21,128,macro_yield_curve_slope,0.007362
SPG,21,128,macro_hy_spread,0.004141
SPG,21,128,macro_hy_spread_chg_5d,0.0
SPG,21,128,macro_breakeven_5y,0.033263
SPG,21,128,macro_inflation_fwd_5y5y,0.035443
SPG,21,128,macro_inflation_fwd_chg_21d,0.002142
SPG,21,128,macro_inflation_fwd_abs_chg_21d,0.001674
SPG,21,128,macro_inflation_fwd_chg_63d,0.008658
SPG,21,128,macro_inflation_fwd_zscore,0.054268
SPG,21,128,macro_dollar_ret,0.0
SPG,21,128,beta_spy,0.00513
SPG,21,128,res_vol,0.023416
SPG,21,128,res_vol_vel,0.012936
SPG,21,128,price_regime,0.018116
SPG,21,128,corr_sector_21d,0.003865
SPG,21,128,corr_sector_252d,0.006211
SPG,21,128,sector_wedge,0.002523
SPG,21,129,rv_5d,0.019348
SPG,21,129,rv_10d,0.083478
SPG,21,129,rv_21d,0.206367
SPG,21,129,rv_63d,0.016482
SPG,21,129,rv_126d,0.024739
SPG,21,129,ewma_vol,0.139394
SPG,21,129,garch_cond_vol,0.134667
SPG,21,129,ret_TARGET,0.0
SPG,21,129,tech_RSI,0.003191
SPG,21,129,tech_MACD_hist,0.00423
SPG,21,129,ret_VIXY,0.001322
SPG,21,129,mom21_VIXY,0.007214
SPG,21,129,ret_HYG,0.0
SPG,21,129,mom21_HYG,0.003311
SPG,21,129,ret_USO,0.0
SPG,21,129,mom21_USO,0.004738
SPG,21,129,ret_TLT,0.0
SPG,21,129,mom21_TLT,0.004399
SPG,21,129,ret_UUP,0.0
SPG,21,129,mom21_UUP,0.002389
SPG,21,129,ret_SPY,0.003869
SPG,21,129,mom21_SPY,0.00567
SPG,21,129,vol_vel,0.005044
SPG,21,129,vol_of_vol,0.017278
SPG,21,129,vol_regime_zscore,0.014526
SPG,21,129,vol_chg_21d,0.012596
SPG,21,129,event_fed_gravity,0.00611
SPG,21,129,event_earn_gravity,0.0
SPG,21,129,event_div_gravity,0.0
SPG,21,129,event_cpi_gravity,0.008965
SPG,21,129,event_nfp_gravity,0.006552
SPG,21,129,put_call_skew_30d,0.001389
SPG,21,129,term_structure_slope,0.006054
SPG,21,129,vrp_wedge,0.017273
SPG,21,129,iv_atm_z_score,0.019771
SPG,21,129,macro_yield_curve_slope,0.009806
SPG,21,129,macro_hy_spread,0.004259
SPG,21,129,macro_hy_spread_chg_5d,0.0
SPG,21,129,macro_breakeven_5y,0.033489
SPG,21,129,macro_inflation_fwd_5y5y,0.038052
SPG,21,129,macro_inflation_fwd_chg_21d,0.002189
SPG,21,129,macro_inflation_fwd_abs_chg_21d,0.0
SPG,21,129,macro_inflation_fwd_chg_63d,0.006905
SPG,21,129,macro_inflation_fwd_zscore,0.054963
SPG,21,129,macro_dollar_ret,0.0
SPG,21,129,beta_spy,0.004925
SPG,21,129,res_vol,0.021434
SPG,21,129,res_vol_vel,0.00927
SPG,21,129,price_regime,0.019235
SPG,21,129,corr_sector_21d,0.004031
SPG,21,129,corr_sector_252d,0.006118
SPG,21,129,sector_wedge,0.004956
SPG,21,130,rv_5d,0.056617
SPG,21,130,rv_10d,0.06634
SPG,21,130,rv_21d,0.202441
SPG,21,130,rv_63d,0.019834
SPG,21,130,rv_126d,0.025767
SPG,21,130,ewma_vol,0.142067
SPG,21,130,garch_cond_vol,0.123793
SPG,21,130,ret_TARGET,0.0
SPG,21,130,tech_RSI,0.002831
SPG,21,130,tech_MACD_hist,0.004019
SPG,21,130,ret_VIXY,0.001813
SPG,21,130,mom21_VIXY,0.006953
SPG,21,130,ret_HYG,0.0
SPG,21,130,mom21_HYG,0.005249
SPG,21,130,ret_USO,0.001434
SPG,21,130,mom21_USO,0.005586
SPG,21,130,ret_TLT,0.0
SPG,21,130,mom21_TLT,0.004512
SPG,21,130,ret_UUP,0.0
SPG,21,130,mom21_UUP,0.003042
SPG,21,130,ret_SPY,0.004818
SPG,21,130,mom21_SPY,0.006191
SPG,21,130,vol_vel,0.004306
SPG,21,130,vol_of_vol,0.01499
SPG,21,130,vol_regime_zscore,0.015627
SPG,21,130,vol_chg_21d,0.016746
SPG,21,130,event_fed_gravity,0.006303
SPG,21,130,event_earn_gravity,0.0
SPG,21,130,event_div_gravity,0.0
SPG,21,130,event_cpi_gravity,0.009106
SPG,21,130,event_nfp_gravity,0.008023
SPG,21,130,put_call_skew_30d,0.004058
SPG,21,130,term_structure_slope,0.005475
SPG,21,130,vrp_wedge,0.017551
SPG,21,130,iv_atm_z_score,0.017677
SPG,21,130,macro_yield_curve_slope,0.00876
SPG,21,130,macro_hy_spread,0.004258
SPG,21,130,macro_hy_spread_chg_5d,0.0
SPG,21,130,macro_breakeven_5y,0.034854
SPG,21,130,macro_inflation_fwd_5y5y,0.036339
SPG,21,130,macro_inflation_fwd_chg_21d,0.002217
SPG,21,130,macro_inflation_fwd_abs_chg_21d,0.0
SPG,21,130,macro_inflation_fwd_chg_63d,0.007091
SPG,21,130,macro_inflation_fwd_zscore,0.03414
SPG,21,130,macro_dollar_ret,0.0
SPG,21,130,beta_spy,0.00593
SPG,21,130,res_vol,0.026197
SPG,21,130,res_vol_vel,0.005176
SPG,21,130,price_regime,0.019339
SPG,21,130,corr_sector_21d,0.003343
SPG,21,130,corr_sector_252d,0.006578
SPG,21,130,sector_wedge,0.002609
SPG,21,131,rv_5d,0.02599
SPG,21,131,rv_10d,0.064275
SPG,21,131,rv_21d,0.191958
SPG,21,131,rv_63d,0.023458
SPG,21,131,rv_126d,0.02411
SPG,21,131,ewma_vol,0.18584
SPG,21,131,garch_cond_vol,0.131195
SPG,21,131,ret_TARGET,0.0
SPG,21,131,tech_RSI,0.00187
SPG,21,131,tech_MACD_hist,0.00366
SPG,21,131,ret_VIXY,0.001644
SPG,21,131,mom21_VIXY,0.005694
SPG,21,131,ret_HYG,0.0
SPG,21,131,mom21_HYG,0.00317
SPG,21,131,ret_USO,0.0
SPG,21,131,mom21_USO,0.004606
SPG,21,131,ret_TLT,0.0
SPG,21,131,mom21_TLT,0.004336
SPG,21,131,ret_UUP,0.0
SPG,21,131,mom21_UUP,0.002494
SPG,21,131,ret_SPY,0.003627
SPG,21,131,mom21_SPY,0.005643
SPG,21,131,vol_vel,0.005715
SPG,21,131,vol_of_vol,0.015766
SPG,21,131,vol_regime_zscore,0.012308
SPG,21,131,vol_chg_21d,0.011015
SPG,21,131,event_fed_gravity,0.005647
SPG,21,131,event_earn_gravity,0.0
SPG,21,131,event_div_gravity,0.0
SPG,21,131,event_cpi_gravity,0.008251
SPG,21,131,event_nfp_gravity,0.01075
SPG,21,131,put_call_skew_30d,0.0
SPG,21,131,term_structure_slope,0.009525
SPG,21,131,vrp_wedge,0.014462
SPG,21,131,iv_atm_z_score,0.014646
SPG,21,131,macro_yield_curve_slope,0.008115
SPG,21,131,macro_hy_spread,0.003691
SPG,21,131,macro_hy_spread_chg_5d,0.002676
SPG,21,131,macro_breakeven_5y,0.035939
SPG,21,131,macro_inflation_fwd_5y5y,0.034165
SPG,21,131,macro_inflation_fwd_chg_21d,0.005176
SPG,21,131,macro_inflation_fwd_abs_chg_21d,0.001341
SPG,21,131,macro_inflation_fwd_chg_63d,0.007251
SPG,21,131,macro_inflation_fwd_zscore,0.043741
SPG,21,131,macro_dollar_ret,0.0
SPG,21,131,beta_spy,0.00432
SPG,21,131,res_vol,0.021406
SPG,21,131,res_vol_vel,0.00785
SPG,21,131,price_regime,0.020826
SPG,21,131,corr_sector_21d,0.00298
SPG,21,131,corr_sector_252d,0.004872
SPG,21,131,sector_wedge,0.003996
SPG,21,132,rv_5d,0.013117
SPG,21,132,rv_10d,0.094679
SPG,21,132,rv_21d,0.197184
SPG,21,132,rv_63d,0.018825
SPG,21,132,rv_126d,0.024741
SPG,21,132,ewma_vol,0.120515
SPG,21,132,garch_cond_vol,0.140115
SPG,21,132,ret_TARGET,0.0
SPG,21,132,tech_RSI,0.002184
SPG,21,132,tech_MACD_hist,0.006421
SPG,21,132,ret_VIXY,0.001563
SPG,21,132,mom21_VIXY,0.006952
SPG,21,132,ret_HYG,0.0
SPG,21,132,mom21_HYG,0.003775
SPG,21,132,ret_USO,0.0
SPG,21,132,mom21_USO,0.005131
SPG,21,132,ret_TLT,0.0
SPG,21,132,mom21_TLT,0.004314
SPG,21,132,ret_UUP,0.0
SPG,21,132,mom21_UUP,0.002215
SPG,21,132,ret_SPY,0.003536
SPG,21,132,mom21_SPY,0.006469
SPG,21,132,vol_vel,0.004184
SPG,21,132,vol_of_vol,0.019892
SPG,21,132,vol_regime_zscore,0.012902
SPG,21,132,vol_chg_21d,0.016048
SPG,21,132,event_fed_gravity,0.005208
SPG,21,132,event_earn_gravity,0.0
SPG,21,132,event_div_gravity,0.0
SPG,21,132,event_cpi_gravity,0.008488
SPG,21,132,event_nfp_gravity,0.011505
SPG,21,132,put_call_skew_30d,0.0
SPG,21,132,term_structure_slope,0.010783
SPG,21,132,vrp_wedge,0.016762
SPG,21,132,iv_atm_z_score,0.016192
SPG,21,132,macro_yield_curve_slope,0.011026
SPG,21,132,macro_hy_spread,0.005719
SPG,21,132,macro_hy_spread_chg_5d,0.0
SPG,21,132,macro_breakeven_5y,0.036852
SPG,21,132,macro_inflation_fwd_5y5y,0.033861
SPG,21,132,macro_inflation_fwd_chg_21d,0.002686
SPG,21,132,macro_inflation_fwd_abs_chg_21d,0.001385
SPG,21,132,macro_inflation_fwd_chg_63d,0.007992
SPG,21,132,macro_inflation_fwd_zscore,0.054568
SPG,21,132,macro_dollar_ret,0.0
SPG,21,132,beta_spy,0.005052
SPG,21,132,res_vol,0.021294
SPG,21,132,res_vol_vel,0.011073
SPG,21,132,price_regime,0.023977
SPG,21,132,corr_sector_21d,0.002265
SPG,21,132,corr_sector_252d,0.004631
SPG,21,132,sector_wedge,0.003918
SPG,21,133,rv_5d,0.019767
SPG,21,133,rv_10d,0.080127
SPG,21,133,rv_21d,0.203288
SPG,21,133,rv_63d,0.018032
SPG,21,133,rv_126d,0.023444
SPG,21,133,ewma_vol,0.158144
SPG,21,133,garch_cond_vol,0.109726
SPG,21,133,ret_TARGET,0.001739
SPG,21,133,tech_RSI,0.001951
SPG,21,133,tech_MACD_hist,0.00282
SPG,21,133,ret_VIXY,0.00179
SPG,21,133,mom21_VIXY,0.006441
SPG,21,133,ret_HYG,0.0
SPG,21,133,mom21_HYG,0.003724
SPG,21,133,ret_USO,0.0
SPG,21,133,mom21_USO,0.005065
SPG,21,133,ret_TLT,0.0
SPG,21,133,mom21_TLT,0.004064
SPG,21,133,ret_UUP,0.0
SPG,21,133,mom21_UUP,0.002273
SPG,21,133,ret_SPY,0.003792
SPG,21,133,mom21_SPY,0.00506
SPG,21,133,vol_vel,0.004199
SPG,21,133,vol_of_vol,0.021199
SPG,21,133,vol_regime_zscore,0.015336
SPG,21,133,vol_chg_21d,0.019124
SPG,21,133,event_fed_gravity,0.006576
SPG,21,133,event_earn_gravity,0.0
SPG,21,133,event_div_gravity,0.0
SPG,21,133,event_cpi_gravity,0.007466
SPG,21,133,event_nfp_gravity,0.005398
SPG,21,133,put_call_skew_30d,0.001449
SPG,21,133,term_structure_slope,0.011019
SPG,21,133,vrp_wedge,0.019399
SPG,21,133,iv_atm_z_score,0.014763
SPG,21,133,macro_yield_curve_slope,0.011128
SPG,21,133,macro_hy_spread,0.005827
SPG,21,133,macro_hy_spread_chg_5d,0.001778
SPG,21,133,macro_breakeven_5y,0.034544
SPG,21,133,macro_inflation_fwd_5y5y,0.034978
SPG,21,133,macro_inflation_fwd_chg_21d,0.002641
SPG,21,133,macro_inflation_fwd_abs_chg_21d,0.002022
SPG,21,133,macro_inflation_fwd_chg_63d,0.009113
SPG,21,133,macro_inflation_fwd_zscore,0.046132
SPG,21,133,macro_dollar_ret,0.0
SPG,21,133,beta_spy,0.004145
SPG,21,133,res_vol,0.02842
SPG,21,133,res_vol_vel,0.008732
SPG,21,133,price_regime,0.019414
SPG,21,133,corr_sector_21d,0.002967
SPG,21,133,corr_sector_252d,0.006269
SPG,21,133,sector_wedge,0.004712
SPG,21,134,rv_5d,0.027296
SPG,21,134,rv_10d,0.065255
SPG,21,134,rv_21d,0.210094
SPG,21,134,rv_63d,0.026203
SPG,21,134,rv_126d,0.026838
SPG,21,134,ewma_vol,0.145465
SPG,21,134,garch_cond_vol,0.117486
SPG,21,134,ret_TARGET,0.0
SPG,21,134,tech_RSI,0.002841
SPG,21,134,tech_MACD_hist,0.00333
SPG,21,134,ret_VIXY,0.0018
SPG,21,134,mom21_VIXY,0.010241
SPG,21,134,ret_HYG,0.0
SPG,21,134,mom21_HYG,0.004322
SPG,21,134,ret_USO,0.0
SPG,21,134,mom21_USO,0.005197
SPG,21,134,ret_TLT,0.0
SPG,21,134,mom21_TLT,0.004607
SPG,21,134,ret_UUP,0.0
SPG,21,134,mom21_UUP,0.003408
SPG,21,134,ret_SPY,0.004155
SPG,21,134,mom21_SPY,0.006869
SPG,21,134,vol_vel,0.003816
SPG,21,134,vol_of_vol,0.017677
SPG,21,134,vol_regime_zscore,0.013013
SPG,21,134,vol_chg_21d,0.009339
SPG,21,134,event_fed_gravity,0.006218
SPG,21,134,event_earn_gravity,0.0
SPG,21,134,event_div_gravity,0.0
SPG,21,134,event_cpi_gravity,0.008413
SPG,21,134,event_nfp_gravity,0.008208
SPG,21,134,put_call_skew_30d,0.0
SPG,21,134,term_structure_slope,0.012355
SPG,21,134,vrp_wedge,0.018351
SPG,21,134,iv_atm_z_score,0.014438
SPG,21,134,macro_yield_curve_slope,0.009329
SPG,21,134,macro_hy_spread,0.005053
SPG,21,134,macro_hy_spread_chg_5d,0.0
SPG,21,134,macro_breakeven_5y,0.037798
SPG,21,134,macro_inflation_fwd_5y5y,0.037397
SPG,21,134,macro_inflation_fwd_chg_21d,0.002704
SPG,21,134,macro_inflation_fwd_abs_chg_21d,0.001979
SPG,21,134,macro_inflation_fwd_chg_63d,0.00931
SPG,21,134,macro_inflation_fwd_zscore,0.057016
SPG,21,134,macro_dollar_ret,0.0
SPG,21,134,beta_spy,0.004144
SPG,21,134,res_vol,0.023438
SPG,21,134,res_vol_vel,0.004047
SPG,21,134,price_regime,0.017826
SPG,21,134,corr_sector_21d,0.00297
SPG,21,134,corr_sector_252d,0.005041
SPG,21,134,sector_wedge,0.004711
SPG,21,135,rv_5d,0.023876
SPG,21,135,rv_10d,0.081695
SPG,21,135,rv_21d,0.210631
SPG,21,135,rv_63d,0.031765
SPG,21,135,rv_126d,0.027686
SPG,21,135,ewma_vol,0.163962
SPG,21,135,garch_cond_vol,0.106754
SPG,21,135,ret_TARGET,0.0
SPG,21,135,tech_RSI,0.002521
SPG,21,135,tech_MACD_hist,0.003538
SPG,21,135,ret_VIXY,0.002065
SPG,21,135,mom21_VIXY,0.00714
SPG,21,135,ret_HYG,0.0
SPG,21,135,mom21_HYG,0.005433
SPG,21,135,ret_USO,0.0
SPG,21,135,mom21_USO,0.004514
SPG,21,135,ret_TLT,0.0
SPG,21,135,mom21_TLT,0.004399
SPG,21,135,ret_UUP,0.0
SPG,21,135,mom21_UUP,0.002309
SPG,21,135,ret_SPY,0.004177
SPG,21,135,mom21_SPY,0.006821
SPG,21,135,vol_vel,0.004697
SPG,21,135,vol_of_vol,0.01388
SPG,21,135,vol_regime_zscore,0.013576
SPG,21,135,vol_chg_21d,0.017028
SPG,21,135,event_fed_gravity,0.006874
SPG,21,135,event_earn_gravity,0.0
SPG,21,135,event_div_gravity,0.0
SPG,21,135,event_cpi_gravity,0.006556
SPG,21,135,event_nfp_gravity,0.010081
SPG,21,135,put_call_skew_30d,0.0
SPG,21,135,term_structure_slope,0.008473
SPG,21,135,vrp_wedge,0.017948
SPG,21,135,iv_atm_z_score,0.016343
SPG,21,135,macro_yield_curve_slope,0.00878
SPG,21,135,macro_hy_spread,0.004414
SPG,21,135,macro_hy_spread_chg_5d,0.002145
SPG,21,135,macro_breakeven_5y,0.035938
SPG,21,135,macro_inflation_fwd_5y5y,0.034153
SPG,21,135,macro_inflation_fwd_chg_21d,0.002673
SPG,21,135,macro_inflation_fwd_abs_chg_21d,0.001983
SPG,21,135,macro_inflation_fwd_chg_63d,0.008139
SPG,21,135,macro_inflation_fwd_zscore,0.035335
SPG,21,135,macro_dollar_ret,0.0
SPG,21,135,beta_spy,0.004353
SPG,21,135,res_vol,0.025937
SPG,21,135,res_vol_vel,0.001339
SPG,21,135,price_regime,0.015234
SPG,21,135,corr_sector_21d,0.003088
SPG,21,135,corr_sector_252d,0.008299
SPG,21,135,sector_wedge,0.003449
SPG,21,136,rv_5d,0.025539
SPG,21,136,rv_10d,0.097067
SPG,21,136,rv_21d,0.215745
SPG,21,136,rv_63d,0.02542
SPG,21,136,rv_126d,0.024178
SPG,21,136,ewma_vol,0.100545
SPG,21,136,garch_cond_vol,0.140956
SPG,21,136,ret_TARGET,0.0
SPG,21,136,tech_RSI,0.001513
SPG,21,136,tech_MACD_hist,0.004181
SPG,21,136,ret_VIXY,0.00167
SPG,21,136,mom21_VIXY,0.00601
SPG,21,136,ret_HYG,0.0
SPG,21,136,mom21_HYG,0.003968
SPG,21,136,ret_USO,0.0
SPG,21,136,mom21_USO,0.005359
SPG,21,136,ret_TLT,0.0
SPG,21,136,mom21_TLT,0.004192
SPG,21,136,ret_UUP,0.0
SPG,21,136,mom21_UUP,0.002417
SPG,21,136,ret_SPY,0.007254
SPG,21,136,mom21_SPY,0.007123
SPG,21,136,vol_vel,0.004097
SPG,21,136,vol_of_vol,0.014666
SPG,21,136,vol_regime_zscore,0.013877
SPG,21,136,vol_chg_21d,0.011716
SPG,21,136,event_fed_gravity,0.006692
SPG,21,136,event_earn_gravity,0.0
SPG,21,136,event_div_gravity,0.0
SPG,21,136,event_cpi_gravity,0.007032
SPG,21,136,event_nfp_gravity,0.006305
SPG,21,136,put_call_skew_30d,0.0
SPG,21,136,term_structure_slope,0.00827
SPG,21,136,vrp_wedge,0.019877
SPG,21,136,iv_atm_z_score,0.016623
SPG,21,136,macro_yield_curve_slope,0.008424
SPG,21,136,macro_hy_spread,0.005609
SPG,21,136,macro_hy_spread_chg_5d,0.003167
SPG,21,136,macro_breakeven_5y,0.03862
SPG,21,136,macro_inflation_fwd_5y5y,0.031289
SPG,21,136,macro_inflation_fwd_chg_21d,0.003011
SPG,21,136,macro_inflation_fwd_abs_chg_21d,0.002011
SPG,21,136,macro_inflation_fwd_chg_63d,0.009709
SPG,21,136,macro_inflation_fwd_zscore,0.044023
SPG,21,136,macro_dollar_ret,0.0
SPG,21,136,beta_spy,0.004314
SPG,21,136,res_vol,0.026262
SPG,21,136,res_vol_vel,0.007204
SPG,21,136,price_regime,0.019259
SPG,21,136,corr_sector_21d,0.002867
SPG,21,136,corr_sector_252d,0.00666
SPG,21,136,sector_wedge,0.005281
SPG,21,137,rv_5d,0.023133
SPG,21,137,rv_10d,0.073963
SPG,21,137,rv_21d,0.20555
SPG,21,137,rv_63d,0.028821
SPG,21,137,rv_126d,0.027364
SPG,21,137,ewma_vol,0.150396
SPG,21,137,garch_cond_vol,0.110809
SPG,21,137,ret_TARGET,0.0
SPG,21,137,tech_RSI,0.002911
SPG,21,137,tech_MACD_hist,0.00311
SPG,21,137,ret_VIXY,0.001764
SPG,21,137,mom21_VIXY,0.008032
SPG,21,137,ret_HYG,0.0
SPG,21,137,mom21_HYG,0.005818
SPG,21,137,ret_USO,0.0
SPG,21,137,mom21_USO,0.005707
SPG,21,137,ret_TLT,0.0
SPG,21,137,mom21_TLT,0.004278
SPG,21,137,ret_UUP,0.0
SPG,21,137,mom21_UUP,0.002986
SPG,21,137,ret_SPY,0.004577
SPG,21,137,mom21_SPY,0.005235
SPG,21,137,vol_vel,0.004791
SPG,21,137,vol_of_vol,0.014257
SPG,21,137,vol_regime_zscore,0.016929
SPG,21,137,vol_chg_21d,0.013627
SPG,21,137,event_fed_gravity,0.006539
SPG,21,137,event_earn_gravity,0.0
SPG,21,137,event_div_gravity,0.0
SPG,21,137,event_cpi_gravity,0.00699
SPG,21,137,event_nfp_gravity,0.005072
SPG,21,137,put_call_skew_30d,0.001485
SPG,21,137,term_structure_slope,0.010212
SPG,21,137,vrp_wedge,0.018907
SPG,21,137,iv_atm_z_score,0.019151
SPG,21,137,macro_yield_curve_slope,0.011134
SPG,21,137,macro_hy_spread,0.005763
SPG,21,137,macro_hy_spread_chg_5d,0.0
SPG,21,137,macro_breakeven_5y,0.040139
SPG,21,137,macro_inflation_fwd_5y5y,0.036044
SPG,21,137,macro_inflation_fwd_chg_21d,0.003224
SPG,21,137,macro_inflation_fwd_abs_chg_21d,0.001731
SPG,21,137,macro_inflation_fwd_chg_63d,0.008905
SPG,21,137,macro_inflation_fwd_zscore,0.040313
SPG,21,137,macro_dollar_ret,0.0
SPG,21,137,beta_spy,0.005348
SPG,21,137,res_vol,0.025604
SPG,21,137,res_vol_vel,0.009573
SPG,21,137,price_regime,0.019048
SPG,21,137,corr_sector_21d,0.002919
SPG,21,137,corr_sector_252d,0.005139
SPG,21,137,sector_wedge,0.002702
SPG,21,138,rv_5d,0.020624
SPG,21,138,rv_10d,0.073599
SPG,21,138,rv_21d,0.206748
SPG,21,138,rv_63d,0.024356
SPG,21,138,rv_126d,0.023083
SPG,21,138,ewma_vol,0.168918
SPG,21,138,garch_cond_vol,0.123146
SPG,21,138,ret_TARGET,0.0
SPG,21,138,tech_RSI,0.002306
SPG,21,138,tech_MACD_hist,0.002278
SPG,21,138,ret_VIXY,0.001454
SPG,21,138,mom21_VIXY,0.008009
SPG,21,138,ret_HYG,0.0
SPG,21,138,mom21_HYG,0.004629
SPG,21,138,ret_USO,0.0
SPG,21,138,mom21_USO,0.00498
SPG,21,138,ret_TLT,0.0
SPG,21,138,mom21_TLT,0.004277
SPG,21,138,ret_UUP,0.0
SPG,21,138,mom21_UUP,0.001816
SPG,21,138,ret_SPY,0.003552
SPG,21,138,mom21_SPY,0.005924
SPG,21,138,vol_vel,0.005945
SPG,21,138,vol_of_vol,0.00962
SPG,21,138,vol_regime_zscore,0.012124
SPG,21,138,vol_chg_21d,0.017016
SPG,21,138,event_fed_gravity,0.006818
SPG,21,138,event_earn_gravity,0.0
SPG,21,138,event_div_gravity,0.0
SPG,21,138,event_cpi_gravity,0.00497
SPG,21,138,event_nfp_gravity,0.01014
SPG,21,138,put_call_skew_30d,0.017939
SPG,21,138,term_structure_slope,0.008005
SPG,21,138,vrp_wedge,0.017355
SPG,21,138,iv_atm_z_score,0.015311
SPG,21,138,macro_yield_curve_slope,0.010094
SPG,21,138,macro_hy_spread,0.005395
SPG,21,138,macro_hy_spread_chg_5d,0.001319
SPG,21,138,macro_breakeven_5y,0.035782
SPG,21,138,macro_inflation_fwd_5y5y,0.034597
SPG,21,138,macro_inflation_fwd_chg_21d,0.002659
SPG,21,138,macro_inflation_fwd_abs_chg_21d,0.002697
SPG,21,138,macro_inflation_fwd_chg_63d,0.007891
SPG,21,138,macro_inflation_fwd_zscore,0.037175
SPG,21,138,macro_dollar_ret,0.0
SPG,21,138,beta_spy,0.004928
SPG,21,138,res_vol,0.02276
SPG,21,138,res_vol_vel,0.003191
SPG,21,138,price_regime,0.015191
SPG,21,138,corr_sector_21d,0.002864
SPG,21,138,corr_sector_252d,0.00481
SPG,21,138,sector_wedge,0.003708
SPG,21,139,rv_5d,0.021721
SPG,21,139,rv_10d,0.06975
SPG,21,139,rv_21d,0.247766
SPG,21,139,rv_63d,0.02831
SPG,21,139,rv_126d,0.023096
SPG,21,139,ewma_vol,0.12266
SPG,21,139,garch_cond_vol,0.126679
SPG,21,139,ret_TARGET,0.0
SPG,21,139,tech_RSI,0.00251
SPG,21,139,tech_MACD_hist,0.002976
SPG,21,139,ret_VIXY,0.002965
SPG,21,139,mom21_VIXY,0.007485
SPG,21,139,ret_HYG,0.0
SPG,21,139,mom21_HYG,0.003428
SPG,21,139,ret_USO,0.0
SPG,21,139,mom21_USO,0.005121
SPG,21,139,ret_TLT,0.0
SPG,21,139,mom21_TLT,0.004604
SPG,21,139,ret_UUP,0.0
SPG,21,139,mom21_UUP,0.001938
SPG,21,139,ret_SPY,0.003862
SPG,21,139,mom21_SPY,0.00581
SPG,21,139,vol_vel,0.002794
SPG,21,139,vol_of_vol,0.008715
SPG,21,139,vol_regime_zscore,0.014414
SPG,21,139,vol_chg_21d,0.012526
SPG,21,139,event_fed_gravity,0.006597
SPG,21,139,event_earn_gravity,0.0
SPG,21,139,event_div_gravity,0.0
SPG,21,139,event_cpi_gravity,0.005082
SPG,21,139,event_nfp_gravity,0.005474
SPG,21,139,put_call_skew_30d,0.003285
SPG,21,139,term_structure_slope,0.006143
SPG,21,139,vrp_wedge,0.017463
SPG,21,139,iv_atm_z_score,0.016838
SPG,21,139,macro_yield_curve_slope,0.010205
SPG,21,139,macro_hy_spread,0.006175
SPG,21,139,macro_hy_spread_chg_5d,0.0
SPG,21,139,macro_breakeven_5y,0.040629
SPG,21,139,macro_inflation_fwd_5y5y,0.033361
SPG,21,139,macro_inflation_fwd_chg_21d,0.003725
SPG,21,139,macro_inflation_fwd_abs_chg_21d,0.0029
SPG,21,139,macro_inflation_fwd_chg_63d,0.006434
SPG,21,139,macro_inflation_fwd_zscore,0.046846
SPG,21,139,macro_dollar_ret,0.0
SPG,21,139,beta_spy,0.005334
SPG,21,139,res_vol,0.02457
SPG,21,139,res_vol_vel,0.01247
SPG,21,139,price_regime,0.016411
SPG,21,139,corr_sector_21d,0.003451
SPG,21,139,corr_sector_252d,0.004874
SPG,21,139,sector_wedge,0.002603
SPG,21,140,rv_5d,0.039473
SPG,21,140,rv_10d,0.056778
SPG,21,140,rv_21d,0.247008
SPG,21,140,rv_63d,0.023578
SPG,21,140,rv_126d,0.023604
SPG,21,140,ewma_vol,0.137456
SPG,21,140,garch_cond_vol,0.135271
SPG,21,140,ret_TARGET,0.0
SPG,21,140,tech_RSI,0.00148
SPG,21,140,tech_MACD_hist,0.003399
SPG,21,140,ret_VIXY,0.0
SPG,21,140,mom21_VIXY,0.008689
SPG,21,140,ret_HYG,0.0
SPG,21,140,mom21_HYG,0.0
SPG,21,140,ret_USO,0.0
SPG,21,140,mom21_USO,0.004703
SPG,21,140,ret_TLT,0.0
SPG,21,140,mom21_TLT,0.004684
SPG,21,140,ret_UUP,0.0
SPG,21,140,mom21_UUP,0.002473
SPG,21,140,ret_SPY,0.004158
SPG,21,140,mom21_SPY,0.005954
SPG,21,140,vol_vel,0.002902
SPG,21,140,vol_of_vol,0.012111
SPG,21,140,vol_regime_zscore,0.01374
SPG,21,140,vol_chg_21d,0.010254
SPG,21,140,event_fed_gravity,0.006778
SPG,21,140,event_earn_gravity,0.0
SPG,21,140,event_div_gravity,0.0
SPG,21,140,event_cpi_gravity,0.007296
SPG,21,140,event_nfp_gravity,0.008446
SPG,21,140,put_call_skew_30d,0.0
SPG,21,140,term_structure_slope,0.005992
SPG,21,140,vrp_wedge,0.017674
SPG,21,140,iv_atm_z_score,0.013017
SPG,21,140,macro_yield_curve_slope,0.007883
SPG,21,140,macro_hy_spread,0.005126
SPG,21,140,macro_hy_spread_chg_5d,0.00172
SPG,21,140,macro_breakeven_5y,0.030539
SPG,21,140,macro_inflation_fwd_5y5y,0.032406
SPG,21,140,macro_inflation_fwd_chg_21d,0.00295
SPG,21,140,macro_inflation_fwd_abs_chg_21d,0.002757
SPG,21,140,macro_inflation_fwd_chg_63d,0.006998
SPG,21,140,macro_inflation_fwd_zscore,0.047694
SPG,21,140,macro_dollar_ret,0.0
SPG,21,140,beta_spy,0.004842
SPG,21,140,res_vol,0.024772
SPG,21,140,res_vol_vel,0.002452
SPG,21,140,price_regime,0.019869
SPG,21,140,corr_sector_21d,0.002915
SPG,21,140,corr_sector_252d,0.005849
SPG,21,140,sector_wedge,0.00431
SPG,21,141,rv_5d,0.034136
SPG,21,141,rv_10d,0.127739
SPG,21,141,rv_21d,0.212537
SPG,21,141,rv_63d,0.017199
SPG,21,141,rv_126d,0.023049
SPG,21,141,ewma_vol,0.138617
SPG,21,141,garch_cond_vol,0.118871
SPG,21,141,ret_TARGET,0.0
SPG,21,141,tech_RSI,0.002033
SPG,21,141,tech_MACD_hist,0.002455
SPG,21,141,ret_VIXY,0.001655
SPG,21,141,mom21_VIXY,0.005216
SPG,21,141,ret_HYG,0.0
SPG,21,141,mom21_HYG,0.003622
SPG,21,141,ret_USO,0.0
SPG,21,141,mom21_USO,0.004271
SPG,21,141,ret_TLT,0.0
SPG,21,141,mom21_TLT,0.003646
SPG,21,141,ret_UUP,0.0
SPG,21,141,mom21_UUP,0.002376
SPG,21,141,ret_SPY,0.0042
SPG,21,141,mom21_SPY,0.006039
SPG,21,141,vol_vel,0.00346
SPG,21,141,vol_of_vol,0.011182
SPG,21,141,vol_regime_zscore,0.010995
SPG,21,141,vol_chg_21d,0.014062
SPG,21,141,event_fed_gravity,0.00771
SPG,21,141,event_earn_gravity,0.0
SPG,21,141,event_div_gravity,0.0
SPG,21,141,event_cpi_gravity,0.006723
SPG,21,141,event_nfp_gravity,0.007056
SPG,21,141,put_call_skew_30d,0.0
SPG,21,141,term_structure_slope,0.011515
SPG,21,141,vrp_wedge,0.017263
SPG,21,141,iv_atm_z_score,0.015172
SPG,21,141,macro_yield_curve_slope,0.009112
SPG,21,141,macro_hy_spread,0.004869
SPG,21,141,macro_hy_spread_chg_5d,0.0
SPG,21,141,macro_breakeven_5y,0.028986
SPG,21,141,macro_inflation_fwd_5y5y,0.035879
SPG,21,141,macro_inflation_fwd_chg_21d,0.005567
SPG,21,141,macro_inflation_fwd_abs_chg_21d,0.00246
SPG,21,141,macro_inflation_fwd_chg_63d,0.006575
SPG,21,141,macro_inflation_fwd_zscore,0.025788
SPG,21,141,macro_dollar_ret,0.001346
SPG,21,141,beta_spy,0.005207
SPG,21,141,res_vol,0.024872
SPG,21,141,res_vol_vel,0.007383
SPG,21,141,price_regime,0.015334
SPG,21,141,corr_sector_21d,0.002951
SPG,21,141,corr_sector_252d,0.007719
SPG,21,141,sector_wedge,0.00315
SPG,21,142,rv_5d,0.061737
SPG,21,142,rv_10d,0.1821
SPG,21,142,rv_21d,0.179601
SPG,21,142,rv_63d,0.023567
SPG,21,142,rv_126d,0.023526
SPG,21,142,ewma_vol,0.159734
SPG,21,142,garch_cond_vol,0.030789
SPG,21,142,ret_TARGET,0.0
SPG,21,142,tech_RSI,0.001865
SPG,21,142,tech_MACD_hist,0.004893
SPG,21,142,ret_VIXY,0.0
SPG,21,142,mom21_VIXY,0.006029
SPG,21,142,ret_HYG,0.0019
SPG,21,142,mom21_HYG,0.002299
SPG,21,142,ret_USO,0.001477
SPG,21,142,mom21_USO,0.004427
SPG,21,142,ret_TLT,0.0
SPG,21,142,mom21_TLT,0.004443
SPG,21,142,ret_UUP,0.0
SPG,21,142,mom21_UUP,0.005076
SPG,21,142,ret_SPY,0.003424
SPG,21,142,mom21_SPY,0.006003
SPG,21,142,vol_vel,0.002529
SPG,21,142,vol_of_vol,0.012826
SPG,21,142,vol_regime_zscore,0.012344
SPG,21,142,vol_chg_21d,0.007738
SPG,21,142,event_fed_gravity,0.006798
SPG,21,142,event_earn_gravity,0.0
SPG,21,142,event_div_gravity,0.0
SPG,21,142,event_cpi_gravity,0.006637
SPG,21,142,event_nfp_gravity,0.010524
SPG,21,142,put_call_skew_30d,0.002323
SPG,21,142,term_structure_slope,0.012078
SPG,21,142,vrp_wedge,0.013448
SPG,21,142,iv_atm_z_score,0.017101
SPG,21,142,macro_yield_curve_slope,0.011653
SPG,21,142,macro_hy_spread,0.005988
SPG,21,142,macro_hy_spread_chg_5d,0.006548
SPG,21,142,macro_breakeven_5y,0.032769
SPG,21,142,macro_inflation_fwd_5y5y,0.033119
SPG,21,142,macro_inflation_fwd_chg_21d,0.003197
SPG,21,142,macro_inflation_fwd_abs_chg_21d,0.003475
SPG,21,142,macro_inflation_fwd_chg_63d,0.009817
SPG,21,142,macro_inflation_fwd_zscore,0.017864
SPG,21,142,macro_dollar_ret,0.001523
SPG,21,142,beta_spy,0.005595
SPG,21,142,res_vol,0.023086
SPG,21,142,res_vol_vel,0.007235
SPG,21,142,price_regime,0.019965
SPG,21,142,corr_sector_21d,0.002092
SPG,21,142,corr_sector_252d,0.005965
SPG,21,142,sector_wedge,0.002871
SPG,21,143,rv_5d,0.102172
SPG,21,143,rv_10d,0.17588
SPG,21,143,rv_21d,0.183869
SPG,21,143,rv_63d,0.02011
SPG,21,143,rv_126d,0.027056
SPG,21,143,ewma_vol,0.085541
SPG,21,143,garch_cond_vol,0.023624
SPG,21,143,ret_TARGET,0.0
SPG,21,143,tech_RSI,0.0
SPG,21,143,tech_MACD_hist,0.002658
SPG,21,143,ret_VIXY,0.002498
SPG,21,143,mom21_VIXY,0.006256
SPG,21,143,ret_HYG,0.001459
SPG,21,143,mom21_HYG,0.003737
SPG,21,143,ret_USO,0.0
SPG,21,143,mom21_USO,0.00471
SPG,21,143,ret_TLT,0.0
SPG,21,143,mom21_TLT,0.004477
SPG,21,143,ret_UUP,0.0
SPG,21,143,mom21_UUP,0.006796
SPG,21,143,ret_SPY,0.004413
SPG,21,143,mom21_SPY,0.008533
SPG,21,143,vol_vel,0.003796
SPG,21,143,vol_of_vol,0.006811
SPG,21,143,vol_regime_zscore,0.016661
SPG,21,143,vol_chg_21d,0.016182
SPG,21,143,event_fed_gravity,0.007337
SPG,21,143,event_earn_gravity,0.0
SPG,21,143,event_div_gravity,0.0
SPG,21,143,event_cpi_gravity,0.009438
SPG,21,143,event_nfp_gravity,0.021831
SPG,21,143,put_call_skew_30d,0.003027
SPG,21,143,term_structure_slope,0.017337
SPG,21,143,vrp_wedge,0.017301
SPG,21,143,iv_atm_z_score,0.016369
SPG,21,143,macro_yield_curve_slope,0.009227
SPG,21,143,macro_hy_spread,0.005528
SPG,21,143,macro_hy_spread_chg_5d,0.006384
SPG,21,143,macro_breakeven_5y,0.031372
SPG,21,143,macro_inflation_fwd_5y5y,0.037186
SPG,21,143,macro_inflation_fwd_chg_21d,0.003391
SPG,21,143,macro_inflation_fwd_abs_chg_21d,0.002809
SPG,21,143,macro_inflation_fwd_chg_63d,0.01067
SPG,21,143,macro_inflation_fwd_zscore,0.0131
SPG,21,143,macro_dollar_ret,0.001464
SPG,21,143,beta_spy,0.006036
SPG,21,143,res_vol,0.027227
SPG,21,143,res_vol_vel,0.006289
SPG,21,143,price_regime,0.0236
SPG,21,143,corr_sector_21d,0.002992
SPG,21,143,corr_sector_252d,0.007939
SPG,21,143,sector_wedge,0.004909
SPG,21,144,rv_5d,0.092318
SPG,21,144,rv_10d,0.180017
SPG,21,144,rv_21d,0.196207
SPG,21,144,rv_63d,0.027147
SPG,21,144,rv_126d,0.028597
SPG,21,144,ewma_vol,0.06561
SPG,21,144,garch_cond_vol,0.025556
SPG,21,144,ret_TARGET,0.0
SPG,21,144,tech_RSI,0.003025
SPG,21,144,tech_MACD_hist,0.002953
SPG,21,144,ret_VIXY,0.002872
SPG,21,144,mom21_VIXY,0.00951
SPG,21,144,ret_HYG,0.0
SPG,21,144,mom21_HYG,0.002609
SPG,21,144,ret_USO,0.0
SPG,21,144,mom21_USO,0.005155
SPG,21,144,ret_TLT,0.0
SPG,21,144,mom21_TLT,0.004185
SPG,21,144,ret_UUP,0.0
SPG,21,144,mom21_UUP,0.00374
SPG,21,144,ret_SPY,0.004474
SPG,21,144,mom21_SPY,0.008579
SPG,21,144,vol_vel,0.003375
SPG,21,144,vol_of_vol,0.006559
SPG,21,144,vol_regime_zscore,0.01739
SPG,21,144,vol_chg_21d,0.012597
SPG,21,144,event_fed_gravity,0.006981
SPG,21,144,event_earn_gravity,0.0
SPG,21,144,event_div_gravity,0.0
SPG,21,144,event_cpi_gravity,0.010625
SPG,21,144,event_nfp_gravity,0.008354
SPG,21,144,put_call_skew_30d,0.003918
SPG,21,144,term_structure_slope,0.011747
SPG,21,144,vrp_wedge,0.016699
SPG,21,144,iv_atm_z_score,0.017326
SPG,21,144,macro_yield_curve_slope,0.011833
SPG,21,144,macro_hy_spread,0.006855
SPG,21,144,macro_hy_spread_chg_5d,0.005993
SPG,21,144,macro_breakeven_5y,0.037387
SPG,21,144,macro_inflation_fwd_5y5y,0.039592
SPG,21,144,macro_inflation_fwd_chg_21d,0.003012
SPG,21,144,macro_inflation_fwd_abs_chg_21d,0.002657
SPG,21,144,macro_inflation_fwd_chg_63d,0.01548
SPG,21,144,macro_inflation_fwd_zscore,0.014721
SPG,21,144,macro_dollar_ret,0.001553
SPG,21,144,beta_spy,0.005937
SPG,21,144,res_vol,0.028996
SPG,21,144,res_vol_vel,0.010727
SPG,21,144,price_regime,0.023389
SPG,21,144,corr_sector_21d,0.003587
SPG,21,144,corr_sector_252d,0.005355
SPG,21,144,sector_wedge,0.004802
SPG,21,145,rv_5d,0.109677
SPG,21,145,rv_10d,0.166626
SPG,21,145,rv_21d,0.204439
SPG,21,145,rv_63d,0.02336
SPG,21,145,rv_126d,0.028918
SPG,21,145,ewma_vol,0.053924
SPG,21,145,garch_cond_vol,0.024201
SPG,21,145,ret_TARGET,0.001529
SPG,21,145,tech_RSI,0.002576
SPG,21,145,tech_MACD_hist,0.002742
SPG,21,145,ret_VIXY,0.001776
SPG,21,145,mom21_VIXY,0.007984
SPG,21,145,ret_HYG,0.0
SPG,21,145,mom21_HYG,0.004159
SPG,21,145,ret_USO,0.0
SPG,21,145,mom21_USO,0.005039
SPG,21,145,ret_TLT,0.0
SPG,21,145,mom21_TLT,0.004189
SPG,21,145,ret_UUP,0.0
SPG,21,145,mom21_UUP,0.003682
SPG,21,145,ret_SPY,0.005121
SPG,21,145,mom21_SPY,0.008269
SPG,21,145,vol_vel,0.003944
SPG,21,145,vol_of_vol,0.005627
SPG,21,145,vol_regime_zscore,0.018345
SPG,21,145,vol_chg_21d,0.014881
SPG,21,145,event_fed_gravity,0.007302
SPG,21,145,event_earn_gravity,0.0
SPG,21,145,event_div_gravity,0.0
SPG,21,145,event_cpi_gravity,0.010741
SPG,21,145,event_nfp_gravity,0.011039
SPG,21,145,put_call_skew_30d,0.0
SPG,21,145,term_structure_slope,0.013369
SPG,21,145,vrp_wedge,0.016627
SPG,21,145,iv_atm_z_score,0.016942
SPG,21,145,macro_yield_curve_slope,0.011246
SPG,21,145,macro_hy_spread,0.005343
SPG,21,145,macro_hy_spread_chg_5d,0.007703
SPG,21,145,macro_breakeven_5y,0.033055
SPG,21,145,macro_inflation_fwd_5y5y,0.042817
SPG,21,145,macro_inflation_fwd_chg_21d,0.003045
SPG,21,145,macro_inflation_fwd_abs_chg_21d,0.002577
SPG,21,145,macro_inflation_fwd_chg_63d,0.01172
SPG,21,145,macro_inflation_fwd_zscore,0.016999
SPG,21,145,macro_dollar_ret,0.001792
SPG,21,145,beta_spy,0.006782
SPG,21,145,res_vol,0.027239
SPG,21,145,res_vol_vel,0.010826
SPG,21,145,price_regime,0.027119
SPG,21,145,corr_sector_21d,0.003538
SPG,21,145,corr_sector_252d,0.005909
SPG,21,145,sector_wedge,0.005263
SPG,21,146,rv_5d,0.109754
SPG,21,146,rv_10d,0.204276
SPG,21,146,rv_21d,0.161836
SPG,21,146,rv_63d,0.023895
SPG,21,146,rv_126d,0.023381
SPG,21,146,ewma_vol,0.078406
SPG,21,146,garch_cond_vol,0.022593
SPG,21,146,ret_TARGET,0.001944
SPG,21,146,tech_RSI,0.002304
SPG,21,146,tech_MACD_hist,0.004195
SPG,21,146,ret_VIXY,0.002378
SPG,21,146,mom21_VIXY,0.004502
SPG,21,146,ret_HYG,0.001443
SPG,21,146,mom21_HYG,0.00317
SPG,21,146,ret_USO,0.0
SPG,21,146,mom21_USO,0.004781
SPG,21,146,ret_TLT,0.005985
SPG,21,146,mom21_TLT,0.004348
SPG,21,146,ret_UUP,0.0
SPG,21,146,mom21_UUP,0.002518
SPG,21,146,ret_SPY,0.004451
SPG,21,146,mom21_SPY,0.008324
SPG,21,146,vol_vel,0.003009
SPG,21,146,vol_of_vol,0.005547
SPG,21,146,vol_regime_zscore,0.015668
SPG,21,146,vol_chg_21d,0.009579
SPG,21,146,event_fed_gravity,0.006396
SPG,21,146,event_earn_gravity,0.0
SPG,21,146,event_div_gravity,0.0
SPG,21,146,event_cpi_gravity,0.008802
SPG,21,146,event_nfp_gravity,0.014604
SPG,21,146,put_call_skew_30d,0.01886
SPG,21,146,term_structure_slope,0.013317
SPG,21,146,vrp_wedge,0.016068
SPG,21,146,iv_atm_z_score,0.016487
SPG,21,146,macro_yield_curve_slope,0.01052
SPG,21,146,macro_hy_spread,0.005382
SPG,21,146,macro_hy_spread_chg_5d,0.005212
SPG,21,146,macro_breakeven_5y,0.026278
SPG,21,146,macro_inflation_fwd_5y5y,0.037556
SPG,21,146,macro_inflation_fwd_chg_21d,0.003169
SPG,21,146,macro_inflation_fwd_abs_chg_21d,0.002548
SPG,21,146,macro_inflation_fwd_chg_63d,0.009807
SPG,21,146,macro_inflation_fwd_zscore,0.016417
SPG,21,146,macro_dollar_ret,0.001614
SPG,21,146,beta_spy,0.005992
SPG,21,146,res_vol,0.026771
SPG,21,146,res_vol_vel,0.007704
SPG,21,146,price_regime,0.024615
SPG,21,146,corr_sector_21d,0.003076
SPG,21,146,corr_sector_252d,0.005643
SPG,21,146,sector_wedge,0.004876
SPG,21,147,rv_5d,0.125576
SPG,21,147,rv_10d,0.186448
SPG,21,147,rv_21d,0.186647
SPG,21,147,rv_63d,0.019706
SPG,21,147,rv_126d,0.02443
SPG,21,147,ewma_vol,0.045029
SPG,21,147,garch_cond_vol,0.031365
SPG,21,147,ret_TARGET,0.0
SPG,21,147,tech_RSI,0.0
SPG,21,147,tech_MACD_hist,0.005565
SPG,21,147,ret_VIXY,0.002052
SPG,21,147,mom21_VIXY,0.004666
SPG,21,147,ret_HYG,0.001498
SPG,21,147,mom21_HYG,0.004139
SPG,21,147,ret_USO,0.0
SPG,21,147,mom21_USO,0.004715
SPG,21,147,ret_TLT,0.0
SPG,21,147,mom21_TLT,0.003964
SPG,21,147,ret_UUP,0.0
SPG,21,147,mom21_UUP,0.00205
SPG,21,147,ret_SPY,0.005686
SPG,21,147,mom21_SPY,0.009987
SPG,21,147,vol_vel,0.002769
SPG,21,147,vol_of_vol,0.007609
SPG,21,147,vol_regime_zscore,0.015962
SPG,21,147,vol_chg_21d,0.012683
SPG,21,147,event_fed_gravity,0.007267
SPG,21,147,event_earn_gravity,0.0
SPG,21,147,event_div_gravity,0.0
SPG,21,147,event_cpi_gravity,0.007309
SPG,21,147,event_nfp_gravity,0.020172
SPG,21,147,put_call_skew_30d,0.002853
SPG,21,147,term_structure_slope,0.015638
SPG,21,147,vrp_wedge,0.01725
SPG,21,147,iv_atm_z_score,0.017257
SPG,21,147,macro_yield_curve_slope,0.011666
SPG,21,147,macro_hy_spread,0.005944
SPG,21,147,macro_hy_spread_chg_5d,0.0
SPG,21,147,macro_breakeven_5y,0.03043
SPG,21,147,macro_inflation_fwd_5y5y,0.037588
SPG,21,147,macro_inflation_fwd_chg_21d,0.002931
SPG,21,147,macro_inflation_fwd_abs_chg_21d,0.00359
SPG,21,147,macro_inflation_fwd_chg_63d,0.010979
SPG,21,147,macro_inflation_fwd_zscore,0.016731
SPG,21,147,macro_dollar_ret,0.001591
SPG,21,147,beta_spy,0.005663
SPG,21,147,res_vol,0.029979
SPG,21,147,res_vol_vel,0.013709
SPG,21,147,price_regime,0.02416
SPG,21,147,corr_sector_21d,0.003399
SPG,21,147,corr_sector_252d,0.006886
SPG,21,147,sector_wedge,0.004461
SPG,21,148,rv_5d,0.122128
SPG,21,148,rv_10d,0.153084
SPG,21,148,rv_21d,0.202173
SPG,21,148,rv_63d,0.017343
SPG,21,148,rv_126d,0.022652
SPG,21,148,ewma_vol,0.077722
SPG,21,148,garch_cond_vol,0.024743
SPG,21,148,ret_TARGET,0.0
SPG,21,148,tech_RSI,0.002679
SPG,21,148,tech_MACD_hist,0.008683
SPG,21,148,ret_VIXY,0.002006
SPG,21,148,mom21_VIXY,0.004945
SPG,21,148,ret_HYG,0.0
SPG,21,148,mom21_HYG,0.003667
SPG,21,148,ret_USO,0.001526
SPG,21,148,mom21_USO,0.004344
SPG,21,148,ret_TLT,0.0
SPG,21,148,mom21_TLT,0.003838
SPG,21,148,ret_UUP,0.0
SPG,21,148,mom21_UUP,0.015062
SPG,21,148,ret_SPY,0.004083
SPG,21,148,mom21_SPY,0.008325
SPG,21,148,vol_vel,0.0
SPG,21,148,vol_of_vol,0.007097
SPG,21,148,vol_regime_zscore,0.012759
SPG,21,148,vol_chg_21d,0.012257
SPG,21,148,event_fed_gravity,0.007455
SPG,21,148,event_earn_gravity,0.0
SPG,21,148,event_div_gravity,0.0
SPG,21,148,event_cpi_gravity,0.00867
SPG,21,148,event_nfp_gravity,0.01115
SPG,21,148,put_call_skew_30d,0.004191
SPG,21,148,term_structure_slope,0.013625
SPG,21,148,vrp_wedge,0.019259
SPG,21,148,iv_atm_z_score,0.01876
SPG,21,148,macro_yield_curve_slope,0.0113
SPG,21,148,macro_hy_spread,0.005492
SPG,21,148,macro_hy_spread_chg_5d,0.0
SPG,21,148,macro_breakeven_5y,0.032973
SPG,21,148,macro_inflation_fwd_5y5y,0.038745
SPG,21,148,macro_inflation_fwd_chg_21d,0.004415
SPG,21,148,macro_inflation_fwd_abs_chg_21d,0.002028
SPG,21,148,macro_inflation_fwd_chg_63d,0.010524
SPG,21,148,macro_inflation_fwd_zscore,0.015439
SPG,21,148,macro_dollar_ret,0.001505
SPG,21,148,beta_spy,0.005918
SPG,21,148,res_vol,0.026914
SPG,21,148,res_vol_vel,0.011882
SPG,21,148,price_regime,0.023574
SPG,21,148,corr_sector_21d,0.003324
SPG,21,148,corr_sector_252d,0.00734
SPG,21,148,sector_wedge,0.004403
SPG,63,0,rv_5d,0.0
SPG,63,0,rv_10d,0.0
SPG,63,0,rv_21d,0.0
SPG,63,0,rv_63d,0.030978
SPG,63,0,rv_126d,0.04677
SPG,63,0,ewma_vol,0.0
SPG,63,0,garch_cond_vol,0.0
SPG,63,0,ret_TARGET,0.0
SPG,63,0,tech_RSI,0.0
SPG,63,0,tech_MACD_hist,0.0
SPG,63,0,ret_VIXY,0.0
SPG,63,0,mom21_VIXY,0.0
SPG,63,0,ret_HYG,0.0
SPG,63,0,mom21_HYG,0.0
SPG,63,0,ret_USO,0.0
SPG,63,0,mom21_USO,0.100925
SPG,63,0,ret_TLT,0.0
SPG,63,0,mom21_TLT,0.041532
SPG,63,0,ret_UUP,0.0
SPG,63,0,mom21_UUP,0.0
SPG,63,0,ret_SPY,0.0
SPG,63,0,mom21_SPY,0.0
SPG,63,0,vol_vel,0.0
SPG,63,0,vol_of_vol,0.016039
SPG,63,0,vol_regime_zscore,0.0
SPG,63,0,vol_chg_21d,0.0
SPG,63,0,event_fed_gravity,0.136088
SPG,63,0,event_earn_gravity,0.0
SPG,63,0,event_div_gravity,0.0
SPG,63,0,event_cpi_gravity,0.096605
SPG,63,0,event_nfp_gravity,0.142152
SPG,63,0,put_call_skew_30d,0.0
SPG,63,0,term_structure_slope,0.0
SPG,63,0,vrp_wedge,0.0
SPG,63,0,iv_atm_z_score,0.023765
SPG,63,0,macro_yield_curve_slope,0.025814
SPG,63,0,macro_hy_spread,0.079365
SPG,63,0,macro_hy_spread_chg_5d,0.0
SPG,63,0,macro_breakeven_5y,0.0
SPG,63,0,macro_inflation_fwd_5y5y,0.014318
SPG,63,0,macro_inflation_fwd_chg_21d,0.016536
SPG,63,0,macro_inflation_fwd_abs_chg_21d,0.0
SPG,63,0,macro_inflation_fwd_chg_63d,0.050899
SPG,63,0,macro_inflation_fwd_zscore,0.126229
SPG,63,0,macro_dollar_ret,0.0
SPG,63,0,beta_spy,0.028096
SPG,63,0,res_vol,0.0
SPG,63,0,res_vol_vel,0.0
SPG,63,0,price_regime,0.012271
SPG,63,0,corr_sector_21d,0.0
SPG,63,0,corr_sector_252d,0.011618
SPG,63,0,sector_wedge,0.0
SPG,63,1,rv_5d,0.019138
SPG,63,1,rv_10d,0.0
SPG,63,1,rv_21d,0.0
SPG,63,1,rv_63d,0.028127
SPG,63,1,rv_126d,0.039624
SPG,63,1,ewma_vol,0.0
SPG,63,1,garch_cond_vol,0.0
SPG,63,1,ret_TARGET,0.0
SPG,63,1,tech_RSI,0.0
SPG,63,1,tech_MACD_hist,0.0
SPG,63,1,ret_VIXY,0.0
SPG,63,1,mom21_VIXY,0.0
SPG,63,1,ret_HYG,0.0
SPG,63,1,mom21_HYG,0.0
SPG,63,1,ret_USO,0.0
SPG,63,1,mom21_USO,0.093697
SPG,63,1,ret_TLT,0.0
SPG,63,1,mom21_TLT,0.026163
SPG,63,1,ret_UUP,0.0
SPG,63,1,mom21_UUP,0.010752
SPG,63,1,ret_SPY,0.0
SPG,63,1,mom21_SPY,0.0
SPG,63,1,vol_vel,0.0
SPG,63,1,vol_of_vol,0.016344
SPG,63,1,vol_regime_zscore,0.0
SPG,63,1,vol_chg_21d,0.0
SPG,63,1,event_fed_gravity,0.159914
SPG,63,1,event_earn_gravity,0.0
SPG,63,1,event_div_gravity,0.0
SPG,63,1,event_cpi_gravity,0.083113
SPG,63,1,event_nfp_gravity,0.125767
SPG,63,1,put_call_skew_30d,0.0
SPG,63,1,term_structure_slope,0.0
SPG,63,1,vrp_wedge,0.0
SPG,63,1,iv_atm_z_score,0.029087
SPG,63,1,macro_yield_curve_slope,0.013666
SPG,63,1,macro_hy_spread,0.072775
SPG,63,1,macro_hy_spread_chg_5d,0.0
SPG,63,1,macro_breakeven_5y,0.039374
SPG,63,1,macro_inflation_fwd_5y5y,0.015909
SPG,63,1,macro_inflation_fwd_chg_21d,0.010327
SPG,63,1,macro_inflation_fwd_abs_chg_21d,0.0
SPG,63,1,macro_inflation_fwd_chg_63d,0.042819
SPG,63,1,macro_inflation_fwd_zscore,0.10796
SPG,63,1,macro_dollar_ret,0.0
SPG,63,1,beta_spy,0.02533
SPG,63,1,res_vol,0.0
SPG,63,1,res_vol_vel,0.016347
SPG,63,1,price_regime,0.012587
SPG,63,1,corr_sector_21d,0.0
SPG,63,1,corr_sector_252d,0.01118
SPG,63,1,sector_wedge,0.0
SPG,63,2,rv_5d,0.0
SPG,63,2,rv_10d,0.0
SPG,63,2,rv_21d,0.0
SPG,63,2,rv_63d,0.030171
SPG,63,2,rv_126d,0.038771
SPG,63,2,ewma_vol,0.0
SPG,63,2,garch_cond_vol,0.0
SPG,63,2,ret_TARGET,0.0
SPG,63,2,tech_RSI,0.0
SPG,63,2,tech_MACD_hist,0.0
SPG,63,2,ret_VIXY,0.0
SPG,63,2,mom21_VIXY,0.0
SPG,63,2,ret_HYG,0.0
SPG,63,2,mom21_HYG,0.0
SPG,63,2,ret_USO,0.0
SPG,63,2,mom21_USO,0.095885
SPG,63,2,ret_TLT,0.0
SPG,63,2,mom21_TLT,0.042828
SPG,63,2,ret_UUP,0.0
SPG,63,2,mom21_UUP,0.014535
SPG,63,2,ret_SPY,0.0
SPG,63,2,mom21_SPY,0.0
SPG,63,2,vol_vel,0.0
SPG,63,2,vol_of_vol,0.017389
SPG,63,2,vol_regime_zscore,0.0
SPG,63,2,vol_chg_21d,0.0
SPG,63,2,event_fed_gravity,0.159092
SPG,63,2,event_earn_gravity,0.0
SPG,63,2,event_div_gravity,0.0
SPG,63,2,event_cpi_gravity,0.100699
SPG,63,2,event_nfp_gravity,0.125642
SPG,63,2,put_call_skew_30d,0.010169
SPG,63,2,term_structure_slope,0.0
SPG,63,2,vrp_wedge,0.0
SPG,63,2,iv_atm_z_score,0.025511
SPG,63,2,macro_yield_curve_slope,0.0
SPG,63,2,macro_hy_spread,0.096581
SPG,63,2,macro_hy_spread_chg_5d,0.0
SPG,63,2,macro_breakeven_5y,0.010738
SPG,63,2,macro_inflation_fwd_5y5y,0.015155
SPG,63,2,macro_inflation_fwd_chg_21d,0.012583
SPG,63,2,macro_inflation_fwd_abs_chg_21d,0.0
SPG,63,2,macro_inflation_fwd_chg_63d,0.036582
SPG,63,2,macro_inflation_fwd_zscore,0.127636
SPG,63,2,macro_dollar_ret,0.0
SPG,63,2,beta_spy,0.029889
SPG,63,2,res_vol,0.0
SPG,63,2,res_vol_vel,0.0
SPG,63,2,price_regime,0.010144
SPG,63,2,corr_sector_21d,0.0
SPG,63,2,corr_sector_252d,0.0
SPG,63,2,sector_wedge,0.0
SPG,63,3,rv_5d,0.045546
SPG,63,3,rv_10d,0.0
SPG,63,3,rv_21d,0.010559
SPG,63,3,rv_63d,0.033876
SPG,63,3,rv_126d,0.034069
SPG,63,3,ewma_vol,0.0
SPG,63,3,garch_cond_vol,0.0
SPG,63,3,ret_TARGET,0.0
SPG,63,3,tech_RSI,0.0
SPG,63,3,tech_MACD_hist,0.0
SPG,63,3,ret_VIXY,0.0
SPG,63,3,mom21_VIXY,0.0
SPG,63,3,ret_HYG,0.0
SPG,63,3,mom21_HYG,0.0
SPG,63,3,ret_USO,0.0
SPG,63,3,mom21_USO,0.0
SPG,63,3,ret_TLT,0.0
SPG,63,3,mom21_TLT,0.041133
SPG,63,3,ret_UUP,0.0
SPG,63,3,mom21_UUP,0.0
SPG,63,3,ret_SPY,0.0
SPG,63,3,mom21_SPY,0.0
SPG,63,3,vol_vel,0.0
SPG,63,3,vol_of_vol,0.011189
SPG,63,3,vol_regime_zscore,0.0
SPG,63,3,vol_chg_21d,0.0
SPG,63,3,event_fed_gravity,0.168838
SPG,63,3,event_earn_gravity,0.0
SPG,63,3,event_div_gravity,0.0
SPG,63,3,event_cpi_gravity,0.121717
SPG,63,3,event_nfp_gravity,0.107682
SPG,63,3,put_call_skew_30d,0.011414
SPG,63,3,term_structure_slope,0.0
SPG,63,3,vrp_wedge,0.0
SPG,63,3,iv_atm_z_score,0.025112
SPG,63,3,macro_yield_curve_slope,0.0
SPG,63,3,macro_hy_spread,0.107878
SPG,63,3,macro_hy_spread_chg_5d,0.0
SPG,63,3,macro_breakeven_5y,0.012287
SPG,63,3,macro_inflation_fwd_5y5y,0.01279
SPG,63,3,macro_inflation_fwd_chg_21d,0.0
SPG,63,3,macro_inflation_fwd_abs_chg_21d,0.016524
SPG,63,3,macro_inflation_fwd_chg_63d,0.034726
SPG,63,3,macro_inflation_fwd_zscore,0.12616
SPG,63,3,macro_dollar_ret,0.0
SPG,63,3,beta_spy,0.032486
SPG,63,3,res_vol,0.032593
SPG,63,3,res_vol_vel,0.0
SPG,63,3,price_regime,0.013419
SPG,63,3,corr_sector_21d,0.0
SPG,63,3,corr_sector_252d,0.0
SPG,63,3,sector_wedge,0.0
SPG,63,4,rv_5d,0.0
SPG,63,4,rv_10d,0.0
SPG,63,4,rv_21d,0.029492
SPG,63,4,rv_63d,0.029666
SPG,63,4,rv_126d,0.04528
SPG,63,4,ewma_vol,0.0
SPG,63,4,garch_cond_vol,0.0
SPG,63,4,ret_TARGET,0.0
SPG,63,4,tech_RSI,0.0
SPG,63,4,tech_MACD_hist,0.0
SPG,63,4,ret_VIXY,0.0
SPG,63,4,mom21_VIXY,0.012414
SPG,63,4,ret_HYG,0.0
SPG,63,4,mom21_HYG,0.0
SPG,63,4,ret_USO,0.0
SPG,63,4,mom21_USO,0.017563
SPG,63,4,ret_TLT,0.0
SPG,63,4,mom21_TLT,0.0
SPG,63,4,ret_UUP,0.0
SPG,63,4,mom21_UUP,0.014557
SPG,63,4,ret_SPY,0.0
SPG,63,4,mom21_SPY,0.0
SPG,63,4,vol_vel,0.0
SPG,63,4,vol_of_vol,0.022476
SPG,63,4,vol_regime_zscore,0.0
SPG,63,4,vol_chg_21d,0.0
SPG,63,4,event_fed_gravity,0.189698
SPG,63,4,event_earn_gravity,0.0
SPG,63,4,event_div_gravity,0.0
SPG,63,4,event_cpi_gravity,0.120297
SPG,63,4,event_nfp_gravity,0.19492
SPG,63,4,put_call_skew_30d,0.0
SPG,63,4,term_structure_slope,0.0
SPG,63,4,vrp_wedge,0.0
SPG,63,4,iv_atm_z_score,0.032542
SPG,63,4,macro_yield_curve_slope,0.0
SPG,63,4,macro_hy_spread,0.026089
SPG,63,4,macro_hy_spread_chg_5d,0.0
SPG,63,4,macro_breakeven_5y,0.015343
SPG,63,4,macro_inflation_fwd_5y5y,0.01901
SPG,63,4,macro_inflation_fwd_chg_21d,0.0
SPG,63,4,macro_inflation_fwd_abs_chg_21d,0.011068
SPG,63,4,macro_inflation_fwd_chg_63d,0.02966
SPG,63,4,macro_inflation_fwd_zscore,0.106267
SPG,63,4,macro_dollar_ret,0.0
SPG,63,4,beta_spy,0.03411
SPG,63,4,res_vol,0.014016
SPG,63,4,res_vol_vel,0.018643
SPG,63,4,price_regime,0.016888
SPG,63,4,corr_sector_21d,0.0
SPG,63,4,corr_sector_252d,0.0
SPG,63,4,sector_wedge,0.0
SPG,63,5,rv_5d,0.0
SPG,63,5,rv_10d,0.0
SPG,63,5,rv_21d,0.0
SPG,63,5,rv_63d,0.027238
SPG,63,5,rv_126d,0.04453
SPG,63,5,ewma_vol,0.01587
SPG,63,5,garch_cond_vol,0.0
SPG,63,5,ret_TARGET,0.0
SPG,63,5,tech_RSI,0.0
SPG,63,5,tech_MACD_hist,0.0
SPG,63,5,ret_VIXY,0.0
SPG,63,5,mom21_VIXY,0.012727
SPG,63,5,ret_HYG,0.0
SPG,63,5,mom21_HYG,0.0
SPG,63,5,ret_USO,0.0
SPG,63,5,mom21_USO,0.016464
SPG,63,5,ret_TLT,0.0
SPG,63,5,mom21_TLT,0.0
SPG,63,5,ret_UUP,0.0
SPG,63,5,mom21_UUP,0.0
SPG,63,5,ret_SPY,0.0
SPG,63,5,mom21_SPY,0.0
SPG,63,5,vol_vel,0.0
SPG,63,5,vol_of_vol,0.033844
SPG,63,5,vol_regime_zscore,0.02983
SPG,63,5,vol_chg_21d,0.0
SPG,63,5,event_fed_gravity,0.164838
SPG,63,5,event_earn_gravity,0.0
SPG,63,5,event_div_gravity,0.0
SPG,63,5,event_cpi_gravity,0.122292
SPG,63,5,event_nfp_gravity,0.161393
SPG,63,5,put_call_skew_30d,0.0
SPG,63,5,term_structure_slope,0.0
SPG,63,5,vrp_wedge,0.0
SPG,63,5,iv_atm_z_score,0.026505
SPG,63,5,macro_yield_curve_slope,0.015614
SPG,63,5,macro_hy_spread,0.035645
SPG,63,5,macro_hy_spread_chg_5d,0.0
SPG,63,5,macro_breakeven_5y,0.02122
SPG,63,5,macro_inflation_fwd_5y5y,0.015362
SPG,63,5,macro_inflation_fwd_chg_21d,0.013878
SPG,63,5,macro_inflation_fwd_abs_chg_21d,0.0
SPG,63,5,macro_inflation_fwd_chg_63d,0.036093
SPG,63,5,macro_inflation_fwd_zscore,0.09861
SPG,63,5,macro_dollar_ret,0.0
SPG,63,5,beta_spy,0.080317
SPG,63,5,res_vol,0.015476
SPG,63,5,res_vol_vel,0.0
SPG,63,5,price_regime,0.012252
SPG,63,5,corr_sector_21d,0.0
SPG,63,5,corr_sector_252d,0.0
SPG,63,5,sector_wedge,0.0
SPG,63,6,rv_5d,0.0
SPG,63,6,rv_10d,0.0
SPG,63,6,rv_21d,0.054276
SPG,63,6,rv_63d,0.025896
SPG,63,6,rv_126d,0.04387
SPG,63,6,ewma_vol,0.053373
SPG,63,6,garch_cond_vol,0.0
SPG,63,6,ret_TARGET,0.0
SPG,63,6,tech_RSI,0.0
SPG,63,6,tech_MACD_hist,0.0
SPG,63,6,ret_VIXY,0.0
SPG,63,6,mom21_VIXY,0.020279
SPG,63,6,ret_HYG,0.0
SPG,63,6,mom21_HYG,0.0
SPG,63,6,ret_USO,0.0
SPG,63,6,mom21_USO,0.011745
SPG,63,6,ret_TLT,0.0
SPG,63,6,mom21_TLT,0.0
SPG,63,6,ret_UUP,0.0
SPG,63,6,mom21_UUP,0.0
SPG,63,6,ret_SPY,0.0
SPG,63,6,mom21_SPY,0.0
SPG,63,6,vol_vel,0.0
SPG,63,6,vol_of_vol,0.010308
SPG,63,6,vol_regime_zscore,0.0229
SPG,63,6,vol_chg_21d,0.0
SPG,63,6,event_fed_gravity,0.138672
SPG,63,6,event_earn_gravity,0.0
SPG,63,6,event_div_gravity,0.0
SPG,63,6,event_cpi_gravity,0.126013
SPG,63,6,event_nfp_gravity,0.137443
SPG,63,6,put_call_skew_30d,0.014143
SPG,63,6,term_structure_slope,0.0
SPG,63,6,vrp_wedge,0.0
SPG,63,6,iv_atm_z_score,0.023082
SPG,63,6,macro_yield_curve_slope,0.009307
SPG,63,6,macro_hy_spread,0.033653
SPG,63,6,macro_hy_spread_chg_5d,0.0
SPG,63,6,macro_breakeven_5y,0.0
SPG,63,6,macro_inflation_fwd_5y5y,0.016365
SPG,63,6,macro_inflation_fwd_chg_21d,0.010915
SPG,63,6,macro_inflation_fwd_abs_chg_21d,0.008821
SPG,63,6,macro_inflation_fwd_chg_63d,0.021322
SPG,63,6,macro_inflation_fwd_zscore,0.084758
SPG,63,6,macro_dollar_ret,0.0
SPG,63,6,beta_spy,0.08376
SPG,63,6,res_vol,0.017153
SPG,63,6,res_vol_vel,0.0
SPG,63,6,price_regime,0.019154
SPG,63,6,corr_sector_21d,0.0
SPG,63,6,corr_sector_252d,0.012791
SPG,63,6,sector_wedge,0.0
SPG,63,7,rv_5d,0.0
SPG,63,7,rv_10d,0.0
SPG,63,7,rv_21d,0.0
SPG,63,7,rv_63d,0.020769
SPG,63,7,rv_126d,0.046799
SPG,63,7,ewma_vol,0.058411
SPG,63,7,garch_cond_vol,0.0
SPG,63,7,ret_TARGET,0.0
SPG,63,7,tech_RSI,0.0
SPG,63,7,tech_MACD_hist,0.0
SPG,63,7,ret_VIXY,0.0
SPG,63,7,mom21_VIXY,0.01962
SPG,63,7,ret_HYG,0.0
SPG,63,7,mom21_HYG,0.0
SPG,63,7,ret_USO,0.0
SPG,63,7,mom21_USO,0.015353
SPG,63,7,ret_TLT,0.0
SPG,63,7,mom21_TLT,0.0
SPG,63,7,ret_UUP,0.0
SPG,63,7,mom21_UUP,0.0
SPG,63,7,ret_SPY,0.0
SPG,63,7,mom21_SPY,0.0
SPG,63,7,vol_vel,0.0
SPG,63,7,vol_of_vol,0.009749
SPG,63,7,vol_regime_zscore,0.021537
SPG,63,7,vol_chg_21d,0.0
SPG,63,7,event_fed_gravity,0.162456
SPG,63,7,event_earn_gravity,0.0
SPG,63,7,event_div_gravity,0.0
SPG,63,7,event_cpi_gravity,0.122233
SPG,63,7,event_nfp_gravity,0.126368
SPG,63,7,put_call_skew_30d,0.0
SPG,63,7,term_structure_slope,0.0
SPG,63,7,vrp_wedge,0.0
SPG,63,7,iv_atm_z_score,0.020868
SPG,63,7,macro_yield_curve_slope,0.016912
SPG,63,7,macro_hy_spread,0.039929
SPG,63,7,macro_hy_spread_chg_5d,0.0
SPG,63,7,macro_breakeven_5y,0.0
SPG,63,7,macro_inflation_fwd_5y5y,0.015183
SPG,63,7,macro_inflation_fwd_chg_21d,0.010236
SPG,63,7,macro_inflation_fwd_abs_chg_21d,0.009863
SPG,63,7,macro_inflation_fwd_chg_63d,0.020236
SPG,63,7,macro_inflation_fwd_zscore,0.110994
SPG,63,7,macro_dollar_ret,0.0
SPG,63,7,beta_spy,0.101013
SPG,63,7,res_vol,0.015064
SPG,63,7,res_vol_vel,0.0
SPG,63,7,price_regime,0.026338
SPG,63,7,corr_sector_21d,0.0
SPG,63,7,corr_sector_252d,0.010067
SPG,63,7,sector_wedge,0.0
SPG,63,8,rv_5d,0.0
SPG,63,8,rv_10d,0.0
SPG,63,8,rv_21d,0.0
SPG,63,8,rv_63d,0.017682
SPG,63,8,rv_126d,0.03845
SPG,63,8,ewma_vol,0.038916
SPG,63,8,garch_cond_vol,0.0
SPG,63,8,ret_TARGET,0.012794
SPG,63,8,tech_RSI,0.009953
SPG,63,8,tech_MACD_hist,0.0
SPG,63,8,ret_VIXY,0.0
SPG,63,8,mom21_VIXY,0.025193
SPG,63,8,ret_HYG,0.0
SPG,63,8,mom21_HYG,0.0
SPG,63,8,ret_USO,0.0
SPG,63,8,mom21_USO,0.013375
SPG,63,8,ret_TLT,0.0
SPG,63,8,mom21_TLT,0.0
SPG,63,8,ret_UUP,0.0
SPG,63,8,mom21_UUP,0.0
SPG,63,8,ret_SPY,0.0
SPG,63,8,mom21_SPY,0.022438
SPG,63,8,vol_vel,0.0
SPG,63,8,vol_of_vol,0.013473
SPG,63,8,vol_regime_zscore,0.021795
SPG,63,8,vol_chg_21d,0.0
SPG,63,8,event_fed_gravity,0.12748
SPG,63,8,event_earn_gravity,0.0
SPG,63,8,event_div_gravity,0.0
SPG,63,8,event_cpi_gravity,0.134384
SPG,63,8,event_nfp_gravity,0.127313
SPG,63,8,put_call_skew_30d,0.0
SPG,63,8,term_structure_slope,0.0
SPG,63,8,vrp_wedge,0.0
SPG,63,8,iv_atm_z_score,0.022495
SPG,63,8,macro_yield_curve_slope,0.0
SPG,63,8,macro_hy_spread,0.037914
SPG,63,8,macro_hy_spread_chg_5d,0.0
SPG,63,8,macro_breakeven_5y,0.02718
SPG,63,8,macro_inflation_fwd_5y5y,0.017121
SPG,63,8,macro_inflation_fwd_chg_21d,0.013728
SPG,63,8,macro_inflation_fwd_abs_chg_21d,0.009195
SPG,63,8,macro_inflation_fwd_chg_63d,0.020111
SPG,63,8,macro_inflation_fwd_zscore,0.120255
SPG,63,8,macro_dollar_ret,0.0
SPG,63,8,beta_spy,0.090918
SPG,63,8,res_vol,0.012054
SPG,63,8,res_vol_vel,0.0
SPG,63,8,price_regime,0.025781
SPG,63,8,corr_sector_21d,0.0
SPG,63,8,corr_sector_252d,0.0
SPG,63,8,sector_wedge,0.0
SPG,63,9,rv_5d,0.008359
SPG,63,9,rv_10d,0.0
SPG,63,9,rv_21d,0.0
SPG,63,9,rv_63d,0.016591
SPG,63,9,rv_126d,0.030747
SPG,63,9,ewma_vol,0.087103
SPG,63,9,garch_cond_vol,0.0
SPG,63,9,ret_TARGET,0.011889
SPG,63,9,tech_RSI,0.008807
SPG,63,9,tech_MACD_hist,0.015851
SPG,63,9,ret_VIXY,0.0
SPG,63,9,mom21_VIXY,0.026252
SPG,63,9,ret_HYG,0.0
SPG,63,9,mom21_HYG,0.0
SPG,63,9,ret_USO,0.0
SPG,63,9,mom21_USO,0.012449
SPG,63,9,ret_TLT,0.0
SPG,63,9,mom21_TLT,0.0
SPG,63,9,ret_UUP,0.0
SPG,63,9,mom21_UUP,0.0
SPG,63,9,ret_SPY,0.0
SPG,63,9,mom21_SPY,0.0
SPG,63,9,vol_vel,0.0
SPG,63,9,vol_of_vol,0.017243
SPG,63,9,vol_regime_zscore,0.016811
SPG,63,9,vol_chg_21d,0.0
SPG,63,9,event_fed_gravity,0.137035
SPG,63,9,event_earn_gravity,0.0
SPG,63,9,event_div_gravity,0.0
SPG,63,9,event_cpi_gravity,0.109155
SPG,63,9,event_nfp_gravity,0.128784
SPG,63,9,put_call_skew_30d,0.0
SPG,63,9,term_structure_slope,0.0
SPG,63,9,vrp_wedge,0.0
SPG,63,9,iv_atm_z_score,0.021551
SPG,63,9,macro_yield_curve_slope,0.014229
SPG,63,9,macro_hy_spread,0.03499
SPG,63,9,macro_hy_spread_chg_5d,0.0
SPG,63,9,macro_breakeven_5y,0.012292
SPG,63,9,macro_inflation_fwd_5y5y,0.014885
SPG,63,9,macro_inflation_fwd_chg_21d,0.0
SPG,63,9,macro_inflation_fwd_abs_chg_21d,0.008613
SPG,63,9,macro_inflation_fwd_chg_63d,0.03104
SPG,63,9,macro_inflation_fwd_zscore,0.10018
SPG,63,9,macro_dollar_ret,0.0
SPG,63,9,beta_spy,0.091433
SPG,63,9,res_vol,0.010635
SPG,63,9,res_vol_vel,0.0
SPG,63,9,price_regime,0.033077
SPG,63,9,corr_sector_21d,0.0
SPG,63,9,corr_sector_252d,0.0
SPG,63,9,sector_wedge,0.0
SPG,63,10,rv_5d,0.0
SPG,63,10,rv_10d,0.0
SPG,63,10,rv_21d,0.016904
SPG,63,10,rv_63d,0.018225
SPG,63,10,rv_126d,0.024816
SPG,63,10,ewma_vol,0.043662
SPG,63,10,garch_cond_vol,0.0
SPG,63,10,ret_TARGET,0.011519
SPG,63,10,tech_RSI,0.008976
SPG,63,10,tech_MACD_hist,0.01858
SPG,63,10,ret_VIXY,0.0
SPG,63,10,mom21_VIXY,0.025818
SPG,63,10,ret_HYG,0.0
SPG,63,10,mom21_HYG,0.015755
SPG,63,10,ret_USO,0.0
SPG,63,10,mom21_USO,0.0
SPG,63,10,ret_TLT,0.0
SPG,63,10,mom21_TLT,0.01977
SPG,63,10,ret_UUP,0.0
SPG,63,10,mom21_UUP,0.0
SPG,63,10,ret_SPY,0.0
SPG,63,10,mom21_SPY,0.0
SPG,63,10,vol_vel,0.0
SPG,63,10,vol_of_vol,0.016653
SPG,63,10,vol_regime_zscore,0.024145
SPG,63,10,vol_chg_21d,0.0
SPG,63,10,event_fed_gravity,0.126888
SPG,63,10,event_earn_gravity,0.0
SPG,63,10,event_div_gravity,0.0
SPG,63,10,event_cpi_gravity,0.119554
SPG,63,10,event_nfp_gravity,0.162432
SPG,63,10,put_call_skew_30d,0.0
SPG,63,10,term_structure_slope,0.009153
SPG,63,10,vrp_wedge,0.0
SPG,63,10,iv_atm_z_score,0.0213
SPG,63,10,macro_yield_curve_slope,0.017197
SPG,63,10,macro_hy_spread,0.040853
SPG,63,10,macro_hy_spread_chg_5d,0.0
SPG,63,10,macro_breakeven_5y,0.0
SPG,63,10,macro_inflation_fwd_5y5y,0.018641
SPG,63,10,macro_inflation_fwd_chg_21d,0.0
SPG,63,10,macro_inflation_fwd_abs_chg_21d,0.008368
SPG,63,10,macro_inflation_fwd_chg_63d,0.039622
SPG,63,10,macro_inflation_fwd_zscore,0.034305
SPG,63,10,macro_dollar_ret,0.0
SPG,63,10,beta_spy,0.096987
SPG,63,10,res_vol,0.011298
SPG,63,10,res_vol_vel,0.0
SPG,63,10,price_regime,0.038537
SPG,63,10,corr_sector_21d,0.0
SPG,63,10,corr_sector_252d,0.010041
SPG,63,10,sector_wedge,0.0
SPG,63,11,rv_5d,0.0
SPG,63,11,rv_10d,0.0
SPG,63,11,rv_21d,0.018386
SPG,63,11,rv_63d,0.018387
SPG,63,11,rv_126d,0.025841
SPG,63,11,ewma_vol,0.029428
SPG,63,11,garch_cond_vol,0.0
SPG,63,11,ret_TARGET,0.012083
SPG,63,11,tech_RSI,0.009335
SPG,63,11,tech_MACD_hist,0.013742
SPG,63,11,ret_VIXY,0.0
SPG,63,11,mom21_VIXY,0.023441
SPG,63,11,ret_HYG,0.0
SPG,63,11,mom21_HYG,0.0
SPG,63,11,ret_USO,0.0
SPG,63,11,mom21_USO,0.0
SPG,63,11,ret_TLT,0.0
SPG,63,11,mom21_TLT,0.026036
SPG,63,11,ret_UUP,0.0
SPG,63,11,mom21_UUP,0.0
SPG,63,11,ret_SPY,0.0
SPG,63,11,mom21_SPY,0.0
SPG,63,11,vol_vel,0.0
SPG,63,11,vol_of_vol,0.018288
SPG,63,11,vol_regime_zscore,0.028332
SPG,63,11,vol_chg_21d,0.0
SPG,63,11,event_fed_gravity,0.131207
SPG,63,11,event_earn_gravity,0.0
SPG,63,11,event_div_gravity,0.0
SPG,63,11,event_cpi_gravity,0.134195
SPG,63,11,event_nfp_gravity,0.144427
SPG,63,11,put_call_skew_30d,0.0
SPG,63,11,term_structure_slope,0.0
SPG,63,11,vrp_wedge,0.0
SPG,63,11,iv_atm_z_score,0.027705
SPG,63,11,macro_yield_curve_slope,0.01613
SPG,63,11,macro_hy_spread,0.039403
SPG,63,11,macro_hy_spread_chg_5d,0.0
SPG,63,11,macro_breakeven_5y,0.022421
SPG,63,11,macro_inflation_fwd_5y5y,0.017289
SPG,63,11,macro_inflation_fwd_chg_21d,0.010786
SPG,63,11,macro_inflation_fwd_abs_chg_21d,0.008407
SPG,63,11,macro_inflation_fwd_chg_63d,0.038346
SPG,63,11,macro_inflation_fwd_zscore,0.033798
SPG,63,11,macro_dollar_ret,0.0
SPG,63,11,beta_spy,0.099117
SPG,63,11,res_vol,0.014046
SPG,63,11,res_vol_vel,0.0
SPG,63,11,price_regime,0.039425
SPG,63,11,corr_sector_21d,0.0
SPG,63,11,corr_sector_252d,0.0
SPG,63,11,sector_wedge,0.0
SPG,63,12,rv_5d,0.0
SPG,63,12,rv_10d,0.0
SPG,63,12,rv_21d,0.016131
SPG,63,12,rv_63d,0.020033
SPG,63,12,rv_126d,0.028764
SPG,63,12,ewma_vol,0.032064
SPG,63,12,garch_cond_vol,0.0
SPG,63,12,ret_TARGET,0.0
SPG,63,12,tech_RSI,0.0
SPG,63,12,tech_MACD_hist,0.020209
SPG,63,12,ret_VIXY,0.0
SPG,63,12,mom21_VIXY,0.028945
SPG,63,12,ret_HYG,0.0
SPG,63,12,mom21_HYG,0.0
SPG,63,12,ret_USO,0.0
SPG,63,12,mom21_USO,0.009176
SPG,63,12,ret_TLT,0.0
SPG,63,12,mom21_TLT,0.01636
SPG,63,12,ret_UUP,0.0
SPG,63,12,mom21_UUP,0.0
SPG,63,12,ret_SPY,0.0
SPG,63,12,mom21_SPY,0.0
SPG,63,12,vol_vel,0.008608
SPG,63,12,vol_of_vol,0.023986
SPG,63,12,vol_regime_zscore,0.028923
SPG,63,12,vol_chg_21d,0.0
SPG,63,12,event_fed_gravity,0.135586
SPG,63,12,event_earn_gravity,0.0
SPG,63,12,event_div_gravity,0.0
SPG,63,12,event_cpi_gravity,0.114037
SPG,63,12,event_nfp_gravity,0.165427
SPG,63,12,put_call_skew_30d,0.0
SPG,63,12,term_structure_slope,0.0
SPG,63,12,vrp_wedge,0.0
SPG,63,12,iv_atm_z_score,0.026734
SPG,63,12,macro_yield_curve_slope,0.01474
SPG,63,12,macro_hy_spread,0.037592
SPG,63,12,macro_hy_spread_chg_5d,0.0
SPG,63,12,macro_breakeven_5y,0.0
SPG,63,12,macro_inflation_fwd_5y5y,0.017863
SPG,63,12,macro_inflation_fwd_chg_21d,0.016009
SPG,63,12,macro_inflation_fwd_abs_chg_21d,0.012775
SPG,63,12,macro_inflation_fwd_chg_63d,0.043674
SPG,63,12,macro_inflation_fwd_zscore,0.035157
SPG,63,12,macro_dollar_ret,0.0
SPG,63,12,beta_spy,0.085928
SPG,63,12,res_vol,0.018274
SPG,63,12,res_vol_vel,0.0
SPG,63,12,price_regime,0.043005
SPG,63,12,corr_sector_21d,0.0
SPG,63,12,corr_sector_252d,0.0
SPG,63,12,sector_wedge,0.0
SPG,63,13,rv_5d,0.0
SPG,63,13,rv_10d,0.0
SPG,63,13,rv_21d,0.0
SPG,63,13,rv_63d,0.018372
SPG,63,13,rv_126d,0.026802
SPG,63,13,ewma_vol,0.032696
SPG,63,13,garch_cond_vol,0.0
SPG,63,13,ret_TARGET,0.0
SPG,63,13,tech_RSI,0.009985
SPG,63,13,tech_MACD_hist,0.0
SPG,63,13,ret_VIXY,0.0
SPG,63,13,mom21_VIXY,0.02464
SPG,63,13,ret_HYG,0.0
SPG,63,13,mom21_HYG,0.0
SPG,63,13,ret_USO,0.0
SPG,63,13,mom21_USO,0.016855
SPG,63,13,ret_TLT,0.0
SPG,63,13,mom21_TLT,0.0199
SPG,63,13,ret_UUP,0.0
SPG,63,13,mom21_UUP,0.0
SPG,63,13,ret_SPY,0.0
SPG,63,13,mom21_SPY,0.0
SPG,63,13,vol_vel,0.008537
SPG,63,13,vol_of_vol,0.021718
SPG,63,13,vol_regime_zscore,0.026444
SPG,63,13,vol_chg_21d,0.0
SPG,63,13,event_fed_gravity,0.139067
SPG,63,13,event_earn_gravity,0.0
SPG,63,13,event_div_gravity,0.0
SPG,63,13,event_cpi_gravity,0.152006
SPG,63,13,event_nfp_gravity,0.126243
SPG,63,13,put_call_skew_30d,0.0
SPG,63,13,term_structure_slope,0.0
SPG,63,13,vrp_wedge,0.0
SPG,63,13,iv_atm_z_score,0.021615
SPG,63,13,macro_yield_curve_slope,0.013947
SPG,63,13,macro_hy_spread,0.052784
SPG,63,13,macro_hy_spread_chg_5d,0.0
SPG,63,13,macro_breakeven_5y,0.020779
SPG,63,13,macro_inflation_fwd_5y5y,0.018243
SPG,63,13,macro_inflation_fwd_chg_21d,0.012647
SPG,63,13,macro_inflation_fwd_abs_chg_21d,0.008882
SPG,63,13,macro_inflation_fwd_chg_63d,0.045417
SPG,63,13,macro_inflation_fwd_zscore,0.037474
SPG,63,13,macro_dollar_ret,0.0
SPG,63,13,beta_spy,0.076602
SPG,63,13,res_vol,0.014045
SPG,63,13,res_vol_vel,0.0
SPG,63,13,price_regime,0.041104
SPG,63,13,corr_sector_21d,0.0
SPG,63,13,corr_sector_252d,0.013193
SPG,63,13,sector_wedge,0.0
SPG,63,14,rv_5d,0.0
SPG,63,14,rv_10d,0.0
SPG,63,14,rv_21d,0.0
SPG,63,14,rv_63d,0.016006
SPG,63,14,rv_126d,0.027917
SPG,63,14,ewma_vol,0.053845
SPG,63,14,garch_cond_vol,0.0
SPG,63,14,ret_TARGET,0.0
SPG,63,14,tech_RSI,0.010669
SPG,63,14,tech_MACD_hist,0.013945
SPG,63,14,ret_VIXY,0.0
SPG,63,14,mom21_VIXY,0.017978
SPG,63,14,ret_HYG,0.0
SPG,63,14,mom21_HYG,0.0
SPG,63,14,ret_USO,0.0
SPG,63,14,mom21_USO,0.009186
SPG,63,14,ret_TLT,0.0
SPG,63,14,mom21_TLT,0.015132
SPG,63,14,ret_UUP,0.0
SPG,63,14,mom21_UUP,0.0
SPG,63,14,ret_SPY,0.0
SPG,63,14,mom21_SPY,0.0
SPG,63,14,vol_vel,0.00906
SPG,63,14,vol_of_vol,0.016505
SPG,63,14,vol_regime_zscore,0.019311
SPG,63,14,vol_chg_21d,0.0
SPG,63,14,event_fed_gravity,0.124038
SPG,63,14,event_earn_gravity,0.0
SPG,63,14,event_div_gravity,0.0
SPG,63,14,event_cpi_gravity,0.122769
SPG,63,14,event_nfp_gravity,0.155831
SPG,63,14,put_call_skew_30d,0.0
SPG,63,14,term_structure_slope,0.0
SPG,63,14,vrp_wedge,0.0
SPG,63,14,iv_atm_z_score,0.02111
SPG,63,14,macro_yield_curve_slope,0.012743
SPG,63,14,macro_hy_spread,0.051688
SPG,63,14,macro_hy_spread_chg_5d,0.0
SPG,63,14,macro_breakeven_5y,0.05873
SPG,63,14,macro_inflation_fwd_5y5y,0.023407
SPG,63,14,macro_inflation_fwd_chg_21d,0.012681
SPG,63,14,macro_inflation_fwd_abs_chg_21d,0.010773
SPG,63,14,macro_inflation_fwd_chg_63d,0.040961
SPG,63,14,macro_inflation_fwd_zscore,0.044713
SPG,63,14,macro_dollar_ret,0.0
SPG,63,14,beta_spy,0.05032
SPG,63,14,res_vol,0.012091
SPG,63,14,res_vol_vel,0.0
SPG,63,14,price_regime,0.037893
SPG,63,14,corr_sector_21d,0.0
SPG,63,14,corr_sector_252d,0.010696
SPG,63,14,sector_wedge,0.0
SPG,63,15,rv_5d,0.0
SPG,63,15,rv_10d,0.0
SPG,63,15,rv_21d,0.0
SPG,63,15,rv_63d,0.020195
SPG,63,15,rv_126d,0.028395
SPG,63,15,ewma_vol,0.056456
SPG,63,15,garch_cond_vol,0.0
SPG,63,15,ret_TARGET,0.0
SPG,63,15,tech_RSI,0.010869
SPG,63,15,tech_MACD_hist,0.010398
SPG,63,15,ret_VIXY,0.0
SPG,63,15,mom21_VIXY,0.019769
SPG,63,15,ret_HYG,0.0
SPG,63,15,mom21_HYG,0.0
SPG,63,15,ret_USO,0.0
SPG,63,15,mom21_USO,0.010028
SPG,63,15,ret_TLT,0.0
SPG,63,15,mom21_TLT,0.034314
SPG,63,15,ret_UUP,0.0
SPG,63,15,mom21_UUP,0.0
SPG,63,15,ret_SPY,0.0
SPG,63,15,mom21_SPY,0.0
SPG,63,15,vol_vel,0.008564
SPG,63,15,vol_of_vol,0.02004
SPG,63,15,vol_regime_zscore,0.016765
SPG,63,15,vol_chg_21d,0.0
SPG,63,15,event_fed_gravity,0.148488
SPG,63,15,event_earn_gravity,0.0
SPG,63,15,event_div_gravity,0.0
SPG,63,15,event_cpi_gravity,0.118571
SPG,63,15,event_nfp_gravity,0.148066
SPG,63,15,put_call_skew_30d,0.0
SPG,63,15,term_structure_slope,0.0
SPG,63,15,vrp_wedge,0.0
SPG,63,15,iv_atm_z_score,0.02065
SPG,63,15,macro_yield_curve_slope,0.017866
SPG,63,15,macro_hy_spread,0.052506
SPG,63,15,macro_hy_spread_chg_5d,0.0
SPG,63,15,macro_breakeven_5y,0.027039
SPG,63,15,macro_inflation_fwd_5y5y,0.024749
SPG,63,15,macro_inflation_fwd_chg_21d,0.0
SPG,63,15,macro_inflation_fwd_abs_chg_21d,0.011829
SPG,63,15,macro_inflation_fwd_chg_63d,0.037266
SPG,63,15,macro_inflation_fwd_zscore,0.057634
SPG,63,15,macro_dollar_ret,0.0
SPG,63,15,beta_spy,0.039717
SPG,63,15,res_vol,0.011388
SPG,63,15,res_vol_vel,0.0
SPG,63,15,price_regime,0.036035
SPG,63,15,corr_sector_21d,0.0
SPG,63,15,corr_sector_252d,0.012401
SPG,63,15,sector_wedge,0.0
SPG,63,16,rv_5d,0.0
SPG,63,16,rv_10d,0.0
SPG,63,16,rv_21d,0.0
SPG,63,16,rv_63d,0.018052
SPG,63,16,rv_126d,0.032627
SPG,63,16,ewma_vol,0.075234
SPG,63,16,garch_cond_vol,0.0
SPG,63,16,ret_TARGET,0.0
SPG,63,16,tech_RSI,0.013807
SPG,63,16,tech_MACD_hist,0.0
SPG,63,16,ret_VIXY,0.0
SPG,63,16,mom21_VIXY,0.023582
SPG,63,16,ret_HYG,0.0
SPG,63,16,mom21_HYG,0.0
SPG,63,16,ret_USO,0.0
SPG,63,16,mom21_USO,0.0
SPG,63,16,ret_TLT,0.0
SPG,63,16,mom21_TLT,0.01549
SPG,63,16,ret_UUP,0.0
SPG,63,16,mom21_UUP,0.0
SPG,63,16,ret_SPY,0.0
SPG,63,16,mom21_SPY,0.0
SPG,63,16,vol_vel,0.010302
SPG,63,16,vol_of_vol,0.01942
SPG,63,16,vol_regime_zscore,0.016451
SPG,63,16,vol_chg_21d,0.0
SPG,63,16,event_fed_gravity,0.155948
SPG,63,16,event_earn_gravity,0.0
SPG,63,16,event_div_gravity,0.0
SPG,63,16,event_cpi_gravity,0.123702
SPG,63,16,event_nfp_gravity,0.133954
SPG,63,16,put_call_skew_30d,0.0
SPG,63,16,term_structure_slope,0.0
SPG,63,16,vrp_wedge,0.0
SPG,63,16,iv_atm_z_score,0.019798
SPG,63,16,macro_yield_curve_slope,0.015984
SPG,63,16,macro_hy_spread,0.051667
SPG,63,16,macro_hy_spread_chg_5d,0.0
SPG,63,16,macro_breakeven_5y,0.032911
SPG,63,16,macro_inflation_fwd_5y5y,0.025997
SPG,63,16,macro_inflation_fwd_chg_21d,0.0
SPG,63,16,macro_inflation_fwd_abs_chg_21d,0.01524
SPG,63,16,macro_inflation_fwd_chg_63d,0.033183
SPG,63,16,macro_inflation_fwd_zscore,0.059293
SPG,63,16,macro_dollar_ret,0.0
SPG,63,16,beta_spy,0.045015
SPG,63,16,res_vol,0.012732
SPG,63,16,res_vol_vel,0.0
SPG,63,16,price_regime,0.035015
SPG,63,16,corr_sector_21d,0.0
SPG,63,16,corr_sector_252d,0.014595
SPG,63,16,sector_wedge,0.0
SPG,63,17,rv_5d,0.012219
SPG,63,17,rv_10d,0.0
SPG,63,17,rv_21d,0.0
SPG,63,17,rv_63d,0.019229
SPG,63,17,rv_126d,0.02671
SPG,63,17,ewma_vol,0.067541
SPG,63,17,garch_cond_vol,0.0
SPG,63,17,ret_TARGET,0.0
SPG,63,17,tech_RSI,0.016999
SPG,63,17,tech_MACD_hist,0.0
SPG,63,17,ret_VIXY,0.0
SPG,63,17,mom21_VIXY,0.028587
SPG,63,17,ret_HYG,0.0
SPG,63,17,mom21_HYG,0.0
SPG,63,17,ret_USO,0.0
SPG,63,17,mom21_USO,0.015044
SPG,63,17,ret_TLT,0.0
SPG,63,17,mom21_TLT,0.030866
SPG,63,17,ret_UUP,0.0
SPG,63,17,mom21_UUP,0.0
SPG,63,17,ret_SPY,0.0
SPG,63,17,mom21_SPY,0.0
SPG,63,17,vol_vel,0.0
SPG,63,17,vol_of_vol,0.011649
SPG,63,17,vol_regime_zscore,0.022572
SPG,63,17,vol_chg_21d,0.0
SPG,63,17,event_fed_gravity,0.1822
SPG,63,17,event_earn_gravity,0.0
SPG,63,17,event_div_gravity,0.0
SPG,63,17,event_cpi_gravity,0.135243
SPG,63,17,event_nfp_gravity,0.126702
SPG,63,17,put_call_skew_30d,0.0
SPG,63,17,term_structure_slope,0.0
SPG,63,17,vrp_wedge,0.0
SPG,63,17,iv_atm_z_score,0.022464
SPG,63,17,macro_yield_curve_slope,0.017458
SPG,63,17,macro_hy_spread,0.050412
SPG,63,17,macro_hy_spread_chg_5d,0.0
SPG,63,17,macro_breakeven_5y,0.021214
SPG,63,17,macro_inflation_fwd_5y5y,0.026137
SPG,63,17,macro_inflation_fwd_chg_21d,0.0
SPG,63,17,macro_inflation_fwd_abs_chg_21d,0.01238
SPG,63,17,macro_inflation_fwd_chg_63d,0.024054
SPG,63,17,macro_inflation_fwd_zscore,0.04996
SPG,63,17,macro_dollar_ret,0.0
SPG,63,17,beta_spy,0.031477
SPG,63,17,res_vol,0.01092
SPG,63,17,res_vol_vel,0.0
SPG,63,17,price_regime,0.02659
SPG,63,17,corr_sector_21d,0.0
SPG,63,17,corr_sector_252d,0.01137
SPG,63,17,sector_wedge,0.0
SPG,63,18,rv_5d,0.0
SPG,63,18,rv_10d,0.0
SPG,63,18,rv_21d,0.0
SPG,63,18,rv_63d,0.018784
SPG,63,18,rv_126d,0.029737
SPG,63,18,ewma_vol,0.12898
SPG,63,18,garch_cond_vol,0.0
SPG,63,18,ret_TARGET,0.0
SPG,63,18,tech_RSI,0.0
SPG,63,18,tech_MACD_hist,0.0
SPG,63,18,ret_VIXY,0.0
SPG,63,18,mom21_VIXY,0.031245
SPG,63,18,ret_HYG,0.0
SPG,63,18,mom21_HYG,0.0
SPG,63,18,ret_USO,0.0
SPG,63,18,mom21_USO,0.010204
SPG,63,18,ret_TLT,0.0
SPG,63,18,mom21_TLT,0.028297
SPG,63,18,ret_UUP,0.0
SPG,63,18,mom21_UUP,0.0
SPG,63,18,ret_SPY,0.0
SPG,63,18,mom21_SPY,0.0
SPG,63,18,vol_vel,0.0
SPG,63,18,vol_of_vol,0.008725
SPG,63,18,vol_regime_zscore,0.027651
SPG,63,18,vol_chg_21d,0.008641
SPG,63,18,event_fed_gravity,0.149772
SPG,63,18,event_earn_gravity,0.0
SPG,63,18,event_div_gravity,0.0
SPG,63,18,event_cpi_gravity,0.128913
SPG,63,18,event_nfp_gravity,0.146501
SPG,63,18,put_call_skew_30d,0.0
SPG,63,18,term_structure_slope,0.0
SPG,63,18,vrp_wedge,0.0
SPG,63,18,iv_atm_z_score,0.020583
SPG,63,18,macro_yield_curve_slope,0.014509
SPG,63,18,macro_hy_spread,0.053825
SPG,63,18,macro_hy_spread_chg_5d,0.0
SPG,63,18,macro_breakeven_5y,0.016644
SPG,63,18,macro_inflation_fwd_5y5y,0.024836
SPG,63,18,macro_inflation_fwd_chg_21d,0.0
SPG,63,18,macro_inflation_fwd_abs_chg_21d,0.00808
SPG,63,18,macro_inflation_fwd_chg_63d,0.008664
SPG,63,18,macro_inflation_fwd_zscore,0.060964
SPG,63,18,macro_dollar_ret,0.0
SPG,63,18,beta_spy,0.032776
SPG,63,18,res_vol,0.010095
SPG,63,18,res_vol_vel,0.0
SPG,63,18,price_regime,0.022945
SPG,63,18,corr_sector_21d,0.0
SPG,63,18,corr_sector_252d,0.008629
SPG,63,18,sector_wedge,0.0
SPG,63,19,rv_5d,0.0
SPG,63,19,rv_10d,0.0
SPG,63,19,rv_21d,0.0
SPG,63,19,rv_63d,0.016769
SPG,63,19,rv_126d,0.019435
SPG,63,19,ewma_vol,0.126221
SPG,63,19,garch_cond_vol,0.151471
SPG,63,19,ret_TARGET,0.0
SPG,63,19,tech_RSI,0.007757
SPG,63,19,tech_MACD_hist,0.0
SPG,63,19,ret_VIXY,0.0
SPG,63,19,mom21_VIXY,0.024125
SPG,63,19,ret_HYG,0.0
SPG,63,19,mom21_HYG,0.009944
SPG,63,19,ret_USO,0.0
SPG,63,19,mom21_USO,0.009277
SPG,63,19,ret_TLT,0.0
SPG,63,19,mom21_TLT,0.023128
SPG,63,19,ret_UUP,0.0
SPG,63,19,mom21_UUP,0.0
SPG,63,19,ret_SPY,0.0
SPG,63,19,mom21_SPY,0.0
SPG,63,19,vol_vel,0.0
SPG,63,19,vol_of_vol,0.009441
SPG,63,19,vol_regime_zscore,0.045703
SPG,63,19,vol_chg_21d,0.0
SPG,63,19,event_fed_gravity,0.102449
SPG,63,19,event_earn_gravity,0.0
SPG,63,19,event_div_gravity,0.0
SPG,63,19,event_cpi_gravity,0.100007
SPG,63,19,event_nfp_gravity,0.112406
SPG,63,19,put_call_skew_30d,0.0
SPG,63,19,term_structure_slope,0.0
SPG,63,19,vrp_wedge,0.0
SPG,63,19,iv_atm_z_score,0.014977
SPG,63,19,macro_yield_curve_slope,0.015836
SPG,63,19,macro_hy_spread,0.035865
SPG,63,19,macro_hy_spread_chg_5d,0.0
SPG,63,19,macro_breakeven_5y,0.009752
SPG,63,19,macro_inflation_fwd_5y5y,0.034737
SPG,63,19,macro_inflation_fwd_chg_21d,0.0
SPG,63,19,macro_inflation_fwd_abs_chg_21d,0.006069
SPG,63,19,macro_inflation_fwd_chg_63d,0.007657
SPG,63,19,macro_inflation_fwd_zscore,0.038548
SPG,63,19,macro_dollar_ret,0.0
SPG,63,19,beta_spy,0.034145
SPG,63,19,res_vol,0.008589
SPG,63,19,res_vol_vel,0.0
SPG,63,19,price_regime,0.024204
SPG,63,19,corr_sector_21d,0.0
SPG,63,19,corr_sector_252d,0.01149
SPG,63,19,sector_wedge,0.0
SPG,63,20,rv_5d,0.0
SPG,63,20,rv_10d,0.018525
SPG,63,20,rv_21d,0.0
SPG,63,20,rv_63d,0.019898
SPG,63,20,rv_126d,0.023252
SPG,63,20,ewma_vol,0.009657
SPG,63,20,garch_cond_vol,0.0
SPG,63,20,ret_TARGET,0.0
SPG,63,20,tech_RSI,0.025003
SPG,63,20,tech_MACD_hist,0.0
SPG,63,20,ret_VIXY,0.0
SPG,63,20,mom21_VIXY,0.0
SPG,63,20,ret_HYG,0.0
SPG,63,20,mom21_HYG,0.022018
SPG,63,20,ret_USO,0.0
SPG,63,20,mom21_USO,0.012216
SPG,63,20,ret_TLT,0.0
SPG,63,20,mom21_TLT,0.022116
SPG,63,20,ret_UUP,0.0
SPG,63,20,mom21_UUP,0.0
SPG,63,20,ret_SPY,0.0
SPG,63,20,mom21_SPY,0.0
SPG,63,20,vol_vel,0.007763
SPG,63,20,vol_of_vol,0.0
SPG,63,20,vol_regime_zscore,0.105467
SPG,63,20,vol_chg_21d,0.0
SPG,63,20,event_fed_gravity,0.100032
SPG,63,20,event_earn_gravity,0.0
SPG,63,20,event_div_gravity,0.0
SPG,63,20,event_cpi_gravity,0.140765
SPG,63,20,event_nfp_gravity,0.137674
SPG,63,20,put_call_skew_30d,0.0
SPG,63,20,term_structure_slope,0.0
SPG,63,20,vrp_wedge,0.0
SPG,63,20,iv_atm_z_score,0.017593
SPG,63,20,macro_yield_curve_slope,0.019536
SPG,63,20,macro_hy_spread,0.03902
SPG,63,20,macro_hy_spread_chg_5d,0.0
SPG,63,20,macro_breakeven_5y,0.01309
SPG,63,20,macro_inflation_fwd_5y5y,0.06054
SPG,63,20,macro_inflation_fwd_chg_21d,0.009946
SPG,63,20,macro_inflation_fwd_abs_chg_21d,0.0
SPG,63,20,macro_inflation_fwd_chg_63d,0.009307
SPG,63,20,macro_inflation_fwd_zscore,0.048584
SPG,63,20,macro_dollar_ret,0.0
SPG,63,20,beta_spy,0.052669
SPG,63,20,res_vol,0.01001
SPG,63,20,res_vol_vel,0.0
SPG,63,20,price_regime,0.049768
SPG,63,20,corr_sector_21d,0.0
SPG,63,20,corr_sector_252d,0.016945
SPG,63,20,sector_wedge,0.008609
SPG,63,21,rv_5d,0.0
SPG,63,21,rv_10d,0.0
SPG,63,21,rv_21d,0.0
SPG,63,21,rv_63d,0.021326
SPG,63,21,rv_126d,0.02717
SPG,63,21,ewma_vol,0.009682
SPG,63,21,garch_cond_vol,0.017052
SPG,63,21,ret_TARGET,0.0
SPG,63,21,tech_RSI,0.011125
SPG,63,21,tech_MACD_hist,0.0
SPG,63,21,ret_VIXY,0.0
SPG,63,21,mom21_VIXY,0.012391
SPG,63,21,ret_HYG,0.0
SPG,63,21,mom21_HYG,0.015805
SPG,63,21,ret_USO,0.0
SPG,63,21,mom21_USO,0.012692
SPG,63,21,ret_TLT,0.0
SPG,63,21,mom21_TLT,0.028406
SPG,63,21,ret_UUP,0.0
SPG,63,21,mom21_UUP,0.0
SPG,63,21,ret_SPY,0.0
SPG,63,21,mom21_SPY,0.0
SPG,63,21,vol_vel,0.0
SPG,63,21,vol_of_vol,0.008383
SPG,63,21,vol_regime_zscore,0.10914
SPG,63,21,vol_chg_21d,0.0
SPG,63,21,event_fed_gravity,0.137041
SPG,63,21,event_earn_gravity,0.0
SPG,63,21,event_div_gravity,0.0
SPG,63,21,event_cpi_gravity,0.11636
SPG,63,21,event_nfp_gravity,0.11911
SPG,63,21,put_call_skew_30d,0.0
SPG,63,21,term_structure_slope,0.0
SPG,63,21,vrp_wedge,0.01117
SPG,63,21,iv_atm_z_score,0.015583
SPG,63,21,macro_yield_curve_slope,0.015602
SPG,63,21,macro_hy_spread,0.041117
SPG,63,21,macro_hy_spread_chg_5d,0.0
SPG,63,21,macro_breakeven_5y,0.013797
SPG,63,21,macro_inflation_fwd_5y5y,0.065734
SPG,63,21,macro_inflation_fwd_chg_21d,0.0
SPG,63,21,macro_inflation_fwd_abs_chg_21d,0.007994
SPG,63,21,macro_inflation_fwd_chg_63d,0.009646
SPG,63,21,macro_inflation_fwd_zscore,0.044885
SPG,63,21,macro_dollar_ret,0.0
SPG,63,21,beta_spy,0.052066
SPG,63,21,res_vol,0.01088
SPG,63,21,res_vol_vel,0.0
SPG,63,21,price_regime,0.041069
SPG,63,21,corr_sector_21d,0.0
SPG,63,21,corr_sector_252d,0.015941
SPG,63,21,sector_wedge,0.008833
SPG,63,22,rv_5d,0.0
SPG,63,22,rv_10d,0.012651
SPG,63,22,rv_21d,0.0
SPG,63,22,rv_63d,0.020883
SPG,63,22,rv_126d,0.020984
SPG,63,22,ewma_vol,0.008896
SPG,63,22,garch_cond_vol,0.0
SPG,63,22,ret_TARGET,0.0
SPG,63,22,tech_RSI,0.016047
SPG,63,22,tech_MACD_hist,0.0
SPG,63,22,ret_VIXY,0.0
SPG,63,22,mom21_VIXY,0.011589
SPG,63,22,ret_HYG,0.0
SPG,63,22,mom21_HYG,0.018587
SPG,63,22,ret_USO,0.0
SPG,63,22,mom21_USO,0.010486
SPG,63,22,ret_TLT,0.0
SPG,63,22,mom21_TLT,0.029894
SPG,63,22,ret_UUP,0.0
SPG,63,22,mom21_UUP,0.007907
SPG,63,22,ret_SPY,0.0
SPG,63,22,mom21_SPY,0.0
SPG,63,22,vol_vel,0.0
SPG,63,22,vol_of_vol,0.010421
SPG,63,22,vol_regime_zscore,0.102456
SPG,63,22,vol_chg_21d,0.0
SPG,63,22,event_fed_gravity,0.122733
SPG,63,22,event_earn_gravity,0.0
SPG,63,22,event_div_gravity,0.0
SPG,63,22,event_cpi_gravity,0.109577
SPG,63,22,event_nfp_gravity,0.138963
SPG,63,22,put_call_skew_30d,0.0
SPG,63,22,term_structure_slope,0.0
SPG,63,22,vrp_wedge,0.012314
SPG,63,22,iv_atm_z_score,0.011505
SPG,63,22,macro_yield_curve_slope,0.016757
SPG,63,22,macro_hy_spread,0.038365
SPG,63,22,macro_hy_spread_chg_5d,0.0
SPG,63,22,macro_breakeven_5y,0.01559
SPG,63,22,macro_inflation_fwd_5y5y,0.068953
SPG,63,22,macro_inflation_fwd_chg_21d,0.0
SPG,63,22,macro_inflation_fwd_abs_chg_21d,0.008103
SPG,63,22,macro_inflation_fwd_chg_63d,0.010128
SPG,63,22,macro_inflation_fwd_zscore,0.042352
SPG,63,22,macro_dollar_ret,0.0
SPG,63,22,beta_spy,0.058031
SPG,63,22,res_vol,0.015412
SPG,63,22,res_vol_vel,0.0
SPG,63,22,price_regime,0.039957
SPG,63,22,corr_sector_21d,0.0
SPG,63,22,corr_sector_252d,0.02046
SPG,63,22,sector_wedge,0.0
SPG,63,23,rv_5d,0.0
SPG,63,23,rv_10d,0.0137
SPG,63,23,rv_21d,0.009157
SPG,63,23,rv_63d,0.021623
SPG,63,23,rv_126d,0.01898
SPG,63,23,ewma_vol,0.0
SPG,63,23,garch_cond_vol,0.0
SPG,63,23,ret_TARGET,0.0
SPG,63,23,tech_RSI,0.0
SPG,63,23,tech_MACD_hist,0.017026
SPG,63,23,ret_VIXY,0.0
SPG,63,23,mom21_VIXY,0.009785
SPG,63,23,ret_HYG,0.0
SPG,63,23,mom21_HYG,0.0
SPG,63,23,ret_USO,0.0
SPG,63,23,mom21_USO,0.012512
SPG,63,23,ret_TLT,0.0
SPG,63,23,mom21_TLT,0.0
SPG,63,23,ret_UUP,0.0
SPG,63,23,mom21_UUP,0.008566
SPG,63,23,ret_SPY,0.0
SPG,63,23,mom21_SPY,0.0
SPG,63,23,vol_vel,0.007639
SPG,63,23,vol_of_vol,0.009998
SPG,63,23,vol_regime_zscore,0.115866
SPG,63,23,vol_chg_21d,0.0
SPG,63,23,event_fed_gravity,0.12019
SPG,63,23,event_earn_gravity,0.0
SPG,63,23,event_div_gravity,0.0
SPG,63,23,event_cpi_gravity,0.112881
SPG,63,23,event_nfp_gravity,0.146266
SPG,63,23,put_call_skew_30d,0.0
SPG,63,23,term_structure_slope,0.0
SPG,63,23,vrp_wedge,0.013594
SPG,63,23,iv_atm_z_score,0.016884
SPG,63,23,macro_yield_curve_slope,0.019771
SPG,63,23,macro_hy_spread,0.041884
SPG,63,23,macro_hy_spread_chg_5d,0.0
SPG,63,23,macro_breakeven_5y,0.013278
SPG,63,23,macro_inflation_fwd_5y5y,0.078943
SPG,63,23,macro_inflation_fwd_chg_21d,0.0
SPG,63,23,macro_inflation_fwd_abs_chg_21d,0.007651
SPG,63,23,macro_inflation_fwd_chg_63d,0.015273
SPG,63,23,macro_inflation_fwd_zscore,0.04496
SPG,63,23,macro_dollar_ret,0.0
SPG,63,23,beta_spy,0.051997
SPG,63,23,res_vol,0.016687
SPG,63,23,res_vol_vel,0.0
SPG,63,23,price_regime,0.037534
SPG,63,23,corr_sector_21d,0.0
SPG,63,23,corr_sector_252d,0.017355
SPG,63,23,sector_wedge,0.0
SPG,63,24,rv_5d,0.0
SPG,63,24,rv_10d,0.011768
SPG,63,24,rv_21d,0.010083
SPG,63,24,rv_63d,0.020533
SPG,63,24,rv_126d,0.021444
SPG,63,24,ewma_vol,0.0
SPG,63,24,garch_cond_vol,0.013256
SPG,63,24,ret_TARGET,0.0
SPG,63,24,tech_RSI,0.014475
SPG,63,24,tech_MACD_hist,0.012346
SPG,63,24,ret_VIXY,0.0
SPG,63,24,mom21_VIXY,0.034381
SPG,63,24,ret_HYG,0.0
SPG,63,24,mom21_HYG,0.01241
SPG,63,24,ret_USO,0.0
SPG,63,24,mom21_USO,0.009611
SPG,63,24,ret_TLT,0.0
SPG,63,24,mom21_TLT,0.007417
SPG,63,24,ret_UUP,0.0
SPG,63,24,mom21_UUP,0.007636
SPG,63,24,ret_SPY,0.0
SPG,63,24,mom21_SPY,0.0
SPG,63,24,vol_vel,0.0
SPG,63,24,vol_of_vol,0.008238
SPG,63,24,vol_regime_zscore,0.091392
SPG,63,24,vol_chg_21d,0.0
SPG,63,24,event_fed_gravity,0.147035
SPG,63,24,event_earn_gravity,0.0
SPG,63,24,event_div_gravity,0.0
SPG,63,24,event_cpi_gravity,0.095318
SPG,63,24,event_nfp_gravity,0.102306
SPG,63,24,put_call_skew_30d,0.0
SPG,63,24,term_structure_slope,0.0
SPG,63,24,vrp_wedge,0.009898
SPG,63,24,iv_atm_z_score,0.017911
SPG,63,24,macro_yield_curve_slope,0.017383
SPG,63,24,macro_hy_spread,0.042264
SPG,63,24,macro_hy_spread_chg_5d,0.0
SPG,63,24,macro_breakeven_5y,0.017597
SPG,63,24,macro_inflation_fwd_5y5y,0.081665
SPG,63,24,macro_inflation_fwd_chg_21d,0.0
SPG,63,24,macro_inflation_fwd_abs_chg_21d,0.007475
SPG,63,24,macro_inflation_fwd_chg_63d,0.017836
SPG,63,24,macro_inflation_fwd_zscore,0.057107
SPG,63,24,macro_dollar_ret,0.0
SPG,63,24,beta_spy,0.048829
SPG,63,24,res_vol,0.012801
SPG,63,24,res_vol_vel,0.0
SPG,63,24,price_regime,0.026087
SPG,63,24,corr_sector_21d,0.0
SPG,63,24,corr_sector_252d,0.015431
SPG,63,24,sector_wedge,0.008066
SPG,63,25,rv_5d,0.0
SPG,63,25,rv_10d,0.0
SPG,63,25,rv_21d,0.007027
SPG,63,25,rv_63d,0.019429
SPG,63,25,rv_126d,0.028438
SPG,63,25,ewma_vol,0.048534
SPG,63,25,garch_cond_vol,0.011445
SPG,63,25,ret_TARGET,0.0
SPG,63,25,tech_RSI,0.008261
SPG,63,25,tech_MACD_hist,0.014427
SPG,63,25,ret_VIXY,0.0
SPG,63,25,mom21_VIXY,0.023912
SPG,63,25,ret_HYG,0.0
SPG,63,25,mom21_HYG,0.012502
SPG,63,25,ret_USO,0.0
SPG,63,25,mom21_USO,0.009532
SPG,63,25,ret_TLT,0.0
SPG,63,25,mom21_TLT,0.007887
SPG,63,25,ret_UUP,0.0
SPG,63,25,mom21_UUP,0.007488
SPG,63,25,ret_SPY,0.0
SPG,63,25,mom21_SPY,0.0
SPG,63,25,vol_vel,0.00725
SPG,63,25,vol_of_vol,0.008909
SPG,63,25,vol_regime_zscore,0.076094
SPG,63,25,vol_chg_21d,0.0
SPG,63,25,event_fed_gravity,0.116637
SPG,63,25,event_earn_gravity,0.0
SPG,63,25,event_div_gravity,0.0
SPG,63,25,event_cpi_gravity,0.129491
SPG,63,25,event_nfp_gravity,0.093012
SPG,63,25,put_call_skew_30d,0.0
SPG,63,25,term_structure_slope,0.0
SPG,63,25,vrp_wedge,0.010052
SPG,63,25,iv_atm_z_score,0.017768
SPG,63,25,macro_yield_curve_slope,0.01567
SPG,63,25,macro_hy_spread,0.046712
SPG,63,25,macro_hy_spread_chg_5d,0.0
SPG,63,25,macro_breakeven_5y,0.014415
SPG,63,25,macro_inflation_fwd_5y5y,0.082227
SPG,63,25,macro_inflation_fwd_chg_21d,0.0
SPG,63,25,macro_inflation_fwd_abs_chg_21d,0.0
SPG,63,25,macro_inflation_fwd_chg_63d,0.01668
SPG,63,25,macro_inflation_fwd_zscore,0.079108
SPG,63,25,macro_dollar_ret,0.0
SPG,63,25,beta_spy,0.047598
SPG,63,25,res_vol,0.00837
SPG,63,25,res_vol_vel,0.0
SPG,63,25,price_regime,0.015237
SPG,63,25,corr_sector_21d,0.0
SPG,63,25,corr_sector_252d,0.015889
SPG,63,25,sector_wedge,0.0
SPG,63,26,rv_5d,0.0
SPG,63,26,rv_10d,0.0
SPG,63,26,rv_21d,0.0
SPG,63,26,rv_63d,0.027213
SPG,63,26,rv_126d,0.035732
SPG,63,26,ewma_vol,0.050078
SPG,63,26,garch_cond_vol,0.009902
SPG,63,26,ret_TARGET,0.0
SPG,63,26,tech_RSI,0.010198
SPG,63,26,tech_MACD_hist,0.014424
SPG,63,26,ret_VIXY,0.0
SPG,63,26,mom21_VIXY,0.024507
SPG,63,26,ret_HYG,0.0
SPG,63,26,mom21_HYG,0.008009
SPG,63,26,ret_USO,0.0
SPG,63,26,mom21_USO,0.009959
SPG,63,26,ret_TLT,0.0
SPG,63,26,mom21_TLT,0.0
SPG,63,26,ret_UUP,0.0
SPG,63,26,mom21_UUP,0.007819
SPG,63,26,ret_SPY,0.0
SPG,63,26,mom21_SPY,0.0
SPG,63,26,vol_vel,0.0
SPG,63,26,vol_of_vol,0.008422
SPG,63,26,vol_regime_zscore,0.073628
SPG,63,26,vol_chg_21d,0.0
SPG,63,26,event_fed_gravity,0.125158
SPG,63,26,event_earn_gravity,0.0
SPG,63,26,event_div_gravity,0.0
SPG,63,26,event_cpi_gravity,0.096047
SPG,63,26,event_nfp_gravity,0.129403
SPG,63,26,put_call_skew_30d,0.0
SPG,63,26,term_structure_slope,0.0
SPG,63,26,vrp_wedge,0.00889
SPG,63,26,iv_atm_z_score,0.020189
SPG,63,26,macro_yield_curve_slope,0.017081
SPG,63,26,macro_hy_spread,0.040392
SPG,63,26,macro_hy_spread_chg_5d,0.0
SPG,63,26,macro_breakeven_5y,0.01579
SPG,63,26,macro_inflation_fwd_5y5y,0.073629
SPG,63,26,macro_inflation_fwd_chg_21d,0.0
SPG,63,26,macro_inflation_fwd_abs_chg_21d,0.0
SPG,63,26,macro_inflation_fwd_chg_63d,0.018971
SPG,63,26,macro_inflation_fwd_zscore,0.063582
SPG,63,26,macro_dollar_ret,0.0
SPG,63,26,beta_spy,0.053292
SPG,63,26,res_vol,0.009484
SPG,63,26,res_vol_vel,0.0
SPG,63,26,price_regime,0.015084
SPG,63,26,corr_sector_21d,0.0
SPG,63,26,corr_sector_252d,0.033117
SPG,63,26,sector_wedge,0.0
SPG,63,27,rv_5d,0.0
SPG,63,27,rv_10d,0.019449
SPG,63,27,rv_21d,0.0
SPG,63,27,rv_63d,0.027612
SPG,63,27,rv_126d,0.031554
SPG,63,27,ewma_vol,0.008257
SPG,63,27,garch_cond_vol,0.0
SPG,63,27,ret_TARGET,0.0
SPG,63,27,tech_RSI,0.012865
SPG,63,27,tech_MACD_hist,0.01408
SPG,63,27,ret_VIXY,0.0
SPG,63,27,mom21_VIXY,0.0
SPG,63,27,ret_HYG,0.0
SPG,63,27,mom21_HYG,0.014584
SPG,63,27,ret_USO,0.0
SPG,63,27,mom21_USO,0.010766
SPG,63,27,ret_TLT,0.0
SPG,63,27,mom21_TLT,0.0
SPG,63,27,ret_UUP,0.0
SPG,63,27,mom21_UUP,0.007983
SPG,63,27,ret_SPY,0.0
SPG,63,27,mom21_SPY,0.0
SPG,63,27,vol_vel,0.0
SPG,63,27,vol_of_vol,0.007827
SPG,63,27,vol_regime_zscore,0.088555
SPG,63,27,vol_chg_21d,0.0
SPG,63,27,event_fed_gravity,0.129669
SPG,63,27,event_earn_gravity,0.0
SPG,63,27,event_div_gravity,0.0
SPG,63,27,event_cpi_gravity,0.092709
SPG,63,27,event_nfp_gravity,0.139516
SPG,63,27,put_call_skew_30d,0.0
SPG,63,27,term_structure_slope,0.0
SPG,63,27,vrp_wedge,0.007546
SPG,63,27,iv_atm_z_score,0.017406
SPG,63,27,macro_yield_curve_slope,0.019268
SPG,63,27,macro_hy_spread,0.038328
SPG,63,27,macro_hy_spread_chg_5d,0.0
SPG,63,27,macro_breakeven_5y,0.013721
SPG,63,27,macro_inflation_fwd_5y5y,0.095927
SPG,63,27,macro_inflation_fwd_chg_21d,0.0
SPG,63,27,macro_inflation_fwd_abs_chg_21d,0.0
SPG,63,27,macro_inflation_fwd_chg_63d,0.025302
SPG,63,27,macro_inflation_fwd_zscore,0.053538
SPG,63,27,macro_dollar_ret,0.0
SPG,63,27,beta_spy,0.055486
SPG,63,27,res_vol,0.016379
SPG,63,27,res_vol_vel,0.0
SPG,63,27,price_regime,0.01679
SPG,63,27,corr_sector_21d,0.0
SPG,63,27,corr_sector_252d,0.034883
SPG,63,27,sector_wedge,0.0
SPG,63,28,rv_5d,0.014101
SPG,63,28,rv_10d,0.007722
SPG,63,28,rv_21d,0.007622
SPG,63,28,rv_63d,0.02336
SPG,63,28,rv_126d,0.031373
SPG,63,28,ewma_vol,0.049704
SPG,63,28,garch_cond_vol,0.0
SPG,63,28,ret_TARGET,0.0
SPG,63,28,tech_RSI,0.0
SPG,63,28,tech_MACD_hist,0.0
SPG,63,28,ret_VIXY,0.0
SPG,63,28,mom21_VIXY,0.01393
SPG,63,28,ret_HYG,0.0
SPG,63,28,mom21_HYG,0.017719
SPG,63,28,ret_USO,0.0
SPG,63,28,mom21_USO,0.010316
SPG,63,28,ret_TLT,0.0
SPG,63,28,mom21_TLT,0.013372
SPG,63,28,ret_UUP,0.0
SPG,63,28,mom21_UUP,0.007961
SPG,63,28,ret_SPY,0.0
SPG,63,28,mom21_SPY,0.0
SPG,63,28,vol_vel,0.0
SPG,63,28,vol_of_vol,0.009488
SPG,63,28,vol_regime_zscore,0.043634
SPG,63,28,vol_chg_21d,0.0
SPG,63,28,event_fed_gravity,0.11638
SPG,63,28,event_earn_gravity,0.0
SPG,63,28,event_div_gravity,0.0
SPG,63,28,event_cpi_gravity,0.13065
SPG,63,28,event_nfp_gravity,0.100005
SPG,63,28,put_call_skew_30d,0.0
SPG,63,28,term_structure_slope,0.0
SPG,63,28,vrp_wedge,0.009113
SPG,63,28,iv_atm_z_score,0.015572
SPG,63,28,macro_yield_curve_slope,0.022457
SPG,63,28,macro_hy_spread,0.04623
SPG,63,28,macro_hy_spread_chg_5d,0.0
SPG,63,28,macro_breakeven_5y,0.02164
SPG,63,28,macro_inflation_fwd_5y5y,0.103123
SPG,63,28,macro_inflation_fwd_chg_21d,0.0
SPG,63,28,macro_inflation_fwd_abs_chg_21d,0.0
SPG,63,28,macro_inflation_fwd_chg_63d,0.007806
SPG,63,28,macro_inflation_fwd_zscore,0.077726
SPG,63,28,macro_dollar_ret,0.0
SPG,63,28,beta_spy,0.05241
SPG,63,28,res_vol,0.0
SPG,63,28,res_vol_vel,0.0
SPG,63,28,price_regime,0.018812
SPG,63,28,corr_sector_21d,0.0
SPG,63,28,corr_sector_252d,0.027773
SPG,63,28,sector_wedge,0.0
SPG,63,29,rv_5d,0.012331
SPG,63,29,rv_10d,0.0
SPG,63,29,rv_21d,0.0
SPG,63,29,rv_63d,0.019273
SPG,63,29,rv_126d,0.034427
SPG,63,29,ewma_vol,0.0
SPG,63,29,garch_cond_vol,0.0
SPG,63,29,ret_TARGET,0.0
SPG,63,29,tech_RSI,0.012812
SPG,63,29,tech_MACD_hist,0.0
SPG,63,29,ret_VIXY,0.0
SPG,63,29,mom21_VIXY,0.023467
SPG,63,29,ret_HYG,0.0
SPG,63,29,mom21_HYG,0.011621
SPG,63,29,ret_USO,0.0
SPG,63,29,mom21_USO,0.012039
SPG,63,29,ret_TLT,0.0
SPG,63,29,mom21_TLT,0.008503
SPG,63,29,ret_UUP,0.0
SPG,63,29,mom21_UUP,0.008847
SPG,63,29,ret_SPY,0.0
SPG,63,29,mom21_SPY,0.0
SPG,63,29,vol_vel,0.0
SPG,63,29,vol_of_vol,0.0
SPG,63,29,vol_regime_zscore,0.05122
SPG,63,29,vol_chg_21d,0.0
SPG,63,29,event_fed_gravity,0.113478
SPG,63,29,event_earn_gravity,0.0
SPG,63,29,event_div_gravity,0.0
SPG,63,29,event_cpi_gravity,0.124187
SPG,63,29,event_nfp_gravity,0.144375
SPG,63,29,put_call_skew_30d,0.0
SPG,63,29,term_structure_slope,0.0
SPG,63,29,vrp_wedge,0.008798
SPG,63,29,iv_atm_z_score,0.017227
SPG,63,29,macro_yield_curve_slope,0.025789
SPG,63,29,macro_hy_spread,0.04453
SPG,63,29,macro_hy_spread_chg_5d,0.0
SPG,63,29,macro_breakeven_5y,0.00975
SPG,63,29,macro_inflation_fwd_5y5y,0.107609
SPG,63,29,macro_inflation_fwd_chg_21d,0.0
SPG,63,29,macro_inflation_fwd_abs_chg_21d,0.0
SPG,63,29,macro_inflation_fwd_chg_63d,0.008141
SPG,63,29,macro_inflation_fwd_zscore,0.09322
SPG,63,29,macro_dollar_ret,0.0
SPG,63,29,beta_spy,0.054099
SPG,63,29,res_vol,0.0
SPG,63,29,res_vol_vel,0.0
SPG,63,29,price_regime,0.021365
SPG,63,29,corr_sector_21d,0.008561
SPG,63,29,corr_sector_252d,0.024329
SPG,63,29,sector_wedge,0.0
SPG,63,30,rv_5d,0.0
SPG,63,30,rv_10d,0.007847
SPG,63,30,rv_21d,0.0
SPG,63,30,rv_63d,0.020986
SPG,63,30,rv_126d,0.027794
SPG,63,30,ewma_vol,0.0
SPG,63,30,garch_cond_vol,0.0
SPG,63,30,ret_TARGET,0.0
SPG,63,30,tech_RSI,0.0
SPG,63,30,tech_MACD_hist,0.0
SPG,63,30,ret_VIXY,0.0
SPG,63,30,mom21_VIXY,0.023909
SPG,63,30,ret_HYG,0.0
SPG,63,30,mom21_HYG,0.019929
SPG,63,30,ret_USO,0.0
SPG,63,30,mom21_USO,0.009481
SPG,63,30,ret_TLT,0.0
SPG,63,30,mom21_TLT,0.0
SPG,63,30,ret_UUP,0.0
SPG,63,30,mom21_UUP,0.0
SPG,63,30,ret_SPY,0.0
SPG,63,30,mom21_SPY,0.0
SPG,63,30,vol_vel,0.0
SPG,63,30,vol_of_vol,0.007787
SPG,63,30,vol_regime_zscore,0.046489
SPG,63,30,vol_chg_21d,0.0
SPG,63,30,event_fed_gravity,0.163266
SPG,63,30,event_earn_gravity,0.0
SPG,63,30,event_div_gravity,0.0
SPG,63,30,event_cpi_gravity,0.090316
SPG,63,30,event_nfp_gravity,0.130899
SPG,63,30,put_call_skew_30d,0.0
SPG,63,30,term_structure_slope,0.0
SPG,63,30,vrp_wedge,0.008374
SPG,63,30,iv_atm_z_score,0.021811
SPG,63,30,macro_yield_curve_slope,0.024974
SPG,63,30,macro_hy_spread,0.04799
SPG,63,30,macro_hy_spread_chg_5d,0.0
SPG,63,30,macro_breakeven_5y,0.016304
SPG,63,30,macro_inflation_fwd_5y5y,0.106166
SPG,63,30,macro_inflation_fwd_chg_21d,0.0
SPG,63,30,macro_inflation_fwd_abs_chg_21d,0.0
SPG,63,30,macro_inflation_fwd_chg_63d,0.008008
SPG,63,30,macro_inflation_fwd_zscore,0.089962
SPG,63,30,macro_dollar_ret,0.0
SPG,63,30,beta_spy,0.04781
SPG,63,30,res_vol,0.031639
SPG,63,30,res_vol_vel,0.0
SPG,63,30,price_regime,0.020113
SPG,63,30,corr_sector_21d,0.0
SPG,63,30,corr_sector_252d,0.028143
SPG,63,30,sector_wedge,0.0
SPG,63,31,rv_5d,0.0
SPG,63,31,rv_10d,0.008487
SPG,63,31,rv_21d,0.010489
SPG,63,31,rv_63d,0.018169
SPG,63,31,rv_126d,0.01931
SPG,63,31,ewma_vol,0.0
SPG,63,31,garch_cond_vol,0.0
SPG,63,31,ret_TARGET,0.0
SPG,63,31,tech_RSI,0.010675
SPG,63,31,tech_MACD_hist,0.0
SPG,63,31,ret_VIXY,0.0
SPG,63,31,mom21_VIXY,0.027624
SPG,63,31,ret_HYG,0.0
SPG,63,31,mom21_HYG,0.024378
SPG,63,31,ret_USO,0.0
SPG,63,31,mom21_USO,0.014932
SPG,63,31,ret_TLT,0.0
SPG,63,31,mom21_TLT,0.0
SPG,63,31,ret_UUP,0.0
SPG,63,31,mom21_UUP,0.00824
SPG,63,31,ret_SPY,0.0
SPG,63,31,mom21_SPY,0.0
SPG,63,31,vol_vel,0.0
SPG,63,31,vol_of_vol,0.0
SPG,63,31,vol_regime_zscore,0.041981
SPG,63,31,vol_chg_21d,0.0
SPG,63,31,event_fed_gravity,0.103824
SPG,63,31,event_earn_gravity,0.0
SPG,63,31,event_div_gravity,0.0
SPG,63,31,event_cpi_gravity,0.120929
SPG,63,31,event_nfp_gravity,0.14596
SPG,63,31,put_call_skew_30d,0.0
SPG,63,31,term_structure_slope,0.0
SPG,63,31,vrp_wedge,0.008984
SPG,63,31,iv_atm_z_score,0.017396
SPG,63,31,macro_yield_curve_slope,0.028504
SPG,63,31,macro_hy_spread,0.058976
SPG,63,31,macro_hy_spread_chg_5d,0.0
SPG,63,31,macro_breakeven_5y,0.017165
SPG,63,31,macro_inflation_fwd_5y5y,0.101524
SPG,63,31,macro_inflation_fwd_chg_21d,0.0
SPG,63,31,macro_inflation_fwd_abs_chg_21d,0.0
SPG,63,31,macro_inflation_fwd_chg_63d,0.017701
SPG,63,31,macro_inflation_fwd_zscore,0.089886
SPG,63,31,macro_dollar_ret,0.0
SPG,63,31,beta_spy,0.048083
SPG,63,31,res_vol,0.008042
SPG,63,31,res_vol_vel,0.0
SPG,63,31,price_regime,0.022457
SPG,63,31,corr_sector_21d,0.0
SPG,63,31,corr_sector_252d,0.026283
SPG,63,31,sector_wedge,0.0
SPG,63,32,rv_5d,0.0
SPG,63,32,rv_10d,0.0
SPG,63,32,rv_21d,0.011583
SPG,63,32,rv_63d,0.018148
SPG,63,32,rv_126d,0.018848
SPG,63,32,ewma_vol,0.0
SPG,63,32,garch_cond_vol,0.0
SPG,63,32,ret_TARGET,0.0
SPG,63,32,tech_RSI,0.0
SPG,63,32,tech_MACD_hist,0.0
SPG,63,32,ret_VIXY,0.0
SPG,63,32,mom21_VIXY,0.0
SPG,63,32,ret_HYG,0.0
SPG,63,32,mom21_HYG,0.023535
SPG,63,32,ret_USO,0.0
SPG,63,32,mom21_USO,0.010469
SPG,63,32,ret_TLT,0.0
SPG,63,32,mom21_TLT,0.008392
SPG,63,32,ret_UUP,0.0
SPG,63,32,mom21_UUP,0.008773
SPG,63,32,ret_SPY,0.0
SPG,63,32,mom21_SPY,0.0
SPG,63,32,vol_vel,0.0
SPG,63,32,vol_of_vol,0.009847
SPG,63,32,vol_regime_zscore,0.041042
SPG,63,32,vol_chg_21d,0.0
SPG,63,32,event_fed_gravity,0.136525
SPG,63,32,event_earn_gravity,0.0
SPG,63,32,event_div_gravity,0.0
SPG,63,32,event_cpi_gravity,0.089569
SPG,63,32,event_nfp_gravity,0.130334
SPG,63,32,put_call_skew_30d,0.0
SPG,63,32,term_structure_slope,0.0
SPG,63,32,vrp_wedge,0.014941
SPG,63,32,iv_atm_z_score,0.019832
SPG,63,32,macro_yield_curve_slope,0.029344
SPG,63,32,macro_hy_spread,0.060024
SPG,63,32,macro_hy_spread_chg_5d,0.0
SPG,63,32,macro_breakeven_5y,0.024396
SPG,63,32,macro_inflation_fwd_5y5y,0.097173
SPG,63,32,macro_inflation_fwd_chg_21d,0.0
SPG,63,32,macro_inflation_fwd_abs_chg_21d,0.0
SPG,63,32,macro_inflation_fwd_chg_63d,0.015259
SPG,63,32,macro_inflation_fwd_zscore,0.096047
SPG,63,32,macro_dollar_ret,0.0
SPG,63,32,beta_spy,0.050197
SPG,63,32,res_vol,0.025387
SPG,63,32,res_vol_vel,0.0
SPG,63,32,price_regime,0.027895
SPG,63,32,corr_sector_21d,0.0
SPG,63,32,corr_sector_252d,0.032439
SPG,63,32,sector_wedge,0.0
SPG,63,33,rv_5d,0.0
SPG,63,33,rv_10d,0.0
SPG,63,33,rv_21d,0.009189
SPG,63,33,rv_63d,0.023626
SPG,63,33,rv_126d,0.018306
SPG,63,33,ewma_vol,0.0
SPG,63,33,garch_cond_vol,0.0
SPG,63,33,ret_TARGET,0.0
SPG,63,33,tech_RSI,0.0
SPG,63,33,tech_MACD_hist,0.008247
SPG,63,33,ret_VIXY,0.0
SPG,63,33,mom21_VIXY,0.016232
SPG,63,33,ret_HYG,0.0
SPG,63,33,mom21_HYG,0.02501
SPG,63,33,ret_USO,0.0
SPG,63,33,mom21_USO,0.014518
SPG,63,33,ret_TLT,0.0
SPG,63,33,mom21_TLT,0.0
SPG,63,33,ret_UUP,0.0
SPG,63,33,mom21_UUP,0.008655
SPG,63,33,ret_SPY,0.0
SPG,63,33,mom21_SPY,0.0
SPG,63,33,vol_vel,0.0
SPG,63,33,vol_of_vol,0.008791
SPG,63,33,vol_regime_zscore,0.0
SPG,63,33,vol_chg_21d,0.0
SPG,63,33,event_fed_gravity,0.122611
SPG,63,33,event_earn_gravity,0.0
SPG,63,33,event_div_gravity,0.0
SPG,63,33,event_cpi_gravity,0.117702
SPG,63,33,event_nfp_gravity,0.119452
SPG,63,33,put_call_skew_30d,0.0
SPG,63,33,term_structure_slope,0.0
SPG,63,33,vrp_wedge,0.0
SPG,63,33,iv_atm_z_score,0.027311
SPG,63,33,macro_yield_curve_slope,0.03119
SPG,63,33,macro_hy_spread,0.059204
SPG,63,33,macro_hy_spread_chg_5d,0.0
SPG,63,33,macro_breakeven_5y,0.02945
SPG,63,33,macro_inflation_fwd_5y5y,0.120848
SPG,63,33,macro_inflation_fwd_chg_21d,0.0
SPG,63,33,macro_inflation_fwd_abs_chg_21d,0.0
SPG,63,33,macro_inflation_fwd_chg_63d,0.022072
SPG,63,33,macro_inflation_fwd_zscore,0.082419
SPG,63,33,macro_dollar_ret,0.0
SPG,63,33,beta_spy,0.060566
SPG,63,33,res_vol,0.011013
SPG,63,33,res_vol_vel,0.0
SPG,63,33,price_regime,0.030981
SPG,63,33,corr_sector_21d,0.0
SPG,63,33,corr_sector_252d,0.032607
SPG,63,33,sector_wedge,0.0
SPG,63,34,rv_5d,0.007682
SPG,63,34,rv_10d,0.0
SPG,63,34,rv_21d,0.0
SPG,63,34,rv_63d,0.027208
SPG,63,34,rv_126d,0.0212
SPG,63,34,ewma_vol,0.008953
SPG,63,34,garch_cond_vol,0.0
SPG,63,34,ret_TARGET,0.0
SPG,63,34,tech_RSI,0.0
SPG,63,34,tech_MACD_hist,0.0
SPG,63,34,ret_VIXY,0.0
SPG,63,34,mom21_VIXY,0.013401
SPG,63,34,ret_HYG,0.0
SPG,63,34,mom21_HYG,0.021031
SPG,63,34,ret_USO,0.0
SPG,63,34,mom21_USO,0.009479
SPG,63,34,ret_TLT,0.0
SPG,63,34,mom21_TLT,0.0
SPG,63,34,ret_UUP,0.0
SPG,63,34,mom21_UUP,0.008619
SPG,63,34,ret_SPY,0.0
SPG,63,34,mom21_SPY,0.0
SPG,63,34,vol_vel,0.009649
SPG,63,34,vol_of_vol,0.025943
SPG,63,34,vol_regime_zscore,0.0
SPG,63,34,vol_chg_21d,0.0
SPG,63,34,event_fed_gravity,0.105009
SPG,63,34,event_earn_gravity,0.0
SPG,63,34,event_div_gravity,0.0
SPG,63,34,event_cpi_gravity,0.111366
SPG,63,34,event_nfp_gravity,0.164719
SPG,63,34,put_call_skew_30d,0.0
SPG,63,34,term_structure_slope,0.0
SPG,63,34,vrp_wedge,0.007972
SPG,63,34,iv_atm_z_score,0.025808
SPG,63,34,macro_yield_curve_slope,0.026858
SPG,63,34,macro_hy_spread,0.048694
SPG,63,34,macro_hy_spread_chg_5d,0.0
SPG,63,34,macro_breakeven_5y,0.026665
SPG,63,34,macro_inflation_fwd_5y5y,0.107904
SPG,63,34,macro_inflation_fwd_chg_21d,0.0
SPG,63,34,macro_inflation_fwd_abs_chg_21d,0.0
SPG,63,34,macro_inflation_fwd_chg_63d,0.020697
SPG,63,34,macro_inflation_fwd_zscore,0.058253
SPG,63,34,macro_dollar_ret,0.0
SPG,63,34,beta_spy,0.052418
SPG,63,34,res_vol,0.010031
SPG,63,34,res_vol_vel,0.0
SPG,63,34,price_regime,0.029051
SPG,63,34,corr_sector_21d,0.0
SPG,63,34,corr_sector_252d,0.042943
SPG,63,34,sector_wedge,0.008444
SPG,63,35,rv_5d,0.0
SPG,63,35,rv_10d,0.0
SPG,63,35,rv_21d,0.0
SPG,63,35,rv_63d,0.02212
SPG,63,35,rv_126d,0.024204
SPG,63,35,ewma_vol,0.0
SPG,63,35,garch_cond_vol,0.0
SPG,63,35,ret_TARGET,0.0
SPG,63,35,tech_RSI,0.0
SPG,63,35,tech_MACD_hist,0.0
SPG,63,35,ret_VIXY,0.0
SPG,63,35,mom21_VIXY,0.0273
SPG,63,35,ret_HYG,0.0
SPG,63,35,mom21_HYG,0.020589
SPG,63,35,ret_USO,0.0
SPG,63,35,mom21_USO,0.009268
SPG,63,35,ret_TLT,0.0
SPG,63,35,mom21_TLT,0.009212
SPG,63,35,ret_UUP,0.0
SPG,63,35,mom21_UUP,0.0
SPG,63,35,ret_SPY,0.0
SPG,63,35,mom21_SPY,0.0
SPG,63,35,vol_vel,0.0
SPG,63,35,vol_of_vol,0.011072
SPG,63,35,vol_regime_zscore,0.0
SPG,63,35,vol_chg_21d,0.0
SPG,63,35,event_fed_gravity,0.107348
SPG,63,35,event_earn_gravity,0.0
SPG,63,35,event_div_gravity,0.0
SPG,63,35,event_cpi_gravity,0.124892
SPG,63,35,event_nfp_gravity,0.134477
SPG,63,35,put_call_skew_30d,0.0
SPG,63,35,term_structure_slope,0.0
SPG,63,35,vrp_wedge,0.008824
SPG,63,35,iv_atm_z_score,0.027506
SPG,63,35,macro_yield_curve_slope,0.020784
SPG,63,35,macro_hy_spread,0.050994
SPG,63,35,macro_hy_spread_chg_5d,0.0
SPG,63,35,macro_breakeven_5y,0.040129
SPG,63,35,macro_inflation_fwd_5y5y,0.120743
SPG,63,35,macro_inflation_fwd_chg_21d,0.0
SPG,63,35,macro_inflation_fwd_abs_chg_21d,0.0
SPG,63,35,macro_inflation_fwd_chg_63d,0.020722
SPG,63,35,macro_inflation_fwd_zscore,0.070163
SPG,63,35,macro_dollar_ret,0.0
SPG,63,35,beta_spy,0.054136
SPG,63,35,res_vol,0.010526
SPG,63,35,res_vol_vel,0.0
SPG,63,35,price_regime,0.040132
SPG,63,35,corr_sector_21d,0.0
SPG,63,35,corr_sector_252d,0.035741
SPG,63,35,sector_wedge,0.009116
SPG,63,36,rv_5d,0.007882
SPG,63,36,rv_10d,0.0
SPG,63,36,rv_21d,0.014463
SPG,63,36,rv_63d,0.041053
SPG,63,36,rv_126d,0.024557
SPG,63,36,ewma_vol,0.0
SPG,63,36,garch_cond_vol,0.0
SPG,63,36,ret_TARGET,0.0
SPG,63,36,tech_RSI,0.00749
SPG,63,36,tech_MACD_hist,0.0
SPG,63,36,ret_VIXY,0.0
SPG,63,36,mom21_VIXY,0.025662
SPG,63,36,ret_HYG,0.0
SPG,63,36,mom21_HYG,0.020387
SPG,63,36,ret_USO,0.0
SPG,63,36,mom21_USO,0.009246
SPG,63,36,ret_TLT,0.0
SPG,63,36,mom21_TLT,0.018591
SPG,63,36,ret_UUP,0.0
SPG,63,36,mom21_UUP,0.009011
SPG,63,36,ret_SPY,0.0
SPG,63,36,mom21_SPY,0.0
SPG,63,36,vol_vel,0.0
SPG,63,36,vol_of_vol,0.013085
SPG,63,36,vol_regime_zscore,0.0
SPG,63,36,vol_chg_21d,0.0
SPG,63,36,event_fed_gravity,0.104232
SPG,63,36,event_earn_gravity,0.0
SPG,63,36,event_div_gravity,0.0
SPG,63,36,event_cpi_gravity,0.093651
SPG,63,36,event_nfp_gravity,0.140731
SPG,63,36,put_call_skew_30d,0.0
SPG,63,36,term_structure_slope,0.007141
SPG,63,36,vrp_wedge,0.007173
SPG,63,36,iv_atm_z_score,0.024847
SPG,63,36,macro_yield_curve_slope,0.024077
SPG,63,36,macro_hy_spread,0.045078
SPG,63,36,macro_hy_spread_chg_5d,0.0
SPG,63,36,macro_breakeven_5y,0.034953
SPG,63,36,macro_inflation_fwd_5y5y,0.101552
SPG,63,36,macro_inflation_fwd_chg_21d,0.045772
SPG,63,36,macro_inflation_fwd_abs_chg_21d,0.0
SPG,63,36,macro_inflation_fwd_chg_63d,0.017186
SPG,63,36,macro_inflation_fwd_zscore,0.031712
SPG,63,36,macro_dollar_ret,0.0
SPG,63,36,beta_spy,0.052004
SPG,63,36,res_vol,0.009263
SPG,63,36,res_vol_vel,0.0
SPG,63,36,price_regime,0.033728
SPG,63,36,corr_sector_21d,0.0
SPG,63,36,corr_sector_252d,0.035471
SPG,63,36,sector_wedge,0.0
SPG,63,37,rv_5d,0.0
SPG,63,37,rv_10d,0.0
SPG,63,37,rv_21d,0.009482
SPG,63,37,rv_63d,0.052108
SPG,63,37,rv_126d,0.021442
SPG,63,37,ewma_vol,0.093573
SPG,63,37,garch_cond_vol,0.0
SPG,63,37,ret_TARGET,0.0
SPG,63,37,tech_RSI,0.0071
SPG,63,37,tech_MACD_hist,0.0
SPG,63,37,ret_VIXY,0.0
SPG,63,37,mom21_VIXY,0.028838
SPG,63,37,ret_HYG,0.0
SPG,63,37,mom21_HYG,0.023155
SPG,63,37,ret_USO,0.0
SPG,63,37,mom21_USO,0.007422
SPG,63,37,ret_TLT,0.0
SPG,63,37,mom21_TLT,0.008561
SPG,63,37,ret_UUP,0.0
SPG,63,37,mom21_UUP,0.006979
SPG,63,37,ret_SPY,0.0
SPG,63,37,mom21_SPY,0.0
SPG,63,37,vol_vel,0.0
SPG,63,37,vol_of_vol,0.012243
SPG,63,37,vol_regime_zscore,0.0
SPG,63,37,vol_chg_21d,0.0
SPG,63,37,event_fed_gravity,0.096617
SPG,63,37,event_earn_gravity,0.0
SPG,63,37,event_div_gravity,0.0
SPG,63,37,event_cpi_gravity,0.102159
SPG,63,37,event_nfp_gravity,0.10267
SPG,63,37,put_call_skew_30d,0.0
SPG,63,37,term_structure_slope,0.0
SPG,63,37,vrp_wedge,0.008148
SPG,63,37,iv_atm_z_score,0.017663
SPG,63,37,macro_yield_curve_slope,0.024257
SPG,63,37,macro_hy_spread,0.048228
SPG,63,37,macro_hy_spread_chg_5d,0.0
SPG,63,37,macro_breakeven_5y,0.032189
SPG,63,37,macro_inflation_fwd_5y5y,0.094732
SPG,63,37,macro_inflation_fwd_chg_21d,0.024608
SPG,63,37,macro_inflation_fwd_abs_chg_21d,0.0
SPG,63,37,macro_inflation_fwd_chg_63d,0.015336
SPG,63,37,macro_inflation_fwd_zscore,0.033123
SPG,63,37,macro_dollar_ret,0.0
SPG,63,37,beta_spy,0.047339
SPG,63,37,res_vol,0.012297
SPG,63,37,res_vol_vel,0.0
SPG,63,37,price_regime,0.023598
SPG,63,37,corr_sector_21d,0.007913
SPG,63,37,corr_sector_252d,0.038221
SPG,63,37,sector_wedge,0.0
SPG,63,38,rv_5d,0.0
SPG,63,38,rv_10d,0.0
SPG,63,38,rv_21d,0.0
SPG,63,38,rv_63d,0.041032
SPG,63,38,rv_126d,0.024206
SPG,63,38,ewma_vol,0.023024
SPG,63,38,garch_cond_vol,0.0
SPG,63,38,ret_TARGET,0.0
SPG,63,38,tech_RSI,0.007667
SPG,63,38,tech_MACD_hist,0.0
SPG,63,38,ret_VIXY,0.0
SPG,63,38,mom21_VIXY,0.030605
SPG,63,38,ret_HYG,0.0
SPG,63,38,mom21_HYG,0.023841
SPG,63,38,ret_USO,0.0
SPG,63,38,mom21_USO,0.010864
SPG,63,38,ret_TLT,0.0
SPG,63,38,mom21_TLT,0.009836
SPG,63,38,ret_UUP,0.0
SPG,63,38,mom21_UUP,0.007523
SPG,63,38,ret_SPY,0.0
SPG,63,38,mom21_SPY,0.0
SPG,63,38,vol_vel,0.0
SPG,63,38,vol_of_vol,0.017327
SPG,63,38,vol_regime_zscore,0.0
SPG,63,38,vol_chg_21d,0.0
SPG,63,38,event_fed_gravity,0.115385
SPG,63,38,event_earn_gravity,0.0
SPG,63,38,event_div_gravity,0.0
SPG,63,38,event_cpi_gravity,0.100057
SPG,63,38,event_nfp_gravity,0.144036
SPG,63,38,put_call_skew_30d,0.0
SPG,63,38,term_structure_slope,0.0
SPG,63,38,vrp_wedge,0.007878
SPG,63,38,iv_atm_z_score,0.018039
SPG,63,38,macro_yield_curve_slope,0.025164
SPG,63,38,macro_hy_spread,0.042015
SPG,63,38,macro_hy_spread_chg_5d,0.0
SPG,63,38,macro_breakeven_5y,0.038033
SPG,63,38,macro_inflation_fwd_5y5y,0.107452
SPG,63,38,macro_inflation_fwd_chg_21d,0.0
SPG,63,38,macro_inflation_fwd_abs_chg_21d,0.0
SPG,63,38,macro_inflation_fwd_chg_63d,0.026028
SPG,63,38,macro_inflation_fwd_zscore,0.033359
SPG,63,38,macro_dollar_ret,0.0
SPG,63,38,beta_spy,0.054386
SPG,63,38,res_vol,0.015298
SPG,63,38,res_vol_vel,0.0
SPG,63,38,price_regime,0.029299
SPG,63,38,corr_sector_21d,0.009827
SPG,63,38,corr_sector_252d,0.037818
SPG,63,38,sector_wedge,0.0
SPG,63,39,rv_5d,0.00681
SPG,63,39,rv_10d,0.0
SPG,63,39,rv_21d,0.0
SPG,63,39,rv_63d,0.046549
SPG,63,39,rv_126d,0.022203
SPG,63,39,ewma_vol,0.084006
SPG,63,39,garch_cond_vol,0.0
SPG,63,39,ret_TARGET,0.0
SPG,63,39,tech_RSI,0.011755
SPG,63,39,tech_MACD_hist,0.0
SPG,63,39,ret_VIXY,0.0
SPG,63,39,mom21_VIXY,0.026628
SPG,63,39,ret_HYG,0.0
SPG,63,39,mom21_HYG,0.022958
SPG,63,39,ret_USO,0.0
SPG,63,39,mom21_USO,0.009101
SPG,63,39,ret_TLT,0.0
SPG,63,39,mom21_TLT,0.009398
SPG,63,39,ret_UUP,0.0
SPG,63,39,mom21_UUP,0.010219
SPG,63,39,ret_SPY,0.0
SPG,63,39,mom21_SPY,0.0
SPG,63,39,vol_vel,0.0
SPG,63,39,vol_of_vol,0.009869
SPG,63,39,vol_regime_zscore,0.010828
SPG,63,39,vol_chg_21d,0.0
SPG,63,39,event_fed_gravity,0.111323
SPG,63,39,event_earn_gravity,0.0
SPG,63,39,event_div_gravity,0.0
SPG,63,39,event_cpi_gravity,0.091352
SPG,63,39,event_nfp_gravity,0.1148
SPG,63,39,put_call_skew_30d,0.0
SPG,63,39,term_structure_slope,0.008328
SPG,63,39,vrp_wedge,0.007569
SPG,63,39,iv_atm_z_score,0.020235
SPG,63,39,macro_yield_curve_slope,0.02566
SPG,63,39,macro_hy_spread,0.030495
SPG,63,39,macro_hy_spread_chg_5d,0.0
SPG,63,39,macro_breakeven_5y,0.02665
SPG,63,39,macro_inflation_fwd_5y5y,0.104418
SPG,63,39,macro_inflation_fwd_chg_21d,0.0
SPG,63,39,macro_inflation_fwd_abs_chg_21d,0.0
SPG,63,39,macro_inflation_fwd_chg_63d,0.027803
SPG,63,39,macro_inflation_fwd_zscore,0.032189
SPG,63,39,macro_dollar_ret,0.0
SPG,63,39,beta_spy,0.047753
SPG,63,39,res_vol,0.016533
SPG,63,39,res_vol_vel,0.0
SPG,63,39,price_regime,0.02165
SPG,63,39,corr_sector_21d,0.0
SPG,63,39,corr_sector_252d,0.042919
SPG,63,39,sector_wedge,0.0
SPG,63,40,rv_5d,0.0
SPG,63,40,rv_10d,0.0
SPG,63,40,rv_21d,0.0
SPG,63,40,rv_63d,0.052432
SPG,63,40,rv_126d,0.024108
SPG,63,40,ewma_vol,0.121849
SPG,63,40,garch_cond_vol,0.0
SPG,63,40,ret_TARGET,0.0
SPG,63,40,tech_RSI,0.010235
SPG,63,40,tech_MACD_hist,0.0
SPG,63,40,ret_VIXY,0.0
SPG,63,40,mom21_VIXY,0.022712
SPG,63,40,ret_HYG,0.0
SPG,63,40,mom21_HYG,0.031199
SPG,63,40,ret_USO,0.0
SPG,63,40,mom21_USO,0.009
SPG,63,40,ret_TLT,0.0
SPG,63,40,mom21_TLT,0.011534
SPG,63,40,ret_UUP,0.0
SPG,63,40,mom21_UUP,0.008709
SPG,63,40,ret_SPY,0.0
SPG,63,40,mom21_SPY,0.0
SPG,63,40,vol_vel,0.0
SPG,63,40,vol_of_vol,0.013431
SPG,63,40,vol_regime_zscore,0.010658
SPG,63,40,vol_chg_21d,0.0
SPG,63,40,event_fed_gravity,0.077876
SPG,63,40,event_earn_gravity,0.0
SPG,63,40,event_div_gravity,0.0
SPG,63,40,event_cpi_gravity,0.099934
SPG,63,40,event_nfp_gravity,0.099955
SPG,63,40,put_call_skew_30d,0.0
SPG,63,40,term_structure_slope,0.0
SPG,63,40,vrp_wedge,0.007045
SPG,63,40,iv_atm_z_score,0.01848
SPG,63,40,macro_yield_curve_slope,0.019624
SPG,63,40,macro_hy_spread,0.025595
SPG,63,40,macro_hy_spread_chg_5d,0.0
SPG,63,40,macro_breakeven_5y,0.030348
SPG,63,40,macro_inflation_fwd_5y5y,0.097129
SPG,63,40,macro_inflation_fwd_chg_21d,0.0
SPG,63,40,macro_inflation_fwd_abs_chg_21d,0.0
SPG,63,40,macro_inflation_fwd_chg_63d,0.04378
SPG,63,40,macro_inflation_fwd_zscore,0.028668
SPG,63,40,macro_dollar_ret,0.0
SPG,63,40,beta_spy,0.042787
SPG,63,40,res_vol,0.014463
SPG,63,40,res_vol_vel,0.0
SPG,63,40,price_regime,0.018815
SPG,63,40,corr_sector_21d,0.008696
SPG,63,40,corr_sector_252d,0.050939
SPG,63,40,sector_wedge,0.0
SPG,63,41,rv_5d,0.0
SPG,63,41,rv_10d,0.0
SPG,63,41,rv_21d,0.057109
SPG,63,41,rv_63d,0.061254
SPG,63,41,rv_126d,0.024104
SPG,63,41,ewma_vol,0.086428
SPG,63,41,garch_cond_vol,0.020776
SPG,63,41,ret_TARGET,0.0
SPG,63,41,tech_RSI,0.008591
SPG,63,41,tech_MACD_hist,0.0
SPG,63,41,ret_VIXY,0.0
SPG,63,41,mom21_VIXY,0.016591
SPG,63,41,ret_HYG,0.0
SPG,63,41,mom21_HYG,0.027861
SPG,63,41,ret_USO,0.0
SPG,63,41,mom21_USO,0.007594
SPG,63,41,ret_TLT,0.0
SPG,63,41,mom21_TLT,0.008552
SPG,63,41,ret_UUP,0.0
SPG,63,41,mom21_UUP,0.0
SPG,63,41,ret_SPY,0.0
SPG,63,41,mom21_SPY,0.0
SPG,63,41,vol_vel,0.0
SPG,63,41,vol_of_vol,0.01151
SPG,63,41,vol_regime_zscore,0.007048
SPG,63,41,vol_chg_21d,0.0
SPG,63,41,event_fed_gravity,0.088917
SPG,63,41,event_earn_gravity,0.0
SPG,63,41,event_div_gravity,0.0
SPG,63,41,event_cpi_gravity,0.069146
SPG,63,41,event_nfp_gravity,0.094181
SPG,63,41,put_call_skew_30d,0.0
SPG,63,41,term_structure_slope,0.0
SPG,63,41,vrp_wedge,0.0
SPG,63,41,iv_atm_z_score,0.018126
SPG,63,41,macro_yield_curve_slope,0.019266
SPG,63,41,macro_hy_spread,0.017028
SPG,63,41,macro_hy_spread_chg_5d,0.0
SPG,63,41,macro_breakeven_5y,0.023218
SPG,63,41,macro_inflation_fwd_5y5y,0.083593
SPG,63,41,macro_inflation_fwd_chg_21d,0.041991
SPG,63,41,macro_inflation_fwd_abs_chg_21d,0.0
SPG,63,41,macro_inflation_fwd_chg_63d,0.030727
SPG,63,41,macro_inflation_fwd_zscore,0.019927
SPG,63,41,macro_dollar_ret,0.0
SPG,63,41,beta_spy,0.042404
SPG,63,41,res_vol,0.00893
SPG,63,41,res_vol_vel,0.0
SPG,63,41,price_regime,0.025559
SPG,63,41,corr_sector_21d,0.009833
SPG,63,41,corr_sector_252d,0.051646
SPG,63,41,sector_wedge,0.01809
SPG,63,42,rv_5d,0.0
SPG,63,42,rv_10d,0.0
SPG,63,42,rv_21d,0.058581
SPG,63,42,rv_63d,0.068108
SPG,63,42,rv_126d,0.023387
SPG,63,42,ewma_vol,0.08398
SPG,63,42,garch_cond_vol,0.012763
SPG,63,42,ret_TARGET,0.0
SPG,63,42,tech_RSI,0.008052
SPG,63,42,tech_MACD_hist,0.0
SPG,63,42,ret_VIXY,0.0
SPG,63,42,mom21_VIXY,0.014023
SPG,63,42,ret_HYG,0.0
SPG,63,42,mom21_HYG,0.027624
SPG,63,42,ret_USO,0.0
SPG,63,42,mom21_USO,0.00864
SPG,63,42,ret_TLT,0.0
SPG,63,42,mom21_TLT,0.007242
SPG,63,42,ret_UUP,0.0
SPG,63,42,mom21_UUP,0.0
SPG,63,42,ret_SPY,0.0
SPG,63,42,mom21_SPY,0.014544
SPG,63,42,vol_vel,0.0
SPG,63,42,vol_of_vol,0.011427
SPG,63,42,vol_regime_zscore,0.0
SPG,63,42,vol_chg_21d,0.0
SPG,63,42,event_fed_gravity,0.081827
SPG,63,42,event_earn_gravity,0.0
SPG,63,42,event_div_gravity,0.0
SPG,63,42,event_cpi_gravity,0.076924
SPG,63,42,event_nfp_gravity,0.086903
SPG,63,42,put_call_skew_30d,0.0
SPG,63,42,term_structure_slope,0.0
SPG,63,42,vrp_wedge,0.008889
SPG,63,42,iv_atm_z_score,0.013832
SPG,63,42,macro_yield_curve_slope,0.02198
SPG,63,42,macro_hy_spread,0.013463
SPG,63,42,macro_hy_spread_chg_5d,0.0
SPG,63,42,macro_breakeven_5y,0.026788
SPG,63,42,macro_inflation_fwd_5y5y,0.087162
SPG,63,42,macro_inflation_fwd_chg_21d,0.04116
SPG,63,42,macro_inflation_fwd_abs_chg_21d,0.0
SPG,63,42,macro_inflation_fwd_chg_63d,0.048996
SPG,63,42,macro_inflation_fwd_zscore,0.02081
SPG,63,42,macro_dollar_ret,0.0
SPG,63,42,beta_spy,0.037645
SPG,63,42,res_vol,0.010139
SPG,63,42,res_vol_vel,0.0
SPG,63,42,price_regime,0.019019
SPG,63,42,corr_sector_21d,0.009165
SPG,63,42,corr_sector_252d,0.048711
SPG,63,42,sector_wedge,0.008215
SPG,63,43,rv_5d,0.0
SPG,63,43,rv_10d,0.0
SPG,63,43,rv_21d,0.059627
SPG,63,43,rv_63d,0.088876
SPG,63,43,rv_126d,0.025645
SPG,63,43,ewma_vol,0.088604
SPG,63,43,garch_cond_vol,0.016155
SPG,63,43,ret_TARGET,0.0
SPG,63,43,tech_RSI,0.009647
SPG,63,43,tech_MACD_hist,0.0
SPG,63,43,ret_VIXY,0.0
SPG,63,43,mom21_VIXY,0.01521
SPG,63,43,ret_HYG,0.0
SPG,63,43,mom21_HYG,0.0229
SPG,63,43,ret_USO,0.0
SPG,63,43,mom21_USO,0.008687
SPG,63,43,ret_TLT,0.0
SPG,63,43,mom21_TLT,0.008156
SPG,63,43,ret_UUP,0.0
SPG,63,43,mom21_UUP,0.0
SPG,63,43,ret_SPY,0.0
SPG,63,43,mom21_SPY,0.011792
SPG,63,43,vol_vel,0.0
SPG,63,43,vol_of_vol,0.011709
SPG,63,43,vol_regime_zscore,0.0
SPG,63,43,vol_chg_21d,0.0
SPG,63,43,event_fed_gravity,0.069494
SPG,63,43,event_earn_gravity,0.0
SPG,63,43,event_div_gravity,0.0
SPG,63,43,event_cpi_gravity,0.067892
SPG,63,43,event_nfp_gravity,0.079617
SPG,63,43,put_call_skew_30d,0.0
SPG,63,43,term_structure_slope,0.0
SPG,63,43,vrp_wedge,0.008357
SPG,63,43,iv_atm_z_score,0.017605
SPG,63,43,macro_yield_curve_slope,0.023221
SPG,63,43,macro_hy_spread,0.02508
SPG,63,43,macro_hy_spread_chg_5d,0.006438
SPG,63,43,macro_breakeven_5y,0.033465
SPG,63,43,macro_inflation_fwd_5y5y,0.073589
SPG,63,43,macro_inflation_fwd_chg_21d,0.026589
SPG,63,43,macro_inflation_fwd_abs_chg_21d,0.0
SPG,63,43,macro_inflation_fwd_chg_63d,0.041089
SPG,63,43,macro_inflation_fwd_zscore,0.019098
SPG,63,43,macro_dollar_ret,0.0
SPG,63,43,beta_spy,0.03111
SPG,63,43,res_vol,0.010725
SPG,63,43,res_vol_vel,0.0
SPG,63,43,price_regime,0.022008
SPG,63,43,corr_sector_21d,0.017927
SPG,63,43,corr_sector_252d,0.053091
SPG,63,43,sector_wedge,0.006596
SPG,63,44,rv_5d,0.0
SPG,63,44,rv_10d,0.0
SPG,63,44,rv_21d,0.059103
SPG,63,44,rv_63d,0.080918
SPG,63,44,rv_126d,0.028394
SPG,63,44,ewma_vol,0.087048
SPG,63,44,garch_cond_vol,0.024507
SPG,63,44,ret_TARGET,0.0
SPG,63,44,tech_RSI,0.008246
SPG,63,44,tech_MACD_hist,0.0
SPG,63,44,ret_VIXY,0.0
SPG,63,44,mom21_VIXY,0.013916
SPG,63,44,ret_HYG,0.0
SPG,63,44,mom21_HYG,0.013528
SPG,63,44,ret_USO,0.0
SPG,63,44,mom21_USO,0.010757
SPG,63,44,ret_TLT,0.0
SPG,63,44,mom21_TLT,0.006833
SPG,63,44,ret_UUP,0.0
SPG,63,44,mom21_UUP,0.0
SPG,63,44,ret_SPY,0.0
SPG,63,44,mom21_SPY,0.011403
SPG,63,44,vol_vel,0.006796
SPG,63,44,vol_of_vol,0.010924
SPG,63,44,vol_regime_zscore,0.0
SPG,63,44,vol_chg_21d,0.0
SPG,63,44,event_fed_gravity,0.075301
SPG,63,44,event_earn_gravity,0.0
SPG,63,44,event_div_gravity,0.0
SPG,63,44,event_cpi_gravity,0.062751
SPG,63,44,event_nfp_gravity,0.076044
SPG,63,44,put_call_skew_30d,0.0
SPG,63,44,term_structure_slope,0.0
SPG,63,44,vrp_wedge,0.007663
SPG,63,44,iv_atm_z_score,0.019145
SPG,63,44,macro_yield_curve_slope,0.021309
SPG,63,44,macro_hy_spread,0.021406
SPG,63,44,macro_hy_spread_chg_5d,0.012138
SPG,63,44,macro_breakeven_5y,0.021948
SPG,63,44,macro_inflation_fwd_5y5y,0.075721
SPG,63,44,macro_inflation_fwd_chg_21d,0.027219
SPG,63,44,macro_inflation_fwd_abs_chg_21d,0.0
SPG,63,44,macro_inflation_fwd_chg_63d,0.033952
SPG,63,44,macro_inflation_fwd_zscore,0.01492
SPG,63,44,macro_dollar_ret,0.0
SPG,63,44,beta_spy,0.032842
SPG,63,44,res_vol,0.019959
SPG,63,44,res_vol_vel,0.0
SPG,63,44,price_regime,0.028549
SPG,63,44,corr_sector_21d,0.026577
SPG,63,44,corr_sector_252d,0.054082
SPG,63,44,sector_wedge,0.0061
SPG,63,45,rv_5d,0.0
SPG,63,45,rv_10d,0.006351
SPG,63,45,rv_21d,0.029186
SPG,63,45,rv_63d,0.112874
SPG,63,45,rv_126d,0.033165
SPG,63,45,ewma_vol,0.095746
SPG,63,45,garch_cond_vol,0.014905
SPG,63,45,ret_TARGET,0.0
SPG,63,45,tech_RSI,0.00917
SPG,63,45,tech_MACD_hist,0.0
SPG,63,45,ret_VIXY,0.0
SPG,63,45,mom21_VIXY,0.011657
SPG,63,45,ret_HYG,0.0
SPG,63,45,mom21_HYG,0.01684
SPG,63,45,ret_USO,0.0
SPG,63,45,mom21_USO,0.011944
SPG,63,45,ret_TLT,0.0
SPG,63,45,mom21_TLT,0.008385
SPG,63,45,ret_UUP,0.0
SPG,63,45,mom21_UUP,0.0
SPG,63,45,ret_SPY,0.0
SPG,63,45,mom21_SPY,0.0
SPG,63,45,vol_vel,0.0
SPG,63,45,vol_of_vol,0.0121
SPG,63,45,vol_regime_zscore,0.0
SPG,63,45,vol_chg_21d,0.0
SPG,63,45,event_fed_gravity,0.077488
SPG,63,45,event_earn_gravity,0.0
SPG,63,45,event_div_gravity,0.0
SPG,63,45,event_cpi_gravity,0.065801
SPG,63,45,event_nfp_gravity,0.073459
SPG,63,45,put_call_skew_30d,0.0
SPG,63,45,term_structure_slope,0.0
SPG,63,45,vrp_wedge,0.008135
SPG,63,45,iv_atm_z_score,0.018728
SPG,63,45,macro_yield_curve_slope,0.017394
SPG,63,45,macro_hy_spread,0.022615
SPG,63,45,macro_hy_spread_chg_5d,0.00749
SPG,63,45,macro_breakeven_5y,0.022692
SPG,63,45,macro_inflation_fwd_5y5y,0.069906
SPG,63,45,macro_inflation_fwd_chg_21d,0.04121
SPG,63,45,macro_inflation_fwd_abs_chg_21d,0.011161
SPG,63,45,macro_inflation_fwd_chg_63d,0.037607
SPG,63,45,macro_inflation_fwd_zscore,0.010898
SPG,63,45,macro_dollar_ret,0.0
SPG,63,45,beta_spy,0.028096
SPG,63,45,res_vol,0.015996
SPG,63,45,res_vol_vel,0.0
SPG,63,45,price_regime,0.025369
SPG,63,45,corr_sector_21d,0.008862
SPG,63,45,corr_sector_252d,0.067707
SPG,63,45,sector_wedge,0.007062
SPG,63,46,rv_5d,0.0
SPG,63,46,rv_10d,0.0
SPG,63,46,rv_21d,0.035429
SPG,63,46,rv_63d,0.097567
SPG,63,46,rv_126d,0.030423
SPG,63,46,ewma_vol,0.124431
SPG,63,46,garch_cond_vol,0.013512
SPG,63,46,ret_TARGET,0.0
SPG,63,46,tech_RSI,0.009026
SPG,63,46,tech_MACD_hist,0.0
SPG,63,46,ret_VIXY,0.0
SPG,63,46,mom21_VIXY,0.018495
SPG,63,46,ret_HYG,0.0
SPG,63,46,mom21_HYG,0.01341
SPG,63,46,ret_USO,0.0
SPG,63,46,mom21_USO,0.011019
SPG,63,46,ret_TLT,0.0
SPG,63,46,mom21_TLT,0.008102
SPG,63,46,ret_UUP,0.0
SPG,63,46,mom21_UUP,0.01008
SPG,63,46,ret_SPY,0.0
SPG,63,46,mom21_SPY,0.011284
SPG,63,46,vol_vel,0.0
SPG,63,46,vol_of_vol,0.012229
SPG,63,46,vol_regime_zscore,0.007734
SPG,63,46,vol_chg_21d,0.0
SPG,63,46,event_fed_gravity,0.053673
SPG,63,46,event_earn_gravity,0.0
SPG,63,46,event_div_gravity,0.0
SPG,63,46,event_cpi_gravity,0.070533
SPG,63,46,event_nfp_gravity,0.066611
SPG,63,46,put_call_skew_30d,0.0
SPG,63,46,term_structure_slope,0.0
SPG,63,46,vrp_wedge,0.007072
SPG,63,46,iv_atm_z_score,0.018756
SPG,63,46,macro_yield_curve_slope,0.020076
SPG,63,46,macro_hy_spread,0.032799
SPG,63,46,macro_hy_spread_chg_5d,0.0
SPG,63,46,macro_breakeven_5y,0.025977
SPG,63,46,macro_inflation_fwd_5y5y,0.063478
SPG,63,46,macro_inflation_fwd_chg_21d,0.022076
SPG,63,46,macro_inflation_fwd_abs_chg_21d,0.0
SPG,63,46,macro_inflation_fwd_chg_63d,0.05048
SPG,63,46,macro_inflation_fwd_zscore,0.024804
SPG,63,46,macro_dollar_ret,0.0
SPG,63,46,beta_spy,0.025403
SPG,63,46,res_vol,0.01636
SPG,63,46,res_vol_vel,0.0
SPG,63,46,price_regime,0.032923
SPG,63,46,corr_sector_21d,0.0
SPG,63,46,corr_sector_252d,0.066237
SPG,63,46,sector_wedge,0.0
SPG,63,47,rv_5d,0.0
SPG,63,47,rv_10d,0.0
SPG,63,47,rv_21d,0.035589
SPG,63,47,rv_63d,0.096999
SPG,63,47,rv_126d,0.031236
SPG,63,47,ewma_vol,0.125042
SPG,63,47,garch_cond_vol,0.013812
SPG,63,47,ret_TARGET,0.0
SPG,63,47,tech_RSI,0.008921
SPG,63,47,tech_MACD_hist,0.0
SPG,63,47,ret_VIXY,0.0
SPG,63,47,mom21_VIXY,0.013281
SPG,63,47,ret_HYG,0.0
SPG,63,47,mom21_HYG,0.014004
SPG,63,47,ret_USO,0.0
SPG,63,47,mom21_USO,0.011573
SPG,63,47,ret_TLT,0.0
SPG,63,47,mom21_TLT,0.0081
SPG,63,47,ret_UUP,0.0
SPG,63,47,mom21_UUP,0.0
SPG,63,47,ret_SPY,0.0
SPG,63,47,mom21_SPY,0.01097
SPG,63,47,vol_vel,0.0
SPG,63,47,vol_of_vol,0.011739
SPG,63,47,vol_regime_zscore,0.0
SPG,63,47,vol_chg_21d,0.0
SPG,63,47,event_fed_gravity,0.069702
SPG,63,47,event_earn_gravity,0.0
SPG,63,47,event_div_gravity,0.0
SPG,63,47,event_cpi_gravity,0.05963
SPG,63,47,event_nfp_gravity,0.064629
SPG,63,47,put_call_skew_30d,0.0
SPG,63,47,term_structure_slope,0.0
SPG,63,47,vrp_wedge,0.008048
SPG,63,47,iv_atm_z_score,0.016039
SPG,63,47,macro_yield_curve_slope,0.018149
SPG,63,47,macro_hy_spread,0.042286
SPG,63,47,macro_hy_spread_chg_5d,0.007269
SPG,63,47,macro_breakeven_5y,0.027216
SPG,63,47,macro_inflation_fwd_5y5y,0.069565
SPG,63,47,macro_inflation_fwd_chg_21d,0.018167
SPG,63,47,macro_inflation_fwd_abs_chg_21d,0.0
SPG,63,47,macro_inflation_fwd_chg_63d,0.040882
SPG,63,47,macro_inflation_fwd_zscore,0.018458
SPG,63,47,macro_dollar_ret,0.0
SPG,63,47,beta_spy,0.025932
SPG,63,47,res_vol,0.021048
SPG,63,47,res_vol_vel,0.0
SPG,63,47,price_regime,0.026916
SPG,63,47,corr_sector_21d,0.008469
SPG,63,47,corr_sector_252d,0.067704
SPG,63,47,sector_wedge,0.008625
SPG,63,48,rv_5d,0.0
SPG,63,48,rv_10d,0.0
SPG,63,48,rv_21d,0.045082
SPG,63,48,rv_63d,0.097965
SPG,63,48,rv_126d,0.035853
SPG,63,48,ewma_vol,0.098853
SPG,63,48,garch_cond_vol,0.02075
SPG,63,48,ret_TARGET,0.0
SPG,63,48,tech_RSI,0.009102
SPG,63,48,tech_MACD_hist,0.0
SPG,63,48,ret_VIXY,0.0
SPG,63,48,mom21_VIXY,0.014121
SPG,63,48,ret_HYG,0.0
SPG,63,48,mom21_HYG,0.015409
SPG,63,48,ret_USO,0.0
SPG,63,48,mom21_USO,0.011788
SPG,63,48,ret_TLT,0.0
SPG,63,48,mom21_TLT,0.007451
SPG,63,48,ret_UUP,0.0
SPG,63,48,mom21_UUP,0.0
SPG,63,48,ret_SPY,0.0
SPG,63,48,mom21_SPY,0.011427
SPG,63,48,vol_vel,0.0
SPG,63,48,vol_of_vol,0.011198
SPG,63,48,vol_regime_zscore,0.009656
SPG,63,48,vol_chg_21d,0.0
SPG,63,48,event_fed_gravity,0.064244
SPG,63,48,event_earn_gravity,0.0
SPG,63,48,event_div_gravity,0.0
SPG,63,48,event_cpi_gravity,0.065572
SPG,63,48,event_nfp_gravity,0.075266
SPG,63,48,put_call_skew_30d,0.0
SPG,63,48,term_structure_slope,0.0
SPG,63,48,vrp_wedge,0.007476
SPG,63,48,iv_atm_z_score,0.017454
SPG,63,48,macro_yield_curve_slope,0.020707
SPG,63,48,macro_hy_spread,0.027458
SPG,63,48,macro_hy_spread_chg_5d,0.0
SPG,63,48,macro_breakeven_5y,0.024743
SPG,63,48,macro_inflation_fwd_5y5y,0.060115
SPG,63,48,macro_inflation_fwd_chg_21d,0.020524
SPG,63,48,macro_inflation_fwd_abs_chg_21d,0.010833
SPG,63,48,macro_inflation_fwd_chg_63d,0.039228
SPG,63,48,macro_inflation_fwd_zscore,0.018021
SPG,63,48,macro_dollar_ret,0.0
SPG,63,48,beta_spy,0.027056
SPG,63,48,res_vol,0.027531
SPG,63,48,res_vol_vel,0.0
SPG,63,48,price_regime,0.025735
SPG,63,48,corr_sector_21d,0.009774
SPG,63,48,corr_sector_252d,0.069605
SPG,63,48,sector_wedge,0.0
SPG,63,49,rv_5d,0.0
SPG,63,49,rv_10d,0.0
SPG,63,49,rv_21d,0.036336
SPG,63,49,rv_63d,0.094505
SPG,63,49,rv_126d,0.031435
SPG,63,49,ewma_vol,0.128603
SPG,63,49,garch_cond_vol,0.013237
SPG,63,49,ret_TARGET,0.0
SPG,63,49,tech_RSI,0.008256
SPG,63,49,tech_MACD_hist,0.0
SPG,63,49,ret_VIXY,0.0
SPG,63,49,mom21_VIXY,0.014514
SPG,63,49,ret_HYG,0.0
SPG,63,49,mom21_HYG,0.013434
SPG,63,49,ret_USO,0.0
SPG,63,49,mom21_USO,0.012866
SPG,63,49,ret_TLT,0.0
SPG,63,49,mom21_TLT,0.008285
SPG,63,49,ret_UUP,0.0
SPG,63,49,mom21_UUP,0.0
SPG,63,49,ret_SPY,0.0
SPG,63,49,mom21_SPY,0.01146
SPG,63,49,vol_vel,0.0
SPG,63,49,vol_of_vol,0.011403
SPG,63,49,vol_regime_zscore,0.0
SPG,63,49,vol_chg_21d,0.0
SPG,63,49,event_fed_gravity,0.069664
SPG,63,49,event_earn_gravity,0.0
SPG,63,49,event_div_gravity,0.0
SPG,63,49,event_cpi_gravity,0.060039
SPG,63,49,event_nfp_gravity,0.069372
SPG,63,49,put_call_skew_30d,0.0
SPG,63,49,term_structure_slope,0.0
SPG,63,49,vrp_wedge,0.007451
SPG,63,49,iv_atm_z_score,0.015877
SPG,63,49,macro_yield_curve_slope,0.020361
SPG,63,49,macro_hy_spread,0.020978
SPG,63,49,macro_hy_spread_chg_5d,0.0
SPG,63,49,macro_breakeven_5y,0.024727
SPG,63,49,macro_inflation_fwd_5y5y,0.058701
SPG,63,49,macro_inflation_fwd_chg_21d,0.023618
SPG,63,49,macro_inflation_fwd_abs_chg_21d,0.0
SPG,63,49,macro_inflation_fwd_chg_63d,0.033236
SPG,63,49,macro_inflation_fwd_zscore,0.030092
SPG,63,49,macro_dollar_ret,0.0
SPG,63,49,beta_spy,0.026206
SPG,63,49,res_vol,0.023509
SPG,63,49,res_vol_vel,0.0
SPG,63,49,price_regime,0.032702
SPG,63,49,corr_sector_21d,0.035838
SPG,63,49,corr_sector_252d,0.063296
SPG,63,49,sector_wedge,0.0
SPG,63,50,rv_5d,0.0
SPG,63,50,rv_10d,0.0
SPG,63,50,rv_21d,0.034386
SPG,63,50,rv_63d,0.105067
SPG,63,50,rv_126d,0.039944
SPG,63,50,ewma_vol,0.04895
SPG,63,50,garch_cond_vol,0.015922
SPG,63,50,ret_TARGET,0.0
SPG,63,50,tech_RSI,0.00874
SPG,63,50,tech_MACD_hist,0.0
SPG,63,50,ret_VIXY,0.0
SPG,63,50,mom21_VIXY,0.012616
SPG,63,50,ret_HYG,0.0
SPG,63,50,mom21_HYG,0.021289
SPG,63,50,ret_USO,0.0
SPG,63,50,mom21_USO,0.013159
SPG,63,50,ret_TLT,0.0
SPG,63,50,mom21_TLT,0.009386
SPG,63,50,ret_UUP,0.0
SPG,63,50,mom21_UUP,0.0
SPG,63,50,ret_SPY,0.0
SPG,63,50,mom21_SPY,0.011535
SPG,63,50,vol_vel,0.0
SPG,63,50,vol_of_vol,0.01503
SPG,63,50,vol_regime_zscore,0.0
SPG,63,50,vol_chg_21d,0.0
SPG,63,50,event_fed_gravity,0.081483
SPG,63,50,event_earn_gravity,0.0
SPG,63,50,event_div_gravity,0.0
SPG,63,50,event_cpi_gravity,0.053591
SPG,63,50,event_nfp_gravity,0.067333
SPG,63,50,put_call_skew_30d,0.0
SPG,63,50,term_structure_slope,0.0
SPG,63,50,vrp_wedge,0.0
SPG,63,50,iv_atm_z_score,0.021741
SPG,63,50,macro_yield_curve_slope,0.021434
SPG,63,50,macro_hy_spread,0.030859
SPG,63,50,macro_hy_spread_chg_5d,0.0
SPG,63,50,macro_breakeven_5y,0.02326
SPG,63,50,macro_inflation_fwd_5y5y,0.068751
SPG,63,50,macro_inflation_fwd_chg_21d,0.026579
SPG,63,50,macro_inflation_fwd_abs_chg_21d,0.010236
SPG,63,50,macro_inflation_fwd_chg_63d,0.05471
SPG,63,50,macro_inflation_fwd_zscore,0.024637
SPG,63,50,macro_dollar_ret,0.0
SPG,63,50,beta_spy,0.027376
SPG,63,50,res_vol,0.035589
SPG,63,50,res_vol_vel,0.0
SPG,63,50,price_regime,0.028338
SPG,63,50,corr_sector_21d,0.010803
SPG,63,50,corr_sector_252d,0.077254
SPG,63,50,sector_wedge,0.0
SPG,63,51,rv_5d,0.0
SPG,63,51,rv_10d,0.0
SPG,63,51,rv_21d,0.291197
SPG,63,51,rv_63d,0.077981
SPG,63,51,rv_126d,0.031675
SPG,63,51,ewma_vol,0.036395
SPG,63,51,garch_cond_vol,0.011159
SPG,63,51,ret_TARGET,0.0
SPG,63,51,tech_RSI,0.006992
SPG,63,51,tech_MACD_hist,0.0
SPG,63,51,ret_VIXY,0.0
SPG,63,51,mom21_VIXY,0.009545
SPG,63,51,ret_HYG,0.0
SPG,63,51,mom21_HYG,0.010961
SPG,63,51,ret_USO,0.0
SPG,63,51,mom21_USO,0.009499
SPG,63,51,ret_TLT,0.0
SPG,63,51,mom21_TLT,0.012895
SPG,63,51,ret_UUP,0.0
SPG,63,51,mom21_UUP,0.007498
SPG,63,51,ret_SPY,0.0
SPG,63,51,mom21_SPY,0.0
SPG,63,51,vol_vel,0.010714
SPG,63,51,vol_of_vol,0.009492
SPG,63,51,vol_regime_zscore,0.0
SPG,63,51,vol_chg_21d,0.0
SPG,63,51,event_fed_gravity,0.060249
SPG,63,51,event_earn_gravity,0.0
SPG,63,51,event_div_gravity,0.0
SPG,63,51,event_cpi_gravity,0.04428
SPG,63,51,event_nfp_gravity,0.056768
SPG,63,51,put_call_skew_30d,0.0
SPG,63,51,term_structure_slope,0.0
SPG,63,51,vrp_wedge,0.005774
SPG,63,51,iv_atm_z_score,0.012193
SPG,63,51,macro_yield_curve_slope,0.017486
SPG,63,51,macro_hy_spread,0.018604
SPG,63,51,macro_hy_spread_chg_5d,0.005679
SPG,63,51,macro_breakeven_5y,0.021665
SPG,63,51,macro_inflation_fwd_5y5y,0.032445
SPG,63,51,macro_inflation_fwd_chg_21d,0.017677
SPG,63,51,macro_inflation_fwd_abs_chg_21d,0.0
SPG,63,51,macro_inflation_fwd_chg_63d,0.029931
SPG,63,51,macro_inflation_fwd_zscore,0.015236
SPG,63,51,macro_dollar_ret,0.0
SPG,63,51,beta_spy,0.020965
SPG,63,51,res_vol,0.020623
SPG,63,51,res_vol_vel,0.0
SPG,63,51,price_regime,0.030946
SPG,63,51,corr_sector_21d,0.0
SPG,63,51,corr_sector_252d,0.063475
SPG,63,51,sector_wedge,0.0
SPG,63,52,rv_5d,0.0
SPG,63,52,rv_10d,0.0
SPG,63,52,rv_21d,0.294009
SPG,63,52,rv_63d,0.0811
SPG,63,52,rv_126d,0.031942
SPG,63,52,ewma_vol,0.031442
SPG,63,52,garch_cond_vol,0.015644
SPG,63,52,ret_TARGET,0.0
SPG,63,52,tech_RSI,0.00771
SPG,63,52,tech_MACD_hist,0.0
SPG,63,52,ret_VIXY,0.0
SPG,63,52,mom21_VIXY,0.009846
SPG,63,52,ret_HYG,0.0
SPG,63,52,mom21_HYG,0.008854
SPG,63,52,ret_USO,0.0
SPG,63,52,mom21_USO,0.008863
SPG,63,52,ret_TLT,0.0
SPG,63,52,mom21_TLT,0.010246
SPG,63,52,ret_UUP,0.0
SPG,63,52,mom21_UUP,0.005454
SPG,63,52,ret_SPY,0.0
SPG,63,52,mom21_SPY,0.0
SPG,63,52,vol_vel,0.0
SPG,63,52,vol_of_vol,0.007137
SPG,63,52,vol_regime_zscore,0.0
SPG,63,52,vol_chg_21d,0.0
SPG,63,52,event_fed_gravity,0.050759
SPG,63,52,event_earn_gravity,0.0
SPG,63,52,event_div_gravity,0.0
SPG,63,52,event_cpi_gravity,0.05385
SPG,63,52,event_nfp_gravity,0.060466
SPG,63,52,put_call_skew_30d,0.0
SPG,63,52,term_structure_slope,0.0
SPG,63,52,vrp_wedge,0.0
SPG,63,52,iv_atm_z_score,0.015587
SPG,63,52,macro_yield_curve_slope,0.013464
SPG,63,52,macro_hy_spread,0.015258
SPG,63,52,macro_hy_spread_chg_5d,0.005637
SPG,63,52,macro_breakeven_5y,0.014522
SPG,63,52,macro_inflation_fwd_5y5y,0.036857
SPG,63,52,macro_inflation_fwd_chg_21d,0.015963
SPG,63,52,macro_inflation_fwd_abs_chg_21d,0.0
SPG,63,52,macro_inflation_fwd_chg_63d,0.037248
SPG,63,52,macro_inflation_fwd_zscore,0.014819
SPG,63,52,macro_dollar_ret,0.0
SPG,63,52,beta_spy,0.024676
SPG,63,52,res_vol,0.02749
SPG,63,52,res_vol_vel,0.0
SPG,63,52,price_regime,0.02478
SPG,63,52,corr_sector_21d,0.006969
SPG,63,52,corr_sector_252d,0.064196
SPG,63,52,sector_wedge,0.00521
SPG,63,53,rv_5d,0.0
SPG,63,53,rv_10d,0.0
SPG,63,53,rv_21d,0.295978
SPG,63,53,rv_63d,0.0906
SPG,63,53,rv_126d,0.031501
SPG,63,53,ewma_vol,0.029973
SPG,63,53,garch_cond_vol,0.009733
SPG,63,53,ret_TARGET,0.0
SPG,63,53,tech_RSI,0.006951
SPG,63,53,tech_MACD_hist,0.0
SPG,63,53,ret_VIXY,0.0
SPG,63,53,mom21_VIXY,0.012291
SPG,63,53,ret_HYG,0.0
SPG,63,53,mom21_HYG,0.008488
SPG,63,53,ret_USO,0.0
SPG,63,53,mom21_USO,0.008029
SPG,63,53,ret_TLT,0.0
SPG,63,53,mom21_TLT,0.010163
SPG,63,53,ret_UUP,0.0
SPG,63,53,mom21_UUP,0.004982
SPG,63,53,ret_SPY,0.0
SPG,63,53,mom21_SPY,0.0
SPG,63,53,vol_vel,0.0
SPG,63,53,vol_of_vol,0.00724
SPG,63,53,vol_regime_zscore,0.0
SPG,63,53,vol_chg_21d,0.0
SPG,63,53,event_fed_gravity,0.046141
SPG,63,53,event_earn_gravity,0.0
SPG,63,53,event_div_gravity,0.0
SPG,63,53,event_cpi_gravity,0.056938
SPG,63,53,event_nfp_gravity,0.054714
SPG,63,53,put_call_skew_30d,0.0
SPG,63,53,term_structure_slope,0.0
SPG,63,53,vrp_wedge,0.005415
SPG,63,53,iv_atm_z_score,0.013543
SPG,63,53,macro_yield_curve_slope,0.014259
SPG,63,53,macro_hy_spread,0.019768
SPG,63,53,macro_hy_spread_chg_5d,0.0
SPG,63,53,macro_breakeven_5y,0.016335
SPG,63,53,macro_inflation_fwd_5y5y,0.036884
SPG,63,53,macro_inflation_fwd_chg_21d,0.012756
SPG,63,53,macro_inflation_fwd_abs_chg_21d,0.0
SPG,63,53,macro_inflation_fwd_chg_63d,0.041645
SPG,63,53,macro_inflation_fwd_zscore,0.017256
SPG,63,53,macro_dollar_ret,0.0
SPG,63,53,beta_spy,0.023061
SPG,63,53,res_vol,0.02536
SPG,63,53,res_vol_vel,0.0
SPG,63,53,price_regime,0.023804
SPG,63,53,corr_sector_21d,0.010837
SPG,63,53,corr_sector_252d,0.059443
SPG,63,53,sector_wedge,0.005913
SPG,63,54,rv_5d,0.0
SPG,63,54,rv_10d,0.0
SPG,63,54,rv_21d,0.182062
SPG,63,54,rv_63d,0.098479
SPG,63,54,rv_126d,0.03717
SPG,63,54,ewma_vol,0.042262
SPG,63,54,garch_cond_vol,0.013911
SPG,63,54,ret_TARGET,0.0
SPG,63,54,tech_RSI,0.00778
SPG,63,54,tech_MACD_hist,0.0
SPG,63,54,ret_VIXY,0.0
SPG,63,54,mom21_VIXY,0.016583
SPG,63,54,ret_HYG,0.0
SPG,63,54,mom21_HYG,0.008648
SPG,63,54,ret_USO,0.0
SPG,63,54,mom21_USO,0.008866
SPG,63,54,ret_TLT,0.0
SPG,63,54,mom21_TLT,0.014239
SPG,63,54,ret_UUP,0.0
SPG,63,54,mom21_UUP,0.0
SPG,63,54,ret_SPY,0.0
SPG,63,54,mom21_SPY,0.0
SPG,63,54,vol_vel,0.0
SPG,63,54,vol_of_vol,0.011651
SPG,63,54,vol_regime_zscore,0.0
SPG,63,54,vol_chg_21d,0.0
SPG,63,54,event_fed_gravity,0.055506
SPG,63,54,event_earn_gravity,0.0
SPG,63,54,event_div_gravity,0.0
SPG,63,54,event_cpi_gravity,0.063131
SPG,63,54,event_nfp_gravity,0.063609
SPG,63,54,put_call_skew_30d,0.0
SPG,63,54,term_structure_slope,0.0
SPG,63,54,vrp_wedge,0.00645
SPG,63,54,iv_atm_z_score,0.015453
SPG,63,54,macro_yield_curve_slope,0.021178
SPG,63,54,macro_hy_spread,0.018225
SPG,63,54,macro_hy_spread_chg_5d,0.0
SPG,63,54,macro_breakeven_5y,0.030368
SPG,63,54,macro_inflation_fwd_5y5y,0.035345
SPG,63,54,macro_inflation_fwd_chg_21d,0.022324
SPG,63,54,macro_inflation_fwd_abs_chg_21d,0.0
SPG,63,54,macro_inflation_fwd_chg_63d,0.037599
SPG,63,54,macro_inflation_fwd_zscore,0.020618
SPG,63,54,macro_dollar_ret,0.0
SPG,63,54,beta_spy,0.023985
SPG,63,54,res_vol,0.025048
SPG,63,54,res_vol_vel,0.0
SPG,63,54,price_regime,0.03495
SPG,63,54,corr_sector_21d,0.012666
SPG,63,54,corr_sector_252d,0.071892
SPG,63,54,sector_wedge,0.0
SPG,63,55,rv_5d,0.0
SPG,63,55,rv_10d,0.0
SPG,63,55,rv_21d,0.185482
SPG,63,55,rv_63d,0.093939
SPG,63,55,rv_126d,0.038517
SPG,63,55,ewma_vol,0.031818
SPG,63,55,garch_cond_vol,0.006156
SPG,63,55,ret_TARGET,0.0
SPG,63,55,tech_RSI,0.009562
SPG,63,55,tech_MACD_hist,0.0
SPG,63,55,ret_VIXY,0.0
SPG,63,55,mom21_VIXY,0.01275
SPG,63,55,ret_HYG,0.0
SPG,63,55,mom21_HYG,0.012399
SPG,63,55,ret_USO,0.0
SPG,63,55,mom21_USO,0.008701
SPG,63,55,ret_TLT,0.0
SPG,63,55,mom21_TLT,0.010885
SPG,63,55,ret_UUP,0.0
SPG,63,55,mom21_UUP,0.005953
SPG,63,55,ret_SPY,0.0
SPG,63,55,mom21_SPY,0.0
SPG,63,55,vol_vel,0.0
SPG,63,55,vol_of_vol,0.010801
SPG,63,55,vol_regime_zscore,0.0
SPG,63,55,vol_chg_21d,0.0
SPG,63,55,event_fed_gravity,0.061529
SPG,63,55,event_earn_gravity,0.0
SPG,63,55,event_div_gravity,0.0
SPG,63,55,event_cpi_gravity,0.066029
SPG,63,55,event_nfp_gravity,0.061402
SPG,63,55,put_call_skew_30d,0.0
SPG,63,55,term_structure_slope,0.0
SPG,63,55,vrp_wedge,0.008669
SPG,63,55,iv_atm_z_score,0.017998
SPG,63,55,macro_yield_curve_slope,0.017364
SPG,63,55,macro_hy_spread,0.033161
SPG,63,55,macro_hy_spread_chg_5d,0.0
SPG,63,55,macro_breakeven_5y,0.018964
SPG,63,55,macro_inflation_fwd_5y5y,0.043192
SPG,63,55,macro_inflation_fwd_chg_21d,0.020212
SPG,63,55,macro_inflation_fwd_abs_chg_21d,0.0
SPG,63,55,macro_inflation_fwd_chg_63d,0.04786
SPG,63,55,macro_inflation_fwd_zscore,0.013927
SPG,63,55,macro_dollar_ret,0.0
SPG,63,55,beta_spy,0.02685
SPG,63,55,res_vol,0.027842
SPG,63,55,res_vol_vel,0.0
SPG,63,55,price_regime,0.02374
SPG,63,55,corr_sector_21d,0.008203
SPG,63,55,corr_sector_252d,0.067213
SPG,63,55,sector_wedge,0.008882
SPG,63,56,rv_5d,0.0
SPG,63,56,rv_10d,0.0
SPG,63,56,rv_21d,0.165023
SPG,63,56,rv_63d,0.08919
SPG,63,56,rv_126d,0.034072
SPG,63,56,ewma_vol,0.051144
SPG,63,56,garch_cond_vol,0.029401
SPG,63,56,ret_TARGET,0.0
SPG,63,56,tech_RSI,0.009378
SPG,63,56,tech_MACD_hist,0.0
SPG,63,56,ret_VIXY,0.0
SPG,63,56,mom21_VIXY,0.016302
SPG,63,56,ret_HYG,0.0
SPG,63,56,mom21_HYG,0.015702
SPG,63,56,ret_USO,0.0
SPG,63,56,mom21_USO,0.008257
SPG,63,56,ret_TLT,0.0
SPG,63,56,mom21_TLT,0.011506
SPG,63,56,ret_UUP,0.0
SPG,63,56,mom21_UUP,0.006807
SPG,63,56,ret_SPY,0.0
SPG,63,56,mom21_SPY,0.0
SPG,63,56,vol_vel,0.0
SPG,63,56,vol_of_vol,0.0105
SPG,63,56,vol_regime_zscore,0.0
SPG,63,56,vol_chg_21d,0.006167
SPG,63,56,event_fed_gravity,0.06772
SPG,63,56,event_earn_gravity,0.0
SPG,63,56,event_div_gravity,0.0
SPG,63,56,event_cpi_gravity,0.057642
SPG,63,56,event_nfp_gravity,0.050017
SPG,63,56,put_call_skew_30d,0.0
SPG,63,56,term_structure_slope,0.0
SPG,63,56,vrp_wedge,0.006722
SPG,63,56,iv_atm_z_score,0.019758
SPG,63,56,macro_yield_curve_slope,0.019651
SPG,63,56,macro_hy_spread,0.033796
SPG,63,56,macro_hy_spread_chg_5d,0.0
SPG,63,56,macro_breakeven_5y,0.015446
SPG,63,56,macro_inflation_fwd_5y5y,0.036218
SPG,63,56,macro_inflation_fwd_chg_21d,0.034803
SPG,63,56,macro_inflation_fwd_abs_chg_21d,0.0
SPG,63,56,macro_inflation_fwd_chg_63d,0.036783
SPG,63,56,macro_inflation_fwd_zscore,0.016103
SPG,63,56,macro_dollar_ret,0.0
SPG,63,56,beta_spy,0.024045
SPG,63,56,res_vol,0.018949
SPG,63,56,res_vol_vel,0.0
SPG,63,56,price_regime,0.020544
SPG,63,56,corr_sector_21d,0.008264
SPG,63,56,corr_sector_252d,0.071688
SPG,63,56,sector_wedge,0.008404
SPG,63,57,rv_5d,0.0
SPG,63,57,rv_10d,0.0
SPG,63,57,rv_21d,0.164451
SPG,63,57,rv_63d,0.094136
SPG,63,57,rv_126d,0.037973
SPG,63,57,ewma_vol,0.035422
SPG,63,57,garch_cond_vol,0.018391
SPG,63,57,ret_TARGET,0.0
SPG,63,57,tech_RSI,0.009067
SPG,63,57,tech_MACD_hist,0.011472
SPG,63,57,ret_VIXY,0.0
SPG,63,57,mom21_VIXY,0.012604
SPG,63,57,ret_HYG,0.0
SPG,63,57,mom21_HYG,0.021157
SPG,63,57,ret_USO,0.0
SPG,63,57,mom21_USO,0.009507
SPG,63,57,ret_TLT,0.0
SPG,63,57,mom21_TLT,0.010015
SPG,63,57,ret_UUP,0.0
SPG,63,57,mom21_UUP,0.007406
SPG,63,57,ret_SPY,0.0
SPG,63,57,mom21_SPY,0.0
SPG,63,57,vol_vel,0.0
SPG,63,57,vol_of_vol,0.009559
SPG,63,57,vol_regime_zscore,0.005825
SPG,63,57,vol_chg_21d,0.0
SPG,63,57,event_fed_gravity,0.073909
SPG,63,57,event_earn_gravity,0.0
SPG,63,57,event_div_gravity,0.0
SPG,63,57,event_cpi_gravity,0.048083
SPG,63,57,event_nfp_gravity,0.073218
SPG,63,57,put_call_skew_30d,0.0
SPG,63,57,term_structure_slope,0.0
SPG,63,57,vrp_wedge,0.006526
SPG,63,57,iv_atm_z_score,0.014437
SPG,63,57,macro_yield_curve_slope,0.016307
SPG,63,57,macro_hy_spread,0.016671
SPG,63,57,macro_hy_spread_chg_5d,0.0
SPG,63,57,macro_breakeven_5y,0.019044
SPG,63,57,macro_inflation_fwd_5y5y,0.036518
SPG,63,57,macro_inflation_fwd_chg_21d,0.017775
SPG,63,57,macro_inflation_fwd_abs_chg_21d,0.0
SPG,63,57,macro_inflation_fwd_chg_63d,0.058696
SPG,63,57,macro_inflation_fwd_zscore,0.022457
SPG,63,57,macro_dollar_ret,0.0
SPG,63,57,beta_spy,0.023763
SPG,63,57,res_vol,0.022234
SPG,63,57,res_vol_vel,0.0
SPG,63,57,price_regime,0.026304
SPG,63,57,corr_sector_21d,0.011469
SPG,63,57,corr_sector_252d,0.057554
SPG,63,57,sector_wedge,0.008052
SPG,63,58,rv_5d,0.0
SPG,63,58,rv_10d,0.0
SPG,63,58,rv_21d,0.107333
SPG,63,58,rv_63d,0.114649
SPG,63,58,rv_126d,0.039752
SPG,63,58,ewma_vol,0.048226
SPG,63,58,garch_cond_vol,0.017199
SPG,63,58,ret_TARGET,0.0
SPG,63,58,tech_RSI,0.010271
SPG,63,58,tech_MACD_hist,0.0
SPG,63,58,ret_VIXY,0.0
SPG,63,58,mom21_VIXY,0.01218
SPG,63,58,ret_HYG,0.0
SPG,63,58,mom21_HYG,0.030821
SPG,63,58,ret_USO,0.0
SPG,63,58,mom21_USO,0.011073
SPG,63,58,ret_TLT,0.0
SPG,63,58,mom21_TLT,0.010376
SPG,63,58,ret_UUP,0.0
SPG,63,58,mom21_UUP,0.00725
SPG,63,58,ret_SPY,0.0
SPG,63,58,mom21_SPY,0.0
SPG,63,58,vol_vel,0.0
SPG,63,58,vol_of_vol,0.011729
SPG,63,58,vol_regime_zscore,0.00752
SPG,63,58,vol_chg_21d,0.0
SPG,63,58,event_fed_gravity,0.076333
SPG,63,58,event_earn_gravity,0.0
SPG,63,58,event_div_gravity,0.0
SPG,63,58,event_cpi_gravity,0.056987
SPG,63,58,event_nfp_gravity,0.067639
SPG,63,58,put_call_skew_30d,0.0
SPG,63,58,term_structure_slope,0.0
SPG,63,58,vrp_wedge,0.007408
SPG,63,58,iv_atm_z_score,0.013706
SPG,63,58,macro_yield_curve_slope,0.018488
SPG,63,58,macro_hy_spread,0.020018
SPG,63,58,macro_hy_spread_chg_5d,0.0
SPG,63,58,macro_breakeven_5y,0.019974
SPG,63,58,macro_inflation_fwd_5y5y,0.040831
SPG,63,58,macro_inflation_fwd_chg_21d,0.02059
SPG,63,58,macro_inflation_fwd_abs_chg_21d,0.0
SPG,63,58,macro_inflation_fwd_chg_63d,0.052356
SPG,63,58,macro_inflation_fwd_zscore,0.024511
SPG,63,58,macro_dollar_ret,0.0
SPG,63,58,beta_spy,0.028833
SPG,63,58,res_vol,0.019205
SPG,63,58,res_vol_vel,0.0
SPG,63,58,price_regime,0.026653
SPG,63,58,corr_sector_21d,0.011333
SPG,63,58,corr_sector_252d,0.058289
SPG,63,58,sector_wedge,0.008466
SPG,63,59,rv_5d,0.0
SPG,63,59,rv_10d,0.0
SPG,63,59,rv_21d,0.161767
SPG,63,59,rv_63d,0.102658
SPG,63,59,rv_126d,0.033026
SPG,63,59,ewma_vol,0.04358
SPG,63,59,garch_cond_vol,0.023936
SPG,63,59,ret_TARGET,0.0
SPG,63,59,tech_RSI,0.008828
SPG,63,59,tech_MACD_hist,0.0
SPG,63,59,ret_VIXY,0.0
SPG,63,59,mom21_VIXY,0.010487
SPG,63,59,ret_HYG,0.0
SPG,63,59,mom21_HYG,0.030028
SPG,63,59,ret_USO,0.0
SPG,63,59,mom21_USO,0.0081
SPG,63,59,ret_TLT,0.0
SPG,63,59,mom21_TLT,0.009172
SPG,63,59,ret_UUP,0.0
SPG,63,59,mom21_UUP,0.006092
SPG,63,59,ret_SPY,0.0
SPG,63,59,mom21_SPY,0.0
SPG,63,59,vol_vel,0.007266
SPG,63,59,vol_of_vol,0.010345
SPG,63,59,vol_regime_zscore,0.006771
SPG,63,59,vol_chg_21d,0.0
SPG,63,59,event_fed_gravity,0.069717
SPG,63,59,event_earn_gravity,0.0
SPG,63,59,event_div_gravity,0.0
SPG,63,59,event_cpi_gravity,0.045429
SPG,63,59,event_nfp_gravity,0.056876
SPG,63,59,put_call_skew_30d,0.0
SPG,63,59,term_structure_slope,0.0
SPG,63,59,vrp_wedge,0.0
SPG,63,59,iv_atm_z_score,0.014103
SPG,63,59,macro_yield_curve_slope,0.019222
SPG,63,59,macro_hy_spread,0.027142
SPG,63,59,macro_hy_spread_chg_5d,0.0
SPG,63,59,macro_breakeven_5y,0.017402
SPG,63,59,macro_inflation_fwd_5y5y,0.033536
SPG,63,59,macro_inflation_fwd_chg_21d,0.02213
SPG,63,59,macro_inflation_fwd_abs_chg_21d,0.0
SPG,63,59,macro_inflation_fwd_chg_63d,0.043916
SPG,63,59,macro_inflation_fwd_zscore,0.038536
SPG,63,59,macro_dollar_ret,0.0
SPG,63,59,beta_spy,0.023563
SPG,63,59,res_vol,0.021234
SPG,63,59,res_vol_vel,0.0
SPG,63,59,price_regime,0.023268
SPG,63,59,corr_sector_21d,0.010242
SPG,63,59,corr_sector_252d,0.062997
SPG,63,59,sector_wedge,0.008628
SPG,63,60,rv_5d,0.0
SPG,63,60,rv_10d,0.010349
SPG,63,60,rv_21d,0.164125
SPG,63,60,rv_63d,0.101872
SPG,63,60,rv_126d,0.033444
SPG,63,60,ewma_vol,0.034175
SPG,63,60,garch_cond_vol,0.02906
SPG,63,60,ret_TARGET,0.0
SPG,63,60,tech_RSI,0.010354
SPG,63,60,tech_MACD_hist,0.0
SPG,63,60,ret_VIXY,0.0
SPG,63,60,mom21_VIXY,0.010184
SPG,63,60,ret_HYG,0.0
SPG,63,60,mom21_HYG,0.029958
SPG,63,60,ret_USO,0.0
SPG,63,60,mom21_USO,0.008913
SPG,63,60,ret_TLT,0.0
SPG,63,60,mom21_TLT,0.008357
SPG,63,60,ret_UUP,0.0
SPG,63,60,mom21_UUP,0.005746
SPG,63,60,ret_SPY,0.0
SPG,63,60,mom21_SPY,0.0
SPG,63,60,vol_vel,0.0
SPG,63,60,vol_of_vol,0.009917
SPG,63,60,vol_regime_zscore,0.007045
SPG,63,60,vol_chg_21d,0.005748
SPG,63,60,event_fed_gravity,0.068928
SPG,63,60,event_earn_gravity,0.0
SPG,63,60,event_div_gravity,0.0
SPG,63,60,event_cpi_gravity,0.049322
SPG,63,60,event_nfp_gravity,0.0694
SPG,63,60,put_call_skew_30d,0.0
SPG,63,60,term_structure_slope,0.0
SPG,63,60,vrp_wedge,0.0
SPG,63,60,iv_atm_z_score,0.014435
SPG,63,60,macro_yield_curve_slope,0.018994
SPG,63,60,macro_hy_spread,0.016465
SPG,63,60,macro_hy_spread_chg_5d,0.0
SPG,63,60,macro_breakeven_5y,0.017205
SPG,63,60,macro_inflation_fwd_5y5y,0.036732
SPG,63,60,macro_inflation_fwd_chg_21d,0.027157
SPG,63,60,macro_inflation_fwd_abs_chg_21d,0.0
SPG,63,60,macro_inflation_fwd_chg_63d,0.046033
SPG,63,60,macro_inflation_fwd_zscore,0.017737
SPG,63,60,macro_dollar_ret,0.0
SPG,63,60,beta_spy,0.025161
SPG,63,60,res_vol,0.01694
SPG,63,60,res_vol_vel,0.0
SPG,63,60,price_regime,0.021959
SPG,63,60,corr_sector_21d,0.00903
SPG,63,60,corr_sector_252d,0.067106
SPG,63,60,sector_wedge,0.00815
SPG,63,61,rv_5d,0.0
SPG,63,61,rv_10d,0.012538
SPG,63,61,rv_21d,0.275534
SPG,63,61,rv_63d,0.095283
SPG,63,61,rv_126d,0.029369
SPG,63,61,ewma_vol,0.034303
SPG,63,61,garch_cond_vol,0.00705
SPG,63,61,ret_TARGET,0.0
SPG,63,61,tech_RSI,0.008412
SPG,63,61,tech_MACD_hist,0.0
SPG,63,61,ret_VIXY,0.0
SPG,63,61,mom21_VIXY,0.010063
SPG,63,61,ret_HYG,0.0
SPG,63,61,mom21_HYG,0.023704
SPG,63,61,ret_USO,0.0
SPG,63,61,mom21_USO,0.006833
SPG,63,61,ret_TLT,0.0
SPG,63,61,mom21_TLT,0.007464
SPG,63,61,ret_UUP,0.0
SPG,63,61,mom21_UUP,0.005919
SPG,63,61,ret_SPY,0.0
SPG,63,61,mom21_SPY,0.0
SPG,63,61,vol_vel,0.0
SPG,63,61,vol_of_vol,0.011028
SPG,63,61,vol_regime_zscore,0.005886
SPG,63,61,vol_chg_21d,0.004988
SPG,63,61,event_fed_gravity,0.037755
SPG,63,61,event_earn_gravity,0.0
SPG,63,61,event_div_gravity,0.0
SPG,63,61,event_cpi_gravity,0.06157
SPG,63,61,event_nfp_gravity,0.057586
SPG,63,61,put_call_skew_30d,0.0
SPG,63,61,term_structure_slope,0.0
SPG,63,61,vrp_wedge,0.005828
SPG,63,61,iv_atm_z_score,0.017002
SPG,63,61,macro_yield_curve_slope,0.013836
SPG,63,61,macro_hy_spread,0.023446
SPG,63,61,macro_hy_spread_chg_5d,0.0
SPG,63,61,macro_breakeven_5y,0.013773
SPG,63,61,macro_inflation_fwd_5y5y,0.03444
SPG,63,61,macro_inflation_fwd_chg_21d,0.012261
SPG,63,61,macro_inflation_fwd_abs_chg_21d,0.0
SPG,63,61,macro_inflation_fwd_chg_63d,0.032742
SPG,63,61,macro_inflation_fwd_zscore,0.021904
SPG,63,61,macro_dollar_ret,0.0
SPG,63,61,beta_spy,0.022934
SPG,63,61,res_vol,0.015758
SPG,63,61,res_vol_vel,0.0
SPG,63,61,price_regime,0.018546
SPG,63,61,corr_sector_21d,0.0
SPG,63,61,corr_sector_252d,0.066317
SPG,63,61,sector_wedge,0.00593
SPG,63,62,rv_5d,0.0
SPG,63,62,rv_10d,0.0
SPG,63,62,rv_21d,0.282958
SPG,63,62,rv_63d,0.082855
SPG,63,62,rv_126d,0.028735
SPG,63,62,ewma_vol,0.025868
SPG,63,62,garch_cond_vol,0.014483
SPG,63,62,ret_TARGET,0.0
SPG,63,62,tech_RSI,0.00807
SPG,63,62,tech_MACD_hist,0.0
SPG,63,62,ret_VIXY,0.0
SPG,63,62,mom21_VIXY,0.011658
SPG,63,62,ret_HYG,0.0
SPG,63,62,mom21_HYG,0.029242
SPG,63,62,ret_USO,0.0
SPG,63,62,mom21_USO,0.008232
SPG,63,62,ret_TLT,0.0
SPG,63,62,mom21_TLT,0.007968
SPG,63,62,ret_UUP,0.0
SPG,63,62,mom21_UUP,0.008076
SPG,63,62,ret_SPY,0.0
SPG,63,62,mom21_SPY,0.0
SPG,63,62,vol_vel,0.0
SPG,63,62,vol_of_vol,0.009474
SPG,63,62,vol_regime_zscore,0.006114
SPG,63,62,vol_chg_21d,0.0
SPG,63,62,event_fed_gravity,0.053113
SPG,63,62,event_earn_gravity,0.0
SPG,63,62,event_div_gravity,0.0
SPG,63,62,event_cpi_gravity,0.049351
SPG,63,62,event_nfp_gravity,0.049039
SPG,63,62,put_call_skew_30d,0.0
SPG,63,62,term_structure_slope,0.0
SPG,63,62,vrp_wedge,0.005952
SPG,63,62,iv_atm_z_score,0.012086
SPG,63,62,macro_yield_curve_slope,0.017793
SPG,63,62,macro_hy_spread,0.017033
SPG,63,62,macro_hy_spread_chg_5d,0.0
SPG,63,62,macro_breakeven_5y,0.014034
SPG,63,62,macro_inflation_fwd_5y5y,0.034717
SPG,63,62,macro_inflation_fwd_chg_21d,0.011483
SPG,63,62,macro_inflation_fwd_abs_chg_21d,0.0
SPG,63,62,macro_inflation_fwd_chg_63d,0.042373
SPG,63,62,macro_inflation_fwd_zscore,0.017331
SPG,63,62,macro_dollar_ret,0.0
SPG,63,62,beta_spy,0.024849
SPG,63,62,res_vol,0.02151
SPG,63,62,res_vol_vel,0.0
SPG,63,62,price_regime,0.02223
SPG,63,62,corr_sector_21d,0.006645
SPG,63,62,corr_sector_252d,0.070476
SPG,63,62,sector_wedge,0.006251
SPG,63,63,rv_5d,0.0
SPG,63,63,rv_10d,0.0
SPG,63,63,rv_21d,0.277601
SPG,63,63,rv_63d,0.087783
SPG,63,63,rv_126d,0.027673
SPG,63,63,ewma_vol,0.025073
SPG,63,63,garch_cond_vol,0.014492
SPG,63,63,ret_TARGET,0.0
SPG,63,63,tech_RSI,0.006971
SPG,63,63,tech_MACD_hist,0.0
SPG,63,63,ret_VIXY,0.0
SPG,63,63,mom21_VIXY,0.012051
SPG,63,63,ret_HYG,0.0
SPG,63,63,mom21_HYG,0.024869
SPG,63,63,ret_USO,0.0
SPG,63,63,mom21_USO,0.007983
SPG,63,63,ret_TLT,0.0
SPG,63,63,mom21_TLT,0.007533
SPG,63,63,ret_UUP,0.0
SPG,63,63,mom21_UUP,0.008822
SPG,63,63,ret_SPY,0.0
SPG,63,63,mom21_SPY,0.0
SPG,63,63,vol_vel,0.0
SPG,63,63,vol_of_vol,0.010891
SPG,63,63,vol_regime_zscore,0.006219
SPG,63,63,vol_chg_21d,0.005713
SPG,63,63,event_fed_gravity,0.047465
SPG,63,63,event_earn_gravity,0.0
SPG,63,63,event_div_gravity,0.0
SPG,63,63,event_cpi_gravity,0.059388
SPG,63,63,event_nfp_gravity,0.050015
SPG,63,63,put_call_skew_30d,0.0
SPG,63,63,term_structure_slope,0.0
SPG,63,63,vrp_wedge,0.005695
SPG,63,63,iv_atm_z_score,0.012214
SPG,63,63,macro_yield_curve_slope,0.017617
SPG,63,63,macro_hy_spread,0.017959
SPG,63,63,macro_hy_spread_chg_5d,0.0
SPG,63,63,macro_breakeven_5y,0.014672
SPG,63,63,macro_inflation_fwd_5y5y,0.031662
SPG,63,63,macro_inflation_fwd_chg_21d,0.028162
SPG,63,63,macro_inflation_fwd_abs_chg_21d,0.0
SPG,63,63,macro_inflation_fwd_chg_63d,0.037195
SPG,63,63,macro_inflation_fwd_zscore,0.022417
SPG,63,63,macro_dollar_ret,0.0
SPG,63,63,beta_spy,0.023093
SPG,63,63,res_vol,0.016021
SPG,63,63,res_vol_vel,0.0
SPG,63,63,price_regime,0.02164
SPG,63,63,corr_sector_21d,0.00664
SPG,63,63,corr_sector_252d,0.058935
SPG,63,63,sector_wedge,0.005537
SPG,63,64,rv_5d,0.0
SPG,63,64,rv_10d,0.0
SPG,63,64,rv_21d,0.272899
SPG,63,64,rv_63d,0.086174
SPG,63,64,rv_126d,0.025926
SPG,63,64,ewma_vol,0.026303
SPG,63,64,garch_cond_vol,0.014443
SPG,63,64,ret_TARGET,0.0
SPG,63,64,tech_RSI,0.006829
SPG,63,64,tech_MACD_hist,0.005851
SPG,63,64,ret_VIXY,0.0
SPG,63,64,mom21_VIXY,0.013067
SPG,63,64,ret_HYG,0.0
SPG,63,64,mom21_HYG,0.029436
SPG,63,64,ret_USO,0.0
SPG,63,64,mom21_USO,0.007663
SPG,63,64,ret_TLT,0.0
SPG,63,64,mom21_TLT,0.007696
SPG,63,64,ret_UUP,0.0
SPG,63,64,mom21_UUP,0.005458
SPG,63,64,ret_SPY,0.0
SPG,63,64,mom21_SPY,0.0
SPG,63,64,vol_vel,0.010054
SPG,63,64,vol_of_vol,0.008796
SPG,63,64,vol_regime_zscore,0.006184
SPG,63,64,vol_chg_21d,0.0
SPG,63,64,event_fed_gravity,0.045344
SPG,63,64,event_earn_gravity,0.0
SPG,63,64,event_div_gravity,0.0
SPG,63,64,event_cpi_gravity,0.050852
SPG,63,64,event_nfp_gravity,0.054053
SPG,63,64,put_call_skew_30d,0.0
SPG,63,64,term_structure_slope,0.0
SPG,63,64,vrp_wedge,0.005621
SPG,63,64,iv_atm_z_score,0.011673
SPG,63,64,macro_yield_curve_slope,0.016421
SPG,63,64,macro_hy_spread,0.02008
SPG,63,64,macro_hy_spread_chg_5d,0.0
SPG,63,64,macro_breakeven_5y,0.013283
SPG,63,64,macro_inflation_fwd_5y5y,0.036112
SPG,63,64,macro_inflation_fwd_chg_21d,0.019231
SPG,63,64,macro_inflation_fwd_abs_chg_21d,0.0
SPG,63,64,macro_inflation_fwd_chg_63d,0.047173
SPG,63,64,macro_inflation_fwd_zscore,0.017758
SPG,63,64,macro_dollar_ret,0.0
SPG,63,64,beta_spy,0.024594
SPG,63,64,res_vol,0.013269
SPG,63,64,res_vol_vel,0.0
SPG,63,64,price_regime,0.027643
SPG,63,64,corr_sector_21d,0.005651
SPG,63,64,corr_sector_252d,0.058748
SPG,63,64,sector_wedge,0.005718
SPG,63,65,rv_5d,0.009681
SPG,63,65,rv_10d,0.0
SPG,63,65,rv_21d,0.271903
SPG,63,65,rv_63d,0.092604
SPG,63,65,rv_126d,0.024809
SPG,63,65,ewma_vol,0.029351
SPG,63,65,garch_cond_vol,0.028802
SPG,63,65,ret_TARGET,0.0
SPG,63,65,tech_RSI,0.008191
SPG,63,65,tech_MACD_hist,0.005609
SPG,63,65,ret_VIXY,0.0
SPG,63,65,mom21_VIXY,0.014223
SPG,63,65,ret_HYG,0.0
SPG,63,65,mom21_HYG,0.02455
SPG,63,65,ret_USO,0.0
SPG,63,65,mom21_USO,0.008421
SPG,63,65,ret_TLT,0.0
SPG,63,65,mom21_TLT,0.007435
SPG,63,65,ret_UUP,0.0
SPG,63,65,mom21_UUP,0.004778
SPG,63,65,ret_SPY,0.0
SPG,63,65,mom21_SPY,0.0
SPG,63,65,vol_vel,0.0
SPG,63,65,vol_of_vol,0.011672
SPG,63,65,vol_regime_zscore,0.006177
SPG,63,65,vol_chg_21d,0.0
SPG,63,65,event_fed_gravity,0.054371
SPG,63,65,event_earn_gravity,0.0
SPG,63,65,event_div_gravity,0.0
SPG,63,65,event_cpi_gravity,0.038566
SPG,63,65,event_nfp_gravity,0.050282
SPG,63,65,put_call_skew_30d,0.0
SPG,63,65,term_structure_slope,0.0
SPG,63,65,vrp_wedge,0.007086
SPG,63,65,iv_atm_z_score,0.010412
SPG,63,65,macro_yield_curve_slope,0.016381
SPG,63,65,macro_hy_spread,0.016096
SPG,63,65,macro_hy_spread_chg_5d,0.0
SPG,63,65,macro_breakeven_5y,0.012941
SPG,63,65,macro_inflation_fwd_5y5y,0.029449
SPG,63,65,macro_inflation_fwd_chg_21d,0.017038
SPG,63,65,macro_inflation_fwd_abs_chg_21d,0.0
SPG,63,65,macro_inflation_fwd_chg_63d,0.039433
SPG,63,65,macro_inflation_fwd_zscore,0.028167
SPG,63,65,macro_dollar_ret,0.0
SPG,63,65,beta_spy,0.021348
SPG,63,65,res_vol,0.015723
SPG,63,65,res_vol_vel,0.0
SPG,63,65,price_regime,0.027792
SPG,63,65,corr_sector_21d,0.007254
SPG,63,65,corr_sector_252d,0.0538
SPG,63,65,sector_wedge,0.005654
SPG,63,66,rv_5d,0.0
SPG,63,66,rv_10d,0.0
SPG,63,66,rv_21d,0.284596
SPG,63,66,rv_63d,0.098551
SPG,63,66,rv_126d,0.028145
SPG,63,66,ewma_vol,0.02751
SPG,63,66,garch_cond_vol,0.007332
SPG,63,66,ret_TARGET,0.0
SPG,63,66,tech_RSI,0.008618
SPG,63,66,tech_MACD_hist,0.0
SPG,63,66,ret_VIXY,0.0
SPG,63,66,mom21_VIXY,0.012275
SPG,63,66,ret_HYG,0.0
SPG,63,66,mom21_HYG,0.023472
SPG,63,66,ret_USO,0.0
SPG,63,66,mom21_USO,0.008935
SPG,63,66,ret_TLT,0.0
SPG,63,66,mom21_TLT,0.007608
SPG,63,66,ret_UUP,0.0
SPG,63,66,mom21_UUP,0.005826
SPG,63,66,ret_SPY,0.0
SPG,63,66,mom21_SPY,0.0
SPG,63,66,vol_vel,0.0
SPG,63,66,vol_of_vol,0.01143
SPG,63,66,vol_regime_zscore,0.005562
SPG,63,66,vol_chg_21d,0.005895
SPG,63,66,event_fed_gravity,0.059166
SPG,63,66,event_earn_gravity,0.0
SPG,63,66,event_div_gravity,0.0
SPG,63,66,event_cpi_gravity,0.043471
SPG,63,66,event_nfp_gravity,0.04586
SPG,63,66,put_call_skew_30d,0.0
SPG,63,66,term_structure_slope,0.0
SPG,63,66,vrp_wedge,0.006207
SPG,63,66,iv_atm_z_score,0.010555
SPG,63,66,macro_yield_curve_slope,0.018518
SPG,63,66,macro_hy_spread,0.017349
SPG,63,66,macro_hy_spread_chg_5d,0.0
SPG,63,66,macro_breakeven_5y,0.012712
SPG,63,66,macro_inflation_fwd_5y5y,0.031056
SPG,63,66,macro_inflation_fwd_chg_21d,0.026703
SPG,63,66,macro_inflation_fwd_abs_chg_21d,0.0
SPG,63,66,macro_inflation_fwd_chg_63d,0.025724
SPG,63,66,macro_inflation_fwd_zscore,0.019229
SPG,63,66,macro_dollar_ret,0.0
SPG,63,66,beta_spy,0.024064
SPG,63,66,res_vol,0.017022
SPG,63,66,res_vol_vel,0.005597
SPG,63,66,price_regime,0.029736
SPG,63,66,corr_sector_21d,0.005447
SPG,63,66,corr_sector_252d,0.059129
SPG,63,66,sector_wedge,0.006703
SPG,63,67,rv_5d,0.0
SPG,63,67,rv_10d,0.0
SPG,63,67,rv_21d,0.275144
SPG,63,67,rv_63d,0.093421
SPG,63,67,rv_126d,0.026039
SPG,63,67,ewma_vol,0.0287
SPG,63,67,garch_cond_vol,0.009969
SPG,63,67,ret_TARGET,0.0
SPG,63,67,tech_RSI,0.006626
SPG,63,67,tech_MACD_hist,0.0
SPG,63,67,ret_VIXY,0.0
SPG,63,67,mom21_VIXY,0.014494
SPG,63,67,ret_HYG,0.0
SPG,63,67,mom21_HYG,0.031293
SPG,63,67,ret_USO,0.0
SPG,63,67,mom21_USO,0.007738
SPG,63,67,ret_TLT,0.0
SPG,63,67,mom21_TLT,0.007556
SPG,63,67,ret_UUP,0.0
SPG,63,67,mom21_UUP,0.0
SPG,63,67,ret_SPY,0.0
SPG,63,67,mom21_SPY,0.0
SPG,63,67,vol_vel,0.0
SPG,63,67,vol_of_vol,0.011046
SPG,63,67,vol_regime_zscore,0.006348
SPG,63,67,vol_chg_21d,0.006101
SPG,63,67,event_fed_gravity,0.055108
SPG,63,67,event_earn_gravity,0.0
SPG,63,67,event_div_gravity,0.0
SPG,63,67,event_cpi_gravity,0.04025
SPG,63,67,event_nfp_gravity,0.057927
SPG,63,67,put_call_skew_30d,0.0
SPG,63,67,term_structure_slope,0.0
SPG,63,67,vrp_wedge,0.005714
SPG,63,67,iv_atm_z_score,0.013784
SPG,63,67,macro_yield_curve_slope,0.017074
SPG,63,67,macro_hy_spread,0.026427
SPG,63,67,macro_hy_spread_chg_5d,0.0
SPG,63,67,macro_breakeven_5y,0.012253
SPG,63,67,macro_inflation_fwd_5y5y,0.03343
SPG,63,67,macro_inflation_fwd_chg_21d,0.028457
SPG,63,67,macro_inflation_fwd_abs_chg_21d,0.0
SPG,63,67,macro_inflation_fwd_chg_63d,0.026873
SPG,63,67,macro_inflation_fwd_zscore,0.025419
SPG,63,67,macro_dollar_ret,0.0
SPG,63,67,beta_spy,0.024111
SPG,63,67,res_vol,0.013656
SPG,63,67,res_vol_vel,0.0
SPG,63,67,price_regime,0.026178
SPG,63,67,corr_sector_21d,0.009199
SPG,63,67,corr_sector_252d,0.053892
SPG,63,67,sector_wedge,0.005772
SPG,63,68,rv_5d,0.0
SPG,63,68,rv_10d,0.0
SPG,63,68,rv_21d,0.167021
SPG,63,68,rv_63d,0.105566
SPG,63,68,rv_126d,0.029338
SPG,63,68,ewma_vol,0.031215
SPG,63,68,garch_cond_vol,0.015085
SPG,63,68,ret_TARGET,0.0
SPG,63,68,tech_RSI,0.008868
SPG,63,68,tech_MACD_hist,0.028318
SPG,63,68,ret_VIXY,0.0
SPG,63,68,mom21_VIXY,0.013691
SPG,63,68,ret_HYG,0.0
SPG,63,68,mom21_HYG,0.026873
SPG,63,68,ret_USO,0.0
SPG,63,68,mom21_USO,0.009747
SPG,63,68,ret_TLT,0.0
SPG,63,68,mom21_TLT,0.009105
SPG,63,68,ret_UUP,0.0
SPG,63,68,mom21_UUP,0.0
SPG,63,68,ret_SPY,0.0
SPG,63,68,mom21_SPY,0.0
SPG,63,68,vol_vel,0.0
SPG,63,68,vol_of_vol,0.017597
SPG,63,68,vol_regime_zscore,0.006806
SPG,63,68,vol_chg_21d,0.0
SPG,63,68,event_fed_gravity,0.051098
SPG,63,68,event_earn_gravity,0.0
SPG,63,68,event_div_gravity,0.0
SPG,63,68,event_cpi_gravity,0.057415
SPG,63,68,event_nfp_gravity,0.066836
SPG,63,68,put_call_skew_30d,0.0
SPG,63,68,term_structure_slope,0.0
SPG,63,68,vrp_wedge,0.006377
SPG,63,68,iv_atm_z_score,0.01344
SPG,63,68,macro_yield_curve_slope,0.022542
SPG,63,68,macro_hy_spread,0.021268
SPG,63,68,macro_hy_spread_chg_5d,0.0
SPG,63,68,macro_breakeven_5y,0.016958
SPG,63,68,macro_inflation_fwd_5y5y,0.041503
SPG,63,68,macro_inflation_fwd_chg_21d,0.022681
SPG,63,68,macro_inflation_fwd_abs_chg_21d,0.0
SPG,63,68,macro_inflation_fwd_chg_63d,0.031605
SPG,63,68,macro_inflation_fwd_zscore,0.023682
SPG,63,68,macro_dollar_ret,0.0
SPG,63,68,beta_spy,0.025692
SPG,63,68,res_vol,0.015802
SPG,63,68,res_vol_vel,0.0
SPG,63,68,price_regime,0.03076
SPG,63,68,corr_sector_21d,0.01199
SPG,63,68,corr_sector_252d,0.063078
SPG,63,68,sector_wedge,0.008044
SPG,63,69,rv_5d,0.0
SPG,63,69,rv_10d,0.0
SPG,63,69,rv_21d,0.282231
SPG,63,69,rv_63d,0.101627
SPG,63,69,rv_126d,0.026747
SPG,63,69,ewma_vol,0.035552
SPG,63,69,garch_cond_vol,0.011243
SPG,63,69,ret_TARGET,0.0
SPG,63,69,tech_RSI,0.008101
SPG,63,69,tech_MACD_hist,0.0
SPG,63,69,ret_VIXY,0.0
SPG,63,69,mom21_VIXY,0.011009
SPG,63,69,ret_HYG,0.0
SPG,63,69,mom21_HYG,0.026179
SPG,63,69,ret_USO,0.0
SPG,63,69,mom21_USO,0.007564
SPG,63,69,ret_TLT,0.0
SPG,63,69,mom21_TLT,0.007593
SPG,63,69,ret_UUP,0.0
SPG,63,69,mom21_UUP,0.005091
SPG,63,69,ret_SPY,0.0
SPG,63,69,mom21_SPY,0.0
SPG,63,69,vol_vel,0.0
SPG,63,69,vol_of_vol,0.009155
SPG,63,69,vol_regime_zscore,0.00599
SPG,63,69,vol_chg_21d,0.0
SPG,63,69,event_fed_gravity,0.041659
SPG,63,69,event_earn_gravity,0.0
SPG,63,69,event_div_gravity,0.0
SPG,63,69,event_cpi_gravity,0.06256
SPG,63,69,event_nfp_gravity,0.04645
SPG,63,69,put_call_skew_30d,0.0
SPG,63,69,term_structure_slope,0.0
SPG,63,69,vrp_wedge,0.00647
SPG,63,69,iv_atm_z_score,0.008933
SPG,63,69,macro_yield_curve_slope,0.016157
SPG,63,69,macro_hy_spread,0.01724
SPG,63,69,macro_hy_spread_chg_5d,0.0
SPG,63,69,macro_breakeven_5y,0.014739
SPG,63,69,macro_inflation_fwd_5y5y,0.035241
SPG,63,69,macro_inflation_fwd_chg_21d,0.028396
SPG,63,69,macro_inflation_fwd_abs_chg_21d,0.0
SPG,63,69,macro_inflation_fwd_chg_63d,0.038105
SPG,63,69,macro_inflation_fwd_zscore,0.016423
SPG,63,69,macro_dollar_ret,0.0
SPG,63,69,beta_spy,0.023636
SPG,63,69,res_vol,0.013791
SPG,63,69,res_vol_vel,0.005325
SPG,63,69,price_regime,0.020636
SPG,63,69,corr_sector_21d,0.006202
SPG,63,69,corr_sector_252d,0.053265
SPG,63,69,sector_wedge,0.006687
SPG,63,70,rv_5d,0.008231
SPG,63,70,rv_10d,0.0
SPG,63,70,rv_21d,0.119339
SPG,63,70,rv_63d,0.10234
SPG,63,70,rv_126d,0.028095
SPG,63,70,ewma_vol,0.03602
SPG,63,70,garch_cond_vol,0.028075
SPG,63,70,ret_TARGET,0.0
SPG,63,70,tech_RSI,0.007987
SPG,63,70,tech_MACD_hist,0.007223
SPG,63,70,ret_VIXY,0.0
SPG,63,70,mom21_VIXY,0.00927
SPG,63,70,ret_HYG,0.0
SPG,63,70,mom21_HYG,0.02857
SPG,63,70,ret_USO,0.0
SPG,63,70,mom21_USO,0.009488
SPG,63,70,ret_TLT,0.0
SPG,63,70,mom21_TLT,0.010193
SPG,63,70,ret_UUP,0.0
SPG,63,70,mom21_UUP,0.005623
SPG,63,70,ret_SPY,0.0
SPG,63,70,mom21_SPY,0.0
SPG,63,70,vol_vel,0.0
SPG,63,70,vol_of_vol,0.019462
SPG,63,70,vol_regime_zscore,0.008986
SPG,63,70,vol_chg_21d,0.007116
SPG,63,70,event_fed_gravity,0.04886
SPG,63,70,event_earn_gravity,0.0
SPG,63,70,event_div_gravity,0.0
SPG,63,70,event_cpi_gravity,0.066382
SPG,63,70,event_nfp_gravity,0.070478
SPG,63,70,put_call_skew_30d,0.0
SPG,63,70,term_structure_slope,0.0
SPG,63,70,vrp_wedge,0.00751
SPG,63,70,iv_atm_z_score,0.012483
SPG,63,70,macro_yield_curve_slope,0.019987
SPG,63,70,macro_hy_spread,0.033069
SPG,63,70,macro_hy_spread_chg_5d,0.0
SPG,63,70,macro_breakeven_5y,0.014844
SPG,63,70,macro_inflation_fwd_5y5y,0.035109
SPG,63,70,macro_inflation_fwd_chg_21d,0.022266
SPG,63,70,macro_inflation_fwd_abs_chg_21d,0.008393
SPG,63,70,macro_inflation_fwd_chg_63d,0.046823
SPG,63,70,macro_inflation_fwd_zscore,0.02598
SPG,63,70,macro_dollar_ret,0.0
SPG,63,70,beta_spy,0.027055
SPG,63,70,res_vol,0.017054
SPG,63,70,res_vol_vel,0.0
SPG,63,70,price_regime,0.027385
SPG,63,70,corr_sector_21d,0.008404
SPG,63,70,corr_sector_252d,0.064975
SPG,63,70,sector_wedge,0.006921
SPG,63,71,rv_5d,0.0
SPG,63,71,rv_10d,0.0
SPG,63,71,rv_21d,0.165098
SPG,63,71,rv_63d,0.109193
SPG,63,71,rv_126d,0.03201
SPG,63,71,ewma_vol,0.037018
SPG,63,71,garch_cond_vol,0.009987
SPG,63,71,ret_TARGET,0.0
SPG,63,71,tech_RSI,0.007684
SPG,63,71,tech_MACD_hist,0.0
SPG,63,71,ret_VIXY,0.0
SPG,63,71,mom21_VIXY,0.012862
SPG,63,71,ret_HYG,0.0
SPG,63,71,mom21_HYG,0.026672
SPG,63,71,ret_USO,0.0
SPG,63,71,mom21_USO,0.009201
SPG,63,71,ret_TLT,0.0
SPG,63,71,mom21_TLT,0.008006
SPG,63,71,ret_UUP,0.0
SPG,63,71,mom21_UUP,0.007122
SPG,63,71,ret_SPY,0.0
SPG,63,71,mom21_SPY,0.0
SPG,63,71,vol_vel,0.0
SPG,63,71,vol_of_vol,0.010161
SPG,63,71,vol_regime_zscore,0.006446
SPG,63,71,vol_chg_21d,0.006859
SPG,63,71,event_fed_gravity,0.063485
SPG,63,71,event_earn_gravity,0.0
SPG,63,71,event_div_gravity,0.0
SPG,63,71,event_cpi_gravity,0.048673
SPG,63,71,event_nfp_gravity,0.069893
SPG,63,71,put_call_skew_30d,0.0
SPG,63,71,term_structure_slope,0.0
SPG,63,71,vrp_wedge,0.006648
SPG,63,71,iv_atm_z_score,0.014849
SPG,63,71,macro_yield_curve_slope,0.019894
SPG,63,71,macro_hy_spread,0.019258
SPG,63,71,macro_hy_spread_chg_5d,0.0
SPG,63,71,macro_breakeven_5y,0.014434
SPG,63,71,macro_inflation_fwd_5y5y,0.042261
SPG,63,71,macro_inflation_fwd_chg_21d,0.032994
SPG,63,71,macro_inflation_fwd_abs_chg_21d,0.0
SPG,63,71,macro_inflation_fwd_chg_63d,0.042747
SPG,63,71,macro_inflation_fwd_zscore,0.030319
SPG,63,71,macro_dollar_ret,0.0
SPG,63,71,beta_spy,0.02511
SPG,63,71,res_vol,0.017453
SPG,63,71,res_vol_vel,0.0
SPG,63,71,price_regime,0.03142
SPG,63,71,corr_sector_21d,0.010229
SPG,63,71,corr_sector_252d,0.054385
SPG,63,71,sector_wedge,0.007627
SPG,63,72,rv_5d,0.0
SPG,63,72,rv_10d,0.006646
SPG,63,72,rv_21d,0.170304
SPG,63,72,rv_63d,0.11024
SPG,63,72,rv_126d,0.029932
SPG,63,72,ewma_vol,0.029858
SPG,63,72,garch_cond_vol,0.011231
SPG,63,72,ret_TARGET,0.0
SPG,63,72,tech_RSI,0.009339
SPG,63,72,tech_MACD_hist,0.00665
SPG,63,72,ret_VIXY,0.0
SPG,63,72,mom21_VIXY,0.010494
SPG,63,72,ret_HYG,0.0
SPG,63,72,mom21_HYG,0.036434
SPG,63,72,ret_USO,0.0
SPG,63,72,mom21_USO,0.008352
SPG,63,72,ret_TLT,0.0
SPG,63,72,mom21_TLT,0.008962
SPG,63,72,ret_UUP,0.0
SPG,63,72,mom21_UUP,0.008098
SPG,63,72,ret_SPY,0.0
SPG,63,72,mom21_SPY,0.0
SPG,63,72,vol_vel,0.0
SPG,63,72,vol_of_vol,0.0191
SPG,63,72,vol_regime_zscore,0.007049
SPG,63,72,vol_chg_21d,0.005815
SPG,63,72,event_fed_gravity,0.053981
SPG,63,72,event_earn_gravity,0.0
SPG,63,72,event_div_gravity,0.0
SPG,63,72,event_cpi_gravity,0.067458
SPG,63,72,event_nfp_gravity,0.049622
SPG,63,72,put_call_skew_30d,0.0
SPG,63,72,term_structure_slope,0.0
SPG,63,72,vrp_wedge,0.009099
SPG,63,72,iv_atm_z_score,0.013101
SPG,63,72,macro_yield_curve_slope,0.020988
SPG,63,72,macro_hy_spread,0.018176
SPG,63,72,macro_hy_spread_chg_5d,0.0
SPG,63,72,macro_breakeven_5y,0.016846
SPG,63,72,macro_inflation_fwd_5y5y,0.036979
SPG,63,72,macro_inflation_fwd_chg_21d,0.018365
SPG,63,72,macro_inflation_fwd_abs_chg_21d,0.0
SPG,63,72,macro_inflation_fwd_chg_63d,0.039748
SPG,63,72,macro_inflation_fwd_zscore,0.023794
SPG,63,72,macro_dollar_ret,0.0
SPG,63,72,beta_spy,0.026085
SPG,63,72,res_vol,0.018783
SPG,63,72,res_vol_vel,0.0
SPG,63,72,price_regime,0.023684
SPG,63,72,corr_sector_21d,0.017221
SPG,63,72,corr_sector_252d,0.06055
SPG,63,72,sector_wedge,0.007014
SPG,63,73,rv_5d,0.0
SPG,63,73,rv_10d,0.005206
SPG,63,73,rv_21d,0.290408
SPG,63,73,rv_63d,0.102162
SPG,63,73,rv_126d,0.028999
SPG,63,73,ewma_vol,0.033884
SPG,63,73,garch_cond_vol,0.012006
SPG,63,73,ret_TARGET,0.0
SPG,63,73,tech_RSI,0.006627
SPG,63,73,tech_MACD_hist,0.0
SPG,63,73,ret_VIXY,0.0
SPG,63,73,mom21_VIXY,0.009969
SPG,63,73,ret_HYG,0.0
SPG,63,73,mom21_HYG,0.022439
SPG,63,73,ret_USO,0.0
SPG,63,73,mom21_USO,0.007539
SPG,63,73,ret_TLT,0.0
SPG,63,73,mom21_TLT,0.007719
SPG,63,73,ret_UUP,0.0
SPG,63,73,mom21_UUP,0.007471
SPG,63,73,ret_SPY,0.0
SPG,63,73,mom21_SPY,0.0
SPG,63,73,vol_vel,0.0
SPG,63,73,vol_of_vol,0.01625
SPG,63,73,vol_regime_zscore,0.005741
SPG,63,73,vol_chg_21d,0.0
SPG,63,73,event_fed_gravity,0.047651
SPG,63,73,event_earn_gravity,0.0
SPG,63,73,event_div_gravity,0.0
SPG,63,73,event_cpi_gravity,0.061915
SPG,63,73,event_nfp_gravity,0.041681
SPG,63,73,put_call_skew_30d,0.0
SPG,63,73,term_structure_slope,0.0
SPG,63,73,vrp_wedge,0.005554
SPG,63,73,iv_atm_z_score,0.013222
SPG,63,73,macro_yield_curve_slope,0.014518
SPG,63,73,macro_hy_spread,0.016776
SPG,63,73,macro_hy_spread_chg_5d,0.0
SPG,63,73,macro_breakeven_5y,0.011884
SPG,63,73,macro_inflation_fwd_5y5y,0.038042
SPG,63,73,macro_inflation_fwd_chg_21d,0.016508
SPG,63,73,macro_inflation_fwd_abs_chg_21d,0.0
SPG,63,73,macro_inflation_fwd_chg_63d,0.024502
SPG,63,73,macro_inflation_fwd_zscore,0.022231
SPG,63,73,macro_dollar_ret,0.0
SPG,63,73,beta_spy,0.021952
SPG,63,73,res_vol,0.014583
SPG,63,73,res_vol_vel,0.0
SPG,63,73,price_regime,0.021814
SPG,63,73,corr_sector_21d,0.008198
SPG,63,73,corr_sector_252d,0.056374
SPG,63,73,sector_wedge,0.006175
SPG,63,74,rv_5d,0.0
SPG,63,74,rv_10d,0.0
SPG,63,74,rv_21d,0.178993
SPG,63,74,rv_63d,0.108994
SPG,63,74,rv_126d,0.029382
SPG,63,74,ewma_vol,0.018453
SPG,63,74,garch_cond_vol,0.038235
SPG,63,74,ret_TARGET,0.0
SPG,63,74,tech_RSI,0.007489
SPG,63,74,tech_MACD_hist,0.009304
SPG,63,74,ret_VIXY,0.0
SPG,63,74,mom21_VIXY,0.009839
SPG,63,74,ret_HYG,0.0
SPG,63,74,mom21_HYG,0.027293
SPG,63,74,ret_USO,0.0
SPG,63,74,mom21_USO,0.010144
SPG,63,74,ret_TLT,0.0
SPG,63,74,mom21_TLT,0.008238
SPG,63,74,ret_UUP,0.0
SPG,63,74,mom21_UUP,0.0
SPG,63,74,ret_SPY,0.0
SPG,63,74,mom21_SPY,0.0
SPG,63,74,vol_vel,0.0
SPG,63,74,vol_of_vol,0.010604
SPG,63,74,vol_regime_zscore,0.007623
SPG,63,74,vol_chg_21d,0.0
SPG,63,74,event_fed_gravity,0.066288
SPG,63,74,event_earn_gravity,0.0
SPG,63,74,event_div_gravity,0.0
SPG,63,74,event_cpi_gravity,0.055288
SPG,63,74,event_nfp_gravity,0.06164
SPG,63,74,put_call_skew_30d,0.0
SPG,63,74,term_structure_slope,0.0
SPG,63,74,vrp_wedge,0.008447
SPG,63,74,iv_atm_z_score,0.011011
SPG,63,74,macro_yield_curve_slope,0.019419
SPG,63,74,macro_hy_spread,0.015352
SPG,63,74,macro_hy_spread_chg_5d,0.0
SPG,63,74,macro_breakeven_5y,0.01672
SPG,63,74,macro_inflation_fwd_5y5y,0.040821
SPG,63,74,macro_inflation_fwd_chg_21d,0.019883
SPG,63,74,macro_inflation_fwd_abs_chg_21d,0.0
SPG,63,74,macro_inflation_fwd_chg_63d,0.034903
SPG,63,74,macro_inflation_fwd_zscore,0.031981
SPG,63,74,macro_dollar_ret,0.0
SPG,63,74,beta_spy,0.025159
SPG,63,74,res_vol,0.020386
SPG,63,74,res_vol_vel,0.0
SPG,63,74,price_regime,0.024283
SPG,63,74,corr_sector_21d,0.012347
SPG,63,74,corr_sector_252d,0.064621
SPG,63,74,sector_wedge,0.006861
SPG,63,75,rv_5d,0.017388
SPG,63,75,rv_10d,0.0
SPG,63,75,rv_21d,0.281582
SPG,63,75,rv_63d,0.078357
SPG,63,75,rv_126d,0.031874
SPG,63,75,ewma_vol,0.031804
SPG,63,75,garch_cond_vol,0.013722
SPG,63,75,ret_TARGET,0.0
SPG,63,75,tech_RSI,0.010974
SPG,63,75,tech_MACD_hist,0.0
SPG,63,75,ret_VIXY,0.0
SPG,63,75,mom21_VIXY,0.007669
SPG,63,75,ret_HYG,0.0
SPG,63,75,mom21_HYG,0.01154
SPG,63,75,ret_USO,0.0
SPG,63,75,mom21_USO,0.008387
SPG,63,75,ret_TLT,0.0
SPG,63,75,mom21_TLT,0.007174
SPG,63,75,ret_UUP,0.0
SPG,63,75,mom21_UUP,0.01486
SPG,63,75,ret_SPY,0.0
SPG,63,75,mom21_SPY,0.0
SPG,63,75,vol_vel,0.0
SPG,63,75,vol_of_vol,0.019188
SPG,63,75,vol_regime_zscore,0.005791
SPG,63,75,vol_chg_21d,0.0
SPG,63,75,event_fed_gravity,0.052895
SPG,63,75,event_earn_gravity,0.0
SPG,63,75,event_div_gravity,0.0
SPG,63,75,event_cpi_gravity,0.042433
SPG,63,75,event_nfp_gravity,0.043444
SPG,63,75,put_call_skew_30d,0.0
SPG,63,75,term_structure_slope,0.0
SPG,63,75,vrp_wedge,0.004636
SPG,63,75,iv_atm_z_score,0.014813
SPG,63,75,macro_yield_curve_slope,0.01376
SPG,63,75,macro_hy_spread,0.022688
SPG,63,75,macro_hy_spread_chg_5d,0.009873
SPG,63,75,macro_breakeven_5y,0.014283
SPG,63,75,macro_inflation_fwd_5y5y,0.030024
SPG,63,75,macro_inflation_fwd_chg_21d,0.027485
SPG,63,75,macro_inflation_fwd_abs_chg_21d,0.0
SPG,63,75,macro_inflation_fwd_chg_63d,0.025076
SPG,63,75,macro_inflation_fwd_zscore,0.011711
SPG,63,75,macro_dollar_ret,0.0
SPG,63,75,beta_spy,0.017216
SPG,63,75,res_vol,0.035324
SPG,63,75,res_vol_vel,0.011819
SPG,63,75,price_regime,0.015103
SPG,63,75,corr_sector_21d,0.006372
SPG,63,75,corr_sector_252d,0.055329
SPG,63,75,sector_wedge,0.005406
SPG,63,76,rv_5d,0.024518
SPG,63,76,rv_10d,0.012131
SPG,63,76,rv_21d,0.061005
SPG,63,76,rv_63d,0.074033
SPG,63,76,rv_126d,0.021628
SPG,63,76,ewma_vol,0.042473
SPG,63,76,garch_cond_vol,0.037881
SPG,63,76,ret_TARGET,0.0
SPG,63,76,tech_RSI,0.008207
SPG,63,76,tech_MACD_hist,0.009834
SPG,63,76,ret_VIXY,0.0
SPG,63,76,mom21_VIXY,0.009914
SPG,63,76,ret_HYG,0.0
SPG,63,76,mom21_HYG,0.010236
SPG,63,76,ret_USO,0.0
SPG,63,76,mom21_USO,0.004358
SPG,63,76,ret_TLT,0.0
SPG,63,76,mom21_TLT,0.007759
SPG,63,76,ret_UUP,0.0
SPG,63,76,mom21_UUP,0.004482
SPG,63,76,ret_SPY,0.0
SPG,63,76,mom21_SPY,0.024268
SPG,63,76,vol_vel,0.0
SPG,63,76,vol_of_vol,0.007672
SPG,63,76,vol_regime_zscore,0.03396
SPG,63,76,vol_chg_21d,0.0
SPG,63,76,event_fed_gravity,0.038882
SPG,63,76,event_earn_gravity,0.0
SPG,63,76,event_div_gravity,0.0
SPG,63,76,event_cpi_gravity,0.044379
SPG,63,76,event_nfp_gravity,0.051974
SPG,63,76,put_call_skew_30d,0.0
SPG,63,76,term_structure_slope,0.0
SPG,63,76,vrp_wedge,0.003882
SPG,63,76,iv_atm_z_score,0.019877
SPG,63,76,macro_yield_curve_slope,0.023093
SPG,63,76,macro_hy_spread,0.074789
SPG,63,76,macro_hy_spread_chg_5d,0.0
SPG,63,76,macro_breakeven_5y,0.015883
SPG,63,76,macro_inflation_fwd_5y5y,0.041387
SPG,63,76,macro_inflation_fwd_chg_21d,0.014216
SPG,63,76,macro_inflation_fwd_abs_chg_21d,0.013415
SPG,63,76,macro_inflation_fwd_chg_63d,0.026528
SPG,63,76,macro_inflation_fwd_zscore,0.015683
SPG,63,76,macro_dollar_ret,0.0
SPG,63,76,beta_spy,0.017629
SPG,63,76,res_vol,0.118672
SPG,63,76,res_vol_vel,0.0
SPG,63,76,price_regime,0.03381
SPG,63,76,corr_sector_21d,0.018249
SPG,63,76,corr_sector_252d,0.015647
SPG,63,76,sector_wedge,0.017645
SPG,63,77,rv_5d,0.0
SPG,63,77,rv_10d,0.038374
SPG,63,77,rv_21d,0.004174
SPG,63,77,rv_63d,0.063164
SPG,63,77,rv_126d,0.047351
SPG,63,77,ewma_vol,0.017295
SPG,63,77,garch_cond_vol,0.0
SPG,63,77,ret_TARGET,0.0
SPG,63,77,tech_RSI,0.005853
SPG,63,77,tech_MACD_hist,0.007254
SPG,63,77,ret_VIXY,0.0
SPG,63,77,mom21_VIXY,0.008295
SPG,63,77,ret_HYG,0.0
SPG,63,77,mom21_HYG,0.012755
SPG,63,77,ret_USO,0.0
SPG,63,77,mom21_USO,0.008894
SPG,63,77,ret_TLT,0.0
SPG,63,77,mom21_TLT,0.006188
SPG,63,77,ret_UUP,0.0
SPG,63,77,mom21_UUP,0.004827
SPG,63,77,ret_SPY,0.0
SPG,63,77,mom21_SPY,0.006483
SPG,63,77,vol_vel,0.0
SPG,63,77,vol_of_vol,0.008091
SPG,63,77,vol_regime_zscore,0.10705
SPG,63,77,vol_chg_21d,0.0
SPG,63,77,event_fed_gravity,0.045708
SPG,63,77,event_earn_gravity,0.0
SPG,63,77,event_div_gravity,0.0
SPG,63,77,event_cpi_gravity,0.034545
SPG,63,77,event_nfp_gravity,0.065058
SPG,63,77,put_call_skew_30d,0.010525
SPG,63,77,term_structure_slope,0.0
SPG,63,77,vrp_wedge,0.010845
SPG,63,77,iv_atm_z_score,0.019663
SPG,63,77,macro_yield_curve_slope,0.048219
SPG,63,77,macro_hy_spread,0.033226
SPG,63,77,macro_hy_spread_chg_5d,0.004751
SPG,63,77,macro_breakeven_5y,0.007779
SPG,63,77,macro_inflation_fwd_5y5y,0.042186
SPG,63,77,macro_inflation_fwd_chg_21d,0.02176
SPG,63,77,macro_inflation_fwd_abs_chg_21d,0.009095
SPG,63,77,macro_inflation_fwd_chg_63d,0.018259
SPG,63,77,macro_inflation_fwd_zscore,0.007439
SPG,63,77,macro_dollar_ret,0.0
SPG,63,77,beta_spy,0.028993
SPG,63,77,res_vol,0.121786
SPG,63,77,res_vol_vel,0.0
SPG,63,77,price_regime,0.05859
SPG,63,77,corr_sector_21d,0.010531
SPG,63,77,corr_sector_252d,0.025031
SPG,63,77,sector_wedge,0.029962
SPG,63,78,rv_5d,0.01656
SPG,63,78,rv_10d,0.009219
SPG,63,78,rv_21d,0.043352
SPG,63,78,rv_63d,0.038467
SPG,63,78,rv_126d,0.007186
SPG,63,78,ewma_vol,0.016436
SPG,63,78,garch_cond_vol,0.020109
SPG,63,78,ret_TARGET,0.0
SPG,63,78,tech_RSI,0.021809
SPG,63,78,tech_MACD_hist,0.0
SPG,63,78,ret_VIXY,0.0
SPG,63,78,mom21_VIXY,0.014616
SPG,63,78,ret_HYG,0.0
SPG,63,78,mom21_HYG,0.01946
SPG,63,78,ret_USO,0.0
SPG,63,78,mom21_USO,0.005084
SPG,63,78,ret_TLT,0.0
SPG,63,78,mom21_TLT,0.003687
SPG,63,78,ret_UUP,0.0
SPG,63,78,mom21_UUP,0.003596
SPG,63,78,ret_SPY,0.0
SPG,63,78,mom21_SPY,0.0
SPG,63,78,vol_vel,0.015603
SPG,63,78,vol_of_vol,0.061648
SPG,63,78,vol_regime_zscore,0.044538
SPG,63,78,vol_chg_21d,0.177902
SPG,63,78,event_fed_gravity,0.014865
SPG,63,78,event_earn_gravity,0.0
SPG,63,78,event_div_gravity,0.0
SPG,63,78,event_cpi_gravity,0.031166
SPG,63,78,event_nfp_gravity,0.02366
SPG,63,78,put_call_skew_30d,0.005522
SPG,63,78,term_structure_slope,0.009088
SPG,63,78,vrp_wedge,0.0
SPG,63,78,iv_atm_z_score,0.025364
SPG,63,78,macro_yield_curve_slope,0.04535
SPG,63,78,macro_hy_spread,0.023766
SPG,63,78,macro_hy_spread_chg_5d,0.003642
SPG,63,78,macro_breakeven_5y,0.038546
SPG,63,78,macro_inflation_fwd_5y5y,0.035985
SPG,63,78,macro_inflation_fwd_chg_21d,0.005488
SPG,63,78,macro_inflation_fwd_abs_chg_21d,0.010276
SPG,63,78,macro_inflation_fwd_chg_63d,0.009981
SPG,63,78,macro_inflation_fwd_zscore,0.005949
SPG,63,78,macro_dollar_ret,0.0
SPG,63,78,beta_spy,0.051612
SPG,63,78,res_vol,0.035697
SPG,63,78,res_vol_vel,0.0
SPG,63,78,price_regime,0.057374
SPG,63,78,corr_sector_21d,0.020044
SPG,63,78,corr_sector_252d,0.022458
SPG,63,78,sector_wedge,0.004898
SPG,63,79,rv_5d,0.05246
SPG,63,79,rv_10d,0.051452
SPG,63,79,rv_21d,0.027498
SPG,63,79,rv_63d,0.032402
SPG,63,79,rv_126d,0.009317
SPG,63,79,ewma_vol,0.018445
SPG,63,79,garch_cond_vol,0.011893
SPG,63,79,ret_TARGET,0.0
SPG,63,79,tech_RSI,0.005328
SPG,63,79,tech_MACD_hist,0.00338
SPG,63,79,ret_VIXY,0.0
SPG,63,79,mom21_VIXY,0.008783
SPG,63,79,ret_HYG,0.0
SPG,63,79,mom21_HYG,0.016732
SPG,63,79,ret_USO,0.0
SPG,63,79,mom21_USO,0.005479
SPG,63,79,ret_TLT,0.0
SPG,63,79,mom21_TLT,0.003986
SPG,63,79,ret_UUP,0.0
SPG,63,79,mom21_UUP,0.0
SPG,63,79,ret_SPY,0.001777
SPG,63,79,mom21_SPY,0.008063
SPG,63,79,vol_vel,0.0
SPG,63,79,vol_of_vol,0.032293
SPG,63,79,vol_regime_zscore,0.041801
SPG,63,79,vol_chg_21d,0.236208
SPG,63,79,event_fed_gravity,0.014634
SPG,63,79,event_earn_gravity,0.0
SPG,63,79,event_div_gravity,0.0
SPG,63,79,event_cpi_gravity,0.024332
SPG,63,79,event_nfp_gravity,0.019253
SPG,63,79,put_call_skew_30d,0.002905
SPG,63,79,term_structure_slope,0.017594
SPG,63,79,vrp_wedge,0.00311
SPG,63,79,iv_atm_z_score,0.01251
SPG,63,79,macro_yield_curve_slope,0.044667
SPG,63,79,macro_hy_spread,0.021889
SPG,63,79,macro_hy_spread_chg_5d,0.003729
SPG,63,79,macro_breakeven_5y,0.024452
SPG,63,79,macro_inflation_fwd_5y5y,0.044267
SPG,63,79,macro_inflation_fwd_chg_21d,0.005922
SPG,63,79,macro_inflation_fwd_abs_chg_21d,0.00401
SPG,63,79,macro_inflation_fwd_chg_63d,0.010473
SPG,63,79,macro_inflation_fwd_zscore,0.005452
SPG,63,79,macro_dollar_ret,0.005537
SPG,63,79,beta_spy,0.02483
SPG,63,79,res_vol,0.03362
SPG,63,79,res_vol_vel,0.0
SPG,63,79,price_regime,0.063275
SPG,63,79,corr_sector_21d,0.011537
SPG,63,79,corr_sector_252d,0.031965
SPG,63,79,sector_wedge,0.00274
SPG,63,80,rv_5d,0.157091
SPG,63,80,rv_10d,0.226324
SPG,63,80,rv_21d,0.043268
SPG,63,80,rv_63d,0.024502
SPG,63,80,rv_126d,0.006903
SPG,63,80,ewma_vol,0.017069
SPG,63,80,garch_cond_vol,0.00966
SPG,63,80,ret_TARGET,0.0
SPG,63,80,tech_RSI,0.005054
SPG,63,80,tech_MACD_hist,0.003123
SPG,63,80,ret_VIXY,0.0
SPG,63,80,mom21_VIXY,0.009414
SPG,63,80,ret_HYG,0.0
SPG,63,80,mom21_HYG,0.004879
SPG,63,80,ret_USO,0.0
SPG,63,80,mom21_USO,0.005602
SPG,63,80,ret_TLT,0.0
SPG,63,80,mom21_TLT,0.002893
SPG,63,80,ret_UUP,0.0
SPG,63,80,mom21_UUP,0.003101
SPG,63,80,ret_SPY,0.002231
SPG,63,80,mom21_SPY,0.005233
SPG,63,80,vol_vel,0.0
SPG,63,80,vol_of_vol,0.052189
SPG,63,80,vol_regime_zscore,0.028377
SPG,63,80,vol_chg_21d,0.021015
SPG,63,80,event_fed_gravity,0.01814
SPG,63,80,event_earn_gravity,0.0
SPG,63,80,event_div_gravity,0.0
SPG,63,80,event_cpi_gravity,0.015432
SPG,63,80,event_nfp_gravity,0.024301
SPG,63,80,put_call_skew_30d,0.002389
SPG,63,80,term_structure_slope,0.010488
SPG,63,80,vrp_wedge,0.0
SPG,63,80,iv_atm_z_score,0.011133
SPG,63,80,macro_yield_curve_slope,0.037287
SPG,63,80,macro_hy_spread,0.01877
SPG,63,80,macro_hy_spread_chg_5d,0.0
SPG,63,80,macro_breakeven_5y,0.02056
SPG,63,80,macro_inflation_fwd_5y5y,0.033013
SPG,63,80,macro_inflation_fwd_chg_21d,0.003983
SPG,63,80,macro_inflation_fwd_abs_chg_21d,0.004388
SPG,63,80,macro_inflation_fwd_chg_63d,0.011757
SPG,63,80,macro_inflation_fwd_zscore,0.006684
SPG,63,80,macro_dollar_ret,0.004642
SPG,63,80,beta_spy,0.019089
SPG,63,80,res_vol,0.020042
SPG,63,80,res_vol_vel,0.0
SPG,63,80,price_regime,0.073008
SPG,63,80,corr_sector_21d,0.006849
SPG,63,80,corr_sector_252d,0.027492
SPG,63,80,sector_wedge,0.002626
SPG,63,81,rv_5d,0.200251
SPG,63,81,rv_10d,0.137201
SPG,63,81,rv_21d,0.070403
SPG,63,81,rv_63d,0.021531
SPG,63,81,rv_126d,0.006806
SPG,63,81,ewma_vol,0.014737
SPG,63,81,garch_cond_vol,0.043844
SPG,63,81,ret_TARGET,0.0
SPG,63,81,tech_RSI,0.006784
SPG,63,81,tech_MACD_hist,0.004883
SPG,63,81,ret_VIXY,0.0
SPG,63,81,mom21_VIXY,0.007798
SPG,63,81,ret_HYG,0.0
SPG,63,81,mom21_HYG,0.002928
SPG,63,81,ret_USO,0.0
SPG,63,81,mom21_USO,0.005501
SPG,63,81,ret_TLT,0.0
SPG,63,81,mom21_TLT,0.003322
SPG,63,81,ret_UUP,0.0
SPG,63,81,mom21_UUP,0.00227
SPG,63,81,ret_SPY,0.001568
SPG,63,81,mom21_SPY,0.00629
SPG,63,81,vol_vel,0.0
SPG,63,81,vol_of_vol,0.047259
SPG,63,81,vol_regime_zscore,0.028023
SPG,63,81,vol_chg_21d,0.004125
SPG,63,81,event_fed_gravity,0.019244
SPG,63,81,event_earn_gravity,0.0
SPG,63,81,event_div_gravity,0.0
SPG,63,81,event_cpi_gravity,0.014811
SPG,63,81,event_nfp_gravity,0.020555
SPG,63,81,put_call_skew_30d,0.0
SPG,63,81,term_structure_slope,0.014526
SPG,63,81,vrp_wedge,0.004793
SPG,63,81,iv_atm_z_score,0.009323
SPG,63,81,macro_yield_curve_slope,0.032989
SPG,63,81,macro_hy_spread,0.036923
SPG,63,81,macro_hy_spread_chg_5d,0.002535
SPG,63,81,macro_breakeven_5y,0.01297
SPG,63,81,macro_inflation_fwd_5y5y,0.030261
SPG,63,81,macro_inflation_fwd_chg_21d,0.0
SPG,63,81,macro_inflation_fwd_abs_chg_21d,0.015818
SPG,63,81,macro_inflation_fwd_chg_63d,0.007192
SPG,63,81,macro_inflation_fwd_zscore,0.003607
SPG,63,81,macro_dollar_ret,0.0
SPG,63,81,beta_spy,0.014844
SPG,63,81,res_vol,0.026809
SPG,63,81,res_vol_vel,0.002707
SPG,63,81,price_regime,0.079821
SPG,63,81,corr_sector_21d,0.009454
SPG,63,81,corr_sector_252d,0.021384
SPG,63,81,sector_wedge,0.003908
SPG,63,82,rv_5d,0.099133
SPG,63,82,rv_10d,0.221428
SPG,63,82,rv_21d,0.096984
SPG,63,82,rv_63d,0.021373
SPG,63,82,rv_126d,0.007366
SPG,63,82,ewma_vol,0.0146
SPG,63,82,garch_cond_vol,0.014949
SPG,63,82,ret_TARGET,0.0
SPG,63,82,tech_RSI,0.004583
SPG,63,82,tech_MACD_hist,0.0
SPG,63,82,ret_VIXY,0.0
SPG,63,82,mom21_VIXY,0.008789
SPG,63,82,ret_HYG,0.0
SPG,63,82,mom21_HYG,0.006036
SPG,63,82,ret_USO,0.0
SPG,63,82,mom21_USO,0.005535
SPG,63,82,ret_TLT,0.0
SPG,63,82,mom21_TLT,0.003307
SPG,63,82,ret_UUP,0.0
SPG,63,82,mom21_UUP,0.001699
SPG,63,82,ret_SPY,0.0
SPG,63,82,mom21_SPY,0.003196
SPG,63,82,vol_vel,0.0
SPG,63,82,vol_of_vol,0.059217
SPG,63,82,vol_regime_zscore,0.022733
SPG,63,82,vol_chg_21d,0.012579
SPG,63,82,event_fed_gravity,0.019147
SPG,63,82,event_earn_gravity,0.0
SPG,63,82,event_div_gravity,0.0
SPG,63,82,event_cpi_gravity,0.016503
SPG,63,82,event_nfp_gravity,0.026211
SPG,63,82,put_call_skew_30d,0.0
SPG,63,82,term_structure_slope,0.016269
SPG,63,82,vrp_wedge,0.002824
SPG,63,82,iv_atm_z_score,0.010319
SPG,63,82,macro_yield_curve_slope,0.03812
SPG,63,82,macro_hy_spread,0.019344
SPG,63,82,macro_hy_spread_chg_5d,0.002553
SPG,63,82,macro_breakeven_5y,0.017522
SPG,63,82,macro_inflation_fwd_5y5y,0.027708
SPG,63,82,macro_inflation_fwd_chg_21d,0.003978
SPG,63,82,macro_inflation_fwd_abs_chg_21d,0.008792
SPG,63,82,macro_inflation_fwd_chg_63d,0.005644
SPG,63,82,macro_inflation_fwd_zscore,0.011004
SPG,63,82,macro_dollar_ret,0.0
SPG,63,82,beta_spy,0.017082
SPG,63,82,res_vol,0.025792
SPG,63,82,res_vol_vel,0.001763
SPG,63,82,price_regime,0.071926
SPG,63,82,corr_sector_21d,0.008117
SPG,63,82,corr_sector_252d,0.035804
SPG,63,82,sector_wedge,0.01007
SPG,63,83,rv_5d,0.095223
SPG,63,83,rv_10d,0.226021
SPG,63,83,rv_21d,0.207074
SPG,63,83,rv_63d,0.014756
SPG,63,83,rv_126d,0.009189
SPG,63,83,ewma_vol,0.008676
SPG,63,83,garch_cond_vol,0.014823
SPG,63,83,ret_TARGET,0.002935
SPG,63,83,tech_RSI,0.003743
SPG,63,83,tech_MACD_hist,0.002002
SPG,63,83,ret_VIXY,0.0
SPG,63,83,mom21_VIXY,0.00662
SPG,63,83,ret_HYG,0.0
SPG,63,83,mom21_HYG,0.002893
SPG,63,83,ret_USO,0.0
SPG,63,83,mom21_USO,0.005274
SPG,63,83,ret_TLT,0.0
SPG,63,83,mom21_TLT,0.002594
SPG,63,83,ret_UUP,0.0
SPG,63,83,mom21_UUP,0.0
SPG,63,83,ret_SPY,0.001338
SPG,63,83,mom21_SPY,0.00218
SPG,63,83,vol_vel,0.004406
SPG,63,83,vol_of_vol,0.056822
SPG,63,83,vol_regime_zscore,0.024213
SPG,63,83,vol_chg_21d,0.00894
SPG,63,83,event_fed_gravity,0.011242
SPG,63,83,event_earn_gravity,0.0
SPG,63,83,event_div_gravity,0.0
SPG,63,83,event_cpi_gravity,0.015629
SPG,63,83,event_nfp_gravity,0.018708
SPG,63,83,put_call_skew_30d,0.001982
SPG,63,83,term_structure_slope,0.00631
SPG,63,83,vrp_wedge,0.0022
SPG,63,83,iv_atm_z_score,0.008736
SPG,63,83,macro_yield_curve_slope,0.029723
SPG,63,83,macro_hy_spread,0.020872
SPG,63,83,macro_hy_spread_chg_5d,0.003228
SPG,63,83,macro_breakeven_5y,0.012565
SPG,63,83,macro_inflation_fwd_5y5y,0.018866
SPG,63,83,macro_inflation_fwd_chg_21d,0.0
SPG,63,83,macro_inflation_fwd_abs_chg_21d,0.008244
SPG,63,83,macro_inflation_fwd_chg_63d,0.006773
SPG,63,83,macro_inflation_fwd_zscore,0.009682
SPG,63,83,macro_dollar_ret,0.0
SPG,63,83,beta_spy,0.01156
SPG,63,83,res_vol,0.015597
SPG,63,83,res_vol_vel,0.008249
SPG,63,83,price_regime,0.052246
SPG,63,83,corr_sector_21d,0.008846
SPG,63,83,corr_sector_252d,0.025957
SPG,63,83,sector_wedge,0.003061
SPG,63,84,rv_5d,0.099913
SPG,63,84,rv_10d,0.225082
SPG,63,84,rv_21d,0.205779
SPG,63,84,rv_63d,0.016792
SPG,63,84,rv_126d,0.009815
SPG,63,84,ewma_vol,0.011703
SPG,63,84,garch_cond_vol,0.00974
SPG,63,84,ret_TARGET,0.0
SPG,63,84,tech_RSI,0.002091
SPG,63,84,tech_MACD_hist,0.002067
SPG,63,84,ret_VIXY,0.0
SPG,63,84,mom21_VIXY,0.006036
SPG,63,84,ret_HYG,0.0
SPG,63,84,mom21_HYG,0.005164
SPG,63,84,ret_USO,0.0
SPG,63,84,mom21_USO,0.0058
SPG,63,84,ret_TLT,0.0
SPG,63,84,mom21_TLT,0.003172
SPG,63,84,ret_UUP,0.0
SPG,63,84,mom21_UUP,0.001756
SPG,63,84,ret_SPY,0.001858
SPG,63,84,mom21_SPY,0.0
SPG,63,84,vol_vel,0.004526
SPG,63,84,vol_of_vol,0.028435
SPG,63,84,vol_regime_zscore,0.024773
SPG,63,84,vol_chg_21d,0.001482
SPG,63,84,event_fed_gravity,0.011688
SPG,63,84,event_earn_gravity,0.0
SPG,63,84,event_div_gravity,0.0
SPG,63,84,event_cpi_gravity,0.017936
SPG,63,84,event_nfp_gravity,0.0201
SPG,63,84,put_call_skew_30d,0.003409
SPG,63,84,term_structure_slope,0.006096
SPG,63,84,vrp_wedge,0.003299
SPG,63,84,iv_atm_z_score,0.008367
SPG,63,84,macro_yield_curve_slope,0.033639
SPG,63,84,macro_hy_spread,0.035395
SPG,63,84,macro_hy_spread_chg_5d,0.0
SPG,63,84,macro_breakeven_5y,0.008309
SPG,63,84,macro_inflation_fwd_5y5y,0.022106
SPG,63,84,macro_inflation_fwd_chg_21d,0.006491
SPG,63,84,macro_inflation_fwd_abs_chg_21d,0.004165
SPG,63,84,macro_inflation_fwd_chg_63d,0.009316
SPG,63,84,macro_inflation_fwd_zscore,0.008087
SPG,63,84,macro_dollar_ret,0.0
SPG,63,84,beta_spy,0.013739
SPG,63,84,res_vol,0.010666
SPG,63,84,res_vol_vel,0.007527
SPG,63,84,price_regime,0.06212
SPG,63,84,corr_sector_21d,0.008882
SPG,63,84,corr_sector_252d,0.019659
SPG,63,84,sector_wedge,0.01302
SPG,63,85,rv_5d,0.090711
SPG,63,85,rv_10d,0.415312
SPG,63,85,rv_21d,0.166836
SPG,63,85,rv_63d,0.011131
SPG,63,85,rv_126d,0.007482
SPG,63,85,ewma_vol,0.009766
SPG,63,85,garch_cond_vol,0.008446
SPG,63,85,ret_TARGET,0.0
SPG,63,85,tech_RSI,0.001472
SPG,63,85,tech_MACD_hist,0.0
SPG,63,85,ret_VIXY,0.0
SPG,63,85,mom21_VIXY,0.005376
SPG,63,85,ret_HYG,0.0
SPG,63,85,mom21_HYG,0.00436
SPG,63,85,ret_USO,0.0
SPG,63,85,mom21_USO,0.002962
SPG,63,85,ret_TLT,0.0
SPG,63,85,mom21_TLT,0.002375
SPG,63,85,ret_UUP,0.0
SPG,63,85,mom21_UUP,0.001093
SPG,63,85,ret_SPY,0.001616
SPG,63,85,mom21_SPY,0.0
SPG,63,85,vol_vel,0.003427
SPG,63,85,vol_of_vol,0.004766
SPG,63,85,vol_regime_zscore,0.018322
SPG,63,85,vol_chg_21d,0.010643
SPG,63,85,event_fed_gravity,0.012301
SPG,63,85,event_earn_gravity,0.0
SPG,63,85,event_div_gravity,0.0
SPG,63,85,event_cpi_gravity,0.011975
SPG,63,85,event_nfp_gravity,0.012486
SPG,63,85,put_call_skew_30d,0.0
SPG,63,85,term_structure_slope,0.001783
SPG,63,85,vrp_wedge,0.002055
SPG,63,85,iv_atm_z_score,0.006389
SPG,63,85,macro_yield_curve_slope,0.024692
SPG,63,85,macro_hy_spread,0.02189
SPG,63,85,macro_hy_spread_chg_5d,0.001104
SPG,63,85,macro_breakeven_5y,0.00284
SPG,63,85,macro_inflation_fwd_5y5y,0.017713
SPG,63,85,macro_inflation_fwd_chg_21d,0.00797
SPG,63,85,macro_inflation_fwd_abs_chg_21d,0.00206
SPG,63,85,macro_inflation_fwd_chg_63d,0.004934
SPG,63,85,macro_inflation_fwd_zscore,0.007829
SPG,63,85,macro_dollar_ret,0.004232
SPG,63,85,beta_spy,0.007979
SPG,63,85,res_vol,0.009546
SPG,63,85,res_vol_vel,0.00206
SPG,63,85,price_regime,0.046808
SPG,63,85,corr_sector_21d,0.008468
SPG,63,85,corr_sector_252d,0.014406
SPG,63,85,sector_wedge,0.002385
SPG,63,86,rv_5d,0.064744
SPG,63,86,rv_10d,0.303568
SPG,63,86,rv_21d,0.20211
SPG,63,86,rv_63d,0.018126
SPG,63,86,rv_126d,0.006899
SPG,63,86,ewma_vol,0.009536
SPG,63,86,garch_cond_vol,0.009267
SPG,63,86,ret_TARGET,0.0
SPG,63,86,tech_RSI,0.003171
SPG,63,86,tech_MACD_hist,0.0
SPG,63,86,ret_VIXY,0.0
SPG,63,86,mom21_VIXY,0.00503
SPG,63,86,ret_HYG,0.0
SPG,63,86,mom21_HYG,0.004257
SPG,63,86,ret_USO,0.0
SPG,63,86,mom21_USO,0.003533
SPG,63,86,ret_TLT,0.0
SPG,63,86,mom21_TLT,0.003124
SPG,63,86,ret_UUP,0.0
SPG,63,86,mom21_UUP,0.002915
SPG,63,86,ret_SPY,0.002561
SPG,63,86,mom21_SPY,0.003737
SPG,63,86,vol_vel,0.0
SPG,63,86,vol_of_vol,0.003704
SPG,63,86,vol_regime_zscore,0.023908
SPG,63,86,vol_chg_21d,0.013533
SPG,63,86,event_fed_gravity,0.013256
SPG,63,86,event_earn_gravity,0.0
SPG,63,86,event_div_gravity,0.0
SPG,63,86,event_cpi_gravity,0.013099
SPG,63,86,event_nfp_gravity,0.012115
SPG,63,86,put_call_skew_30d,0.001363
SPG,63,86,term_structure_slope,0.001278
SPG,63,86,vrp_wedge,0.003056
SPG,63,86,iv_atm_z_score,0.0086
SPG,63,86,macro_yield_curve_slope,0.032384
SPG,63,86,macro_hy_spread,0.029929
SPG,63,86,macro_hy_spread_chg_5d,0.002224
SPG,63,86,macro_breakeven_5y,0.005205
SPG,63,86,macro_inflation_fwd_5y5y,0.017453
SPG,63,86,macro_inflation_fwd_chg_21d,0.009867
SPG,63,86,macro_inflation_fwd_abs_chg_21d,0.002456
SPG,63,86,macro_inflation_fwd_chg_63d,0.010107
SPG,63,86,macro_inflation_fwd_zscore,0.015354
SPG,63,86,macro_dollar_ret,0.0
SPG,63,86,beta_spy,0.013577
SPG,63,86,res_vol,0.012699
SPG,63,86,res_vol_vel,0.003407
SPG,63,86,price_regime,0.080042
SPG,63,86,corr_sector_21d,0.009771
SPG,63,86,corr_sector_252d,0.015361
SPG,63,86,sector_wedge,0.003679
SPG,63,87,rv_5d,0.0368
SPG,63,87,rv_10d,0.563023
SPG,63,87,rv_21d,0.139414
SPG,63,87,rv_63d,0.010863
SPG,63,87,rv_126d,0.004269
SPG,63,87,ewma_vol,0.007067
SPG,63,87,garch_cond_vol,0.008125
SPG,63,87,ret_TARGET,0.0
SPG,63,87,tech_RSI,0.001964
SPG,63,87,tech_MACD_hist,0.00122
SPG,63,87,ret_VIXY,0.0
SPG,63,87,mom21_VIXY,0.003332
SPG,63,87,ret_HYG,0.0
SPG,63,87,mom21_HYG,0.003241
SPG,63,87,ret_USO,0.0
SPG,63,87,mom21_USO,0.002342
SPG,63,87,ret_TLT,0.0
SPG,63,87,mom21_TLT,0.001576
SPG,63,87,ret_UUP,0.0
SPG,63,87,mom21_UUP,0.001453
SPG,63,87,ret_SPY,0.000787
SPG,63,87,mom21_SPY,0.002809
SPG,63,87,vol_vel,0.0
SPG,63,87,vol_of_vol,0.00095
SPG,63,87,vol_regime_zscore,0.013794
SPG,63,87,vol_chg_21d,0.002458
SPG,63,87,event_fed_gravity,0.0076
SPG,63,87,event_earn_gravity,0.0
SPG,63,87,event_div_gravity,0.0
SPG,63,87,event_cpi_gravity,0.007468
SPG,63,87,event_nfp_gravity,0.011212
SPG,63,87,put_call_skew_30d,0.000823
SPG,63,87,term_structure_slope,0.0
SPG,63,87,vrp_wedge,0.002688
SPG,63,87,iv_atm_z_score,0.004583
SPG,63,87,macro_yield_curve_slope,0.017766
SPG,63,87,macro_hy_spread,0.016997
SPG,63,87,macro_hy_spread_chg_5d,0.001173
SPG,63,87,macro_breakeven_5y,0.003607
SPG,63,87,macro_inflation_fwd_5y5y,0.012076
SPG,63,87,macro_inflation_fwd_chg_21d,0.003909
SPG,63,87,macro_inflation_fwd_abs_chg_21d,0.0
SPG,63,87,macro_inflation_fwd_chg_63d,0.00352
SPG,63,87,macro_inflation_fwd_zscore,0.014086
SPG,63,87,macro_dollar_ret,0.0
SPG,63,87,beta_spy,0.005563
SPG,63,87,res_vol,0.007401
SPG,63,87,res_vol_vel,0.0
SPG,63,87,price_regime,0.054975
SPG,63,87,corr_sector_21d,0.005099
SPG,63,87,corr_sector_252d,0.011136
SPG,63,87,sector_wedge,0.00283
SPG,63,88,rv_5d,0.087901
SPG,63,88,rv_10d,0.001954
SPG,63,88,rv_21d,0.217382
SPG,63,88,rv_63d,0.015473
SPG,63,88,rv_126d,0.009382
SPG,63,88,ewma_vol,0.014826
SPG,63,88,garch_cond_vol,0.241389
SPG,63,88,ret_TARGET,0.0
SPG,63,88,tech_RSI,0.003673
SPG,63,88,tech_MACD_hist,0.0
SPG,63,88,ret_VIXY,0.0
SPG,63,88,mom21_VIXY,0.005809
SPG,63,88,ret_HYG,0.0
SPG,63,88,mom21_HYG,0.004434
SPG,63,88,ret_USO,0.0
SPG,63,88,mom21_USO,0.003787
SPG,63,88,ret_TLT,0.0
SPG,63,88,mom21_TLT,0.002663
SPG,63,88,ret_UUP,0.0
SPG,63,88,mom21_UUP,0.0
SPG,63,88,ret_SPY,0.002407
SPG,63,88,mom21_SPY,0.004357
SPG,63,88,vol_vel,0.0
SPG,63,88,vol_of_vol,0.001415
SPG,63,88,vol_regime_zscore,0.026844
SPG,63,88,vol_chg_21d,0.002153
SPG,63,88,event_fed_gravity,0.012627
SPG,63,88,event_earn_gravity,0.0
SPG,63,88,event_div_gravity,0.0
SPG,63,88,event_cpi_gravity,0.014147
SPG,63,88,event_nfp_gravity,0.016551
SPG,63,88,put_call_skew_30d,0.004356
SPG,63,88,term_structure_slope,0.001725
SPG,63,88,vrp_wedge,0.00426
SPG,63,88,iv_atm_z_score,0.006065
SPG,63,88,macro_yield_curve_slope,0.03276
SPG,63,88,macro_hy_spread,0.027808
SPG,63,88,macro_hy_spread_chg_5d,0.002048
SPG,63,88,macro_breakeven_5y,0.00701
SPG,63,88,macro_inflation_fwd_5y5y,0.020514
SPG,63,88,macro_inflation_fwd_chg_21d,0.016069
SPG,63,88,macro_inflation_fwd_abs_chg_21d,0.002761
SPG,63,88,macro_inflation_fwd_chg_63d,0.00992
SPG,63,88,macro_inflation_fwd_zscore,0.015463
SPG,63,88,macro_dollar_ret,0.0
SPG,63,88,beta_spy,0.013077
SPG,63,88,res_vol,0.039443
SPG,63,88,res_vol_vel,0.0
SPG,63,88,price_regime,0.080801
SPG,63,88,corr_sector_21d,0.006443
SPG,63,88,corr_sector_252d,0.014891
SPG,63,88,sector_wedge,0.005413
SPG,63,89,rv_5d,0.091304
SPG,63,89,rv_10d,0.00719
SPG,63,89,rv_21d,0.187403
SPG,63,89,rv_63d,0.013952
SPG,63,89,rv_126d,0.010092
SPG,63,89,ewma_vol,0.008467
SPG,63,89,garch_cond_vol,0.265351
SPG,63,89,ret_TARGET,0.0
SPG,63,89,tech_RSI,0.004002
SPG,63,89,tech_MACD_hist,0.0
SPG,63,89,ret_VIXY,0.0
SPG,63,89,mom21_VIXY,0.006077
SPG,63,89,ret_HYG,0.0
SPG,63,89,mom21_HYG,0.004501
SPG,63,89,ret_USO,0.0
SPG,63,89,mom21_USO,0.003695
SPG,63,89,ret_TLT,0.0
SPG,63,89,mom21_TLT,0.002778
SPG,63,89,ret_UUP,0.0
SPG,63,89,mom21_UUP,0.001901
SPG,63,89,ret_SPY,0.001483
SPG,63,89,mom21_SPY,0.0
SPG,63,89,vol_vel,0.004121
SPG,63,89,vol_of_vol,0.002883
SPG,63,89,vol_regime_zscore,0.026584
SPG,63,89,vol_chg_21d,0.001481
SPG,63,89,event_fed_gravity,0.01658
SPG,63,89,event_earn_gravity,0.0
SPG,63,89,event_div_gravity,0.0
SPG,63,89,event_cpi_gravity,0.012882
SPG,63,89,event_nfp_gravity,0.017335
SPG,63,89,put_call_skew_30d,0.005136
SPG,63,89,term_structure_slope,0.0
SPG,63,89,vrp_wedge,0.00368
SPG,63,89,iv_atm_z_score,0.007282
SPG,63,89,macro_yield_curve_slope,0.030076
SPG,63,89,macro_hy_spread,0.032186
SPG,63,89,macro_hy_spread_chg_5d,0.001646
SPG,63,89,macro_breakeven_5y,0.005174
SPG,63,89,macro_inflation_fwd_5y5y,0.02047
SPG,63,89,macro_inflation_fwd_chg_21d,0.018159
SPG,63,89,macro_inflation_fwd_abs_chg_21d,0.0
SPG,63,89,macro_inflation_fwd_chg_63d,0.010452
SPG,63,89,macro_inflation_fwd_zscore,0.014907
SPG,63,89,macro_dollar_ret,0.0
SPG,63,89,beta_spy,0.010157
SPG,63,89,res_vol,0.041154
SPG,63,89,res_vol_vel,0.001487
SPG,63,89,price_regime,0.078823
SPG,63,89,corr_sector_21d,0.006458
SPG,63,89,corr_sector_252d,0.01837
SPG,63,89,sector_wedge,0.004321
SPG,63,90,rv_5d,0.048991
SPG,63,90,rv_10d,0.007529
SPG,63,90,rv_21d,0.19346
SPG,63,90,rv_63d,0.020224
SPG,63,90,rv_126d,0.009425
SPG,63,90,ewma_vol,0.038614
SPG,63,90,garch_cond_vol,0.247634
SPG,63,90,ret_TARGET,0.0
SPG,63,90,tech_RSI,0.002811
SPG,63,90,tech_MACD_hist,0.005551
SPG,63,90,ret_VIXY,0.0
SPG,63,90,mom21_VIXY,0.005645
SPG,63,90,ret_HYG,0.0
SPG,63,90,mom21_HYG,0.005741
SPG,63,90,ret_USO,0.0
SPG,63,90,mom21_USO,0.006166
SPG,63,90,ret_TLT,0.0
SPG,63,90,mom21_TLT,0.003204
SPG,63,90,ret_UUP,0.0
SPG,63,90,mom21_UUP,0.001834
SPG,63,90,ret_SPY,0.0
SPG,63,90,mom21_SPY,0.0
SPG,63,90,vol_vel,0.0
SPG,63,90,vol_of_vol,0.003053
SPG,63,90,vol_regime_zscore,0.034603
SPG,63,90,vol_chg_21d,0.001787
SPG,63,90,event_fed_gravity,0.016942
SPG,63,90,event_earn_gravity,0.0
SPG,63,90,event_div_gravity,0.0
SPG,63,90,event_cpi_gravity,0.011102
SPG,63,90,event_nfp_gravity,0.021767
SPG,63,90,put_call_skew_30d,0.0
SPG,63,90,term_structure_slope,0.002537
SPG,63,90,vrp_wedge,0.001547
SPG,63,90,iv_atm_z_score,0.006752
SPG,63,90,macro_yield_curve_slope,0.033791
SPG,63,90,macro_hy_spread,0.031752
SPG,63,90,macro_hy_spread_chg_5d,0.002703
SPG,63,90,macro_breakeven_5y,0.007183
SPG,63,90,macro_inflation_fwd_5y5y,0.02123
SPG,63,90,macro_inflation_fwd_chg_21d,0.00747
SPG,63,90,macro_inflation_fwd_abs_chg_21d,0.004544
SPG,63,90,macro_inflation_fwd_chg_63d,0.012121
SPG,63,90,macro_inflation_fwd_zscore,0.016129
SPG,63,90,macro_dollar_ret,0.0
SPG,63,90,beta_spy,0.009772
SPG,63,90,res_vol,0.011989
SPG,63,90,res_vol_vel,0.00356
SPG,63,90,price_regime,0.102539
SPG,63,90,corr_sector_21d,0.010373
SPG,63,90,corr_sector_252d,0.023793
SPG,63,90,sector_wedge,0.004134
SPG,63,91,rv_5d,0.065448
SPG,63,91,rv_10d,0.007678
SPG,63,91,rv_21d,0.221743
SPG,63,91,rv_63d,0.015435
SPG,63,91,rv_126d,0.006558
SPG,63,91,ewma_vol,0.01578
SPG,63,91,garch_cond_vol,0.27797
SPG,63,91,ret_TARGET,0.0
SPG,63,91,tech_RSI,0.001922
SPG,63,91,tech_MACD_hist,0.003363
SPG,63,91,ret_VIXY,0.0
SPG,63,91,mom21_VIXY,0.005427
SPG,63,91,ret_HYG,0.0
SPG,63,91,mom21_HYG,0.005049
SPG,63,91,ret_USO,0.0
SPG,63,91,mom21_USO,0.004023
SPG,63,91,ret_TLT,0.0
SPG,63,91,mom21_TLT,0.002998
SPG,63,91,ret_UUP,0.0
SPG,63,91,mom21_UUP,0.0
SPG,63,91,ret_SPY,0.00197
SPG,63,91,mom21_SPY,0.0
SPG,63,91,vol_vel,0.0
SPG,63,91,vol_of_vol,0.001613
SPG,63,91,vol_regime_zscore,0.031855
SPG,63,91,vol_chg_21d,0.001809
SPG,63,91,event_fed_gravity,0.009597
SPG,63,91,event_earn_gravity,0.0
SPG,63,91,event_div_gravity,0.0
SPG,63,91,event_cpi_gravity,0.013219
SPG,63,91,event_nfp_gravity,0.019847
SPG,63,91,put_call_skew_30d,0.0
SPG,63,91,term_structure_slope,0.002122
SPG,63,91,vrp_wedge,0.002348
SPG,63,91,iv_atm_z_score,0.006287
SPG,63,91,macro_yield_curve_slope,0.028141
SPG,63,91,macro_hy_spread,0.023359
SPG,63,91,macro_hy_spread_chg_5d,0.002644
SPG,63,91,macro_breakeven_5y,0.008288
SPG,63,91,macro_inflation_fwd_5y5y,0.021643
SPG,63,91,macro_inflation_fwd_chg_21d,0.014931
SPG,63,91,macro_inflation_fwd_abs_chg_21d,0.003618
SPG,63,91,macro_inflation_fwd_chg_63d,0.01157
SPG,63,91,macro_inflation_fwd_zscore,0.018764
SPG,63,91,macro_dollar_ret,0.006434
SPG,63,91,beta_spy,0.008508
SPG,63,91,res_vol,0.01824
SPG,63,91,res_vol_vel,0.0
SPG,63,91,price_regime,0.080883
SPG,63,91,corr_sector_21d,0.007378
SPG,63,91,corr_sector_252d,0.01742
SPG,63,91,sector_wedge,0.004117
SPG,63,92,rv_5d,0.068271
SPG,63,92,rv_10d,0.014916
SPG,63,92,rv_21d,0.193134
SPG,63,92,rv_63d,0.018475
SPG,63,92,rv_126d,0.008348
SPG,63,92,ewma_vol,0.01299
SPG,63,92,garch_cond_vol,0.22996
SPG,63,92,ret_TARGET,0.0
SPG,63,92,tech_RSI,0.002455
SPG,63,92,tech_MACD_hist,0.0
SPG,63,92,ret_VIXY,0.0
SPG,63,92,mom21_VIXY,0.006026
SPG,63,92,ret_HYG,0.0
SPG,63,92,mom21_HYG,0.006072
SPG,63,92,ret_USO,0.0
SPG,63,92,mom21_USO,0.006161
SPG,63,92,ret_TLT,0.0
SPG,63,92,mom21_TLT,0.00302
SPG,63,92,ret_UUP,0.0
SPG,63,92,mom21_UUP,0.003226
SPG,63,92,ret_SPY,0.001633
SPG,63,92,mom21_SPY,0.0
SPG,63,92,vol_vel,0.0
SPG,63,92,vol_of_vol,0.003115
SPG,63,92,vol_regime_zscore,0.032103
SPG,63,92,vol_chg_21d,0.002037
SPG,63,92,event_fed_gravity,0.008521
SPG,63,92,event_earn_gravity,0.0
SPG,63,92,event_div_gravity,0.0
SPG,63,92,event_cpi_gravity,0.017833
SPG,63,92,event_nfp_gravity,0.02418
SPG,63,92,put_call_skew_30d,0.001318
SPG,63,92,term_structure_slope,0.002174
SPG,63,92,vrp_wedge,0.003489
SPG,63,92,iv_atm_z_score,0.006231
SPG,63,92,macro_yield_curve_slope,0.0311
SPG,63,92,macro_hy_spread,0.020305
SPG,63,92,macro_hy_spread_chg_5d,0.003095
SPG,63,92,macro_breakeven_5y,0.007587
SPG,63,92,macro_inflation_fwd_5y5y,0.028179
SPG,63,92,macro_inflation_fwd_chg_21d,0.031405
SPG,63,92,macro_inflation_fwd_abs_chg_21d,0.005894
SPG,63,92,macro_inflation_fwd_chg_63d,0.012042
SPG,63,92,macro_inflation_fwd_zscore,0.01125
SPG,63,92,macro_dollar_ret,0.0
SPG,63,92,beta_spy,0.01222
SPG,63,92,res_vol,0.022227
SPG,63,92,res_vol_vel,0.0
SPG,63,92,price_regime,0.105502
SPG,63,92,corr_sector_21d,0.00837
SPG,63,92,corr_sector_252d,0.018821
SPG,63,92,sector_wedge,0.006317
SPG,63,93,rv_5d,0.050612
SPG,63,93,rv_10d,0.035675
SPG,63,93,rv_21d,0.190685
SPG,63,93,rv_63d,0.016767
SPG,63,93,rv_126d,0.007702
SPG,63,93,ewma_vol,0.0114
SPG,63,93,garch_cond_vol,0.318919
SPG,63,93,ret_TARGET,0.0
SPG,63,93,tech_RSI,0.00218
SPG,63,93,tech_MACD_hist,0.002171
SPG,63,93,ret_VIXY,0.0
SPG,63,93,mom21_VIXY,0.004223
SPG,63,93,ret_HYG,0.0
SPG,63,93,mom21_HYG,0.005813
SPG,63,93,ret_USO,0.0
SPG,63,93,mom21_USO,0.003766
SPG,63,93,ret_TLT,0.0
SPG,63,93,mom21_TLT,0.002385
SPG,63,93,ret_UUP,0.0
SPG,63,93,mom21_UUP,0.002331
SPG,63,93,ret_SPY,0.001502
SPG,63,93,mom21_SPY,0.004951
SPG,63,93,vol_vel,0.0
SPG,63,93,vol_of_vol,0.001332
SPG,63,93,vol_regime_zscore,0.026842
SPG,63,93,vol_chg_21d,0.002577
SPG,63,93,event_fed_gravity,0.010478
SPG,63,93,event_earn_gravity,0.0
SPG,63,93,event_div_gravity,0.0
SPG,63,93,event_cpi_gravity,0.010651
SPG,63,93,event_nfp_gravity,0.012962
SPG,63,93,put_call_skew_30d,0.004768
SPG,63,93,term_structure_slope,0.002239
SPG,63,93,vrp_wedge,0.003321
SPG,63,93,iv_atm_z_score,0.006998
SPG,63,93,macro_yield_curve_slope,0.02414
SPG,63,93,macro_hy_spread,0.018068
SPG,63,93,macro_hy_spread_chg_5d,0.002439
SPG,63,93,macro_breakeven_5y,0.00626
SPG,63,93,macro_inflation_fwd_5y5y,0.020393
SPG,63,93,macro_inflation_fwd_chg_21d,0.026164
SPG,63,93,macro_inflation_fwd_abs_chg_21d,0.003184
SPG,63,93,macro_inflation_fwd_chg_63d,0.012131
SPG,63,93,macro_inflation_fwd_zscore,0.011804
SPG,63,93,macro_dollar_ret,0.0
SPG,63,93,beta_spy,0.0076
SPG,63,93,res_vol,0.018383
SPG,63,93,res_vol_vel,0.00173
SPG,63,93,price_regime,0.078451
SPG,63,93,corr_sector_21d,0.005913
SPG,63,93,corr_sector_252d,0.016451
SPG,63,93,sector_wedge,0.003638
SPG,63,94,rv_5d,0.038431
SPG,63,94,rv_10d,0.023127
SPG,63,94,rv_21d,0.231916
SPG,63,94,rv_63d,0.017209
SPG,63,94,rv_126d,0.008848
SPG,63,94,ewma_vol,0.027607
SPG,63,94,garch_cond_vol,0.253013
SPG,63,94,ret_TARGET,0.0
SPG,63,94,tech_RSI,0.001743
SPG,63,94,tech_MACD_hist,0.0
SPG,63,94,ret_VIXY,0.0
SPG,63,94,mom21_VIXY,0.005416
SPG,63,94,ret_HYG,0.0
SPG,63,94,mom21_HYG,0.001998
SPG,63,94,ret_USO,0.0
SPG,63,94,mom21_USO,0.003846
SPG,63,94,ret_TLT,0.001979
SPG,63,94,mom21_TLT,0.00249
SPG,63,94,ret_UUP,0.0
SPG,63,94,mom21_UUP,0.002893
SPG,63,94,ret_SPY,0.00157
SPG,63,94,mom21_SPY,0.00529
SPG,63,94,vol_vel,0.002287
SPG,63,94,vol_of_vol,0.001608
SPG,63,94,vol_regime_zscore,0.024127
SPG,63,94,vol_chg_21d,0.001526
SPG,63,94,event_fed_gravity,0.011467
SPG,63,94,event_earn_gravity,0.0
SPG,63,94,event_div_gravity,0.0
SPG,63,94,event_cpi_gravity,0.010024
SPG,63,94,event_nfp_gravity,0.02087
SPG,63,94,put_call_skew_30d,0.0
SPG,63,94,term_structure_slope,0.002277
SPG,63,94,vrp_wedge,0.004008
SPG,63,94,iv_atm_z_score,0.007283
SPG,63,94,macro_yield_curve_slope,0.024804
SPG,63,94,macro_hy_spread,0.011457
SPG,63,94,macro_hy_spread_chg_5d,0.002636
SPG,63,94,macro_breakeven_5y,0.006039
SPG,63,94,macro_inflation_fwd_5y5y,0.020124
SPG,63,94,macro_inflation_fwd_chg_21d,0.03025
SPG,63,94,macro_inflation_fwd_abs_chg_21d,0.004397
SPG,63,94,macro_inflation_fwd_chg_63d,0.012775
SPG,63,94,macro_inflation_fwd_zscore,0.016914
SPG,63,94,macro_dollar_ret,0.0
SPG,63,94,beta_spy,0.006071
SPG,63,94,res_vol,0.023498
SPG,63,94,res_vol_vel,0.002373
SPG,63,94,price_regime,0.089097
SPG,63,94,corr_sector_21d,0.005348
SPG,63,94,corr_sector_252d,0.016673
SPG,63,94,sector_wedge,0.014691
SPG,63,95,rv_5d,0.060568
SPG,63,95,rv_10d,0.024604
SPG,63,95,rv_21d,0.174661
SPG,63,95,rv_63d,0.019685
SPG,63,95,rv_126d,0.00922
SPG,63,95,ewma_vol,0.015563
SPG,63,95,garch_cond_vol,0.321017
SPG,63,95,ret_TARGET,0.0
SPG,63,95,tech_RSI,0.00227
SPG,63,95,tech_MACD_hist,0.00413
SPG,63,95,ret_VIXY,0.0
SPG,63,95,mom21_VIXY,0.00557
SPG,63,95,ret_HYG,0.0
SPG,63,95,mom21_HYG,0.008269
SPG,63,95,ret_USO,0.0
SPG,63,95,mom21_USO,0.003414
SPG,63,95,ret_TLT,0.0
SPG,63,95,mom21_TLT,0.002369
SPG,63,95,ret_UUP,0.0
SPG,63,95,mom21_UUP,0.004142
SPG,63,95,ret_SPY,0.002279
SPG,63,95,mom21_SPY,0.005239
SPG,63,95,vol_vel,0.0
SPG,63,95,vol_of_vol,0.002205
SPG,63,95,vol_regime_zscore,0.028818
SPG,63,95,vol_chg_21d,0.002289
SPG,63,95,event_fed_gravity,0.011146
SPG,63,95,event_earn_gravity,0.0
SPG,63,95,event_div_gravity,0.0
SPG,63,95,event_cpi_gravity,0.012511
SPG,63,95,event_nfp_gravity,0.010792
SPG,63,95,put_call_skew_30d,0.0
SPG,63,95,term_structure_slope,0.002328
SPG,63,95,vrp_wedge,0.003725
SPG,63,95,iv_atm_z_score,0.007367
SPG,63,95,macro_yield_curve_slope,0.026325
SPG,63,95,macro_hy_spread,0.01319
SPG,63,95,macro_hy_spread_chg_5d,0.002275
SPG,63,95,macro_breakeven_5y,0.006274
SPG,63,95,macro_inflation_fwd_5y5y,0.018908
SPG,63,95,macro_inflation_fwd_chg_21d,0.022295
SPG,63,95,macro_inflation_fwd_abs_chg_21d,0.005836
SPG,63,95,macro_inflation_fwd_chg_63d,0.010257
SPG,63,95,macro_inflation_fwd_zscore,0.012237
SPG,63,95,macro_dollar_ret,0.0
SPG,63,95,beta_spy,0.009831
SPG,63,95,res_vol,0.01885
SPG,63,95,res_vol_vel,0.002297
SPG,63,95,price_regime,0.07619
SPG,63,95,corr_sector_21d,0.005238
SPG,63,95,corr_sector_252d,0.021121
SPG,63,95,sector_wedge,0.004693
SPG,63,96,rv_5d,0.057947
SPG,63,96,rv_10d,0.013803
SPG,63,96,rv_21d,0.180417
SPG,63,96,rv_63d,0.019802
SPG,63,96,rv_126d,0.009623
SPG,63,96,ewma_vol,0.010844
SPG,63,96,garch_cond_vol,0.316201
SPG,63,96,ret_TARGET,0.0
SPG,63,96,tech_RSI,0.003258
SPG,63,96,tech_MACD_hist,0.0
SPG,63,96,ret_VIXY,0.0
SPG,63,96,mom21_VIXY,0.004586
SPG,63,96,ret_HYG,0.0
SPG,63,96,mom21_HYG,0.006616
SPG,63,96,ret_USO,0.0
SPG,63,96,mom21_USO,0.003623
SPG,63,96,ret_TLT,0.0
SPG,63,96,mom21_TLT,0.00234
SPG,63,96,ret_UUP,0.0
SPG,63,96,mom21_UUP,0.002296
SPG,63,96,ret_SPY,0.001792
SPG,63,96,mom21_SPY,0.003786
SPG,63,96,vol_vel,0.0
SPG,63,96,vol_of_vol,0.001487
SPG,63,96,vol_regime_zscore,0.032743
SPG,63,96,vol_chg_21d,0.00689
SPG,63,96,event_fed_gravity,0.012104
SPG,63,96,event_earn_gravity,0.0
SPG,63,96,event_div_gravity,0.0
SPG,63,96,event_cpi_gravity,0.012237
SPG,63,96,event_nfp_gravity,0.009685
SPG,63,96,put_call_skew_30d,0.001905
SPG,63,96,term_structure_slope,0.002402
SPG,63,96,vrp_wedge,0.004005
SPG,63,96,iv_atm_z_score,0.007627
SPG,63,96,macro_yield_curve_slope,0.026827
SPG,63,96,macro_hy_spread,0.013058
SPG,63,96,macro_hy_spread_chg_5d,0.00221
SPG,63,96,macro_breakeven_5y,0.005685
SPG,63,96,macro_inflation_fwd_5y5y,0.020794
SPG,63,96,macro_inflation_fwd_chg_21d,0.022421
SPG,63,96,macro_inflation_fwd_abs_chg_21d,0.001635
SPG,63,96,macro_inflation_fwd_chg_63d,0.02197
SPG,63,96,macro_inflation_fwd_zscore,0.012705
SPG,63,96,macro_dollar_ret,0.0
SPG,63,96,beta_spy,0.007822
SPG,63,96,res_vol,0.016507
SPG,63,96,res_vol_vel,0.002349
SPG,63,96,price_regime,0.086785
SPG,63,96,corr_sector_21d,0.004992
SPG,63,96,corr_sector_252d,0.021478
SPG,63,96,sector_wedge,0.004745
SPG,63,97,rv_5d,0.073052
SPG,63,97,rv_10d,0.014398
SPG,63,97,rv_21d,0.221713
SPG,63,97,rv_63d,0.020711
SPG,63,97,rv_126d,0.010058
SPG,63,97,ewma_vol,0.012761
SPG,63,97,garch_cond_vol,0.256476
SPG,63,97,ret_TARGET,0.0
SPG,63,97,tech_RSI,0.002749
SPG,63,97,tech_MACD_hist,0.004488
SPG,63,97,ret_VIXY,0.0
SPG,63,97,mom21_VIXY,0.004174
SPG,63,97,ret_HYG,0.0
SPG,63,97,mom21_HYG,0.00739
SPG,63,97,ret_USO,0.0
SPG,63,97,mom21_USO,0.00355
SPG,63,97,ret_TLT,0.0
SPG,63,97,mom21_TLT,0.002471
SPG,63,97,ret_UUP,0.0
SPG,63,97,mom21_UUP,0.001457
SPG,63,97,ret_SPY,0.00293
SPG,63,97,mom21_SPY,0.007827
SPG,63,97,vol_vel,0.0
SPG,63,97,vol_of_vol,0.008048
SPG,63,97,vol_regime_zscore,0.032412
SPG,63,97,vol_chg_21d,0.006464
SPG,63,97,event_fed_gravity,0.010682
SPG,63,97,event_earn_gravity,0.0
SPG,63,97,event_div_gravity,0.0
SPG,63,97,event_cpi_gravity,0.013562
SPG,63,97,event_nfp_gravity,0.015925
SPG,63,97,put_call_skew_30d,0.001589
SPG,63,97,term_structure_slope,0.002337
SPG,63,97,vrp_wedge,0.005087
SPG,63,97,iv_atm_z_score,0.006631
SPG,63,97,macro_yield_curve_slope,0.02317
SPG,63,97,macro_hy_spread,0.013323
SPG,63,97,macro_hy_spread_chg_5d,0.002159
SPG,63,97,macro_breakeven_5y,0.006196
SPG,63,97,macro_inflation_fwd_5y5y,0.026008
SPG,63,97,macro_inflation_fwd_chg_21d,0.001934
SPG,63,97,macro_inflation_fwd_abs_chg_21d,0.0
SPG,63,97,macro_inflation_fwd_chg_63d,0.007567
SPG,63,97,macro_inflation_fwd_zscore,0.016467
SPG,63,97,macro_dollar_ret,0.0
SPG,63,97,beta_spy,0.008185
SPG,63,97,res_vol,0.02346
SPG,63,97,res_vol_vel,0.002917
SPG,63,97,price_regime,0.092109
SPG,63,97,corr_sector_21d,0.004995
SPG,63,97,corr_sector_252d,0.018045
SPG,63,97,sector_wedge,0.00452
SPG,63,98,rv_5d,0.070113
SPG,63,98,rv_10d,0.015397
SPG,63,98,rv_21d,0.187721
SPG,63,98,rv_63d,0.019777
SPG,63,98,rv_126d,0.007771
SPG,63,98,ewma_vol,0.010921
SPG,63,98,garch_cond_vol,0.322941
SPG,63,98,ret_TARGET,0.0
SPG,63,98,tech_RSI,0.002445
SPG,63,98,tech_MACD_hist,0.001301
SPG,63,98,ret_VIXY,0.0
SPG,63,98,mom21_VIXY,0.005004
SPG,63,98,ret_HYG,0.0
SPG,63,98,mom21_HYG,0.004673
SPG,63,98,ret_USO,0.0
SPG,63,98,mom21_USO,0.003407
SPG,63,98,ret_TLT,0.0
SPG,63,98,mom21_TLT,0.002536
SPG,63,98,ret_UUP,0.0
SPG,63,98,mom21_UUP,0.001498
SPG,63,98,ret_SPY,0.001629
SPG,63,98,mom21_SPY,0.003256
SPG,63,98,vol_vel,0.0
SPG,63,98,vol_of_vol,0.003762
SPG,63,98,vol_regime_zscore,0.032394
SPG,63,98,vol_chg_21d,0.001592
SPG,63,98,event_fed_gravity,0.010152
SPG,63,98,event_earn_gravity,0.0
SPG,63,98,event_div_gravity,0.0
SPG,63,98,event_cpi_gravity,0.014824
SPG,63,98,event_nfp_gravity,0.016351
SPG,63,98,put_call_skew_30d,0.0
SPG,63,98,term_structure_slope,0.001683
SPG,63,98,vrp_wedge,0.004582
SPG,63,98,iv_atm_z_score,0.008011
SPG,63,98,macro_yield_curve_slope,0.021759
SPG,63,98,macro_hy_spread,0.010674
SPG,63,98,macro_hy_spread_chg_5d,0.002351
SPG,63,98,macro_breakeven_5y,0.005197
SPG,63,98,macro_inflation_fwd_5y5y,0.023805
SPG,63,98,macro_inflation_fwd_chg_21d,0.001729
SPG,63,98,macro_inflation_fwd_abs_chg_21d,0.003133
SPG,63,98,macro_inflation_fwd_chg_63d,0.012849
SPG,63,98,macro_inflation_fwd_zscore,0.015718
SPG,63,98,macro_dollar_ret,0.0
SPG,63,98,beta_spy,0.007209
SPG,63,98,res_vol,0.020423
SPG,63,98,res_vol_vel,0.001825
SPG,63,98,price_regime,0.086122
SPG,63,98,corr_sector_21d,0.006013
SPG,63,98,corr_sector_252d,0.022915
SPG,63,98,sector_wedge,0.004536
SPG,63,99,rv_5d,0.055878
SPG,63,99,rv_10d,0.01051
SPG,63,99,rv_21d,0.204881
SPG,63,99,rv_63d,0.025033
SPG,63,99,rv_126d,0.008515
SPG,63,99,ewma_vol,0.047092
SPG,63,99,garch_cond_vol,0.230536
SPG,63,99,ret_TARGET,0.0
SPG,63,99,tech_RSI,0.002449
SPG,63,99,tech_MACD_hist,0.002333
SPG,63,99,ret_VIXY,0.0
SPG,63,99,mom21_VIXY,0.004681
SPG,63,99,ret_HYG,0.0
SPG,63,99,mom21_HYG,0.003681
SPG,63,99,ret_USO,0.0
SPG,63,99,mom21_USO,0.004635
SPG,63,99,ret_TLT,0.0
SPG,63,99,mom21_TLT,0.002595
SPG,63,99,ret_UUP,0.0
SPG,63,99,mom21_UUP,0.002567
SPG,63,99,ret_SPY,0.002407
SPG,63,99,mom21_SPY,0.0
SPG,63,99,vol_vel,0.0
SPG,63,99,vol_of_vol,0.00465
SPG,63,99,vol_regime_zscore,0.032112
SPG,63,99,vol_chg_21d,0.004445
SPG,63,99,event_fed_gravity,0.009771
SPG,63,99,event_earn_gravity,0.0
SPG,63,99,event_div_gravity,0.0
SPG,63,99,event_cpi_gravity,0.020843
SPG,63,99,event_nfp_gravity,0.015756
SPG,63,99,put_call_skew_30d,0.0
SPG,63,99,term_structure_slope,0.001519
SPG,63,99,vrp_wedge,0.007298
SPG,63,99,iv_atm_z_score,0.006119
SPG,63,99,macro_yield_curve_slope,0.026469
SPG,63,99,macro_hy_spread,0.021063
SPG,63,99,macro_hy_spread_chg_5d,0.002743
SPG,63,99,macro_breakeven_5y,0.009242
SPG,63,99,macro_inflation_fwd_5y5y,0.024253
SPG,63,99,macro_inflation_fwd_chg_21d,0.001538
SPG,63,99,macro_inflation_fwd_abs_chg_21d,0.001588
SPG,63,99,macro_inflation_fwd_chg_63d,0.013377
SPG,63,99,macro_inflation_fwd_zscore,0.017807
SPG,63,99,macro_dollar_ret,0.0
SPG,63,99,beta_spy,0.01061
SPG,63,99,res_vol,0.018844
SPG,63,99,res_vol_vel,0.004021
SPG,63,99,price_regime,0.099633
SPG,63,99,corr_sector_21d,0.007341
SPG,63,99,corr_sector_252d,0.025753
SPG,63,99,sector_wedge,0.005411
SPG,63,100,rv_5d,0.033474
SPG,63,100,rv_10d,0.010605
SPG,63,100,rv_21d,0.202528
SPG,63,100,rv_63d,0.022251
SPG,63,100,rv_126d,0.007955
SPG,63,100,ewma_vol,0.057564
SPG,63,100,garch_cond_vol,0.239623
SPG,63,100,ret_TARGET,0.0
SPG,63,100,tech_RSI,0.003015
SPG,63,100,tech_MACD_hist,0.0
SPG,63,100,ret_VIXY,0.0
SPG,63,100,mom21_VIXY,0.004017
SPG,63,100,ret_HYG,0.0
SPG,63,100,mom21_HYG,0.004702
SPG,63,100,ret_USO,0.0
SPG,63,100,mom21_USO,0.004051
SPG,63,100,ret_TLT,0.001216
SPG,63,100,mom21_TLT,0.002288
SPG,63,100,ret_UUP,0.0
SPG,63,100,mom21_UUP,0.0
SPG,63,100,ret_SPY,0.002092
SPG,63,100,mom21_SPY,0.0053
SPG,63,100,vol_vel,0.0
SPG,63,100,vol_of_vol,0.004882
SPG,63,100,vol_regime_zscore,0.035928
SPG,63,100,vol_chg_21d,0.001292
SPG,63,100,event_fed_gravity,0.011509
SPG,63,100,event_earn_gravity,0.0
SPG,63,100,event_div_gravity,0.0
SPG,63,100,event_cpi_gravity,0.01228
SPG,63,100,event_nfp_gravity,0.027341
SPG,63,100,put_call_skew_30d,0.0
SPG,63,100,term_structure_slope,0.002911
SPG,63,100,vrp_wedge,0.007439
SPG,63,100,iv_atm_z_score,0.006105
SPG,63,100,macro_yield_curve_slope,0.02399
SPG,63,100,macro_hy_spread,0.012422
SPG,63,100,macro_hy_spread_chg_5d,0.0
SPG,63,100,macro_breakeven_5y,0.010934
SPG,63,100,macro_inflation_fwd_5y5y,0.028306
SPG,63,100,macro_inflation_fwd_chg_21d,0.01266
SPG,63,100,macro_inflation_fwd_abs_chg_21d,0.006003
SPG,63,100,macro_inflation_fwd_chg_63d,0.009992
SPG,63,100,macro_inflation_fwd_zscore,0.017632
SPG,63,100,macro_dollar_ret,0.0
SPG,63,100,beta_spy,0.007754
SPG,63,100,res_vol,0.023735
SPG,63,100,res_vol_vel,0.001861
SPG,63,100,price_regime,0.086769
SPG,63,100,corr_sector_21d,0.005501
SPG,63,100,corr_sector_252d,0.018888
SPG,63,100,sector_wedge,0.023185
SPG,63,101,rv_5d,0.02494
SPG,63,101,rv_10d,0.02477
SPG,63,101,rv_21d,0.228101
SPG,63,101,rv_63d,0.021974
SPG,63,101,rv_126d,0.01176
SPG,63,101,ewma_vol,0.046385
SPG,63,101,garch_cond_vol,0.189241
SPG,63,101,ret_TARGET,0.0
SPG,63,101,tech_RSI,0.002523
SPG,63,101,tech_MACD_hist,0.003951
SPG,63,101,ret_VIXY,0.0
SPG,63,101,mom21_VIXY,0.004446
SPG,63,101,ret_HYG,0.0
SPG,63,101,mom21_HYG,0.004931
SPG,63,101,ret_USO,0.0
SPG,63,101,mom21_USO,0.003636
SPG,63,101,ret_TLT,0.0
SPG,63,101,mom21_TLT,0.002426
SPG,63,101,ret_UUP,0.0
SPG,63,101,mom21_UUP,0.00228
SPG,63,101,ret_SPY,0.001637
SPG,63,101,mom21_SPY,0.0
SPG,63,101,vol_vel,0.0
SPG,63,101,vol_of_vol,0.006383
SPG,63,101,vol_regime_zscore,0.031175
SPG,63,101,vol_chg_21d,0.00326
SPG,63,101,event_fed_gravity,0.013427
SPG,63,101,event_earn_gravity,0.0
SPG,63,101,event_div_gravity,0.0
SPG,63,101,event_cpi_gravity,0.008985
SPG,63,101,event_nfp_gravity,0.03979
SPG,63,101,put_call_skew_30d,0.0
SPG,63,101,term_structure_slope,0.0
SPG,63,101,vrp_wedge,0.007472
SPG,63,101,iv_atm_z_score,0.006168
SPG,63,101,macro_yield_curve_slope,0.022599
SPG,63,101,macro_hy_spread,0.017615
SPG,63,101,macro_hy_spread_chg_5d,0.002237
SPG,63,101,macro_breakeven_5y,0.012888
SPG,63,101,macro_inflation_fwd_5y5y,0.028994
SPG,63,101,macro_inflation_fwd_chg_21d,0.013888
SPG,63,101,macro_inflation_fwd_abs_chg_21d,0.006698
SPG,63,101,macro_inflation_fwd_chg_63d,0.0079
SPG,63,101,macro_inflation_fwd_zscore,0.015472
SPG,63,101,macro_dollar_ret,0.0
SPG,63,101,beta_spy,0.008754
SPG,63,101,res_vol,0.022879
SPG,63,101,res_vol_vel,0.002064
SPG,63,101,price_regime,0.091361
SPG,63,101,corr_sector_21d,0.009986
SPG,63,101,corr_sector_252d,0.024151
SPG,63,101,sector_wedge,0.022853
SPG,63,102,rv_5d,0.025379
SPG,63,102,rv_10d,0.02248
SPG,63,102,rv_21d,0.178842
SPG,63,102,rv_63d,0.024238
SPG,63,102,rv_126d,0.007872
SPG,63,102,ewma_vol,0.062324
SPG,63,102,garch_cond_vol,0.230753
SPG,63,102,ret_TARGET,0.001611
SPG,63,102,tech_RSI,0.002697
SPG,63,102,tech_MACD_hist,0.001334
SPG,63,102,ret_VIXY,0.0
SPG,63,102,mom21_VIXY,0.00615
SPG,63,102,ret_HYG,0.0
SPG,63,102,mom21_HYG,0.005279
SPG,63,102,ret_USO,0.0
SPG,63,102,mom21_USO,0.007354
SPG,63,102,ret_TLT,0.0
SPG,63,102,mom21_TLT,0.002221
SPG,63,102,ret_UUP,0.0
SPG,63,102,mom21_UUP,0.002844
SPG,63,102,ret_SPY,0.001565
SPG,63,102,mom21_SPY,0.004172
SPG,63,102,vol_vel,0.0
SPG,63,102,vol_of_vol,0.004931
SPG,63,102,vol_regime_zscore,0.028073
SPG,63,102,vol_chg_21d,0.007436
SPG,63,102,event_fed_gravity,0.011019
SPG,63,102,event_earn_gravity,0.0
SPG,63,102,event_div_gravity,0.0
SPG,63,102,event_cpi_gravity,0.011762
SPG,63,102,event_nfp_gravity,0.021486
SPG,63,102,put_call_skew_30d,0.0
SPG,63,102,term_structure_slope,0.001637
SPG,63,102,vrp_wedge,0.006828
SPG,63,102,iv_atm_z_score,0.007165
SPG,63,102,macro_yield_curve_slope,0.025893
SPG,63,102,macro_hy_spread,0.02027
SPG,63,102,macro_hy_spread_chg_5d,0.001927
SPG,63,102,macro_breakeven_5y,0.013249
SPG,63,102,macro_inflation_fwd_5y5y,0.030073
SPG,63,102,macro_inflation_fwd_chg_21d,0.018253
SPG,63,102,macro_inflation_fwd_abs_chg_21d,0.007293
SPG,63,102,macro_inflation_fwd_chg_63d,0.014758
SPG,63,102,macro_inflation_fwd_zscore,0.012279
SPG,63,102,macro_dollar_ret,0.0
SPG,63,102,beta_spy,0.008086
SPG,63,102,res_vol,0.026224
SPG,63,102,res_vol_vel,0.001714
SPG,63,102,price_regime,0.102495
SPG,63,102,corr_sector_21d,0.005561
SPG,63,102,corr_sector_252d,0.018533
SPG,63,102,sector_wedge,0.005939
SPG,63,103,rv_5d,0.038593
SPG,63,103,rv_10d,0.024758
SPG,63,103,rv_21d,0.179729
SPG,63,103,rv_63d,0.022763
SPG,63,103,rv_126d,0.012177
SPG,63,103,ewma_vol,0.067792
SPG,63,103,garch_cond_vol,0.191686
SPG,63,103,ret_TARGET,0.0
SPG,63,103,tech_RSI,0.003404
SPG,63,103,tech_MACD_hist,0.004278
SPG,63,103,ret_VIXY,0.0
SPG,63,103,mom21_VIXY,0.004831
SPG,63,103,ret_HYG,0.0
SPG,63,103,mom21_HYG,0.007163
SPG,63,103,ret_USO,0.0
SPG,63,103,mom21_USO,0.007906
SPG,63,103,ret_TLT,0.0
SPG,63,103,mom21_TLT,0.002464
SPG,63,103,ret_UUP,0.0
SPG,63,103,mom21_UUP,0.001595
SPG,63,103,ret_SPY,0.001551
SPG,63,103,mom21_SPY,0.0
SPG,63,103,vol_vel,0.0
SPG,63,103,vol_of_vol,0.004514
SPG,63,103,vol_regime_zscore,0.029026
SPG,63,103,vol_chg_21d,0.002841
SPG,63,103,event_fed_gravity,0.013143
SPG,63,103,event_earn_gravity,0.0
SPG,63,103,event_div_gravity,0.0
SPG,63,103,event_cpi_gravity,0.011202
SPG,63,103,event_nfp_gravity,0.017268
SPG,63,103,put_call_skew_30d,0.0
SPG,63,103,term_structure_slope,0.001475
SPG,63,103,vrp_wedge,0.006337
SPG,63,103,iv_atm_z_score,0.007564
SPG,63,103,macro_yield_curve_slope,0.0266
SPG,63,103,macro_hy_spread,0.017567
SPG,63,103,macro_hy_spread_chg_5d,0.004217
SPG,63,103,macro_breakeven_5y,0.015267
SPG,63,103,macro_inflation_fwd_5y5y,0.029905
SPG,63,103,macro_inflation_fwd_chg_21d,0.022087
SPG,63,103,macro_inflation_fwd_abs_chg_21d,0.010933
SPG,63,103,macro_inflation_fwd_chg_63d,0.014928
SPG,63,103,macro_inflation_fwd_zscore,0.011421
SPG,63,103,macro_dollar_ret,0.0
SPG,63,103,beta_spy,0.009992
SPG,63,103,res_vol,0.03311
SPG,63,103,res_vol_vel,0.003623
SPG,63,103,price_regime,0.102633
SPG,63,103,corr_sector_21d,0.009247
SPG,63,103,corr_sector_252d,0.02285
SPG,63,103,sector_wedge,0.001561
SPG,63,104,rv_5d,0.026828
SPG,63,104,rv_10d,0.029362
SPG,63,104,rv_21d,0.304226
SPG,63,104,rv_63d,0.019243
SPG,63,104,rv_126d,0.011263
SPG,63,104,ewma_vol,0.045618
SPG,63,104,garch_cond_vol,0.140347
SPG,63,104,ret_TARGET,0.0
SPG,63,104,tech_RSI,0.001866
SPG,63,104,tech_MACD_hist,0.001519
SPG,63,104,ret_VIXY,0.0
SPG,63,104,mom21_VIXY,0.002635
SPG,63,104,ret_HYG,0.0
SPG,63,104,mom21_HYG,0.006367
SPG,63,104,ret_USO,0.0
SPG,63,104,mom21_USO,0.006674
SPG,63,104,ret_TLT,0.0
SPG,63,104,mom21_TLT,0.002277
SPG,63,104,ret_UUP,0.0
SPG,63,104,mom21_UUP,0.002195
SPG,63,104,ret_SPY,0.001671
SPG,63,104,mom21_SPY,0.006628
SPG,63,104,vol_vel,0.0
SPG,63,104,vol_of_vol,0.004499
SPG,63,104,vol_regime_zscore,0.031009
SPG,63,104,vol_chg_21d,0.001648
SPG,63,104,event_fed_gravity,0.011544
SPG,63,104,event_earn_gravity,0.0
SPG,63,104,event_div_gravity,0.0
SPG,63,104,event_cpi_gravity,0.010581
SPG,63,104,event_nfp_gravity,0.01207
SPG,63,104,put_call_skew_30d,0.00127
SPG,63,104,term_structure_slope,0.0
SPG,63,104,vrp_wedge,0.004212
SPG,63,104,iv_atm_z_score,0.008577
SPG,63,104,macro_yield_curve_slope,0.021667
SPG,63,104,macro_hy_spread,0.014102
SPG,63,104,macro_hy_spread_chg_5d,0.002532
SPG,63,104,macro_breakeven_5y,0.015419
SPG,63,104,macro_inflation_fwd_5y5y,0.033926
SPG,63,104,macro_inflation_fwd_chg_21d,0.01474
SPG,63,104,macro_inflation_fwd_abs_chg_21d,0.011173
SPG,63,104,macro_inflation_fwd_chg_63d,0.010418
SPG,63,104,macro_inflation_fwd_zscore,0.009066
SPG,63,104,macro_dollar_ret,0.0
SPG,63,104,beta_spy,0.008971
SPG,63,104,res_vol,0.025312
SPG,63,104,res_vol_vel,0.002554
SPG,63,104,price_regime,0.095473
SPG,63,104,corr_sector_21d,0.006856
SPG,63,104,corr_sector_252d,0.018352
SPG,63,104,sector_wedge,0.01531
SPG,63,105,rv_5d,0.026406
SPG,63,105,rv_10d,0.043633
SPG,63,105,rv_21d,0.230548
SPG,63,105,rv_63d,0.027595
SPG,63,105,rv_126d,0.00768
SPG,63,105,ewma_vol,0.052814
SPG,63,105,garch_cond_vol,0.160583
SPG,63,105,ret_TARGET,0.0
SPG,63,105,tech_RSI,0.002819
SPG,63,105,tech_MACD_hist,0.0
SPG,63,105,ret_VIXY,0.0
SPG,63,105,mom21_VIXY,0.002909
SPG,63,105,ret_HYG,0.0
SPG,63,105,mom21_HYG,0.005611
SPG,63,105,ret_USO,0.0
SPG,63,105,mom21_USO,0.005171
SPG,63,105,ret_TLT,0.0
SPG,63,105,mom21_TLT,0.002593
SPG,63,105,ret_UUP,0.0
SPG,63,105,mom21_UUP,0.001772
SPG,63,105,ret_SPY,0.001947
SPG,63,105,mom21_SPY,0.0
SPG,63,105,vol_vel,0.0
SPG,63,105,vol_of_vol,0.004344
SPG,63,105,vol_regime_zscore,0.03741
SPG,63,105,vol_chg_21d,0.002568
SPG,63,105,event_fed_gravity,0.013047
SPG,63,105,event_earn_gravity,0.0
SPG,63,105,event_div_gravity,0.0
SPG,63,105,event_cpi_gravity,0.010879
SPG,63,105,event_nfp_gravity,0.016069
SPG,63,105,put_call_skew_30d,0.0
SPG,63,105,term_structure_slope,0.0
SPG,63,105,vrp_wedge,0.005
SPG,63,105,iv_atm_z_score,0.007824
SPG,63,105,macro_yield_curve_slope,0.022534
SPG,63,105,macro_hy_spread,0.017951
SPG,63,105,macro_hy_spread_chg_5d,0.002817
SPG,63,105,macro_breakeven_5y,0.016901
SPG,63,105,macro_inflation_fwd_5y5y,0.031536
SPG,63,105,macro_inflation_fwd_chg_21d,0.019045
SPG,63,105,macro_inflation_fwd_abs_chg_21d,0.017162
SPG,63,105,macro_inflation_fwd_chg_63d,0.010242
SPG,63,105,macro_inflation_fwd_zscore,0.008602
SPG,63,105,macro_dollar_ret,0.0
SPG,63,105,beta_spy,0.008051
SPG,63,105,res_vol,0.031014
SPG,63,105,res_vol_vel,0.001606
SPG,63,105,price_regime,0.113339
SPG,63,105,corr_sector_21d,0.005557
SPG,63,105,corr_sector_252d,0.019808
SPG,63,105,sector_wedge,0.004611
SPG,63,106,rv_5d,0.013834
SPG,63,106,rv_10d,0.086626
SPG,63,106,rv_21d,0.221398
SPG,63,106,rv_63d,0.021831
SPG,63,106,rv_126d,0.007751
SPG,63,106,ewma_vol,0.052614
SPG,63,106,garch_cond_vol,0.178224
SPG,63,106,ret_TARGET,0.0
SPG,63,106,tech_RSI,0.0021
SPG,63,106,tech_MACD_hist,0.0
SPG,63,106,ret_VIXY,0.0
SPG,63,106,mom21_VIXY,0.003776
SPG,63,106,ret_HYG,0.0
SPG,63,106,mom21_HYG,0.005561
SPG,63,106,ret_USO,0.0
SPG,63,106,mom21_USO,0.005247
SPG,63,106,ret_TLT,0.0
SPG,63,106,mom21_TLT,0.002118
SPG,63,106,ret_UUP,0.0
SPG,63,106,mom21_UUP,0.001797
SPG,63,106,ret_SPY,0.001757
SPG,63,106,mom21_SPY,0.004097
SPG,63,106,vol_vel,0.0
SPG,63,106,vol_of_vol,0.001527
SPG,63,106,vol_regime_zscore,0.020162
SPG,63,106,vol_chg_21d,0.003216
SPG,63,106,event_fed_gravity,0.009375
SPG,63,106,event_earn_gravity,0.0
SPG,63,106,event_div_gravity,0.0
SPG,63,106,event_cpi_gravity,0.008463
SPG,63,106,event_nfp_gravity,0.0164
SPG,63,106,put_call_skew_30d,0.0
SPG,63,106,term_structure_slope,0.0
SPG,63,106,vrp_wedge,0.004181
SPG,63,106,iv_atm_z_score,0.0091
SPG,63,106,macro_yield_curve_slope,0.022113
SPG,63,106,macro_hy_spread,0.015573
SPG,63,106,macro_hy_spread_chg_5d,0.002776
SPG,63,106,macro_breakeven_5y,0.018826
SPG,63,106,macro_inflation_fwd_5y5y,0.032176
SPG,63,106,macro_inflation_fwd_chg_21d,0.02484
SPG,63,106,macro_inflation_fwd_abs_chg_21d,0.006345
SPG,63,106,macro_inflation_fwd_chg_63d,0.013937
SPG,63,106,macro_inflation_fwd_zscore,0.019817
SPG,63,106,macro_dollar_ret,0.0
SPG,63,106,beta_spy,0.007564
SPG,63,106,res_vol,0.023997
SPG,63,106,res_vol_vel,0.001976
SPG,63,106,price_regime,0.086545
SPG,63,106,corr_sector_21d,0.009921
SPG,63,106,corr_sector_252d,0.016839
SPG,63,106,sector_wedge,0.015601
SPG,63,107,rv_5d,0.022411
SPG,63,107,rv_10d,0.039659
SPG,63,107,rv_21d,0.130967
SPG,63,107,rv_63d,0.014135
SPG,63,107,rv_126d,0.003325
SPG,63,107,ewma_vol,0.013875
SPG,63,107,garch_cond_vol,0.517439
SPG,63,107,ret_TARGET,0.0
SPG,63,107,tech_RSI,0.001267
SPG,63,107,tech_MACD_hist,0.000736
SPG,63,107,ret_VIXY,0.0
SPG,63,107,mom21_VIXY,0.003373
SPG,63,107,ret_HYG,0.0
SPG,63,107,mom21_HYG,0.003389
SPG,63,107,ret_USO,0.0
SPG,63,107,mom21_USO,0.002644
SPG,63,107,ret_TLT,0.0
SPG,63,107,mom21_TLT,0.001387
SPG,63,107,ret_UUP,0.0
SPG,63,107,mom21_UUP,0.000891
SPG,63,107,ret_SPY,0.001243
SPG,63,107,mom21_SPY,0.0
SPG,63,107,vol_vel,0.0
SPG,63,107,vol_of_vol,0.001117
SPG,63,107,vol_regime_zscore,0.016371
SPG,63,107,vol_chg_21d,0.000764
SPG,63,107,event_fed_gravity,0.00557
SPG,63,107,event_earn_gravity,0.0
SPG,63,107,event_div_gravity,0.0
SPG,63,107,event_cpi_gravity,0.006708
SPG,63,107,event_nfp_gravity,0.008203
SPG,63,107,put_call_skew_30d,0.000787
SPG,63,107,term_structure_slope,0.004367
SPG,63,107,vrp_wedge,0.00333
SPG,63,107,iv_atm_z_score,0.004981
SPG,63,107,macro_yield_curve_slope,0.015288
SPG,63,107,macro_hy_spread,0.010158
SPG,63,107,macro_hy_spread_chg_5d,0.001616
SPG,63,107,macro_breakeven_5y,0.012337
SPG,63,107,macro_inflation_fwd_5y5y,0.017957
SPG,63,107,macro_inflation_fwd_chg_21d,0.006852
SPG,63,107,macro_inflation_fwd_abs_chg_21d,0.006609
SPG,63,107,macro_inflation_fwd_chg_63d,0.009544
SPG,63,107,macro_inflation_fwd_zscore,0.010648
SPG,63,107,macro_dollar_ret,0.0
SPG,63,107,beta_spy,0.004328
SPG,63,107,res_vol,0.016334
SPG,63,107,res_vol_vel,0.0
SPG,63,107,price_regime,0.061063
SPG,63,107,corr_sector_21d,0.0036
SPG,63,107,corr_sector_252d,0.011051
SPG,63,107,sector_wedge,0.003679
SPG,63,108,rv_5d,0.058025
SPG,63,108,rv_10d,0.045246
SPG,63,108,rv_21d,0.196756
SPG,63,108,rv_63d,0.017744
SPG,63,108,rv_126d,0.007026
SPG,63,108,ewma_vol,0.026331
SPG,63,108,garch_cond_vol,0.266611
SPG,63,108,ret_TARGET,0.0
SPG,63,108,tech_RSI,0.0
SPG,63,108,tech_MACD_hist,0.0
SPG,63,108,ret_VIXY,0.0
SPG,63,108,mom21_VIXY,0.003015
SPG,63,108,ret_HYG,0.0
SPG,63,108,mom21_HYG,0.004402
SPG,63,108,ret_USO,0.0
SPG,63,108,mom21_USO,0.004511
SPG,63,108,ret_TLT,0.0
SPG,63,108,mom21_TLT,0.002042
SPG,63,108,ret_UUP,0.0
SPG,63,108,mom21_UUP,0.001614
SPG,63,108,ret_SPY,0.001423
SPG,63,108,mom21_SPY,0.0
SPG,63,108,vol_vel,0.001087
SPG,63,108,vol_of_vol,0.00187
SPG,63,108,vol_regime_zscore,0.020663
SPG,63,108,vol_chg_21d,0.013913
SPG,63,108,event_fed_gravity,0.006912
SPG,63,108,event_earn_gravity,0.0
SPG,63,108,event_div_gravity,0.0
SPG,63,108,event_cpi_gravity,0.009444
SPG,63,108,event_nfp_gravity,0.015216
SPG,63,108,put_call_skew_30d,0.001462
SPG,63,108,term_structure_slope,0.0
SPG,63,108,vrp_wedge,0.004188
SPG,63,108,iv_atm_z_score,0.00861
SPG,63,108,macro_yield_curve_slope,0.022081
SPG,63,108,macro_hy_spread,0.01385
SPG,63,108,macro_hy_spread_chg_5d,0.0
SPG,63,108,macro_breakeven_5y,0.018664
SPG,63,108,macro_inflation_fwd_5y5y,0.027969
SPG,63,108,macro_inflation_fwd_chg_21d,0.015223
SPG,63,108,macro_inflation_fwd_abs_chg_21d,0.003449
SPG,63,108,macro_inflation_fwd_chg_63d,0.013751
SPG,63,108,macro_inflation_fwd_zscore,0.010312
SPG,63,108,macro_dollar_ret,0.0
SPG,63,108,beta_spy,0.007519
SPG,63,108,res_vol,0.02326
SPG,63,108,res_vol_vel,0.00497
SPG,63,108,price_regime,0.096517
SPG,63,108,corr_sector_21d,0.006152
SPG,63,108,corr_sector_252d,0.015169
SPG,63,108,sector_wedge,0.003
SPG,63,109,rv_5d,0.075365
SPG,63,109,rv_10d,0.131399
SPG,63,109,rv_21d,0.187123
SPG,63,109,rv_63d,0.024919
SPG,63,109,rv_126d,0.008537
SPG,63,109,ewma_vol,0.051221
SPG,63,109,garch_cond_vol,0.032432
SPG,63,109,ret_TARGET,0.0
SPG,63,109,tech_RSI,0.003108
SPG,63,109,tech_MACD_hist,0.001957
SPG,63,109,ret_VIXY,0.0
SPG,63,109,mom21_VIXY,0.006831
SPG,63,109,ret_HYG,0.0
SPG,63,109,mom21_HYG,0.005764
SPG,63,109,ret_USO,0.0
SPG,63,109,mom21_USO,0.004872
SPG,63,109,ret_TLT,0.0
SPG,63,109,mom21_TLT,0.002258
SPG,63,109,ret_UUP,0.0
SPG,63,109,mom21_UUP,0.002031
SPG,63,109,ret_SPY,0.001481
SPG,63,109,mom21_SPY,0.003958
SPG,63,109,vol_vel,0.0
SPG,63,109,vol_of_vol,0.004391
SPG,63,109,vol_regime_zscore,0.022535
SPG,63,109,vol_chg_21d,0.021512
SPG,63,109,event_fed_gravity,0.010344
SPG,63,109,event_earn_gravity,0.0
SPG,63,109,event_div_gravity,0.0
SPG,63,109,event_cpi_gravity,0.012344
SPG,63,109,event_nfp_gravity,0.010894
SPG,63,109,put_call_skew_30d,0.0
SPG,63,109,term_structure_slope,0.001452
SPG,63,109,vrp_wedge,0.006082
SPG,63,109,iv_atm_z_score,0.008341
SPG,63,109,macro_yield_curve_slope,0.025059
SPG,63,109,macro_hy_spread,0.016975
SPG,63,109,macro_hy_spread_chg_5d,0.0
SPG,63,109,macro_breakeven_5y,0.022265
SPG,63,109,macro_inflation_fwd_5y5y,0.031962
SPG,63,109,macro_inflation_fwd_chg_21d,0.037252
SPG,63,109,macro_inflation_fwd_abs_chg_21d,0.006611
SPG,63,109,macro_inflation_fwd_chg_63d,0.024944
SPG,63,109,macro_inflation_fwd_zscore,0.010366
SPG,63,109,macro_dollar_ret,0.0
SPG,63,109,beta_spy,0.007528
SPG,63,109,res_vol,0.029892
SPG,63,109,res_vol_vel,0.0
SPG,63,109,price_regime,0.109799
SPG,63,109,corr_sector_21d,0.006305
SPG,63,109,corr_sector_252d,0.019707
SPG,63,109,sector_wedge,0.010183
SPG,63,110,rv_5d,0.066709
SPG,63,110,rv_10d,0.125314
SPG,63,110,rv_21d,0.190701
SPG,63,110,rv_63d,0.027874
SPG,63,110,rv_126d,0.008329
SPG,63,110,ewma_vol,0.052123
SPG,63,110,garch_cond_vol,0.024056
SPG,63,110,ret_TARGET,0.0
SPG,63,110,tech_RSI,0.006111
SPG,63,110,tech_MACD_hist,0.001502
SPG,63,110,ret_VIXY,0.0
SPG,63,110,mom21_VIXY,0.006788
SPG,63,110,ret_HYG,0.0
SPG,63,110,mom21_HYG,0.006971
SPG,63,110,ret_USO,0.0
SPG,63,110,mom21_USO,0.004492
SPG,63,110,ret_TLT,0.0
SPG,63,110,mom21_TLT,0.002793
SPG,63,110,ret_UUP,0.0
SPG,63,110,mom21_UUP,0.0034
SPG,63,110,ret_SPY,0.0
SPG,63,110,mom21_SPY,0.0
SPG,63,110,vol_vel,0.0
SPG,63,110,vol_of_vol,0.003784
SPG,63,110,vol_regime_zscore,0.029104
SPG,63,110,vol_chg_21d,0.002299
SPG,63,110,event_fed_gravity,0.010457
SPG,63,110,event_earn_gravity,0.0
SPG,63,110,event_div_gravity,0.0
SPG,63,110,event_cpi_gravity,0.014096
SPG,63,110,event_nfp_gravity,0.013843
SPG,63,110,put_call_skew_30d,0.001487
SPG,63,110,term_structure_slope,0.002253
SPG,63,110,vrp_wedge,0.006185
SPG,63,110,iv_atm_z_score,0.008242
SPG,63,110,macro_yield_curve_slope,0.028454
SPG,63,110,macro_hy_spread,0.015415
SPG,63,110,macro_hy_spread_chg_5d,0.0
SPG,63,110,macro_breakeven_5y,0.023374
SPG,63,110,macro_inflation_fwd_5y5y,0.031999
SPG,63,110,macro_inflation_fwd_chg_21d,0.035586
SPG,63,110,macro_inflation_fwd_abs_chg_21d,0.005418
SPG,63,110,macro_inflation_fwd_chg_63d,0.018567
SPG,63,110,macro_inflation_fwd_zscore,0.014528
SPG,63,110,macro_dollar_ret,0.0
SPG,63,110,beta_spy,0.008218
SPG,63,110,res_vol,0.037786
SPG,63,110,res_vol_vel,0.00175
SPG,63,110,price_regime,0.124499
SPG,63,110,corr_sector_21d,0.008913
SPG,63,110,corr_sector_252d,0.02093
SPG,63,110,sector_wedge,0.005653
SPG,63,111,rv_5d,0.041594
SPG,63,111,rv_10d,0.030884
SPG,63,111,rv_21d,0.143701
SPG,63,111,rv_63d,0.017891
SPG,63,111,rv_126d,0.005502
SPG,63,111,ewma_vol,0.029807
SPG,63,111,garch_cond_vol,0.34334
SPG,63,111,ret_TARGET,0.0
SPG,63,111,tech_RSI,0.005883
SPG,63,111,tech_MACD_hist,0.0
SPG,63,111,ret_VIXY,0.0
SPG,63,111,mom21_VIXY,0.006162
SPG,63,111,ret_HYG,0.0
SPG,63,111,mom21_HYG,0.003228
SPG,63,111,ret_USO,0.0
SPG,63,111,mom21_USO,0.003603
SPG,63,111,ret_TLT,0.0
SPG,63,111,mom21_TLT,0.001648
SPG,63,111,ret_UUP,0.0
SPG,63,111,mom21_UUP,0.002035
SPG,63,111,ret_SPY,0.000993
SPG,63,111,mom21_SPY,0.0
SPG,63,111,vol_vel,0.0
SPG,63,111,vol_of_vol,0.003781
SPG,63,111,vol_regime_zscore,0.017776
SPG,63,111,vol_chg_21d,0.007992
SPG,63,111,event_fed_gravity,0.008487
SPG,63,111,event_earn_gravity,0.0
SPG,63,111,event_div_gravity,0.0
SPG,63,111,event_cpi_gravity,0.008455
SPG,63,111,event_nfp_gravity,0.017069
SPG,63,111,put_call_skew_30d,0.001607
SPG,63,111,term_structure_slope,0.004416
SPG,63,111,vrp_wedge,0.005274
SPG,63,111,iv_atm_z_score,0.006506
SPG,63,111,macro_yield_curve_slope,0.01683
SPG,63,111,macro_hy_spread,0.012537
SPG,63,111,macro_hy_spread_chg_5d,0.00125
SPG,63,111,macro_breakeven_5y,0.015021
SPG,63,111,macro_inflation_fwd_5y5y,0.025551
SPG,63,111,macro_inflation_fwd_chg_21d,0.015717
SPG,63,111,macro_inflation_fwd_abs_chg_21d,0.003127
SPG,63,111,macro_inflation_fwd_chg_63d,0.008193
SPG,63,111,macro_inflation_fwd_zscore,0.022697
SPG,63,111,macro_dollar_ret,0.0
SPG,63,111,beta_spy,0.005397
SPG,63,111,res_vol,0.032902
SPG,63,111,res_vol_vel,0.001354
SPG,63,111,price_regime,0.095515
SPG,63,111,corr_sector_21d,0.004917
SPG,63,111,corr_sector_252d,0.010944
SPG,63,111,sector_wedge,0.010416
SPG,63,112,rv_5d,0.061943
SPG,63,112,rv_10d,0.040532
SPG,63,112,rv_21d,0.183946
SPG,63,112,rv_63d,0.023006
SPG,63,112,rv_126d,0.0066
SPG,63,112,ewma_vol,0.034171
SPG,63,112,garch_cond_vol,0.20945
SPG,63,112,ret_TARGET,0.0
SPG,63,112,tech_RSI,0.001795
SPG,63,112,tech_MACD_hist,0.00254
SPG,63,112,ret_VIXY,0.0
SPG,63,112,mom21_VIXY,0.004219
SPG,63,112,ret_HYG,0.0
SPG,63,112,mom21_HYG,0.007666
SPG,63,112,ret_USO,0.0
SPG,63,112,mom21_USO,0.003636
SPG,63,112,ret_TLT,0.0
SPG,63,112,mom21_TLT,0.002102
SPG,63,112,ret_UUP,0.0
SPG,63,112,mom21_UUP,0.002174
SPG,63,112,ret_SPY,0.001245
SPG,63,112,mom21_SPY,0.0
SPG,63,112,vol_vel,0.001272
SPG,63,112,vol_of_vol,0.002083
SPG,63,112,vol_regime_zscore,0.021506
SPG,63,112,vol_chg_21d,0.003808
SPG,63,112,event_fed_gravity,0.011766
SPG,63,112,event_earn_gravity,0.0
SPG,63,112,event_div_gravity,0.0
SPG,63,112,event_cpi_gravity,0.008831
SPG,63,112,event_nfp_gravity,0.012221
SPG,63,112,put_call_skew_30d,0.001313
SPG,63,112,term_structure_slope,0.004379
SPG,63,112,vrp_wedge,0.006218
SPG,63,112,iv_atm_z_score,0.008598
SPG,63,112,macro_yield_curve_slope,0.016753
SPG,63,112,macro_hy_spread,0.016901
SPG,63,112,macro_hy_spread_chg_5d,0.002168
SPG,63,112,macro_breakeven_5y,0.018026
SPG,63,112,macro_inflation_fwd_5y5y,0.0332
SPG,63,112,macro_inflation_fwd_chg_21d,0.019197
SPG,63,112,macro_inflation_fwd_abs_chg_21d,0.005118
SPG,63,112,macro_inflation_fwd_chg_63d,0.009157
SPG,63,112,macro_inflation_fwd_zscore,0.027511
SPG,63,112,macro_dollar_ret,0.0
SPG,63,112,beta_spy,0.006646
SPG,63,112,res_vol,0.041525
SPG,63,112,res_vol_vel,0.001364
SPG,63,112,price_regime,0.106636
SPG,63,112,corr_sector_21d,0.006289
SPG,63,112,corr_sector_252d,0.013189
SPG,63,112,sector_wedge,0.009301
SPG,63,113,rv_5d,0.115345
SPG,63,113,rv_10d,0.037039
SPG,63,113,rv_21d,0.205403
SPG,63,113,rv_63d,0.037638
SPG,63,113,rv_126d,0.011677
SPG,63,113,ewma_vol,0.046778
SPG,63,113,garch_cond_vol,0.01158
SPG,63,113,ret_TARGET,0.0
SPG,63,113,tech_RSI,0.003336
SPG,63,113,tech_MACD_hist,0.0
SPG,63,113,ret_VIXY,0.0
SPG,63,113,mom21_VIXY,0.004882
SPG,63,113,ret_HYG,0.0
SPG,63,113,mom21_HYG,0.004883
SPG,63,113,ret_USO,0.0
SPG,63,113,mom21_USO,0.006919
SPG,63,113,ret_TLT,0.0
SPG,63,113,mom21_TLT,0.002974
SPG,63,113,ret_UUP,0.0
SPG,63,113,mom21_UUP,0.002109
SPG,63,113,ret_SPY,0.001927
SPG,63,113,mom21_SPY,0.0
SPG,63,113,vol_vel,0.0
SPG,63,113,vol_of_vol,0.010358
SPG,63,113,vol_regime_zscore,0.023205
SPG,63,113,vol_chg_21d,0.002143
SPG,63,113,event_fed_gravity,0.014133
SPG,63,113,event_earn_gravity,0.0
SPG,63,113,event_div_gravity,0.0
SPG,63,113,event_cpi_gravity,0.01018
SPG,63,113,event_nfp_gravity,0.011723
SPG,63,113,put_call_skew_30d,0.001472
SPG,63,113,term_structure_slope,0.002534
SPG,63,113,vrp_wedge,0.006869
SPG,63,113,iv_atm_z_score,0.018179
SPG,63,113,macro_yield_curve_slope,0.022448
SPG,63,113,macro_hy_spread,0.018282
SPG,63,113,macro_hy_spread_chg_5d,0.003545
SPG,63,113,macro_breakeven_5y,0.026142
SPG,63,113,macro_inflation_fwd_5y5y,0.039193
SPG,63,113,macro_inflation_fwd_chg_21d,0.030245
SPG,63,113,macro_inflation_fwd_abs_chg_21d,0.005064
SPG,63,113,macro_inflation_fwd_chg_63d,0.011015
SPG,63,113,macro_inflation_fwd_zscore,0.017529
SPG,63,113,macro_dollar_ret,0.0
SPG,63,113,beta_spy,0.00911
SPG,63,113,res_vol,0.06335
SPG,63,113,res_vol_vel,0.0
SPG,63,113,price_regime,0.120558
SPG,63,113,corr_sector_21d,0.017432
SPG,63,113,corr_sector_252d,0.014096
SPG,63,113,sector_wedge,0.008707
SPG,63,114,rv_5d,0.056254
SPG,63,114,rv_10d,0.053955
SPG,63,114,rv_21d,0.238837
SPG,63,114,rv_63d,0.030089
SPG,63,114,rv_126d,0.010293
SPG,63,114,ewma_vol,0.042292
SPG,63,114,garch_cond_vol,0.01052
SPG,63,114,ret_TARGET,0.0
SPG,63,114,tech_RSI,0.002099
SPG,63,114,tech_MACD_hist,0.0
SPG,63,114,ret_VIXY,0.0
SPG,63,114,mom21_VIXY,0.005406
SPG,63,114,ret_HYG,0.0
SPG,63,114,mom21_HYG,0.005867
SPG,63,114,ret_USO,0.0
SPG,63,114,mom21_USO,0.005037
SPG,63,114,ret_TLT,0.0
SPG,63,114,mom21_TLT,0.002659
SPG,63,114,ret_UUP,0.0
SPG,63,114,mom21_UUP,0.002107
SPG,63,114,ret_SPY,0.001802
SPG,63,114,mom21_SPY,0.00817
SPG,63,114,vol_vel,0.0
SPG,63,114,vol_of_vol,0.013716
SPG,63,114,vol_regime_zscore,0.025959
SPG,63,114,vol_chg_21d,0.002041
SPG,63,114,event_fed_gravity,0.011453
SPG,63,114,event_earn_gravity,0.0
SPG,63,114,event_div_gravity,0.0
SPG,63,114,event_cpi_gravity,0.011963
SPG,63,114,event_nfp_gravity,0.01344
SPG,63,114,put_call_skew_30d,0.001465
SPG,63,114,term_structure_slope,0.005946
SPG,63,114,vrp_wedge,0.008768
SPG,63,114,iv_atm_z_score,0.01908
SPG,63,114,macro_yield_curve_slope,0.021527
SPG,63,114,macro_hy_spread,0.021374
SPG,63,114,macro_hy_spread_chg_5d,0.002145
SPG,63,114,macro_breakeven_5y,0.027119
SPG,63,114,macro_inflation_fwd_5y5y,0.040584
SPG,63,114,macro_inflation_fwd_chg_21d,0.020555
SPG,63,114,macro_inflation_fwd_abs_chg_21d,0.007062
SPG,63,114,macro_inflation_fwd_chg_63d,0.013802
SPG,63,114,macro_inflation_fwd_zscore,0.018968
SPG,63,114,macro_dollar_ret,0.0
SPG,63,114,beta_spy,0.007444
SPG,63,114,res_vol,0.06813
SPG,63,114,res_vol_vel,0.0
SPG,63,114,price_regime,0.130803
SPG,63,114,corr_sector_21d,0.007183
SPG,63,114,corr_sector_252d,0.012472
SPG,63,114,sector_wedge,0.011615
SPG,63,115,rv_5d,0.056976
SPG,63,115,rv_10d,0.158896
SPG,63,115,rv_21d,0.203266
SPG,63,115,rv_63d,0.020216
SPG,63,115,rv_126d,0.014495
SPG,63,115,ewma_vol,0.032373
SPG,63,115,garch_cond_vol,0.022501
SPG,63,115,ret_TARGET,0.0
SPG,63,115,tech_RSI,0.002068
SPG,63,115,tech_MACD_hist,0.001184
SPG,63,115,ret_VIXY,0.0
SPG,63,115,mom21_VIXY,0.00565
SPG,63,115,ret_HYG,0.0
SPG,63,115,mom21_HYG,0.003788
SPG,63,115,ret_USO,0.0
SPG,63,115,mom21_USO,0.005446
SPG,63,115,ret_TLT,0.001981
SPG,63,115,mom21_TLT,0.002653
SPG,63,115,ret_UUP,0.0
SPG,63,115,mom21_UUP,0.001205
SPG,63,115,ret_SPY,0.001939
SPG,63,115,mom21_SPY,0.001254
SPG,63,115,vol_vel,0.0
SPG,63,115,vol_of_vol,0.010326
SPG,63,115,vol_regime_zscore,0.028489
SPG,63,115,vol_chg_21d,0.010529
SPG,63,115,event_fed_gravity,0.010273
SPG,63,115,event_earn_gravity,0.0
SPG,63,115,event_div_gravity,0.0
SPG,63,115,event_cpi_gravity,0.010567
SPG,63,115,event_nfp_gravity,0.019246
SPG,63,115,put_call_skew_30d,0.001315
SPG,63,115,term_structure_slope,0.00408
SPG,63,115,vrp_wedge,0.006908
SPG,63,115,iv_atm_z_score,0.008288
SPG,63,115,macro_yield_curve_slope,0.020551
SPG,63,115,macro_hy_spread,0.014845
SPG,63,115,macro_hy_spread_chg_5d,0.00165
SPG,63,115,macro_breakeven_5y,0.022587
SPG,63,115,macro_inflation_fwd_5y5y,0.037094
SPG,63,115,macro_inflation_fwd_chg_21d,0.018655
SPG,63,115,macro_inflation_fwd_abs_chg_21d,0.012144
SPG,63,115,macro_inflation_fwd_chg_63d,0.015244
SPG,63,115,macro_inflation_fwd_zscore,0.007967
SPG,63,115,macro_dollar_ret,0.0
SPG,63,115,beta_spy,0.007713
SPG,63,115,res_vol,0.043149
SPG,63,115,res_vol_vel,0.001929
SPG,63,115,price_regime,0.119738
SPG,63,115,corr_sector_21d,0.009247
SPG,63,115,corr_sector_252d,0.008465
SPG,63,115,sector_wedge,0.013112
SPG,63,116,rv_5d,0.048659
SPG,63,116,rv_10d,0.045643
SPG,63,116,rv_21d,0.201069
SPG,63,116,rv_63d,0.030497
SPG,63,116,rv_126d,0.012384
SPG,63,116,ewma_vol,0.038439
SPG,63,116,garch_cond_vol,0.043816
SPG,63,116,ret_TARGET,0.0
SPG,63,116,tech_RSI,0.001648
SPG,63,116,tech_MACD_hist,0.0
SPG,63,116,ret_VIXY,0.0
SPG,63,116,mom21_VIXY,0.008086
SPG,63,116,ret_HYG,0.0
SPG,63,116,mom21_HYG,0.006217
SPG,63,116,ret_USO,0.0
SPG,63,116,mom21_USO,0.006546
SPG,63,116,ret_TLT,0.002035
SPG,63,116,mom21_TLT,0.002603
SPG,63,116,ret_UUP,0.0
SPG,63,116,mom21_UUP,0.003172
SPG,63,116,ret_SPY,0.0026
SPG,63,116,mom21_SPY,0.020827
SPG,63,116,vol_vel,0.0
SPG,63,116,vol_of_vol,0.006451
SPG,63,116,vol_regime_zscore,0.030233
SPG,63,116,vol_chg_21d,0.002305
SPG,63,116,event_fed_gravity,0.010986
SPG,63,116,event_earn_gravity,0.0
SPG,63,116,event_div_gravity,0.0
SPG,63,116,event_cpi_gravity,0.016551
SPG,63,116,event_nfp_gravity,0.016795
SPG,63,116,put_call_skew_30d,0.001809
SPG,63,116,term_structure_slope,0.0
SPG,63,116,vrp_wedge,0.008297
SPG,63,116,iv_atm_z_score,0.016878
SPG,63,116,macro_yield_curve_slope,0.023269
SPG,63,116,macro_hy_spread,0.023143
SPG,63,116,macro_hy_spread_chg_5d,0.001898
SPG,63,116,macro_breakeven_5y,0.028277
SPG,63,116,macro_inflation_fwd_5y5y,0.04098
SPG,63,116,macro_inflation_fwd_chg_21d,0.027927
SPG,63,116,macro_inflation_fwd_abs_chg_21d,0.006755
SPG,63,116,macro_inflation_fwd_chg_63d,0.009355
SPG,63,116,macro_inflation_fwd_zscore,0.013127
SPG,63,116,macro_dollar_ret,0.0
SPG,63,116,beta_spy,0.008997
SPG,63,116,res_vol,0.056341
SPG,63,116,res_vol_vel,0.002078
SPG,63,116,price_regime,0.131709
SPG,63,116,corr_sector_21d,0.006812
SPG,63,116,corr_sector_252d,0.009829
SPG,63,116,sector_wedge,0.024956
SPG,63,117,rv_5d,0.086003
SPG,63,117,rv_10d,0.031829
SPG,63,117,rv_21d,0.238267
SPG,63,117,rv_63d,0.025903
SPG,63,117,rv_126d,0.012062
SPG,63,117,ewma_vol,0.056839
SPG,63,117,garch_cond_vol,0.005188
SPG,63,117,ret_TARGET,0.0
SPG,63,117,tech_RSI,0.002474
SPG,63,117,tech_MACD_hist,0.0
SPG,63,117,ret_VIXY,0.0
SPG,63,117,mom21_VIXY,0.007506
SPG,63,117,ret_HYG,0.0
SPG,63,117,mom21_HYG,0.006963
SPG,63,117,ret_USO,0.0
SPG,63,117,mom21_USO,0.006962
SPG,63,117,ret_TLT,0.002145
SPG,63,117,mom21_TLT,0.003007
SPG,63,117,ret_UUP,0.0
SPG,63,117,mom21_UUP,0.002412
SPG,63,117,ret_SPY,0.00226
SPG,63,117,mom21_SPY,0.003707
SPG,63,117,vol_vel,0.0
SPG,63,117,vol_of_vol,0.006084
SPG,63,117,vol_regime_zscore,0.029028
SPG,63,117,vol_chg_21d,0.0
SPG,63,117,event_fed_gravity,0.012375
SPG,63,117,event_earn_gravity,0.0
SPG,63,117,event_div_gravity,0.0
SPG,63,117,event_cpi_gravity,0.015655
SPG,63,117,event_nfp_gravity,0.01449
SPG,63,117,put_call_skew_30d,0.001676
SPG,63,117,term_structure_slope,0.00482
SPG,63,117,vrp_wedge,0.008747
SPG,63,117,iv_atm_z_score,0.010999
SPG,63,117,macro_yield_curve_slope,0.0287
SPG,63,117,macro_hy_spread,0.02468
SPG,63,117,macro_hy_spread_chg_5d,0.001726
SPG,63,117,macro_breakeven_5y,0.026066
SPG,63,117,macro_inflation_fwd_5y5y,0.042922
SPG,63,117,macro_inflation_fwd_chg_21d,0.015966
SPG,63,117,macro_inflation_fwd_abs_chg_21d,0.008882
SPG,63,117,macro_inflation_fwd_chg_63d,0.010524
SPG,63,117,macro_inflation_fwd_zscore,0.007797
SPG,63,117,macro_dollar_ret,0.0
SPG,63,117,beta_spy,0.008986
SPG,63,117,res_vol,0.072159
SPG,63,117,res_vol_vel,0.003487
SPG,63,117,price_regime,0.122067
SPG,63,117,corr_sector_21d,0.007567
SPG,63,117,corr_sector_252d,0.013085
SPG,63,117,sector_wedge,0.007986
SPG,63,118,rv_5d,0.084267
SPG,63,118,rv_10d,0.054375
SPG,63,118,rv_21d,0.236744
SPG,63,118,rv_63d,0.032798
SPG,63,118,rv_126d,0.010841
SPG,63,118,ewma_vol,0.042045
SPG,63,118,garch_cond_vol,0.011782
SPG,63,118,ret_TARGET,0.0
SPG,63,118,tech_RSI,0.002701
SPG,63,118,tech_MACD_hist,0.0
SPG,63,118,ret_VIXY,0.0
SPG,63,118,mom21_VIXY,0.00679
SPG,63,118,ret_HYG,0.0
SPG,63,118,mom21_HYG,0.005344
SPG,63,118,ret_USO,0.0
SPG,63,118,mom21_USO,0.007019
SPG,63,118,ret_TLT,0.0
SPG,63,118,mom21_TLT,0.00281
SPG,63,118,ret_UUP,0.0
SPG,63,118,mom21_UUP,0.001698
SPG,63,118,ret_SPY,0.001761
SPG,63,118,mom21_SPY,0.002482
SPG,63,118,vol_vel,0.0
SPG,63,118,vol_of_vol,0.005023
SPG,63,118,vol_regime_zscore,0.01908
SPG,63,118,vol_chg_21d,0.001768
SPG,63,118,event_fed_gravity,0.011142
SPG,63,118,event_earn_gravity,0.0
SPG,63,118,event_div_gravity,0.0
SPG,63,118,event_cpi_gravity,0.015371
SPG,63,118,event_nfp_gravity,0.009126
SPG,63,118,put_call_skew_30d,0.001421
SPG,63,118,term_structure_slope,0.004826
SPG,63,118,vrp_wedge,0.00752
SPG,63,118,iv_atm_z_score,0.023469
SPG,63,118,macro_yield_curve_slope,0.023304
SPG,63,118,macro_hy_spread,0.019506
SPG,63,118,macro_hy_spread_chg_5d,0.002028
SPG,63,118,macro_breakeven_5y,0.033233
SPG,63,118,macro_inflation_fwd_5y5y,0.038426
SPG,63,118,macro_inflation_fwd_chg_21d,0.033042
SPG,63,118,macro_inflation_fwd_abs_chg_21d,0.007103
SPG,63,118,macro_inflation_fwd_chg_63d,0.014821
SPG,63,118,macro_inflation_fwd_zscore,0.007051
SPG,63,118,macro_dollar_ret,0.0
SPG,63,118,beta_spy,0.007367
SPG,63,118,res_vol,0.064522
SPG,63,118,res_vol_vel,0.002301
SPG,63,118,price_regime,0.115083
SPG,63,118,corr_sector_21d,0.00738
SPG,63,118,corr_sector_252d,0.014059
SPG,63,118,sector_wedge,0.008569
SPG,63,119,rv_5d,0.066126
SPG,63,119,rv_10d,0.026961
SPG,63,119,rv_21d,0.204084
SPG,63,119,rv_63d,0.033445
SPG,63,119,rv_126d,0.011423
SPG,63,119,ewma_vol,0.041231
SPG,63,119,garch_cond_vol,0.032055
SPG,63,119,ret_TARGET,0.0
SPG,63,119,tech_RSI,0.002275
SPG,63,119,tech_MACD_hist,0.0
SPG,63,119,ret_VIXY,0.0
SPG,63,119,mom21_VIXY,0.005063
SPG,63,119,ret_HYG,0.0
SPG,63,119,mom21_HYG,0.004444
SPG,63,119,ret_USO,0.0
SPG,63,119,mom21_USO,0.009516
SPG,63,119,ret_TLT,0.0
SPG,63,119,mom21_TLT,0.002526
SPG,63,119,ret_UUP,0.0
SPG,63,119,mom21_UUP,0.003929
SPG,63,119,ret_SPY,0.001981
SPG,63,119,mom21_SPY,0.008092
SPG,63,119,vol_vel,0.0
SPG,63,119,vol_of_vol,0.009201
SPG,63,119,vol_regime_zscore,0.023135
SPG,63,119,vol_chg_21d,0.001523
SPG,63,119,event_fed_gravity,0.011916
SPG,63,119,event_earn_gravity,0.0
SPG,63,119,event_div_gravity,0.0
SPG,63,119,event_cpi_gravity,0.011389
SPG,63,119,event_nfp_gravity,0.013365
SPG,63,119,put_call_skew_30d,0.003138
SPG,63,119,term_structure_slope,0.005277
SPG,63,119,vrp_wedge,0.007985
SPG,63,119,iv_atm_z_score,0.022012
SPG,63,119,macro_yield_curve_slope,0.022088
SPG,63,119,macro_hy_spread,0.02335
SPG,63,119,macro_hy_spread_chg_5d,0.001767
SPG,63,119,macro_breakeven_5y,0.026497
SPG,63,119,macro_inflation_fwd_5y5y,0.038018
SPG,63,119,macro_inflation_fwd_chg_21d,0.041722
SPG,63,119,macro_inflation_fwd_abs_chg_21d,0.011006
SPG,63,119,macro_inflation_fwd_chg_63d,0.020363
SPG,63,119,macro_inflation_fwd_zscore,0.006275
SPG,63,119,macro_dollar_ret,0.0
SPG,63,119,beta_spy,0.006987
SPG,63,119,res_vol,0.07422
SPG,63,119,res_vol_vel,0.002714
SPG,63,119,price_regime,0.13351
SPG,63,119,corr_sector_21d,0.006774
SPG,63,119,corr_sector_252d,0.01376
SPG,63,119,sector_wedge,0.008859
SPG,63,120,rv_5d,0.08362
SPG,63,120,rv_10d,0.03369
SPG,63,120,rv_21d,0.21954
SPG,63,120,rv_63d,0.030616
SPG,63,120,rv_126d,0.014229
SPG,63,120,ewma_vol,0.046094
SPG,63,120,garch_cond_vol,0.036198
SPG,63,120,ret_TARGET,0.0
SPG,63,120,tech_RSI,0.001922
SPG,63,120,tech_MACD_hist,0.0
SPG,63,120,ret_VIXY,0.0
SPG,63,120,mom21_VIXY,0.008255
SPG,63,120,ret_HYG,0.0
SPG,63,120,mom21_HYG,0.005221
SPG,63,120,ret_USO,0.0
SPG,63,120,mom21_USO,0.005167
SPG,63,120,ret_TLT,0.0
SPG,63,120,mom21_TLT,0.002623
SPG,63,120,ret_UUP,0.0
SPG,63,120,mom21_UUP,0.003774
SPG,63,120,ret_SPY,0.002592
SPG,63,120,mom21_SPY,0.004125
SPG,63,120,vol_vel,0.0
SPG,63,120,vol_of_vol,0.013568
SPG,63,120,vol_regime_zscore,0.027185
SPG,63,120,vol_chg_21d,0.0
SPG,63,120,event_fed_gravity,0.012178
SPG,63,120,event_earn_gravity,0.0
SPG,63,120,event_div_gravity,0.0
SPG,63,120,event_cpi_gravity,0.011567
SPG,63,120,event_nfp_gravity,0.015506
SPG,63,120,put_call_skew_30d,0.00167
SPG,63,120,term_structure_slope,0.003178
SPG,63,120,vrp_wedge,0.007667
SPG,63,120,iv_atm_z_score,0.01866
SPG,63,120,macro_yield_curve_slope,0.022448
SPG,63,120,macro_hy_spread,0.024556
SPG,63,120,macro_hy_spread_chg_5d,0.002315
SPG,63,120,macro_breakeven_5y,0.029813
SPG,63,120,macro_inflation_fwd_5y5y,0.037792
SPG,63,120,macro_inflation_fwd_chg_21d,0.027369
SPG,63,120,macro_inflation_fwd_abs_chg_21d,0.010455
SPG,63,120,macro_inflation_fwd_chg_63d,0.011815
SPG,63,120,macro_inflation_fwd_zscore,0.011503
SPG,63,120,macro_dollar_ret,0.0
SPG,63,120,beta_spy,0.007829
SPG,63,120,res_vol,0.065494
SPG,63,120,res_vol_vel,0.002438
SPG,63,120,price_regime,0.111726
SPG,63,120,corr_sector_21d,0.006938
SPG,63,120,corr_sector_252d,0.010631
SPG,63,120,sector_wedge,0.008036
SPG,63,121,rv_5d,0.077715
SPG,63,121,rv_10d,0.060826
SPG,63,121,rv_21d,0.24402
SPG,63,121,rv_63d,0.02115
SPG,63,121,rv_126d,0.016766
SPG,63,121,ewma_vol,0.036207
SPG,63,121,garch_cond_vol,0.018056
SPG,63,121,ret_TARGET,0.0
SPG,63,121,tech_RSI,0.002369
SPG,63,121,tech_MACD_hist,0.001306
SPG,63,121,ret_VIXY,0.0
SPG,63,121,mom21_VIXY,0.006023
SPG,63,121,ret_HYG,0.0
SPG,63,121,mom21_HYG,0.006908
SPG,63,121,ret_USO,0.0
SPG,63,121,mom21_USO,0.006042
SPG,63,121,ret_TLT,0.0
SPG,63,121,mom21_TLT,0.002652
SPG,63,121,ret_UUP,0.0
SPG,63,121,mom21_UUP,0.0
SPG,63,121,ret_SPY,0.001766
SPG,63,121,mom21_SPY,0.021527
SPG,63,121,vol_vel,0.0
SPG,63,121,vol_of_vol,0.012399
SPG,63,121,vol_regime_zscore,0.026209
SPG,63,121,vol_chg_21d,0.003561
SPG,63,121,event_fed_gravity,0.012254
SPG,63,121,event_earn_gravity,0.0
SPG,63,121,event_div_gravity,0.0
SPG,63,121,event_cpi_gravity,0.01069
SPG,63,121,event_nfp_gravity,0.012533
SPG,63,121,put_call_skew_30d,0.001467
SPG,63,121,term_structure_slope,0.0
SPG,63,121,vrp_wedge,0.007907
SPG,63,121,iv_atm_z_score,0.021762
SPG,63,121,macro_yield_curve_slope,0.018457
SPG,63,121,macro_hy_spread,0.022578
SPG,63,121,macro_hy_spread_chg_5d,0.002038
SPG,63,121,macro_breakeven_5y,0.021808
SPG,63,121,macro_inflation_fwd_5y5y,0.037643
SPG,63,121,macro_inflation_fwd_chg_21d,0.021669
SPG,63,121,macro_inflation_fwd_abs_chg_21d,0.012491
SPG,63,121,macro_inflation_fwd_chg_63d,0.010717
SPG,63,121,macro_inflation_fwd_zscore,0.014628
SPG,63,121,macro_dollar_ret,0.0
SPG,63,121,beta_spy,0.005991
SPG,63,121,res_vol,0.064862
SPG,63,121,res_vol_vel,0.001642
SPG,63,121,price_regime,0.110825
SPG,63,121,corr_sector_21d,0.007672
SPG,63,121,corr_sector_252d,0.009546
SPG,63,121,sector_wedge,0.005316
SPG,63,122,rv_5d,0.087025
SPG,63,122,rv_10d,0.07392
SPG,63,122,rv_21d,0.275454
SPG,63,122,rv_63d,0.021192
SPG,63,122,rv_126d,0.015101
SPG,63,122,ewma_vol,0.042438
SPG,63,122,garch_cond_vol,0.01611
SPG,63,122,ret_TARGET,0.0
SPG,63,122,tech_RSI,0.004333
SPG,63,122,tech_MACD_hist,0.002974
SPG,63,122,ret_VIXY,0.001408
SPG,63,122,mom21_VIXY,0.006132
SPG,63,122,ret_HYG,0.0
SPG,63,122,mom21_HYG,0.004573
SPG,63,122,ret_USO,0.0
SPG,63,122,mom21_USO,0.008048
SPG,63,122,ret_TLT,0.0
SPG,63,122,mom21_TLT,0.002551
SPG,63,122,ret_UUP,0.0
SPG,63,122,mom21_UUP,0.0
SPG,63,122,ret_SPY,0.002058
SPG,63,122,mom21_SPY,0.0
SPG,63,122,vol_vel,0.0
SPG,63,122,vol_of_vol,0.007102
SPG,63,122,vol_regime_zscore,0.017975
SPG,63,122,vol_chg_21d,0.001604
SPG,63,122,event_fed_gravity,0.012681
SPG,63,122,event_earn_gravity,0.0
SPG,63,122,event_div_gravity,0.0
SPG,63,122,event_cpi_gravity,0.0094
SPG,63,122,event_nfp_gravity,0.013056
SPG,63,122,put_call_skew_30d,0.001678
SPG,63,122,term_structure_slope,0.0
SPG,63,122,vrp_wedge,0.011214
SPG,63,122,iv_atm_z_score,0.02088
SPG,63,122,macro_yield_curve_slope,0.02018
SPG,63,122,macro_hy_spread,0.019912
SPG,63,122,macro_hy_spread_chg_5d,0.001501
SPG,63,122,macro_breakeven_5y,0.023223
SPG,63,122,macro_inflation_fwd_5y5y,0.034398
SPG,63,122,macro_inflation_fwd_chg_21d,0.017577
SPG,63,122,macro_inflation_fwd_abs_chg_21d,0.012573
SPG,63,122,macro_inflation_fwd_chg_63d,0.0156
SPG,63,122,macro_inflation_fwd_zscore,0.007315
SPG,63,122,macro_dollar_ret,0.0
SPG,63,122,beta_spy,0.005494
SPG,63,122,res_vol,0.069146
SPG,63,122,res_vol_vel,0.001737
SPG,63,122,price_regime,0.085825
SPG,63,122,corr_sector_21d,0.009013
SPG,63,122,corr_sector_252d,0.014696
SPG,63,122,sector_wedge,0.002902
SPG,63,123,rv_5d,0.084274
SPG,63,123,rv_10d,0.091745
SPG,63,123,rv_21d,0.260157
SPG,63,123,rv_63d,0.023522
SPG,63,123,rv_126d,0.016727
SPG,63,123,ewma_vol,0.025767
SPG,63,123,garch_cond_vol,0.015685
SPG,63,123,ret_TARGET,0.0
SPG,63,123,tech_RSI,0.0
SPG,63,123,tech_MACD_hist,0.0
SPG,63,123,ret_VIXY,0.0
SPG,63,123,mom21_VIXY,0.005906
SPG,63,123,ret_HYG,0.0
SPG,63,123,mom21_HYG,0.004965
SPG,63,123,ret_USO,0.0
SPG,63,123,mom21_USO,0.006909
SPG,63,123,ret_TLT,0.0
SPG,63,123,mom21_TLT,0.002629
SPG,63,123,ret_UUP,0.0
SPG,63,123,mom21_UUP,0.0
SPG,63,123,ret_SPY,0.00244
SPG,63,123,mom21_SPY,0.001383
SPG,63,123,vol_vel,0.0
SPG,63,123,vol_of_vol,0.005426
SPG,63,123,vol_regime_zscore,0.030905
SPG,63,123,vol_chg_21d,0.002453
SPG,63,123,event_fed_gravity,0.010843
SPG,63,123,event_earn_gravity,0.0
SPG,63,123,event_div_gravity,0.0
SPG,63,123,event_cpi_gravity,0.014843
SPG,63,123,event_nfp_gravity,0.013254
SPG,63,123,put_call_skew_30d,0.001651
SPG,63,123,term_structure_slope,0.001561
SPG,63,123,vrp_wedge,0.008831
SPG,63,123,iv_atm_z_score,0.019214
SPG,63,123,macro_yield_curve_slope,0.018212
SPG,63,123,macro_hy_spread,0.019876
SPG,63,123,macro_hy_spread_chg_5d,0.002503
SPG,63,123,macro_breakeven_5y,0.02356
SPG,63,123,macro_inflation_fwd_5y5y,0.036714
SPG,63,123,macro_inflation_fwd_chg_21d,0.018205
SPG,63,123,macro_inflation_fwd_abs_chg_21d,0.006282
SPG,63,123,macro_inflation_fwd_chg_63d,0.011195
SPG,63,123,macro_inflation_fwd_zscore,0.008794
SPG,63,123,macro_dollar_ret,0.0
SPG,63,123,beta_spy,0.006987
SPG,63,123,res_vol,0.060767
SPG,63,123,res_vol_vel,0.002204
SPG,63,123,price_regime,0.106666
SPG,63,123,corr_sector_21d,0.010033
SPG,63,123,corr_sector_252d,0.009971
SPG,63,123,sector_wedge,0.006938
SPG,63,124,rv_5d,0.11041
SPG,63,124,rv_10d,0.06741
SPG,63,124,rv_21d,0.218634
SPG,63,124,rv_63d,0.024765
SPG,63,124,rv_126d,0.01522
SPG,63,124,ewma_vol,0.031065
SPG,63,124,garch_cond_vol,0.025432
SPG,63,124,ret_TARGET,0.0
SPG,63,124,tech_RSI,0.0
SPG,63,124,tech_MACD_hist,0.0
SPG,63,124,ret_VIXY,0.0
SPG,63,124,mom21_VIXY,0.004553
SPG,63,124,ret_HYG,0.0
SPG,63,124,mom21_HYG,0.005348
SPG,63,124,ret_USO,0.0
SPG,63,124,mom21_USO,0.010212
SPG,63,124,ret_TLT,0.0
SPG,63,124,mom21_TLT,0.00242
SPG,63,124,ret_UUP,0.0
SPG,63,124,mom21_UUP,0.0
SPG,63,124,ret_SPY,0.001964
SPG,63,124,mom21_SPY,0.009366
SPG,63,124,vol_vel,0.002643
SPG,63,124,vol_of_vol,0.00518
SPG,63,124,vol_regime_zscore,0.019851
SPG,63,124,vol_chg_21d,0.004159
SPG,63,124,event_fed_gravity,0.011428
SPG,63,124,event_earn_gravity,0.0
SPG,63,124,event_div_gravity,0.0
SPG,63,124,event_cpi_gravity,0.013413
SPG,63,124,event_nfp_gravity,0.01357
SPG,63,124,put_call_skew_30d,0.001693
SPG,63,124,term_structure_slope,0.004343
SPG,63,124,vrp_wedge,0.008119
SPG,63,124,iv_atm_z_score,0.020413
SPG,63,124,macro_yield_curve_slope,0.01347
SPG,63,124,macro_hy_spread,0.020285
SPG,63,124,macro_hy_spread_chg_5d,0.002247
SPG,63,124,macro_breakeven_5y,0.024769
SPG,63,124,macro_inflation_fwd_5y5y,0.035359
SPG,63,124,macro_inflation_fwd_chg_21d,0.01927
SPG,63,124,macro_inflation_fwd_abs_chg_21d,0.011717
SPG,63,124,macro_inflation_fwd_chg_63d,0.020051
SPG,63,124,macro_inflation_fwd_zscore,0.008641
SPG,63,124,macro_dollar_ret,0.0
SPG,63,124,beta_spy,0.006408
SPG,63,124,res_vol,0.065632
SPG,63,124,res_vol_vel,0.00163
SPG,63,124,price_regime,0.113809
SPG,63,124,corr_sector_21d,0.006592
SPG,63,124,corr_sector_252d,0.011798
SPG,63,124,sector_wedge,0.006712
SPG,63,125,rv_5d,0.067208
SPG,63,125,rv_10d,0.07923
SPG,63,125,rv_21d,0.256331
SPG,63,125,rv_63d,0.02505
SPG,63,125,rv_126d,0.01667
SPG,63,125,ewma_vol,0.033883
SPG,63,125,garch_cond_vol,0.016805
SPG,63,125,ret_TARGET,0.0
SPG,63,125,tech_RSI,0.00436
SPG,63,125,tech_MACD_hist,0.0
SPG,63,125,ret_VIXY,0.0
SPG,63,125,mom21_VIXY,0.003402
SPG,63,125,ret_HYG,0.0
SPG,63,125,mom21_HYG,0.005879
SPG,63,125,ret_USO,0.0
SPG,63,125,mom21_USO,0.009152
SPG,63,125,ret_TLT,0.0
SPG,63,125,mom21_TLT,0.002457
SPG,63,125,ret_UUP,0.0
SPG,63,125,mom21_UUP,0.0
SPG,63,125,ret_SPY,0.001579
SPG,63,125,mom21_SPY,0.021115
SPG,63,125,vol_vel,0.0
SPG,63,125,vol_of_vol,0.004286
SPG,63,125,vol_regime_zscore,0.025148
SPG,63,125,vol_chg_21d,0.002453
SPG,63,125,event_fed_gravity,0.00862
SPG,63,125,event_earn_gravity,0.0
SPG,63,125,event_div_gravity,0.0
SPG,63,125,event_cpi_gravity,0.014054
SPG,63,125,event_nfp_gravity,0.012109
SPG,63,125,put_call_skew_30d,0.001808
SPG,63,125,term_structure_slope,0.004541
SPG,63,125,vrp_wedge,0.007384
SPG,63,125,iv_atm_z_score,0.019113
SPG,63,125,macro_yield_curve_slope,0.016768
SPG,63,125,macro_hy_spread,0.018071
SPG,63,125,macro_hy_spread_chg_5d,0.002708
SPG,63,125,macro_breakeven_5y,0.021176
SPG,63,125,macro_inflation_fwd_5y5y,0.036226
SPG,63,125,macro_inflation_fwd_chg_21d,0.0298
SPG,63,125,macro_inflation_fwd_abs_chg_21d,0.010773
SPG,63,125,macro_inflation_fwd_chg_63d,0.009929
SPG,63,125,macro_inflation_fwd_zscore,0.008534
SPG,63,125,macro_dollar_ret,0.0
SPG,63,125,beta_spy,0.00592
SPG,63,125,res_vol,0.063138
SPG,63,125,res_vol_vel,0.001835
SPG,63,125,price_regime,0.112482
SPG,63,125,corr_sector_21d,0.00657
SPG,63,125,corr_sector_252d,0.009865
SPG,63,125,sector_wedge,0.003568
SPG,63,126,rv_5d,0.083096
SPG,63,126,rv_10d,0.069703
SPG,63,126,rv_21d,0.250176
SPG,63,126,rv_63d,0.022949
SPG,63,126,rv_126d,0.01807
SPG,63,126,ewma_vol,0.031713
SPG,63,126,garch_cond_vol,0.020607
SPG,63,126,ret_TARGET,0.0
SPG,63,126,tech_RSI,0.00157
SPG,63,126,tech_MACD_hist,0.0
SPG,63,126,ret_VIXY,0.0
SPG,63,126,mom21_VIXY,0.004493
SPG,63,126,ret_HYG,0.0
SPG,63,126,mom21_HYG,0.004098
SPG,63,126,ret_USO,0.0
SPG,63,126,mom21_USO,0.008289
SPG,63,126,ret_TLT,0.0
SPG,63,126,mom21_TLT,0.002372
SPG,63,126,ret_UUP,0.0
SPG,63,126,mom21_UUP,0.0
SPG,63,126,ret_SPY,0.001956
SPG,63,126,mom21_SPY,0.020668
SPG,63,126,vol_vel,0.002379
SPG,63,126,vol_of_vol,0.006653
SPG,63,126,vol_regime_zscore,0.029397
SPG,63,126,vol_chg_21d,0.002844
SPG,63,126,event_fed_gravity,0.011689
SPG,63,126,event_earn_gravity,0.0
SPG,63,126,event_div_gravity,0.0
SPG,63,126,event_cpi_gravity,0.011647
SPG,63,126,event_nfp_gravity,0.015513
SPG,63,126,put_call_skew_30d,0.002986
SPG,63,126,term_structure_slope,0.0
SPG,63,126,vrp_wedge,0.010231
SPG,63,126,iv_atm_z_score,0.018408
SPG,63,126,macro_yield_curve_slope,0.01484
SPG,63,126,macro_hy_spread,0.015466
SPG,63,126,macro_hy_spread_chg_5d,0.00199
SPG,63,126,macro_breakeven_5y,0.023634
SPG,63,126,macro_inflation_fwd_5y5y,0.032494
SPG,63,126,macro_inflation_fwd_chg_21d,0.020666
SPG,63,126,macro_inflation_fwd_abs_chg_21d,0.008577
SPG,63,126,macro_inflation_fwd_chg_63d,0.01179
SPG,63,126,macro_inflation_fwd_zscore,0.010591
SPG,63,126,macro_dollar_ret,0.0
SPG,63,126,beta_spy,0.005411
SPG,63,126,res_vol,0.059707
SPG,63,126,res_vol_vel,0.002076
SPG,63,126,price_regime,0.109126
SPG,63,126,corr_sector_21d,0.006188
SPG,63,126,corr_sector_252d,0.015434
SPG,63,126,sector_wedge,0.0105
SPG,63,127,rv_5d,0.115214
SPG,63,127,rv_10d,0.064152
SPG,63,127,rv_21d,0.220898
SPG,63,127,rv_63d,0.023874
SPG,63,127,rv_126d,0.018017
SPG,63,127,ewma_vol,0.037771
SPG,63,127,garch_cond_vol,0.017946
SPG,63,127,ret_TARGET,0.0
SPG,63,127,tech_RSI,0.003659
SPG,63,127,tech_MACD_hist,0.0
SPG,63,127,ret_VIXY,0.0
SPG,63,127,mom21_VIXY,0.009032
SPG,63,127,ret_HYG,0.0
SPG,63,127,mom21_HYG,0.004823
SPG,63,127,ret_USO,0.0
SPG,63,127,mom21_USO,0.007808
SPG,63,127,ret_TLT,0.0
SPG,63,127,mom21_TLT,0.002502
SPG,63,127,ret_UUP,0.0
SPG,63,127,mom21_UUP,0.004729
SPG,63,127,ret_SPY,0.002042
SPG,63,127,mom21_SPY,0.004955
SPG,63,127,vol_vel,0.0
SPG,63,127,vol_of_vol,0.009067
SPG,63,127,vol_regime_zscore,0.025931
SPG,63,127,vol_chg_21d,0.002277
SPG,63,127,event_fed_gravity,0.010899
SPG,63,127,event_earn_gravity,0.0
SPG,63,127,event_div_gravity,0.0
SPG,63,127,event_cpi_gravity,0.014758
SPG,63,127,event_nfp_gravity,0.014895
SPG,63,127,put_call_skew_30d,0.002179
SPG,63,127,term_structure_slope,0.0
SPG,63,127,vrp_wedge,0.009454
SPG,63,127,iv_atm_z_score,0.020373
SPG,63,127,macro_yield_curve_slope,0.016799
SPG,63,127,macro_hy_spread,0.018001
SPG,63,127,macro_hy_spread_chg_5d,0.002665
SPG,63,127,macro_breakeven_5y,0.025553
SPG,63,127,macro_inflation_fwd_5y5y,0.037103
SPG,63,127,macro_inflation_fwd_chg_21d,0.019002
SPG,63,127,macro_inflation_fwd_abs_chg_21d,0.006094
SPG,63,127,macro_inflation_fwd_chg_63d,0.015512
SPG,63,127,macro_inflation_fwd_zscore,0.005259
SPG,63,127,macro_dollar_ret,0.0
SPG,63,127,beta_spy,0.006514
SPG,63,127,res_vol,0.071584
SPG,63,127,res_vol_vel,0.002003
SPG,63,127,price_regime,0.097838
SPG,63,127,corr_sector_21d,0.005833
SPG,63,127,corr_sector_252d,0.014203
SPG,63,127,sector_wedge,0.008782
SPG,63,128,rv_5d,0.102935
SPG,63,128,rv_10d,0.055879
SPG,63,128,rv_21d,0.218352
SPG,63,128,rv_63d,0.026665
SPG,63,128,rv_126d,0.01635
SPG,63,128,ewma_vol,0.04122
SPG,63,128,garch_cond_vol,0.015177
SPG,63,128,ret_TARGET,0.0
SPG,63,128,tech_RSI,0.0
SPG,63,128,tech_MACD_hist,0.0
SPG,63,128,ret_VIXY,0.0
SPG,63,128,mom21_VIXY,0.006049
SPG,63,128,ret_HYG,0.0
SPG,63,128,mom21_HYG,0.004893
SPG,63,128,ret_USO,0.0
SPG,63,128,mom21_USO,0.008476
SPG,63,128,ret_TLT,0.0
SPG,63,128,mom21_TLT,0.002714
SPG,63,128,ret_UUP,0.0
SPG,63,128,mom21_UUP,0.0
SPG,63,128,ret_SPY,0.002043
SPG,63,128,mom21_SPY,0.001697
SPG,63,128,vol_vel,0.002873
SPG,63,128,vol_of_vol,0.009839
SPG,63,128,vol_regime_zscore,0.037803
SPG,63,128,vol_chg_21d,0.002881
SPG,63,128,event_fed_gravity,0.011503
SPG,63,128,event_earn_gravity,0.0
SPG,63,128,event_div_gravity,0.0
SPG,63,128,event_cpi_gravity,0.015854
SPG,63,128,event_nfp_gravity,0.009783
SPG,63,128,put_call_skew_30d,0.002598
SPG,63,128,term_structure_slope,0.002
SPG,63,128,vrp_wedge,0.010693
SPG,63,128,iv_atm_z_score,0.009861
SPG,63,128,macro_yield_curve_slope,0.015486
SPG,63,128,macro_hy_spread,0.01724
SPG,63,128,macro_hy_spread_chg_5d,0.00169
SPG,63,128,macro_breakeven_5y,0.027759
SPG,63,128,macro_inflation_fwd_5y5y,0.037889
SPG,63,128,macro_inflation_fwd_chg_21d,0.019025
SPG,63,128,macro_inflation_fwd_abs_chg_21d,0.008029
SPG,63,128,macro_inflation_fwd_chg_63d,0.017357
SPG,63,128,macro_inflation_fwd_zscore,0.006577
SPG,63,128,macro_dollar_ret,0.0
SPG,63,128,beta_spy,0.006877
SPG,63,128,res_vol,0.073179
SPG,63,128,res_vol_vel,0.001979
SPG,63,128,price_regime,0.119691
SPG,63,128,corr_sector_21d,0.010061
SPG,63,128,corr_sector_252d,0.011316
SPG,63,128,sector_wedge,0.007708
SPG,63,129,rv_5d,0.082943
SPG,63,129,rv_10d,0.09548
SPG,63,129,rv_21d,0.27555
SPG,63,129,rv_63d,0.021422
SPG,63,129,rv_126d,0.015455
SPG,63,129,ewma_vol,0.033806
SPG,63,129,garch_cond_vol,0.017969
SPG,63,129,ret_TARGET,0.0
SPG,63,129,tech_RSI,0.001482
SPG,63,129,tech_MACD_hist,0.002519
SPG,63,129,ret_VIXY,0.0
SPG,63,129,mom21_VIXY,0.005825
SPG,63,129,ret_HYG,0.0
SPG,63,129,mom21_HYG,0.004596
SPG,63,129,ret_USO,0.0
SPG,63,129,mom21_USO,0.004669
SPG,63,129,ret_TLT,0.0
SPG,63,129,mom21_TLT,0.001895
SPG,63,129,ret_UUP,0.0
SPG,63,129,mom21_UUP,0.0
SPG,63,129,ret_SPY,0.001752
SPG,63,129,mom21_SPY,0.019928
SPG,63,129,vol_vel,0.002198
SPG,63,129,vol_of_vol,0.007641
SPG,63,129,vol_regime_zscore,0.015997
SPG,63,129,vol_chg_21d,0.002353
SPG,63,129,event_fed_gravity,0.008544
SPG,63,129,event_earn_gravity,0.0
SPG,63,129,event_div_gravity,0.0
SPG,63,129,event_cpi_gravity,0.009599
SPG,63,129,event_nfp_gravity,0.010081
SPG,63,129,put_call_skew_30d,0.002362
SPG,63,129,term_structure_slope,0.0
SPG,63,129,vrp_wedge,0.006203
SPG,63,129,iv_atm_z_score,0.022054
SPG,63,129,macro_yield_curve_slope,0.016217
SPG,63,129,macro_hy_spread,0.017845
SPG,63,129,macro_hy_spread_chg_5d,0.002044
SPG,63,129,macro_breakeven_5y,0.018358
SPG,63,129,macro_inflation_fwd_5y5y,0.030187
SPG,63,129,macro_inflation_fwd_chg_21d,0.01723
SPG,63,129,macro_inflation_fwd_abs_chg_21d,0.009554
SPG,63,129,macro_inflation_fwd_chg_63d,0.013464
SPG,63,129,macro_inflation_fwd_zscore,0.006606
SPG,63,129,macro_dollar_ret,0.0
SPG,63,129,beta_spy,0.005648
SPG,63,129,res_vol,0.060062
SPG,63,129,res_vol_vel,0.0
SPG,63,129,price_regime,0.103089
SPG,63,129,corr_sector_21d,0.007768
SPG,63,129,corr_sector_252d,0.009132
SPG,63,129,sector_wedge,0.010473
SPG,63,130,rv_5d,0.079036
SPG,63,130,rv_10d,0.060664
SPG,63,130,rv_21d,0.224866
SPG,63,130,rv_63d,0.024804
SPG,63,130,rv_126d,0.017351
SPG,63,130,ewma_vol,0.034127
SPG,63,130,garch_cond_vol,0.034136
SPG,63,130,ret_TARGET,0.0
SPG,63,130,tech_RSI,0.00259
SPG,63,130,tech_MACD_hist,0.0
SPG,63,130,ret_VIXY,0.0
SPG,63,130,mom21_VIXY,0.008539
SPG,63,130,ret_HYG,0.0
SPG,63,130,mom21_HYG,0.005777
SPG,63,130,ret_USO,0.0
SPG,63,130,mom21_USO,0.004674
SPG,63,130,ret_TLT,0.0
SPG,63,130,mom21_TLT,0.002605
SPG,63,130,ret_UUP,0.0
SPG,63,130,mom21_UUP,0.0
SPG,63,130,ret_SPY,0.00172
SPG,63,130,mom21_SPY,0.013383
SPG,63,130,vol_vel,0.002761
SPG,63,130,vol_of_vol,0.009693
SPG,63,130,vol_regime_zscore,0.019416
SPG,63,130,vol_chg_21d,0.002793
SPG,63,130,event_fed_gravity,0.011808
SPG,63,130,event_earn_gravity,0.0
SPG,63,130,event_div_gravity,0.0
SPG,63,130,event_cpi_gravity,0.012584
SPG,63,130,event_nfp_gravity,0.016224
SPG,63,130,put_call_skew_30d,0.001647
SPG,63,130,term_structure_slope,0.003331
SPG,63,130,vrp_wedge,0.007681
SPG,63,130,iv_atm_z_score,0.023817
SPG,63,130,macro_yield_curve_slope,0.017303
SPG,63,130,macro_hy_spread,0.016922
SPG,63,130,macro_hy_spread_chg_5d,0.002205
SPG,63,130,macro_breakeven_5y,0.025463
SPG,63,130,macro_inflation_fwd_5y5y,0.037151
SPG,63,130,macro_inflation_fwd_chg_21d,0.032253
SPG,63,130,macro_inflation_fwd_abs_chg_21d,0.008285
SPG,63,130,macro_inflation_fwd_chg_63d,0.015202
SPG,63,130,macro_inflation_fwd_zscore,0.010023
SPG,63,130,macro_dollar_ret,0.0
SPG,63,130,beta_spy,0.005779
SPG,63,130,res_vol,0.06154
SPG,63,130,res_vol_vel,0.00267
SPG,63,130,price_regime,0.101216
SPG,63,130,corr_sector_21d,0.01797
SPG,63,130,corr_sector_252d,0.012605
SPG,63,130,sector_wedge,0.007387
SPG,63,131,rv_5d,0.066148
SPG,63,131,rv_10d,0.069131
SPG,63,131,rv_21d,0.252182
SPG,63,131,rv_63d,0.02385
SPG,63,131,rv_126d,0.022464
SPG,63,131,ewma_vol,0.033562
SPG,63,131,garch_cond_vol,0.020786
SPG,63,131,ret_TARGET,0.0
SPG,63,131,tech_RSI,0.002063
SPG,63,131,tech_MACD_hist,0.0
SPG,63,131,ret_VIXY,0.001891
SPG,63,131,mom21_VIXY,0.005743
SPG,63,131,ret_HYG,0.0
SPG,63,131,mom21_HYG,0.004771
SPG,63,131,ret_USO,0.0
SPG,63,131,mom21_USO,0.007914
SPG,63,131,ret_TLT,0.0
SPG,63,131,mom21_TLT,0.002455
SPG,63,131,ret_UUP,0.0
SPG,63,131,mom21_UUP,0.003394
SPG,63,131,ret_SPY,0.002041
SPG,63,131,mom21_SPY,0.01047
SPG,63,131,vol_vel,0.005864
SPG,63,131,vol_of_vol,0.007319
SPG,63,131,vol_regime_zscore,0.023028
SPG,63,131,vol_chg_21d,0.004153
SPG,63,131,event_fed_gravity,0.009909
SPG,63,131,event_earn_gravity,0.0
SPG,63,131,event_div_gravity,0.0
SPG,63,131,event_cpi_gravity,0.011521
SPG,63,131,event_nfp_gravity,0.01914
SPG,63,131,put_call_skew_30d,0.001774
SPG,63,131,term_structure_slope,0.011391
SPG,63,131,vrp_wedge,0.007923
SPG,63,131,iv_atm_z_score,0.024603
SPG,63,131,macro_yield_curve_slope,0.017778
SPG,63,131,macro_hy_spread,0.01497
SPG,63,131,macro_hy_spread_chg_5d,0.001644
SPG,63,131,macro_breakeven_5y,0.022987
SPG,63,131,macro_inflation_fwd_5y5y,0.038961
SPG,63,131,macro_inflation_fwd_chg_21d,0.016114
SPG,63,131,macro_inflation_fwd_abs_chg_21d,0.014431
SPG,63,131,macro_inflation_fwd_chg_63d,0.012268
SPG,63,131,macro_inflation_fwd_zscore,0.004892
SPG,63,131,macro_dollar_ret,0.0
SPG,63,131,beta_spy,0.005921
SPG,63,131,res_vol,0.052717
SPG,63,131,res_vol_vel,0.002042
SPG,63,131,price_regime,0.10158
SPG,63,131,corr_sector_21d,0.008419
SPG,63,131,corr_sector_252d,0.009742
SPG,63,131,sector_wedge,0.020042
SPG,63,132,rv_5d,0.076349
SPG,63,132,rv_10d,0.035142
SPG,63,132,rv_21d,0.252096
SPG,63,132,rv_63d,0.026496
SPG,63,132,rv_126d,0.017406
SPG,63,132,ewma_vol,0.060305
SPG,63,132,garch_cond_vol,0.015114
SPG,63,132,ret_TARGET,0.0
SPG,63,132,tech_RSI,0.002719
SPG,63,132,tech_MACD_hist,0.0
SPG,63,132,ret_VIXY,0.0
SPG,63,132,mom21_VIXY,0.010862
SPG,63,132,ret_HYG,0.0
SPG,63,132,mom21_HYG,0.006122
SPG,63,132,ret_USO,0.0
SPG,63,132,mom21_USO,0.007647
SPG,63,132,ret_TLT,0.0
SPG,63,132,mom21_TLT,0.002115
SPG,63,132,ret_UUP,0.0
SPG,63,132,mom21_UUP,0.0
SPG,63,132,ret_SPY,0.001864
SPG,63,132,mom21_SPY,0.013039
SPG,63,132,vol_vel,0.0
SPG,63,132,vol_of_vol,0.01235
SPG,63,132,vol_regime_zscore,0.022452
SPG,63,132,vol_chg_21d,0.002943
SPG,63,132,event_fed_gravity,0.010364
SPG,63,132,event_earn_gravity,0.0
SPG,63,132,event_div_gravity,0.0
SPG,63,132,event_cpi_gravity,0.014197
SPG,63,132,event_nfp_gravity,0.01364
SPG,63,132,put_call_skew_30d,0.001435
SPG,63,132,term_structure_slope,0.006183
SPG,63,132,vrp_wedge,0.008406
SPG,63,132,iv_atm_z_score,0.023738
SPG,63,132,macro_yield_curve_slope,0.017588
SPG,63,132,macro_hy_spread,0.017068
SPG,63,132,macro_hy_spread_chg_5d,0.001923
SPG,63,132,macro_breakeven_5y,0.024827
SPG,63,132,macro_inflation_fwd_5y5y,0.037731
SPG,63,132,macro_inflation_fwd_chg_21d,0.022752
SPG,63,132,macro_inflation_fwd_abs_chg_21d,0.011593
SPG,63,132,macro_inflation_fwd_chg_63d,0.017839
SPG,63,132,macro_inflation_fwd_zscore,0.00481
SPG,63,132,macro_dollar_ret,0.0
SPG,63,132,beta_spy,0.007014
SPG,63,132,res_vol,0.06476
SPG,63,132,res_vol_vel,0.002321
SPG,63,132,price_regime,0.08931
SPG,63,132,corr_sector_21d,0.016101
SPG,63,132,corr_sector_252d,0.012381
SPG,63,132,sector_wedge,0.009002
SPG,63,133,rv_5d,0.083784
SPG,63,133,rv_10d,0.034645
SPG,63,133,rv_21d,0.21905
SPG,63,133,rv_63d,0.029759
SPG,63,133,rv_126d,0.020637
SPG,63,133,ewma_vol,0.048551
SPG,63,133,garch_cond_vol,0.033805
SPG,63,133,ret_TARGET,0.0
SPG,63,133,tech_RSI,0.003188
SPG,63,133,tech_MACD_hist,0.0
SPG,63,133,ret_VIXY,0.0
SPG,63,133,mom21_VIXY,0.007238
SPG,63,133,ret_HYG,0.0
SPG,63,133,mom21_HYG,0.005765
SPG,63,133,ret_USO,0.0
SPG,63,133,mom21_USO,0.007701
SPG,63,133,ret_TLT,0.0
SPG,63,133,mom21_TLT,0.002911
SPG,63,133,ret_UUP,0.0
SPG,63,133,mom21_UUP,0.004136
SPG,63,133,ret_SPY,0.002224
SPG,63,133,mom21_SPY,0.004154
SPG,63,133,vol_vel,0.005907
SPG,63,133,vol_of_vol,0.009503
SPG,63,133,vol_regime_zscore,0.022278
SPG,63,133,vol_chg_21d,0.0
SPG,63,133,event_fed_gravity,0.011518
SPG,63,133,event_earn_gravity,0.0
SPG,63,133,event_div_gravity,0.0
SPG,63,133,event_cpi_gravity,0.014054
SPG,63,133,event_nfp_gravity,0.016216
SPG,63,133,put_call_skew_30d,0.00166
SPG,63,133,term_structure_slope,0.0
SPG,63,133,vrp_wedge,0.008265
SPG,63,133,iv_atm_z_score,0.021865
SPG,63,133,macro_yield_curve_slope,0.016716
SPG,63,133,macro_hy_spread,0.018505
SPG,63,133,macro_hy_spread_chg_5d,0.002199
SPG,63,133,macro_breakeven_5y,0.025959
SPG,63,133,macro_inflation_fwd_5y5y,0.036575
SPG,63,133,macro_inflation_fwd_chg_21d,0.022736
SPG,63,133,macro_inflation_fwd_abs_chg_21d,0.006426
SPG,63,133,macro_inflation_fwd_chg_63d,0.021099
SPG,63,133,macro_inflation_fwd_zscore,0.008338
SPG,63,133,macro_dollar_ret,0.0
SPG,63,133,beta_spy,0.007741
SPG,63,133,res_vol,0.062762
SPG,63,133,res_vol_vel,0.002685
SPG,63,133,price_regime,0.113843
SPG,63,133,corr_sector_21d,0.007872
SPG,63,133,corr_sector_252d,0.018911
SPG,63,133,sector_wedge,0.008819
SPG,63,134,rv_5d,0.068285
SPG,63,134,rv_10d,0.032723
SPG,63,134,rv_21d,0.222212
SPG,63,134,rv_63d,0.028083
SPG,63,134,rv_126d,0.020422
SPG,63,134,ewma_vol,0.042661
SPG,63,134,garch_cond_vol,0.023913
SPG,63,134,ret_TARGET,0.0
SPG,63,134,tech_RSI,0.003043
SPG,63,134,tech_MACD_hist,0.003086
SPG,63,134,ret_VIXY,0.0
SPG,63,134,mom21_VIXY,0.007677
SPG,63,134,ret_HYG,0.0
SPG,63,134,mom21_HYG,0.002539
SPG,63,134,ret_USO,0.0
SPG,63,134,mom21_USO,0.008526
SPG,63,134,ret_TLT,0.0
SPG,63,134,mom21_TLT,0.003416
SPG,63,134,ret_UUP,0.0
SPG,63,134,mom21_UUP,0.004723
SPG,63,134,ret_SPY,0.00227
SPG,63,134,mom21_SPY,0.00635
SPG,63,134,vol_vel,0.003544
SPG,63,134,vol_of_vol,0.005523
SPG,63,134,vol_regime_zscore,0.023556
SPG,63,134,vol_chg_21d,0.007827
SPG,63,134,event_fed_gravity,0.011182
SPG,63,134,event_earn_gravity,0.0
SPG,63,134,event_div_gravity,0.0
SPG,63,134,event_cpi_gravity,0.016487
SPG,63,134,event_nfp_gravity,0.014948
SPG,63,134,put_call_skew_30d,0.001625
SPG,63,134,term_structure_slope,0.0
SPG,63,134,vrp_wedge,0.009216
SPG,63,134,iv_atm_z_score,0.030532
SPG,63,134,macro_yield_curve_slope,0.015693
SPG,63,134,macro_hy_spread,0.018627
SPG,63,134,macro_hy_spread_chg_5d,0.001579
SPG,63,134,macro_breakeven_5y,0.027155
SPG,63,134,macro_inflation_fwd_5y5y,0.042025
SPG,63,134,macro_inflation_fwd_chg_21d,0.01727
SPG,63,134,macro_inflation_fwd_abs_chg_21d,0.002818
SPG,63,134,macro_inflation_fwd_chg_63d,0.016435
SPG,63,134,macro_inflation_fwd_zscore,0.01032
SPG,63,134,macro_dollar_ret,0.0
SPG,63,134,beta_spy,0.008284
SPG,63,134,res_vol,0.078184
SPG,63,134,res_vol_vel,0.003396
SPG,63,134,price_regime,0.114735
SPG,63,134,corr_sector_21d,0.010126
SPG,63,134,corr_sector_252d,0.014543
SPG,63,134,sector_wedge,0.014439
SPG,63,135,rv_5d,0.093773
SPG,63,135,rv_10d,0.034106
SPG,63,135,rv_21d,0.228315
SPG,63,135,rv_63d,0.02904
SPG,63,135,rv_126d,0.018434
SPG,63,135,ewma_vol,0.023714
SPG,63,135,garch_cond_vol,0.02227
SPG,63,135,ret_TARGET,0.0
SPG,63,135,tech_RSI,0.005148
SPG,63,135,tech_MACD_hist,0.0
SPG,63,135,ret_VIXY,0.0
SPG,63,135,mom21_VIXY,0.005981
SPG,63,135,ret_HYG,0.0
SPG,63,135,mom21_HYG,0.001908
SPG,63,135,ret_USO,0.0
SPG,63,135,mom21_USO,0.007835
SPG,63,135,ret_TLT,0.0
SPG,63,135,mom21_TLT,0.003433
SPG,63,135,ret_UUP,0.0
SPG,63,135,mom21_UUP,0.002957
SPG,63,135,ret_SPY,0.003238
SPG,63,135,mom21_SPY,0.001773
SPG,63,135,vol_vel,0.002496
SPG,63,135,vol_of_vol,0.005272
SPG,63,135,vol_regime_zscore,0.023475
SPG,63,135,vol_chg_21d,0.00522
SPG,63,135,event_fed_gravity,0.010128
SPG,63,135,event_earn_gravity,0.0
SPG,63,135,event_div_gravity,0.0
SPG,63,135,event_cpi_gravity,0.014109
SPG,63,135,event_nfp_gravity,0.022468
SPG,63,135,put_call_skew_30d,0.002031
SPG,63,135,term_structure_slope,0.0
SPG,63,135,vrp_wedge,0.008764
SPG,63,135,iv_atm_z_score,0.025453
SPG,63,135,macro_yield_curve_slope,0.016309
SPG,63,135,macro_hy_spread,0.020392
SPG,63,135,macro_hy_spread_chg_5d,0.001692
SPG,63,135,macro_breakeven_5y,0.029943
SPG,63,135,macro_inflation_fwd_5y5y,0.038478
SPG,63,135,macro_inflation_fwd_chg_21d,0.021921
SPG,63,135,macro_inflation_fwd_abs_chg_21d,0.00249
SPG,63,135,macro_inflation_fwd_chg_63d,0.016776
SPG,63,135,macro_inflation_fwd_zscore,0.012041
SPG,63,135,macro_dollar_ret,0.0
SPG,63,135,beta_spy,0.007479
SPG,63,135,res_vol,0.080512
SPG,63,135,res_vol_vel,0.0
SPG,63,135,price_regime,0.115525
SPG,63,135,corr_sector_21d,0.010021
SPG,63,135,corr_sector_252d,0.013584
SPG,63,135,sector_wedge,0.011497
SPG,63,136,rv_5d,0.067938
SPG,63,136,rv_10d,0.028851
SPG,63,136,rv_21d,0.272094
SPG,63,136,rv_63d,0.03036
SPG,63,136,rv_126d,0.01893
SPG,63,136,ewma_vol,0.051388
SPG,63,136,garch_cond_vol,0.020329
SPG,63,136,ret_TARGET,0.0
SPG,63,136,tech_RSI,0.003261
SPG,63,136,tech_MACD_hist,0.0
SPG,63,136,ret_VIXY,0.001801
SPG,63,136,mom21_VIXY,0.007402
SPG,63,136,ret_HYG,0.0
SPG,63,136,mom21_HYG,0.002674
SPG,63,136,ret_USO,0.0
SPG,63,136,mom21_USO,0.007725
SPG,63,136,ret_TLT,0.0
SPG,63,136,mom21_TLT,0.002421
SPG,63,136,ret_UUP,0.0
SPG,63,136,mom21_UUP,0.002397
SPG,63,136,ret_SPY,0.0
SPG,63,136,mom21_SPY,0.005648
SPG,63,136,vol_vel,0.0
SPG,63,136,vol_of_vol,0.004209
SPG,63,136,vol_regime_zscore,0.028854
SPG,63,136,vol_chg_21d,0.006484
SPG,63,136,event_fed_gravity,0.010484
SPG,63,136,event_earn_gravity,0.0
SPG,63,136,event_div_gravity,0.0
SPG,63,136,event_cpi_gravity,0.013821
SPG,63,136,event_nfp_gravity,0.017771
SPG,63,136,put_call_skew_30d,0.0014
SPG,63,136,term_structure_slope,0.003151
SPG,63,136,vrp_wedge,0.00856
SPG,63,136,iv_atm_z_score,0.023239
SPG,63,136,macro_yield_curve_slope,0.019839
SPG,63,136,macro_hy_spread,0.020184
SPG,63,136,macro_hy_spread_chg_5d,0.001538
SPG,63,136,macro_breakeven_5y,0.028485
SPG,63,136,macro_inflation_fwd_5y5y,0.035857
SPG,63,136,macro_inflation_fwd_chg_21d,0.024225
SPG,63,136,macro_inflation_fwd_abs_chg_21d,0.003792
SPG,63,136,macro_inflation_fwd_chg_63d,0.010627
SPG,63,136,macro_inflation_fwd_zscore,0.011443
SPG,63,136,macro_dollar_ret,0.0
SPG,63,136,beta_spy,0.007069
SPG,63,136,res_vol,0.065152
SPG,63,136,res_vol_vel,0.0
SPG,63,136,price_regime,0.100329
SPG,63,136,corr_sector_21d,0.009078
SPG,63,136,corr_sector_252d,0.012303
SPG,63,136,sector_wedge,0.008887
SPG,63,137,rv_5d,0.078371
SPG,63,137,rv_10d,0.033557
SPG,63,137,rv_21d,0.271692
SPG,63,137,rv_63d,0.027932
SPG,63,137,rv_126d,0.017336
SPG,63,137,ewma_vol,0.042805
SPG,63,137,garch_cond_vol,0.018188
SPG,63,137,ret_TARGET,0.0
SPG,63,137,tech_RSI,0.00345
SPG,63,137,tech_MACD_hist,0.004128
SPG,63,137,ret_VIXY,0.001514
SPG,63,137,mom21_VIXY,0.004886
SPG,63,137,ret_HYG,0.0
SPG,63,137,mom21_HYG,0.002124
SPG,63,137,ret_USO,0.0
SPG,63,137,mom21_USO,0.007735
SPG,63,137,ret_TLT,0.0
SPG,63,137,mom21_TLT,0.002881
SPG,63,137,ret_UUP,0.0
SPG,63,137,mom21_UUP,0.001533
SPG,63,137,ret_SPY,0.002792
SPG,63,137,mom21_SPY,0.014623
SPG,63,137,vol_vel,0.0
SPG,63,137,vol_of_vol,0.004939
SPG,63,137,vol_regime_zscore,0.019421
SPG,63,137,vol_chg_21d,0.003866
SPG,63,137,event_fed_gravity,0.009202
SPG,63,137,event_earn_gravity,0.0
SPG,63,137,event_div_gravity,0.0
SPG,63,137,event_cpi_gravity,0.012969
SPG,63,137,event_nfp_gravity,0.016812
SPG,63,137,put_call_skew_30d,0.001355
SPG,63,137,term_structure_slope,0.007564
SPG,63,137,vrp_wedge,0.007693
SPG,63,137,iv_atm_z_score,0.023906
SPG,63,137,macro_yield_curve_slope,0.016498
SPG,63,137,macro_hy_spread,0.019127
SPG,63,137,macro_hy_spread_chg_5d,0.001322
SPG,63,137,macro_breakeven_5y,0.024342
SPG,63,137,macro_inflation_fwd_5y5y,0.040163
SPG,63,137,macro_inflation_fwd_chg_21d,0.01221
SPG,63,137,macro_inflation_fwd_abs_chg_21d,0.001515
SPG,63,137,macro_inflation_fwd_chg_63d,0.014302
SPG,63,137,macro_inflation_fwd_zscore,0.018465
SPG,63,137,macro_dollar_ret,0.0
SPG,63,137,beta_spy,0.007779
SPG,63,137,res_vol,0.068041
SPG,63,137,res_vol_vel,0.001357
SPG,63,137,price_regime,0.098382
SPG,63,137,corr_sector_21d,0.010262
SPG,63,137,corr_sector_252d,0.008387
SPG,63,137,sector_wedge,0.014572
SPG,63,138,rv_5d,0.094089
SPG,63,138,rv_10d,0.036278
SPG,63,138,rv_21d,0.224836
SPG,63,138,rv_63d,0.037831
SPG,63,138,rv_126d,0.014689
SPG,63,138,ewma_vol,0.042473
SPG,63,138,garch_cond_vol,0.013618
SPG,63,138,ret_TARGET,0.0
SPG,63,138,tech_RSI,0.003477
SPG,63,138,tech_MACD_hist,0.0
SPG,63,138,ret_VIXY,0.0
SPG,63,138,mom21_VIXY,0.007772
SPG,63,138,ret_HYG,0.0
SPG,63,138,mom21_HYG,0.002152
SPG,63,138,ret_USO,0.0
SPG,63,138,mom21_USO,0.007694
SPG,63,138,ret_TLT,0.0
SPG,63,138,mom21_TLT,0.002172
SPG,63,138,ret_UUP,0.0
SPG,63,138,mom21_UUP,0.002449
SPG,63,138,ret_SPY,0.001915
SPG,63,138,mom21_SPY,0.001893
SPG,63,138,vol_vel,0.002324
SPG,63,138,vol_of_vol,0.005303
SPG,63,138,vol_regime_zscore,0.028026
SPG,63,138,vol_chg_21d,0.005997
SPG,63,138,event_fed_gravity,0.010366
SPG,63,138,event_earn_gravity,0.0
SPG,63,138,event_div_gravity,0.0
SPG,63,138,event_cpi_gravity,0.017091
SPG,63,138,event_nfp_gravity,0.016029
SPG,63,138,put_call_skew_30d,0.001772
SPG,63,138,term_structure_slope,0.008183
SPG,63,138,vrp_wedge,0.010023
SPG,63,138,iv_atm_z_score,0.011929
SPG,63,138,macro_yield_curve_slope,0.014142
SPG,63,138,macro_hy_spread,0.019224
SPG,63,138,macro_hy_spread_chg_5d,0.001562
SPG,63,138,macro_breakeven_5y,0.025912
SPG,63,138,macro_inflation_fwd_5y5y,0.043076
SPG,63,138,macro_inflation_fwd_chg_21d,0.031455
SPG,63,138,macro_inflation_fwd_abs_chg_21d,0.002133
SPG,63,138,macro_inflation_fwd_chg_63d,0.013638
SPG,63,138,macro_inflation_fwd_zscore,0.008339
SPG,63,138,macro_dollar_ret,0.0
SPG,63,138,beta_spy,0.007514
SPG,63,138,res_vol,0.074455
SPG,63,138,res_vol_vel,0.002974
SPG,63,138,price_regime,0.119151
SPG,63,138,corr_sector_21d,0.008663
SPG,63,138,corr_sector_252d,0.013265
SPG,63,138,sector_wedge,0.004116
SPG,63,139,rv_5d,0.092317
SPG,63,139,rv_10d,0.034642
SPG,63,139,rv_21d,0.255389
SPG,63,139,rv_63d,0.027084
SPG,63,139,rv_126d,0.018355
SPG,63,139,ewma_vol,0.045131
SPG,63,139,garch_cond_vol,0.032915
SPG,63,139,ret_TARGET,0.0
SPG,63,139,tech_RSI,0.002999
SPG,63,139,tech_MACD_hist,0.002527
SPG,63,139,ret_VIXY,0.002304
SPG,63,139,mom21_VIXY,0.007452
SPG,63,139,ret_HYG,0.0
SPG,63,139,mom21_HYG,0.00497
SPG,63,139,ret_USO,0.0
SPG,63,139,mom21_USO,0.004572
SPG,63,139,ret_TLT,0.001467
SPG,63,139,mom21_TLT,0.003057
SPG,63,139,ret_UUP,0.0
SPG,63,139,mom21_UUP,0.001577
SPG,63,139,ret_SPY,0.0
SPG,63,139,mom21_SPY,0.0
SPG,63,139,vol_vel,0.0
SPG,63,139,vol_of_vol,0.00431
SPG,63,139,vol_regime_zscore,0.025514
SPG,63,139,vol_chg_21d,0.002029
SPG,63,139,event_fed_gravity,0.008976
SPG,63,139,event_earn_gravity,0.0
SPG,63,139,event_div_gravity,0.0
SPG,63,139,event_cpi_gravity,0.021903
SPG,63,139,event_nfp_gravity,0.017885
SPG,63,139,put_call_skew_30d,0.002169
SPG,63,139,term_structure_slope,0.0
SPG,63,139,vrp_wedge,0.008526
SPG,63,139,iv_atm_z_score,0.021462
SPG,63,139,macro_yield_curve_slope,0.015712
SPG,63,139,macro_hy_spread,0.016363
SPG,63,139,macro_hy_spread_chg_5d,0.001645
SPG,63,139,macro_breakeven_5y,0.026457
SPG,63,139,macro_inflation_fwd_5y5y,0.039597
SPG,63,139,macro_inflation_fwd_chg_21d,0.011613
SPG,63,139,macro_inflation_fwd_abs_chg_21d,0.002085
SPG,63,139,macro_inflation_fwd_chg_63d,0.01772
SPG,63,139,macro_inflation_fwd_zscore,0.014515
SPG,63,139,macro_dollar_ret,0.0
SPG,63,139,beta_spy,0.006475
SPG,63,139,res_vol,0.061386
SPG,63,139,res_vol_vel,0.0
SPG,63,139,price_regime,0.10597
SPG,63,139,corr_sector_21d,0.008631
SPG,63,139,corr_sector_252d,0.014276
SPG,63,139,sector_wedge,0.008022
SPG,63,140,rv_5d,0.079405
SPG,63,140,rv_10d,0.028887
SPG,63,140,rv_21d,0.247669
SPG,63,140,rv_63d,0.025486
SPG,63,140,rv_126d,0.018777
SPG,63,140,ewma_vol,0.048619
SPG,63,140,garch_cond_vol,0.033026
SPG,63,140,ret_TARGET,0.0
SPG,63,140,tech_RSI,0.002597
SPG,63,140,tech_MACD_hist,0.001809
SPG,63,140,ret_VIXY,0.0
SPG,63,140,mom21_VIXY,0.009982
SPG,63,140,ret_HYG,0.0
SPG,63,140,mom21_HYG,0.007263
SPG,63,140,ret_USO,0.0
SPG,63,140,mom21_USO,0.004912
SPG,63,140,ret_TLT,0.0
SPG,63,140,mom21_TLT,0.002495
SPG,63,140,ret_UUP,0.0
SPG,63,140,mom21_UUP,0.0025
SPG,63,140,ret_SPY,0.002053
SPG,63,140,mom21_SPY,0.005179
SPG,63,140,vol_vel,0.0
SPG,63,140,vol_of_vol,0.004536
SPG,63,140,vol_regime_zscore,0.025084
SPG,63,140,vol_chg_21d,0.004958
SPG,63,140,event_fed_gravity,0.010184
SPG,63,140,event_earn_gravity,0.0
SPG,63,140,event_div_gravity,0.0
SPG,63,140,event_cpi_gravity,0.016405
SPG,63,140,event_nfp_gravity,0.016669
SPG,63,140,put_call_skew_30d,0.001808
SPG,63,140,term_structure_slope,0.003468
SPG,63,140,vrp_wedge,0.007888
SPG,63,140,iv_atm_z_score,0.022832
SPG,63,140,macro_yield_curve_slope,0.02037
SPG,63,140,macro_hy_spread,0.016811
SPG,63,140,macro_hy_spread_chg_5d,0.001833
SPG,63,140,macro_breakeven_5y,0.035476
SPG,63,140,macro_inflation_fwd_5y5y,0.040066
SPG,63,140,macro_inflation_fwd_chg_21d,0.012666
SPG,63,140,macro_inflation_fwd_abs_chg_21d,0.004909
SPG,63,140,macro_inflation_fwd_chg_63d,0.020077
SPG,63,140,macro_inflation_fwd_zscore,0.012464
SPG,63,140,macro_dollar_ret,0.0
SPG,63,140,beta_spy,0.006941
SPG,63,140,res_vol,0.065122
SPG,63,140,res_vol_vel,0.0
SPG,63,140,price_regime,0.101706
SPG,63,140,corr_sector_21d,0.0104
SPG,63,140,corr_sector_252d,0.013692
SPG,63,140,sector_wedge,0.002975
SPG,63,141,rv_5d,0.106817
SPG,63,141,rv_10d,0.037608
SPG,63,141,rv_21d,0.20499
SPG,63,141,rv_63d,0.025614
SPG,63,141,rv_126d,0.023023
SPG,63,141,ewma_vol,0.069904
SPG,63,141,garch_cond_vol,0.020403
SPG,63,141,ret_TARGET,0.0
SPG,63,141,tech_RSI,0.002408
SPG,63,141,tech_MACD_hist,0.0
SPG,63,141,ret_VIXY,0.001378
SPG,63,141,mom21_VIXY,0.008535
SPG,63,141,ret_HYG,0.0
SPG,63,141,mom21_HYG,0.008561
SPG,63,141,ret_USO,0.0
SPG,63,141,mom21_USO,0.00375
SPG,63,141,ret_TLT,0.0
SPG,63,141,mom21_TLT,0.002301
SPG,63,141,ret_UUP,0.001475
SPG,63,141,mom21_UUP,0.00259
SPG,63,141,ret_SPY,0.002406
SPG,63,141,mom21_SPY,0.001382
SPG,63,141,vol_vel,0.002644
SPG,63,141,vol_of_vol,0.005732
SPG,63,141,vol_regime_zscore,0.022207
SPG,63,141,vol_chg_21d,0.005178
SPG,63,141,event_fed_gravity,0.010596
SPG,63,141,event_earn_gravity,0.0
SPG,63,141,event_div_gravity,0.0
SPG,63,141,event_cpi_gravity,0.01388
SPG,63,141,event_nfp_gravity,0.015105
SPG,63,141,put_call_skew_30d,0.002582
SPG,63,141,term_structure_slope,0.005154
SPG,63,141,vrp_wedge,0.007223
SPG,63,141,iv_atm_z_score,0.018432
SPG,63,141,macro_yield_curve_slope,0.018779
SPG,63,141,macro_hy_spread,0.014513
SPG,63,141,macro_hy_spread_chg_5d,0.002868
SPG,63,141,macro_breakeven_5y,0.040767
SPG,63,141,macro_inflation_fwd_5y5y,0.039326
SPG,63,141,macro_inflation_fwd_chg_21d,0.018874
SPG,63,141,macro_inflation_fwd_abs_chg_21d,0.004071
SPG,63,141,macro_inflation_fwd_chg_63d,0.015405
SPG,63,141,macro_inflation_fwd_zscore,0.014587
SPG,63,141,macro_dollar_ret,0.0
SPG,63,141,beta_spy,0.007952
SPG,63,141,res_vol,0.058759
SPG,63,141,res_vol_vel,0.003832
SPG,63,141,price_regime,0.096622
SPG,63,141,corr_sector_21d,0.006355
SPG,63,141,corr_sector_252d,0.019503
SPG,63,141,sector_wedge,0.005909
SPG,63,142,rv_5d,0.082278
SPG,63,142,rv_10d,0.054986
SPG,63,142,rv_21d,0.227213
SPG,63,142,rv_63d,0.024788
SPG,63,142,rv_126d,0.021225
SPG,63,142,ewma_vol,0.055709
SPG,63,142,garch_cond_vol,0.023475
SPG,63,142,ret_TARGET,0.0
SPG,63,142,tech_RSI,0.002461
SPG,63,142,tech_MACD_hist,0.0
SPG,63,142,ret_VIXY,0.001876
SPG,63,142,mom21_VIXY,0.009688
SPG,63,142,ret_HYG,0.0
SPG,63,142,mom21_HYG,0.007448
SPG,63,142,ret_USO,0.0
SPG,63,142,mom21_USO,0.012769
SPG,63,142,ret_TLT,0.0
SPG,63,142,mom21_TLT,0.00226
SPG,63,142,ret_UUP,0.0
SPG,63,142,mom21_UUP,0.002428
SPG,63,142,ret_SPY,0.002093
SPG,63,142,mom21_SPY,0.002227
SPG,63,142,vol_vel,0.0
SPG,63,142,vol_of_vol,0.004758
SPG,63,142,vol_regime_zscore,0.016196
SPG,63,142,vol_chg_21d,0.003906
SPG,63,142,event_fed_gravity,0.010972
SPG,63,142,event_earn_gravity,0.0
SPG,63,142,event_div_gravity,0.0
SPG,63,142,event_cpi_gravity,0.013569
SPG,63,142,event_nfp_gravity,0.018505
SPG,63,142,put_call_skew_30d,0.0
SPG,63,142,term_structure_slope,0.001886
SPG,63,142,vrp_wedge,0.007448
SPG,63,142,iv_atm_z_score,0.018079
SPG,63,142,macro_yield_curve_slope,0.020396
SPG,63,142,macro_hy_spread,0.015618
SPG,63,142,macro_hy_spread_chg_5d,0.002175
SPG,63,142,macro_breakeven_5y,0.035133
SPG,63,142,macro_inflation_fwd_5y5y,0.040606
SPG,63,142,macro_inflation_fwd_chg_21d,0.018305
SPG,63,142,macro_inflation_fwd_abs_chg_21d,0.002489
SPG,63,142,macro_inflation_fwd_chg_63d,0.011613
SPG,63,142,macro_inflation_fwd_zscore,0.017159
SPG,63,142,macro_dollar_ret,0.0
SPG,63,142,beta_spy,0.008532
SPG,63,142,res_vol,0.055561
SPG,63,142,res_vol_vel,0.004461
SPG,63,142,price_regime,0.098282
SPG,63,142,corr_sector_21d,0.009428
SPG,63,142,corr_sector_252d,0.018295
SPG,63,142,sector_wedge,0.013704
SPG,63,143,rv_5d,0.102203
SPG,63,143,rv_10d,0.081572
SPG,63,143,rv_21d,0.199453
SPG,63,143,rv_63d,0.023135
SPG,63,143,rv_126d,0.01468
SPG,63,143,ewma_vol,0.026886
SPG,63,143,garch_cond_vol,0.016394
SPG,63,143,ret_TARGET,0.0
SPG,63,143,tech_RSI,0.002069
SPG,63,143,tech_MACD_hist,0.0
SPG,63,143,ret_VIXY,0.001383
SPG,63,143,mom21_VIXY,0.005637
SPG,63,143,ret_HYG,0.0
SPG,63,143,mom21_HYG,0.003669
SPG,63,143,ret_USO,0.0
SPG,63,143,mom21_USO,0.012943
SPG,63,143,ret_TLT,0.0
SPG,63,143,mom21_TLT,0.005176
SPG,63,143,ret_UUP,0.0
SPG,63,143,mom21_UUP,0.002099
SPG,63,143,ret_SPY,0.002196
SPG,63,143,mom21_SPY,0.013633
SPG,63,143,vol_vel,0.0
SPG,63,143,vol_of_vol,0.002174
SPG,63,143,vol_regime_zscore,0.015489
SPG,63,143,vol_chg_21d,0.002931
SPG,63,143,event_fed_gravity,0.009522
SPG,63,143,event_earn_gravity,0.0
SPG,63,143,event_div_gravity,0.0
SPG,63,143,event_cpi_gravity,0.012392
SPG,63,143,event_nfp_gravity,0.016225
SPG,63,143,put_call_skew_30d,0.0
SPG,63,143,term_structure_slope,0.007211
SPG,63,143,vrp_wedge,0.006975
SPG,63,143,iv_atm_z_score,0.021029
SPG,63,143,macro_yield_curve_slope,0.016171
SPG,63,143,macro_hy_spread,0.01671
SPG,63,143,macro_hy_spread_chg_5d,0.001999
SPG,63,143,macro_breakeven_5y,0.038135
SPG,63,143,macro_inflation_fwd_5y5y,0.037549
SPG,63,143,macro_inflation_fwd_chg_21d,0.046917
SPG,63,143,macro_inflation_fwd_abs_chg_21d,0.004087
SPG,63,143,macro_inflation_fwd_chg_63d,0.008818
SPG,63,143,macro_inflation_fwd_zscore,0.013852
SPG,63,143,macro_dollar_ret,0.0
SPG,63,143,beta_spy,0.006103
SPG,63,143,res_vol,0.068491
SPG,63,143,res_vol_vel,0.001426
SPG,63,143,price_regime,0.093396
SPG,63,143,corr_sector_21d,0.009701
SPG,63,143,corr_sector_252d,0.014261
SPG,63,143,sector_wedge,0.01531
SPG,63,144,rv_5d,0.10959
SPG,63,144,rv_10d,0.033977
SPG,63,144,rv_21d,0.201324
SPG,63,144,rv_63d,0.026238
SPG,63,144,rv_126d,0.016583
SPG,63,144,ewma_vol,0.022856
SPG,63,144,garch_cond_vol,0.013701
SPG,63,144,ret_TARGET,0.0
SPG,63,144,tech_RSI,0.002488
SPG,63,144,tech_MACD_hist,0.0
SPG,63,144,ret_VIXY,0.002069
SPG,63,144,mom21_VIXY,0.00462
SPG,63,144,ret_HYG,0.0
SPG,63,144,mom21_HYG,0.005102
SPG,63,144,ret_USO,0.0
SPG,63,144,mom21_USO,0.015519
SPG,63,144,ret_TLT,0.0
SPG,63,144,mom21_TLT,0.003062
SPG,63,144,ret_UUP,0.0
SPG,63,144,mom21_UUP,0.002082
SPG,63,144,ret_SPY,0.00187
SPG,63,144,mom21_SPY,0.00469
SPG,63,144,vol_vel,0.0
SPG,63,144,vol_of_vol,0.002789
SPG,63,144,vol_regime_zscore,0.018607
SPG,63,144,vol_chg_21d,0.004488
SPG,63,144,event_fed_gravity,0.008808
SPG,63,144,event_earn_gravity,0.0
SPG,63,144,event_div_gravity,0.0
SPG,63,144,event_cpi_gravity,0.014169
SPG,63,144,event_nfp_gravity,0.02523
SPG,63,144,put_call_skew_30d,0.002477
SPG,63,144,term_structure_slope,0.002232
SPG,63,144,vrp_wedge,0.008655
SPG,63,144,iv_atm_z_score,0.021829
SPG,63,144,macro_yield_curve_slope,0.016506
SPG,63,144,macro_hy_spread,0.018063
SPG,63,144,macro_hy_spread_chg_5d,0.002225
SPG,63,144,macro_breakeven_5y,0.043212
SPG,63,144,macro_inflation_fwd_5y5y,0.043354
SPG,63,144,macro_inflation_fwd_chg_21d,0.019876
SPG,63,144,macro_inflation_fwd_abs_chg_21d,0.004463
SPG,63,144,macro_inflation_fwd_chg_63d,0.008908
SPG,63,144,macro_inflation_fwd_zscore,0.022651
SPG,63,144,macro_dollar_ret,0.0
SPG,63,144,beta_spy,0.009895
SPG,63,144,res_vol,0.073854
SPG,63,144,res_vol_vel,0.001541
SPG,63,144,price_regime,0.124395
SPG,63,144,corr_sector_21d,0.008058
SPG,63,144,corr_sector_252d,0.015212
SPG,63,144,sector_wedge,0.012734
SPG,63,145,rv_5d,0.077534
SPG,63,145,rv_10d,0.04933
SPG,63,145,rv_21d,0.234339
SPG,63,145,rv_63d,0.023941
SPG,63,145,rv_126d,0.013621
SPG,63,145,ewma_vol,0.022504
SPG,63,145,garch_cond_vol,0.020975
SPG,63,145,ret_TARGET,0.0
SPG,63,145,tech_RSI,0.001434
SPG,63,145,tech_MACD_hist,0.002209
SPG,63,145,ret_VIXY,0.002094
SPG,63,145,mom21_VIXY,0.003377
SPG,63,145,ret_HYG,0.0
SPG,63,145,mom21_HYG,0.004583
SPG,63,145,ret_USO,0.0
SPG,63,145,mom21_USO,0.010886
SPG,63,145,ret_TLT,0.0
SPG,63,145,mom21_TLT,0.004017
SPG,63,145,ret_UUP,0.0
SPG,63,145,mom21_UUP,0.001623
SPG,63,145,ret_SPY,0.002328
SPG,63,145,mom21_SPY,0.002993
SPG,63,145,vol_vel,0.0
SPG,63,145,vol_of_vol,0.0027
SPG,63,145,vol_regime_zscore,0.015893
SPG,63,145,vol_chg_21d,0.002753
SPG,63,145,event_fed_gravity,0.007396
SPG,63,145,event_earn_gravity,0.0
SPG,63,145,event_div_gravity,0.0
SPG,63,145,event_cpi_gravity,0.015713
SPG,63,145,event_nfp_gravity,0.022139
SPG,63,145,put_call_skew_30d,0.002229
SPG,63,145,term_structure_slope,0.004007
SPG,63,145,vrp_wedge,0.005752
SPG,63,145,iv_atm_z_score,0.018032
SPG,63,145,macro_yield_curve_slope,0.014232
SPG,63,145,macro_hy_spread,0.015532
SPG,63,145,macro_hy_spread_chg_5d,0.001972
SPG,63,145,macro_breakeven_5y,0.037875
SPG,63,145,macro_inflation_fwd_5y5y,0.040999
SPG,63,145,macro_inflation_fwd_chg_21d,0.041357
SPG,63,145,macro_inflation_fwd_abs_chg_21d,0.005174
SPG,63,145,macro_inflation_fwd_chg_63d,0.007558
SPG,63,145,macro_inflation_fwd_zscore,0.012959
SPG,63,145,macro_dollar_ret,0.0
SPG,63,145,beta_spy,0.011716
SPG,63,145,res_vol,0.065936
SPG,63,145,res_vol_vel,0.002339
SPG,63,145,price_regime,0.13253
SPG,63,145,corr_sector_21d,0.0089
SPG,63,145,corr_sector_252d,0.012726
SPG,63,145,sector_wedge,0.013794
SPG,63,146,rv_5d,0.099605
SPG,63,146,rv_10d,0.057031
SPG,63,146,rv_21d,0.176678
SPG,63,146,rv_63d,0.026309
SPG,63,146,rv_126d,0.013115
SPG,63,146,ewma_vol,0.02376
SPG,63,146,garch_cond_vol,0.024225
SPG,63,146,ret_TARGET,0.0
SPG,63,146,tech_RSI,0.003471
SPG,63,146,tech_MACD_hist,0.002486
SPG,63,146,ret_VIXY,0.002032
SPG,63,146,mom21_VIXY,0.004975
SPG,63,146,ret_HYG,0.0
SPG,63,146,mom21_HYG,0.00442
SPG,63,146,ret_USO,0.0
SPG,63,146,mom21_USO,0.014162
SPG,63,146,ret_TLT,0.0
SPG,63,146,mom21_TLT,0.003222
SPG,63,146,ret_UUP,0.0
SPG,63,146,mom21_UUP,0.001562
SPG,63,146,ret_SPY,0.002436
SPG,63,146,mom21_SPY,0.0
SPG,63,146,vol_vel,0.004185
SPG,63,146,vol_of_vol,0.003748
SPG,63,146,vol_regime_zscore,0.019169
SPG,63,146,vol_chg_21d,0.003286
SPG,63,146,event_fed_gravity,0.008912
SPG,63,146,event_earn_gravity,0.0
SPG,63,146,event_div_gravity,0.0
SPG,63,146,event_cpi_gravity,0.018539
SPG,63,146,event_nfp_gravity,0.021288
SPG,63,146,put_call_skew_30d,0.0
SPG,63,146,term_structure_slope,0.004194
SPG,63,146,vrp_wedge,0.005794
SPG,63,146,iv_atm_z_score,0.017419
SPG,63,146,macro_yield_curve_slope,0.0153
SPG,63,146,macro_hy_spread,0.017785
SPG,63,146,macro_hy_spread_chg_5d,0.001604
SPG,63,146,macro_breakeven_5y,0.036315
SPG,63,146,macro_inflation_fwd_5y5y,0.040572
SPG,63,146,macro_inflation_fwd_chg_21d,0.045694
SPG,63,146,macro_inflation_fwd_abs_chg_21d,0.005196
SPG,63,146,macro_inflation_fwd_chg_63d,0.009605
SPG,63,146,macro_inflation_fwd_zscore,0.009583
SPG,63,146,macro_dollar_ret,0.0
SPG,63,146,beta_spy,0.008257
SPG,63,146,res_vol,0.069849
SPG,63,146,res_vol_vel,0.001452
SPG,63,146,price_regime,0.132262
SPG,63,146,corr_sector_21d,0.010064
SPG,63,146,corr_sector_252d,0.012478
SPG,63,146,sector_wedge,0.01796
SPG,63,147,rv_5d,0.129416
SPG,63,147,rv_10d,0.055428
SPG,63,147,rv_21d,0.168862
SPG,63,147,rv_63d,0.030293
SPG,63,147,rv_126d,0.016191
SPG,63,147,ewma_vol,0.030174
SPG,63,147,garch_cond_vol,0.01441
SPG,63,147,ret_TARGET,0.0
SPG,63,147,tech_RSI,0.00228
SPG,63,147,tech_MACD_hist,0.002177
SPG,63,147,ret_VIXY,0.002182
SPG,63,147,mom21_VIXY,0.009219
SPG,63,147,ret_HYG,0.0
SPG,63,147,mom21_HYG,0.005106
SPG,63,147,ret_USO,0.0
SPG,63,147,mom21_USO,0.013644
SPG,63,147,ret_TLT,0.0
SPG,63,147,mom21_TLT,0.002684
SPG,63,147,ret_UUP,0.0
SPG,63,147,mom21_UUP,0.001954
SPG,63,147,ret_SPY,0.002704
SPG,63,147,mom21_SPY,0.0
SPG,63,147,vol_vel,0.0
SPG,63,147,vol_of_vol,0.002014
SPG,63,147,vol_regime_zscore,0.017769
SPG,63,147,vol_chg_21d,0.002867
SPG,63,147,event_fed_gravity,0.010075
SPG,63,147,event_earn_gravity,0.0
SPG,63,147,event_div_gravity,0.0
SPG,63,147,event_cpi_gravity,0.011901
SPG,63,147,event_nfp_gravity,0.019571
SPG,63,147,put_call_skew_30d,0.001647
SPG,63,147,term_structure_slope,0.006132
SPG,63,147,vrp_wedge,0.006561
SPG,63,147,iv_atm_z_score,0.019136
SPG,63,147,macro_yield_curve_slope,0.013975
SPG,63,147,macro_hy_spread,0.014087
SPG,63,147,macro_hy_spread_chg_5d,0.001403
SPG,63,147,macro_breakeven_5y,0.038033
SPG,63,147,macro_inflation_fwd_5y5y,0.043039
SPG,63,147,macro_inflation_fwd_chg_21d,0.041441
SPG,63,147,macro_inflation_fwd_abs_chg_21d,0.003876
SPG,63,147,macro_inflation_fwd_chg_63d,0.009063
SPG,63,147,macro_inflation_fwd_zscore,0.009755
SPG,63,147,macro_dollar_ret,0.0
SPG,63,147,beta_spy,0.008761
SPG,63,147,res_vol,0.069323
SPG,63,147,res_vol_vel,0.001553
SPG,63,147,price_regime,0.120556
SPG,63,147,corr_sector_21d,0.008974
SPG,63,147,corr_sector_252d,0.015393
SPG,63,147,sector_wedge,0.01637
SPG,63,148,rv_5d,0.132502
SPG,63,148,rv_10d,0.044551
SPG,63,148,rv_21d,0.142965
SPG,63,148,rv_63d,0.030429
SPG,63,148,rv_126d,0.014615
SPG,63,148,ewma_vol,0.023898
SPG,63,148,garch_cond_vol,0.014964
SPG,63,148,ret_TARGET,0.0
SPG,63,148,tech_RSI,0.003054
SPG,63,148,tech_MACD_hist,0.003453
SPG,63,148,ret_VIXY,0.0
SPG,63,148,mom21_VIXY,0.005009
SPG,63,148,ret_HYG,0.0
SPG,63,148,mom21_HYG,0.005032
SPG,63,148,ret_USO,0.0
SPG,63,148,mom21_USO,0.011943
SPG,63,148,ret_TLT,0.0
SPG,63,148,mom21_TLT,0.003802
SPG,63,148,ret_UUP,0.0
SPG,63,148,mom21_UUP,0.001604
SPG,63,148,ret_SPY,0.002012
SPG,63,148,mom21_SPY,0.003608
SPG,63,148,vol_vel,0.0
SPG,63,148,vol_of_vol,0.002349
SPG,63,148,vol_regime_zscore,0.017932
SPG,63,148,vol_chg_21d,0.005735
SPG,63,148,event_fed_gravity,0.013673
SPG,63,148,event_earn_gravity,0.0
SPG,63,148,event_div_gravity,0.0
SPG,63,148,event_cpi_gravity,0.011215
SPG,63,148,event_nfp_gravity,0.018394
SPG,63,148,put_call_skew_30d,0.0
SPG,63,148,term_structure_slope,0.004474
SPG,63,148,vrp_wedge,0.007097
SPG,63,148,iv_atm_z_score,0.020146
SPG,63,148,macro_yield_curve_slope,0.015503
SPG,63,148,macro_hy_spread,0.016753
SPG,63,148,macro_hy_spread_chg_5d,0.001747
SPG,63,148,macro_breakeven_5y,0.038954
SPG,63,148,macro_inflation_fwd_5y5y,0.043609
SPG,63,148,macro_inflation_fwd_chg_21d,0.03717
SPG,63,148,macro_inflation_fwd_abs_chg_21d,0.004206
SPG,63,148,macro_inflation_fwd_chg_63d,0.009322
SPG,63,148,macro_inflation_fwd_zscore,0.008687
SPG,63,148,macro_dollar_ret,0.0
SPG,63,148,beta_spy,0.013874
SPG,63,148,res_vol,0.074034
SPG,63,148,res_vol_vel,0.002304
SPG,63,148,price_regime,0.146961
SPG,63,148,corr_sector_21d,0.009787
SPG,63,148,corr_sector_252d,0.013647
SPG,63,148,sector_wedge,0.018985
SPG,126,0,rv_5d,0.0
SPG,126,0,rv_10d,0.0
SPG,126,0,rv_21d,0.0
SPG,126,0,rv_63d,0.040084
SPG,126,0,rv_126d,0.057019
SPG,126,0,ewma_vol,0.0
SPG,126,0,garch_cond_vol,0.0
SPG,126,0,ret_TARGET,0.0
SPG,126,0,tech_RSI,0.0
SPG,126,0,tech_MACD_hist,0.0
SPG,126,0,ret_VIXY,0.0
SPG,126,0,mom21_VIXY,0.0
SPG,126,0,ret_HYG,0.0
SPG,126,0,mom21_HYG,0.0
SPG,126,0,ret_USO,0.0
SPG,126,0,mom21_USO,0.0
SPG,126,0,ret_TLT,0.0
SPG,126,0,mom21_TLT,0.079929
SPG,126,0,ret_UUP,0.0
SPG,126,0,mom21_UUP,0.0
SPG,126,0,ret_SPY,0.0
SPG,126,0,mom21_SPY,0.0
SPG,126,0,vol_vel,0.0
SPG,126,0,vol_of_vol,0.0
SPG,126,0,vol_regime_zscore,0.0
SPG,126,0,vol_chg_21d,0.0
SPG,126,0,event_fed_gravity,0.208866
SPG,126,0,event_earn_gravity,0.0
SPG,126,0,event_div_gravity,0.0
SPG,126,0,event_cpi_gravity,0.157055
SPG,126,0,event_nfp_gravity,0.236761
SPG,126,0,put_call_skew_30d,0.0
SPG,126,0,term_structure_slope,0.0
SPG,126,0,vrp_wedge,0.0
SPG,126,0,iv_atm_z_score,0.0
SPG,126,0,macro_yield_curve_slope,0.031936
SPG,126,0,macro_hy_spread,0.0
SPG,126,0,macro_hy_spread_chg_5d,0.0
SPG,126,0,macro_breakeven_5y,0.013161
SPG,126,0,macro_inflation_fwd_5y5y,0.017941
SPG,126,0,macro_inflation_fwd_chg_21d,0.0
SPG,126,0,macro_inflation_fwd_abs_chg_21d,0.0
SPG,126,0,macro_inflation_fwd_chg_63d,0.04268
SPG,126,0,macro_inflation_fwd_zscore,0.036976
SPG,126,0,macro_dollar_ret,0.0
SPG,126,0,beta_spy,0.0
SPG,126,0,res_vol,0.0
SPG,126,0,res_vol_vel,0.0
SPG,126,0,price_regime,0.015965
SPG,126,0,corr_sector_21d,0.0
SPG,126,0,corr_sector_252d,0.044687
SPG,126,0,sector_wedge,0.016941
SPG,126,1,rv_5d,0.0
SPG,126,1,rv_10d,0.0
SPG,126,1,rv_21d,0.0
SPG,126,1,rv_63d,0.043074
SPG,126,1,rv_126d,0.053951
SPG,126,1,ewma_vol,0.0
SPG,126,1,garch_cond_vol,0.0
SPG,126,1,ret_TARGET,0.0
SPG,126,1,tech_RSI,0.0
SPG,126,1,tech_MACD_hist,0.0
SPG,126,1,ret_VIXY,0.0
SPG,126,1,mom21_VIXY,0.0
SPG,126,1,ret_HYG,0.0
SPG,126,1,mom21_HYG,0.0
SPG,126,1,ret_USO,0.0
SPG,126,1,mom21_USO,0.0
SPG,126,1,ret_TLT,0.0
SPG,126,1,mom21_TLT,0.06759
SPG,126,1,ret_UUP,0.0
SPG,126,1,mom21_UUP,0.0
SPG,126,1,ret_SPY,0.0
SPG,126,1,mom21_SPY,0.0
SPG,126,1,vol_vel,0.0
SPG,126,1,vol_of_vol,0.0
SPG,126,1,vol_regime_zscore,0.0
SPG,126,1,vol_chg_21d,0.0
SPG,126,1,event_fed_gravity,0.221945
SPG,126,1,event_earn_gravity,0.0
SPG,126,1,event_div_gravity,0.0
SPG,126,1,event_cpi_gravity,0.157981
SPG,126,1,event_nfp_gravity,0.206382
SPG,126,1,put_call_skew_30d,0.0
SPG,126,1,term_structure_slope,0.0
SPG,126,1,vrp_wedge,0.0
SPG,126,1,iv_atm_z_score,0.0
SPG,126,1,macro_yield_curve_slope,0.025354
SPG,126,1,macro_hy_spread,0.0
SPG,126,1,macro_hy_spread_chg_5d,0.0
SPG,126,1,macro_breakeven_5y,0.014426
SPG,126,1,macro_inflation_fwd_5y5y,0.0
SPG,126,1,macro_inflation_fwd_chg_21d,0.0
SPG,126,1,macro_inflation_fwd_abs_chg_21d,0.0
SPG,126,1,macro_inflation_fwd_chg_63d,0.039617
SPG,126,1,macro_inflation_fwd_zscore,0.037834
SPG,126,1,macro_dollar_ret,0.0
SPG,126,1,beta_spy,0.0
SPG,126,1,res_vol,0.06402
SPG,126,1,res_vol_vel,0.0
SPG,126,1,price_regime,0.019387
SPG,126,1,corr_sector_21d,0.027753
SPG,126,1,corr_sector_252d,0.0
SPG,126,1,sector_wedge,0.020685
SPG,126,2,rv_5d,0.0
SPG,126,2,rv_10d,0.07158
SPG,126,2,rv_21d,0.0
SPG,126,2,rv_63d,0.043048
SPG,126,2,rv_126d,0.052569
SPG,126,2,ewma_vol,0.0
SPG,126,2,garch_cond_vol,0.0
SPG,126,2,ret_TARGET,0.0
SPG,126,2,tech_RSI,0.0
SPG,126,2,tech_MACD_hist,0.0
SPG,126,2,ret_VIXY,0.0
SPG,126,2,mom21_VIXY,0.0
SPG,126,2,ret_HYG,0.0
SPG,126,2,mom21_HYG,0.0
SPG,126,2,ret_USO,0.0
SPG,126,2,mom21_USO,0.0
SPG,126,2,ret_TLT,0.0
SPG,126,2,mom21_TLT,0.070427
SPG,126,2,ret_UUP,0.0
SPG,126,2,mom21_UUP,0.0
SPG,126,2,ret_SPY,0.0
SPG,126,2,mom21_SPY,0.0
SPG,126,2,vol_vel,0.0
SPG,126,2,vol_of_vol,0.0
SPG,126,2,vol_regime_zscore,0.0
SPG,126,2,vol_chg_21d,0.0
SPG,126,2,event_fed_gravity,0.21997
SPG,126,2,event_earn_gravity,0.0
SPG,126,2,event_div_gravity,0.0
SPG,126,2,event_cpi_gravity,0.131039
SPG,126,2,event_nfp_gravity,0.192987
SPG,126,2,put_call_skew_30d,0.0
SPG,126,2,term_structure_slope,0.0
SPG,126,2,vrp_wedge,0.0
SPG,126,2,iv_atm_z_score,0.0
SPG,126,2,macro_yield_curve_slope,0.020208
SPG,126,2,macro_hy_spread,0.0
SPG,126,2,macro_hy_spread_chg_5d,0.0
SPG,126,2,macro_breakeven_5y,0.012295
SPG,126,2,macro_inflation_fwd_5y5y,0.0
SPG,126,2,macro_inflation_fwd_chg_21d,0.0
SPG,126,2,macro_inflation_fwd_abs_chg_21d,0.0
SPG,126,2,macro_inflation_fwd_chg_63d,0.040201
SPG,126,2,macro_inflation_fwd_zscore,0.032075
SPG,126,2,macro_dollar_ret,0.0
SPG,126,2,beta_spy,0.0
SPG,126,2,res_vol,0.076033
SPG,126,2,res_vol_vel,0.0
SPG,126,2,price_regime,0.020315
SPG,126,2,corr_sector_21d,0.0
SPG,126,2,corr_sector_252d,0.017254
SPG,126,2,sector_wedge,0.0
SPG,126,3,rv_5d,0.0
SPG,126,3,rv_10d,0.0
SPG,126,3,rv_21d,0.0
SPG,126,3,rv_63d,0.043906
SPG,126,3,rv_126d,0.060533
SPG,126,3,ewma_vol,0.015343
SPG,126,3,garch_cond_vol,0.0
SPG,126,3,ret_TARGET,0.0
SPG,126,3,tech_RSI,0.0
SPG,126,3,tech_MACD_hist,0.0
SPG,126,3,ret_VIXY,0.0
SPG,126,3,mom21_VIXY,0.0
SPG,126,3,ret_HYG,0.0
SPG,126,3,mom21_HYG,0.0
SPG,126,3,ret_USO,0.0
SPG,126,3,mom21_USO,0.0
SPG,126,3,ret_TLT,0.0
SPG,126,3,mom21_TLT,0.086526
SPG,126,3,ret_UUP,0.0
SPG,126,3,mom21_UUP,0.0
SPG,126,3,ret_SPY,0.0
SPG,126,3,mom21_SPY,0.0
SPG,126,3,vol_vel,0.0
SPG,126,3,vol_of_vol,0.0
SPG,126,3,vol_regime_zscore,0.0
SPG,126,3,vol_chg_21d,0.0
SPG,126,3,event_fed_gravity,0.200676
SPG,126,3,event_earn_gravity,0.0
SPG,126,3,event_div_gravity,0.0
SPG,126,3,event_cpi_gravity,0.151225
SPG,126,3,event_nfp_gravity,0.194367
SPG,126,3,put_call_skew_30d,0.0
SPG,126,3,term_structure_slope,0.0
SPG,126,3,vrp_wedge,0.0
SPG,126,3,iv_atm_z_score,0.0
SPG,126,3,macro_yield_curve_slope,0.034379
SPG,126,3,macro_hy_spread,0.0
SPG,126,3,macro_hy_spread_chg_5d,0.0
SPG,126,3,macro_breakeven_5y,0.0
SPG,126,3,macro_inflation_fwd_5y5y,0.0
SPG,126,3,macro_inflation_fwd_chg_21d,0.0
SPG,126,3,macro_inflation_fwd_abs_chg_21d,0.0
SPG,126,3,macro_inflation_fwd_chg_63d,0.040195
SPG,126,3,macro_inflation_fwd_zscore,0.033856
SPG,126,3,macro_dollar_ret,0.0
SPG,126,3,beta_spy,0.011644
SPG,126,3,res_vol,0.073519
SPG,126,3,res_vol_vel,0.0
SPG,126,3,price_regime,0.023211
SPG,126,3,corr_sector_21d,0.016297
SPG,126,3,corr_sector_252d,0.0
SPG,126,3,sector_wedge,0.014323
SPG,126,4,rv_5d,0.0
SPG,126,4,rv_10d,0.0
SPG,126,4,rv_21d,0.0
SPG,126,4,rv_63d,0.045269
SPG,126,4,rv_126d,0.066017
SPG,126,4,ewma_vol,0.0
SPG,126,4,garch_cond_vol,0.0
SPG,126,4,ret_TARGET,0.0
SPG,126,4,tech_RSI,0.0
SPG,126,4,tech_MACD_hist,0.0
SPG,126,4,ret_VIXY,0.0
SPG,126,4,mom21_VIXY,0.0
SPG,126,4,ret_HYG,0.0
SPG,126,4,mom21_HYG,0.0
SPG,126,4,ret_USO,0.0
SPG,126,4,mom21_USO,0.0
SPG,126,4,ret_TLT,0.0
SPG,126,4,mom21_TLT,0.08456
SPG,126,4,ret_UUP,0.0
SPG,126,4,mom21_UUP,0.0
SPG,126,4,ret_SPY,0.0
SPG,126,4,mom21_SPY,0.0
SPG,126,4,vol_vel,0.0
SPG,126,4,vol_of_vol,0.020647
SPG,126,4,vol_regime_zscore,0.021069
SPG,126,4,vol_chg_21d,0.0
SPG,126,4,event_fed_gravity,0.209263
SPG,126,4,event_earn_gravity,0.0
SPG,126,4,event_div_gravity,0.0
SPG,126,4,event_cpi_gravity,0.152274
SPG,126,4,event_nfp_gravity,0.217378
SPG,126,4,put_call_skew_30d,0.0
SPG,126,4,term_structure_slope,0.0
SPG,126,4,vrp_wedge,0.0
SPG,126,4,iv_atm_z_score,0.0
SPG,126,4,macro_yield_curve_slope,0.058605
SPG,126,4,macro_hy_spread,0.0
SPG,126,4,macro_hy_spread_chg_5d,0.0
SPG,126,4,macro_breakeven_5y,0.0
SPG,126,4,macro_inflation_fwd_5y5y,0.0
SPG,126,4,macro_inflation_fwd_chg_21d,0.0
SPG,126,4,macro_inflation_fwd_abs_chg_21d,0.0
SPG,126,4,macro_inflation_fwd_chg_63d,0.028322
SPG,126,4,macro_inflation_fwd_zscore,0.036777
SPG,126,4,macro_dollar_ret,0.0
SPG,126,4,beta_spy,0.0
SPG,126,4,res_vol,0.0
SPG,126,4,res_vol_vel,0.0
SPG,126,4,price_regime,0.022414
SPG,126,4,corr_sector_21d,0.019143
SPG,126,4,corr_sector_252d,0.0
SPG,126,4,sector_wedge,0.018261
SPG,126,5,rv_5d,0.0
SPG,126,5,rv_10d,0.0
SPG,126,5,rv_21d,0.0
SPG,126,5,rv_63d,0.050564
SPG,126,5,rv_126d,0.068425
SPG,126,5,ewma_vol,0.0
SPG,126,5,garch_cond_vol,0.0
SPG,126,5,ret_TARGET,0.0
SPG,126,5,tech_RSI,0.0
SPG,126,5,tech_MACD_hist,0.0
SPG,126,5,ret_VIXY,0.0
SPG,126,5,mom21_VIXY,0.0
SPG,126,5,ret_HYG,0.0
SPG,126,5,mom21_HYG,0.0
SPG,126,5,ret_USO,0.0
SPG,126,5,mom21_USO,0.0
SPG,126,5,ret_TLT,0.0
SPG,126,5,mom21_TLT,0.053972
SPG,126,5,ret_UUP,0.0
SPG,126,5,mom21_UUP,0.0
SPG,126,5,ret_SPY,0.0
SPG,126,5,mom21_SPY,0.0
SPG,126,5,vol_vel,0.0
SPG,126,5,vol_of_vol,0.0
SPG,126,5,vol_regime_zscore,0.0
SPG,126,5,vol_chg_21d,0.0
SPG,126,5,event_fed_gravity,0.258545
SPG,126,5,event_earn_gravity,0.0
SPG,126,5,event_div_gravity,0.0
SPG,126,5,event_cpi_gravity,0.156139
SPG,126,5,event_nfp_gravity,0.214858
SPG,126,5,put_call_skew_30d,0.0
SPG,126,5,term_structure_slope,0.0
SPG,126,5,vrp_wedge,0.0
SPG,126,5,iv_atm_z_score,0.0
SPG,126,5,macro_yield_curve_slope,0.052753
SPG,126,5,macro_hy_spread,0.0
SPG,126,5,macro_hy_spread_chg_5d,0.0
SPG,126,5,macro_breakeven_5y,0.0
SPG,126,5,macro_inflation_fwd_5y5y,0.0
SPG,126,5,macro_inflation_fwd_chg_21d,0.0
SPG,126,5,macro_inflation_fwd_abs_chg_21d,0.0
SPG,126,5,macro_inflation_fwd_chg_63d,0.038921
SPG,126,5,macro_inflation_fwd_zscore,0.036391
SPG,126,5,macro_dollar_ret,0.0
SPG,126,5,beta_spy,0.01385
SPG,126,5,res_vol,0.0
SPG,126,5,res_vol_vel,0.0
SPG,126,5,price_regime,0.020314
SPG,126,5,corr_sector_21d,0.016054
SPG,126,5,corr_sector_252d,0.0
SPG,126,5,sector_wedge,0.019213
SPG,126,6,rv_5d,0.0
SPG,126,6,rv_10d,0.0
SPG,126,6,rv_21d,0.0
SPG,126,6,rv_63d,0.044986
SPG,126,6,rv_126d,0.058966
SPG,126,6,ewma_vol,0.0
SPG,126,6,garch_cond_vol,0.0
SPG,126,6,ret_TARGET,0.0
SPG,126,6,tech_RSI,0.0
SPG,126,6,tech_MACD_hist,0.0
SPG,126,6,ret_VIXY,0.0
SPG,126,6,mom21_VIXY,0.0
SPG,126,6,ret_HYG,0.0
SPG,126,6,mom21_HYG,0.0
SPG,126,6,ret_USO,0.0
SPG,126,6,mom21_USO,0.0
SPG,126,6,ret_TLT,0.0
SPG,126,6,mom21_TLT,0.075954
SPG,126,6,ret_UUP,0.0
SPG,126,6,mom21_UUP,0.0
SPG,126,6,ret_SPY,0.0
SPG,126,6,mom21_SPY,0.0
SPG,126,6,vol_vel,0.0
SPG,126,6,vol_of_vol,0.0
SPG,126,6,vol_regime_zscore,0.0
SPG,126,6,vol_chg_21d,0.0
SPG,126,6,event_fed_gravity,0.190441
SPG,126,6,event_earn_gravity,0.0
SPG,126,6,event_div_gravity,0.0
SPG,126,6,event_cpi_gravity,0.190463
SPG,126,6,event_nfp_gravity,0.21805
SPG,126,6,put_call_skew_30d,0.0
SPG,126,6,term_structure_slope,0.0
SPG,126,6,vrp_wedge,0.0
SPG,126,6,iv_atm_z_score,0.0
SPG,126,6,macro_yield_curve_slope,0.053152
SPG,126,6,macro_hy_spread,0.0
SPG,126,6,macro_hy_spread_chg_5d,0.0
SPG,126,6,macro_breakeven_5y,0.0
SPG,126,6,macro_inflation_fwd_5y5y,0.0
SPG,126,6,macro_inflation_fwd_chg_21d,0.0
SPG,126,6,macro_inflation_fwd_abs_chg_21d,0.0
SPG,126,6,macro_inflation_fwd_chg_63d,0.053961
SPG,126,6,macro_inflation_fwd_zscore,0.040668
SPG,126,6,macro_dollar_ret,0.0
SPG,126,6,beta_spy,0.013563
SPG,126,6,res_vol,0.0
SPG,126,6,res_vol_vel,0.0
SPG,126,6,price_regime,0.023114
SPG,126,6,corr_sector_21d,0.015556
SPG,126,6,corr_sector_252d,0.0
SPG,126,6,sector_wedge,0.021126
SPG,126,7,rv_5d,0.0
SPG,126,7,rv_10d,0.0
SPG,126,7,rv_21d,0.0
SPG,126,7,rv_63d,0.034017
SPG,126,7,rv_126d,0.043862
SPG,126,7,ewma_vol,0.0
SPG,126,7,garch_cond_vol,0.0
SPG,126,7,ret_TARGET,0.0
SPG,126,7,tech_RSI,0.0
SPG,126,7,tech_MACD_hist,0.0
SPG,126,7,ret_VIXY,0.0
SPG,126,7,mom21_VIXY,0.0
SPG,126,7,ret_HYG,0.0
SPG,126,7,mom21_HYG,0.0
SPG,126,7,ret_USO,0.0
SPG,126,7,mom21_USO,0.0
SPG,126,7,ret_TLT,0.0
SPG,126,7,mom21_TLT,0.059597
SPG,126,7,ret_UUP,0.0
SPG,126,7,mom21_UUP,0.0
SPG,126,7,ret_SPY,0.0
SPG,126,7,mom21_SPY,0.0
SPG,126,7,vol_vel,0.0
SPG,126,7,vol_of_vol,0.0
SPG,126,7,vol_regime_zscore,0.0
SPG,126,7,vol_chg_21d,0.0
SPG,126,7,event_fed_gravity,0.195116
SPG,126,7,event_earn_gravity,0.0
SPG,126,7,event_div_gravity,0.0
SPG,126,7,event_cpi_gravity,0.167003
SPG,126,7,event_nfp_gravity,0.204048
SPG,126,7,put_call_skew_30d,0.0
SPG,126,7,term_structure_slope,0.0
SPG,126,7,vrp_wedge,0.0
SPG,126,7,iv_atm_z_score,0.0
SPG,126,7,macro_yield_curve_slope,0.050827
SPG,126,7,macro_hy_spread,0.0
SPG,126,7,macro_hy_spread_chg_5d,0.0
SPG,126,7,macro_breakeven_5y,0.0
SPG,126,7,macro_inflation_fwd_5y5y,0.056558
SPG,126,7,macro_inflation_fwd_chg_21d,0.0
SPG,126,7,macro_inflation_fwd_abs_chg_21d,0.0
SPG,126,7,macro_inflation_fwd_chg_63d,0.043537
SPG,126,7,macro_inflation_fwd_zscore,0.042085
SPG,126,7,macro_dollar_ret,0.0
SPG,126,7,beta_spy,0.03202
SPG,126,7,res_vol,0.012753
SPG,126,7,res_vol_vel,0.0
SPG,126,7,price_regime,0.023818
SPG,126,7,corr_sector_21d,0.017575
SPG,126,7,corr_sector_252d,0.0
SPG,126,7,sector_wedge,0.017184
SPG,126,8,rv_5d,0.0
SPG,126,8,rv_10d,0.0
SPG,126,8,rv_21d,0.0
SPG,126,8,rv_63d,0.037615
SPG,126,8,rv_126d,0.042728
SPG,126,8,ewma_vol,0.0
SPG,126,8,garch_cond_vol,0.0
SPG,126,8,ret_TARGET,0.0
SPG,126,8,tech_RSI,0.0
SPG,126,8,tech_MACD_hist,0.0
SPG,126,8,ret_VIXY,0.0
SPG,126,8,mom21_VIXY,0.0
SPG,126,8,ret_HYG,0.0
SPG,126,8,mom21_HYG,0.0
SPG,126,8,ret_USO,0.0
SPG,126,8,mom21_USO,0.0
SPG,126,8,ret_TLT,0.0
SPG,126,8,mom21_TLT,0.062319
SPG,126,8,ret_UUP,0.0
SPG,126,8,mom21_UUP,0.0
SPG,126,8,ret_SPY,0.0
SPG,126,8,mom21_SPY,0.0
SPG,126,8,vol_vel,0.0
SPG,126,8,vol_of_vol,0.0
SPG,126,8,vol_regime_zscore,0.0
SPG,126,8,vol_chg_21d,0.0
SPG,126,8,event_fed_gravity,0.169741
SPG,126,8,event_earn_gravity,0.0
SPG,126,8,event_div_gravity,0.0
SPG,126,8,event_cpi_gravity,0.236305
SPG,126,8,event_nfp_gravity,0.197194
SPG,126,8,put_call_skew_30d,0.0
SPG,126,8,term_structure_slope,0.0
SPG,126,8,vrp_wedge,0.0
SPG,126,8,iv_atm_z_score,0.0
SPG,126,8,macro_yield_curve_slope,0.058724
SPG,126,8,macro_hy_spread,0.0
SPG,126,8,macro_hy_spread_chg_5d,0.0
SPG,126,8,macro_breakeven_5y,0.0
SPG,126,8,macro_inflation_fwd_5y5y,0.0
SPG,126,8,macro_inflation_fwd_chg_21d,0.0
SPG,126,8,macro_inflation_fwd_abs_chg_21d,0.0
SPG,126,8,macro_inflation_fwd_chg_63d,0.059919
SPG,126,8,macro_inflation_fwd_zscore,0.039673
SPG,126,8,macro_dollar_ret,0.0
SPG,126,8,beta_spy,0.019055
SPG,126,8,res_vol,0.013851
SPG,126,8,res_vol_vel,0.0
SPG,126,8,price_regime,0.023453
SPG,126,8,corr_sector_21d,0.019401
SPG,126,8,corr_sector_252d,0.0
SPG,126,8,sector_wedge,0.020023
SPG,126,9,rv_5d,0.0
SPG,126,9,rv_10d,0.0
SPG,126,9,rv_21d,0.0
SPG,126,9,rv_63d,0.037773
SPG,126,9,rv_126d,0.042287
SPG,126,9,ewma_vol,0.0
SPG,126,9,garch_cond_vol,0.0
SPG,126,9,ret_TARGET,0.0
SPG,126,9,tech_RSI,0.0
SPG,126,9,tech_MACD_hist,0.0
SPG,126,9,ret_VIXY,0.0
SPG,126,9,mom21_VIXY,0.0
SPG,126,9,ret_HYG,0.0
SPG,126,9,mom21_HYG,0.0
SPG,126,9,ret_USO,0.0
SPG,126,9,mom21_USO,0.0
SPG,126,9,ret_TLT,0.0
SPG,126,9,mom21_TLT,0.07388
SPG,126,9,ret_UUP,0.0
SPG,126,9,mom21_UUP,0.0
SPG,126,9,ret_SPY,0.0
SPG,126,9,mom21_SPY,0.0
SPG,126,9,vol_vel,0.0
SPG,126,9,vol_of_vol,0.0
SPG,126,9,vol_regime_zscore,0.028245
SPG,126,9,vol_chg_21d,0.0
SPG,126,9,event_fed_gravity,0.134979
SPG,126,9,event_earn_gravity,0.0
SPG,126,9,event_div_gravity,0.0
SPG,126,9,event_cpi_gravity,0.236877
SPG,126,9,event_nfp_gravity,0.191911
SPG,126,9,put_call_skew_30d,0.0
SPG,126,9,term_structure_slope,0.0
SPG,126,9,vrp_wedge,0.0
SPG,126,9,iv_atm_z_score,0.0
SPG,126,9,macro_yield_curve_slope,0.052732
SPG,126,9,macro_hy_spread,0.0
SPG,126,9,macro_hy_spread_chg_5d,0.0
SPG,126,9,macro_breakeven_5y,0.022036
SPG,126,9,macro_inflation_fwd_5y5y,0.0
SPG,126,9,macro_inflation_fwd_chg_21d,0.0
SPG,126,9,macro_inflation_fwd_abs_chg_21d,0.0
SPG,126,9,macro_inflation_fwd_chg_63d,0.035215
SPG,126,9,macro_inflation_fwd_zscore,0.042133
SPG,126,9,macro_dollar_ret,0.0
SPG,126,9,beta_spy,0.02003
SPG,126,9,res_vol,0.018665
SPG,126,9,res_vol_vel,0.0
SPG,126,9,price_regime,0.025184
SPG,126,9,corr_sector_21d,0.017791
SPG,126,9,corr_sector_252d,0.0
SPG,126,9,sector_wedge,0.020263
SPG,126,10,rv_5d,0.0
SPG,126,10,rv_10d,0.0
SPG,126,10,rv_21d,0.0
SPG,126,10,rv_63d,0.029491
SPG,126,10,rv_126d,0.036497
SPG,126,10,ewma_vol,0.0
SPG,126,10,garch_cond_vol,0.0
SPG,126,10,ret_TARGET,0.0
SPG,126,10,tech_RSI,0.0
SPG,126,10,tech_MACD_hist,0.0
SPG,126,10,ret_VIXY,0.0
SPG,126,10,mom21_VIXY,0.0
SPG,126,10,ret_HYG,0.0
SPG,126,10,mom21_HYG,0.0
SPG,126,10,ret_USO,0.0
SPG,126,10,mom21_USO,0.0
SPG,126,10,ret_TLT,0.0
SPG,126,10,mom21_TLT,0.054326
SPG,126,10,ret_UUP,0.0
SPG,126,10,mom21_UUP,0.021797
SPG,126,10,ret_SPY,0.0
SPG,126,10,mom21_SPY,0.0
SPG,126,10,vol_vel,0.0
SPG,126,10,vol_of_vol,0.013935
SPG,126,10,vol_regime_zscore,0.027514
SPG,126,10,vol_chg_21d,0.0
SPG,126,10,event_fed_gravity,0.153822
SPG,126,10,event_earn_gravity,0.0
SPG,126,10,event_div_gravity,0.0
SPG,126,10,event_cpi_gravity,0.161881
SPG,126,10,event_nfp_gravity,0.184228
SPG,126,10,put_call_skew_30d,0.0
SPG,126,10,term_structure_slope,0.0
SPG,126,10,vrp_wedge,0.0
SPG,126,10,iv_atm_z_score,0.0
SPG,126,10,macro_yield_curve_slope,0.060679
SPG,126,10,macro_hy_spread,0.073487
SPG,126,10,macro_hy_spread_chg_5d,0.0
SPG,126,10,macro_breakeven_5y,0.020332
SPG,126,10,macro_inflation_fwd_5y5y,0.0
SPG,126,10,macro_inflation_fwd_chg_21d,0.0
SPG,126,10,macro_inflation_fwd_abs_chg_21d,0.0
SPG,126,10,macro_inflation_fwd_chg_63d,0.03737
SPG,126,10,macro_inflation_fwd_zscore,0.029572
SPG,126,10,macro_dollar_ret,0.0
SPG,126,10,beta_spy,0.018657
SPG,126,10,res_vol,0.019608
SPG,126,10,res_vol_vel,0.0
SPG,126,10,price_regime,0.021423
SPG,126,10,corr_sector_21d,0.017399
SPG,126,10,corr_sector_252d,0.0
SPG,126,10,sector_wedge,0.017983
SPG,126,11,rv_5d,0.0
SPG,126,11,rv_10d,0.0
SPG,126,11,rv_21d,0.0
SPG,126,11,rv_63d,0.03117
SPG,126,11,rv_126d,0.02975
SPG,126,11,ewma_vol,0.0
SPG,126,11,garch_cond_vol,0.0
SPG,126,11,ret_TARGET,0.0
SPG,126,11,tech_RSI,0.0
SPG,126,11,tech_MACD_hist,0.0
SPG,126,11,ret_VIXY,0.0
SPG,126,11,mom21_VIXY,0.0
SPG,126,11,ret_HYG,0.0
SPG,126,11,mom21_HYG,0.0
SPG,126,11,ret_USO,0.0
SPG,126,11,mom21_USO,0.0
SPG,126,11,ret_TLT,0.0
SPG,126,11,mom21_TLT,0.044289
SPG,126,11,ret_UUP,0.0
SPG,126,11,mom21_UUP,0.0
SPG,126,11,ret_SPY,0.0
SPG,126,11,mom21_SPY,0.0
SPG,126,11,vol_vel,0.0
SPG,126,11,vol_of_vol,0.01745
SPG,126,11,vol_regime_zscore,0.038822
SPG,126,11,vol_chg_21d,0.0
SPG,126,11,event_fed_gravity,0.162073
SPG,126,11,event_earn_gravity,0.0
SPG,126,11,event_div_gravity,0.0
SPG,126,11,event_cpi_gravity,0.142769
SPG,126,11,event_nfp_gravity,0.19759
SPG,126,11,put_call_skew_30d,0.0
SPG,126,11,term_structure_slope,0.0
SPG,126,11,vrp_wedge,0.0
SPG,126,11,iv_atm_z_score,0.0
SPG,126,11,macro_yield_curve_slope,0.059845
SPG,126,11,macro_hy_spread,0.06948
SPG,126,11,macro_hy_spread_chg_5d,0.0
SPG,126,11,macro_breakeven_5y,0.0
SPG,126,11,macro_inflation_fwd_5y5y,0.0
SPG,126,11,macro_inflation_fwd_chg_21d,0.0
SPG,126,11,macro_inflation_fwd_abs_chg_21d,0.0
SPG,126,11,macro_inflation_fwd_chg_63d,0.039932
SPG,126,11,macro_inflation_fwd_zscore,0.023197
SPG,126,11,macro_dollar_ret,0.0
SPG,126,11,beta_spy,0.017073
SPG,126,11,res_vol,0.026694
SPG,126,11,res_vol_vel,0.0
SPG,126,11,price_regime,0.034748
SPG,126,11,corr_sector_21d,0.020737
SPG,126,11,corr_sector_252d,0.025639
SPG,126,11,sector_wedge,0.018743
SPG,126,12,rv_5d,0.0
SPG,126,12,rv_10d,0.0
SPG,126,12,rv_21d,0.0
SPG,126,12,rv_63d,0.031479
SPG,126,12,rv_126d,0.030599
SPG,126,12,ewma_vol,0.011322
SPG,126,12,garch_cond_vol,0.0
SPG,126,12,ret_TARGET,0.0
SPG,126,12,tech_RSI,0.0
SPG,126,12,tech_MACD_hist,0.0
SPG,126,12,ret_VIXY,0.0
SPG,126,12,mom21_VIXY,0.0
SPG,126,12,ret_HYG,0.0
SPG,126,12,mom21_HYG,0.0
SPG,126,12,ret_USO,0.0
SPG,126,12,mom21_USO,0.0
SPG,126,12,ret_TLT,0.0
SPG,126,12,mom21_TLT,0.072767
SPG,126,12,ret_UUP,0.0
SPG,126,12,mom21_UUP,0.0
SPG,126,12,ret_SPY,0.0
SPG,126,12,mom21_SPY,0.0
SPG,126,12,vol_vel,0.0
SPG,126,12,vol_of_vol,0.017642
SPG,126,12,vol_regime_zscore,0.024873
SPG,126,12,vol_chg_21d,0.0
SPG,126,12,event_fed_gravity,0.165926
SPG,126,12,event_earn_gravity,0.0
SPG,126,12,event_div_gravity,0.0
SPG,126,12,event_cpi_gravity,0.146208
SPG,126,12,event_nfp_gravity,0.175781
SPG,126,12,put_call_skew_30d,0.0
SPG,126,12,term_structure_slope,0.0
SPG,126,12,vrp_wedge,0.0
SPG,126,12,iv_atm_z_score,0.0
SPG,126,12,macro_yield_curve_slope,0.048887
SPG,126,12,macro_hy_spread,0.066284
SPG,126,12,macro_hy_spread_chg_5d,0.0
SPG,126,12,macro_breakeven_5y,0.018847
SPG,126,12,macro_inflation_fwd_5y5y,0.0
SPG,126,12,macro_inflation_fwd_chg_21d,0.0
SPG,126,12,macro_inflation_fwd_abs_chg_21d,0.0
SPG,126,12,macro_inflation_fwd_chg_63d,0.030047
SPG,126,12,macro_inflation_fwd_zscore,0.021734
SPG,126,12,macro_dollar_ret,0.0
SPG,126,12,beta_spy,0.012684
SPG,126,12,res_vol,0.028531
SPG,126,12,res_vol_vel,0.0
SPG,126,12,price_regime,0.03205
SPG,126,12,corr_sector_21d,0.0
SPG,126,12,corr_sector_252d,0.040812
SPG,126,12,sector_wedge,0.023527
SPG,126,13,rv_5d,0.0
SPG,126,13,rv_10d,0.0
SPG,126,13,rv_21d,0.0
SPG,126,13,rv_63d,0.031337
SPG,126,13,rv_126d,0.030008
SPG,126,13,ewma_vol,0.0
SPG,126,13,garch_cond_vol,0.0
SPG,126,13,ret_TARGET,0.0
SPG,126,13,tech_RSI,0.0
SPG,126,13,tech_MACD_hist,0.0
SPG,126,13,ret_VIXY,0.0
SPG,126,13,mom21_VIXY,0.0
SPG,126,13,ret_HYG,0.0
SPG,126,13,mom21_HYG,0.0
SPG,126,13,ret_USO,0.0
SPG,126,13,mom21_USO,0.0
SPG,126,13,ret_TLT,0.0
SPG,126,13,mom21_TLT,0.073667
SPG,126,13,ret_UUP,0.0
SPG,126,13,mom21_UUP,0.0
SPG,126,13,ret_SPY,0.0
SPG,126,13,mom21_SPY,0.0
SPG,126,13,vol_vel,0.0
SPG,126,13,vol_of_vol,0.018723
SPG,126,13,vol_regime_zscore,0.043384
SPG,126,13,vol_chg_21d,0.0
SPG,126,13,event_fed_gravity,0.146567
SPG,126,13,event_earn_gravity,0.0
SPG,126,13,event_div_gravity,0.0
SPG,126,13,event_cpi_gravity,0.153541
SPG,126,13,event_nfp_gravity,0.212581
SPG,126,13,put_call_skew_30d,0.0
SPG,126,13,term_structure_slope,0.0
SPG,126,13,vrp_wedge,0.0
SPG,126,13,iv_atm_z_score,0.0
SPG,126,13,macro_yield_curve_slope,0.052785
SPG,126,13,macro_hy_spread,0.064729
SPG,126,13,macro_hy_spread_chg_5d,0.0
SPG,126,13,macro_breakeven_5y,0.0
SPG,126,13,macro_inflation_fwd_5y5y,0.0
SPG,126,13,macro_inflation_fwd_chg_21d,0.0
SPG,126,13,macro_inflation_fwd_abs_chg_21d,0.0
SPG,126,13,macro_inflation_fwd_chg_63d,0.023617
SPG,126,13,macro_inflation_fwd_zscore,0.020142
SPG,126,13,macro_dollar_ret,0.0
SPG,126,13,beta_spy,0.011125
SPG,126,13,res_vol,0.018075
SPG,126,13,res_vol_vel,0.0
SPG,126,13,price_regime,0.032934
SPG,126,13,corr_sector_21d,0.0
SPG,126,13,corr_sector_252d,0.049865
SPG,126,13,sector_wedge,0.016919
SPG,126,14,rv_5d,0.0
SPG,126,14,rv_10d,0.016676
SPG,126,14,rv_21d,0.0
SPG,126,14,rv_63d,0.030803
SPG,126,14,rv_126d,0.033918
SPG,126,14,ewma_vol,0.0
SPG,126,14,garch_cond_vol,0.0
SPG,126,14,ret_TARGET,0.0
SPG,126,14,tech_RSI,0.0
SPG,126,14,tech_MACD_hist,0.0
SPG,126,14,ret_VIXY,0.0
SPG,126,14,mom21_VIXY,0.0
SPG,126,14,ret_HYG,0.0
SPG,126,14,mom21_HYG,0.0
SPG,126,14,ret_USO,0.0
SPG,126,14,mom21_USO,0.0
SPG,126,14,ret_TLT,0.0
SPG,126,14,mom21_TLT,0.047237
SPG,126,14,ret_UUP,0.0
SPG,126,14,mom21_UUP,0.0
SPG,126,14,ret_SPY,0.0
SPG,126,14,mom21_SPY,0.0
SPG,126,14,vol_vel,0.0
SPG,126,14,vol_of_vol,0.0
SPG,126,14,vol_regime_zscore,0.044122
SPG,126,14,vol_chg_21d,0.0
SPG,126,14,event_fed_gravity,0.172915
SPG,126,14,event_earn_gravity,0.0
SPG,126,14,event_div_gravity,0.0
SPG,126,14,event_cpi_gravity,0.193288
SPG,126,14,event_nfp_gravity,0.179847
SPG,126,14,put_call_skew_30d,0.0
SPG,126,14,term_structure_slope,0.0
SPG,126,14,vrp_wedge,0.0
SPG,126,14,iv_atm_z_score,0.0
SPG,126,14,macro_yield_curve_slope,0.043783
SPG,126,14,macro_hy_spread,0.066099
SPG,126,14,macro_hy_spread_chg_5d,0.0
SPG,126,14,macro_breakeven_5y,0.012597
SPG,126,14,macro_inflation_fwd_5y5y,0.0
SPG,126,14,macro_inflation_fwd_chg_21d,0.0
SPG,126,14,macro_inflation_fwd_abs_chg_21d,0.0
SPG,126,14,macro_inflation_fwd_chg_63d,0.050139
SPG,126,14,macro_inflation_fwd_zscore,0.020457
SPG,126,14,macro_dollar_ret,0.0
SPG,126,14,beta_spy,0.0
SPG,126,14,res_vol,0.034132
SPG,126,14,res_vol_vel,0.0
SPG,126,14,price_regime,0.036933
SPG,126,14,corr_sector_21d,0.0
SPG,126,14,corr_sector_252d,0.0
SPG,126,14,sector_wedge,0.017055
SPG,126,15,rv_5d,0.0
SPG,126,15,rv_10d,0.0
SPG,126,15,rv_21d,0.0
SPG,126,15,rv_63d,0.025535
SPG,126,15,rv_126d,0.022671
SPG,126,15,ewma_vol,0.034352
SPG,126,15,garch_cond_vol,0.0
SPG,126,15,ret_TARGET,0.0
SPG,126,15,tech_RSI,0.0
SPG,126,15,tech_MACD_hist,0.010167
SPG,126,15,ret_VIXY,0.0
SPG,126,15,mom21_VIXY,0.0
SPG,126,15,ret_HYG,0.0
SPG,126,15,mom21_HYG,0.0
SPG,126,15,ret_USO,0.0
SPG,126,15,mom21_USO,0.0
SPG,126,15,ret_TLT,0.0
SPG,126,15,mom21_TLT,0.048238
SPG,126,15,ret_UUP,0.0
SPG,126,15,mom21_UUP,0.0
SPG,126,15,ret_SPY,0.0
SPG,126,15,mom21_SPY,0.0
SPG,126,15,vol_vel,0.0
SPG,126,15,vol_of_vol,0.0
SPG,126,15,vol_regime_zscore,0.021027
SPG,126,15,vol_chg_21d,0.0
SPG,126,15,event_fed_gravity,0.125983
SPG,126,15,event_earn_gravity,0.0
SPG,126,15,event_div_gravity,0.0
SPG,126,15,event_cpi_gravity,0.178576
SPG,126,15,event_nfp_gravity,0.176836
SPG,126,15,put_call_skew_30d,0.0
SPG,126,15,term_structure_slope,0.0
SPG,126,15,vrp_wedge,0.0
SPG,126,15,iv_atm_z_score,0.0
SPG,126,15,macro_yield_curve_slope,0.044882
SPG,126,15,macro_hy_spread,0.058888
SPG,126,15,macro_hy_spread_chg_5d,0.0
SPG,126,15,macro_breakeven_5y,0.012474
SPG,126,15,macro_inflation_fwd_5y5y,0.068528
SPG,126,15,macro_inflation_fwd_chg_21d,0.0
SPG,126,15,macro_inflation_fwd_abs_chg_21d,0.0
SPG,126,15,macro_inflation_fwd_chg_63d,0.050517
SPG,126,15,macro_inflation_fwd_zscore,0.038303
SPG,126,15,macro_dollar_ret,0.0
SPG,126,15,beta_spy,0.0
SPG,126,15,res_vol,0.032412
SPG,126,15,res_vol_vel,0.0
SPG,126,15,price_regime,0.017886
SPG,126,15,corr_sector_21d,0.0
SPG,126,15,corr_sector_252d,0.016573
SPG,126,15,sector_wedge,0.016153
SPG,126,16,rv_5d,0.0
SPG,126,16,rv_10d,0.0
SPG,126,16,rv_21d,0.011638
SPG,126,16,rv_63d,0.016584
SPG,126,16,rv_126d,0.023864
SPG,126,16,ewma_vol,0.019878
SPG,126,16,garch_cond_vol,0.015218
SPG,126,16,ret_TARGET,0.0
SPG,126,16,tech_RSI,0.0
SPG,126,16,tech_MACD_hist,0.0
SPG,126,16,ret_VIXY,0.0
SPG,126,16,mom21_VIXY,0.0
SPG,126,16,ret_HYG,0.0
SPG,126,16,mom21_HYG,0.0
SPG,126,16,ret_USO,0.0
SPG,126,16,mom21_USO,0.0
SPG,126,16,ret_TLT,0.0
SPG,126,16,mom21_TLT,0.050082
SPG,126,16,ret_UUP,0.0
SPG,126,16,mom21_UUP,0.0
SPG,126,16,ret_SPY,0.0
SPG,126,16,mom21_SPY,0.0
SPG,126,16,vol_vel,0.0
SPG,126,16,vol_of_vol,0.0
SPG,126,16,vol_regime_zscore,0.036897
SPG,126,16,vol_chg_21d,0.0
SPG,126,16,event_fed_gravity,0.108875
SPG,126,16,event_earn_gravity,0.0
SPG,126,16,event_div_gravity,0.0
SPG,126,16,event_cpi_gravity,0.175194
SPG,126,16,event_nfp_gravity,0.137288
SPG,126,16,put_call_skew_30d,0.0
SPG,126,16,term_structure_slope,0.0
SPG,126,16,vrp_wedge,0.0
SPG,126,16,iv_atm_z_score,0.0
SPG,126,16,macro_yield_curve_slope,0.033597
SPG,126,16,macro_hy_spread,0.05713
SPG,126,16,macro_hy_spread_chg_5d,0.0
SPG,126,16,macro_breakeven_5y,0.012594
SPG,126,16,macro_inflation_fwd_5y5y,0.114327
SPG,126,16,macro_inflation_fwd_chg_21d,0.0
SPG,126,16,macro_inflation_fwd_abs_chg_21d,0.0
SPG,126,16,macro_inflation_fwd_chg_63d,0.036241
SPG,126,16,macro_inflation_fwd_zscore,0.046618
SPG,126,16,macro_dollar_ret,0.0
SPG,126,16,beta_spy,0.012291
SPG,126,16,res_vol,0.028774
SPG,126,16,res_vol_vel,0.0
SPG,126,16,price_regime,0.024698
SPG,126,16,corr_sector_21d,0.0
SPG,126,16,corr_sector_252d,0.021515
SPG,126,16,sector_wedge,0.016697
SPG,126,17,rv_5d,0.0
SPG,126,17,rv_10d,0.0
SPG,126,17,rv_21d,0.0
SPG,126,17,rv_63d,0.017408
SPG,126,17,rv_126d,0.026107
SPG,126,17,ewma_vol,0.0
SPG,126,17,garch_cond_vol,0.010871
SPG,126,17,ret_TARGET,0.0
SPG,126,17,tech_RSI,0.0
SPG,126,17,tech_MACD_hist,0.0
SPG,126,17,ret_VIXY,0.0
SPG,126,17,mom21_VIXY,0.0
SPG,126,17,ret_HYG,0.0
SPG,126,17,mom21_HYG,0.0
SPG,126,17,ret_USO,0.0
SPG,126,17,mom21_USO,0.0
SPG,126,17,ret_TLT,0.0
SPG,126,17,mom21_TLT,0.059504
SPG,126,17,ret_UUP,0.0
SPG,126,17,mom21_UUP,0.0
SPG,126,17,ret_SPY,0.0
SPG,126,17,mom21_SPY,0.0
SPG,126,17,vol_vel,0.0
SPG,126,17,vol_of_vol,0.0
SPG,126,17,vol_regime_zscore,0.031846
SPG,126,17,vol_chg_21d,0.0
SPG,126,17,event_fed_gravity,0.09986
SPG,126,17,event_earn_gravity,0.0
SPG,126,17,event_div_gravity,0.0
SPG,126,17,event_cpi_gravity,0.174917
SPG,126,17,event_nfp_gravity,0.145089
SPG,126,17,put_call_skew_30d,0.0
SPG,126,17,term_structure_slope,0.0
SPG,126,17,vrp_wedge,0.0
SPG,126,17,iv_atm_z_score,0.0
SPG,126,17,macro_yield_curve_slope,0.031409
SPG,126,17,macro_hy_spread,0.06497
SPG,126,17,macro_hy_spread_chg_5d,0.0
SPG,126,17,macro_breakeven_5y,0.011667
SPG,126,17,macro_inflation_fwd_5y5y,0.123246
SPG,126,17,macro_inflation_fwd_chg_21d,0.0
SPG,126,17,macro_inflation_fwd_abs_chg_21d,0.0
SPG,126,17,macro_inflation_fwd_chg_63d,0.016059
SPG,126,17,macro_inflation_fwd_zscore,0.031919
SPG,126,17,macro_dollar_ret,0.0
SPG,126,17,beta_spy,0.018952
SPG,126,17,res_vol,0.039846
SPG,126,17,res_vol_vel,0.0
SPG,126,17,price_regime,0.022819
SPG,126,17,corr_sector_21d,0.019803
SPG,126,17,corr_sector_252d,0.033612
SPG,126,17,sector_wedge,0.020095
SPG,126,18,rv_5d,0.0
SPG,126,18,rv_10d,0.0
SPG,126,18,rv_21d,0.0
SPG,126,18,rv_63d,0.018435
SPG,126,18,rv_126d,0.026472
SPG,126,18,ewma_vol,0.0
SPG,126,18,garch_cond_vol,0.0
SPG,126,18,ret_TARGET,0.0
SPG,126,18,tech_RSI,0.0
SPG,126,18,tech_MACD_hist,0.0
SPG,126,18,ret_VIXY,0.0
SPG,126,18,mom21_VIXY,0.0
SPG,126,18,ret_HYG,0.0
SPG,126,18,mom21_HYG,0.0
SPG,126,18,ret_USO,0.0
SPG,126,18,mom21_USO,0.0
SPG,126,18,ret_TLT,0.0
SPG,126,18,mom21_TLT,0.046714
SPG,126,18,ret_UUP,0.0
SPG,126,18,mom21_UUP,0.0
SPG,126,18,ret_SPY,0.0
SPG,126,18,mom21_SPY,0.0
SPG,126,18,vol_vel,0.0
SPG,126,18,vol_of_vol,0.0
SPG,126,18,vol_regime_zscore,0.057801
SPG,126,18,vol_chg_21d,0.0
SPG,126,18,event_fed_gravity,0.118557
SPG,126,18,event_earn_gravity,0.0
SPG,126,18,event_div_gravity,0.0
SPG,126,18,event_cpi_gravity,0.15709
SPG,126,18,event_nfp_gravity,0.136387
SPG,126,18,put_call_skew_30d,0.0
SPG,126,18,term_structure_slope,0.0
SPG,126,18,vrp_wedge,0.0
SPG,126,18,iv_atm_z_score,0.0
SPG,126,18,macro_yield_curve_slope,0.034189
SPG,126,18,macro_hy_spread,0.065158
SPG,126,18,macro_hy_spread_chg_5d,0.0
SPG,126,18,macro_breakeven_5y,0.013494
SPG,126,18,macro_inflation_fwd_5y5y,0.114323
SPG,126,18,macro_inflation_fwd_chg_21d,0.0
SPG,126,18,macro_inflation_fwd_abs_chg_21d,0.0
SPG,126,18,macro_inflation_fwd_chg_63d,0.026992
SPG,126,18,macro_inflation_fwd_zscore,0.045983
SPG,126,18,macro_dollar_ret,0.0
SPG,126,18,beta_spy,0.021539
SPG,126,18,res_vol,0.035885
SPG,126,18,res_vol_vel,0.0
SPG,126,18,price_regime,0.029698
SPG,126,18,corr_sector_21d,0.018083
SPG,126,18,corr_sector_252d,0.010095
SPG,126,18,sector_wedge,0.023107
SPG,126,19,rv_5d,0.0
SPG,126,19,rv_10d,0.0
SPG,126,19,rv_21d,0.010594
SPG,126,19,rv_63d,0.019618
SPG,126,19,rv_126d,0.027956
SPG,126,19,ewma_vol,0.0
SPG,126,19,garch_cond_vol,0.0
SPG,126,19,ret_TARGET,0.0
SPG,126,19,tech_RSI,0.0
SPG,126,19,tech_MACD_hist,0.0
SPG,126,19,ret_VIXY,0.0
SPG,126,19,mom21_VIXY,0.0
SPG,126,19,ret_HYG,0.0
SPG,126,19,mom21_HYG,0.0
SPG,126,19,ret_USO,0.0
SPG,126,19,mom21_USO,0.0
SPG,126,19,ret_TLT,0.0
SPG,126,19,mom21_TLT,0.065211
SPG,126,19,ret_UUP,0.0
SPG,126,19,mom21_UUP,0.0
SPG,126,19,ret_SPY,0.0
SPG,126,19,mom21_SPY,0.0
SPG,126,19,vol_vel,0.0
SPG,126,19,vol_of_vol,0.0
SPG,126,19,vol_regime_zscore,0.072909
SPG,126,19,vol_chg_21d,0.0
SPG,126,19,event_fed_gravity,0.107978
SPG,126,19,event_earn_gravity,0.0
SPG,126,19,event_div_gravity,0.0
SPG,126,19,event_cpi_gravity,0.177093
SPG,126,19,event_nfp_gravity,0.149024
SPG,126,19,put_call_skew_30d,0.0
SPG,126,19,term_structure_slope,0.0
SPG,126,19,vrp_wedge,0.0
SPG,126,19,iv_atm_z_score,0.0
SPG,126,19,macro_yield_curve_slope,0.028644
SPG,126,19,macro_hy_spread,0.049746
SPG,126,19,macro_hy_spread_chg_5d,0.0
SPG,126,19,macro_breakeven_5y,0.012111
SPG,126,19,macro_inflation_fwd_5y5y,0.094475
SPG,126,19,macro_inflation_fwd_chg_21d,0.0
SPG,126,19,macro_inflation_fwd_abs_chg_21d,0.0
SPG,126,19,macro_inflation_fwd_chg_63d,0.027406
SPG,126,19,macro_inflation_fwd_zscore,0.022945
SPG,126,19,macro_dollar_ret,0.0
SPG,126,19,beta_spy,0.020042
SPG,126,19,res_vol,0.031555
SPG,126,19,res_vol_vel,0.0
SPG,126,19,price_regime,0.035935
SPG,126,19,corr_sector_21d,0.017471
SPG,126,19,corr_sector_252d,0.0
SPG,126,19,sector_wedge,0.029286
SPG,126,20,rv_5d,0.0
SPG,126,20,rv_10d,0.0
SPG,126,20,rv_21d,0.010487
SPG,126,20,rv_63d,0.01891
SPG,126,20,rv_126d,0.025402
SPG,126,20,ewma_vol,0.0
SPG,126,20,garch_cond_vol,0.0
SPG,126,20,ret_TARGET,0.0
SPG,126,20,tech_RSI,0.0
SPG,126,20,tech_MACD_hist,0.0
SPG,126,20,ret_VIXY,0.0
SPG,126,20,mom21_VIXY,0.0
SPG,126,20,ret_HYG,0.0
SPG,126,20,mom21_HYG,0.0
SPG,126,20,ret_USO,0.0
SPG,126,20,mom21_USO,0.0
SPG,126,20,ret_TLT,0.0
SPG,126,20,mom21_TLT,0.036769
SPG,126,20,ret_UUP,0.0
SPG,126,20,mom21_UUP,0.0
SPG,126,20,ret_SPY,0.0
SPG,126,20,mom21_SPY,0.0
SPG,126,20,vol_vel,0.0
SPG,126,20,vol_of_vol,0.0
SPG,126,20,vol_regime_zscore,0.105097
SPG,126,20,vol_chg_21d,0.0
SPG,126,20,event_fed_gravity,0.120245
SPG,126,20,event_earn_gravity,0.0
SPG,126,20,event_div_gravity,0.0
SPG,126,20,event_cpi_gravity,0.149565
SPG,126,20,event_nfp_gravity,0.119207
SPG,126,20,put_call_skew_30d,0.0
SPG,126,20,term_structure_slope,0.0
SPG,126,20,vrp_wedge,0.0
SPG,126,20,iv_atm_z_score,0.0
SPG,126,20,macro_yield_curve_slope,0.025172
SPG,126,20,macro_hy_spread,0.049947
SPG,126,20,macro_hy_spread_chg_5d,0.0
SPG,126,20,macro_breakeven_5y,0.014274
SPG,126,20,macro_inflation_fwd_5y5y,0.109195
SPG,126,20,macro_inflation_fwd_chg_21d,0.0
SPG,126,20,macro_inflation_fwd_abs_chg_21d,0.0
SPG,126,20,macro_inflation_fwd_chg_63d,0.031238
SPG,126,20,macro_inflation_fwd_zscore,0.018621
SPG,126,20,macro_dollar_ret,0.0
SPG,126,20,beta_spy,0.015999
SPG,126,20,res_vol,0.038466
SPG,126,20,res_vol_vel,0.0
SPG,126,20,price_regime,0.052045
SPG,126,20,corr_sector_21d,0.012924
SPG,126,20,corr_sector_252d,0.013127
SPG,126,20,sector_wedge,0.033312
SPG,126,21,rv_5d,0.0
SPG,126,21,rv_10d,0.0
SPG,126,21,rv_21d,0.0
SPG,126,21,rv_63d,0.016688
SPG,126,21,rv_126d,0.028887
SPG,126,21,ewma_vol,0.0
SPG,126,21,garch_cond_vol,0.0
SPG,126,21,ret_TARGET,0.0
SPG,126,21,tech_RSI,0.0
SPG,126,21,tech_MACD_hist,0.0
SPG,126,21,ret_VIXY,0.0
SPG,126,21,mom21_VIXY,0.0
SPG,126,21,ret_HYG,0.0
SPG,126,21,mom21_HYG,0.0
SPG,126,21,ret_USO,0.0
SPG,126,21,mom21_USO,0.0
SPG,126,21,ret_TLT,0.0
SPG,126,21,mom21_TLT,0.063906
SPG,126,21,ret_UUP,0.0
SPG,126,21,mom21_UUP,0.0
SPG,126,21,ret_SPY,0.0
SPG,126,21,mom21_SPY,0.0
SPG,126,21,vol_vel,0.0
SPG,126,21,vol_of_vol,0.0
SPG,126,21,vol_regime_zscore,0.117933
SPG,126,21,vol_chg_21d,0.0
SPG,126,21,event_fed_gravity,0.138591
SPG,126,21,event_earn_gravity,0.0
SPG,126,21,event_div_gravity,0.0
SPG,126,21,event_cpi_gravity,0.125545
SPG,126,21,event_nfp_gravity,0.121957
SPG,126,21,put_call_skew_30d,0.0
SPG,126,21,term_structure_slope,0.0
SPG,126,21,vrp_wedge,0.0
SPG,126,21,iv_atm_z_score,0.0
SPG,126,21,macro_yield_curve_slope,0.024491
SPG,126,21,macro_hy_spread,0.042997
SPG,126,21,macro_hy_spread_chg_5d,0.0
SPG,126,21,macro_breakeven_5y,0.013551
SPG,126,21,macro_inflation_fwd_5y5y,0.118277
SPG,126,21,macro_inflation_fwd_chg_21d,0.0
SPG,126,21,macro_inflation_fwd_abs_chg_21d,0.0
SPG,126,21,macro_inflation_fwd_chg_63d,0.031128
SPG,126,21,macro_inflation_fwd_zscore,0.02285
SPG,126,21,macro_dollar_ret,0.0
SPG,126,21,beta_spy,0.014715
SPG,126,21,res_vol,0.031169
SPG,126,21,res_vol_vel,0.0
SPG,126,21,price_regime,0.047678
SPG,126,21,corr_sector_21d,0.009256
SPG,126,21,corr_sector_252d,0.0
SPG,126,21,sector_wedge,0.030381
SPG,126,22,rv_5d,0.0
SPG,126,22,rv_10d,0.0
SPG,126,22,rv_21d,0.0
SPG,126,22,rv_63d,0.016506
SPG,126,22,rv_126d,0.029649
SPG,126,22,ewma_vol,0.0
SPG,126,22,garch_cond_vol,0.0
SPG,126,22,ret_TARGET,0.0
SPG,126,22,tech_RSI,0.0
SPG,126,22,tech_MACD_hist,0.0
SPG,126,22,ret_VIXY,0.0
SPG,126,22,mom21_VIXY,0.0
SPG,126,22,ret_HYG,0.0
SPG,126,22,mom21_HYG,0.0
SPG,126,22,ret_USO,0.0
SPG,126,22,mom21_USO,0.0
SPG,126,22,ret_TLT,0.0
SPG,126,22,mom21_TLT,0.057738
SPG,126,22,ret_UUP,0.0
SPG,126,22,mom21_UUP,0.0
SPG,126,22,ret_SPY,0.0
SPG,126,22,mom21_SPY,0.0
SPG,126,22,vol_vel,0.0
SPG,126,22,vol_of_vol,0.0
SPG,126,22,vol_regime_zscore,0.13433
SPG,126,22,vol_chg_21d,0.0
SPG,126,22,event_fed_gravity,0.120105
SPG,126,22,event_earn_gravity,0.0
SPG,126,22,event_div_gravity,0.0
SPG,126,22,event_cpi_gravity,0.131462
SPG,126,22,event_nfp_gravity,0.133437
SPG,126,22,put_call_skew_30d,0.0
SPG,126,22,term_structure_slope,0.0
SPG,126,22,vrp_wedge,0.0
SPG,126,22,iv_atm_z_score,0.0
SPG,126,22,macro_yield_curve_slope,0.03101
SPG,126,22,macro_hy_spread,0.034779
SPG,126,22,macro_hy_spread_chg_5d,0.0
SPG,126,22,macro_breakeven_5y,0.013351
SPG,126,22,macro_inflation_fwd_5y5y,0.111579
SPG,126,22,macro_inflation_fwd_chg_21d,0.0
SPG,126,22,macro_inflation_fwd_abs_chg_21d,0.0
SPG,126,22,macro_inflation_fwd_chg_63d,0.035649
SPG,126,22,macro_inflation_fwd_zscore,0.019578
SPG,126,22,macro_dollar_ret,0.0
SPG,126,22,beta_spy,0.016594
SPG,126,22,res_vol,0.032444
SPG,126,22,res_vol_vel,0.0
SPG,126,22,price_regime,0.036729
SPG,126,22,corr_sector_21d,0.012733
SPG,126,22,corr_sector_252d,0.0
SPG,126,22,sector_wedge,0.032326
SPG,126,23,rv_5d,0.0
SPG,126,23,rv_10d,0.0
SPG,126,23,rv_21d,0.00991
SPG,126,23,rv_63d,0.017528
SPG,126,23,rv_126d,0.028907
SPG,126,23,ewma_vol,0.0
SPG,126,23,garch_cond_vol,0.0
SPG,126,23,ret_TARGET,0.0
SPG,126,23,tech_RSI,0.0
SPG,126,23,tech_MACD_hist,0.0
SPG,126,23,ret_VIXY,0.0
SPG,126,23,mom21_VIXY,0.0
SPG,126,23,ret_HYG,0.0
SPG,126,23,mom21_HYG,0.0
SPG,126,23,ret_USO,0.0
SPG,126,23,mom21_USO,0.0
SPG,126,23,ret_TLT,0.0
SPG,126,23,mom21_TLT,0.055204
SPG,126,23,ret_UUP,0.0
SPG,126,23,mom21_UUP,0.0
SPG,126,23,ret_SPY,0.0
SPG,126,23,mom21_SPY,0.0
SPG,126,23,vol_vel,0.0
SPG,126,23,vol_of_vol,0.0
SPG,126,23,vol_regime_zscore,0.11833
SPG,126,23,vol_chg_21d,0.0
SPG,126,23,event_fed_gravity,0.105584
SPG,126,23,event_earn_gravity,0.0
SPG,126,23,event_div_gravity,0.0
SPG,126,23,event_cpi_gravity,0.134794
SPG,126,23,event_nfp_gravity,0.139136
SPG,126,23,put_call_skew_30d,0.0
SPG,126,23,term_structure_slope,0.0
SPG,126,23,vrp_wedge,0.0
SPG,126,23,iv_atm_z_score,0.0
SPG,126,23,macro_yield_curve_slope,0.021712
SPG,126,23,macro_hy_spread,0.039104
SPG,126,23,macro_hy_spread_chg_5d,0.0
SPG,126,23,macro_breakeven_5y,0.01404
SPG,126,23,macro_inflation_fwd_5y5y,0.123745
SPG,126,23,macro_inflation_fwd_chg_21d,0.0
SPG,126,23,macro_inflation_fwd_abs_chg_21d,0.0
SPG,126,23,macro_inflation_fwd_chg_63d,0.02506
SPG,126,23,macro_inflation_fwd_zscore,0.02236
SPG,126,23,macro_dollar_ret,0.0
SPG,126,23,beta_spy,0.013613
SPG,126,23,res_vol,0.028429
SPG,126,23,res_vol_vel,0.0
SPG,126,23,price_regime,0.059643
SPG,126,23,corr_sector_21d,0.0
SPG,126,23,corr_sector_252d,0.009055
SPG,126,23,sector_wedge,0.033847
SPG,126,24,rv_5d,0.0
SPG,126,24,rv_10d,0.0
SPG,126,24,rv_21d,0.012259
SPG,126,24,rv_63d,0.017375
SPG,126,24,rv_126d,0.027157
SPG,126,24,ewma_vol,0.0
SPG,126,24,garch_cond_vol,0.0
SPG,126,24,ret_TARGET,0.0
SPG,126,24,tech_RSI,0.0
SPG,126,24,tech_MACD_hist,0.0
SPG,126,24,ret_VIXY,0.0
SPG,126,24,mom21_VIXY,0.0
SPG,126,24,ret_HYG,0.0
SPG,126,24,mom21_HYG,0.0
SPG,126,24,ret_USO,0.0
SPG,126,24,mom21_USO,0.0
SPG,126,24,ret_TLT,0.0
SPG,126,24,mom21_TLT,0.062624
SPG,126,24,ret_UUP,0.0
SPG,126,24,mom21_UUP,0.0
SPG,126,24,ret_SPY,0.0
SPG,126,24,mom21_SPY,0.0
SPG,126,24,vol_vel,0.0
SPG,126,24,vol_of_vol,0.0
SPG,126,24,vol_regime_zscore,0.119197
SPG,126,24,vol_chg_21d,0.0
SPG,126,24,event_fed_gravity,0.160542
SPG,126,24,event_earn_gravity,0.0
SPG,126,24,event_div_gravity,0.0
SPG,126,24,event_cpi_gravity,0.100466
SPG,126,24,event_nfp_gravity,0.103693
SPG,126,24,put_call_skew_30d,0.015223
SPG,126,24,term_structure_slope,0.0
SPG,126,24,vrp_wedge,0.0
SPG,126,24,iv_atm_z_score,0.0
SPG,126,24,macro_yield_curve_slope,0.027221
SPG,126,24,macro_hy_spread,0.041798
SPG,126,24,macro_hy_spread_chg_5d,0.0
SPG,126,24,macro_breakeven_5y,0.014657
SPG,126,24,macro_inflation_fwd_5y5y,0.133116
SPG,126,24,macro_inflation_fwd_chg_21d,0.0
SPG,126,24,macro_inflation_fwd_abs_chg_21d,0.0
SPG,126,24,macro_inflation_fwd_chg_63d,0.024326
SPG,126,24,macro_inflation_fwd_zscore,0.02499
SPG,126,24,macro_dollar_ret,0.0
SPG,126,24,beta_spy,0.0
SPG,126,24,res_vol,0.02932
SPG,126,24,res_vol_vel,0.0
SPG,126,24,price_regime,0.045833
SPG,126,24,corr_sector_21d,0.0
SPG,126,24,corr_sector_252d,0.012867
SPG,126,24,sector_wedge,0.027335
SPG,126,25,rv_5d,0.0
SPG,126,25,rv_10d,0.0
SPG,126,25,rv_21d,0.014956
SPG,126,25,rv_63d,0.019847
SPG,126,25,rv_126d,0.025463
SPG,126,25,ewma_vol,0.0
SPG,126,25,garch_cond_vol,0.0
SPG,126,25,ret_TARGET,0.0
SPG,126,25,tech_RSI,0.0
SPG,126,25,tech_MACD_hist,0.0
SPG,126,25,ret_VIXY,0.0
SPG,126,25,mom21_VIXY,0.0
SPG,126,25,ret_HYG,0.0
SPG,126,25,mom21_HYG,0.0
SPG,126,25,ret_USO,0.0
SPG,126,25,mom21_USO,0.0
SPG,126,25,ret_TLT,0.0
SPG,126,25,mom21_TLT,0.064173
SPG,126,25,ret_UUP,0.0
SPG,126,25,mom21_UUP,0.0
SPG,126,25,ret_SPY,0.0
SPG,126,25,mom21_SPY,0.0
SPG,126,25,vol_vel,0.0
SPG,126,25,vol_of_vol,0.0
SPG,126,25,vol_regime_zscore,0.066768
SPG,126,25,vol_chg_21d,0.0
SPG,126,25,event_fed_gravity,0.136334
SPG,126,25,event_earn_gravity,0.0
SPG,126,25,event_div_gravity,0.0
SPG,126,25,event_cpi_gravity,0.130397
SPG,126,25,event_nfp_gravity,0.133985
SPG,126,25,put_call_skew_30d,0.0
SPG,126,25,term_structure_slope,0.0
SPG,126,25,vrp_wedge,0.0
SPG,126,25,iv_atm_z_score,0.0
SPG,126,25,macro_yield_curve_slope,0.023162
SPG,126,25,macro_hy_spread,0.050046
SPG,126,25,macro_hy_spread_chg_5d,0.0
SPG,126,25,macro_breakeven_5y,0.036506
SPG,126,25,macro_inflation_fwd_5y5y,0.12957
SPG,126,25,macro_inflation_fwd_chg_21d,0.0
SPG,126,25,macro_inflation_fwd_abs_chg_21d,0.0
SPG,126,25,macro_inflation_fwd_chg_63d,0.031354
SPG,126,25,macro_inflation_fwd_zscore,0.031122
SPG,126,25,macro_dollar_ret,0.0
SPG,126,25,beta_spy,0.0
SPG,126,25,res_vol,0.032712
SPG,126,25,res_vol_vel,0.0
SPG,126,25,price_regime,0.0375
SPG,126,25,corr_sector_21d,0.0
SPG,126,25,corr_sector_252d,0.0
SPG,126,25,sector_wedge,0.036104
SPG,126,26,rv_5d,0.0
SPG,126,26,rv_10d,0.0
SPG,126,26,rv_21d,0.012696
SPG,126,26,rv_63d,0.016771
SPG,126,26,rv_126d,0.024977
SPG,126,26,ewma_vol,0.0
SPG,126,26,garch_cond_vol,0.0
SPG,126,26,ret_TARGET,0.0
SPG,126,26,tech_RSI,0.0
SPG,126,26,tech_MACD_hist,0.0
SPG,126,26,ret_VIXY,0.0
SPG,126,26,mom21_VIXY,0.0
SPG,126,26,ret_HYG,0.0
SPG,126,26,mom21_HYG,0.0
SPG,126,26,ret_USO,0.0
SPG,126,26,mom21_USO,0.0
SPG,126,26,ret_TLT,0.0
SPG,126,26,mom21_TLT,0.055707
SPG,126,26,ret_UUP,0.0
SPG,126,26,mom21_UUP,0.0
SPG,126,26,ret_SPY,0.0
SPG,126,26,mom21_SPY,0.0
SPG,126,26,vol_vel,0.0
SPG,126,26,vol_of_vol,0.0
SPG,126,26,vol_regime_zscore,0.074779
SPG,126,26,vol_chg_21d,0.0
SPG,126,26,event_fed_gravity,0.10854
SPG,126,26,event_earn_gravity,0.0
SPG,126,26,event_div_gravity,0.0
SPG,126,26,event_cpi_gravity,0.137505
SPG,126,26,event_nfp_gravity,0.14494
SPG,126,26,put_call_skew_30d,0.014006
SPG,126,26,term_structure_slope,0.0
SPG,126,26,vrp_wedge,0.0
SPG,126,26,iv_atm_z_score,0.0
SPG,126,26,macro_yield_curve_slope,0.023365
SPG,126,26,macro_hy_spread,0.042766
SPG,126,26,macro_hy_spread_chg_5d,0.0
SPG,126,26,macro_breakeven_5y,0.035642
SPG,126,26,macro_inflation_fwd_5y5y,0.142167
SPG,126,26,macro_inflation_fwd_chg_21d,0.0
SPG,126,26,macro_inflation_fwd_abs_chg_21d,0.0
SPG,126,26,macro_inflation_fwd_chg_63d,0.026119
SPG,126,26,macro_inflation_fwd_zscore,0.031811
SPG,126,26,macro_dollar_ret,0.0
SPG,126,26,beta_spy,0.008945
SPG,126,26,res_vol,0.030543
SPG,126,26,res_vol_vel,0.0
SPG,126,26,price_regime,0.0292
SPG,126,26,corr_sector_21d,0.0
SPG,126,26,corr_sector_252d,0.008417
SPG,126,26,sector_wedge,0.031105
SPG,126,27,rv_5d,0.0
SPG,126,27,rv_10d,0.0
SPG,126,27,rv_21d,0.0
SPG,126,27,rv_63d,0.01805
SPG,126,27,rv_126d,0.02818
SPG,126,27,ewma_vol,0.0
SPG,126,27,garch_cond_vol,0.0
SPG,126,27,ret_TARGET,0.0
SPG,126,27,tech_RSI,0.0
SPG,126,27,tech_MACD_hist,0.0
SPG,126,27,ret_VIXY,0.0
SPG,126,27,mom21_VIXY,0.0
SPG,126,27,ret_HYG,0.0
SPG,126,27,mom21_HYG,0.0
SPG,126,27,ret_USO,0.0
SPG,126,27,mom21_USO,0.0
SPG,126,27,ret_TLT,0.0
SPG,126,27,mom21_TLT,0.04639
SPG,126,27,ret_UUP,0.0
SPG,126,27,mom21_UUP,0.0
SPG,126,27,ret_SPY,0.0
SPG,126,27,mom21_SPY,0.0
SPG,126,27,vol_vel,0.0
SPG,126,27,vol_of_vol,0.0
SPG,126,27,vol_regime_zscore,0.075473
SPG,126,27,vol_chg_21d,0.0
SPG,126,27,event_fed_gravity,0.135238
SPG,126,27,event_earn_gravity,0.0
SPG,126,27,event_div_gravity,0.0
SPG,126,27,event_cpi_gravity,0.133279
SPG,126,27,event_nfp_gravity,0.119273
SPG,126,27,put_call_skew_30d,0.012296
SPG,126,27,term_structure_slope,0.0
SPG,126,27,vrp_wedge,0.0
SPG,126,27,iv_atm_z_score,0.0
SPG,126,27,macro_yield_curve_slope,0.022691
SPG,126,27,macro_hy_spread,0.047898
SPG,126,27,macro_hy_spread_chg_5d,0.0
SPG,126,27,macro_breakeven_5y,0.036373
SPG,126,27,macro_inflation_fwd_5y5y,0.143897
SPG,126,27,macro_inflation_fwd_chg_21d,0.0
SPG,126,27,macro_inflation_fwd_abs_chg_21d,0.0
SPG,126,27,macro_inflation_fwd_chg_63d,0.027289
SPG,126,27,macro_inflation_fwd_zscore,0.028109
SPG,126,27,macro_dollar_ret,0.0
SPG,126,27,beta_spy,0.0
SPG,126,27,res_vol,0.038478
SPG,126,27,res_vol_vel,0.0
SPG,126,27,price_regime,0.037628
SPG,126,27,corr_sector_21d,0.0
SPG,126,27,corr_sector_252d,0.012083
SPG,126,27,sector_wedge,0.037373
SPG,126,28,rv_5d,0.0
SPG,126,28,rv_10d,0.0
SPG,126,28,rv_21d,0.0132
SPG,126,28,rv_63d,0.021124
SPG,126,28,rv_126d,0.031371
SPG,126,28,ewma_vol,0.0
SPG,126,28,garch_cond_vol,0.0
SPG,126,28,ret_TARGET,0.0
SPG,126,28,tech_RSI,0.0
SPG,126,28,tech_MACD_hist,0.0
SPG,126,28,ret_VIXY,0.0
SPG,126,28,mom21_VIXY,0.0
SPG,126,28,ret_HYG,0.0
SPG,126,28,mom21_HYG,0.0
SPG,126,28,ret_USO,0.0
SPG,126,28,mom21_USO,0.0
SPG,126,28,ret_TLT,0.0
SPG,126,28,mom21_TLT,0.060845
SPG,126,28,ret_UUP,0.0
SPG,126,28,mom21_UUP,0.0
SPG,126,28,ret_SPY,0.0
SPG,126,28,mom21_SPY,0.0
SPG,126,28,vol_vel,0.0
SPG,126,28,vol_of_vol,0.0
SPG,126,28,vol_regime_zscore,0.040282
SPG,126,28,vol_chg_21d,0.0
SPG,126,28,event_fed_gravity,0.101195
SPG,126,28,event_earn_gravity,0.0
SPG,126,28,event_div_gravity,0.0
SPG,126,28,event_cpi_gravity,0.14807
SPG,126,28,event_nfp_gravity,0.1435
SPG,126,28,put_call_skew_30d,0.008603
SPG,126,28,term_structure_slope,0.0
SPG,126,28,vrp_wedge,0.0
SPG,126,28,iv_atm_z_score,0.0
SPG,126,28,macro_yield_curve_slope,0.024888
SPG,126,28,macro_hy_spread,0.047579
SPG,126,28,macro_hy_spread_chg_5d,0.0
SPG,126,28,macro_breakeven_5y,0.033814
SPG,126,28,macro_inflation_fwd_5y5y,0.144776
SPG,126,28,macro_inflation_fwd_chg_21d,0.0
SPG,126,28,macro_inflation_fwd_abs_chg_21d,0.0
SPG,126,28,macro_inflation_fwd_chg_63d,0.024087
SPG,126,28,macro_inflation_fwd_zscore,0.023212
SPG,126,28,macro_dollar_ret,0.0
SPG,126,28,beta_spy,0.0
SPG,126,28,res_vol,0.030633
SPG,126,28,res_vol_vel,0.0
SPG,126,28,price_regime,0.031526
SPG,126,28,corr_sector_21d,0.019996
SPG,126,28,corr_sector_252d,0.024719
SPG,126,28,sector_wedge,0.026578
SPG,126,29,rv_5d,0.0
SPG,126,29,rv_10d,0.0
SPG,126,29,rv_21d,0.0
SPG,126,29,rv_63d,0.020071
SPG,126,29,rv_126d,0.031649
SPG,126,29,ewma_vol,0.0
SPG,126,29,garch_cond_vol,0.0
SPG,126,29,ret_TARGET,0.0
SPG,126,29,tech_RSI,0.0
SPG,126,29,tech_MACD_hist,0.0
SPG,126,29,ret_VIXY,0.0
SPG,126,29,mom21_VIXY,0.0
SPG,126,29,ret_HYG,0.0
SPG,126,29,mom21_HYG,0.0
SPG,126,29,ret_USO,0.0
SPG,126,29,mom21_USO,0.0
SPG,126,29,ret_TLT,0.0
SPG,126,29,mom21_TLT,0.063685
SPG,126,29,ret_UUP,0.0
SPG,126,29,mom21_UUP,0.0
SPG,126,29,ret_SPY,0.0
SPG,126,29,mom21_SPY,0.0
SPG,126,29,vol_vel,0.0
SPG,126,29,vol_of_vol,0.0
SPG,126,29,vol_regime_zscore,0.07471
SPG,126,29,vol_chg_21d,0.0
SPG,126,29,event_fed_gravity,0.134301
SPG,126,29,event_earn_gravity,0.0
SPG,126,29,event_div_gravity,0.0
SPG,126,29,event_cpi_gravity,0.128322
SPG,126,29,event_nfp_gravity,0.124096
SPG,126,29,put_call_skew_30d,0.0
SPG,126,29,term_structure_slope,0.0
SPG,126,29,vrp_wedge,0.0
SPG,126,29,iv_atm_z_score,0.0
SPG,126,29,macro_yield_curve_slope,0.027412
SPG,126,29,macro_hy_spread,0.053926
SPG,126,29,macro_hy_spread_chg_5d,0.0
SPG,126,29,macro_breakeven_5y,0.033623
SPG,126,29,macro_inflation_fwd_5y5y,0.145793
SPG,126,29,macro_inflation_fwd_chg_21d,0.0
SPG,126,29,macro_inflation_fwd_abs_chg_21d,0.0
SPG,126,29,macro_inflation_fwd_chg_63d,0.012345
SPG,126,29,macro_inflation_fwd_zscore,0.018874
SPG,126,29,macro_dollar_ret,0.0
SPG,126,29,beta_spy,0.0
SPG,126,29,res_vol,0.028983
SPG,126,29,res_vol_vel,0.0
SPG,126,29,price_regime,0.029413
SPG,126,29,corr_sector_21d,0.01696
SPG,126,29,corr_sector_252d,0.024925
SPG,126,29,sector_wedge,0.030911
SPG,126,30,rv_5d,0.0
SPG,126,30,rv_10d,0.0
SPG,126,30,rv_21d,0.01382
SPG,126,30,rv_63d,0.021336
SPG,126,30,rv_126d,0.030771
SPG,126,30,ewma_vol,0.0
SPG,126,30,garch_cond_vol,0.0
SPG,126,30,ret_TARGET,0.0
SPG,126,30,tech_RSI,0.0
SPG,126,30,tech_MACD_hist,0.0
SPG,126,30,ret_VIXY,0.0
SPG,126,30,mom21_VIXY,0.0
SPG,126,30,ret_HYG,0.0
SPG,126,30,mom21_HYG,0.0
SPG,126,30,ret_USO,0.0
SPG,126,30,mom21_USO,0.0
SPG,126,30,ret_TLT,0.0
SPG,126,30,mom21_TLT,0.065092
SPG,126,30,ret_UUP,0.0
SPG,126,30,mom21_UUP,0.0
SPG,126,30,ret_SPY,0.0
SPG,126,30,mom21_SPY,0.0
SPG,126,30,vol_vel,0.0
SPG,126,30,vol_of_vol,0.0
SPG,126,30,vol_regime_zscore,0.039769
SPG,126,30,vol_chg_21d,0.0
SPG,126,30,event_fed_gravity,0.11499
SPG,126,30,event_earn_gravity,0.0
SPG,126,30,event_div_gravity,0.0
SPG,126,30,event_cpi_gravity,0.144592
SPG,126,30,event_nfp_gravity,0.12787
SPG,126,30,put_call_skew_30d,0.0
SPG,126,30,term_structure_slope,0.0
SPG,126,30,vrp_wedge,0.0
SPG,126,30,iv_atm_z_score,0.0
SPG,126,30,macro_yield_curve_slope,0.035005
SPG,126,30,macro_hy_spread,0.064196
SPG,126,30,macro_hy_spread_chg_5d,0.0
SPG,126,30,macro_breakeven_5y,0.039051
SPG,126,30,macro_inflation_fwd_5y5y,0.143844
SPG,126,30,macro_inflation_fwd_chg_21d,0.0
SPG,126,30,macro_inflation_fwd_abs_chg_21d,0.0
SPG,126,30,macro_inflation_fwd_chg_63d,0.015207
SPG,126,30,macro_inflation_fwd_zscore,0.021538
SPG,126,30,macro_dollar_ret,0.0
SPG,126,30,beta_spy,0.0
SPG,126,30,res_vol,0.027029
SPG,126,30,res_vol_vel,0.0
SPG,126,30,price_regime,0.030673
SPG,126,30,corr_sector_21d,0.021814
SPG,126,30,corr_sector_252d,0.021467
SPG,126,30,sector_wedge,0.021936
SPG,126,31,rv_5d,0.0
SPG,126,31,rv_10d,0.0
SPG,126,31,rv_21d,0.014094
SPG,126,31,rv_63d,0.020084
SPG,126,31,rv_126d,0.029361
SPG,126,31,ewma_vol,0.0
SPG,126,31,garch_cond_vol,0.0
SPG,126,31,ret_TARGET,0.0
SPG,126,31,tech_RSI,0.0
SPG,126,31,tech_MACD_hist,0.012457
SPG,126,31,ret_VIXY,0.0
SPG,126,31,mom21_VIXY,0.0
SPG,126,31,ret_HYG,0.0
SPG,126,31,mom21_HYG,0.0
SPG,126,31,ret_USO,0.0
SPG,126,31,mom21_USO,0.0
SPG,126,31,ret_TLT,0.0
SPG,126,31,mom21_TLT,0.04613
SPG,126,31,ret_UUP,0.0
SPG,126,31,mom21_UUP,0.0
SPG,126,31,ret_SPY,0.0
SPG,126,31,mom21_SPY,0.0
SPG,126,31,vol_vel,0.0
SPG,126,31,vol_of_vol,0.0
SPG,126,31,vol_regime_zscore,0.036728
SPG,126,31,vol_chg_21d,0.0
SPG,126,31,event_fed_gravity,0.151907
SPG,126,31,event_earn_gravity,0.0
SPG,126,31,event_div_gravity,0.0
SPG,126,31,event_cpi_gravity,0.135961
SPG,126,31,event_nfp_gravity,0.126773
SPG,126,31,put_call_skew_30d,0.0
SPG,126,31,term_structure_slope,0.0
SPG,126,31,vrp_wedge,0.0
SPG,126,31,iv_atm_z_score,0.0
SPG,126,31,macro_yield_curve_slope,0.026332
SPG,126,31,macro_hy_spread,0.055033
SPG,126,31,macro_hy_spread_chg_5d,0.0
SPG,126,31,macro_breakeven_5y,0.038528
SPG,126,31,macro_inflation_fwd_5y5y,0.136507
SPG,126,31,macro_inflation_fwd_chg_21d,0.0
SPG,126,31,macro_inflation_fwd_abs_chg_21d,0.0
SPG,126,31,macro_inflation_fwd_chg_63d,0.01102
SPG,126,31,macro_inflation_fwd_zscore,0.021113
SPG,126,31,macro_dollar_ret,0.0
SPG,126,31,beta_spy,0.011873
SPG,126,31,res_vol,0.040335
SPG,126,31,res_vol_vel,0.0
SPG,126,31,price_regime,0.028476
SPG,126,31,corr_sector_21d,0.00993
SPG,126,31,corr_sector_252d,0.024734
SPG,126,31,sector_wedge,0.022625
SPG,126,32,rv_5d,0.0
SPG,126,32,rv_10d,0.0
SPG,126,32,rv_21d,0.0
SPG,126,32,rv_63d,0.021978
SPG,126,32,rv_126d,0.032834
SPG,126,32,ewma_vol,0.0
SPG,126,32,garch_cond_vol,0.0
SPG,126,32,ret_TARGET,0.0
SPG,126,32,tech_RSI,0.0
SPG,126,32,tech_MACD_hist,0.011451
SPG,126,32,ret_VIXY,0.0
SPG,126,32,mom21_VIXY,0.0
SPG,126,32,ret_HYG,0.0
SPG,126,32,mom21_HYG,0.0
SPG,126,32,ret_USO,0.0
SPG,126,32,mom21_USO,0.0
SPG,126,32,ret_TLT,0.0
SPG,126,32,mom21_TLT,0.062283
SPG,126,32,ret_UUP,0.0
SPG,126,32,mom21_UUP,0.0
SPG,126,32,ret_SPY,0.0
SPG,126,32,mom21_SPY,0.0
SPG,126,32,vol_vel,0.0
SPG,126,32,vol_of_vol,0.0
SPG,126,32,vol_regime_zscore,0.026575
SPG,126,32,vol_chg_21d,0.0
SPG,126,32,event_fed_gravity,0.114955
SPG,126,32,event_earn_gravity,0.0
SPG,126,32,event_div_gravity,0.0
SPG,126,32,event_cpi_gravity,0.117914
SPG,126,32,event_nfp_gravity,0.157231
SPG,126,32,put_call_skew_30d,0.0
SPG,126,32,term_structure_slope,0.0
SPG,126,32,vrp_wedge,0.0
SPG,126,32,iv_atm_z_score,0.0
SPG,126,32,macro_yield_curve_slope,0.027507
SPG,126,32,macro_hy_spread,0.055105
SPG,126,32,macro_hy_spread_chg_5d,0.0
SPG,126,32,macro_breakeven_5y,0.051319
SPG,126,32,macro_inflation_fwd_5y5y,0.148473
SPG,126,32,macro_inflation_fwd_chg_21d,0.011883
SPG,126,32,macro_inflation_fwd_abs_chg_21d,0.0
SPG,126,32,macro_inflation_fwd_chg_63d,0.0
SPG,126,32,macro_inflation_fwd_zscore,0.017396
SPG,126,32,macro_dollar_ret,0.0
SPG,126,32,beta_spy,0.015171
SPG,126,32,res_vol,0.038022
SPG,126,32,res_vol_vel,0.0
SPG,126,32,price_regime,0.027206
SPG,126,32,corr_sector_21d,0.022108
SPG,126,32,corr_sector_252d,0.02489
SPG,126,32,sector_wedge,0.015698
SPG,126,33,rv_5d,0.0
SPG,126,33,rv_10d,0.0
SPG,126,33,rv_21d,0.029089
SPG,126,33,rv_63d,0.021044
SPG,126,33,rv_126d,0.031432
SPG,126,33,ewma_vol,0.010787
SPG,126,33,garch_cond_vol,0.0
SPG,126,33,ret_TARGET,0.0
SPG,126,33,tech_RSI,0.0
SPG,126,33,tech_MACD_hist,0.013311
SPG,126,33,ret_VIXY,0.0
SPG,126,33,mom21_VIXY,0.0
SPG,126,33,ret_HYG,0.0
SPG,126,33,mom21_HYG,0.0
SPG,126,33,ret_USO,0.0
SPG,126,33,mom21_USO,0.0
SPG,126,33,ret_TLT,0.0
SPG,126,33,mom21_TLT,0.038751
SPG,126,33,ret_UUP,0.0
SPG,126,33,mom21_UUP,0.0
SPG,126,33,ret_SPY,0.0
SPG,126,33,mom21_SPY,0.0
SPG,126,33,vol_vel,0.0
SPG,126,33,vol_of_vol,0.0
SPG,126,33,vol_regime_zscore,0.036039
SPG,126,33,vol_chg_21d,0.0
SPG,126,33,event_fed_gravity,0.11973
SPG,126,33,event_earn_gravity,0.0
SPG,126,33,event_div_gravity,0.0
SPG,126,33,event_cpi_gravity,0.158347
SPG,126,33,event_nfp_gravity,0.107049
SPG,126,33,put_call_skew_30d,0.009571
SPG,126,33,term_structure_slope,0.0
SPG,126,33,vrp_wedge,0.0
SPG,126,33,iv_atm_z_score,0.0
SPG,126,33,macro_yield_curve_slope,0.026719
SPG,126,33,macro_hy_spread,0.050615
SPG,126,33,macro_hy_spread_chg_5d,0.0
SPG,126,33,macro_breakeven_5y,0.054945
SPG,126,33,macro_inflation_fwd_5y5y,0.155358
SPG,126,33,macro_inflation_fwd_chg_21d,0.0
SPG,126,33,macro_inflation_fwd_abs_chg_21d,0.0
SPG,126,33,macro_inflation_fwd_chg_63d,0.0
SPG,126,33,macro_inflation_fwd_zscore,0.02152
SPG,126,33,macro_dollar_ret,0.0
SPG,126,33,beta_spy,0.011044
SPG,126,33,res_vol,0.041401
SPG,126,33,res_vol_vel,0.0
SPG,126,33,price_regime,0.026226
SPG,126,33,corr_sector_21d,0.0
SPG,126,33,corr_sector_252d,0.022286
SPG,126,33,sector_wedge,0.014735
SPG,126,34,rv_5d,0.0
SPG,126,34,rv_10d,0.0
SPG,126,34,rv_21d,0.030251
SPG,126,34,rv_63d,0.01998
SPG,126,34,rv_126d,0.030602
SPG,126,34,ewma_vol,0.0
SPG,126,34,garch_cond_vol,0.0
SPG,126,34,ret_TARGET,0.0
SPG,126,34,tech_RSI,0.0
SPG,126,34,tech_MACD_hist,0.0
SPG,126,34,ret_VIXY,0.0
SPG,126,34,mom21_VIXY,0.0
SPG,126,34,ret_HYG,0.0
SPG,126,34,mom21_HYG,0.0
SPG,126,34,ret_USO,0.0
SPG,126,34,mom21_USO,0.0
SPG,126,34,ret_TLT,0.0
SPG,126,34,mom21_TLT,0.028682
SPG,126,34,ret_UUP,0.0
SPG,126,34,mom21_UUP,0.0
SPG,126,34,ret_SPY,0.0
SPG,126,34,mom21_SPY,0.0
SPG,126,34,vol_vel,0.013037
SPG,126,34,vol_of_vol,0.0
SPG,126,34,vol_regime_zscore,0.030318
SPG,126,34,vol_chg_21d,0.0
SPG,126,34,event_fed_gravity,0.088617
SPG,126,34,event_earn_gravity,0.0
SPG,126,34,event_div_gravity,0.0
SPG,126,34,event_cpi_gravity,0.153245
SPG,126,34,event_nfp_gravity,0.120568
SPG,126,34,put_call_skew_30d,0.0
SPG,126,34,term_structure_slope,0.0
SPG,126,34,vrp_wedge,0.0
SPG,126,34,iv_atm_z_score,0.0
SPG,126,34,macro_yield_curve_slope,0.02284
SPG,126,34,macro_hy_spread,0.050811
SPG,126,34,macro_hy_spread_chg_5d,0.0
SPG,126,34,macro_breakeven_5y,0.087797
SPG,126,34,macro_inflation_fwd_5y5y,0.173546
SPG,126,34,macro_inflation_fwd_chg_21d,0.0
SPG,126,34,macro_inflation_fwd_abs_chg_21d,0.0
SPG,126,34,macro_inflation_fwd_chg_63d,0.0
SPG,126,34,macro_inflation_fwd_zscore,0.022235
SPG,126,34,macro_dollar_ret,0.0
SPG,126,34,beta_spy,0.012384
SPG,126,34,res_vol,0.048345
SPG,126,34,res_vol_vel,0.0
SPG,126,34,price_regime,0.028327
SPG,126,34,corr_sector_21d,0.0
SPG,126,34,corr_sector_252d,0.027717
SPG,126,34,sector_wedge,0.010697
SPG,126,35,rv_5d,0.0
SPG,126,35,rv_10d,0.0
SPG,126,35,rv_21d,0.0
SPG,126,35,rv_63d,0.022894
SPG,126,35,rv_126d,0.037016
SPG,126,35,ewma_vol,0.0
SPG,126,35,garch_cond_vol,0.0
SPG,126,35,ret_TARGET,0.0
SPG,126,35,tech_RSI,0.0
SPG,126,35,tech_MACD_hist,0.0
SPG,126,35,ret_VIXY,0.0
SPG,126,35,mom21_VIXY,0.0
SPG,126,35,ret_HYG,0.0
SPG,126,35,mom21_HYG,0.0
SPG,126,35,ret_USO,0.0
SPG,126,35,mom21_USO,0.0
SPG,126,35,ret_TLT,0.0
SPG,126,35,mom21_TLT,0.037654
SPG,126,35,ret_UUP,0.0
SPG,126,35,mom21_UUP,0.0
SPG,126,35,ret_SPY,0.0
SPG,126,35,mom21_SPY,0.0
SPG,126,35,vol_vel,0.0
SPG,126,35,vol_of_vol,0.0
SPG,126,35,vol_regime_zscore,0.021975
SPG,126,35,vol_chg_21d,0.0
SPG,126,35,event_fed_gravity,0.093916
SPG,126,35,event_earn_gravity,0.0
SPG,126,35,event_div_gravity,0.0
SPG,126,35,event_cpi_gravity,0.120901
SPG,126,35,event_nfp_gravity,0.137789
SPG,126,35,put_call_skew_30d,0.010637
SPG,126,35,term_structure_slope,0.0
SPG,126,35,vrp_wedge,0.0
SPG,126,35,iv_atm_z_score,0.0
SPG,126,35,macro_yield_curve_slope,0.030622
SPG,126,35,macro_hy_spread,0.046735
SPG,126,35,macro_hy_spread_chg_5d,0.0
SPG,126,35,macro_breakeven_5y,0.101487
SPG,126,35,macro_inflation_fwd_5y5y,0.17054
SPG,126,35,macro_inflation_fwd_chg_21d,0.0
SPG,126,35,macro_inflation_fwd_abs_chg_21d,0.0
SPG,126,35,macro_inflation_fwd_chg_63d,0.012571
SPG,126,35,macro_inflation_fwd_zscore,0.018752
SPG,126,35,macro_dollar_ret,0.0
SPG,126,35,beta_spy,0.011013
SPG,126,35,res_vol,0.044627
SPG,126,35,res_vol_vel,0.0
SPG,126,35,price_regime,0.029573
SPG,126,35,corr_sector_21d,0.014839
SPG,126,35,corr_sector_252d,0.022534
SPG,126,35,sector_wedge,0.013924
SPG,126,36,rv_5d,0.0
SPG,126,36,rv_10d,0.0
SPG,126,36,rv_21d,0.0
SPG,126,36,rv_63d,0.023577
SPG,126,36,rv_126d,0.036123
SPG,126,36,ewma_vol,0.0
SPG,126,36,garch_cond_vol,0.0
SPG,126,36,ret_TARGET,0.0
SPG,126,36,tech_RSI,0.0
SPG,126,36,tech_MACD_hist,0.0
SPG,126,36,ret_VIXY,0.0
SPG,126,36,mom21_VIXY,0.0
SPG,126,36,ret_HYG,0.0
SPG,126,36,mom21_HYG,0.0
SPG,126,36,ret_USO,0.0
SPG,126,36,mom21_USO,0.0
SPG,126,36,ret_TLT,0.0
SPG,126,36,mom21_TLT,0.023362
SPG,126,36,ret_UUP,0.0
SPG,126,36,mom21_UUP,0.0
SPG,126,36,ret_SPY,0.0
SPG,126,36,mom21_SPY,0.0
SPG,126,36,vol_vel,0.0
SPG,126,36,vol_of_vol,0.0
SPG,126,36,vol_regime_zscore,0.020461
SPG,126,36,vol_chg_21d,0.0
SPG,126,36,event_fed_gravity,0.087528
SPG,126,36,event_earn_gravity,0.0
SPG,126,36,event_div_gravity,0.0
SPG,126,36,event_cpi_gravity,0.11603
SPG,126,36,event_nfp_gravity,0.137035
SPG,126,36,put_call_skew_30d,0.0
SPG,126,36,term_structure_slope,0.0
SPG,126,36,vrp_wedge,0.0
SPG,126,36,iv_atm_z_score,0.0
SPG,126,36,macro_yield_curve_slope,0.025402
SPG,126,36,macro_hy_spread,0.042994
SPG,126,36,macro_hy_spread_chg_5d,0.0
SPG,126,36,macro_breakeven_5y,0.156474
SPG,126,36,macro_inflation_fwd_5y5y,0.154852
SPG,126,36,macro_inflation_fwd_chg_21d,0.0
SPG,126,36,macro_inflation_fwd_abs_chg_21d,0.0
SPG,126,36,macro_inflation_fwd_chg_63d,0.032904
SPG,126,36,macro_inflation_fwd_zscore,0.016855
SPG,126,36,macro_dollar_ret,0.0
SPG,126,36,beta_spy,0.010539
SPG,126,36,res_vol,0.037349
SPG,126,36,res_vol_vel,0.0
SPG,126,36,price_regime,0.030167
SPG,126,36,corr_sector_21d,0.016598
SPG,126,36,corr_sector_252d,0.022034
SPG,126,36,sector_wedge,0.009717
SPG,126,37,rv_5d,0.0
SPG,126,37,rv_10d,0.0
SPG,126,37,rv_21d,0.0
SPG,126,37,rv_63d,0.022482
SPG,126,37,rv_126d,0.034808
SPG,126,37,ewma_vol,0.0
SPG,126,37,garch_cond_vol,0.0
SPG,126,37,ret_TARGET,0.0
SPG,126,37,tech_RSI,0.0
SPG,126,37,tech_MACD_hist,0.0
SPG,126,37,ret_VIXY,0.0
SPG,126,37,mom21_VIXY,0.0
SPG,126,37,ret_HYG,0.0
SPG,126,37,mom21_HYG,0.0
SPG,126,37,ret_USO,0.0
SPG,126,37,mom21_USO,0.0
SPG,126,37,ret_TLT,0.0
SPG,126,37,mom21_TLT,0.039198
SPG,126,37,ret_UUP,0.0
SPG,126,37,mom21_UUP,0.0
SPG,126,37,ret_SPY,0.0
SPG,126,37,mom21_SPY,0.0
SPG,126,37,vol_vel,0.0
SPG,126,37,vol_of_vol,0.0
SPG,126,37,vol_regime_zscore,0.047007
SPG,126,37,vol_chg_21d,0.0
SPG,126,37,event_fed_gravity,0.108094
SPG,126,37,event_earn_gravity,0.0
SPG,126,37,event_div_gravity,0.0
SPG,126,37,event_cpi_gravity,0.127108
SPG,126,37,event_nfp_gravity,0.113614
SPG,126,37,put_call_skew_30d,0.0
SPG,126,37,term_structure_slope,0.0
SPG,126,37,vrp_wedge,0.0
SPG,126,37,iv_atm_z_score,0.0
SPG,126,37,macro_yield_curve_slope,0.029314
SPG,126,37,macro_hy_spread,0.054522
SPG,126,37,macro_hy_spread_chg_5d,0.0
SPG,126,37,macro_breakeven_5y,0.094128
SPG,126,37,macro_inflation_fwd_5y5y,0.170487
SPG,126,37,macro_inflation_fwd_chg_21d,0.0
SPG,126,37,macro_inflation_fwd_abs_chg_21d,0.0
SPG,126,37,macro_inflation_fwd_chg_63d,0.011907
SPG,126,37,macro_inflation_fwd_zscore,0.018863
SPG,126,37,macro_dollar_ret,0.0
SPG,126,37,beta_spy,0.014437
SPG,126,37,res_vol,0.047367
SPG,126,37,res_vol_vel,0.0
SPG,126,37,price_regime,0.030235
SPG,126,37,corr_sector_21d,0.0
SPG,126,37,corr_sector_252d,0.026103
SPG,126,37,sector_wedge,0.010324
SPG,126,38,rv_5d,0.0
SPG,126,38,rv_10d,0.020758
SPG,126,38,rv_21d,0.0
SPG,126,38,rv_63d,0.022852
SPG,126,38,rv_126d,0.039368
SPG,126,38,ewma_vol,0.0
SPG,126,38,garch_cond_vol,0.0
SPG,126,38,ret_TARGET,0.0
SPG,126,38,tech_RSI,0.0
SPG,126,38,tech_MACD_hist,0.0
SPG,126,38,ret_VIXY,0.0
SPG,126,38,mom21_VIXY,0.0
SPG,126,38,ret_HYG,0.0
SPG,126,38,mom21_HYG,0.0
SPG,126,38,ret_USO,0.0
SPG,126,38,mom21_USO,0.0
SPG,126,38,ret_TLT,0.0
SPG,126,38,mom21_TLT,0.029465
SPG,126,38,ret_UUP,0.0
SPG,126,38,mom21_UUP,0.0
SPG,126,38,ret_SPY,0.0
SPG,126,38,mom21_SPY,0.0
SPG,126,38,vol_vel,0.0
SPG,126,38,vol_of_vol,0.008702
SPG,126,38,vol_regime_zscore,0.021991
SPG,126,38,vol_chg_21d,0.0
SPG,126,38,event_fed_gravity,0.082729
SPG,126,38,event_earn_gravity,0.0
SPG,126,38,event_div_gravity,0.0
SPG,126,38,event_cpi_gravity,0.128851
SPG,126,38,event_nfp_gravity,0.132123
SPG,126,38,put_call_skew_30d,0.010097
SPG,126,38,term_structure_slope,0.0
SPG,126,38,vrp_wedge,0.0
SPG,126,38,iv_atm_z_score,0.0
SPG,126,38,macro_yield_curve_slope,0.036197
SPG,126,38,macro_hy_spread,0.040437
SPG,126,38,macro_hy_spread_chg_5d,0.0
SPG,126,38,macro_breakeven_5y,0.077781
SPG,126,38,macro_inflation_fwd_5y5y,0.167124
SPG,126,38,macro_inflation_fwd_chg_21d,0.0
SPG,126,38,macro_inflation_fwd_abs_chg_21d,0.0
SPG,126,38,macro_inflation_fwd_chg_63d,0.033207
SPG,126,38,macro_inflation_fwd_zscore,0.016307
SPG,126,38,macro_dollar_ret,0.0
SPG,126,38,beta_spy,0.014351
SPG,126,38,res_vol,0.039658
SPG,126,38,res_vol_vel,0.0
SPG,126,38,price_regime,0.029917
SPG,126,38,corr_sector_21d,0.01337
SPG,126,38,corr_sector_252d,0.022897
SPG,126,38,sector_wedge,0.011818
SPG,126,39,rv_5d,0.0
SPG,126,39,rv_10d,0.0
SPG,126,39,rv_21d,0.0
SPG,126,39,rv_63d,0.024097
SPG,126,39,rv_126d,0.034479
SPG,126,39,ewma_vol,0.0
SPG,126,39,garch_cond_vol,0.0
SPG,126,39,ret_TARGET,0.0
SPG,126,39,tech_RSI,0.0
SPG,126,39,tech_MACD_hist,0.0
SPG,126,39,ret_VIXY,0.0
SPG,126,39,mom21_VIXY,0.0
SPG,126,39,ret_HYG,0.0
SPG,126,39,mom21_HYG,0.0
SPG,126,39,ret_USO,0.0
SPG,126,39,mom21_USO,0.0
SPG,126,39,ret_TLT,0.0
SPG,126,39,mom21_TLT,0.037006
SPG,126,39,ret_UUP,0.0
SPG,126,39,mom21_UUP,0.0
SPG,126,39,ret_SPY,0.0
SPG,126,39,mom21_SPY,0.0
SPG,126,39,vol_vel,0.0
SPG,126,39,vol_of_vol,0.0
SPG,126,39,vol_regime_zscore,0.031498
SPG,126,39,vol_chg_21d,0.0
SPG,126,39,event_fed_gravity,0.118032
SPG,126,39,event_earn_gravity,0.0
SPG,126,39,event_div_gravity,0.0
SPG,126,39,event_cpi_gravity,0.111805
SPG,126,39,event_nfp_gravity,0.114324
SPG,126,39,put_call_skew_30d,0.0
SPG,126,39,term_structure_slope,0.0
SPG,126,39,vrp_wedge,0.0
SPG,126,39,iv_atm_z_score,0.0
SPG,126,39,macro_yield_curve_slope,0.050633
SPG,126,39,macro_hy_spread,0.035247
SPG,126,39,macro_hy_spread_chg_5d,0.0
SPG,126,39,macro_breakeven_5y,0.107105
SPG,126,39,macro_inflation_fwd_5y5y,0.166636
SPG,126,39,macro_inflation_fwd_chg_21d,0.0
SPG,126,39,macro_inflation_fwd_abs_chg_21d,0.0
SPG,126,39,macro_inflation_fwd_chg_63d,0.016563
SPG,126,39,macro_inflation_fwd_zscore,0.019535
SPG,126,39,macro_dollar_ret,0.0
SPG,126,39,beta_spy,0.0144
SPG,126,39,res_vol,0.049951
SPG,126,39,res_vol_vel,0.0
SPG,126,39,price_regime,0.030883
SPG,126,39,corr_sector_21d,0.0
SPG,126,39,corr_sector_252d,0.024894
SPG,126,39,sector_wedge,0.012913
SPG,126,40,rv_5d,0.0
SPG,126,40,rv_10d,0.012493
SPG,126,40,rv_21d,0.0
SPG,126,40,rv_63d,0.029285
SPG,126,40,rv_126d,0.037197
SPG,126,40,ewma_vol,0.0
SPG,126,40,garch_cond_vol,0.0
SPG,126,40,ret_TARGET,0.0
SPG,126,40,tech_RSI,0.0
SPG,126,40,tech_MACD_hist,0.010891
SPG,126,40,ret_VIXY,0.0
SPG,126,40,mom21_VIXY,0.0
SPG,126,40,ret_HYG,0.0
SPG,126,40,mom21_HYG,0.0
SPG,126,40,ret_USO,0.0
SPG,126,40,mom21_USO,0.0
SPG,126,40,ret_TLT,0.0
SPG,126,40,mom21_TLT,0.038491
SPG,126,40,ret_UUP,0.0
SPG,126,40,mom21_UUP,0.0
SPG,126,40,ret_SPY,0.0
SPG,126,40,mom21_SPY,0.0
SPG,126,40,vol_vel,0.0
SPG,126,40,vol_of_vol,0.0
SPG,126,40,vol_regime_zscore,0.031415
SPG,126,40,vol_chg_21d,0.0
SPG,126,40,event_fed_gravity,0.099043
SPG,126,40,event_earn_gravity,0.0
SPG,126,40,event_div_gravity,0.0
SPG,126,40,event_cpi_gravity,0.097886
SPG,126,40,event_nfp_gravity,0.156684
SPG,126,40,put_call_skew_30d,0.010544
SPG,126,40,term_structure_slope,0.0
SPG,126,40,vrp_wedge,0.0
SPG,126,40,iv_atm_z_score,0.0
SPG,126,40,macro_yield_curve_slope,0.048505
SPG,126,40,macro_hy_spread,0.041093
SPG,126,40,macro_hy_spread_chg_5d,0.0
SPG,126,40,macro_breakeven_5y,0.068142
SPG,126,40,macro_inflation_fwd_5y5y,0.159992
SPG,126,40,macro_inflation_fwd_chg_21d,0.0
SPG,126,40,macro_inflation_fwd_abs_chg_21d,0.0
SPG,126,40,macro_inflation_fwd_chg_63d,0.021378
SPG,126,40,macro_inflation_fwd_zscore,0.015568
SPG,126,40,macro_dollar_ret,0.0
SPG,126,40,beta_spy,0.015256
SPG,126,40,res_vol,0.033343
SPG,126,40,res_vol_vel,0.0
SPG,126,40,price_regime,0.029412
SPG,126,40,corr_sector_21d,0.009955
SPG,126,40,corr_sector_252d,0.023548
SPG,126,40,sector_wedge,0.009875
SPG,126,41,rv_5d,0.0
SPG,126,41,rv_10d,0.012533
SPG,126,41,rv_21d,0.0
SPG,126,41,rv_63d,0.030312
SPG,126,41,rv_126d,0.039451
SPG,126,41,ewma_vol,0.0
SPG,126,41,garch_cond_vol,0.0
SPG,126,41,ret_TARGET,0.0
SPG,126,41,tech_RSI,0.0
SPG,126,41,tech_MACD_hist,0.0
SPG,126,41,ret_VIXY,0.0
SPG,126,41,mom21_VIXY,0.0
SPG,126,41,ret_HYG,0.0
SPG,126,41,mom21_HYG,0.0
SPG,126,41,ret_USO,0.0
SPG,126,41,mom21_USO,0.0
SPG,126,41,ret_TLT,0.0
SPG,126,41,mom21_TLT,0.038264
SPG,126,41,ret_UUP,0.0
SPG,126,41,mom21_UUP,0.0
SPG,126,41,ret_SPY,0.0
SPG,126,41,mom21_SPY,0.0
SPG,126,41,vol_vel,0.0
SPG,126,41,vol_of_vol,0.0
SPG,126,41,vol_regime_zscore,0.031991
SPG,126,41,vol_chg_21d,0.0
SPG,126,41,event_fed_gravity,0.116217
SPG,126,41,event_earn_gravity,0.0
SPG,126,41,event_div_gravity,0.0
SPG,126,41,event_cpi_gravity,0.118039
SPG,126,41,event_nfp_gravity,0.116471
SPG,126,41,put_call_skew_30d,0.011623
SPG,126,41,term_structure_slope,0.0
SPG,126,41,vrp_wedge,0.0
SPG,126,41,iv_atm_z_score,0.0
SPG,126,41,macro_yield_curve_slope,0.063643
SPG,126,41,macro_hy_spread,0.045431
SPG,126,41,macro_hy_spread_chg_5d,0.0
SPG,126,41,macro_breakeven_5y,0.010029
SPG,126,41,macro_inflation_fwd_5y5y,0.168465
SPG,126,41,macro_inflation_fwd_chg_21d,0.0
SPG,126,41,macro_inflation_fwd_abs_chg_21d,0.0
SPG,126,41,macro_inflation_fwd_chg_63d,0.029638
SPG,126,41,macro_inflation_fwd_zscore,0.027367
SPG,126,41,macro_dollar_ret,0.0
SPG,126,41,beta_spy,0.016437
SPG,126,41,res_vol,0.039512
SPG,126,41,res_vol_vel,0.0
SPG,126,41,price_regime,0.025539
SPG,126,41,corr_sector_21d,0.012709
SPG,126,41,corr_sector_252d,0.034987
SPG,126,41,sector_wedge,0.011341
SPG,126,42,rv_5d,0.0
SPG,126,42,rv_10d,0.0
SPG,126,42,rv_21d,0.009688
SPG,126,42,rv_63d,0.032713
SPG,126,42,rv_126d,0.037777
SPG,126,42,ewma_vol,0.0
SPG,126,42,garch_cond_vol,0.0
SPG,126,42,ret_TARGET,0.0
SPG,126,42,tech_RSI,0.0
SPG,126,42,tech_MACD_hist,0.0
SPG,126,42,ret_VIXY,0.0
SPG,126,42,mom21_VIXY,0.0
SPG,126,42,ret_HYG,0.0
SPG,126,42,mom21_HYG,0.0
SPG,126,42,ret_USO,0.0
SPG,126,42,mom21_USO,0.0
SPG,126,42,ret_TLT,0.0
SPG,126,42,mom21_TLT,0.040448
SPG,126,42,ret_UUP,0.0
SPG,126,42,mom21_UUP,0.0
SPG,126,42,ret_SPY,0.0
SPG,126,42,mom21_SPY,0.0
SPG,126,42,vol_vel,0.0
SPG,126,42,vol_of_vol,0.0
SPG,126,42,vol_regime_zscore,0.036248
SPG,126,42,vol_chg_21d,0.0
SPG,126,42,event_fed_gravity,0.111699
SPG,126,42,event_earn_gravity,0.0
SPG,126,42,event_div_gravity,0.0
SPG,126,42,event_cpi_gravity,0.115929
SPG,126,42,event_nfp_gravity,0.111401
SPG,126,42,put_call_skew_30d,0.024551
SPG,126,42,term_structure_slope,0.0
SPG,126,42,vrp_wedge,0.0
SPG,126,42,iv_atm_z_score,0.0
SPG,126,42,macro_yield_curve_slope,0.064041
SPG,126,42,macro_hy_spread,0.038889
SPG,126,42,macro_hy_spread_chg_5d,0.0
SPG,126,42,macro_breakeven_5y,0.0
SPG,126,42,macro_inflation_fwd_5y5y,0.167314
SPG,126,42,macro_inflation_fwd_chg_21d,0.0
SPG,126,42,macro_inflation_fwd_abs_chg_21d,0.0
SPG,126,42,macro_inflation_fwd_chg_63d,0.04033
SPG,126,42,macro_inflation_fwd_zscore,0.01569
SPG,126,42,macro_dollar_ret,0.0
SPG,126,42,beta_spy,0.014491
SPG,126,42,res_vol,0.030023
SPG,126,42,res_vol_vel,0.0
SPG,126,42,price_regime,0.033995
SPG,126,42,corr_sector_21d,0.017127
SPG,126,42,corr_sector_252d,0.037256
SPG,126,42,sector_wedge,0.020392
SPG,126,43,rv_5d,0.0
SPG,126,43,rv_10d,0.0
SPG,126,43,rv_21d,0.017795
SPG,126,43,rv_63d,0.037371
SPG,126,43,rv_126d,0.035799
SPG,126,43,ewma_vol,0.0
SPG,126,43,garch_cond_vol,0.0
SPG,126,43,ret_TARGET,0.0
SPG,126,43,tech_RSI,0.0
SPG,126,43,tech_MACD_hist,0.011885
SPG,126,43,ret_VIXY,0.0
SPG,126,43,mom21_VIXY,0.0
SPG,126,43,ret_HYG,0.0
SPG,126,43,mom21_HYG,0.0
SPG,126,43,ret_USO,0.0
SPG,126,43,mom21_USO,0.0
SPG,126,43,ret_TLT,0.0
SPG,126,43,mom21_TLT,0.032008
SPG,126,43,ret_UUP,0.0
SPG,126,43,mom21_UUP,0.0
SPG,126,43,ret_SPY,0.0
SPG,126,43,mom21_SPY,0.0
SPG,126,43,vol_vel,0.0
SPG,126,43,vol_of_vol,0.0
SPG,126,43,vol_regime_zscore,0.04176
SPG,126,43,vol_chg_21d,0.0
SPG,126,43,event_fed_gravity,0.104875
SPG,126,43,event_earn_gravity,0.0
SPG,126,43,event_div_gravity,0.0
SPG,126,43,event_cpi_gravity,0.118525
SPG,126,43,event_nfp_gravity,0.114385
SPG,126,43,put_call_skew_30d,0.0
SPG,126,43,term_structure_slope,0.0
SPG,126,43,vrp_wedge,0.0
SPG,126,43,iv_atm_z_score,0.0
SPG,126,43,macro_yield_curve_slope,0.082591
SPG,126,43,macro_hy_spread,0.04136
SPG,126,43,macro_hy_spread_chg_5d,0.0
SPG,126,43,macro_breakeven_5y,0.013069
SPG,126,43,macro_inflation_fwd_5y5y,0.194561
SPG,126,43,macro_inflation_fwd_chg_21d,0.0
SPG,126,43,macro_inflation_fwd_abs_chg_21d,0.0
SPG,126,43,macro_inflation_fwd_chg_63d,0.0
SPG,126,43,macro_inflation_fwd_zscore,0.021971
SPG,126,43,macro_dollar_ret,0.0
SPG,126,43,beta_spy,0.010105
SPG,126,43,res_vol,0.03131
SPG,126,43,res_vol_vel,0.0
SPG,126,43,price_regime,0.035211
SPG,126,43,corr_sector_21d,0.0
SPG,126,43,corr_sector_252d,0.038411
SPG,126,43,sector_wedge,0.017007
SPG,126,44,rv_5d,0.0
SPG,126,44,rv_10d,0.0
SPG,126,44,rv_21d,0.010529
SPG,126,44,rv_63d,0.036093
SPG,126,44,rv_126d,0.036123
SPG,126,44,ewma_vol,0.0
SPG,126,44,garch_cond_vol,0.0
SPG,126,44,ret_TARGET,0.0
SPG,126,44,tech_RSI,0.0
SPG,126,44,tech_MACD_hist,0.0
SPG,126,44,ret_VIXY,0.0
SPG,126,44,mom21_VIXY,0.0
SPG,126,44,ret_HYG,0.0
SPG,126,44,mom21_HYG,0.0
SPG,126,44,ret_USO,0.0
SPG,126,44,mom21_USO,0.0
SPG,126,44,ret_TLT,0.0
SPG,126,44,mom21_TLT,0.025203
SPG,126,44,ret_UUP,0.0
SPG,126,44,mom21_UUP,0.0
SPG,126,44,ret_SPY,0.0
SPG,126,44,mom21_SPY,0.0
SPG,126,44,vol_vel,0.0
SPG,126,44,vol_of_vol,0.0
SPG,126,44,vol_regime_zscore,0.029587
SPG,126,44,vol_chg_21d,0.0
SPG,126,44,event_fed_gravity,0.136369
SPG,126,44,event_earn_gravity,0.0
SPG,126,44,event_div_gravity,0.0
SPG,126,44,event_cpi_gravity,0.086533
SPG,126,44,event_nfp_gravity,0.108986
SPG,126,44,put_call_skew_30d,0.0
SPG,126,44,term_structure_slope,0.0
SPG,126,44,vrp_wedge,0.0
SPG,126,44,iv_atm_z_score,0.0
SPG,126,44,macro_yield_curve_slope,0.074358
SPG,126,44,macro_hy_spread,0.043042
SPG,126,44,macro_hy_spread_chg_5d,0.0
SPG,126,44,macro_breakeven_5y,0.012707
SPG,126,44,macro_inflation_fwd_5y5y,0.202362
SPG,126,44,macro_inflation_fwd_chg_21d,0.0
SPG,126,44,macro_inflation_fwd_abs_chg_21d,0.0
SPG,126,44,macro_inflation_fwd_chg_63d,0.0
SPG,126,44,macro_inflation_fwd_zscore,0.024129
SPG,126,44,macro_dollar_ret,0.0
SPG,126,44,beta_spy,0.029593
SPG,126,44,res_vol,0.032333
SPG,126,44,res_vol_vel,0.0
SPG,126,44,price_regime,0.034767
SPG,126,44,corr_sector_21d,0.013483
SPG,126,44,corr_sector_252d,0.042069
SPG,126,44,sector_wedge,0.021734
SPG,126,45,rv_5d,0.0
SPG,126,45,rv_10d,0.0
SPG,126,45,rv_21d,0.009794
SPG,126,45,rv_63d,0.035467
SPG,126,45,rv_126d,0.040903
SPG,126,45,ewma_vol,0.0
SPG,126,45,garch_cond_vol,0.0
SPG,126,45,ret_TARGET,0.0
SPG,126,45,tech_RSI,0.0
SPG,126,45,tech_MACD_hist,0.0
SPG,126,45,ret_VIXY,0.0
SPG,126,45,mom21_VIXY,0.0
SPG,126,45,ret_HYG,0.0
SPG,126,45,mom21_HYG,0.0
SPG,126,45,ret_USO,0.0
SPG,126,45,mom21_USO,0.0
SPG,126,45,ret_TLT,0.0
SPG,126,45,mom21_TLT,0.036552
SPG,126,45,ret_UUP,0.0
SPG,126,45,mom21_UUP,0.0
SPG,126,45,ret_SPY,0.0
SPG,126,45,mom21_SPY,0.0
SPG,126,45,vol_vel,0.0
SPG,126,45,vol_of_vol,0.0
SPG,126,45,vol_regime_zscore,0.030075
SPG,126,45,vol_chg_21d,0.0
SPG,126,45,event_fed_gravity,0.106924
SPG,126,45,event_earn_gravity,0.0
SPG,126,45,event_div_gravity,0.0
SPG,126,45,event_cpi_gravity,0.104434
SPG,126,45,event_nfp_gravity,0.132786
SPG,126,45,put_call_skew_30d,0.0
SPG,126,45,term_structure_slope,0.0
SPG,126,45,vrp_wedge,0.0
SPG,126,45,iv_atm_z_score,0.0
SPG,126,45,macro_yield_curve_slope,0.067287
SPG,126,45,macro_hy_spread,0.040826
SPG,126,45,macro_hy_spread_chg_5d,0.0
SPG,126,45,macro_breakeven_5y,0.012383
SPG,126,45,macro_inflation_fwd_5y5y,0.195901
SPG,126,45,macro_inflation_fwd_chg_21d,0.0
SPG,126,45,macro_inflation_fwd_abs_chg_21d,0.0
SPG,126,45,macro_inflation_fwd_chg_63d,0.0
SPG,126,45,macro_inflation_fwd_zscore,0.026042
SPG,126,45,macro_dollar_ret,0.0
SPG,126,45,beta_spy,0.023131
SPG,126,45,res_vol,0.0262
SPG,126,45,res_vol_vel,0.0
SPG,126,45,price_regime,0.042337
SPG,126,45,corr_sector_21d,0.011797
SPG,126,45,corr_sector_252d,0.044141
SPG,126,45,sector_wedge,0.01302
SPG,126,46,rv_5d,0.0
SPG,126,46,rv_10d,0.0
SPG,126,46,rv_21d,0.013321
SPG,126,46,rv_63d,0.045201
SPG,126,46,rv_126d,0.037743
SPG,126,46,ewma_vol,0.0
SPG,126,46,garch_cond_vol,0.0
SPG,126,46,ret_TARGET,0.0
SPG,126,46,tech_RSI,0.0
SPG,126,46,tech_MACD_hist,0.0
SPG,126,46,ret_VIXY,0.0
SPG,126,46,mom21_VIXY,0.0
SPG,126,46,ret_HYG,0.0
SPG,126,46,mom21_HYG,0.0
SPG,126,46,ret_USO,0.0
SPG,126,46,mom21_USO,0.0
SPG,126,46,ret_TLT,0.0
SPG,126,46,mom21_TLT,0.012013
SPG,126,46,ret_UUP,0.0
SPG,126,46,mom21_UUP,0.0
SPG,126,46,ret_SPY,0.0
SPG,126,46,mom21_SPY,0.0
SPG,126,46,vol_vel,0.0
SPG,126,46,vol_of_vol,0.0
SPG,126,46,vol_regime_zscore,0.041087
SPG,126,46,vol_chg_21d,0.0
SPG,126,46,event_fed_gravity,0.106602
SPG,126,46,event_earn_gravity,0.0
SPG,126,46,event_div_gravity,0.0
SPG,126,46,event_cpi_gravity,0.124728
SPG,126,46,event_nfp_gravity,0.109222
SPG,126,46,put_call_skew_30d,0.0
SPG,126,46,term_structure_slope,0.0
SPG,126,46,vrp_wedge,0.0
SPG,126,46,iv_atm_z_score,0.0
SPG,126,46,macro_yield_curve_slope,0.070034
SPG,126,46,macro_hy_spread,0.041599
SPG,126,46,macro_hy_spread_chg_5d,0.0
SPG,126,46,macro_breakeven_5y,0.012193
SPG,126,46,macro_inflation_fwd_5y5y,0.207051
SPG,126,46,macro_inflation_fwd_chg_21d,0.0
SPG,126,46,macro_inflation_fwd_abs_chg_21d,0.0
SPG,126,46,macro_inflation_fwd_chg_63d,0.0
SPG,126,46,macro_inflation_fwd_zscore,0.03056
SPG,126,46,macro_dollar_ret,0.0
SPG,126,46,beta_spy,0.010207
SPG,126,46,res_vol,0.02668
SPG,126,46,res_vol_vel,0.0
SPG,126,46,price_regime,0.031742
SPG,126,46,corr_sector_21d,0.018087
SPG,126,46,corr_sector_252d,0.048312
SPG,126,46,sector_wedge,0.013617
SPG,126,47,rv_5d,0.0
SPG,126,47,rv_10d,0.0
SPG,126,47,rv_21d,0.015641
SPG,126,47,rv_63d,0.042632
SPG,126,47,rv_126d,0.040465
SPG,126,47,ewma_vol,0.0
SPG,126,47,garch_cond_vol,0.0
SPG,126,47,ret_TARGET,0.0
SPG,126,47,tech_RSI,0.0
SPG,126,47,tech_MACD_hist,0.0
SPG,126,47,ret_VIXY,0.0
SPG,126,47,mom21_VIXY,0.0
SPG,126,47,ret_HYG,0.0
SPG,126,47,mom21_HYG,0.0
SPG,126,47,ret_USO,0.0
SPG,126,47,mom21_USO,0.0
SPG,126,47,ret_TLT,0.0
SPG,126,47,mom21_TLT,0.010403
SPG,126,47,ret_UUP,0.0
SPG,126,47,mom21_UUP,0.0
SPG,126,47,ret_SPY,0.0
SPG,126,47,mom21_SPY,0.0
SPG,126,47,vol_vel,0.0
SPG,126,47,vol_of_vol,0.0
SPG,126,47,vol_regime_zscore,0.053518
SPG,126,47,vol_chg_21d,0.0
SPG,126,47,event_fed_gravity,0.099462
SPG,126,47,event_earn_gravity,0.0
SPG,126,47,event_div_gravity,0.0
SPG,126,47,event_cpi_gravity,0.121312
SPG,126,47,event_nfp_gravity,0.11113
SPG,126,47,put_call_skew_30d,0.0
SPG,126,47,term_structure_slope,0.0
SPG,126,47,vrp_wedge,0.0
SPG,126,47,iv_atm_z_score,0.0
SPG,126,47,macro_yield_curve_slope,0.07776
SPG,126,47,macro_hy_spread,0.036131
SPG,126,47,macro_hy_spread_chg_5d,0.0
SPG,126,47,macro_breakeven_5y,0.012451
SPG,126,47,macro_inflation_fwd_5y5y,0.19616
SPG,126,47,macro_inflation_fwd_chg_21d,0.0
SPG,126,47,macro_inflation_fwd_abs_chg_21d,0.0
SPG,126,47,macro_inflation_fwd_chg_63d,0.0
SPG,126,47,macro_inflation_fwd_zscore,0.030036
SPG,126,47,macro_dollar_ret,0.0
SPG,126,47,beta_spy,0.0
SPG,126,47,res_vol,0.028716
SPG,126,47,res_vol_vel,0.0
SPG,126,47,price_regime,0.036454
SPG,126,47,corr_sector_21d,0.017841
SPG,126,47,corr_sector_252d,0.056247
SPG,126,47,sector_wedge,0.01364
SPG,126,48,rv_5d,0.0
SPG,126,48,rv_10d,0.0
SPG,126,48,rv_21d,0.01273
SPG,126,48,rv_63d,0.04666
SPG,126,48,rv_126d,0.041165
SPG,126,48,ewma_vol,0.0
SPG,126,48,garch_cond_vol,0.0
SPG,126,48,ret_TARGET,0.0
SPG,126,48,tech_RSI,0.0
SPG,126,48,tech_MACD_hist,0.0
SPG,126,48,ret_VIXY,0.0
SPG,126,48,mom21_VIXY,0.0
SPG,126,48,ret_HYG,0.0
SPG,126,48,mom21_HYG,0.0
SPG,126,48,ret_USO,0.0
SPG,126,48,mom21_USO,0.0
SPG,126,48,ret_TLT,0.0
SPG,126,48,mom21_TLT,0.030033
SPG,126,48,ret_UUP,0.0
SPG,126,48,mom21_UUP,0.0
SPG,126,48,ret_SPY,0.0
SPG,126,48,mom21_SPY,0.0
SPG,126,48,vol_vel,0.0
SPG,126,48,vol_of_vol,0.0
SPG,126,48,vol_regime_zscore,0.032019
SPG,126,48,vol_chg_21d,0.0
SPG,126,48,event_fed_gravity,0.087163
SPG,126,48,event_earn_gravity,0.0
SPG,126,48,event_div_gravity,0.0
SPG,126,48,event_cpi_gravity,0.115748
SPG,126,48,event_nfp_gravity,0.115936
SPG,126,48,put_call_skew_30d,0.0
SPG,126,48,term_structure_slope,0.0
SPG,126,48,vrp_wedge,0.0
SPG,126,48,iv_atm_z_score,0.0
SPG,126,48,macro_yield_curve_slope,0.076868
SPG,126,48,macro_hy_spread,0.037974
SPG,126,48,macro_hy_spread_chg_5d,0.0
SPG,126,48,macro_breakeven_5y,0.012852
SPG,126,48,macro_inflation_fwd_5y5y,0.219906
SPG,126,48,macro_inflation_fwd_chg_21d,0.0
SPG,126,48,macro_inflation_fwd_abs_chg_21d,0.0
SPG,126,48,macro_inflation_fwd_chg_63d,0.0
SPG,126,48,macro_inflation_fwd_zscore,0.025755
SPG,126,48,macro_dollar_ret,0.0
SPG,126,48,beta_spy,0.0
SPG,126,48,res_vol,0.027964
SPG,126,48,res_vol_vel,0.0
SPG,126,48,price_regime,0.040017
SPG,126,48,corr_sector_21d,0.011768
SPG,126,48,corr_sector_252d,0.051762
SPG,126,48,sector_wedge,0.013679
SPG,126,49,rv_5d,0.0
SPG,126,49,rv_10d,0.0
SPG,126,49,rv_21d,0.01673
SPG,126,49,rv_63d,0.047174
SPG,126,49,rv_126d,0.037434
SPG,126,49,ewma_vol,0.0
SPG,126,49,garch_cond_vol,0.0
SPG,126,49,ret_TARGET,0.0
SPG,126,49,tech_RSI,0.0
SPG,126,49,tech_MACD_hist,0.0
SPG,126,49,ret_VIXY,0.0
SPG,126,49,mom21_VIXY,0.0
SPG,126,49,ret_HYG,0.0
SPG,126,49,mom21_HYG,0.0
SPG,126,49,ret_USO,0.0
SPG,126,49,mom21_USO,0.0
SPG,126,49,ret_TLT,0.0
SPG,126,49,mom21_TLT,0.0
SPG,126,49,ret_UUP,0.0
SPG,126,49,mom21_UUP,0.0
SPG,126,49,ret_SPY,0.0
SPG,126,49,mom21_SPY,0.0
SPG,126,49,vol_vel,0.0
SPG,126,49,vol_of_vol,0.0
SPG,126,49,vol_regime_zscore,0.028544
SPG,126,49,vol_chg_21d,0.0
SPG,126,49,event_fed_gravity,0.080601
SPG,126,49,event_earn_gravity,0.0
SPG,126,49,event_div_gravity,0.0
SPG,126,49,event_cpi_gravity,0.120585
SPG,126,49,event_nfp_gravity,0.128762
SPG,126,49,put_call_skew_30d,0.0
SPG,126,49,term_structure_slope,0.0
SPG,126,49,vrp_wedge,0.0
SPG,126,49,iv_atm_z_score,0.0
SPG,126,49,macro_yield_curve_slope,0.073349
SPG,126,49,macro_hy_spread,0.041143
SPG,126,49,macro_hy_spread_chg_5d,0.0
SPG,126,49,macro_breakeven_5y,0.01286
SPG,126,49,macro_inflation_fwd_5y5y,0.233721
SPG,126,49,macro_inflation_fwd_chg_21d,0.0
SPG,126,49,macro_inflation_fwd_abs_chg_21d,0.0
SPG,126,49,macro_inflation_fwd_chg_63d,0.0
SPG,126,49,macro_inflation_fwd_zscore,0.028456
SPG,126,49,macro_dollar_ret,0.0
SPG,126,49,beta_spy,0.0
SPG,126,49,res_vol,0.032786
SPG,126,49,res_vol_vel,0.0
SPG,126,49,price_regime,0.036971
SPG,126,49,corr_sector_21d,0.018986
SPG,126,49,corr_sector_252d,0.051074
SPG,126,49,sector_wedge,0.010825
SPG,126,50,rv_5d,0.0
SPG,126,50,rv_10d,0.0
SPG,126,50,rv_21d,0.012947
SPG,126,50,rv_63d,0.041612
SPG,126,50,rv_126d,0.038762
SPG,126,50,ewma_vol,0.0
SPG,126,50,garch_cond_vol,0.0
SPG,126,50,ret_TARGET,0.0
SPG,126,50,tech_RSI,0.0
SPG,126,50,tech_MACD_hist,0.0
SPG,126,50,ret_VIXY,0.0
SPG,126,50,mom21_VIXY,0.0
SPG,126,50,ret_HYG,0.0
SPG,126,50,mom21_HYG,0.0
SPG,126,50,ret_USO,0.0
SPG,126,50,mom21_USO,0.0
SPG,126,50,ret_TLT,0.0
SPG,126,50,mom21_TLT,0.014592
SPG,126,50,ret_UUP,0.0
SPG,126,50,mom21_UUP,0.0
SPG,126,50,ret_SPY,0.0
SPG,126,50,mom21_SPY,0.0
SPG,126,50,vol_vel,0.0
SPG,126,50,vol_of_vol,0.0
SPG,126,50,vol_regime_zscore,0.019843
SPG,126,50,vol_chg_21d,0.0
SPG,126,50,event_fed_gravity,0.11091
SPG,126,50,event_earn_gravity,0.0
SPG,126,50,event_div_gravity,0.0
SPG,126,50,event_cpi_gravity,0.078557
SPG,126,50,event_nfp_gravity,0.10648
SPG,126,50,put_call_skew_30d,0.0
SPG,126,50,term_structure_slope,0.0
SPG,126,50,vrp_wedge,0.0
SPG,126,50,iv_atm_z_score,0.0
SPG,126,50,macro_yield_curve_slope,0.05489
SPG,126,50,macro_hy_spread,0.040597
SPG,126,50,macro_hy_spread_chg_5d,0.0
SPG,126,50,macro_breakeven_5y,0.107566
SPG,126,50,macro_inflation_fwd_5y5y,0.191593
SPG,126,50,macro_inflation_fwd_chg_21d,0.0
SPG,126,50,macro_inflation_fwd_abs_chg_21d,0.0
SPG,126,50,macro_inflation_fwd_chg_63d,0.0
SPG,126,50,macro_inflation_fwd_zscore,0.025442
SPG,126,50,macro_dollar_ret,0.0
SPG,126,50,beta_spy,0.0
SPG,126,50,res_vol,0.050971
SPG,126,50,res_vol_vel,0.0
SPG,126,50,price_regime,0.031052
SPG,126,50,corr_sector_21d,0.010545
SPG,126,50,corr_sector_252d,0.050659
SPG,126,50,sector_wedge,0.01298
SPG,126,51,rv_5d,0.0
SPG,126,51,rv_10d,0.0
SPG,126,51,rv_21d,0.01766
SPG,126,51,rv_63d,0.05765
SPG,126,51,rv_126d,0.040632
SPG,126,51,ewma_vol,0.0
SPG,126,51,garch_cond_vol,0.0
SPG,126,51,ret_TARGET,0.0
SPG,126,51,tech_RSI,0.0
SPG,126,51,tech_MACD_hist,0.0
SPG,126,51,ret_VIXY,0.0
SPG,126,51,mom21_VIXY,0.0
SPG,126,51,ret_HYG,0.0
SPG,126,51,mom21_HYG,0.0
SPG,126,51,ret_USO,0.0
SPG,126,51,mom21_USO,0.0
SPG,126,51,ret_TLT,0.0
SPG,126,51,mom21_TLT,0.039529
SPG,126,51,ret_UUP,0.0
SPG,126,51,mom21_UUP,0.0
SPG,126,51,ret_SPY,0.0
SPG,126,51,mom21_SPY,0.0
SPG,126,51,vol_vel,0.0
SPG,126,51,vol_of_vol,0.0
SPG,126,51,vol_regime_zscore,0.029593
SPG,126,51,vol_chg_21d,0.0
SPG,126,51,event_fed_gravity,0.083218
SPG,126,51,event_earn_gravity,0.0
SPG,126,51,event_div_gravity,0.0
SPG,126,51,event_cpi_gravity,0.095833
SPG,126,51,event_nfp_gravity,0.118262
SPG,126,51,put_call_skew_30d,0.0
SPG,126,51,term_structure_slope,0.0
SPG,126,51,vrp_wedge,0.0
SPG,126,51,iv_atm_z_score,0.0
SPG,126,51,macro_yield_curve_slope,0.048661
SPG,126,51,macro_hy_spread,0.046342
SPG,126,51,macro_hy_spread_chg_5d,0.0
SPG,126,51,macro_breakeven_5y,0.01626
SPG,126,51,macro_inflation_fwd_5y5y,0.212475
SPG,126,51,macro_inflation_fwd_chg_21d,0.0
SPG,126,51,macro_inflation_fwd_abs_chg_21d,0.0
SPG,126,51,macro_inflation_fwd_chg_63d,0.0
SPG,126,51,macro_inflation_fwd_zscore,0.013297
SPG,126,51,macro_dollar_ret,0.0
SPG,126,51,beta_spy,0.0
SPG,126,51,res_vol,0.062314
SPG,126,51,res_vol_vel,0.0
SPG,126,51,price_regime,0.032036
SPG,126,51,corr_sector_21d,0.017181
SPG,126,51,corr_sector_252d,0.055081
SPG,126,51,sector_wedge,0.013975
SPG,126,52,rv_5d,0.0
SPG,126,52,rv_10d,0.0
SPG,126,52,rv_21d,0.013075
SPG,126,52,rv_63d,0.060317
SPG,126,52,rv_126d,0.037646
SPG,126,52,ewma_vol,0.0
SPG,126,52,garch_cond_vol,0.0
SPG,126,52,ret_TARGET,0.0
SPG,126,52,tech_RSI,0.0
SPG,126,52,tech_MACD_hist,0.0
SPG,126,52,ret_VIXY,0.0
SPG,126,52,mom21_VIXY,0.0
SPG,126,52,ret_HYG,0.0
SPG,126,52,mom21_HYG,0.0
SPG,126,52,ret_USO,0.0
SPG,126,52,mom21_USO,0.0
SPG,126,52,ret_TLT,0.0
SPG,126,52,mom21_TLT,0.009449
SPG,126,52,ret_UUP,0.0
SPG,126,52,mom21_UUP,0.0
SPG,126,52,ret_SPY,0.0
SPG,126,52,mom21_SPY,0.0
SPG,126,52,vol_vel,0.0
SPG,126,52,vol_of_vol,0.0
SPG,126,52,vol_regime_zscore,0.016933
SPG,126,52,vol_chg_21d,0.0
SPG,126,52,event_fed_gravity,0.078981
SPG,126,52,event_earn_gravity,0.0
SPG,126,52,event_div_gravity,0.0
SPG,126,52,event_cpi_gravity,0.111563
SPG,126,52,event_nfp_gravity,0.087822
SPG,126,52,put_call_skew_30d,0.0
SPG,126,52,term_structure_slope,0.0
SPG,126,52,vrp_wedge,0.0
SPG,126,52,iv_atm_z_score,0.0
SPG,126,52,macro_yield_curve_slope,0.060765
SPG,126,52,macro_hy_spread,0.036479
SPG,126,52,macro_hy_spread_chg_5d,0.0
SPG,126,52,macro_breakeven_5y,0.112139
SPG,126,52,macro_inflation_fwd_5y5y,0.191528
SPG,126,52,macro_inflation_fwd_chg_21d,0.0
SPG,126,52,macro_inflation_fwd_abs_chg_21d,0.0
SPG,126,52,macro_inflation_fwd_chg_63d,0.0
SPG,126,52,macro_inflation_fwd_zscore,0.010679
SPG,126,52,macro_dollar_ret,0.0
SPG,126,52,beta_spy,0.0088
SPG,126,52,res_vol,0.048651
SPG,126,52,res_vol_vel,0.0
SPG,126,52,price_regime,0.043422
SPG,126,52,corr_sector_21d,0.012777
SPG,126,52,corr_sector_252d,0.048947
SPG,126,52,sector_wedge,0.010027
SPG,126,53,rv_5d,0.0
SPG,126,53,rv_10d,0.0
SPG,126,53,rv_21d,0.013952
SPG,126,53,rv_63d,0.055165
SPG,126,53,rv_126d,0.041542
SPG,126,53,ewma_vol,0.0
SPG,126,53,garch_cond_vol,0.0
SPG,126,53,ret_TARGET,0.0
SPG,126,53,tech_RSI,0.0
SPG,126,53,tech_MACD_hist,0.0
SPG,126,53,ret_VIXY,0.0
SPG,126,53,mom21_VIXY,0.0
SPG,126,53,ret_HYG,0.0
SPG,126,53,mom21_HYG,0.0
SPG,126,53,ret_USO,0.0
SPG,126,53,mom21_USO,0.0
SPG,126,53,ret_TLT,0.0
SPG,126,53,mom21_TLT,0.010045
SPG,126,53,ret_UUP,0.0
SPG,126,53,mom21_UUP,0.0
SPG,126,53,ret_SPY,0.0
SPG,126,53,mom21_SPY,0.0
SPG,126,53,vol_vel,0.0
SPG,126,53,vol_of_vol,0.0
SPG,126,53,vol_regime_zscore,0.020753
SPG,126,53,vol_chg_21d,0.0
SPG,126,53,event_fed_gravity,0.106181
SPG,126,53,event_earn_gravity,0.0
SPG,126,53,event_div_gravity,0.0
SPG,126,53,event_cpi_gravity,0.097549
SPG,126,53,event_nfp_gravity,0.079761
SPG,126,53,put_call_skew_30d,0.0
SPG,126,53,term_structure_slope,0.0
SPG,126,53,vrp_wedge,0.0
SPG,126,53,iv_atm_z_score,0.0
SPG,126,53,macro_yield_curve_slope,0.058569
SPG,126,53,macro_hy_spread,0.036635
SPG,126,53,macro_hy_spread_chg_5d,0.0
SPG,126,53,macro_breakeven_5y,0.080799
SPG,126,53,macro_inflation_fwd_5y5y,0.219676
SPG,126,53,macro_inflation_fwd_chg_21d,0.0
SPG,126,53,macro_inflation_fwd_abs_chg_21d,0.0
SPG,126,53,macro_inflation_fwd_chg_63d,0.0
SPG,126,53,macro_inflation_fwd_zscore,0.010749
SPG,126,53,macro_dollar_ret,0.0
SPG,126,53,beta_spy,0.0
SPG,126,53,res_vol,0.046256
SPG,126,53,res_vol_vel,0.0
SPG,126,53,price_regime,0.044042
SPG,126,53,corr_sector_21d,0.015785
SPG,126,53,corr_sector_252d,0.052185
SPG,126,53,sector_wedge,0.010355
SPG,126,54,rv_5d,0.0
SPG,126,54,rv_10d,0.0
SPG,126,54,rv_21d,0.012836
SPG,126,54,rv_63d,0.048209
SPG,126,54,rv_126d,0.037568
SPG,126,54,ewma_vol,0.0
SPG,126,54,garch_cond_vol,0.0
SPG,126,54,ret_TARGET,0.0
SPG,126,54,tech_RSI,0.0
SPG,126,54,tech_MACD_hist,0.0
SPG,126,54,ret_VIXY,0.0
SPG,126,54,mom21_VIXY,0.0
SPG,126,54,ret_HYG,0.0
SPG,126,54,mom21_HYG,0.0
SPG,126,54,ret_USO,0.0
SPG,126,54,mom21_USO,0.0
SPG,126,54,ret_TLT,0.0
SPG,126,54,mom21_TLT,0.0
SPG,126,54,ret_UUP,0.0
SPG,126,54,mom21_UUP,0.0
SPG,126,54,ret_SPY,0.0
SPG,126,54,mom21_SPY,0.0
SPG,126,54,vol_vel,0.0
SPG,126,54,vol_of_vol,0.0
SPG,126,54,vol_regime_zscore,0.019793
SPG,126,54,vol_chg_21d,0.0
SPG,126,54,event_fed_gravity,0.114642
SPG,126,54,event_earn_gravity,0.0
SPG,126,54,event_div_gravity,0.0
SPG,126,54,event_cpi_gravity,0.073183
SPG,126,54,event_nfp_gravity,0.095874
SPG,126,54,put_call_skew_30d,0.0
SPG,126,54,term_structure_slope,0.0
SPG,126,54,vrp_wedge,0.0
SPG,126,54,iv_atm_z_score,0.0
SPG,126,54,macro_yield_curve_slope,0.058953
SPG,126,54,macro_hy_spread,0.03472
SPG,126,54,macro_hy_spread_chg_5d,0.0
SPG,126,54,macro_breakeven_5y,0.109688
SPG,126,54,macro_inflation_fwd_5y5y,0.198074
SPG,126,54,macro_inflation_fwd_chg_21d,0.0
SPG,126,54,macro_inflation_fwd_abs_chg_21d,0.0
SPG,126,54,macro_inflation_fwd_chg_63d,0.0
SPG,126,54,macro_inflation_fwd_zscore,0.016818
SPG,126,54,macro_dollar_ret,0.0
SPG,126,54,beta_spy,0.008687
SPG,126,54,res_vol,0.046909
SPG,126,54,res_vol_vel,0.0
SPG,126,54,price_regime,0.032056
SPG,126,54,corr_sector_21d,0.016505
SPG,126,54,corr_sector_252d,0.053066
SPG,126,54,sector_wedge,0.022419
SPG,126,55,rv_5d,0.0
SPG,126,55,rv_10d,0.0
SPG,126,55,rv_21d,0.01101
SPG,126,55,rv_63d,0.054721
SPG,126,55,rv_126d,0.041045
SPG,126,55,ewma_vol,0.0
SPG,126,55,garch_cond_vol,0.0
SPG,126,55,ret_TARGET,0.0
SPG,126,55,tech_RSI,0.0
SPG,126,55,tech_MACD_hist,0.0
SPG,126,55,ret_VIXY,0.0
SPG,126,55,mom21_VIXY,0.0
SPG,126,55,ret_HYG,0.0
SPG,126,55,mom21_HYG,0.0
SPG,126,55,ret_USO,0.0
SPG,126,55,mom21_USO,0.0
SPG,126,55,ret_TLT,0.0
SPG,126,55,mom21_TLT,0.039507
SPG,126,55,ret_UUP,0.0
SPG,126,55,mom21_UUP,0.0
SPG,126,55,ret_SPY,0.0
SPG,126,55,mom21_SPY,0.0
SPG,126,55,vol_vel,0.0
SPG,126,55,vol_of_vol,0.0
SPG,126,55,vol_regime_zscore,0.027905
SPG,126,55,vol_chg_21d,0.0
SPG,126,55,event_fed_gravity,0.089582
SPG,126,55,event_earn_gravity,0.0
SPG,126,55,event_div_gravity,0.0
SPG,126,55,event_cpi_gravity,0.115491
SPG,126,55,event_nfp_gravity,0.092793
SPG,126,55,put_call_skew_30d,0.0
SPG,126,55,term_structure_slope,0.0
SPG,126,55,vrp_wedge,0.0
SPG,126,55,iv_atm_z_score,0.0
SPG,126,55,macro_yield_curve_slope,0.092745
SPG,126,55,macro_hy_spread,0.034439
SPG,126,55,macro_hy_spread_chg_5d,0.0
SPG,126,55,macro_breakeven_5y,0.023104
SPG,126,55,macro_inflation_fwd_5y5y,0.191846
SPG,126,55,macro_inflation_fwd_chg_21d,0.0
SPG,126,55,macro_inflation_fwd_abs_chg_21d,0.0
SPG,126,55,macro_inflation_fwd_chg_63d,0.0
SPG,126,55,macro_inflation_fwd_zscore,0.016342
SPG,126,55,macro_dollar_ret,0.0
SPG,126,55,beta_spy,0.0
SPG,126,55,res_vol,0.02671
SPG,126,55,res_vol_vel,0.0
SPG,126,55,price_regime,0.034797
SPG,126,55,corr_sector_21d,0.013641
SPG,126,55,corr_sector_252d,0.063273
SPG,126,55,sector_wedge,0.031047
SPG,126,56,rv_5d,0.0
SPG,126,56,rv_10d,0.0
SPG,126,56,rv_21d,0.013594
SPG,126,56,rv_63d,0.047518
SPG,126,56,rv_126d,0.035739
SPG,126,56,ewma_vol,0.0
SPG,126,56,garch_cond_vol,0.0
SPG,126,56,ret_TARGET,0.0
SPG,126,56,tech_RSI,0.0
SPG,126,56,tech_MACD_hist,0.014311
SPG,126,56,ret_VIXY,0.0
SPG,126,56,mom21_VIXY,0.0
SPG,126,56,ret_HYG,0.0
SPG,126,56,mom21_HYG,0.0
SPG,126,56,ret_USO,0.0
SPG,126,56,mom21_USO,0.0
SPG,126,56,ret_TLT,0.0
SPG,126,56,mom21_TLT,0.038198
SPG,126,56,ret_UUP,0.0
SPG,126,56,mom21_UUP,0.0
SPG,126,56,ret_SPY,0.0
SPG,126,56,mom21_SPY,0.0
SPG,126,56,vol_vel,0.0
SPG,126,56,vol_of_vol,0.0
SPG,126,56,vol_regime_zscore,0.030779
SPG,126,56,vol_chg_21d,0.0
SPG,126,56,event_fed_gravity,0.091842
SPG,126,56,event_earn_gravity,0.0
SPG,126,56,event_div_gravity,0.0
SPG,126,56,event_cpi_gravity,0.10517
SPG,126,56,event_nfp_gravity,0.109612
SPG,126,56,put_call_skew_30d,0.0
SPG,126,56,term_structure_slope,0.0
SPG,126,56,vrp_wedge,0.010286
SPG,126,56,iv_atm_z_score,0.0
SPG,126,56,macro_yield_curve_slope,0.069903
SPG,126,56,macro_hy_spread,0.034194
SPG,126,56,macro_hy_spread_chg_5d,0.0
SPG,126,56,macro_breakeven_5y,0.016186
SPG,126,56,macro_inflation_fwd_5y5y,0.189238
SPG,126,56,macro_inflation_fwd_chg_21d,0.0
SPG,126,56,macro_inflation_fwd_abs_chg_21d,0.0
SPG,126,56,macro_inflation_fwd_chg_63d,0.0
SPG,126,56,macro_inflation_fwd_zscore,0.020258
SPG,126,56,macro_dollar_ret,0.0
SPG,126,56,beta_spy,0.017866
SPG,126,56,res_vol,0.028578
SPG,126,56,res_vol_vel,0.0
SPG,126,56,price_regime,0.03148
SPG,126,56,corr_sector_21d,0.016277
SPG,126,56,corr_sector_252d,0.059773
SPG,126,56,sector_wedge,0.019198
SPG,126,57,rv_5d,0.0
SPG,126,57,rv_10d,0.0
SPG,126,57,rv_21d,0.013423
SPG,126,57,rv_63d,0.049553
SPG,126,57,rv_126d,0.035139
SPG,126,57,ewma_vol,0.0
SPG,126,57,garch_cond_vol,0.0
SPG,126,57,ret_TARGET,0.0
SPG,126,57,tech_RSI,0.0
SPG,126,57,tech_MACD_hist,0.015196
SPG,126,57,ret_VIXY,0.0
SPG,126,57,mom21_VIXY,0.0
SPG,126,57,ret_HYG,0.0
SPG,126,57,mom21_HYG,0.0
SPG,126,57,ret_USO,0.0
SPG,126,57,mom21_USO,0.0
SPG,126,57,ret_TLT,0.0
SPG,126,57,mom21_TLT,0.010923
SPG,126,57,ret_UUP,0.0
SPG,126,57,mom21_UUP,0.0
SPG,126,57,ret_SPY,0.0
SPG,126,57,mom21_SPY,0.0
SPG,126,57,vol_vel,0.0
SPG,126,57,vol_of_vol,0.0
SPG,126,57,vol_regime_zscore,0.036897
SPG,126,57,vol_chg_21d,0.0
SPG,126,57,event_fed_gravity,0.100582
SPG,126,57,event_earn_gravity,0.0
SPG,126,57,event_div_gravity,0.0
SPG,126,57,event_cpi_gravity,0.079573
SPG,126,57,event_nfp_gravity,0.121131
SPG,126,57,put_call_skew_30d,0.0
SPG,126,57,term_structure_slope,0.0
SPG,126,57,vrp_wedge,0.011427
SPG,126,57,iv_atm_z_score,0.0
SPG,126,57,macro_yield_curve_slope,0.092264
SPG,126,57,macro_hy_spread,0.035189
SPG,126,57,macro_hy_spread_chg_5d,0.0
SPG,126,57,macro_breakeven_5y,0.018821
SPG,126,57,macro_inflation_fwd_5y5y,0.187706
SPG,126,57,macro_inflation_fwd_chg_21d,0.0
SPG,126,57,macro_inflation_fwd_abs_chg_21d,0.0
SPG,126,57,macro_inflation_fwd_chg_63d,0.0
SPG,126,57,macro_inflation_fwd_zscore,0.015619
SPG,126,57,macro_dollar_ret,0.0
SPG,126,57,beta_spy,0.0
SPG,126,57,res_vol,0.029049
SPG,126,57,res_vol_vel,0.0
SPG,126,57,price_regime,0.032611
SPG,126,57,corr_sector_21d,0.01539
SPG,126,57,corr_sector_252d,0.060376
SPG,126,57,sector_wedge,0.03913
SPG,126,58,rv_5d,0.0
SPG,126,58,rv_10d,0.0
SPG,126,58,rv_21d,0.013702
SPG,126,58,rv_63d,0.060547
SPG,126,58,rv_126d,0.050249
SPG,126,58,ewma_vol,0.0
SPG,126,58,garch_cond_vol,0.0
SPG,126,58,ret_TARGET,0.0
SPG,126,58,tech_RSI,0.0
SPG,126,58,tech_MACD_hist,0.0
SPG,126,58,ret_VIXY,0.0
SPG,126,58,mom21_VIXY,0.0
SPG,126,58,ret_HYG,0.0
SPG,126,58,mom21_HYG,0.0
SPG,126,58,ret_USO,0.0
SPG,126,58,mom21_USO,0.0
SPG,126,58,ret_TLT,0.0
SPG,126,58,mom21_TLT,0.070535
SPG,126,58,ret_UUP,0.0
SPG,126,58,mom21_UUP,0.0
SPG,126,58,ret_SPY,0.0
SPG,126,58,mom21_SPY,0.0
SPG,126,58,vol_vel,0.0
SPG,126,58,vol_of_vol,0.0
SPG,126,58,vol_regime_zscore,0.023035
SPG,126,58,vol_chg_21d,0.0
SPG,126,58,event_fed_gravity,0.089114
SPG,126,58,event_earn_gravity,0.0
SPG,126,58,event_div_gravity,0.0
SPG,126,58,event_cpi_gravity,0.110705
SPG,126,58,event_nfp_gravity,0.096514
SPG,126,58,put_call_skew_30d,0.0
SPG,126,58,term_structure_slope,0.0
SPG,126,58,vrp_wedge,0.0
SPG,126,58,iv_atm_z_score,0.0
SPG,126,58,macro_yield_curve_slope,0.067495
SPG,126,58,macro_hy_spread,0.036377
SPG,126,58,macro_hy_spread_chg_5d,0.0
SPG,126,58,macro_breakeven_5y,0.014633
SPG,126,58,macro_inflation_fwd_5y5y,0.191652
SPG,126,58,macro_inflation_fwd_chg_21d,0.0
SPG,126,58,macro_inflation_fwd_abs_chg_21d,0.0
SPG,126,58,macro_inflation_fwd_chg_63d,0.0
SPG,126,58,macro_inflation_fwd_zscore,0.021479
SPG,126,58,macro_dollar_ret,0.0
SPG,126,58,beta_spy,0.0
SPG,126,58,res_vol,0.02224
SPG,126,58,res_vol_vel,0.0
SPG,126,58,price_regime,0.037849
SPG,126,58,corr_sector_21d,0.01759
SPG,126,58,corr_sector_252d,0.076284
SPG,126,58,sector_wedge,0.0
SPG,126,59,rv_5d,0.0
SPG,126,59,rv_10d,0.0
SPG,126,59,rv_21d,0.012258
SPG,126,59,rv_63d,0.068961
SPG,126,59,rv_126d,0.048554
SPG,126,59,ewma_vol,0.0
SPG,126,59,garch_cond_vol,0.0
SPG,126,59,ret_TARGET,0.0
SPG,126,59,tech_RSI,0.0
SPG,126,59,tech_MACD_hist,0.014055
SPG,126,59,ret_VIXY,0.0
SPG,126,59,mom21_VIXY,0.0
SPG,126,59,ret_HYG,0.0
SPG,126,59,mom21_HYG,0.0
SPG,126,59,ret_USO,0.0
SPG,126,59,mom21_USO,0.0
SPG,126,59,ret_TLT,0.0
SPG,126,59,mom21_TLT,0.03975
SPG,126,59,ret_UUP,0.0
SPG,126,59,mom21_UUP,0.010468
SPG,126,59,ret_SPY,0.0
SPG,126,59,mom21_SPY,0.0
SPG,126,59,vol_vel,0.0
SPG,126,59,vol_of_vol,0.0
SPG,126,59,vol_regime_zscore,0.019622
SPG,126,59,vol_chg_21d,0.0
SPG,126,59,event_fed_gravity,0.076508
SPG,126,59,event_earn_gravity,0.0
SPG,126,59,event_div_gravity,0.0
SPG,126,59,event_cpi_gravity,0.116552
SPG,126,59,event_nfp_gravity,0.106727
SPG,126,59,put_call_skew_30d,0.0
SPG,126,59,term_structure_slope,0.0
SPG,126,59,vrp_wedge,0.011798
SPG,126,59,iv_atm_z_score,0.0
SPG,126,59,macro_yield_curve_slope,0.059231
SPG,126,59,macro_hy_spread,0.042279
SPG,126,59,macro_hy_spread_chg_5d,0.0
SPG,126,59,macro_breakeven_5y,0.012866
SPG,126,59,macro_inflation_fwd_5y5y,0.193238
SPG,126,59,macro_inflation_fwd_chg_21d,0.0
SPG,126,59,macro_inflation_fwd_abs_chg_21d,0.0
SPG,126,59,macro_inflation_fwd_chg_63d,0.0
SPG,126,59,macro_inflation_fwd_zscore,0.017686
SPG,126,59,macro_dollar_ret,0.0
SPG,126,59,beta_spy,0.0
SPG,126,59,res_vol,0.020502
SPG,126,59,res_vol_vel,0.0
SPG,126,59,price_regime,0.031402
SPG,126,59,corr_sector_21d,0.016518
SPG,126,59,corr_sector_252d,0.067993
SPG,126,59,sector_wedge,0.013032
SPG,126,60,rv_5d,0.0
SPG,126,60,rv_10d,0.0
SPG,126,60,rv_21d,0.012967
SPG,126,60,rv_63d,0.070127
SPG,126,60,rv_126d,0.051872
SPG,126,60,ewma_vol,0.0
SPG,126,60,garch_cond_vol,0.0
SPG,126,60,ret_TARGET,0.0
SPG,126,60,tech_RSI,0.0
SPG,126,60,tech_MACD_hist,0.0
SPG,126,60,ret_VIXY,0.0
SPG,126,60,mom21_VIXY,0.0
SPG,126,60,ret_HYG,0.0
SPG,126,60,mom21_HYG,0.0
SPG,126,60,ret_USO,0.0
SPG,126,60,mom21_USO,0.0
SPG,126,60,ret_TLT,0.0
SPG,126,60,mom21_TLT,0.040156
SPG,126,60,ret_UUP,0.0
SPG,126,60,mom21_UUP,0.0
SPG,126,60,ret_SPY,0.0
SPG,126,60,mom21_SPY,0.0
SPG,126,60,vol_vel,0.0
SPG,126,60,vol_of_vol,0.0
SPG,126,60,vol_regime_zscore,0.01641
SPG,126,60,vol_chg_21d,0.0
SPG,126,60,event_fed_gravity,0.10027
SPG,126,60,event_earn_gravity,0.0
SPG,126,60,event_div_gravity,0.0
SPG,126,60,event_cpi_gravity,0.091084
SPG,126,60,event_nfp_gravity,0.10675
SPG,126,60,put_call_skew_30d,0.0
SPG,126,60,term_structure_slope,0.0
SPG,126,60,vrp_wedge,0.013698
SPG,126,60,iv_atm_z_score,0.0
SPG,126,60,macro_yield_curve_slope,0.062929
SPG,126,60,macro_hy_spread,0.039734
SPG,126,60,macro_hy_spread_chg_5d,0.0
SPG,126,60,macro_breakeven_5y,0.021728
SPG,126,60,macro_inflation_fwd_5y5y,0.182894
SPG,126,60,macro_inflation_fwd_chg_21d,0.0
SPG,126,60,macro_inflation_fwd_abs_chg_21d,0.0
SPG,126,60,macro_inflation_fwd_chg_63d,0.0
SPG,126,60,macro_inflation_fwd_zscore,0.01881
SPG,126,60,macro_dollar_ret,0.0
SPG,126,60,beta_spy,0.0
SPG,126,60,res_vol,0.027201
SPG,126,60,res_vol_vel,0.0
SPG,126,60,price_regime,0.043462
SPG,126,60,corr_sector_21d,0.021822
SPG,126,60,corr_sector_252d,0.067363
SPG,126,60,sector_wedge,0.010723
SPG,126,61,rv_5d,0.0
SPG,126,61,rv_10d,0.0
SPG,126,61,rv_21d,0.011393
SPG,126,61,rv_63d,0.073098
SPG,126,61,rv_126d,0.051915
SPG,126,61,ewma_vol,0.0
SPG,126,61,garch_cond_vol,0.0
SPG,126,61,ret_TARGET,0.0
SPG,126,61,tech_RSI,0.0
SPG,126,61,tech_MACD_hist,0.0
SPG,126,61,ret_VIXY,0.0
SPG,126,61,mom21_VIXY,0.0
SPG,126,61,ret_HYG,0.0
SPG,126,61,mom21_HYG,0.0
SPG,126,61,ret_USO,0.0
SPG,126,61,mom21_USO,0.0
SPG,126,61,ret_TLT,0.0
SPG,126,61,mom21_TLT,0.042131
SPG,126,61,ret_UUP,0.0
SPG,126,61,mom21_UUP,0.0
SPG,126,61,ret_SPY,0.0
SPG,126,61,mom21_SPY,0.0
SPG,126,61,vol_vel,0.0
SPG,126,61,vol_of_vol,0.0
SPG,126,61,vol_regime_zscore,0.019789
SPG,126,61,vol_chg_21d,0.0
SPG,126,61,event_fed_gravity,0.107373
SPG,126,61,event_earn_gravity,0.0
SPG,126,61,event_div_gravity,0.0
SPG,126,61,event_cpi_gravity,0.091582
SPG,126,61,event_nfp_gravity,0.094193
SPG,126,61,put_call_skew_30d,0.0
SPG,126,61,term_structure_slope,0.0
SPG,126,61,vrp_wedge,0.012912
SPG,126,61,iv_atm_z_score,0.0
SPG,126,61,macro_yield_curve_slope,0.062678
SPG,126,61,macro_hy_spread,0.041914
SPG,126,61,macro_hy_spread_chg_5d,0.0
SPG,126,61,macro_breakeven_5y,0.018611
SPG,126,61,macro_inflation_fwd_5y5y,0.195584
SPG,126,61,macro_inflation_fwd_chg_21d,0.0
SPG,126,61,macro_inflation_fwd_abs_chg_21d,0.0
SPG,126,61,macro_inflation_fwd_chg_63d,0.0
SPG,126,61,macro_inflation_fwd_zscore,0.022592
SPG,126,61,macro_dollar_ret,0.0
SPG,126,61,beta_spy,0.0
SPG,126,61,res_vol,0.030423
SPG,126,61,res_vol_vel,0.0
SPG,126,61,price_regime,0.01858
SPG,126,61,corr_sector_21d,0.022108
SPG,126,61,corr_sector_252d,0.083125
SPG,126,61,sector_wedge,0.0
SPG,126,62,rv_5d,0.0
SPG,126,62,rv_10d,0.0
SPG,126,62,rv_21d,0.013246
SPG,126,62,rv_63d,0.067762
SPG,126,62,rv_126d,0.043011
SPG,126,62,ewma_vol,0.0
SPG,126,62,garch_cond_vol,0.0
SPG,126,62,ret_TARGET,0.0
SPG,126,62,tech_RSI,0.0
SPG,126,62,tech_MACD_hist,0.013117
SPG,126,62,ret_VIXY,0.0
SPG,126,62,mom21_VIXY,0.0
SPG,126,62,ret_HYG,0.0
SPG,126,62,mom21_HYG,0.0
SPG,126,62,ret_USO,0.0
SPG,126,62,mom21_USO,0.0
SPG,126,62,ret_TLT,0.0
SPG,126,62,mom21_TLT,0.057336
SPG,126,62,ret_UUP,0.0
SPG,126,62,mom21_UUP,0.0
SPG,126,62,ret_SPY,0.0
SPG,126,62,mom21_SPY,0.0
SPG,126,62,vol_vel,0.0
SPG,126,62,vol_of_vol,0.0
SPG,126,62,vol_regime_zscore,0.015744
SPG,126,62,vol_chg_21d,0.0
SPG,126,62,event_fed_gravity,0.067594
SPG,126,62,event_earn_gravity,0.0
SPG,126,62,event_div_gravity,0.0
SPG,126,62,event_cpi_gravity,0.112043
SPG,126,62,event_nfp_gravity,0.090315
SPG,126,62,put_call_skew_30d,0.0
SPG,126,62,term_structure_slope,0.0
SPG,126,62,vrp_wedge,0.0
SPG,126,62,iv_atm_z_score,0.009179
SPG,126,62,macro_yield_curve_slope,0.076346
SPG,126,62,macro_hy_spread,0.042184
SPG,126,62,macro_hy_spread_chg_5d,0.0
SPG,126,62,macro_breakeven_5y,0.018131
SPG,126,62,macro_inflation_fwd_5y5y,0.182585
SPG,126,62,macro_inflation_fwd_chg_21d,0.0
SPG,126,62,macro_inflation_fwd_abs_chg_21d,0.0
SPG,126,62,macro_inflation_fwd_chg_63d,0.0
SPG,126,62,macro_inflation_fwd_zscore,0.019054
SPG,126,62,macro_dollar_ret,0.0
SPG,126,62,beta_spy,0.01444
SPG,126,62,res_vol,0.020662
SPG,126,62,res_vol_vel,0.0
SPG,126,62,price_regime,0.031928
SPG,126,62,corr_sector_21d,0.016158
SPG,126,62,corr_sector_252d,0.078752
SPG,126,62,sector_wedge,0.010414
SPG,126,63,rv_5d,0.0
SPG,126,63,rv_10d,0.0
SPG,126,63,rv_21d,0.011433
SPG,126,63,rv_63d,0.066062
SPG,126,63,rv_126d,0.045218
SPG,126,63,ewma_vol,0.0
SPG,126,63,garch_cond_vol,0.0
SPG,126,63,ret_TARGET,0.0
SPG,126,63,tech_RSI,0.0
SPG,126,63,tech_MACD_hist,0.013041
SPG,126,63,ret_VIXY,0.0
SPG,126,63,mom21_VIXY,0.0
SPG,126,63,ret_HYG,0.0
SPG,126,63,mom21_HYG,0.0
SPG,126,63,ret_USO,0.0
SPG,126,63,mom21_USO,0.0
SPG,126,63,ret_TLT,0.0
SPG,126,63,mom21_TLT,0.056716
SPG,126,63,ret_UUP,0.0
SPG,126,63,mom21_UUP,0.0
SPG,126,63,ret_SPY,0.0
SPG,126,63,mom21_SPY,0.0
SPG,126,63,vol_vel,0.0
SPG,126,63,vol_of_vol,0.0
SPG,126,63,vol_regime_zscore,0.015868
SPG,126,63,vol_chg_21d,0.0
SPG,126,63,event_fed_gravity,0.072169
SPG,126,63,event_earn_gravity,0.0
SPG,126,63,event_div_gravity,0.0
SPG,126,63,event_cpi_gravity,0.110785
SPG,126,63,event_nfp_gravity,0.099845
SPG,126,63,put_call_skew_30d,0.0
SPG,126,63,term_structure_slope,0.0
SPG,126,63,vrp_wedge,0.010485
SPG,126,63,iv_atm_z_score,0.0
SPG,126,63,macro_yield_curve_slope,0.074573
SPG,126,63,macro_hy_spread,0.038879
SPG,126,63,macro_hy_spread_chg_5d,0.0
SPG,126,63,macro_breakeven_5y,0.019041
SPG,126,63,macro_inflation_fwd_5y5y,0.195938
SPG,126,63,macro_inflation_fwd_chg_21d,0.0
SPG,126,63,macro_inflation_fwd_abs_chg_21d,0.0
SPG,126,63,macro_inflation_fwd_chg_63d,0.0
SPG,126,63,macro_inflation_fwd_zscore,0.010256
SPG,126,63,macro_dollar_ret,0.0
SPG,126,63,beta_spy,0.0
SPG,126,63,res_vol,0.024796
SPG,126,63,res_vol_vel,0.0
SPG,126,63,price_regime,0.037227
SPG,126,63,corr_sector_21d,0.018786
SPG,126,63,corr_sector_252d,0.069148
SPG,126,63,sector_wedge,0.009735
SPG,126,64,rv_5d,0.0
SPG,126,64,rv_10d,0.0
SPG,126,64,rv_21d,0.01064
SPG,126,64,rv_63d,0.069211
SPG,126,64,rv_126d,0.046075
SPG,126,64,ewma_vol,0.0
SPG,126,64,garch_cond_vol,0.0
SPG,126,64,ret_TARGET,0.0
SPG,126,64,tech_RSI,0.0
SPG,126,64,tech_MACD_hist,0.012542
SPG,126,64,ret_VIXY,0.0
SPG,126,64,mom21_VIXY,0.0
SPG,126,64,ret_HYG,0.0
SPG,126,64,mom21_HYG,0.0
SPG,126,64,ret_USO,0.0
SPG,126,64,mom21_USO,0.0
SPG,126,64,ret_TLT,0.0
SPG,126,64,mom21_TLT,0.056419
SPG,126,64,ret_UUP,0.0
SPG,126,64,mom21_UUP,0.0
SPG,126,64,ret_SPY,0.0
SPG,126,64,mom21_SPY,0.0
SPG,126,64,vol_vel,0.0
SPG,126,64,vol_of_vol,0.0
SPG,126,64,vol_regime_zscore,0.016725
SPG,126,64,vol_chg_21d,0.0
SPG,126,64,event_fed_gravity,0.072563
SPG,126,64,event_earn_gravity,0.0
SPG,126,64,event_div_gravity,0.0
SPG,126,64,event_cpi_gravity,0.104995
SPG,126,64,event_nfp_gravity,0.099549
SPG,126,64,put_call_skew_30d,0.0
SPG,126,64,term_structure_slope,0.0
SPG,126,64,vrp_wedge,0.012875
SPG,126,64,iv_atm_z_score,0.010229
SPG,126,64,macro_yield_curve_slope,0.064642
SPG,126,64,macro_hy_spread,0.043686
SPG,126,64,macro_hy_spread_chg_5d,0.0
SPG,126,64,macro_breakeven_5y,0.017418
SPG,126,64,macro_inflation_fwd_5y5y,0.203381
SPG,126,64,macro_inflation_fwd_chg_21d,0.0
SPG,126,64,macro_inflation_fwd_abs_chg_21d,0.0
SPG,126,64,macro_inflation_fwd_chg_63d,0.0
SPG,126,64,macro_inflation_fwd_zscore,0.016493
SPG,126,64,macro_dollar_ret,0.0
SPG,126,64,beta_spy,0.0
SPG,126,64,res_vol,0.02035
SPG,126,64,res_vol_vel,0.0
SPG,126,64,price_regime,0.028654
SPG,126,64,corr_sector_21d,0.020693
SPG,126,64,corr_sector_252d,0.07286
SPG,126,64,sector_wedge,0.0
SPG,126,65,rv_5d,0.0
SPG,126,65,rv_10d,0.0
SPG,126,65,rv_21d,0.010589
SPG,126,65,rv_63d,0.078624
SPG,126,65,rv_126d,0.046789
SPG,126,65,ewma_vol,0.0
SPG,126,65,garch_cond_vol,0.0
SPG,126,65,ret_TARGET,0.0
SPG,126,65,tech_RSI,0.0
SPG,126,65,tech_MACD_hist,0.0
SPG,126,65,ret_VIXY,0.0
SPG,126,65,mom21_VIXY,0.0
SPG,126,65,ret_HYG,0.0
SPG,126,65,mom21_HYG,0.0
SPG,126,65,ret_USO,0.0
SPG,126,65,mom21_USO,0.0
SPG,126,65,ret_TLT,0.0
SPG,126,65,mom21_TLT,0.073415
SPG,126,65,ret_UUP,0.0
SPG,126,65,mom21_UUP,0.0
SPG,126,65,ret_SPY,0.0
SPG,126,65,mom21_SPY,0.0
SPG,126,65,vol_vel,0.0
SPG,126,65,vol_of_vol,0.0
SPG,126,65,vol_regime_zscore,0.01367
SPG,126,65,vol_chg_21d,0.0
SPG,126,65,event_fed_gravity,0.096671
SPG,126,65,event_earn_gravity,0.0
SPG,126,65,event_div_gravity,0.0
SPG,126,65,event_cpi_gravity,0.078777
SPG,126,65,event_nfp_gravity,0.101583
SPG,126,65,put_call_skew_30d,0.0
SPG,126,65,term_structure_slope,0.0
SPG,126,65,vrp_wedge,0.013521
SPG,126,65,iv_atm_z_score,0.009614
SPG,126,65,macro_yield_curve_slope,0.063213
SPG,126,65,macro_hy_spread,0.045734
SPG,126,65,macro_hy_spread_chg_5d,0.0
SPG,126,65,macro_breakeven_5y,0.018194
SPG,126,65,macro_inflation_fwd_5y5y,0.18864
SPG,126,65,macro_inflation_fwd_chg_21d,0.0
SPG,126,65,macro_inflation_fwd_abs_chg_21d,0.0
SPG,126,65,macro_inflation_fwd_chg_63d,0.0
SPG,126,65,macro_inflation_fwd_zscore,0.013466
SPG,126,65,macro_dollar_ret,0.0
SPG,126,65,beta_spy,0.011311
SPG,126,65,res_vol,0.022529
SPG,126,65,res_vol_vel,0.0
SPG,126,65,price_regime,0.02497
SPG,126,65,corr_sector_21d,0.021382
SPG,126,65,corr_sector_252d,0.067305
SPG,126,65,sector_wedge,0.0
SPG,126,66,rv_5d,0.0
SPG,126,66,rv_10d,0.0
SPG,126,66,rv_21d,0.010934
SPG,126,66,rv_63d,0.067444
SPG,126,66,rv_126d,0.048741
SPG,126,66,ewma_vol,0.0
SPG,126,66,garch_cond_vol,0.0
SPG,126,66,ret_TARGET,0.0
SPG,126,66,tech_RSI,0.0
SPG,126,66,tech_MACD_hist,0.0
SPG,126,66,ret_VIXY,0.0
SPG,126,66,mom21_VIXY,0.0
SPG,126,66,ret_HYG,0.0
SPG,126,66,mom21_HYG,0.0
SPG,126,66,ret_USO,0.0
SPG,126,66,mom21_USO,0.0
SPG,126,66,ret_TLT,0.0
SPG,126,66,mom21_TLT,0.059424
SPG,126,66,ret_UUP,0.0
SPG,126,66,mom21_UUP,0.0
SPG,126,66,ret_SPY,0.0
SPG,126,66,mom21_SPY,0.0
SPG,126,66,vol_vel,0.0
SPG,126,66,vol_of_vol,0.0
SPG,126,66,vol_regime_zscore,0.013193
SPG,126,66,vol_chg_21d,0.0
SPG,126,66,event_fed_gravity,0.080425
SPG,126,66,event_earn_gravity,0.0
SPG,126,66,event_div_gravity,0.0
SPG,126,66,event_cpi_gravity,0.092211
SPG,126,66,event_nfp_gravity,0.114247
SPG,126,66,put_call_skew_30d,0.0
SPG,126,66,term_structure_slope,0.0
SPG,126,66,vrp_wedge,0.0
SPG,126,66,iv_atm_z_score,0.010736
SPG,126,66,macro_yield_curve_slope,0.06999
SPG,126,66,macro_hy_spread,0.044811
SPG,126,66,macro_hy_spread_chg_5d,0.0
SPG,126,66,macro_breakeven_5y,0.017918
SPG,126,66,macro_inflation_fwd_5y5y,0.193791
SPG,126,66,macro_inflation_fwd_chg_21d,0.0
SPG,126,66,macro_inflation_fwd_abs_chg_21d,0.0
SPG,126,66,macro_inflation_fwd_chg_63d,0.0
SPG,126,66,macro_inflation_fwd_zscore,0.011521
SPG,126,66,macro_dollar_ret,0.0
SPG,126,66,beta_spy,0.012513
SPG,126,66,res_vol,0.020338
SPG,126,66,res_vol_vel,0.0
SPG,126,66,price_regime,0.04215
SPG,126,66,corr_sector_21d,0.016233
SPG,126,66,corr_sector_252d,0.073381
SPG,126,66,sector_wedge,0.0
SPG,126,67,rv_5d,0.0
SPG,126,67,rv_10d,0.0
SPG,126,67,rv_21d,0.011207
SPG,126,67,rv_63d,0.068414
SPG,126,67,rv_126d,0.046254
SPG,126,67,ewma_vol,0.0
SPG,126,67,garch_cond_vol,0.0
SPG,126,67,ret_TARGET,0.0
SPG,126,67,tech_RSI,0.0
SPG,126,67,tech_MACD_hist,0.012851
SPG,126,67,ret_VIXY,0.0
SPG,126,67,mom21_VIXY,0.0
SPG,126,67,ret_HYG,0.0
SPG,126,67,mom21_HYG,0.0
SPG,126,67,ret_USO,0.0
SPG,126,67,mom21_USO,0.0
SPG,126,67,ret_TLT,0.0
SPG,126,67,mom21_TLT,0.046048
SPG,126,67,ret_UUP,0.0
SPG,126,67,mom21_UUP,0.0
SPG,126,67,ret_SPY,0.0
SPG,126,67,mom21_SPY,0.0
SPG,126,67,vol_vel,0.0
SPG,126,67,vol_of_vol,0.0
SPG,126,67,vol_regime_zscore,0.018513
SPG,126,67,vol_chg_21d,0.0
SPG,126,67,event_fed_gravity,0.064412
SPG,126,67,event_earn_gravity,0.0
SPG,126,67,event_div_gravity,0.0
SPG,126,67,event_cpi_gravity,0.124216
SPG,126,67,event_nfp_gravity,0.087279
SPG,126,67,put_call_skew_30d,0.0
SPG,126,67,term_structure_slope,0.0
SPG,126,67,vrp_wedge,0.01423
SPG,126,67,iv_atm_z_score,0.009945
SPG,126,67,macro_yield_curve_slope,0.062183
SPG,126,67,macro_hy_spread,0.042592
SPG,126,67,macro_hy_spread_chg_5d,0.0
SPG,126,67,macro_breakeven_5y,0.022754
SPG,126,67,macro_inflation_fwd_5y5y,0.209005
SPG,126,67,macro_inflation_fwd_chg_21d,0.0
SPG,126,67,macro_inflation_fwd_abs_chg_21d,0.0
SPG,126,67,macro_inflation_fwd_chg_63d,0.0
SPG,126,67,macro_inflation_fwd_zscore,0.015961
SPG,126,67,macro_dollar_ret,0.0
SPG,126,67,beta_spy,0.0
SPG,126,67,res_vol,0.023785
SPG,126,67,res_vol_vel,0.0
SPG,126,67,price_regime,0.031495
SPG,126,67,corr_sector_21d,0.01543
SPG,126,67,corr_sector_252d,0.073426
SPG,126,67,sector_wedge,0.0
SPG,126,68,rv_5d,0.0
SPG,126,68,rv_10d,0.0
SPG,126,68,rv_21d,0.011241
SPG,126,68,rv_63d,0.073864
SPG,126,68,rv_126d,0.047496
SPG,126,68,ewma_vol,0.0
SPG,126,68,garch_cond_vol,0.0
SPG,126,68,ret_TARGET,0.0
SPG,126,68,tech_RSI,0.0
SPG,126,68,tech_MACD_hist,0.0
SPG,126,68,ret_VIXY,0.0
SPG,126,68,mom21_VIXY,0.0
SPG,126,68,ret_HYG,0.0
SPG,126,68,mom21_HYG,0.0
SPG,126,68,ret_USO,0.0
SPG,126,68,mom21_USO,0.0
SPG,126,68,ret_TLT,0.0
SPG,126,68,mom21_TLT,0.070637
SPG,126,68,ret_UUP,0.0
SPG,126,68,mom21_UUP,0.0
SPG,126,68,ret_SPY,0.0
SPG,126,68,mom21_SPY,0.0
SPG,126,68,vol_vel,0.0
SPG,126,68,vol_of_vol,0.0
SPG,126,68,vol_regime_zscore,0.017236
SPG,126,68,vol_chg_21d,0.0
SPG,126,68,event_fed_gravity,0.081662
SPG,126,68,event_earn_gravity,0.0
SPG,126,68,event_div_gravity,0.0
SPG,126,68,event_cpi_gravity,0.097815
SPG,126,68,event_nfp_gravity,0.088895
SPG,126,68,put_call_skew_30d,0.0
SPG,126,68,term_structure_slope,0.0
SPG,126,68,vrp_wedge,0.014457
SPG,126,68,iv_atm_z_score,0.009788
SPG,126,68,macro_yield_curve_slope,0.062174
SPG,126,68,macro_hy_spread,0.042521
SPG,126,68,macro_hy_spread_chg_5d,0.0
SPG,126,68,macro_breakeven_5y,0.020018
SPG,126,68,macro_inflation_fwd_5y5y,0.19143
SPG,126,68,macro_inflation_fwd_chg_21d,0.0
SPG,126,68,macro_inflation_fwd_abs_chg_21d,0.0
SPG,126,68,macro_inflation_fwd_chg_63d,0.0
SPG,126,68,macro_inflation_fwd_zscore,0.015151
SPG,126,68,macro_dollar_ret,0.0
SPG,126,68,beta_spy,0.0
SPG,126,68,res_vol,0.027766
SPG,126,68,res_vol_vel,0.0
SPG,126,68,price_regime,0.034075
SPG,126,68,corr_sector_21d,0.015882
SPG,126,68,corr_sector_252d,0.06827
SPG,126,68,sector_wedge,0.009621
SPG,126,69,rv_5d,0.0
SPG,126,69,rv_10d,0.0
SPG,126,69,rv_21d,0.01418
SPG,126,69,rv_63d,0.082421
SPG,126,69,rv_126d,0.05108
SPG,126,69,ewma_vol,0.0
SPG,126,69,garch_cond_vol,0.0
SPG,126,69,ret_TARGET,0.0
SPG,126,69,tech_RSI,0.0
SPG,126,69,tech_MACD_hist,0.0
SPG,126,69,ret_VIXY,0.0
SPG,126,69,mom21_VIXY,0.0
SPG,126,69,ret_HYG,0.0
SPG,126,69,mom21_HYG,0.0
SPG,126,69,ret_USO,0.0
SPG,126,69,mom21_USO,0.0
SPG,126,69,ret_TLT,0.0
SPG,126,69,mom21_TLT,0.072155
SPG,126,69,ret_UUP,0.0
SPG,126,69,mom21_UUP,0.0
SPG,126,69,ret_SPY,0.0
SPG,126,69,mom21_SPY,0.0
SPG,126,69,vol_vel,0.0
SPG,126,69,vol_of_vol,0.0
SPG,126,69,vol_regime_zscore,0.016277
SPG,126,69,vol_chg_21d,0.0
SPG,126,69,event_fed_gravity,0.093723
SPG,126,69,event_earn_gravity,0.0
SPG,126,69,event_div_gravity,0.0
SPG,126,69,event_cpi_gravity,0.067919
SPG,126,69,event_nfp_gravity,0.115662
SPG,126,69,put_call_skew_30d,0.0
SPG,126,69,term_structure_slope,0.0
SPG,126,69,vrp_wedge,0.014315
SPG,126,69,iv_atm_z_score,0.010224
SPG,126,69,macro_yield_curve_slope,0.074378
SPG,126,69,macro_hy_spread,0.04262
SPG,126,69,macro_hy_spread_chg_5d,0.0
SPG,126,69,macro_breakeven_5y,0.017862
SPG,126,69,macro_inflation_fwd_5y5y,0.183834
SPG,126,69,macro_inflation_fwd_chg_21d,0.0
SPG,126,69,macro_inflation_fwd_abs_chg_21d,0.0
SPG,126,69,macro_inflation_fwd_chg_63d,0.0
SPG,126,69,macro_inflation_fwd_zscore,0.010948
SPG,126,69,macro_dollar_ret,0.0
SPG,126,69,beta_spy,0.0
SPG,126,69,res_vol,0.02075
SPG,126,69,res_vol_vel,0.0
SPG,126,69,price_regime,0.015888
SPG,126,69,corr_sector_21d,0.015594
SPG,126,69,corr_sector_252d,0.080169
SPG,126,69,sector_wedge,0.0
SPG,126,70,rv_5d,0.0
SPG,126,70,rv_10d,0.0
SPG,126,70,rv_21d,0.01591
SPG,126,70,rv_63d,0.085646
SPG,126,70,rv_126d,0.048018
SPG,126,70,ewma_vol,0.0
SPG,126,70,garch_cond_vol,0.0
SPG,126,70,ret_TARGET,0.0
SPG,126,70,tech_RSI,0.0
SPG,126,70,tech_MACD_hist,0.013286
SPG,126,70,ret_VIXY,0.0
SPG,126,70,mom21_VIXY,0.0
SPG,126,70,ret_HYG,0.0
SPG,126,70,mom21_HYG,0.0
SPG,126,70,ret_USO,0.0
SPG,126,70,mom21_USO,0.0
SPG,126,70,ret_TLT,0.0
SPG,126,70,mom21_TLT,0.06069
SPG,126,70,ret_UUP,0.0
SPG,126,70,mom21_UUP,0.0
SPG,126,70,ret_SPY,0.0
SPG,126,70,mom21_SPY,0.0
SPG,126,70,vol_vel,0.0
SPG,126,70,vol_of_vol,0.0
SPG,126,70,vol_regime_zscore,0.017763
SPG,126,70,vol_chg_21d,0.0
SPG,126,70,event_fed_gravity,0.08708
SPG,126,70,event_earn_gravity,0.0
SPG,126,70,event_div_gravity,0.0
SPG,126,70,event_cpi_gravity,0.074401
SPG,126,70,event_nfp_gravity,0.101031
SPG,126,70,put_call_skew_30d,0.0
SPG,126,70,term_structure_slope,0.0
SPG,126,70,vrp_wedge,0.013675
SPG,126,70,iv_atm_z_score,0.0
SPG,126,70,macro_yield_curve_slope,0.037434
SPG,126,70,macro_hy_spread,0.051611
SPG,126,70,macro_hy_spread_chg_5d,0.0
SPG,126,70,macro_breakeven_5y,0.02099
SPG,126,70,macro_inflation_fwd_5y5y,0.200916
SPG,126,70,macro_inflation_fwd_chg_21d,0.0
SPG,126,70,macro_inflation_fwd_abs_chg_21d,0.0
SPG,126,70,macro_inflation_fwd_chg_63d,0.0
SPG,126,70,macro_inflation_fwd_zscore,0.010985
SPG,126,70,macro_dollar_ret,0.0
SPG,126,70,beta_spy,0.0
SPG,126,70,res_vol,0.028532
SPG,126,70,res_vol_vel,0.0
SPG,126,70,price_regime,0.020408
SPG,126,70,corr_sector_21d,0.015005
SPG,126,70,corr_sector_252d,0.096618
SPG,126,70,sector_wedge,0.0
SPG,126,71,rv_5d,0.0
SPG,126,71,rv_10d,0.0
SPG,126,71,rv_21d,0.010872
SPG,126,71,rv_63d,0.091738
SPG,126,71,rv_126d,0.050664
SPG,126,71,ewma_vol,0.0
SPG,126,71,garch_cond_vol,0.0
SPG,126,71,ret_TARGET,0.0
SPG,126,71,tech_RSI,0.0
SPG,126,71,tech_MACD_hist,0.012055
SPG,126,71,ret_VIXY,0.0
SPG,126,71,mom21_VIXY,0.0
SPG,126,71,ret_HYG,0.0
SPG,126,71,mom21_HYG,0.0
SPG,126,71,ret_USO,0.0
SPG,126,71,mom21_USO,0.0
SPG,126,71,ret_TLT,0.0
SPG,126,71,mom21_TLT,0.073338
SPG,126,71,ret_UUP,0.0
SPG,126,71,mom21_UUP,0.0
SPG,126,71,ret_SPY,0.0
SPG,126,71,mom21_SPY,0.0
SPG,126,71,vol_vel,0.0
SPG,126,71,vol_of_vol,0.0
SPG,126,71,vol_regime_zscore,0.015834
SPG,126,71,vol_chg_21d,0.0
SPG,126,71,event_fed_gravity,0.06434
SPG,126,71,event_earn_gravity,0.0
SPG,126,71,event_div_gravity,0.0
SPG,126,71,event_cpi_gravity,0.101924
SPG,126,71,event_nfp_gravity,0.076756
SPG,126,71,put_call_skew_30d,0.0
SPG,126,71,term_structure_slope,0.0
SPG,126,71,vrp_wedge,0.012867
SPG,126,71,iv_atm_z_score,0.009373
SPG,126,71,macro_yield_curve_slope,0.066097
SPG,126,71,macro_hy_spread,0.042328
SPG,126,71,macro_hy_spread_chg_5d,0.0
SPG,126,71,macro_breakeven_5y,0.026753
SPG,126,71,macro_inflation_fwd_5y5y,0.196211
SPG,126,71,macro_inflation_fwd_chg_21d,0.0
SPG,126,71,macro_inflation_fwd_abs_chg_21d,0.0
SPG,126,71,macro_inflation_fwd_chg_63d,0.0
SPG,126,71,macro_inflation_fwd_zscore,0.010329
SPG,126,71,macro_dollar_ret,0.0
SPG,126,71,beta_spy,0.009066
SPG,126,71,res_vol,0.024166
SPG,126,71,res_vol_vel,0.0
SPG,126,71,price_regime,0.012704
SPG,126,71,corr_sector_21d,0.015332
SPG,126,71,corr_sector_252d,0.077253
SPG,126,71,sector_wedge,0.0
SPG,126,72,rv_5d,0.0
SPG,126,72,rv_10d,0.0
SPG,126,72,rv_21d,0.011509
SPG,126,72,rv_63d,0.108418
SPG,126,72,rv_126d,0.039137
SPG,126,72,ewma_vol,0.009012
SPG,126,72,garch_cond_vol,0.0
SPG,126,72,ret_TARGET,0.0
SPG,126,72,tech_RSI,0.0
SPG,126,72,tech_MACD_hist,0.0
SPG,126,72,ret_VIXY,0.0
SPG,126,72,mom21_VIXY,0.0
SPG,126,72,ret_HYG,0.0
SPG,126,72,mom21_HYG,0.0
SPG,126,72,ret_USO,0.0
SPG,126,72,mom21_USO,0.020535
SPG,126,72,ret_TLT,0.0
SPG,126,72,mom21_TLT,0.073203
SPG,126,72,ret_UUP,0.0
SPG,126,72,mom21_UUP,0.0
SPG,126,72,ret_SPY,0.0
SPG,126,72,mom21_SPY,0.0
SPG,126,72,vol_vel,0.0
SPG,126,72,vol_of_vol,0.0
SPG,126,72,vol_regime_zscore,0.012326
SPG,126,72,vol_chg_21d,0.0
SPG,126,72,event_fed_gravity,0.059816
SPG,126,72,event_earn_gravity,0.0
SPG,126,72,event_div_gravity,0.0
SPG,126,72,event_cpi_gravity,0.059913
SPG,126,72,event_nfp_gravity,0.075257
SPG,126,72,put_call_skew_30d,0.0
SPG,126,72,term_structure_slope,0.0
SPG,126,72,vrp_wedge,0.00735
SPG,126,72,iv_atm_z_score,0.007921
SPG,126,72,macro_yield_curve_slope,0.029958
SPG,126,72,macro_hy_spread,0.036314
SPG,126,72,macro_hy_spread_chg_5d,0.0
SPG,126,72,macro_breakeven_5y,0.017754
SPG,126,72,macro_inflation_fwd_5y5y,0.121863
SPG,126,72,macro_inflation_fwd_chg_21d,0.063487
SPG,126,72,macro_inflation_fwd_abs_chg_21d,0.0
SPG,126,72,macro_inflation_fwd_chg_63d,0.051136
SPG,126,72,macro_inflation_fwd_zscore,0.012404
SPG,126,72,macro_dollar_ret,0.0
SPG,126,72,beta_spy,0.0
SPG,126,72,res_vol,0.015139
SPG,126,72,res_vol_vel,0.0
SPG,126,72,price_regime,0.018085
SPG,126,72,corr_sector_21d,0.016106
SPG,126,72,corr_sector_252d,0.100381
SPG,126,72,sector_wedge,0.032974
SPG,126,73,rv_5d,0.01967
SPG,126,73,rv_10d,0.00763
SPG,126,73,rv_21d,0.069338
SPG,126,73,rv_63d,0.091869
SPG,126,73,rv_126d,0.041566
SPG,126,73,ewma_vol,0.012988
SPG,126,73,garch_cond_vol,0.0
SPG,126,73,ret_TARGET,0.0
SPG,126,73,tech_RSI,0.0
SPG,126,73,tech_MACD_hist,0.005485
SPG,126,73,ret_VIXY,0.0
SPG,126,73,mom21_VIXY,0.0
SPG,126,73,ret_HYG,0.0
SPG,126,73,mom21_HYG,0.0
SPG,126,73,ret_USO,0.0
SPG,126,73,mom21_USO,0.0
SPG,126,73,ret_TLT,0.0
SPG,126,73,mom21_TLT,0.016792
SPG,126,73,ret_UUP,0.0
SPG,126,73,mom21_UUP,0.0
SPG,126,73,ret_SPY,0.0
SPG,126,73,mom21_SPY,0.0
SPG,126,73,vol_vel,0.0
SPG,126,73,vol_of_vol,0.0
SPG,126,73,vol_regime_zscore,0.01114
SPG,126,73,vol_chg_21d,0.012351
SPG,126,73,event_fed_gravity,0.049098
SPG,126,73,event_earn_gravity,0.0
SPG,126,73,event_div_gravity,0.0
SPG,126,73,event_cpi_gravity,0.048859
SPG,126,73,event_nfp_gravity,0.071711
SPG,126,73,put_call_skew_30d,0.013393
SPG,126,73,term_structure_slope,0.0
SPG,126,73,vrp_wedge,0.0
SPG,126,73,iv_atm_z_score,0.007485
SPG,126,73,macro_yield_curve_slope,0.050594
SPG,126,73,macro_hy_spread,0.030516
SPG,126,73,macro_hy_spread_chg_5d,0.0
SPG,126,73,macro_breakeven_5y,0.024441
SPG,126,73,macro_inflation_fwd_5y5y,0.070002
SPG,126,73,macro_inflation_fwd_chg_21d,0.0
SPG,126,73,macro_inflation_fwd_abs_chg_21d,0.0
SPG,126,73,macro_inflation_fwd_chg_63d,0.006626
SPG,126,73,macro_inflation_fwd_zscore,0.036654
SPG,126,73,macro_dollar_ret,0.0
SPG,126,73,beta_spy,0.0
SPG,126,73,res_vol,0.115325
SPG,126,73,res_vol_vel,0.044862
SPG,126,73,price_regime,0.033836
SPG,126,73,corr_sector_21d,0.006632
SPG,126,73,corr_sector_252d,0.092356
SPG,126,73,sector_wedge,0.008781
SPG,126,74,rv_5d,0.0
SPG,126,74,rv_10d,0.0
SPG,126,74,rv_21d,0.005541
SPG,126,74,rv_63d,0.088694
SPG,126,74,rv_126d,0.024348
SPG,126,74,ewma_vol,0.0
SPG,126,74,garch_cond_vol,0.0
SPG,126,74,ret_TARGET,0.0
SPG,126,74,tech_RSI,0.0
SPG,126,74,tech_MACD_hist,0.0
SPG,126,74,ret_VIXY,0.0
SPG,126,74,mom21_VIXY,0.0
SPG,126,74,ret_HYG,0.0
SPG,126,74,mom21_HYG,0.0
SPG,126,74,ret_USO,0.0
SPG,126,74,mom21_USO,0.0
SPG,126,74,ret_TLT,0.0
SPG,126,74,mom21_TLT,0.055124
SPG,126,74,ret_UUP,0.0
SPG,126,74,mom21_UUP,0.0
SPG,126,74,ret_SPY,0.0
SPG,126,74,mom21_SPY,0.0
SPG,126,74,vol_vel,0.0
SPG,126,74,vol_of_vol,0.009
SPG,126,74,vol_regime_zscore,0.00655
SPG,126,74,vol_chg_21d,0.010022
SPG,126,74,event_fed_gravity,0.076343
SPG,126,74,event_earn_gravity,0.0
SPG,126,74,event_div_gravity,0.0
SPG,126,74,event_cpi_gravity,0.045716
SPG,126,74,event_nfp_gravity,0.079046
SPG,126,74,put_call_skew_30d,0.011908
SPG,126,74,term_structure_slope,0.0
SPG,126,74,vrp_wedge,0.0
SPG,126,74,iv_atm_z_score,0.005591
SPG,126,74,macro_yield_curve_slope,0.068417
SPG,126,74,macro_hy_spread,0.028471
SPG,126,74,macro_hy_spread_chg_5d,0.0
SPG,126,74,macro_breakeven_5y,0.026782
SPG,126,74,macro_inflation_fwd_5y5y,0.129755
SPG,126,74,macro_inflation_fwd_chg_21d,0.0
SPG,126,74,macro_inflation_fwd_abs_chg_21d,0.0
SPG,126,74,macro_inflation_fwd_chg_63d,0.009072
SPG,126,74,macro_inflation_fwd_zscore,0.076455
SPG,126,74,macro_dollar_ret,0.0
SPG,126,74,beta_spy,0.006783
SPG,126,74,res_vol,0.110702
SPG,126,74,res_vol_vel,0.0
SPG,126,74,price_regime,0.070566
SPG,126,74,corr_sector_21d,0.0
SPG,126,74,corr_sector_252d,0.044123
SPG,126,74,sector_wedge,0.010992
SPG,126,75,rv_5d,0.0
SPG,126,75,rv_10d,0.005174
SPG,126,75,rv_21d,0.016799
SPG,126,75,rv_63d,0.066544
SPG,126,75,rv_126d,0.085495
SPG,126,75,ewma_vol,0.005009
SPG,126,75,garch_cond_vol,0.0
SPG,126,75,ret_TARGET,0.0
SPG,126,75,tech_RSI,0.0
SPG,126,75,tech_MACD_hist,0.004341
SPG,126,75,ret_VIXY,0.0
SPG,126,75,mom21_VIXY,0.0
SPG,126,75,ret_HYG,0.0
SPG,126,75,mom21_HYG,0.0
SPG,126,75,ret_USO,0.0
SPG,126,75,mom21_USO,0.050031
SPG,126,75,ret_TLT,0.0
SPG,126,75,mom21_TLT,0.089078
SPG,126,75,ret_UUP,0.0
SPG,126,75,mom21_UUP,0.0
SPG,126,75,ret_SPY,0.0
SPG,126,75,mom21_SPY,0.0
SPG,126,75,vol_vel,0.0
SPG,126,75,vol_of_vol,0.004974
SPG,126,75,vol_regime_zscore,0.012246
SPG,126,75,vol_chg_21d,0.0
SPG,126,75,event_fed_gravity,0.050355
SPG,126,75,event_earn_gravity,0.0
SPG,126,75,event_div_gravity,0.0
SPG,126,75,event_cpi_gravity,0.03535
SPG,126,75,event_nfp_gravity,0.058898
SPG,126,75,put_call_skew_30d,0.007605
SPG,126,75,term_structure_slope,0.0
SPG,126,75,vrp_wedge,0.0
SPG,126,75,iv_atm_z_score,0.006517
SPG,126,75,macro_yield_curve_slope,0.089965
SPG,126,75,macro_hy_spread,0.010857
SPG,126,75,macro_hy_spread_chg_5d,0.0
SPG,126,75,macro_breakeven_5y,0.012476
SPG,126,75,macro_inflation_fwd_5y5y,0.100264
SPG,126,75,macro_inflation_fwd_chg_21d,0.004213
SPG,126,75,macro_inflation_fwd_abs_chg_21d,0.0
SPG,126,75,macro_inflation_fwd_chg_63d,0.006578
SPG,126,75,macro_inflation_fwd_zscore,0.051169
SPG,126,75,macro_dollar_ret,0.0
SPG,126,75,beta_spy,0.012488
SPG,126,75,res_vol,0.052048
SPG,126,75,res_vol_vel,0.006919
SPG,126,75,price_regime,0.107752
SPG,126,75,corr_sector_21d,0.004962
SPG,126,75,corr_sector_252d,0.025117
SPG,126,75,sector_wedge,0.016777
SPG,126,76,rv_5d,0.0
SPG,126,76,rv_10d,0.0
SPG,126,76,rv_21d,0.00932
SPG,126,76,rv_63d,0.061912
SPG,126,76,rv_126d,0.096791
SPG,126,76,ewma_vol,0.017994
SPG,126,76,garch_cond_vol,0.023379
SPG,126,76,ret_TARGET,0.0
SPG,126,76,tech_RSI,0.0
SPG,126,76,tech_MACD_hist,0.005169
SPG,126,76,ret_VIXY,0.0
SPG,126,76,mom21_VIXY,0.0
SPG,126,76,ret_HYG,0.0
SPG,126,76,mom21_HYG,0.0
SPG,126,76,ret_USO,0.0
SPG,126,76,mom21_USO,0.0
SPG,126,76,ret_TLT,0.0
SPG,126,76,mom21_TLT,0.047667
SPG,126,76,ret_UUP,0.0
SPG,126,76,mom21_UUP,0.0
SPG,126,76,ret_SPY,0.0
SPG,126,76,mom21_SPY,0.0
SPG,126,76,vol_vel,0.0
SPG,126,76,vol_of_vol,0.005105
SPG,126,76,vol_regime_zscore,0.0
SPG,126,76,vol_chg_21d,0.0
SPG,126,76,event_fed_gravity,0.029984
SPG,126,76,event_earn_gravity,0.0
SPG,126,76,event_div_gravity,0.0
SPG,126,76,event_cpi_gravity,0.043647
SPG,126,76,event_nfp_gravity,0.033575
SPG,126,76,put_call_skew_30d,0.006222
SPG,126,76,term_structure_slope,0.0
SPG,126,76,vrp_wedge,0.0
SPG,126,76,iv_atm_z_score,0.003309
SPG,126,76,macro_yield_curve_slope,0.093099
SPG,126,76,macro_hy_spread,0.012531
SPG,126,76,macro_hy_spread_chg_5d,0.0
SPG,126,76,macro_breakeven_5y,0.009188
SPG,126,76,macro_inflation_fwd_5y5y,0.08502
SPG,126,76,macro_inflation_fwd_chg_21d,0.018823
SPG,126,76,macro_inflation_fwd_abs_chg_21d,0.0
SPG,126,76,macro_inflation_fwd_chg_63d,0.142697
SPG,126,76,macro_inflation_fwd_zscore,0.026173
SPG,126,76,macro_dollar_ret,0.0
SPG,126,76,beta_spy,0.0
SPG,126,76,res_vol,0.012958
SPG,126,76,res_vol_vel,0.0
SPG,126,76,price_regime,0.127728
SPG,126,76,corr_sector_21d,0.004651
SPG,126,76,corr_sector_252d,0.075912
SPG,126,76,sector_wedge,0.007146
SPG,126,77,rv_5d,0.0
SPG,126,77,rv_10d,0.097645
SPG,126,77,rv_21d,0.009462
SPG,126,77,rv_63d,0.037791
SPG,126,77,rv_126d,0.071613
SPG,126,77,ewma_vol,0.042744
SPG,126,77,garch_cond_vol,0.016209
SPG,126,77,ret_TARGET,0.0
SPG,126,77,tech_RSI,0.0
SPG,126,77,tech_MACD_hist,0.003717
SPG,126,77,ret_VIXY,0.0
SPG,126,77,mom21_VIXY,0.051571
SPG,126,77,ret_HYG,0.0
SPG,126,77,mom21_HYG,0.005789
SPG,126,77,ret_USO,0.0
SPG,126,77,mom21_USO,0.0
SPG,126,77,ret_TLT,0.0
SPG,126,77,mom21_TLT,0.006372
SPG,126,77,ret_UUP,0.0
SPG,126,77,mom21_UUP,0.0
SPG,126,77,ret_SPY,0.0
SPG,126,77,mom21_SPY,0.0
SPG,126,77,vol_vel,0.0
SPG,126,77,vol_of_vol,0.004853
SPG,126,77,vol_regime_zscore,0.0
SPG,126,77,vol_chg_21d,0.0
SPG,126,77,event_fed_gravity,0.021427
SPG,126,77,event_earn_gravity,0.0
SPG,126,77,event_div_gravity,0.0
SPG,126,77,event_cpi_gravity,0.035482
SPG,126,77,event_nfp_gravity,0.029702
SPG,126,77,put_call_skew_30d,0.006264
SPG,126,77,term_structure_slope,0.0
SPG,126,77,vrp_wedge,0.0
SPG,126,77,iv_atm_z_score,0.003314
SPG,126,77,macro_yield_curve_slope,0.084374
SPG,126,77,macro_hy_spread,0.009848
SPG,126,77,macro_hy_spread_chg_5d,0.0
SPG,126,77,macro_breakeven_5y,0.006527
SPG,126,77,macro_inflation_fwd_5y5y,0.08274
SPG,126,77,macro_inflation_fwd_chg_21d,0.0
SPG,126,77,macro_inflation_fwd_abs_chg_21d,0.0
SPG,126,77,macro_inflation_fwd_chg_63d,0.093353
SPG,126,77,macro_inflation_fwd_zscore,0.032391
SPG,126,77,macro_dollar_ret,0.0
SPG,126,77,beta_spy,0.043607
SPG,126,77,res_vol,0.01115
SPG,126,77,res_vol_vel,0.0
SPG,126,77,price_regime,0.111193
SPG,126,77,corr_sector_21d,0.003269
SPG,126,77,corr_sector_252d,0.073339
SPG,126,77,sector_wedge,0.00425
SPG,126,78,rv_5d,0.091177
SPG,126,78,rv_10d,0.112206
SPG,126,78,rv_21d,0.005306
SPG,126,78,rv_63d,0.027253
SPG,126,78,rv_126d,0.053471
SPG,126,78,ewma_vol,0.033087
SPG,126,78,garch_cond_vol,0.011778
SPG,126,78,ret_TARGET,0.0
SPG,126,78,tech_RSI,0.002982
SPG,126,78,tech_MACD_hist,0.002629
SPG,126,78,ret_VIXY,0.0
SPG,126,78,mom21_VIXY,0.002175
SPG,126,78,ret_HYG,0.0
SPG,126,78,mom21_HYG,0.006129
SPG,126,78,ret_USO,0.0
SPG,126,78,mom21_USO,0.0
SPG,126,78,ret_TLT,0.002427
SPG,126,78,mom21_TLT,0.009367
SPG,126,78,ret_UUP,0.0
SPG,126,78,mom21_UUP,0.0
SPG,126,78,ret_SPY,0.0
SPG,126,78,mom21_SPY,0.0
SPG,126,78,vol_vel,0.0
SPG,126,78,vol_of_vol,0.004486
SPG,126,78,vol_regime_zscore,0.00274
SPG,126,78,vol_chg_21d,0.002758
SPG,126,78,event_fed_gravity,0.017991
SPG,126,78,event_earn_gravity,0.0
SPG,126,78,event_div_gravity,0.0
SPG,126,78,event_cpi_gravity,0.022293
SPG,126,78,event_nfp_gravity,0.024022
SPG,126,78,put_call_skew_30d,0.003441
SPG,126,78,term_structure_slope,0.010266
SPG,126,78,vrp_wedge,0.001864
SPG,126,78,iv_atm_z_score,0.002072
SPG,126,78,macro_yield_curve_slope,0.076049
SPG,126,78,macro_hy_spread,0.006987
SPG,126,78,macro_hy_spread_chg_5d,0.0
SPG,126,78,macro_breakeven_5y,0.004543
SPG,126,78,macro_inflation_fwd_5y5y,0.071131
SPG,126,78,macro_inflation_fwd_chg_21d,0.0
SPG,126,78,macro_inflation_fwd_abs_chg_21d,0.0
SPG,126,78,macro_inflation_fwd_chg_63d,0.089015
SPG,126,78,macro_inflation_fwd_zscore,0.036168
SPG,126,78,macro_dollar_ret,0.0
SPG,126,78,beta_spy,0.07961
SPG,126,78,res_vol,0.011518
SPG,126,78,res_vol_vel,0.0
SPG,126,78,price_regime,0.097447
SPG,126,78,corr_sector_21d,0.002611
SPG,126,78,corr_sector_252d,0.067017
SPG,126,78,sector_wedge,0.005981
SPG,126,79,rv_5d,0.125723
SPG,126,79,rv_10d,0.201654
SPG,126,79,rv_21d,0.003838
SPG,126,79,rv_63d,0.015742
SPG,126,79,rv_126d,0.043479
SPG,126,79,ewma_vol,0.026997
SPG,126,79,garch_cond_vol,0.007796
SPG,126,79,ret_TARGET,0.0
SPG,126,79,tech_RSI,0.002763
SPG,126,79,tech_MACD_hist,0.002545
SPG,126,79,ret_VIXY,0.0
SPG,126,79,mom21_VIXY,0.001964
SPG,126,79,ret_HYG,0.0
SPG,126,79,mom21_HYG,0.005257
SPG,126,79,ret_USO,0.0
SPG,126,79,mom21_USO,0.0
SPG,126,79,ret_TLT,0.0
SPG,126,79,mom21_TLT,0.003871
SPG,126,79,ret_UUP,0.0
SPG,126,79,mom21_UUP,0.0
SPG,126,79,ret_SPY,0.0
SPG,126,79,mom21_SPY,0.003531
SPG,126,79,vol_vel,0.003661
SPG,126,79,vol_of_vol,0.00648
SPG,126,79,vol_regime_zscore,0.003685
SPG,126,79,vol_chg_21d,0.001756
SPG,126,79,event_fed_gravity,0.018205
SPG,126,79,event_earn_gravity,0.0
SPG,126,79,event_div_gravity,0.0
SPG,126,79,event_cpi_gravity,0.017039
SPG,126,79,event_nfp_gravity,0.022895
SPG,126,79,put_call_skew_30d,0.003354
SPG,126,79,term_structure_slope,0.001664
SPG,126,79,vrp_wedge,0.0
SPG,126,79,iv_atm_z_score,0.002086
SPG,126,79,macro_yield_curve_slope,0.068494
SPG,126,79,macro_hy_spread,0.0061
SPG,126,79,macro_hy_spread_chg_5d,0.00315
SPG,126,79,macro_breakeven_5y,0.00546
SPG,126,79,macro_inflation_fwd_5y5y,0.072141
SPG,126,79,macro_inflation_fwd_chg_21d,0.003586
SPG,126,79,macro_inflation_fwd_abs_chg_21d,0.0
SPG,126,79,macro_inflation_fwd_chg_63d,0.056801
SPG,126,79,macro_inflation_fwd_zscore,0.040643
SPG,126,79,macro_dollar_ret,0.0
SPG,126,79,beta_spy,0.050594
SPG,126,79,res_vol,0.01036
SPG,126,79,res_vol_vel,0.0
SPG,126,79,price_regime,0.0866
SPG,126,79,corr_sector_21d,0.009331
SPG,126,79,corr_sector_252d,0.05778
SPG,126,79,sector_wedge,0.002973
SPG,126,80,rv_5d,0.041548
SPG,126,80,rv_10d,0.092963
SPG,126,80,rv_21d,0.007617
SPG,126,80,rv_63d,0.016071
SPG,126,80,rv_126d,0.036288
SPG,126,80,ewma_vol,0.028037
SPG,126,80,garch_cond_vol,0.00883
SPG,126,80,ret_TARGET,0.002807
SPG,126,80,tech_RSI,0.0
SPG,126,80,tech_MACD_hist,0.003304
SPG,126,80,ret_VIXY,0.0
SPG,126,80,mom21_VIXY,0.005199
SPG,126,80,ret_HYG,0.0
SPG,126,80,mom21_HYG,0.0
SPG,126,80,ret_USO,0.0
SPG,126,80,mom21_USO,0.0
SPG,126,80,ret_TLT,0.0
SPG,126,80,mom21_TLT,0.004648
SPG,126,80,ret_UUP,0.0
SPG,126,80,mom21_UUP,0.0
SPG,126,80,ret_SPY,0.0
SPG,126,80,mom21_SPY,0.003052
SPG,126,80,vol_vel,0.005248
SPG,126,80,vol_of_vol,0.002421
SPG,126,80,vol_regime_zscore,0.006545
SPG,126,80,vol_chg_21d,0.003552
SPG,126,80,event_fed_gravity,0.024281
SPG,126,80,event_earn_gravity,0.0
SPG,126,80,event_div_gravity,0.0
SPG,126,80,event_cpi_gravity,0.012362
SPG,126,80,event_nfp_gravity,0.018842
SPG,126,80,put_call_skew_30d,0.002425
SPG,126,80,term_structure_slope,0.0
SPG,126,80,vrp_wedge,0.0
SPG,126,80,iv_atm_z_score,0.001723
SPG,126,80,macro_yield_curve_slope,0.074413
SPG,126,80,macro_hy_spread,0.006917
SPG,126,80,macro_hy_spread_chg_5d,0.004916
SPG,126,80,macro_breakeven_5y,0.013054
SPG,126,80,macro_inflation_fwd_5y5y,0.084188
SPG,126,80,macro_inflation_fwd_chg_21d,0.004282
SPG,126,80,macro_inflation_fwd_abs_chg_21d,0.0
SPG,126,80,macro_inflation_fwd_chg_63d,0.171127
SPG,126,80,macro_inflation_fwd_zscore,0.048749
SPG,126,80,macro_dollar_ret,0.0
SPG,126,80,beta_spy,0.086553
SPG,126,80,res_vol,0.028948
SPG,126,80,res_vol_vel,0.0
SPG,126,80,price_regime,0.096877
SPG,126,80,corr_sector_21d,0.01024
SPG,126,80,corr_sector_252d,0.038799
SPG,126,80,sector_wedge,0.003176
SPG,126,81,rv_5d,0.055665
SPG,126,81,rv_10d,0.055583
SPG,126,81,rv_21d,0.006239
SPG,126,81,rv_63d,0.029458
SPG,126,81,rv_126d,0.03749
SPG,126,81,ewma_vol,0.031036
SPG,126,81,garch_cond_vol,0.011031
SPG,126,81,ret_TARGET,0.0
SPG,126,81,tech_RSI,0.002599
SPG,126,81,tech_MACD_hist,0.00337
SPG,126,81,ret_VIXY,0.0
SPG,126,81,mom21_VIXY,0.00498
SPG,126,81,ret_HYG,0.0
SPG,126,81,mom21_HYG,0.004501
SPG,126,81,ret_USO,0.0
SPG,126,81,mom21_USO,0.0
SPG,126,81,ret_TLT,0.0
SPG,126,81,mom21_TLT,0.00577
SPG,126,81,ret_UUP,0.0
SPG,126,81,mom21_UUP,0.0
SPG,126,81,ret_SPY,0.0
SPG,126,81,mom21_SPY,0.0
SPG,126,81,vol_vel,0.002292
SPG,126,81,vol_of_vol,0.006347
SPG,126,81,vol_regime_zscore,0.008236
SPG,126,81,vol_chg_21d,0.010038
SPG,126,81,event_fed_gravity,0.02029
SPG,126,81,event_earn_gravity,0.0
SPG,126,81,event_div_gravity,0.0
SPG,126,81,event_cpi_gravity,0.021056
SPG,126,81,event_nfp_gravity,0.025024
SPG,126,81,put_call_skew_30d,0.004032
SPG,126,81,term_structure_slope,0.0
SPG,126,81,vrp_wedge,0.0
SPG,126,81,iv_atm_z_score,0.002581
SPG,126,81,macro_yield_curve_slope,0.091496
SPG,126,81,macro_hy_spread,0.008282
SPG,126,81,macro_hy_spread_chg_5d,0.00496
SPG,126,81,macro_breakeven_5y,0.039294
SPG,126,81,macro_inflation_fwd_5y5y,0.082307
SPG,126,81,macro_inflation_fwd_chg_21d,0.0
SPG,126,81,macro_inflation_fwd_abs_chg_21d,0.0
SPG,126,81,macro_inflation_fwd_chg_63d,0.004418
SPG,126,81,macro_inflation_fwd_zscore,0.081935
SPG,126,81,macro_dollar_ret,0.0
SPG,126,81,beta_spy,0.137922
SPG,126,81,res_vol,0.045033
SPG,126,81,res_vol_vel,0.0
SPG,126,81,price_regime,0.110337
SPG,126,81,corr_sector_21d,0.011034
SPG,126,81,corr_sector_252d,0.029021
SPG,126,81,sector_wedge,0.006346
SPG,126,82,rv_5d,0.056547
SPG,126,82,rv_10d,0.061342
SPG,126,82,rv_21d,0.006606
SPG,126,82,rv_63d,0.016891
SPG,126,82,rv_126d,0.03752
SPG,126,82,ewma_vol,0.029806
SPG,126,82,garch_cond_vol,0.013021
SPG,126,82,ret_TARGET,0.0
SPG,126,82,tech_RSI,0.0
SPG,126,82,tech_MACD_hist,0.005421
SPG,126,82,ret_VIXY,0.0
SPG,126,82,mom21_VIXY,0.005646
SPG,126,82,ret_HYG,0.0
SPG,126,82,mom21_HYG,0.007163
SPG,126,82,ret_USO,0.0
SPG,126,82,mom21_USO,0.002861
SPG,126,82,ret_TLT,0.0
SPG,126,82,mom21_TLT,0.003084
SPG,126,82,ret_UUP,0.0
SPG,126,82,mom21_UUP,0.0
SPG,126,82,ret_SPY,0.0
SPG,126,82,mom21_SPY,0.0
SPG,126,82,vol_vel,0.002428
SPG,126,82,vol_of_vol,0.005603
SPG,126,82,vol_regime_zscore,0.008896
SPG,126,82,vol_chg_21d,0.015204
SPG,126,82,event_fed_gravity,0.018291
SPG,126,82,event_earn_gravity,0.0
SPG,126,82,event_div_gravity,0.0
SPG,126,82,event_cpi_gravity,0.022545
SPG,126,82,event_nfp_gravity,0.020809
SPG,126,82,put_call_skew_30d,0.00576
SPG,126,82,term_structure_slope,0.0
SPG,126,82,vrp_wedge,0.0
SPG,126,82,iv_atm_z_score,0.002559
SPG,126,82,macro_yield_curve_slope,0.081685
SPG,126,82,macro_hy_spread,0.006059
SPG,126,82,macro_hy_spread_chg_5d,0.003896
SPG,126,82,macro_breakeven_5y,0.052313
SPG,126,82,macro_inflation_fwd_5y5y,0.096449
SPG,126,82,macro_inflation_fwd_chg_21d,0.00324
SPG,126,82,macro_inflation_fwd_abs_chg_21d,0.0
SPG,126,82,macro_inflation_fwd_chg_63d,0.003818
SPG,126,82,macro_inflation_fwd_zscore,0.060237
SPG,126,82,macro_dollar_ret,0.0
SPG,126,82,beta_spy,0.142396
SPG,126,82,res_vol,0.041966
SPG,126,82,res_vol_vel,0.0
SPG,126,82,price_regime,0.116681
SPG,126,82,corr_sector_21d,0.011084
SPG,126,82,corr_sector_252d,0.029415
SPG,126,82,sector_wedge,0.002758
SPG,126,83,rv_5d,0.03938
SPG,126,83,rv_10d,0.040899
SPG,126,83,rv_21d,0.008025
SPG,126,83,rv_63d,0.029327
SPG,126,83,rv_126d,0.036485
SPG,126,83,ewma_vol,0.02925
SPG,126,83,garch_cond_vol,0.014215
SPG,126,83,ret_TARGET,0.003362
SPG,126,83,tech_RSI,0.0
SPG,126,83,tech_MACD_hist,0.003553
SPG,126,83,ret_VIXY,0.0
SPG,126,83,mom21_VIXY,0.010905
SPG,126,83,ret_HYG,0.0
SPG,126,83,mom21_HYG,0.007761
SPG,126,83,ret_USO,0.0
SPG,126,83,mom21_USO,0.018932
SPG,126,83,ret_TLT,0.00267
SPG,126,83,mom21_TLT,0.003399
SPG,126,83,ret_UUP,0.0
SPG,126,83,mom21_UUP,0.0
SPG,126,83,ret_SPY,0.0
SPG,126,83,mom21_SPY,0.0
SPG,126,83,vol_vel,0.001754
SPG,126,83,vol_of_vol,0.007117
SPG,126,83,vol_regime_zscore,0.009911
SPG,126,83,vol_chg_21d,0.014351
SPG,126,83,event_fed_gravity,0.018411
SPG,126,83,event_earn_gravity,0.0
SPG,126,83,event_div_gravity,0.0
SPG,126,83,event_cpi_gravity,0.024718
SPG,126,83,event_nfp_gravity,0.020197
SPG,126,83,put_call_skew_30d,0.007653
SPG,126,83,term_structure_slope,0.006219
SPG,126,83,vrp_wedge,0.001756
SPG,126,83,iv_atm_z_score,0.002359
SPG,126,83,macro_yield_curve_slope,0.097387
SPG,126,83,macro_hy_spread,0.009826
SPG,126,83,macro_hy_spread_chg_5d,0.004559
SPG,126,83,macro_breakeven_5y,0.040138
SPG,126,83,macro_inflation_fwd_5y5y,0.083246
SPG,126,83,macro_inflation_fwd_chg_21d,0.005297
SPG,126,83,macro_inflation_fwd_abs_chg_21d,0.0
SPG,126,83,macro_inflation_fwd_chg_63d,0.004266
SPG,126,83,macro_inflation_fwd_zscore,0.047195
SPG,126,83,macro_dollar_ret,0.0
SPG,126,83,beta_spy,0.132422
SPG,126,83,res_vol,0.042969
SPG,126,83,res_vol_vel,0.003576
SPG,126,83,price_regime,0.1184
SPG,126,83,corr_sector_21d,0.011086
SPG,126,83,corr_sector_252d,0.032264
SPG,126,83,sector_wedge,0.004761
SPG,126,84,rv_5d,0.058812
SPG,126,84,rv_10d,0.060044
SPG,126,84,rv_21d,0.008591
SPG,126,84,rv_63d,0.025228
SPG,126,84,rv_126d,0.044383
SPG,126,84,ewma_vol,0.0
SPG,126,84,garch_cond_vol,0.01202
SPG,126,84,ret_TARGET,0.003553
SPG,126,84,tech_RSI,0.0
SPG,126,84,tech_MACD_hist,0.004103
SPG,126,84,ret_VIXY,0.0
SPG,126,84,mom21_VIXY,0.007664
SPG,126,84,ret_HYG,0.0
SPG,126,84,mom21_HYG,0.014314
SPG,126,84,ret_USO,0.0
SPG,126,84,mom21_USO,0.012551
SPG,126,84,ret_TLT,0.0
SPG,126,84,mom21_TLT,0.003061
SPG,126,84,ret_UUP,0.0
SPG,126,84,mom21_UUP,0.0
SPG,126,84,ret_SPY,0.0
SPG,126,84,mom21_SPY,0.0
SPG,126,84,vol_vel,0.002099
SPG,126,84,vol_of_vol,0.011356
SPG,126,84,vol_regime_zscore,0.010769
SPG,126,84,vol_chg_21d,0.015482
SPG,126,84,event_fed_gravity,0.020339
SPG,126,84,event_earn_gravity,0.0
SPG,126,84,event_div_gravity,0.0
SPG,126,84,event_cpi_gravity,0.015566
SPG,126,84,event_nfp_gravity,0.028878
SPG,126,84,put_call_skew_30d,0.01482
SPG,126,84,term_structure_slope,0.006345
SPG,126,84,vrp_wedge,0.002179
SPG,126,84,iv_atm_z_score,0.002343
SPG,126,84,macro_yield_curve_slope,0.086092
SPG,126,84,macro_hy_spread,0.013159
SPG,126,84,macro_hy_spread_chg_5d,0.004108
SPG,126,84,macro_breakeven_5y,0.044772
SPG,126,84,macro_inflation_fwd_5y5y,0.089699
SPG,126,84,macro_inflation_fwd_chg_21d,0.0042
SPG,126,84,macro_inflation_fwd_abs_chg_21d,0.0
SPG,126,84,macro_inflation_fwd_chg_63d,0.002483
SPG,126,84,macro_inflation_fwd_zscore,0.050484
SPG,126,84,macro_dollar_ret,0.0
SPG,126,84,beta_spy,0.099082
SPG,126,84,res_vol,0.049483
SPG,126,84,res_vol_vel,0.002828
SPG,126,84,price_regime,0.125325
SPG,126,84,corr_sector_21d,0.002849
SPG,126,84,corr_sector_252d,0.027978
SPG,126,84,sector_wedge,0.012957
SPG,126,85,rv_5d,0.05324
SPG,126,85,rv_10d,0.074558
SPG,126,85,rv_21d,0.006951
SPG,126,85,rv_63d,0.027856
SPG,126,85,rv_126d,0.03584
SPG,126,85,ewma_vol,0.0
SPG,126,85,garch_cond_vol,0.010908
SPG,126,85,ret_TARGET,0.0
SPG,126,85,tech_RSI,0.0
SPG,126,85,tech_MACD_hist,0.003852
SPG,126,85,ret_VIXY,0.0
SPG,126,85,mom21_VIXY,0.009809
SPG,126,85,ret_HYG,0.0
SPG,126,85,mom21_HYG,0.0
SPG,126,85,ret_USO,0.0
SPG,126,85,mom21_USO,0.014227
SPG,126,85,ret_TLT,0.0
SPG,126,85,mom21_TLT,0.003492
SPG,126,85,ret_UUP,0.0
SPG,126,85,mom21_UUP,0.0
SPG,126,85,ret_SPY,0.0
SPG,126,85,mom21_SPY,0.0
SPG,126,85,vol_vel,0.002062
SPG,126,85,vol_of_vol,0.003276
SPG,126,85,vol_regime_zscore,0.009411
SPG,126,85,vol_chg_21d,0.011387
SPG,126,85,event_fed_gravity,0.02167
SPG,126,85,event_earn_gravity,0.0
SPG,126,85,event_div_gravity,0.0
SPG,126,85,event_cpi_gravity,0.020652
SPG,126,85,event_nfp_gravity,0.024023
SPG,126,85,put_call_skew_30d,0.016491
SPG,126,85,term_structure_slope,0.0
SPG,126,85,vrp_wedge,0.00307
SPG,126,85,iv_atm_z_score,0.002377
SPG,126,85,macro_yield_curve_slope,0.094398
SPG,126,85,macro_hy_spread,0.016337
SPG,126,85,macro_hy_spread_chg_5d,0.003724
SPG,126,85,macro_breakeven_5y,0.05425
SPG,126,85,macro_inflation_fwd_5y5y,0.089634
SPG,126,85,macro_inflation_fwd_chg_21d,0.003162
SPG,126,85,macro_inflation_fwd_abs_chg_21d,0.0
SPG,126,85,macro_inflation_fwd_chg_63d,0.00321
SPG,126,85,macro_inflation_fwd_zscore,0.047135
SPG,126,85,macro_dollar_ret,0.005293
SPG,126,85,beta_spy,0.097864
SPG,126,85,res_vol,0.048555
SPG,126,85,res_vol_vel,0.002423
SPG,126,85,price_regime,0.125995
SPG,126,85,corr_sector_21d,0.003144
SPG,126,85,corr_sector_252d,0.035407
SPG,126,85,sector_wedge,0.014316
SPG,126,86,rv_5d,0.051721
SPG,126,86,rv_10d,0.035606
SPG,126,86,rv_21d,0.014679
SPG,126,86,rv_63d,0.022231
SPG,126,86,rv_126d,0.033285
SPG,126,86,ewma_vol,0.003729
SPG,126,86,garch_cond_vol,0.016329
SPG,126,86,ret_TARGET,0.0
SPG,126,86,tech_RSI,0.002751
SPG,126,86,tech_MACD_hist,0.002406
SPG,126,86,ret_VIXY,0.0
SPG,126,86,mom21_VIXY,0.01078
SPG,126,86,ret_HYG,0.0
SPG,126,86,mom21_HYG,0.018941
SPG,126,86,ret_USO,0.0
SPG,126,86,mom21_USO,0.013323
SPG,126,86,ret_TLT,0.0
SPG,126,86,mom21_TLT,0.00538
SPG,126,86,ret_UUP,0.0
SPG,126,86,mom21_UUP,0.0
SPG,126,86,ret_SPY,0.0
SPG,126,86,mom21_SPY,0.0
SPG,126,86,vol_vel,0.003088
SPG,126,86,vol_of_vol,0.002743
SPG,126,86,vol_regime_zscore,0.011594
SPG,126,86,vol_chg_21d,0.015014
SPG,126,86,event_fed_gravity,0.021972
SPG,126,86,event_earn_gravity,0.0
SPG,126,86,event_div_gravity,0.0
SPG,126,86,event_cpi_gravity,0.01825
SPG,126,86,event_nfp_gravity,0.024773
SPG,126,86,put_call_skew_30d,0.026591
SPG,126,86,term_structure_slope,0.0
SPG,126,86,vrp_wedge,0.005146
SPG,126,86,iv_atm_z_score,0.002588
SPG,126,86,macro_yield_curve_slope,0.085253
SPG,126,86,macro_hy_spread,0.014922
SPG,126,86,macro_hy_spread_chg_5d,0.003747
SPG,126,86,macro_breakeven_5y,0.069028
SPG,126,86,macro_inflation_fwd_5y5y,0.09901
SPG,126,86,macro_inflation_fwd_chg_21d,0.003671
SPG,126,86,macro_inflation_fwd_abs_chg_21d,0.0
SPG,126,86,macro_inflation_fwd_chg_63d,0.01573
SPG,126,86,macro_inflation_fwd_zscore,0.037493
SPG,126,86,macro_dollar_ret,0.0
SPG,126,86,beta_spy,0.081654
SPG,126,86,res_vol,0.042038
SPG,126,86,res_vol_vel,0.001888
SPG,126,86,price_regime,0.124735
SPG,126,86,corr_sector_21d,0.002675
SPG,126,86,corr_sector_252d,0.044975
SPG,126,86,sector_wedge,0.010263
SPG,126,87,rv_5d,0.032765
SPG,126,87,rv_10d,0.0
SPG,126,87,rv_21d,0.013725
SPG,126,87,rv_63d,0.029264
SPG,126,87,rv_126d,0.038424
SPG,126,87,ewma_vol,0.003151
SPG,126,87,garch_cond_vol,0.012341
SPG,126,87,ret_TARGET,0.0
SPG,126,87,tech_RSI,0.0
SPG,126,87,tech_MACD_hist,0.003396
SPG,126,87,ret_VIXY,0.0
SPG,126,87,mom21_VIXY,0.011593
SPG,126,87,ret_HYG,0.004545
SPG,126,87,mom21_HYG,0.0
SPG,126,87,ret_USO,0.0
SPG,126,87,mom21_USO,0.01807
SPG,126,87,ret_TLT,0.0
SPG,126,87,mom21_TLT,0.003227
SPG,126,87,ret_UUP,0.0
SPG,126,87,mom21_UUP,0.0
SPG,126,87,ret_SPY,0.0
SPG,126,87,mom21_SPY,0.0
SPG,126,87,vol_vel,0.001959
SPG,126,87,vol_of_vol,0.007533
SPG,126,87,vol_regime_zscore,0.011722
SPG,126,87,vol_chg_21d,0.003386
SPG,126,87,event_fed_gravity,0.019123
SPG,126,87,event_earn_gravity,0.0
SPG,126,87,event_div_gravity,0.0
SPG,126,87,event_cpi_gravity,0.023903
SPG,126,87,event_nfp_gravity,0.019716
SPG,126,87,put_call_skew_30d,0.034423
SPG,126,87,term_structure_slope,0.008856
SPG,126,87,vrp_wedge,0.003257
SPG,126,87,iv_atm_z_score,0.003187
SPG,126,87,macro_yield_curve_slope,0.091577
SPG,126,87,macro_hy_spread,0.019717
SPG,126,87,macro_hy_spread_chg_5d,0.004247
SPG,126,87,macro_breakeven_5y,0.080364
SPG,126,87,macro_inflation_fwd_5y5y,0.100109
SPG,126,87,macro_inflation_fwd_chg_21d,0.004937
SPG,126,87,macro_inflation_fwd_abs_chg_21d,0.0
SPG,126,87,macro_inflation_fwd_chg_63d,0.008209
SPG,126,87,macro_inflation_fwd_zscore,0.047365
SPG,126,87,macro_dollar_ret,0.0
SPG,126,87,beta_spy,0.086619
SPG,126,87,res_vol,0.044157
SPG,126,87,res_vol_vel,0.0
SPG,126,87,price_regime,0.144272
SPG,126,87,corr_sector_21d,0.003199
SPG,126,87,corr_sector_252d,0.045633
SPG,126,87,sector_wedge,0.012029
SPG,126,88,rv_5d,0.018832
SPG,126,88,rv_10d,0.018209
SPG,126,88,rv_21d,0.020927
SPG,126,88,rv_63d,0.02289
SPG,126,88,rv_126d,0.029207
SPG,126,88,ewma_vol,0.004836
SPG,126,88,garch_cond_vol,0.025511
SPG,126,88,ret_TARGET,0.0
SPG,126,88,tech_RSI,0.0
SPG,126,88,tech_MACD_hist,0.004792
SPG,126,88,ret_VIXY,0.0
SPG,126,88,mom21_VIXY,0.011675
SPG,126,88,ret_HYG,0.015603
SPG,126,88,mom21_HYG,0.0
SPG,126,88,ret_USO,0.0
SPG,126,88,mom21_USO,0.008047
SPG,126,88,ret_TLT,0.0
SPG,126,88,mom21_TLT,0.00433
SPG,126,88,ret_UUP,0.0
SPG,126,88,mom21_UUP,0.0
SPG,126,88,ret_SPY,0.0
SPG,126,88,mom21_SPY,0.003637
SPG,126,88,vol_vel,0.003088
SPG,126,88,vol_of_vol,0.002408
SPG,126,88,vol_regime_zscore,0.008596
SPG,126,88,vol_chg_21d,0.0
SPG,126,88,event_fed_gravity,0.017327
SPG,126,88,event_earn_gravity,0.0
SPG,126,88,event_div_gravity,0.0
SPG,126,88,event_cpi_gravity,0.021181
SPG,126,88,event_nfp_gravity,0.022808
SPG,126,88,put_call_skew_30d,0.034409
SPG,126,88,term_structure_slope,0.0
SPG,126,88,vrp_wedge,0.0035
SPG,126,88,iv_atm_z_score,0.010368
SPG,126,88,macro_yield_curve_slope,0.086384
SPG,126,88,macro_hy_spread,0.014681
SPG,126,88,macro_hy_spread_chg_5d,0.00466
SPG,126,88,macro_breakeven_5y,0.037376
SPG,126,88,macro_inflation_fwd_5y5y,0.115149
SPG,126,88,macro_inflation_fwd_chg_21d,0.0
SPG,126,88,macro_inflation_fwd_abs_chg_21d,0.0
SPG,126,88,macro_inflation_fwd_chg_63d,0.010639
SPG,126,88,macro_inflation_fwd_zscore,0.042706
SPG,126,88,macro_dollar_ret,0.0
SPG,126,88,beta_spy,0.11524
SPG,126,88,res_vol,0.044754
SPG,126,88,res_vol_vel,0.004787
SPG,126,88,price_regime,0.138463
SPG,126,88,corr_sector_21d,0.018935
SPG,126,88,corr_sector_252d,0.049888
SPG,126,88,sector_wedge,0.004156
SPG,126,89,rv_5d,0.00661
SPG,126,89,rv_10d,0.015731
SPG,126,89,rv_21d,0.01781
SPG,126,89,rv_63d,0.028074
SPG,126,89,rv_126d,0.030639
SPG,126,89,ewma_vol,0.00549
SPG,126,89,garch_cond_vol,0.021126
SPG,126,89,ret_TARGET,0.0
SPG,126,89,tech_RSI,0.0
SPG,126,89,tech_MACD_hist,0.002701
SPG,126,89,ret_VIXY,0.0
SPG,126,89,mom21_VIXY,0.002789
SPG,126,89,ret_HYG,0.0
SPG,126,89,mom21_HYG,0.002314
SPG,126,89,ret_USO,0.0
SPG,126,89,mom21_USO,0.001853
SPG,126,89,ret_TLT,0.0
SPG,126,89,mom21_TLT,0.004116
SPG,126,89,ret_UUP,0.0
SPG,126,89,mom21_UUP,0.002519
SPG,126,89,ret_SPY,0.0
SPG,126,89,mom21_SPY,0.0
SPG,126,89,vol_vel,0.006702
SPG,126,89,vol_of_vol,0.002964
SPG,126,89,vol_regime_zscore,0.011234
SPG,126,89,vol_chg_21d,0.012449
SPG,126,89,event_fed_gravity,0.01776
SPG,126,89,event_earn_gravity,0.0
SPG,126,89,event_div_gravity,0.0
SPG,126,89,event_cpi_gravity,0.020996
SPG,126,89,event_nfp_gravity,0.026901
SPG,126,89,put_call_skew_30d,0.023615
SPG,126,89,term_structure_slope,0.0
SPG,126,89,vrp_wedge,0.005336
SPG,126,89,iv_atm_z_score,0.011408
SPG,126,89,macro_yield_curve_slope,0.081387
SPG,126,89,macro_hy_spread,0.017207
SPG,126,89,macro_hy_spread_chg_5d,0.004568
SPG,126,89,macro_breakeven_5y,0.062569
SPG,126,89,macro_inflation_fwd_5y5y,0.110732
SPG,126,89,macro_inflation_fwd_chg_21d,0.006329
SPG,126,89,macro_inflation_fwd_abs_chg_21d,0.0
SPG,126,89,macro_inflation_fwd_chg_63d,0.006056
SPG,126,89,macro_inflation_fwd_zscore,0.056449
SPG,126,89,macro_dollar_ret,0.0
SPG,126,89,beta_spy,0.076629
SPG,126,89,res_vol,0.046158
SPG,126,89,res_vol_vel,0.00284
SPG,126,89,price_regime,0.162817
SPG,126,89,corr_sector_21d,0.021994
SPG,126,89,corr_sector_252d,0.059022
SPG,126,89,sector_wedge,0.004105
SPG,126,90,rv_5d,0.008901
SPG,126,90,rv_10d,0.011937
SPG,126,90,rv_21d,0.022221
SPG,126,90,rv_63d,0.02987
SPG,126,90,rv_126d,0.037416
SPG,126,90,ewma_vol,0.0
SPG,126,90,garch_cond_vol,0.014807
SPG,126,90,ret_TARGET,0.0
SPG,126,90,tech_RSI,0.0
SPG,126,90,tech_MACD_hist,0.002567
SPG,126,90,ret_VIXY,0.0
SPG,126,90,mom21_VIXY,0.007169
SPG,126,90,ret_HYG,0.0
SPG,126,90,mom21_HYG,0.0
SPG,126,90,ret_USO,0.0
SPG,126,90,mom21_USO,0.0
SPG,126,90,ret_TLT,0.0
SPG,126,90,mom21_TLT,0.004388
SPG,126,90,ret_UUP,0.0
SPG,126,90,mom21_UUP,0.0
SPG,126,90,ret_SPY,0.0
SPG,126,90,mom21_SPY,0.0
SPG,126,90,vol_vel,0.0
SPG,126,90,vol_of_vol,0.002863
SPG,126,90,vol_regime_zscore,0.008915
SPG,126,90,vol_chg_21d,0.0
SPG,126,90,event_fed_gravity,0.02149
SPG,126,90,event_earn_gravity,0.0
SPG,126,90,event_div_gravity,0.0
SPG,126,90,event_cpi_gravity,0.019387
SPG,126,90,event_nfp_gravity,0.028681
SPG,126,90,put_call_skew_30d,0.021049
SPG,126,90,term_structure_slope,0.0
SPG,126,90,vrp_wedge,0.0
SPG,126,90,iv_atm_z_score,0.011491
SPG,126,90,macro_yield_curve_slope,0.0869
SPG,126,90,macro_hy_spread,0.016659
SPG,126,90,macro_hy_spread_chg_5d,0.004667
SPG,126,90,macro_breakeven_5y,0.052754
SPG,126,90,macro_inflation_fwd_5y5y,0.105202
SPG,126,90,macro_inflation_fwd_chg_21d,0.004504
SPG,126,90,macro_inflation_fwd_abs_chg_21d,0.0
SPG,126,90,macro_inflation_fwd_chg_63d,0.003887
SPG,126,90,macro_inflation_fwd_zscore,0.060006
SPG,126,90,macro_dollar_ret,0.0
SPG,126,90,beta_spy,0.098613
SPG,126,90,res_vol,0.041578
SPG,126,90,res_vol_vel,0.0
SPG,126,90,price_regime,0.168
SPG,126,90,corr_sector_21d,0.048161
SPG,126,90,corr_sector_252d,0.050979
SPG,126,90,sector_wedge,0.004939
SPG,126,91,rv_5d,0.015264
SPG,126,91,rv_10d,0.008226
SPG,126,91,rv_21d,0.016799
SPG,126,91,rv_63d,0.037023
SPG,126,91,rv_126d,0.032216
SPG,126,91,ewma_vol,0.012664
SPG,126,91,garch_cond_vol,0.013435
SPG,126,91,ret_TARGET,0.0
SPG,126,91,tech_RSI,0.0
SPG,126,91,tech_MACD_hist,0.003388
SPG,126,91,ret_VIXY,0.0
SPG,126,91,mom21_VIXY,0.011001
SPG,126,91,ret_HYG,0.0
SPG,126,91,mom21_HYG,0.005696
SPG,126,91,ret_USO,0.0
SPG,126,91,mom21_USO,0.007932
SPG,126,91,ret_TLT,0.001962
SPG,126,91,mom21_TLT,0.004387
SPG,126,91,ret_UUP,0.0
SPG,126,91,mom21_UUP,0.0
SPG,126,91,ret_SPY,0.0
SPG,126,91,mom21_SPY,0.002433
SPG,126,91,vol_vel,0.004418
SPG,126,91,vol_of_vol,0.002649
SPG,126,91,vol_regime_zscore,0.009976
SPG,126,91,vol_chg_21d,0.0
SPG,126,91,event_fed_gravity,0.022719
SPG,126,91,event_earn_gravity,0.0
SPG,126,91,event_div_gravity,0.0
SPG,126,91,event_cpi_gravity,0.019436
SPG,126,91,event_nfp_gravity,0.02607
SPG,126,91,put_call_skew_30d,0.030076
SPG,126,91,term_structure_slope,0.0
SPG,126,91,vrp_wedge,0.004647
SPG,126,91,iv_atm_z_score,0.016129
SPG,126,91,macro_yield_curve_slope,0.086562
SPG,126,91,macro_hy_spread,0.019085
SPG,126,91,macro_hy_spread_chg_5d,0.003125
SPG,126,91,macro_breakeven_5y,0.047757
SPG,126,91,macro_inflation_fwd_5y5y,0.096166
SPG,126,91,macro_inflation_fwd_chg_21d,0.0
SPG,126,91,macro_inflation_fwd_abs_chg_21d,0.0
SPG,126,91,macro_inflation_fwd_chg_63d,0.002936
SPG,126,91,macro_inflation_fwd_zscore,0.04349
SPG,126,91,macro_dollar_ret,0.0
SPG,126,91,beta_spy,0.103035
SPG,126,91,res_vol,0.037183
SPG,126,91,res_vol_vel,0.002337
SPG,126,91,price_regime,0.172407
SPG,126,91,corr_sector_21d,0.03061
SPG,126,91,corr_sector_252d,0.040812
SPG,126,91,sector_wedge,0.005952
SPG,126,92,rv_5d,0.014768
SPG,126,92,rv_10d,0.003255
SPG,126,92,rv_21d,0.018554
SPG,126,92,rv_63d,0.033186
SPG,126,92,rv_126d,0.029813
SPG,126,92,ewma_vol,0.0
SPG,126,92,garch_cond_vol,0.014541
SPG,126,92,ret_TARGET,0.0
SPG,126,92,tech_RSI,0.0
SPG,126,92,tech_MACD_hist,0.003998
SPG,126,92,ret_VIXY,0.0
SPG,126,92,mom21_VIXY,0.004216
SPG,126,92,ret_HYG,0.0
SPG,126,92,mom21_HYG,0.0
SPG,126,92,ret_USO,0.0
SPG,126,92,mom21_USO,0.024881
SPG,126,92,ret_TLT,0.0
SPG,126,92,mom21_TLT,0.005006
SPG,126,92,ret_UUP,0.0
SPG,126,92,mom21_UUP,0.0
SPG,126,92,ret_SPY,0.0
SPG,126,92,mom21_SPY,0.003944
SPG,126,92,vol_vel,0.004703
SPG,126,92,vol_of_vol,0.003059
SPG,126,92,vol_regime_zscore,0.008058
SPG,126,92,vol_chg_21d,0.01198
SPG,126,92,event_fed_gravity,0.021722
SPG,126,92,event_earn_gravity,0.0
SPG,126,92,event_div_gravity,0.0
SPG,126,92,event_cpi_gravity,0.023882
SPG,126,92,event_nfp_gravity,0.0239
SPG,126,92,put_call_skew_30d,0.023665
SPG,126,92,term_structure_slope,0.0
SPG,126,92,vrp_wedge,0.002682
SPG,126,92,iv_atm_z_score,0.014905
SPG,126,92,macro_yield_curve_slope,0.097394
SPG,126,92,macro_hy_spread,0.017013
SPG,126,92,macro_hy_spread_chg_5d,0.004276
SPG,126,92,macro_breakeven_5y,0.054995
SPG,126,92,macro_inflation_fwd_5y5y,0.087793
SPG,126,92,macro_inflation_fwd_chg_21d,0.007394
SPG,126,92,macro_inflation_fwd_abs_chg_21d,0.0
SPG,126,92,macro_inflation_fwd_chg_63d,0.004095
SPG,126,92,macro_inflation_fwd_zscore,0.038802
SPG,126,92,macro_dollar_ret,0.0
SPG,126,92,beta_spy,0.071686
SPG,126,92,res_vol,0.052041
SPG,126,92,res_vol_vel,0.0
SPG,126,92,price_regime,0.166445
SPG,126,92,corr_sector_21d,0.062188
SPG,126,92,corr_sector_252d,0.032214
SPG,126,92,sector_wedge,0.008949
SPG,126,93,rv_5d,0.00968
SPG,126,93,rv_10d,0.007453
SPG,126,93,rv_21d,0.03078
SPG,126,93,rv_63d,0.035568
SPG,126,93,rv_126d,0.02973
SPG,126,93,ewma_vol,0.0
SPG,126,93,garch_cond_vol,0.018654
SPG,126,93,ret_TARGET,0.0
SPG,126,93,tech_RSI,0.0
SPG,126,93,tech_MACD_hist,0.002413
SPG,126,93,ret_VIXY,0.0
SPG,126,93,mom21_VIXY,0.006107
SPG,126,93,ret_HYG,0.0
SPG,126,93,mom21_HYG,0.0
SPG,126,93,ret_USO,0.0
SPG,126,93,mom21_USO,0.013976
SPG,126,93,ret_TLT,0.002106
SPG,126,93,mom21_TLT,0.005397
SPG,126,93,ret_UUP,0.0
SPG,126,93,mom21_UUP,0.0
SPG,126,93,ret_SPY,0.0
SPG,126,93,mom21_SPY,0.0
SPG,126,93,vol_vel,0.004922
SPG,126,93,vol_of_vol,0.003927
SPG,126,93,vol_regime_zscore,0.008941
SPG,126,93,vol_chg_21d,0.0
SPG,126,93,event_fed_gravity,0.024927
SPG,126,93,event_earn_gravity,0.0
SPG,126,93,event_div_gravity,0.0
SPG,126,93,event_cpi_gravity,0.020507
SPG,126,93,event_nfp_gravity,0.026082
SPG,126,93,put_call_skew_30d,0.028664
SPG,126,93,term_structure_slope,0.0
SPG,126,93,vrp_wedge,0.002681
SPG,126,93,iv_atm_z_score,0.015744
SPG,126,93,macro_yield_curve_slope,0.093059
SPG,126,93,macro_hy_spread,0.018387
SPG,126,93,macro_hy_spread_chg_5d,0.003718
SPG,126,93,macro_breakeven_5y,0.029895
SPG,126,93,macro_inflation_fwd_5y5y,0.089469
SPG,126,93,macro_inflation_fwd_chg_21d,0.009513
SPG,126,93,macro_inflation_fwd_abs_chg_21d,0.0
SPG,126,93,macro_inflation_fwd_chg_63d,0.003631
SPG,126,93,macro_inflation_fwd_zscore,0.055199
SPG,126,93,macro_dollar_ret,0.0
SPG,126,93,beta_spy,0.099709
SPG,126,93,res_vol,0.044032
SPG,126,93,res_vol_vel,0.00493
SPG,126,93,price_regime,0.161575
SPG,126,93,corr_sector_21d,0.047387
SPG,126,93,corr_sector_252d,0.034982
SPG,126,93,sector_wedge,0.006255
SPG,126,94,rv_5d,0.019292
SPG,126,94,rv_10d,0.010245
SPG,126,94,rv_21d,0.025544
SPG,126,94,rv_63d,0.036429
SPG,126,94,rv_126d,0.032547
SPG,126,94,ewma_vol,0.009245
SPG,126,94,garch_cond_vol,0.019538
SPG,126,94,ret_TARGET,0.0
SPG,126,94,tech_RSI,0.0
SPG,126,94,tech_MACD_hist,0.003932
SPG,126,94,ret_VIXY,0.0
SPG,126,94,mom21_VIXY,0.005322
SPG,126,94,ret_HYG,0.0
SPG,126,94,mom21_HYG,0.003252
SPG,126,94,ret_USO,0.0
SPG,126,94,mom21_USO,0.002178
SPG,126,94,ret_TLT,0.002763
SPG,126,94,mom21_TLT,0.004615
SPG,126,94,ret_UUP,0.0
SPG,126,94,mom21_UUP,0.0
SPG,126,94,ret_SPY,0.0
SPG,126,94,mom21_SPY,0.0
SPG,126,94,vol_vel,0.005213
SPG,126,94,vol_of_vol,0.004077
SPG,126,94,vol_regime_zscore,0.010732
SPG,126,94,vol_chg_21d,0.012237
SPG,126,94,event_fed_gravity,0.018429
SPG,126,94,event_earn_gravity,0.0
SPG,126,94,event_div_gravity,0.0
SPG,126,94,event_cpi_gravity,0.027143
SPG,126,94,event_nfp_gravity,0.013965
SPG,126,94,put_call_skew_30d,0.021595
SPG,126,94,term_structure_slope,0.0
SPG,126,94,vrp_wedge,0.002451
SPG,126,94,iv_atm_z_score,0.02209
SPG,126,94,macro_yield_curve_slope,0.086608
SPG,126,94,macro_hy_spread,0.016289
SPG,126,94,macro_hy_spread_chg_5d,0.003839
SPG,126,94,macro_breakeven_5y,0.034762
SPG,126,94,macro_inflation_fwd_5y5y,0.083597
SPG,126,94,macro_inflation_fwd_chg_21d,0.002901
SPG,126,94,macro_inflation_fwd_abs_chg_21d,0.0
SPG,126,94,macro_inflation_fwd_chg_63d,0.004472
SPG,126,94,macro_inflation_fwd_zscore,0.043014
SPG,126,94,macro_dollar_ret,0.0
SPG,126,94,beta_spy,0.090696
SPG,126,94,res_vol,0.051366
SPG,126,94,res_vol_vel,0.0
SPG,126,94,price_regime,0.158499
SPG,126,94,corr_sector_21d,0.063734
SPG,126,94,corr_sector_252d,0.040032
SPG,126,94,sector_wedge,0.007355
SPG,126,95,rv_5d,0.016385
SPG,126,95,rv_10d,0.004363
SPG,126,95,rv_21d,0.029226
SPG,126,95,rv_63d,0.036746
SPG,126,95,rv_126d,0.037728
SPG,126,95,ewma_vol,0.0
SPG,126,95,garch_cond_vol,0.017966
SPG,126,95,ret_TARGET,0.0
SPG,126,95,tech_RSI,0.0
SPG,126,95,tech_MACD_hist,0.002517
SPG,126,95,ret_VIXY,0.0
SPG,126,95,mom21_VIXY,0.009176
SPG,126,95,ret_HYG,0.0
SPG,126,95,mom21_HYG,0.005279
SPG,126,95,ret_USO,0.0
SPG,126,95,mom21_USO,0.011439
SPG,126,95,ret_TLT,0.002695
SPG,126,95,mom21_TLT,0.005024
SPG,126,95,ret_UUP,0.0
SPG,126,95,mom21_UUP,0.0
SPG,126,95,ret_SPY,0.0
SPG,126,95,mom21_SPY,0.0
SPG,126,95,vol_vel,0.0
SPG,126,95,vol_of_vol,0.003879
SPG,126,95,vol_regime_zscore,0.016061
SPG,126,95,vol_chg_21d,0.0
SPG,126,95,event_fed_gravity,0.017272
SPG,126,95,event_earn_gravity,0.0
SPG,126,95,event_div_gravity,0.0
SPG,126,95,event_cpi_gravity,0.031052
SPG,126,95,event_nfp_gravity,0.012914
SPG,126,95,put_call_skew_30d,0.021961
SPG,126,95,term_structure_slope,0.0
SPG,126,95,vrp_wedge,0.002983
SPG,126,95,iv_atm_z_score,0.003663
SPG,126,95,macro_yield_curve_slope,0.093465
SPG,126,95,macro_hy_spread,0.022537
SPG,126,95,macro_hy_spread_chg_5d,0.004648
SPG,126,95,macro_breakeven_5y,0.034254
SPG,126,95,macro_inflation_fwd_5y5y,0.086755
SPG,126,95,macro_inflation_fwd_chg_21d,0.0
SPG,126,95,macro_inflation_fwd_abs_chg_21d,0.0
SPG,126,95,macro_inflation_fwd_chg_63d,0.00472
SPG,126,95,macro_inflation_fwd_zscore,0.04055
SPG,126,95,macro_dollar_ret,0.0
SPG,126,95,beta_spy,0.075416
SPG,126,95,res_vol,0.047884
SPG,126,95,res_vol_vel,0.002474
SPG,126,95,price_regime,0.164138
SPG,126,95,corr_sector_21d,0.08725
SPG,126,95,corr_sector_252d,0.039499
SPG,126,95,sector_wedge,0.008079
SPG,126,96,rv_5d,0.019102
SPG,126,96,rv_10d,0.002982
SPG,126,96,rv_21d,0.01997
SPG,126,96,rv_63d,0.049872
SPG,126,96,rv_126d,0.031825
SPG,126,96,ewma_vol,0.0
SPG,126,96,garch_cond_vol,0.013462
SPG,126,96,ret_TARGET,0.0
SPG,126,96,tech_RSI,0.0
SPG,126,96,tech_MACD_hist,0.00274
SPG,126,96,ret_VIXY,0.0
SPG,126,96,mom21_VIXY,0.010272
SPG,126,96,ret_HYG,0.0
SPG,126,96,mom21_HYG,0.005527
SPG,126,96,ret_USO,0.0
SPG,126,96,mom21_USO,0.002081
SPG,126,96,ret_TLT,0.003263
SPG,126,96,mom21_TLT,0.00301
SPG,126,96,ret_UUP,0.0
SPG,126,96,mom21_UUP,0.0
SPG,126,96,ret_SPY,0.0
SPG,126,96,mom21_SPY,0.0
SPG,126,96,vol_vel,0.005134
SPG,126,96,vol_of_vol,0.003214
SPG,126,96,vol_regime_zscore,0.009663
SPG,126,96,vol_chg_21d,0.0
SPG,126,96,event_fed_gravity,0.017657
SPG,126,96,event_earn_gravity,0.0
SPG,126,96,event_div_gravity,0.0
SPG,126,96,event_cpi_gravity,0.024713
SPG,126,96,event_nfp_gravity,0.02644
SPG,126,96,put_call_skew_30d,0.022265
SPG,126,96,term_structure_slope,0.0
SPG,126,96,vrp_wedge,0.002451
SPG,126,96,iv_atm_z_score,0.017365
SPG,126,96,macro_yield_curve_slope,0.0824
SPG,126,96,macro_hy_spread,0.021073
SPG,126,96,macro_hy_spread_chg_5d,0.004304
SPG,126,96,macro_breakeven_5y,0.040248
SPG,126,96,macro_inflation_fwd_5y5y,0.085
SPG,126,96,macro_inflation_fwd_chg_21d,0.0
SPG,126,96,macro_inflation_fwd_abs_chg_21d,0.0
SPG,126,96,macro_inflation_fwd_chg_63d,0.005624
SPG,126,96,macro_inflation_fwd_zscore,0.055044
SPG,126,96,macro_dollar_ret,0.0
SPG,126,96,beta_spy,0.073352
SPG,126,96,res_vol,0.059129
SPG,126,96,res_vol_vel,0.003088
SPG,126,96,price_regime,0.158128
SPG,126,96,corr_sector_21d,0.061871
SPG,126,96,corr_sector_252d,0.046864
SPG,126,96,sector_wedge,0.010867
SPG,126,97,rv_5d,0.023453
SPG,126,97,rv_10d,0.00507
SPG,126,97,rv_21d,0.01729
SPG,126,97,rv_63d,0.039436
SPG,126,97,rv_126d,0.029551
SPG,126,97,ewma_vol,0.0
SPG,126,97,garch_cond_vol,0.016999
SPG,126,97,ret_TARGET,0.0
SPG,126,97,tech_RSI,0.0
SPG,126,97,tech_MACD_hist,0.002646
SPG,126,97,ret_VIXY,0.0
SPG,126,97,mom21_VIXY,0.006648
SPG,126,97,ret_HYG,0.0
SPG,126,97,mom21_HYG,0.002507
SPG,126,97,ret_USO,0.0
SPG,126,97,mom21_USO,0.007683
SPG,126,97,ret_TLT,0.002146
SPG,126,97,mom21_TLT,0.002761
SPG,126,97,ret_UUP,0.0
SPG,126,97,mom21_UUP,0.0
SPG,126,97,ret_SPY,0.0
SPG,126,97,mom21_SPY,0.0
SPG,126,97,vol_vel,0.005446
SPG,126,97,vol_of_vol,0.003703
SPG,126,97,vol_regime_zscore,0.01041
SPG,126,97,vol_chg_21d,0.014475
SPG,126,97,event_fed_gravity,0.021588
SPG,126,97,event_earn_gravity,0.0
SPG,126,97,event_div_gravity,0.0
SPG,126,97,event_cpi_gravity,0.026314
SPG,126,97,event_nfp_gravity,0.015422
SPG,126,97,put_call_skew_30d,0.01906
SPG,126,97,term_structure_slope,0.0
SPG,126,97,vrp_wedge,0.002742
SPG,126,97,iv_atm_z_score,0.018401
SPG,126,97,macro_yield_curve_slope,0.088584
SPG,126,97,macro_hy_spread,0.020105
SPG,126,97,macro_hy_spread_chg_5d,0.005796
SPG,126,97,macro_breakeven_5y,0.039749
SPG,126,97,macro_inflation_fwd_5y5y,0.079887
SPG,126,97,macro_inflation_fwd_chg_21d,0.0
SPG,126,97,macro_inflation_fwd_abs_chg_21d,0.0
SPG,126,97,macro_inflation_fwd_chg_63d,0.005488
SPG,126,97,macro_inflation_fwd_zscore,0.045647
SPG,126,97,macro_dollar_ret,0.0
SPG,126,97,beta_spy,0.045598
SPG,126,97,res_vol,0.077418
SPG,126,97,res_vol_vel,0.002948
SPG,126,97,price_regime,0.160712
SPG,126,97,corr_sector_21d,0.094096
SPG,126,97,corr_sector_252d,0.031083
SPG,126,97,sector_wedge,0.009139
SPG,126,98,rv_5d,0.02597
SPG,126,98,rv_10d,0.018825
SPG,126,98,rv_21d,0.01694
SPG,126,98,rv_63d,0.039211
SPG,126,98,rv_126d,0.030197
SPG,126,98,ewma_vol,0.0
SPG,126,98,garch_cond_vol,0.019947
SPG,126,98,ret_TARGET,0.0
SPG,126,98,tech_RSI,0.0
SPG,126,98,tech_MACD_hist,0.002365
SPG,126,98,ret_VIXY,0.0
SPG,126,98,mom21_VIXY,0.007717
SPG,126,98,ret_HYG,0.0
SPG,126,98,mom21_HYG,0.004574
SPG,126,98,ret_USO,0.0
SPG,126,98,mom21_USO,0.002092
SPG,126,98,ret_TLT,0.002186
SPG,126,98,mom21_TLT,0.005165
SPG,126,98,ret_UUP,0.0
SPG,126,98,mom21_UUP,0.0
SPG,126,98,ret_SPY,0.0
SPG,126,98,mom21_SPY,0.0
SPG,126,98,vol_vel,0.00594
SPG,126,98,vol_of_vol,0.003265
SPG,126,98,vol_regime_zscore,0.010548
SPG,126,98,vol_chg_21d,0.0
SPG,126,98,event_fed_gravity,0.026919
SPG,126,98,event_earn_gravity,0.0
SPG,126,98,event_div_gravity,0.0
SPG,126,98,event_cpi_gravity,0.023014
SPG,126,98,event_nfp_gravity,0.025349
SPG,126,98,put_call_skew_30d,0.040103
SPG,126,98,term_structure_slope,0.0
SPG,126,98,vrp_wedge,0.002909
SPG,126,98,iv_atm_z_score,0.016517
SPG,126,98,macro_yield_curve_slope,0.097217
SPG,126,98,macro_hy_spread,0.023214
SPG,126,98,macro_hy_spread_chg_5d,0.005836
SPG,126,98,macro_breakeven_5y,0.043507
SPG,126,98,macro_inflation_fwd_5y5y,0.085083
SPG,126,98,macro_inflation_fwd_chg_21d,0.0
SPG,126,98,macro_inflation_fwd_abs_chg_21d,0.0
SPG,126,98,macro_inflation_fwd_chg_63d,0.006776
SPG,126,98,macro_inflation_fwd_zscore,0.043963
SPG,126,98,macro_dollar_ret,0.0
SPG,126,98,beta_spy,0.035787
SPG,126,98,res_vol,0.081593
SPG,126,98,res_vol_vel,0.0
SPG,126,98,price_regime,0.146769
SPG,126,98,corr_sector_21d,0.064694
SPG,126,98,corr_sector_252d,0.026353
SPG,126,98,sector_wedge,0.009453
SPG,126,99,rv_5d,0.033824
SPG,126,99,rv_10d,0.009706
SPG,126,99,rv_21d,0.021708
SPG,126,99,rv_63d,0.045727
SPG,126,99,rv_126d,0.031393
SPG,126,99,ewma_vol,0.0
SPG,126,99,garch_cond_vol,0.021847
SPG,126,99,ret_TARGET,0.0
SPG,126,99,tech_RSI,0.0
SPG,126,99,tech_MACD_hist,0.004411
SPG,126,99,ret_VIXY,0.0
SPG,126,99,mom21_VIXY,0.002248
SPG,126,99,ret_HYG,0.0
SPG,126,99,mom21_HYG,0.005982
SPG,126,99,ret_USO,0.0
SPG,126,99,mom21_USO,0.0
SPG,126,99,ret_TLT,0.0
SPG,126,99,mom21_TLT,0.002941
SPG,126,99,ret_UUP,0.0
SPG,126,99,mom21_UUP,0.002722
SPG,126,99,ret_SPY,0.0
SPG,126,99,mom21_SPY,0.0
SPG,126,99,vol_vel,0.0
SPG,126,99,vol_of_vol,0.004077
SPG,126,99,vol_regime_zscore,0.011916
SPG,126,99,vol_chg_21d,0.013996
SPG,126,99,event_fed_gravity,0.022752
SPG,126,99,event_earn_gravity,0.0
SPG,126,99,event_div_gravity,0.0
SPG,126,99,event_cpi_gravity,0.027674
SPG,126,99,event_nfp_gravity,0.028994
SPG,126,99,put_call_skew_30d,0.023961
SPG,126,99,term_structure_slope,0.0
SPG,126,99,vrp_wedge,0.003055
SPG,126,99,iv_atm_z_score,0.016448
SPG,126,99,macro_yield_curve_slope,0.09574
SPG,126,99,macro_hy_spread,0.019159
SPG,126,99,macro_hy_spread_chg_5d,0.004109
SPG,126,99,macro_breakeven_5y,0.035601
SPG,126,99,macro_inflation_fwd_5y5y,0.087763
SPG,126,99,macro_inflation_fwd_chg_21d,0.004609
SPG,126,99,macro_inflation_fwd_abs_chg_21d,0.0
SPG,126,99,macro_inflation_fwd_chg_63d,0.006818
SPG,126,99,macro_inflation_fwd_zscore,0.055742
SPG,126,99,macro_dollar_ret,0.0
SPG,126,99,beta_spy,0.040057
SPG,126,99,res_vol,0.084534
SPG,126,99,res_vol_vel,0.0
SPG,126,99,price_regime,0.153375
SPG,126,99,corr_sector_21d,0.040127
SPG,126,99,corr_sector_252d,0.027775
SPG,126,99,sector_wedge,0.009209
SPG,126,100,rv_5d,0.034759
SPG,126,100,rv_10d,0.007041
SPG,126,100,rv_21d,0.024219
SPG,126,100,rv_63d,0.035936
SPG,126,100,rv_126d,0.026735
SPG,126,100,ewma_vol,0.0
SPG,126,100,garch_cond_vol,0.019344
SPG,126,100,ret_TARGET,0.0
SPG,126,100,tech_RSI,0.002236
SPG,126,100,tech_MACD_hist,0.00362
SPG,126,100,ret_VIXY,0.0
SPG,126,100,mom21_VIXY,0.006614
SPG,126,100,ret_HYG,0.0
SPG,126,100,mom21_HYG,0.007607
SPG,126,100,ret_USO,0.0
SPG,126,100,mom21_USO,0.002397
SPG,126,100,ret_TLT,0.0
SPG,126,100,mom21_TLT,0.00303
SPG,126,100,ret_UUP,0.0
SPG,126,100,mom21_UUP,0.0
SPG,126,100,ret_SPY,0.0
SPG,126,100,mom21_SPY,0.0
SPG,126,100,vol_vel,0.004459
SPG,126,100,vol_of_vol,0.004411
SPG,126,100,vol_regime_zscore,0.011704
SPG,126,100,vol_chg_21d,0.014506
SPG,126,100,event_fed_gravity,0.0269
SPG,126,100,event_earn_gravity,0.0
SPG,126,100,event_div_gravity,0.0
SPG,126,100,event_cpi_gravity,0.025841
SPG,126,100,event_nfp_gravity,0.021019
SPG,126,100,put_call_skew_30d,0.02521
SPG,126,100,term_structure_slope,0.0
SPG,126,100,vrp_wedge,0.003512
SPG,126,100,iv_atm_z_score,0.014556
SPG,126,100,macro_yield_curve_slope,0.091377
SPG,126,100,macro_hy_spread,0.024857
SPG,126,100,macro_hy_spread_chg_5d,0.008325
SPG,126,100,macro_breakeven_5y,0.037522
SPG,126,100,macro_inflation_fwd_5y5y,0.084945
SPG,126,100,macro_inflation_fwd_chg_21d,0.0
SPG,126,100,macro_inflation_fwd_abs_chg_21d,0.0
SPG,126,100,macro_inflation_fwd_chg_63d,0.003396
SPG,126,100,macro_inflation_fwd_zscore,0.057089
SPG,126,100,macro_dollar_ret,0.0
SPG,126,100,beta_spy,0.040582
SPG,126,100,res_vol,0.098314
SPG,126,100,res_vol_vel,0.0
SPG,126,100,price_regime,0.14712
SPG,126,100,corr_sector_21d,0.044774
SPG,126,100,corr_sector_252d,0.028363
SPG,126,100,sector_wedge,0.007681
SPG,126,101,rv_5d,0.030739
SPG,126,101,rv_10d,0.012418
SPG,126,101,rv_21d,0.024075
SPG,126,101,rv_63d,0.035485
SPG,126,101,rv_126d,0.025873
SPG,126,101,ewma_vol,0.024469
SPG,126,101,garch_cond_vol,0.024044
SPG,126,101,ret_TARGET,0.0
SPG,126,101,tech_RSI,0.002351
SPG,126,101,tech_MACD_hist,0.00313
SPG,126,101,ret_VIXY,0.0
SPG,126,101,mom21_VIXY,0.002342
SPG,126,101,ret_HYG,0.0
SPG,126,101,mom21_HYG,0.007342
SPG,126,101,ret_USO,0.0
SPG,126,101,mom21_USO,0.002095
SPG,126,101,ret_TLT,0.0
SPG,126,101,mom21_TLT,0.003176
SPG,126,101,ret_UUP,0.0
SPG,126,101,mom21_UUP,0.0
SPG,126,101,ret_SPY,0.0
SPG,126,101,mom21_SPY,0.0
SPG,126,101,vol_vel,0.0
SPG,126,101,vol_of_vol,0.003759
SPG,126,101,vol_regime_zscore,0.013339
SPG,126,101,vol_chg_21d,0.002011
SPG,126,101,event_fed_gravity,0.01872
SPG,126,101,event_earn_gravity,0.0
SPG,126,101,event_div_gravity,0.0
SPG,126,101,event_cpi_gravity,0.03282
SPG,126,101,event_nfp_gravity,0.037469
SPG,126,101,put_call_skew_30d,0.017748
SPG,126,101,term_structure_slope,0.0
SPG,126,101,vrp_wedge,0.0
SPG,126,101,iv_atm_z_score,0.016572
SPG,126,101,macro_yield_curve_slope,0.089283
SPG,126,101,macro_hy_spread,0.022421
SPG,126,101,macro_hy_spread_chg_5d,0.007618
SPG,126,101,macro_breakeven_5y,0.036178
SPG,126,101,macro_inflation_fwd_5y5y,0.074234
SPG,126,101,macro_inflation_fwd_chg_21d,0.001924
SPG,126,101,macro_inflation_fwd_abs_chg_21d,0.0
SPG,126,101,macro_inflation_fwd_chg_63d,0.00917
SPG,126,101,macro_inflation_fwd_zscore,0.051292
SPG,126,101,macro_dollar_ret,0.0
SPG,126,101,beta_spy,0.036727
SPG,126,101,res_vol,0.106637
SPG,126,101,res_vol_vel,0.00312
SPG,126,101,price_regime,0.152137
SPG,126,101,corr_sector_21d,0.028256
SPG,126,101,corr_sector_252d,0.033555
SPG,126,101,sector_wedge,0.007469
SPG,126,102,rv_5d,0.029839
SPG,126,102,rv_10d,0.013084
SPG,126,102,rv_21d,0.020327
SPG,126,102,rv_63d,0.035754
SPG,126,102,rv_126d,0.0284
SPG,126,102,ewma_vol,0.024515
SPG,126,102,garch_cond_vol,0.012893
SPG,126,102,ret_TARGET,0.0
SPG,126,102,tech_RSI,0.0
SPG,126,102,tech_MACD_hist,0.002875
SPG,126,102,ret_VIXY,0.0
SPG,126,102,mom21_VIXY,0.006613
SPG,126,102,ret_HYG,0.0
SPG,126,102,mom21_HYG,0.006624
SPG,126,102,ret_USO,0.0
SPG,126,102,mom21_USO,0.008309
SPG,126,102,ret_TLT,0.0
SPG,126,102,mom21_TLT,0.004579
SPG,126,102,ret_UUP,0.0
SPG,126,102,mom21_UUP,0.002627
SPG,126,102,ret_SPY,0.0
SPG,126,102,mom21_SPY,0.0
SPG,126,102,vol_vel,0.004515
SPG,126,102,vol_of_vol,0.003788
SPG,126,102,vol_regime_zscore,0.013308
SPG,126,102,vol_chg_21d,0.0
SPG,126,102,event_fed_gravity,0.01623
SPG,126,102,event_earn_gravity,0.0
SPG,126,102,event_div_gravity,0.0
SPG,126,102,event_cpi_gravity,0.032601
SPG,126,102,event_nfp_gravity,0.032068
SPG,126,102,put_call_skew_30d,0.023046
SPG,126,102,term_structure_slope,0.0
SPG,126,102,vrp_wedge,0.002596
SPG,126,102,iv_atm_z_score,0.014587
SPG,126,102,macro_yield_curve_slope,0.089786
SPG,126,102,macro_hy_spread,0.021856
SPG,126,102,macro_hy_spread_chg_5d,0.006102
SPG,126,102,macro_breakeven_5y,0.037065
SPG,126,102,macro_inflation_fwd_5y5y,0.07061
SPG,126,102,macro_inflation_fwd_chg_21d,0.0
SPG,126,102,macro_inflation_fwd_abs_chg_21d,0.0
SPG,126,102,macro_inflation_fwd_chg_63d,0.007866
SPG,126,102,macro_inflation_fwd_zscore,0.054146
SPG,126,102,macro_dollar_ret,0.0
SPG,126,102,beta_spy,0.038931
SPG,126,102,res_vol,0.104011
SPG,126,102,res_vol_vel,0.002194
SPG,126,102,price_regime,0.154155
SPG,126,102,corr_sector_21d,0.029076
SPG,126,102,corr_sector_252d,0.037613
SPG,126,102,sector_wedge,0.007412
SPG,126,103,rv_5d,0.033097
SPG,126,103,rv_10d,0.007505
SPG,126,103,rv_21d,0.021638
SPG,126,103,rv_63d,0.03656
SPG,126,103,rv_126d,0.030613
SPG,126,103,ewma_vol,0.0
SPG,126,103,garch_cond_vol,0.018978
SPG,126,103,ret_TARGET,0.0
SPG,126,103,tech_RSI,0.0
SPG,126,103,tech_MACD_hist,0.002956
SPG,126,103,ret_VIXY,0.0
SPG,126,103,mom21_VIXY,0.006694
SPG,126,103,ret_HYG,0.0
SPG,126,103,mom21_HYG,0.005236
SPG,126,103,ret_USO,0.0
SPG,126,103,mom21_USO,0.023038
SPG,126,103,ret_TLT,0.001966
SPG,126,103,mom21_TLT,0.003226
SPG,126,103,ret_UUP,0.0
SPG,126,103,mom21_UUP,0.0
SPG,126,103,ret_SPY,0.0
SPG,126,103,mom21_SPY,0.0
SPG,126,103,vol_vel,0.004627
SPG,126,103,vol_of_vol,0.004461
SPG,126,103,vol_regime_zscore,0.011561
SPG,126,103,vol_chg_21d,0.006704
SPG,126,103,event_fed_gravity,0.015945
SPG,126,103,event_earn_gravity,0.0
SPG,126,103,event_div_gravity,0.0
SPG,126,103,event_cpi_gravity,0.030884
SPG,126,103,event_nfp_gravity,0.036259
SPG,126,103,put_call_skew_30d,0.02154
SPG,126,103,term_structure_slope,0.004576
SPG,126,103,vrp_wedge,0.003574
SPG,126,103,iv_atm_z_score,0.014894
SPG,126,103,macro_yield_curve_slope,0.087705
SPG,126,103,macro_hy_spread,0.026771
SPG,126,103,macro_hy_spread_chg_5d,0.004922
SPG,126,103,macro_breakeven_5y,0.036325
SPG,126,103,macro_inflation_fwd_5y5y,0.066668
SPG,126,103,macro_inflation_fwd_chg_21d,0.0
SPG,126,103,macro_inflation_fwd_abs_chg_21d,0.0
SPG,126,103,macro_inflation_fwd_chg_63d,0.008796
SPG,126,103,macro_inflation_fwd_zscore,0.038131
SPG,126,103,macro_dollar_ret,0.0
SPG,126,103,beta_spy,0.031732
SPG,126,103,res_vol,0.106069
SPG,126,103,res_vol_vel,0.0
SPG,126,103,price_regime,0.151343
SPG,126,103,corr_sector_21d,0.028645
SPG,126,103,corr_sector_252d,0.058333
SPG,126,103,sector_wedge,0.008025
SPG,126,104,rv_5d,0.022696
SPG,126,104,rv_10d,0.007138
SPG,126,104,rv_21d,0.004736
SPG,126,104,rv_63d,0.033744
SPG,126,104,rv_126d,0.029504
SPG,126,104,ewma_vol,0.013263
SPG,126,104,garch_cond_vol,0.020352
SPG,126,104,ret_TARGET,0.0
SPG,126,104,tech_RSI,0.0
SPG,126,104,tech_MACD_hist,0.003301
SPG,126,104,ret_VIXY,0.0
SPG,126,104,mom21_VIXY,0.009161
SPG,126,104,ret_HYG,0.0
SPG,126,104,mom21_HYG,0.007667
SPG,126,104,ret_USO,0.0
SPG,126,104,mom21_USO,0.020164
SPG,126,104,ret_TLT,0.0
SPG,126,104,mom21_TLT,0.003177
SPG,126,104,ret_UUP,0.0
SPG,126,104,mom21_UUP,0.0
SPG,126,104,ret_SPY,0.0
SPG,126,104,mom21_SPY,0.0
SPG,126,104,vol_vel,0.0
SPG,126,104,vol_of_vol,0.004261
SPG,126,104,vol_regime_zscore,0.011836
SPG,126,104,vol_chg_21d,0.006257
SPG,126,104,event_fed_gravity,0.015057
SPG,126,104,event_earn_gravity,0.0
SPG,126,104,event_div_gravity,0.0
SPG,126,104,event_cpi_gravity,0.025426
SPG,126,104,event_nfp_gravity,0.060785
SPG,126,104,put_call_skew_30d,0.033585
SPG,126,104,term_structure_slope,0.003715
SPG,126,104,vrp_wedge,0.00326
SPG,126,104,iv_atm_z_score,0.01489
SPG,126,104,macro_yield_curve_slope,0.087284
SPG,126,104,macro_hy_spread,0.021565
SPG,126,104,macro_hy_spread_chg_5d,0.00464
SPG,126,104,macro_breakeven_5y,0.029892
SPG,126,104,macro_inflation_fwd_5y5y,0.067782
SPG,126,104,macro_inflation_fwd_chg_21d,0.0
SPG,126,104,macro_inflation_fwd_abs_chg_21d,0.0
SPG,126,104,macro_inflation_fwd_chg_63d,0.008569
SPG,126,104,macro_inflation_fwd_zscore,0.035798
SPG,126,104,macro_dollar_ret,0.0
SPG,126,104,beta_spy,0.034874
SPG,126,104,res_vol,0.112735
SPG,126,104,res_vol_vel,0.0
SPG,126,104,price_regime,0.149566
SPG,126,104,corr_sector_21d,0.024962
SPG,126,104,corr_sector_252d,0.060065
SPG,126,104,sector_wedge,0.008295
SPG,126,105,rv_5d,0.021768
SPG,126,105,rv_10d,0.007145
SPG,126,105,rv_21d,0.008538
SPG,126,105,rv_63d,0.034331
SPG,126,105,rv_126d,0.027804
SPG,126,105,ewma_vol,0.015011
SPG,126,105,garch_cond_vol,0.018306
SPG,126,105,ret_TARGET,0.0
SPG,126,105,tech_RSI,0.002199
SPG,126,105,tech_MACD_hist,0.003251
SPG,126,105,ret_VIXY,0.0
SPG,126,105,mom21_VIXY,0.00752
SPG,126,105,ret_HYG,0.0
SPG,126,105,mom21_HYG,0.006133
SPG,126,105,ret_USO,0.0
SPG,126,105,mom21_USO,0.012124
SPG,126,105,ret_TLT,0.002149
SPG,126,105,mom21_TLT,0.004138
SPG,126,105,ret_UUP,0.0
SPG,126,105,mom21_UUP,0.003206
SPG,126,105,ret_SPY,0.0
SPG,126,105,mom21_SPY,0.0
SPG,126,105,vol_vel,0.0
SPG,126,105,vol_of_vol,0.005453
SPG,126,105,vol_regime_zscore,0.014728
SPG,126,105,vol_chg_21d,0.004975
SPG,126,105,event_fed_gravity,0.021228
SPG,126,105,event_earn_gravity,0.0
SPG,126,105,event_div_gravity,0.0
SPG,126,105,event_cpi_gravity,0.023175
SPG,126,105,event_nfp_gravity,0.023651
SPG,126,105,put_call_skew_30d,0.02228
SPG,126,105,term_structure_slope,0.006647
SPG,126,105,vrp_wedge,0.0
SPG,126,105,iv_atm_z_score,0.012642
SPG,126,105,macro_yield_curve_slope,0.077276
SPG,126,105,macro_hy_spread,0.018966
SPG,126,105,macro_hy_spread_chg_5d,0.008146
SPG,126,105,macro_breakeven_5y,0.035919
SPG,126,105,macro_inflation_fwd_5y5y,0.068364
SPG,126,105,macro_inflation_fwd_chg_21d,0.004483
SPG,126,105,macro_inflation_fwd_abs_chg_21d,0.0
SPG,126,105,macro_inflation_fwd_chg_63d,0.009497
SPG,126,105,macro_inflation_fwd_zscore,0.057493
SPG,126,105,macro_dollar_ret,0.0
SPG,126,105,beta_spy,0.02805
SPG,126,105,res_vol,0.113178
SPG,126,105,res_vol_vel,0.002244
SPG,126,105,price_regime,0.157816
SPG,126,105,corr_sector_21d,0.032564
SPG,126,105,corr_sector_252d,0.067337
SPG,126,105,sector_wedge,0.010265
SPG,126,106,rv_5d,0.01889
SPG,126,106,rv_10d,0.008567
SPG,126,106,rv_21d,0.005616
SPG,126,106,rv_63d,0.039287
SPG,126,106,rv_126d,0.033149
SPG,126,106,ewma_vol,0.026247
SPG,126,106,garch_cond_vol,0.017404
SPG,126,106,ret_TARGET,0.0
SPG,126,106,tech_RSI,0.0
SPG,126,106,tech_MACD_hist,0.004908
SPG,126,106,ret_VIXY,0.0
SPG,126,106,mom21_VIXY,0.006177
SPG,126,106,ret_HYG,0.0
SPG,126,106,mom21_HYG,0.00681
SPG,126,106,ret_USO,0.0
SPG,126,106,mom21_USO,0.002827
SPG,126,106,ret_TLT,0.0
SPG,126,106,mom21_TLT,0.00367
SPG,126,106,ret_UUP,0.0
SPG,126,106,mom21_UUP,0.002939
SPG,126,106,ret_SPY,0.0
SPG,126,106,mom21_SPY,0.0
SPG,126,106,vol_vel,0.004626
SPG,126,106,vol_of_vol,0.004225
SPG,126,106,vol_regime_zscore,0.01108
SPG,126,106,vol_chg_21d,0.0
SPG,126,106,event_fed_gravity,0.026851
SPG,126,106,event_earn_gravity,0.0
SPG,126,106,event_div_gravity,0.0
SPG,126,106,event_cpi_gravity,0.020816
SPG,126,106,event_nfp_gravity,0.028437
SPG,126,106,put_call_skew_30d,0.022286
SPG,126,106,term_structure_slope,0.004156
SPG,126,106,vrp_wedge,0.002904
SPG,126,106,iv_atm_z_score,0.018448
SPG,126,106,macro_yield_curve_slope,0.091651
SPG,126,106,macro_hy_spread,0.018855
SPG,126,106,macro_hy_spread_chg_5d,0.004218
SPG,126,106,macro_breakeven_5y,0.034258
SPG,126,106,macro_inflation_fwd_5y5y,0.075022
SPG,126,106,macro_inflation_fwd_chg_21d,0.0
SPG,126,106,macro_inflation_fwd_abs_chg_21d,0.0
SPG,126,106,macro_inflation_fwd_chg_63d,0.017212
SPG,126,106,macro_inflation_fwd_zscore,0.04344
SPG,126,106,macro_dollar_ret,0.0
SPG,126,106,beta_spy,0.029762
SPG,126,106,res_vol,0.103706
SPG,126,106,res_vol_vel,0.002333
SPG,126,106,price_regime,0.173495
SPG,126,106,corr_sector_21d,0.023293
SPG,126,106,corr_sector_252d,0.05216
SPG,126,106,sector_wedge,0.010276
SPG,126,107,rv_5d,0.018107
SPG,126,107,rv_10d,0.013138
SPG,126,107,rv_21d,0.003241
SPG,126,107,rv_63d,0.037509
SPG,126,107,rv_126d,0.029918
SPG,126,107,ewma_vol,0.003605
SPG,126,107,garch_cond_vol,0.014859
SPG,126,107,ret_TARGET,0.0
SPG,126,107,tech_RSI,0.0
SPG,126,107,tech_MACD_hist,0.004756
SPG,126,107,ret_VIXY,0.0
SPG,126,107,mom21_VIXY,0.00893
SPG,126,107,ret_HYG,0.0
SPG,126,107,mom21_HYG,0.009224
SPG,126,107,ret_USO,0.0
SPG,126,107,mom21_USO,0.006802
SPG,126,107,ret_TLT,0.0
SPG,126,107,mom21_TLT,0.004506
SPG,126,107,ret_UUP,0.0
SPG,126,107,mom21_UUP,0.002084
SPG,126,107,ret_SPY,0.0
SPG,126,107,mom21_SPY,0.0
SPG,126,107,vol_vel,0.0
SPG,126,107,vol_of_vol,0.003942
SPG,126,107,vol_regime_zscore,0.018384
SPG,126,107,vol_chg_21d,0.0
SPG,126,107,event_fed_gravity,0.020798
SPG,126,107,event_earn_gravity,0.0
SPG,126,107,event_div_gravity,0.0
SPG,126,107,event_cpi_gravity,0.023368
SPG,126,107,event_nfp_gravity,0.033888
SPG,126,107,put_call_skew_30d,0.029179
SPG,126,107,term_structure_slope,0.006828
SPG,126,107,vrp_wedge,0.003871
SPG,126,107,iv_atm_z_score,0.01521
SPG,126,107,macro_yield_curve_slope,0.083054
SPG,126,107,macro_hy_spread,0.02234
SPG,126,107,macro_hy_spread_chg_5d,0.006782
SPG,126,107,macro_breakeven_5y,0.038152
SPG,126,107,macro_inflation_fwd_5y5y,0.073422
SPG,126,107,macro_inflation_fwd_chg_21d,0.004374
SPG,126,107,macro_inflation_fwd_abs_chg_21d,0.0
SPG,126,107,macro_inflation_fwd_chg_63d,0.00643
SPG,126,107,macro_inflation_fwd_zscore,0.047465
SPG,126,107,macro_dollar_ret,0.0
SPG,126,107,beta_spy,0.03398
SPG,126,107,res_vol,0.099172
SPG,126,107,res_vol_vel,0.002585
SPG,126,107,price_regime,0.162508
SPG,126,107,corr_sector_21d,0.061542
SPG,126,107,corr_sector_252d,0.034741
SPG,126,107,sector_wedge,0.011306
SPG,126,108,rv_5d,0.030461
SPG,126,108,rv_10d,0.016378
SPG,126,108,rv_21d,0.004987
SPG,126,108,rv_63d,0.037936
SPG,126,108,rv_126d,0.03036
SPG,126,108,ewma_vol,0.052954
SPG,126,108,garch_cond_vol,0.006494
SPG,126,108,ret_TARGET,0.0
SPG,126,108,tech_RSI,0.0
SPG,126,108,tech_MACD_hist,0.00295
SPG,126,108,ret_VIXY,0.0
SPG,126,108,mom21_VIXY,0.00258
SPG,126,108,ret_HYG,0.0
SPG,126,108,mom21_HYG,0.00509
SPG,126,108,ret_USO,0.0
SPG,126,108,mom21_USO,0.002713
SPG,126,108,ret_TLT,0.00208
SPG,126,108,mom21_TLT,0.003569
SPG,126,108,ret_UUP,0.0
SPG,126,108,mom21_UUP,0.003055
SPG,126,108,ret_SPY,0.0
SPG,126,108,mom21_SPY,0.0
SPG,126,108,vol_vel,0.00612
SPG,126,108,vol_of_vol,0.006157
SPG,126,108,vol_regime_zscore,0.024196
SPG,126,108,vol_chg_21d,0.003107
SPG,126,108,event_fed_gravity,0.028321
SPG,126,108,event_earn_gravity,0.0
SPG,126,108,event_div_gravity,0.0
SPG,126,108,event_cpi_gravity,0.016997
SPG,126,108,event_nfp_gravity,0.027443
SPG,126,108,put_call_skew_30d,0.02152
SPG,126,108,term_structure_slope,0.0
SPG,126,108,vrp_wedge,0.003051
SPG,126,108,iv_atm_z_score,0.004194
SPG,126,108,macro_yield_curve_slope,0.080837
SPG,126,108,macro_hy_spread,0.024108
SPG,126,108,macro_hy_spread_chg_5d,0.008153
SPG,126,108,macro_breakeven_5y,0.034854
SPG,126,108,macro_inflation_fwd_5y5y,0.062828
SPG,126,108,macro_inflation_fwd_chg_21d,0.001955
SPG,126,108,macro_inflation_fwd_abs_chg_21d,0.0
SPG,126,108,macro_inflation_fwd_chg_63d,0.007762
SPG,126,108,macro_inflation_fwd_zscore,0.039687
SPG,126,108,macro_dollar_ret,0.0
SPG,126,108,beta_spy,0.032257
SPG,126,108,res_vol,0.108039
SPG,126,108,res_vol_vel,0.00248
SPG,126,108,price_regime,0.190089
SPG,126,108,corr_sector_21d,0.028286
SPG,126,108,corr_sector_252d,0.023189
SPG,126,108,sector_wedge,0.012763
SPG,126,109,rv_5d,0.016583
SPG,126,109,rv_10d,0.009337
SPG,126,109,rv_21d,0.007236
SPG,126,109,rv_63d,0.034311
SPG,126,109,rv_126d,0.032025
SPG,126,109,ewma_vol,0.010283
SPG,126,109,garch_cond_vol,0.03289
SPG,126,109,ret_TARGET,0.0
SPG,126,109,tech_RSI,0.0
SPG,126,109,tech_MACD_hist,0.002917
SPG,126,109,ret_VIXY,0.0
SPG,126,109,mom21_VIXY,0.006157
SPG,126,109,ret_HYG,0.0
SPG,126,109,mom21_HYG,0.004407
SPG,126,109,ret_USO,0.0
SPG,126,109,mom21_USO,0.007793
SPG,126,109,ret_TLT,0.0
SPG,126,109,mom21_TLT,0.003811
SPG,126,109,ret_UUP,0.0
SPG,126,109,mom21_UUP,0.003653
SPG,126,109,ret_SPY,0.0
SPG,126,109,mom21_SPY,0.0
SPG,126,109,vol_vel,0.004599
SPG,126,109,vol_of_vol,0.005972
SPG,126,109,vol_regime_zscore,0.031815
SPG,126,109,vol_chg_21d,0.0
SPG,126,109,event_fed_gravity,0.018937
SPG,126,109,event_earn_gravity,0.0
SPG,126,109,event_div_gravity,0.0
SPG,126,109,event_cpi_gravity,0.030688
SPG,126,109,event_nfp_gravity,0.03813
SPG,126,109,put_call_skew_30d,0.029314
SPG,126,109,term_structure_slope,0.0
SPG,126,109,vrp_wedge,0.003783
SPG,126,109,iv_atm_z_score,0.004707
SPG,126,109,macro_yield_curve_slope,0.068996
SPG,126,109,macro_hy_spread,0.028233
SPG,126,109,macro_hy_spread_chg_5d,0.007623
SPG,126,109,macro_breakeven_5y,0.035725
SPG,126,109,macro_inflation_fwd_5y5y,0.072623
SPG,126,109,macro_inflation_fwd_chg_21d,0.0
SPG,126,109,macro_inflation_fwd_abs_chg_21d,0.0
SPG,126,109,macro_inflation_fwd_chg_63d,0.009787
SPG,126,109,macro_inflation_fwd_zscore,0.060249
SPG,126,109,macro_dollar_ret,0.0
SPG,126,109,beta_spy,0.03814
SPG,126,109,res_vol,0.104804
SPG,126,109,res_vol_vel,0.003284
SPG,126,109,price_regime,0.16414
SPG,126,109,corr_sector_21d,0.033047
SPG,126,109,corr_sector_252d,0.024004
SPG,126,109,sector_wedge,0.009998
SPG,126,110,rv_5d,0.030456
SPG,126,110,rv_10d,0.007329
SPG,126,110,rv_21d,0.009999
SPG,126,110,rv_63d,0.045107
SPG,126,110,rv_126d,0.030336
SPG,126,110,ewma_vol,0.011585
SPG,126,110,garch_cond_vol,0.055574
SPG,126,110,ret_TARGET,0.0
SPG,126,110,tech_RSI,0.0
SPG,126,110,tech_MACD_hist,0.002472
SPG,126,110,ret_VIXY,0.0
SPG,126,110,mom21_VIXY,0.005967
SPG,126,110,ret_HYG,0.0
SPG,126,110,mom21_HYG,0.006814
SPG,126,110,ret_USO,0.0
SPG,126,110,mom21_USO,0.002769
SPG,126,110,ret_TLT,0.0
SPG,126,110,mom21_TLT,0.003603
SPG,126,110,ret_UUP,0.0
SPG,126,110,mom21_UUP,0.002822
SPG,126,110,ret_SPY,0.0
SPG,126,110,mom21_SPY,0.0
SPG,126,110,vol_vel,0.007603
SPG,126,110,vol_of_vol,0.006191
SPG,126,110,vol_regime_zscore,0.02529
SPG,126,110,vol_chg_21d,0.0
SPG,126,110,event_fed_gravity,0.020611
SPG,126,110,event_earn_gravity,0.0
SPG,126,110,event_div_gravity,0.0
SPG,126,110,event_cpi_gravity,0.025472
SPG,126,110,event_nfp_gravity,0.036289
SPG,126,110,put_call_skew_30d,0.022275
SPG,126,110,term_structure_slope,0.003174
SPG,126,110,vrp_wedge,0.003204
SPG,126,110,iv_atm_z_score,0.004491
SPG,126,110,macro_yield_curve_slope,0.064639
SPG,126,110,macro_hy_spread,0.0165
SPG,126,110,macro_hy_spread_chg_5d,0.007037
SPG,126,110,macro_breakeven_5y,0.036214
SPG,126,110,macro_inflation_fwd_5y5y,0.076255
SPG,126,110,macro_inflation_fwd_chg_21d,0.005147
SPG,126,110,macro_inflation_fwd_abs_chg_21d,0.0
SPG,126,110,macro_inflation_fwd_chg_63d,0.010878
SPG,126,110,macro_inflation_fwd_zscore,0.035485
SPG,126,110,macro_dollar_ret,0.0
SPG,126,110,beta_spy,0.028093
SPG,126,110,res_vol,0.092633
SPG,126,110,res_vol_vel,0.0
SPG,126,110,price_regime,0.189633
SPG,126,110,corr_sector_21d,0.032277
SPG,126,110,corr_sector_252d,0.02412
SPG,126,110,sector_wedge,0.011657
SPG,126,111,rv_5d,0.03258
SPG,126,111,rv_10d,0.008375
SPG,126,111,rv_21d,0.004856
SPG,126,111,rv_63d,0.036715
SPG,126,111,rv_126d,0.035678
SPG,126,111,ewma_vol,0.045218
SPG,126,111,garch_cond_vol,0.051245
SPG,126,111,ret_TARGET,0.0
SPG,126,111,tech_RSI,0.0
SPG,126,111,tech_MACD_hist,0.003095
SPG,126,111,ret_VIXY,0.0
SPG,126,111,mom21_VIXY,0.0
SPG,126,111,ret_HYG,0.0
SPG,126,111,mom21_HYG,0.00686
SPG,126,111,ret_USO,0.0
SPG,126,111,mom21_USO,0.003364
SPG,126,111,ret_TLT,0.0
SPG,126,111,mom21_TLT,0.003876
SPG,126,111,ret_UUP,0.0
SPG,126,111,mom21_UUP,0.003327
SPG,126,111,ret_SPY,0.0
SPG,126,111,mom21_SPY,0.003183
SPG,126,111,vol_vel,0.006107
SPG,126,111,vol_of_vol,0.004685
SPG,126,111,vol_regime_zscore,0.029127
SPG,126,111,vol_chg_21d,0.0
SPG,126,111,event_fed_gravity,0.02126
SPG,126,111,event_earn_gravity,0.0
SPG,126,111,event_div_gravity,0.0
SPG,126,111,event_cpi_gravity,0.038674
SPG,126,111,event_nfp_gravity,0.02092
SPG,126,111,put_call_skew_30d,0.009062
SPG,126,111,term_structure_slope,0.0
SPG,126,111,vrp_wedge,0.002999
SPG,126,111,iv_atm_z_score,0.006697
SPG,126,111,macro_yield_curve_slope,0.063884
SPG,126,111,macro_hy_spread,0.024132
SPG,126,111,macro_hy_spread_chg_5d,0.004542
SPG,126,111,macro_breakeven_5y,0.043847
SPG,126,111,macro_inflation_fwd_5y5y,0.084182
SPG,126,111,macro_inflation_fwd_chg_21d,0.0
SPG,126,111,macro_inflation_fwd_abs_chg_21d,0.0
SPG,126,111,macro_inflation_fwd_chg_63d,0.012153
SPG,126,111,macro_inflation_fwd_zscore,0.017321
SPG,126,111,macro_dollar_ret,0.0
SPG,126,111,beta_spy,0.027522
SPG,126,111,res_vol,0.100488
SPG,126,111,res_vol_vel,0.0
SPG,126,111,price_regime,0.176915
SPG,126,111,corr_sector_21d,0.024386
SPG,126,111,corr_sector_252d,0.032027
SPG,126,111,sector_wedge,0.010696
SPG,126,112,rv_5d,0.032712
SPG,126,112,rv_10d,0.004981
SPG,126,112,rv_21d,0.015721
SPG,126,112,rv_63d,0.038965
SPG,126,112,rv_126d,0.032358
SPG,126,112,ewma_vol,0.048789
SPG,126,112,garch_cond_vol,0.034066
SPG,126,112,ret_TARGET,0.0
SPG,126,112,tech_RSI,0.003134
SPG,126,112,tech_MACD_hist,0.003444
SPG,126,112,ret_VIXY,0.0
SPG,126,112,mom21_VIXY,0.005002
SPG,126,112,ret_HYG,0.0
SPG,126,112,mom21_HYG,0.007756
SPG,126,112,ret_USO,0.0
SPG,126,112,mom21_USO,0.004328
SPG,126,112,ret_TLT,0.0
SPG,126,112,mom21_TLT,0.003381
SPG,126,112,ret_UUP,0.0
SPG,126,112,mom21_UUP,0.002813
SPG,126,112,ret_SPY,0.0
SPG,126,112,mom21_SPY,0.0
SPG,126,112,vol_vel,0.006721
SPG,126,112,vol_of_vol,0.004926
SPG,126,112,vol_regime_zscore,0.026579
SPG,126,112,vol_chg_21d,0.0
SPG,126,112,event_fed_gravity,0.022802
SPG,126,112,event_earn_gravity,0.0
SPG,126,112,event_div_gravity,0.0
SPG,126,112,event_cpi_gravity,0.034729
SPG,126,112,event_nfp_gravity,0.022142
SPG,126,112,put_call_skew_30d,0.020717
SPG,126,112,term_structure_slope,0.0
SPG,126,112,vrp_wedge,0.00251
SPG,126,112,iv_atm_z_score,0.005866
SPG,126,112,macro_yield_curve_slope,0.061259
SPG,126,112,macro_hy_spread,0.020847
SPG,126,112,macro_hy_spread_chg_5d,0.007678
SPG,126,112,macro_breakeven_5y,0.050801
SPG,126,112,macro_inflation_fwd_5y5y,0.086381
SPG,126,112,macro_inflation_fwd_chg_21d,0.0
SPG,126,112,macro_inflation_fwd_abs_chg_21d,0.0
SPG,126,112,macro_inflation_fwd_chg_63d,0.00514
SPG,126,112,macro_inflation_fwd_zscore,0.017836
SPG,126,112,macro_dollar_ret,0.0
SPG,126,112,beta_spy,0.021941
SPG,126,112,res_vol,0.088257
SPG,126,112,res_vol_vel,0.0
SPG,126,112,price_regime,0.179237
SPG,126,112,corr_sector_21d,0.030298
SPG,126,112,corr_sector_252d,0.033488
SPG,126,112,sector_wedge,0.012394
SPG,126,113,rv_5d,0.031983
SPG,126,113,rv_10d,0.005347
SPG,126,113,rv_21d,0.008136
SPG,126,113,rv_63d,0.03432
SPG,126,113,rv_126d,0.030504
SPG,126,113,ewma_vol,0.021211
SPG,126,113,garch_cond_vol,0.049368
SPG,126,113,ret_TARGET,0.0
SPG,126,113,tech_RSI,0.0
SPG,126,113,tech_MACD_hist,0.003521
SPG,126,113,ret_VIXY,0.0
SPG,126,113,mom21_VIXY,0.006211
SPG,126,113,ret_HYG,0.0
SPG,126,113,mom21_HYG,0.007509
SPG,126,113,ret_USO,0.0
SPG,126,113,mom21_USO,0.002994
SPG,126,113,ret_TLT,0.0
SPG,126,113,mom21_TLT,0.003499
SPG,126,113,ret_UUP,0.0
SPG,126,113,mom21_UUP,0.00401
SPG,126,113,ret_SPY,0.0
SPG,126,113,mom21_SPY,0.0
SPG,126,113,vol_vel,0.007169
SPG,126,113,vol_of_vol,0.005704
SPG,126,113,vol_regime_zscore,0.036559
SPG,126,113,vol_chg_21d,0.00349
SPG,126,113,event_fed_gravity,0.019213
SPG,126,113,event_earn_gravity,0.0
SPG,126,113,event_div_gravity,0.0
SPG,126,113,event_cpi_gravity,0.030684
SPG,126,113,event_nfp_gravity,0.037393
SPG,126,113,put_call_skew_30d,0.037372
SPG,126,113,term_structure_slope,0.0
SPG,126,113,vrp_wedge,0.003127
SPG,126,113,iv_atm_z_score,0.004485
SPG,126,113,macro_yield_curve_slope,0.061284
SPG,126,113,macro_hy_spread,0.026545
SPG,126,113,macro_hy_spread_chg_5d,0.005326
SPG,126,113,macro_breakeven_5y,0.0475
SPG,126,113,macro_inflation_fwd_5y5y,0.085351
SPG,126,113,macro_inflation_fwd_chg_21d,0.0
SPG,126,113,macro_inflation_fwd_abs_chg_21d,0.0
SPG,126,113,macro_inflation_fwd_chg_63d,0.005672
SPG,126,113,macro_inflation_fwd_zscore,0.016111
SPG,126,113,macro_dollar_ret,0.0
SPG,126,113,beta_spy,0.028464
SPG,126,113,res_vol,0.077995
SPG,126,113,res_vol_vel,0.0
SPG,126,113,price_regime,0.179829
SPG,126,113,corr_sector_21d,0.02765
SPG,126,113,corr_sector_252d,0.032994
SPG,126,113,sector_wedge,0.01147
SPG,126,114,rv_5d,0.16229
SPG,126,114,rv_10d,0.007221
SPG,126,114,rv_21d,0.007697
SPG,126,114,rv_63d,0.03196
SPG,126,114,rv_126d,0.025808
SPG,126,114,ewma_vol,0.017313
SPG,126,114,garch_cond_vol,0.028502
SPG,126,114,ret_TARGET,0.0
SPG,126,114,tech_RSI,0.0
SPG,126,114,tech_MACD_hist,0.003721
SPG,126,114,ret_VIXY,0.0
SPG,126,114,mom21_VIXY,0.005936
SPG,126,114,ret_HYG,0.0
SPG,126,114,mom21_HYG,0.008785
SPG,126,114,ret_USO,0.0
SPG,126,114,mom21_USO,0.002468
SPG,126,114,ret_TLT,0.0
SPG,126,114,mom21_TLT,0.003865
SPG,126,114,ret_UUP,0.0
SPG,126,114,mom21_UUP,0.003363
SPG,126,114,ret_SPY,0.0
SPG,126,114,mom21_SPY,0.004039
SPG,126,114,vol_vel,0.005981
SPG,126,114,vol_of_vol,0.003467
SPG,126,114,vol_regime_zscore,0.021159
SPG,126,114,vol_chg_21d,0.0
SPG,126,114,event_fed_gravity,0.020416
SPG,126,114,event_earn_gravity,0.0
SPG,126,114,event_div_gravity,0.0
SPG,126,114,event_cpi_gravity,0.021068
SPG,126,114,event_nfp_gravity,0.046367
SPG,126,114,put_call_skew_30d,0.023855
SPG,126,114,term_structure_slope,0.0
SPG,126,114,vrp_wedge,0.004015
SPG,126,114,iv_atm_z_score,0.004701
SPG,126,114,macro_yield_curve_slope,0.055351
SPG,126,114,macro_hy_spread,0.028954
SPG,126,114,macro_hy_spread_chg_5d,0.007227
SPG,126,114,macro_breakeven_5y,0.052713
SPG,126,114,macro_inflation_fwd_5y5y,0.084077
SPG,126,114,macro_inflation_fwd_chg_21d,0.0
SPG,126,114,macro_inflation_fwd_abs_chg_21d,0.0
SPG,126,114,macro_inflation_fwd_chg_63d,0.005344
SPG,126,114,macro_inflation_fwd_zscore,0.019632
SPG,126,114,macro_dollar_ret,0.0
SPG,126,114,beta_spy,0.013505
SPG,126,114,res_vol,0.086833
SPG,126,114,res_vol_vel,0.0
SPG,126,114,price_regime,0.153752
SPG,126,114,corr_sector_21d,0.004045
SPG,126,114,corr_sector_252d,0.01366
SPG,126,114,sector_wedge,0.010907
SPG,126,115,rv_5d,0.162284
SPG,126,115,rv_10d,0.008286
SPG,126,115,rv_21d,0.017568
SPG,126,115,rv_63d,0.030709
SPG,126,115,rv_126d,0.029074
SPG,126,115,ewma_vol,0.01561
SPG,126,115,garch_cond_vol,0.043786
SPG,126,115,ret_TARGET,0.0
SPG,126,115,tech_RSI,0.0
SPG,126,115,tech_MACD_hist,0.002766
SPG,126,115,ret_VIXY,0.0
SPG,126,115,mom21_VIXY,0.005261
SPG,126,115,ret_HYG,0.0
SPG,126,115,mom21_HYG,0.00735
SPG,126,115,ret_USO,0.0
SPG,126,115,mom21_USO,0.002349
SPG,126,115,ret_TLT,0.0
SPG,126,115,mom21_TLT,0.003695
SPG,126,115,ret_UUP,0.0
SPG,126,115,mom21_UUP,0.004107
SPG,126,115,ret_SPY,0.0
SPG,126,115,mom21_SPY,0.0
SPG,126,115,vol_vel,0.004996
SPG,126,115,vol_of_vol,0.003528
SPG,126,115,vol_regime_zscore,0.020285
SPG,126,115,vol_chg_21d,0.0
SPG,126,115,event_fed_gravity,0.024357
SPG,126,115,event_earn_gravity,0.0
SPG,126,115,event_div_gravity,0.0
SPG,126,115,event_cpi_gravity,0.018541
SPG,126,115,event_nfp_gravity,0.02551
SPG,126,115,put_call_skew_30d,0.029255
SPG,126,115,term_structure_slope,0.0
SPG,126,115,vrp_wedge,0.00486
SPG,126,115,iv_atm_z_score,0.00502
SPG,126,115,macro_yield_curve_slope,0.05686
SPG,126,115,macro_hy_spread,0.025726
SPG,126,115,macro_hy_spread_chg_5d,0.007602
SPG,126,115,macro_breakeven_5y,0.042776
SPG,126,115,macro_inflation_fwd_5y5y,0.075227
SPG,126,115,macro_inflation_fwd_chg_21d,0.0
SPG,126,115,macro_inflation_fwd_abs_chg_21d,0.0
SPG,126,115,macro_inflation_fwd_chg_63d,0.00735
SPG,126,115,macro_inflation_fwd_zscore,0.01216
SPG,126,115,macro_dollar_ret,0.0
SPG,126,115,beta_spy,0.010032
SPG,126,115,res_vol,0.091872
SPG,126,115,res_vol_vel,0.0
SPG,126,115,price_regime,0.152219
SPG,126,115,corr_sector_21d,0.002955
SPG,126,115,corr_sector_252d,0.035229
SPG,126,115,sector_wedge,0.010792
SPG,126,116,rv_5d,0.171382
SPG,126,116,rv_10d,0.006862
SPG,126,116,rv_21d,0.004776
SPG,126,116,rv_63d,0.036
SPG,126,116,rv_126d,0.029594
SPG,126,116,ewma_vol,0.0
SPG,126,116,garch_cond_vol,0.046115
SPG,126,116,ret_TARGET,0.0
SPG,126,116,tech_RSI,0.002096
SPG,126,116,tech_MACD_hist,0.003445
SPG,126,116,ret_VIXY,0.0
SPG,126,116,mom21_VIXY,0.002591
SPG,126,116,ret_HYG,0.0
SPG,126,116,mom21_HYG,0.007957
SPG,126,116,ret_USO,0.0
SPG,126,116,mom21_USO,0.003467
SPG,126,116,ret_TLT,0.0
SPG,126,116,mom21_TLT,0.00454
SPG,126,116,ret_UUP,0.0
SPG,126,116,mom21_UUP,0.003312
SPG,126,116,ret_SPY,0.0
SPG,126,116,mom21_SPY,0.0
SPG,126,116,vol_vel,0.006604
SPG,126,116,vol_of_vol,0.003737
SPG,126,116,vol_regime_zscore,0.022378
SPG,126,116,vol_chg_21d,0.0
SPG,126,116,event_fed_gravity,0.023417
SPG,126,116,event_earn_gravity,0.0
SPG,126,116,event_div_gravity,0.0
SPG,126,116,event_cpi_gravity,0.02151
SPG,126,116,event_nfp_gravity,0.031276
SPG,126,116,put_call_skew_30d,0.00823
SPG,126,116,term_structure_slope,0.0
SPG,126,116,vrp_wedge,0.002664
SPG,126,116,iv_atm_z_score,0.005868
SPG,126,116,macro_yield_curve_slope,0.05715
SPG,126,116,macro_hy_spread,0.020995
SPG,126,116,macro_hy_spread_chg_5d,0.00323
SPG,126,116,macro_breakeven_5y,0.040207
SPG,126,116,macro_inflation_fwd_5y5y,0.084454
SPG,126,116,macro_inflation_fwd_chg_21d,0.0
SPG,126,116,macro_inflation_fwd_abs_chg_21d,0.0
SPG,126,116,macro_inflation_fwd_chg_63d,0.007877
SPG,126,116,macro_inflation_fwd_zscore,0.012021
SPG,126,116,macro_dollar_ret,0.0
SPG,126,116,beta_spy,0.011529
SPG,126,116,res_vol,0.106414
SPG,126,116,res_vol_vel,0.0
SPG,126,116,price_regime,0.15996
SPG,126,116,corr_sector_21d,0.003195
SPG,126,116,corr_sector_252d,0.035517
SPG,126,116,sector_wedge,0.009631
SPG,126,117,rv_5d,0.123606
SPG,126,117,rv_10d,0.005009
SPG,126,117,rv_21d,0.004692
SPG,126,117,rv_63d,0.03647
SPG,126,117,rv_126d,0.031732
SPG,126,117,ewma_vol,0.018195
SPG,126,117,garch_cond_vol,0.015691
SPG,126,117,ret_TARGET,0.0
SPG,126,117,tech_RSI,0.002224
SPG,126,117,tech_MACD_hist,0.003415
SPG,126,117,ret_VIXY,0.0
SPG,126,117,mom21_VIXY,0.002583
SPG,126,117,ret_HYG,0.0
SPG,126,117,mom21_HYG,0.007605
SPG,126,117,ret_USO,0.0
SPG,126,117,mom21_USO,0.002704
SPG,126,117,ret_TLT,0.0
SPG,126,117,mom21_TLT,0.004461
SPG,126,117,ret_UUP,0.0
SPG,126,117,mom21_UUP,0.004853
SPG,126,117,ret_SPY,0.0
SPG,126,117,mom21_SPY,0.0
SPG,126,117,vol_vel,0.00648
SPG,126,117,vol_of_vol,0.018646
SPG,126,117,vol_regime_zscore,0.017092
SPG,126,117,vol_chg_21d,0.0
SPG,126,117,event_fed_gravity,0.025205
SPG,126,117,event_earn_gravity,0.0
SPG,126,117,event_div_gravity,0.0
SPG,126,117,event_cpi_gravity,0.016849
SPG,126,117,event_nfp_gravity,0.032047
SPG,126,117,put_call_skew_30d,0.014859
SPG,126,117,term_structure_slope,0.004139
SPG,126,117,vrp_wedge,0.004734
SPG,126,117,iv_atm_z_score,0.005056
SPG,126,117,macro_yield_curve_slope,0.053007
SPG,126,117,macro_hy_spread,0.02396
SPG,126,117,macro_hy_spread_chg_5d,0.004065
SPG,126,117,macro_breakeven_5y,0.042371
SPG,126,117,macro_inflation_fwd_5y5y,0.078855
SPG,126,117,macro_inflation_fwd_chg_21d,0.009762
SPG,126,117,macro_inflation_fwd_abs_chg_21d,0.0
SPG,126,117,macro_inflation_fwd_chg_63d,0.008313
SPG,126,117,macro_inflation_fwd_zscore,0.019109
SPG,126,117,macro_dollar_ret,0.0
SPG,126,117,beta_spy,0.008042
SPG,126,117,res_vol,0.089034
SPG,126,117,res_vol_vel,0.004037
SPG,126,117,price_regime,0.184656
SPG,126,117,corr_sector_21d,0.004539
SPG,126,117,corr_sector_252d,0.053231
SPG,126,117,sector_wedge,0.008672
SPG,126,118,rv_5d,0.101136
SPG,126,118,rv_10d,0.005636
SPG,126,118,rv_21d,0.005419
SPG,126,118,rv_63d,0.03668
SPG,126,118,rv_126d,0.037026
SPG,126,118,ewma_vol,0.020933
SPG,126,118,garch_cond_vol,0.030899
SPG,126,118,ret_TARGET,0.0
SPG,126,118,tech_RSI,0.003069
SPG,126,118,tech_MACD_hist,0.002549
SPG,126,118,ret_VIXY,0.0
SPG,126,118,mom21_VIXY,0.003182
SPG,126,118,ret_HYG,0.0
SPG,126,118,mom21_HYG,0.00721
SPG,126,118,ret_USO,0.0
SPG,126,118,mom21_USO,0.003531
SPG,126,118,ret_TLT,0.0
SPG,126,118,mom21_TLT,0.004618
SPG,126,118,ret_UUP,0.0
SPG,126,118,mom21_UUP,0.003837
SPG,126,118,ret_SPY,0.0
SPG,126,118,mom21_SPY,0.0
SPG,126,118,vol_vel,0.006424
SPG,126,118,vol_of_vol,0.018831
SPG,126,118,vol_regime_zscore,0.015676
SPG,126,118,vol_chg_21d,0.0
SPG,126,118,event_fed_gravity,0.023194
SPG,126,118,event_earn_gravity,0.0
SPG,126,118,event_div_gravity,0.0
SPG,126,118,event_cpi_gravity,0.024035
SPG,126,118,event_nfp_gravity,0.032497
SPG,126,118,put_call_skew_30d,0.022797
SPG,126,118,term_structure_slope,0.00339
SPG,126,118,vrp_wedge,0.004992
SPG,126,118,iv_atm_z_score,0.005849
SPG,126,118,macro_yield_curve_slope,0.054071
SPG,126,118,macro_hy_spread,0.022315
SPG,126,118,macro_hy_spread_chg_5d,0.002823
SPG,126,118,macro_breakeven_5y,0.043431
SPG,126,118,macro_inflation_fwd_5y5y,0.08296
SPG,126,118,macro_inflation_fwd_chg_21d,0.0
SPG,126,118,macro_inflation_fwd_abs_chg_21d,0.0
SPG,126,118,macro_inflation_fwd_chg_63d,0.00965
SPG,126,118,macro_inflation_fwd_zscore,0.014605
SPG,126,118,macro_dollar_ret,0.0
SPG,126,118,beta_spy,0.009026
SPG,126,118,res_vol,0.083831
SPG,126,118,res_vol_vel,0.0
SPG,126,118,price_regime,0.172592
SPG,126,118,corr_sector_21d,0.004167
SPG,126,118,corr_sector_252d,0.068664
SPG,126,118,sector_wedge,0.008459
SPG,126,119,rv_5d,0.186777
SPG,126,119,rv_10d,0.006522
SPG,126,119,rv_21d,0.014072
SPG,126,119,rv_63d,0.031991
SPG,126,119,rv_126d,0.029473
SPG,126,119,ewma_vol,0.015756
SPG,126,119,garch_cond_vol,0.024771
SPG,126,119,ret_TARGET,0.0
SPG,126,119,tech_RSI,0.002041
SPG,126,119,tech_MACD_hist,0.002899
SPG,126,119,ret_VIXY,0.0
SPG,126,119,mom21_VIXY,0.002573
SPG,126,119,ret_HYG,0.0
SPG,126,119,mom21_HYG,0.007386
SPG,126,119,ret_USO,0.0
SPG,126,119,mom21_USO,0.003026
SPG,126,119,ret_TLT,0.0
SPG,126,119,mom21_TLT,0.003819
SPG,126,119,ret_UUP,0.0
SPG,126,119,mom21_UUP,0.004099
SPG,126,119,ret_SPY,0.0
SPG,126,119,mom21_SPY,0.0
SPG,126,119,vol_vel,0.006768
SPG,126,119,vol_of_vol,0.01663
SPG,126,119,vol_regime_zscore,0.014615
SPG,126,119,vol_chg_21d,0.0
SPG,126,119,event_fed_gravity,0.016156
SPG,126,119,event_earn_gravity,0.0
SPG,126,119,event_div_gravity,0.0
SPG,126,119,event_cpi_gravity,0.025318
SPG,126,119,event_nfp_gravity,0.029532
SPG,126,119,put_call_skew_30d,0.022862
SPG,126,119,term_structure_slope,0.0
SPG,126,119,vrp_wedge,0.002535
SPG,126,119,iv_atm_z_score,0.004184
SPG,126,119,macro_yield_curve_slope,0.049424
SPG,126,119,macro_hy_spread,0.018779
SPG,126,119,macro_hy_spread_chg_5d,0.003017
SPG,126,119,macro_breakeven_5y,0.040583
SPG,126,119,macro_inflation_fwd_5y5y,0.075218
SPG,126,119,macro_inflation_fwd_chg_21d,0.0
SPG,126,119,macro_inflation_fwd_abs_chg_21d,0.001808
SPG,126,119,macro_inflation_fwd_chg_63d,0.009599
SPG,126,119,macro_inflation_fwd_zscore,0.010937
SPG,126,119,macro_dollar_ret,0.0
SPG,126,119,beta_spy,0.009007
SPG,126,119,res_vol,0.08962
SPG,126,119,res_vol_vel,0.001882
SPG,126,119,price_regime,0.158161
SPG,126,119,corr_sector_21d,0.003042
SPG,126,119,corr_sector_252d,0.046342
SPG,126,119,sector_wedge,0.008776
SPG,126,120,rv_5d,0.195618
SPG,126,120,rv_10d,0.00674
SPG,126,120,rv_21d,0.005397
SPG,126,120,rv_63d,0.040301
SPG,126,120,rv_126d,0.029742
SPG,126,120,ewma_vol,0.010751
SPG,126,120,garch_cond_vol,0.025184
SPG,126,120,ret_TARGET,0.0
SPG,126,120,tech_RSI,0.002365
SPG,126,120,tech_MACD_hist,0.003052
SPG,126,120,ret_VIXY,0.0
SPG,126,120,mom21_VIXY,0.002098
SPG,126,120,ret_HYG,0.0
SPG,126,120,mom21_HYG,0.006749
SPG,126,120,ret_USO,0.0
SPG,126,120,mom21_USO,0.00295
SPG,126,120,ret_TLT,0.0
SPG,126,120,mom21_TLT,0.003365
SPG,126,120,ret_UUP,0.0
SPG,126,120,mom21_UUP,0.004237
SPG,126,120,ret_SPY,0.0
SPG,126,120,mom21_SPY,0.0
SPG,126,120,vol_vel,0.006777
SPG,126,120,vol_of_vol,0.004447
SPG,126,120,vol_regime_zscore,0.011797
SPG,126,120,vol_chg_21d,0.004261
SPG,126,120,event_fed_gravity,0.015722
SPG,126,120,event_earn_gravity,0.0
SPG,126,120,event_div_gravity,0.0
SPG,126,120,event_cpi_gravity,0.028961
SPG,126,120,event_nfp_gravity,0.036395
SPG,126,120,put_call_skew_30d,0.020674
SPG,126,120,term_structure_slope,0.003476
SPG,126,120,vrp_wedge,0.003101
SPG,126,120,iv_atm_z_score,0.004613
SPG,126,120,macro_yield_curve_slope,0.044703
SPG,126,120,macro_hy_spread,0.019037
SPG,126,120,macro_hy_spread_chg_5d,0.00381
SPG,126,120,macro_breakeven_5y,0.041867
SPG,126,120,macro_inflation_fwd_5y5y,0.073655
SPG,126,120,macro_inflation_fwd_chg_21d,0.0
SPG,126,120,macro_inflation_fwd_abs_chg_21d,0.0
SPG,126,120,macro_inflation_fwd_chg_63d,0.010208
SPG,126,120,macro_inflation_fwd_zscore,0.007935
SPG,126,120,macro_dollar_ret,0.0
SPG,126,120,beta_spy,0.008382
SPG,126,120,res_vol,0.099769
SPG,126,120,res_vol_vel,0.0
SPG,126,120,price_regime,0.162486
SPG,126,120,corr_sector_21d,0.003361
SPG,126,120,corr_sector_252d,0.036775
SPG,126,120,sector_wedge,0.009236
SPG,126,121,rv_5d,0.146567
SPG,126,121,rv_10d,0.005191
SPG,126,121,rv_21d,0.007364
SPG,126,121,rv_63d,0.046728
SPG,126,121,rv_126d,0.031164
SPG,126,121,ewma_vol,0.020689
SPG,126,121,garch_cond_vol,0.023966
SPG,126,121,ret_TARGET,0.0
SPG,126,121,tech_RSI,0.0
SPG,126,121,tech_MACD_hist,0.003343
SPG,126,121,ret_VIXY,0.0
SPG,126,121,mom21_VIXY,0.001859
SPG,126,121,ret_HYG,0.0
SPG,126,121,mom21_HYG,0.00734
SPG,126,121,ret_USO,0.0
SPG,126,121,mom21_USO,0.001999
SPG,126,121,ret_TLT,0.0
SPG,126,121,mom21_TLT,0.003871
SPG,126,121,ret_UUP,0.0
SPG,126,121,mom21_UUP,0.004024
SPG,126,121,ret_SPY,0.0
SPG,126,121,mom21_SPY,0.004204
SPG,126,121,vol_vel,0.006906
SPG,126,121,vol_of_vol,0.004596
SPG,126,121,vol_regime_zscore,0.013984
SPG,126,121,vol_chg_21d,0.002338
SPG,126,121,event_fed_gravity,0.015598
SPG,126,121,event_earn_gravity,0.0
SPG,126,121,event_div_gravity,0.0
SPG,126,121,event_cpi_gravity,0.032439
SPG,126,121,event_nfp_gravity,0.031006
SPG,126,121,put_call_skew_30d,0.028002
SPG,126,121,term_structure_slope,0.003443
SPG,126,121,vrp_wedge,0.003189
SPG,126,121,iv_atm_z_score,0.004377
SPG,126,121,macro_yield_curve_slope,0.051256
SPG,126,121,macro_hy_spread,0.019916
SPG,126,121,macro_hy_spread_chg_5d,0.0035
SPG,126,121,macro_breakeven_5y,0.043811
SPG,126,121,macro_inflation_fwd_5y5y,0.082164
SPG,126,121,macro_inflation_fwd_chg_21d,0.0
SPG,126,121,macro_inflation_fwd_abs_chg_21d,0.002281
SPG,126,121,macro_inflation_fwd_chg_63d,0.010684
SPG,126,121,macro_inflation_fwd_zscore,0.009516
SPG,126,121,macro_dollar_ret,0.0
SPG,126,121,beta_spy,0.009292
SPG,126,121,res_vol,0.105162
SPG,126,121,res_vol_vel,0.0
SPG,126,121,price_regime,0.163524
SPG,126,121,corr_sector_21d,0.003881
SPG,126,121,corr_sector_252d,0.033143
SPG,126,121,sector_wedge,0.007686
SPG,126,122,rv_5d,0.005972
SPG,126,122,rv_10d,0.007454
SPG,126,122,rv_21d,0.006993
SPG,126,122,rv_63d,0.04442
SPG,126,122,rv_126d,0.04205
SPG,126,122,ewma_vol,0.013776
SPG,126,122,garch_cond_vol,0.030986
SPG,126,122,ret_TARGET,0.0
SPG,126,122,tech_RSI,0.00314
SPG,126,122,tech_MACD_hist,0.004124
SPG,126,122,ret_VIXY,0.0
SPG,126,122,mom21_VIXY,0.003844
SPG,126,122,ret_HYG,0.0
SPG,126,122,mom21_HYG,0.006243
SPG,126,122,ret_USO,0.0
SPG,126,122,mom21_USO,0.003015
SPG,126,122,ret_TLT,0.0
SPG,126,122,mom21_TLT,0.00421
SPG,126,122,ret_UUP,0.0
SPG,126,122,mom21_UUP,0.00474
SPG,126,122,ret_SPY,0.0
SPG,126,122,mom21_SPY,0.0
SPG,126,122,vol_vel,0.008067
SPG,126,122,vol_of_vol,0.009046
SPG,126,122,vol_regime_zscore,0.011916
SPG,126,122,vol_chg_21d,0.0
SPG,126,122,event_fed_gravity,0.019123
SPG,126,122,event_earn_gravity,0.0
SPG,126,122,event_div_gravity,0.0
SPG,126,122,event_cpi_gravity,0.026942
SPG,126,122,event_nfp_gravity,0.055118
SPG,126,122,put_call_skew_30d,0.019199
SPG,126,122,term_structure_slope,0.0
SPG,126,122,vrp_wedge,0.004511
SPG,126,122,iv_atm_z_score,0.00618
SPG,126,122,macro_yield_curve_slope,0.04673
SPG,126,122,macro_hy_spread,0.021535
SPG,126,122,macro_hy_spread_chg_5d,0.00444
SPG,126,122,macro_breakeven_5y,0.05002
SPG,126,122,macro_inflation_fwd_5y5y,0.091722
SPG,126,122,macro_inflation_fwd_chg_21d,0.003579
SPG,126,122,macro_inflation_fwd_abs_chg_21d,0.0
SPG,126,122,macro_inflation_fwd_chg_63d,0.009548
SPG,126,122,macro_inflation_fwd_zscore,0.013122
SPG,126,122,macro_dollar_ret,0.0
SPG,126,122,beta_spy,0.011125
SPG,126,122,res_vol,0.129504
SPG,126,122,res_vol_vel,0.002602
SPG,126,122,price_regime,0.202871
SPG,126,122,corr_sector_21d,0.005868
SPG,126,122,corr_sector_252d,0.056187
SPG,126,122,sector_wedge,0.010079
SPG,126,123,rv_5d,0.008136
SPG,126,123,rv_10d,0.006319
SPG,126,123,rv_21d,0.006335
SPG,126,123,rv_63d,0.052007
SPG,126,123,rv_126d,0.039923
SPG,126,123,ewma_vol,0.013688
SPG,126,123,garch_cond_vol,0.0
SPG,126,123,ret_TARGET,0.0
SPG,126,123,tech_RSI,0.003163
SPG,126,123,tech_MACD_hist,0.003639
SPG,126,123,ret_VIXY,0.0
SPG,126,123,mom21_VIXY,0.002552
SPG,126,123,ret_HYG,0.0
SPG,126,123,mom21_HYG,0.006513
SPG,126,123,ret_USO,0.0
SPG,126,123,mom21_USO,0.009028
SPG,126,123,ret_TLT,0.0
SPG,126,123,mom21_TLT,0.004975
SPG,126,123,ret_UUP,0.0
SPG,126,123,mom21_UUP,0.004464
SPG,126,123,ret_SPY,0.0
SPG,126,123,mom21_SPY,0.0
SPG,126,123,vol_vel,0.007905
SPG,126,123,vol_of_vol,0.014054
SPG,126,123,vol_regime_zscore,0.014209
SPG,126,123,vol_chg_21d,0.003019
SPG,126,123,event_fed_gravity,0.021308
SPG,126,123,event_earn_gravity,0.0
SPG,126,123,event_div_gravity,0.0
SPG,126,123,event_cpi_gravity,0.031521
SPG,126,123,event_nfp_gravity,0.047801
SPG,126,123,put_call_skew_30d,0.021827
SPG,126,123,term_structure_slope,0.0
SPG,126,123,vrp_wedge,0.003184
SPG,126,123,iv_atm_z_score,0.004927
SPG,126,123,macro_yield_curve_slope,0.044084
SPG,126,123,macro_hy_spread,0.022086
SPG,126,123,macro_hy_spread_chg_5d,0.01055
SPG,126,123,macro_breakeven_5y,0.055173
SPG,126,123,macro_inflation_fwd_5y5y,0.095476
SPG,126,123,macro_inflation_fwd_chg_21d,0.003544
SPG,126,123,macro_inflation_fwd_abs_chg_21d,0.0
SPG,126,123,macro_inflation_fwd_chg_63d,0.012219
SPG,126,123,macro_inflation_fwd_zscore,0.011495
SPG,126,123,macro_dollar_ret,0.0
SPG,126,123,beta_spy,0.010935
SPG,126,123,res_vol,0.130377
SPG,126,123,res_vol_vel,0.00244
SPG,126,123,price_regime,0.202444
SPG,126,123,corr_sector_21d,0.004507
SPG,126,123,corr_sector_252d,0.055907
SPG,126,123,sector_wedge,0.008268
SPG,126,124,rv_5d,0.007742
SPG,126,124,rv_10d,0.0039
SPG,126,124,rv_21d,0.079405
SPG,126,124,rv_63d,0.033901
SPG,126,124,rv_126d,0.028463
SPG,126,124,ewma_vol,0.008173
SPG,126,124,garch_cond_vol,0.039751
SPG,126,124,ret_TARGET,0.0
SPG,126,124,tech_RSI,0.002221
SPG,126,124,tech_MACD_hist,0.004165
SPG,126,124,ret_VIXY,0.0
SPG,126,124,mom21_VIXY,0.004098
SPG,126,124,ret_HYG,0.0
SPG,126,124,mom21_HYG,0.005153
SPG,126,124,ret_USO,0.0
SPG,126,124,mom21_USO,0.002939
SPG,126,124,ret_TLT,0.0
SPG,126,124,mom21_TLT,0.004058
SPG,126,124,ret_UUP,0.0
SPG,126,124,mom21_UUP,0.003338
SPG,126,124,ret_SPY,0.0
SPG,126,124,mom21_SPY,0.002542
SPG,126,124,vol_vel,0.005959
SPG,126,124,vol_of_vol,0.015724
SPG,126,124,vol_regime_zscore,0.010304
SPG,126,124,vol_chg_21d,0.037871
SPG,126,124,event_fed_gravity,0.019272
SPG,126,124,event_earn_gravity,0.0
SPG,126,124,event_div_gravity,0.0
SPG,126,124,event_cpi_gravity,0.022767
SPG,126,124,event_nfp_gravity,0.030742
SPG,126,124,put_call_skew_30d,0.023918
SPG,126,124,term_structure_slope,0.003357
SPG,126,124,vrp_wedge,0.002397
SPG,126,124,iv_atm_z_score,0.00469
SPG,126,124,macro_yield_curve_slope,0.038338
SPG,126,124,macro_hy_spread,0.03683
SPG,126,124,macro_hy_spread_chg_5d,0.006298
SPG,126,124,macro_breakeven_5y,0.047075
SPG,126,124,macro_inflation_fwd_5y5y,0.076428
SPG,126,124,macro_inflation_fwd_chg_21d,0.002583
SPG,126,124,macro_inflation_fwd_abs_chg_21d,0.0
SPG,126,124,macro_inflation_fwd_chg_63d,0.008461
SPG,126,124,macro_inflation_fwd_zscore,0.010097
SPG,126,124,macro_dollar_ret,0.0
SPG,126,124,beta_spy,0.012027
SPG,126,124,res_vol,0.11806
SPG,126,124,res_vol_vel,0.0
SPG,126,124,price_regime,0.172621
SPG,126,124,corr_sector_21d,0.003832
SPG,126,124,corr_sector_252d,0.052792
SPG,126,124,sector_wedge,0.007706
SPG,126,125,rv_5d,0.01044
SPG,126,125,rv_10d,0.005529
SPG,126,125,rv_21d,0.072713
SPG,126,125,rv_63d,0.043738
SPG,126,125,rv_126d,0.033367
SPG,126,125,ewma_vol,0.011895
SPG,126,125,garch_cond_vol,0.009778
SPG,126,125,ret_TARGET,0.0
SPG,126,125,tech_RSI,0.003283
SPG,126,125,tech_MACD_hist,0.004622
SPG,126,125,ret_VIXY,0.0
SPG,126,125,mom21_VIXY,0.004329
SPG,126,125,ret_HYG,0.0
SPG,126,125,mom21_HYG,0.007531
SPG,126,125,ret_USO,0.0
SPG,126,125,mom21_USO,0.003506
SPG,126,125,ret_TLT,0.0
SPG,126,125,mom21_TLT,0.003736
SPG,126,125,ret_UUP,0.0
SPG,126,125,mom21_UUP,0.003476
SPG,126,125,ret_SPY,0.0
SPG,126,125,mom21_SPY,0.00204
SPG,126,125,vol_vel,0.004876
SPG,126,125,vol_of_vol,0.00775
SPG,126,125,vol_regime_zscore,0.010541
SPG,126,125,vol_chg_21d,0.0
SPG,126,125,event_fed_gravity,0.02895
SPG,126,125,event_earn_gravity,0.0
SPG,126,125,event_div_gravity,0.0
SPG,126,125,event_cpi_gravity,0.0175
SPG,126,125,event_nfp_gravity,0.028554
SPG,126,125,put_call_skew_30d,0.015722
SPG,126,125,term_structure_slope,0.0
SPG,126,125,vrp_wedge,0.002899
SPG,126,125,iv_atm_z_score,0.00563
SPG,126,125,macro_yield_curve_slope,0.039701
SPG,126,125,macro_hy_spread,0.043463
SPG,126,125,macro_hy_spread_chg_5d,0.016891
SPG,126,125,macro_breakeven_5y,0.052278
SPG,126,125,macro_inflation_fwd_5y5y,0.089249
SPG,126,125,macro_inflation_fwd_chg_21d,0.0
SPG,126,125,macro_inflation_fwd_abs_chg_21d,0.0
SPG,126,125,macro_inflation_fwd_chg_63d,0.008538
SPG,126,125,macro_inflation_fwd_zscore,0.013677
SPG,126,125,macro_dollar_ret,0.0
SPG,126,125,beta_spy,0.016982
SPG,126,125,res_vol,0.128832
SPG,126,125,res_vol_vel,0.0
SPG,126,125,price_regime,0.179946
SPG,126,125,corr_sector_21d,0.004618
SPG,126,125,corr_sector_252d,0.053386
SPG,126,125,sector_wedge,0.010033
SPG,126,126,rv_5d,0.011464
SPG,126,126,rv_10d,0.007473
SPG,126,126,rv_21d,0.006363
SPG,126,126,rv_63d,0.037777
SPG,126,126,rv_126d,0.043731
SPG,126,126,ewma_vol,0.010959
SPG,126,126,garch_cond_vol,0.015157
SPG,126,126,ret_TARGET,0.0
SPG,126,126,tech_RSI,0.0
SPG,126,126,tech_MACD_hist,0.003886
SPG,126,126,ret_VIXY,0.0
SPG,126,126,mom21_VIXY,0.005666
SPG,126,126,ret_HYG,0.0
SPG,126,126,mom21_HYG,0.005835
SPG,126,126,ret_USO,0.0
SPG,126,126,mom21_USO,0.005402
SPG,126,126,ret_TLT,0.0
SPG,126,126,mom21_TLT,0.004549
SPG,126,126,ret_UUP,0.0
SPG,126,126,mom21_UUP,0.005309
SPG,126,126,ret_SPY,0.0
SPG,126,126,mom21_SPY,0.002786
SPG,126,126,vol_vel,0.007713
SPG,126,126,vol_of_vol,0.005302
SPG,126,126,vol_regime_zscore,0.015477
SPG,126,126,vol_chg_21d,0.0
SPG,126,126,event_fed_gravity,0.029802
SPG,126,126,event_earn_gravity,0.0
SPG,126,126,event_div_gravity,0.0
SPG,126,126,event_cpi_gravity,0.023514
SPG,126,126,event_nfp_gravity,0.03651
SPG,126,126,put_call_skew_30d,0.027865
SPG,126,126,term_structure_slope,0.0
SPG,126,126,vrp_wedge,0.00505
SPG,126,126,iv_atm_z_score,0.006292
SPG,126,126,macro_yield_curve_slope,0.050469
SPG,126,126,macro_hy_spread,0.028699
SPG,126,126,macro_hy_spread_chg_5d,0.007612
SPG,126,126,macro_breakeven_5y,0.049992
SPG,126,126,macro_inflation_fwd_5y5y,0.099843
SPG,126,126,macro_inflation_fwd_chg_21d,0.0
SPG,126,126,macro_inflation_fwd_abs_chg_21d,0.002661
SPG,126,126,macro_inflation_fwd_chg_63d,0.012517
SPG,126,126,macro_inflation_fwd_zscore,0.010535
SPG,126,126,macro_dollar_ret,0.0
SPG,126,126,beta_spy,0.014341
SPG,126,126,res_vol,0.132157
SPG,126,126,res_vol_vel,0.0
SPG,126,126,price_regime,0.193975
SPG,126,126,corr_sector_21d,0.005111
SPG,126,126,corr_sector_252d,0.056734
SPG,126,126,sector_wedge,0.011474
SPG,126,127,rv_5d,0.008482
SPG,126,127,rv_10d,0.004261
SPG,126,127,rv_21d,0.047897
SPG,126,127,rv_63d,0.041064
SPG,126,127,rv_126d,0.031557
SPG,126,127,ewma_vol,0.010949
SPG,126,127,garch_cond_vol,0.050964
SPG,126,127,ret_TARGET,0.0
SPG,126,127,tech_RSI,0.0
SPG,126,127,tech_MACD_hist,0.004624
SPG,126,127,ret_VIXY,0.0
SPG,126,127,mom21_VIXY,0.003819
SPG,126,127,ret_HYG,0.0
SPG,126,127,mom21_HYG,0.006014
SPG,126,127,ret_USO,0.0
SPG,126,127,mom21_USO,0.002574
SPG,126,127,ret_TLT,0.0
SPG,126,127,mom21_TLT,0.003518
SPG,126,127,ret_UUP,0.0
SPG,126,127,mom21_UUP,0.003514
SPG,126,127,ret_SPY,0.0
SPG,126,127,mom21_SPY,0.002626
SPG,126,127,vol_vel,0.006665
SPG,126,127,vol_of_vol,0.007656
SPG,126,127,vol_regime_zscore,0.010206
SPG,126,127,vol_chg_21d,0.038947
SPG,126,127,event_fed_gravity,0.024727
SPG,126,127,event_earn_gravity,0.0
SPG,126,127,event_div_gravity,0.0
SPG,126,127,event_cpi_gravity,0.022343
SPG,126,127,event_nfp_gravity,0.018575
SPG,126,127,put_call_skew_30d,0.039664
SPG,126,127,term_structure_slope,0.0
SPG,126,127,vrp_wedge,0.003208
SPG,126,127,iv_atm_z_score,0.004959
SPG,126,127,macro_yield_curve_slope,0.038228
SPG,126,127,macro_hy_spread,0.025766
SPG,126,127,macro_hy_spread_chg_5d,0.006921
SPG,126,127,macro_breakeven_5y,0.046512
SPG,126,127,macro_inflation_fwd_5y5y,0.081823
SPG,126,127,macro_inflation_fwd_chg_21d,0.0
SPG,126,127,macro_inflation_fwd_abs_chg_21d,0.002164
SPG,126,127,macro_inflation_fwd_chg_63d,0.017607
SPG,126,127,macro_inflation_fwd_zscore,0.013112
SPG,126,127,macro_dollar_ret,0.0
SPG,126,127,beta_spy,0.012611
SPG,126,127,res_vol,0.108893
SPG,126,127,res_vol_vel,0.0
SPG,126,127,price_regime,0.178006
SPG,126,127,corr_sector_21d,0.003457
SPG,126,127,corr_sector_252d,0.058331
SPG,126,127,sector_wedge,0.007755
SPG,126,128,rv_5d,0.008711
SPG,126,128,rv_10d,0.004445
SPG,126,128,rv_21d,0.057709
SPG,126,128,rv_63d,0.036875
SPG,126,128,rv_126d,0.031021
SPG,126,128,ewma_vol,0.012576
SPG,126,128,garch_cond_vol,0.0
SPG,126,128,ret_TARGET,0.0
SPG,126,128,tech_RSI,0.0
SPG,126,128,tech_MACD_hist,0.004998
SPG,126,128,ret_VIXY,0.0
SPG,126,128,mom21_VIXY,0.002195
SPG,126,128,ret_HYG,0.0
SPG,126,128,mom21_HYG,0.005825
SPG,126,128,ret_USO,0.0
SPG,126,128,mom21_USO,0.004524
SPG,126,128,ret_TLT,0.0
SPG,126,128,mom21_TLT,0.004251
SPG,126,128,ret_UUP,0.0
SPG,126,128,mom21_UUP,0.003626
SPG,126,128,ret_SPY,0.0
SPG,126,128,mom21_SPY,0.002538
SPG,126,128,vol_vel,0.006461
SPG,126,128,vol_of_vol,0.004908
SPG,126,128,vol_regime_zscore,0.011579
SPG,126,128,vol_chg_21d,0.040816
SPG,126,128,event_fed_gravity,0.028014
SPG,126,128,event_earn_gravity,0.0
SPG,126,128,event_div_gravity,0.0
SPG,126,128,event_cpi_gravity,0.020381
SPG,126,128,event_nfp_gravity,0.029373
SPG,126,128,put_call_skew_30d,0.039833
SPG,126,128,term_structure_slope,0.0
SPG,126,128,vrp_wedge,0.003704
SPG,126,128,iv_atm_z_score,0.004847
SPG,126,128,macro_yield_curve_slope,0.04812
SPG,126,128,macro_hy_spread,0.030779
SPG,126,128,macro_hy_spread_chg_5d,0.005601
SPG,126,128,macro_breakeven_5y,0.049055
SPG,126,128,macro_inflation_fwd_5y5y,0.082224
SPG,126,128,macro_inflation_fwd_chg_21d,0.0
SPG,126,128,macro_inflation_fwd_abs_chg_21d,0.0
SPG,126,128,macro_inflation_fwd_chg_63d,0.008715
SPG,126,128,macro_inflation_fwd_zscore,0.012104
SPG,126,128,macro_dollar_ret,0.0
SPG,126,128,beta_spy,0.014104
SPG,126,128,res_vol,0.119298
SPG,126,128,res_vol_vel,0.004325
SPG,126,128,price_regime,0.183494
SPG,126,128,corr_sector_21d,0.005044
SPG,126,128,corr_sector_252d,0.05772
SPG,126,128,sector_wedge,0.010203
SPG,126,129,rv_5d,0.015767
SPG,126,129,rv_10d,0.008891
SPG,126,129,rv_21d,0.00551
SPG,126,129,rv_63d,0.051091
SPG,126,129,rv_126d,0.041847
SPG,126,129,ewma_vol,0.023884
SPG,126,129,garch_cond_vol,0.0
SPG,126,129,ret_TARGET,0.0
SPG,126,129,tech_RSI,0.0
SPG,126,129,tech_MACD_hist,0.003217
SPG,126,129,ret_VIXY,0.0
SPG,126,129,mom21_VIXY,0.0
SPG,126,129,ret_HYG,0.0
SPG,126,129,mom21_HYG,0.006613
SPG,126,129,ret_USO,0.0
SPG,126,129,mom21_USO,0.004071
SPG,126,129,ret_TLT,0.0
SPG,126,129,mom21_TLT,0.004815
SPG,126,129,ret_UUP,0.0
SPG,126,129,mom21_UUP,0.005014
SPG,126,129,ret_SPY,0.0
SPG,126,129,mom21_SPY,0.00238
SPG,126,129,vol_vel,0.008297
SPG,126,129,vol_of_vol,0.017277
SPG,126,129,vol_regime_zscore,0.011544
SPG,126,129,vol_chg_21d,0.0
SPG,126,129,event_fed_gravity,0.024506
SPG,126,129,event_earn_gravity,0.0
SPG,126,129,event_div_gravity,0.0
SPG,126,129,event_cpi_gravity,0.028685
SPG,126,129,event_nfp_gravity,0.031765
SPG,126,129,put_call_skew_30d,0.026081
SPG,126,129,term_structure_slope,0.0
SPG,126,129,vrp_wedge,0.00294
SPG,126,129,iv_atm_z_score,0.004739
SPG,126,129,macro_yield_curve_slope,0.046575
SPG,126,129,macro_hy_spread,0.027387
SPG,126,129,macro_hy_spread_chg_5d,0.008898
SPG,126,129,macro_breakeven_5y,0.054341
SPG,126,129,macro_inflation_fwd_5y5y,0.102519
SPG,126,129,macro_inflation_fwd_chg_21d,0.0
SPG,126,129,macro_inflation_fwd_abs_chg_21d,0.0
SPG,126,129,macro_inflation_fwd_chg_63d,0.01492
SPG,126,129,macro_inflation_fwd_zscore,0.009452
SPG,126,129,macro_dollar_ret,0.0
SPG,126,129,beta_spy,0.012171
SPG,126,129,res_vol,0.117492
SPG,126,129,res_vol_vel,0.005569
SPG,126,129,price_regime,0.201043
SPG,126,129,corr_sector_21d,0.00423
SPG,126,129,corr_sector_252d,0.057285
SPG,126,129,sector_wedge,0.009182
SPG,126,130,rv_5d,0.007275
SPG,126,130,rv_10d,0.006501
SPG,126,130,rv_21d,0.005781
SPG,126,130,rv_63d,0.050525
SPG,126,130,rv_126d,0.031693
SPG,126,130,ewma_vol,0.01281
SPG,126,130,garch_cond_vol,0.097605
SPG,126,130,ret_TARGET,0.0
SPG,126,130,tech_RSI,0.0
SPG,126,130,tech_MACD_hist,0.0
SPG,126,130,ret_VIXY,0.0
SPG,126,130,mom21_VIXY,0.002474
SPG,126,130,ret_HYG,0.0
SPG,126,130,mom21_HYG,0.006413
SPG,126,130,ret_USO,0.0
SPG,126,130,mom21_USO,0.004181
SPG,126,130,ret_TLT,0.0
SPG,126,130,mom21_TLT,0.003693
SPG,126,130,ret_UUP,0.0
SPG,126,130,mom21_UUP,0.004176
SPG,126,130,ret_SPY,0.0
SPG,126,130,mom21_SPY,0.002359
SPG,126,130,vol_vel,0.006823
SPG,126,130,vol_of_vol,0.009426
SPG,126,130,vol_regime_zscore,0.010564
SPG,126,130,vol_chg_21d,0.040047
SPG,126,130,event_fed_gravity,0.015079
SPG,126,130,event_earn_gravity,0.0
SPG,126,130,event_div_gravity,0.0
SPG,126,130,event_cpi_gravity,0.026367
SPG,126,130,event_nfp_gravity,0.032797
SPG,126,130,put_call_skew_30d,0.036464
SPG,126,130,term_structure_slope,0.0
SPG,126,130,vrp_wedge,0.002876
SPG,126,130,iv_atm_z_score,0.005066
SPG,126,130,macro_yield_curve_slope,0.039798
SPG,126,130,macro_hy_spread,0.021069
SPG,126,130,macro_hy_spread_chg_5d,0.006222
SPG,126,130,macro_breakeven_5y,0.048525
SPG,126,130,macro_inflation_fwd_5y5y,0.080112
SPG,126,130,macro_inflation_fwd_chg_21d,0.0
SPG,126,130,macro_inflation_fwd_abs_chg_21d,0.0
SPG,126,130,macro_inflation_fwd_chg_63d,0.010825
SPG,126,130,macro_inflation_fwd_zscore,0.005516
SPG,126,130,macro_dollar_ret,0.0
SPG,126,130,beta_spy,0.010934
SPG,126,130,res_vol,0.115395
SPG,126,130,res_vol_vel,0.0
SPG,126,130,price_regime,0.169656
SPG,126,130,corr_sector_21d,0.00433
SPG,126,130,corr_sector_252d,0.060008
SPG,126,130,sector_wedge,0.006613
SPG,126,131,rv_5d,0.010473
SPG,126,131,rv_10d,0.005617
SPG,126,131,rv_21d,0.014288
SPG,126,131,rv_63d,0.042651
SPG,126,131,rv_126d,0.043273
SPG,126,131,ewma_vol,0.025787
SPG,126,131,garch_cond_vol,0.0
SPG,126,131,ret_TARGET,0.0
SPG,126,131,tech_RSI,0.0
SPG,126,131,tech_MACD_hist,0.003352
SPG,126,131,ret_VIXY,0.0
SPG,126,131,mom21_VIXY,0.0
SPG,126,131,ret_HYG,0.0
SPG,126,131,mom21_HYG,0.005911
SPG,126,131,ret_USO,0.0
SPG,126,131,mom21_USO,0.005701
SPG,126,131,ret_TLT,0.0
SPG,126,131,mom21_TLT,0.004068
SPG,126,131,ret_UUP,0.0
SPG,126,131,mom21_UUP,0.005108
SPG,126,131,ret_SPY,0.0
SPG,126,131,mom21_SPY,0.002069
SPG,126,131,vol_vel,0.006086
SPG,126,131,vol_of_vol,0.016811
SPG,126,131,vol_regime_zscore,0.012399
SPG,126,131,vol_chg_21d,0.008125
SPG,126,131,event_fed_gravity,0.019736
SPG,126,131,event_earn_gravity,0.0
SPG,126,131,event_div_gravity,0.0
SPG,126,131,event_cpi_gravity,0.028585
SPG,126,131,event_nfp_gravity,0.024814
SPG,126,131,put_call_skew_30d,0.027947
SPG,126,131,term_structure_slope,0.01528
SPG,126,131,vrp_wedge,0.003422
SPG,126,131,iv_atm_z_score,0.004706
SPG,126,131,macro_yield_curve_slope,0.043649
SPG,126,131,macro_hy_spread,0.034777
SPG,126,131,macro_hy_spread_chg_5d,0.006965
SPG,126,131,macro_breakeven_5y,0.054023
SPG,126,131,macro_inflation_fwd_5y5y,0.094076
SPG,126,131,macro_inflation_fwd_chg_21d,0.0
SPG,126,131,macro_inflation_fwd_abs_chg_21d,0.0
SPG,126,131,macro_inflation_fwd_chg_63d,0.01413
SPG,126,131,macro_inflation_fwd_zscore,0.01358
SPG,126,131,macro_dollar_ret,0.0
SPG,126,131,beta_spy,0.013462
SPG,126,131,res_vol,0.106838
SPG,126,131,res_vol_vel,0.003159
SPG,126,131,price_regime,0.206889
SPG,126,131,corr_sector_21d,0.004517
SPG,126,131,corr_sector_252d,0.059922
SPG,126,131,sector_wedge,0.007804
SPG,126,132,rv_5d,0.008763
SPG,126,132,rv_10d,0.00632
SPG,126,132,rv_21d,0.013151
SPG,126,132,rv_63d,0.049215
SPG,126,132,rv_126d,0.037588
SPG,126,132,ewma_vol,0.023591
SPG,126,132,garch_cond_vol,0.0
SPG,126,132,ret_TARGET,0.0
SPG,126,132,tech_RSI,0.0
SPG,126,132,tech_MACD_hist,0.0
SPG,126,132,ret_VIXY,0.0
SPG,126,132,mom21_VIXY,0.002436
SPG,126,132,ret_HYG,0.0
SPG,126,132,mom21_HYG,0.00704
SPG,126,132,ret_USO,0.0
SPG,126,132,mom21_USO,0.002414
SPG,126,132,ret_TLT,0.0
SPG,126,132,mom21_TLT,0.004314
SPG,126,132,ret_UUP,0.0
SPG,126,132,mom21_UUP,0.00454
SPG,126,132,ret_SPY,0.0
SPG,126,132,mom21_SPY,0.004081
SPG,126,132,vol_vel,0.007518
SPG,126,132,vol_of_vol,0.018829
SPG,126,132,vol_regime_zscore,0.010681
SPG,126,132,vol_chg_21d,0.022979
SPG,126,132,event_fed_gravity,0.016128
SPG,126,132,event_earn_gravity,0.0
SPG,126,132,event_div_gravity,0.0
SPG,126,132,event_cpi_gravity,0.037052
SPG,126,132,event_nfp_gravity,0.040582
SPG,126,132,put_call_skew_30d,0.034675
SPG,126,132,term_structure_slope,0.0
SPG,126,132,vrp_wedge,0.00329
SPG,126,132,iv_atm_z_score,0.006444
SPG,126,132,macro_yield_curve_slope,0.041298
SPG,126,132,macro_hy_spread,0.025938
SPG,126,132,macro_hy_spread_chg_5d,0.006676
SPG,126,132,macro_breakeven_5y,0.046484
SPG,126,132,macro_inflation_fwd_5y5y,0.090642
SPG,126,132,macro_inflation_fwd_chg_21d,0.009425
SPG,126,132,macro_inflation_fwd_abs_chg_21d,0.0
SPG,126,132,macro_inflation_fwd_chg_63d,0.013871
SPG,126,132,macro_inflation_fwd_zscore,0.008705
SPG,126,132,macro_dollar_ret,0.0
SPG,126,132,beta_spy,0.011404
SPG,126,132,res_vol,0.131757
SPG,126,132,res_vol_vel,0.002534
SPG,126,132,price_regime,0.179805
SPG,126,132,corr_sector_21d,0.004847
SPG,126,132,corr_sector_252d,0.055626
SPG,126,132,sector_wedge,0.009357
SPG,126,133,rv_5d,0.007696
SPG,126,133,rv_10d,0.00591
SPG,126,133,rv_21d,0.04684
SPG,126,133,rv_63d,0.05021
SPG,126,133,rv_126d,0.033697
SPG,126,133,ewma_vol,0.021302
SPG,126,133,garch_cond_vol,0.011892
SPG,126,133,ret_TARGET,0.0
SPG,126,133,tech_RSI,0.0
SPG,126,133,tech_MACD_hist,0.0
SPG,126,133,ret_VIXY,0.0
SPG,126,133,mom21_VIXY,0.00542
SPG,126,133,ret_HYG,0.0
SPG,126,133,mom21_HYG,0.005692
SPG,126,133,ret_USO,0.0
SPG,126,133,mom21_USO,0.003321
SPG,126,133,ret_TLT,0.0
SPG,126,133,mom21_TLT,0.004323
SPG,126,133,ret_UUP,0.0
SPG,126,133,mom21_UUP,0.004025
SPG,126,133,ret_SPY,0.0
SPG,126,133,mom21_SPY,0.0
SPG,126,133,vol_vel,0.006566
SPG,126,133,vol_of_vol,0.015009
SPG,126,133,vol_regime_zscore,0.00953
SPG,126,133,vol_chg_21d,0.039447
SPG,126,133,event_fed_gravity,0.017293
SPG,126,133,event_earn_gravity,0.0
SPG,126,133,event_div_gravity,0.0
SPG,126,133,event_cpi_gravity,0.026461
SPG,126,133,event_nfp_gravity,0.02607
SPG,126,133,put_call_skew_30d,0.042645
SPG,126,133,term_structure_slope,0.0
SPG,126,133,vrp_wedge,0.002808
SPG,126,133,iv_atm_z_score,0.004337
SPG,126,133,macro_yield_curve_slope,0.038739
SPG,126,133,macro_hy_spread,0.02924
SPG,126,133,macro_hy_spread_chg_5d,0.007329
SPG,126,133,macro_breakeven_5y,0.045686
SPG,126,133,macro_inflation_fwd_5y5y,0.078521
SPG,126,133,macro_inflation_fwd_chg_21d,0.007847
SPG,126,133,macro_inflation_fwd_abs_chg_21d,0.0
SPG,126,133,macro_inflation_fwd_chg_63d,0.009211
SPG,126,133,macro_inflation_fwd_zscore,0.008212
SPG,126,133,macro_dollar_ret,0.0
SPG,126,133,beta_spy,0.011225
SPG,126,133,res_vol,0.117331
SPG,126,133,res_vol_vel,0.004829
SPG,126,133,price_regime,0.167914
SPG,126,133,corr_sector_21d,0.003984
SPG,126,133,corr_sector_252d,0.071538
SPG,126,133,sector_wedge,0.007901
SPG,126,134,rv_5d,0.005041
SPG,126,134,rv_10d,0.009451
SPG,126,134,rv_21d,0.066143
SPG,126,134,rv_63d,0.053895
SPG,126,134,rv_126d,0.039062
SPG,126,134,ewma_vol,0.022525
SPG,126,134,garch_cond_vol,0.014405
SPG,126,134,ret_TARGET,0.0
SPG,126,134,tech_RSI,0.0
SPG,126,134,tech_MACD_hist,0.005563
SPG,126,134,ret_VIXY,0.0
SPG,126,134,mom21_VIXY,0.008546
SPG,126,134,ret_HYG,0.0
SPG,126,134,mom21_HYG,0.006087
SPG,126,134,ret_USO,0.0
SPG,126,134,mom21_USO,0.006626
SPG,126,134,ret_TLT,0.0
SPG,126,134,mom21_TLT,0.004677
SPG,126,134,ret_UUP,0.0
SPG,126,134,mom21_UUP,0.005066
SPG,126,134,ret_SPY,0.0
SPG,126,134,mom21_SPY,0.0
SPG,126,134,vol_vel,0.007288
SPG,126,134,vol_of_vol,0.01514
SPG,126,134,vol_regime_zscore,0.012386
SPG,126,134,vol_chg_21d,0.004178
SPG,126,134,event_fed_gravity,0.023784
SPG,126,134,event_earn_gravity,0.0
SPG,126,134,event_div_gravity,0.0
SPG,126,134,event_cpi_gravity,0.024862
SPG,126,134,event_nfp_gravity,0.024907
SPG,126,134,put_call_skew_30d,0.003072
SPG,126,134,term_structure_slope,0.004342
SPG,126,134,vrp_wedge,0.003145
SPG,126,134,iv_atm_z_score,0.005434
SPG,126,134,macro_yield_curve_slope,0.040103
SPG,126,134,macro_hy_spread,0.036623
SPG,126,134,macro_hy_spread_chg_5d,0.006923
SPG,126,134,macro_breakeven_5y,0.051591
SPG,126,134,macro_inflation_fwd_5y5y,0.084301
SPG,126,134,macro_inflation_fwd_chg_21d,0.0
SPG,126,134,macro_inflation_fwd_abs_chg_21d,0.002514
SPG,126,134,macro_inflation_fwd_chg_63d,0.008171
SPG,126,134,macro_inflation_fwd_zscore,0.016604
SPG,126,134,macro_dollar_ret,0.0
SPG,126,134,beta_spy,0.012518
SPG,126,134,res_vol,0.118116
SPG,126,134,res_vol_vel,0.0
SPG,126,134,price_regime,0.164896
SPG,126,134,corr_sector_21d,0.00526
SPG,126,134,corr_sector_252d,0.070568
SPG,126,134,sector_wedge,0.006189
SPG,126,135,rv_5d,0.006714
SPG,126,135,rv_10d,0.005094
SPG,126,135,rv_21d,0.012434
SPG,126,135,rv_63d,0.052815
SPG,126,135,rv_126d,0.039534
SPG,126,135,ewma_vol,0.022012
SPG,126,135,garch_cond_vol,0.031463
SPG,126,135,ret_TARGET,0.0
SPG,126,135,tech_RSI,0.0
SPG,126,135,tech_MACD_hist,0.002295
SPG,126,135,ret_VIXY,0.0
SPG,126,135,mom21_VIXY,0.002394
SPG,126,135,ret_HYG,0.0
SPG,126,135,mom21_HYG,0.007181
SPG,126,135,ret_USO,0.0
SPG,126,135,mom21_USO,0.003237
SPG,126,135,ret_TLT,0.0
SPG,126,135,mom21_TLT,0.003707
SPG,126,135,ret_UUP,0.0
SPG,126,135,mom21_UUP,0.004207
SPG,126,135,ret_SPY,0.0
SPG,126,135,mom21_SPY,0.0
SPG,126,135,vol_vel,0.006375
SPG,126,135,vol_of_vol,0.017582
SPG,126,135,vol_regime_zscore,0.009884
SPG,126,135,vol_chg_21d,0.023009
SPG,126,135,event_fed_gravity,0.015172
SPG,126,135,event_earn_gravity,0.0
SPG,126,135,event_div_gravity,0.0
SPG,126,135,event_cpi_gravity,0.02893
SPG,126,135,event_nfp_gravity,0.038027
SPG,126,135,put_call_skew_30d,0.041877
SPG,126,135,term_structure_slope,0.0
SPG,126,135,vrp_wedge,0.003109
SPG,126,135,iv_atm_z_score,0.021418
SPG,126,135,macro_yield_curve_slope,0.038554
SPG,126,135,macro_hy_spread,0.023264
SPG,126,135,macro_hy_spread_chg_5d,0.006954
SPG,126,135,macro_breakeven_5y,0.04656
SPG,126,135,macro_inflation_fwd_5y5y,0.083919
SPG,126,135,macro_inflation_fwd_chg_21d,0.0
SPG,126,135,macro_inflation_fwd_abs_chg_21d,0.0
SPG,126,135,macro_inflation_fwd_chg_63d,0.012903
SPG,126,135,macro_inflation_fwd_zscore,0.009037
SPG,126,135,macro_dollar_ret,0.0
SPG,126,135,beta_spy,0.010143
SPG,126,135,res_vol,0.114836
SPG,126,135,res_vol_vel,0.001943
SPG,126,135,price_regime,0.183418
SPG,126,135,corr_sector_21d,0.005773
SPG,126,135,corr_sector_252d,0.052474
SPG,126,135,sector_wedge,0.011753
SPG,126,136,rv_5d,0.004768
SPG,126,136,rv_10d,0.00529
SPG,126,136,rv_21d,0.005787
SPG,126,136,rv_63d,0.061379
SPG,126,136,rv_126d,0.036867
SPG,126,136,ewma_vol,0.023605
SPG,126,136,garch_cond_vol,0.017853
SPG,126,136,ret_TARGET,0.0
SPG,126,136,tech_RSI,0.005348
SPG,126,136,tech_MACD_hist,0.003301
SPG,126,136,ret_VIXY,0.0
SPG,126,136,mom21_VIXY,0.003123
SPG,126,136,ret_HYG,0.0
SPG,126,136,mom21_HYG,0.008037
SPG,126,136,ret_USO,0.0
SPG,126,136,mom21_USO,0.00353
SPG,126,136,ret_TLT,0.0
SPG,126,136,mom21_TLT,0.003897
SPG,126,136,ret_UUP,0.0
SPG,126,136,mom21_UUP,0.004039
SPG,126,136,ret_SPY,0.0
SPG,126,136,mom21_SPY,0.0
SPG,126,136,vol_vel,0.006273
SPG,126,136,vol_of_vol,0.017868
SPG,126,136,vol_regime_zscore,0.010882
SPG,126,136,vol_chg_21d,0.041872
SPG,126,136,event_fed_gravity,0.019181
SPG,126,136,event_earn_gravity,0.0
SPG,126,136,event_div_gravity,0.0
SPG,126,136,event_cpi_gravity,0.025375
SPG,126,136,event_nfp_gravity,0.040398
SPG,126,136,put_call_skew_30d,0.032169
SPG,126,136,term_structure_slope,0.004097
SPG,126,136,vrp_wedge,0.003465
SPG,126,136,iv_atm_z_score,0.015856
SPG,126,136,macro_yield_curve_slope,0.040636
SPG,126,136,macro_hy_spread,0.021842
SPG,126,136,macro_hy_spread_chg_5d,0.002192
SPG,126,136,macro_breakeven_5y,0.0424
SPG,126,136,macro_inflation_fwd_5y5y,0.08065
SPG,126,136,macro_inflation_fwd_chg_21d,0.0
SPG,126,136,macro_inflation_fwd_abs_chg_21d,0.0
SPG,126,136,macro_inflation_fwd_chg_63d,0.009261
SPG,126,136,macro_inflation_fwd_zscore,0.010954
SPG,126,136,macro_dollar_ret,0.005924
SPG,126,136,beta_spy,0.012393
SPG,126,136,res_vol,0.139633
SPG,126,136,res_vol_vel,0.002922
SPG,126,136,price_regime,0.168634
SPG,126,136,corr_sector_21d,0.003842
SPG,126,136,corr_sector_252d,0.049226
SPG,126,136,sector_wedge,0.00523
SPG,126,137,rv_5d,0.00371
SPG,126,137,rv_10d,0.005432
SPG,126,137,rv_21d,0.011502
SPG,126,137,rv_63d,0.060456
SPG,126,137,rv_126d,0.046629
SPG,126,137,ewma_vol,0.014101
SPG,126,137,garch_cond_vol,0.020656
SPG,126,137,ret_TARGET,0.0
SPG,126,137,tech_RSI,0.0
SPG,126,137,tech_MACD_hist,0.004334
SPG,126,137,ret_VIXY,0.0
SPG,126,137,mom21_VIXY,0.006027
SPG,126,137,ret_HYG,0.0
SPG,126,137,mom21_HYG,0.009183
SPG,126,137,ret_USO,0.0
SPG,126,137,mom21_USO,0.004099
SPG,126,137,ret_TLT,0.0
SPG,126,137,mom21_TLT,0.005072
SPG,126,137,ret_UUP,0.0
SPG,126,137,mom21_UUP,0.004485
SPG,126,137,ret_SPY,0.0
SPG,126,137,mom21_SPY,0.0
SPG,126,137,vol_vel,0.007295
SPG,126,137,vol_of_vol,0.017452
SPG,126,137,vol_regime_zscore,0.011022
SPG,126,137,vol_chg_21d,0.003743
SPG,126,137,event_fed_gravity,0.022851
SPG,126,137,event_earn_gravity,0.0
SPG,126,137,event_div_gravity,0.0
SPG,126,137,event_cpi_gravity,0.023885
SPG,126,137,event_nfp_gravity,0.020435
SPG,126,137,put_call_skew_30d,0.03762
SPG,126,137,term_structure_slope,0.004298
SPG,126,137,vrp_wedge,0.006127
SPG,126,137,iv_atm_z_score,0.020371
SPG,126,137,macro_yield_curve_slope,0.041256
SPG,126,137,macro_hy_spread,0.02488
SPG,126,137,macro_hy_spread_chg_5d,0.006277
SPG,126,137,macro_breakeven_5y,0.051206
SPG,126,137,macro_inflation_fwd_5y5y,0.093771
SPG,126,137,macro_inflation_fwd_chg_21d,0.002129
SPG,126,137,macro_inflation_fwd_abs_chg_21d,0.0
SPG,126,137,macro_inflation_fwd_chg_63d,0.010508
SPG,126,137,macro_inflation_fwd_zscore,0.011383
SPG,126,137,macro_dollar_ret,0.0
SPG,126,137,beta_spy,0.011932
SPG,126,137,res_vol,0.121931
SPG,126,137,res_vol_vel,0.0
SPG,126,137,price_regime,0.185713
SPG,126,137,corr_sector_21d,0.004371
SPG,126,137,corr_sector_252d,0.054058
SPG,126,137,sector_wedge,0.009801
SPG,126,138,rv_5d,0.005194
SPG,126,138,rv_10d,0.004546
SPG,126,138,rv_21d,0.096095
SPG,126,138,rv_63d,0.048617
SPG,126,138,rv_126d,0.047334
SPG,126,138,ewma_vol,0.023822
SPG,126,138,garch_cond_vol,0.00539
SPG,126,138,ret_TARGET,0.0
SPG,126,138,tech_RSI,0.0
SPG,126,138,tech_MACD_hist,0.00363
SPG,126,138,ret_VIXY,0.0
SPG,126,138,mom21_VIXY,0.002629
SPG,126,138,ret_HYG,0.0
SPG,126,138,mom21_HYG,0.00676
SPG,126,138,ret_USO,0.0
SPG,126,138,mom21_USO,0.006737
SPG,126,138,ret_TLT,0.0
SPG,126,138,mom21_TLT,0.004276
SPG,126,138,ret_UUP,0.002142
SPG,126,138,mom21_UUP,0.004991
SPG,126,138,ret_SPY,0.0
SPG,126,138,mom21_SPY,0.0
SPG,126,138,vol_vel,0.007697
SPG,126,138,vol_of_vol,0.007079
SPG,126,138,vol_regime_zscore,0.01139
SPG,126,138,vol_chg_21d,0.0
SPG,126,138,event_fed_gravity,0.018899
SPG,126,138,event_earn_gravity,0.0
SPG,126,138,event_div_gravity,0.0
SPG,126,138,event_cpi_gravity,0.029083
SPG,126,138,event_nfp_gravity,0.024971
SPG,126,138,put_call_skew_30d,0.063234
SPG,126,138,term_structure_slope,0.0
SPG,126,138,vrp_wedge,0.003104
SPG,126,138,iv_atm_z_score,0.005538
SPG,126,138,macro_yield_curve_slope,0.042356
SPG,126,138,macro_hy_spread,0.020743
SPG,126,138,macro_hy_spread_chg_5d,0.006459
SPG,126,138,macro_breakeven_5y,0.051385
SPG,126,138,macro_inflation_fwd_5y5y,0.077378
SPG,126,138,macro_inflation_fwd_chg_21d,0.003242
SPG,126,138,macro_inflation_fwd_abs_chg_21d,0.0
SPG,126,138,macro_inflation_fwd_chg_63d,0.011027
SPG,126,138,macro_inflation_fwd_zscore,0.007236
SPG,126,138,macro_dollar_ret,0.0
SPG,126,138,beta_spy,0.010656
SPG,126,138,res_vol,0.107123
SPG,126,138,res_vol_vel,0.0
SPG,126,138,price_regime,0.178899
SPG,126,138,corr_sector_21d,0.004557
SPG,126,138,corr_sector_252d,0.038566
SPG,126,138,sector_wedge,0.007212
SPG,126,139,rv_5d,0.007599
SPG,126,139,rv_10d,0.006904
SPG,126,139,rv_21d,0.006285
SPG,126,139,rv_63d,0.06238
SPG,126,139,rv_126d,0.037727
SPG,126,139,ewma_vol,0.015005
SPG,126,139,garch_cond_vol,0.058701
SPG,126,139,ret_TARGET,0.0
SPG,126,139,tech_RSI,0.0
SPG,126,139,tech_MACD_hist,0.003513
SPG,126,139,ret_VIXY,0.0
SPG,126,139,mom21_VIXY,0.0
SPG,126,139,ret_HYG,0.0
SPG,126,139,mom21_HYG,0.007882
SPG,126,139,ret_USO,0.0
SPG,126,139,mom21_USO,0.00265
SPG,126,139,ret_TLT,0.0
SPG,126,139,mom21_TLT,0.004401
SPG,126,139,ret_UUP,0.0
SPG,126,139,mom21_UUP,0.005026
SPG,126,139,ret_SPY,0.0
SPG,126,139,mom21_SPY,0.0
SPG,126,139,vol_vel,0.007764
SPG,126,139,vol_of_vol,0.007289
SPG,126,139,vol_regime_zscore,0.008786
SPG,126,139,vol_chg_21d,0.0
SPG,126,139,event_fed_gravity,0.023295
SPG,126,139,event_earn_gravity,0.0
SPG,126,139,event_div_gravity,0.0
SPG,126,139,event_cpi_gravity,0.020701
SPG,126,139,event_nfp_gravity,0.035173
SPG,126,139,put_call_skew_30d,0.042167
SPG,126,139,term_structure_slope,0.003088
SPG,126,139,vrp_wedge,0.003324
SPG,126,139,iv_atm_z_score,0.00943
SPG,126,139,macro_yield_curve_slope,0.043977
SPG,126,139,macro_hy_spread,0.02068
SPG,126,139,macro_hy_spread_chg_5d,0.007258
SPG,126,139,macro_breakeven_5y,0.051086
SPG,126,139,macro_inflation_fwd_5y5y,0.096342
SPG,126,139,macro_inflation_fwd_chg_21d,0.0
SPG,126,139,macro_inflation_fwd_abs_chg_21d,0.0
SPG,126,139,macro_inflation_fwd_chg_63d,0.010897
SPG,126,139,macro_inflation_fwd_zscore,0.01362
SPG,126,139,macro_dollar_ret,0.0
SPG,126,139,beta_spy,0.006596
SPG,126,139,res_vol,0.138805
SPG,126,139,res_vol_vel,0.00221
SPG,126,139,price_regime,0.178451
SPG,126,139,corr_sector_21d,0.005096
SPG,126,139,corr_sector_252d,0.035246
SPG,126,139,sector_wedge,0.010646
SPG,126,140,rv_5d,0.005398
SPG,126,140,rv_10d,0.006872
SPG,126,140,rv_21d,0.024569
SPG,126,140,rv_63d,0.042482
SPG,126,140,rv_126d,0.043857
SPG,126,140,ewma_vol,0.020083
SPG,126,140,garch_cond_vol,0.022455
SPG,126,140,ret_TARGET,0.0
SPG,126,140,tech_RSI,0.0
SPG,126,140,tech_MACD_hist,0.002501
SPG,126,140,ret_VIXY,0.0
SPG,126,140,mom21_VIXY,0.007384
SPG,126,140,ret_HYG,0.0
SPG,126,140,mom21_HYG,0.006042
SPG,126,140,ret_USO,0.0
SPG,126,140,mom21_USO,0.002881
SPG,126,140,ret_TLT,0.0
SPG,126,140,mom21_TLT,0.004261
SPG,126,140,ret_UUP,0.0
SPG,126,140,mom21_UUP,0.005568
SPG,126,140,ret_SPY,0.0
SPG,126,140,mom21_SPY,0.0
SPG,126,140,vol_vel,0.007579
SPG,126,140,vol_of_vol,0.006163
SPG,126,140,vol_regime_zscore,0.01002
SPG,126,140,vol_chg_21d,0.016535
SPG,126,140,event_fed_gravity,0.022561
SPG,126,140,event_earn_gravity,0.0
SPG,126,140,event_div_gravity,0.0
SPG,126,140,event_cpi_gravity,0.024476
SPG,126,140,event_nfp_gravity,0.029983
SPG,126,140,put_call_skew_30d,0.020561
SPG,126,140,term_structure_slope,0.0
SPG,126,140,vrp_wedge,0.003527
SPG,126,140,iv_atm_z_score,0.006301
SPG,126,140,macro_yield_curve_slope,0.046093
SPG,126,140,macro_hy_spread,0.023973
SPG,126,140,macro_hy_spread_chg_5d,0.005503
SPG,126,140,macro_breakeven_5y,0.058381
SPG,126,140,macro_inflation_fwd_5y5y,0.087834
SPG,126,140,macro_inflation_fwd_chg_21d,0.0
SPG,126,140,macro_inflation_fwd_abs_chg_21d,0.0
SPG,126,140,macro_inflation_fwd_chg_63d,0.012745
SPG,126,140,macro_inflation_fwd_zscore,0.017303
SPG,126,140,macro_dollar_ret,0.0
SPG,126,140,beta_spy,0.006715
SPG,126,140,res_vol,0.150202
SPG,126,140,res_vol_vel,0.00249
SPG,126,140,price_regime,0.19067
SPG,126,140,corr_sector_21d,0.00586
SPG,126,140,corr_sector_252d,0.039446
SPG,126,140,sector_wedge,0.010725
SPG,126,141,rv_5d,0.0
SPG,126,141,rv_10d,0.005614
SPG,126,141,rv_21d,0.033288
SPG,126,141,rv_63d,0.057309
SPG,126,141,rv_126d,0.04043
SPG,126,141,ewma_vol,0.012671
SPG,126,141,garch_cond_vol,0.099466
SPG,126,141,ret_TARGET,0.0
SPG,126,141,tech_RSI,0.0
SPG,126,141,tech_MACD_hist,0.003979
SPG,126,141,ret_VIXY,0.0
SPG,126,141,mom21_VIXY,0.006003
SPG,126,141,ret_HYG,0.0
SPG,126,141,mom21_HYG,0.006812
SPG,126,141,ret_USO,0.0
SPG,126,141,mom21_USO,0.004618
SPG,126,141,ret_TLT,0.0
SPG,126,141,mom21_TLT,0.004789
SPG,126,141,ret_UUP,0.0
SPG,126,141,mom21_UUP,0.004644
SPG,126,141,ret_SPY,0.0
SPG,126,141,mom21_SPY,0.0
SPG,126,141,vol_vel,0.006623
SPG,126,141,vol_of_vol,0.008623
SPG,126,141,vol_regime_zscore,0.010499
SPG,126,141,vol_chg_21d,0.002572
SPG,126,141,event_fed_gravity,0.020259
SPG,126,141,event_earn_gravity,0.0
SPG,126,141,event_div_gravity,0.0
SPG,126,141,event_cpi_gravity,0.026071
SPG,126,141,event_nfp_gravity,0.022511
SPG,126,141,put_call_skew_30d,0.059045
SPG,126,141,term_structure_slope,0.0
SPG,126,141,vrp_wedge,0.003236
SPG,126,141,iv_atm_z_score,0.005427
SPG,126,141,macro_yield_curve_slope,0.040861
SPG,126,141,macro_hy_spread,0.019649
SPG,126,141,macro_hy_spread_chg_5d,0.005152
SPG,126,141,macro_breakeven_5y,0.054211
SPG,126,141,macro_inflation_fwd_5y5y,0.081969
SPG,126,141,macro_inflation_fwd_chg_21d,0.001923
SPG,126,141,macro_inflation_fwd_abs_chg_21d,0.0
SPG,126,141,macro_inflation_fwd_chg_63d,0.01108
SPG,126,141,macro_inflation_fwd_zscore,0.008858
SPG,126,141,macro_dollar_ret,0.0
SPG,126,141,beta_spy,0.005887
SPG,126,141,res_vol,0.126415
SPG,126,141,res_vol_vel,0.0
SPG,126,141,price_regime,0.166762
SPG,126,141,corr_sector_21d,0.004602
SPG,126,141,corr_sector_252d,0.019366
SPG,126,141,sector_wedge,0.008773
SPG,126,142,rv_5d,0.0
SPG,126,142,rv_10d,0.005241
SPG,126,142,rv_21d,0.009549
SPG,126,142,rv_63d,0.062577
SPG,126,142,rv_126d,0.037115
SPG,126,142,ewma_vol,0.014972
SPG,126,142,garch_cond_vol,0.024191
SPG,126,142,ret_TARGET,0.0
SPG,126,142,tech_RSI,0.004986
SPG,126,142,tech_MACD_hist,0.00477
SPG,126,142,ret_VIXY,0.0
SPG,126,142,mom21_VIXY,0.004639
SPG,126,142,ret_HYG,0.0
SPG,126,142,mom21_HYG,0.011097
SPG,126,142,ret_USO,0.0
SPG,126,142,mom21_USO,0.003117
SPG,126,142,ret_TLT,0.0
SPG,126,142,mom21_TLT,0.003845
SPG,126,142,ret_UUP,0.0
SPG,126,142,mom21_UUP,0.006083
SPG,126,142,ret_SPY,0.0
SPG,126,142,mom21_SPY,0.0
SPG,126,142,vol_vel,0.007668
SPG,126,142,vol_of_vol,0.005177
SPG,126,142,vol_regime_zscore,0.01284
SPG,126,142,vol_chg_21d,0.014043
SPG,126,142,event_fed_gravity,0.022229
SPG,126,142,event_earn_gravity,0.0
SPG,126,142,event_div_gravity,0.0
SPG,126,142,event_cpi_gravity,0.042741
SPG,126,142,event_nfp_gravity,0.020042
SPG,126,142,put_call_skew_30d,0.026156
SPG,126,142,term_structure_slope,0.0
SPG,126,142,vrp_wedge,0.003465
SPG,126,142,iv_atm_z_score,0.007808
SPG,126,142,macro_yield_curve_slope,0.045895
SPG,126,142,macro_hy_spread,0.025092
SPG,126,142,macro_hy_spread_chg_5d,0.011532
SPG,126,142,macro_breakeven_5y,0.058546
SPG,126,142,macro_inflation_fwd_5y5y,0.096282
SPG,126,142,macro_inflation_fwd_chg_21d,0.0
SPG,126,142,macro_inflation_fwd_abs_chg_21d,0.0
SPG,126,142,macro_inflation_fwd_chg_63d,0.012045
SPG,126,142,macro_inflation_fwd_zscore,0.014364
SPG,126,142,macro_dollar_ret,0.0
SPG,126,142,beta_spy,0.006188
SPG,126,142,res_vol,0.115648
SPG,126,142,res_vol_vel,0.002625
SPG,126,142,price_regime,0.204028
SPG,126,142,corr_sector_21d,0.006004
SPG,126,142,corr_sector_252d,0.038521
SPG,126,142,sector_wedge,0.008879
SPG,126,143,rv_5d,0.004595
SPG,126,143,rv_10d,0.007573
SPG,126,143,rv_21d,0.050491
SPG,126,143,rv_63d,0.053317
SPG,126,143,rv_126d,0.04166
SPG,126,143,ewma_vol,0.0143
SPG,126,143,garch_cond_vol,0.031814
SPG,126,143,ret_TARGET,0.0
SPG,126,143,tech_RSI,0.0
SPG,126,143,tech_MACD_hist,0.00577
SPG,126,143,ret_VIXY,0.0
SPG,126,143,mom21_VIXY,0.00495
SPG,126,143,ret_HYG,0.0
SPG,126,143,mom21_HYG,0.008711
SPG,126,143,ret_USO,0.0
SPG,126,143,mom21_USO,0.003624
SPG,126,143,ret_TLT,0.0
SPG,126,143,mom21_TLT,0.005336
SPG,126,143,ret_UUP,0.0
SPG,126,143,mom21_UUP,0.00533
SPG,126,143,ret_SPY,0.0
SPG,126,143,mom21_SPY,0.004673
SPG,126,143,vol_vel,0.0
SPG,126,143,vol_of_vol,0.005319
SPG,126,143,vol_regime_zscore,0.010055
SPG,126,143,vol_chg_21d,0.003823
SPG,126,143,event_fed_gravity,0.021568
SPG,126,143,event_earn_gravity,0.0
SPG,126,143,event_div_gravity,0.0
SPG,126,143,event_cpi_gravity,0.036292
SPG,126,143,event_nfp_gravity,0.016124
SPG,126,143,put_call_skew_30d,0.037306
SPG,126,143,term_structure_slope,0.008651
SPG,126,143,vrp_wedge,0.004829
SPG,126,143,iv_atm_z_score,0.010069
SPG,126,143,macro_yield_curve_slope,0.039121
SPG,126,143,macro_hy_spread,0.026464
SPG,126,143,macro_hy_spread_chg_5d,0.010745
SPG,126,143,macro_breakeven_5y,0.060243
SPG,126,143,macro_inflation_fwd_5y5y,0.089591
SPG,126,143,macro_inflation_fwd_chg_21d,0.0
SPG,126,143,macro_inflation_fwd_abs_chg_21d,0.003014
SPG,126,143,macro_inflation_fwd_chg_63d,0.007904
SPG,126,143,macro_inflation_fwd_zscore,0.020822
SPG,126,143,macro_dollar_ret,0.0
SPG,126,143,beta_spy,0.008179
SPG,126,143,res_vol,0.112119
SPG,126,143,res_vol_vel,0.0
SPG,126,143,price_regime,0.186341
SPG,126,143,corr_sector_21d,0.010933
SPG,126,143,corr_sector_252d,0.020771
SPG,126,143,sector_wedge,0.007575
SPG,126,144,rv_5d,0.009409
SPG,126,144,rv_10d,0.006397
SPG,126,144,rv_21d,0.020084
SPG,126,144,rv_63d,0.052175
SPG,126,144,rv_126d,0.041601
SPG,126,144,ewma_vol,0.014237
SPG,126,144,garch_cond_vol,0.039138
SPG,126,144,ret_TARGET,0.0
SPG,126,144,tech_RSI,0.0
SPG,126,144,tech_MACD_hist,0.003196
SPG,126,144,ret_VIXY,0.0
SPG,126,144,mom21_VIXY,0.00527
SPG,126,144,ret_HYG,0.0
SPG,126,144,mom21_HYG,0.007292
SPG,126,144,ret_USO,0.0
SPG,126,144,mom21_USO,0.00851
SPG,126,144,ret_TLT,0.0
SPG,126,144,mom21_TLT,0.004834
SPG,126,144,ret_UUP,0.0
SPG,126,144,mom21_UUP,0.003753
SPG,126,144,ret_SPY,0.0
SPG,126,144,mom21_SPY,0.0
SPG,126,144,vol_vel,0.0
SPG,126,144,vol_of_vol,0.007733
SPG,126,144,vol_regime_zscore,0.010298
SPG,126,144,vol_chg_21d,0.007494
SPG,126,144,event_fed_gravity,0.01677
SPG,126,144,event_earn_gravity,0.0
SPG,126,144,event_div_gravity,0.0
SPG,126,144,event_cpi_gravity,0.029968
SPG,126,144,event_nfp_gravity,0.031516
SPG,126,144,put_call_skew_30d,0.064696
SPG,126,144,term_structure_slope,0.007857
SPG,126,144,vrp_wedge,0.005522
SPG,126,144,iv_atm_z_score,0.00404
SPG,126,144,macro_yield_curve_slope,0.04135
SPG,126,144,macro_hy_spread,0.024915
SPG,126,144,macro_hy_spread_chg_5d,0.008688
SPG,126,144,macro_breakeven_5y,0.060195
SPG,126,144,macro_inflation_fwd_5y5y,0.084694
SPG,126,144,macro_inflation_fwd_chg_21d,0.003649
SPG,126,144,macro_inflation_fwd_abs_chg_21d,0.002372
SPG,126,144,macro_inflation_fwd_chg_63d,0.010924
SPG,126,144,macro_inflation_fwd_zscore,0.014452
SPG,126,144,macro_dollar_ret,0.0
SPG,126,144,beta_spy,0.008695
SPG,126,144,res_vol,0.126481
SPG,126,144,res_vol_vel,0.002794
SPG,126,144,price_regime,0.175212
SPG,126,144,corr_sector_21d,0.004775
SPG,126,144,corr_sector_252d,0.021953
SPG,126,144,sector_wedge,0.007061
SPG,126,145,rv_5d,0.028924
SPG,126,145,rv_10d,0.006804
SPG,126,145,rv_21d,0.026888
SPG,126,145,rv_63d,0.054105
SPG,126,145,rv_126d,0.045095
SPG,126,145,ewma_vol,0.01506
SPG,126,145,garch_cond_vol,0.035944
SPG,126,145,ret_TARGET,0.0
SPG,126,145,tech_RSI,0.006501
SPG,126,145,tech_MACD_hist,0.003296
SPG,126,145,ret_VIXY,0.0
SPG,126,145,mom21_VIXY,0.003408
SPG,126,145,ret_HYG,0.0
SPG,126,145,mom21_HYG,0.008593
SPG,126,145,ret_USO,0.0
SPG,126,145,mom21_USO,0.007386
SPG,126,145,ret_TLT,0.0
SPG,126,145,mom21_TLT,0.00446
SPG,126,145,ret_UUP,0.0
SPG,126,145,mom21_UUP,0.00337
SPG,126,145,ret_SPY,0.0
SPG,126,145,mom21_SPY,0.0
SPG,126,145,vol_vel,0.002689
SPG,126,145,vol_of_vol,0.004147
SPG,126,145,vol_regime_zscore,0.011264
SPG,126,145,vol_chg_21d,0.0
SPG,126,145,event_fed_gravity,0.017772
SPG,126,145,event_earn_gravity,0.0
SPG,126,145,event_div_gravity,0.0
SPG,126,145,event_cpi_gravity,0.027972
SPG,126,145,event_nfp_gravity,0.026972
SPG,126,145,put_call_skew_30d,0.029281
SPG,126,145,term_structure_slope,0.007023
SPG,126,145,vrp_wedge,0.004327
SPG,126,145,iv_atm_z_score,0.006118
SPG,126,145,macro_yield_curve_slope,0.043675
SPG,126,145,macro_hy_spread,0.025042
SPG,126,145,macro_hy_spread_chg_5d,0.00848
SPG,126,145,macro_breakeven_5y,0.055649
SPG,126,145,macro_inflation_fwd_5y5y,0.081106
SPG,126,145,macro_inflation_fwd_chg_21d,0.027016
SPG,126,145,macro_inflation_fwd_abs_chg_21d,0.0
SPG,126,145,macro_inflation_fwd_chg_63d,0.007956
SPG,126,145,macro_inflation_fwd_zscore,0.014538
SPG,126,145,macro_dollar_ret,0.0
SPG,126,145,beta_spy,0.007509
SPG,126,145,res_vol,0.129117
SPG,126,145,res_vol_vel,0.003145
SPG,126,145,price_regime,0.175087
SPG,126,145,corr_sector_21d,0.006199
SPG,126,145,corr_sector_252d,0.022982
SPG,126,145,sector_wedge,0.005101
SPG,126,146,rv_5d,0.015297
SPG,126,146,rv_10d,0.013894
SPG,126,146,rv_21d,0.005709
SPG,126,146,rv_63d,0.076701
SPG,126,146,rv_126d,0.040104
SPG,126,146,ewma_vol,0.017707
SPG,126,146,garch_cond_vol,0.028653
SPG,126,146,ret_TARGET,0.0
SPG,126,146,tech_RSI,0.006411
SPG,126,146,tech_MACD_hist,0.004361
SPG,126,146,ret_VIXY,0.0
SPG,126,146,mom21_VIXY,0.005823
SPG,126,146,ret_HYG,0.0
SPG,126,146,mom21_HYG,0.010749
SPG,126,146,ret_USO,0.0
SPG,126,146,mom21_USO,0.006249
SPG,126,146,ret_TLT,0.0
SPG,126,146,mom21_TLT,0.005857
SPG,126,146,ret_UUP,0.0
SPG,126,146,mom21_UUP,0.0
SPG,126,146,ret_SPY,0.0
SPG,126,146,mom21_SPY,0.0
SPG,126,146,vol_vel,0.002704
SPG,126,146,vol_of_vol,0.012874
SPG,126,146,vol_regime_zscore,0.010262
SPG,126,146,vol_chg_21d,0.0
SPG,126,146,event_fed_gravity,0.019244
SPG,126,146,event_earn_gravity,0.0
SPG,126,146,event_div_gravity,0.0
SPG,126,146,event_cpi_gravity,0.026787
SPG,126,146,event_nfp_gravity,0.038641
SPG,126,146,put_call_skew_30d,0.027398
SPG,126,146,term_structure_slope,0.0
SPG,126,146,vrp_wedge,0.004101
SPG,126,146,iv_atm_z_score,0.00686
SPG,126,146,macro_yield_curve_slope,0.045085
SPG,126,146,macro_hy_spread,0.023101
SPG,126,146,macro_hy_spread_chg_5d,0.011096
SPG,126,146,macro_breakeven_5y,0.059292
SPG,126,146,macro_inflation_fwd_5y5y,0.08881
SPG,126,146,macro_inflation_fwd_chg_21d,0.004087
SPG,126,146,macro_inflation_fwd_abs_chg_21d,0.002905
SPG,126,146,macro_inflation_fwd_chg_63d,0.00956
SPG,126,146,macro_inflation_fwd_zscore,0.017548
SPG,126,146,macro_dollar_ret,0.0
SPG,126,146,beta_spy,0.010723
SPG,126,146,res_vol,0.119126
SPG,126,146,res_vol_vel,0.004289
SPG,126,146,price_regime,0.175048
SPG,126,146,corr_sector_21d,0.006538
SPG,126,146,corr_sector_252d,0.029496
SPG,126,146,sector_wedge,0.006907
SPG,126,147,rv_5d,0.023864
SPG,126,147,rv_10d,0.009875
SPG,126,147,rv_21d,0.005998
SPG,126,147,rv_63d,0.064601
SPG,126,147,rv_126d,0.048308
SPG,126,147,ewma_vol,0.030364
SPG,126,147,garch_cond_vol,0.031956
SPG,126,147,ret_TARGET,0.0
SPG,126,147,tech_RSI,0.004341
SPG,126,147,tech_MACD_hist,0.005341
SPG,126,147,ret_VIXY,0.0
SPG,126,147,mom21_VIXY,0.005086
SPG,126,147,ret_HYG,0.0
SPG,126,147,mom21_HYG,0.008733
SPG,126,147,ret_USO,0.0
SPG,126,147,mom21_USO,0.016424
SPG,126,147,ret_TLT,0.0
SPG,126,147,mom21_TLT,0.005426
SPG,126,147,ret_UUP,0.0
SPG,126,147,mom21_UUP,0.0
SPG,126,147,ret_SPY,0.0
SPG,126,147,mom21_SPY,0.0
SPG,126,147,vol_vel,0.0
SPG,126,147,vol_of_vol,0.015692
SPG,126,147,vol_regime_zscore,0.01009
SPG,126,147,vol_chg_21d,0.003121
SPG,126,147,event_fed_gravity,0.027689
SPG,126,147,event_earn_gravity,0.0
SPG,126,147,event_div_gravity,0.0
SPG,126,147,event_cpi_gravity,0.017499
SPG,126,147,event_nfp_gravity,0.029725
SPG,126,147,put_call_skew_30d,0.023856
SPG,126,147,term_structure_slope,0.0
SPG,126,147,vrp_wedge,0.004055
SPG,126,147,iv_atm_z_score,0.005307
SPG,126,147,macro_yield_curve_slope,0.038842
SPG,126,147,macro_hy_spread,0.017231
SPG,126,147,macro_hy_spread_chg_5d,0.008781
SPG,126,147,macro_breakeven_5y,0.056075
SPG,126,147,macro_inflation_fwd_5y5y,0.08041
SPG,126,147,macro_inflation_fwd_chg_21d,0.00912
SPG,126,147,macro_inflation_fwd_abs_chg_21d,0.002065
SPG,126,147,macro_inflation_fwd_chg_63d,0.007523
SPG,126,147,macro_inflation_fwd_zscore,0.015848
SPG,126,147,macro_dollar_ret,0.0
SPG,126,147,beta_spy,0.020042
SPG,126,147,res_vol,0.107628
SPG,126,147,res_vol_vel,0.002976
SPG,126,147,price_regime,0.193562
SPG,126,147,corr_sector_21d,0.005709
SPG,126,147,corr_sector_252d,0.029948
SPG,126,147,sector_wedge,0.006887
SPG,126,148,rv_5d,0.031949
SPG,126,148,rv_10d,0.009291
SPG,126,148,rv_21d,0.053882
SPG,126,148,rv_63d,0.052772
SPG,126,148,rv_126d,0.047529
SPG,126,148,ewma_vol,0.030848
SPG,126,148,garch_cond_vol,0.046535
SPG,126,148,ret_TARGET,0.0
SPG,126,148,tech_RSI,0.00294
SPG,126,148,tech_MACD_hist,0.004038
SPG,126,148,ret_VIXY,0.0
SPG,126,148,mom21_VIXY,0.003798
SPG,126,148,ret_HYG,0.0
SPG,126,148,mom21_HYG,0.009355
SPG,126,148,ret_USO,0.0
SPG,126,148,mom21_USO,0.015397
SPG,126,148,ret_TLT,0.0
SPG,126,148,mom21_TLT,0.005526
SPG,126,148,ret_UUP,0.001984
SPG,126,148,mom21_UUP,0.0
SPG,126,148,ret_SPY,0.0
SPG,126,148,mom21_SPY,0.0
SPG,126,148,vol_vel,0.002443
SPG,126,148,vol_of_vol,0.020579
SPG,126,148,vol_regime_zscore,0.010201
SPG,126,148,vol_chg_21d,0.002802
SPG,126,148,event_fed_gravity,0.026815
SPG,126,148,event_earn_gravity,0.0
SPG,126,148,event_div_gravity,0.0
SPG,126,148,event_cpi_gravity,0.0183
SPG,126,148,event_nfp_gravity,0.019969
SPG,126,148,put_call_skew_30d,0.016391
SPG,126,148,term_structure_slope,0.0
SPG,126,148,vrp_wedge,0.002813
SPG,126,148,iv_atm_z_score,0.007827
SPG,126,148,macro_yield_curve_slope,0.035307
SPG,126,148,macro_hy_spread,0.015085
SPG,126,148,macro_hy_spread_chg_5d,0.007867
SPG,126,148,macro_breakeven_5y,0.051634
SPG,126,148,macro_inflation_fwd_5y5y,0.076716
SPG,126,148,macro_inflation_fwd_chg_21d,0.0
SPG,126,148,macro_inflation_fwd_abs_chg_21d,0.0
SPG,126,148,macro_inflation_fwd_chg_63d,0.007384
SPG,126,148,macro_inflation_fwd_zscore,0.017455
SPG,126,148,macro_dollar_ret,0.0
SPG,126,148,beta_spy,0.010148
SPG,126,148,res_vol,0.124863
SPG,126,148,res_vol_vel,0.0
SPG,126,148,price_regime,0.17027
SPG,126,148,corr_sector_21d,0.004433
SPG,126,148,corr_sector_252d,0.028006
SPG,126,148,sector_wedge,0.00685
