date,y_true,y_pred,vrp_wedge,put_call_skew_30d
2014-05-07,0.15050658351421106,0.14975120851982382,0.018702259044137998,0.015743000000000007
2014-05-08,0.15034798703400232,0.15565980535897217,0.007118414524072275,0.017999999999999988
2014-05-09,0.15002966004124285,0.15599318195790385,0.0026542811444997816,0.016885999999999984
2014-05-12,0.15037591132733055,0.15616504462038006,0.009143919828757646,0.01721700000000001
2014-05-13,0.15075548722421686,0.1561926857053787,0.00707940042648067,0.017879000000000006
2014-05-14,0.15016612644708893,0.15622213821327205,0.004268821712548804,0.01581000000000002
2014-05-15,0.14914635707512536,0.1567181366781155,0.012430796682353945,0.021077999999999986
2014-05-16,0.14869378551461737,0.157091995085819,0.005498280123708538,0.017237000000000002
2014-05-19,0.14813909706263287,0.15621410349601128,0.005317656226556333,0.015731999999999996
2014-05-20,0.14757611061194312,0.15580988157307765,0.0013037180053550868,0.017578999999999984
2014-05-21,0.14750945279809777,0.15568943167549779,-0.006189420777650917,0.016146999999999995
2014-05-22,0.1476807718152386,0.1560724394558178,-0.006714208964760965,0.01658800000000002
2014-05-23,0.14766386951594818,0.15581570496077654,-0.006538583839980183,0.01455999999999999
2014-05-27,0.147749919288001,0.15568613692614547,-0.0032070101985725574,0.016542
2014-05-28,0.14779748418185032,0.15641680567410274,0.00999663174430443,0.016404000000000002
2014-05-29,0.14790811003061236,0.1564260518937689,0.006906688889900758,0.018038
2014-05-30,0.14778707613484027,0.15642456702622448,0.010272023337220104,0.018090000000000023
2014-06-02,0.14791699137115302,0.1563057790090374,0.010944954964728082,0.016285999999999995
2014-06-03,0.14822845388582756,0.15638986904733734,0.011092847726740435,0.019533999999999996
2014-06-04,0.14826914175287592,0.15639953570154708,0.018300591482397405,0.014354000000000006
2014-06-05,0.14827808335627193,0.15658752421105793,0.012135769999984947,0.016859999999999986
2014-06-06,0.14846130659426265,0.15757318525636527,0.022083506639139272,0.020316
2014-06-09,0.14807441830501958,0.15805822503063463,0.03601476008967314,0.018187999999999982
2014-06-10,0.14840078294821477,0.15829005561095968,0.04141142734733666,0.015258999999999995
2014-06-11,0.14942286256447837,0.15839010925862632,0.04012876328967839,0.016144999999999993
2014-06-12,0.14915664756733776,0.15403163487976554,0.04729412666677292,0.015612000000000015
2014-06-13,0.14992331316489932,0.1537861128516381,0.045592815132492484,0.022085999999999995
2014-06-16,0.15077042703356722,0.15422886384661555,0.06145557418799809,0.021818999999999977
2014-06-17,0.15251488249049588,0.15469444605434512,0.06340929921918881,0.02107600000000001
2014-06-18,0.15350096853118234,0.1549603275706509,0.06292040187799827,0.02318099999999998
2014-06-19,0.1538421452012578,0.15591736872080886,0.06196312711135182,0.022958000000000006
2014-06-20,0.15379168109929986,0.15685094205868574,0.06264382310652346,0.01507
2014-06-23,0.15418986069250568,0.1564495922334308,0.06167139610087616,0.01730899999999999
2014-06-24,0.15393323751188998,0.156218328658687,0.057719197450818716,0.013683
2014-06-25,0.15304698944486406,0.15568702850950258,0.047877815599918674,0.012397999999999992
2014-06-26,0.15286831864017125,0.15534775759374228,0.04642659346827947,0.019384000000000012
2014-06-27,0.15283291079212918,0.15530468969640032,0.04335348604147107,0.024243999999999988
2014-06-30,0.1528131725585385,0.15516650964005502,0.04810078086247596,0.017451999999999995
2014-07-01,0.15271072574736816,0.1551264401551441,0.04723615226729205,0.012083999999999984
2014-07-02,0.15316479672486,0.15541942154864008,0.04360088336741129,0.018285999999999997
2014-07-03,0.15486192370143914,0.15562682397136066,0.046648778425356974,0.020283999999999996
2014-07-07,0.155447637445568,0.15580907989633125,0.06612021843785307,0.022004999999999997
2014-07-08,0.15673208951046333,0.15703591892301538,0.07217428507878713,0.021402000000000004
2014-07-09,0.15675099167281156,0.1565733431219375,0.07455591631608685,0.024319000000000007
2014-07-10,0.15613260324776448,0.15675912797164535,0.07207474663358579,0.019615999999999995
2014-07-11,0.15629527808732116,0.15730680493484037,0.06665774830930248,0.027571000000000012
2014-07-14,0.15650231445386845,0.15738129132447926,0.07197877747252288,0.02337700000000001
2014-07-15,0.15707584162872493,0.157109047727986,0.07458563803988892,0.027210000000000012
2014-07-16,0.15578492331558452,0.15542577857395967,0.0558347279575985,0.021717000000000014
2014-07-17,0.15533596747616024,0.15645100797812733,0.05981109798395107,0.015515000000000001
2014-07-18,0.15526915104738057,0.15577340734303147,0.05245106049152776,0.021983000000000003
2014-07-21,0.1560642183971143,0.15591459301649035,0.055987098226728316,0.021601999999999982
2014-07-22,0.15588936104083323,0.1554474376782971,0.05310931913163519,0.019093
2014-07-23,0.156248675611782,0.1553091024173186,0.047664548527482115,0.018206
2014-07-24,0.15651506804196455,0.1551158786860753,0.04631572123563199,0.021289000000000002
2014-07-25,0.15667117428271948,0.15556826805440893,0.05318266628281232,0.016243000000000007
2014-07-28,0.15668496511562804,0.15499210360214613,0.05419561023907393,0.023323999999999984
2014-07-29,0.1571733087807632,0.15515216782137356,0.05664199931628408,0.009876999999999997
2014-07-30,0.15814894666681945,0.15433658791890137,0.0515525752754068,0.02515400000000001
2014-07-31,0.15861511555788485,0.15690679696147877,0.06155383182741622,0.021205
2014-08-01,0.15972658580388807,0.1570268248681882,0.07522170423767932,0.018006000000000022
2014-08-04,0.15970131928528883,0.15627720324455538,0.06986958457836787,0.020345000000000002
2014-08-05,0.16128796857957234,0.15644033708856717,0.06496872303017118,0.023426000000000002
2014-08-06,0.16128831344420466,0.1581977613571522,0.0397474135539303,0.014966000000000007
2014-08-07,0.16110411748841466,0.1588365264197781,0.04047875521628569,0.02202900000000002
2014-08-08,0.16122330208755098,0.15737732896567164,0.03175978247608216,0.025778999999999996
2014-08-11,0.1612368239311554,0.15717962121587628,0.029270683542306553,0.016600000000000004
2014-08-12,0.16121709391486205,0.15739989665667733,0.020671912465387854,0.020995000000000014
2014-08-13,0.16200872068695843,0.15771900551164236,0.013099331440440592,0.020459000000000005
2014-08-14,0.16186213355094425,0.1582295845400942,0.01906726522030855,0.01433899999999999
2014-08-15,0.16186405824934058,0.15719816298491468,0.027053825749093915,0.014879000000000003
2014-08-18,0.16185797423627782,0.15687474477095112,0.024462595836393958,0.01668699999999998
2014-08-19,0.1617750068484921,0.15677191397527643,0.021413449732267872,0.018378000000000005
2014-08-20,0.16271792137823854,0.15706099183270988,0.024803375203679506,0.016093999999999997
2014-08-21,0.162794645506607,0.1582642479588451,0.02505908417741172,0.018922999999999995
2014-08-22,0.16273786276712354,0.16133562451973846,0.02752813626964247,0.012462
2014-08-25,0.16287337944760225,0.1603673925753136,0.02735699246473229,0.010693999999999981
2014-08-26,0.1632708759427942,0.16254592303537718,0.03085315392714945,0.00911099999999998
2014-08-27,0.16352970065400343,0.1615888926954051,0.029641184678671786,0.019839999999999997
2014-08-28,0.163669873603871,0.16192369156741343,0.035361629146317894,0.016388000000000014
2014-08-29,0.16379836045475393,0.16207492990649824,0.03276638436331583,0.021443000000000018
2014-09-02,0.16407360238955762,0.16062030593644475,0.042433055742396406,0.01891000000000001
2014-09-03,0.16417659771659698,0.16042286917530052,0.04811696825438873,0.013830000000000009
2014-09-04,0.16428686127561054,0.16006154069436487,0.05316158277945689,0.009409
2014-09-05,0.1645455447854182,0.1608128329296855,0.051990047733068215,0.019486000000000003
2014-09-08,0.1645297591143138,0.16080787285506695,0.06264963764367608,0.018653999999999976
2014-09-09,0.1646475654838731,0.16194048561490562,0.06865470248385223,0.012820999999999999
2014-09-10,0.1652637358773251,0.16194786772420278,0.06802563273481443,0.016822000000000004
2014-09-11,0.1657560276878203,0.1613409604641737,0.07220417401895493,0.020072000000000007
2014-09-12,0.16615882437245663,0.16010723953295886,0.06502867286983159,0.018375000000000002
2014-09-15,0.16624488507881144,0.15823276903955621,0.07091404167213734,0.01752200000000001
2014-09-16,0.16764709936449776,0.15719118821913722,0.07206434193014395,0.019232
2014-09-17,0.16784765457191736,0.1548299143117033,0.06768889631570858,0.014426999999999995
2014-09-18,0.16817673039780046,0.1578062704394421,0.06341506733754368,0.01829900000000001
2014-09-19,0.1681328089431225,0.15780242031238773,0.06408611092634268,0.00892599999999999
2014-09-22,0.16796795522610022,0.16094688908394428,0.060532353658862864,0.009797999999999973
2014-09-23,0.16815052324622143,0.16082498631847522,0.06859714439030974,0.010743000000000003
2014-09-24,0.1684334693742109,0.16009642408934688,0.054334703148280844,0.023615999999999998
2014-09-25,0.16859345927436412,0.1613830869860277,0.07757087495317497,0.007673000000000013
2014-09-26,0.16853964991109652,0.1609938954389974,0.05934219509187394,0.028418
2014-09-29,0.1680434324330273,0.16600430018935383,0.06267199472870238,0.025407000000000013
2014-09-30,0.16850254867687364,0.16351890346779652,0.06844543046708085,0.02118700000000001
2014-10-01,0.16811059993082847,0.1660129104690608,0.07840673211967832,0.030269000000000018
2014-10-02,0.16520779884396583,0.16476311492832432,0.06368098671713618,0.04081000000000001
2014-10-03,0.16478191410995424,0.1643805764885356,0.05233830726323693,0.03516899999999998
2014-10-06,0.16468729344148542,0.16323755150109082,0.0523941025188675,0.036085000000000006
2014-10-07,0.16466365990297427,0.16426532469458113,0.07181134163338543,0.01932500000000001
2014-10-08,0.16379379178847794,0.16301448731668206,0.05122724435326914,0.04586699999999999
2014-10-09,0.1632394519901489,0.1627708840852117,0.08338127070560539,0.025176000000000004
2014-10-10,0.16258984902875362,0.16349331607085438,0.07816375127516692,0.044549000000000005
2014-10-13,0.16106092128548252,0.16468743012848774,0.119448443465971,0.03121999999999997
2014-10-14,0.16038790667403965,0.16325198192223497,0.09647134704970542,0.04533599999999999
2014-10-15,0.14759019243425536,0.1594267272629197,0.07593090257526047,0.06501000000000001
2014-10-16,0.14484556900766737,0.1571360383824808,0.07799487126772087,0.07784400000000002
2014-10-17,0.14364622225953533,0.15524057935669752,0.01429232922175147,0.06065699999999999
2014-10-20,0.14372144132060566,0.15454332686726113,-0.00993040607664547,0.066415
2014-10-21,0.14460300379807087,0.15168174991129754,-0.042365544520383824,0.05302499999999999
2014-10-22,0.14413337339067267,0.1525803588476287,-0.03020589275998095,0.04461699999999999
2014-10-23,0.14413427340193902,0.15149254401727716,-0.04360991699251171,0.043434
2014-10-24,0.14509544250498593,0.15438271349828558,-0.05092386660364559,0.05094800000000002
2014-10-27,0.1452021407394245,0.15391591844504238,-0.044223156566365496,0.041714
2014-10-28,0.14664197223724235,0.15314008379785174,-0.0590958736391306,0.047186000000000006
2014-10-29,0.146437817694635,0.15222179950331233,-0.05773932616734839,0.041290999999999994
2014-10-30,0.14575899324108765,0.15310405474156866,-0.06068378788826628,0.038604
2014-10-31,0.1459206215042384,0.15434172717658162,-0.05451333010886125,0.037821999999999995
2014-11-03,0.1470815640734081,0.14837567067402463,-0.05527267809905054,0.039398000000000016
2014-11-04,0.1462505644099655,0.1492735079633643,-0.04634682716856611,0.03233999999999998
2014-11-05,0.14503153654264553,0.14800467698606395,-0.0469588057227468,0.04048399999999999
2014-11-06,0.1451517018653308,0.15000496018262865,-0.045664698196947046,0.029461000000000015
2014-11-07,0.14541237297998136,0.15060211439414598,-0.06125304508101198,0.031197000000000003
2014-11-10,0.14484095066724603,0.1496334805163462,-0.0643602875966843,0.02671700000000002
2014-11-11,0.14476218353629564,0.15029463755678327,-0.0632706429178164,0.023612999999999995
2014-11-12,0.14478143387610676,0.15443006487647387,-0.062478914444685146,0.02573800000000001
2014-11-13,0.14478244547783273,0.15697699768279996,-4.203946549005688e-05,0.024233000000000005
2014-11-14,0.14476650355964207,0.15739101971932806,0.014103603372839613,0.02310699999999999
2014-11-17,0.14464722542298716,0.1588841150609512,0.02252777670662587,0.024909000000000014
2014-11-18,0.14464416586512957,0.15923964765359425,0.022343796169121688,0.024548000000000014
2014-11-19,0.14436463261930194,0.15926571058185612,0.02418433126539296,0.026622000000000007
2014-11-20,0.1453194472738448,0.15839668293040796,0.02691996056869858,0.022600999999999982
2014-11-21,0.14535582540148353,0.15925612242199363,0.022768229550770458,0.023638999999999993
2014-11-24,0.14532692487863377,0.15690685565890541,0.011841456973401332,0.023188000000000014
2014-11-25,0.14535552946744734,0.1572479089179933,0.014560654372407694,0.020834999999999992
2014-11-26,0.1455608381343674,0.1579013511668277,0.012631607741135115,0.01976899999999998
2014-11-28,0.14576565337137434,0.15880257495801658,0.014857158512132457,0.019181000000000004
2014-12-01,0.14581576968018714,0.15852667942421778,0.040649401376826946,0.018677
2014-12-02,0.1456106056596522,0.1589992201575323,0.030109013844519375,0.025294999999999984
2014-12-03,0.14539817255998047,0.15916696743723333,0.026957998195971042,0.017627000000000004
2014-12-04,0.14517396848677835,0.15959609786744042,0.02806187141430483,0.024097000000000007
2014-12-05,0.14576474506585627,0.16018741291571317,0.03643248242820407,0.019667000000000018
2014-12-08,0.14574859629328987,0.1592617630112688,0.05074830420857375,0.021525000000000016
2014-12-09,0.14470761983766892,0.15167986989571122,0.057390965713291886,0.026463000000000014
2014-12-10,0.14453875644222675,0.15277676625528408,0.08259514147900766,0.018167000000000016
2014-12-11,0.1434732056999422,0.15336496905440147,0.06957891600805598,0.019350000000000006
2014-12-12,0.14280232188740624,0.1567772234934428,0.08501395770967535,0.019157000000000007
2014-12-15,0.1408833765330899,0.15642151519688322,0.07872280382071939,0.032510999999999984
2014-12-16,0.14008974197709861,0.15710503535127315,0.07782509883549857,0.021285
2014-12-17,0.13980835077133363,0.15531566917880038,0.059134585729685885,0.04413500000000001
2014-12-18,0.14001970729922103,0.15400323936565552,0.04086427785758592,0.036215
2014-12-19,0.13951623660001816,0.15419225860155078,0.035371841979318336,0.029461999999999988
2014-12-22,0.13933208625354948,0.15382938568107693,0.019227542956201327,0.03562599999999999
2014-12-23,0.13937329184323255,0.15416362681586518,0.023439392931192793,0.025187999999999988
2014-12-24,0.13933240653013665,0.15475832915365634,0.03161899508463417,0.015934000000000004
2014-12-26,0.1401621167091425,0.1542935081572297,0.024963568702820987,0.028645000000000004
2014-12-29,0.14019032601725995,0.15367035489270633,0.0259202674068362,0.033163
2014-12-30,0.14009196486135692,0.15276622647863164,0.02802052413437439,0.028016000000000013
2014-12-31,0.1398478097823848,0.15388851411664475,0.049552859498579016,0.035191
2015-01-02,0.13823435059035388,0.15401920616470868,0.035098943837209184,0.04111300000000001
2015-01-05,0.13881919869558831,0.15650305456446068,0.06776926763912766,0.037187
2015-01-06,0.13751545319597022,0.15695663965962348,0.06951576490445555,0.034541000000000016
2015-01-07,0.13751358948930004,0.15527210607599684,0.051636324613817924,0.047867999999999994
2015-01-08,0.138038355970711,0.1547991056843059,0.03649347902340094,0.040604
2015-01-09,0.13766294521372335,0.15462019415850317,0.04828159617404498,0.027516000000000013
2015-01-12,0.137322512275843,0.15472024922714048,0.046254421200402435,0.03984900000000002
2015-01-13,0.13640150572277926,0.15269910506669826,0.04250795860877693,0.038358
2015-01-14,0.13556801520905487,0.15421521198377897,0.0544361338803889,0.05163699999999999
2015-01-15,0.13543304007125365,0.14413222384649357,0.076082111363066,0.035606
2015-01-16,0.13547976197852724,0.1438003392147387,0.06264197513814823,0.052179999999999976
2015-01-20,0.13464358129962165,0.14500120354421864,0.04608626449368827,0.042061000000000015
2015-01-21,0.1344569091848468,0.14485984985325698,0.041212287102392164,0.037251000000000006
2015-01-22,0.13403665273091342,0.14421687923823134,0.026931005883594122,0.039791999999999994
2015-01-23,0.13390057233926211,0.14506527364546373,0.022089561826197007,0.034469
2015-01-26,0.13375631844280925,0.14541583303083422,0.02623827146327906,0.037425000000000014
2015-01-27,0.13322491623660182,0.145118119470028,0.03846350245663174,0.030528
2015-01-28,0.13281489478158653,0.144998443784452,0.04761224598978722,0.02470900000000001
2015-01-29,0.1315393662561995,0.1471597237510031,0.03538062864019176,0.04875099999999999
2015-01-30,0.1306921515123227,0.14719523303992024,0.05848117075984699,0.029502
2015-02-02,0.1296249116872624,0.14642043081615183,0.05014800991418708,0.055758999999999975
2015-02-03,0.12950031489274327,0.14407108722619144,0.03985076482414532,0.042929999999999996
2015-02-04,0.13288872239503532,0.14215363454309968,0.01927560195030023,0.032095999999999986
2015-02-05,0.14308736458272567,0.1424068402265726,0.009155082569654138,0.041275000000000006
2015-02-06,0.14358355947013018,0.1428156777017677,0.008266423427191416,0.030449000000000004
2015-02-09,0.14344907796845038,0.14317792655080502,0.012083411534370841,0.029457999999999984
2015-02-10,0.14375325174335057,0.14259192788725666,0.00553881354956226,0.031359000000000026
2015-02-11,0.14459427184097806,0.1426215546627295,0.003811599745031591,0.02979599999999999
2015-02-12,0.14449233258993985,0.1425790490651101,-0.005761431113705556,0.029439999999999994
2015-02-13,0.14458764613537609,0.14201226483530333,-0.007328637681148775,0.028543000000000013
2015-02-17,0.14540482134650398,0.14141413008806283,-0.002685432146672745,0.03131600000000001
2015-02-18,0.14552854520288047,0.14162950609910874,-0.004080562087160122,0.027956999999999982
2015-02-19,0.14661567846062853,0.1416913445666429,0.0029393349988692252,0.023411000000000015
2015-02-20,0.14970726311091662,0.14131374141064623,-0.00792486612900306,0.022985000000000005
2015-02-23,0.15452277100095793,0.151151325239487,-0.006792894672109334,0.026110999999999995
2015-02-24,0.18596762198765943,0.15111385104060257,-0.0007717457218896218,0.021352999999999983
2015-02-25,0.18784692084781335,0.1502299444843677,-0.0046716767594534025,0.022413000000000016
2015-02-26,0.19023860222844477,0.15101068035077905,-1.559841419729313e-05,0.025190000000000018
2015-02-27,0.19189995354051892,0.15254273356080034,0.002886260890819975,0.017509999999999998
2015-03-02,0.192269230647258,0.1564938799962999,0.007354407667568674,0.024493000000000015
2015-03-03,0.19242348539332238,0.15817440995039272,0.012642842990731512,0.01801799999999998
2015-03-04,0.19331109685764022,0.15828746592259507,0.024255137366112733,0.025362999999999997
2015-03-05,0.19442178692360182,0.1584215403215419,0.03181109898903681,0.01589099999999999
2015-03-06,0.19461217103856074,0.15739814684117917,0.04458995680133454,0.024202
2015-03-09,0.19486309482667208,0.1507473851712319,0.04827002884368846,0.016797000000000006
2015-03-10,0.1951753620252828,0.15076070231662791,0.07563772024373172,0.010221000000000008
2015-03-11,0.1960080469463213,0.150391923331097,0.06896701865145058,0.017984
2015-03-12,0.1958873456346863,0.1505571853495887,0.061098400306048545,0.01533699999999999
2015-03-13,0.19573833097834384,0.15009980733485753,0.06810674874042483,0.018834000000000017
2015-03-16,0.19589295959116912,0.15002959124311488,0.05607696317000094,0.02193400000000001
2015-03-17,0.19657120066150668,0.1503571016230366,0.05983932306764331,0.015889999999999987
2015-03-18,0.1954971697311223,0.14920362745050234,0.03934642351104439,0.01960299999999998
2015-03-19,0.19626432059078955,0.15104761969885022,0.032547616432057225,0.019877000000000006
2015-03-20,0.19664029872442448,0.1517921095027825,0.020795024995731826,0.007870000000000016
2015-03-23,0.1969575601894297,0.15018200277306984,0.02413136214579631,0.009796
2015-03-24,0.19718891208059913,0.15733361196959245,0.028724870332285685,0.006078
2015-03-25,0.19710959924773316,0.15783724035699995,0.04324094549345439,0.012069999999999997
2015-03-26,0.19760741378447064,0.15784164245273405,0.044698439094086884,0.015113000000000015
2015-03-27,0.19801116752611486,0.1571052117237881,0.047625604868788585,0.012376999999999999
2015-03-30,0.19856157746244715,0.1837087662776284,0.049445011163194275,0.013475999999999988
2015-03-31,0.19937200837708358,0.1836130457295724,0.06235161436046635,0.010797000000000001
2015-04-01,0.19920506599295792,0.18246069758892744,0.04863440495860691,0.023863999999999996
2015-04-02,0.20017488787332052,0.18254539748885443,0.05182259413398263,0.015340999999999994
2015-04-06,0.20145137600176252,0.182254720485948,0.05912696768179107,0.019881999999999983
2015-04-07,0.20182865727031885,0.18165033692879615,0.06396227236585517,0.016669000000000017
2015-04-08,0.20188704207485686,0.18182479236013857,0.05652760462591597,0.021760999999999975
2015-04-09,0.20226868602997483,0.18163415312411996,0.056809237283908826,0.021883999999999987
2015-04-10,0.2029213140041615,0.18098856124859278,0.0559895323974299,0.022043000000000007
2015-04-13,0.20291989324725349,0.18143117331031097,0.07082308906950566,0.019454
2015-04-14,0.20284620118598365,0.17623393212153704,0.07059834364803272,0.019942000000000015
2015-04-15,0.2035965124832382,0.17077292389902213,0.07196625903117382,0.019211000000000006
2015-04-16,0.20380178037492433,0.17078742372037348,0.07311169220263344,0.01546599999999998
2015-04-17,0.2036685057564383,0.17290264185091617,0.09093584775739047,0.021518999999999983
2015-04-20,0.20362725510488142,0.17256038484893224,0.0754046046774266,0.025365
2015-04-21,0.2040772774172837,0.17261215663507817,0.07914401178247782,0.021960000000000007
2015-04-22,0.2039725412089346,0.17257002180893846,0.07414309010621037,0.020394000000000023
2015-04-23,0.2034866666013961,0.17256244661430134,0.06654413022343092,0.016597
2015-04-24,0.20385964351573416,0.17254195434845004,0.07908398820726595,0.024006
2015-04-27,0.20451638323348134,0.17236717824204,0.08996983410241477,0.009560999999999986
2015-04-28,0.20397037027882908,0.17254051476408908,0.08807916489108916,0.008587999999999985
2015-04-29,0.20388331676039623,0.172183758527219,0.09322065612879205,0.012705999999999995
2015-04-30,0.20319258042308924,0.17129576309546754,0.0946071131036062,0.015467999999999982
2015-05-01,0.20304258482251886,0.1712235219401294,0.09258804883248489,0.018273999999999985
2015-05-04,0.20309411342313236,0.1721844244945231,0.08481749831381036,0.003038000000000013
2015-05-05,0.2028082800590489,0.18809784012288897,0.04516325095236712,0.006609000000000004
2015-05-06,0.2024142987473854,0.16363626638648068,0.04293685919169804,0.009232999999999991
2015-05-07,0.20738994629119878,0.16353490402339477,0.04647217077884103,0.005435999999999996
2015-05-08,0.20815762879540603,0.1635721797492604,0.019846241424226446,0.01285799999999998
2015-05-11,0.20867078494878627,0.16335612819047107,0.02593755490383068,0.014214000000000004
2015-05-12,0.2084022712639693,0.1640208371811905,0.023722690002632496,0.007327
2015-05-13,0.20869849315430486,0.16359707488104086,0.01951933617241805,0.01061999999999999
2015-05-14,0.20859956731190027,0.16344986431964834,0.012215308535589164,0.01086899999999999
2015-05-15,0.20905798306519366,0.16358127623768598,0.008387420845154675,0.015600000000000003
2015-05-18,0.20954131467572604,0.16348432906111787,0.005649445709543538,0.016576000000000007
2015-05-19,0.21001617553964802,0.16347264173903758,0.006990164584988939,0.014465000000000006
2015-05-20,0.21067356695542042,0.16353275103197903,0.012731073805189647,0.011501999999999984
2015-05-21,0.21095250241618985,0.1638009564737031,0.009689801046417174,0.013932
2015-05-22,0.2111842255315015,0.16366100176168819,0.017454778312050112,0.006629999999999997
2015-05-26,0.21059035970440312,0.16369349715325118,0.026087948440387948,0.014651999999999998
2015-05-27,0.2107168834077254,0.16360983704342916,0.01579027945187636,0.01544000000000001
2015-05-28,0.21085397490793975,0.16352334124062753,0.019908780338674603,0.019274999999999987
2015-05-29,0.21083110736675723,0.1638291208361651,0.021620546860600776,0.019037
2015-06-01,0.211882624564192,0.16410546981987686,0.031240996804585405,0.018034999999999995
2015-06-02,0.2119163689967971,0.16405515785995545,0.03664527768222217,0.014244000000000007
2015-06-03,0.21195515765093872,0.16402533446740722,0.03306266251428096,0.014600000000000002
2015-06-04,0.2119270326091958,0.16408758005240676,0.04882498635164194,0.018525000000000014
2015-06-05,0.2129043145458284,0.16412550252449437,0.054232022783653744,0.01714200000000002
2015-06-08,0.2130382118274003,0.16415970017987216,0.06711752786016693,0.009467000000000003
2015-06-09,0.21311556410732646,0.1641303097819987,0.05924084322862057,0.01819499999999999
2015-06-10,0.21294164270528987,0.1977065869675599,0.04868738295777675,0.013572
2015-06-11,0.21385516960258313,0.19804193170328488,0.047676064531270324,0.013490000000000002
2015-06-12,0.21404313217310092,0.20024246294605075,0.05140907640799629,0.011752999999999986
2015-06-15,0.21428408911832708,0.19931441401673025,0.05629600662798355,0.014609999999999984
2015-06-16,0.21441784842528688,0.2000443014864445,0.0522705416516035,0.013698999999999989
2015-06-17,0.21479123084252683,0.19886274115152944,0.054035275705000815,0.007763999999999993
2015-06-18,0.21581756082288714,0.1962970625913906,0.0383647070805318,0.008645000000000014
2015-06-19,0.21611192210380065,0.19641991896829622,0.028900501707232323,0.010031000000000012
2015-06-22,0.21808895244068358,0.18832350401899164,0.02650677167642454,0.007989999999999997
2015-06-23,0.22172868615071065,0.18902399293820066,0.0246948447739931,0.01111200000000001
2015-06-24,0.22200460430448082,0.18896538985637587,0.06231136567859216,-0.021205
2015-06-25,0.22319323806645047,0.18757516940082397,0.046362823561679964,0.008765999999999996
2015-06-26,0.22352371277450886,0.18873934156312722,0.046819375154841886,0.015426999999999996
2015-06-29,0.22345927771507992,0.18813596539964283,0.07891189939925934,0.015216000000000007
2015-06-30,0.22356677382169748,0.19487006266188778,0.06733154171923658,0.01586499999999999
2015-07-01,0.22356542060774795,0.18789467705205326,0.056596306916201405,0.020723999999999992
2015-07-02,0.22347465644564699,0.184872821694808,0.06444202339482466,0.02015900000000001
2015-07-06,0.22385588288371,0.18668006655339497,0.07492578233243782,0.024011000000000005
2015-07-07,0.22417456239508554,0.18649182352745172,0.06800463424484844,0.023436000000000012
2015-07-08,0.22479447466293662,0.1944441861947183,0.09144021359883692,0.018861000000000017
2015-07-09,0.22624059255439485,0.18714436673882104,0.0931498952382705,0.013576000000000005
2015-07-10,0.22626886411698777,0.18690613689883823,0.07773915218525941,0.015486
2015-07-13,0.226891579072147,0.18691276429154305,0.061587418315556544,0.01628400000000002
2015-07-14,0.2273162336048047,0.1869063803911087,0.060872065288414295,0.020086999999999994
2015-07-15,0.22830187573651067,0.18762518009366783,0.06018210370394057,0.019656000000000007
2015-07-16,0.2298703574154802,0.20969133353178318,0.056497939563606214,0.01741999999999999
2015-07-17,0.2320024323415327,0.2097027925286693,0.06387463400024124,0.017244999999999983
2015-07-20,0.23267322137187138,0.20962578531316867,0.0638903504290639,0.019563999999999998
2015-07-21,0.2351476074762326,0.20959455174611558,0.06898180009433834,0.01862899999999998
2015-07-22,0.23639866461639886,0.2090279948958337,0.06790072996604539,0.01783599999999999
2015-07-23,0.23688258674044993,0.2089553537098265,0.070223511436241,0.016880000000000006
2015-07-24,0.23701528286958068,0.20647742151038867,0.08396743881483242,0.02138899999999999
2015-07-27,0.23717799215421348,0.20644380455665376,0.08892918886452762,0.019339000000000023
2015-07-28,0.23808258222312723,0.20647216764045195,0.08245830161916308,0.01907500000000001
2015-07-29,0.23928445988493652,0.2068915143440707,0.07287984943339115,0.02052100000000001
2015-07-30,0.2396871232954455,0.20672398480875828,0.07073351185881216,0.017321999999999976
2015-07-31,0.23974119941108848,0.2066474914213377,0.07314297976510205,0.01667100000000002
2015-08-03,0.23966334442605675,0.20150473131919056,0.09748178121827707,0.025839
2015-08-04,0.2412759709541931,0.2067161289388877,0.0899842019815372,0.009481000000000017
2015-08-05,0.2389601329091013,0.19896778263414694,0.048133998074953055,0.0017870000000000108
2015-08-06,0.23294975081489105,0.19549296625739904,0.029102016176813295,0.013618999999999992
2015-08-07,0.23536295618901676,0.195624990061321,0.013006421943499547,0.02190499999999998
2015-08-10,0.238697673051689,0.1963076021423657,-0.019736299536478846,0.02024100000000001
2015-08-11,0.24198985333950215,0.19557006213935305,0.02022248433621504,0.0017330000000000123
2015-08-12,0.24346619654304535,0.19579975276503006,0.012064487170966448,0.03443499999999999
2015-08-13,0.24388478710531425,0.19674364271251413,-6.721457036035217e-05,0.022160999999999986
2015-08-14,0.244193330165336,0.195512421760871,-0.008483308695797581,0.024617
2015-08-17,0.2448523008552298,0.19493366343546986,-0.025869009543630056,0.02826400000000001
2015-08-18,0.24530681086402395,0.19552226582637605,-0.009555979641313522,0.026257000000000003
2015-08-19,0.24490235348058292,0.18570190890546856,-0.0010335453746758427,0.019984000000000002
2015-08-20,0.242643661851138,0.18036356444376014,0.06929109656774235,0.02166600000000002
2015-08-21,0.23990682943822667,0.1781618012748462,0.09700902712029397,0.042886000000000035
2015-08-24,0.21786329992143447,0.18022093560146626,0.08980252042235215,0.07615099999999997
2015-08-25,0.21665461323901786,0.18284996341144882,0.0910907676219137,0.04228599999999999
2015-08-26,0.21437297592593899,0.17954961510926834,-0.018662215513000124,0.08174100000000001
2015-08-27,0.21292506252042992,0.18970578041385064,-0.04841266948763834,0.082561
2015-08-28,0.2129657740991197,0.18934469647344798,-0.086081198642117,0.08715499999999998
2015-08-31,0.21286688637496531,0.1888414478768533,-0.08093614324323833,0.08173799999999998
2015-09-01,0.21249462741218378,0.18946168595241816,-0.011512350931563387,0.093528
2015-09-02,0.21170042783964654,0.18906265501643868,-0.08830040672434186,0.09537600000000002
2015-09-03,0.21138966490304337,0.1888967879823459,-0.08523217534119715,0.07702300000000001
2015-09-04,0.21112974616318694,0.1883662080510654,-0.04373726439515602,0.07269399999999998
2015-09-08,0.21121587765977232,0.18742199312189048,-0.0829199900026657,0.07427600000000004
2015-09-09,0.21170066361402806,0.18781756086346682,-0.08057989796525339,0.07225899999999999
2015-09-10,0.21112776442742393,0.18565242486178482,-0.09180274698305702,0.07708600000000002
2015-09-11,0.21105240825758786,0.18718306725232978,-0.11089305278689784,0.07769399999999999
2015-09-14,0.21057736761677667,0.18783035029009884,-0.09334119453233697,0.06884800000000002
2015-09-15,0.21033343236251786,0.18600686673155428,-0.09539960299027922,0.05477400000000002
2015-09-16,0.21033242554678858,0.18529977685945695,-0.11097795036162522,0.06515400000000002
2015-09-17,0.20951116263329214,0.18824386661320963,-0.12951329006894077,0.05529999999999999
2015-09-18,0.20924945047294385,0.18836136013912538,-0.11585320975599037,0.06090300000000001
2015-09-21,0.2090334556452802,0.18453631681036053,-0.12424403516080773,0.06301400000000001
2015-09-22,0.20882858371466914,0.18517177589638303,-0.08868234180656198,0.05834199999999998
2015-09-23,0.20887626624574204,0.18736886162538052,0.03320324710619191,0.04982700000000001
2015-09-24,0.20804832433950746,0.19040416134524504,0.0457467529478556,0.04908799999999999
2015-09-25,0.20739596539701152,0.18985360948671834,0.049697988296454026,0.05943399999999999
2015-09-28,0.2068365910217618,0.1899867131190149,0.09948256864840507,0.054742999999999986
2015-09-29,0.20613034792557136,0.1889560574824244,0.08612016385862933,0.05559699999999998
2015-09-30,0.20574826306627336,0.18905807487836912,0.07602682916531336,0.04560800000000001
2015-10-01,0.20454323319005077,0.18570464575628062,0.06831914170180883,0.06118600000000002
2015-10-02,0.20334337637792088,0.18611628165593214,0.06291044938419704,0.06414599999999998
2015-10-05,0.20288051771895096,0.19328295231249085,0.0597357505845407,0.06200799999999998
2015-10-06,0.20293482698170567,0.1873056738215777,0.06528830066832439,0.06056199999999998
2015-10-07,0.20257121928192118,0.1944169901080962,0.0720805119609596,0.067719
2015-10-08,0.20228289394471105,0.19340562266607472,0.065220729553948,0.06181400000000001
2015-10-09,0.20222590352218478,0.19402754538845723,0.05906226016403915,0.06286200000000003
2015-10-12,0.2024563288439106,0.19347002276658076,0.04254880577480455,0.06319399999999997
2015-10-13,0.20202168572894535,0.1935521384412589,0.045911621904248634,0.06103300000000003
2015-10-14,0.20167126577115282,0.19343891403899785,0.05659613684212428,0.06629400000000002
2015-10-15,0.2021359463775348,0.1812763230821886,0.03608547781687457,0.05226799999999998
2015-10-16,0.20252020666734244,0.17846232725312244,0.03572697106148137,0.057821999999999985
2015-10-19,0.20243209419192262,0.17703548287057255,0.04640694378573418,0.05416099999999999
2015-10-20,0.202652151602107,0.17669166636865893,0.06693931541529322,0.05186099999999999
2015-10-21,0.2023907741300665,0.17648310669297265,0.07385382104155899,0.054006
2015-10-22,0.20184050794593048,0.17632132113467386,0.04865229093474091,0.055050000000000016
2015-10-23,0.20136420737490626,0.1826049023094512,0.05110726523587206,0.04508899999999999
2015-10-26,0.20113568809526186,0.1757564109186285,0.058855777954344296,0.045379999999999976
2015-10-27,0.20157096363443544,0.17942114709426074,0.06167439195172303,0.04449700000000001
2015-10-28,0.20177594035688642,0.17438229925926943,0.06450539035450317,0.042133000000000004
2015-10-29,0.20209886615391906,0.18156836829827402,0.061855776363921894,0.03922700000000001
2015-10-30,0.202011152123991,0.19343041822945772,0.08691823682159291,0.03426000000000001
2015-11-02,0.2020898345804588,0.19345406456567682,0.10116163631631472,0.041171999999999986
2015-11-03,0.20197472286255747,0.181828539324829,0.10116654267538142,0.03993000000000002
2015-11-04,0.19687043247201272,0.18183089241914582,0.1086544714879043,0.04904700000000001
2015-11-05,0.19638018750169847,0.18126597589964244,0.1070538369214572,0.043657
2015-11-06,0.1958267757096586,0.180243209521475,0.008223116295637822,0.035302
2015-11-09,0.19615382174675902,0.18033214527991515,0.020054527698197044,0.037356
2015-11-10,0.19623959142604083,0.17973221816239054,0.010047046523002534,0.043624000000000024
2015-11-11,0.19657518652980252,0.18032849246925942,0.02217759424962812,0.040670999999999985
2015-11-12,0.19630998272482225,0.18065233303928335,0.023062331254096124,0.040489
2015-11-13,0.19631000842941015,0.18008153295992138,0.03849542784748913,0.049694000000000016
2015-11-16,0.19619572494402795,0.18002343354348263,0.030476191124205798,0.045582999999999985
2015-11-17,0.19572899145957104,0.18054697140230494,0.029797276979542126,0.045389999999999986
2015-11-18,0.19556005137557866,0.18324937142496261,0.01404061465947365,0.04991499999999999
2015-11-19,0.19552407129817193,0.18331554011054882,0.008885662186778637,0.044189000000000006
2015-11-20,0.19543672846895935,0.1834015339655021,0.005511342930412805,0.038986999999999994
2015-11-23,0.19530662301909943,0.18416762522526367,0.024729399227891913,0.037667000000000006
2015-11-24,0.195215887797638,0.18308142641855846,0.03760511263632205,0.04312099999999999
2015-11-25,0.19506659418915187,0.18297836211485777,0.030263302637071166,0.03887499999999999
2015-11-27,0.19403331029531873,0.18144252868462885,0.06250368690799693,0.035835000000000033
2015-11-30,0.1941008818457832,0.18108404625046706,0.04868094215937607,0.031942
2015-12-01,0.19380277713215702,0.18191757183921883,0.029107630612570295,0.03504600000000002
2015-12-02,0.1939438202151487,0.18167545163156176,0.05612912947478618,0.014949000000000018
2015-12-03,0.19277723596136367,0.1824282507963544,0.05944343218394613,0.029859999999999998
2015-12-04,0.19254299517346266,0.18250830188458386,0.06574644624766818,0.033345000000000014
2015-12-07,0.19218602300809945,0.19250394966282988,0.07335969089841993,0.026991000000000015
2015-12-08,0.19226699137352238,0.19337308217284851,0.08568684695072629,0.025116000000000027
2015-12-09,0.19135022014259426,0.19456739406523008,0.10074308336619914,0.02733900000000003
2015-12-10,0.19222588127720514,0.1952861756668572,0.10584769444406625,0.03195899999999996
2015-12-11,0.1918324815357317,0.18881543382072605,0.13369410771069648,0.04154199999999997
2015-12-14,0.19152845697648563,0.1866014536887739,0.14139777585400226,0.03946700000000003
2015-12-15,0.19167296173212822,0.18158176834517561,0.10793338448775458,0.03676499999999999
2015-12-16,0.19015329169152057,0.17834932982347623,0.08031583392063404,0.03546399999999997
2015-12-17,0.1900904845887054,0.1816658005661893,0.1265266713525243,0.03253299999999998
2015-12-18,0.18763608992707972,0.18864757959778794,0.126082550280202,0.05681599999999998
2015-12-21,0.1834405616982912,0.1896464523987844,0.06384658194498555,0.046238999999999975
2015-12-22,0.18324636996349442,0.19058906470706138,0.03011066244078353,0.046526999999999985
2015-12-23,0.18297563395922592,0.20075788100944286,0.024062793611038302,0.04489599999999999
2015-12-24,0.1828449170982626,0.19999132468905362,0.031307255379747295,0.039367999999999986
2015-12-28,0.18242508992133466,0.1994954400296201,0.028139272895409462,0.050522999999999985
2015-12-29,0.18223721139369198,0.2006328046759698,0.02076826055886144,0.04805900000000002
2015-12-30,0.18236484326219848,0.20049510711149915,0.024578952001165583,0.04922899999999997
2015-12-31,0.18242337639582137,0.20201469713316478,0.04303088511703815,0.042733999999999994
2016-01-04,0.18187165223473364,0.20308771718098714,0.05834329483175443,0.044350999999999974
2016-01-05,0.18086529299444043,0.20365928943803346,0.05951577556034868,0.039184
2016-01-06,0.17995715261032436,0.20479152443576604,0.055810074199549586,0.04058300000000001
2016-01-07,0.17808141021980106,0.20663400484001904,0.07602880233295489,0.02980299999999997
2016-01-08,0.1777110398967771,0.20684724128709786,0.06281880228398554,0.04094000000000003
2016-01-11,0.17687542430415584,0.20515519632562965,0.0700639844451226,0.02994800000000003
2016-01-12,0.1764757290167659,0.19234626501038787,0.053070353525826425,0.040368000000000015
2016-01-13,0.17529667744867175,0.19270082754584053,0.08141833482135913,0.04295300000000002
2016-01-14,0.17336108590603297,0.1923103082370383,0.0663128400034167,0.06031900000000001
2016-01-15,0.17053483011626144,0.19674386762489973,0.08852155065936002,0.076795
2016-01-19,0.16951179781341055,0.19433197944653924,0.0711022609445009,0.054732
2016-01-20,0.16660550464687332,0.19855845791454813,0.10330089798405673,0.03076200000000001
2016-01-21,0.16540242797787413,0.19743738488679383,0.07438539464150182,0.05969599999999997
2016-01-22,0.16466395667018646,0.19367979949149178,0.05043979494221204,0.06925799999999999
2016-01-25,0.16432963435284934,0.19493706860127435,0.07938645381993453,0.07022400000000001
2016-01-26,0.1640839307602861,0.19395799250061344,0.07246646652713482,0.06593499999999997
2016-01-27,0.16288782476318,0.19206763410344524,0.08354851390686213,0.07365499999999997
2016-01-28,0.1609105993617219,0.18912278081065964,0.07142670707030563,0.07319400000000004
2016-01-29,0.16002832429924188,0.18822452042255558,0.04221421372017384,0.061726
2016-02-01,0.16000869585734795,0.19428122611042817,0.046859881018274374,0.05874099999999999
2016-02-02,0.16007288756952961,0.19569479721335564,0.06843617462787602,0.06341600000000003
2016-02-03,0.1575906787992214,0.19431489661008516,0.044130356273152926,0.060329999999999995
2016-02-04,0.15662566114179619,0.19490516958076823,0.04775038318646102,0.053974999999999995
2016-02-05,0.1559574817166604,0.1964020995848141,0.09806785965629392,0.06434899999999999
2016-02-08,0.1515054393207342,0.19743221753528956,0.10719660748076748,0.06303900000000001
2016-02-09,0.1465344854339176,0.1965839049584807,0.10940523576555561,0.05827899999999997
2016-02-10,0.14430252426243237,0.19720130843844733,0.010240582778727247,0.05222399999999999
2016-02-11,0.14115212944296696,0.20060171063625915,0.016079968218145613,0.05628700000000003
2016-02-12,0.13972450246958407,0.20006099420198764,-0.017057849997812846,0.05395699999999998
2016-02-16,0.13898135933988998,0.19793798814443617,-0.03167778115901909,0.05665999999999999
2016-02-17,0.13707225101675763,0.19659928962698558,-0.046493015876240246,0.05484900000000001
2016-02-18,0.13596556452990205,0.19630503455191578,-0.045958694857825416,0.05253099999999997
2016-02-19,0.13554615534744172,0.15379068926097006,-0.04354840561699616,0.048315
2016-02-22,0.13525355150673787,0.15463424739295575,-0.0460289905461663,0.049573000000000034
2016-02-23,0.13468068601420655,0.15464501843821832,-0.03386758871682896,0.04520900000000003
2016-02-24,0.13236209089435783,0.17668614080343395,-0.04104133389591108,0.04438800000000001
2016-02-25,0.13151010234994187,0.17706912484220777,-0.049341183014279116,0.048017000000000004
2016-02-26,0.1312632901803205,0.17702102187032884,-0.04190982209764754,0.03598699999999999
2016-02-29,0.13154148958189438,0.1771310587984402,-0.02918772367061212,0.03006600000000001
2016-03-01,0.13095133202845172,0.17669724372347112,-0.056144548776820735,0.045878
2016-03-02,0.13038527839299904,0.18213054852776878,-0.0570601357283228,0.04480400000000001
2016-03-03,0.1294017043516558,0.18246254746109494,-0.0641393804598275,0.0413
2016-03-04,0.12912735380116483,0.1835648863270109,-0.059461820527297565,0.041023000000000004
2016-03-07,0.12899804135187073,0.17874937099206484,-0.05096521692178016,0.036941
2016-03-08,0.12904682725573763,0.17847051718241244,-0.03914210740845814,0.040021
2016-03-09,0.1284400506224168,0.17977036997423324,-0.02651897246216378,0.04309099999999999
2016-03-10,0.12661190155916718,0.18076015357474534,-0.012213521246585285,0.03740200000000002
2016-03-11,0.1267969573405819,0.18850573471864937,-0.0031950228569201655,0.037287000000000015
2016-03-14,0.1269299823612075,0.18828973951974384,0.01919868199930319,0.028682000000000013
2016-03-15,0.12686711180424307,0.18838564716960862,0.019840428311167196,0.037992
2016-03-16,0.12610032857960524,0.1884016232359708,0.010842019063252106,0.031534000000000006
2016-03-17,0.12666044391969525,0.1896188568782154,0.013843512877402653,0.027004999999999973
2016-03-18,0.12666316534709454,0.1890753472639007,0.015761785365933895,0.025175000000000003
2016-03-21,0.12633375960369017,0.1898467358055726,0.010448393878875778,0.03443500000000002
2016-03-22,0.12616752854789323,0.1911335097534471,0.01628887314657898,0.031175000000000008
2016-03-23,0.12667247546175986,0.19202653280630053,0.02261403467176737,0.029264000000000012
2016-03-24,0.12658066833485607,0.19338162958958424,0.03542923615788435,0.03640600000000002
2016-03-28,0.12638037867495341,0.14072153170882407,0.03456510620735648,0.03439700000000001
2016-03-29,0.12664023024724247,0.14062859624063226,0.030983903958205883,0.03315499999999999
2016-03-30,0.12661588719251457,0.14356285999367022,0.024219402374202642,0.030254000000000003
2016-03-31,0.1261494198796838,0.14355540978766482,0.03929024040549389,0.031781000000000004
2016-04-01,0.12703998361350718,0.14339516409743616,0.040377623159530834,0.028523999999999994
2016-04-04,0.12749385804477592,0.14517139629742976,0.050114039563070256,0.025494000000000017
2016-04-05,0.12681472543149358,0.14428343041347685,0.05987683289083018,0.03870599999999999
2016-04-06,0.12698432780793317,0.1438902992210432,0.06449939571559257,0.03447800000000001
2016-04-07,0.12661484075037205,0.1443522521176644,0.07907870029848413,0.037741000000000025
2016-04-08,0.12681325962631818,0.1444881050606283,0.07322795581727029,0.03794899999999998
2016-04-11,0.12670482234452535,0.14580046142472192,0.09672945865671359,0.037544999999999995
2016-04-12,0.12646419697826905,0.145531574150197,0.0790947111939984,0.03860000000000002
2016-04-13,0.12596492670529771,0.1446417319346153,0.07641966206255162,0.031559000000000004
2016-04-14,0.12548388465285185,0.14519568075205766,0.08612914769080249,0.028776999999999997
2016-04-15,0.12579584981861283,0.1469769298487781,0.08854478987780733,0.034252000000000005
2016-04-18,0.12453988909655492,0.14771691731904557,0.07968730670281765,0.03479399999999999
2016-04-19,0.12384173558341617,0.1524627517197272,0.07549929890652349,0.034333
2016-04-20,0.12323407624283593,0.14904012188448257,0.07190884101355458,0.033028999999999975
2016-04-21,0.12293922029001927,0.14878993412622288,0.07129147571867822,0.03242800000000001
2016-04-22,0.12298248644194489,0.14742152066343756,0.06346075380728575,0.03322800000000001
2016-04-25,0.12769263790152033,0.1499771271379306,0.07089450641961131,0.033040000000000014
2016-04-26,0.12784296049439633,0.15384867314046982,0.06737336002605496,0.033943
2016-04-27,0.12777691978980907,0.15121340452830773,0.07072983049357268,0.03245899999999999
2016-04-28,0.12790988039477597,0.15023794167152907,0.07121078438353204,0.024775999999999992
2016-04-29,0.12729911825288007,0.15428764478175352,0.08251702980418166,0.031774
2016-05-02,0.12680592872901017,0.14958345694446876,0.07557323741267497,0.025363999999999998
2016-05-03,0.1272388915195763,0.14311626880397105,0.07029979240113152,0.030907000000000018
2016-05-04,0.12744000439916306,0.14327434102510686,0.07692052946961289,0.025529999999999997
2016-05-05,0.12702781937008273,0.14252240370047436,0.06811731996670414,0.03134500000000001
2016-05-06,0.12785212515208785,0.1418908104242181,0.06869199074574692,0.026982000000000006
2016-05-09,0.1274897187082522,0.14316248990393854,0.06565517769078452,0.02221899999999999
2016-05-10,0.1281075814011316,0.14143289564804887,0.07078289231644264,0.011407
2016-05-11,0.12735592903595994,0.14032454104496175,0.01720612499087054,0.01149900000000001
2016-05-12,0.12802781894254142,0.13953997726218942,0.024380801143047887,0.0020640000000000103
2016-05-13,0.12881022672794581,0.1412981165599763,0.0397255511615916,0.009561000000000014
2016-05-16,0.13072122084587834,0.14272243088597425,0.040926234036046644,0.008227999999999985
2016-05-17,0.13003816011797392,0.14367378124404487,0.040127180966725406,0.014567000000000024
2016-05-18,0.12955926495275663,0.14360176499511826,0.03569816373225723,0.012049999999999977
2016-05-19,0.12934557900274407,0.14611036976277209,0.04333071832538213,0.005581000000000003
2016-05-20,0.12957425814902201,0.1430966072450329,0.04212456789304736,0.01019299999999998
2016-05-23,0.12945695384327177,0.14364700503639008,0.047093096148781016,0.0015350000000000086
2016-05-24,0.12986989391244108,0.14237135657454794,0.04611664065704374,0.00012100000000000999
2016-05-25,0.12965958649249187,0.13930102710323314,0.04152364553778365,0.00022500000000000298
2016-05-26,0.12941843110133902,0.14124737332862333,0.039124699102907584,0.0024380000000000235
2016-05-27,0.12941245827231027,0.13967778595647917,0.03361993126912857,0.012474000000000013
2016-05-31,0.12909271342196055,0.13971182732035772,0.055700009634593095,0.009244000000000002
2016-06-01,0.12860244461538287,0.13907490069563824,0.054134128828630196,0.014596999999999999
2016-06-02,0.12906917149027633,0.13890372710532645,0.04362783250586619,0.018771999999999983
2016-06-03,0.12899600826068483,0.13871891393028052,0.04920215533417435,0.014413999999999982
2016-06-06,0.12908393928819709,0.13873047613039483,0.05744870186424664,0.014952999999999994
2016-06-07,0.1297052596060701,0.13715577095603665,0.05920700280172697,0.00872199999999998
2016-06-08,0.1294277450921315,0.1370946593391727,0.057906823971517446,0.010697999999999985
2016-06-09,0.12951407361513897,0.13699331492264147,0.055751591099116954,0.018700999999999995
2016-06-10,0.13040104136451502,0.13629413417609137,0.053522425212699704,0.04088900000000001
2016-06-13,0.1299508432373702,0.13815942070017753,0.06290456844969933,0.04766799999999999
2016-06-14,0.12988951353443998,0.13850536097845212,0.0595174608216852,0.051316
2016-06-15,0.12972600343769244,0.1375226605281741,0.06337767109081215,0.049238000000000004
2016-06-16,0.12880701840831937,0.1396277374216401,0.06354604712666904,0.05127799999999999
2016-06-17,0.12970109483958753,0.13840149918648298,0.060071788823352124,0.05075000000000002
2016-06-20,0.1291216353388498,0.137908500728934,0.05071720183568315,0.04936299999999999
2016-06-21,0.12941623031052454,0.13798450659592684,0.05276060554413119,0.05578999999999998
2016-06-22,0.12955056359098194,0.1379902336376836,0.06325592723450718,0.05710799999999999
2016-06-23,0.12964289222585237,0.13738844290681854,0.0541699906534288,0.04972399999999999
2016-06-24,0.12791125288145933,0.1404679478679153,0.09083670069570429,0.05941000000000002
2016-06-27,0.1274656471080209,0.14298823373668693,0.09815786759136622,0.04568900000000001
2016-06-28,0.12720934935420045,0.1403056026442027,0.05698259279265222,0.043986
2016-06-29,0.12722023052285955,0.13820388464908473,0.060613002205216676,0.029145000000000004
2016-06-30,0.12706226510098673,0.13865114110183582,0.04399590679016463,0.048676
2016-07-01,0.1270897487646162,0.1382399802177317,0.039865500235538975,0.037137
2016-07-05,0.12764379616315988,0.13790925811538993,0.060916909674122666,0.040243
2016-07-06,0.12740385200199902,0.1377328884484619,0.046020543499411704,0.039799
2016-07-07,0.1274870178718998,0.1385563402924447,0.03907324485392441,0.04144300000000001
2016-07-08,0.12767739959991217,0.13753884203043465,0.03237159751279353,0.035648999999999986
2016-07-11,0.12749287021154299,0.13819354990127983,0.038311542837170004,0.03618099999999999
2016-07-12,0.12791526397740138,0.13677416821461233,0.0404506011142399,0.03432200000000002
2016-07-13,0.12786600152399846,0.13775133413782553,0.049836113520247124,0.03432099999999999
2016-07-14,0.12817104842661797,0.13758627435815057,0.051566216718063024,0.031301999999999996
2016-07-15,0.12839394961117365,0.13800865475348734,0.050858146186265996,0.03131300000000001
2016-07-18,0.12868304106430906,0.13799303281725667,0.06034156031908544,0.032969
2016-07-19,0.12901853542559574,0.13786654283031882,0.06605328162098491,0.03331500000000001
2016-07-20,0.128286290653974,0.13760519109588024,0.06703038371450222,0.027361999999999997
2016-07-21,0.127492665686789,0.1382715207847826,0.0642710160335806,0.029649999999999982
2016-07-22,0.12767762772077879,0.13827643738094872,0.060523581570703505,0.028282
2016-07-25,0.1276899364596692,0.13880902720701227,0.06559152887180397,0.03067599999999998
2016-07-26,0.12749327102195726,0.13905091020971663,0.07399707506864986,0.030099999999999988
2016-07-27,0.12718533065872575,0.13904421254840482,0.07483107343791241,0.024339
2016-07-28,0.1274242212368514,0.14248577909556948,0.07449058426175713,0.024535
2016-07-29,0.12843059129258613,0.14307764642828538,0.07962223717180879,0.020761999999999975
2016-08-01,0.12823229790216675,0.14384754034276956,0.08176262315235884,0.024990999999999985
2016-08-02,0.1281197375309393,0.14434521828521454,0.0861906382797473,0.023519999999999985
2016-08-03,0.12782644686783676,0.14359643842371414,0.08113520458143175,0.023262000000000005
2016-08-04,0.12737032600416415,0.1440971619980747,0.08449377132819114,0.026241000000000014
2016-08-05,0.12745517605212572,0.14185429367828187,0.0758747127449074,0.02033400000000002
2016-08-08,0.12747629203309158,0.1413031231117613,0.08066280336909493,0.022139999999999993
2016-08-09,0.12866170261961055,0.17783789318984022,0.08530240283302426,0.01625500000000002
2016-08-10,0.12443267136991415,0.19469794365407744,0.009001594388840434,0.021004999999999996
2016-08-11,0.12434444488287405,0.19404897059535875,0.0012807155347336618,0.018082999999999988
2016-08-12,0.12429571227338529,0.19402824338895247,-0.0020575489814695647,0.019219999999999987
2016-08-15,0.12425478966528221,0.19457187093791378,-0.004264142334727855,0.017542999999999975
2016-08-16,0.12407751770294174,0.1947161468951597,-0.0011903880268540334,0.03176800000000002
2016-08-17,0.124156578796495,0.1426830555674796,-0.00042255736491689233,0.022091
2016-08-18,0.12434426670599333,0.14300773775002626,0.0018007500792584508,0.020553000000000016
2016-08-19,0.12416191379488965,0.1429388264966368,0.004216127676430981,0.01988899999999999
2016-08-22,0.12412947205614426,0.14352980957253597,0.0016144072646101515,0.019244999999999998
2016-08-23,0.1241536864465219,0.15691047448954965,-0.00010791428270612302,0.021681999999999993
2016-08-24,0.12431683136138523,0.15700571196315694,-0.0037551023776954268,0.026398000000000005
2016-08-25,0.12435723847105701,0.1570653982611336,0.003913176102118651,0.025229000000000015
2016-08-26,0.12368952586184316,0.15710326653597323,-0.0008451484044406932,0.02711000000000001
2016-08-29,0.12375923884279628,0.15718157450059228,-0.0008981720426788908,0.027105000000000004
2016-08-30,0.1237858314674296,0.1571140865006368,-0.0010728370887223004,0.027455999999999994
2016-08-31,0.12405226844411775,0.15723306223479175,0.004005963806935187,0.028629
2016-09-01,0.12397101152385671,0.15787779561937645,0.006715793395876177,0.03162100000000001
2016-09-02,0.1238872594733628,0.1607780751777295,0.0006817090194418396,0.028194999999999998
2016-09-06,0.12358212183853207,0.15869713922354106,0.0053940192701435324,0.03029699999999999
2016-09-07,0.12350810192711906,0.1622687209426865,0.0049551141054541,0.029659000000000005
2016-09-08,0.12302849967629942,0.15832228918155025,0.0017715775438850584,0.02772200000000001
2016-09-09,0.12275612528952981,0.16269356626675893,0.06370612976835462,0.033836000000000005
2016-09-12,0.12242313235550795,0.16257381568832177,0.04350374557562607,0.03656400000000001
2016-09-13,0.1226007456214961,0.16253952948178982,0.06450253615630645,0.041712
2016-09-14,0.12254307975366671,0.15163097970748363,0.06120710866895247,0.042598
2016-09-15,0.12169063247876401,0.16489887392140562,0.05080956740309113,0.03761600000000001
2016-09-16,0.12159173290013807,0.17537475044988932,0.04296319404668826,0.03678199999999998
2016-09-19,0.12156606310340214,0.17574717049614139,0.04343875783899223,0.032723
2016-09-20,0.12161968423264581,0.1756968290152453,0.052454838343882204,0.02951200000000001
2016-09-21,0.12133631000110112,0.17307499211461444,0.03600363056321795,0.033024
2016-09-22,0.12121115296828328,0.13333377340140587,0.028144668191996708,0.031138
2016-09-23,0.12141292757857255,0.1327774893953034,0.029404462738853374,0.028190999999999994
2016-09-26,0.12114603626779522,0.134043178419469,0.04380344754342548,0.03246200000000002
2016-09-27,0.12106131162110054,0.13291816462895822,0.03572215843292938,0.03395799999999999
2016-09-28,0.12103955271208018,0.13292898123506613,0.034400451090163486,0.028233000000000008
2016-09-29,0.12003200099677457,0.13291606179585955,0.04457732648319855,0.032104999999999995
2016-09-30,0.11984771298710939,0.13371725211950833,0.031108703913503524,0.028807
2016-10-03,0.11979418285382044,0.13490329638959814,0.04114551531103794,0.03239600000000001
2016-10-04,0.11969803090707928,0.13483175354725452,0.04525013479716722,0.032611
2016-10-05,0.11973315761624562,0.1344361545240383,0.05119474976864999,0.035134
2016-10-06,0.11922012800510146,0.13483359757313831,0.0550233752726693,0.03465699999999999
2016-10-07,0.11875817355585896,0.13450914532461541,0.058164109049044954,0.031725
2016-10-10,0.11886499480572973,0.13463705278783375,0.06520840003219991,0.029907000000000017
2016-10-11,0.11871094541494012,0.13461775867421946,0.06849249419199883,0.03992600000000002
2016-10-12,0.11906925818465453,0.13466700274368093,0.08157746163631319,0.03423200000000001
2016-10-13,0.11864184898812964,0.13520607805534332,0.08064489866796243,0.03732099999999999
2016-10-14,0.1194775176983159,0.13595482580606144,0.08175110972388412,0.033442
2016-10-17,0.11967658895666859,0.1360251290919657,0.08584679733028805,0.039488999999999996
2016-10-18,0.11975729908818902,0.1368106647829527,0.08739781329542988,0.03432600000000002
2016-10-19,0.11950580250318209,0.135480684506385,0.08221639141073613,0.031839000000000006
2016-10-20,0.11951803022179647,0.1393446696242861,0.0866871098151855,0.028685000000000016
2016-10-21,0.11476149218024585,0.13649373871535894,0.06218845480529431,0.05127699999999999
2016-10-24,0.1142447134261811,0.13503686748171792,0.0459144528077374,0.03518299999999999
2016-10-25,0.11420619647309628,0.13538538940447994,0.04927492489981522,0.034
2016-10-26,0.11311550248487251,0.13595739793104594,0.04976308969164253,0.03279600000000002
2016-10-27,0.1126716216022402,0.13143934399591878,0.052412922514300464,0.030021999999999993
2016-10-28,0.11280906612405651,0.13151870741852528,0.052780904363453895,0.03572
2016-10-31,0.11345478086830549,0.13793902675889747,0.07466544547816248,0.035991999999999996
2016-11-01,0.11432253502367191,0.137738841894664,0.08178850980734106,0.04115699999999997
2016-11-02,0.11439670319509065,0.13796297977000657,0.08661020564300051,0.032613
2016-11-03,0.11350124532813896,0.13937199545666473,0.08461663221991134,0.04599599999999998
2016-11-04,0.11396866620144386,0.13946553821429863,0.0919774243548947,0.04255199999999998
2016-11-07,0.11370440459023559,0.1368930611183599,0.06536289701681966,0.043131
2016-11-08,0.11409396631203093,0.13811739539649634,0.05907633257700129,0.04106499999999999
2016-11-09,0.11241547286871514,0.14948213473562275,0.043837877199859654,0.03689400000000001
2016-11-10,0.1110008724216201,0.14952786973252027,0.04089226226436998,0.03867900000000002
2016-11-11,0.10835164580975465,0.14788166774434877,0.00012523491841795464,0.053676
2016-11-14,0.1088184140522928,0.15816495933961516,-0.013360228562439375,0.03425399999999998
2016-11-15,0.1091444458987751,0.1601905536566016,-0.014753357062274403,0.03747499999999998
2016-11-16,0.10918947867295302,0.16054404228250024,-0.016391994767388923,0.02982600000000002
2016-11-17,0.10875688805086794,0.167745136224965,-0.02384842057739542,0.03176799999999999
2016-11-18,0.10846149560146903,0.16780951673275235,-0.025144548100464764,0.029945
2016-11-21,0.10798961930316252,0.16788181653151224,-0.009967844808881576,0.028941999999999996
2016-11-22,0.10830032485965646,0.16877223789886847,-0.012564501657095356,0.028295000000000015
2016-11-23,0.10845462786509351,0.16901807267111083,-0.014952880761904125,0.021367999999999998
2016-11-25,0.10846452232647553,0.1703450541838588,-0.009634303036051561,0.022243000000000013
2016-11-28,0.10851014772249433,0.1704716475625454,-0.008875479598035252,0.025714999999999988
2016-11-29,0.1087036053305034,0.16413078778598902,-0.005178443486760331,0.022927000000000003
2016-11-30,0.10859128417443728,0.17075466841679973,0.007093970852708575,0.01579899999999998
2016-12-01,0.10842086510987133,0.170805269298246,0.00436894215373454,0.025018000000000012
2016-12-02,0.10901722081624134,0.13027247297939262,0.0008280587173919995,0.022780000000000022
2016-12-05,0.10838837706634746,0.1317559522715329,0.0048154489344548745,0.015664999999999984
2016-12-06,0.10858904119209438,0.13154584522907764,0.004476121549599699,0.017406000000000005
2016-12-07,0.10898923219996778,0.13042457044783218,0.011209613197099205,0.020419999999999994
2016-12-08,0.10779906065213107,0.13393040580265775,0.014987350148080114,0.01768900000000001
2016-12-09,0.10645788643542521,0.13567552924573695,0.0206273274839279,0.018811999999999995
2016-12-12,0.1065904471842281,0.13640484237786937,0.031748325629177065,0.015301999999999982
2016-12-13,0.10683774246530225,0.13615579363039235,0.042137951398252285,0.017712000000000006
2016-12-14,0.10740390214767459,0.13655791821618626,0.04099682801522095,0.016572000000000003
2016-12-15,0.1063497489053318,0.13783222304010875,0.032548122299084006,0.015280000000000016
2016-12-16,0.10668169643544904,0.13784350232883746,0.030108114842945455,0.020926
2016-12-19,0.10709941166678981,0.1381228803457033,0.02994019673726378,0.014403
2016-12-20,0.10668390349930423,0.14131233131347415,0.024065832593762812,0.018681000000000003
2016-12-21,0.10691938369155576,0.14005574117086889,0.02279114988114979,0.016621999999999998
2016-12-22,0.10711932263106189,0.14037786787241777,0.031291891528646476,0.03162300000000001
2016-12-23,0.1073947172549035,0.1375709228544135,0.025480771711298755,0.01993800000000001
2016-12-27,0.11067791066117628,0.13863226985568194,0.027334761609790897,0.022417999999999993
2016-12-28,0.11153218029238346,0.14019946091144345,0.038877640348926906,0.017344
2016-12-29,0.11168106863620633,0.13936635733852398,0.037248047546910454,0.0045449999999999935
2016-12-30,0.11246151419605807,0.1390221627804369,0.0516567303106228,0.028042999999999985
2017-01-03,0.1126189664491218,0.14118336467232026,0.05955040625641904,0.021482
2017-01-04,0.11296065709637183,0.14179776875120714,0.059599741340070775,0.029126000000000013
2017-01-05,0.11312238724481694,0.13837202619274272,0.06726178935035426,0.010587999999999986
2017-01-06,0.11285228240816517,0.17475071469511824,0.06594010694202722,0.014314999999999994
2017-01-09,0.11306636839418155,0.17505807916554939,0.07080253811986835,0.014889000000000013
2017-01-10,0.11272645905479245,0.14155545451191684,0.07216565010451204,0.015754000000000018
2017-01-11,0.11317453219587155,0.14317075448197492,0.07745962669498987,0.016807000000000016
2017-01-12,0.11249291526043186,0.1558662525631296,0.0831646512087649,0.038773
2017-01-13,0.11208355447488597,0.15313787698711226,0.06933064611344467,0.01810199999999998
2017-01-17,0.111946593740068,0.15372053722756496,0.0703233149621727,0.021136000000000016
2017-01-18,0.11154209186150096,0.14518962799482277,0.07570277263590611,0.015802999999999984
2017-01-19,0.1116474418450609,0.15588859483167025,0.07670849699911969,0.016286999999999996
2017-01-20,0.11162512417787854,0.14884690701347525,0.06683032922154714,0.017397000000000024
2017-01-23,0.11128640365756938,0.15625396568285604,0.0654065609770603,0.017908000000000007
2017-01-24,0.11156933258832806,0.14798003074743762,0.06913021604801922,0.013482000000000022
2017-01-25,0.11167042289185382,0.14371197844893996,0.07385035703198668,0.011564999999999992
2017-01-26,0.11244260752155619,0.13650445928806482,0.07516918294615,0.01568900000000001
2017-01-27,0.11214638003485933,0.13633467175943362,0.07212611249671501,0.016345000000000026
2017-01-30,0.11109629008101832,0.12748092981057244,0.07324759698506582,0.019344
2017-01-31,0.11102151358215324,0.1271366247095401,0.07051465815727291,0.018723000000000017
2017-02-01,0.11218185594013388,0.12689600579959248,0.07939047647979074,0.011085000000000012
2017-02-02,0.11230185489514305,0.12681727678910185,0.0860310654579708,0.012194999999999984
2017-02-03,0.11252804689619697,0.12700163199626216,0.07897171404683659,0.010762999999999995
2017-02-06,0.1127572904662423,0.134306315961866,0.07735826107686929,0.011033999999999988
2017-02-07,0.11284617733760187,0.12861481576153141,0.0889443826588004,0.009309000000000012
2017-02-08,0.11194964387074569,0.12784942759968215,0.03209986423746053,0.012567999999999996
2017-02-09,0.11238956017613767,0.12715562546965115,0.024822790293989858,0.013357000000000008
2017-02-10,0.11259621536474819,0.1261401095860825,0.023317165668600204,0.008518999999999999
2017-02-13,0.11274549315656485,0.12627721310725284,0.02237141443097572,0.012439000000000006
2017-02-14,0.1128199259263509,0.13482489555023916,0.029705826082554232,0.009610000000000007
2017-02-15,0.11288321966150576,0.12320078965334008,0.025072086933197305,0.010493000000000002
2017-02-16,0.11311676856861216,0.1254173606339007,0.02516237342976621,0.012852999999999976
2017-02-17,0.11315218886533876,0.12845232812278953,0.023755958896098286,0.015839999999999993
2017-02-21,0.11334113840954393,0.12561044295751592,0.024360468777961372,0.01074799999999998
2017-02-22,0.11386461263085536,0.12615531853252812,0.02967048847271206,0.006951000000000013
2017-02-23,0.11429330956582544,0.12867732024970047,0.02812409440644094,0.014073000000000002
2017-02-24,0.11401167486624496,0.1312623686266683,0.0230057050022104,0.015315999999999996
2017-02-27,0.11425209507682138,0.12910672191444197,0.02606459204923925,0.012712000000000001
2017-02-28,0.11438258043003582,0.1300245541778341,0.030492848716224805,0.013797999999999977
2017-03-01,0.11442882216968603,0.1272555709528504,0.03741261034462061,0.010636000000000007
2017-03-02,0.11461121158469288,0.1269444111119809,0.0365803581876023,0.012688999999999978
2017-03-03,0.11503481446713036,0.12895892588925287,0.03224590847559053,0.01152800000000001
2017-03-06,0.11488039142997364,0.13272480354518978,0.03475830713452885,0.011301000000000005
2017-03-07,0.11576603922936814,0.12855899600075266,0.028902055379206287,0.015807
2017-03-08,0.11613883329095798,0.12997524767692714,0.030511287374477877,0.013639999999999985
2017-03-09,0.12306713833458394,0.13211863276143032,0.03351499463885356,0.011771000000000004
2017-03-10,0.12345132816691108,0.12640380345150484,0.044792591827301234,0.01316500000000001
2017-03-13,0.12356314380727092,0.12589437090579988,0.050969611055634786,0.01053699999999999
2017-03-14,0.12382406572578637,0.12809510219267264,0.05134259410191011,0.011689000000000005
2017-03-15,0.12360696128723267,0.12456193161021799,0.0494636787370787,0.01061100000000001
2017-03-16,0.12384406791963606,0.12486576544797677,0.040093685899845605,0.013486999999999999
2017-03-17,0.12386460120496225,0.1258135376123958,0.037311906744164694,0.01517099999999999
2017-03-20,0.12396470635027378,0.12450872846072002,0.03647990750980447,0.010576000000000016
2017-03-21,0.1236858957130193,0.12478391927970954,0.0434533956831816,-0.014960000000000001
2017-03-22,0.12359139457628894,0.12497828784017079,0.03983818549087957,0.01603199999999999
2017-03-23,0.12324232052574144,0.13078754644271726,0.047290706821193615,0.011891000000000013
2017-03-24,0.12308487038745276,0.1272327896859149,0.03395890173201087,0.010713
2017-03-27,0.1230949640016594,0.12975760514392484,0.03786749896823238,0.01901899999999998
2017-03-28,0.12286968342566225,0.1272445222375059,0.03661429216107652,0.013657000000000002
2017-03-29,0.12366543681965841,0.13014825472495437,0.03191119497978945,0.010496000000000005
2017-03-30,0.12373152590697457,0.13093781916893218,0.038487064137294025,0.014362000000000014
2017-03-31,0.12380021913838522,0.12964530944664573,0.044830994122304346,0.010512999999999995
2017-04-03,0.12395226051429728,0.12920055456621632,0.0482991457653751,0.014062999999999992
2017-04-04,0.12397649261480154,0.129770761297159,0.049554296335515544,0.015376
2017-04-05,0.12391326316361123,0.12911597258403235,0.04884278091150178,0.016504999999999992
2017-04-06,0.12378913449069742,0.12844560593299825,0.05093997487265592,0.018181000000000003
2017-04-07,0.12397114281966211,0.1283660356816403,0.05769321344146976,0.018033999999999994
2017-04-10,0.1242369156528259,0.12827979180672222,0.06810465295508797,0.02107400000000001
2017-04-11,0.12459705302763677,0.12932881516737887,0.07147948362894627,0.025436000000000014
2017-04-12,0.1251454996242893,0.12983055118694417,0.07656450615991396,0.026556000000000024
2017-04-13,0.12495736685955885,0.13115396693313025,0.09407597872114938,0.018242000000000008
2017-04-17,0.12506246247531763,0.13523714691706365,0.08917244564838182,0.017424999999999996
2017-04-18,0.12438140323080302,0.13509688589570484,0.09267674554052394,0.02377600000000002
2017-04-19,0.12404362304136068,0.13505960899429748,0.08777992669854094,0.011996000000000007
2017-04-20,0.12407335707364564,0.1351725345415814,0.08471110350434702,0.010219000000000006
2017-04-21,0.12421847229008397,0.13470045159608313,0.08209102256069106,0.02266500000000002
2017-04-24,0.1240987072034188,0.1336821949175599,0.08005161733663668,0.011197000000000012
2017-04-25,0.12362719097053183,0.13323786459037767,0.07441600884911885,0.007369000000000014
2017-04-26,0.1235172502132236,0.13304978838511877,0.07556888036685194,0.010106000000000004
2017-04-27,0.12359564383100394,0.1332197907132967,0.07742902968086889,0.010058000000000011
2017-04-28,0.12523708512696247,0.1356616483939885,0.07398990300094822,0.010688000000000003
2017-05-01,0.1260195931182161,0.15071648786026806,0.08287779828298104,-0.0003770000000000162
2017-05-02,0.12571727383971432,0.15075209434072598,0.07950295048677003,0.003230999999999984
2017-05-03,0.12465958921180578,0.13212169319058784,0.08785404831531102,0.008559999999999984
2017-05-04,0.12370460183019487,0.13095635081250243,0.08115658933525398,0.005698000000000009
2017-05-05,0.12369671057540649,0.13087465186727287,0.07508550181070196,-6.40000000000085e-05
2017-05-08,0.1241890110273735,0.13211693845573064,0.0590094061948819,-0.0022840000000000082
2017-05-09,0.12471538072453058,0.13117322280601937,0.05358912327084131,-0.007362999999999981
2017-05-10,0.12580557537751064,0.1323003994468328,-0.000913488569333043,0.0013309999999999989
2017-05-11,0.1258805419050761,0.13235396633423882,0.007120615506767736,-0.003668999999999978
2017-05-12,0.12838473707623407,0.13227050627742443,0.006492576764491026,-0.005044999999999994
2017-05-15,0.12979974282063747,0.13227913552729562,0.01464609155274843,-0.013869000000000006
2017-05-16,0.1298536182386205,0.1306714922938034,0.020017647535802652,-0.015717999999999982
2017-05-17,0.12954676939273205,0.13049779603414025,0.045884841873192084,-0.0033189999999999886
2017-05-18,0.12965591848813524,0.1306051362075927,0.0481571500292749,-0.007485999999999993
2017-05-19,0.12989166678140177,0.13092016491748004,0.03334891245646504,-0.009044999999999997
2017-05-22,0.13004475784901695,0.13089985250675887,0.03100677694662865,-0.016514
2017-05-23,0.12995743148062425,0.12922251823267686,0.035403788321623844,-0.01818800000000001
2017-05-24,0.12982296992334083,0.12918140754955196,0.035181826832185084,-0.024805999999999995
2017-05-25,0.12947921584451227,0.1294892686698286,0.044191220205278936,-0.019160999999999984
2017-05-26,0.1293268061533193,0.12963391050936648,0.033486424569466794,-0.017557000000000017
2017-05-30,0.12931390370455498,0.1296494793461126,0.04676518217276,-0.028295999999999988
2017-05-31,0.1298849878147822,0.1297304424632712,0.03435776892121141,-0.014813999999999994
2017-06-01,0.13155242763572284,0.1296238058957502,0.022928010413621247,-0.009475999999999984
2017-06-02,0.13148796194626705,0.1297580776725571,0.032143800497847014,-0.003816000000000014
2017-06-05,0.13237887197460105,0.13701084074775005,0.04830437401911136,-0.045687000000000005
2017-06-06,0.13996939737666694,0.1371755137847583,0.05564936876813256,-0.008303000000000005
2017-06-07,0.1423150998519753,0.13696591852131126,0.04361198934325307,0.003269999999999995
2017-06-08,0.14344409891351229,0.1358660555048951,0.039775510343301734,0.011758999999999992
2017-06-09,0.14347447867794352,0.13659050815131132,0.043921069592081086,-0.01680699999999999
2017-06-12,0.14340770234775838,0.137463065119498,0.04162397295965123,-0.0012140000000000206
2017-06-13,0.14352749961117825,0.13677689803668902,0.03471827146594329,0.01643
2017-06-14,0.14366512937833975,0.13720141053833665,0.035396613720602,0.017980999999999997
2017-06-15,0.14395325962789654,0.13929712582324635,0.03796571263206561,0.025876999999999983
2017-06-16,0.14632970067308565,0.14113972384196344,0.030670753988336533,-0.027379999999999988
2017-06-19,0.146572336078141,0.14063627483234337,0.022686725878947087,0.016101000000000004
2017-06-20,0.14683222375725055,0.13873736383611737,0.03049739461386819,0.013097999999999999
2017-06-21,0.14679952229926116,0.1393234393284032,0.0257136357624458,0.020015000000000005
2017-06-22,0.147792567107434,0.13707539895559892,0.03145027251079824,0.020210000000000006
2017-06-23,0.1482390722998182,0.13784041061636668,0.034140507520937,0.001471
2017-06-26,0.14823918163068733,0.13677308591144025,0.03245562883415369,0.016339999999999993
2017-06-27,0.14853082558445133,0.13928274506719557,0.03686370720851262,0.01979900000000001
2017-06-28,0.14615292741148894,0.13943586580312248,0.010290647944093456,0.011500999999999983
2017-06-29,0.14539875453085677,0.1367518261576099,0.025373536434736,0.023836000000000024
2017-06-30,0.14519161055065968,0.13653675868378182,0.02148752002764323,0.010537999999999992
2017-07-03,0.14549996502268217,0.1370313703321286,0.038824433436786876,0.0028990000000000127
2017-07-05,0.14546794196017934,0.13601914124486678,0.031280992628036824,0.017291
2017-07-06,0.14528385412988523,0.137185817099916,0.05018625153532255,0.02518300000000001
2017-07-07,0.14529514467837587,0.13691444430872618,0.042117380967299195,0.018758999999999998
2017-07-10,0.14565714758531376,0.1380202748768622,0.05072881562766485,0.017786999999999997
2017-07-11,0.14562472403110926,0.1446549015820046,0.052036889612860515,0.016389999999999988
2017-07-12,0.14588505383892247,0.144828078075054,0.04546148598348218,0.02308400000000002
2017-07-13,0.14593875082811766,0.14062862294203568,0.040888301651148595,-0.01985199999999998
2017-07-14,0.14635371620367058,0.14365493665665835,0.041469021650735766,0.019986000000000004
2017-07-17,0.14679779404382112,0.14227546285437098,0.046699176560099975,0.020470000000000016
2017-07-18,0.14704460653654938,0.14357017600755576,0.04906034748623106,0.017404000000000003
2017-07-19,0.14746440247740752,0.1489597816663215,0.03962743126949442,0.017173999999999995
2017-07-20,0.14762705871078638,0.13559366364981332,0.029163005944438908,0.010659000000000002
2017-07-21,0.14801453696131212,0.13587635829186123,0.025174986249334674,0.015360999999999986
2017-07-24,0.14834548567554792,0.14058102189398303,0.0345896946678414,0.01022099999999998
2017-07-25,0.14827499265091085,0.14204222424793134,0.051033433351646396,0.02105499999999999
2017-07-26,0.14894550461434045,0.1439668866835983,0.054574085950372164,0.019180000000000003
2017-07-27,0.14878986164936578,0.13939573430178637,0.043173200307838805,0.015955000000000025
2017-07-28,0.14904128807271372,0.140401795830924,0.062017886919442294,0.013260999999999995
2017-07-31,0.14995816464502115,0.1423192380816362,0.06733706013737172,0.009497000000000005
2017-08-01,0.15016201348505384,0.14362807527043214,0.06992529409887083,0.009759000000000018
2017-08-02,0.15118842795906776,0.13925509182041446,0.08683779603229061,0.016278999999999988
2017-08-03,0.1518269685315598,0.14187318728655846,0.10138486564593219,0.017718999999999985
2017-08-04,0.15634308449684486,0.13711807637212875,0.10980871931582276,0.01944800000000002
2017-08-07,0.1593665715563102,0.13636751263286462,0.10803384604063752,0.019228000000000023
2017-08-08,0.1607653760075612,0.1354000994853091,0.10678844553491357,0.016649999999999998
2017-08-09,0.1623457296886583,0.13900077667989755,0.05037335190013782,0.00014600000000000724
2017-08-10,0.1654026419785266,0.14256153832525517,0.05485798101982717,0.004164000000000001
2017-08-11,0.1666444806296121,0.13986557295305202,0.05572215844706552,-0.010249000000000008
2017-08-14,0.16693729314265368,0.1393914959539826,0.04071461781679536,0.006744
2017-08-15,0.16770970109556332,0.15695320284524877,0.035305062986129496,0.007222000000000006
2017-08-16,0.16821475505278452,0.15099474461394716,0.024375047656972113,0.010577000000000003
2017-08-17,0.16878893740680886,0.15260854570150936,0.04217679430433713,0.009081000000000006
2017-08-18,0.16959484699140528,0.15541733956442635,0.04454319698276216,0.010853000000000002
2017-08-21,0.17018097355683312,0.1512821131262194,0.03499987171199012,0.010309000000000013
2017-08-22,0.17003646896648428,0.15129722736015006,0.022467978053676882,0.011459999999999998
2017-08-23,0.1701300829124452,0.1511609121920107,0.025708638433889056,0.012745000000000006
2017-08-24,0.1705581850809833,0.15234689225483392,0.026695724264882592,0.012397999999999992
2017-08-25,0.1711869633176996,0.14929438462530317,0.03885394414275846,0.006065999999999988
2017-08-28,0.17152142657901503,0.1469177067708217,0.039952858123619206,0.011659000000000003
2017-08-29,0.17313464962193018,0.1495467409954983,0.04683738776545844,-0.021629999999999983
2017-08-30,0.1735277829849342,0.1444020804005454,0.0451300084803172,0.012501999999999985
2017-08-31,0.17344116328855622,0.1429397756086433,0.04182823257278524,0.006895000000000012
2017-09-01,0.17372821478497788,0.14259290099024471,0.05228290241359683,0.002695000000000003
2017-09-05,0.17358228224719252,0.14304099533299242,0.050439431929166806,0.008314999999999989
2017-09-06,0.17356060201221796,0.1425689620310163,0.0523284589798179,0.007738999999999996
2017-09-07,0.16894218008533204,0.1432091027342021,0.02682003741167205,-0.00284100000000001
2017-09-08,0.16890453415615422,0.1438715533204641,0.020371316012554902,0.0016649999999999998
2017-09-11,0.1693639103742211,0.13454915866117365,0.0076704811312511,0.0035479999999999956
2017-09-12,0.16921026791949698,0.14255594682258743,0.0017797420843617684,-0.003974000000000005
2017-09-13,0.16920328520022535,0.13510667500433937,-0.00022143912615710248,0.002582000000000001
2017-09-14,0.16933169643897888,0.1427464667837241,0.005306499772843087,0.002927000000000013
2017-09-15,0.1698185770655352,0.14159634981081548,-0.0011879097769420255,0.0037739999999999996
2017-09-18,0.17008572786442397,0.14164063246327577,-0.0024697321887383328,0.00878000000000001
2017-09-19,0.17061659107119165,0.14138523142897677,0.003080349958282713,0.005178000000000016
2017-09-20,0.17086146555671944,0.15911827956229938,0.009586969475652046,0.007304000000000005
2017-09-21,0.17162441403395307,0.1585084145135395,-0.006888647016625449,0.0047709999999999975
2017-09-22,0.17226580669916985,0.15894527273606796,0.006005360671241772,0.014492000000000005
2017-09-25,0.17303915436890419,0.1621755127089534,0.025356229909682892,0.007140999999999981
2017-09-26,0.17378001537003945,0.1635614550272629,0.022764208948387543,0.008665000000000006
2017-09-27,0.17435327710449858,0.15737472804689312,0.010149562084207753,0.008604
2017-09-28,0.17660586628241773,0.1573498989858036,0.015321941115093413,0.01027599999999998
2017-09-29,0.17730261780611334,0.15736321157460575,0.01614712907076596,0.007301000000000002
2017-10-02,0.17874680867199436,0.1532118228147876,0.02794201938684515,0.0037480000000000013
2017-10-03,0.1790314946954937,0.15369411076874495,0.027360923301071788,0.004271000000000025
2017-10-04,0.18060152198279586,0.1543089834442945,0.03171778833485475,0.006750000000000006
2017-10-05,0.18126878195596544,0.15355277470317824,0.03335491415547778,0.007191000000000003
2017-10-06,0.1813833642253647,0.15293636866484983,0.08219712087483633,0.008628999999999998
2017-10-09,0.18148220139662197,0.1541976023063179,0.10484836026174134,0.010227000000000014
2017-10-10,0.1816563892710444,0.153849013681669,0.09676851185777689,0.00792799999999999
2017-10-11,0.18163404203844152,0.1533278200909564,0.10528790490463844,0.010444999999999982
2017-10-12,0.1818272397325095,0.15560067568514035,0.10273174367026046,0.010401999999999995
2017-10-13,0.1823843722673219,0.16034964664761597,0.10879737767741528,0.003140999999999977
2017-10-16,0.18245191044874626,0.15653767331709328,0.12116573917688887,0.006718000000000002
2017-10-17,0.18284132367962175,0.1595300169036932,0.11529838262238498,0.0046579999999999955
2017-10-18,0.18301165053143914,0.15510613659478945,0.10043510054996121,0.009436
2017-10-19,0.18311610403276543,0.15548459322647082,0.09396992680366663,0.006734999999999991
2017-10-20,0.18379183729240833,0.15525268163704417,0.09288347646940195,0.008682999999999996
2017-10-23,0.18478548820335078,0.1544111588462321,0.10254010872247742,0.005587999999999982
2017-10-24,0.18493829041419832,0.1540328318440217,0.0963098115878678,0.008779999999999982
2017-10-25,0.18502189129828459,0.16826691480813552,0.10291176639241631,0.010325999999999974
2017-10-26,0.18425685973571174,0.16727740236872565,0.09493957199829374,0.0047729999999999995
2017-10-27,0.18452832508690603,0.16812981127027876,0.08985022733291725,0.006721000000000005
2017-10-30,0.18494148568440344,0.16990236572333564,0.1029356300038962,-0.0009440000000000004
2017-10-31,0.18546625290274008,0.16918269098626973,0.10711619016174694,0.004611000000000004
2017-11-01,0.1858782049517219,0.16617150208327133,0.11219442638411162,0.008956999999999993
2017-11-02,0.18583192004140017,0.16871000381360024,0.12416927851656862,-0.041339000000000015
2017-11-03,0.18601496388324923,0.1675854859306161,0.1129268936875159,-0.012587000000000015
2017-11-06,0.18628565892924745,0.170900407372179,0.13108585416877963,-0.0023820000000000507
2017-11-07,0.18559952965698256,0.16475320582911746,0.11142566024264233,0.0004899999999999904
2017-11-08,0.18527003530158445,0.1651552372680444,0.13595644041605076,-0.013413000000000008
2017-11-09,0.18404634955350221,0.16617475010698285,0.13784148473315783,0.006970000000000032
2017-11-10,0.1832404420174722,0.15768550040781062,0.03943882896732223,0.03282199999999999
2017-11-13,0.18325094576762685,0.1616663286456306,0.02535299823565565,0.011357000000000006
2017-11-14,0.18333685085542079,0.16289484757637032,0.023697856825512453,-0.016263
2017-11-15,0.18327435599734068,0.16190671619777716,0.017243093883518634,-0.0024440000000000017
2017-11-16,0.1831774388104534,0.16026274493287937,0.014026949674324718,0.018008999999999997
2017-11-17,0.1834608008687793,0.16255816112649119,0.021604698506281772,0.007703999999999989
2017-11-20,0.18381406987641735,0.1681341123703472,0.013358956931294158,-0.02224799999999999
2017-11-21,0.18438956163011685,0.16528148394258307,0.003854217006749372,-0.013125999999999999
2017-11-22,0.18460691165337484,0.16667674564973195,-0.003836021873402984,-0.0070199999999999985
2017-11-24,0.18578793322000722,0.16649058017513643,-0.012010916531608323,0.010105999999999976
2017-11-27,0.1859918036634761,0.1661640267145084,-0.0034610761991585026,-0.005115999999999982
2017-11-28,0.18585830783015944,0.16083759436129272,0.001373152151473711,-0.005079
2017-11-29,0.1846447533394432,0.1566145875755843,0.008729027658991473,0.02751999999999999
2017-11-30,0.18444455939274682,0.1738421450349979,0.015163533848493005,0.00023000000000000798
2017-12-01,0.18366896642705752,0.17178644307890806,0.03186536112479052,-0.0027409999999999934
2017-12-04,0.17799230627492965,0.1693896503999464,0.03066574761174462,0.06626400000000002
2017-12-05,0.17629032498817226,0.15759329197889185,-0.013352988411644284,-0.032457000000000014
2017-12-06,0.1756462681802283,0.1733006129477906,0.025919619898801954,-0.01416999999999996
2017-12-07,0.1753529734723828,0.17122553678286043,0.022026537692797332,0.001432999999999962
2017-12-08,0.17561238013945657,0.1699371511740957,-0.009238441514227869,-0.007923999999999987
2017-12-11,0.18025255203316456,0.16867119114453452,-0.0006325305066587072,-0.024571999999999983
2017-12-12,0.18110185536247939,0.17016376842764214,0.029273019512888077,-0.005131999999999998
2017-12-13,0.1811524974493337,0.16918029527593909,0.03268963534171934,-0.0024980000000000002
2017-12-14,0.17895410316810587,0.1676925603632467,0.010909044583597205,-0.00662299999999999
2017-12-15,0.178962751856007,0.16750283846214076,-0.03493496159912815,0.009320999999999996
2017-12-18,0.17949842840184066,0.16719269182114202,-0.019907095062472152,-0.008942000000000005
2017-12-19,0.17923523392665683,0.16752154412666906,-0.026937811923237798,-0.0015939999999999843
2017-12-20,0.1785750831026082,0.1560481707948071,-0.029535309792413394,-0.0011309999999999931
2017-12-21,0.1786688325745222,0.15731043866108374,-0.026426617376682227,-0.0046549999999999925
2017-12-22,0.17858884844080788,0.15728330139972013,-0.03417019272529337,0.01650399999999999
2017-12-26,0.17950565667892177,0.15825218529742788,-0.03464259902171876,-0.0005879999999999774
2017-12-27,0.1797184809555173,0.15978114801062937,-0.04239305693223974,-0.007378999999999997
2017-12-28,0.17975659392724644,0.16468946134290932,-0.017587005469638067,0.01638199999999998
2017-12-29,0.1799221978888896,0.1624180879085203,0.009821004630613195,0.04195300000000002
2018-01-02,0.1797969528619283,0.16070083227540846,-0.029547834264542466,0.007708999999999994
2018-01-03,0.17939706428255253,0.16047351648082187,-0.017964335533310866,0.0061159999999999826
2018-01-04,0.17931001961937926,0.16039132338031264,0.007613554044224535,0.0005259999999999987
2018-01-05,0.17928106846920758,0.16061242968919973,0.029131073220565212,0.009071000000000023
2018-01-08,0.17946850066592648,0.16737186430298942,0.05090576847428993,0.006176000000000015
2018-01-09,0.1817415960764464,0.17035965976391718,0.053243980105871086,0.005141000000000007
2018-01-10,0.18171465438802015,0.1704340017376232,0.05596762631482455,0.004454999999999987
2018-01-11,0.1820792662164808,0.17031563979415423,0.05453532323332924,0.007183999999999996
2018-01-12,0.18227379069694757,0.16939387807944192,0.05119020550501008,0.008036999999999989
2018-01-16,0.18323815495378815,0.17106340481480906,0.06133831099004841,0.00728100000000001
2018-01-17,0.18316391363570123,0.16511377174683814,0.06521546236745027,0.009584999999999982
2018-01-18,0.18512695674045454,0.17043780563635788,0.08455371188502658,0.0046559999999999935
2018-01-19,0.18513839275212438,0.16975174968856513,0.07098268390922985,0.011742000000000002
2018-01-22,0.18493222651920438,0.16983910738875235,0.07351990412290549,0.007981000000000016
2018-01-23,0.18476874869301396,0.16396882760649328,0.08349277318814502,0.0049849999999999894
2018-01-24,0.1851784698969091,0.1647759841770569,0.09358801934722782,0.0015159999999999896
2018-01-25,0.18599274216150224,0.16454264553210884,0.08936673907713294,0.010800000000000004
2018-01-26,0.1862094794588832,0.16498427124618883,0.11013337705656784,0.007759999999999989
2018-01-29,0.18626600492897014,0.16529148929156937,0.12599337549067188,0.0047800000000000065
2018-01-30,0.18582105355495318,0.16859128545082075,0.10808453398304094,0.005806000000000006
2018-01-31,0.185794480809874,0.16869733899633454,0.09767097112821058,0.003727000000000008
2018-02-01,0.18450558380813234,0.16511398293304083,0.08311807432562365,0.008090999999999987
2018-02-02,0.1842326078969052,0.16855423596319716,0.09582930103903936,0.014309000000000016
2018-02-05,0.18136401215166856,0.1692529617837763,0.15254851349732515,-0.016382000000000008
2018-02-06,0.1789849808950569,0.16899399737312545,0.10254159611633196,0.022819000000000034
2018-02-07,0.17826395211908322,0.1691766280047626,0.023476781395243784,0.018871
2018-02-08,0.17692507303424357,0.17177859720003838,0.07455848234385806,0.015083999999999986
2018-02-09,0.17394624715063262,0.1703672314449325,0.07333616760733863,0.066465
2018-02-12,0.17249953830703257,0.16809861235831244,0.002009716043962828,0.040253999999999984
2018-02-13,0.17229600591825217,0.16716809949429684,-0.0033655671803879683,0.033222
2018-02-14,0.17194215215816883,0.16780775054384045,-0.018218212987699683,0.022744000000000014
2018-02-15,0.1713157934713859,0.16728506615184113,-0.03613510935067993,0.028444999999999998
2018-02-16,0.17069295381308783,0.16871193268328108,-0.0318908149440465,0.016152
2018-02-20,0.16975877441273052,0.17018876006887113,-0.03619331781398527,0.023446999999999996
2018-02-21,0.1692345378671991,0.169614486546563,-0.033296679877645924,0.01489299999999999
2018-02-22,0.16903199107316141,0.16961777939430195,-0.04378315054383816,0.02135100000000001
2018-02-23,0.16859783889315919,0.16805495509754778,-0.05813219022311794,0.017943999999999988
2018-02-26,0.1684403888348875,0.16916753043774696,-0.056894202014005274,0.023971999999999993
2018-02-27,0.16770797351315256,0.1758642179732106,-0.023088020173520435,0.01603500000000002
2018-02-28,0.16728028121653746,0.17589872347632027,-0.01812156290919026,0.008351999999999998
2018-03-01,0.16540227901757032,0.17638746951461848,-0.032295033709750204,0.02068600000000001
2018-03-02,0.16491481684319026,0.17539756536723608,-0.029806262666835476,0.019983
2018-03-05,0.16446101522440754,0.1759100934465233,-0.026293307062141447,0.015299000000000007
2018-03-06,0.1643468768390051,0.17739915036577114,-0.03962327156928536,0.029146000000000005
2018-03-07,0.16395282397485308,0.17315242861032892,-0.015349849259570891,0.023248999999999992
2018-03-08,0.1638681176561582,0.16662648842782463,-0.012409583590481915,0.025997999999999993
2018-03-09,0.16383719241213437,0.1512858088412823,-0.024933402917043296,0.027923999999999977
2018-03-12,0.1639423304779079,0.15829195873677673,-0.0023167779098785812,0.013325000000000004
2018-03-13,0.16341395262642253,0.16803131330900603,0.013844018279201842,0.014593999999999996
2018-03-14,0.16339130936238055,0.16549279399070219,0.016903140380800263,0.020774000000000015
2018-03-15,0.16342404501321547,0.16539026234541074,0.025035599145202425,-0.00492999999999999
2018-03-16,0.1638269766684075,0.16504417906702912,0.02356816236215553,-0.0069130000000000025
2018-03-19,0.16350528767732708,0.164394334460694,0.03905589416211086,0.018127000000000004
2018-03-20,0.16344484296315098,0.1644528405845385,0.036310090464354045,0.016278999999999988
2018-03-21,0.16291054288455176,0.15484808223835222,0.040646910690885774,-0.009749000000000008
2018-03-22,0.1633645941187609,0.16313286253229367,0.07175219393928572,-0.012316999999999995
2018-03-23,0.1626154849261489,0.1630944920560408,0.08552956840698325,0.025793999999999984
2018-03-26,0.16232853535103733,0.1617656225889447,0.06400819117392809,-0.008626999999999996
2018-03-27,0.16225531804927146,0.15669736515079147,0.06920716587469422,0.020187999999999984
2018-03-28,0.16228946739762842,0.1581883992606918,0.08838744488201061,0.0026690000000000325
2018-03-29,0.16136216219610805,0.1584270127619627,0.10575607257615541,-0.008501999999999954
2018-04-02,0.159400371059987,0.16257828373145908,0.08633119519555918,0.027631999999999962
2018-04-03,0.15895164040553114,0.16124620698365158,0.06671972103331267,0.02377800000000002
2018-04-04,0.15738083944800121,0.15128208552317063,0.05444006834218104,0.018686000000000008
2018-04-05,0.15714544249271103,0.1489386766402507,0.04275838515498845,0.02583200000000002
2018-04-06,0.15604047335739532,0.14882938936153028,0.07207409536482737,0.022541000000000005
2018-04-09,0.15564899179705344,0.14884522858989918,0.06898990414882852,0.021794000000000008
2018-04-10,0.15597955814391545,0.15080461459044175,0.04907307070490158,0.023555999999999994
2018-04-11,0.15618489351972725,0.1480600005422736,0.04919878589434529,0.019121
2018-04-12,0.15731305518142993,0.144939642418269,0.05147892764271336,0.018504999999999966
2018-04-13,0.15865749399512577,0.1456216472241334,0.0500495738473799,0.01189599999999999
2018-04-16,0.15916719489852724,0.1467305532157788,0.04327390779713389,0.01941799999999999
2018-04-17,0.15974452350142684,0.14866630238044795,0.04359486938423429,0.008362000000000008
2018-04-18,0.1604417798738696,0.14803048136302285,0.03879552066248665,0.015288000000000024
2018-04-19,0.16042865382508467,0.1458877239677069,0.051345773072120765,0.020256999999999997
2018-04-20,0.16044623709556058,0.1452935033521913,0.04961736494656416,0.017474000000000017
2018-04-23,0.16051479991784948,0.14559003748514407,0.04898716194128738,0.01572599999999999
2018-04-24,0.16033321252339208,0.1447527424109348,0.052893717039458,0.02085200000000001
2018-04-25,0.1611560216896191,0.14865533010850346,0.049721326443705416,0.020365000000000022
2018-04-26,0.1633657564694179,0.15328951277923242,0.0476468091281296,0.011865999999999988
2018-04-27,0.16423290117020203,0.1530981207713403,0.05149685582814112,0.010473999999999983
2018-04-30,0.16472890393940842,0.15458236754865315,0.05076171721126582,0.006287999999999988
2018-05-01,0.16551002689714336,0.15406362569696444,0.05742147745676762,0.01041499999999998
2018-05-02,0.1660277775554351,0.1539798808994804,0.061711249177567984,0.006002000000000007
2018-05-03,0.16571225296501463,0.15338502145596722,0.06131425863053361,0.010038000000000019
2018-05-04,0.16507280748524292,0.1539868835842019,0.06256137382928154,0.006866999999999984
2018-05-07,0.16584138973577564,0.15463171828254468,0.10874657357923101,-0.009052000000000004
2018-05-08,0.16523526517698695,0.15446383868953537,0.120370982560254,-0.013452999999999993
2018-05-09,0.1640623905238858,0.15559178973834095,0.05791211813907565,-0.028862
2018-05-10,0.16447044139340494,0.1557986314328454,0.03488288049480015,-0.018758999999999998
2018-05-11,0.16538483889393177,0.15596389358393586,0.031638003648824464,-0.020235000000000003
2018-05-14,0.16667747038388717,0.15590929369725967,0.03981145963490662,-0.026056999999999997
2018-05-15,0.1667758928518581,0.15614436884382535,0.041537913108600666,-0.013631999999999977
2018-05-16,0.16702104841097865,0.16265082502937184,0.047273690172828814,-0.015284999999999993
2018-05-17,0.1673333856911117,0.1624704241851692,0.051863031348630795,-0.021470000000000017
2018-05-18,0.16754562771930492,0.15841990488684432,0.04911291485017524,-0.026707999999999982
2018-05-21,0.16761837465358553,0.15829716694011256,0.04265469850346962,-0.021176
2018-05-22,0.16900405751653685,0.15864945895973623,0.03711420659954545,-0.024778999999999995
2018-05-23,0.17025675651605487,0.16180641351193933,0.039540752519621025,-0.022743000000000013
2018-05-24,0.1701959127805472,0.1620982778808751,0.05922421969424818,-0.025798000000000015
2018-05-25,0.17015207771565835,0.15656921095299245,0.061847157788139456,-0.04196699999999998
2018-05-29,0.16911512813755336,0.15033062542151246,0.0747091845593287,-0.06076899999999999
2018-05-30,0.1694421495384721,0.15047992168020222,0.061451415636551626,-0.06208999999999998
2018-05-31,0.16951766322544115,0.15016928696162768,0.07623842306022541,-0.049101000000000006
2018-06-01,0.17001647774068684,0.16084296742669466,0.06536074274340206,-0.02781699999999998
2018-06-04,0.17045125706381906,0.15850798960372692,0.08772492662586995,-0.020174000000000025
2018-06-05,0.17107716425990024,0.15225784896566802,0.09271719341279525,-0.030755000000000005
2018-06-06,0.17209704897165656,0.15408664086769827,0.09572576308737377,-0.016624
2018-06-07,0.17320299955498525,0.15667583132752247,0.0645951537970634,-0.004078999999999999
2018-06-08,0.1733464175187259,0.15787336206638505,0.06870329052453811,-0.0019619999999999915
2018-06-11,0.17487225056530098,0.15828594703902382,0.07740918292637428,0.003612000000000004
2018-06-12,0.1754996663212248,0.1537720047588308,0.09908448131756833,-0.011240999999999973
2018-06-13,0.17104074582770934,0.1565419536319151,0.0610467208855848,0.014603000000000005
2018-06-14,0.1700652880110416,0.1539235028376275,0.02721530552780882,0.021456000000000003
2018-06-15,0.1703403844744197,0.1562976152655505,0.018793033577609003,0.036046999999999996
2018-06-18,0.1715169277134841,0.16511243863670846,0.023051957590567662,0.021029999999999993
2018-06-19,0.17190832422810934,0.16401324441120718,0.031871232356661505,0.02507200000000001
2018-06-20,0.17309557868102773,0.16447085291782784,0.022635636929824204,0.030632999999999994
2018-06-21,0.17457111891232396,0.1666395990073374,0.021038283576016448,0.012955999999999995
2018-06-22,0.17932538120854605,0.16519579604504314,0.006876117956177347,0.02448900000000001
2018-06-25,0.18004922701481593,0.1653801443256917,0.025003277431131316,0.028519000000000017
2018-06-26,0.18195054333993038,0.16616036597582665,0.0216532745624603,0.024088
2018-06-27,0.18324582361026234,0.16693320711270504,0.059570150426372454,-0.028965999999999992
2018-06-28,0.18414961941727395,0.16492211833884682,0.032180826333718354,0.029939999999999994
2018-06-29,0.18487117570785624,0.1639715243526474,0.06231909089627119,-0.010070999999999997
2018-07-02,0.18492213484520606,0.16186023805649616,0.04783966407626325,0.01119400000000001
2018-07-03,0.18496748365725982,0.16651617859627177,0.05305656027919295,0.007551000000000002
2018-07-05,0.18699259933460097,0.1666200814227722,0.044608818368966824,0.013849
2018-07-06,0.18765813088829691,0.1668420812563251,0.042553995307175185,0.0003610000000000002
2018-07-09,0.1878163774906096,0.17535060820648565,0.04477983339950889,0.022336999999999996
2018-07-10,0.1873047634546248,0.17500215440769948,0.04801649406439601,0.003360000000000002
2018-07-11,0.1852025781182997,0.17485165437793962,0.04281977986132865,0.0035149999999999904
2018-07-12,0.1850395298235596,0.1744474052923142,0.03191316437196101,0.007400999999999991
2018-07-13,0.18447185039034183,0.17515561132799623,0.06718660481458505,0.007700000000000012
2018-07-16,0.18523978276156575,0.1751268658895447,0.07200332633779472,0.007885000000000003
2018-07-17,0.18410148188263856,0.1743779720822938,0.04791921290603346,0.009476000000000012
2018-07-18,0.18393418192700503,0.17454342072887863,0.041780540753042605,0.008989999999999998
2018-07-19,0.18169827041297873,0.17408948899167756,0.03834781889374653,0.01036200000000001
2018-07-20,0.18192128127347648,0.17415934355435583,0.031231905652849,0.010544999999999999
2018-07-23,0.1825046366943186,0.17408752702648375,0.04729566226637957,0.01244199999999998
2018-07-24,0.18260048367721404,0.17383620900151112,0.04831828254647175,0.015630000000000005
2018-07-25,0.1820641642770259,0.17190645491764583,0.046012800391629305,0.010448999999999986
2018-07-26,0.18082881940366982,0.1729875045310454,0.048004780674442527,0.013389999999999985
2018-07-27,0.1803448659954636,0.17240266394432963,0.043937091816034834,0.020909999999999984
2018-07-30,0.18061429192871944,0.17136013449420884,0.04244825816269018,0.022012000000000004
2018-07-31,0.1803446878836142,0.17339638856397407,0.04324393899290893,0.015973999999999988
2018-08-01,0.1802987780220301,0.17129610987621527,0.04031182195935504,0.019204
2018-08-02,0.1800718135222084,0.17180167721787432,0.04946361543321168,0.012055999999999983
2018-08-03,0.17987934912022838,0.1728713979182902,0.03843073004755421,0.019627000000000006
2018-08-06,0.17942305004762168,0.17332277378112532,0.05790017471817954,0.009606000000000003
2018-08-07,0.17924691040446064,0.17171205855865854,0.07725758786053705,0.011685000000000001
2018-08-08,0.17882446813476965,0.1676428659949728,0.0038035016821600653,0.005321999999999993
2018-08-09,0.17851682755101106,0.16591352737939355,0.004855415513699057,0.007613000000000009
2018-08-10,0.17869456536154008,0.17205212568868458,0.001426930662927678,0.014573000000000003
2018-08-13,0.17866283823468446,0.17280902219441469,-0.00038500961195106487,0.017880000000000007
2018-08-14,0.17910511280976232,0.1672746571331253,-0.003047032396424315,0.010119000000000017
2018-08-15,0.17890849542024725,0.1681984448027048,0.020191226028341808,0.007823999999999998
2018-08-16,0.17896232321758423,0.16572322309612558,0.007087657219082666,0.012377000000000027
2018-08-17,0.17889157520982815,0.16505622994467903,0.012552135429222983,0.010120999999999991
2018-08-20,0.17925045001627854,0.165375802346302,0.014181100365898258,0.013478999999999991
2018-08-21,0.17967058044264358,0.1663388189736913,0.007287754670306429,0.010421000000000014
2018-08-22,0.1800551136482786,0.16556713207234416,0.005967390672929784,0.010595999999999994
2018-08-23,0.18026051670006876,0.1633111819055723,0.005118472470987179,0.017373
2018-08-24,0.18014813681982397,0.16218083008259784,0.017190081332400464,0.011138999999999982
2018-08-27,0.18010470884834837,0.1578974577641215,0.02346159323341651,0.009454000000000018
2018-08-28,0.18018597368402112,0.15706867553724252,0.021548861760091187,0.011270000000000002
2018-08-29,0.18045643535771336,0.15816802543657874,0.030296495817077607,0.006272
2018-08-30,0.18043061610902866,0.15753579350174618,0.03444842884686511,0.008952000000000016
2018-08-31,0.18043318590846655,0.16229682681727975,0.033612268554074745,0.01227499999999998
2018-09-04,0.18050082526070876,0.16337749665053045,0.04762063325082942,0.009290999999999994
2018-09-05,0.18047393265283349,0.1631467439566879,0.06131629595040104,0.010846000000000022
2018-09-06,0.18034918204585618,0.1629181669158088,0.06148861928606812,0.014936000000000005
2018-09-07,0.18041639597040937,0.1611248493939211,0.07108357494997568,0.012558999999999987
2018-09-10,0.18016510482328435,0.1621874459050797,0.07278763723533292,0.011086000000000013
2018-09-11,0.1801622724015594,0.1616682965025856,0.07051263024380837,0.011324999999999974
2018-09-12,0.18055433830016784,0.15634644551980326,0.06858284568757264,0.011563999999999991
2018-09-13,0.18086955919563505,0.15712594625732337,0.055798426741435564,0.01819000000000001
2018-09-14,0.18195628409422984,0.1574586082947972,0.054195071630683156,0.012173000000000017
2018-09-17,0.18340848534257895,0.15423965842959517,0.06378616542559828,0.02040700000000001
2018-09-18,0.18330906848723177,0.1642368495021806,0.05978954619861164,0.010588999999999987
2018-09-19,0.18371645447775775,0.1607525915058198,0.062334842848688884,0.006931999999999994
2018-09-20,0.1836319742972984,0.16087401948115193,0.06208485411396843,-0.0005880000000000052
2018-09-21,0.18393396481304053,0.1601822053720747,0.07239284577603879,-0.001469999999999999
2018-09-24,0.18393511902356643,0.16025497935110458,0.052151249498598895,0.01231299999999999
2018-09-25,0.18329104331772733,0.16081131970034,0.05561921646114795,0.003405000000000019
2018-09-26,0.18269994323766164,0.16942437798541687,0.048785389710776145,0.0072359999999999924
2018-09-27,0.1826929556474418,0.16828859219170256,0.04446810387455974,0.01660800000000001
2018-09-28,0.18223089595722086,0.16912225982404075,0.03159572193338178,0.01814300000000002
2018-10-01,0.18197089900790508,0.16967709645534254,0.03929344481189259,0.01566199999999998
2018-10-02,0.18183368573808706,0.16984973856204016,0.034559631542286695,0.017690999999999985
2018-10-03,0.1817731066302804,0.16857274661002838,0.04407983414259739,0.03007399999999999
2018-10-04,0.18132953928539922,0.16811266764327443,0.045060912830742456,0.017455
2018-10-05,0.18134043177739664,0.16672833418521607,0.05106629752932665,0.013248999999999983
2018-10-08,0.18129343862336053,0.16640582040086535,0.0583525910514161,0.026358999999999994
2018-10-09,0.1809798907638436,0.15823371628721042,0.06872083593524925,0.01348100000000002
2018-10-10,0.18215628623019103,0.16209692638623052,0.1000020569645011,0.03631799999999999
2018-10-11,0.18180845165458115,0.16124966201086474,0.11043417562998584,0.025316000000000005
2018-10-12,0.1816011574334301,0.16170325627649748,0.09174201449692504,0.027128000000000013
2018-10-15,0.18144412036677446,0.1607395812238596,0.09252827609269051,0.013848999999999972
2018-10-16,0.18109440118842843,0.16384187373961148,0.053976545508126056,0.024564000000000002
2018-10-17,0.1808181153318762,0.1626771513432685,0.042413796626561445,0.027074000000000015
2018-10-18,0.18077104285999515,0.16531203267701405,0.050883008153191134,0.030675000000000008
2018-10-19,0.1812914842603619,0.16776670955651277,0.047540899440942336,0.032653000000000015
2018-10-22,0.18261717067722896,0.1673536853986984,0.059150288929173844,0.022880999999999985
2018-10-23,0.1815885722280302,0.17210677070843983,0.05510514264701402,0.027832999999999997
2018-10-24,0.1815754110328065,0.1703425436454052,0.0958415300620567,0.039337999999999984
2018-10-25,0.18167465033253957,0.17076875702445932,0.07815766957017434,0.033391000000000004
2018-10-26,0.18120792130603885,0.17057735762763473,0.10578328154627617,0.03913099999999997
2018-10-29,0.18113389205693756,0.17068092039622285,0.1062024227232084,0.04189999999999999
2018-10-30,0.1803894043832185,0.17106374413520445,0.0806355403290207,0.053802000000000016
2018-10-31,0.18069835942934373,0.17100571363598316,0.060305917563635125,0.042497000000000035
2018-11-01,0.18157889447877204,0.17111118725498556,0.041011601845939244,0.03972099999999998
2018-11-02,0.18124607296221534,0.16985368582966734,0.07006384683790273,0.03806999999999999
2018-11-05,0.18277266476788573,0.1697822672186179,0.06187486702922043,0.04525900000000002
2018-11-06,0.18388071188582977,0.1683191278434045,0.04499546938745033,0.04674699999999998
2018-11-07,0.18370291217805235,0.16832200945782,0.02710314779936529,0.042323
2018-11-08,0.18368173841066052,0.1680284404783633,0.047224415301322986,0.07189300000000001
2018-11-09,0.18292132731927235,0.17162440388259514,-0.0036581977001144406,0.031854999999999994
2018-11-12,0.1828665802026069,0.1717354972885887,0.012856843506058174,0.03625400000000001
2018-11-13,0.18286505878660284,0.1718006574149082,0.008534274186232843,0.03639100000000001
2018-11-14,0.182439287345625,0.1724278389107233,0.02072090982971969,0.035218
2018-11-15,0.182194181951513,0.1724269114260189,0.017517388289562813,0.028487999999999986
2018-11-16,0.18193563997276463,0.17184744233373297,-0.0032223026119466147,0.030224
2018-11-19,0.18050490322335933,0.1726914993024576,0.0007747078763475634,0.033058000000000004
2018-11-20,0.1790862139343367,0.1720477663606919,0.020419269973746323,0.02846399999999999
2018-11-21,0.17880216047835812,0.1723265867129005,0.0050264834164591154,0.03700800000000001
2018-11-23,0.1788474397771746,0.1722166353915452,0.014723332396900268,0.030449999999999977
2018-11-26,0.17884188692516678,0.1725038942400588,0.003483064390019386,0.034802
2018-11-27,0.17883104223322707,0.17503364181404588,-0.001224668284695779,0.03661600000000001
2018-11-28,0.1785953377912926,0.1763180863213853,0.00435367344858395,0.02227699999999999
2018-11-29,0.178315181050335,0.175491103187095,0.008109888841692087,0.018617999999999996
2018-11-30,0.17790910653804523,0.17566864479791092,0.0031939486043501275,0.028794999999999987
2018-12-03,0.17758060288769317,0.17633355710680618,-0.015863321776367345,0.017768000000000006
2018-12-04,0.17628473362693983,0.1760990580745531,0.017121482984735037,-0.0015089999999999826
2018-12-06,0.175715761606357,0.17732757103005714,0.012025144876889604,0.036942
2018-12-07,0.17551746846707966,0.17699888708546235,0.02012049018515938,0.03409099999999998
2018-12-10,0.17403078556143686,0.174661322705154,0.029667490527695933,0.03382400000000002
2018-12-11,0.17403262725290328,0.17105713094655473,0.022105107551679354,0.028298000000000018
2018-12-12,0.1742090112864592,0.1710799683933645,0.019898286535936782,0.005485999999999991
2018-12-13,0.17471711816347069,0.17094680790006825,0.011280329035404463,0.029473
2018-12-14,0.1760448416975591,0.17076938265291577,0.023144522588848138,0.028911999999999993
2018-12-17,0.17534475124220633,0.17170560787462197,0.03168266260996874,0.038987999999999995
2018-12-18,0.17536063412146383,0.16809612167838356,0.03635489410511561,0.027904999999999985
2018-12-19,0.17334097239104038,0.16733939350935495,0.04035789976193921,0.013562999999999992
2018-12-20,0.1725346665274165,0.16601721985150547,0.05213388289748727,0.040412000000000003
2018-12-21,0.16770759821804146,0.16681478861578877,0.047133593221632436,0.046128
2018-12-24,0.16617064480486604,0.164793936267048,0.09603915708935618,0.045373
2018-12-26,0.16479868287042893,0.16695485975940016,0.051229169047631806,0.05311300000000002
2018-12-27,0.16220446036956604,0.16717167246599537,0.046097463121786864,0.06182599999999999
2018-12-28,0.16174196634324808,0.16646264069973638,0.023142232909098615,0.054116
2018-12-31,0.16085907350132195,0.16624993742485908,0.006207654738462187,0.052427
2019-01-02,0.16063527127649277,0.1660326741666578,-0.0024770884511066127,0.04980899999999999
2019-01-03,0.16023379020187273,0.16618315066904113,0.020715472818238656,0.05455700000000002
2019-01-04,0.15764858858484093,0.1667430947936462,-0.003977978052260633,0.052447999999999995
2019-01-07,0.1569080249930105,0.1643941094515073,-0.006284684170221655,0.038980000000000015
2019-01-08,0.15706845287347096,0.1630289535758841,-0.009428202273693065,0.03832199999999997
2019-01-09,0.15729740701054695,0.16186860737665268,-0.02086396881876615,0.049341000000000024
2019-01-10,0.15717065426396665,0.162210190063515,-0.013177033932490562,0.04610800000000001
2019-01-11,0.1571496811738058,0.16308341754664296,-0.01750213999861744,0.04830800000000002
2019-01-14,0.15704896188852363,0.16479035448142584,-0.015495257238256177,0.044591999999999965
2019-01-15,0.15575420175737095,0.16464700953758435,-0.03090186937924952,0.045708
2019-01-16,0.15619799609235177,0.16326937839342484,-0.023202146907046195,0.045380000000000004
2019-01-17,0.1561981269866139,0.16343532211221137,-0.021294400194925983,0.04862
2019-01-18,0.15632857710381923,0.1635684364462079,-0.03137784201527252,0.045458
2019-01-22,0.15648060504316802,0.16397417613498294,-0.0003775534462329144,0.05942599999999998
2019-01-23,0.15582702627393807,0.16393685699978325,0.0024094018040462517,0.054557999999999995
2019-01-24,0.15585937015287799,0.16413424482510505,0.02143835953700554,0.052174
2019-01-25,0.15631204401500914,0.1642109004780079,0.022225952153932194,0.047128
2019-01-28,0.15654169233798973,0.16279531781145218,0.03712046833860433,0.049441999999999986
2019-01-29,0.15697132350799764,0.16271268192317487,0.04906601919594725,0.048396999999999996
2019-01-30,0.15691004098260897,0.16445679952376488,0.060111623414486615,0.05088300000000001
2019-01-31,0.15810197109920168,0.16504445075231566,0.05742311941884798,0.047378
2019-02-01,0.1586325585256748,0.1667045209083402,0.05112990311956997,0.04480799999999999
2019-02-04,0.15981837207153773,0.16560824080574912,0.05242855273797875,0.043048
2019-02-05,0.16125864985912897,0.16623889269191622,0.07430785113693,0.052786
2019-02-06,0.1626346524957394,0.1651220335560727,0.04282270390745371,0.03318599999999999
2019-02-07,0.16285922482343446,0.16270204929214802,0.04387776464598145,0.036063999999999985
2019-02-08,0.1632645807665167,0.16287274200840524,0.033694674879725606,0.03540300000000002
2019-02-11,0.1632610613604855,0.16680335484056497,0.04368358354030727,0.03137599999999999
2019-02-12,0.1636322733260816,0.16233127112823112,0.03995338358093861,0.029802999999999996
2019-02-13,0.16381426982303182,0.15850019373990892,0.030149068470384788,0.030675000000000008
2019-02-14,0.16354723734299387,0.15856031496863227,0.05005546939748798,0.029279
2019-02-15,0.16347478062603898,0.16153677181902473,0.03998260107896828,0.03501099999999999
2019-02-19,0.1648835383382422,0.16121693863674186,0.033895753577869836,0.031455999999999984
2019-02-20,0.16560435838332624,0.1613301202575072,0.029386328509107773,0.032733999999999985
2019-02-21,0.16559552923221807,0.16301218579688026,0.033254215856852454,0.03572399999999998
2019-02-22,0.16554648954596377,0.1626518702472669,0.02806118807015867,0.033748
2019-02-25,0.16802930530065133,0.16340932138622086,0.029644886437926427,0.032696
2019-02-26,0.16842749089634268,0.16346543575048747,0.03609007679636264,0.025382000000000016
2019-02-27,0.16851320978480536,0.16331361191711596,0.028925512389341462,0.035093999999999986
2019-02-28,0.16930295683712818,0.16344914125881832,0.02978261273354607,0.033041000000000015
2019-03-01,0.16937199161960984,0.16424014590877342,0.030642638514464443,0.028087
2019-03-04,0.16931418427643874,0.16416388253579126,0.03873345846033119,0.036767999999999995
2019-03-05,0.16948148915393108,0.16375752012672412,0.039078270531802656,0.029148000000000007
2019-03-06,0.16971200705247771,0.1630059788911638,0.047250221515364815,0.037018999999999996
2019-03-07,0.1695086810226292,0.16357769596007612,0.06026754908278864,0.036610000000000004
2019-03-08,0.16967810318200496,0.16480570484737211,0.06477616237054089,0.035361000000000004
2019-03-11,0.16987475857982895,0.16392218094329059,0.07029980500858621,0.03872299999999998
2019-03-12,0.17120959925106863,0.1633335324141837,0.06529202352545219,0.030162999999999995
2019-03-13,0.17124507632300193,0.16418894009528112,0.09167781844358854,0.018360000000000015
2019-03-14,0.17175653050690093,0.16451873212864931,0.10289532143271206,0.043364000000000014
2019-03-15,0.17125935166262093,0.16446188203291473,0.10907664120624397,0.033845000000000014
2019-03-18,0.17128386175024635,0.1644437470843227,0.10972638657429759,0.039908
2019-03-19,0.1694254649931088,0.16602067316508107,0.13468833106684927,0.019652999999999976
2019-03-20,0.16773194252307233,0.16697908387102775,0.10783682728230284,0.029237000000000013
2019-03-21,0.16871223939538127,0.1684593729510243,0.12618430013018767,0.005135000000000001
2019-03-22,0.1685196574067553,0.16935742194077852,0.12500661466594387,0.019377000000000033
2019-03-25,0.16797891221947425,0.16920269215068587,0.10556109698604987,0.02308199999999999
2019-03-26,0.16813815053837916,0.16908221907054433,0.07853926813801651,0.027290999999999982
2019-03-27,0.16829497572472077,0.16860936830524076,0.08851623014902271,0.026899000000000006
2019-03-28,0.17066865384645824,0.167867980170066,0.10109629016415117,0.028919
2019-03-29,0.17111908223925126,0.1688031842276358,0.08480589608434796,0.027146000000000003
2019-04-01,0.17094452046253972,0.16958067582078729,0.07030928147067103,0.021143999999999996
2019-04-02,0.1714287220172192,0.16980501221801075,0.076496514448438,0.013506999999999991
2019-04-03,0.17167596229513987,0.1697649236556872,0.06820421555996167,0.023429000000000005
2019-04-04,0.17192443492081036,0.16835167673736698,0.07445786285024314,0.02416600000000002
2019-04-05,0.17202052318834463,0.16830663694656126,0.07141147330387013,0.026828999999999992
2019-04-08,0.1727459382973409,0.16831168859270818,0.07563289845270296,0.022329000000000016
2019-04-09,0.17245315989025936,0.16842762646487844,0.08735301716453633,0.024120999999999976
2019-04-10,0.17238644563951058,0.1687067643168986,0.0812404690932993,0.022817000000000004
2019-04-11,0.17236575339839494,0.16884120303740416,0.08892026475315626,0.010848999999999998
2019-04-12,0.16967842014398496,0.1792463922149411,0.09809933215602096,0.019359000000000015
2019-04-15,0.16844661612797523,0.17914110914428497,0.07159413297705758,0.013234000000000024
2019-04-16,0.1681403983144005,0.1793615142184886,0.05594552574461126,0.007399000000000017
2019-04-17,0.16762197688877073,0.1795664030048971,0.04683126601265716,0.005314000000000013
2019-04-18,0.16861670968183648,0.17991376134675552,0.04829695787748872,0.00962300000000002
2019-04-22,0.16897641038477573,0.1799197557167448,0.04731981140883315,0.007085000000000008
2019-04-23,0.16887564285312195,0.17893580160260358,0.04474199536420109,0.012109000000000009
2019-04-24,0.16821494948310275,0.1790041248331967,0.061570675010245324,0.013123999999999997
2019-04-25,0.16645348797377824,0.1698756697809992,0.0672596123054661,-0.0004109999999999947
2019-04-26,0.16617164306754156,0.1697352711101933,0.08706824743964697,6.700000000003925e-05
2019-04-29,0.1641640746223282,0.1705659903615835,0.07752728684528809,-0.003927000000000014
2019-04-30,0.16347086074876532,0.17068623625768614,0.05078527083207163,-0.004024
2019-05-01,0.16319164332357908,0.17204063298794603,0.04578856236811313,-0.0009440000000000004
2019-05-02,0.1617594451767392,0.17247208991495735,0.05928715411898125,-0.0025080000000000102
2019-05-03,0.16180381118448603,0.17131885551290976,0.0426713369365703,0.002342999999999984
2019-05-06,0.16153532231019438,0.17200152601624144,0.06670927165209739,-0.012663999999999953
2019-05-07,0.16054113325401248,0.1733228298847649,0.09295905075849101,-0.008996999999999977
2019-05-08,0.16024709264066436,0.17248210799676364,0.08091891913595056,-0.016471999999999987
2019-05-09,0.15839960451743254,0.1739666041890365,0.018834466226194835,-0.004987000000000019
2019-05-10,0.15746197996404665,0.17337172582760524,-0.021832748484911152,-0.001582
2019-05-13,0.15804035672944403,0.1737123391989177,0.015458559852696285,-0.010716000000000003
2019-05-14,0.15768878492546912,0.17342842501722136,0.020852427807059898,-0.017311999999999994
2019-05-15,0.15761284997494154,0.17315002367499918,0.03102853534007896,-0.029737999999999987
2019-05-16,0.17084254456117157,0.17358411843897154,0.0015307275009245336,-0.02906900000000001
2019-05-17,0.17273956429179874,0.17389932520093007,0.01385838815631571,-0.033467
2019-05-20,0.17311785614108358,0.17395811672805955,0.01077076291755455,-0.027449
2019-05-21,0.17576413291113782,0.1742873306052706,-0.0040060905580771855,-0.024534
2019-05-22,0.1765926696190654,0.17400411885493353,-0.0026634311446413206,-0.024270999999999987
2019-05-23,0.17718529746289158,0.1728917330752202,0.02830070191040948,-0.012612000000000012
2019-05-24,0.1771986673560687,0.17289058744194383,0.02559323031497235,-0.015726000000000018
2019-05-28,0.17777099472332036,0.17181119588327298,0.052152379357912476,-0.021644999999999998
2019-05-29,0.17820470047870057,0.17291384882162558,0.059136117411992484,-0.0035750000000000226
2019-05-30,0.17887578318061478,0.17184044918271493,0.06648267007220951,-0.0007169999999999954
2019-05-31,0.17845897433746286,0.17132990386391372,0.08257479687180092,-0.0035219999999999974
2019-06-03,0.1783993013276761,0.1713374154814773,0.06375899511842173,0.017619999999999997
2019-06-04,0.17935645373981599,0.17109757085291483,0.05631490761517838,0.011357000000000006
2019-06-05,0.1797875662864477,0.17143751818796643,0.06204431220059187,0.007606000000000002
2019-06-06,0.1794728230883151,0.16942052880343839,0.037725811686525,0.027724
2019-06-07,0.17942324054880135,0.1690054112553766,0.03732382109129209,0.034351999999999994
2019-06-10,0.17883593402760192,0.16916093796897574,0.04894382840889286,0.030154999999999987
2019-06-11,0.1793344640874764,0.16936467011694395,0.06522748043974899,0.029284000000000004
2019-06-12,0.17941208460948324,0.16925335062288965,0.06524655273694704,0.026643
2019-06-13,0.17858532669254049,0.16640898781992985,0.08677511607670871,0.03788300000000003
2019-06-14,0.17814358362272506,0.15949975112449669,0.08978509495478174,0.009961999999999999
2019-06-17,0.17752166830804594,0.1604114332358879,0.09525263446832849,0.010119000000000017
2019-06-18,0.17593122766027505,0.15831881129030892,0.06539837935164822,0.010244000000000003
2019-06-19,0.17532867637357394,0.16188943778599604,0.07477045552261527,-0.0032989999999999964
2019-06-20,0.1747335194341374,0.16884474867074523,0.0670283428722587,0.010221000000000008
2019-06-21,0.17477897480298032,0.16774351302001875,0.06664703023687596,0.005756999999999984
2019-06-24,0.17440015466113998,0.166578647158568,0.04338783904947152,0.012272999999999978
2019-06-25,0.1744349632715351,0.1633440998433348,0.06468247091344975,0.007927000000000017
2019-06-26,0.17429243809032186,0.16739490672216223,0.05410995705254859,0.006845000000000018
2019-06-27,0.17351332479594933,0.16378024050778817,0.0634440375771197,0.003335999999999978
2019-06-28,0.17328216200408036,0.1685379225773606,0.0716180479457311,0.02295500000000003
2019-07-01,0.17277912373769408,0.16838150458871817,0.03105476359385026,0.012347999999999998
2019-07-02,0.17277712953436455,0.1624076122898474,0.04317676729174441,0.0015280000000000016
2019-07-03,0.17305712879863389,0.1577491852671675,0.03521763663854813,0.014263999999999999
2019-07-05,0.17293969882187385,0.16342195834250467,0.060760447610131246,0.006617000000000012
2019-07-08,0.17326496628087792,0.17042639102631646,0.06906498950234316,0.004149000000000014
2019-07-09,0.17324478574878321,0.17150988337949058,0.06905862853852629,0.005277000000000004
2019-07-10,0.172912500897349,0.17169827089166628,0.08310114055950771,-0.0026199999999999835
2019-07-11,0.17275568360957314,0.17193719407227673,0.07729556236506041,-0.006548999999999999
2019-07-12,0.17269293799196306,0.17168300258929958,0.07317811218372744,-0.0022120000000000195
2019-07-15,0.17261441474262076,0.1722547307752573,0.0735521558512015,-0.0015090000000000103
2019-07-16,0.17480713297337885,0.17226468485383847,0.07491151734379067,-0.005901000000000017
2019-07-17,0.17473697514738176,0.17058123507525647,0.07671790632257205,-0.004372000000000015
2019-07-18,0.1741935718632423,0.17119724410309983,0.08248549655816206,0.004297999999999996
2019-07-19,0.17413685476893076,0.17245496722460543,0.08694090880110547,0.003457999999999989
2019-07-22,0.17415621106284124,0.17183601495788042,0.09275333383450121,-0.0008449999999999847
2019-07-23,0.17362757622576117,0.17183102953130286,0.09155616949999443,-0.003581000000000001
2019-07-24,0.17445734965978493,0.1707208888754452,0.10027170188570883,-0.0017380000000000173
2019-07-25,0.17528791769504332,0.1708329174299612,0.10504450507249732,-0.0038759999999999906
2019-07-26,0.17588883510928238,0.17091377185845297,0.09734672260291077,-0.0010590000000000044
2019-07-29,0.17644498478885134,0.17076555907161156,0.09959562109407999,-0.0015419999999999878
2019-07-30,0.17637955930623947,0.17057785122708727,0.0919698113884779,-0.0004049999999999887
2019-07-31,0.176342506386826,0.1706517721541789,0.11107726433174969,-0.016462000000000004
2019-08-01,0.17548038588968543,0.16948168967983213,0.11602537545019065,-0.02840999999999999
2019-08-02,0.17514812856925646,0.16949375355456686,0.12445117912179593,-0.023316000000000003
2019-08-05,0.17439515404057537,0.16708862877341502,0.1713181505523784,-0.023811000000000027
2019-08-06,0.18043552527713735,0.1716175038871158,0.13389740158704064,-0.030691000000000024
2019-08-07,0.1793713826003695,0.17081508171222415,0.07080067930160325,-0.0021829999999999905
2019-08-08,0.17919138532847273,0.1716082641826187,0.03967180704123449,0.012935000000000002
2019-08-09,0.17889130800825198,0.17160220772290785,0.03290580528572598,0.013177999999999995
2019-08-12,0.1788811928207346,0.17124265848609285,0.05215998288068943,0.019097000000000003
2019-08-13,0.17829822229812467,0.17042408417832816,0.024685975514856462,0.021622000000000002
2019-08-14,0.1780894972343467,0.16579676964545897,0.06837649037264754,0.01322899999999999
2019-08-15,0.17796549271189746,0.16101449540953208,0.06173031352233341,0.015727999999999992
2019-08-16,0.17805306408114313,0.15782002612882667,0.030683513746959573,0.022333999999999993
2019-08-19,0.17730428829983347,0.16419271929658927,0.041643418984189995,0.03530900000000001
2019-08-20,0.1774281155529278,0.1553706916263316,0.028741127459429694,0.02784500000000001
2019-08-21,0.17711819521900937,0.1557827371582906,0.017909630695029433,0.025768000000000013
2019-08-22,0.17817995143398604,0.1561174186276679,0.017394302920009763,0.027694999999999997
2019-08-23,0.17727000927401446,0.1583927223643455,0.046295644330387076,0.03139300000000003
2019-08-26,0.18246172854056975,0.15567333594220897,0.02041181508682871,0.02920500000000001
2019-08-27,0.18634093686211736,0.15539886305141892,0.025153524428699753,0.030275999999999997
2019-08-28,0.18919949698196656,0.15522188866475292,0.012649859712474398,0.03
2019-08-29,0.1918278797434002,0.16764030347364012,0.00396661105865137,0.030532999999999977
2019-08-30,0.19648528011671898,0.15478118913463662,0.015074500420835607,0.026902999999999982
2019-09-03,0.1988220623847846,0.15668343152749553,0.025619001482096698,0.03070500000000001
2019-09-04,0.2017998122591328,0.15326893422656537,0.016830375544880094,0.030716999999999994
2019-09-05,0.20458604852565285,0.16250221761373168,0.010364852602018332,0.029435000000000017
2019-09-06,0.20913448933746218,0.15201375190921523,0.009205092612120436,0.028720000000000023
2019-09-09,0.2241104832012172,0.16167576676095088,0.02317066533096135,0.025449
2019-09-10,0.22876534138261276,0.1671587956080487,0.026008846181630324,0.024259000000000003
2019-09-11,0.23868302514206624,0.16682056229440134,0.0188213947403178,0.016986
2019-09-12,0.26152356392078696,0.16843224398735943,0.01723456694359976,0.017780000000000018
2019-09-13,0.27416053718928357,0.1698202368964066,0.004162957647971921,0.02490600000000001
2019-09-16,0.2810831551664171,0.16862898848869634,0.02955857393807365,0.022892999999999997
2019-09-17,0.3061460906959109,0.18747375454822204,0.023852740356090724,0.028288000000000008
2019-09-18,0.3277013614538595,0.184307621621819,0.03341313556287878,0.015455999999999998
2019-09-19,0.3353662375056301,0.18594665007953073,0.037607972439844733,0.015147000000000022
2019-09-20,0.34290817943832036,0.18424290804838062,0.05302082275746395,0.0003919999999999757
2019-09-23,0.3473341084835532,0.18561850827377196,0.045433228800180386,0.007538000000000017
2019-09-24,0.36211419930530264,0.1837580219779781,0.07498725664169303,0.010818000000000022
2019-09-25,0.3658630584492422,0.18277006408653768,0.05028219313725618,0.018056000000000016
2019-09-26,0.3678409679392169,0.1773207438250878,0.06224889759856678,0.030684000000000017
2019-09-27,0.3760802709019697,0.1698977186451687,0.07602572243402339,0.030478000000000033
2019-09-30,0.3811359986312083,0.17290457405398973,0.06648941066848929,0.027498999999999996
2019-10-01,0.38400038069556225,0.1653429311407928,0.07468565273487524,0.025202000000000002
2019-10-02,0.38429070457521863,0.1712405292610683,0.08378116929549956,0.026065999999999978
2019-10-03,0.385927616396887,0.1693682946272968,0.08385768090435902,0.02671699999999999
2019-10-04,0.3896409644334221,0.17398257019650198,0.07333348642341003,0.017516000000000004
2019-10-07,0.39179679684188323,0.1744454095941825,0.07765431159630226,0.013555000000000011
2019-10-08,0.3934029478882003,0.1703191154091753,0.09783361670441121,0.02202900000000002
2019-10-09,0.3944025243205361,0.17513043695976938,0.09697651161974172,0.018104999999999982
2019-10-10,0.3974959258437096,0.1749298333584586,0.0912826855408353,0.02060999999999999
2019-10-11,0.3989010456992086,0.17180056880086747,0.08956512520246948,0.018091999999999997
2019-10-14,0.39932112749434384,0.17249269306243234,0.0807781091224285,0.02095600000000003
2019-10-15,0.3999094458840087,0.17283880128106868,0.08071507731808278,0.013892999999999989
2019-10-16,0.4002992518366234,0.17297886689814382,0.08229209758756834,0.009931999999999996
2019-10-17,0.4004813341232425,0.16682077159350514,0.06969354907829975,0.009781000000000012
2019-10-18,0.4009097586145255,0.16472583466738358,0.0799153509739462,0.003905999999999993
2019-10-21,0.4010783347406304,0.16463504309623936,0.07973875200246178,0.009580000000000005
2019-10-22,0.4020720146421245,0.21247158106166936,0.08366199534767291,0.009523999999999977
2019-10-23,0.402577531295752,0.22270456538086764,0.07856192317267155,0.012566999999999995
2019-10-24,0.4036572929967901,0.21819206257019236,0.08602776574854767,0.0019179999999999753
2019-10-25,0.40466489771322867,0.19669210480902008,0.09558432475769463,0.005009999999999987
2019-10-28,0.40575796059587,0.1979058128005819,0.10304789347503229,0.0036390000000000033
2019-10-29,0.4067967799522855,0.20120898752815713,0.10843841578917515,0.0050090000000000134
2019-10-30,0.4072918215749832,0.20080701474228008,0.11400368194194196,-0.0020729999999999915
2019-10-31,0.40829715388181076,0.19239648320147354,0.0992345538024281,0.004512999999999989
2019-11-01,0.41018593908156914,0.18330039524439845,0.09638955809155988,0.015283999999999992
2019-11-04,0.41482239766204176,0.18646325520509613,0.11641327914893196,0.007131999999999972
2019-11-05,0.4150730380954591,0.17862414232633467,0.1347284234656111,0.008465
2019-11-06,0.4156802866247225,0.17689234867057185,0.14163868052288187,-0.010203000000000018
2019-11-07,0.41600448562515013,0.17558598032567901,0.14065908537808167,-0.004045000000000021
2019-11-08,0.41640351153345895,0.1778809221057483,0.062207771962205505,-0.015293000000000001
2019-11-11,0.4168437069748145,0.17879495178162577,0.06544874080736829,-0.0020759999999999945
2019-11-12,0.4195524406705804,0.18119063591159415,0.05415287412673761,-0.006855
2019-11-13,0.4155894314388858,0.1775052493887019,0.04265419926252764,-0.0020919999999999828
2019-11-14,0.41666412607925796,0.17911162523279336,-0.0035468863697236397,0.011848999999999998
2019-11-15,0.4172315487327581,0.17768344974715053,-0.0022577536139606336,0.025290000000000007
2019-11-18,0.4171750251061456,0.17841311846594268,-0.01169663215320385,-0.0040909999999999835
2019-11-19,0.41786848773412594,0.17932292750178164,-0.02358542234259914,-0.005088000000000009
2019-11-20,0.41768726419554647,0.18121947734523358,-0.039081911388352764,0.0025640000000000107
2019-11-21,0.41795748420443846,0.17961478891960034,-0.04654193342004592,0.004943000000000003
2019-11-22,0.4186427729910721,0.18018698846724263,-0.03441487479850697,-0.002610000000000001
2019-11-25,0.4198239264953598,0.17990997098221478,-0.046348459518546964,0.0038429999999999853
2019-11-26,0.42050433941150855,0.2506592659498128,-0.058440591704417094,0.003167000000000003
2019-11-27,0.42090531843847007,0.24451565538163358,-0.05489277161635328,0.005147999999999986
2019-11-29,0.4211355047773377,0.26591661112508685,-0.04397891027989062,0.009587000000000012
2019-12-02,0.42106616412037173,0.25487723715603805,-0.041162519911308676,0.008757999999999988
2019-12-03,0.4211891025291021,0.25206485134514084,-0.03815337130877758,0.009566000000000019
2019-12-04,0.42196780641315096,0.25376815618124354,-0.043203551989429184,-0.0010059999999999791
2019-12-05,0.422516414345746,0.24454876193457042,-0.04985341631311618,0.00039800000000000946
2019-12-06,0.42264673689262433,0.2360223816881599,-0.0666948326984981,0.0032969999999999944
2019-12-09,0.42283240498798513,0.23204570835291433,-0.0529929773585342,0.002130999999999994
2019-12-10,0.423936066976497,0.18303695392805489,-0.05970609967771556,0.001921000000000006
2019-12-11,0.42536714714105267,0.2302154250578567,-0.048951673940989926,-0.0008309999999999984
2019-12-12,0.42714261816220056,0.18368951646529885,-0.058245390784649576,-0.0009760000000000046
2019-12-13,0.42903613548551295,0.22644164776801287,0.0059639287104944205,-0.001374000000000014
2019-12-16,0.42913256640343,0.18185159071422496,0.01724245098586602,0.0035380000000000134
2019-12-17,0.4295292238333683,0.18355193609261344,0.015486381703594704,-0.0009529999999999816
2019-12-18,0.43020041048058033,0.1810935905863179,0.04371335699319365,0.002143000000000006
2019-12-19,0.4307184466983301,0.18292691406472747,0.04393350547299535,0.0033390000000000086
2019-12-20,0.4306593938197167,0.18142541354283426,0.04614830845556411,-0.0034119999999999984
2019-12-23,0.4327529100790985,0.18296135147322626,0.04011508961691104,0.0021779999999999855
2019-12-24,0.4331733705184721,0.18353359589970325,0.046143124436799327,-0.0041210000000000135
2019-12-26,0.43386888783266786,0.18340354048624852,0.06614404831107029,-0.010643999999999987
2019-12-27,0.4344966836451815,0.18274106622346126,0.08055466378561296,0.0029980000000000007
2019-12-30,0.43474718076298396,0.18263998517493854,0.08418699147652775,0.003845000000000015
2019-12-31,0.4356273863408242,0.1837166699682341,0.08190627050861347,0.007494000000000001
2020-01-02,0.4357721626057367,0.17973581693444415,0.1058954541932737,-0.0013370000000000049
2020-01-03,0.43580300848596304,0.2616259007459914,0.11122741579823553,-0.002359
2020-01-06,0.4361823943578715,0.2892421197894348,0.12037897686614105,-0.004698999999999981
2020-01-07,0.43701458559710704,0.2893966662837322,0.12615436953584214,-0.004335999999999979
2020-01-08,0.437429429126494,0.29811392960514727,0.12817483461435547,-0.005167000000000005
2020-01-09,0.43778214154015316,0.2854796543567132,0.1334502695234067,-0.004888999999999977
2020-01-10,0.4383163303084017,0.2511025736429168,0.13238763052066466,-0.007592999999999989
2020-01-13,0.43920661412963646,0.27080529697184347,0.13291419584874115,-0.004898999999999987
2020-01-14,0.4386846393524262,0.2636088633972711,0.12748568121504922,-0.009456999999999993
2020-01-15,0.43887153469088375,0.2700792143482195,0.11589983222867997,-0.006611999999999979
2020-01-16,0.4393230318894081,0.2836731638884216,0.11896320219173337,-0.006178000000000017
2020-01-17,0.4394637885991394,0.2791971778072639,0.11094236696478313,-0.005594000000000016
2020-01-21,0.4399240191059391,0.2768319779684381,0.12805665304374775,-0.007686999999999999
2020-01-22,0.4399554397073164,0.2774911595195312,0.1283450790229222,-0.014907000000000031
2020-01-23,0.43995810412290326,0.2658170969310184,0.13323097576902856,-0.010541999999999996
2020-01-24,0.4398637215245553,0.23617639967017579,0.1336857075565623,-0.006213000000000024
2020-01-27,0.4396092070784694,0.242481874071705,0.13332788426528053,0.003463999999999967
2020-01-28,0.43956605556344897,0.24180975591194948,0.11764271203461651,0.0015739999999999643
2020-01-29,0.43955640180365513,0.24041388991092566,0.12164165033180749,-0.001595000000000013
2020-01-30,0.4400456371801222,0.22532260236302146,0.11103927254122156,-0.00031599999999998296
2020-01-31,0.440428352460097,0.22171398539506473,0.1475712904006182,-0.0041999999999999815
2020-02-03,0.44054798793260486,0.21864514610844446,0.1790241998239533,-0.009029999999999982
2020-02-04,0.44071568863924054,0.2528549123739068,0.18939399487650696,-0.018647999999999998
2020-02-05,0.4401257145152095,0.26020054002243326,0.0306652229798777,-0.008759000000000017
2020-02-06,0.4414374320653887,0.24828996831218353,0.0032593705688794827,-0.003816999999999987
2020-02-07,0.4419846776718463,0.2299480078577941,0.0066724546477864854,-0.004353999999999997
2020-02-10,0.4423227921962103,0.30801336368575216,0.000508767405904692,0.004821999999999993
2020-02-11,0.4426080636302883,0.3130829577607146,0.0019671194116250845,0.002947000000000005
2020-02-12,0.442863043280326,0.31143209833359525,-0.012127075808649385,0.0012820000000000054
2020-02-13,0.4430311554983076,0.30973600696950954,-0.0036657371503882596,0.003982000000000013
2020-02-14,0.44297879002674984,0.3016407147406685,-0.005235731683176287,-8.900000000000574e-05
2020-02-18,0.4429815240169986,0.2968612769470552,-0.014470372916825708,0.009535000000000016
2020-02-19,0.4427950265671628,0.29052999032331045,-0.013509145897063368,0.006512999999999991
2020-02-20,0.4428336288940612,0.23957938135165507,-0.009598796981666657,0.007433999999999996
2020-02-21,0.44293326423807033,0.23129692218551215,-0.005349110643918881,0.018570000000000003
2020-02-24,0.4423437536304123,0.24260009237827296,0.04576939478567604,0.026878999999999986
2020-02-25,0.44182691778320105,0.21980575146278564,0.08727123865856518,0.04643400000000003
2020-02-26,0.4395951401866414,0.22019926726599762,0.080411172895938,0.04514000000000001
2020-02-27,0.43822673643519106,0.2479645661614777,0.13130254298289576,0.052252999999999994
2020-02-28,0.43741875792972346,0.24561505609749615,0.1863552427763392,0.11623299999999998
2020-03-02,0.43677804286895583,0.24191972835462172,0.060945891184106926,0.08060400000000001
2020-03-03,0.4351900598875359,0.2804266671815987,0.08245017077216404,0.09305999999999998
2020-03-04,0.43436497462093204,0.27422942762927044,0.016645225872871483,0.08809099999999997
2020-03-05,0.43314839323910387,0.2782742019974907,0.1356960784866857,0.12818399999999996
2020-03-06,0.433324076040789,0.2786796036673823,0.1774579043650205,0.14315499999999998
2020-03-09,0.43282916021521173,0.2794428529034286,0.33851765597535977,0.2644949999999999
2020-03-10,0.42746721179659763,0.27832551935664784,0.21714823004381806,0.21883800000000003
2020-03-11,0.42498392163118204,0.1994659712394966,0.2973840728248685,0.2672129999999999
2020-03-12,0.4204506331328587,0.17167861497367048,0.5462594173401696,0.37755800000000006
2020-03-13,0.4066434888175312,0.1719593206206898,0.4002977707577546,0.325233
2020-03-16,0.3983575887794206,0.17804245227020107,0.42022571895487426,0.3116120000000001
2020-03-17,0.39342809919462696,0.19876691515645883,0.28337273840202104,0.29935999999999996
2020-03-18,0.37456540558730417,0.19641442058258338,0.2636202520215222,0.3191870000000001
2020-03-19,0.3565579441315872,0.19450971927247954,0.1727115259307166,0.286126
2020-03-20,0.34925661860793517,0.19642259107196644,0.1290771930084339,0.21797
2020-03-23,0.3426624805326743,0.19174451505169923,0.055813637534033234,0.15076099999999992
2020-03-24,0.33854636949980016,0.18614549605033617,-0.0454298686363539,0.21532799999999996
2020-03-25,0.32317183890689255,0.1863511006051974,-0.015052377616177948,0.23622100000000001
2020-03-26,0.3195350491738825,0.1859454609651846,-0.08412576566531238,0.22507299999999997
2020-03-27,0.3163686324395947,0.18546372176828096,-0.03950852091509638,0.22750000000000004
2020-03-30,0.3063351525454195,0.19440606484390308,-0.09540852791079235,0.22325899999999999
2020-03-31,0.30062250777015526,0.19403951878783313,-0.1581551840748513,0.204075
2020-04-01,0.29708715801527497,0.19622173017790537,-0.10070196014433963,0.19920899999999997
2020-04-02,0.2972598468897766,0.19641341154115935,-0.14905390639640104,0.20035500000000006
2020-04-03,0.29519823178539234,0.196838560362098,-0.17917819405780955,0.177655
2020-04-06,0.2903148053797904,0.1948488029533056,-0.24713704859345476,0.15538600000000002
2020-04-07,0.2878279930101878,0.19341177085477673,-0.22757542673624553,0.14105600000000007
2020-04-08,0.2860833586090027,0.19496848110583462,-0.25120664795108893,0.151084
2020-04-09,0.28455320827439334,0.19028633351029875,-0.26815457628967243,0.12688000000000005
2020-04-13,0.2805018432210701,0.18905242380175888,-0.23668136458730393,0.13906799999999997
2020-04-14,0.2788607104640167,0.19057411048276085,-0.24559904175830982,0.12673
2020-04-15,0.27942178376012916,0.1896041458362386,-0.19808152782282917,0.12540399999999996
2020-04-16,0.2797554499996174,0.19084179883013458,-0.16912323697756804,0.12048199999999998
2020-04-17,0.2793332007197912,0.185589782665378,-0.16735452640249882,0.12918400000000008
2020-04-20,0.27845953286067293,0.18710706388718334,-0.03821051691680022,0.10805099999999995
2020-04-21,0.2781742145890852,0.1992866063920437,0.01736943547300296,0.10036899999999993
2020-04-22,0.27823011661369346,0.2370486610221283,0.014509612315533382,0.10272900000000001
2020-04-23,0.2777098449760932,0.23550352248187809,0.007286604913362971,0.11041199999999995
2020-04-24,0.27717196470251826,0.23374481124596594,0.02982212105568144,0.10428000000000004
2020-04-27,0.2757827690737775,0.2344322512814064,-0.009972449109385939,0.08613799999999999
2020-04-28,0.2751830508613961,0.2350340512499377,-0.01767052638328226,0.08586300000000002
2020-04-29,0.27348797906111905,0.23153031109014385,-0.0057770452130888605,0.092134
2020-04-30,0.2725133331927327,0.23125954094736634,0.044970091661220846,0.092146
2020-05-01,0.2742168892771474,0.23232219385672176,0.08550795347914825,0.10922299999999996
2020-05-04,0.27337522533265196,0.23472623397294606,0.10292729370192966,0.10398400000000002
2020-05-05,0.2710167781093717,0.24124619149015386,0.12395407176816842,0.09242700000000004
2020-05-06,0.2648272381241453,0.224567438880803,0.025674108897641768,0.07725399999999999
2020-05-07,0.265421281259532,0.2243792515114669,-0.0008071403781395037,0.08174000000000003
2020-05-08,0.2652934820268551,0.22411544671503542,0.0018722902993108526,0.07976299999999997
2020-05-11,0.2656634030706182,0.22563196442992367,0.032088241586123334,0.04932700000000001
2020-05-12,0.2722667454810999,0.22553421231927848,0.047215029378920526,0.047860000000000014
2020-05-13,0.27284394190245875,0.2294486271293511,0.08968567730813742,0.06711100000000003
2020-05-14,0.26981400434324493,0.2283034495604785,0.04755831195533061,0.08589399999999997
2020-05-15,0.2695095660510315,0.22929717236275476,0.02433659014278422,0.08471000000000001
2020-05-18,0.267921941172044,0.22890645980958807,0.011469778048292634,0.05393099999999995
2020-05-19,0.2669029366537971,0.22877702792236437,0.0262299710869231,0.04483300000000001
2020-05-20,0.26552055288279286,0.22454581957185202,0.005820563076322227,0.03633800000000004
2020-05-21,0.26419758424204504,0.22307628876280697,0.01739583052225202,0.025212000000000012
2020-05-22,0.26399859256268277,0.2220823074100209,0.011816682626433372,0.029351000000000016
2020-05-26,0.26370546441187875,0.22193524685218496,0.012733457088862699,0.02074699999999996
2020-05-27,0.26447329732614205,0.22208553401030115,0.0033361697692240733,0.03293200000000002
2020-05-28,0.26274340153497994,0.24655110132550703,0.022421113936400616,0.032565999999999984
2020-05-29,0.2617092223136293,0.24956718526889315,0.020934035314671584,0.034972999999999976
2020-06-01,0.2619705137398408,0.24584965637252998,0.0246809365523884,0.022648
2020-06-02,0.2618698177959895,0.24653181161615362,0.005989815606459226,0.028534000000000004
2020-06-03,0.2615584853052071,0.2445673974499729,0.004145154148572083,0.020389999999999964
2020-06-04,0.26256617566223805,0.23549946270964262,0.013128460363176386,0.018523999999999985
2020-06-05,0.26169946892713636,0.22725233103226453,0.04295224387638408,0.011271000000000031
2020-06-08,0.2609272285481659,0.22667711465135035,0.04911461587510846,0.0050220000000000264
2020-06-09,0.26077293069378793,0.2433323239509021,0.07583062100416588,-0.003082000000000029
2020-06-10,0.26027498123428866,0.2446683502253635,0.08451221467199671,0.0017840000000000078
2020-06-11,0.25903147030918683,0.26085803925170997,0.18382889222449683,0.040590000000000015
2020-06-12,0.2571065826344964,0.2538170468376456,0.10250272456149584,0.064392
2020-06-15,0.2650130458127475,0.25335776588796327,0.09736978072184832,0.071571
2020-06-16,0.26537457419605487,0.251679054051865,0.08622754013591871,0.07377099999999998
2020-06-17,0.26714258264270446,0.25372798571438204,0.10254445481321117,0.06714699999999996
2020-06-18,0.26706719923540956,0.24926947859747134,0.08249262021423737,0.061360000000000026
2020-06-19,0.2663835818014707,0.25810385465154656,0.1206712537929931,0.051530999999999993
2020-06-22,0.2661165544131852,0.2509846055366231,0.09179407217388985,0.05831900000000001
2020-06-23,0.26672390946775376,0.23230719711723768,0.06503963124478562,0.06321499999999997
2020-06-24,0.2633922294672413,0.22954949408380448,0.11850888149091993,0.07685199999999998
2020-06-25,0.26346665636600985,0.2254549728348701,0.10712578985088472,0.081733
2020-06-26,0.26258621104350455,0.22666366504855673,0.12584354634714062,0.08214899999999997
2020-06-29,0.2624350999664646,0.22733178747407526,0.12057434685308427,0.08634199999999997
2020-06-30,0.26235160195721097,0.22068237167440558,0.09312070916077009,0.07838299999999998
2020-07-01,0.2618962357446161,0.22216855620544557,0.06896721405466749,0.06965199999999999
2020-07-02,0.2619479242357354,0.22825775544442736,0.07188423781713921,0.05758099999999999
2020-07-06,0.2643281544533204,0.2281583950814044,0.07431644903229001,0.05913200000000002
2020-07-07,0.26422463715289457,0.2307150078187933,0.0913929107707045,0.05212799999999995
2020-07-08,0.2637394001004346,0.23123941101884507,0.0979709117085163,0.03944500000000001
2020-07-09,0.2631939162635643,0.23006538906912727,0.09898516823901765,0.04195800000000005
2020-07-10,0.2631280216594451,0.23068578271081872,0.09787560252596139,0.04299000000000003
2020-07-13,0.26295032510036004,0.23141861915481354,0.11765531291795611,0.05288499999999996
2020-07-14,0.2619882006482941,0.2317944147826573,0.1189657894554948,0.056086000000000025
2020-07-15,0.26213755267225397,0.23034272203058953,0.11881220529963366,0.05141699999999999
2020-07-16,0.26256752714517406,0.23014084896780757,0.1346269498415935,0.04828100000000002
2020-07-17,0.26264868458940666,0.22685639069965952,0.11213763885054079,0.04423200000000005
2020-07-20,0.2626026759872895,0.22342779330660667,0.10704686860343354,0.040190000000000003
2020-07-21,0.2629874423952338,0.2251125161440142,0.11035799669810925,0.04199599999999998
2020-07-22,0.26362091272579424,0.22669645496657742,0.09719613997281068,0.043930000000000025
2020-07-23,0.2635726287944294,0.2211065536422777,0.08869838105442052,0.04790299999999997
2020-07-24,0.2641901345792013,0.22950988384455087,0.10717169858707287,0.047829999999999984
2020-07-27,0.26445666263955037,0.2296835435851143,0.1177185766284917,0.04204800000000003
2020-07-28,0.266035446581404,0.23218902125573276,0.12355090862567189,0.04444600000000004
2020-07-29,0.2672032264444326,0.23774507825193805,0.10932969992267191,0.03975400000000001
2020-07-30,0.26710808772206773,0.25283938020594526,0.11552984111367937,0.039095000000000046
2020-07-31,0.2671092548300087,0.25259579421825346,0.1192032537695921,0.043015000000000025
2020-08-03,0.26910712410465726,0.2607824927380161,0.13191704509952978,0.03896299999999997
2020-08-04,0.268791311271975,0.2567452880833567,0.12396529009293208,0.037692999999999977
2020-08-05,0.2657706318675404,0.22301681860181663,0.04631976291075626,0.009172000000000013
2020-08-06,0.26344244984249005,0.22291373657695177,0.0580333261376727,0.004235999999999962
2020-08-07,0.2635851676883941,0.23627996037661042,0.04111068817558061,0.011809000000000014
2020-08-10,0.2633206084888933,0.23591688907273622,0.024714979207171084,0.02612700000000001
2020-08-11,0.26375865954773886,0.23648624228482967,0.029373581287901962,0.02867900000000001
2020-08-12,0.26358874130494514,0.2370671551299786,0.03356639202354511,0.02447100000000002
2020-08-13,0.2648357146807048,0.23813463680509728,0.03042947567389362,0.021021999999999985
2020-08-14,0.2653160646143121,0.23806354189770318,0.03487035229035526,0.02786500000000003
2020-08-17,0.2666718548095912,0.23744561162916317,0.038888956235331174,0.019085999999999992
2020-08-18,0.26708443383143604,0.23759725234703247,0.03279497992155714,0.02359
2020-08-19,0.2666028752109493,0.23715258922262977,0.03264400763591055,0.029913999999999996
2020-08-20,0.27043586205687603,0.23619632501531143,0.02858127031137289,0.027345000000000008
2020-08-21,0.2750178393808203,0.23681430270658885,0.0340721373938872,0.019399
2020-08-24,0.2759009742921569,0.23640462283942373,0.03295264511146073,0.024153999999999953
2020-08-25,0.2767235558875874,0.23627433852059154,0.027079586827666674,0.01987899999999998
2020-08-26,0.27799672591443575,0.24125462278315132,0.05168915347701494,0.020233
2020-08-27,0.27812987869072786,0.24216503958083851,0.05634812124628874,0.01118600000000003
2020-08-28,0.27795830060538973,0.23119053854596266,0.08315078373202078,0.007066000000000017
2020-08-31,0.2777851413575731,0.19861673334225285,0.09712053700698517,-0.008748000000000034
2020-09-01,0.2806324323879423,0.21052840444726986,0.09737490042868,0.01020500000000002
2020-09-02,0.2828040965271556,0.23360237784360166,0.10876799796666636,0.007728999999999986
2020-09-03,0.28355257481840895,0.24409039922660147,0.14629143739651582,0.024560000000000026
2020-09-04,0.282066347197887,0.24331680165557562,0.13646126847526438,0.03647499999999998
2020-09-08,0.27913115627458923,0.2438811112234644,0.13518182743397972,0.02570800000000001
2020-09-09,0.2787142127549964,0.23106346769259237,0.07042396226730568,0.032820000000000016
2020-09-10,0.2776021383985302,0.21184186650345366,0.06493791252957232,0.024028999999999967
2020-09-11,0.27773018613774153,0.2148040142412056,0.052924037600324436,0.02696499999999996
2020-09-14,0.277963597056771,0.23357647217363184,0.04322072127652382,0.015903999999999974
2020-09-15,0.2785329040620317,0.23374614399291269,0.029672110082564873,0.023726999999999998
2020-09-16,0.27830104414766466,0.23354326160351385,0.04481262123559199,0.01576700000000003
2020-09-17,0.2781200205714591,0.23170274658072826,0.032227399856330774,0.026805999999999996
2020-09-18,0.2783065059849856,0.2326803716688804,0.0354077071658101,0.01959099999999997
2020-09-21,0.27772287751354013,0.23328814515771323,0.04377419992724829,0.03931899999999999
2020-09-22,0.2778135997895415,0.23482594936428264,0.03750959410929705,0.017074000000000034
2020-09-23,0.2781925953571467,0.23431510748206438,0.04784680992127077,0.034304
2020-09-24,0.27892653561446035,0.23467222164242255,0.051287710649237817,0.020494000000000012
2020-09-25,0.27874212797198056,0.23454965287918336,0.038784255231151143,0.02521300000000004
2020-09-28,0.2787792101528367,0.23361874733694366,0.04335472428941245,0.02581100000000003
2020-09-29,0.2782679365282501,0.23342212677081672,0.043174075993340055,0.039344000000000046
2020-09-30,0.278088819978252,0.2340124333403142,0.06335815822875118,0.011057000000000039
2020-10-01,0.2775370311974943,0.23267213993170083,0.057829539441429656,0.028930999999999985
2020-10-02,0.2776174072042554,0.23427624214276513,0.06520589437550867,0.029464999999999963
2020-10-05,0.2778118480919729,0.234104944636228,0.07633334925242075,0.025432999999999983
2020-10-06,0.27702308664064623,0.23908239651605362,0.10163009350392849,0.024785999999999975
2020-10-07,0.27664072909247545,0.2200846245567346,0.10667349638612256,0.02060899999999999
2020-10-08,0.27668031602984977,0.21600847127589187,0.11077097557254087,0.027198999999999973
2020-10-09,0.27639778773314694,0.20692721720818047,0.10933320218355688,0.02639400000000003
2020-10-12,0.2768671008753542,0.20729026391858466,0.1252044187578723,0.020801000000000014
2020-10-13,0.2759804299716688,0.21450050915839503,0.11928860140142888,0.019621999999999973
2020-10-14,0.27510211077995256,0.22893442645436554,0.12738685155758442,0.017988999999999977
2020-10-15,0.27570767660389633,0.22944195309070065,0.12649463822985688,0.024857000000000018
2020-10-16,0.2766826670716691,0.2097669762103059,0.13190055047459215,0.015121999999999969
2020-10-19,0.27697512664838114,0.24292949134243436,0.1456571559418178,0.025085000000000024
2020-10-20,0.2770981912225161,0.2372047109578281,0.1583790470750593,0.020159999999999956
2020-10-21,0.27615098453616826,0.2291950916283662,0.1604733127546183,0.01990200000000003
2020-10-22,0.27599798288893085,0.23916343110817492,0.1500555409518174,0.02322599999999997
2020-10-23,0.2756281655228919,0.23685437513004437,0.15715147658978157,0.020390999999999992
2020-10-26,0.2745716339662261,0.2386349538016558,0.1830095272461815,0.03054800000000002
2020-10-27,0.27473223291926063,0.25096614632634867,0.17894738604031493,0.03166000000000002
2020-10-28,0.27434918077547116,0.25195460134708153,0.22843608194534512,0.031752999999999976
2020-10-29,0.27239336263642466,0.24067751129039225,0.19101622701980767,0.027208999999999983
2020-10-30,0.27211410296477967,0.23052560471182565,0.19219597345671874,0.053937999999999986
2020-11-02,0.27154121285037885,0.2362136648288511,0.18534324969535884,0.05453800000000003
2020-11-03,0.2709541310530895,0.2619830875586022,0.17324166490745066,0.037104000000000026
2020-11-04,0.27012868689879366,0.3159137120748133,0.131456341374717,0.03776499999999999
2020-11-05,0.26960501184163954,0.3131036386078312,0.1140617051687654,0.03284300000000001
2020-11-06,0.26920181766566353,0.2769142881953906,0.11861371118111474,0.009486999999999968
2020-11-09,0.26208131279366287,0.2240330215060924,0.07156305703445387,0.013327999999999951
2020-11-10,0.26174386377122294,0.22494159935803135,0.07346531319338084,0.019693000000000016
2020-11-11,0.26230406442313803,0.22596108573475757,0.04735323276535047,0.019552999999999987
2020-11-12,0.2613152573876492,0.2370215884081735,0.08872120101853254,0.023922
2020-11-13,0.2598343456529389,0.23430387334661523,0.038386261896274476,0.011604999999999976
2020-11-16,0.2598219768026072,0.23114135264213542,0.022604535720608887,0.016569
2020-11-17,0.2596721690546512,0.23066850567114988,0.01941673656887416,0.006784000000000012
2020-11-18,0.25944301438448475,0.2313302100255662,0.02270090018363835,0.003674999999999984
2020-11-19,0.2598052055223852,0.23095300409575983,0.016081558348627956,-0.0023809999999999665
2020-11-20,0.2597865081255729,0.23565972959490544,0.011967017465025931,0.002678999999999987
2020-11-23,0.25747925606131,0.24035193386523024,0.026867731496043323,-0.0030699999999999616
2020-11-24,0.25714827403120605,0.2355363160692922,0.033982189829188714,-0.014492000000000005
2020-11-25,0.25665425090610855,0.236199050030857,0.02276469933010361,-0.004833000000000032
2020-11-27,0.25582916100816766,0.2379448179441114,0.0029166874335829762,0.0019449999999999745
2020-11-30,0.2554661188380628,0.2303339454686811,0.022998953292750923,0.0032159999999999966
2020-12-01,0.2551196124022099,0.21803808034676658,0.041543670562471824,-0.02540500000000001
2020-12-02,0.25363030558195054,0.21538704173656065,0.05506692564673188,-0.028434000000000015
2020-12-03,0.2533138751399202,0.21912576437561632,0.037593285744481175,-0.027980999999999978
2020-12-04,0.2532649513246101,0.21504731525309134,0.0466573685423044,-0.025774999999999992
2020-12-07,0.2531895052446203,0.21744441571650688,0.06466369394112476,-0.031718000000000024
2020-12-08,0.25298838257608103,0.210651376160988,0.06415990874812944,-0.03502899999999998
2020-12-09,0.2523434796354855,0.21371522665134168,0.13524173226297115,-0.03587299999999999
2020-12-10,0.25201924653299534,0.21991441343701817,0.15468006511469937,-0.033891000000000004
2020-12-11,0.24065138545845904,0.231157937229324,0.08127105630736459,-0.019430000000000003
2020-12-14,0.23713124699001292,0.2199329650724994,0.05170376629371021,-0.016351000000000004
2020-12-15,0.2349941936644701,0.23788535695774615,0.016511497997757474,0.0006760000000000099
2020-12-16,0.23448438207640157,0.2319440040359675,0.026641586449456356,-0.011480000000000046
2020-12-17,0.2343342460342876,0.23621307707389427,0.00497989171394303,0.0005990000000000162
2020-12-18,0.2338173524809747,0.23680316199729293,0.034173939857494784,-0.03250699999999995
2020-12-21,0.23308215792902112,0.23367171946047854,0.012527171140171933,0.007259999999999989
2020-12-22,0.23294882290376315,0.23098246705131573,-0.0014795180083077564,0.008348999999999995
2020-12-23,0.23218557129491407,0.2269408821456108,0.026901552298193798,-0.011641000000000012
2020-12-24,0.23257374581982876,0.22556892834294118,0.005298718475701292,-0.0006959999999999744
2020-12-28,0.23179212107978542,0.22574063190494947,0.035395098093863375,-0.016462000000000032
2020-12-29,0.23139940412145169,0.2256334145422886,0.03405944902535535,-0.01730799999999999
2020-12-30,0.23052588696463372,0.22935807995414612,0.04050994302267491,0.00023200000000000998
2020-12-31,0.2308272176209352,0.22941983802260674,0.029552283852806782,-0.00146099999999999
2021-01-04,0.22881599662605906,0.22861131968307175,0.05287375691168317,0.016672999999999993
2021-01-05,0.22830187523373252,0.2291789983731763,0.03831553215447325,0.009350999999999998
2021-01-06,0.22781939035543283,0.2233125406303927,0.01898243899161378,0.005745999999999973
2021-01-07,0.22809148710632401,0.21890425632006955,0.013226802215805689,0.00040400000000001546
2021-01-08,0.22886387490838916,0.2181230615336988,0.007973031344896853,0.0013400000000000079
2021-01-11,0.228862213502708,0.21554303041528675,0.027185457967467075,0.004118999999999984
2021-01-12,0.22910072408586601,0.21717841570982058,0.03803659551730859,0.003962999999999994
2021-01-13,0.22847383723508793,0.21820151566085827,0.09028302380968972,-0.0005959999999999854
2021-01-14,0.22850821830739618,0.21704918192887554,0.11178256667210054,0.0011309999999999931
2021-01-15,0.22836544241353615,0.2182499435683795,0.10906422714937561,0.011637000000000008
2021-01-19,0.22901067869981875,0.21843599551775256,0.10916346261112914,0.014448000000000016
2021-01-20,0.22791470337712877,0.21889418757406773,0.11091082316822651,0.007664000000000004
2021-01-21,0.2274051712787523,0.21979424951215218,0.11910004975559399,0.0012980000000000214
2021-01-22,0.2270891618603192,0.22049631746450524,0.12745460009505752,0.0009339999999999904
2021-01-25,0.22597062228408857,0.22474523185792986,0.13246998054630343,0.007601000000000024
2021-01-26,0.22580988485965056,0.22633108573247737,0.14508595874047706,0.007962000000000025
2021-01-27,0.2237648720808643,0.22650952944315084,0.20632387421858944,0.01244500000000004
2021-01-28,0.22256302214278909,0.22461167608482627,0.17496494611556512,-0.0022969999999999935
2021-01-29,0.2223509437943788,0.22232741411787976,0.18450888577388258,0.010229999999999961
2021-02-01,0.22201356947918818,0.22253529536612013,0.17652944572247325,0.00768000000000002
2021-02-02,0.2205841387814943,0.2195401687591437,0.1368457854635739,0.0012019999999999809
2021-02-03,0.22036521848074112,0.21901533524245748,0.14304925315734573,0.007545000000000024
2021-02-04,0.21961873319035247,0.21827224172328555,0.14507467596172868,0.007704999999999962
2021-02-05,0.2193497543933048,0.21418086842215647,0.13250712356801525,0.011296000000000028
2021-02-08,0.21810565004907942,0.2133204565056064,0.14838469169323892,-0.017837999999999965
2021-02-09,0.21763995011021792,0.21410452470176794,0.17370414031332398,-0.026272000000000018
2021-02-10,0.21634782246121248,0.2127760741799639,0.16874446623706046,-0.015278000000000014
2021-02-11,0.21654469644788862,0.2130800529806018,0.19863486849699924,-0.013388999999999984
2021-02-12,0.21616990978709874,0.21331814991631012,0.0965477340908365,0.004335000000000033
2021-02-16,0.21646212862591668,0.2109295697769296,0.07808326608576605,0.011758999999999964
2021-02-17,0.21531792504226374,0.21035369565444298,0.07586067040751249,0.01183099999999998
2021-02-18,0.21494113976168855,0.21031716046123988,0.06829605667656169,0.014973000000000014
2021-02-19,0.21500211101026434,0.21094410139077419,0.05650252178641668,0.01686500000000002
2021-02-22,0.21006077639036932,0.2155692713489707,0.06171493508497833,0.006475999999999982
2021-02-23,0.20428877042523652,0.21606280426605623,0.05324042372672144,0.005868999999999958
2021-02-24,0.20294339829360056,0.2156701005343855,0.04120431348722764,0.007843999999999962
2021-02-25,0.20170712892040082,0.21617756188312026,0.07764822653185866,0.017079999999999984
2021-02-26,0.19944255744394787,0.21553751746242156,0.07491895406666749,0.0009100000000000219
2021-03-01,0.19809658948457068,0.2152231671126824,0.025659635687919125,0.016054000000000013
2021-03-02,0.1974980170390636,0.2148885898690711,0.0269451336512066,0.017552999999999985
2021-03-03,0.19765715589628244,0.21357101670407427,0.05004441726688896,0.013201999999999992
2021-03-04,0.19311841953150935,0.21164088298258468,0.05875404463045797,0.038837999999999984
2021-03-05,0.19002613432506074,0.21320772316431633,0.02314880102702427,0.031203999999999954
2021-03-08,0.18590767294481148,0.21635887193362574,0.061907187689780485,-0.01005600000000001
2021-03-09,0.1856892834805259,0.21850748990795793,0.023723679920870433,0.013755000000000017
2021-03-10,0.18572067418107083,0.21711575340880757,0.02635459640787019,0.008035000000000014
2021-03-11,0.18548919665788322,0.21703314255209558,0.00464737671545834,0.016559000000000046
2021-03-12,0.18522718308750358,0.21668391670420004,0.01180405770723092,0.012560999999999989
2021-03-15,0.1848400311360464,0.19623103938723205,0.008221586773695888,0.012912000000000035
2021-03-16,0.1843536975914688,0.19379174031428198,-0.003990156424175606,0.010346999999999995
2021-03-17,0.18381287946590072,0.19356870467525722,0.0018368731033691632,0.0045600000000000085
2021-03-18,0.18389025949077237,0.20039183806046085,0.02148336098964848,0.011014000000000024
2021-03-19,0.18334917148203086,0.20242230932581448,0.03115851143317505,-0.021687000000000012
2021-03-22,0.18351900416750927,0.20137112003183852,-0.024510753510186112,0.007199999999999984
2021-03-23,0.19205693401590063,0.19933945220906074,-0.014738173115501407,0.01116499999999998
2021-03-24,0.1922870983656595,0.20112036826305524,0.021753348165257425,0.00792900000000002
2021-03-25,0.1909178086619678,0.2014523434078732,0.02797718231034141,0.005813000000000013
2021-03-26,0.18846716385210205,0.2016499049521153,0.021874210408980965,0.022258
2021-03-29,0.18872018193000498,0.20350130779219422,0.024033660489052366,0.022311000000000025
2021-03-30,0.18908155750196495,0.201805866086536,0.017734756481282143,0.019214999999999982
2021-03-31,0.1890364759981332,0.20346102808581085,0.026759542235797573,0.001788999999999985
2021-04-01,0.189293267191733,0.20275251597612415,0.021404552876373106,0.004509000000000041
2021-04-05,0.1903950210846793,0.20113027068239026,0.04066694886962505,0.005458000000000018
2021-04-06,0.1902757324810783,0.1946858225721352,0.05911648028759142,0.0071229999999999905
2021-04-07,0.19026877914146076,0.19556050056897573,0.0809000043611183,0.007441000000000031
2021-04-08,0.1909264752955476,0.19538029990294178,0.08437555015039724,0.007599000000000022
2021-04-09,0.19104555187686229,0.19533421211238253,0.08264770246742242,0.006247999999999976
2021-04-12,0.1910245525755407,0.1945963139835546,0.09061513538030147,0.011561999999999961
2021-04-13,0.19114372952149258,0.19668695406251197,0.09660444490155878,0.0048419999999999574
2021-04-14,0.18995411985242835,0.1954432128901219,0.09960823060719781,0.006413999999999975
2021-04-15,0.19009948058285953,0.1953274510890704,0.09948915333613467,0.007083999999999979
2021-04-16,0.18965000734589568,0.19529672447340396,0.09290947228761715,0.00479099999999999
2021-04-19,0.1899192185394862,0.19528955375214613,0.10226020584476486,0.005091999999999985
2021-04-20,0.18912220907195545,0.19204568379346973,0.10761686570658927,0.010900999999999994
2021-04-21,0.18785140096143482,0.19178757172701918,0.0896553252245828,0.010465999999999975
2021-04-22,0.1870449919810864,0.1928177048473661,0.10138880154969754,0.011353000000000002
2021-04-23,0.18720629103198133,0.19195934706234147,0.09426636967906443,0.010021000000000002
2021-04-26,0.18713661310464577,0.192134071388159,0.10035163806311406,0.010946000000000011
2021-04-27,0.18776443517698022,0.19207902935602308,0.11883131254904505,0.0005490000000000217
2021-04-28,0.18804124040465556,0.19374470111648515,0.11554996461413364,0.0012900000000000134
2021-04-29,0.18771681411092456,0.19315514876501047,0.11450735614459776,0.0036009999999999653
2021-04-30,0.1875756158128097,0.19383739154438073,0.11951334507693506,0.0018229999999999635
2021-05-03,0.18715376626738525,0.19373369923153153,0.11649626576755961,0.005259000000000014
2021-05-04,0.18666793091181527,0.1953871403921318,0.12083414614529628,0.010313000000000017
2021-05-05,0.1866808915401777,0.19510942247515906,0.11744788258467703,0.005693999999999977
2021-05-06,0.18621746580053444,0.1952325403708855,0.11247737539764435,0.011936000000000002
2021-05-07,0.1859548584659851,0.19436763734228552,0.10241505504279,0.003834000000000004
2021-05-10,0.18699959793288892,0.19486721495355258,0.11081421664848304,0.009537999999999991
2021-05-11,0.18642296224449362,0.19567366286883167,0.1309655159656834,0.015489999999999948
2021-05-12,0.18608513085284423,0.196097733439192,0.1514051971153908,0.017548000000000008
2021-05-13,0.18478791810988365,0.1968440871740116,0.12945525253425746,0.015106999999999982
2021-05-14,0.18464063879172557,0.19583627403021112,0.02757479832415008,0.00723600000000002
2021-05-17,0.18438330956040372,0.19643546759178504,0.039277971028525455,0.014998000000000011
2021-05-18,0.1848753452564965,0.1963769123071163,0.04138373983474364,0.005191000000000001
2021-05-19,0.1848464968687436,0.19628645611158657,0.05578679827808675,0.013330000000000009
2021-05-20,0.18471624676845896,0.19627227460421276,0.04475191868336281,0.009588000000000013
2021-05-21,0.18573049406806844,0.19548576949155638,0.04262332514841505,0.007625999999999994
2021-05-24,0.1855445448645129,0.19499176070616933,0.026855345348602094,0.005369000000000013
2021-05-25,0.18632343616811053,0.1855674797585188,0.033140755842656716,0.006317000000000017
2021-05-26,0.18727976081273165,0.185543126221253,0.029831536110206974,0.004945000000000005
2021-05-27,0.18760933852095404,0.18657200923014325,0.0277702969640877,-0.002620000000000011
2021-05-28,0.1882454923658637,0.1873366883514686,0.025189896144582863,-0.0013110000000000066
2021-06-01,0.1909687486701826,0.1871587573230756,0.032994929836560244,0.003162999999999999
2021-06-02,0.1926823660947478,0.1874393449525314,0.03529184573847849,0.0033080000000000054
2021-06-03,0.19540404133962094,0.18750886204897024,0.03658828931279948,0.008603
2021-06-04,0.19630488177383854,0.18743179417268602,0.027960767034231004,0.012079000000000006
2021-06-07,0.19780187492093837,0.16884060774076132,0.02330870874220134,0.004579999999999973
2021-06-08,0.19855756213256856,0.16650961161052932,0.03297570381452755,0.0023110000000000075
2021-06-09,0.199318262659346,0.16650804954513437,0.033157518677633474,0.003512000000000015
2021-06-10,0.19952191310157913,0.16761978462526322,0.03274253887533324,0.0038860000000000006
2021-06-11,0.19997844714845106,0.16715825192869846,0.03530448248277282,0.002027000000000001
2021-06-14,0.20072504923922696,0.1679405921086328,0.05129018614215136,0.003129999999999994
2021-06-15,0.2011909310147175,0.16659546839444395,0.07512118881795879,-0.0005360000000000087
2021-06-16,0.20176563315464224,0.16826543026599453,0.08605251888117595,-0.0025129999999999875
2021-06-17,0.2024809715213131,0.16809226960087192,0.08220940437362353,-0.002472000000000002
2021-06-18,0.20301286439803434,0.17094637943081084,0.10833395024929987,-0.00035100000000001796
2021-06-21,0.2037037336488547,0.17050906841846647,0.08291585422348063,0.0037800000000000056
2021-06-22,0.2040819489842533,0.16613895652477656,0.07641475543938878,0.008212999999999998
2021-06-23,0.2045074601070432,0.16608558368645873,0.075537076921607,0.004618999999999984
2021-06-24,0.20463611411491914,0.17020971190683992,0.08254121321077192,-0.00016499999999999848
2021-06-25,0.20484586936390373,0.16620814620276472,0.07925129392236693,-0.003180000000000016
2021-06-28,0.2047351843290866,0.16673970248523595,0.09268943989035505,0.00026599999999998847
2021-06-29,0.20554404076943472,0.16604533384145861,0.09154435878269337,0.003131999999999996
2021-06-30,0.20550439661250733,0.18803978445750072,0.08766533986108183,0.002853000000000022
2021-07-01,0.20525581948831756,0.18813737609991432,0.0842628048009545,0.005247999999999975
2021-07-02,0.20445573194583733,0.1816523970828347,0.0765072947167528,0.006829000000000002
2021-07-06,0.20361772839310585,0.1828917517688621,0.09116993319393593,0.007768999999999998
2021-07-07,0.20478183005724945,0.17914648561349267,0.08423091505196839,0.0063269999999999715
2021-07-08,0.20560775053578006,0.17963167185633622,0.09070765374665601,0.00966100000000003
2021-07-09,0.20656924093236184,0.18218258989306,0.08061745740978607,0.006134999999999974
2021-07-12,0.20563868171023456,0.17988342443601554,0.11059754487237422,-0.015895000000000048
2021-07-13,0.20575021303941757,0.1800515653278368,0.09522056472032847,-0.0025359999999999827
2021-07-14,0.20504141195852144,0.17932476115336748,0.08213998340839412,-0.002466999999999997
2021-07-15,0.2053222707965767,0.17930645674804202,0.0810072795101682,0.0002750000000000252
2021-07-16,0.2048652156356029,0.17784457761345257,0.07372369552873909,0.012137000000000009
2021-07-19,0.20572846943370732,0.17560045883036834,0.11095442294476154,0.028538000000000008
2021-07-20,0.20563602149197,0.17462742491116254,0.0807662846448425,0.017064999999999997
2021-07-21,0.20597692144913773,0.1743408422535243,0.07246404020469463,0.01604599999999995
2021-07-22,0.20786144609784948,0.17422445465885003,0.07640861753920619,0.008035000000000014
2021-07-23,0.20937679719133984,0.1756322986077638,0.06659263103573859,0.009907999999999972
2021-07-26,0.21769840338412183,0.17575707087448256,0.07316887518334775,0.011410000000000031
2021-07-27,0.2206044013760225,0.17420564369310138,0.08261927673406594,0.01474700000000001
2021-07-28,0.2228263872922336,0.17500113980623158,0.07264999325595226,0.00836300000000001
2021-07-29,0.22407508682328586,0.17439003856350827,0.06676263973267213,0.01913999999999999
2021-07-30,0.2251207074485256,0.17376142182910037,0.0718199131976219,0.016871999999999998
2021-08-02,0.22539549027544314,0.1740899244947109,0.06770455415337903,0.022563
2021-08-03,0.2243722848295034,0.1752543385005114,0.07425061853273221,0.02417199999999997
2021-08-04,0.2250147362041637,0.17587897350425494,0.07475986601015164,0.02156199999999997
2021-08-05,0.22533280916419363,0.19734409682462825,0.06347659132466926,0.017911999999999983
2021-08-06,0.2261520773935513,0.19530408202890545,0.05986938413198836,0.01717799999999997
2021-08-09,0.22639794966863655,0.19480524114862227,0.06314348364346095,0.017022000000000037
2021-08-10,0.22666612112423615,0.1934662491846823,0.07032791099641417,0.014363000000000015
2021-08-11,0.2275237940110617,0.19203073923452232,0.08030834315548094,0.010131999999999974
2021-08-12,0.22955451378189384,0.19389190342563895,0.09635608765570369,-0.0002610000000000112
2021-08-13,0.23037222699169044,0.18919236002868428,0.028629614377267076,0.012151999999999996
2021-08-16,0.23111147306577068,0.19001168719777933,0.030428007798985995,0.016485
2021-08-17,0.23074627674942066,0.18951659110242572,0.039415301511982664,0.023310000000000025
2021-08-18,0.2311189726791145,0.19058571268411034,0.04932648407094328,0.022457000000000005
2021-08-19,0.23130427539409953,0.18754825085213142,0.05884810909280469,0.029636999999999997
2021-08-20,0.2321409881313721,0.18953448253584995,0.03794193176345578,0.02485599999999999
2021-08-23,0.23241170977313075,0.18957294545103595,0.023770230939682807,0.017185000000000006
2021-08-24,0.23283623679782167,0.1880628453570814,0.026074280345328493,0.02108199999999999
2021-08-25,0.2350110087125105,0.18723455284349486,0.026720102703277515,0.014988000000000001
2021-08-26,0.23562017379457026,0.18850901474420906,0.04244837399134743,0.013343000000000022
2021-08-27,0.23603340050239283,0.18689079426211283,0.03764494450992398,0.005298999999999998
2021-08-30,0.23717169248488695,0.18720103120796194,0.044367316325552325,0.008940000000000003
2021-08-31,0.23665399114033234,0.18707308973191802,0.0473537222663184,0.0036209999999999853
2021-09-01,0.23789622753186426,0.18709985644499344,0.04612223374447283,0.009048
2021-09-02,0.2387213053947102,0.1874786328660528,0.04020301366292514,0.012774000000000008
2021-09-03,0.24049311304098475,0.1866951533345911,0.03706601191069195,0.011073
2021-09-07,0.24352855631827297,0.18758468521094063,0.04409171165875844,0.010200000000000015
2021-09-08,0.24303606188542565,0.18700914286031367,0.047202143598807866,0.013215000000000005
2021-09-09,0.2431524268251997,0.18525700989741994,0.04049186630891624,0.014682
2021-09-10,0.24424024305796946,0.20775701260142715,0.043337737868392734,0.019540000000000002
2021-09-13,0.24619536017315782,0.20893836980324582,0.045601322598186694,0.021837999999999996
2021-09-14,0.2471427824675129,0.2052930697074564,0.05534283949449911,0.02583000000000002
2021-09-15,0.24787685338101076,0.2098540263959676,0.050126126937517085,0.01896500000000001
2021-09-16,0.24807596871974688,0.20304451309330931,0.04591701722998237,0.028002
2021-09-17,0.24805855680583452,0.1996069262245568,0.054609822229522154,0.029486999999999985
2021-09-20,0.24754936411809383,0.20515552711386184,0.09160658564008978,0.04349599999999998
2021-09-21,0.2413009160397012,0.20665067187119973,0.052778720985137195,0.04771399999999998
2021-09-22,0.24075462371834994,0.20407304731278034,0.0077682317594885975,0.038709999999999994
2021-09-23,0.240672747558335,0.19970035464300967,-0.010811765267947887,0.032520999999999994
2021-09-24,0.24106669503190414,0.19777524390201534,-0.01487418318286135,0.028641
2021-09-27,0.2416191448539077,0.19688391605255134,-0.01843625942239327,0.028760000000000008
2021-09-28,0.24209452381032845,0.19731420713305314,0.01888992196282882,0.030939000000000022
2021-09-29,0.24287554074580972,0.19770903439589035,0.0199257001534629,0.03399000000000002
2021-09-30,0.2430239860411207,0.1999578581559132,0.043904605362447724,0.03307700000000002
2021-10-01,0.242538021786188,0.19842381282439547,0.02090919239929223,0.033614000000000005
2021-10-04,0.2424223778841267,0.19994158135026469,0.04231011108292729,0.039397000000000015
2021-10-05,0.24341883275620724,0.19629669159780794,0.02910696704783347,0.029001
2021-10-06,0.24357775112164723,0.19599200579310935,0.03293969688577525,0.03284100000000001
2021-10-07,0.24432421629272663,0.19556906051752287,0.023459446028248815,0.02814
2021-10-08,0.2448094660244561,0.19306348919540128,0.023168094810562118,0.02802400000000002
2021-10-11,0.2451586117597694,0.19372219321805698,0.03598438928422415,0.025880999999999987
2021-10-12,0.2459271825381901,0.19439416265151008,0.038568391829867404,0.029667999999999972
2021-10-13,0.24581184753232302,0.1967497740690463,0.03365724256580238,0.024227000000000054
2021-10-14,0.24627597810441487,0.19930045222918166,0.013802007213857631,0.023016000000000036
2021-10-15,0.24573160382176418,0.2077521794575079,0.017628999050341376,0.0043560000000000265
2021-10-18,0.2470759042641935,0.21166768497447436,0.036388771494111766,-0.004394999999999982
2021-10-19,0.2480672467448185,0.21059552765284575,0.04124877562297416,-0.0027349999999999874
2021-10-20,0.24995697940805192,0.2113300810269498,0.09022230043432447,-0.004630000000000023
2021-10-21,0.2512429520570773,0.2132673312289244,0.09446536569353323,-0.0017650000000000166
2021-10-22,0.25222107666133586,0.212744113106348,0.10490133934170717,-0.007462999999999997
2021-10-25,0.2521043411373113,0.21318330371093983,0.09309889496223683,0.010741
2021-10-26,0.2535920896461006,0.21174966771544526,0.09189820451396624,0.011435000000000028
2021-10-27,0.2550368175706057,0.21639098496540476,0.10514048977091534,0.009817999999999993
2021-10-28,0.2565773458714504,0.21818673955976156,0.10177484471815126,0.007423000000000013
2021-10-29,0.2569186741924018,0.2212141566771118,0.11204832469765044,0.0026479999999999837
2021-11-01,0.2573146498960199,0.21994432300930658,0.10922640684397764,0.01183200000000001
2021-11-02,0.2593380667119298,0.21919931686887437,0.11335377983013498,0.013044999999999973
2021-11-03,0.26075070609369433,0.21783733726291213,0.11995858183396663,0.005667000000000033
2021-11-04,0.2625489107686129,0.2171826632801864,0.1258581575781574,0.006727999999999956
2021-11-05,0.2641752472993054,0.22130830542224217,0.14668699350373388,-0.005821000000000021
2021-11-08,0.26649190698729214,0.2186792419484521,0.15735056642506423,-0.0131
2021-11-09,0.26931057992214125,0.21725768643833995,0.14915507686548557,-0.009774999999999978
2021-11-10,0.2738999212357532,0.21824246355453572,0.16463306826012125,-0.023377999999999954
2021-11-11,0.27212570302619565,0.20630056366650584,0.06636745405782071,-0.005691000000000002
2021-11-12,0.2719974594156224,0.20504269892602559,0.05793155157550545,-0.008265999999999996
2021-11-15,0.27235727772042606,0.20419606600769583,0.06605808928756532,-0.0022359999999999602
2021-11-16,0.27329618567865616,0.20574349838781722,0.0696060970357926,-0.014287999999999967
2021-11-17,0.27398267679372534,0.20626140320446462,0.06891425297524031,-0.006628000000000023
2021-11-18,0.2764917658718409,0.2025379886540441,0.057486515723666004,-0.0021180000000000088
2021-11-19,0.2788962366738826,0.22643478558633617,0.06334144894796612,0.004123999999999961
2021-11-22,0.2799297115885357,0.23618935910222674,0.07000380567906928,-0.0043979999999999575
2021-11-23,0.2798783369951467,0.22795041443797284,0.07739233068455023,0.00583800000000001
2021-11-24,0.2798839099792053,0.2273619533946013,0.06366007908088714,0.006514999999999993
2021-11-26,0.27979144998692,0.2294731460763332,0.11183678114713072,0.012314999999999965
2021-11-29,0.2793617841273744,0.22839449564778064,0.06853965496447509,0.005916000000000032
2021-11-30,0.2802724851821434,0.22701212339591473,0.08410579654677564,0.029839999999999978
2021-12-01,0.2793893352605145,0.22644440863073179,0.09941712093918684,0.03879499999999997
2021-12-02,0.27914889227975753,0.2247041741007836,0.07335656982748362,0.029725
2021-12-03,0.27851769700075835,0.22774458611156512,0.10338801768930517,0.07093999999999995
2021-12-06,0.2782286040753104,0.2302929159853998,0.06691078744331452,0.042508999999999963
2021-12-07,0.2784510060492836,0.2344226216643754,0.033262741901878,0.020475999999999994
2021-12-08,0.279103423788304,0.23332947599234635,0.02593594079157141,0.00926100000000002
2021-12-09,0.2793760303124747,0.22535214450891444,0.03393676835331283,0.01126200000000005
2021-12-10,0.27959317941385253,0.2197058639476831,0.011111117622648048,0.01680999999999999
2021-12-13,0.280320065319416,0.22082058643690936,0.024928776348430437,0.017564999999999997
2021-12-14,0.28132104910903444,0.22147515745415478,0.03145690285272176,0.022736000000000034
2021-12-15,0.2812304208728436,0.21915566354436727,0.029113237214662246,0.018945000000000045
2021-12-16,0.2819108815271282,0.2207665164910888,0.03237939492371722,0.016190999999999955
2021-12-17,0.28160105050402046,0.21789958089609865,0.027067569524179325,0.02336699999999997
2021-12-20,0.282132543104266,0.2216010359038204,0.045428778038024475,0.022891999999999968
2021-12-21,0.28292261096034343,0.2130647945563747,0.005858653828442362,0.024021999999999988
2021-12-22,0.28371908361071885,0.21824978006692683,0.0038783932801556287,0.015998999999999985
2021-12-23,0.2841681246492945,0.21849249343982974,-0.0053356616442523375,0.0037610000000000143
2021-12-27,0.2854790676571444,0.2175802763838642,0.0036230855729366684,-0.0031739999999999824
2021-12-28,0.2851553683820371,0.24703771245291462,0.011300042170825364,-0.004303000000000001
2021-12-29,0.28660074320867557,0.24351669644533705,0.022318220326600524,-0.010959999999999998
2021-12-30,0.2869404730441875,0.23958946652239152,0.02896888640273118,-0.005763000000000018
2021-12-31,0.29018039427024744,0.2375162733472054,0.04080497760767579,-0.0061089999999999756
2022-01-03,0.2910186902607678,0.23779301308329037,0.03989877665793695,0.008043999999999996
2022-01-04,0.29032060514360064,0.2402912181427899,0.053241057212576354,0.002047000000000021
2022-01-05,0.2896514141955326,0.24238328623715177,0.053072666344989305,-5.8000000000002494e-05
2022-01-06,0.28891055607373667,0.24419927296507682,0.06153581517311185,0.004809999999999981
2022-01-07,0.2890602127946597,0.24015012713227718,0.06646902775119881,-0.002507000000000037
2022-01-10,0.28915352267317307,0.2403244215288376,0.06908033927695081,0.020689999999999986
2022-01-11,0.28953935304693706,0.23917681100459554,0.05914427471239311,0.012114000000000014
2022-01-12,0.2896243586951297,0.2388816229016305,0.05660118236943806,0.009241
2022-01-13,0.28976229454779434,0.246690289111458,0.06626477481078502,0.017542000000000002
2022-01-14,0.28903186294885364,0.24995388188436804,0.08073687953416134,0.01918399999999998
2022-01-18,0.29012506767971236,0.24829186029955,0.0834646963710437,0.02915799999999996
2022-01-19,0.2903867881701046,0.2508383366075764,0.08689050170173107,0.025959999999999983
2022-01-20,0.28963681839176714,0.25586264201750214,0.08136250218376523,0.02702899999999997
2022-01-21,0.2886189944965349,0.2673012671724839,0.1493786161043498,0.055344000000000004
2022-01-24,0.28276515072757746,0.264197532349031,0.12453151615779368,0.06052000000000002
2022-01-25,0.2805991711473463,0.26326965787095596,0.11201156422667319,0.067685
2022-01-26,0.27891298752842164,0.2631330759014957,0.09885278650912971,0.06673999999999997
2022-01-27,0.27877866412911534,0.2599301927946543,0.09496455465513387,0.05406899999999998
2022-01-28,0.2781282065281007,0.24636545188254458,0.06383507153704165,0.05356099999999997
2022-01-31,0.27767935825140433,0.24388211583165456,0.03979460875904728,0.05746900000000005
2022-02-01,0.2784432285893137,0.2503318865509676,0.025315071226853725,0.048282999999999965
2022-02-02,0.27811709442979604,0.2666310099339646,0.030349200785341146,0.048412999999999984
2022-02-03,0.2782656767089913,0.2685220689158737,0.0859084938794743,0.05713499999999999
2022-02-04,0.2788976824262747,0.259928403530255,0.0785436129205429,0.04762700000000003
2022-02-07,0.2790059581613455,0.2625415861547253,0.1068869577353262,0.056528999999999996
2022-02-08,0.2797285892218496,0.2561518472351528,0.11152499032823043,0.05148999999999998
2022-02-09,0.28122322972349145,0.25905530333570376,0.14406226728083088,0.04953200000000002
2022-02-10,0.2792911561896707,0.24697098306465598,-0.01074108863351192,0.01061899999999999
2022-02-11,0.27928616831425845,0.2508461414013521,-0.002225754373207378,0.03297
2022-02-14,0.2788738126526504,0.249704648393601,-0.006856526520993722,0.033399999999999985
2022-02-15,0.2789305551074212,0.24684327352158436,-0.03524377575141896,0.04023600000000005
2022-02-16,0.27860763956105644,0.24444933497391763,-0.04296757394124828,0.037939999999999974
2022-02-17,0.2785462651028219,0.24902126457402274,-0.01842298482581739,0.04519899999999999
2022-02-18,0.27818545470529554,0.24845746630607593,-0.0051139188140171266,0.04711399999999999
2022-02-22,0.2779254537040494,0.25072295001661243,0.019284629217813265,0.05005200000000004
2022-02-23,0.27822553916977116,0.2539383524382582,0.05888067317322482,0.05343099999999995
2022-02-24,0.27656934450150134,0.25050227848316675,0.051455301312380075,0.05175099999999999
2022-02-25,0.2772896418112629,0.2477597385000608,0.037205958703419195,0.04392199999999996
2022-02-28,0.2770498192054124,0.24838275709186608,0.07056756860679297,0.05285700000000004
2022-03-01,0.27690121063248174,0.25268231440686767,0.10972530470123537,0.06530399999999997
2022-03-02,0.27687352864707143,0.24588621647698275,0.0721100832731929,0.05085999999999996
2022-03-03,0.27648512807810516,0.244987372626248,0.0759747408798524,0.057877999999999985
2022-03-04,0.2761907804591214,0.25224538710278227,0.09896632875412537,0.06561600000000001
2022-03-07,0.27554442026180603,0.2535689292109122,0.14577481269466896,0.07011699999999998
2022-03-08,0.2721689340064541,0.24460327739762014,0.1125157362430726,0.06808200000000003
2022-03-09,0.2728063719814197,0.2422811655502466,0.07766251189628604,0.06172700000000003
2022-03-10,0.272615027590792,0.23318694104932605,0.0679245256022647,0.06195299999999998
2022-03-11,0.27200133736116666,0.2322907492346647,0.07910986338811121,0.06192799999999998
2022-03-14,0.2707846585112593,0.22421420578916484,0.09136968239496529,0.07256299999999999
2022-03-15,0.27088371027105523,0.22585580104208378,0.06651474556548431,0.06834100000000004
2022-03-16,0.27144286162853903,0.2264102277287456,0.03311336073462662,0.06011299999999997
2022-03-17,0.2718972758901149,0.2248514243460751,0.017362265421750178,0.051209000000000005
2022-03-18,0.27181028440170335,0.22666005901580358,0.0008113770793704012,0.037787000000000015
2022-03-21,0.27157096179194595,0.21922998088411264,0.00493530583886137,0.04536100000000004
2022-03-22,0.271631578157049,0.22922885043434837,-0.011566893627208807,0.037273999999999974
2022-03-23,0.27195148621953824,0.23229663256135002,0.004660584429312942,0.03226200000000001
2022-03-24,0.2732994929837107,0.22945942477955386,-0.0024990305190163986,0.029808
2022-03-25,0.2739707507050061,0.2237050515044524,-7.572893311935669e-06,0.024007
2022-03-28,0.27429553616987173,0.22736293913588615,-0.004032840328993759,0.03106700000000001
2022-03-29,0.2751470037062855,0.23279655902270427,-0.018929647045316134,0.022862999999999994
2022-03-30,0.2751408457669577,0.23426739445996203,0.00026345636282604223,0.024945999999999968
2022-03-31,0.27574734394736633,0.23405221292625106,0.03071512858536929,0.011014000000000024
2022-04-01,0.27692402195280436,0.2295573304814931,0.03197418546366687,0.024569000000000007
2022-04-04,0.2774795274969072,0.22986481241878928,0.023392739845488786,0.029913999999999996
2022-04-05,0.2772932682054238,0.22932131912821563,0.04915726162707351,0.030728000000000033
2022-04-06,0.27682915645692174,0.2272495877212855,0.08763808212163376,0.041422000000000014
2022-04-07,0.27665511958029115,0.2273079881903706,0.08712959698824244,0.023368999999999973
2022-04-08,0.2772819932864714,0.22772774088249223,0.0779129641582883,0.03548699999999999
2022-04-11,0.2774419559970534,0.21998904517036552,0.11069570758244315,0.032077999999999995
2022-04-12,0.27726295182794536,0.22011877661029347,0.1160857526856475,0.034717
2022-04-13,0.28088480866693083,0.22033582991157405,0.10806745405289078,0.03130099999999997
2022-04-14,0.28160253549282643,0.23308079362619147,0.11993302784411802,0.027308999999999972
2022-04-18,0.2812146585722,0.23336027464544978,0.13716591561624658,0.03941100000000003
2022-04-19,0.2804348662832614,0.2330154293179334,0.11876684483650646,0.03621200000000002
2022-04-20,0.2811628586666374,0.22871396275930042,0.16455596185968027,0.030750999999999973
2022-04-21,0.2806529528475711,0.21980024125456835,0.17378501840980834,0.03609600000000002
2022-04-22,0.28080833159808377,0.22702349326026156,0.1904892727700228,0.04272999999999999
2022-04-25,0.2812977890232791,0.228600000436935,0.18448515236907126,0.04216199999999998
2022-04-26,0.2814348969739912,0.23272148895498518,0.2103973464242141,0.03711900000000001
2022-04-27,0.28206402456692237,0.2251606986757179,0.18637116725622455,0.046055999999999986
2022-04-28,0.2813892714912018,0.22133988558793388,0.1656405991965625,0.050848000000000004
2022-04-29,0.28042865277586704,0.22111667062375776,0.19193758241589082,0.051674
2022-05-02,0.280377994048791,0.2196318440781466,0.19442934545403318,0.054838
2022-05-03,0.28101209569421837,0.21959984774966995,0.18001993139404843,0.04804899999999995
2022-05-04,0.2802900448663536,0.2234600079409435,0.1334741983720743,0.046958
2022-05-05,0.2794769622782322,0.22382404384666568,0.17243609285502903,0.05906599999999995
2022-05-06,0.27894383699047737,0.2237350040982101,0.18255008652099208,0.03992000000000001
2022-05-09,0.27748447177199326,0.22322698748488706,0.22370207195484826,0.04687599999999997
2022-05-10,0.2775190417518575,0.2226469152201349,0.22510569408677877,0.05519700000000005
2022-05-11,0.2768171389861441,0.22303119618088538,0.2525275926913207,0.06754099999999996
2022-05-12,0.2735879696594125,0.19499846975283838,0.07051056969680808,0.04607899999999998
2022-05-13,0.27545616650427057,0.19389078643741176,0.02716917912733774,0.05127000000000004
2022-05-16,0.27564249539656244,0.19393168362540167,0.021537059883487364,0.039968000000000004
2022-05-17,0.2771476543434383,0.19350160483726908,-0.013059404919948336,0.04319599999999996
2022-05-18,0.27622551507166887,0.19294689680353522,0.040617026573440906,0.05214099999999999
2022-05-19,0.2756827273426494,0.19358491186971472,0.030383189555306833,0.043406
2022-05-20,0.273230190103892,0.2299853600553561,0.014456862772576573,0.050661999999999985
2022-05-23,0.2733871171046345,0.22674308187057637,-0.008624946531479438,0.05481900000000001
2022-05-24,0.27324248656459643,0.22678003946023642,0.020777634911216036,0.05823699999999998
2022-05-25,0.2736750460802205,0.22618849717121478,0.005244126996208076,0.053505000000000025
2022-05-26,0.2737011324887231,0.22594809320245557,-0.009259030430418702,0.05135099999999998
2022-05-27,0.2748370917677581,0.22559705896244348,-0.02472484246882395,0.053723999999999994
2022-05-31,0.2741832393693145,0.22465047862075457,-0.011311814852500268,0.043325
2022-06-01,0.2739614956565849,0.2231603884381325,-0.011611883681333368,0.039266999999999996
2022-06-02,0.2736901224551287,0.2216558954168346,-0.03384889531160323,0.045595
2022-06-03,0.2739390327201182,0.22084918389825894,-0.020464091338032453,0.04558799999999996
2022-06-06,0.27493542032044693,0.21978665668029812,-0.017367100708746863,0.04769300000000004
2022-06-07,0.2759158121777455,0.220423598868753,-0.01584282071987625,0.04356399999999999
2022-06-08,0.2754792701885334,0.22017884142474725,-0.004645530298750755,0.043608000000000036
2022-06-09,0.27507959438898894,0.2205882710279308,0.03389956164594732,0.04718099999999997
2022-06-10,0.2760291953221233,0.22177360701210683,0.07313759462709468,0.04147400000000001
2022-06-13,0.275789465948796,0.22414180049021518,0.1336135197805396,0.07238699999999998
2022-06-14,0.2768181318000542,0.22459155361792504,0.11430469750819067,0.07040800000000003
2022-06-15,0.2766686460122304,0.22129730820275986,0.08163770292034023,0.04350999999999999
2022-06-16,0.2771828829442286,0.22392198117105724,0.1004650742533229,0.06359900000000002
2022-06-17,0.277090221374167,0.21960606609233135,0.09332960999373913,0.038893999999999984
2022-06-21,0.2779685041510831,0.2191785280371286,0.0789001844982321,0.04613500000000004
2022-06-22,0.27772508072476126,0.2138055238772132,0.08428319191112371,0.040393999999999985
2022-06-23,0.27697365155508125,0.21141584995731272,0.09136294523262506,0.04848400000000003
2022-06-24,0.276805499620152,0.22295252171738197,0.07359711627968679,0.043796999999999975
2022-06-27,0.27661769157095517,0.22236730738185423,0.08961597311965525,0.049958999999999976
2022-06-28,0.275467239833775,0.2349015126436861,0.09257984034518751,0.045204999999999995
2022-06-29,0.27592670910470257,0.2221152693860563,0.10378258602493179,0.04037999999999997
2022-06-30,0.27609201147590906,0.2151080457875059,0.11463871455370861,0.057854000000000017
2022-07-01,0.27619006712657945,0.2141702903016182,0.11184167054642236,0.059675000000000034
2022-07-05,0.27364940946381483,0.21588241963718524,0.11862976267663167,0.06247400000000003
2022-07-06,0.27430447647560824,0.2208610853889413,0.11902896507363236,0.05926399999999998
2022-07-07,0.27468117953066806,0.2208143201306409,0.10382704341548171,0.05379800000000001
2022-07-08,0.2762689909910376,0.22097895586723096,0.09925238126127073,0.04888800000000004
2022-07-11,0.27682626747336514,0.2223490414574582,0.1266101805083456,0.045758999999999994
2022-07-12,0.2764742678696091,0.2314573414748751,0.13368069092217433,0.05044399999999999
2022-07-13,0.2759364731389931,0.23286781895020311,0.14922045611001683,0.03992499999999999
2022-07-14,0.2767251458575782,0.23047251739172023,0.14174091050678378,0.05241299999999999
2022-07-15,0.27661702874605837,0.23290040303486242,0.12365291842728876,0.05419299999999999
2022-07-18,0.2766301579597467,0.24355021640439178,0.15086154697097176,0.06170999999999999
2022-07-19,0.27682437934273346,0.2739728327766374,0.16036160465621152,0.05612900000000004
2022-07-20,0.27578609356679024,0.24223165093952298,0.1318424319126693,0.054394
2022-07-21,0.2767801510475828,0.22765429913777618,0.11070056885841556,0.05015900000000001
2022-07-22,0.27658839309218364,0.22557324074169494,0.10870484853020546,0.058894
2022-07-25,0.2828201639830663,0.22509712876537702,0.11931036241574394,0.057676000000000005
2022-07-26,0.2834890127841989,0.2311889472070007,0.14219951790717666,0.05707899999999999
2022-07-27,0.28340978466627115,0.23315872308233004,0.11586391815901798,0.045265
2022-07-28,0.28320538787444227,0.23026786044560843,0.11123778773056575,0.04784100000000002
2022-07-29,0.2821816672031651,0.23380755744640688,0.09805864400149844,0.03851800000000005
2022-08-01,0.28130483635080533,0.23238441533381948,0.12185323089990235,0.039887000000000006
2022-08-02,0.2822571394549332,0.24088814583783924,0.1301521853649893,0.04608200000000001
2022-08-03,0.2825277278078718,0.24090447471908716,0.13795780833573437,0.035414
2022-08-04,0.2831444609917426,0.23958647736122005,0.14395199435298878,0.04336899999999999
2022-08-05,0.28282516614980563,0.23963614068996858,0.1464447425092608,0.032248
2022-08-08,0.28221485302546057,0.24180339674351375,0.15601323950654103,0.027614000000000027
2022-08-09,0.282915438577868,0.24368349764177005,0.17212700592363928,0.03381000000000001
2022-08-10,0.28517867009545494,0.24172311979452582,0.16268153587067163,0.024617
2022-08-11,0.2836871192298905,0.2992784068805596,0.04072607160960634,0.01982700000000004
2022-08-12,0.28386538867856215,0.29887380755475684,0.03041351683999527,0.023697999999999997
2022-08-15,0.28294092986214664,0.29655179527493575,0.03512141029258542,0.02037699999999998
2022-08-16,0.28236755255214185,0.2977866436172674,0.023724412533088823,0.022865999999999997
2022-08-17,0.28246025183946344,0.29934320011297944,0.028189281367612617,0.03440399999999999
2022-08-18,0.2828215814378997,0.2991652133383074,0.030447609617078958,0.035648999999999986
2022-08-19,0.282821221888838,0.3010050911957755,0.039551433677638,0.03384100000000001
2022-08-22,0.2826626045857278,0.3017530231979788,0.06676789934430263,0.035829
2022-08-23,0.283414517139732,0.30185849921403013,0.06818111556744688,0.034077000000000024
2022-08-24,0.2827899240453743,0.29579758032398723,0.05411238518752359,0.03582300000000005
2022-08-25,0.2827884937373597,0.2962036161907785,0.04521301326678137,0.03657300000000002
2022-08-26,0.28148094699773957,0.2954668185766483,0.06802670999192534,0.03827400000000003
2022-08-29,0.281368038073694,0.29645362046509155,0.08938495559052848,0.033277
2022-08-30,0.28066456854256844,0.2959421177016404,0.08807611308959512,0.042076999999999976
2022-08-31,0.2808738167065851,0.2952724201825994,0.09286831016383085,0.03037099999999998
2022-09-01,0.2807055249719064,0.2949698740659662,0.08492096820427636,0.043439000000000005
2022-09-02,0.2802687403178477,0.29498254603744534,0.07962097703797491,0.04289799999999999
2022-09-06,0.2793252190789182,0.2749049882229009,0.10065167772277217,0.038202000000000014
2022-09-07,0.2804350497185137,0.29128634900245787,0.07654594560564243,0.045157
2022-09-08,0.2808738995082574,0.2451715564185764,0.07013811498904349,0.04595300000000002
2022-09-09,0.28308339450421033,0.2456661818071099,0.06831099891554421,0.03800300000000001
2022-09-12,0.2831624709170935,0.24522399824220892,0.0784194442705696,0.04827999999999999
2022-09-13,0.2827997335078851,0.24562164806716577,0.10896635136941354,0.043584999999999985
2022-09-14,0.2827183384177948,0.24494301259748985,0.10559390041083261,0.05250300000000002
2022-09-15,0.2813526092047591,0.24153770856468817,0.1149506042092091,0.046269000000000005
2022-09-16,0.2810635062561014,0.24243759176012084,0.12733364791173066,0.04613700000000004
2022-09-19,0.2809135383708801,0.23942918382637396,0.10644161919098527,0.05373799999999995
2022-09-20,0.28149031200474256,0.23822623856428823,0.12235567607108061,0.050219000000000014
2022-09-21,0.28147734418663967,0.24375463290325322,0.1334309085350859,0.04683699999999996
2022-09-22,0.28156565934327127,0.24154745796408733,0.13767415828122226,0.03917999999999999
2022-09-23,0.28036740953184947,0.24112633134298977,0.14398207708654595,0.052563000000000026
2022-09-26,0.2795607388730214,0.21972308038040544,0.1554360878530979,0.05231000000000002
2022-09-27,0.27856858586634325,0.22102087642745236,0.16700186434825384,0.06696799999999997
2022-09-28,0.2770176119116448,0.23742885049264778,0.13376014426465876,0.04809399999999997
2022-09-29,0.2764299079787345,0.20985853302478538,0.16060084049416046,0.058087
2022-09-30,0.2753540628391913,0.21128977082543898,0.15685981059993293,0.056211999999999984
2022-10-03,0.2739672079685242,0.21194096176134794,0.13118445729015865,0.06801500000000005
2022-10-04,0.2734954642971738,0.22645997814144758,0.12206910089862882,0.070189
2022-10-05,0.27295320548336954,0.20683323120091465,0.13239898293602637,0.06696999999999997
2022-10-06,0.272865553674839,0.21107036059480408,0.14583624203204165,0.06470900000000002
2022-10-07,0.27246429702769215,0.22616013854387007,0.15742258190617298,0.066054
2022-10-10,0.2733598782329975,0.22577509570556703,0.18468524317252588,0.05720200000000003
2022-10-11,0.273053314111169,0.2279031717968319,0.19872002267051986,0.061143
2022-10-12,0.27295803158437326,0.2213006050083337,0.2058512073762952,0.05938699999999997
2022-10-13,0.2691788624154981,0.24301385335699063,0.1758766743995832,0.06386199999999997
2022-10-14,0.2681922833470538,0.2386239082092391,0.17482415830102394,0.069936
2022-10-17,0.268010751012015,0.24128826858297817,0.1722043158368552,0.06547700000000001
2022-10-18,0.26712820953570465,0.23985521697763784,0.16063624975924523,0.06936299999999995
2022-10-19,0.26579269587868726,0.24076251780844027,0.1411078912896287,0.06223899999999999
2022-10-20,0.26526082748712565,0.2381557352210378,0.13309222294955692,0.065892
2022-10-21,0.26385145895405726,0.2383827794473227,0.11718435378806791,0.060338999999999976
2022-10-24,0.2627267145181967,0.24022439394716294,0.1364456725773946,0.06276900000000002
2022-10-25,0.2631215197871958,0.24059441216943833,0.12674902690093254,0.06059599999999998
2022-10-26,0.26153480862255346,0.24152377710685893,0.11898908802674385,0.056769000000000014
2022-10-27,0.2608384189943029,0.2418549135845158,0.11845202476067168,0.059136999999999995
2022-10-28,0.2608970323082141,0.24044165147222804,0.1110652872543978,0.05249699999999996
2022-10-31,0.26095178780801903,0.2411579573306559,0.12261868713001356,0.04376200000000002
2022-11-01,0.26066384188104497,0.23967630320769287,0.121574442136341,0.05222100000000002
2022-11-02,0.260099378572053,0.24192215030008757,0.13140868241427622,0.05346899999999999
2022-11-03,0.2600149958434817,0.24208960929373166,0.1337534673237079,0.06029200000000001
2022-11-04,0.2586422690947929,0.24109857957183603,0.1405831787877625,0.053207000000000004
2022-11-07,0.2588344013390307,0.24230314497611882,0.15768708817055233,0.04535600000000001
2022-11-08,0.257216042049795,0.2416029413959713,0.17325421757503384,0.045665999999999984
2022-11-09,0.2548162551898964,0.23098745543894397,0.053875777615916776,0.027859999999999996
2022-11-10,0.25362403018373175,0.2287578039885685,0.022852548580189702,0.04296
2022-11-11,0.25155532894005117,0.22875551679714803,0.017733154166817144,0.038932999999999995
2022-11-14,0.25128685975678816,0.22960060159720067,0.035594289343070684,0.03850500000000001
2022-11-15,0.249240660471916,0.228827899073658,0.020978400254232865,0.04216500000000001
2022-11-16,0.24918831543840764,0.22824353666024022,0.03056277261154733,0.04061899999999996
2022-11-17,0.2497585967150641,0.24306062736892153,0.03439172743067359,0.04313900000000004
2022-11-18,0.2496552510462134,0.24316423286833064,0.02314298152317318,0.04196500000000003
2022-11-21,0.24662377231048446,0.24588596727145115,0.025302528577387462,0.03343400000000002
2022-11-22,0.24517210873368292,0.24530981621955497,0.02294648289471557,0.03506600000000004
2022-11-23,0.24415971802384412,0.24595707241163864,-0.00209845756013749,0.039625999999999995
2022-11-25,0.24428260479638333,0.24655879455434013,0.021291900488566107,0.03326899999999999
2022-11-28,0.24263134425262736,0.24521780533278806,0.026879462441331492,0.04244699999999996
2022-11-29,0.24249610478664804,0.2442152045419548,0.022658097648287245,0.03931899999999999
2022-11-30,0.24074506552650457,0.24473927516278288,-0.01554835386494452,0.04197500000000004
2022-12-01,0.241078975500574,0.24402248971330268,-0.002267001769285959,0.033001
2022-12-02,0.24051228375940295,0.24393252168871396,-0.01262071273780907,0.03487100000000004
2022-12-05,0.2390900356256667,0.24507938228748857,0.010082286248374706,0.036156999999999995
2022-12-06,0.23789476316333874,0.24508914425037423,0.023245026443805106,0.039652999999999994
2022-12-07,0.23769254057964437,0.24566064183909667,0.036260234763638544,0.03620000000000001
2022-12-08,0.2373043390401639,0.24539609110244692,0.028425126882088314,0.04185100000000003
2022-12-09,0.23552710266441704,0.2455858834686496,0.040525598307165345,0.03809599999999996
2022-12-12,0.23570433235249058,0.2457671789546507,0.052689334467270976,0.04383300000000001
2022-12-13,0.2336253634478043,0.24591354001971596,0.036995503663163676,0.03495300000000001
2022-12-14,0.23233781109551754,0.24433050905331247,0.02372363220911855,0.028522999999999965
2022-12-15,0.23102335080240274,0.24616982802827,0.04779452411587376,0.03042499999999998
2022-12-16,0.2301376633298313,0.24547546631337794,0.03547754523707547,0.036329
2022-12-19,0.2287163972822992,0.2465404069911921,0.05164312144263494,0.030916
2022-12-20,0.22783191035801387,0.2463186758770415,0.04352733352777732,0.03445200000000004
2022-12-21,0.22782446232202827,0.24752678554761878,0.04433403910527062,0.031663
2022-12-22,0.2270460564941466,0.246711322093973,0.0632745417756499,0.04379700000000003
2022-12-23,0.22650324490068313,0.237414302314184,0.0615432397577208,0.040142999999999984
2022-12-27,0.22621703594726952,0.23999595749767283,0.07641833138965792,0.04835400000000001
2022-12-28,0.22526666213047644,0.24093746400547375,0.09711841268881999,0.04402400000000001
2022-12-29,0.22368603912741786,0.2400266252939557,0.08998817022988831,0.04935299999999998
2022-12-30,0.22324929454163064,0.2410001852163262,0.10489524284729629,0.044254000000000016
2023-01-03,0.22226289110241815,0.24109414614547645,0.11549895225659923,0.04556499999999997
2023-01-04,0.220721487768266,0.24075573287240926,0.1051093725940484,0.05778
2023-01-05,0.21987648426501535,0.2405291789543926,0.11763676840333237,0.039161
2023-01-06,0.21742274809327952,0.2400206612471723,0.09486796495330962,0.046262000000000025
2023-01-09,0.21650947751005392,0.24015829230170213,0.11045773284749455,0.04321799999999998
2023-01-10,0.21683370790249318,0.2396600783952212,0.11123396406378772,0.045931
2023-01-11,0.2168180716580101,0.24006956477582134,0.11422697147831734,0.05280400000000002
2023-01-12,0.21611199677938997,0.2397686514736505,0.11042838991880993,0.038651999999999964
2023-01-13,0.21669519899900697,0.23854314491710896,0.09722052102837514,0.03861199999999998
2023-01-17,0.21651908710036985,0.23842904076388152,0.12692898270817438,0.02913199999999999
2023-01-18,0.21576743230122322,0.2385484017938758,0.12188250223003866,0.039290999999999965
2023-01-19,0.21570082593345682,0.2395232306001637,0.13102887228893273,0.04633300000000001
2023-01-20,0.2136726475754579,0.24054939404674733,0.10397052493123521,0.03374699999999997
2023-01-23,0.21307010722920203,0.24096264341987214,0.1113182083576627,0.03197
2023-01-24,0.20436149486750468,0.2392206634957738,0.06407980815531533,0.03676200000000002
2023-01-25,0.20313286547600393,0.23952799452052712,0.0639823015905866,0.04177799999999998
2023-01-26,0.20291802789980604,0.23888085645372,0.04737575666355054,0.04921900000000001
2023-01-27,0.2035890837198746,0.2385932348692058,0.04468695851357618,0.04938699999999996
2023-01-30,0.20369375200016182,0.23911276054327063,0.06528761673156497,0.04706899999999997
2023-01-31,0.20391585153831368,0.2383648419386691,0.06884658172593044,0.04433500000000001
2023-02-01,0.20241923469263062,0.2188042922545592,0.061548741234011106,0.04116000000000003
2023-02-02,0.20135356240661473,0.21883185457993767,0.07440570112856248,0.03134500000000001
2023-02-03,0.2004157734850845,0.21963067860165894,0.07442776488594949,0.03717499999999996
2023-02-06,0.20063800461665907,0.22025141245942148,0.08727546831240524,0.03595899999999996
2023-02-07,0.20063724344221998,0.22349044425603573,0.09865420959264565,0.023397999999999974
2023-02-08,0.20503743994670784,0.22366546036665919,0.10150142661611344,0.029829999999999968
2023-02-09,0.2009992715775181,0.22922995807689134,-0.0037587573782345562,0.03198000000000001
2023-02-10,0.20031240636421183,0.23035346877787904,0.0058868689910481775,0.030480000000000007
2023-02-13,0.20005820717663098,0.22980914734732463,0.007662763345850032,0.040762999999999994
2023-02-14,0.1989903788076475,0.2289800874277401,-0.0075976991053587906,0.03103800000000001
2023-02-15,0.19852671939372438,0.2290875540548697,-0.016653105233134013,0.028500000000000025
2023-02-16,0.19837287232842177,0.23062220785219667,0.002665073878934554,0.028275999999999968
2023-02-17,0.19777340404949115,0.22992602102677845,-0.0039951491085089,0.03402499999999997
2023-02-21,0.19748018232584325,0.232272339692404,0.017924915848997025,0.035383
2023-02-22,0.19713839975175715,0.2327578895109495,0.018158985075121314,0.036363000000000034
2023-02-23,0.19745206634819096,0.2368431360360168,0.051066821171464716,0.037107999999999974
2023-02-24,0.19751377947104665,0.2361039721747967,0.0660176647352177,0.03576699999999999
2023-02-27,0.1974804554920933,0.2343318152612073,0.06588825942947216,0.03223899999999996
2023-02-28,0.19740160234548948,0.23560986208814214,0.06917723074840995,0.024289000000000005
2023-03-01,0.19713319660006562,0.236226333606665,0.0636254174003042,0.034662000000000026
2023-03-02,0.19666647326136294,0.23761440514170268,0.048322334842124365,0.037937
2023-03-03,0.1967894061513402,0.2376679099663119,0.03827188325966546,0.03201900000000002
2023-03-06,0.19630554253403484,0.23727830418455717,0.04932565337119793,0.026870999999999978
2023-03-07,0.19651516286705153,0.23806825987742483,0.06275090929127786,0.03043800000000002
2023-03-08,0.1965390505526112,0.2375212154744529,0.060670150981642884,0.027627999999999986
2023-03-09,0.19481321488746278,0.20634038008160066,0.0856088831923506,0.03025300000000003
2023-03-10,0.19561760927852934,0.20339515227557475,0.11202424102431038,0.045308000000000015
2023-03-13,0.1933986970061839,0.20713399942471764,0.1308540365693142,0.056277999999999995
2023-03-14,0.19266177461016573,0.21304903359866006,0.10352629546694797,0.04946400000000001
2023-03-15,0.1930187738830912,0.2136689376298766,0.12194877739660412,0.06439
2023-03-16,0.19234486620662575,0.21000394828065394,0.09555174683618808,0.050927
2023-03-17,0.1922626145454136,0.21136450552051753,0.11590680518137675,0.05873499999999998
2023-03-20,0.19373418719053584,0.21051274363087755,0.09859292653822987,0.056174999999999975
2023-03-21,0.19419264385684376,0.2100607633975101,0.08329144071759215,0.047416000000000014
2023-03-22,0.1939282305262086,0.21325914775240024,0.10329295548620251,0.03703300000000004
2023-03-23,0.19350749270903012,0.2111132298568645,0.09298943918073191,0.050180999999999976
2023-03-24,0.19295896358679474,0.21011321207478245,0.09760866949070637,0.06120300000000001
2023-03-27,0.19264184548772323,0.21111753482950624,0.0825789839436663,0.04504999999999998
2023-03-28,0.19289943274687205,0.21328156590584266,0.0766043905178011,0.05050399999999999
2023-03-29,0.19299123943113364,0.2125859328004301,0.059636459939617664,0.04953399999999997
2023-03-30,0.19294300777257634,0.2121264086586646,0.06774002570202903,0.04935399999999995
2023-03-31,0.1927012814764061,0.2116569618533341,0.06195105261869083,0.046557000000000015
2023-04-03,0.1938357920406765,0.21106999156129624,0.07827738949955423,0.04229700000000003
2023-04-04,0.19366285532038463,0.21112301201186068,0.08177059086564709,0.044543
2023-04-05,0.19384897985717894,0.21012549573062242,0.08211043952176875,0.048370000000000024
2023-04-06,0.19556650756164146,0.20912136004161522,0.08084194237723677,0.04628899999999997
2023-04-10,0.19614543703188303,0.20989725833050252,0.11192535076334262,0.04916999999999999
2023-04-11,0.19623994216638002,0.2107798149362299,0.12142291502765368,0.04250599999999999
2023-04-12,0.1938725639083477,0.21350942069093012,0.13479478619053956,0.047855999999999954
2023-04-13,0.1940775249907929,0.21348486195052577,0.132016293810418,0.037078
2023-04-14,0.193661900773515,0.1934158565273213,0.12380709334840082,0.044640999999999986
2023-04-17,0.19363476385020958,0.19296413058970105,0.13656164784098826,0.04072199999999998
2023-04-18,0.19316978148678113,0.19308041518497027,0.1430945964468422,0.03385100000000002
2023-04-19,0.1935075062104387,0.19348834127252618,0.12960501114275375,0.043933
2023-04-20,0.1936187706840639,0.19250437546068858,0.13081613610755163,0.04383999999999999
2023-04-21,0.1932040499892869,0.19276726801571153,0.1298893887481362,0.03620399999999996
2023-04-24,0.19551161684800214,0.19130839218640336,0.13389131691605952,0.03878300000000001
2023-04-25,0.19716695461969977,0.19108960786291623,0.1645601744104339,0.04223600000000005
2023-04-26,0.19726378595492045,0.19097773892549558,0.16724303650311445,0.038993
2023-04-27,0.19642882814089271,0.19241880847656787,0.13548818379345698,0.039056000000000035
2023-04-28,0.196509609994783,0.19306028408709386,0.12605418060588355,0.03368000000000004
2023-05-01,0.19676385833283794,0.1937730956978958,0.13354593833617817,0.02710499999999999
2023-05-02,0.19623463539870703,0.19359442171454022,0.14855759513414157,0.03556600000000004
2023-05-03,0.19601382010120572,0.19392626792325324,0.143025297838236,0.03792400000000001
2023-05-04,0.19484105529064458,0.20350892266904835,0.16210630020170225,0.05283100000000002
2023-05-05,0.19453178123987133,0.2015763561523639,0.14677818404441137,0.041620000000000046
2023-05-08,0.1950762191428172,0.20498743890987084,0.14404781000015587,0.033111
2023-05-09,0.19512295465608784,0.20493143348722676,0.148756549247026,0.035358
2023-05-10,0.19351986554070844,0.20985568043526875,0.13950642694140045,0.033284999999999954
2023-05-11,0.19448884467439256,0.2025849075674888,0.06095141418501959,0.026327999999999963
2023-05-12,0.19624097776363975,0.20190155713690067,0.039499460258558966,0.03506900000000002
2023-05-15,0.19697801769155993,0.20197131060113205,0.03635722220261656,0.03778300000000001
2023-05-16,0.1969155375821243,0.20047005056222308,0.04873855803586838,0.034975000000000034
2023-05-17,0.19693914512917948,0.20068644190461382,0.02435290497458767,0.03676700000000002
2023-05-18,0.19639416374402058,0.20214361277449183,0.02265024157730572,0.035943999999999976
2023-05-19,0.19669704182694392,0.1973396118791765,0.0408418670361024,0.032541000000000014
2023-05-22,0.19605671785235018,0.19710632193433134,0.038743808800370705,0.034254000000000034
2023-05-23,0.19519031931087638,0.19832443379832534,0.05970708269574762,0.030117000000000005
2023-05-24,0.1950938735680435,0.19846887937959984,0.06081992253532478,0.042400999999999966
2023-05-25,0.19501151008485684,0.19870243256709688,0.06362435497440039,0.04129900000000003
2023-05-26,0.1949523810888275,0.1980387049435188,0.05636827171537864,0.035673999999999984
2023-05-30,0.1947235084021951,0.1983777753140323,0.060260501705027586,0.03728899999999996
2023-05-31,0.19538535314274716,0.19808827201599238,0.05998335081148992,0.023453
2023-06-01,0.1947918888417541,0.19624437542553938,0.03616331771387615,0.027707999999999983
2023-06-02,0.19449791430439511,0.19710402417926398,0.019946283606026793,0.016743000000000008
2023-06-05,0.19300741505398497,0.1972953373128964,0.03145396175049714,0.010738999999999999
2023-06-06,0.1935027989953363,0.19680622879333307,0.029257180879693062,0.004596000000000017
2023-06-07,0.19417284175120691,0.1974523864433767,0.026052652293798162,0.012048000000000003
2023-06-08,0.19443299980270595,0.19724990475186144,0.02590510588151304,0.009192999999999979
2023-06-09,0.19455637670297105,0.198081817782701,0.027459691328524993,0.005721999999999977
2023-06-12,0.19440807972126417,0.1973952268689858,0.0392579475562809,0.005763000000000018
2023-06-13,0.19442200084912217,0.19870972184677496,0.03993772626735584,0.009109000000000006
2023-06-14,0.19385276956730083,0.19972133721364468,0.043617726027385534,0.014112999999999987
2023-06-15,0.19357919470419677,0.200131897401829,0.0400272718104574,0.010277000000000008
2023-06-16,0.1930577945999729,0.19748744000356325,0.045711526439971256,0.012135000000000007
2023-06-20,0.1930841218852577,0.19758996148170607,0.06544631483823585,-0.007707999999999965
2023-06-21,0.19267875271443116,0.19715404578780338,0.05473557074872351,-0.00293199999999999
2023-06-22,0.19413272563893905,0.1965780319810564,0.051106264102297044,0.0038679999999999826
2023-06-23,0.1942472767952852,0.19786562111072328,0.05770079095609179,0.0008829999999999949
2023-06-26,0.19398548626699755,0.1974804154226144,0.055388513753402896,0.005291000000000018
2023-06-27,0.19368320115978008,0.1946157031892549,0.05629983172115455,0.0008890000000000009
2023-06-28,0.19369901826522587,0.19449814356949974,0.0525098609966706,0.008416000000000007
2023-06-29,0.19328367191068788,0.1945858336249306,0.06938376942334742,0.005373000000000017
2023-06-30,0.19313043020330015,0.19615283333488467,0.061744198847098364,0.0036390000000000033
2023-07-03,0.19314274260873357,0.19620943772625443,0.08397113593710348,-0.0014989999999999726
2023-07-05,0.193614350974981,0.19765407098774823,0.09992160979355763,-0.00028800000000001047
2023-07-06,0.19396834834930282,0.19728362049511466,0.12109101581046422,0.005357000000000001
2023-07-07,0.19333983979896552,0.19719800951441588,0.1136767458659638,0.007526000000000033
2023-07-10,0.1933928120003931,0.19737090892171194,0.13897795884090303,0.004751000000000005
2023-07-11,0.19338321965489022,0.1954843998504206,0.14344066825382235,0.0046279999999999655
2023-07-12,0.19318623314911,0.19668736791073363,0.1460046041932275,0.004547000000000023
2023-07-13,0.19261868523820355,0.19787859717230447,0.14289785430480226,0.0027510000000000034
2023-07-14,0.19235443441679353,0.1984607256982669,0.15419003088164002,-0.0022439999999999682
2023-07-17,0.19332239779961313,0.19939775806084362,0.18356761427107926,-0.008948999999999985
2023-07-18,0.19490060781046642,0.19970371419474425,0.17106590598913074,-0.007089999999999985
2023-07-19,0.1948941382496573,0.19944415775171706,0.17260709799642954,-0.010539999999999994
2023-07-20,0.1955585801540578,0.2010143762416784,0.16546668368410747,-0.003937999999999997
2023-07-21,0.19489867480687487,0.20119423338200254,0.15676785649433264,-0.001680999999999988
2023-07-24,0.1959393299853539,0.20096877767314164,0.1632612457274571,-0.006352000000000024
2023-07-25,0.19643658984003398,0.20117067107819353,0.16585417797591667,-0.005557000000000034
2023-07-26,0.19642400433972884,0.20033746515667028,0.16316245043003777,-0.0039639999999999675
2023-07-27,0.1960160847269754,0.20032826489868782,0.1593768734194606,-0.0013000000000000234
2023-07-28,0.19640432663534305,0.20069058704734208,0.1551727241739839,-0.0013270000000000226
2023-07-31,0.19589473290084308,0.20117041575786715,0.1636349905574575,-0.0023390000000000355
2023-08-01,0.19619310907796014,0.20099799415666292,0.17303234902978612,-0.011710999999999971
2023-08-02,0.19677013339397925,0.19977664355621513,0.1931416057698773,-0.010874999999999968
2023-08-03,0.1969848672635322,0.19967184704071206,0.18463621523690443,-0.010629
2023-08-04,0.19628920133863753,0.19945283601241956,0.1785054554795122,-0.0033259999999999956
2023-08-07,0.19632197078197217,0.19992359793653847,0.18202933560241266,-0.0037699999999999956
2023-08-08,0.19656821227974297,0.19919178151252107,0.1806961396990138,-0.0020140000000000158
2023-08-09,0.20072654387792582,0.19989262325883034,0.18444411429594834,-0.0022070000000000145
2023-08-10,0.19542916270906133,0.2091773447408967,0.03994235974915056,0.006584999999999952
2023-08-11,0.19665276201408313,0.20932643467660528,0.03491633393601806,0.008971000000000007
2023-08-14,0.19658922273141574,0.2081392386230912,0.04188408340539104,0.007157999999999998
2023-08-15,0.19690109012719859,0.20793500502705822,0.055468757785059525,0.003489999999999993
2023-08-16,0.1969757369858211,0.20684483156267355,0.05566874976726929,0.008691000000000004
2023-08-17,0.19715042551782652,0.20576150325583692,0.0585215215320522,0.015367999999999993
2023-08-18,0.19695761298998415,0.2058698221833814,0.051134424493122665,0.019432999999999978
2023-08-21,0.1974586221020054,0.20502762442772268,0.04900725788259372,0.013766
2023-08-22,0.19751636942757542,0.20436532156062523,0.053726148470230106,0.017827999999999983
2023-08-23,0.1983895269970368,0.20178362177742476,0.044315215482956055,0.020189000000000012
2023-08-24,0.19701223162247258,0.20638191465163572,0.0655985452355756,0.013493000000000033
2023-08-25,0.19676391530909002,0.20696048633305617,0.0425241113775309,0.019358000000000014
2023-08-28,0.19684227357479575,0.20618313501182228,0.0454992683795257,0.014427999999999996
2023-08-29,0.19731919909537426,0.20589601848931915,0.040851053834086326,0.00966800000000001
2023-08-30,0.19727744413876871,0.2056621614890572,0.042150827473903196,0.006383
2023-08-31,0.19802688602162843,0.20488787081410711,0.03696793342881394,0.007854
2023-09-01,0.1985684709014276,0.20598634216212094,0.05246342693053033,0.007703000000000015
2023-09-05,0.19993885441374942,0.20630404484974688,0.05960437853864467,0.009301000000000004
2023-09-06,0.19971462925999842,0.20631524842513052,0.0588938995377325,0.009451000000000043
2023-09-07,0.20005826656677192,0.19979109286966304,0.06175510538468065,0.013645000000000018
2023-09-08,0.20041584543800353,0.20038296802758374,0.057678455314706056,0.007863000000000009
2023-09-11,0.19820610421964505,0.2000173716900266,0.07185150361467571,0.004341999999999985
2023-09-12,0.19728725079813075,0.20095162084938695,0.05698847285814734,0.011716999999999977
2023-09-13,0.19862240288269267,0.20065055721043068,0.05658264690918738,0.004741999999999996
2023-09-14,0.19811883680282336,0.20019106092031402,0.047786426848420466,0.009275000000000005
2023-09-15,0.19781764048724718,0.19909786098750273,0.047836589757983466,0.004381999999999997
2023-09-18,0.19806226136075633,0.19952437573696882,0.0567130043427756,0.00293199999999999
2023-09-19,0.19607815417313276,0.19771527441325387,0.04251243941918342,0.005760999999999988
2023-09-20,0.19565564130318086,0.199169089318928,0.03870872381781312,0.008369000000000015
2023-09-21,0.19510402032934382,0.19982077181834468,0.058608096722645275,0.001988999999999963
2023-09-22,0.19453753458300732,0.20142336758457624,0.04850085358362244,0.004923000000000011
2023-09-25,0.1949300949802445,0.19905079686440325,0.06679236769082944,0.003300000000000025
2023-09-26,0.19534109095331975,0.197869703654365,0.08070542229276356,0.008584999999999954
2023-09-27,0.19556717779057445,0.20047806261934517,0.06973192880798287,0.020033999999999996
2023-09-28,0.1953520087335109,0.20036972788054003,0.07734695044753237,0.01709499999999997
2023-09-29,0.19611815064389373,0.1992924524474544,0.07161794230204577,0.009382000000000001
2023-10-02,0.1993323464112563,0.20357298447493338,0.08293765749874793,0.013515
2023-10-03,0.19916466712584616,0.20741114355356288,0.11075387820962918,0.016615999999999964
2023-10-04,0.19948356545311918,0.20752832961390313,0.10776298956221908,0.010472999999999955
2023-10-05,0.19916365700958436,0.20650771787666264,0.09893590180881323,0.021557999999999966
2023-10-06,0.1971606215329077,0.207728756165403,0.0873633091914954,0.015359000000000012
2023-10-09,0.19631465963855246,0.2086342685541603,0.10166801529994735,0.012558000000000014
2023-10-10,0.196319680287269,0.20662783432832807,0.11387295100805664,0.0044480000000000075
2023-10-11,0.19648890533648886,0.2052805890080971,0.10904087939061421,0.010249000000000008
2023-10-12,0.1966337128078796,0.20041391692703586,0.11144750113474472,0.011609999999999954
2023-10-13,0.19676661033925033,0.20017513201135986,0.12560606219234272,0.016100000000000003
2023-10-16,0.19655619806726804,0.19978189291123724,0.1345755214552809,0.0028060000000000307
2023-10-17,0.19717727682060812,0.20156553424092827,0.12744772549339692,0.010087999999999986
2023-10-18,0.19691308025196236,0.20220221703816396,0.15085608475432574,0.013114999999999988
2023-10-19,0.1969741501730699,0.20265427657547458,0.15580217413094127,0.017645999999999995
2023-10-20,0.19702843102308798,0.2020342563201251,0.17157503593694215,0.014457999999999971
2023-10-23,0.19379939346217046,0.20256198298275052,0.15476578001337382,0.02808499999999997
2023-10-24,0.19264938060013836,0.20459679077275378,0.14973076278554925,0.02356400000000003
2023-10-25,0.19222460730643293,0.20483131458209172,0.15385810587374607,0.02629300000000001
2023-10-26,0.1941159737065335,0.2049154680012871,0.16413668891228958,0.024659000000000042
2023-10-27,0.1930653695005801,0.20452684365384716,0.16206227907418275,0.034443
2023-10-30,0.19312147020267326,0.20397919537800221,0.15476933175605495,0.03464699999999998
2023-10-31,0.19354509021996794,0.20475451161513686,0.16133234233656624,0.03171700000000005
2023-11-01,0.1931769685542038,0.2040137952312468,0.1588141776943283,0.02985899999999997
2023-11-02,0.19404360895152792,0.20464112697933387,0.13778101874467008,0.029279999999999973
2023-11-03,0.19562364788192993,0.20427916594786238,0.1316941249002421,0.016830999999999985
2023-11-06,0.19509723376573399,0.2041642808146317,0.15147645416045372,0.01101000000000002
2023-11-07,0.1954087715623903,0.20128670902939405,0.1519848204525498,0.014969999999999983
2023-11-08,0.19546452249732266,0.20085798781952163,0.1644655948088659,-0.015085000000000015
2023-11-09,0.1930753220457476,0.2020509884674001,0.020028174285805472,0.012359000000000009
2023-11-10,0.19074668637708017,0.20416159897370495,-0.004206881232416915,0.01521900000000001
2023-11-13,0.19233667359958037,0.2032108975624762,-0.010771280283941559,0.014973000000000014
2023-11-14,0.19216530053976347,0.2028432213747047,-0.021440451258394916,0.016102000000000005
2023-11-15,0.1915002334090736,0.20460457050458458,-0.017520214608851697,0.007422000000000012
2023-11-16,0.19159432938319115,0.19877669906701714,-0.01639103764020791,0.006610000000000005
2023-11-17,0.19129218375527482,0.19837705751888488,-0.01714408660151348,0.0064539999999999875
2023-11-20,0.19097254521427645,0.19941477783218095,-0.023381595794605747,0.005575999999999998
2023-11-21,0.19154864403326816,0.19773566215342675,-0.0135861021539605,0.007674999999999987
2023-11-22,0.1916316914009603,0.19673060308245174,-0.006701048170544843,0.009300000000000003
2023-11-24,0.19188560819785605,0.19708273260358086,-0.0035676293034264672,0.007495000000000002
2023-11-27,0.1918080998544739,0.1970888467168505,0.0013858280119284083,0.00973199999999999
2023-11-28,0.1913308668053941,0.19779274267532554,0.0016116968068763116,0.014878999999999976
2023-11-29,0.191011650520945,0.19756979040789563,0.0007000274937408457,0.012803000000000009
2023-11-30,0.19072218425000367,0.19729683082384059,0.013443325410285645,-0.009084000000000009
2023-12-01,0.1909500307313909,0.1972204637410561,-0.000553784445173261,0.01097300000000001
2023-12-04,0.1913758382592484,0.19696040129722397,0.02142897718133807,-0.000126000000000015
2023-12-05,0.19076974969378543,0.19656260567217185,0.018767162724698416,0.010426000000000019
2023-12-06,0.19030889916102062,0.1960047276767922,0.02395944913773454,0.007810000000000011
2023-12-07,0.19025858661287853,0.19679043732893609,0.02859083309949509,-0.0005789999999999962
2023-12-08,0.19027145393064565,0.19648377371847595,0.016293014000095557,0.005179000000000017
2023-12-11,0.19046251029303696,0.19648292920456945,0.037942119570725547,0.0003519999999999912
2023-12-12,0.1906726360905312,0.19598173350910517,0.0484974169489856,-0.005853999999999998
2023-12-13,0.19030419867099868,0.19653394202152663,0.049627643749956735,0.004266999999999993
2023-12-14,0.19002269187911885,0.1977197523435535,0.05412260865361976,0.0017449999999999966
2023-12-15,0.19006094252202593,0.19755062841385687,0.06540463040342831,-0.003783999999999982
2023-12-18,0.1900596660219601,0.19645990751355863,0.06690058997210332,-0.007845999999999992
2023-12-19,0.19005907704064096,0.19644068415267765,0.06722171138569433,-0.00168299999999999
2023-12-20,0.18851929283200466,0.1964563369118744,0.07740196917353515,-0.005745
2023-12-21,0.1890641646208021,0.1962449530104735,0.0684843233367135,0.006055000000000005
2023-12-22,0.18866021186016224,0.19363184272207548,0.06405423148702577,0.0034019999999999884
2023-12-26,0.18857303121564883,0.1934780763284127,0.07657091926916362,-0.0007459999999999967
2023-12-27,0.1914855747243017,0.19352846880501984,0.06417302319177975,-0.0012929999999999886
2023-12-28,0.1917263054234888,0.19377892935692762,0.07619975139116081,0.016023999999999983
2023-12-29,0.1918542811077381,0.19334335506127273,0.08138948998691453,0.0034570000000000156
2024-01-02,0.1912750935873029,0.19365816938558827,0.11044472303163266,-0.002778999999999976
2024-01-03,0.19052227275576353,0.19363998104200827,0.11743531763408749,-0.0021480000000000388
2024-01-04,0.1903105735263701,0.19439944554725927,0.12179503110561388,-0.0021760000000000113
2024-01-05,0.1905688820324422,0.19347611070312684,0.11562251815836058,0.007299999999999973
2024-01-08,0.19058892418896098,0.19325447804856632,0.13591123510074815,0.005091000000000012
2024-01-09,0.19076146385512716,0.19441106002209402,0.14654298774101754,0.0016470000000000096
2024-01-10,0.19074162096409894,0.19444083348719174,0.15274252527610466,0.004514000000000018
2024-01-11,0.19052283041796658,0.19448392815670745,0.15532604563384161,0.0026790000000000425
2024-01-12,0.19105837746664323,0.19466707305379016,0.15462453653094296,0.005632000000000026
2024-01-16,0.1897170895669942,0.1949554994443609,0.1622999487355752,0.00624199999999997
2024-01-17,0.18720102947793507,0.19572295000638582,0.15552844313302733,0.004740999999999995
2024-01-18,0.1866729346548114,0.195873340589979,0.1393796599751339,0.007005000000000039
2024-01-19,0.18622923665833485,0.19688744874489086,0.1262536784877188,0.010214
2024-01-22,0.18679812478088254,0.19716798588390963,0.14385400381390528,0.005037000000000014
2024-01-23,0.18563268540191663,0.19722790223453493,0.146207460755532,0.00968399999999997
2024-01-24,0.18498339136251005,0.19728417338655538,0.1392645879348218,0.0036969999999999503
2024-01-25,0.1852522602878538,0.19678946388875881,0.13488003804069473,0.005991999999999997
2024-01-26,0.18610866771994086,0.1968579314022753,0.12475715053397196,0.006372999999999962
2024-01-29,0.18591730938617268,0.1969485058703458,0.13477802148649948,0.003147000000000011
2024-01-30,0.18571446013580836,0.19763163235356473,0.14316425481552392,0.00014300000000000423
2024-01-31,0.1852617321268861,0.19414028205135977,0.12940698419063135,0.0023450000000000415
2024-02-01,0.18585596123162046,0.19416801545587364,0.13088009892979113,-0.0010259999999999714
2024-02-02,0.188480231354738,0.1934193455739705,0.12671186140315174,-0.001346999999999987
2024-02-05,0.19255534746201802,0.1933016064149267,0.1438713656521334,-0.005410999999999999
2024-02-06,0.1950213756373627,0.19362466205743084,0.14351563479500482,-0.003244999999999998
2024-02-07,0.19568125352958315,0.19366583870654244,0.14046794536626414,-0.01601899999999995
2024-02-08,0.19088707464235855,0.21867918095041908,0.017877358498117585,-0.007498000000000005
2024-02-09,0.19008366732355383,0.21839503754281178,-0.005708443334624391,-0.0014330000000000176
2024-02-12,0.1883961325526972,0.21741256019892913,-0.008594728188299205,-0.0034430000000000016
2024-02-13,0.18821214126142505,0.2159908000462488,-0.0044771990871464995,-0.0030769999999999964
2024-02-14,0.18787454769609185,0.1993062983178885,-0.00859398096135891,0.0004190000000000027
2024-02-15,0.18802947247444485,0.19591249290296478,0.006605310240250822,0.00011600000000000499
2024-02-16,0.18791440490740904,0.19554564134616095,0.011419972488735441,0.002916000000000002
2024-02-20,0.1880597121572024,0.1946841972877804,0.01292805651777959,-0.002249000000000001
2024-02-21,0.18781461230337534,0.19571348997355376,0.015757245747573506,-0.005529999999999979
2024-02-22,0.18819664290823288,0.19623960107275257,0.011779074836875403,0.001465999999999995
2024-02-23,0.18743717617927455,0.19672957975984964,0.015013111208584312,-0.00486700000000001
2024-02-26,0.1870712284020084,0.1951636332003383,0.011718456480857176,-0.004413
2024-02-27,0.18704128106151124,0.19480009104292814,0.01844014085222548,-0.007163000000000003
2024-02-28,0.1874613425978696,0.1948835693231809,0.012605359134939598,-0.0034300000000000164
2024-02-29,0.18708946077703315,0.19436071305012542,0.014462434273464192,-0.004569999999999991
2024-03-01,0.18718932598614102,0.1944833415693296,0.014866844178737876,-0.0016740000000000088
2024-03-04,0.18743331719881742,0.194884526098448,0.027595779523850394,-0.0019990000000000008
2024-03-05,0.18621583958980922,0.1951663727653357,0.0375614425360197,-0.007438
2024-03-06,0.18449660007091578,0.1954591330416209,0.024118212686202373,-0.0023229999999999917
2024-03-07,0.18433415239799963,0.19147955666950384,0.019640616735052296,0.0016180000000000083
2024-03-08,0.18386977151527772,0.1912367088451548,0.01832308936973437,-0.001365000000000005
2024-03-11,0.18317706935588798,0.19217287902593086,0.05074280131826095,-0.006486999999999993
2024-03-12,0.18399136286862014,0.19417497256858782,0.04802725788333481,-0.0028749999999999887
2024-03-13,0.18353644582767648,0.1937519198000527,0.056581800950835565,-0.0064780000000000115
2024-03-14,0.18204157367772286,0.1940789097776267,0.05128480230710239,0.005479000000000012
2024-03-15,0.18204778771839297,0.1940522165738205,0.051456385943577126,0.011281999999999986
2024-03-18,0.18178599830982212,0.1940391912103711,0.04702826251109296,0.008660000000000001
2024-03-19,0.1818008310499129,0.19426151908202538,0.04792170333229617,-0.004635
2024-03-20,0.1821413968128201,0.1938434316971114,0.0360608433178255,0.022460000000000008
2024-03-21,0.18207226941994473,0.19403030378161523,0.056890665801555634,-0.010953999999999992
2024-03-22,0.1822036598598074,0.19428424481275172,0.04847235466132127,-0.0020449999999999913
2024-03-25,0.18233246452343704,0.19391306101540517,0.05422549462491627,0.0020100000000000118
2024-03-26,0.18175296736272523,0.19399542731264482,0.048343854040310386,0.008931999999999995
2024-03-27,0.1816581791228926,0.1944845017390686,0.04071353758494431,0.0016680000000000028
2024-03-28,0.18136897099893262,0.19416316714400544,0.05492472576665197,0.006255999999999984
2024-04-01,0.18216173222738483,0.19421786837887148,0.07805826133776561,0.003921999999999981
2024-04-02,0.18268793812333758,0.19267022189420474,0.08182459236069842,-0.0025040000000000062
2024-04-03,0.17918547759592496,0.19387230543691666,0.058488956026524014,-0.0023460000000000147
2024-04-04,0.17810506080949193,0.19283967073355676,0.06980367379654617,-7.60000000000205e-05
2024-04-05,0.17775640220097255,0.19441829103312255,0.07800824680141391,-0.0018389999999999795
2024-04-08,0.17911196897970538,0.1944770562372678,0.08946456736463534,0.005230000000000012
2024-04-09,0.17999998454506377,0.19359233754649363,0.09719835335268032,-0.010267000000000026
2024-04-10,0.18110865319141528,0.19356332051719047,0.10809838936612254,-0.0010890000000000066
2024-04-11,0.18072537182960433,0.19307560000993512,0.11108202810226006,-0.003593999999999986
2024-04-12,0.18043051458297482,0.18919475391296925,0.12340515499963248,0.009368000000000043
2024-04-15,0.17984777239489483,0.1899162010990421,0.14375672921614496,-0.0024799999999999822
2024-04-16,0.1801395745836907,0.19011726456103267,0.15346590507066257,0.002401000000000042
2024-04-17,0.18085175618104835,0.18981180184607238,0.1512505358211302,-0.00024999999999997247
2024-04-18,0.18087507149860202,0.19038231075888815,0.14862158798266403,0.008487000000000022
2024-04-19,0.1810577943692388,0.1897425893454183,0.14146571883255527,0.003092999999999957
2024-04-22,0.18107665686568192,0.19002556919026736,0.14111868388965565,0.012137999999999982
2024-04-23,0.18102273504955183,0.18908001113618098,0.13807153706378936,0.006267999999999996
2024-04-24,0.18117691641282385,0.18910036915988612,0.14011846640563805,0.002817999999999987
2024-04-25,0.1805848617732531,0.18992438055214902,0.13642442096457577,0.0007199999999999984
2024-04-26,0.18095826329924877,0.18950100712548154,0.13232539178581182,0.01071099999999997
2024-04-29,0.17877418939487655,0.18911874706228907,0.13035033037584606,0.012463000000000002
2024-04-30,0.17883466419659158,0.18959968116142992,0.149386714779423,0.0063710000000000155
2024-05-01,0.1790947405052511,0.189638900919486,0.14923153373336961,-0.024770999999999987
2024-05-02,0.17874849414117086,0.18921614346047574,0.16711046122195466,0.003491999999999995
2024-05-03,0.17911921950136603,0.18850678688996048,0.17062398039716262,-0.003134999999999999
2024-05-06,0.1782379896012593,0.1894486199896949,0.1738109380631572,-0.010098999999999969
2024-05-07,0.17589074642972527,0.19300719499706512,0.027911059204062783,-0.00409000000000001
2024-05-08,0.17530142195902576,0.1930451225337169,0.018093970904033835,-0.01639300000000002
2024-05-09,0.17535839034546324,0.19098690216253614,0.009999240671363263,-0.01763200000000001
2024-05-10,0.17574191076128404,0.1910914582849017,0.005914405108881526,-0.015128000000000003
2024-05-13,0.175740860575951,0.19086994438574567,0.00679546798514527,-0.011527999999999983
2024-05-14,0.17632632128393397,0.19154296092772233,0.015147423513794916,-0.019485000000000002
2024-05-15,0.1740582256625539,0.19201580045511685,-0.008274547266600013,-0.018586999999999992
2024-05-16,0.18269758335576028,0.1918363567808468,-0.009552094203319539,-0.02715899999999999
2024-05-17,0.18393717758764186,0.18706300374289694,-0.021084343115438192,-0.01868700000000001
2024-05-20,0.1849763518979275,0.18718512758860298,-0.01894948001125643,-0.012306000000000011
2024-05-21,0.18532167265037358,0.18700865683766987,-0.01913287573544062,-0.008953000000000017
2024-05-22,0.18615208475657552,0.18663066098553788,-0.014865494419027181,-0.013564999999999994
2024-05-23,0.1864100831942124,0.18694027357196466,-0.012251023520428644,-0.017023999999999984
2024-05-24,0.18707836233959252,0.1872818162840397,-0.01820829672336377,-0.004718
2024-05-28,0.18689224060837697,0.18827482713235652,-0.011944727718463416,-0.008335000000000009
2024-05-29,0.18674628217181177,0.18840822346006492,0.005396457761341872,-0.005317999999999989
2024-05-30,0.18727678899303396,0.1875250952824453,0.0038631809066341782,-0.00027399999999999647
2024-05-31,0.18678107228354274,0.1868868726035837,0.000765139506610446,-0.007054000000000005
2024-06-03,0.18718047585523667,0.18673813234489642,0.010736327553412472,-0.02316700000000002
2024-06-04,0.18717488929150977,0.18705104590457777,0.00946392019641612,-0.011320999999999998
2024-06-05,0.18679573495775365,0.1870912106918992,0.014953975299898031,-0.009404999999999997
2024-06-06,0.18676176505187458,0.18768484329244273,0.03110407473448787,-0.022959000000000007
2024-06-07,0.18629373395779647,0.1877558478910726,0.03253924957629051,-0.010322999999999999
2024-06-10,0.18712805517379105,0.1872450542781291,0.035837082751979665,-0.01733599999999999
2024-06-11,0.18688015397883406,0.18750817053145463,0.03560867201320006,-0.029439999999999994
2024-06-12,0.1866016564679398,0.18738565680665084,0.04344459669500236,-0.038765999999999995
2024-06-13,0.18622679282291088,0.18696992607153332,0.03898439974238116,-0.01713199999999998
2024-06-14,0.18630162327403177,0.18804654964222497,0.06583826307416898,-0.032671000000000006
2024-06-17,0.18616839358738171,0.18826530045547996,0.07540806414155304,-0.021798999999999985
2024-06-18,0.187419469426167,0.18788104303727357,0.06691845161740914,-0.04168399999999997
2024-06-20,0.19134039340698197,0.18796200868240512,0.06904645700876944,-0.007362000000000007
2024-06-21,0.191714578517116,0.18766807019264817,0.06765693741090653,-0.005441000000000001
2024-06-24,0.19240837839379876,0.18760388014658377,0.06328701531588829,-0.008050000000000002
2024-06-25,0.19204526035815203,0.1905339011486505,0.06459401847121932,-0.010641999999999985
2024-06-26,0.19206061542436506,0.19009105692601416,0.07322922855422873,-0.017571000000000003
2024-06-27,0.1924166230938811,0.19069914401780544,0.09082716879385289,-0.013663999999999982
2024-06-28,0.18965250958595412,0.19066710474168325,0.07959859126259172,-0.013669000000000014
2024-07-01,0.18971070481073862,0.19066194351859628,0.08260947873150537,-0.01922299999999999
2024-07-02,0.18953820677145294,0.190766046048004,0.09430708763519355,-0.023974000000000023
