date,y_true,y_pred,vrp_wedge,put_call_skew_30d
2013-11-12,0.14133175912780527,0.13746591049689214,0.0027279582273479486,0.020628000000000007
2013-11-13,0.14115756314064687,0.1361079290636978,0.0066184542947697045,0.02197099999999999
2013-11-14,0.14209400857743648,0.13726870644666847,0.0022173778805570366,0.02112900000000001
2013-11-15,0.14276409532291573,0.13586125082210315,-0.005082720335889218,0.020752999999999994
2013-11-18,0.14506503007599764,0.1359046164365391,-0.0065785861441990945,0.013883999999999994
2013-11-19,0.14559309870237078,0.13457427920086948,-0.008211527141938652,0.013944000000000012
2013-11-20,0.14500418102345383,0.13355525844103924,0.003896155994370848,0.014740000000000003
2013-11-21,0.14509111668976346,0.12994029712305524,0.0016919214035177321,0.017275999999999986
2013-11-22,0.14518864005665028,0.1289888586147997,0.006802711253084237,0.012646000000000018
2013-11-25,0.14624121478388882,0.12887706022688786,0.003480707501640784,0.017744999999999997
2013-11-26,0.14724509010766143,0.12889133594572305,0.006409628912137255,0.013319999999999999
2013-11-27,0.1473347092531097,0.1291575397359393,0.008963962309884263,0.016922000000000006
2013-11-29,0.14727417017736463,0.12945284530434417,0.013887907428638907,0.018781000000000006
2013-12-02,0.14726352498606496,0.12990498846999812,0.02251074284117656,0.016164999999999985
2013-12-03,0.14713188271286864,0.12911896677899679,0.03280383177466177,0.016863000000000017
2013-12-04,0.1469552331751947,0.1288916647272006,0.03160787984682155,0.017613000000000018
2013-12-05,0.14688944974524548,0.12897666988016732,0.04408610629182021,0.020066
2013-12-06,0.1470125128949588,0.12896621021108653,0.03903398142041192,0.014356000000000008
2013-12-09,0.14652640523657795,0.12907986734615234,0.04835987047252868,0.009378999999999998
2013-12-10,0.14638493941244798,0.1308922138487476,0.04625049718316997,0.01750400000000002
2013-12-11,0.14616412932333803,0.12887366009330134,0.05249956386476781,0.01555999999999999
2013-12-12,0.14603553971981523,0.12906182109457845,0.05403290994159679,0.01923899999999998
2013-12-13,0.1455190059615894,0.12911598261641555,0.049354808973917516,0.018067
2013-12-16,0.14605169823546033,0.12894736558935233,0.056815135616419765,0.016112000000000015
2013-12-17,0.14781510629905195,0.1320560164543006,0.05053173922893514,0.020613999999999993
2013-12-18,0.14760631460499377,0.14099379530591208,0.036980582526611905,0.012957000000000024
2013-12-19,0.14863878798599792,0.13964394405709632,0.026800789924114513,0.023344000000000004
2013-12-20,0.14907527885573302,0.13958996545671773,0.019913149763183674,0.023631000000000013
2013-12-23,0.14920789918614374,0.14171904504351926,0.026036312936837863,0.007819999999999994
2013-12-24,0.14960038401921125,0.14168461322164086,0.01695028562535182,0.006946000000000008
2013-12-26,0.1502957534299453,0.14140355551950606,0.015710866945798138,0.017956
2013-12-27,0.15107323760747668,0.1418242117553812,0.018452648204735897,0.019192999999999988
2013-12-30,0.15201799645167002,0.15245140175232305,0.01921879495135044,0.01889099999999999
2013-12-31,0.15231612647258258,0.14219930618631946,0.023713442092242826,0.023675
2014-01-02,0.15243354315956265,0.14233754204038349,0.03457395693278617,0.022049999999999986
2014-01-03,0.1517405446263636,0.1517577560395424,0.03435847230674918,0.022809999999999997
2014-01-06,0.15187006463048322,0.14068733692813346,0.034694791774561654,0.023784
2014-01-07,0.15217575388201118,0.1398457662845048,0.030601771453542717,0.02385000000000001
2014-01-08,0.15203044285118603,0.15127801453765075,0.036454664949924054,0.027020000000000016
2014-01-09,0.1522632614861682,0.14318897108575593,0.049342232051611506,0.02221899999999999
2014-01-10,0.15229626206235025,0.15140737289357403,0.04341619758865671,0.022182000000000007
2014-01-13,0.15196998413786728,0.1510251046839062,0.04728320738003246,0.024923
2014-01-14,0.15137220806513507,0.13938464364810363,0.04019753697517785,0.026469999999999994
2014-01-15,0.1506781110363566,0.15181745827732854,0.03467007990199378,0.022807999999999995
2014-01-16,0.15076971219541813,0.139795205999366,0.03378331948109557,0.02460799999999999
2014-01-17,0.15103700970408648,0.13929100527824675,0.03385016513681127,0.02279299999999998
2014-01-21,0.14847283664504618,0.15080893333667217,0.03384165356459093,0.025456000000000006
2014-01-22,0.1523453066117429,0.13952208445221653,0.03572396627617111,0.022415000000000018
2014-01-23,0.15263280879772304,0.13947727860225484,0.027812797790926866,0.018920999999999993
2014-01-24,0.14929886427307135,0.13723031013466697,0.04301139582502975,0.016583999999999988
2014-01-27,0.14991435815823745,0.1413369375411415,0.04061811323699216,0.016652
2014-01-28,0.14978656846027805,0.1409251320911649,0.05575087160120257,0.007764000000000021
2014-01-29,0.13957903099378546,0.14035465962749447,-0.0009391805690837085,0.020343
2014-01-30,0.13941460963681748,0.14010227727685426,-0.012548617517043142,0.022287999999999974
2014-01-31,0.1348809945881224,0.1399295472897343,-0.016027986953813217,0.024610999999999994
2014-02-03,0.13132151638895145,0.13986499410289277,0.016243011067320345,0.029041999999999984
2014-02-04,0.13074155229944776,0.13980460639319156,0.0009658410878957135,0.028333999999999998
2014-02-05,0.13117736200709637,0.13981089631570381,0.009451834861251396,0.02787199999999998
2014-02-06,0.13458345012142217,0.14027384485330946,-0.00436648791836991,0.025619000000000003
2014-02-07,0.1340508366240535,0.13998151036584566,-0.022942817643699515,0.023880999999999986
2014-02-10,0.1353808291256579,0.1399514861932501,-0.024725808250908615,0.022283999999999998
2014-02-11,0.1360665081420751,0.13984505927818341,-0.03420823674901674,0.022614999999999996
2014-02-12,0.13699678441340685,0.14000511750825084,-0.035558483615429126,0.02080399999999999
2014-02-13,0.14090177363708936,0.13990334731890502,-0.03967678756354068,0.020402000000000003
2014-02-14,0.1407721290701312,0.13975873301668887,-0.03532823821068268,0.02096400000000001
2014-02-18,0.14377950759051433,0.1397338491165026,-0.03218506812244651,0.022392999999999996
2014-02-19,0.1443864610341229,0.1397363296759746,-0.027056683539947918,0.015599000000000002
2014-02-20,0.1432033679752692,0.139758547410217,-0.031196553063721627,0.021775000000000017
2014-02-21,0.14262710668500836,0.13956208263289982,-0.03987697133190307,0.023147
2014-02-24,0.14267764464625496,0.13968108254721545,-0.03173216780514912,0.015953000000000023
2014-02-25,0.14226991719785728,0.13979931493808057,-0.01164676291839234,0.012790999999999997
2014-02-26,0.14196836610295768,0.13977639766061875,-0.01274161739209681,0.008513999999999994
2014-02-27,0.1417238279424099,0.13965523075289843,-0.017085816818782185,0.009443000000000007
2014-02-28,0.14051477706327015,0.13973507696916096,0.004427189931291015,0.004605999999999999
2014-03-03,0.14053389192885077,0.13979805858975072,0.011693042402097564,0.008041999999999994
2014-03-04,0.1412152186319293,0.14024565830408064,0.012151192141661799,0.008605000000000002
2014-03-05,0.14116009518458522,0.14044954305251792,0.016551571175082463,0.011452999999999991
2014-03-06,0.14149805795447978,0.14068817571397688,0.016679855282767997,0.010734999999999995
2014-03-07,0.1410272295909661,0.14062237730209246,0.016118022883704786,0.008674999999999988
2014-03-10,0.1406537098342626,0.1405856766770223,0.025390420948842835,0.005959999999999993
2014-03-11,0.14038782795792515,0.14200025617735915,0.022661604951853043,0.011515999999999998
2014-03-12,0.14002594846152494,0.14188246640018692,0.022445163925006145,0.012216000000000005
2014-03-13,0.1396354099203027,0.1417579605425617,0.027578750578110656,0.012523000000000006
2014-03-14,0.139851634571014,0.14202351801706162,0.03263636326805701,0.015786999999999995
2014-03-17,0.13942182708198989,0.1422137084025119,0.02826817399675731,0.01519100000000001
2014-03-18,0.139429558595469,0.14222877207633752,0.025123505727642867,0.015427999999999997
2014-03-19,0.13786370903740536,0.14259098116658217,0.025608725266529964,0.010417999999999983
2014-03-20,0.13494207736414635,0.14046067244982258,0.02357867811498829,0.011070999999999998
2014-03-21,0.1327851195857248,0.1405385002619015,0.011409897040620232,0.01674400000000001
2014-03-24,0.131439958734975,0.14059046729332078,0.024499976182142363,0.013090000000000018
2014-03-25,0.13107750901459622,0.14055370087632246,0.02029683102303828,0.01666200000000001
2014-03-26,0.1306205026139682,0.14056062921058868,0.027571415820824313,0.014148999999999995
2014-03-27,0.1301516139022475,0.14021380932441363,0.027901155777418002,0.016489000000000004
2014-03-28,0.12954365978234647,0.14047112523079075,0.024662824307728898,0.01718800000000001
2014-03-31,0.12846749922310569,0.14043902284730211,0.029297027222146804,0.019142999999999993
2014-04-01,0.1275600117073892,0.14028420093663063,0.02046584207410404,0.018818999999999975
2014-04-02,0.12673588120319682,0.140493418636209,0.02191304310033851,0.020115999999999995
2014-04-03,0.12647037741174796,0.14052406892149064,0.019660775115805357,0.019193000000000016
2014-04-04,0.12626364787057154,0.14062663976112688,0.022286357135033907,0.013360999999999984
2014-04-07,0.12635364030682558,0.14034897911149002,0.03248083175039207,0.020481
2014-04-08,0.12602272513426038,0.1363849894451496,0.027405039519577096,0.024669999999999997
2014-04-09,0.12519994809503338,0.13630055521860454,0.02629235111827677,0.02719100000000002
2014-04-10,0.12425271085883428,0.1367132794944928,0.032326583767740086,0.018728000000000022
2014-04-11,0.12398332079011412,0.13659035622803514,0.027945424589044143,0.02471799999999999
2014-04-14,0.12413007516250314,0.13662551059726094,0.024372417750059855,0.025675000000000003
2014-04-15,0.12417822024046393,0.13673015653810872,0.022923985832456556,0.024216000000000015
2014-04-16,0.1248825177377463,0.13676473286192156,0.024632078586613898,0.02448499999999998
2014-04-17,0.12451254208886815,0.13691590095740597,0.020143547240366155,0.022727999999999998
2014-04-21,0.124346723010084,0.13898675100243396,0.024023748149811452,0.028838000000000003
2014-04-22,0.12391273658736843,0.14006173221275398,0.04289390307071919,0.02609599999999998
2014-04-23,0.11875807578999852,0.13847717050521458,0.007889382926727612,0.020425000000000026
2014-04-24,0.12033095166054786,0.13880111256457273,0.01128739563711098,0.01961299999999999
2014-04-25,0.12059279227063323,0.13862868145399906,0.010263261422196274,0.021814
2014-04-28,0.11952287830398005,0.13891450674277392,0.01075842649788683,0.014979999999999993
2014-04-29,0.1213672447431393,0.13861955009322252,0.004519151506304303,0.019655000000000006
2014-04-30,0.1220766115959407,0.1391200853567594,0.0023309338076403785,0.017429
2014-05-01,0.122061382357825,0.13890353992034662,0.006556311520873798,0.01910500000000001
2014-05-02,0.12245646887841162,0.13884163332240376,0.006732662250013871,0.02013100000000001
2014-05-05,0.12262791783062414,0.13887941957792055,0.005275198839665013,0.020087999999999995
2014-05-06,0.12349581473200644,0.13903035562363342,0.005701737095623605,0.020171999999999995
2014-05-07,0.12464566103359088,0.13941383752098443,0.004027471656509518,0.016906999999999978
2014-05-08,0.1200376273206249,0.13950036784876213,0.010553119987280452,0.011678999999999995
2014-05-09,0.11993435910279442,0.1396684217224698,0.0049318749949473495,0.016980999999999996
2014-05-12,0.11856726607707545,0.13973344152944978,-0.0008489984917297577,0.015991000000000005
2014-05-13,0.11654127865757301,0.1392569079831772,0.008289096123233364,0.01774500000000001
2014-05-14,0.11567696738997184,0.1333795993660465,-0.001608733954874736,0.020136000000000015
2014-05-15,0.10927566309278816,0.1387328737319769,-0.017497630903584332,0.02187800000000001
2014-05-16,0.11068728979603183,0.13512600020633708,-0.02985999296543798,0.021334999999999993
2014-05-19,0.10530289998083518,0.1351147822540191,-0.03466701707185499,0.021976999999999997
2014-05-20,0.10378357714729976,0.13493767694049455,-0.027716299639271302,0.02557100000000001
2014-05-21,0.10187289992402267,0.13505651813353944,-0.0411530260793235,0.022992000000000012
2014-05-22,0.10179921546854741,0.13911253960331804,-0.04022269558873051,0.017264
2014-05-23,0.10172792487927816,0.13912745315687094,-0.04236072223371799,0.019953000000000012
2014-05-27,0.10141697498634004,0.1353219694211002,-0.03894246577492197,0.021307000000000006
2014-05-28,0.10100227027657419,0.139154164776762,-0.04046473879729573,0.018558999999999992
2014-05-29,0.09980437728385279,0.13937444122885181,-0.04265796024612409,0.020955000000000015
2014-05-30,0.09980449963278198,0.13553219970551428,-0.03997203162837648,0.019668000000000005
2014-06-02,0.09994725021709377,0.13544747161526136,-0.03685208240179541,0.021217000000000014
2014-06-03,0.09934419782320633,0.1353271220943124,-0.03368851876791126,0.022607000000000002
2014-06-04,0.09923965300433005,0.13523553582879244,-0.029997896475114916,0.021049
2014-06-05,0.09860340896022718,0.13515002187252953,-0.03340162214561426,0.023509000000000002
2014-06-06,0.09918802791898548,0.13530947940654106,-0.03585080868175232,0.02085999999999999
2014-06-09,0.09925342172251271,0.13448918326092216,-0.02545924554727569,0.022823999999999997
2014-06-10,0.10001661167166942,0.13455457368078155,-0.027721383781343242,0.022322999999999996
2014-06-11,0.10093025443070222,0.13416536636004395,-0.022082332975225744,0.023535999999999987
2014-06-12,0.10124080871495802,0.13387812091310403,-0.01579948545490907,0.026788999999999993
2014-06-13,0.10200663569506091,0.13435756714761204,-0.016159224942314518,0.024372999999999992
2014-06-16,0.10273657466811603,0.13604415845450246,0.00431185574535603,0.023517999999999997
2014-06-17,0.1031865748876953,0.13614607586671446,0.007552799468378113,0.02257199999999998
2014-06-18,0.10394244035310805,0.135505006417646,0.028815015147044487,0.02160100000000001
2014-06-19,0.10413849044493524,0.12878565656633134,0.034823541343719,0.02492000000000001
2014-06-20,0.10368597725698565,0.13377305685477497,0.03692578342209474,0.026739999999999986
2014-06-23,0.10364897604565387,0.13317953385747827,0.0415308110963465,0.024965000000000015
2014-06-24,0.10301860734754463,0.1320490859011699,0.04064982608184865,0.020366999999999996
2014-06-25,0.10346217541410789,0.13323137816990965,0.04178878263895222,0.025064000000000003
2014-06-26,0.10401628013750679,0.13317244618975693,0.04075732111996043,0.025311
2014-06-27,0.10460164905277963,0.13170668285684875,0.0414297915053619,0.02654899999999999
2014-06-30,0.1048915501345534,0.13327193023380562,0.040510937215585546,0.019525000000000015
2014-07-01,0.10483427505953685,0.13320697354015673,0.03417419199735894,0.024444999999999995
2014-07-02,0.10520518510683999,0.13215178514463535,0.03897792334270707,0.019589999999999996
2014-07-03,0.10563450247739892,0.1340280283290253,0.03829587639876436,0.017777
2014-07-07,0.11360355771632427,0.13446436166368148,0.0488419917797321,0.022027000000000005
2014-07-08,0.11382047269829686,0.13474062584271204,0.058714393920030514,0.018649
2014-07-09,0.11394084037447677,0.135218226088379,0.05343975115168083,0.019548999999999983
2014-07-10,0.11531564540920482,0.13477415621740013,0.051694931205406,0.019652999999999976
2014-07-11,0.11652692943884514,0.13472678860251833,0.049395691833093044,0.022110000000000005
2014-07-14,0.11698237067917304,0.13459695663454052,0.04638015775046324,0.019274
2014-07-15,0.11748724666618421,0.1346159941724786,0.056014028716835834,0.013658000000000003
2014-07-16,0.11802330959774136,0.13261050612314745,0.047887346258415855,0.018312999999999996
2014-07-17,0.1223099125582729,0.13195172126962149,0.05104235128025571,0.01569699999999999
2014-07-18,0.12450859230449995,0.1350692592605125,0.04302939606175599,0.018479999999999996
2014-07-21,0.12555887301575017,0.13673088063806055,0.05089977643182493,0.017979999999999996
2014-07-22,0.126103707402834,0.13733278869630705,0.0474397232809064,0.021791000000000005
2014-07-23,0.1274882444084143,0.13339222830575373,0.05132723713724992,0.01849999999999999
2014-07-24,0.12521355095867204,0.13321810874130807,0.025966013313215436,0.020083000000000004
2014-07-25,0.12688422606645916,0.13388173063731093,0.022866782174783634,0.019252999999999992
2014-07-28,0.12880984801585801,0.13438150187264286,0.02356086412606427,0.018246
2014-07-29,0.12668131222369985,0.1371979981673324,0.02634294243873922,0.014127
2014-07-30,0.12565733626864503,0.1398987112515006,0.020644583041189962,0.020145999999999997
2014-07-31,0.1251864512464062,0.13972529808419726,0.0411036166844532,0.020163999999999987
2014-08-01,0.12528417266623665,0.13973883435030685,0.042486892296041204,0.01982700000000001
2014-08-04,0.12507906978367223,0.13939593939764255,0.03164769297783886,0.025534
2014-08-05,0.12516347326082808,0.13981131985598447,0.03583911675943266,0.023674
2014-08-06,0.12411093066892535,0.139640685559371,0.03743260830030244,0.028926000000000007
2014-08-07,0.12344365807899434,0.13979569721469468,0.0429420105717816,0.021038
2014-08-08,0.12396622514590153,0.14073099146539714,0.028724628768442312,0.03126799999999999
2014-08-11,0.12447884469990719,0.14082196103976086,0.02329320981237107,0.027916999999999997
2014-08-12,0.12566836343462023,0.13965558132735353,0.02044101445923005,0.026839000000000002
2014-08-13,0.1257499849155173,0.1396652752383356,0.014593684911465232,0.025921
2014-08-14,0.1259378462185359,0.1398081660291923,0.0031004968190653237,0.025841000000000017
2014-08-15,0.1264570085566094,0.13927146251923944,0.0008480459577313582,0.025122999999999993
2014-08-18,0.12751945039551374,0.13875008331676258,-0.006657615556453889,0.024283
2014-08-19,0.12733576464358987,0.13865668933824984,-0.010971856807122843,0.023118
2014-08-20,0.12761323981762443,0.13806571234914516,-0.009402255021368114,0.021082000000000017
2014-08-21,0.12841000910314598,0.13840185040687888,-0.007673439447927977,0.019876999999999992
2014-08-22,0.12828148511071857,0.13854951631329712,0.0024192043140207897,0.020725000000000007
2014-08-25,0.12942878213658082,0.13745550045392038,0.0025225105104934864,0.019133999999999998
2014-08-26,0.13371405295621622,0.13802030382460803,0.00036162015188066776,0.018444000000000016
2014-08-27,0.13519406921044924,0.13873848119030763,0.006089007015483441,0.019999000000000003
2014-08-28,0.13543017193012175,0.13850891223986445,0.01201685507393109,0.019775999999999988
2014-08-29,0.1356088032374077,0.1350428552472304,0.014400506293174686,0.022536
2014-09-02,0.13613997899427394,0.1340120662648233,0.022453881913135285,0.025519
2014-09-03,0.13854988555043252,0.13367485843614843,0.01938957006159106,0.025233000000000005
2014-09-04,0.1387629626124562,0.13351342316501477,0.024027886653146258,0.02536100000000001
2014-09-05,0.13872595340106864,0.1341011072671695,0.02779995048872043,0.022711999999999996
2014-09-08,0.13882642769429054,0.1339210766853567,0.035020168356074965,0.027481000000000005
2014-09-09,0.13825144728644803,0.13527575011432244,0.04108676679494051,0.023147
2014-09-10,0.14217320259896726,0.13486445881682074,0.04099169559423922,0.025004
2014-09-11,0.14229524996034204,0.1345094188355646,0.03571710262392905,0.03267200000000001
2014-09-12,0.1425095798216724,0.1347240642184587,0.03629446832549957,0.02670700000000001
2014-09-15,0.14228821138632655,0.1343652194973705,0.04039658544067354,0.03200499999999998
2014-09-16,0.14263261537508157,0.13508739288927826,0.04156430724260467,0.03459100000000001
2014-09-17,0.14498682763277057,0.1358034484952059,0.03059358920337757,0.032940999999999984
2014-09-18,0.14634465388037435,0.13575703247961754,0.03117939112544285,0.032486
2014-09-19,0.14761644089278692,0.13434578866541635,0.028768624253662847,0.03200600000000001
2014-09-22,0.14825134174072138,0.13458608316341245,0.025032129659070743,0.034572000000000006
2014-09-23,0.148823132331827,0.13478002532958147,0.03608715364430329,0.026309999999999986
2014-09-24,0.14868159694801966,0.13420512756229802,0.030422235457904345,0.02881800000000001
2014-09-25,0.1484416399589943,0.13655772632556737,0.051137182975534254,0.02252499999999999
2014-09-26,0.14797824783509111,0.13696446567048168,0.037571026910709265,0.03628199999999998
2014-09-29,0.1478743462710858,0.13690493464593353,0.04398399199160921,0.032652000000000014
2014-09-30,0.1475614480860186,0.13692194497157412,0.04589629148367545,0.030975999999999976
2014-10-01,0.148167798501721,0.1371221596040406,0.054512169561100624,0.02691099999999999
2014-10-02,0.1480990882944156,0.13711296804545967,0.04876534105143632,0.03314500000000001
2014-10-03,0.14229912003370465,0.1358474891875274,0.01331802756368608,0.03825200000000001
2014-10-06,0.1427119771528525,0.13766311894155472,0.017955578694046764,0.029663999999999996
2014-10-07,0.14623606164800354,0.1377490143195173,0.02557453808588686,0.02641199999999999
2014-10-08,0.14557849869550316,0.1373107281636263,0.018799549891323958,0.04128599999999999
2014-10-09,0.14457363610782414,0.1366817513063987,0.035537492922343844,0.031363
2014-10-10,0.14435283214243474,0.1367906543972827,0.05192811557549501,0.026755
2014-10-13,0.1456843473755596,0.1368182924106234,0.06908309473795884,0.030084
2014-10-14,0.14603251986850616,0.13726994146227545,0.050148143479182866,0.04655799999999999
2014-10-15,0.14266705293844756,0.13708303526541027,0.056978853025511894,0.067301
2014-10-16,0.14170028244609406,0.13694571344617212,0.04925150326654448,0.05656800000000001
2014-10-17,0.1414084991338703,0.13688071836741528,0.017297695380164374,0.048682
2014-10-20,0.14225265799647652,0.13656346099462374,-0.004627956507228553,0.046047000000000005
2014-10-21,0.14341296132594034,0.13567376181869242,-0.016846650674513797,0.037995
2014-10-22,0.1432110126523943,0.13679338322470086,-0.0005125827522453053,0.041022999999999976
2014-10-23,0.14165397422921058,0.13550094643847263,-0.016856944525484918,0.03839199999999998
2014-10-24,0.13977174976552173,0.1359364209645409,-0.026682253433987696,0.035817
2014-10-27,0.1424539856464354,0.1358030702053994,-0.02867876518525811,0.03628400000000001
2014-10-28,0.14448995757857463,0.13576544310031347,-0.043484621644711785,0.035722000000000004
2014-10-29,0.1462108577697511,0.1356657416374899,-0.041656293465263464,0.036102999999999996
2014-10-30,0.14923886624412583,0.13645508304432089,-0.04210826368460886,0.03632099999999999
2014-10-31,0.14955036029613472,0.13655971412973353,-0.045147148238811385,0.03358
2014-11-03,0.15013999777858825,0.1364749496978356,-0.027733346607994133,0.03306899999999999
2014-11-04,0.14964403426852385,0.13656573103891503,-0.026715740290689932,0.03056700000000001
2014-11-05,0.15094542732446287,0.13659307174161894,-0.027740119224570647,0.035514000000000004
2014-11-06,0.150607542790796,0.13712851033956558,-0.021957497291934858,0.030723000000000014
2014-11-07,0.15013784505289687,0.13751363845373482,-0.02798720477166544,0.034571000000000005
2014-11-10,0.15008296785548003,0.14214913466549772,-0.02888521437375717,0.029259000000000007
2014-11-11,0.15006489109185792,0.14211881197381987,-0.02955050907479076,0.028043
2014-11-12,0.15000547397618988,0.14186558203423,-0.03267093540678505,0.028136999999999995
2014-11-13,0.1486620073435249,0.1416536683731806,-0.018749673399155134,0.024870000000000003
2014-11-14,0.14791792051266928,0.1417231825639785,-0.018154762621410414,0.027454000000000006
2014-11-17,0.14802385698526513,0.1417716047725206,-0.011945404816131072,0.029457999999999984
2014-11-18,0.14810563601539067,0.14173710122541885,-0.010100679647396499,0.026628999999999986
2014-11-19,0.14764418021489797,0.14182664278776744,-0.0030691929223503334,0.030147000000000007
2014-11-20,0.14851043402221878,0.1414155278885857,-0.0038526333159465964,0.030687999999999993
2014-11-21,0.1475687742238582,0.14122814082237295,-0.009929329694153277,0.030333000000000013
2014-11-24,0.14452917630201478,0.14095731945629264,-0.00796746490751335,0.028707999999999997
2014-11-25,0.1430433900054743,0.14099051311788932,-0.006405880497742988,0.024992999999999987
2014-11-26,0.14344909084801233,0.1411116958254527,-0.010344297686559978,0.026621000000000006
2014-11-28,0.1433109501452685,0.14103218411145832,-0.010731247369268518,0.024131
2014-12-01,0.1427668537648302,0.141162519088385,0.002643376171634404,0.030613
2014-12-02,0.1404053518722503,0.14081396504572383,0.0036043923705068037,0.031150999999999984
2014-12-03,0.1409739041502319,0.14098481479890362,0.013013835230890947,0.02179700000000001
2014-12-04,0.1407994927257567,0.14077526578050148,0.007356234501635056,0.027008000000000004
2014-12-05,0.14101018261395523,0.14081220556288493,0.004338775744133078,0.02566299999999999
2014-12-08,0.1412659162547414,0.14090945933095333,0.01160678445305105,0.027533000000000002
2014-12-09,0.13770512065507054,0.1406434621646005,0.02778399888674349,0.02956499999999998
2014-12-10,0.1379477214805332,0.14056061030894876,0.04224126641349202,0.01705899999999999
2014-12-11,0.13720946630332886,0.14099686010302873,0.025011999580264926,0.02602300000000002
2014-12-12,0.13748949803932253,0.1409796487574801,0.0580274913110323,0.017445000000000016
2014-12-15,0.13969325457699044,0.14094566594153207,0.0645748569917057,0.035965
2014-12-16,0.1367041650861245,0.13942143668007587,0.061098938256535146,0.02584800000000001
2014-12-17,0.13593776342582517,0.13996448368972966,0.0331630060576833,0.045056999999999986
2014-12-18,0.13526707458656773,0.14061906789088435,0.00457266710468493,0.042743
2014-12-19,0.1348673934055709,0.14036859850320532,-0.007315787020361758,0.03853100000000001
2014-12-22,0.1347535547042734,0.14043648923784294,-0.006234912748389249,0.032608
2014-12-23,0.1360191711494405,0.1406229204347326,-0.005992765123828125,0.022790000000000005
2014-12-24,0.13584473027605715,0.14052689023670328,0.006913295058136121,0.027713000000000015
2014-12-26,0.13579223907239255,0.1406376112704334,0.01289053276080393,0.027543000000000012
2014-12-29,0.1358501103741383,0.14066161291878382,0.022338098728154676,0.03053900000000001
2014-12-30,0.136221885489777,0.14087913137572852,0.023094675410989862,0.029176000000000007
2014-12-31,0.1359609298909692,0.1407448870349228,0.02982815621773849,0.034441
2015-01-02,0.13616613754172732,0.1380723471982338,0.041039571669032465,0.03364
2015-01-05,0.136034980649041,0.13814399570222624,0.06503240644272745,0.037878999999999996
2015-01-06,0.13535041686331561,0.1380699457017715,0.05759714640333716,0.04267900000000002
2015-01-07,0.13198603059202188,0.13697298416247475,0.045691511143696434,0.046624
2015-01-08,0.13131020857161463,0.13727270582277695,0.03313475836369334,0.04555200000000001
2015-01-09,0.13183373547479288,0.13665065331948767,0.0500493461619447,0.03644700000000001
2015-01-12,0.13175020111577151,0.136681944780171,0.051924671231798974,0.04038
2015-01-13,0.12966890384207627,0.1366333877428931,0.044152282409211235,0.04696500000000001
2015-01-14,0.12879257101341038,0.13668066420205455,0.05426336910816856,0.04752000000000001
2015-01-15,0.1280949268759229,0.1365993423788358,0.05895734585878759,0.04109399999999999
2015-01-16,0.12699899771296994,0.13673058347015138,0.051346561482008696,0.047652
2015-01-20,0.12622132299867145,0.13664442501905763,0.039787905974453586,0.049092
2015-01-21,0.12491208472410935,0.13673482326632597,0.05932718523547101,0.049283999999999994
2015-01-22,0.1267166903526362,0.13145627344822775,0.04122195795385808,0.04797699999999999
2015-01-23,0.126902119939327,0.13323391576062996,0.04167652130922367,0.03973400000000002
2015-01-26,0.12685645831239115,0.13328128352716018,0.04644951438704034,0.04033300000000001
2015-01-27,0.12924210077698145,0.13402293253890996,0.0730220121891681,0.031886
2015-01-28,0.1284703331742396,0.1349317993798864,0.03733518222446505,0.029454000000000008
2015-01-29,0.1262064725611887,0.13348758546226033,0.02636170923352138,0.03616
2015-01-30,0.12490260407553393,0.13192098218515627,0.024122464453417175,0.03184399999999998
2015-02-02,0.12167518905229444,0.13251894059786878,0.010696364384446988,0.048778000000000016
2015-02-03,0.12355370021136079,0.13112895636707048,-0.005357335578266786,0.041324
2015-02-04,0.12478640590794884,0.13076327171803878,-0.009754705357276072,0.039930999999999994
2015-02-05,0.1256473887247307,0.1296182824761286,-0.015071829313007129,0.040214
2015-02-06,0.12407147074340075,0.12963255942085108,-0.01440663166758599,0.038277000000000005
2015-02-09,0.12400558124280091,0.1297216389266908,-0.0027374670005281265,0.03983600000000001
2015-02-10,0.12861204213736108,0.1296766956530225,-0.008175895775693887,0.039471000000000006
2015-02-11,0.12904214292905986,0.12979459616910655,-0.005356830304085042,0.04044400000000001
2015-02-12,0.12855201343369668,0.12959531325248125,-0.011108000949546004,0.041078
2015-02-13,0.12845513900511815,0.12891637341737408,-0.01603290175410546,0.03699400000000003
2015-02-17,0.12999258418728268,0.12898471176004517,-0.013637420381007098,0.035496
2015-02-18,0.1314493187856687,0.12884212000332387,-0.01204085718761494,0.03611499999999998
2015-02-19,0.13184584414759712,0.12904218030493023,-0.005450551037363832,0.034081
2015-02-20,0.13313718503732688,0.12853437528528353,-0.006013297952678659,0.03558800000000001
2015-02-23,0.13349265097320867,0.12833369828826438,-0.004451618552044512,0.029029
2015-02-24,0.1336967765067195,0.1285093598090959,-0.011589214203176323,0.02199000000000001
2015-02-25,0.13467330710897554,0.1281441556472793,-0.015774354320578415,0.028148000000000006
2015-02-26,0.1341520535697516,0.12733314758965683,-0.017733427986061895,0.02641600000000001
2015-02-27,0.1342704126737478,0.128162921335735,-0.0124329766576661,0.02210799999999999
2015-03-02,0.13406375840331133,0.13098039454107094,-0.006282327568738033,0.025473999999999997
2015-03-03,0.13396289821278173,0.12978649354601565,0.00930682712682318,0.022973999999999994
2015-03-04,0.13592106050701036,0.12900609018406783,0.025287941534556505,0.02765200000000001
2015-03-05,0.13809077324114014,0.12883656208682054,0.028560099182989407,0.02473700000000001
2015-03-06,0.13818913700643895,0.12632310178723732,0.03676012816669824,0.030245999999999995
2015-03-09,0.13800432788726638,0.12672904772577243,0.04012330780948001,0.028599999999999987
2015-03-10,0.1379348219145473,0.1270153747784905,0.0620071414112458,0.02044399999999999
2015-03-11,0.13745452799155425,0.12695204054307124,0.0630311761507207,0.025101999999999985
2015-03-12,0.13636477723827015,0.12517336914394345,0.05185743779689539,0.023795999999999984
2015-03-13,0.13595527925924247,0.12604718365617928,0.06274891384948603,0.023151000000000005
2015-03-16,0.1352339981397269,0.1262786541668186,0.05672417288585162,0.029377000000000014
2015-03-17,0.13524620392464,0.1269316208265226,0.058634193311017005,0.023025000000000018
2015-03-18,0.1325755063279098,0.12273067038137132,0.03907171873391485,0.022624000000000005
2015-03-19,0.13282311019264512,0.12224008823928877,0.03575128221833372,0.022875000000000006
2015-03-20,0.13197876515627754,0.12296329713570116,0.037147287061179896,0.011169999999999985
2015-03-23,0.13105811868664835,0.12195119569865032,0.02777666057690939,0.013507999999999992
2015-03-24,0.13304695534947678,0.1215844533277895,0.025657236486872417,0.013947999999999988
2015-03-25,0.13257646344702265,0.12170219552672105,0.03510199065483108,0.020449999999999996
2015-03-26,0.13183707798971392,0.1298642891024838,0.06261474152391845,0.010765999999999998
2015-03-27,0.1326822723967684,0.12930464580015863,0.05776669537667936,0.015581000000000012
2015-03-30,0.133694184177577,0.13061654754543744,0.06046971387168715,0.008079999999999976
2015-03-31,0.13484096785966393,0.12864314132507193,0.059181797130967134,0.009514999999999996
2015-04-01,0.1350450877180183,0.128807715470526,0.056821530232119444,0.008944000000000007
2015-04-02,0.13460268302170642,0.12991841084526498,0.054314263368226326,0.009209999999999996
2015-04-06,0.13415789880491005,0.12937352248855527,0.04810024248418095,0.011271000000000003
2015-04-07,0.13511017332236003,0.13440876478226274,0.050362838774620236,0.010220000000000007
2015-04-08,0.13549246038725313,0.13395748696822118,0.05232018229013585,0.012148999999999993
2015-04-09,0.13592027250438404,0.13411255151363105,0.05138677795551917,0.007780000000000009
2015-04-10,0.1369883691354892,0.1342097989079619,0.04677839258139037,0.010123999999999994
2015-04-13,0.1366073147257967,0.13427755466243718,0.05242712384999895,0.004934999999999995
2015-04-14,0.1368888193034095,0.13443521859157692,0.05026295475113232,0.009386999999999979
2015-04-15,0.13694340143728354,0.13433624922903467,0.04725452716863991,0.007558000000000009
2015-04-16,0.13691828164507386,0.13357978114679722,0.05566740357112966,0.005116000000000009
2015-04-17,0.13692036564738147,0.13385949050240478,0.06735273246060912,0.005587000000000009
2015-04-20,0.1374054370766763,0.13566070591096202,0.06073102840039442,0.004319000000000017
2015-04-21,0.13751116307113162,0.13599018336035967,0.06949663213259752,-0.0009099999999999941
2015-04-22,0.13743505309775667,0.13655194781371274,0.07743823951282691,0.0018539999999999945
2015-04-23,0.13396269397299154,0.1364490105160077,0.037555909981020194,0.0026750000000000107
2015-04-24,0.13661076758389223,0.13592477864487965,0.04320000938347138,0.0009539999999999826
2015-04-27,0.138673743401737,0.13557691925526807,0.051555064349353155,0.003509000000000012
2015-04-28,0.13674138287043125,0.1356658787109222,0.07646891878424382,0.008612000000000009
2015-04-29,0.1355760712330265,0.1338466505693356,0.06712005844719972,0.01663500000000001
2015-04-30,0.1350948667128791,0.133441203963675,0.07389524227931937,0.021465000000000012
2015-05-01,0.13325793610303008,0.13284713572293932,0.04797190921983391,0.025083999999999995
2015-05-04,0.13326948036981925,0.13303025832954543,0.04712112009248767,0.024305999999999994
2015-05-05,0.13110103916269136,0.13389238093440983,0.05032206332467973,0.017627000000000004
2015-05-06,0.12862070550305368,0.13465345441099993,0.04876905227552275,0.017489000000000005
2015-05-07,0.12950255745228692,0.1345757991273157,0.04775880663819526,0.012089000000000016
2015-05-08,0.12938516774620396,0.13486362352736672,0.019901560578937605,0.013731999999999994
2015-05-11,0.1298489758953224,0.13500319049246476,0.020578818196560433,0.013410000000000005
2015-05-12,0.12576634637271977,0.13499981224925728,0.017207476204582767,0.010771000000000003
2015-05-13,0.12644862624632514,0.1349064936790019,0.005178250239291499,0.0072419999999999984
2015-05-14,0.12696516240428588,0.13424229155377723,-0.003521033220837161,0.012143999999999988
2015-05-15,0.12666510532869096,0.13461733916074872,-0.012836770115925433,0.011828000000000005
2015-05-18,0.12498802190238514,0.13400173705681964,-0.010262057265858604,0.022302000000000016
2015-05-19,0.12324546642048158,0.13455551972242477,-0.008450417836822433,0.020413999999999988
2015-05-20,0.12348641475120371,0.13512859393341378,-0.0004423489934924085,0.018262
2015-05-21,0.1231578524072798,0.135588665344766,0.005914418826957535,0.028320000000000012
2015-05-22,0.12392682011583547,0.13560512837941444,0.007941123716697862,0.022505999999999998
2015-05-26,0.15862789992590176,0.13547398418576312,0.008076152499744249,0.027572999999999986
2015-05-27,0.160329454211719,0.1355558824768817,0.014219911001102231,0.01775099999999999
2015-05-28,0.16352756439184904,0.13424295951464027,0.0026145242920884437,0.03244
2015-05-29,0.16500192099395022,0.13448294391804633,0.016703353582997904,0.01957499999999998
2015-06-01,0.16512677825756714,0.13452254600829014,0.021900918888148962,0.01855000000000001
2015-06-02,0.16520925822608246,0.1347255831121403,0.021257969338954213,0.019042999999999977
2015-06-03,0.16515678260911926,0.1346147207463999,0.02402207139398896,0.019305000000000017
2015-06-04,0.16436690104483068,0.13405921112488617,0.027524853377750347,0.02433300000000002
2015-06-05,0.16401003713998205,0.1346430861410991,0.036072820355351004,0.017208
2015-06-08,0.16478182742452252,0.1347608535390908,0.044844297868396,0.016404000000000002
2015-06-09,0.16503084234712728,0.13463135953086558,0.037113952019185326,0.018209000000000003
2015-06-10,0.16666254504898223,0.13451568436046116,0.0268012502185751,0.022750999999999993
2015-06-11,0.1669491010197944,0.13487026647066291,0.039431417262194846,0.017818
2015-06-12,0.16675212728345704,0.13433653877632304,0.03999508479359684,0.023428000000000004
2015-06-15,0.16692546449519122,0.13461735284143367,0.053653022776690124,0.022785
2015-06-16,0.16696082456843317,0.13404026060886376,0.054876215422398705,0.025168999999999997
2015-06-17,0.16711824199083186,0.14027943393379944,0.058999375905197354,0.028232000000000007
2015-06-18,0.16967333017956415,0.13941595854717223,0.05657316272718971,0.029586
2015-06-19,0.1702628825534138,0.1387107007704074,0.03906895821686725,0.027204000000000006
2015-06-22,0.17048708483007424,0.13744873384919457,0.030329028939119776,0.028703000000000006
2015-06-23,0.16896042680589282,0.13801693677478047,0.04469944262152237,0.00866599999999998
2015-06-24,0.16917210526063786,0.13826320276911777,0.04810240469544774,0.02119399999999999
2015-06-25,0.16883817289927172,0.13835147789067948,0.05550038595511436,0.02071400000000001
2015-06-26,0.1696097513873518,0.13787283438820427,0.05987985725349827,0.029311000000000004
2015-06-29,0.16923245542905302,0.1389412723703682,0.07844171986408782,0.03237099999999998
2015-06-30,0.16856370853197242,0.13940158301251723,0.07061159250144898,0.028505000000000003
2015-07-01,0.16898505910308473,0.13870991822732767,0.053808627833324574,0.029856999999999995
2015-07-02,0.16987954038873332,0.13945295694678367,0.05912794694914773,0.02860299999999999
2015-07-06,0.1704831021160699,0.14006035855509832,0.07382301569524878,0.028862
2015-07-07,0.17002219592554832,0.14002491835550926,0.06748321174731756,0.027424000000000004
2015-07-08,0.16953561689111452,0.14055008493778662,0.08311196129783327,0.027454000000000006
2015-07-09,0.16913844700128527,0.13885956075310427,0.08790004284412363,0.034324999999999994
2015-07-10,0.16932042425779634,0.13907652801301315,0.07785221626846611,0.03678399999999998
2015-07-13,0.17006468336601363,0.13929010192168237,0.06316253451816607,0.032248
2015-07-14,0.16980175744274909,0.14000415548684575,0.052399955713155366,-0.036014999999999964
2015-07-15,0.16961311967185733,0.14035211232305123,0.057795448212178885,-0.03472800000000001
2015-07-16,0.16984109992607507,0.1391656912539574,0.037909109725975984,-0.050719000000000014
2015-07-17,0.16968972218065628,0.13917071276405074,0.03450619639233543,-0.04881099999999999
2015-07-20,0.16967532322298473,0.1391590597177521,0.03599190568095771,-0.0335
2015-07-21,0.16970736934706973,0.13852276013088105,0.04045150054871864,0.026990999999999987
2015-07-22,0.1696398818274219,0.1390053218372187,0.04428991829879149,0.028781
2015-07-23,0.17057423883485193,0.1451880142451191,0.07182252744413921,0.02946499999999999
2015-07-24,0.16949106207991052,0.1403992302805713,0.03785279224334237,0.009461999999999998
2015-07-27,0.17022703181567184,0.14001648131682876,0.03970430350230053,0.013940999999999981
2015-07-28,0.1701790320035171,0.13935190953175153,0.03156077063826346,0.011016999999999999
2015-07-29,0.1694731818273299,0.141387054016574,0.020475734138490354,0.022500999999999993
2015-07-30,0.17045025962664206,0.14067981484532888,0.02471792274307935,0.023830000000000018
2015-07-31,0.17102318498639052,0.1408394875885759,0.02855914794345435,0.018564999999999998
2015-08-03,0.17027584975914548,0.14012626545159795,0.0255411646273912,0.025319000000000008
2015-08-04,0.17078778082219911,0.1397943899130123,0.02175021332640692,0.026222999999999996
2015-08-05,0.1708813747207285,0.1401739452660599,0.02227520529258631,0.026111999999999996
2015-08-06,0.16948714111944949,0.14024522365407044,0.045264494549349665,0.004942000000000002
2015-08-07,0.16961870962514783,0.13944422835860956,0.03718602837036175,0.025888999999999995
2015-08-10,0.16972266631920233,0.13989697291099173,0.023585779584267677,0.024978
2015-08-11,0.16919337234806806,0.14072010256803513,0.045592195559708754,0.027588999999999975
2015-08-12,0.16756361009797036,0.13772272037658126,0.0322272803673975,0.024313
2015-08-13,0.1671704224775094,0.13759257321677185,0.026532214672252363,0.019709000000000004
2015-08-14,0.16706797726943548,0.13791342564877934,0.012920269082196234,0.022993999999999987
2015-08-17,0.1679012183089856,0.13857382233862428,0.0005873223107284165,0.024525000000000005
2015-08-18,0.16935257643232093,0.1390281493859834,0.007372162888758943,0.025997999999999993
2015-08-19,0.16941781928960692,0.1388954153109465,0.020088771456641286,0.012184
2015-08-20,0.1696211623213188,0.13840370366352928,0.04230540676829256,0.024803999999999993
2015-08-21,0.16871191602972557,0.13864315530465657,0.06430174783666151,0.028932000000000013
2015-08-24,0.13541845942051012,0.1377113602307824,0.0728426577368394,0.05970500000000001
2015-08-25,0.13228342515093874,0.13759797122967782,0.06976829864791612,0.054283000000000026
2015-08-26,0.1287434457714629,0.13856070151638702,-0.00024943827594858803,0.06491499999999997
2015-08-27,0.12698214876704716,0.13618111814377684,-0.03201869704812385,0.062304
2015-08-28,0.12672447573316117,0.13687834061360385,-0.03187792883916302,0.06651700000000002
2015-08-31,0.12692804390571025,0.13698519698475106,-0.03132390491909395,0.064663
2015-09-01,0.12545719899276336,0.13676029042996604,0.026634353917789427,0.07074999999999998
2015-09-02,0.12490009284683438,0.13621147302290407,-0.014034292661169456,0.07348200000000002
2015-09-03,0.12577378137743256,0.13643230876978119,-0.029085916398900458,0.06235200000000002
2015-09-04,0.12692318488608997,0.13654221725858487,-0.009893893176994212,0.05973899999999999
2015-09-08,0.1270415796932642,0.1366793538766763,-0.039641097885938587,0.06776099999999999
2015-09-09,0.12626879690744847,0.13665188529720684,-0.04424504797674872,0.07213099999999997
2015-09-10,0.12940642914072464,0.1366498533940107,-0.04915666141819519,-0.17405000000000004
2015-09-11,0.13060202909837776,0.1328682652070817,-0.05237755513069345,0.08082
2015-09-14,0.13168881701152757,0.13728173988151626,-0.03198920365442831,0.06808600000000001
2015-09-15,0.1317087692040267,0.13182543404707797,-0.057236635797496105,0.070465
2015-09-16,0.13269966054661597,0.13166938011755705,-0.057871126648734006,0.073157
2015-09-17,0.12991568871417217,0.13252182256126457,-0.0625456305138028,0.05320799999999998
2015-09-18,0.13038968234021223,0.1364461792850908,-0.055656195864039,0.06365499999999999
2015-09-21,0.130654795754642,0.13318386168136703,-0.06006844881315693,0.06038100000000002
2015-09-22,0.130626351044056,0.1353051564666932,-0.03806541600529936,0.05712500000000001
2015-09-23,0.13137523175882548,0.1350826582908285,0.03270899214241796,0.059735999999999984
2015-09-24,0.13175994572874464,0.1352108949513142,0.045322275126281536,0.05972000000000002
2015-09-25,0.1299473956631115,0.13521600543589965,0.060162895711218856,0.04025300000000001
2015-09-28,0.1295191349024086,0.13394673856640077,0.08037700606044676,0.053460000000000035
2015-09-29,0.12898813159586486,0.13356962372023284,0.07628962565344238,0.055813
2015-09-30,0.1279228836939977,0.13287240070124542,0.059831823533573886,0.053399
2015-10-01,0.12665015418724812,0.13261372543723943,0.061809810706794366,0.053398
2015-10-02,0.12606119965660909,0.1318429953251587,0.05434258787990767,0.05219099999999999
2015-10-05,0.12712012264982225,0.13172098679952302,0.04828030752328891,0.04763700000000001
2015-10-06,0.12813158150921836,0.13085342431110406,0.054784254654134557,0.04885300000000001
2015-10-07,0.12964576343701636,0.13066645965514115,0.05245785377097803,0.050427
2015-10-08,0.12982886115188289,0.12951071266580538,0.04601565182773795,0.051234
2015-10-09,0.13032901044399137,0.13010701223573476,0.04787491414550987,0.053369
2015-10-12,0.13164246870772892,0.1283011953195369,0.03962232082216491,0.04513699999999998
2015-10-13,0.133008039642804,0.12845609922052287,0.03943034140210447,0.04624500000000001
2015-10-14,0.13568170139028254,0.12830942552336272,0.041592901463842924,0.04331399999999999
2015-10-15,0.13805595886077004,0.1242816630480924,0.030670506575673023,0.04380700000000001
2015-10-16,0.13848051673641723,0.12383950973834364,0.03395740488521892,0.034326999999999996
2015-10-19,0.1429843375473783,0.12399437699966173,0.036763109370880884,0.029054999999999997
2015-10-20,0.14798447531714376,0.12389796967586805,0.03603654162114972,0.034485000000000016
2015-10-21,0.14710612960982203,0.1272723310253012,0.04779543898967166,-0.356856
2015-10-22,0.14759636533900442,0.12484988529689821,0.02799724008926721,0.037584000000000006
2015-10-23,0.14608843416251083,0.12652460621479847,0.005537506737734288,0.033058000000000004
2015-10-26,0.1490362911746114,0.12619918607964337,0.005576480942800027,0.037498000000000004
2015-10-27,0.14997303124394087,0.12661080256743307,0.014848159217165952,0.039076
2015-10-28,0.14889237677319447,0.12631850470011674,0.00854525130045472,0.03837700000000002
2015-10-29,0.14930027713954214,0.12639934615955056,0.008901563224383985,0.03651099999999999
2015-10-30,0.14983643124526158,0.1245628193125088,0.01743705621777175,0.025140999999999997
2015-11-02,0.1516240410726541,0.12540910185573592,0.007664027861954498,0.03463400000000001
2015-11-03,0.15250122699139435,0.12535580373677024,0.006969879995811945,0.033893999999999994
2015-11-04,0.15312506048720265,0.1257517605277941,0.004521682043035602,0.03279699999999999
2015-11-05,0.15435672966017777,0.1257136170413966,0.011875299446300058,0.030989000000000017
2015-11-06,0.15587844426866562,0.1407320858490757,0.01544554388489236,0.034935999999999995
2015-11-09,0.15658504168069434,0.13951208335581777,0.034859401057855885,0.03165900000000002
2015-11-10,0.1571542880994423,0.14157683280463607,0.028883532792943062,0.034695000000000004
2015-11-11,0.15792266633545715,0.1418463689066489,0.026226755223984974,0.033444
2015-11-12,0.15919742967762657,0.1412201953821624,0.03382558498071403,0.035706000000000016
2015-11-13,0.1583055085807357,0.1367697823595427,0.057811703533475325,0.03118599999999999
2015-11-16,0.1570171814459877,0.14005196926908092,0.03262659392010683,0.036744
2015-11-17,0.15656272913619004,0.14028931876991155,0.02379487284983839,0.034777
2015-11-18,0.1555281545475497,0.14074064845488438,0.015453203418967387,0.028349000000000013
2015-11-19,0.15587100883218166,0.14097049557723346,0.008752290543669689,0.03292600000000001
2015-11-20,0.15610424235196316,0.14047708548808263,0.005939612780895914,0.033611
2015-11-23,0.15659706336106843,0.13958616718054703,0.014214188078404008,0.035193
2015-11-24,0.1561801966594676,0.1371711998519855,0.010775412137558213,0.034373
2015-11-25,0.15662819951181414,0.13850066745649245,0.015492334549540202,0.03062100000000001
2015-11-27,0.15634407121279834,0.1406720882754299,0.018288773673651726,0.030479999999999993
2015-11-30,0.15651459846288432,0.14073633151557563,0.02712571232253118,0.027450000000000002
2015-12-01,0.1570708192841259,0.13826513532716117,0.00938921920241284,0.03355100000000001
2015-12-02,0.1568135230007032,0.1415376722362433,0.018747866038553676,0.035296999999999995
2015-12-03,0.15666181793376155,0.13943390407989106,0.035538468780141344,0.033964999999999995
2015-12-04,0.15606446265068788,0.13559472883698287,0.0023817653685517387,0.041651999999999995
2015-12-07,0.15627667451466948,0.14103381821096003,0.006768204318354273,0.03406200000000001
2015-12-08,0.15561074496990132,0.13977677812981282,0.012870271434767586,0.041539999999999994
2015-12-09,0.1531126886048649,0.1385813298074559,0.014329298916244404,0.04739299999999999
2015-12-10,0.15233657050890642,0.13858767098456487,0.008529877410857478,0.041386000000000006
2015-12-11,0.1513286392731864,0.13525949911376456,0.03645529167625888,0.06209299999999998
2015-12-14,0.151544476388241,0.14288142393230327,0.03977255020223211,0.049220000000000014
2015-12-15,0.1505523064753815,0.14266345537155192,0.022857835007292437,0.05346300000000001
2015-12-16,0.1502934616432819,0.14383831477351336,0.025597647214605113,0.022835999999999995
2015-12-17,0.1499780251969784,0.14229093315872646,0.015719660683445935,0.04334100000000002
2015-12-18,0.14958910819907986,0.139683013002983,0.05251202131305924,-0.15845599999999993
2015-12-21,0.1493280200033281,0.14248717327640387,0.010827583850995665,0.005507999999999985
2015-12-22,0.14842714544114982,0.1431797406889433,-0.008333231887374282,0.022826999999999986
2015-12-23,0.1485736359103375,0.1446465359027347,-0.008574986571469018,0.036849999999999994
2015-12-24,0.14981587731565313,0.14571502812399856,-0.007922487353755142,0.013496000000000008
2015-12-28,0.1510321236042835,0.14605015027041765,0.0002362193164096582,0.04073500000000002
2015-12-29,0.15195023899910498,0.14662855363631905,-0.0027100889262398065,0.014349
2015-12-30,0.1523522187337223,0.14647742333234748,0.0027478846928289946,0.03851299999999999
2015-12-31,0.15227406736687166,0.14661246752395293,0.016206317062830433,0.037543999999999994
2016-01-04,0.15242262662537895,0.14518559926688104,0.03726493676161072,0.04788999999999999
2016-01-05,0.1516370406148331,0.1452423277860734,0.026516320242267466,0.041628
2016-01-06,0.15099930355452038,0.14452667817256207,0.0417910919433882,0.050068999999999975
2016-01-07,0.1501254937123425,0.14014162951527676,0.07644516461971063,0.04363800000000001
2016-01-08,0.14887913413452195,0.14018708141176625,0.05523667939656651,0.058861
2016-01-11,0.14778242522314688,0.1422839248824697,0.052060237796509784,0.04843699999999998
2016-01-12,0.1472782529069686,0.13766203425547835,0.04932962501198085,0.043412000000000006
2016-01-13,0.1461538237891558,0.13672720459190957,0.06520307907808101,0.05491599999999999
2016-01-14,0.1433575351604464,0.13566639126423202,0.04400015794986689,0.05029699999999998
2016-01-15,0.14156482954601848,0.13521129363475703,0.05029894820364103,0.04699900000000001
2016-01-19,0.14124490671921217,0.13592998980040585,0.03651129257153135,0.05487799999999998
2016-01-20,0.1365313220579547,0.13480696362467484,0.05888940562352141,0.05126900000000001
2016-01-21,0.13144327464125893,0.13934525448577648,0.0295326626648941,0.059858999999999996
2016-01-22,0.1306543694370298,0.13954394642807066,0.0032406525578050627,0.05754699999999999
2016-01-25,0.12869883228343545,0.13874437262149783,0.006245329252618781,0.05240499999999998
2016-01-26,0.12796871041776542,0.1383497032735886,-6.420304048074255e-05,0.042744000000000004
2016-01-27,0.1284348450955721,0.13745465329577727,-0.021343067645249653,0.040215
2016-01-28,0.12716271775598437,0.1373627109023617,-0.02516001772904211,0.035555
2016-01-29,0.12756723342883602,0.1373162641406283,-0.03909110079210812,0.04119299999999998
2016-02-01,0.12654481335674628,0.13712985209789227,-0.034072903231354895,0.035053
2016-02-02,0.12636186181745485,0.13648007700778983,-0.026253428176806898,0.03686599999999998
2016-02-03,0.12400679715227476,0.1364930742253938,-0.027248204747504473,0.03261800000000001
2016-02-04,0.12277724207702333,0.136568591325473,-0.026446163974675196,0.03742400000000001
2016-02-05,0.12288845112790817,0.1365836530148329,-0.018415769219628536,0.03658800000000001
2016-02-08,0.1212208433365912,0.136906280226975,0.0005509076064908192,0.046655
2016-02-09,0.11850602471853307,0.137874240744921,-0.0011607419374668193,0.04266900000000001
2016-02-10,0.11782726762332547,0.13658218094850327,-0.008174507684231364,0.044016
2016-02-11,0.11760545013530015,0.13668331345115706,0.010455003138492375,0.04900200000000002
2016-02-12,0.11673114839132877,0.1363420235389136,-0.005372800895065699,0.044127
2016-02-16,0.11512474069918525,0.1359021466034794,-0.018859819262718264,0.043001999999999985
2016-02-17,0.11529080182196041,0.1359487250657834,-0.022595460899452663,0.042762999999999995
2016-02-18,0.1170694691668754,0.1370210897755205,-0.025445436477900235,0.038217
2016-02-19,0.11899867338207647,0.13723003917215257,-0.01622608241713852,0.040226999999999985
2016-02-22,0.1190868495857551,0.1373647597121265,-0.01041190970850861,0.031235000000000013
2016-02-23,0.11834749383530858,0.13741151627478046,-0.007742588348015084,0.03386600000000001
2016-02-24,0.11782969804516598,0.1417056781396085,0.0009718753132195168,0.03525900000000001
2016-02-25,0.11734110744196104,0.14100588184803134,0.0018613133402010373,0.032385
2016-02-26,0.11738795012454126,0.1372883764918804,0.0089227730411304,0.032949000000000006
2016-02-29,0.11708212577030656,0.13796372876215554,0.017404541328292666,0.024653000000000008
2016-03-01,0.11712699987722211,0.1373521557683917,-0.0036460677322168733,0.037167000000000006
2016-03-02,0.11698609348903709,0.13736038998975306,-0.002129591891031901,0.037032999999999996
2016-03-03,0.1154234972476695,0.13755822733012216,-0.006479974436168684,0.034574999999999995
2016-03-04,0.11513310260934309,0.1387416140571565,-0.0014023585509897463,0.03452100000000001
2016-03-07,0.11402667753231886,0.13867260378738502,0.00754606572015501,0.03571100000000002
2016-03-08,0.11312121172752268,0.13891693463302057,0.01051484743462855,0.02953800000000001
2016-03-09,0.11195486653814488,0.1390774071912538,0.008759619084764914,0.035352999999999996
2016-03-10,0.11244513384297679,0.13989664043275243,0.014654968769717142,0.036705000000000015
2016-03-11,0.11331557474429724,0.1402882109941096,0.010955604932283494,0.036857
2016-03-14,0.11318219220555747,0.1405350496366707,0.009484215021796624,0.036156999999999995
2016-03-15,0.11430503144281556,0.14068184741427367,0.012367947007915228,0.03257600000000001
2016-03-16,0.11334277389417025,0.14094960076605795,0.018461293604707066,0.03082199999999999
2016-03-17,0.11321262723948915,0.14066253914405316,0.012545209576405633,0.028943999999999998
2016-03-18,0.11377415803450588,0.14010311842028347,0.013703832189632656,0.019621
2016-03-21,0.11371596632606022,0.1400069663533754,0.003521839137776789,0.027372000000000007
2016-03-22,0.11614001389411677,0.14040281793976123,0.014788161746772055,0.022332999999999992
2016-03-23,0.11671235082393225,0.1410857353576822,0.023662623781970704,0.024095000000000005
2016-03-24,0.1171986622982111,0.1413080598823164,0.02123902281704282,0.03248899999999999
2016-03-28,0.12015844496478469,0.14146892048863707,0.0281977387673496,0.029307
2016-03-29,0.1193384481245778,0.14126693049253836,0.02144472904162331,0.026861999999999997
2016-03-30,0.11773011904206025,0.14096343130578087,0.019524621937273043,0.025782
2016-03-31,0.1168970924584315,0.14032531334059717,0.01678392348057961,0.023334999999999995
2016-04-01,0.11866029116577287,0.14026401289225865,0.021559901006941398,0.022994999999999988
2016-04-04,0.1196674334964971,0.12974947426381472,0.030019009207918265,0.024770999999999987
2016-04-05,0.12030309657630518,0.13033470006050477,0.037689926438409266,0.02823399999999998
2016-04-06,0.12125134747526922,0.1297483735407947,0.03422487593787474,0.028630000000000017
2016-04-07,0.12272376904704482,0.13039582514225223,0.04465768284897986,0.033443
2016-04-08,0.1250692612445396,0.1290966706627927,0.0416145334714408,0.03254699999999999
2016-04-11,0.12536926807433396,0.13052975714134013,0.04330499635283433,0.03267999999999999
2016-04-12,0.12524091216836894,0.13252002579073538,0.039881954705719924,0.031561000000000006
2016-04-13,0.1252309267610024,0.13377127284552748,0.03841842916411187,0.027989000000000014
2016-04-14,0.12551716618426156,0.13290195147334127,0.03185392970860533,0.03175499999999998
2016-04-15,0.12592722244957621,0.13354470025586093,0.0333052203389074,0.029337000000000002
2016-04-18,0.12509929613879464,0.1330740489343307,0.030382161771808372,0.02871599999999999
2016-04-19,0.12443629088385888,0.13553113013455653,0.033656047993510047,0.027865
2016-04-20,0.12444918830952478,0.14138031386854744,0.04363125365225812,0.03198100000000001
2016-04-21,0.12428287299298102,0.14133972965160138,0.0548764509520738,0.032004000000000005
2016-04-22,0.12662711249935887,0.14134272314433838,0.0497785813853376,0.032503000000000004
2016-04-25,0.12631771508308917,0.14128215682669004,0.046795404497646687,0.033666
2016-04-26,0.1264271918791357,0.14162894571987403,0.04471853720728643,0.02850999999999998
2016-04-27,0.12273386909616972,0.13822711375209784,0.013428225800711513,0.016811999999999994
2016-04-28,0.12263159514644184,0.13624650886152298,0.0141858019621829,0.028336
2016-04-29,0.1241810580217915,0.1363239840606909,0.015314175675618255,0.029739000000000015
2016-05-02,0.12430823938762847,0.13645740643302287,0.019165650817447033,0.026375999999999983
2016-05-03,0.12410814315236196,0.1369311501993335,0.019670487481508583,0.026470999999999995
2016-05-04,0.12361490542196592,0.13709564998501542,0.020705798821890137,0.03056299999999998
2016-05-05,0.1235288920142259,0.1373747250917159,0.024771875617266792,0.028259000000000006
2016-05-06,0.12313815398971023,0.13718787729491094,0.016765884008085458,0.028251
2016-05-09,0.12319558242403303,0.13238628969063687,0.01974029484164397,0.027891
2016-05-10,0.1230591673775512,0.13106816536879012,0.014723175758144538,0.025333999999999995
2016-05-11,0.12271755668247067,0.13258899997042412,0.01899067172672117,0.025539000000000006
2016-05-12,0.12201456567301613,0.13122551024521897,0.016366821045772084,0.028645000000000004
2016-05-13,0.12185791240267227,0.13249313401578827,0.01950214662263426,0.028807
2016-05-16,0.12171549018856012,0.1323124096266982,0.019870036717203124,0.026730000000000004
2016-05-17,0.12290614352054197,0.1325376408655236,0.020688434369619924,0.029533000000000004
2016-05-18,0.1228947078986924,0.1342813128321573,0.025954399231040884,0.03484799999999999
2016-05-19,0.1223735078938847,0.13481779557231383,0.017947376484399147,0.031063000000000007
2016-05-20,0.12311575680919548,0.1339616483474386,0.011379381377676523,0.030867000000000006
2016-05-23,0.12383066808323206,0.13457166587626007,0.011354253914893392,0.029377000000000014
2016-05-24,0.12391745860117916,0.1328759197457316,0.0060863675996018635,0.029375
2016-05-25,0.12426644416252287,0.13275428229544162,0.007661915346787729,0.025185999999999986
2016-05-26,0.12444360740135829,0.13216007594189377,0.015320625790876993,0.02876100000000001
2016-05-27,0.1252645472725607,0.13208775571577036,0.011509281859009568,0.028002000000000013
2016-05-31,0.12534171677753983,0.13226320134770297,0.018270502648367035,0.02792900000000001
2016-06-01,0.12509620760728973,0.13238285380215314,0.021125498428705702,0.02746399999999999
2016-06-02,0.12549499688867977,0.13229401395916496,0.017820323803131283,0.032864000000000004
2016-06-03,0.1256655757332381,0.13217724505383074,0.022598611190063747,0.03263500000000001
2016-06-06,0.12712847921757375,0.13264316004508195,0.022663060886338404,0.031169000000000016
2016-06-07,0.1274912165646719,0.13313417510150255,0.023271599619792818,0.030941999999999997
2016-06-08,0.12786980769923495,0.13388735632746301,0.022025438034102562,0.032083000000000014
2016-06-09,0.1273060250195652,0.1357090207544251,0.03072938802364744,0.02862199999999998
2016-06-10,0.12914682647119693,0.14319489533688062,0.03319043117500946,0.03328199999999998
2016-06-13,0.13187175882639138,0.143033180681125,0.04653725204400856,0.04457
2016-06-14,0.13207131203921096,0.13756321041320893,0.04309144895731608,0.04955899999999999
2016-06-15,0.13290167610896228,0.13751029207440257,0.04161419997767442,0.041557999999999984
2016-06-16,0.13551072152562196,0.13774808246991763,0.04405567816468946,0.04964099999999999
2016-06-17,0.1354920308854459,0.13728975512763708,0.04004212299590397,0.05257999999999999
2016-06-20,0.13511737739327143,0.1374512928752866,0.051107329585595745,0.04708999999999999
2016-06-21,0.13407118062374557,0.13763139014410347,0.0514412338800654,0.04878000000000002
2016-06-22,0.13421576108065525,0.13818948244377388,0.04938386062597502,0.06016099999999999
2016-06-23,0.13402856340960717,0.139648718302947,0.03930344962843442,0.050734
2016-06-24,0.1322032278446077,0.13990146525481245,0.07283531518381094,0.035859
2016-06-27,0.13159275307894533,0.1393902049132918,0.05609111136926334,0.05975999999999998
2016-06-28,0.13288301132074457,0.13920127507854083,0.04302444012294199,0.05044600000000002
2016-06-29,0.1333195133869582,0.1359952191153133,0.03110502020738838,0.045544
2016-06-30,0.13281443098784265,0.13405528477187673,0.03405283017243979,0.043161000000000005
2016-07-01,0.13220831791743698,0.13363924616759496,0.023175201944783397,0.04122600000000001
2016-07-05,0.13227833709430925,0.1355271873319732,0.035118932752913584,0.03853200000000001
2016-07-06,0.13325190002150364,0.13473109878538836,0.02725629027932025,0.04561399999999999
2016-07-07,0.13371941575829574,0.13556517112663904,0.04364949678637542,0.049818
2016-07-08,0.130721033816773,0.13518920829366146,0.010217210154661288,0.04347100000000001
2016-07-11,0.13131134855837187,0.13460321178565623,0.006171829465084155,0.044677999999999995
2016-07-12,0.13561957719681958,0.1349381988160539,0.0035618956192957074,0.04074
2016-07-13,0.1374180669835353,0.13461405931767997,-0.002234397064925009,0.03693000000000002
2016-07-14,0.13743121773058065,0.13481635432593816,-0.002053628081437664,0.035250000000000004
2016-07-15,0.13783068048049849,0.1395847901584432,-0.004693621655300101,0.038351000000000024
2016-07-18,0.13807926540956003,0.13965670288456625,-0.00427429018257755,0.035863000000000006
2016-07-19,0.1387614115547675,0.13955541956682702,0.000436627267766887,0.03525700000000001
2016-07-20,0.13879233779760067,0.13825528735086692,-0.0009976125158286109,0.02288900000000002
2016-07-21,0.13831438251486322,0.14044077673845615,0.011618257162230111,0.03742699999999999
2016-07-22,0.13689614252264526,0.14113372950460273,-0.01957795410055095,0.033013000000000015
2016-07-25,0.14787305200072823,0.14140392442502198,-0.017524954780108806,0.033288999999999985
2016-07-26,0.15153379544084042,0.14099621142337374,-0.003302858547964721,0.029831999999999984
2016-07-27,0.15179006060995603,0.141101831340225,-0.01062758024788707,0.02656299999999999
2016-07-28,0.1524810439744189,0.14088822712990834,-0.010790942874109172,0.029062000000000004
2016-07-29,0.15150930935322757,0.1407898944747614,-0.01522621231501907,0.024481000000000003
2016-08-01,0.15158627071493083,0.14120995130995964,-0.009060700089873128,0.02622999999999999
2016-08-02,0.151411420251888,0.1409586962330704,7.437913431979082e-05,0.03437600000000002
2016-08-03,0.15349368299354504,0.1414067632365956,-0.0013738414268611165,0.03480100000000001
2016-08-04,0.15380781331586482,0.1414505466588068,0.0014998707600991923,0.032742999999999994
2016-08-05,0.1548418674741512,0.14138227236344952,1.8888851809797935e-05,0.028072999999999987
2016-08-08,0.15471907702678916,0.14125480808399107,0.013347706721063834,0.03211
2016-08-09,0.1546793540790804,0.14131034871986553,0.01050471723899822,0.029658000000000004
2016-08-10,0.1547846140070753,0.14095740835067835,0.011053325657627622,0.028961000000000015
2016-08-11,0.15948616444903965,0.14089792059981432,0.012774041274925013,0.029644000000000004
2016-08-12,0.16167081819949267,0.14109613765110096,0.014184326938014788,0.02652400000000002
2016-08-15,0.1618143631892015,0.14127026623701686,0.023999237912975813,0.025886999999999993
2016-08-16,0.16100729908093317,0.14077612048445595,0.03253412727673351,0.028894000000000003
2016-08-17,0.15961979193223083,0.141218292945526,0.022878276001200973,0.032760999999999985
2016-08-18,0.15847124268598828,0.14121185914794848,0.02076829443994649,-0.024647000000000002
2016-08-19,0.1581816986186076,0.14115956527207915,0.017079587513088135,0.030356000000000022
2016-08-22,0.1578363270496609,0.1410520886949817,0.0204936322761253,0.03153900000000001
2016-08-23,0.1579913652910342,0.1414116902523153,0.0185510750492366,0.028894000000000003
2016-08-24,0.1600117823765396,0.14740354430622993,0.02182132851383571,0.030252
2016-08-25,0.1604351644885797,0.1471072368800229,0.022924275197075017,0.02970500000000001
2016-08-26,0.1595778863163521,0.1467041127017781,0.02568858298940277,0.030285000000000006
2016-08-29,0.15986812428540131,0.14701609572723567,0.02740777231292038,0.03337999999999999
2016-08-30,0.15991330092456313,0.1465996760800978,0.024435535631571553,0.033551
2016-08-31,0.15972198187154069,0.14656888269344792,0.023698625836392123,0.034969
2016-09-01,0.16145784828990217,0.14664418974864,0.02322702716933242,0.024135000000000018
2016-09-02,0.16157868554238203,0.14683701217847622,0.011967996957158902,0.034333
2016-09-06,0.16108126373134174,0.1468780978681876,0.009512716506256139,0.020340000000000025
2016-09-07,0.16172037596436867,0.14674444666067732,0.004919215671186944,0.022761000000000003
2016-09-08,0.16286753510127847,0.1462540922034143,0.004811493819654275,0.021937999999999985
2016-09-09,0.16133227438909148,0.1455894916977422,0.03213036664094948,-0.115345
2016-09-12,0.15890308342402437,0.146457272519066,0.015019564491658893,0.018089999999999995
2016-09-13,0.15937446145641065,0.14616529833713138,0.028608640891579884,0.013721000000000011
2016-09-14,0.1588048619907272,0.14617184754552134,0.019386471116960707,0.033670000000000005
2016-09-15,0.15747212106590708,0.14629770640166373,0.004409261364172079,0.04252900000000001
2016-09-16,0.1580407295587543,0.1459272899083951,0.006240104893735499,0.041184
2016-09-19,0.15792788591926665,0.14514918041903063,0.0098367632225764,0.03911600000000001
2016-09-20,0.15822710956973016,0.14631414270258872,0.011525629855717506,0.03387100000000001
2016-09-21,0.15844719932479256,0.1446926791645835,0.004488806753467606,0.033501
2016-09-22,0.15815550741045148,0.14553681879053051,-0.004232245070555002,0.03442700000000001
2016-09-23,0.15729185441032445,0.14557331932128464,-0.00770833053954037,0.032153000000000015
2016-09-26,0.15738361949534066,0.14564802957903594,0.005263017426315492,0.030276000000000025
2016-09-27,0.156352126046561,0.14586381967141832,-0.0013655928640844694,0.032003000000000004
2016-09-28,0.15589033369872127,0.14600200882231215,0.012561588877865515,0.040766
2016-09-29,0.15456370922383772,0.14832949397826695,0.016776344975532015,0.037271
2016-09-30,0.15445116692107028,0.14774958017458692,0.0416704976540368,-0.05906000000000003
2016-10-03,0.154006415635075,0.1480621809503386,0.015395832106974483,0.03806200000000001
2016-10-04,0.1518633394065284,0.145850840431849,0.03798259914954463,0.022925
2016-10-05,0.1501356075509322,0.1450256719613829,0.024656875447297055,0.027212000000000014
2016-10-06,0.15087726390749387,0.1453091975501894,0.024667920543063493,0.01849400000000001
2016-10-07,0.15048175427573016,0.14499472689980475,0.02898785976376217,-0.19086299999999998
2016-10-10,0.1487803366570793,0.14496103765898552,0.0183090421782868,-0.251537
2016-10-11,0.14671897635294845,0.14495541456284047,0.02359263582473045,0.03389399999999998
2016-10-12,0.14694188071506112,0.14521184771843665,0.02046287974565983,0.03647500000000001
2016-10-13,0.14664556716348742,0.14503391568087148,0.018500070530876822,0.040713
2016-10-14,0.14676428288439247,0.14811448706655153,0.026924873433962077,0.031201000000000007
2016-10-17,0.14649975967706236,0.14737391759854215,0.02419674507698666,0.036007999999999984
2016-10-18,0.14651446763681666,0.1441479029830301,0.018768364944493715,0.03978200000000001
2016-10-19,0.1475198639196945,0.14495745071356092,0.02543787794541233,0.034462999999999994
2016-10-20,0.14748252950006388,0.14499790773046745,0.03135446202939837,-0.19281500000000001
2016-10-21,0.13821370583296774,0.13869267178916053,0.02940420069307867,-0.18625599999999998
2016-10-24,0.13443019472047427,0.13847123705262754,-0.014549693115715079,-0.059110000000000024
2016-10-25,0.1356371660390018,0.13977348853485239,-0.02350996737619851,-0.02534700000000001
2016-10-26,0.13570324083598098,0.14054876842848094,-0.029516867466984648,0.0021829999999999905
2016-10-27,0.13559815126358032,0.1410235770126058,-0.0286952324278843,0.028246999999999994
2016-10-28,0.13574606546367843,0.1409900654923914,-0.018585831631308197,0.030616000000000004
2016-10-31,0.136723562700421,0.14172469936486728,-0.021493686043751403,0.04023199999999999
2016-11-01,0.13707516442994258,0.14132787967195257,-0.011471432232540407,0.042650999999999994
2016-11-02,0.13668488035687051,0.14145118557478847,0.0012324915775524803,0.036445000000000005
2016-11-03,0.13492125146721667,0.13858768722097137,0.0012217855888525253,0.03902999999999998
2016-11-04,0.13522541974489927,0.1388174299225131,0.007915193691668071,0.04189900000000002
2016-11-07,0.13520449349985456,0.13750055280404125,-0.010610277090037257,0.046626
2016-11-08,0.1353009905203041,0.13764593769831465,-0.0018833828629189198,0.04114000000000001
2016-11-09,0.12972952428811554,0.13800362231666544,-0.015293417487831723,0.04017699999999999
2016-11-10,0.1286262429003144,0.1383085569096082,0.002827180867500362,0.04050699999999999
2016-11-11,0.12855959919259985,0.13813359174323475,0.0003182830879623344,0.04394899999999999
2016-11-14,0.12876145636740277,0.1384176754452521,0.007719705645169356,0.03319
2016-11-15,0.1285595001594611,0.13815643233461428,-0.007824178773086776,0.038851
2016-11-16,0.1301724483274247,0.13758566661536065,-0.019085589991849783,0.03076200000000001
2016-11-17,0.12963593748970514,0.13815922842875109,-0.01391569697352299,0.025424999999999975
2016-11-18,0.12961600244116192,0.13704652664707961,-0.024862123627508892,0.030808000000000002
2016-11-21,0.12987372577872847,0.13562249011171482,-0.009627558565564659,0.03110400000000002
2016-11-22,0.1268999255329639,0.13540232918895848,0.006236561624807319,0.017746000000000012
2016-11-23,0.12629822259363618,0.13538319674471186,0.002044647317571535,0.02752200000000002
2016-11-25,0.12610346706394332,0.13668869665134253,0.0011841295136609808,0.026399000000000006
2016-11-28,0.12686648573569637,0.13986675231753473,0.007491500834615056,0.023955000000000004
2016-11-29,0.12644702018233384,0.13979210182497567,-0.001717679774375508,0.02496100000000001
2016-11-30,0.12638572570606588,0.13554252043546525,0.018462958542160957,0.015726000000000018
2016-12-01,0.12394005017440649,0.13613844553899548,0.010045265280405419,0.034268999999999994
2016-12-02,0.12222999229610756,0.13544548404212436,0.0070987441401157425,0.031918
2016-12-05,0.12172787179482453,0.13530019569977106,0.013035244568203375,0.01938100000000001
2016-12-06,0.12093565939858811,0.13959959970619917,0.002113529935185793,0.029664999999999997
2016-12-07,0.11925811207334651,0.13984017456219816,-0.0003578625012983505,0.024400000000000005
2016-12-08,0.11793559957536007,0.14002441315367967,-0.0008478201732402824,0.021675
2016-12-09,0.11806322997230793,0.13191578448470867,0.010611505033100294,0.02730300000000002
2016-12-12,0.11653368043650975,0.13344686041874934,0.0245754724152161,0.024457000000000007
2016-12-13,0.11637859765174181,0.13331846056965982,0.024827287912294715,0.02617
2016-12-14,0.1149554817633259,0.13511120809333355,0.022073676647580143,0.02785499999999999
2016-12-15,0.11341183918282381,0.13525800623319156,0.021790230541024858,0.023391999999999996
2016-12-16,0.1136203783315616,0.13521102828949422,0.011437201797152408,0.02728999999999998
2016-12-19,0.11313138542853361,0.13481448901642826,0.004175307434738401,0.024806000000000022
2016-12-20,0.11286031134286725,0.13496310735377423,0.01517204978829964,0.023326000000000013
2016-12-21,0.11318891091786856,0.13564271432197564,0.017396175360180233,0.020200999999999997
2016-12-22,0.11283747865119916,0.13519659600514078,0.026296464698137317,0.023547999999999986
2016-12-23,0.11286284435332569,0.13470722214846104,0.029502487008051304,0.026320999999999983
2016-12-27,0.11298448075687319,0.1357064845898667,0.03829354930269138,0.024307999999999996
2016-12-28,0.11320200565674624,0.13744428030845432,0.0452037056125032,0.028317999999999982
2016-12-29,0.1132720835481777,0.1379259109778702,0.04650115078845446,0.026751999999999998
2016-12-30,0.11358276971779414,0.136878936110531,0.055571376639207026,0.026055000000000023
2017-01-03,0.113151536450387,0.13361294448393046,0.056867635757307966,0.02710499999999999
2017-01-04,0.11305256587814659,0.1325218404364748,0.058393144772685965,0.024737999999999982
2017-01-05,0.1129652432029792,0.1331771953740242,0.06310248571763007,0.024967000000000017
2017-01-06,0.11210152579751047,0.1333287850508122,0.05770010105632985,0.021794000000000008
2017-01-09,0.11175464086456594,0.13370061523394336,0.06862799935441774,0.01636599999999999
2017-01-10,0.10871086220339196,0.1336330916100368,0.04989617467454019,0.021394999999999997
2017-01-11,0.1088310923756303,0.13602972212374234,0.05132548111133729,0.02448800000000001
2017-01-12,0.1088302222579175,0.13617028708332135,0.05115549169021674,0.022075999999999985
2017-01-13,0.10841551024526351,0.1342427418647953,0.043297924811438085,0.02556999999999998
2017-01-17,0.10802258652242307,0.13480644217641538,0.04748935673759924,0.027782
2017-01-18,0.1077122706662682,0.12603502366605848,0.0528058695079201,0.020933000000000007
2017-01-19,0.10861597254339327,0.1250858187313148,0.04642113365743897,0.026558
2017-01-20,0.1082183885278445,0.12449834749368306,0.0404379020725706,0.02152700000000002
2017-01-23,0.1074142213007225,0.12575852182829916,0.038312477924286256,0.022402000000000005
2017-01-24,0.10657028558355335,0.12835886852764217,0.03590200608941205,0.020310999999999996
2017-01-25,0.10685995110609939,0.12828865318914748,0.04180888558230532,0.017555000000000015
2017-01-26,0.10464749861167867,0.12790546093041458,0.0076077672127798646,0.016464000000000006
2017-01-27,0.10448243352054679,0.1280653743659817,0.0029559427304680364,0.020619
2017-01-30,0.1042631077091361,0.12810214872258435,0.010773729120292591,0.022332999999999992
2017-01-31,0.10375067202374191,0.12806932166761031,0.007362023517332256,0.023218000000000016
2017-02-01,0.1050063009663178,0.12783490797141298,0.006160457848811446,0.020351000000000008
2017-02-02,0.10427224486722224,0.13028830330331867,0.00864716103919519,0.016710000000000003
2017-02-03,0.10576618355914569,0.12986467018249798,-0.0014153029487500024,0.01944399999999999
2017-02-06,0.10661363143434739,0.13089786777104453,-0.0019171440369570303,0.017186000000000007
2017-02-07,0.10643353891357674,0.13018242355462847,-0.004282216108565995,0.018647999999999998
2017-02-08,0.10747892127428248,0.13145304188581333,-0.004871044983733114,0.01908499999999999
2017-02-09,0.10770273345466787,0.12908533495697302,0.002501498684789688,0.01705100000000001
2017-02-10,0.10805038334567794,0.12940079455249387,-0.0028605002388623346,0.017710000000000004
2017-02-13,0.10627770126012111,0.13067616498869164,0.0025192436985664313,0.01824199999999998
2017-02-14,0.10672434158606804,0.12815222192419842,0.001903292409211499,0.021051999999999987
2017-02-15,0.10666520522179243,0.12372008642859725,0.0007534654595821866,0.02065900000000001
2017-02-16,0.10812921248171221,0.1297971157579072,-0.000927449018744364,0.018862000000000018
2017-02-17,0.10630978759201035,0.13050637317276848,-0.0067157083367966885,0.02379299999999998
2017-02-21,0.10605455547106243,0.12786764634318593,-0.0007940985529185929,0.019931000000000004
2017-02-22,0.10575277096091115,0.12456649560240356,0.002418693310405756,0.01716000000000001
2017-02-23,0.10531601640265315,0.11887072724800025,0.004399238945999057,0.020738000000000006
2017-02-24,0.10530992230897186,0.12107483794851268,0.009038552701880809,0.022322999999999982
2017-02-27,0.10485206353445062,0.12051603720684326,0.0196064442072829,0.018364999999999992
2017-02-28,0.10547754666963559,0.12001874431848075,0.025818233027551082,0.02263499999999999
2017-03-01,0.1044253078933086,0.11789637620083597,0.015205185129963869,0.017779000000000017
2017-03-02,0.1048756099799987,0.11805317920570335,0.018679772991597524,0.021956000000000003
2017-03-03,0.10495613615976657,0.1181324443058642,0.018674884513886963,0.021351999999999982
2017-03-06,0.10510411356449066,0.1199858560881439,0.029799892316085555,0.020550000000000013
2017-03-07,0.10514385740717591,0.11952186258001242,0.02712667044067668,0.02423
2017-03-08,0.10562748034367535,0.11992815162680648,0.022244755054490653,0.02353799999999999
2017-03-09,0.10552559146689212,0.12135818112945271,0.022822312804995207,0.021297999999999984
2017-03-10,0.10532083692060094,0.12044257509185444,0.024347967639752666,0.020918000000000006
2017-03-13,0.10676423184441917,0.12025448480964972,0.02068082930995227,0.022349000000000008
2017-03-14,0.10693544110982196,0.12469588425314061,0.023663744291572295,0.024120000000000016
2017-03-15,0.10675215794657261,0.12548654940844683,0.029739581780454993,0.025111999999999995
2017-03-16,0.10660550090876171,0.12584624677958567,0.02257146782591954,0.02389000000000001
2017-03-17,0.10691839534025485,0.12721248290328704,0.043315662042076375,0.0010090000000000099
2017-03-20,0.10683172422522813,0.12618963545889705,0.02310448704156061,0.018910999999999997
2017-03-21,0.10660173267832332,0.127550636427583,0.05225089318201541,-0.011648999999999993
2017-03-22,0.10821546101094894,0.12874595408399694,0.050039166939527965,0.02263499999999999
2017-03-23,0.10778613794572506,0.12831126886711422,0.04943994703249588,0.020095000000000002
2017-03-24,0.10768417542970077,0.12808212109073072,0.04843156194630703,0.02247099999999999
2017-03-27,0.10790135709203787,0.13606200407082847,0.05685319381653635,0.025959999999999983
2017-03-28,0.10774534814349988,0.1322508867062399,0.04707410089047158,0.025115000000000026
2017-03-29,0.10762748321337712,0.13217256716712125,0.04342261906993179,0.022049000000000013
2017-03-30,0.10736747651785754,0.12675786960112492,0.04965943955371484,0.02162699999999998
2017-03-31,0.10770052161557568,0.13980228240452483,0.0648218706034926,0.017422999999999994
2017-04-03,0.10724803184486283,0.13611312789022711,0.053971960264535976,0.018513
2017-04-04,0.10763985515603132,0.14940631553977057,0.05456293299333384,0.018887999999999988
2017-04-05,0.10832399546198801,0.1498586115321223,0.062067935171611424,0.019712000000000007
2017-04-06,0.10883863859504826,0.14969392274933782,0.05756169760730359,0.020026000000000016
2017-04-07,0.10856779929592332,0.14961259519794393,0.06376458003578604,0.024474999999999997
2017-04-10,0.10842984980067977,0.1502292573976588,0.05775380255731789,0.025385999999999992
2017-04-11,0.10840822709250907,0.14713801307245983,0.0644678407564895,0.03134500000000001
2017-04-12,0.10810863974781539,0.1404837392418237,0.06284778411047673,0.028507000000000005
2017-04-13,0.10715300062958592,0.14050482941783093,0.06369875286643678,0.02859600000000001
2017-04-17,0.10699090240486783,0.13969671058063704,0.06407033253820053,0.03351000000000001
2017-04-18,0.10780894096921646,0.14028407055351103,0.06326348004993657,0.028787000000000007
2017-04-19,0.10812819379255566,0.1399817121643497,0.06079565990637423,0.031695
2017-04-20,0.10873167906407162,0.13645963161204935,0.04833941128279294,0.029050999999999993
2017-04-21,0.10822706146445424,0.13665213308923652,0.06374518679584862,0.022235000000000005
2017-04-24,0.10830339919530593,0.13636608537226025,0.045489743411033984,0.029264000000000012
2017-04-25,0.10750722486142025,0.13535756320664502,0.06046725618331891,0.02154700000000001
2017-04-26,0.10670606655016078,0.13639143361177297,0.02905725290675075,0.024582999999999994
2017-04-27,0.10950201341688941,0.13719991391860914,0.03179119179061743,0.019662000000000013
2017-04-28,0.11196623286367674,0.13720682841838835,0.026990355442434014,0.021811999999999998
2017-05-01,0.11211443171116231,0.13816075769267525,0.03286634115158239,0.02107099999999998
2017-05-02,0.11282104138953375,0.1390312987909219,0.03304592900658711,0.023043000000000008
2017-05-03,0.1131292183773292,0.13874087213511702,0.04170264862077562,0.024590999999999974
2017-05-04,0.11085977648789115,0.138002186706376,0.038907191178573955,0.023121000000000003
2017-05-05,0.11053742045861358,0.12510146560066332,0.025376257824889115,0.022231
2017-05-08,0.10986792414108824,0.12472537891033036,0.02634696435886949,0.023536
2017-05-09,0.1105782458855459,0.12519078113738777,0.02613347530320656,0.022044000000000008
2017-05-10,0.10981040872516272,0.12704411451029365,0.019664071205227257,0.02062999999999998
2017-05-11,0.10988797801126352,0.12502283843515358,0.019146139586086297,0.020172999999999996
2017-05-12,0.10959566860338713,0.12637378349761097,0.01749725937239674,0.02263799999999999
2017-05-15,0.10970874208640494,0.12738807439501798,0.01647345750032199,0.024112999999999996
2017-05-16,0.11011178791812277,0.1278395326820666,0.02051532199733838,0.017563999999999996
2017-05-17,0.1101037121019703,0.12858861530934682,0.039405130563667706,0.022302000000000016
2017-05-18,0.10917526519312781,0.12869878355036368,0.026813928078330856,0.017495999999999984
2017-05-19,0.10937470086633178,0.12885089156205407,0.012219367944929255,0.024763000000000007
2017-05-22,0.11061170324775749,0.1285047011230063,0.006184989142114378,0.02318300000000001
2017-05-23,0.11112471743677522,0.12863057590660207,0.004751919753690881,0.02016699999999999
2017-05-24,0.11105587694580746,0.12934581360036262,0.00679637475494492,0.021108000000000016
2017-05-25,0.11113461437610668,0.12930321764001573,0.011792623188301044,0.018844000000000014
2017-05-26,0.11153180911311057,0.12912643285398162,0.010125655116999768,0.019295999999999994
2017-05-30,0.11130561029727414,0.12840456613782597,0.014378914012307925,0.016316999999999998
2017-05-31,0.11103660317598497,0.12862373683147785,0.021350339120259992,0.01927799999999999
2017-06-01,0.11054891193237441,0.12802767657858719,0.013759621131194832,0.025223999999999996
2017-06-02,0.11075266805311812,0.12810109515721127,0.015236336100162465,0.018340999999999996
2017-06-05,0.11040518938780464,0.12836076733717833,0.026081659331749954,0.020712000000000008
2017-06-06,0.11112884598455534,0.12935382765162937,0.03193439715955154,0.01994700000000002
2017-06-07,0.11153672919762188,0.12896852642134846,0.029950522407769145,0.02382200000000001
2017-06-08,0.11556108186215351,0.1295387244449558,0.029023496227451595,0.01791000000000001
2017-06-09,0.11828695901336253,0.13053160119482188,0.03226677207515008,0.025859999999999994
2017-06-12,0.11730165631650159,0.12278175441038894,0.03205413745640266,0.030200000000000005
2017-06-13,0.11869760232881854,0.12234466800024973,0.03132327426875399,0.027206000000000008
2017-06-14,0.11892384298211033,0.12258833772667341,0.030723491128813868,0.021250999999999992
2017-06-15,0.11920313417023946,0.12315642145138833,0.0328864169871145,0.026008000000000003
2017-06-16,0.11949597353542421,0.12312439270625106,0.02482565541146496,0.028419
2017-06-19,0.11997437570121432,0.12289342774597686,0.0340189297398211,0.027021000000000003
2017-06-20,0.12446833547581411,0.12262087393405534,0.04445455611887404,0.022565
2017-06-21,0.12319870042357199,0.12344603535404623,0.04409607269708976,0.027593000000000006
2017-06-22,0.12295642499633179,0.12355635016297149,0.042076163110000564,0.027287000000000006
2017-06-23,0.1234085868822299,0.12321259927658719,0.041663204378410465,0.02910199999999999
2017-06-26,0.12372373204376291,0.12267890355193063,0.04519931961878321,0.024549000000000015
2017-06-27,0.12467824446852142,0.1229894908877757,0.05707196024360521,0.024712999999999985
2017-06-28,0.12501563159036355,0.12205462497451534,0.04515920105663747,0.029522999999999994
2017-06-29,0.12580844707930755,0.12279814482550937,0.06098618148907951,0.02842800000000001
2017-06-30,0.12588255328841938,0.12275729044837748,0.07122737587797764,0.02397200000000002
2017-07-03,0.12580201142130965,0.12115637568119794,0.05282736580224849,0.030215999999999993
2017-07-05,0.12553945526427573,0.12122568365977227,0.056537544094145534,0.02835199999999999
2017-07-06,0.12558675210599196,0.12191628870025004,0.07444592782204641,0.027580999999999994
2017-07-07,0.12556242366983758,0.12323384955290578,0.06601825859741264,0.032975000000000004
2017-07-10,0.1263617546835883,0.12311177960538204,0.06799055381931358,0.03120500000000001
2017-07-11,0.12694322022600596,0.12245642341529314,0.06554388996441059,0.03401600000000002
2017-07-12,0.12700512148948206,0.12225672416430632,0.0697035913625819,0.03263200000000002
2017-07-13,0.1277348479257166,0.12193265366080884,0.07349968130678848,0.035427000000000014
2017-07-14,0.13228492008489515,0.12193061049173343,0.08082527513364066,0.028211999999999987
2017-07-17,0.13565872704237303,0.12192375991576138,0.08009270230392093,0.02788500000000002
2017-07-18,0.1369577600838601,0.1299109328646361,0.08220547307614776,0.024435999999999986
2017-07-19,0.13691084346817736,0.12969421977112439,0.07446840245898906,0.007641999999999982
2017-07-20,0.13751993026550022,0.12617060073782893,0.0818804824329688,0.028990000000000016
2017-07-21,0.1396740661489866,0.12991778440004798,0.08546955035092035,0.02982600000000002
2017-07-24,0.14008081922211485,0.1258290148909973,0.07966605962115432,0.024394
2017-07-25,0.14048869054677535,0.1254452703072692,0.08360249630284224,0.026101000000000013
2017-07-26,0.14032344409597028,0.12395055223457205,0.05367247495342482,0.02399699999999999
2017-07-27,0.1413235351151761,0.12304530615237594,0.048815612509023415,0.020688000000000012
2017-07-28,0.1387817765053532,0.1233153726507097,0.03247896084227439,0.02268400000000001
2017-07-31,0.1390114549181833,0.12357622476359986,0.024616703665553213,0.022155000000000008
2017-08-01,0.14240715787770247,0.12418739314823161,0.019922879504547644,0.023708000000000007
2017-08-02,0.14100376783881455,0.12420234878173268,0.014825313757702019,0.025691999999999993
2017-08-03,0.14260098097590954,0.12429242265492302,0.015760027649820874,0.025757000000000002
2017-08-04,0.15406501087141575,0.1242232593092732,0.009507201964630646,0.02421100000000001
2017-08-07,0.15490019639223362,0.12416239146219922,0.008457998073617745,0.022356000000000015
2017-08-08,0.15553316797740688,0.12252891018211072,0.009320396815847093,0.02346100000000001
2017-08-09,0.15583902904848673,0.12280365425212005,0.009173731926611889,0.025671
2017-08-10,0.15675107845237293,0.127602922299427,0.01977228939065087,0.028088000000000002
2017-08-11,0.16183069740240152,0.125834068973926,0.024352778183383772,0.027391
2017-08-14,0.16219210610842208,0.1259107444665514,0.009306187634946866,0.028363
2017-08-15,0.16154384319575438,0.1284381420617127,0.009250703697415819,0.02929000000000001
2017-08-16,0.16210034720578856,0.12607857441047401,0.00535893747737462,0.028467999999999993
2017-08-17,0.16284703224035077,0.12881150957856866,0.0419659420296323,0.027331999999999995
2017-08-18,0.16417882818129992,0.12965430464207853,0.02715689343534544,0.028797000000000017
2017-08-21,0.16461764166712906,0.12867753026862225,0.015018715165390412,0.030089999999999978
2017-08-22,0.16514302404489808,0.1467313283230015,0.003185944559822518,0.032431000000000015
2017-08-23,0.16573339828555023,0.14599782508852877,0.007361418847415646,0.027145000000000002
2017-08-24,0.16668813267535085,0.14473687954236408,0.011844111132186697,0.02912200000000001
2017-08-25,0.1664148678514303,0.14417056033459094,0.012702075971180046,0.030230000000000007
2017-08-28,0.16695025524855087,0.14350105894062737,0.017565327290737218,0.031854999999999994
2017-08-29,0.16853539554173677,0.14375456779290607,0.021958994702651835,0.030662999999999996
2017-08-30,0.170824327914392,0.14275825335950343,0.028041170699973902,0.03071400000000002
2017-08-31,0.17364611236397226,0.142563592616962,0.03518691023495546,0.025678000000000006
2017-09-01,0.17641545070217535,0.14227724012064233,0.028863867570247878,0.025992
2017-09-05,0.1775337921051484,0.1429842401807582,0.04459703213238275,0.02651500000000001
2017-09-06,0.17799135419680123,0.14266512883411384,0.04869227133632317,0.027980999999999978
2017-09-07,0.1754972723997772,0.14448286962558493,0.04739628572993443,0.026133000000000017
2017-09-08,0.1750358593468374,0.14362692604754265,0.05443064367771569,0.013509999999999994
2017-09-11,0.17516441863716956,0.14237873006115478,0.03915789217625941,0.012041999999999997
2017-09-12,0.17438188762516788,0.14172576938807638,0.040158817615220097,0.01842200000000002
2017-09-13,0.17602322993055688,0.1403502979659235,0.0333567797192901,0.009341000000000016
2017-09-14,0.1783220323700468,0.13845713322998912,0.030570617536969213,0.009124999999999994
2017-09-15,0.17853485075992337,0.13868295712596385,0.040514439700301344,0.003489999999999993
2017-09-18,0.1783748157485043,0.13780874566223053,0.04479813282237692,-0.016805000000000014
2017-09-19,0.17588408475653833,0.13914621961326698,0.04770515268474687,0.0019780000000000075
2017-09-20,0.17600249664196282,0.13963285217104787,0.046738771732238726,0.017792000000000002
2017-09-21,0.1770504845503518,0.13954451159323053,0.043723885598539125,0.017506999999999995
2017-09-22,0.1786177220603625,0.13940571792390166,0.04555546307711808,0.01810600000000001
2017-09-25,0.1783983942822824,0.13817025408492026,0.053736081216043396,0.023252000000000023
2017-09-26,0.1779644687976739,0.138468695642446,0.05508769806290742,0.025517000000000012
2017-09-27,0.17800389870628955,0.15138683087147523,0.052738619114283875,0.025176000000000004
2017-09-28,0.17741059370791526,0.1506464534699669,0.03829402726208478,0.026256
2017-09-29,0.17730989890575813,0.15000426392416763,0.034560002047878874,0.028986999999999985
2017-10-02,0.17818094559383868,0.1485511320276646,0.046933390729328145,0.030081999999999998
2017-10-03,0.1794267045710896,0.14981934781496087,0.047317726517526526,0.02948999999999999
2017-10-04,0.1820375908573879,0.14936735745618837,0.0510335217267551,0.027831999999999996
2017-10-05,0.18199776583225286,0.1487837646120603,0.05384724925242207,0.030931000000000014
2017-10-06,0.1826920603731991,0.150269645778813,0.06675509759689732,0.030460999999999988
2017-10-09,0.18297965448619197,0.14929124643883562,0.07578618495506523,0.03559000000000001
2017-10-10,0.1836768147327051,0.15110877718306073,0.07363319883937702,0.031553
2017-10-11,0.18336363437334738,0.15096331584000067,0.08074633202500098,0.031140999999999974
2017-10-12,0.18122805003729417,0.14704651596501386,0.08624702012238328,0.005992999999999998
2017-10-13,0.17941152445757727,0.1475720027858679,0.0769034359596735,0.006495000000000001
2017-10-16,0.17859460066612798,0.14893782139168046,0.07395827609662889,0.004504999999999981
2017-10-17,0.17923784635081325,0.1469842692976079,0.07379790320297816,0.00801099999999999
2017-10-18,0.17823629648925646,0.1474649739317427,0.07330991555898544,0.002791999999999989
2017-10-19,0.1780617239119301,0.14787345742667496,0.04993225842469645,-0.002611000000000002
2017-10-20,0.18123288614798175,0.14509750579333253,0.038153279989464606,0.0036249999999999893
2017-10-23,0.18078924633872243,0.14598040834805118,0.07033712557686311,-0.00033600000000000296
2017-10-24,0.18122546801504047,0.1457452856026712,0.0807033191437953,-0.006080000000000002
2017-10-25,0.17883492047325006,0.14418372865207701,0.03749517615404366,-0.012633000000000005
2017-10-26,0.18034770611727613,0.143906408580091,0.0168967324539486,-0.012187000000000003
2017-10-27,0.18050647343526666,0.14403342612265013,0.02315524901578056,-0.012438999999999978
2017-10-30,0.17847070755159253,0.14405081741616552,0.01162856516272312,-0.005574999999999997
2017-10-31,0.17935841606892491,0.14457624737843108,0.0021255743125732918,-0.0045630000000000115
2017-11-01,0.1806755321322149,0.15382796157057985,0.0014024650019304752,-0.0020680000000000143
2017-11-02,0.17719149736771317,0.15199762451379542,-0.023014664468757412,-0.0021849999999999925
2017-11-03,0.18476625792607645,0.15248365350558646,-0.023876522708862452,-0.0031090000000000007
2017-11-06,0.18546130106736844,0.15011957307476165,-0.020035786201325123,-0.006012999999999991
2017-11-07,0.18713654092215842,0.15136733214707554,-0.018079845555596913,-0.005500000000000005
2017-11-08,0.19298738459739087,0.1485570695296123,-0.017773543980544426,-0.01109099999999999
2017-11-09,0.19018253869909577,0.13861745738687678,-0.018304696807268178,-0.015238000000000002
2017-11-10,0.19142795080317582,0.1387312355673031,-0.005650519382339986,-0.011577000000000004
2017-11-13,0.1929563145041868,0.13852084415391672,-0.0024405298030773237,-0.007928000000000018
2017-11-14,0.1934468694213447,0.13833548605567036,-0.0010267598153534119,-0.006949000000000011
2017-11-15,0.19321984816942603,0.13848006281782424,-0.0027038777006007375,-0.005582000000000004
2017-11-16,0.19215181586482288,0.13860983433251686,-0.0101691176049504,-0.002692
2017-11-17,0.19254556599256542,0.13750099935772012,-0.0016534988094339675,-0.019600000000000006
2017-11-20,0.19295519436394426,0.13736079172959093,-0.022050732382473015,-0.004936999999999997
2017-11-21,0.19301665927084857,0.13717323147564456,-0.02827812692108142,-0.001921000000000006
2017-11-22,0.19302067150104948,0.13652375674668313,-0.03148473435751978,-0.0021619999999999973
2017-11-24,0.1941766275059446,0.13615952028777453,-0.02899192344502388,-0.002464999999999995
2017-11-27,0.19403194409222485,0.13648616120594886,-0.021454043753438345,-0.00739200000000001
2017-11-28,0.19517431103978722,0.13542145343274095,-0.02696847869005853,-0.005624000000000018
2017-11-29,0.19350318478119272,0.13496203588154324,0.02003242098564359,0.026672
2017-11-30,0.19182706224900348,0.13592651052241234,-0.0008660735683858056,0.0022390000000000188
2017-12-01,0.18981195600760029,0.13606309699720426,-0.011594257031735805,0.0034350000000000214
2017-12-04,0.18862764202839533,0.1341436622954216,0.05272306341177177,0.03548399999999996
2017-12-05,0.18865472182833182,0.1341800663733339,0.012383580774728592,0.15481199999999998
2017-12-06,0.18878191512129086,0.13430209096425033,0.00719431817685498,0.048222000000000015
2017-12-07,0.1881364046123696,0.16217365269879166,-0.0046753398611288355,-0.016626999999999975
2017-12-08,0.1887659973531738,0.16059818157800163,0.014905923201397525,-0.013354000000000005
2017-12-11,0.18885371588208302,0.15802018148337316,0.01334712544822736,0.009260999999999991
2017-12-12,0.18714711776989193,0.1582492799179228,0.029643771417482062,0.136824
2017-12-13,0.1853500648422595,0.15884665517834026,0.016317347521937836,0.06796399999999997
2017-12-14,0.18560783582588827,0.15865841499404285,0.025005799842619414,-0.03944699999999998
2017-12-15,0.18644924423991793,0.15767645542985623,0.009821449390401221,0.016538999999999998
2017-12-18,0.18619155762100256,0.15684880239303425,0.012059758709807578,0.014531000000000016
2017-12-19,0.1859835336741509,0.15610529633584622,0.01567583449298318,0.018120999999999998
2017-12-20,0.19197431476445823,0.15468622210874083,0.018096629091235744,0.013391000000000014
2017-12-21,0.19255581121269905,0.15508471667766596,0.01371375546317341,0.021828000000000014
2017-12-22,0.19314409478553898,0.15462977658864804,0.012001075270123202,0.020815
2017-12-26,0.19399124817435606,0.15343338485997784,0.02477914253378563,0.02410799999999999
2017-12-27,0.19654135229598405,0.15559670407785478,0.022866054451582185,0.025001999999999996
2017-12-28,0.1983717595552937,0.1541686337639146,0.017494852207279893,0.025157999999999986
2017-12-29,0.19921553402715056,0.1540152388063321,0.03907389426323238,0.012175999999999992
2018-01-02,0.1997729260095066,0.14713317322545805,0.0500071564641118,0.02524699999999999
2018-01-03,0.19931722862797047,0.1493900354633769,0.0745499451499646,0.021348000000000006
2018-01-04,0.1983788239734562,0.1473442510789735,0.06592785154012895,0.013607000000000008
2018-01-05,0.19955660371842848,0.14943289603827195,0.059925284780847604,0.02157500000000001
2018-01-08,0.20447582921893567,0.1468688550493724,0.07818593094911525,0.023419000000000023
2018-01-09,0.204306541756771,0.1471415290552534,0.08193732775462456,0.01854599999999998
2018-01-10,0.20381142108674297,0.14678808167883062,0.08101538070447489,0.021234000000000003
2018-01-11,0.2037969240316588,0.14716859843401908,0.07065202517004468,0.017326000000000008
2018-01-12,0.2038587697016954,0.1472747664690588,0.06285499151208468,0.012676999999999994
2018-01-16,0.20359083610891793,0.1663357171347796,0.0716531327603967,0.017924999999999996
2018-01-17,0.20316667355999432,0.16574487446964922,0.07001505690738927,0.021190000000000014
2018-01-18,0.2025722402251783,0.16161184406737727,0.07054077499359615,0.017761
2018-01-19,0.20526355117327402,0.15869020859473043,0.06770608340373663,0.012758999999999993
2018-01-22,0.20377815665225388,0.161494200760114,0.075639150685472,0.024614999999999998
2018-01-23,0.2016376672828905,0.1613971029530868,0.07143801456130983,0.02221400000000001
2018-01-24,0.20196327848308196,0.16051192382563215,0.0871715309185114,0.016250999999999988
2018-01-25,0.20741360623634947,0.15842977349947485,0.07293556286704458,0.021325999999999984
2018-01-26,0.2082652169263747,0.15777293152891345,0.06696909802727088,0.021650000000000003
2018-01-29,0.20792278907942732,0.152771518369573,0.07984411012782217,0.012209999999999999
2018-01-30,0.20829899969178997,0.16042483753479012,0.07989571592749475,0.007581000000000004
2018-01-31,0.20840748406720255,0.16082649751305791,0.10317577325712926,-0.020582000000000017
2018-02-01,0.20827323178108056,0.14588041247789152,0.0054848825381573485,0.022175999999999974
2018-02-02,0.20644712745398994,0.13072578297985402,0.0280127358733826,0.016564999999999996
2018-02-05,0.20103462849105438,0.14531101668440638,0.10569071078580222,0.0012570000000000081
2018-02-06,0.1938077269447757,0.1567258078838177,0.040641471849111765,0.043323999999999974
2018-02-07,0.1932687364991192,0.14834986636528963,0.041009637795359516,0.010447000000000012
2018-02-08,0.1921599712530575,0.1457355050343095,0.08608908891323164,0.011409999999999976
2018-02-09,0.18525470346479336,0.15713239617682417,0.06907919943412352,0.03472799999999998
2018-02-12,0.18419734390153705,0.14875618913894983,0.004046546222281178,0.046608999999999984
2018-02-13,0.1832154830990245,0.15580580531975274,0.00313095128440552,0.039877000000000024
2018-02-14,0.18192763575402326,0.13169654252112767,-0.020088036017914618,0.031128000000000017
2018-02-15,0.18092889991005584,0.14622754764609727,-0.036553588341197485,0.034499
2018-02-16,0.18038593770071482,0.15336085344165923,-0.02866442086006979,0.011924000000000018
2018-02-20,0.18197692432782198,0.1498097957124549,-0.023900200003223127,0.02629300000000001
2018-02-21,0.18100113158946163,0.15872838390654712,-0.022344787102245717,0.01975300000000002
2018-02-22,0.1807838575606894,0.16269349077024478,-0.027017656430278675,0.024616
2018-02-23,0.18126963804478116,0.1627241375006889,-0.04565631295620487,0.023508
2018-02-26,0.18059823263010494,0.16285681593486814,-0.05127125970194871,0.020810999999999996
2018-02-27,0.1797493147063331,0.16423578368260197,-0.020566192466936473,0.01083099999999998
2018-02-28,0.17951831516897562,0.16443539011540206,-0.003727722039171044,0.014243999999999979
2018-03-01,0.17715473726558645,0.16431451528268737,0.0015005614151624436,0.013944999999999985
2018-03-02,0.17702333615190535,0.1639528798066274,-0.009247241034045256,0.02555400000000002
2018-03-05,0.17603246412591783,0.16445003868400537,-0.0221034749151712,0.013786999999999994
2018-03-06,0.17596452823866482,0.16477103184575714,-0.03412924362256459,0.022289000000000003
2018-03-07,0.1786622959236268,0.1646671401960343,-0.009831187909139588,0.013835999999999987
2018-03-08,0.18113902350447036,0.1647616466811491,-0.011058829755228955,0.023745000000000016
2018-03-09,0.18140892442952591,0.16352161121936098,-0.018624941506513143,0.022238000000000008
2018-03-12,0.18256977373882696,0.16738189521428934,0.004763722654902991,0.008660000000000001
2018-03-13,0.1823218186065134,0.16649191966429547,0.01596313863540816,0.024173
2018-03-14,0.18372345535009907,0.16665752270786602,0.020673808462160742,0.02015699999999998
2018-03-15,0.18734212761632144,0.1642642590473654,0.03001001615059093,0.017007999999999995
2018-03-16,0.19175258522761202,0.16346788415635927,0.02535897073554355,0.019196999999999992
2018-03-19,0.1924553708535745,0.16396362714934226,0.055567349974154245,0.02651299999999998
2018-03-20,0.19265936060251662,0.1646911397625813,0.04843843687561536,0.02534
2018-03-21,0.1930408924242955,0.1645307558993976,0.046618436345442354,0.020613999999999993
2018-03-22,0.19440530442100254,0.16203212235911163,0.07591650589740084,0.031682000000000016
2018-03-23,0.1879061904090318,0.1671891191475747,0.07431767670521866,0.037098999999999965
2018-03-26,0.18592738902872838,0.16690184133472574,0.0625616566809494,0.029653999999999986
2018-03-27,0.1856451366512838,0.16643051554784222,0.06185465383857883,0.03851300000000002
2018-03-28,0.1847433723396272,0.16392520253160306,0.07318995680452164,0.02963200000000002
2018-03-29,0.1829905065828562,0.1640089050311646,0.051361498874330336,0.014294000000000001
2018-04-02,0.18166907590963202,0.16572708415276435,0.07579773873679685,0.03133399999999997
2018-04-03,0.18087069206129655,0.1659247752813337,0.05286586944419841,0.026480000000000004
2018-04-04,0.18030707840894133,0.1657128647120928,0.04894545004174028,0.025665999999999967
2018-04-05,0.17977340710982712,0.1641322893062513,0.035324487632663354,0.025729000000000002
2018-04-06,0.17804820799048354,0.16596617881592482,0.04985445866825031,0.02226499999999998
2018-04-09,0.17655251388680027,0.16590408744882687,0.04594163488512559,0.02606400000000003
2018-04-10,0.16973909544878657,0.1659279973618504,0.03404758997533658,0.01766000000000001
2018-04-11,0.16955858665725682,0.16593634350726047,0.02791974132823538,0.02219999999999997
2018-04-12,0.1698428997233335,0.16644736945281613,0.026512469074485012,0.01338499999999998
2018-04-13,0.17011266077324522,0.16723391295002013,0.01796559486879326,0.01771700000000001
2018-04-16,0.16915647668699904,0.1664172641938873,0.014767355505518193,0.015959
2018-04-17,0.1694555659457068,0.1665060885065658,0.010266690328411765,0.016245999999999983
2018-04-18,0.16934913953189706,0.1662668096146689,0.010481261297482614,0.017140000000000016
2018-04-19,0.16968417953149936,0.16850997844580676,0.03153726380691815,0.0020409999999999873
2018-04-20,0.16615999571729057,0.1674618132404948,0.019979769332904268,0.02712500000000001
2018-04-23,0.16674219155924316,0.16607204601273082,0.009776106011404107,0.017738000000000004
2018-04-24,0.16711485574906182,0.16640512073364264,0.03280172001171472,0.016639999999999988
2018-04-25,0.1697072602986554,0.16506630107642462,0.04183834322712801,0.016649999999999998
2018-04-26,0.16223417851014874,0.1627373838017991,-0.00275405191908884,0.010074
2018-04-27,0.16343048113673342,0.16343058399327698,-0.01645895769259112,0.0011809999999999876
2018-04-30,0.16366607145024864,0.16321002650623273,0.00029624419500592913,-0.004530000000000006
2018-05-01,0.16293795694255298,0.1640060074867741,-0.01876349986913803,0.008515000000000023
2018-05-02,0.16214418552717963,0.16418019923541236,-0.014422082336106395,0.007303000000000004
2018-05-03,0.16109656355319152,0.14700303551836713,-0.0015405694259380542,0.007796999999999998
2018-05-04,0.161059234598462,0.14637424000589283,-0.012237194198312346,0.005042999999999992
2018-05-07,0.16081081225911167,0.1590954659201497,-0.0010015570167579424,0.0005249999999999977
2018-05-08,0.16095130927678108,0.1483422620651578,0.006132421876449884,0.0014859999999999873
2018-05-09,0.15961553116592242,0.14850490747730002,0.04249130714273874,-0.002018999999999993
2018-05-10,0.1586526043703995,0.14817147179766188,0.03095933847790705,0.006610000000000005
2018-05-11,0.15870877070205033,0.14810745888383142,0.03348524366563191,0.002121999999999985
2018-05-14,0.1581882491684438,0.14789949208952446,0.03775374217845465,0.0016780000000000128
2018-05-15,0.15723265134296116,0.16639560893245733,0.04519734653501217,0.0028629999999999767
2018-05-16,0.15755136810020848,0.1477351909769272,0.047649652965345735,-0.0016079999999999983
2018-05-17,0.15767712197159794,0.1477549438807046,0.04616781422397828,0.0012870000000000104
2018-05-18,0.15761505333079018,0.1652303999059103,0.04459729789710265,0.0003090000000000037
2018-05-21,0.1553192718684235,0.16646911105791287,0.05467150622382161,-0.0021100000000000008
2018-05-22,0.15488632022264293,0.16573876951806693,0.05050622554679671,0.0002660000000000162
2018-05-23,0.15401815771266242,0.16521095741612773,0.042118455588523174,0.006230000000000013
2018-05-24,0.15321627337594876,0.14713627492509604,0.03959839565532741,0.00136
2018-05-25,0.1530440417365932,0.14706965666625338,0.06237455376497361,-0.0037449999999999983
2018-05-29,0.15290172236986613,0.14609182064736267,0.07824564203981857,-0.007403000000000021
2018-05-30,0.15247096400870724,0.14596697131203393,0.08040538127959887,-0.011588999999999988
2018-05-31,0.1523157831813887,0.1452717627731791,0.08919871540262261,-0.012747999999999982
2018-06-01,0.15293295702334464,0.14535131788915093,0.07955122863024269,-0.007293999999999995
2018-06-04,0.1529464766686717,0.14636827317696086,0.08529694629224857,-0.014296000000000003
2018-06-05,0.15359652468308496,0.16366124345674757,0.0977796546781573,-0.01844699999999999
2018-06-06,0.15111810593787606,0.16531332755770947,0.09505767910284824,-0.022683999999999982
2018-06-07,0.14740054070781644,0.16689215912659647,0.08636200903723079,-0.02384
2018-06-08,0.1469098637721103,0.14749600003839952,0.08093240609944308,-0.016018000000000004
2018-06-11,0.14597736177011508,0.1501570087242388,0.11716665538327009,-0.028739999999999988
2018-06-12,0.14543225228973242,0.15251187501605912,0.12513311118144396,-0.015898000000000023
2018-06-13,0.1453548333156503,0.15198978056339857,0.06532310419982648,-0.03983999999999999
2018-06-14,0.14231015811135614,0.1547530063668435,0.053129117052998776,-0.02787500000000001
2018-06-15,0.1361132244746607,0.1586948810522426,0.008526759449519694,-0.0011539999999999884
2018-06-18,0.1345985906412508,0.15837039266187453,0.0266032243982722,-0.010737999999999998
2018-06-19,0.1342862775896815,0.15695203007191216,0.017195486686355343,-0.0032919999999999894
2018-06-20,0.13456056377842965,0.15103659842810926,0.015401039264131,-0.0011200000000000099
2018-06-21,0.13235329641404928,0.15675788593022025,0.02030425359019075,0.008015999999999995
2018-06-22,0.13228909864966773,0.15656318259571667,0.01607527867361963,0.0072409999999999974
2018-06-25,0.13253818292443229,0.15838493216971264,0.05487669119316152,0.006005999999999984
2018-06-26,0.13297348444524507,0.15114868362474196,0.03799572151521588,0.015045000000000003
2018-06-27,0.1333261599494466,0.15187982318560553,0.05860155356494201,0.0042059999999999875
2018-06-28,0.1328985904598669,0.15171535745175557,0.05048189306947551,0.015645999999999993
2018-06-29,0.1323765906879921,0.15806412063462913,0.03512750065190737,0.014944000000000013
2018-07-02,0.1324076694586365,0.1588842233861645,0.029301074892957413,0.023076999999999986
2018-07-03,0.13150805078912506,0.15893665632799409,0.02786563903892947,0.01755699999999999
2018-07-05,0.13148456305545372,0.15181212380218165,0.03482500923731299,0.01801799999999998
2018-07-06,0.13288063804174596,0.15921701492761772,0.03413678568098866,0.017035999999999996
2018-07-09,0.13347703828107016,0.15397959462517227,0.04012542352053938,0.018549999999999983
2018-07-10,0.1338560283578018,0.1531116580616565,0.02939208788195269,0.02235799999999999
2018-07-11,0.13313696674503236,0.15303106601682134,0.05106057517109888,0.014881000000000005
2018-07-12,0.13769864203782073,0.14863737459543103,0.03516962500805296,0.023207000000000005
2018-07-13,0.1438513965075423,0.1494850577527519,0.04299117849984041,0.020617000000000024
2018-07-16,0.1450034695099169,0.14466377740441536,0.047788991772665323,0.020513000000000003
2018-07-17,0.1453285185854664,0.14341131591141568,0.06179657998230029,0.018989000000000006
2018-07-18,0.14561947317049725,0.14341933446965466,0.07927857626543344,0.006635000000000002
2018-07-19,0.14593833651827845,0.142768575975737,0.07670512069580901,0.012742000000000003
2018-07-20,0.14778375050585132,0.14166240498131583,0.07670034352295177,0.010127999999999998
2018-07-23,0.14850027315136263,0.14207444267061828,0.09134223114455198,0.015898999999999996
2018-07-24,0.14696658322992942,0.1436317646510273,0.08514800420998084,0.014526000000000011
2018-07-25,0.15208162205027095,0.14697625647840593,0.05129118038938399,0.0029700000000000004
2018-07-26,0.15780076428856965,0.1460257131792281,0.040735757966658265,0.0035099999999999854
2018-07-27,0.1588059394094128,0.14665385211520274,0.029914812587693684,0.008533000000000013
2018-07-30,0.16175418992476473,0.1464530720222423,0.030593973643422312,0.009204999999999991
2018-07-31,0.16817449999882828,0.1466238962706631,0.03589459375005649,0.006569000000000019
2018-08-01,0.1692440673700199,0.146815388007675,0.026833920743368628,0.007212999999999997
2018-08-02,0.17322929305497137,0.1447823032161566,0.02178092611270352,0.006346000000000018
2018-08-03,0.17386574790202727,0.14444258397091228,0.006387888315635248,0.012298000000000003
2018-08-06,0.1751992395921294,0.14649165822959756,0.008467265277479402,0.006641000000000008
2018-08-07,0.1748996809504779,0.14617977946416955,0.0016633611702926987,0.00794700000000001
2018-08-08,0.17547493329859867,0.14683497198533732,0.0014840268035317683,0.004083000000000003
2018-08-09,0.17625300705378985,0.1466630546188058,-0.004080226903509315,0.009445000000000009
2018-08-10,0.17645200993548904,0.1468702205216234,0.00424575410686287,0.012726999999999988
2018-08-13,0.17837885975826828,0.1472130648682087,0.014912580241153411,0.010048000000000001
2018-08-14,0.18015547853158106,0.1471551810006965,0.012339618523974166,0.008795999999999998
2018-08-15,0.18040787064226857,0.14698590400282158,0.020384331823629337,0.007642999999999983
2018-08-16,0.18192230467698953,0.14688890426704,0.002005219049529411,0.01655100000000001
2018-08-17,0.1825648023112426,0.14679119988731176,0.0009543617599050425,0.012902000000000025
2018-08-20,0.18338216378813454,0.1585839628093528,0.005176557094987044,0.010681000000000024
2018-08-21,0.18442513242816985,0.15817329801392999,0.0065144924531045645,0.012025999999999981
2018-08-22,0.1862821881365573,0.15624512794041454,0.013978151996178662,0.00889100000000001
2018-08-23,0.1876588639499508,0.15596555686022795,0.02742859505168163,0.011750999999999984
2018-08-24,0.1876633036569531,0.15608630210370172,0.020376992826834556,0.013811999999999991
2018-08-27,0.18835289878389078,0.15852963985645072,0.033942927299363185,0.013409000000000004
2018-08-28,0.19006980204414348,0.15856968703361002,0.04092436216098884,0.010520000000000002
2018-08-29,0.19071084554093498,0.1585192975464967,0.04680904274352729,0.007712999999999998
2018-08-30,0.19120209111410763,0.15840289954261894,0.05324289986672713,0.011449999999999988
2018-08-31,0.19268867925345098,0.1536526339985879,0.05131416998278954,0.010204999999999992
2018-09-04,0.1934255578003272,0.15380614654615593,0.05338095824691895,0.016101000000000004
2018-09-05,0.19769293643382901,0.15313184595957818,0.05543223529724488,0.01581200000000002
2018-09-06,0.20000339697092384,0.15473984862470763,0.06682446423724657,0.012565999999999994
2018-09-07,0.2036004179163002,0.15556347252307595,0.07002496413198231,0.008498000000000006
2018-09-10,0.20710784045330888,0.1548345517131919,0.05923594860268448,0.009874999999999995
2018-09-11,0.21071394582446382,0.15474438061261267,0.051364560589653704,0.013990999999999976
2018-09-12,0.20970523610231223,0.15490299001519808,0.041892389889927065,0.019665000000000016
2018-09-13,0.21038339138097079,0.15491630197931272,0.03257309699138211,0.02003000000000002
2018-09-14,0.21181908653428813,0.15470511832251152,0.03195565728384184,0.01708700000000002
2018-09-17,0.21307884543039632,0.15473163220741648,0.03876329518557209,0.017165999999999987
2018-09-18,0.21283530847952675,0.15681208891834436,0.03748327289886219,0.013852000000000003
2018-09-19,0.21416458457720167,0.15958445387678508,0.030752976972327956,0.015502999999999989
2018-09-20,0.22288015793910435,0.15935198486812463,0.0270058137456107,0.018887999999999988
2018-09-21,0.22879389330923905,0.1603675947402478,0.051602523703292574,-0.011688000000000004
2018-09-24,0.22978943019868686,0.1609975136501756,0.03495304425013873,0.018346
2018-09-25,0.2370315033731829,0.16594719080751064,0.03490272648133455,0.015472999999999987
2018-09-26,0.2413675262159971,0.17378004087068807,0.040622719244042954,0.011177999999999993
2018-09-27,0.24218056149325745,0.17160461230796134,0.07437111789135734,-0.05476499999999995
2018-09-28,0.24330557185076054,0.1729806397599079,0.02813744467255372,0.0013059999999999738
2018-10-01,0.24697386167866195,0.17081290206414823,0.03244079473515374,0.014575000000000005
2018-10-02,0.24829245468198397,0.17327548401520193,0.03967812179446814,-0.051274000000000014
2018-10-03,0.24852568893172403,0.16321131372464115,0.03809364869569601,0.015449999999999992
2018-10-04,0.250430666378636,0.16283078450170932,0.047937372777499015,0.016034999999999994
2018-10-05,0.25037742122649964,0.16409062176045733,0.04917041155351298,0.013333000000000012
2018-10-08,0.2514022945162456,0.16372828374633083,0.058133080042678975,0.009905999999999998
2018-10-09,0.252849646017493,0.1635548123505727,0.06296338106320912,0.015983000000000025
2018-10-10,0.25084662374711897,0.16837888019720196,0.08702920268080039,0.011378
2018-10-11,0.24743286452154978,0.16856980021003878,0.19791336492190023,-0.048956
2018-10-12,0.24700013049639674,0.16863592899132573,0.08383913806842014,-0.090858
2018-10-15,0.2469013527928523,0.1688710838513561,0.07020731147260476,0.021653000000000006
2018-10-16,0.24699127289670322,0.16845888477739715,0.04739730004237838,0.028008000000000005
2018-10-17,0.2473724153917121,0.16816323791451843,0.04259938697073187,-0.12441400000000002
2018-10-18,0.24697764664117933,0.16597009391777665,0.056911170589355936,0.011060999999999988
2018-10-19,0.2462525479402119,0.16674798316823441,0.04356135261363106,0.02888099999999999
2018-10-22,0.24692785471020384,0.16676797666566845,0.05044579611603556,0.029058
2018-10-23,0.24209695286883326,0.164733144622776,0.039094846298099756,0.021678999999999976
2018-10-24,0.23837493500860998,0.16479940146736385,0.04841945534048714,0.025561
2018-10-25,0.23606314413504667,0.14589294736734681,0.01745002119332345,0.024304999999999993
2018-10-26,0.24068933333385348,0.14566175532802725,0.03666835871836141,0.027016000000000012
2018-10-29,0.23882376070279487,0.14572124323183752,0.01821958416693606,0.032642000000000004
2018-10-30,0.23828752615361376,0.1720828478920773,0.00937855728602921,0.029052999999999995
2018-10-31,0.23534473853886909,0.17573196708911143,-0.014442965025651705,0.029855999999999994
2018-11-01,0.23447579054279147,0.16864085330314862,-0.023411359062386172,0.032458000000000015
2018-11-02,0.23337017813813585,0.1723177745600575,-0.018120403459661316,0.028050999999999993
2018-11-05,0.23500466293578245,0.16639619614090234,-0.02268938072546134,0.033363000000000004
2018-11-06,0.2353679414082987,0.1809237086775213,-0.031597008423322887,0.032888
2018-11-07,0.23518289501373255,0.1670173262320365,-0.05314041115014351,0.028131000000000017
2018-11-08,0.2352515050054906,0.18104550152987206,-0.040037691517283425,0.012087999999999988
2018-11-09,0.23439316397444493,0.16430622492975472,-0.028297636317096114,0.03282199999999999
2018-11-12,0.23390345387285988,0.17865151820343808,-0.017016981453716384,-0.012751999999999986
2018-11-13,0.23403186081849411,0.1627695094175422,-0.004327554264707156,0.020166000000000017
2018-11-14,0.23287036909581063,0.15744674161756286,-0.013993820342605323,0.001870999999999956
2018-11-15,0.2329253801158566,0.15698017578716608,-0.011185277510997849,0.039352
2018-11-16,0.23289196463075285,0.16021891226886448,-0.01965967733851709,0.022924
2018-11-19,0.23227618891402238,0.1560407388103991,-0.01464036774267466,0.03236900000000001
2018-11-20,0.2307344539723714,0.15312117768553743,0.0150034344241545,-0.061265000000000014
2018-11-21,0.2301170995142411,0.15704758281124512,0.027801660954721336,0.06997700000000001
2018-11-23,0.23087830239413842,0.15762725974206782,0.02260191407539744,-0.23481500000000005
2018-11-26,0.2303462773110409,0.1546543545054321,0.008661056239706005,0.043072
2018-11-27,0.2299639265374807,0.1493513266552785,0.02225951591930847,-0.03761500000000001
2018-11-28,0.23335798268620878,0.15477833362986193,0.020806240956629862,-0.02089100000000002
2018-11-29,0.23257859499881675,0.1582263845514262,0.047280860125825774,0.14165699999999998
2018-11-30,0.23156307152725855,0.16828964031392782,0.023007776698523247,0.10779
2018-12-03,0.23039595077391542,0.15715563561252652,-0.0007191673334921433,0.16236199999999995
2018-12-04,0.2263131006229158,0.15540600226513956,0.011272900195142571,0.04984199999999994
2018-12-06,0.22430320271770732,0.18722783864028933,0.024919918153493814,0.327426
2018-12-07,0.22231630145416348,0.18146982316390955,0.018483953240726353,0.28115700000000005
2018-12-10,0.21881110046280508,0.16453016562083245,0.017993652347771116,-0.0019140000000000268
2018-12-11,0.21538310819826012,0.15968542178938927,-0.004459648074718353,0.025649000000000005
2018-12-12,0.21533364293383833,0.15937889668977664,-0.011456791362479596,0.018561999999999995
2018-12-13,0.2135850366520259,0.15919715943729065,-0.015084400606705378,0.021532999999999997
2018-12-14,0.21269947708712122,0.15938196948445396,-0.00946067967218539,0.06853700000000001
2018-12-17,0.2114655850978752,0.16001641836263933,0.006065193139405484,0.04281200000000002
2018-12-18,0.21159194751127677,0.15952445454299172,0.012541848050250132,0.044301000000000035
2018-12-19,0.20968735558119853,0.16002536192668096,0.010636064609011842,0.03839500000000001
2018-12-20,0.20062693705458265,0.15983436521940653,0.02349789524917889,0.050898
2018-12-21,0.19366403534850768,0.15938693997684236,0.03398223205958384,0.05316199999999999
2018-12-24,0.19238598442808957,0.16220267778945616,0.09251878699923327,0.054234000000000004
2018-12-26,0.18370574694882183,0.16138301437463098,0.04223633929241355,0.052837999999999996
2018-12-27,0.17806000791744314,0.16170717351319366,0.03922636705560234,0.05434300000000003
2018-12-28,0.1762988646784521,0.1600610806615307,0.008122671980502594,0.045381000000000005
2018-12-31,0.1747238459754091,0.15916095243589104,-0.004229856662420206,0.04383799999999999
2019-01-02,0.16951089555954096,0.14529497122230253,-0.020802306392877057,0.045203999999999966
2019-01-03,0.16735480082990856,0.14461085900265053,-0.017675454489080256,0.046483
2019-01-04,0.16724660613703468,0.14429778204036203,-0.043124680285648365,0.04114200000000001
2019-01-07,0.1633727427658441,0.14500315354914473,-0.02499532033748425,0.02656599999999998
2019-01-08,0.16330574316702293,0.14458304838288755,-0.032795648543091915,0.03600399999999998
2019-01-09,0.16137495268998958,0.1445902517889865,-0.030372123230549275,0.04325200000000001
2019-01-10,0.15949624308604254,0.1440269745874372,-0.03753343017747007,0.046197000000000016
2019-01-11,0.1586367141989896,0.14360820241874417,-0.048496770061817435,0.04977100000000004
2019-01-14,0.15806147142442994,0.1558889267180247,-0.0518695010067573,0.04544899999999999
2019-01-15,0.15766868108843637,0.15543802473905544,-0.05337089229084871,0.03952899999999998
2019-01-16,0.15688865146480105,0.1548173472871662,-0.054969560389305644,0.03945299999999999
2019-01-17,0.15650142624276103,0.15464892236758293,-0.05545905452397848,0.043743000000000004
2019-01-18,0.1552464586445851,0.1536953611263275,-0.07215572825266175,0.03708700000000001
2019-01-22,0.15462747682124797,0.15530284381265697,-0.03748529634271944,0.04558799999999999
2019-01-23,0.16124984569591477,0.15637099199195703,-0.011694513771485948,0.046665999999999985
2019-01-24,0.16165823497615725,0.15593939057397155,0.0037089428312625794,0.05047199999999999
2019-01-25,0.16346082200102838,0.15618498266483954,0.0019558256988871092,0.04363300000000003
2019-01-28,0.16454725781634127,0.1564268288337056,0.03993648975691241,0.052386000000000016
2019-01-29,0.1650624855136735,0.15568076661433533,0.053945605770101324,0.04924200000000001
2019-01-30,0.15411589510981372,0.15495689006024752,-0.013862178735102426,0.038466
2019-01-31,0.14981719631886792,0.15549914840679524,-0.034235110863958224,0.037228999999999984
2019-02-01,0.1488435517851025,0.15555057395619837,-0.02783136179382037,0.032986000000000015
2019-02-04,0.1485949712426019,0.15532775682587277,-0.021626415020537693,0.03179500000000002
2019-02-05,0.14883929883153574,0.1561023524174735,-0.025785823776835637,0.027961999999999987
2019-02-06,0.14914736549059324,0.1545635862837271,-0.014159946350314728,0.027934999999999988
2019-02-07,0.14666647098198932,0.15490117280890614,-0.011825901240164305,0.03697
2019-02-08,0.14665487842113312,0.1548420310324921,-0.008947598428522358,0.033297999999999994
2019-02-11,0.14625823339994026,0.15464789488752717,-0.004897413774840015,0.027545000000000014
2019-02-12,0.1488447929279041,0.15440667448974524,-0.012849375763099191,0.031788999999999984
2019-02-13,0.14868144479832365,0.15459291024792707,-0.015074597630085063,0.03345500000000001
2019-02-14,0.1485864177767783,0.15486115091451388,-0.010599552205547758,0.03254399999999999
2019-02-15,0.14886516430975646,0.1549729977573641,-0.019790778767249162,0.031291999999999986
2019-02-19,0.15580425351609953,0.1549984746471006,-0.022262726104767455,0.031090000000000007
2019-02-20,0.15616369084042325,0.14917448560205246,-0.020369905435987656,0.028867000000000004
2019-02-21,0.15560482359865666,0.14850471722403008,-0.015326315836450555,0.03465399999999999
2019-02-22,0.1558349236139177,0.14951680300126338,-0.022445596699613962,0.02988099999999999
2019-02-25,0.15580067988154123,0.14980322556102332,-0.016559061315060797,0.027171
2019-02-26,0.1552108772389665,0.1494747970921532,-0.0229215120228676,0.03231999999999999
2019-02-27,0.15545852152169673,0.1495981534066507,-0.023418773428785677,0.03240499999999999
2019-02-28,0.15600161837409657,0.14946366563362207,-0.02334100315965204,0.028193999999999997
2019-03-01,0.15724780116129733,0.1515507811080474,-0.003633047227277225,0.030755000000000005
2019-03-04,0.15313981494273113,0.1494105497098002,0.010956682488931946,0.03720600000000002
2019-03-05,0.15450866945337938,0.14921857812817949,0.013382117127401089,0.025448
2019-03-06,0.15426996087914288,0.14883803815605337,0.013401715500780398,0.02706900000000001
2019-03-07,0.15475439637551433,0.1495496882753287,0.010657883669686535,0.03916
2019-03-08,0.15551889156283769,0.14998667383203038,0.015629713076357216,0.02954699999999999
2019-03-11,0.16002410344564716,0.149843003042977,0.002688337877139929,0.03550399999999998
2019-03-12,0.15872099769341416,0.14941028110503438,-0.004209730039729187,0.034577
2019-03-13,0.15812636806907232,0.14943053843803783,-0.003024910385825863,0.03288200000000002
2019-03-14,0.15783338090819302,0.15145131473893758,-0.0053770057405725935,0.032438999999999996
2019-03-15,0.15739233338534808,0.15104289538109206,-0.008739036078654977,0.03090599999999999
2019-03-18,0.15731796247239196,0.15517242689429747,-0.005004103581125047,0.037361000000000005
2019-03-19,0.15643425541642925,0.15698523155554497,0.004778132099689275,0.03547799999999998
2019-03-20,0.15592866101669486,0.15668276197988384,0.009013455108203006,0.03171600000000002
2019-03-21,0.15508509836958276,0.15799210459645383,0.01173913838042287,0.03400500000000001
2019-03-22,0.15454863889433165,0.1494067531920181,0.032211606162830864,0.028868999999999978
2019-03-25,0.15370528618561663,0.15666342666564198,0.04267737547530598,0.037553
2019-03-26,0.1532011355276977,0.15147693553571792,0.027546720334005348,0.04227
2019-03-27,0.15266677465692305,0.15050199638304348,0.03595978680921008,0.03254000000000001
2019-03-28,0.1519835641186483,0.15043077512373057,0.05143776257560753,0.03253
2019-03-29,0.1523755112915248,0.15223082520175002,0.02654727223491002,0.041725999999999985
2019-04-01,0.15247478918773316,0.15139248521508789,0.029978458362201282,0.040135000000000004
2019-04-02,0.1526654755169166,0.15996005388698478,0.05818559549279795,0.03931299999999999
2019-04-03,0.15220033961052376,0.1606607363042983,0.05405708373313067,0.04116
2019-04-04,0.15251740078786166,0.16108413395335738,0.059434011557944505,0.037244
2019-04-05,0.15207932268391855,0.1579269787444765,0.05176585917138565,0.037739999999999996
2019-04-08,0.1518170305622753,0.1558667578431353,0.06265886870570958,0.037112000000000006
2019-04-09,0.15134282153767278,0.15408149844052524,0.0662688602517564,0.04194700000000001
2019-04-10,0.15294677556255834,0.15968932862498728,0.06982832909028522,0.040082000000000007
2019-04-11,0.15283699159546238,0.16165119851788115,0.07078217679613255,0.03636700000000001
2019-04-12,0.15221070203955858,0.15557832363718996,0.06452416367364472,0.03497700000000001
2019-04-15,0.15198679870812043,0.15675958143268626,0.07053453984064975,0.03443499999999999
2019-04-16,0.15168746280035458,0.1592302697876469,0.06069306252979989,0.03556199999999998
2019-04-17,0.15210761426547584,0.1560508388819978,0.07916486974431651,0.025863999999999998
2019-04-18,0.1523423302940889,0.16033799780610353,0.07190658992167513,0.02749299999999999
2019-04-22,0.1529637577785816,0.1575987521804132,0.08248537727588949,0.029647000000000007
2019-04-23,0.15461206641730452,0.16082542466092647,0.0802819566670046,0.028801999999999994
2019-04-24,0.15085986476707297,0.1589539204975026,0.016933400071316884,0.025561
2019-04-25,0.15020853142078885,0.16012521568856736,0.017252240126617413,0.022752999999999995
2019-04-26,0.1487819998701759,0.1591524384611136,0.006188674411367029,0.024955000000000005
2019-04-29,0.14829008428832807,0.15931886128701256,0.010854419394843523,0.01897600000000002
2019-04-30,0.14882566628954805,0.15909738303762236,0.0038543166896861936,0.021612999999999993
2019-05-01,0.14989719932026985,0.15102777408539902,0.00483775581164933,0.02041800000000002
2019-05-02,0.15065525914046823,0.1465968277638044,0.0072642784615133404,0.024600999999999984
2019-05-03,0.15337837569907234,0.14677074591208936,0.0037208930373843208,0.021307999999999994
2019-05-06,0.15603200260672678,0.14689984012919902,0.01442976820978975,0.027095000000000008
2019-05-07,0.15710333758973855,0.14839887931658294,0.029275209256472146,0.03106500000000001
2019-05-08,0.1590466498059212,0.1481205018347096,0.04012934977242913,0.025723000000000024
2019-05-09,0.15922140334847526,0.14829464496107952,0.03352728748839526,0.014296000000000003
2019-05-10,0.15879220770959682,0.14722192869367282,0.02031290571383243,0.02647000000000002
2019-05-13,0.1587111587865228,0.14849491441228063,0.04144021048454921,-0.0018829999999999958
2019-05-14,0.15653438576725864,0.14769575710081628,0.028014851382595574,0.022465000000000013
2019-05-15,0.15657075060339615,0.1472312390643953,0.010671470967006214,0.02662299999999998
2019-05-16,0.15650810417046657,0.14703461028260903,-0.005755280871910656,0.026806999999999997
2019-05-17,0.15574648957291753,0.14763385641072674,-0.0010033093090156542,0.01924300000000001
2019-05-20,0.14847531158014382,0.1473429571707024,0.0014447638507751603,0.02210200000000001
2019-05-21,0.14713773151867363,0.14744355199887363,-0.014734689944007173,0.019653000000000004
2019-05-22,0.1468420590268233,0.14692389849774531,-0.021962128504553036,0.023478
2019-05-23,0.14673940462661955,0.14641993532891637,0.0012309750350733284,0.02943699999999999
2019-05-24,0.14889175071754107,0.14721260775720071,0.0011706029453001643,0.024331999999999993
2019-05-28,0.14902853081380923,0.14832641347004466,0.01798287775052873,0.024791000000000007
2019-05-29,0.1478169689029842,0.14913910991584117,0.02993776757994046,0.030642000000000003
2019-05-30,0.14738121163589074,0.14763082830226754,0.020836445825587024,0.03604200000000002
2019-05-31,0.14469047792031012,0.14697205658913137,0.04093727422254562,0.03841900000000001
2019-06-03,0.14257552284527983,0.14768332786276145,0.0362043622993872,0.03895000000000001
2019-06-04,0.14152253988456048,0.1474604465191027,0.016243652615197057,0.03608600000000001
2019-06-05,0.14157333256218071,0.1483125681111431,0.011033511780469019,0.039309999999999984
2019-06-06,0.1407798213189778,0.1471768534268055,0.003329965304721627,0.035973000000000005
2019-06-07,0.13996747023843084,0.14510734154546195,0.0023424636280682254,0.031779
2019-06-10,0.14041574839312568,0.1454675430301881,-0.006257191445577459,0.035362000000000005
2019-06-11,0.14159122192226403,0.1455462244403786,-0.006115116363561629,0.03862400000000002
2019-06-12,0.14385498014744996,0.145661835076083,-0.007802922223464431,0.03988800000000001
2019-06-13,0.1462577903806734,0.14507200393462893,-0.005163691445076751,0.025804999999999995
2019-06-14,0.1475315802448508,0.14427877642768225,0.0017897541155309782,0.007269999999999999
2019-06-17,0.14913064321556482,0.14428262241139644,0.003499469192130178,0.03745799999999999
2019-06-18,0.14954161422597906,0.1453271279372433,0.015595320084124509,0.01913899999999999
2019-06-19,0.15034198492736622,0.14650526079246184,0.02609493832805701,0.02018600000000001
2019-06-20,0.15060288023151708,0.14807667743386757,0.030958167030760875,0.024812
2019-06-21,0.15226794850227873,0.14836178406691564,0.036395823138919564,0.031457999999999986
2019-06-24,0.15261131190826288,0.1502010649900917,0.03426329835495753,0.03298999999999999
2019-06-25,0.1530632836990028,0.15043677823559246,0.0423597412803956,0.037965
2019-06-26,0.15310302051454372,0.15044789094674002,0.04781816273275208,0.038423999999999986
2019-06-27,0.1523518901893832,0.1503794645360817,0.0487456365259448,0.036195000000000005
2019-06-28,0.15230362973636535,0.15035824355386157,0.03752941836489193,0.04356299999999999
2019-07-01,0.1519985475082433,0.1494736288353945,0.04805871562122696,0.028774000000000022
2019-07-02,0.15172787894485507,0.14812467502877763,0.0354188198224111,0.03464399999999998
2019-07-03,0.15216960039454655,0.14787796019769148,0.046963969471079364,0.03312000000000001
2019-07-05,0.15284447585166291,0.14931678126690381,0.04693014881381016,0.03575299999999998
2019-07-08,0.15284654597341368,0.14974424692345978,0.0654843495374055,0.032125000000000015
2019-07-09,0.1530054796004601,0.14830720763994265,0.0691579069512575,0.038600999999999996
2019-07-10,0.15309108979857808,0.15279273551724706,0.08484370785114094,0.035689
2019-07-11,0.15143451638728414,0.15496266987586169,0.08566292710838189,0.039054000000000005
2019-07-12,0.1520043191800316,0.1547094587106191,0.07768065280388782,0.03367400000000001
2019-07-15,0.15236125304857234,0.15206645608380193,0.07918104779825433,0.034109
2019-07-16,0.1527622671916939,0.15242642398270706,0.08210999645593568,0.03575900000000001
2019-07-17,0.1537482544040536,0.1512132003769114,0.08896617954887298,0.03281200000000001
2019-07-18,0.15343980695073706,0.15355044409432295,0.09413610612883282,0.03789000000000001
2019-07-19,0.15311695939730047,0.15384165127920243,0.10577994447887111,0.036437
2019-07-22,0.15303003145285632,0.15372203766109582,0.1246348221654904,0.039009000000000016
2019-07-23,0.15104771089143826,0.15508490139328807,0.11701773656983858,0.042584999999999984
2019-07-24,0.14961031768318767,0.14887222379260814,0.029311421095623763,0.033252000000000004
2019-07-25,0.14910877409168452,0.1492601586148197,0.02071341689783776,0.03582100000000002
2019-07-26,0.15197332163123387,0.1497864598602892,0.012389486440657349,0.024650000000000005
2019-07-29,0.15182751105954226,0.1497560218874279,0.009898632092168347,0.027296999999999988
2019-07-30,0.1537374916815689,0.15030541052703364,0.012917466542096967,0.032916
2019-07-31,0.152316305371299,0.1489287221940581,0.020030296601146413,0.026625999999999983
2019-08-01,0.1533806701052396,0.14958668425631633,0.025019037559794705,0.035729999999999984
2019-08-02,0.15174168927025727,0.14786609415038612,0.02706062733362502,0.03891
2019-08-05,0.1489664079485844,0.14898588510867433,0.06033952998435785,0.05110400000000001
2019-08-06,0.148785255140053,0.14794079212766337,0.03456063153351929,0.048485
2019-08-07,0.1467054996023381,0.14786349888176434,0.030834541678064403,0.03789999999999999
2019-08-08,0.14617369532864602,0.1470940724207791,0.005922615207538673,0.043238
2019-08-09,0.145526711696229,0.14777704246135331,0.00687114273485237,0.04031600000000002
2019-08-12,0.1454825736422461,0.14813084718909622,0.014197001906465334,0.04519100000000001
2019-08-13,0.14465582447255487,0.147456079137583,0.003253963062113202,0.04037099999999999
2019-08-14,0.14429805636069729,0.14855146389784393,0.0425829245234044,0.037855
2019-08-15,0.14315687552014336,0.14823473043932683,0.03007569507193636,0.04259399999999999
2019-08-16,0.14287886900072352,0.14750935920561475,0.001977610115627637,0.043586000000000014
2019-08-19,0.14279808620188716,0.14607036963152978,-0.0005601357769356163,0.04095299999999999
2019-08-20,0.1430114681639385,0.1469752180740952,0.009706856672044767,0.04017899999999999
2019-08-21,0.15151624503022537,0.1467487326690992,0.00876704431659378,0.042836999999999986
2019-08-22,0.15755821379756518,0.14845575476085046,0.018940522262564014,0.03950899999999999
2019-08-23,0.1560581699125076,0.14816164307577578,0.03568595546992864,0.04861300000000002
2019-08-26,0.1553498502244729,0.14808836120958715,0.03240330458962001,0.046164999999999984
2019-08-27,0.15572733126164265,0.14843552918362085,0.04089910544939068,0.04259399999999999
2019-08-28,0.15705588182705302,0.1480436915415171,0.029002530930373194,0.048954000000000025
2019-08-29,0.15728416927670907,0.14909622932289143,0.020106857803466188,0.043363999999999986
2019-08-30,0.15806812512549184,0.14951093992143943,0.021066302969139916,0.04524499999999998
2019-09-03,0.15746012586860864,0.14991621098993735,0.03742364854336283,0.054393
2019-09-04,0.1583510182017351,0.1492590178503203,0.03842172458128992,0.04710500000000001
2019-09-05,0.1603636617791222,0.14922576685854733,0.031693240772175446,0.04331399999999999
2019-09-06,0.16019368821366128,0.1488677357544874,0.03275237098754401,0.04274800000000001
2019-09-09,0.15549934888159955,0.14864797590097012,0.035757596724396795,0.04288599999999998
2019-09-10,0.15408076222457603,0.14954521982226035,0.03037870360510095,0.044264000000000026
2019-09-11,0.15241463950775883,0.1488737979635642,0.03322370274827091,0.041797
2019-09-12,0.15005839332124574,0.1511484762456712,0.029528503070782752,0.04148399999999999
2019-09-13,0.14891618657506103,0.1575608461682573,0.027810702297762502,0.037186
2019-09-16,0.14751183011487706,0.15847521438077392,0.04956612966664953,0.02727300000000002
2019-09-17,0.14670488926530703,0.15535337408592442,0.03602763454823288,0.036731000000000014
2019-09-18,0.14576437418608598,0.15015618580860704,0.03612278477093145,0.037334000000000006
2019-09-19,0.14539428159627826,0.14942542891968733,0.03130664158662741,0.03745799999999999
2019-09-20,0.14369416197338739,0.15009857963748413,0.03499040676095727,0.028086
2019-09-23,0.14363546814537065,0.15640872623698845,0.04519095936748091,0.029874999999999985
2019-09-24,0.14360042948841992,0.16238916291094949,0.06994963765743253,0.03201499999999999
2019-09-25,0.14325209795087,0.16372053284238391,0.06660852035999854,0.03559499999999999
2019-09-26,0.14300012242660085,0.1626762748918541,0.05973297562023336,0.03750300000000001
2019-09-27,0.1417268850129051,0.16241756083994052,0.06715362344319348,0.03937499999999999
2019-09-30,0.1414192663147568,0.1625649999898044,0.06470445884864079,0.039873999999999965
2019-10-01,0.1410790078377583,0.1640022508106013,0.0729027622478618,0.03670699999999996
2019-10-02,0.14130712179475124,0.16448110152352347,0.08390265424629856,0.040407000000000026
2019-10-03,0.14095874560247165,0.16538315864259795,0.07538911775317192,0.04264100000000001
2019-10-04,0.1409791910155161,0.16509319174657502,0.06487192496747793,0.03787499999999999
2019-10-07,0.14076316479857526,0.16415091265844398,0.07622020492211504,0.031604999999999966
2019-10-08,0.14067313688700672,0.1658080563195603,0.12408825253188388,0.031769999999999965
2019-10-09,0.14109846625613023,0.16545751103224024,0.11950654024477247,0.03590400000000002
2019-10-10,0.14054814981145514,0.16492017736528364,0.11529757661666207,0.03930500000000001
2019-10-11,0.14064030179064899,0.1646864017523875,0.11678813877750496,0.03206199999999998
2019-10-14,0.1402433645667561,0.16536173502845117,0.13619088122139034,0.03218199999999999
2019-10-15,0.13914605356993964,0.16694431287661876,0.13797096056353506,0.037801999999999975
2019-10-16,0.13932328640733233,0.16682483985074273,0.1396210777629704,0.03869800000000001
2019-10-17,0.13964431887233658,0.1671450281920884,0.13729463421620458,0.03775499999999998
2019-10-18,0.13952686056693991,0.16778994877466705,0.143145990857451,0.03515799999999997
2019-10-21,0.13947395999524342,0.16816698775433442,0.1453961501226373,0.03191199999999997
2019-10-22,0.13758273335624102,0.16635874610121618,0.13544977740526287,0.03065799999999999
2019-10-23,0.13796943541224616,0.1659116857535586,0.13487200256735185,0.028115
2019-10-24,0.13437883477590035,0.16615491723627257,0.12511112728935966,0.02828799999999998
2019-10-25,0.1344234142463512,0.16657974918456794,0.10627126483036592,0.028272999999999993
2019-10-28,0.13437609883599952,0.1629860629944901,0.039300889537482064,0.01967000000000002
2019-10-29,0.13685896033277017,0.1432140724813443,0.025064375544915002,0.01907500000000001
2019-10-30,0.13514604766977653,0.14351503739285287,0.014913596145244595,0.020586999999999994
2019-10-31,0.1367272258745943,0.14376191939677088,0.003989375735466094,0.026041999999999982
2019-11-01,0.13851126645866152,0.14478089979641495,0.001146621037672213,0.024253999999999998
2019-11-04,0.13765638945483968,0.14731871031027,0.004718995384898478,0.016850000000000004
2019-11-05,0.13746546619582037,0.14836138799633933,0.0036772549903980045,0.02029900000000001
2019-11-06,0.1377005406962109,0.14772808768431636,-0.0014346775764159658,0.021699000000000024
2019-11-07,0.13818494311929877,0.14765347276432725,-0.004453859337090332,0.024122000000000005
2019-11-08,0.14139959818099446,0.1494079155921597,-0.004341751500843843,0.024425000000000002
2019-11-11,0.14167540482269275,0.14978092246443253,-0.0033221831319703576,0.021965999999999986
2019-11-12,0.14192991230235408,0.14942640381285452,-0.00409340608810177,0.023760000000000003
2019-11-13,0.14224196639946757,0.14926192570948793,0.00186956231027946,0.024492999999999987
2019-11-14,0.1418884569436365,0.14826410197303377,0.0059798061657013735,0.01803200000000002
2019-11-15,0.1424440155944327,0.14865555414845838,-0.007751348281706871,0.019421999999999995
2019-11-18,0.14219303370673347,0.14842219377663496,-0.006515134656412763,0.023334999999999995
2019-11-19,0.13311905458740264,0.1480292244717558,-0.0009192754271918901,0.021844000000000002
2019-11-20,0.12637751234437933,0.14859611534081052,-0.006575141599154233,0.030951000000000006
2019-11-21,0.1285322186453528,0.14880341021893453,-0.006000490724854812,0.035073999999999994
2019-11-22,0.1323009309534284,0.14632240385818424,-0.004923063524017113,0.02774299999999999
2019-11-25,0.14162215048013946,0.14670938329219932,-0.00824599284934982,0.027802999999999994
2019-11-26,0.17306291573981053,0.14681404190405434,-0.004808910552562995,0.022355000000000014
2019-11-27,0.1810388410166041,0.14673704615681377,-0.002954337013448577,0.019318000000000002
2019-11-29,0.19434717845986074,0.14695611286502988,0.0031601339353577174,0.022115999999999997
2019-12-02,0.19860662677209626,0.1498690895648919,0.007170446481166548,0.02705200000000002
2019-12-03,0.2005661850690795,0.14861744040121175,0.007142853481142186,0.028506000000000004
2019-12-04,0.2026961365471544,0.14978117447181188,0.013840204690556163,0.017091999999999996
2019-12-05,0.2140866312402577,0.14957790944508695,0.0012050963588882413,0.028329999999999994
2019-12-06,0.2232984776567138,0.14940031362485912,-0.004009914820577276,0.023285
2019-12-09,0.2255938992603646,0.1516318923535548,0.0018239381090676132,-0.08023899999999998
2019-12-10,0.24696608099534392,0.15087909454127207,0.0011448146783400726,0.031816999999999984
2019-12-11,0.2672455215832925,0.15020037642178377,0.0006208423005189811,-0.003927999999999987
2019-12-12,0.2950509578238974,0.14852635893723712,-0.004657778617607744,-0.004412000000000027
2019-12-13,0.30146419616702447,0.14752175672151238,-0.01602892772805703,-0.022260000000000002
2019-12-16,0.32244355739388664,0.1476379619349245,-0.01804537104830442,0.027838
2019-12-17,0.33438958943799,0.14856978782804822,-0.012990697815544072,0.02237900000000001
2019-12-18,0.34205250094157746,0.14844276319892116,-0.013095357733573731,0.022345000000000004
2019-12-19,0.3513740904356132,0.1478605936278438,0.004211730094484667,0.029505000000000003
2019-12-20,0.3590034248352962,0.1479422618678836,0.02456736489527657,0.020916000000000018
2019-12-23,0.3801417059413768,0.14799299867319513,0.0361562747198865,0.025290000000000007
2019-12-24,0.38688372044351704,0.14823942547518457,0.04256256161159218,0.028221000000000024
2019-12-26,0.39406060815761834,0.14982630909096847,0.05596271886720969,0.031384999999999996
2019-12-27,0.39622442280435904,0.1506021951482804,0.080380698958053,0.028804999999999997
2019-12-30,0.3977396834256797,0.15063891234687463,0.0956324902853344,0.03237800000000002
2019-12-31,0.3998304897999801,0.1512338184316465,0.10024752748960346,0.03246099999999999
2020-01-02,0.40047155482434327,0.14968590125279985,0.10226482974764502,0.025648999999999977
2020-01-03,0.40435021319253084,0.14992787729533763,0.10284380465064423,0.03284899999999999
2020-01-06,0.40722975662692185,0.149633793407492,0.11045292860377774,0.030946999999999975
2020-01-07,0.4089648314683431,0.14897365862374518,0.11395778828010278,0.03168499999999999
2020-01-08,0.41111572261573265,0.150057899311002,0.1193186566113531,0.02580300000000002
2020-01-09,0.41208429923662426,0.14924243454375263,0.12117629959884112,0.028421000000000002
2020-01-10,0.4134801771257619,0.21466034446481813,0.1200099380621943,0.02670800000000001
2020-01-13,0.41454043009199254,0.19587925720133448,0.11803989780721298,0.030164999999999997
2020-01-14,0.4164555455207606,0.19765801253072626,0.11947217415245798,0.030162999999999995
2020-01-15,0.4172288036895214,0.18871467890163932,0.11586705960070427,0.026897999999999977
2020-01-16,0.4174932627112247,0.18219814365936784,0.10744453294744286,0.026781
2020-01-17,0.4185336861550708,0.19917455049736216,0.10273328977652445,0.023834999999999995
2020-01-21,0.41944171580212297,0.1962742632675984,0.10571867778684547,0.02515400000000001
2020-01-22,0.42171747366421003,0.1968202773908536,0.10758979325007544,0.016151
2020-01-23,0.4229299237934827,0.1887003899403863,0.11603852142298526,-0.032526
2020-01-24,0.42418323954615533,0.17203212891046876,0.10772746450887942,0.010657
2020-01-27,0.42542467911540904,0.15603339168830183,0.11596084924675466,-0.002366000000000007
2020-01-28,0.4254581010329691,0.1566562048109122,0.12257120137125287,-0.013575999999999977
2020-01-29,0.4256078077422526,0.15050115832707892,0.06053821128713886,-0.12582000000000002
2020-01-30,0.42556951441752566,0.1491795190937496,0.036448706132590075,-0.091552
2020-01-31,0.4265311682605383,0.15425140263676335,0.043511459398900665,-0.09298600000000001
2020-02-03,0.4262366551620567,0.15547978850958538,0.040593045731741856,0.0037470000000000003
2020-02-04,0.42609240003050625,0.15284257648477007,0.024160668441219196,-0.11243399999999998
2020-02-05,0.42673775320688456,0.1487570944906946,0.024555815360617295,-0.028100000000000014
2020-02-06,0.42675074448103695,0.14812448651072851,0.019073276879634837,-0.07122500000000001
2020-02-07,0.4271281782989797,0.15015646407994543,0.03487448753322561,0.021150000000000002
2020-02-10,0.42735311666863013,0.148784974955916,0.024680188596596653,0.027559
2020-02-11,0.42697854674422664,0.14996341672238228,0.020031375451151162,0.028977000000000003
2020-02-12,0.4281708253238833,0.1510942869545399,0.017738959273764204,0.009013000000000021
2020-02-13,0.42995247154041083,0.1493738777645703,0.006693969291895002,0.026144
2020-02-14,0.4301775103030909,0.15125335281923086,0.006344201445818626,0.022407999999999983
2020-02-18,0.43117774182504126,0.24489683960357012,0.005011218589161814,0.02962200000000001
2020-02-19,0.4313688252248606,0.2271327831829243,0.004330648149713151,0.022086999999999996
2020-02-20,0.4327633717739407,0.23717283894800548,0.008873079010340318,0.025858999999999993
2020-02-21,0.4333399600440992,0.21549975794035905,0.01383149969814404,0.031217999999999996
2020-02-24,0.43349790200533833,0.22140875891246617,0.04914410998265317,0.032631999999999994
2020-02-25,0.4332107550020377,0.16778864036326605,0.05927696307915792,0.04477800000000001
2020-02-26,0.43241471349935523,0.16938099095654122,0.05890441116487749,0.028011000000000008
2020-02-27,0.43025183530102984,0.16839752581489698,0.09650556958351564,0.03579199999999999
2020-02-28,0.4186577881480836,0.1694718529191901,0.11008407795998237,0.09695500000000001
2020-03-02,0.4160023565032758,0.16618262090552594,0.0012988623280422162,0.06603300000000001
2020-03-03,0.4098892406322261,0.1697519959164867,-0.00016758236208047617,0.07916000000000001
2020-03-04,0.40804000879701363,0.16585442111262896,-0.05988704377936807,0.08236200000000002
2020-03-05,0.4068574775613145,0.1695792301061669,0.03775262149242642,0.114896
2020-03-06,0.40620608525634316,0.1715830227768787,0.07437621745460027,0.166008
2020-03-09,0.40071862282124465,0.1754572880498901,0.1732408148378266,0.16168000000000005
2020-03-10,0.39588241718419614,0.17148043236736818,0.07799407164573763,0.161051
2020-03-11,0.3946186693916144,0.17427101980737666,0.1471170772826878,0.180527
2020-03-12,0.3829905315307534,0.18628796390848232,0.3565364810713788,0.194442
2020-03-13,0.371759224131018,0.17489298481329396,0.10039159551457033,0.34061899999999995
2020-03-16,0.3532573554457774,0.1815146586627428,0.17532898614549336,0.253895
2020-03-17,0.3503135479165213,0.1779734377449581,0.10385477868472148,0.29160600000000003
2020-03-18,0.3315506930152285,0.1811929546242392,0.13600533340831344,0.342696
2020-03-19,0.31988734933608676,0.18477146581683096,0.1546785601612265,0.25629199999999996
2020-03-20,0.31314071412231465,0.1832267455806378,0.13241686254537754,0.131143
2020-03-23,0.3028302096768585,0.183659834388096,0.11077276092140642,0.19496400000000003
2020-03-24,0.2942762421251093,0.30459353481971324,-0.01634753727997673,0.18513999999999997
2020-03-25,0.2681873739782746,0.31735751695189124,0.0387698708854739,0.16955900000000002
2020-03-26,0.25969794762384435,0.2970393457762342,-0.07482497032312574,0.155574
2020-03-27,0.24968449856578168,0.30121529204178,-0.05808194143905676,0.17949400000000004
2020-03-30,0.24686243121656967,0.2888265646657516,-0.09962185993848138,0.16843000000000002
2020-03-31,0.24591037991336193,0.2873474016869077,-0.08665342779759622,0.16409899999999994
2020-04-01,0.24393161420442544,0.2891078356295842,-0.0651863771907697,0.16335600000000006
2020-04-02,0.24339281038778587,0.28776907499913545,-0.09659229044765116,0.16313299999999997
2020-04-03,0.23686626563170746,0.28958216927200886,-0.0837279175305442,0.15373900000000001
2020-04-06,0.23182340578650693,0.2709763552758886,-0.18210706186740616,0.137698
2020-04-07,0.22926010119858778,0.2695623225338578,-0.1454029318701171,0.11218800000000001
2020-04-08,0.22598005068961277,0.26435056990957645,-0.17500456102420875,0.12291200000000002
2020-04-09,0.22510997916391923,0.25989115637170657,-0.19560455894409895,0.13246400000000003
2020-04-13,0.2230294220552403,0.2611761415565399,-0.15653710210636979,0.12770400000000004
2020-04-14,0.22210069723070405,0.24803787595639146,-0.1739473754895372,0.13176
2020-04-15,0.21870112956055843,0.24129991728645303,-0.07233471649901624,0.12959200000000004
2020-04-16,0.21807481526035258,0.23857764969933584,-0.06935109637059039,0.13634500000000005
2020-04-17,0.21755143351368292,0.22086300553077784,-0.09538788487199257,0.13087300000000002
2020-04-20,0.215449500683801,0.22756318826339425,-0.03490438184482436,0.11845799999999995
2020-04-21,0.21417269900249283,0.22579481586379688,0.025019567585818248,0.129944
2020-04-22,0.2097226274086294,0.21885613629093614,-0.02813612772999824,0.08677499999999999
2020-04-23,0.20866748585249142,0.2175003461980959,-0.024587362415095626,0.087758
2020-04-24,0.20797591786725225,0.2141750853841875,-0.006204327162771084,0.08797500000000003
2020-04-27,0.20483553750964156,0.21184936977649582,-0.014708347197280869,0.07756000000000002
2020-04-28,0.20587262786513522,0.2076507038351271,-0.0018599766726940525,0.07306799999999997
2020-04-29,0.20373956756823158,0.1889981561738667,-0.02215732141674137,0.06645199999999998
2020-04-30,0.20249466529451338,0.18130836827071303,0.039496897653912344,0.05252699999999999
2020-05-01,0.20046893910219094,0.19420974091637944,0.03521581460352052,0.066087
2020-05-04,0.20033464407632526,0.19572592594208899,0.03650428474574108,0.07014999999999999
2020-05-05,0.20040972272742524,0.18886736732331666,0.03441423804201166,0.06386200000000003
2020-05-06,0.19898880365566607,0.1895341997077385,0.06879010313472178,0.062612
2020-05-07,0.1994042357073777,0.1890013598185653,0.04530100513869001,0.06354599999999999
2020-05-08,0.19911753340493676,0.18703036199489534,0.02994788271676732,0.061758000000000035
2020-05-11,0.19814740146006532,0.1799457142341917,0.05087481499828714,0.05709599999999998
2020-05-12,0.1985817515527803,0.17746336893230072,0.06304951211811546,0.04659199999999997
2020-05-13,0.19647104605998522,0.2000425328100884,0.09974384123036686,0.06516699999999997
2020-05-14,0.1923212753687221,0.1991076429567752,0.08115100915233017,0.07506299999999999
2020-05-15,0.1920963069979982,0.19705315631125114,0.07334690613273773,0.073494
2020-05-18,0.18979722560705808,0.1934564598235232,0.0429113460887518,0.07589099999999999
2020-05-19,0.18874211455186576,0.19490347474278197,0.06386070270385463,0.07226100000000002
2020-05-20,0.1854124412766627,0.19168084464584023,0.050609625328637886,0.06694
2020-05-21,0.18449753122503337,0.18917358356694483,0.06397963632440065,0.06284499999999998
2020-05-22,0.18350221390779106,0.18950073928038697,0.07312397485949013,0.06120500000000001
2020-05-26,0.18235466859170293,0.19459636398995087,0.0684869190311605,0.07284800000000002
2020-05-27,0.18174290724390488,0.2016576252057918,0.08129339616988399,0.07419700000000001
2020-05-28,0.18001557406365426,0.19372471900357613,0.08104006845287554,0.06872400000000001
2020-05-29,0.1788215696301919,0.19126783869166358,0.08341763225563387,0.065216
2020-06-01,0.1769697314143822,0.18845133022783267,0.08225034416987095,0.06290699999999999
2020-06-02,0.17633835850198717,0.18574384629666313,0.07041402575182251,0.06432400000000005
2020-06-03,0.1765449247103627,0.18414101933382002,0.0678109316750792,0.061734999999999984
2020-06-04,0.1769459057979456,0.17419046211148667,0.0625643486476295,0.06126599999999999
2020-06-05,0.17741981305501223,0.17540419024406514,0.0561702336088043,0.06261299999999997
2020-06-08,0.17823820830022744,0.17596538699302955,0.057124389735849296,0.053354999999999986
2020-06-09,0.1792056588583086,0.17682446172219454,0.07493735675907548,0.04696299999999998
2020-06-10,0.17888554084353783,0.17767779559388933,0.09484431141576721,0.024473999999999996
2020-06-11,0.17550976893958417,0.18631806661914038,0.14379150348857928,0.045258999999999994
2020-06-12,0.17043240606372287,0.18708552418245677,0.14580779924175005,0.024094999999999978
2020-06-15,0.16393075088138906,0.18958282458252407,0.13428390956622166,0.05707099999999998
2020-06-16,0.15857675653274125,0.18532786087361977,0.11076244156700837,0.06445699999999999
2020-06-17,0.15869491207012934,0.18595459964206582,0.1199591959727126,0.05850300000000003
2020-06-18,0.15826842269257976,0.18466121078244768,0.11225742154648852,0.062248000000000026
2020-06-19,0.15558859465618857,0.18432551040080616,0.11026658722679636,0.05601400000000001
2020-06-22,0.15727056058414196,0.1837931820687401,0.11532334549550088,0.05688900000000002
2020-06-23,0.157728160205461,0.18338699732598576,0.1046074162398771,0.052827999999999986
2020-06-24,0.1570068022224604,0.1855746182206104,0.12538591808505745,0.04692500000000005
2020-06-25,0.15655958736910094,0.184417928475322,0.110616138200551,0.05014000000000002
2020-06-26,0.15577461932495937,0.18643348251539318,0.12955952502026347,0.03988999999999998
2020-06-29,0.15598850621738491,0.18367493886477418,0.10740201493986024,0.04945099999999997
2020-06-30,0.15400198952288513,0.18251890665798765,0.09696118212387736,0.04472799999999999
2020-07-01,0.15255929383415343,0.18001479352929156,0.08761661820695998,0.03798400000000002
2020-07-02,0.15163333378582672,0.17820010177477116,0.07116414219355516,0.03318500000000002
2020-07-06,0.15339830381456893,0.17810922583953984,0.07814045621123589,0.042984999999999995
2020-07-07,0.15407253745902252,0.17887525430307044,0.09215735273196449,0.033586000000000005
2020-07-08,0.15490475767240502,0.17871565491635613,0.09534450547916845,0.041137000000000035
2020-07-09,0.1542986846512104,0.17915455859860885,0.10891446323005721,0.048741000000000034
2020-07-10,0.15285433351716363,0.16475306903218487,0.09664296272744521,0.042711
2020-07-13,0.1528104402312784,0.16651973713352983,0.10797740689150603,0.046833000000000014
2020-07-14,0.15120529681908235,0.1654237401653033,0.11571790137657653,0.03523900000000002
2020-07-15,0.15192303678401053,0.1643991434852939,0.12238163142543984,0.04292399999999996
2020-07-16,0.15205399610309606,0.16690399565514924,0.13199238324232382,0.046167000000000014
2020-07-17,0.15238004984220543,0.1704356977368854,0.13354508172434382,0.036570999999999965
2020-07-20,0.1523319219586843,0.16801601881846412,0.12455848438869344,0.03278300000000001
2020-07-21,0.15243858827689982,0.16669352806145818,0.11460382808896391,0.05085299999999998
2020-07-22,0.15324411622958548,0.16637458843633232,0.12432506021784395,0.035679000000000016
2020-07-23,0.15216485594115237,0.1616406421333813,0.06293420342479661,0.029558
2020-07-24,0.15233719276187807,0.16460118171810106,0.06866906617371923,0.02383899999999997
2020-07-27,0.15372494703597775,0.16415271065475562,0.06344768810689905,0.02488700000000002
2020-07-28,0.15355437605294595,0.16266279742804768,0.05241642233634411,0.031471
2020-07-29,0.15316553197108648,0.16416992371409164,0.05240821447536537,0.033143000000000006
2020-07-30,0.15362552519625486,0.16367627694050516,0.06374472836505746,0.035891000000000034
2020-07-31,0.15669855192474838,0.1632543120551133,0.060792364912092695,0.03873499999999999
2020-08-03,0.15547763857656646,0.16457655578363478,0.06177830159776182,0.03919700000000001
2020-08-04,0.15683696840634226,0.16242719733446878,0.05583938478256961,0.04061000000000001
2020-08-05,0.15740767024276753,0.18031794199900816,0.05630496001646684,-0.14897400000000002
2020-08-06,0.1590532391296714,0.18051012193709728,0.06076804841977587,-0.330948
2020-08-07,0.16090327568634583,0.1794200225171755,0.0587204978388598,-0.14135999999999999
2020-08-10,0.16155322371866232,0.16464567459815954,0.059207193779498235,-0.011660000000000004
2020-08-11,0.1618892459535336,0.16561198636774052,0.048577645832136224,-0.02705099999999999
2020-08-12,0.16218474938631094,0.1644980311785006,0.04862467184877067,-0.025242000000000014
2020-08-13,0.1637435364572713,0.16287837400705119,0.05240019180011474,0.03392400000000001
2020-08-14,0.1640113546835066,0.1687133028921634,0.04106223286198432,-0.111157
2020-08-17,0.16509028045003607,0.1686567573413198,0.041612292519227795,-0.125206
2020-08-18,0.1656132954755639,0.16756912774221158,0.04096396054656459,-0.05707499999999999
2020-08-19,0.16645921949014178,0.1627239123761621,0.04490463929680211,0.05444099999999999
2020-08-20,0.1668017198075726,0.16641613787679246,0.044773410791628554,-0.05095299999999997
2020-08-21,0.16724183842336796,0.1586582093840966,0.031616406556793125,0.024803999999999993
2020-08-24,0.16720154149223254,0.15901639728362893,0.0421023583062502,0.03698400000000002
2020-08-25,0.16734722260447438,0.1608002758970863,0.046565433472303075,0.034413
2020-08-26,0.16778123449924198,0.16138699473835,0.052568991579489216,0.036923999999999985
2020-08-27,0.16762294041990256,0.16152444675393668,0.06026389469333232,0.03637599999999999
2020-08-28,0.1678603407379645,0.16181704191566465,0.06065863472829999,0.044404
2020-08-31,0.16826858040995876,0.1691511052944511,0.08226141431350648,0.02787500000000001
2020-09-01,0.1684837842623122,0.16910957515561126,0.08387658318517299,0.023566999999999977
2020-09-02,0.16803875548163508,0.16963860961972965,0.09546160873402834,0.03390699999999999
2020-09-03,0.164975592228893,0.16878025347905823,0.09538223915604091,0.04500699999999999
2020-09-04,0.16387947895857796,0.17184402961618403,0.10414125295362808,0.030945000000000028
2020-09-08,0.16184228111125593,0.17085654099819877,0.08854931641514657,0.03415800000000002
2020-09-09,0.16686327356331787,0.18489743764520788,0.08684731266863296,-0.08657199999999998
2020-09-10,0.17053192588833532,0.1730267761387777,0.0990052647157835,-0.03407500000000002
2020-09-11,0.17154470767490324,0.18230284253708404,0.08325148153981513,-0.17121600000000003
2020-09-14,0.17235143936545522,0.18193424812307457,0.08251868287138944,-0.26129899999999995
2020-09-15,0.17428000911886732,0.18140655171824596,0.07237951483187885,-0.08825599999999997
2020-09-16,0.17423811615665938,0.18150738158847676,0.07387350287319663,-0.13557400000000003
2020-09-17,0.17418524090522391,0.18133942025791328,0.06698029795425539,-0.13941100000000003
2020-09-18,0.1748858294693524,0.1809825627153061,0.06507850782532543,-0.13824400000000003
2020-09-21,0.17392455662355716,0.16693560277616418,0.0754633970490988,-0.400161
2020-09-22,0.17355143391348427,0.16254934303279706,0.0703690201072851,0.03260099999999996
2020-09-23,0.17237604783626603,0.16554524397259157,0.09528816325256156,0.031306
2020-09-24,0.171612332784422,0.16580647940410015,0.08731456536367785,0.03694800000000001
2020-09-25,0.1712128081438246,0.16781967042502896,0.09007061706582278,0.0036630000000000273
2020-09-28,0.17072149062915482,0.1745464755318577,0.07787765550555595,-0.12334399999999995
2020-09-29,0.17103666410801804,0.17461331490583923,0.0877540723771226,-0.165418
2020-09-30,0.17049576248840984,0.175011487615416,0.07623478569757863,-0.145013
2020-10-01,0.1705240498893603,0.16587389821363782,0.07741705902691343,-0.05060199999999998
2020-10-02,0.16963456656019885,0.16946627855636537,0.0903520242398298,-0.06496299999999999
2020-10-05,0.17053799010833334,0.16434065465775424,0.08912017181986673,0.034872000000000014
2020-10-06,0.17056360571190118,0.17268997621402832,0.09767402813003098,-0.17358400000000002
2020-10-07,0.17111068493197815,0.17155873012692,0.09495956390769222,-0.139847
2020-10-08,0.1718738583407401,0.16642316935931012,0.09470330683457595,-0.010250000000000037
2020-10-09,0.1716029246101487,0.1717619953750729,0.09390608867670114,0.08086399999999999
2020-10-12,0.17198712413432007,0.16442047143874317,0.09571135352495366,0.03428299999999998
2020-10-13,0.17146041571991721,0.16488563146268503,0.10262794829715374,0.03327900000000003
2020-10-14,0.17821082598409424,0.1665891803674307,0.11250766765564169,0.01976699999999998
2020-10-15,0.17866680711940075,0.16627764579190388,0.11220768684171936,0.03414299999999998
2020-10-16,0.1792940230441508,0.16689472021537627,0.12137744230035893,0.025000000000000022
2020-10-19,0.1783725667454972,0.16707243906114969,0.11575186169671448,0.038598999999999994
2020-10-20,0.17765860367346953,0.16951702250243184,0.1278835129642872,0.02715400000000001
2020-10-21,0.1780166645946288,0.17732282942400485,0.1391593942318868,0.004257000000000011
2020-10-22,0.17715941574959712,0.17144478706791777,0.056139596409368664,0.02826899999999999
2020-10-23,0.1773234930153525,0.1727646558519445,0.06303039164109958,0.027914999999999995
2020-10-26,0.18501208154471757,0.1736936987163207,0.07555241995634038,0.03861600000000001
2020-10-27,0.18984238123021982,0.175576162029177,0.08167066954813718,0.031542000000000014
2020-10-28,0.18998252612507557,0.17843113497228683,0.10947359994972067,0.045870999999999995
2020-10-29,0.18900442026297906,0.17822317447599034,0.0975160559114541,0.03478199999999998
2020-10-30,0.18951490480028788,0.17651444245749628,0.08449357885740433,0.051312000000000024
2020-11-02,0.1874547280265526,0.17582445179298867,0.07911110975722946,0.05340800000000001
2020-11-03,0.1868337299217596,0.1766605531266372,0.09131874792022032,0.042756000000000016
2020-11-04,0.18476908275010773,0.1694007427397927,0.043547116190892105,0.02718799999999999
2020-11-05,0.1828140814639401,0.17486577566808686,0.034992884486151815,0.022265000000000007
2020-11-06,0.1823797649075884,0.17346135892678435,0.02532371556635976,0.02332999999999999
2020-11-09,0.17977295764138237,0.17514418233839324,0.013697901213448882,0.044796999999999976
2020-11-10,0.17890972932083488,0.17466482530197686,0.0051246250142580885,0.036843000000000015
2020-11-11,0.177211935616155,0.177900542299878,-0.0011189091647469396,0.08050999999999997
2020-11-12,0.1773779296014392,0.18023267959441425,0.016544681263581218,0.0029819999999999847
2020-11-13,0.17907317092314146,0.1776320657839603,-0.004464259516813646,0.06749899999999998
2020-11-16,0.17887490650723836,0.175140120253059,0.005585438756443795,-0.009886000000000006
2020-11-17,0.17821984335732638,0.18132021024203826,-0.009205367128561293,0.116514
2020-11-18,0.1787983807644505,0.1865990530719121,0.0027983078355368896,-0.07835900000000001
2020-11-19,0.17999146969917862,0.18088935716711485,0.004307468415672588,-0.018379000000000034
2020-11-20,0.18052121316231554,0.17396804146880163,0.01539195381233302,-0.026272000000000073
2020-11-23,0.18149569828280582,0.17719178997055143,0.005775231206376408,-0.04182999999999998
2020-11-24,0.18236484501566905,0.17878045668559303,0.008176031237641268,-0.055352999999999986
2020-11-25,0.1830436409458437,0.1820520374751815,0.01574061632071555,-0.077681
2020-11-27,0.18331140002731658,0.18635095524197415,0.009567209409836963,-0.0002520000000000022
2020-11-30,0.18493068280682726,0.19354217055637363,0.028520856513780085,-0.08133499999999999
2020-12-01,0.18670409851750266,0.18241110742495095,0.024066434144790594,-0.020418999999999965
2020-12-02,0.1877609043940494,0.18163327358497702,0.02991020363442612,0.045409000000000005
2020-12-03,0.19184570517323835,0.18642549061667646,0.03485538356604545,0.032234999999999986
2020-12-04,0.1921030302879027,0.19173391649872956,0.044187013508542455,0.237927
2020-12-07,0.1937714110103987,0.19493654367273158,0.05982742671306371,0.06300700000000001
2020-12-08,0.18998308317033838,0.19028075678294812,0.0724564063621092,0.03844399999999998
2020-12-09,0.19381715819647105,0.1918418655521004,0.07858393411469669,0.18231200000000003
2020-12-10,0.1931033156971849,0.19169648198657352,0.0763314889557209,-0.014405999999999974
2020-12-11,0.1922952848728906,0.1950583565074616,0.10875515530808968,0.06465600000000005
2020-12-14,0.1911123701911269,0.19193841257920782,0.07518245860520453,0.015461999999999976
2020-12-15,0.19160610007485343,0.19050809002267946,0.0667581852051988,0.013131999999999977
2020-12-16,0.19201828721293662,0.19105936516324518,0.07129199165617447,-0.018268000000000006
2020-12-17,0.19173283491953286,0.19121773502614686,0.07086119366982457,-0.0023869999999999725
2020-12-18,0.19192577480086773,0.19163006445554173,0.07557764929504915,-0.014025999999999983
2020-12-21,0.19120318849245566,0.18949123239318488,0.06844965624239288,-0.0017400000000000193
2020-12-22,0.19072673523817477,0.18992810240427183,0.0746701541621437,-0.023627999999999982
2020-12-23,0.19142494266963875,0.1908635021726316,0.07436974906035998,0.12918199999999996
2020-12-24,0.19191231079401377,0.18998048136240633,0.07791195033508239,0.023000999999999994
2020-12-28,0.19188758896139627,0.19166294661973995,0.08351449839462749,0.17281199999999997
2020-12-29,0.19164502741240466,0.1923788751222597,0.08990970767278864,0.16142100000000004
2020-12-30,0.19217964484672492,0.19061202732224133,0.08627775008288341,0.019218000000000013
2020-12-31,0.19186473372814014,0.19329854042037062,0.09568281540174861,0.038439
2021-01-04,0.19067988609281047,0.19191625312781796,0.11125282699050956,0.11951599999999996
2021-01-05,0.18969648058335306,0.1899194271695211,0.09397056522721633,0.102526
2021-01-06,0.18867242557996827,0.18600115897145317,0.08429727125091191,0.26476299999999997
2021-01-07,0.1881890891037154,0.1792297050427049,0.08097255991291541,0.091252
2021-01-08,0.1873049557216165,0.17953290128607804,0.09295866433113598,0.074652
2021-01-11,0.18714295410750506,0.18219445361417966,0.1036038895407316,0.13088700000000003
2021-01-12,0.1877925470014727,0.1822662951768673,0.12174840887238364,0.17627200000000004
2021-01-13,0.1873964625042168,0.1822284835871903,0.1154823204315211,0.019106999999999985
2021-01-14,0.17988274344302432,0.18218519102499464,0.094229160535065,0.14845299999999995
2021-01-15,0.17911247504892586,0.1799940287482696,0.08656479225607666,0.22818000000000005
2021-01-19,0.17829907289056374,0.18013535454163643,0.08434924324994339,0.12466500000000003
2021-01-20,0.17838433546161978,0.18029768561781995,0.08632773906922384,0.215127
2021-01-21,0.18083090473143995,0.1802987264849275,0.09287108724148088,0.14311400000000002
2021-01-22,0.1798796041504348,0.18345159208732162,0.14250408594595096,-0.030658999999999992
2021-01-25,0.177710217716289,0.18277062669689048,0.10450583309863992,0.13590399999999997
2021-01-26,0.17632992125392885,0.18051853387974534,0.10320665188763195,0.030333
2021-01-27,0.16651258378933978,0.18566050492285538,0.07745526332702254,0.163628
2021-01-28,0.16139433035781026,0.182520147693384,0.059511781169476724,-0.005413000000000001
2021-01-29,0.16077886204043532,0.18513185102823757,0.06238161875101353,0.08957000000000004
2021-02-01,0.15864356093999163,0.18584103796042897,0.045283526765777404,0.16639000000000004
2021-02-02,0.15839325600289267,0.18366130686141763,0.019040523084575378,0.192488
2021-02-03,0.1587623353742132,0.1819088974121401,0.020518836223021003,0.277764
2021-02-04,0.16062343117024744,0.17921709496682964,0.0005970024616484271,0.23775499999999997
2021-02-05,0.1608430174649877,0.1768143747123134,0.007981746501161402,0.03547600000000001
2021-02-08,0.16203280892943211,0.17833780476682115,0.0018048115689364153,0.37695
2021-02-09,0.16348135189763208,0.17839138480779684,0.005107866899406205,0.33052
2021-02-10,0.16393928665939722,0.1757410467818091,0.007408025203789387,0.04052
2021-02-11,0.16589656957720894,0.17646612905655312,0.01144739149338403,0.256787
2021-02-12,0.16625514661916113,0.16953394227383065,0.007304718940202487,0.242083
2021-02-16,0.18342513530402152,0.17271689077669442,0.03913729883554215,0.242586
2021-02-17,0.18776003964314464,0.17445002647214125,0.050315599696800606,0.21176099999999998
2021-02-18,0.1889703773918381,0.1725056881978525,0.038206627530692705,0.27025099999999996
2021-02-19,0.19056487566432193,0.17247714372205064,0.025623624418068813,0.25102
2021-02-22,0.18979032723381417,0.15462296523932528,0.0226075476419991,0.265675
2021-02-23,0.18855039739047036,0.16162245825225763,0.036375720929568034,0.384511
2021-02-24,0.18912682690364735,0.15533924530985097,0.04085457514008051,0.16642999999999997
2021-02-25,0.1880598014521779,0.15357752172967767,0.07701925515985064,0.17243900000000006
2021-02-26,0.18653325501302764,0.15832561966852157,0.10982156937977308,0.12773200000000007
2021-03-01,0.18565224098126254,0.15286322465161975,0.07031845034118961,0.10514400000000002
2021-03-02,0.18526788494681792,0.15472465800944726,0.06337519056553714,0.15079399999999998
2021-03-03,0.18408053057427912,0.15342446306883095,0.0803384615024536,0.04280600000000001
2021-03-04,0.18190562886677644,0.15129171345609482,0.07421821141135693,0.050291999999999976
2021-03-05,0.1801926747295596,0.15158574698857188,0.0688595586346962,0.326527
2021-03-08,0.1757013033170209,0.153362517701182,0.06958562713658653,0.340188
2021-03-09,0.17490747814190138,0.1523231519147379,0.0533663213703513,0.27126999999999996
2021-03-10,0.17330992084582703,0.15663765679894434,0.0805050612524616,0.191913
2021-03-11,0.1727890328576595,0.1528239450451382,0.04004464545732844,0.174703
2021-03-12,0.164624084508962,0.15196581238105894,0.02188320086622833,0.353569
2021-03-15,0.1642334640518328,0.1486054445516338,0.014636408118028382,0.08280499999999996
2021-03-16,0.1639167236153286,0.14783627202760405,0.004880101703054446,0.11340699999999998
2021-03-17,0.16333670655284274,0.14668175088435653,-0.00024884343603487347,0.31307300000000005
2021-03-18,0.1624977279828393,0.14724606523816045,0.011327134027785235,0.09901999999999997
2021-03-19,0.16243906202977254,0.14569309627663746,-0.0005925883258337539,0.286592
2021-03-22,0.16171911506067904,0.16073384503963709,-0.017398818625578655,0.3873890000000001
2021-03-23,0.1605545428558629,0.16215398692918806,-0.010347965888204691,0.43921600000000005
2021-03-24,0.16031065699755356,0.16289680356582256,-0.0014035223086937554,0.27334100000000006
2021-03-25,0.15973154133170808,0.16494686537717168,0.00488188154350086,0.31197199999999997
2021-03-26,0.15827870381978287,0.16048499266463181,-0.000677527312430759,0.361479
2021-03-29,0.15726916694554738,0.1642504230461009,0.024382786187097466,0.18933199999999994
2021-03-30,0.15757982009230886,0.1641544335302459,0.0029671707350848175,0.30567900000000003
2021-03-31,0.15720703846116804,0.16384448983778782,0.021502511634990867,0.160468
2021-04-01,0.15677607763202744,0.16730797324734567,0.04485476180501205,0.237394
2021-04-05,0.15681256861832185,0.16573220971186933,0.0171080247523224,0.08535199999999998
2021-04-06,0.15731771043877665,0.1614707770510773,0.00966774683503363,0.022649000000000002
2021-04-07,0.15681372297656498,0.16343598971674542,0.022302929990553833,0.024287999999999976
2021-04-08,0.1566982757225439,0.1649787081688561,0.029125275923864907,-0.104858
2021-04-09,0.15660018411237964,0.16486106684553908,0.03539594673800947,-0.281815
2021-04-12,0.15698448102081008,0.164866742617775,0.03510954549971529,-0.10178299999999998
2021-04-13,0.1573850191442934,0.1619169378528032,0.06558744251800208,0.002828999999999998
2021-04-14,0.1560082042258676,0.16417184748146518,0.06964910024036905,-0.06312000000000001
2021-04-15,0.15629895194548024,0.15440989190808385,0.06650012015183229,0.06513999999999998
2021-04-16,0.1567526261479128,0.14328115293068536,0.0635331544519005,0.002232999999999985
2021-04-19,0.15961199229010303,0.14013190896916847,0.06421700778695291,0.008349000000000023
2021-04-20,0.16144226229458453,0.13876694353886593,0.07684019074924103,-0.20066799999999996
2021-04-21,0.16220730145593412,0.1399618561343394,0.07459513934891535,0.0013660000000000339
2021-04-22,0.16136506199502548,0.1329257107826199,0.04082924887878936,0.308462
2021-04-23,0.16118268423244178,0.13320127575786792,0.036978486554845896,0.213507
2021-04-26,0.16109188469879254,0.12945480251613053,0.021232568186189904,0.27836
2021-04-27,0.1625602515632735,0.14521252595942577,0.03495733469393053,0.42844499999999996
2021-04-28,0.16348366064109118,0.1446448387164695,0.03897832653771324,0.256723
2021-04-29,0.16342217284843838,0.1424122168388485,0.029335884045127006,0.30786700000000006
2021-04-30,0.16309007705153833,0.143192209975789,0.03935203461461269,0.112591
2021-05-03,0.16451883227635836,0.13891455955728013,0.031212246222943038,0.02496000000000001
2021-05-04,0.16446998028470455,0.14553233798282236,0.04413244781585715,0.052653000000000005
2021-05-05,0.16418844971010088,0.13978702925772424,0.03130064502416728,0.020846999999999977
2021-05-06,0.16195318285289448,0.14754902267684042,0.033863623680200766,-0.04901299999999997
2021-05-07,0.16166454511255068,0.14027716239973345,0.0211763382804111,0.01452199999999998
2021-05-10,0.15987365724753735,0.142191525403589,0.024717395212679072,-0.03936500000000001
2021-05-11,0.1585097539261805,0.14749572306601264,0.03061973127801046,-0.056408000000000014
2021-05-12,0.1581275610475642,0.14820125113548793,0.0518723007239269,0.033843999999999985
2021-05-13,0.15620628113976198,0.14942596754837134,0.043831177771000346,-0.016203000000000023
2021-05-14,0.15598594871854576,0.1410284288069502,0.01786233507139709,-0.06582099999999999
2021-05-17,0.13466196954914186,0.1604540515743094,0.0013276276774029927,0.06642799999999999
2021-05-18,0.12499740990577456,0.16802918197924963,0.0066184647016540865,0.02214000000000002
2021-05-19,0.12339083417746596,0.16745979017711618,0.007719359106443918,-0.013264999999999971
2021-05-20,0.12106853093046747,0.16564717058791745,-0.012781382789179702,-0.008161000000000002
2021-05-21,0.12154387132010054,0.1649979094386161,-0.02459756213023756,-0.12733699999999998
2021-05-24,0.1209243954984475,0.16379947049208612,-0.020368305755039562,-0.26394799999999996
2021-05-25,0.1189413950507055,0.16496057938666644,-0.01874816644498098,-0.36893599999999993
2021-05-26,0.11866564810434047,0.16340199523978624,-0.03498709394576083,-0.4995489999999999
2021-05-27,0.11829657735971487,0.16593095214361298,-0.002370460500803334,-0.33673
2021-05-28,0.11883636913449203,0.16331973238411607,-0.034094470130825894,-0.38094399999999995
2021-06-01,0.11868210744149621,0.16309878720862192,-0.03191796681055939,-0.12718699999999997
2021-06-02,0.11818784294948867,0.14124330222201328,-0.036902732708118724,-0.130709
2021-06-03,0.11782511117921257,0.1444021243636766,-0.006240668095701674,-0.09500500000000003
2021-06-04,0.12136095997458402,0.1439098160208484,-0.034599857416192675,-0.415231
2021-06-07,0.12267986101440753,0.14416618437129675,-0.021763211437624302,-0.09489400000000003
2021-06-08,0.1220766452688771,0.14527048055674,-0.04021183478215637,-0.034799
2021-06-09,0.12187850897311943,0.14963401002762983,-0.01607462837879728,-0.10196900000000003
2021-06-10,0.121825188441272,0.15249440912142387,-0.029910452615456745,-0.06709799999999999
2021-06-11,0.12186760142644909,0.15081449195771424,-0.045862841672129256,-0.047539
2021-06-14,0.1226861606281171,0.15037408909672093,-0.034612829955977975,0.019703000000000026
2021-06-15,0.12339397181153623,0.15065313274276063,-0.029449567438184332,0.01813099999999998
2021-06-16,0.12342170330241677,0.1550221668034016,0.028921880117301013,0.01278499999999999
2021-06-17,0.1231686467114163,0.15316124560644562,0.05595808260252208,0.017736999999999975
2021-06-18,0.12467540931900133,0.16106218157844213,0.0726657694475715,0.013668999999999987
2021-06-21,0.12614841040009098,0.1583671085145067,0.05860603791424758,-0.06398200000000001
2021-06-22,0.1274130494850549,0.15911978499607007,0.07540745102213475,-0.122059
2021-06-23,0.12733240873295676,0.15918462085555993,0.07723928990765845,-0.18182399999999999
2021-06-24,0.1275024569966539,0.15810378991544033,0.07788905744876146,-0.10430299999999998
2021-06-25,0.1277963675995252,0.15930835759110512,0.08753380630544089,-0.360569
2021-06-28,0.12973557153580917,0.15974109971351508,0.08895705373209725,-0.03990400000000002
2021-06-29,0.13123183355911608,0.16079302286546837,0.08925064416009051,-0.002708999999999989
2021-06-30,0.1324368385024221,0.16252064846228287,0.08888576877917703,0.06793300000000002
2021-07-01,0.1324164285968993,0.15999801673156824,0.08953394328282385,-0.007711999999999997
2021-07-02,0.1335051624642906,0.1611705790221422,0.09245166790955976,0.011495999999999978
2021-07-06,0.1340316168996386,0.20576437269324802,0.09933479307307407,0.07987099999999997
2021-07-07,0.13467891149669534,0.20577869982136762,0.09538518680294818,-0.0011789999999999856
2021-07-08,0.13532771708158206,0.17734715498610287,0.10341378276698684,-0.02774199999999999
2021-07-09,0.13541725622990294,0.16704909372845553,0.09616478046893709,-0.10186999999999996
2021-07-12,0.13515803389295308,0.16681185201901788,0.09147020336957032,0.01741200000000001
2021-07-13,0.13623126930579343,0.14708423490056396,0.09074113158441696,0.017925999999999997
2021-07-14,0.1377996255948053,0.17091304264488172,0.09454866555341675,-0.042154
2021-07-15,0.1395591202908418,0.1688338126240373,0.08563912352258496,-0.041765000000000024
2021-07-16,0.1405444165519517,0.1711675826118491,0.0906388112894593,0.0008319999999999994
2021-07-19,0.13763794299673296,0.19115137191439302,0.10768914312983052,-0.15992399999999996
2021-07-20,0.13637857560134561,0.17597358621349618,0.08451745950448167,-0.24058699999999997
2021-07-21,0.13585326790947636,0.16722268114536212,0.0840685398282111,-0.013912000000000008
2021-07-22,0.13514695205238397,0.16514520292059645,0.032618689612559315,-0.10028799999999999
2021-07-23,0.13877178121990588,0.1614823927150837,0.026813634271560333,-0.004695000000000005
2021-07-26,0.13897286776277495,0.16668995545857318,0.028306757856392945,0.06420500000000001
2021-07-27,0.137714845553384,0.16382906793044794,0.02770330167051957,0.025470999999999994
2021-07-28,0.13693069787954407,0.16455974705860363,0.02323825796149584,0.021234000000000003
2021-07-29,0.1371462908846613,0.1710788434289013,0.027666776540496874,0.092883
2021-07-30,0.13829172717716173,0.17460342214928518,0.05180821638454908,0.09978599999999999
2021-08-02,0.1374014000800685,0.17943776938388142,0.024980606132002203,-0.159779
2021-08-03,0.136969051371982,0.18820044005908668,0.0762816498250819,-0.08248899999999998
2021-08-04,0.13747405595698986,0.18508629808580165,0.0946690977512149,-0.22167699999999999
2021-08-05,0.13782079257349328,0.16608358850733354,0.023800408562272418,0.002478000000000008
2021-08-06,0.1423862669953585,0.16369775896149213,0.01903884716741039,0.049550999999999984
2021-08-09,0.14418070634345578,0.16086354346180498,0.016907887794855248,0.019567
2021-08-10,0.14515733538840428,0.16359981784718922,0.027710185962507183,0.0037519999999999776
2021-08-11,0.14556852819871152,0.1613295739636438,0.014702202818607596,0.028051999999999994
2021-08-12,0.14701034663398532,0.15019757163626232,0.03215255110784282,0.08656
2021-08-13,0.14706465269407032,0.14627361983798076,0.015103001810411604,0.027669
2021-08-16,0.1465576184457705,0.15171960580657637,0.02690397435888439,0.013795000000000002
2021-08-17,0.14688212143185417,0.14951416012124544,0.04741676499457648,-0.009302000000000005
2021-08-18,0.1467798262892557,0.14808112620974986,0.04118302676862903,0.006636999999999976
2021-08-19,0.14647064294122888,0.1504306628281957,0.05947671183646756,-0.020227999999999996
2021-08-20,0.14549654418434957,0.14996810740284958,0.049074244306065024,0.006280000000000008
2021-08-23,0.14650166351030516,0.14838600207907393,0.04679550998674244,0.021063
2021-08-24,0.15010484836270843,0.1497175466927436,0.05158085643297544,0.014365000000000017
2021-08-25,0.1507498123026886,0.162423651791058,0.15174452759817791,-0.04678199999999999
2021-08-26,0.15081784675734994,0.1509239437306665,0.06297640718375318,-0.03952
2021-08-27,0.15084057071596121,0.15101886057862096,0.051233519049913856,0.171872
2021-08-30,0.15114334510203922,0.15143308988266513,0.05865676817057702,0.12233499999999997
2021-08-31,0.15962493717113957,0.14969667919597038,0.06932165445480941,-0.0016999999999999793
2021-09-01,0.1650196569932667,0.14936954826259713,0.05901433444384317,0.04198299999999999
2021-09-02,0.16809810111495865,0.1573172745897601,0.09469358720506041,0.31295399999999995
2021-09-03,0.16927594536977308,0.14867029467200882,0.042524473033679844,-0.03314700000000001
2021-09-07,0.17352537412501068,0.14880669219299816,0.05387198717692991,0.016173999999999994
2021-09-08,0.1744009048860769,0.15396116958594902,0.0703839685870396,-0.038742
2021-09-09,0.17743192845627948,0.1530190815686814,0.06163127321115415,0.013828000000000007
2021-09-10,0.17870158230863548,0.15934971930488767,0.05412631860940273,-0.019712000000000007
2021-09-13,0.17838489080734488,0.15201891265934742,0.05268190176868874,0.027016999999999985
2021-09-14,0.1799969462191531,0.15125165615974845,0.0671429067024406,0.022345999999999977
2021-09-15,0.1818572229011542,0.1575736814479385,0.08119576850280186,-0.071575
2021-09-16,0.18273730740806093,0.15129347578158672,0.05296841808516435,0.027968999999999994
2021-09-17,0.1875134503461548,0.1489729812987487,0.05631333611994804,0.03168700000000002
2021-09-20,0.18924556222598524,0.17151485910639214,0.07582511825446886,0.04417799999999997
2021-09-21,0.19067447171667742,0.16514768152151701,0.07944803970544412,0.022317000000000004
2021-09-22,0.1936199017531165,0.1604257481463541,0.057823635550399405,0.10502900000000001
2021-09-23,0.19547440012800987,0.15986572283365968,0.05004932319689881,0.32258899999999996
2021-09-24,0.19530030486450523,0.144304966431213,0.039028356472781356,-0.03246100000000002
2021-09-27,0.1956839156850231,0.14448478268161233,0.04026779144435247,0.02884399999999998
2021-09-28,0.19532771645952213,0.16067126799921277,0.049345566048500794,0.358719
2021-09-29,0.1949782665013607,0.14769784263438265,0.04486930341982101,0.041052000000000005
2021-09-30,0.19505456418397452,0.15246996632830778,0.06653080163537717,0.014428999999999997
2021-10-01,0.1944779459217178,0.1511797107888053,0.054116869511036364,-0.10105599999999998
2021-10-04,0.196039422777473,0.15740967777890125,0.11915795670958143,-0.020213000000000036
2021-10-05,0.19687215053980975,0.15097190755724382,0.06441105329644892,-0.17089000000000001
2021-10-06,0.200574996665343,0.15190820015954104,0.07036673813192726,-0.136939
2021-10-07,0.20333447753709447,0.14923883329577464,0.056180874134492687,0.021103999999999956
2021-10-08,0.20602381594360597,0.1505950167206215,0.05755522252662071,-0.08818399999999998
2021-10-11,0.20585234278411563,0.15424994302697537,0.07437364655349038,-0.013640999999999986
2021-10-12,0.20647045651397142,0.15636823461176186,0.09057131281131447,-0.05480800000000002
2021-10-13,0.20568092933026075,0.15775781100703062,0.08940218256345556,0.015748999999999957
2021-10-14,0.20779584528651765,0.155500424054172,0.06432976790726191,0.0019919999999999938
2021-10-15,0.2094777326553704,0.15339486390980792,0.06081657362029169,0.013044
2021-10-18,0.21070747469529538,0.1532077242500448,0.06224126976612179,-0.13618200000000003
2021-10-19,0.21298514150728595,0.1525072750522492,0.05662458518611865,-0.021147000000000027
2021-10-20,0.21272601966546897,0.15337086927048074,0.05565509392144022,-0.015595999999999999
2021-10-21,0.21185742917009961,0.14843646105090536,0.024683444499478707,-0.07355600000000001
2021-10-22,0.21560107396645023,0.17467074440795888,0.022596950856657194,0.0017709999999999948
2021-10-25,0.22005819951353095,0.17332815332402932,0.01399041140506943,0.04724499999999998
2021-10-26,0.23846708035093106,0.1747429435142205,0.02305011732788617,0.029165999999999997
2021-10-27,0.2444402161192793,0.17494552829852258,0.028468778070013884,0.058426000000000006
2021-10-28,0.2480638347919002,0.17419737243771546,0.030417183027738853,0.05585800000000002
2021-10-29,0.2512935461274451,0.17552322188338443,0.03878154581432705,0.03168199999999999
2021-11-01,0.2522611140956392,0.1759904541082726,0.04264385369723722,0.0393
2021-11-02,0.25372151800293685,0.17615902869171782,0.0431182250899943,0.09273699999999999
2021-11-03,0.2548488347563954,0.17504358578610568,0.03979251268302286,0.013776999999999984
2021-11-04,0.25332247054531065,0.17394639604294787,0.035214044141476775,-0.06305
2021-11-05,0.25349014965825895,0.17785385764131603,0.03238421391403823,0.004122999999999988
2021-11-08,0.2532018611060389,0.18002003976468936,0.039631969745714174,0.005510999999999988
2021-11-09,0.25372431672485124,0.17970634382115047,0.04302138938578662,0.024814000000000003
2021-11-10,0.2537057638989992,0.18021732441649663,0.04366732446842908,-0.17205600000000001
2021-11-11,0.2546866025529672,0.1741685323470328,0.03540981977642896,0.037971000000000005
2021-11-12,0.2557671888792294,0.17212534013094613,0.0316348155379689,0.004968
2021-11-15,0.25594270307718353,0.17213508541501008,0.03230107316444725,-0.013643000000000016
2021-11-16,0.25739483556009884,0.17687885346162752,0.04337984238606721,0.01424800000000001
2021-11-17,0.25805065129429017,0.17181044887516936,0.04162522141415681,0.169562
2021-11-18,0.25877656130032345,0.1799444599952214,0.058432862879009506,0.03278800000000001
2021-11-19,0.25990968663577496,0.17647909908439455,0.06674537844536363,-0.07024899999999998
2021-11-22,0.25910379211394147,0.17077552262363827,0.04522926968481361,0.02640400000000001
2021-11-23,0.2611447687580314,0.17327353691417136,0.053825771752459534,0.014585000000000015
2021-11-24,0.26270248262926116,0.17711167806491263,0.06870931370526384,-0.014929999999999999
2021-11-26,0.262943923619741,0.178553408342392,0.10341648948702226,-0.137837
2021-11-29,0.2648601137375252,0.21412220401665424,0.08623667008922845,0.020513000000000003
2021-11-30,0.260766040660394,0.2023790626157174,0.10957120960939984,0.040242
2021-12-01,0.2582664578219031,0.19324036613262643,0.12235594077565226,0.044440000000000035
2021-12-02,0.2557805996701729,0.19088096782385378,0.07538636432045923,0.079787
2021-12-03,0.25505468070798554,0.19611372260842566,0.08262178722607053,0.049236
2021-12-06,0.25343196535411033,0.19323142050187356,0.06452284059548619,0.15092999999999995
2021-12-07,0.25325334692106816,0.2003917821649147,0.046150888495639336,0.02976200000000001
2021-12-08,0.25145646621165296,0.20318252124443584,0.06767411518059055,-0.11299099999999995
2021-12-09,0.25159634273512216,0.19415920563922923,0.032609423899119694,0.054236000000000006
2021-12-10,0.2517859433433511,0.19108318884558614,0.04149321580501697,0.028253000000000028
2021-12-13,0.25070792833173305,0.1915779060645697,0.046857982894781686,-0.025897000000000003
2021-12-14,0.2496812936913975,0.1900860150312213,0.04193128053224615,0.008171999999999957
2021-12-15,0.24939834608027794,0.19041032520731133,0.03241512892842344,0.046655
2021-12-16,0.24526331982756408,0.19552521759316718,0.030723606250144697,0.03632100000000005
2021-12-17,0.2442635631214126,0.18996405801301755,0.010336759747938518,0.03454400000000002
2021-12-20,0.24303839885307663,0.19032140142749984,0.011936600208296066,0.03092499999999998
2021-12-21,0.24103465258587514,0.1906194474621901,-0.017165082258821796,0.022411000000000014
2021-12-22,0.23943048943484063,0.19034396124989852,-0.026368365381315345,-0.09948900000000005
2021-12-23,0.2399657134838176,0.18927835319156208,-0.028661585683857932,0.04408400000000001
2021-12-27,0.23940034219685816,0.19288147105319028,-0.009792040492256598,0.10881200000000002
2021-12-28,0.23849396896004493,0.1930267988282932,-0.022823450829632774,0.028333999999999998
2021-12-29,0.23828541534615205,0.19782496051169,-0.022490470957311187,0.022251999999999994
2021-12-30,0.2389823879324604,0.20050596238325102,-0.00722037080418475,0.034083
2021-12-31,0.24097607954911032,0.20017858275291042,0.00843801341758263,0.016824000000000006
2022-01-03,0.24124978927031202,0.19467777183099924,0.009382813117640026,0.026513999999999982
2022-01-04,0.24062123317545372,0.20441901848277788,0.00991537231085668,0.018262999999999974
2022-01-05,0.23863062018944717,0.1919679057206867,0.037100599696544306,0.01676099999999997
2022-01-06,0.2368228739320906,0.20259575010654962,0.02722334762833728,0.028188999999999964
2022-01-07,0.23644907916916866,0.1847129352190454,0.029269077393959786,0.111124
2022-01-10,0.24007487039550596,0.17421907092588973,0.029191500156195344,0.02718900000000002
2022-01-11,0.24207940730637548,0.1817430078145784,0.015299583651478682,0.026354999999999962
2022-01-12,0.24302106909167862,0.17463602466421757,0.01757343501159575,0.024494000000000016
2022-01-13,0.2413674573640953,0.1716174397178505,0.01602566857125376,0.059284
2022-01-14,0.24024062351822223,0.1701846549462034,0.015724299673947728,0.03934299999999996
2022-01-18,0.23923018584285322,0.17349875930778916,0.0326525637689197,0.02265600000000001
2022-01-19,0.23742572624749425,0.17371648825828379,0.03115242817304459,0.061468999999999996
2022-01-20,0.23948354582279138,0.1725294031450429,0.027361389139486825,0.034861
2022-01-21,0.23887856899030582,0.17404873619789576,0.06262280838310952,0.0388
2022-01-24,0.24123191068082778,0.18687300756053857,0.08603602322359236,0.052322000000000035
2022-01-25,0.23780895179185602,0.17466808769719072,0.06565557908581929,0.06216699999999997
2022-01-26,0.22030341675907383,0.2038793760963846,0.030453678588720834,0.03174200000000005
2022-01-27,0.21560188607213332,0.2076269493827501,0.032381198986249804,-0.04833799999999999
2022-01-28,0.21181088700748193,0.20096849660323243,-0.03638802898580695,0.01766899999999999
2022-01-31,0.21054349700369757,0.1978082324256924,-0.05781346728072084,0.01651600000000003
2022-02-01,0.21396874761322285,0.19787394867634284,-0.05805057653820689,-0.154962
2022-02-02,0.21437624589589704,0.19642388199186728,-0.07010092245448907,-0.06403200000000003
2022-02-03,0.2134015514473083,0.19685175500676616,-0.05611853106371234,0.07610600000000001
2022-02-04,0.2139558950506013,0.1958250349501017,-0.050111787049943735,0.016921999999999993
2022-02-07,0.21458846395925305,0.194832519146932,-0.05770172262164042,0.034918000000000005
2022-02-08,0.21758392004718344,0.1950565565905718,-0.06379449906449375,0.042679999999999996
2022-02-09,0.21810930221916,0.1972717239903394,-0.07975516817672845,0.029095999999999983
2022-02-10,0.2174034019673573,0.2013312643829224,-0.052815855189082495,0.040022
2022-02-11,0.21705073676730974,0.20054701455967314,-0.0428251093073993,0.005839000000000039
2022-02-14,0.22018860297927662,0.20094944078107335,0.0005676000712895868,0.041190000000000004
2022-02-15,0.22120729949675927,0.2005458634157003,-0.04228882156483893,0.05465099999999995
2022-02-16,0.2212371938771283,0.19836081106918552,-0.03174369739192756,-0.01849500000000004
2022-02-17,0.22162164554642938,0.1996087227624948,-0.028821261871049275,-0.04563299999999998
2022-02-18,0.22132744570018606,0.20037198846452622,-0.023817359677342553,-0.000134000000000023
2022-02-22,0.221274722631019,0.20060548308012782,-0.020524955398464162,0.041989
2022-02-23,0.22263714644208044,0.20133581785130164,-0.006678721960061085,0.027080999999999966
2022-02-24,0.2203222777273116,0.19993062912506818,0.0035227948585862534,-0.27056499999999994
2022-02-25,0.21871406854677072,0.20604344101153313,0.025931179339141464,0.08172399999999996
2022-02-28,0.21850599532954246,0.2023064013711635,0.05712209807059215,-0.12819800000000003
2022-03-01,0.21772816165396164,0.1994715814340571,0.0809368749067069,0.017083999999999988
2022-03-02,0.21686417496349522,0.20232829004995614,0.08509650129604057,0.02379199999999998
2022-03-03,0.21650387196148788,0.19911288422368253,0.07904863186154756,0.043107000000000006
2022-03-04,0.21607741173404482,0.1974744158665476,0.08885415371020525,0.03666199999999997
2022-03-07,0.21542392047931652,0.20277680067361298,0.11990855707486786,0.04599599999999998
2022-03-08,0.21510828312402686,0.1900207078673867,0.11485611234665993,0.04599000000000003
2022-03-09,0.21466760248009986,0.19238639207709007,0.10277890839531573,0.04999500000000001
2022-03-10,0.2147143877916455,0.20029875786411191,0.1001161671582527,-0.064
2022-03-11,0.213773006874511,0.19352920267953447,0.08156778297620076,-0.17599000000000004
2022-03-14,0.2168934287919351,0.18713412234356586,0.09743806864184001,-0.11110599999999998
2022-03-15,0.2197124217521497,0.1958044559250601,0.10449243023824345,-0.31351399999999996
2022-03-16,0.22201196363585965,0.19070504590574366,0.07026344770364093,-0.294117
2022-03-17,0.22491011316785367,0.19566323188906923,0.08139867638755943,-0.11938399999999999
2022-03-18,0.22560294705040843,0.19609995098204375,0.06559709900741922,-0.128233
2022-03-21,0.22713321184821234,0.19288228899714902,0.06108467287138589,-0.14413400000000004
2022-03-22,0.23024753961001337,0.19402612263238306,0.07210500519457408,-0.23019000000000003
2022-03-23,0.2344230736066859,0.1957639575583222,0.09522441345063185,-0.019262
2022-03-24,0.23652747960967663,0.19566352525792974,0.09859113601930766,-0.17299000000000003
2022-03-25,0.23676242172188366,0.1912117840363331,0.07213823406359318,-0.103989
2022-03-28,0.2371845405736798,0.19777590493365851,0.10609261605791767,-0.08208900000000002
2022-03-29,0.23853095982908068,0.19906440568272193,0.10891216380706262,0.05529200000000001
2022-03-30,0.23950383367402658,0.19998744615750083,0.12744828250760346,0.15077300000000005
2022-03-31,0.23994879003136246,0.20340344172614663,0.17402267096030907,-0.21186999999999995
2022-04-01,0.23914797909516491,0.20687034191790257,0.1884672637907911,0.06769500000000006
2022-04-04,0.23788883918385328,0.21144785698639276,0.22888871241079817,-0.48538200000000004
2022-04-05,0.23807538174512344,0.2176574959770299,0.2859131636123968,-0.07785799999999998
2022-04-06,0.23703545851083246,0.22126545300081352,0.3407853548718226,-0.059163999999999994
2022-04-07,0.2366225998620934,0.2329091567240926,0.4298482047678244,-0.599759
2022-04-08,0.23591328487666055,0.2379529379822781,0.4822497709960098,-0.576159
2022-04-11,0.2324910440172255,0.23511448645162977,0.4689470487595769,-0.576159
2022-04-12,0.22935963050214442,0.1905301131058004,0.05705921596199601,0.010594000000000048
2022-04-13,0.22919446374554775,0.19535254866610383,0.05568386841693093,0.015255999999999992
2022-04-14,0.2282039080395494,0.1885664157575386,0.06515491859343492,0.293509
2022-04-18,0.22810012698248264,0.18589913761222468,0.047759767197142144,0.03394900000000001
2022-04-19,0.22836977293393979,0.18631810727724823,0.05473179706555634,0.02191299999999996
2022-04-20,0.23689516893960874,0.18831846872317734,0.05610576895564107,0.004879000000000022
2022-04-21,0.23547035863335383,0.18440509039677716,0.01854968309015928,0.06134400000000001
2022-04-22,0.23555118286043183,0.21098406445780926,0.09559905215747158,0.03615200000000002
2022-04-25,0.23012411990583756,0.208315368622123,0.03814733089488467,0.00833600000000001
2022-04-26,0.22977704444001473,0.2106638190826005,0.04536999566019603,-0.04172999999999999
2022-04-27,0.23059710112474743,0.20809200316042506,0.038571293309320215,0.03622799999999998
2022-04-28,0.22907007222023015,0.20658497291200884,0.015836815284959588,0.13733899999999993
2022-04-29,0.22832361480443683,0.2080029708014677,0.0323953288361937,0.011943000000000037
2022-05-02,0.2260568945099746,0.20941468299676128,0.04322508719086915,-0.06259700000000001
2022-05-03,0.22186140785152228,0.2096739972612806,0.04259324026353489,-0.01886799999999994
2022-05-04,0.2194118405962136,0.20647516733775012,0.014279754770489372,-0.019025000000000014
2022-05-05,0.21966171154045883,0.21417447954956081,0.06010714822572116,0.19030499999999995
2022-05-06,0.21867163646936838,0.20911931241758197,0.027731278620576172,-0.15651700000000002
2022-05-09,0.21693995673180658,0.20987034539444627,0.05422459976451505,-0.035826000000000024
2022-05-10,0.21373813333990654,0.21042923610234163,0.035759463761660226,-0.07620300000000002
2022-05-11,0.21245373195606634,0.21147742583982593,0.04879967307341265,-0.021862999999999966
2022-05-12,0.2120639527209369,0.21101339419092,0.03723694177110767,0.21778499999999995
2022-05-13,0.2115000436667575,0.20853522781078834,0.023593263697956973,-0.03559200000000001
2022-05-16,0.2077849467042743,0.20679991202025763,-3.988679922511951e-05,0.017863000000000018
2022-05-17,0.20710008670119384,0.20634785319839166,-0.009653285619793506,0.22908499999999998
2022-05-18,0.2062729277842494,0.20898504969254225,0.012383054233062796,0.054703
2022-05-19,0.20532825508723224,0.2091506898659391,0.011446848547317201,0.015222000000000013
2022-05-20,0.20499135277118832,0.2072806610009238,0.0007244308746407468,0.10600000000000004
2022-05-23,0.203030611309772,0.20631897517936434,-0.009495056347174846,0.12236900000000003
2022-05-24,0.2003167784836301,0.20713586350539148,0.008195334348258976,0.05596899999999999
2022-05-25,0.19990285181080564,0.20507162102915022,0.004501377366259468,0.11377699999999999
2022-05-26,0.1998846568195341,0.20443627739802508,-0.005926129603335578,0.11788900000000002
2022-05-27,0.1998253984082178,0.1928268498783638,-0.015455356108612983,0.164091
2022-05-31,0.19789869820478181,0.19505083899927214,-0.003011547935025949,0.005558999999999981
2022-06-01,0.19800653068532476,0.19616988354828316,0.003770121199728499,0.040737999999999996
2022-06-02,0.19799580025735838,0.1917935736161028,0.007148826705439509,0.0069809999999999595
2022-06-03,0.19842762425270635,0.19400713378175005,0.011854644457131525,-0.003915000000000002
2022-06-06,0.1991369032095341,0.18829590913415553,0.008148210559318608,0.03037899999999999
2022-06-07,0.20113830963350354,0.19396475596041393,0.010409067651683562,0.065102
2022-06-08,0.20153515997482016,0.19504767731545875,0.016489818143530788,0.065355
2022-06-09,0.20136068019022219,0.19570751845020537,0.03107744633676751,0.067192
2022-06-10,0.20185365398134564,0.19851767197032238,0.05227841314077636,0.029220999999999997
2022-06-13,0.20092767385088364,0.20608224262678052,0.08668664898658893,0.046381000000000006
2022-06-14,0.19779616872433395,0.2062866867334424,0.08115316590054703,0.03212300000000001
2022-06-15,0.19573464044946,0.2039431197073298,0.061478323646206534,-0.005485000000000018
2022-06-16,0.19253364552571858,0.20819488243205564,0.0895870524962328,0.013519000000000003
2022-06-17,0.19188603835681098,0.20558861166148157,0.06592089418612204,0.013253999999999988
2022-06-21,0.18896018059781622,0.20487986911884948,0.04165623781825478,-0.048172999999999966
2022-06-22,0.18588423021292552,0.2048162828675555,0.03911500582331692,-0.011500999999999983
2022-06-23,0.18099037102722437,0.20346235962735665,0.02966457318605145,-0.008023999999999976
2022-06-24,0.1795014208869839,0.20393470490749288,0.016182423997705336,0.022307999999999995
2022-06-27,0.18066205682164604,0.2067012555252611,0.02548505919542171,0.03479099999999996
2022-06-28,0.18172013553526856,0.20691215631788681,0.04015281575828633,0.02470899999999998
2022-06-29,0.18047687774122806,0.17546099497842021,0.04232318425822562,0.04775400000000002
2022-06-30,0.1810341001737005,0.17336016311717686,0.041051951705222495,0.037277000000000005
2022-07-01,0.18086348539615482,0.17363589472796712,0.03055963148343513,0.04982299999999995
2022-07-05,0.18403448599765132,0.17082394352869418,0.040487947266686725,0.046935000000000004
2022-07-06,0.18394648879054365,0.1789268615180433,0.0375172119249394,0.055806999999999995
2022-07-07,0.18597889683253624,0.17515773271754828,0.020068217916437925,0.043771000000000004
2022-07-08,0.1887153457711494,0.17778191989081865,0.02492108042522856,0.045526999999999984
2022-07-11,0.1893221906081165,0.17591907085294428,0.03198173915600039,0.039370000000000016
2022-07-12,0.19030219717147998,0.17405914874365605,0.031229062709146604,0.041019999999999945
2022-07-13,0.18981585341931595,0.17652632338265484,0.03551140231078867,0.022471999999999992
2022-07-14,0.1910834736940586,0.17257937632608447,0.035537608201425014,0.018197999999999992
2022-07-15,0.19331103984006778,0.17175859308155556,0.023255450489709617,-0.0022110000000000185
2022-07-18,0.1943422315734014,0.1758773117425762,0.03350762622550524,0.02726500000000004
2022-07-19,0.19517627684174657,0.18578805643783403,0.034141453459564264,0.022840000000000027
2022-07-20,0.19531407660533998,0.18761966983561398,0.057761154216092764,0.015276000000000012
2022-07-21,0.18653663297791867,0.18043583057028476,0.038121141316241114,-0.005168999999999979
2022-07-22,0.20045751306852377,0.17704930859523596,0.017082626152027325,-0.022222999999999993
2022-07-25,0.20497535011249926,0.17420759764672789,0.01430053533967729,-0.037314000000000014
2022-07-26,0.20729886968537695,0.17434445092952838,0.026835749213918236,-0.038603
2022-07-27,0.20838212335773862,0.17259803607676436,0.009563633787948167,-0.06465899999999997
2022-07-28,0.20832974927527123,0.183898493145503,-0.0012123868435213458,-0.05738199999999999
2022-07-29,0.20795739018944265,0.1873381902916957,-0.00796557215614671,-0.04425299999999999
2022-08-01,0.20858130044718187,0.1862752950876212,0.0029970109683665203,-0.05858699999999997
2022-08-02,0.20832712947647955,0.1865302990016917,0.016625183461390802,-0.07590600000000003
2022-08-03,0.20888891646315097,0.1872576758653712,0.01788336818106262,-0.06168900000000002
2022-08-04,0.21222295641741598,0.17394095482180819,0.014802596785677885,-0.025339
2022-08-05,0.2122198958571158,0.1717496926788328,0.0006158051063197001,0.032502
2022-08-08,0.21275838103019765,0.17763099871633567,0.021877839950357636,0.006749999999999978
2022-08-09,0.21320992987642498,0.1775741085050026,0.013931458797590113,-0.022603000000000012
2022-08-10,0.21493090912324744,0.17840552803762372,0.009517851308555841,0.0066900000000000015
2022-08-11,0.2160258630460044,0.1898242405697301,0.008207492173817804,-0.022308999999999968
2022-08-12,0.21787324932316188,0.17462090057988258,0.002814923064665825,-0.00032999999999999696
2022-08-15,0.21834209051221076,0.17348086024006154,0.004606726273387263,0.005982999999999988
2022-08-16,0.2185750794594217,0.17509541324666614,0.006782114476539175,-0.022465000000000013
2022-08-17,0.22154856930927855,0.1893280320714297,0.012054259122510624,-0.030854999999999994
2022-08-18,0.22107847150891394,0.1927408122005976,0.01442858273396877,0.02412800000000001
2022-08-19,0.22288852961546143,0.1915920376009802,0.045146765371194386,0.02252499999999999
2022-08-22,0.2227602148063253,0.19440705637348205,0.07874857026847368,0.022226000000000024
2022-08-23,0.2234577584344121,0.19357697763079684,0.07576108674487814,0.024687999999999988
2022-08-24,0.2230968183921706,0.1928157120464095,0.06995891063631299,0.011352000000000001
2022-08-25,0.22314351530889726,0.19233461364393026,0.0672329503342865,0.0005209999999999937
2022-08-26,0.22309194307428878,0.19176521197677734,0.07811764708627297,-0.022678000000000004
2022-08-29,0.22355037007977507,0.19213776563185633,0.09054360869640984,-0.049207999999999974
2022-08-30,0.22374917737136452,0.19104032014919764,0.08910063009649125,-0.06860899999999998
2022-08-31,0.2245599589398115,0.1762105498464487,0.1032383289609414,-0.10461399999999998
2022-09-01,0.22468298273486942,0.17543001487885299,0.09627075551065414,-0.09792600000000001
2022-09-02,0.2237889470149675,0.17566106643309787,0.09278456690107173,-0.126934
2022-09-06,0.22344668755929636,0.1782128548217613,0.10716809193795279,-0.12550700000000004
2022-09-07,0.22129239306306284,0.17691729319281063,0.08673698415768635,-0.10464299999999999
2022-09-08,0.22208244893932233,0.17674642265617913,0.08064000869518745,-0.140324
2022-09-09,0.22366491657125,0.17667947838496595,0.07250430436667704,-0.054783000000000026
2022-09-12,0.2239575883799121,0.17605680646742425,0.06850322901633848,-0.11779300000000004
2022-09-13,0.2213839809288128,0.18066425879330295,0.0942518648675496,0.00634800000000002
2022-09-14,0.2222424924560915,0.18350478214085503,0.08681800080774901,-0.046057000000000015
2022-09-15,0.22219242909859988,0.20199387164966312,0.08652372969607669,0.01868399999999998
2022-09-16,0.22351976419879246,0.1977620612584952,0.08955288921305107,-0.07335399999999997
2022-09-19,0.22344373353269614,0.1939981649236323,0.09609365761417551,0.044404
2022-09-20,0.22767641950737944,0.196827350423255,0.1034963656745809,0.03701300000000002
2022-09-21,0.22673023119545163,0.1991008909642422,0.1258679458260122,0.019892999999999994
2022-09-22,0.22629914689295283,0.19432056716070623,0.11486994653487048,0.021592
2022-09-23,0.2260981126250315,0.1996192328327088,0.1232556361227895,0.017557999999999963
2022-09-26,0.22448325776802497,0.20509909104152532,0.15865243534634083,-0.0006929999999999992
2022-09-27,0.22300631335584806,0.202423437466033,0.1408886655222627,0.031301999999999996
2022-09-28,0.22338002525878273,0.20276820604151535,0.12910878791629118,0.017152999999999974
2022-09-29,0.2224635912907694,0.19784865228478396,0.1291077827481213,0.008999000000000035
2022-09-30,0.2217297940135717,0.19568406272012534,0.13323503212527832,0.004946000000000006
2022-10-03,0.21938263462623644,0.1970895073140018,0.11457607214281079,0.05035799999999996
2022-10-04,0.2215206310369989,0.19756031527378573,0.10735711679066931,0.045707
2022-10-05,0.22052841372090143,0.19845849741479427,0.11436195555986053,0.051517000000000035
2022-10-06,0.2194385106292939,0.199089818542117,0.1292776712359538,0.05243700000000001
2022-10-07,0.2188769876554051,0.2021841380413178,0.1356951837622806,0.023128000000000037
2022-10-10,0.21704941790851567,0.20648243238445818,0.1337217048343911,0.03491899999999998
2022-10-11,0.21663484390401316,0.20838167764819637,0.13886768873886662,0.05249599999999999
2022-10-12,0.2152528099730858,0.20786919151570632,0.1531392617331819,0.031528999999999974
2022-10-13,0.21252822993829545,0.20394102089347643,0.11703543593589738,0.03190299999999996
2022-10-14,0.21200909576492155,0.2039091294476116,0.11922347462403793,0.018484999999999974
2022-10-17,0.21132556335711453,0.20350199417799106,0.11151404455828101,0.06509100000000001
2022-10-18,0.2108602882237073,0.2029994759895535,0.1094247659190628,0.068019
2022-10-19,0.21047273444167056,0.20410460001461117,0.10333357361153786,0.04533200000000004
2022-10-20,0.19740207597355977,0.2095428945943863,0.0056121802371672525,0.038932999999999995
2022-10-21,0.6111685904814984,0.21168489771606872,-0.0068195418080905235,0.031901999999999986
2022-10-24,0.6108888326797252,0.2144184994826191,-0.006857636257271815,0.05277000000000004
2022-10-25,0.61102821867885,0.21920235509741845,-0.010912982519678427,0.04322599999999999
2022-10-26,0.6105614970150722,0.21720522718179605,-0.01647356099807462,0.049654000000000004
2022-10-27,0.6106850483535252,0.2156762679273784,-0.013246960878983638,0.044603000000000004
2022-10-28,0.610457475862276,0.2119844461567657,-0.036491096037134185,0.04160699999999998
2022-10-31,0.6106582836137258,0.2217387745506464,-0.015620403652311099,0.03447899999999998
2022-11-01,0.6109988357543545,0.21909523038743223,-0.017566166320859194,0.042655
2022-11-02,0.6102115499529385,0.21914044463534013,-0.030454467312824862,0.032565999999999984
2022-11-03,0.6100926626246516,0.20947109915489454,-0.02262205015542859,0.03224800000000003
2022-11-04,0.6102855334090275,0.2107999110336376,-0.028112477967411953,0.03657300000000002
2022-11-07,0.6101518286064602,0.21734621861378506,-0.023235625981560204,0.040356
2022-11-08,0.6097645916725111,0.20997579917291917,-0.022385751727307307,0.03673500000000002
2022-11-09,0.6096026127474429,0.20830475634267684,-0.009702988003504331,0.03217699999999998
2022-11-10,0.6091655010973177,0.20552001562826322,-0.031288492099570964,0.03925600000000001
2022-11-11,0.6091721891348847,0.20384295981671896,-0.03259144859500418,0.04247299999999998
2022-11-14,0.6088817271974205,0.20486687785948898,-0.02420831609805066,0.039665000000000006
2022-11-15,0.6082852590045512,0.20706296951552683,-0.022177876706885535,0.05330099999999999
2022-11-16,0.6084936600603532,0.2061697321525213,-0.025884009469710784,0.039855999999999975
2022-11-17,0.6079018571482677,0.20648430128955306,-0.02927435391104108,0.042672000000000015
2022-11-18,0.6078535277710142,0.19562449149688235,-0.003575115483922031,0.04172299999999998
2022-11-21,0.6078922986606513,0.1971022520455793,0.0036649479053539047,0.03903900000000002
2022-11-22,0.6082148360779653,0.19543521482437318,-0.0006863450305918117,0.033828
2022-11-23,0.6083091674071193,0.1924767060908599,0.0015435122822770042,0.02116700000000002
2022-11-25,0.6082242190033067,0.23760985385447253,0.0027576537038620785,0.030339999999999978
2022-11-28,0.6081492835787037,0.31926939256726006,0.01371533167379449,0.03185199999999999
2022-11-29,0.6081943052687101,0.31338634038352714,0.010593197379166863,0.027282
2022-11-30,0.6076587855088704,0.2484459771703419,-0.008817839211832046,0.036523
2022-12-01,0.6073959900558283,0.24830041070343686,-0.00690135909273315,-0.03309599999999999
2022-12-02,0.6076864582054287,0.24839933600844324,0.005675303129596049,0.027364
2022-12-05,0.6084210569087233,0.3234040721014937,0.01532139691927839,0.45918400000000004
2022-12-06,0.6082671704847912,0.3166278655481392,0.01951109405374296,0.023111999999999994
2022-12-07,0.6079168851708334,0.2965364394711202,0.0210858898723979,0.019814
2022-12-08,0.6080695681625697,0.31678344694827715,0.02933741666672182,0.38699700000000004
2022-12-09,0.6080343675189169,0.32372400208826424,0.03459857164152272,0.021162000000000014
2022-12-12,0.6082224262150244,0.2971882752570256,0.0438423734857174,0.028918
2022-12-13,0.6082486976553525,0.30647635024988473,0.02427233659497932,0.024979
2022-12-14,0.6081684545904212,0.31310034744970444,0.020339664911070393,0.024403000000000008
2022-12-15,0.6077521631704789,0.3088149564205203,0.03174067255154345,0.03245500000000001
2022-12-16,0.6077160849635308,0.2317110461139994,0.021171275184690502,0.03017900000000001
2022-12-19,0.6063371583761153,0.31097959508249157,0.029775353016041173,0.040772
2022-12-20,0.606429492749461,0.32887989681783036,0.02585698256645555,0.03974099999999997
2022-12-21,0.6066009558351634,0.32774457781271127,0.03179730129154504,0.03448899999999999
2022-12-22,0.6064286932938404,0.31339598627042736,0.03929067730920602,0.037294999999999995
2022-12-23,0.606549400694654,0.3117016818213829,0.03660329227985354,0.03488700000000003
2022-12-27,0.6064291796538495,0.3071366270085246,0.05320826361426714,0.022830000000000017
2022-12-28,0.606109985272578,0.3301152843915272,0.06520067797364792,0.022714999999999985
2022-12-29,0.6059233391995413,0.32736424094100974,0.05606571585867576,0.039887000000000006
2022-12-30,0.6058770166935029,0.32732354322456614,0.06155618625945841,0.035696000000000006
2023-01-03,0.6053954853397613,0.3639333588140175,0.08830237932220994,0.010568000000000022
2023-01-04,0.6045133009179282,0.3695204500926235,0.06681864279026878,0.03876999999999997
2023-01-05,0.6042809312096797,0.36946789799508106,0.06402658017952403,0.03367399999999998
2023-01-06,0.6036219778614358,0.3544555866485618,0.07105952747738714,0.021719000000000044
2023-01-09,0.6038919779833182,0.3651269556083257,0.08285958880962002,0.029200999999999977
2023-01-10,0.603816700901894,0.3616548532130515,0.07742427963318804,0.03901100000000002
2023-01-11,0.6039672644282855,0.36295282624587266,0.08936685517186926,0.039947999999999984
2023-01-12,0.6040106135628892,0.36046845395871296,0.08240189609930951,0.031711000000000045
2023-01-13,0.6039638812593535,0.35090691650423794,0.06856613062697145,0.03527800000000003
2023-01-17,0.6039241040800063,0.3579405670799895,0.09459460419377638,0.023928000000000005
2023-01-18,0.6037781384951757,0.35919585612425403,0.10579696704468136,0.026785000000000003
2023-01-19,0.6059434482401259,0.37100084408127404,0.10527019846518854,0.03683500000000001
2023-01-20,0.6063853198127,0.3533916736415603,0.0942744441993181,0.04279099999999997
2023-01-23,0.6063217025143207,0.35745334685517327,0.09955270501905775,0.025547000000000042
2023-01-24,0.1771956900040006,0.47953665311196636,-0.7416873787994771,0.02793300000000004
2023-01-25,0.17798332964462033,0.46529875692553374,-0.8216441857724524,0.037063999999999986
2023-01-26,0.17570713909848673,0.3870283631510822,-0.8296614143491376,0.03561
2023-01-27,0.1760703534020953,0.3872786304947283,-0.8308222452607238,-0.06020500000000001
2023-01-30,0.1752385561183324,0.42526141923616934,-0.8144414976187634,0.0020170000000000188
2023-01-31,0.1761933171868264,0.2680384559694694,-0.8279900025871714,0.039434
2023-02-01,0.1751027574602175,0.3027887618709968,-0.8229305755584895,0.0010109999999999841
2023-02-02,0.17348032247556366,0.301775184918115,-0.8219652210915598,0.034027
2023-02-03,0.1726850416100356,0.31400776074798453,-0.8196009810292577,0.024784
2023-02-06,0.1727003988459279,0.3218355006187364,-0.809088420146087,0.018569000000000002
2023-02-07,0.170937064977183,0.38710033260646176,-0.8003960353296955,0.009949999999999987
2023-02-08,0.17148657747604984,0.21434711231110404,-0.8058622694367045,0.04466400000000001
2023-02-09,0.1704080841404937,0.2170937583934556,-0.796024512796881,0.03203900000000001
2023-02-10,0.17029548095358676,0.21521942793273363,-0.803957167072764,0.031938999999999995
2023-02-13,0.16977397432345417,0.20309067353252977,-0.8002550859847651,0.03142900000000001
2023-02-14,0.1697052818386645,0.20821249003704936,-0.8088454995925907,0.034658999999999995
2023-02-15,0.169963642484647,0.20140763090386143,-0.8202203736502798,0.025749999999999995
2023-02-16,0.1684423037299178,0.19900104110995326,-0.8023659134885689,0.022445999999999994
2023-02-17,0.16804960540932606,0.19600271706025785,-0.8088529317162835,0.03523899999999999
2023-02-21,0.16881750632518605,0.201777169408017,-0.797118684220722,0.010652999999999968
2023-02-22,0.16914704890828797,0.20111630945611833,-0.80562887631843,0.03183999999999998
2023-02-23,0.167805443713288,0.218545812869804,0.02829367981403727,0.035387
2023-02-24,0.17246318452669981,0.2231693345569427,0.03440940108699475,-0.005766999999999994
2023-02-27,0.17496733183807428,0.2549157715840289,0.050044287629572026,0.010782999999999987
2023-02-28,0.17585016237069867,0.26578593542654744,0.05486953627364635,-0.0016599999999999948
2023-03-01,0.17609561642645,0.2667865657314746,0.060807009746494556,-0.005092000000000013
2023-03-02,0.17659733367036076,0.2657565562159925,0.04534788147492366,-0.16422200000000003
2023-03-03,0.18379112044388093,0.2643507475652882,0.03383941164776316,-0.13998199999999997
2023-03-06,0.18457610398918162,0.26593569676275963,0.047142839949318144,-0.03856499999999999
2023-03-07,0.1856379742703741,0.26497964151998965,0.047413985405290154,-0.003477000000000008
2023-03-08,0.18513174122369633,0.2639981897682958,0.04304854655083043,0.05617999999999998
2023-03-09,0.18530852776342233,0.2684634157134523,0.07180584367769399,0.027594000000000007
2023-03-10,0.1855457463445034,0.2708808589512729,0.0719101836587148,-0.02252000000000004
2023-03-13,0.18316162062738095,0.27642774618279475,0.08255804870038533,-0.04303699999999999
2023-03-14,0.18365542265014678,0.2719831674068593,0.06781413132305963,-0.077318
2023-03-15,0.18322912801858865,0.27838233205469454,0.09007208975918382,-0.003906999999999994
2023-03-16,0.18305267018160978,0.19313168333116723,0.060174252422218744,0.019118000000000024
2023-03-17,0.18240665065670802,0.19457980238953684,0.08881716969436543,0.035411000000000026
2023-03-20,0.18202685677553931,0.19206249384051724,0.07735441412229818,0.04357500000000003
2023-03-21,0.18201045612662575,0.19304319859089705,0.06346387024111688,0.03830699999999998
2023-03-22,0.1814184321841918,0.19510507329201063,0.08102995096836377,0.02594799999999997
2023-03-23,0.1822043278023458,0.20773948751466442,0.08868123580594606,-0.04148299999999999
2023-03-24,0.1815719602331677,0.20648674739922507,0.07839547692665466,0.10483700000000001
2023-03-27,0.18228081153992223,0.20504208863575757,0.07589179371453397,0.043988
2023-03-28,0.18248714729183382,0.21381529785255468,0.09629018304655704,0.06121899999999997
2023-03-29,0.18259502446925385,0.20484107784304964,0.08648557391444475,0.054981
2023-03-30,0.18313916615704148,0.19920696653597003,0.09024170441596796,0.03457300000000002
2023-03-31,0.18275060513829836,0.1935722112648194,0.07814952295203467,0.03601299999999996
2023-04-03,0.18291982286428074,0.18982217422309428,0.07797531477405259,0.033542000000000016
2023-04-04,0.18255960562704984,0.18880894139301072,0.08459913196675023,0.03126200000000001
2023-04-05,0.18262115001684928,0.1855596855799156,0.08335413193711258,0.025755000000000028
2023-04-06,0.18283799952067697,0.18600910707649204,0.08749910547420162,0.04272000000000001
2023-04-10,0.1837185532124211,0.19157709533858308,0.09664630887998718,0.04186200000000004
2023-04-11,0.18263718331424694,0.1903068665762869,0.09604120109446498,0.04672000000000004
2023-04-12,0.1825114285592713,0.18235923705012502,0.10310547999623498,0.04360700000000001
2023-04-13,0.18639559204188252,0.18463073382498174,0.09249833168619981,0.050130000000000036
2023-04-14,0.1929965534472042,0.18363318668870784,0.08964472700488102,0.048622
2023-04-17,0.2005144917284111,0.18490833376427546,0.09333216646695636,0.04166499999999998
2023-04-18,0.20181656639186488,0.1822975817636797,0.09280851427525758,0.042511999999999994
2023-04-19,0.20219041875254926,0.18403264520335022,0.10317541633602986,0.03759100000000001
2023-04-20,0.19517150607608705,0.1876374197536376,0.042397077712487796,0.027305999999999997
2023-04-21,0.19326767705167996,0.1829984454216228,0.00978335630529234,0.030299999999999994
2023-04-24,0.19330641957542657,0.18464329863885423,0.016024587310412286,0.013271000000000005
2023-04-25,0.1961737180296453,0.19262900228399912,0.024204632438589807,0.013556000000000012
2023-04-26,0.19445661158881336,0.1966214855365875,0.02857398694390878,0.028357999999999994
2023-04-27,0.19483288160726595,0.18431556643790392,0.008176752281906424,0.02162900000000001
2023-04-28,0.19414269541243745,0.17903342225783203,-0.006248044685174037,0.01156299999999999
2023-05-01,0.19480544224571228,0.18233794357406924,-0.0007094644696770125,-0.121639
2023-05-02,0.1961291617543,0.18848775299585688,0.02782053393786421,-0.15845599999999999
2023-05-03,0.19652251153639852,0.1897169018497238,0.024292457841997628,-0.11468899999999993
2023-05-04,0.1960256641810184,0.20175230509405837,0.028151838780760635,-0.11296999999999996
2023-05-05,0.19627037700772082,0.18744837006934909,0.008653507705873087,-0.145675
2023-05-08,0.19617950714296115,0.18602211928208987,0.01845391499007623,-0.094802
2023-05-09,0.19637068091559454,0.1848672759535308,0.013963828848064297,0.009826000000000001
2023-05-10,0.19588974409401005,0.1815779686328246,0.009546713792293104,-0.12158000000000002
2023-05-11,0.19661962071568795,0.18164893523448894,0.005096438686564647,-0.03154499999999999
2023-05-12,0.19647927048168856,0.1854402997659933,0.003767595680157332,-0.103273
2023-05-15,0.19632794917095506,0.18394720847273524,0.0021039121151789075,0.038941
2023-05-16,0.19599100830087282,0.21667717569589773,0.02361265949412114,0.009653999999999996
2023-05-17,0.19566923887496782,0.2213990044513514,0.004093041929450397,-0.027176000000000033
2023-05-18,0.1950407119793868,0.21656960501576672,0.008515071456591888,0.0031130000000000047
2023-05-19,0.19487104586031345,0.22207224176457,0.0371046937762578,0.03571099999999999
2023-05-22,0.19505309352992914,0.2203704811121291,0.0376568650481163,0.02487499999999998
2023-05-23,0.19532295340299075,0.22478373287724032,0.06487923518456212,0.022295999999999982
2023-05-24,0.1963686896861064,0.21941168893978577,0.07646320346878974,0.03656900000000002
2023-05-25,0.19165092325143823,0.3355942307909269,0.09309783287949844,0.01771199999999995
2023-05-26,0.18922520800541157,0.2050403127699331,0.06354039190991057,0.013728000000000018
2023-05-30,0.18925344802758623,0.20008299972399718,0.0602844289174011,-0.31845700000000005
2023-05-31,0.18959967356848517,0.19751549398159837,0.05556519551107347,-0.22847
2023-06-01,0.1891607506271663,0.19609727165383734,0.05814075235154706,-0.08302299999999996
2023-06-02,0.1825401067831978,0.2973233984978492,0.18419951197864878,-0.564838
2023-06-05,0.18270449363269325,0.2080938421119307,0.0677927504311931,-0.16893899999999995
2023-06-06,0.18416845670665652,0.201236764182949,0.06217902799606523,0.31418100000000004
2023-06-07,0.1824117902679875,0.19349156084028185,0.0069885300231901926,-0.07228499999999999
2023-06-08,0.1823275586868572,0.1972047718631612,0.05335648736107787,0.27321699999999993
2023-06-09,0.18192770909760378,0.19350398171179203,0.006947212185021839,-0.03712099999999996
2023-06-12,0.18207878273585495,0.1925574661246817,0.005287599685401101,0.23161499999999996
2023-06-13,0.1811632070112994,0.19308594760948422,0.001979102961965018,0.07617399999999996
2023-06-14,0.18196800601298546,0.1943518776883575,0.021162119337761243,-0.003982999999999959
2023-06-15,0.182162863870049,0.19322809089722992,0.01280057219859515,0.039943000000000006
2023-06-16,0.18241462183894303,0.1950042971810927,0.029605903096966008,-0.22536599999999996
2023-06-20,0.1818412933536741,0.20033192379263604,0.06431830208970762,-0.2607339999999999
2023-06-21,0.18431095953961238,0.20194411710541987,0.04238037945743875,-0.15583700000000006
2023-06-22,0.1849130934478248,0.20703261662314232,0.054113549295886715,-0.11858599999999997
2023-06-23,0.18478426165152384,0.2159564048421903,0.07778929007651231,-0.452642
2023-06-26,0.18582521751240616,0.20074916548987842,0.03615347015364398,-0.18918399999999996
2023-06-27,0.18750820947810287,0.1966767635239371,0.048919446763092955,-0.17347600000000007
2023-06-28,0.1870784956681501,0.20259355274353266,0.07713383340122884,-0.20233100000000004
2023-06-29,0.18668015572163058,0.21135053250170066,0.1322265936653598,-0.080685
2023-06-30,0.1866854246724277,0.21106966483124315,0.12289447360564218,-0.23376699999999995
2023-07-03,0.18834822206601004,0.2140392487225757,0.16318536543952755,-0.180226
2023-07-05,0.18845460526892174,0.20133572128108296,0.10098151403432282,-0.15581899999999999
2023-07-06,0.18996295249700676,0.2024985330291002,0.12246533268573453,-0.22008699999999992
2023-07-07,0.18982651630469155,0.20315888098904653,0.11236214439297798,-0.134735
2023-07-10,0.19242336445537614,0.21120689672096268,0.1812312950999126,-0.12849200000000005
2023-07-11,0.19202298660487116,0.20394147945214416,0.12592097960797122,0.18098999999999998
2023-07-12,0.1923146835302337,0.2087778923466857,0.1289000327984443,0.09225300000000003
2023-07-13,0.1943556019062642,0.20960514288211787,0.16875310935337956,0.12272700000000003
2023-07-14,0.19241778658707723,0.3107961566203309,0.15240082853961492,-0.393181
2023-07-17,0.18731589205557672,0.3423101362312361,0.19564738420071362,-0.5006550000000001
2023-07-18,0.18030447150282994,0.34851330344640136,0.20336395164578602,-0.52469
2023-07-19,0.17925031357628052,0.34156326230022027,0.1529700496546728,-0.519852
2023-07-20,0.1789778869694378,0.27636439664723733,0.11119250311790757,-0.23111199999999998
2023-07-21,0.18406240897143641,0.21147891352710263,0.09304786991266678,-0.23911100000000002
2023-07-24,0.19305412974443278,0.2118487588048445,0.11141744359989761,-0.461732
2023-07-25,0.19397151220901737,0.2096239021664484,0.08206753028311467,-0.220281
2023-07-26,0.19060917304711508,0.24505273342046976,0.11640610054540443,-0.10090300000000008
2023-07-27,0.1932912631748879,0.3525561082333328,0.026949684997506745,-0.09992299999999998
2023-07-28,0.1944942063256709,0.3765649167144884,0.10200388451826486,-0.28909000000000007
2023-07-31,0.19681287527828095,0.36104244573542027,0.03980120676579976,-0.3930119999999999
2023-08-01,0.19896613512477904,0.3602760543657721,-0.0020044700665110826,-0.30682499999999996
2023-08-02,0.1965772622582967,0.3774613657410624,0.07114514244136022,-0.31760999999999995
2023-08-03,0.19707121721073034,0.36051675753562784,0.010544766044100873,-0.243408
2023-08-04,0.1976166355618149,0.37831915693911206,0.019028999560727233,-0.19105399999999995
2023-08-07,0.19745501673825355,0.3782768325692115,-0.010034977429246916,-0.261393
2023-08-08,0.19808887324095617,0.3626774709169208,0.0010752593143454892,-0.18353199999999997
2023-08-09,0.19828068540598875,0.21403861692316775,-0.010107628217804726,-0.22909699999999994
2023-08-10,0.19856800668920727,0.21466513040235172,0.020349761604484234,-0.18060500000000002
2023-08-11,0.19837798805420073,0.29254074090492077,0.10805157590364137,0.03307400000000005
2023-08-14,0.19912985976437603,0.27384895901051437,-0.009099983637615966,0.055810000000000026
2023-08-15,0.19996819256564033,0.22933973364298185,0.0417672043682395,-0.280649
2023-08-16,0.20025439687716529,0.22922894687722717,0.05726933713049598,-0.165209
2023-08-17,0.20017655155512204,0.28247057100198114,0.06702858148579863,0.033837000000000006
2023-08-18,0.20003320488357432,0.2619512434310419,0.04897012509287699,-0.03787399999999996
2023-08-21,0.19921051762111724,0.29050178752332984,0.10881672419848692,0.03034799999999993
2023-08-22,0.1990666478872772,0.2806730244670493,0.04335555353453882,0.02194199999999999
2023-08-23,0.1989288100551452,0.2779242093562482,0.045284732866951644,0.04963099999999998
2023-08-24,0.19824680449836568,0.27700749072474484,0.06452041987797977,0.13830599999999998
2023-08-25,0.19794469868458023,0.260561505200975,0.06997575786154658,-0.014871999999999996
2023-08-28,0.19801384466440483,0.2729755861824153,0.0462609608505897,0.07975399999999999
2023-08-29,0.19738710676423046,0.21072208310436885,0.03793684703155975,-0.002824999999999994
2023-08-30,0.1962953054493704,0.2228231130804398,0.1764679845107376,0.24831400000000003
2023-08-31,0.19620974209221548,0.21420421549238794,0.12309947190447479,0.19398700000000002
2023-09-01,0.19628205356535233,0.21608239010949648,0.05517169492054261,-0.20440599999999998
2023-09-05,0.1957834772761194,0.23593304286831449,0.032916157600855894,-0.19491600000000003
2023-09-06,0.19363775925221854,0.22621353509076375,0.03995187360463934,-0.20447899999999997
2023-09-07,0.1950509028464393,0.2432443127296199,0.0437144795953561,-0.07248500000000002
2023-09-08,0.19522391808556855,0.24300038213067807,0.03043342610500785,-0.224804
2023-09-11,0.19589282184705173,0.25778889310348246,0.03284630199051647,-0.02849400000000002
2023-09-12,0.19698640327581815,0.27821944088652634,0.043222550164445844,0.036024000000000056
2023-09-13,0.19682659453620083,0.2540647728836058,0.03738070985929823,0.04100100000000001
2023-09-14,0.19822231014181727,0.20161760062027867,0.05060080623896493,0.05271100000000001
2023-09-15,0.19785835949913277,0.19933398016310203,0.04608406290753808,-0.004059000000000035
2023-09-18,0.19785843943811815,0.2008698250488069,0.048118402303735264,0.06506599999999996
2023-09-19,0.19920143518431102,0.19913669221568245,0.06256789330162787,-0.11536599999999997
2023-09-20,0.19629942191633074,0.1986879771289639,0.052879849870465234,-0.034733000000000014
2023-09-21,0.19553877697156666,0.20609392225963527,0.1219930897283153,0.08221
2023-09-22,0.1946416877271445,0.20192551943646678,0.09070903307953548,-0.08289100000000005
2023-09-25,0.1940429392148498,0.20439814021474215,0.09541798595928155,-0.07846799999999998
2023-09-26,0.19153476692881466,0.208665002779016,0.1002488256149135,0.26286800000000005
2023-09-27,0.1912655280715764,0.20582929837044758,0.10276903760873518,0.015521000000000007
2023-09-28,0.1926460444497893,0.21092036854140517,0.12901596052960687,0.04072600000000004
2023-09-29,0.19239603404227365,0.2182207046076172,0.19410703508158456,-0.03672900000000001
2023-10-02,0.19368931355890773,0.21037505474144264,0.14025039211970514,-0.12789899999999998
2023-10-03,0.19284008961509655,0.20802898832439481,0.1192311259790099,0.01050000000000001
2023-10-04,0.19115406289160952,0.23101121502746352,0.11816871145500227,-0.02824199999999999
2023-10-05,0.19211993678082295,0.22035563447632947,0.2519042087384533,0.03514499999999998
2023-10-06,0.1890606211977948,0.23674322651375745,0.12343993742664866,0.06459999999999999
2023-10-09,0.18868147235909016,0.20594284316414307,0.10873657838845197,-0.18362499999999993
2023-10-10,0.18836784548590962,0.21148093532079107,0.09830329102733831,0.07189699999999999
2023-10-11,0.18905801710077988,0.213169382404863,0.09476433835995632,-0.07998299999999997
2023-10-12,0.18738827331027397,0.26154833815270834,0.1049634304396371,0.04695900000000003
2023-10-13,0.18654794724902687,0.24430343715364075,0.10268283720310015,-0.132231
2023-10-16,0.1861874813704022,0.24199010059087478,0.0919672139916134,-0.12934199999999996
2023-10-17,0.18601453748801802,0.2403152137271825,0.08430499687191398,-0.14610400000000007
2023-10-18,0.1881525552436741,0.24378205504278516,0.11226129295356932,-0.13412100000000005
2023-10-19,0.18401625276021316,0.19868547168974973,0.020488232276534568,0.17895899999999998
2023-10-20,0.17375409759216875,0.2046276734738422,0.03595872597209643,-0.063419
2023-10-23,0.17697582591223804,0.2207254166467982,0.0039678319400408,-0.06207600000000002
2023-10-24,0.17798163731883523,0.22423429720358473,-0.004278685730759485,0.02299000000000001
2023-10-25,0.17436185794640874,0.2220851616340605,-7.387127358760015e-05,0.05457200000000001
2023-10-26,0.17301503906420684,0.23023319041881962,0.03556971946181203,0.01619499999999996
2023-10-27,0.17163053763484848,0.22844827267009815,6.241030380632617e-05,-0.27677700000000005
2023-10-30,0.16934150170149273,0.23515334084541428,-0.02205871997526676,-0.004309000000000007
2023-10-31,0.17072312268941464,0.22404099880379996,-0.023005628950219376,0.019626000000000005
2023-11-01,0.16988317688554347,0.23380118727723972,-0.03693020451573059,-0.10176799999999997
2023-11-02,0.17051563320614743,0.21985336933387334,-0.055677235591295005,0.06317199999999998
2023-11-03,0.17037792739435031,0.2151251715694612,-0.05958640146950264,0.001839000000000035
2023-11-06,0.1698461466503124,0.21925399182956873,-0.05391932522551926,-0.06476799999999994
2023-11-07,0.17145343268172633,0.21755928010808945,-0.056529193268535005,-0.10844300000000007
2023-11-08,0.1724730274175345,0.22804371029594703,-0.045051113253758546,0.03386800000000001
2023-11-09,0.17288988570688366,0.22028233431635172,-0.044811831293927684,-0.055056999999999995
2023-11-10,0.17488559140117793,0.21909813312792686,-0.04507553497091485,0.04045400000000002
2023-11-13,0.17484924755633713,0.21846091354199015,-0.038433216342534104,0.0025459999999999927
2023-11-14,0.1748386472466021,0.22006686322207364,-0.03863535707506274,-0.10112000000000004
2023-11-15,0.17637121711133835,0.21776714053787105,-0.03884935157589478,-0.14348100000000003
2023-11-16,0.17695056524927036,0.21791540066685675,-0.05326352372538673,-0.12883699999999998
2023-11-17,0.17710333817112636,0.21688230887314414,-0.04070273209171432,-0.26339200000000007
2023-11-20,0.17753234610230387,0.21259047352336521,-0.011145637827413513,0.024513000000000007
2023-11-21,0.17829468953913305,0.21227717207064334,-0.010210765085349266,-0.129488
2023-11-22,0.17902249200853737,0.2143520033884882,-0.01985148821749927,-0.0552
2023-11-24,0.1798949948585465,0.19429833892842557,-0.0048568267216148875,-0.02868599999999999
2023-11-27,0.17990608489317628,0.19780669691686634,0.013574707722965235,-0.0014250000000000096
2023-11-28,0.18001511083638547,0.19948606477590933,0.018626238986560878,-0.199436
2023-11-29,0.18046397829537697,0.20314692416521613,0.027793316028989407,-0.005014999999999992
2023-11-30,0.18113938408979266,0.20079200176239367,0.03745177328200011,0.039647000000000016
2023-12-01,0.18240385181171465,0.2009507267416537,0.03076837145599945,0.219888
2023-12-04,0.18212152728609893,0.20291335404934366,0.05137185561900787,-0.17684499999999997
2023-12-05,0.18154581930487684,0.20024104087865444,0.0536532460355755,-0.029252
2023-12-06,0.180848237034441,0.19987235342261117,0.03984267726086446,-0.009821000000000024
2023-12-07,0.18062759868560138,0.19946409860073208,0.025708215453048522,-0.020731999999999973
2023-12-08,0.17971409198554747,0.1984709647145715,0.02434022442731129,-0.04254199999999997
2023-12-11,0.1793002133796446,0.20007411600111608,0.03365163160420953,-0.13123800000000002
2023-12-12,0.18040932424677264,0.19755903354523013,0.04786023244791465,-0.06908500000000001
2023-12-13,0.17815110888604788,0.19553394370370542,0.05486567946199988,-0.41186500000000004
2023-12-14,0.17896336166234414,0.19558438400341235,0.048916421691846734,-0.17894299999999996
2023-12-15,0.17834114432233616,0.19919453308766757,0.06727413956212444,-0.022336999999999996
2023-12-18,0.17717410959810012,0.19953068621962047,0.04214907431997411,-0.04618
2023-12-19,0.17760936391323826,0.19910051692878217,0.04549829890794299,0.072907
2023-12-20,0.1774275849951376,0.19904498924112993,0.055308727993337,-0.06529000000000001
2023-12-21,0.1773195852357555,0.2002789732203008,0.06123799528600929,-0.005352000000000023
2023-12-22,0.17729912356819444,0.19956254767666445,0.056697717943684,0.11499599999999999
2023-12-26,0.17747848830681068,0.19734535312572463,0.07723090262982427,-0.08006999999999997
2023-12-27,0.17758601847572103,0.19830820453214162,0.07439940473097387,0.0014129999999999976
2023-12-28,0.17726562679724395,0.1970882418037601,0.07515394916098758,-0.001605000000000023
2023-12-29,0.17746051757760423,0.1979182704841663,0.08818106313042898,0.009597999999999995
2024-01-02,0.1750105842905019,0.18606540848856595,0.0807784571690926,-0.00017099999999997673
2024-01-03,0.1764931718633235,0.18937111546673763,0.09354840512400836,-0.010912000000000033
2024-01-04,0.1773605524425379,0.1911307018142583,0.10562998118245917,0.0016410000000000036
2024-01-05,0.1762311570818012,0.18927600736936032,0.0927730142936033,0.015118999999999994
2024-01-08,0.17663406477947188,0.18960474225302595,0.10106847193921131,0.011616999999999988
2024-01-09,0.17776698409904587,0.186789522799092,0.09413176897786563,0.015915999999999986
2024-01-10,0.1779508393615152,0.1892044795468711,0.09640999650636511,-0.039358000000000004
2024-01-11,0.17509333596563822,0.20312056325360495,0.13467227244238844,0.06879400000000002
2024-01-12,0.17637743575851234,0.19517145680965126,0.10112583176712675,-0.03769699999999998
2024-01-16,0.17652899218283757,0.19183824268805205,0.09545075536426309,-0.030152999999999985
2024-01-17,0.1756902038209448,0.19988661697601542,0.10521524070268384,-0.04092499999999999
2024-01-18,0.17535471057673613,0.20007757862197928,0.10059522330483425,-0.03162999999999999
2024-01-19,0.17323195824222778,0.19416604241742083,0.09833135890318379,-0.030505999999999978
2024-01-22,0.176245196778067,0.1976214437772527,0.13803595804579638,-0.01628699999999994
2024-01-23,0.17614987960464945,0.19628094771505036,0.12925979015406178,0.015882000000000007
2024-01-24,0.1780553278012142,0.18657213280789767,0.0017749552775360444,-0.04661599999999999
2024-01-25,0.1804566731487838,0.1830691587237194,-0.005280534165226003,-0.022090999999999972
2024-01-26,0.18305413523282826,0.1828599718884829,0.001464453657439524,-0.09783099999999995
2024-01-29,0.1836368484681122,0.18287208108650585,-0.008453989879617152,-0.038183999999999996
2024-01-30,0.18230637967567137,0.17625182595592012,-0.000510260215298014,-0.07742500000000002
2024-01-31,0.18278485126153668,0.17934466373409483,-0.0008199749584105187,-0.077457
2024-02-01,0.18179044865088495,0.17682376072889294,0.023338709195275836,0.004563000000000095
2024-02-02,0.18175265886079695,0.17658067117334883,0.01440962257730044,-0.03430899999999998
2024-02-05,0.1805805088244421,0.17813694746314504,0.03546298230269501,0.0007479999999999709
2024-02-06,0.18058431460515137,0.17697228520616262,0.01581329160293829,-0.032487000000000044
2024-02-07,0.18041013458182492,0.1838208557769224,0.032873309286800906,0.049229999999999996
2024-02-08,0.17811687593355885,0.1852833344430892,0.039569991717992054,-0.02473599999999998
2024-02-09,0.1763952228164338,0.1862357380765001,0.031520391813924076,0.009294000000000024
2024-02-12,0.17569820823719517,0.18619151401293693,0.05415843510290774,-0.010522999999999949
2024-02-13,0.1721508654504014,0.18490220066000043,0.027289883975460644,-0.057964000000000016
2024-02-14,0.17225026027265897,0.1861708802037421,0.039230508716554285,0.008154000000000106
2024-02-15,0.17198009411737053,0.18264318719317094,0.01027020661427172,-0.060175000000000034
2024-02-16,0.17046190911003914,0.1880570627515685,0.055236295185969786,-0.026258000000000004
2024-02-20,0.16961907144713684,0.18940331787605985,0.07843960837892575,-0.0631830000000001
2024-02-21,0.17108653409231747,0.18191321644833044,0.021113809780236692,-0.23318499999999998
2024-02-22,0.16961504538387165,0.20035694775109988,0.1681720215526078,0.03390499999999996
2024-02-23,0.1685463522100029,0.19943707752363427,0.17116217591959354,0.08836500000000014
2024-02-26,0.16784763965800897,0.19898550264621306,0.1584549502725693,0.18277300000000007
2024-02-27,0.1681266153096021,0.19518578122451508,0.1401272466696871,0.05176500000000006
2024-02-28,0.16788405161724645,0.19706248072602683,0.1436863699347846,0.17257500000000003
2024-02-29,0.16855807494105854,0.19515595083875856,0.1431072660063347,0.02543300000000004
2024-03-01,0.17257408696898613,0.19402857244221744,0.152278919736091,0.006189999999999918
2024-03-04,0.1733180769554282,0.20435033886831255,0.21689788719146977,0.06671400000000016
2024-03-05,0.1729146589138868,0.19658815574474767,0.1732869160093525,0.039139000000000035
2024-03-06,0.17270545131307857,0.194025895376965,0.11878239031697099,0.13944500000000004
2024-03-07,0.1722591229274111,0.19233724936395002,0.0809563071725937,0.16908299999999998
2024-03-08,0.17111713186903296,0.19627021827283708,0.19195063156048026,-0.09724299999999997
2024-03-11,0.17161720507992195,0.18821329561427638,0.09998565124254177,-0.11498900000000001
2024-03-12,0.17212363586673973,0.19628275616551522,0.20135844312023954,-0.04844599999999999
2024-03-13,0.1724135490994048,0.18978713099424174,0.12481588587029888,-0.14076900000000003
2024-03-14,0.17143888530401058,0.18644869057732877,0.09098659977505436,-0.055421000000000054
2024-03-15,0.17171449687093635,0.18277122247260882,0.03954610547225923,-0.14508599999999994
2024-03-18,0.1699472516062209,0.17820699018074074,0.04171915354443223,-0.09634699999999996
2024-03-19,0.1713782288202081,0.1827679392024852,0.08305209156919574,-0.22479000000000005
2024-03-20,0.17127053779771226,0.1839888794035647,0.09615642861742821,-0.09785500000000003
2024-03-21,0.17228949565102233,0.18730545777086913,0.10126017491045891,-0.07706900000000005
2024-03-22,0.17283191434657086,0.1891112396282456,0.09673151764884758,0.043485999999999914
2024-03-25,0.17303525735770853,0.18306532329656355,0.07160997785902629,-0.043837000000000015
2024-03-26,0.17246519026334503,0.19068887539095639,0.1920924821247264,-0.08577999999999997
2024-03-27,0.1722730213663638,0.18410853685855202,0.07359154062489415,0.07839199999999996
2024-03-28,0.17248236846010323,0.1869276937449365,0.09867926143108277,0.13055300000000003
2024-04-01,0.1740456590155818,0.18956847185223838,0.13180277109760752,0.11717999999999995
2024-04-02,0.17454900237667187,0.18648628294531144,0.1263716197167077,-0.04124799999999995
2024-04-03,0.1742126532162005,0.1853789677891305,0.11875703601350382,0.02010400000000001
2024-04-04,0.17270137915248499,0.18582525954213483,0.12468310622450249,-0.036416000000000004
2024-04-05,0.1722675067153249,0.1854108339061796,0.134300451808269,-0.22153199999999995
2024-04-08,0.1726754307948326,0.1871571518506006,0.14356587424460981,-0.011382000000000003
2024-04-09,0.1723960830196403,0.1902762499705536,0.11832381324579042,-0.22053699999999998
2024-04-10,0.1714852217143946,0.18926019533841926,0.12978883472368022,-0.13707199999999997
2024-04-11,0.17196983070622182,0.1948606039335402,0.16801555918830313,-0.1848439999999999
2024-04-12,0.17218895727737604,0.1940806880270796,0.13693389435282025,-0.16768300000000003
2024-04-15,0.1699386488903065,0.19506565101004772,0.1845048407932469,-0.514214
2024-04-16,0.1693523024249682,0.19601758967925223,0.15873740314209772,-0.03074599999999994
2024-04-17,0.17036258099372428,0.1934463012841126,0.13042348588716793,0.06054399999999993
2024-04-18,0.1708315428373941,0.19020289538030824,0.13532101009569625,-0.10586300000000004
2024-04-19,0.17314012460330996,0.18137405516555904,0.1503246637078399,-0.22639299999999996
2024-04-22,0.17086647878520955,0.18377348912912403,0.12809502302405146,-0.21824900000000003
2024-04-23,0.1727105882140779,0.18692843376720883,0.157892871283005,-0.17732799999999993
2024-04-24,0.17032324704943141,0.18786536259058306,0.07030241077416804,-0.08543
2024-04-25,0.16773385866496274,0.20695636136405668,0.16113109245471613,-0.058183000000000096
2024-04-26,0.16434014065577324,0.2042506446411968,0.0664153433957331,-0.12626300000000001
2024-04-29,0.16324184000027966,0.19765948792764818,0.030112789073025698,-0.12991699999999995
2024-04-30,0.16420757487872054,0.20492913564006895,0.13949905332084325,0.11437399999999998
2024-05-01,0.16589319333357136,0.19304281730519096,0.14256493678308824,0.10641900000000004
2024-05-02,0.17390041752451527,0.19013703680179825,0.11628772020107087,0.008705999999999992
2024-05-03,0.176724320897955,0.19294097237328256,0.13568320965513503,0.07313499999999995
2024-05-06,0.17829706269220721,0.18355677698794448,0.04528831161158875,-0.02579000000000009
2024-05-07,0.18013536054939447,0.17929824291477742,-0.0016587928551795306,-0.02004399999999995
2024-05-08,0.18031011083645385,0.18337804184445472,0.04581586885192038,0.03388199999999997
2024-05-09,0.18141205231013344,0.1829503819573756,0.055671763878000186,0.04281900000000005
2024-05-10,0.18208813284950762,0.18849232558972476,0.1276895476008659,0.3379399999999999
2024-05-13,0.1819811811737364,0.18495145165587895,0.07281481113188257,0.17320400000000002
2024-05-14,0.18229109753457412,0.1797414981193295,-0.017191274029334208,-0.03130100000000002
2024-05-15,0.18405450054251266,0.17883977217602653,0.006195599735617813,0.0025079999999999547
2024-05-16,0.18377667790487964,0.19154546181833926,0.17282476187638143,0.2983849999999999
2024-05-17,0.18356741257163792,0.18510604295640445,0.10090523761770445,0.296241
2024-05-20,0.18362286856620497,0.1836148606719209,-0.0027596361191197794,0.12946599999999997
2024-05-21,0.18220407791099696,0.18770881770828662,0.15977680918875475,0.218121
2024-05-22,0.182072452829372,0.18436029903370063,0.04850773810346565,0.19563300000000006
2024-05-23,0.18198012680017622,0.18704807278982757,0.20068197026169604,0.05554199999999998
2024-05-24,0.18211777710368962,0.18294513570884524,0.1615538832085157,0.14750399999999997
2024-05-28,0.1811768390248407,0.18987141743149097,0.21215731676504196,0.02146199999999998
2024-05-29,0.18127291903548398,0.18849875124159013,0.22791676723336396,0.06016599999999994
2024-05-30,0.1806577288551732,0.18386359060911756,0.16804995528959552,0.14626300000000014
2024-05-31,0.17629069919832377,0.1833676612231648,0.18191109762993318,0.27273400000000003
2024-06-03,0.17534319808986978,0.1829417938765176,0.1377565763541081,0.24366799999999988
2024-06-04,0.17868897575692733,0.18145840607614744,0.11306275254870743,0.16959499999999994
2024-06-05,0.17947970022495674,0.1825158265483223,0.11684756588913864,0.2856479999999999
2024-06-06,0.17915990076372976,0.17945923687284723,0.026382935196961332,0.07401500000000005
2024-06-07,0.1811080524327466,0.17696565105477005,0.04871658742031648,0.014990999999999977
2024-06-10,0.18261109777261986,0.1780904147779812,0.01935855734678482,-0.07477
2024-06-11,0.18317310122260483,0.176515249302966,0.027279892886264506,-0.03664299999999998
2024-06-12,0.18330412725086337,0.1863891602700514,0.20340122016365894,0.07643000000000022
2024-06-13,0.182923119108194,0.1789183460749485,0.07474167002191773,-0.09865199999999996
2024-06-14,0.18360195261871684,0.1784059860629843,0.05361331627904817,0.065608
2024-06-17,0.18398015877550394,0.18457311273032412,0.1383393061473684,0.08049399999999995
2024-06-18,0.1837551506000439,0.18194724092351852,0.09047017541673696,0.037755000000000094
2024-06-20,0.18542678155141254,0.18439028150763295,0.11979852820586268,0.24700999999999995
2024-06-21,0.18495244902846508,0.18001419093970097,0.07592184111793362,0.13854500000000003
2024-06-24,0.18480617417552153,0.1794442604929162,0.08721868108373607,0.257775
2024-06-25,0.18524866179511806,0.17978322304248384,0.07437872129373727,0.030027999999999944
2024-06-26,0.18532979600958296,0.18292292434319335,0.10566628437177142,0.21475199999999994
2024-06-27,0.18587040635485108,0.18056520263944031,0.06744089630852754,0.10929
2024-06-28,0.18558220318346078,0.1818586888739786,0.07564530210299414,0.37360099999999996
2024-07-01,0.18459751758494247,0.1804011653450933,0.06233709985723504,0.198088
2024-07-02,0.18410031054267506,0.18269992292453066,0.11811941256909922,0.23406000000000005
