date,y_true,y_pred,vrp_wedge,put_call_skew_30d
2017-07-31,0.12307896540299185,0.13128765851530658,0.02035360411505048,0.019014999999999976
2017-08-01,0.12343195307242111,0.13189805952983727,0.011140727196184433,0.02049100000000001
2017-08-02,0.12366512603990422,0.13293403407389973,0.016930444435242317,0.022171999999999997
2017-08-03,0.1236630626607742,0.13241885368030348,0.026347114010856,0.023926000000000003
2017-08-04,0.12461434129336971,0.13354441434137107,0.034024335215361315,0.015131000000000006
2017-08-07,0.12485433979705611,0.13369378941243656,0.03783440562881743,0.01861399999999999
2017-08-08,0.12317387003697805,0.13384505292942248,0.0408027377241566,0.014801000000000009
2017-08-09,0.1257472131553589,0.14550619168674478,0.037674094926559015,0.021954
2017-08-10,0.12616450098024465,0.15070016745147463,0.060148051587212314,0.03361600000000001
2017-08-11,0.12609164318724064,0.150565197093725,0.06579015498939092,0.03189900000000001
2017-08-14,0.1263271554113717,0.15045269706817335,0.047778797577465074,0.029422000000000004
2017-08-15,0.1266322167768171,0.14966387118677402,0.04207300029064012,0.027738000000000013
2017-08-16,0.1263123987975585,0.15096937018080123,0.04447877503604376,0.028642
2017-08-17,0.12955936386930023,0.15227828753457442,0.0666300521502534,0.03497700000000001
2017-08-18,0.128428772228465,0.15057365589066476,0.057128635700870525,0.035382
2017-08-21,0.12839437900594572,0.1510014709733475,0.04421923594826235,0.034568000000000015
2017-08-22,0.1294407409022219,0.15036007240246577,0.03859845679998676,0.030729000000000006
2017-08-23,0.12794279622857946,0.15045601798714758,0.04131365026171564,0.028905999999999987
2017-08-24,0.12819601155876506,0.15077666970059206,0.04706807349340246,0.03178599999999998
2017-08-25,0.1279384255022887,0.15124421663200083,0.04750710273671038,0.024208000000000007
2017-08-28,0.12818599862509938,0.15121172347192172,0.04445036993172674,0.029794999999999988
2017-08-29,0.13236580845389975,0.15220731967977216,0.04843651079189193,0.032446
2017-08-30,0.13460015189404223,0.1522593051611108,0.04576731748645349,0.02974300000000002
2017-08-31,0.13870767922760638,0.1520951954222292,0.054751002497740064,0.02535700000000002
2017-09-01,0.14354865707461956,0.15105190833683638,0.04427668113866998,0.019669999999999993
2017-09-05,0.14264865074212502,0.1334447595920293,0.06329764867663631,0.030889
2017-09-06,0.14768246083089223,0.13281860717911365,0.05070862504888485,0.02513599999999999
2017-09-07,0.14655609933233635,0.13264434433669667,0.062127838903014404,0.027776999999999996
2017-09-08,0.14646647379890862,0.13351752019414367,0.0602521516841146,0.02654999999999999
2017-09-11,0.14637309985184316,0.13402555392594828,0.04899079859686034,0.023786999999999975
2017-09-12,0.1459467484131319,0.13441995691776254,0.041416526516136504,0.026168999999999998
2017-09-13,0.14659811484169513,0.1410091908968696,0.032935119707452304,0.024109999999999993
2017-09-14,0.1470596325244604,0.1410832519626024,0.03886373398690529,0.026732000000000006
2017-09-15,0.14749691189163336,0.1404176315497835,0.03725131862068953,0.02437700000000001
2017-09-18,0.14778599289534558,0.13952063734008285,0.038891804308081174,0.028108999999999995
2017-09-19,0.14682368092484646,0.19194773390087466,0.03904482695631181,0.022216000000000014
2017-09-20,0.14539202551496494,0.18755874861377445,0.029342074033784,0.025372000000000006
2017-09-21,0.1451457936724043,0.18739367970274992,0.027510649011739358,0.024122000000000005
2017-09-22,0.14557482148797132,0.19050059927893775,0.031910914485937525,0.024847000000000008
2017-09-25,0.14544869334143173,0.18889205784891105,0.03507086403429138,0.025767999999999985
2017-09-26,0.14657403516389106,0.19409369401413706,0.03912258340187735,0.026116
2017-09-27,0.14570756351594022,0.19422702823072938,0.03997835842556252,0.021393999999999996
2017-09-28,0.14522768134782765,0.1965983497362673,0.02670988466742441,0.024953000000000003
2017-09-29,0.14552259029598588,0.19726624300251547,0.025658252889541017,0.023467000000000016
2017-10-02,0.14551133525471366,0.1980967221510845,0.025404714489487445,0.023278999999999994
2017-10-03,0.14593226274186583,0.20150399827433543,0.033642726855035415,0.020502999999999993
2017-10-04,0.14716350141097512,0.193047505313274,0.04138028748448158,0.024003999999999998
2017-10-05,0.14677118461395033,0.19268542902733551,0.04166124104264729,0.02230499999999999
2017-10-06,0.14650584869158215,0.1948246733449516,0.041997349088462727,0.017423999999999995
2017-10-09,0.14674110213556743,0.19596154366393015,0.05442612203546972,0.018998999999999988
2017-10-10,0.14705332919525244,0.14948974819628635,0.04713438336471544,0.015980000000000022
2017-10-11,0.1469184819981495,0.150160479186853,0.04246580321386535,0.01605000000000001
2017-10-12,0.1470677818573843,0.15097982874901295,0.031116159004207625,0.013150999999999996
2017-10-13,0.14764556319435232,0.1525600284355546,0.013422701473090493,0.013462000000000002
2017-10-16,0.14864780586865195,0.14909134446049352,0.019005603283333866,0.01175000000000001
2017-10-17,0.1492470454910421,0.14953414281216898,0.013392102867914063,0.014725999999999989
2017-10-18,0.1495489856797048,0.14980339438934032,0.017577861455424254,0.015977999999999992
2017-10-19,0.14988055656116264,0.15025967642848384,0.02376867808115432,0.017570000000000002
2017-10-20,0.14973656461142895,0.1488903515024023,0.018680522602359778,0.01569699999999999
2017-10-23,0.15001959443714882,0.1511896123214112,0.02519224401323117,0.01569200000000001
2017-10-24,0.1497752357891497,0.15015172157473236,0.03632804667463388,0.015601000000000004
2017-10-25,0.14953503336477592,0.14997924917867977,0.0451570864653473,0.0070230000000000015
2017-10-26,0.14969146089138438,0.14963996820815587,0.050078278087034175,0.008539000000000019
2017-10-27,0.1500931319909495,0.1493937975608425,0.03797506725646414,0.01088
2017-10-30,0.15051945056479688,0.1512868920250275,0.040993211630533155,0.008854
2017-10-31,0.15063553357927165,0.15006204228408235,0.041435438474809363,0.009622999999999993
2017-11-01,0.15213851421374655,0.15174309213912981,0.03565301577493747,0.008903999999999995
2017-11-02,0.19845147134857533,0.1512845761135077,0.03543426349142767,0.008257999999999988
2017-11-03,0.20359566912985577,0.15195037003770098,0.03003661135819191,0.008812000000000014
2017-11-06,0.20686897300379575,0.15091991591537318,0.031224889003449788,0.011784000000000017
2017-11-07,0.20768160342415387,0.1498725636982591,0.04197333684882684,0.013357000000000008
2017-11-08,0.2161217790370067,0.15021620401394487,0.04400813440308457,0.012936000000000003
2017-11-09,0.21778788420059766,0.14647974665139907,0.044805827729446024,0.013624999999999998
2017-11-10,0.21898663304020688,0.15090912292490327,0.05037936351563732,0.013220999999999983
2017-11-13,0.21958497284865286,0.15141519791425878,0.052414848962573854,0.017517999999999978
2017-11-14,0.22022687706111113,0.17840017102387137,0.04793647233802632,0.015432000000000001
2017-11-15,0.21852836330122796,0.17063091011446788,0.05428297853870542,-0.006722000000000006
2017-11-16,0.21896558241219474,0.17987281687290702,0.03467250928568141,0.005425999999999986
2017-11-17,0.2212664480156525,0.18289292955790346,0.02906364977810677,0.004177000000000014
2017-11-20,0.2213509554017387,0.17741073180245684,0.03119262040295054,0.0012370000000000159
2017-11-21,0.22168978241930604,0.1822490740021854,0.035859474152462295,-0.0019279999999999853
2017-11-22,0.2220514723769182,0.18238975470740026,0.03360388478081702,0.0028749999999999887
2017-11-24,0.22261585527548308,0.18240381425154828,0.03019137506559949,0.0035509999999999986
2017-11-27,0.22388653509278283,0.18236568632047254,0.027602623344404553,0.002022999999999997
2017-11-28,0.2253959114753367,0.1639696413721177,0.03749681604105984,-0.005019999999999997
2017-11-29,0.2256858852443055,0.16264092989350423,0.05088764216600636,0.01368999999999998
2017-11-30,0.2261154827381113,0.1626901857660277,0.04659460452106651,0.012257999999999991
2017-12-01,0.2227981062941582,0.16422172187561346,0.014182153102334755,0.0169
2017-12-04,0.22306077599350996,0.1580946638660444,0.046751214951518516,0.008840999999999988
2017-12-05,0.2207188799341215,0.16513107567944377,0.02258405404706046,0.032244999999999996
2017-12-06,0.22152692387944206,0.1652567772679007,0.017956669942792658,0.019805000000000017
2017-12-07,0.22149544441746877,0.15915939758349154,0.0009694032704015143,0.020005999999999996
2017-12-08,0.22200340694680037,0.15909233103689177,-0.007720975115170087,0.01886500000000002
2017-12-11,0.2224410203340297,0.1592926922779017,-0.008610050248090778,0.018933000000000005
2017-12-12,0.22173554184505762,0.15827620567656372,0.011597035868040478,0.01558900000000002
2017-12-13,0.2216442716628501,0.15902800957400123,-0.0009609666316639232,0.016088999999999992
2017-12-14,0.22249313963560363,0.16501899511579113,0.01002724502842986,0.016743000000000008
2017-12-15,0.22215815975206896,0.16357156957933836,-0.001734390267348257,0.020397
2017-12-18,0.2236275866848305,0.16378785633022475,0.008519199331436106,0.014347000000000026
2017-12-19,0.22638402155094126,0.16390857231729405,0.009858193488807038,0.011196999999999985
2017-12-20,0.22934269373433525,0.1960848861284436,0.0077894022085776005,0.011369999999999991
2017-12-21,0.23085778098763257,0.19560252933899938,0.001697851727803651,0.014937000000000006
2017-12-22,0.23458777733048441,0.19421440189627748,-0.0005623868156052203,0.01730899999999999
2017-12-26,0.23595785761634547,0.19579973864969918,-0.0011642304106272705,0.01624700000000001
2017-12-27,0.2384898898299955,0.19614551576226766,-0.001837766382935202,0.014627000000000001
2017-12-28,0.24478297124471013,0.1956136014861667,0.009489606530917155,0.01653099999999999
2017-12-29,0.2460059371153501,0.19534773212595374,0.03656822914157712,-0.005185999999999996
2018-01-02,0.24750741020906003,0.15043764757957853,0.035963356572830896,0.018673999999999996
2018-01-03,0.2478154471719162,0.15123954597006317,0.056040159255762445,0.014545000000000002
2018-01-04,0.2508995920740562,0.15068742012666703,0.05636315126408639,0.019238000000000005
2018-01-05,0.25307323538878357,0.1630403137126834,0.06744373197907177,0.014988000000000001
2018-01-08,0.25340633041033683,0.1632228564196049,0.06914155694616003,0.012029000000000012
2018-01-09,0.25327170679044414,0.1631757969266771,0.07821231777345242,0.001567999999999986
2018-01-10,0.25465738506346447,0.16291225912152166,0.06464859327209636,0.014188000000000006
2018-01-11,0.2606526269330544,0.16334526643595257,0.06545551124607744,0.013702999999999993
2018-01-12,0.26041409557554945,0.16204050630592506,0.03818332850590833,0.013835999999999987
2018-01-16,0.2596891119859595,0.1700067002686906,0.04367121763022502,0.014580999999999983
2018-01-17,0.25992225224706983,0.1690143385383329,0.03909909275890369,0.019639000000000018
2018-01-18,0.2599436908871332,0.16715671528660286,0.03500644509250045,0.012622999999999995
2018-01-19,0.26034042973197274,0.16686875356163303,0.028173379323645803,0.015267000000000003
2018-01-22,0.260358962647127,0.166619093068503,0.027135600920212333,0.014845999999999998
2018-01-23,0.26289044556966373,0.1674378251965254,0.037209891373959,0.009780000000000011
2018-01-24,0.2636822328863601,0.16758452160618256,0.04793877066794544,0.007481999999999989
2018-01-25,0.26404851735284846,0.16743511238066244,0.03990871215968497,0.011095999999999995
2018-01-26,0.2639368907085537,0.16744439569026898,0.038776558573477615,0.01175900000000002
2018-01-29,0.2639776876591452,0.22356682372973646,0.058182481800143654,0.004824999999999996
2018-01-30,0.2639089736721571,0.22107696867459498,0.0618499751204129,0.01077599999999998
2018-01-31,0.2642602344186188,0.21987675618585123,0.04846908803570851,0.016491000000000006
2018-02-01,0.26608744793671685,0.21835627689722276,0.04371753768609657,0.01530999999999999
2018-02-02,0.26637389837017966,0.19420271078639947,0.06386135496925446,0.020499000000000017
2018-02-05,0.23352898123660862,0.20669405278129813,0.014640505226413192,-0.0008759999999999879
2018-02-06,0.22974996847752324,0.16875668093772253,-0.015548024460860732,0.03264600000000001
2018-02-07,0.2277892617778091,0.16549795661058847,-0.01773263241338563,0.03659600000000002
2018-02-08,0.22604482904022624,0.16866922758424238,0.07479496990866136,0.02957399999999999
2018-02-09,0.2177084888732581,0.16891626445884644,-0.007116785404852555,0.070548
2018-02-12,0.2154930524659136,0.16843802418706716,-0.05729726850968414,0.066942
2018-02-13,0.2144019492698942,0.16839694739936362,-0.06893036711213713,0.05878100000000003
2018-02-14,0.2136554797617112,0.1687961679375006,-0.09333481879636416,0.05204
2018-02-15,0.21309069769810676,0.16855933218780783,-0.09755169556659302,0.03972999999999999
2018-02-16,0.21290742295340104,0.1683428885821882,-0.09592545386458526,0.031859
2018-02-20,0.2123279353394538,0.16807571549333866,-0.09269229123635273,0.040590000000000015
2018-02-21,0.2109671075626502,0.16835955705508565,-0.09313330331606792,0.037135
2018-02-22,0.21108784907801675,0.16760660178831552,-0.09074153361652454,0.04011000000000001
2018-02-23,0.2119996324639918,0.16776915031674033,-0.1193118674031356,0.036030000000000006
2018-02-26,0.2115479836040308,0.1676148799828984,-0.11358442443551137,0.050509
2018-02-27,0.21492259363108573,0.1682889295946551,-0.11548548311551762,0.021896
2018-02-28,0.21433776409417576,0.1681871208852835,-0.1025606928621097,0.044071
2018-03-01,0.21079891904597195,0.16763027460582455,-0.07622041786481565,0.04991099999999998
2018-03-02,0.20932843869016848,0.16715352261620267,-0.09233106345567152,0.04447699999999999
2018-03-05,0.2062036482056472,0.1670815362967301,-0.10613142669990991,0.037211999999999995
2018-03-06,0.20603594796581853,0.19342346729703486,-0.12415350668344247,0.045215000000000005
2018-03-07,0.2059954098366453,0.19427268576117773,-0.026303790217561768,0.05753899999999998
2018-03-08,0.20533176360454033,0.19264066326463644,-0.03282853072742592,0.04646800000000001
2018-03-09,0.20425608963336836,0.19033092168578952,-0.05099605545353944,0.03758199999999998
2018-03-12,0.20398369122605645,0.19245608562793015,-0.026531692345537233,0.028865000000000002
2018-03-13,0.20388428279250212,0.1919253682842799,0.0020766973233765917,0.04409299999999999
2018-03-14,0.20448482918842648,0.1910362210747657,0.027529476647481677,0.04899200000000001
2018-03-15,0.20522436276697145,0.19128667710002537,0.022614843420551894,0.039328
2018-03-16,0.20652672933986885,0.19155872311358446,0.024552920764067815,0.03794899999999998
2018-03-19,0.2058581220818745,0.1929454135960645,0.04243146596842187,0.044782000000000016
2018-03-20,0.20605958134566274,0.1931301520397582,0.040754802176657556,0.04501199999999997
2018-03-21,0.20438731006095306,0.19459988388614707,0.04414970331612733,0.03991699999999998
2018-03-22,0.20224053032468348,0.1916872922978277,0.08485261659340079,0.04752700000000004
2018-03-23,0.2000409901259935,0.19019450383107694,0.10419554600635544,0.05168700000000004
2018-03-26,0.198935374346985,0.19133760496377855,0.057081065364501665,0.04924600000000001
2018-03-27,0.19557834864028012,0.19033332030037026,0.07375354627547245,0.04972899999999997
2018-03-28,0.1954419753590896,0.19024357174439813,0.0658544446900623,0.05683899999999997
2018-03-29,0.19350626190279505,0.19150190030774206,0.04178608629800851,0.04885999999999999
2018-04-02,0.18667411218855232,0.18920104812224434,0.06811569568779041,0.05862499999999998
2018-04-03,0.18544467138458695,0.19042049114694834,0.0422382367627851,0.059519000000000044
2018-04-04,0.18405722257592153,0.18992059408569373,0.03412477606108494,0.058340999999999976
2018-04-05,0.18347884592866914,0.19020739326251923,0.01975046450692783,0.05168699999999998
2018-04-06,0.18024327743996454,0.18899110207432754,0.04162812492821022,0.05967100000000003
2018-04-09,0.17721346196716709,0.1895383832678807,0.023078994097112476,0.058946
2018-04-10,0.17728676743665825,0.1888285842949876,0.01345277808098233,0.057472999999999996
2018-04-11,0.17725877475186627,0.18414533201670352,0.025960859093821315,0.05200900000000003
2018-04-12,0.17581570756955942,0.1781771164164935,0.002125086327854353,0.041321
2018-04-13,0.16978797337190113,0.18277706994826987,-0.031293801360328694,0.04798099999999997
2018-04-16,0.17097284521103767,0.18474789762315935,-0.05082042518983712,0.03297599999999998
2018-04-17,0.17035304774742246,0.18755675339763123,-0.06513150879749172,0.031168
2018-04-18,0.16989302467550763,0.18782096120532446,-0.06143361646451678,0.035109
2018-04-19,0.16935868341467486,0.18978375871296932,-0.07287390616148498,0.03425900000000001
2018-04-20,0.16921409494768994,0.18941366263834153,-0.06099993782105406,0.040965999999999975
2018-04-23,0.17172213365658928,0.18878990319853478,-0.05696592796132274,0.038173999999999986
2018-04-24,0.1678800543579633,0.18835840902052628,-0.049088101686490276,0.04372100000000001
2018-04-25,0.16755082998931287,0.18834751869325952,-0.04138440648143671,0.04298199999999999
2018-04-26,0.1668180276259281,0.18783022398917235,-0.04953751973448273,0.033773000000000025
2018-04-27,0.1670439885819883,0.18852921074145884,-0.04518451107990959,0.02870499999999998
2018-04-30,0.16719407974299427,0.1886746854564117,-0.03815677749601967,0.02763300000000002
2018-05-01,0.16690749754947515,0.1889908774641593,-0.02533466596788672,0.03476400000000002
2018-05-02,0.16622974132487847,0.18838825052348018,-0.023840543914090045,0.03553400000000001
2018-05-03,0.16349612373211056,0.18856850989524668,-0.019760809708302962,0.036813999999999986
2018-05-04,0.16130097108548236,0.18823315622008419,-0.034956176258580135,0.033835000000000004
2018-05-07,0.16133123834753396,0.18820947621719722,-0.02820309550530392,0.031549999999999995
2018-05-08,0.16040557904865846,0.18941719563795856,-0.024935244832174852,0.02989900000000001
2018-05-09,0.15887712016507552,0.1889976155603337,-0.03068306897671158,0.029756000000000005
2018-05-10,0.1582784862159755,0.18839727380167945,-0.0375393374698165,0.027711999999999987
2018-05-11,0.15862469156375336,0.1870698120949085,-0.03731148108961457,0.02892599999999998
2018-05-14,0.15919707507776343,0.18886557011639668,-0.013113758657285118,0.027481000000000005
2018-05-15,0.15948401503268111,0.19010046365152306,0.0011166182915388068,0.031526
2018-05-16,0.15990245991313434,0.16688501532543762,-0.00965885177260803,0.029969999999999997
2018-05-17,0.15962350760566596,0.1702118884944536,-0.0048317148422517,0.029172000000000003
2018-05-18,0.15898731083877626,0.1711027276554681,0.012581116608539805,0.026081999999999994
2018-05-21,0.1592220454240656,0.16919045559287926,0.0010173935430644876,0.030115000000000003
2018-05-22,0.15850175681495005,0.1703303678628414,0.004671364734676359,0.026296000000000014
2018-05-23,0.15727298441777102,0.17075721392677226,0.016465070233139256,0.03214800000000001
2018-05-24,0.1556894482577926,0.1718414702435465,0.02191516106760283,0.027868000000000004
2018-05-25,0.15554880121105955,0.17385488658741485,0.021056052724649,0.029035000000000005
2018-05-29,0.15121660828954428,0.17072394317227887,0.060977938324222186,0.02642999999999998
2018-05-30,0.1495263502106197,0.16647249744714773,0.016654159795820328,0.027940999999999994
2018-05-31,0.14847277007232015,0.1666963898403794,0.025127117130870374,0.029681999999999986
2018-06-01,0.14823349986723403,0.16611348487009872,0.01391720173304467,0.031664
2018-06-04,0.1483219933500923,0.16540121102345606,0.022370520126008514,0.029922000000000004
2018-06-05,0.14857427002418785,0.16643895457819613,0.029754869528419187,0.025624000000000008
2018-06-06,0.14796884117198392,0.16544791963173097,0.024814597531952837,0.021926
2018-06-07,0.14751442429525435,0.16506064462255562,0.026091939528821495,0.02368300000000001
2018-06-08,0.14763284939078344,0.16524510645599857,0.022050347495684824,0.025538000000000005
2018-06-11,0.1473269178737011,0.16550728667005127,0.038279479642810615,0.014280000000000015
2018-06-12,0.14616267503659724,0.1661963059147757,0.030667937810385487,0.02160200000000001
2018-06-13,0.14593301860792643,0.1668726367034386,0.03536716306708479,0.013677999999999996
2018-06-14,0.14547396364999138,0.16795451257201732,0.048542198874940656,0.010493000000000002
2018-06-15,0.14361183996716212,0.16785793699339227,0.034154148720188515,0.017112000000000016
2018-06-18,0.14292686181028882,0.16768124881643837,0.03826995695184099,0.014529999999999987
2018-06-19,0.1427725673291794,0.16726749921703082,0.046899018049001706,0.018720000000000014
2018-06-20,0.14481225123718883,0.16845851135989584,0.04291728653855981,0.02243300000000001
2018-06-21,0.1438576112857591,0.15979917928852957,0.05340242192512146,0.020459000000000005
2018-06-22,0.14207368247980084,0.16008844169011943,0.05042980262748592,0.02154800000000001
2018-06-25,0.14217804906719214,0.16149210821678997,0.06611420319810912,0.025350999999999985
2018-06-26,0.140547583555253,0.16198168781899874,0.07081492703364567,0.020114999999999994
2018-06-27,0.13824282111260247,0.16282677887585142,0.09073563152795136,0.01145999999999997
2018-06-28,0.13758300878743385,0.16277226237662215,0.07996377948728853,0.022484999999999977
2018-06-29,0.13713786258760033,0.16040494534571534,0.07942805804073011,0.009762999999999994
2018-07-02,0.1375107580645303,0.16072663712591112,0.0579241625066062,0.027142
2018-07-03,0.13660085325856247,0.15997657725856496,0.06451827616007738,0.01633799999999999
2018-07-05,0.1369645100073615,0.1596462195972972,0.04716538460017855,0.025619000000000003
2018-07-06,0.13729030078014642,0.1585965219189242,0.036712018272194585,0.014772000000000007
2018-07-09,0.13747509464940202,0.1551496743219164,0.028932887240242483,0.016300999999999982
2018-07-10,0.13899559723015453,0.156399743242459,0.03485225157319252,0.00873299999999999
2018-07-11,0.13954867434311577,0.1586079170067906,0.04226855271628152,0.012195999999999985
2018-07-12,0.14036855588872715,0.16894670819095675,0.03145272153568013,0.013390000000000013
2018-07-13,0.14258562888721038,0.18166634887742975,0.004989915804340134,0.01397699999999999
2018-07-16,0.15058354237282154,0.16217193318368303,-0.0070950667560343295,0.02219299999999999
2018-07-17,0.15315701810746216,0.16653189353428974,-0.00859628292797407,0.017436000000000007
2018-07-18,0.15315323006379192,0.16602134712276997,-0.015438081211390009,0.019927
2018-07-19,0.155416709886567,0.15644545877812202,-0.008787189393813982,0.023315000000000002
2018-07-20,0.1559403895247896,0.15500897056498986,0.0015238331405075245,0.012303000000000008
2018-07-23,0.154506291374104,0.15433232230170327,-0.004866725363192492,0.012218000000000007
2018-07-24,0.155123116414457,0.15372849631195915,-0.00708116421233651,0.015355000000000008
2018-07-25,0.1565471612301623,0.15353349149483891,-0.018357180367554654,0.017301999999999984
2018-07-26,0.157855104832363,0.1528494250410386,-0.014514276061236925,0.017460000000000003
2018-07-27,0.15959052260164763,0.15666319726584846,-0.0068778524337439195,0.019874000000000003
2018-07-30,0.16036014592703432,0.1570521730848494,0.011060910916266015,0.017408000000000007
2018-07-31,0.1643399045263658,0.1581046835615891,0.010189362809014807,0.014262999999999998
2018-08-01,0.16546889636424955,0.1593957516868613,0.00215513683064561,0.018570000000000003
2018-08-02,0.16797154970695244,0.1587700317052125,0.0003621623790403816,0.022833999999999993
2018-08-03,0.1693894728279799,0.15782909626660296,-0.01358442713572261,0.019621
2018-08-06,0.1731735966951905,0.15893546792432617,-0.004992384696260677,0.018457
2018-08-07,0.17308387448147855,0.16058333375929282,-0.00970171183815291,0.019565
2018-08-08,0.17420080255689618,0.1630392944994416,6.28246909269714e-05,0.01144400000000001
2018-08-09,0.17609683519833216,0.1629948697710486,-0.0005707974094918689,0.01591100000000001
2018-08-10,0.17644798889940508,0.16283977218831147,0.013760382964666806,0.021347000000000005
2018-08-13,0.1763025239932596,0.16642707262134576,0.03428640114799297,0.02299900000000002
2018-08-14,0.17850108623688685,0.16385054706586794,0.0253310969987246,0.01710499999999998
2018-08-15,0.17949947270055247,0.16379387646270255,0.030197357966351007,0.025616
2018-08-16,0.18653374319984603,0.1636361857477807,0.02362547766641429,0.025373000000000007
2018-08-17,0.1899765452006844,0.16358439304352457,0.01772667172093076,0.02479299999999998
2018-08-20,0.19165486976613366,0.16448265301229223,0.023588735709318742,0.022807999999999995
2018-08-21,0.19171866582542868,0.16660177780765842,0.034406551332845176,0.01913899999999999
2018-08-22,0.19374233007427968,0.16642193364974467,0.03448114870652105,0.01876
2018-08-23,0.19459463856356043,0.16646996572836611,0.03600916333798915,0.022384999999999988
2018-08-24,0.1951856559814974,0.16560059287568385,0.03378020312523573,0.02212900000000001
2018-08-27,0.19612556648808327,0.16946487377435104,0.03557894955792559,0.020247999999999988
2018-08-28,0.19644945750729598,0.16549309997192085,0.0443207596591136,0.021080000000000015
2018-08-29,0.19842126390619622,0.17184390276173883,0.04880940183058173,0.018106999999999984
2018-08-30,0.19858770288920874,0.16594555509179446,0.062289879631444056,0.023257
2018-08-31,0.1988822283395487,0.17502198451540935,0.0621717027433448,0.026037000000000005
2018-09-04,0.19860142371705283,0.17708047466641427,0.06655164719723386,0.028164999999999996
2018-09-05,0.20164402196432735,0.1756802064916503,0.06838262064877003,0.028285000000000005
2018-09-06,0.2039319642285543,0.17481172572973191,0.07328829090173092,0.030376000000000014
2018-09-07,0.20953918053782544,0.17771506386809172,0.072385378830759,0.03017399999999998
2018-09-10,0.21658605919292878,0.17757673460958015,0.07426748210935945,0.03151100000000001
2018-09-11,0.21876461532117308,0.17806277596755346,0.07167135787740235,0.032578000000000024
2018-09-12,0.22111221488205565,0.17720071786712657,0.07536403486539181,0.02710599999999999
2018-09-13,0.22105026754707352,0.17753091235895765,0.06898702440574302,0.027575000000000016
2018-09-14,0.22240929355396974,0.17625940988864786,0.0650673354297977,0.026257000000000003
2018-09-17,0.22381064854804675,0.17686113196872863,0.07134595176247746,0.028664999999999996
2018-09-18,0.22657246612529458,0.17560778672909744,0.0684646376319758,0.02177699999999999
2018-09-19,0.23154687525872003,0.1747793931335218,0.058288907453621794,0.022004999999999997
2018-09-20,0.23419421832851084,0.1740028042304926,0.05098207918899007,0.023586000000000024
2018-09-21,0.24191731963858315,0.16702353350638172,0.046581472974002086,0.023270000000000013
2018-09-24,0.24278391654379713,0.17086219580437645,0.05552126317175898,0.02121500000000001
2018-09-25,0.24923377572128966,0.1733729278268649,0.05261029955796451,0.022451
2018-09-26,0.2525015855004729,0.17501617984237763,0.0580800507826654,0.023457000000000006
2018-09-27,0.25299293937907114,0.17752600631382895,0.05980772930947023,0.020532999999999996
2018-09-28,0.25395512676276366,0.1822337617850385,0.061795135974908155,0.020366999999999996
2018-10-01,0.2556648215559815,0.17701332694313768,0.058521841962709015,0.02116800000000002
2018-10-02,0.2564727649874263,0.17946590581677188,0.06055709729899053,0.021113999999999994
2018-10-03,0.2580667183598677,0.18218948067014898,0.06192680706054765,0.018755999999999995
2018-10-04,0.2573736130329707,0.1754625891425281,0.06564000551869661,0.029201000000000005
2018-10-05,0.2580816421125941,0.17760869085112085,0.06610773285720792,0.03640299999999999
2018-10-08,0.2574826858114525,0.22604152845052355,0.0615245494105538,0.024591999999999975
2018-10-09,0.2577253202957162,0.21350410232068925,0.07172742467771151,0.024324999999999986
2018-10-10,0.2570860797554536,0.20668721962736378,0.12160927024110268,0.026386999999999994
2018-10-11,0.25520884465340354,0.19848472994729308,0.11908326135401587,0.04295299999999996
2018-10-12,0.2525022312562331,0.1961401315356924,0.04547298661906582,0.050637000000000015
2018-10-15,0.2515140183130947,0.19991991382262692,0.04039982204513576,0.033052
2018-10-16,0.2513855603398567,0.19904800216896687,-0.005002556900271959,0.040213
2018-10-17,0.2511271023396753,0.19695412068519397,-0.011685468810994332,0.035250000000000004
2018-10-18,0.25076356122940796,0.1945942151991784,0.005753604746993324,0.04649099999999998
2018-10-19,0.25045477781860537,0.19469148152367574,0.003477704482008903,0.037019000000000024
2018-10-22,0.24998453157694056,0.1976793250957691,0.010305854211285409,0.03864200000000001
2018-10-23,0.24901035219204118,0.1918652475407323,0.01643181044944092,0.04298400000000002
2018-10-24,0.24869267664052094,0.19713340244272815,0.0482921276904171,0.04872000000000001
2018-10-25,0.2477608016071645,0.19286583051614958,0.026565031940160327,0.048485
2018-10-26,0.24736649685584586,0.19312437459600684,0.04251099499345404,0.04819100000000001
2018-10-29,0.24468865139633983,0.19306972199214414,0.03931445865125749,0.05599100000000001
2018-10-30,0.24398202736376629,0.19218295508785968,0.021067102148048494,0.050489000000000006
2018-10-31,0.24224788356678933,0.19260078808780629,-0.0028725901672416176,0.04885300000000001
2018-11-01,0.24155829871459503,0.18504265460718416,-0.015074133143998358,0.05504100000000001
2018-11-02,0.23884267541784365,0.18386908496547658,-0.010018310303087585,0.054553999999999964
2018-11-05,0.2400954572272542,0.18387320513365127,-0.009720625813385841,0.05650999999999998
2018-11-06,0.24098571368109672,0.18370820438139673,-0.012865105002645594,0.053815999999999975
2018-11-07,0.23975766568273224,0.18224774784458997,-0.05126643129103117,0.046278000000000014
2018-11-08,0.23930082108124412,0.1823682404688997,-0.04673191315499289,0.04382900000000001
2018-11-09,0.23908552660845458,0.18173638112937546,-0.025175764082287166,0.043805999999999984
2018-11-12,0.2380946318606516,0.2085028300171084,0.020670338216210588,0.06444099999999997
2018-11-13,0.23753519501333498,0.20820616775684495,0.017057164337063557,0.049934000000000006
2018-11-14,0.2326991869623908,0.20724639254696106,0.022467799664968313,0.054424
2018-11-15,0.22997107811768877,0.20003976487014008,-0.0004898005831169561,0.058370000000000005
2018-11-16,0.22869710121440773,0.21078736360619135,-0.014043314327600753,0.047849
2018-11-19,0.22843445270375384,0.2149394130969743,-0.002900835783156419,0.055009999999999976
2018-11-20,0.22755067895332495,0.21467558412942955,0.03946034773276422,0.04910999999999999
2018-11-21,0.2274098962746552,0.21877632826906585,0.014938828213523214,0.03359599999999999
2018-11-23,0.22703466597104807,0.21858784201830228,0.02293517780592466,0.051869
2018-11-26,0.22562545393504638,0.2129859386822837,0.002526884432509452,0.045493000000000006
2018-11-27,0.226189899716076,0.19869690946226856,-0.0025128161625165013,0.05124799999999999
2018-11-28,0.22688912878479983,0.20865356767580268,-0.0031322087912380725,0.03952599999999998
2018-11-29,0.22709241670206895,0.2211588913591809,-0.0018296570647763633,0.047182
2018-11-30,0.22691647926808325,0.22184935494852054,-0.001826983971162155,0.048177000000000025
2018-12-03,0.22714996507267438,0.21612470482127577,-0.020585390366870515,0.04231599999999999
2018-12-04,0.22409817368888188,0.2060051239972926,0.04748799210691365,0.04433200000000001
2018-12-06,0.2218441037544954,0.20036619525049726,0.0417774126577595,0.05516400000000002
2018-12-07,0.21646069193353484,0.197770009179256,0.052190578568863305,0.023341
2018-12-10,0.20960019960200948,0.19925457559113816,0.05958670456252438,0.04920100000000005
2018-12-11,0.2074569071671504,0.19862719932024117,0.03737425210659168,0.05135200000000001
2018-12-12,0.20443474908500972,0.19968622242991593,0.017886365691467287,0.04169499999999998
2018-12-13,0.204265521879493,0.20093613249869383,0.01417459063941634,0.04486899999999999
2018-12-14,0.20302424920579829,0.2012402986767535,0.033871584261202126,0.04202100000000003
2018-12-17,0.20196857039933516,0.1998063190676291,0.06834845475045373,0.05141199999999996
2018-12-18,0.19895731934962943,0.19981224479276027,0.08312279200120279,0.045576000000000005
2018-12-19,0.19344365724069934,0.1922669443017614,0.06566515368794318,0.047843000000000024
2018-12-20,0.19281269907924245,0.19263356780142657,0.0673355103217011,0.06611800000000001
2018-12-21,0.1840254790661599,0.1923012834173688,0.07020120112323369,0.07949299999999998
2018-12-24,0.1825743472539157,0.1915010889490037,0.1252204204796048,0.06526300000000002
2018-12-26,0.1730816296217075,0.19204325553255158,0.054316629043785036,0.07182599999999995
2018-12-27,0.16823668624057303,0.19197863365103016,0.04687717755449494,0.06888500000000003
2018-12-28,0.16760757868480686,0.19193070654184546,0.028587045744765505,0.06328499999999998
2018-12-31,0.16554854095217053,0.19154173632768748,0.008497167366513736,0.06252200000000002
2019-01-02,0.16301030839717542,0.18397919787780279,-0.0155608626747622,0.056315000000000004
2019-01-03,0.16152870768671804,0.18489591225319532,0.006108861559650791,0.059043999999999985
2019-01-04,0.158915443957661,0.18298238760292962,-0.028600071102238833,0.057891000000000026
2019-01-07,0.1572160583065703,0.18191838611643832,-0.024323078381814134,0.05263099999999998
2019-01-08,0.15499652697756605,0.1814641612792973,-0.03692464143370061,0.055174999999999974
2019-01-09,0.15441576366072982,0.18213759323022524,-0.03770944517592528,0.05638099999999999
2019-01-10,0.15376851494549224,0.18145066620971737,-0.02726671962060989,0.047321
2019-01-11,0.1561899609908264,0.17981050756645062,-0.03232175240179591,0.04452699999999998
2019-01-14,0.15512161880323766,0.17962382715351374,-0.037855200519932714,0.047303999999999985
2019-01-15,0.14998284883513707,0.18071762541906894,-0.08303727450652157,0.041969000000000006
2019-01-16,0.1525192198923069,0.17949735989776802,-0.08188277028491242,0.034335000000000004
2019-01-17,0.1521514383796034,0.18125343807886146,-0.08840562722158624,0.04126100000000002
2019-01-18,0.15043376571584793,0.1803516399627797,-0.09830904326185955,0.043293
2019-01-22,0.1500746285542387,0.18035473085007991,-0.06227162185459298,0.04605199999999998
2019-01-23,0.14935137188670133,0.17850398944370302,-0.05658605625121721,0.046832999999999986
2019-01-24,0.14995687411092543,0.18068108809396216,-0.039387706250716414,0.042074
2019-01-25,0.14881089404466133,0.17802399699949473,-0.0486470201041308,0.043075999999999975
2019-01-28,0.15034758917243957,0.15880809149215766,-0.02446370404837861,0.04497899999999999
2019-01-29,0.150230595982802,0.1591375692441935,-0.006890051842164485,0.04424500000000001
2019-01-30,0.15060992262538989,0.15907088382748605,-0.011054243929056656,0.04475299999999999
2019-01-31,0.15059380381712154,0.15900487621841383,-0.0036828752229803863,0.03286
2019-02-01,0.1500210557721885,0.16700323076568777,-0.0072386787535829444,0.039208999999999994
2019-02-04,0.1503969375712411,0.16564373141556765,-0.008925089025298788,0.038572999999999996
2019-02-05,0.1509843333753811,0.16561394876841679,-0.0029116086454485934,0.03653200000000001
2019-02-06,0.15092606033251763,0.1588406549320382,0.003621371537559953,0.03579299999999999
2019-02-07,0.15031340550142014,0.15994238163690913,0.027637668206196675,0.037498000000000004
2019-02-08,0.14979277030881197,0.16115502134119378,0.02893874349841563,0.03854199999999999
2019-02-11,0.15021287828445354,0.16341772376748684,0.032775562976226,0.03302100000000002
2019-02-12,0.15216401768644885,0.16310356243624755,0.01880703429415037,0.03797600000000001
2019-02-13,0.15426119708924488,0.17072667199167396,0.021052084940622523,0.03603199999999998
2019-02-14,0.15347137652969034,0.16667662721741905,0.0432887155211667,0.03320799999999999
2019-02-15,0.1539664389909597,0.1717878122516001,0.03673880635359936,0.039575
2019-02-19,0.1534033115474598,0.1713115765904826,0.037826627425684656,0.040771
2019-02-20,0.15323117257262606,0.1701601443355619,0.03456397914165241,0.03836200000000001
2019-02-21,0.1530416211990963,0.17826341006709961,0.035178771019204275,0.03814200000000001
2019-02-22,0.154718189319902,0.17019036717003064,0.03609451229185634,0.03704099999999999
2019-02-25,0.15365003060924146,0.17808004755621357,0.028144996198392308,0.037972000000000006
2019-02-26,0.15340491070060117,0.17861143369897875,0.034543757841290684,0.03233699999999998
2019-02-27,0.15370340076217076,0.17901103547612435,0.031141985007697326,0.038572999999999996
2019-02-28,0.156055093330774,0.18090926886788175,0.03749705276305029,0.04069300000000001
2019-03-01,0.15625270721338724,0.18133062894066104,0.03348913839565823,0.03817000000000001
2019-03-04,0.15355858031745562,0.18110486895595077,0.0328890376901991,0.045564999999999994
2019-03-05,0.15527075616715674,0.16579574388827434,0.03505897940867378,0.034547999999999995
2019-03-06,0.15625840887513656,0.16422401561316413,0.032664114040619585,0.04481099999999999
2019-03-07,0.15722606430052002,0.16490918702805354,0.038372970030936315,0.04388900000000001
2019-03-08,0.1572602919653707,0.16492048595768544,0.0396823595798966,0.04450499999999999
2019-03-11,0.1573087383761591,0.16417334847996773,0.025838184091552224,0.04344999999999999
2019-03-12,0.15755355470675247,0.1636675590461027,0.033865727034487786,0.041325
2019-03-13,0.15824745771392007,0.17643719812785996,0.029110671178253528,0.039175000000000015
2019-03-14,0.15806982723183324,0.17821311214309196,0.023966664600965193,0.04036400000000001
2019-03-15,0.15869845509460145,0.16537804101674083,0.01091223319416773,0.039292999999999995
2019-03-18,0.15877136990313898,0.17055399541804397,0.028199228437981255,0.034492999999999996
2019-03-19,0.15961352969073883,0.16981055290924862,0.037332525559103186,0.03828300000000001
2019-03-20,0.15988649722395454,0.16872622435096252,0.054841504094900684,0.03630699999999998
2019-03-21,0.16117702043365514,0.16821836008675878,0.05843535935192762,0.03762399999999999
2019-03-22,0.16156888339202244,0.16466079809939912,0.08322077485106141,0.040535000000000015
2019-03-25,0.15853068514737426,0.16576250628308908,0.06989374170809415,0.04078699999999999
2019-03-26,0.1575155132438321,0.16534010535407817,0.05435084651921818,0.03482000000000002
2019-03-27,0.15705879433761147,0.1646256059005857,0.06382211339300789,0.03270200000000001
2019-03-28,0.15725368562018963,0.16329300305752042,0.05036854430992699,0.036575000000000024
2019-03-29,0.15704112891392874,0.1638572181556054,0.04402509645252989,0.030130000000000018
2019-04-01,0.15693316815047,0.16307509847925075,0.03549686955776421,0.03462800000000002
2019-04-02,0.15679120008050296,0.16332847962646313,0.045192236379269835,0.03225399999999998
2019-04-03,0.15665418456159733,0.16390283207280018,0.05119228359821171,0.03331300000000001
2019-04-04,0.15706391840945602,0.1637802636802222,0.04849586536447545,0.034697000000000006
2019-04-05,0.15692880993376113,0.1628386366507662,0.044647072404723986,0.03727
2019-04-08,0.15719871122493326,0.16325047143861882,0.047139112535928895,0.03639499999999998
2019-04-09,0.15723683642649594,0.1656401717926541,0.05136815960056071,0.03977700000000001
2019-04-10,0.15691091751014533,0.16741360568687474,0.05320691691165988,0.034384
2019-04-11,0.15672066224906117,0.16717115281574532,0.049983910390284436,0.02823600000000001
2019-04-12,0.15436678431945544,0.16545657742123332,0.002944972322591527,0.027821000000000012
2019-04-15,0.15514440986961298,0.16661634263373826,0.00810046880909357,0.03004000000000001
2019-04-16,0.15514673472494236,0.17140385383670556,-0.0010423122583503586,0.02890899999999999
2019-04-17,0.1519352366704512,0.16865339767620124,-0.0011005292125177424,0.019707000000000002
2019-04-18,0.15184652183447744,0.16824547146756766,-0.006413011689173631,0.029279
2019-04-22,0.15196790147601374,0.1713462980076306,-0.004040827987017076,0.024580999999999992
2019-04-23,0.1514803175963705,0.17501674089955377,-0.0017112540008100974,0.028971999999999998
2019-04-24,0.1509062321894091,0.17670281057717135,0.012485576607823679,0.023973999999999995
2019-04-25,0.15094261516242088,0.17732067053321832,0.01648928817081946,0.024814000000000003
2019-04-26,0.15095555737741237,0.17780165962303873,0.00879245758374042,0.029825000000000018
2019-04-29,0.14900529993334144,0.17346707199287814,0.010845718579590047,0.024953000000000003
2019-04-30,0.14880692615457167,0.17251966887914344,0.004384234677600407,0.029007000000000005
2019-05-01,0.1480182574354362,0.17039173181062425,0.010283835978618039,0.02967900000000001
2019-05-02,0.15398655772940945,0.1697301369936522,0.00984849738440094,0.033364000000000005
2019-05-03,0.15550040687172195,0.17525360044808774,0.01141552201851323,0.03300700000000001
2019-05-06,0.15763494199454783,0.17205294441971414,0.025330469406059847,0.041821
2019-05-07,0.15879132972035898,0.17297289066016894,0.05823882437697456,0.05098
2019-05-08,0.1610603688479131,0.17269769758600317,0.056403188602187515,0.04488199999999998
2019-05-09,0.1601616495448032,0.17528734991833927,0.0507549648949166,0.05540700000000001
2019-05-10,0.1600985201417967,0.17759862560485956,0.025661910961335244,0.048902
2019-05-13,0.15981098423385834,0.17713432539200577,0.06274004541330974,0.06102300000000002
2019-05-14,0.1624838229855933,0.1729293759304746,0.044903291052771105,0.051568
2019-05-15,0.16237749329467407,0.1648320453570593,0.0340166100006809,0.04994399999999999
2019-05-16,0.16356441349791573,0.1639378427514729,0.019786740219682936,0.045156
2019-05-17,0.16357932404634357,0.163436381595504,0.03312293583964085,0.050567
2019-05-20,0.1633447998161686,0.16446820662813016,0.04006976985222277,0.051432000000000005
2019-05-21,0.16377063000589684,0.16402341160402628,0.02390860169358741,0.042272000000000004
2019-05-22,0.1637284002743359,0.1640904739722164,0.025641653067435044,0.04624800000000001
2019-05-23,0.16227840167725602,0.16815576370359217,0.053071063919763906,0.05627800000000002
2019-05-24,0.16753166557008264,0.1652723129947758,0.04161039536745434,0.05158500000000002
2019-05-28,0.16722314663433382,0.16630965974193349,0.05446827193620765,0.05093
2019-05-29,0.16938766454913703,0.1663908102584655,0.06576441965055163,0.051781999999999995
2019-05-30,0.16810313247368705,0.16653753293355292,0.05881609341523952,0.05487
2019-05-31,0.1678388309133276,0.1665819285216417,0.06829298973628084,0.054297999999999985
2019-06-03,0.1673121865502148,0.16641263866867068,0.06920313287887367,0.06192299999999998
2019-06-04,0.16616886303383402,0.16589982274212542,0.04359138600674303,0.055507
2019-06-05,0.16599088289888622,0.1655513445531832,0.04231364007222166,0.05088000000000001
2019-06-06,0.16669014061335213,0.1656677289761734,0.03304759335302304,0.049705
2019-06-07,0.16672973180660947,0.1649103018663086,0.03190198560043184,0.048315
2019-06-10,0.16803712529491577,0.16568401564794025,0.03783059485376683,0.04563499999999998
2019-06-11,0.16828179348603742,0.16914856199475847,0.0444205080819432,0.044402
2019-06-12,0.16849517073179712,0.17018456954569927,0.042950167046863885,0.048241000000000006
2019-06-13,0.1700808934788131,0.16926025820315627,0.04388908217749543,0.04821599999999998
2019-06-14,0.16936933255229375,0.1696478462528844,0.049765831056952564,0.041768
2019-06-17,0.1695170684051454,0.16980071160542387,0.05560827049017791,0.046740000000000004
2019-06-18,0.16853730485327492,0.17017697096678225,0.0547082789435229,0.03941700000000001
2019-06-19,0.16871553828122354,0.16981847536161784,0.046328569315486984,0.043634000000000006
2019-06-20,0.16744185634613293,0.17073879847572707,0.048151536665780426,0.03339400000000001
2019-06-21,0.16505035467158477,0.17190118048389594,0.036287464246719914,0.04297999999999999
2019-06-24,0.1649179030632832,0.1723045053107288,0.04507221779956577,0.043140999999999985
2019-06-25,0.16583007525986185,0.1764084062235304,0.059529500533170854,0.03754199999999999
2019-06-26,0.16565775515199796,0.17700892981728586,0.05154309617178304,0.041735999999999995
2019-06-27,0.1653161335226302,0.17761884579276002,0.04835771332247135,0.042017
2019-06-28,0.16517669024921675,0.17682031472897355,0.04498809830932776,0.03941800000000001
2019-07-01,0.16518165717862604,0.1757226456340322,0.03385548542155048,0.03073999999999999
2019-07-02,0.16764800580512396,0.1749945773867342,0.016507683424698633,0.03850700000000001
2019-07-03,0.1674572977728529,0.17541746670133984,0.022099466630511544,0.038746999999999976
2019-07-05,0.16933452441597152,0.17569998643391319,0.02753636815833299,0.04078100000000001
2019-07-08,0.17031075321501382,0.17559574223570373,0.03355156619947233,0.034716
2019-07-09,0.17079026442992604,0.1761329259935986,0.03692936852905834,0.035331
2019-07-10,0.17065025642846895,0.1763633953122699,0.03146067658519702,0.032586000000000004
2019-07-11,0.17069425404987992,0.17693709379036496,0.03873590614293698,0.029936000000000018
2019-07-12,0.17244386264379527,0.17691311918287164,0.038499362266337156,0.03536699999999998
2019-07-15,0.17342880306025144,0.17706869583213072,0.03973761186575986,0.032014000000000015
2019-07-16,0.17190218451924122,0.17593351849485772,0.02397790993504051,0.028118000000000004
2019-07-17,0.17648442006714046,0.17681720302063159,0.017654596180265908,0.031476000000000004
2019-07-18,0.17624698188588506,0.17690092278400163,0.015368436851088019,0.035586000000000007
2019-07-19,0.1766368650909264,0.17629111643755951,0.019622984026498674,0.031973
2019-07-22,0.17645614461131082,0.17718858605220517,0.017718138175961434,0.03597900000000001
2019-07-23,0.17658334802694203,0.17905380841714819,0.025311795256039354,0.034131999999999996
2019-07-24,0.17724406608258184,0.1799501224727235,0.022181780320638556,0.03223900000000002
2019-07-25,0.1762585251720491,0.17850126614854747,0.027221437048737543,0.033329
2019-07-26,0.17681985658239374,0.1750710435189855,0.023036036092076842,0.03201799999999999
2019-07-29,0.17713269853745384,0.17522452334437896,0.030836118669115717,0.032070000000000015
2019-07-30,0.17667548921296167,0.17554398847288363,0.03606771654661316,0.03556199999999998
2019-07-31,0.17667471193423767,0.17847684661269825,0.035020739143812804,0.041272
2019-08-01,0.17152801906482557,0.17437353020375565,0.0462985694868967,0.04879700000000001
2019-08-02,0.17094121223704958,0.1743039133325822,0.04506282418794663,0.05357899999999999
2019-08-05,0.16857362707636234,0.17487512146292622,0.08712506621001392,0.06897499999999998
2019-08-06,0.1665491144070387,0.17449137941665038,0.05627396514989469,0.061445
2019-08-07,0.16440881409062855,0.18337258806502169,0.07000007621054294,0.05744799999999997
2019-08-08,0.1641993473031025,0.1825197536217897,0.03925084647451568,0.05967699999999998
2019-08-09,0.16250435646380415,0.1837552079879343,0.04281714016623331,0.06440000000000001
2019-08-12,0.1622517466645679,0.18817239825195536,0.07050373945783517,0.06959200000000001
2019-08-13,0.1574539297399134,0.18836378955650684,0.03384676255326277,0.06661899999999998
2019-08-14,0.15590786075014013,0.19285318521181785,0.08310247389654205,0.075935
2019-08-15,0.15428312507470032,0.1930809068676605,0.0673272804240401,0.073266
2019-08-16,0.15292948041718146,0.1910031349738005,0.036332856652315615,0.062607
2019-08-19,0.1527994927027736,0.19051681490112035,0.017096661243573452,0.06151699999999999
2019-08-20,0.1528508647960296,0.1906057304830236,0.026272770093346776,0.06533899999999998
2019-08-21,0.1528510080384937,0.19157339199863327,0.020836182458503882,0.06594900000000001
2019-08-22,0.1528768688298213,0.18761714321240602,0.020276252331554584,0.06421199999999999
2019-08-23,0.14749017990365007,0.19075063007487045,0.040396999654788324,0.07649599999999998
2019-08-26,0.1473168329147733,0.1899690709995928,0.03975062631998347,0.08004399999999998
2019-08-27,0.14458859113347788,0.19072630248442052,0.03875856131158875,0.08118800000000001
2019-08-28,0.14395806747246268,0.18973245256656632,0.024181575719885023,0.077619
2019-08-29,0.1426620583059993,0.18795056571743948,0.004640468083523558,0.078073
2019-08-30,0.1423411618735656,0.15710709661239786,0.01555845974900863,0.07545200000000002
2019-09-03,0.14129486070736016,0.15787291652510743,0.032417097736011924,0.07990199999999997
2019-09-04,0.1405438876976838,0.1595894255371595,0.019330141873551643,0.07394300000000004
2019-09-05,0.13882942529063003,0.1627084518092492,0.00835788352210648,0.063894
2019-09-06,0.1387186792855419,0.16148597949641721,-0.001521321131744996,0.059642
2019-09-09,0.13709190715549385,0.1633508259755194,0.0041630147729416755,0.05840999999999999
2019-09-10,0.13637254233409052,0.1643457059627815,0.004734056270742776,0.060757000000000005
2019-09-11,0.13558001139925632,0.16486137343948176,-0.0024324279143380922,0.05431799999999998
2019-09-12,0.1332383919972637,0.1663780344363931,0.005910397030510661,0.04784100000000002
2019-09-13,0.13583325878583613,0.16458442406329202,0.007261024399486948,0.048317
2019-09-16,0.13696417654705292,0.16473747143401482,0.02139503020660724,0.050693000000000016
2019-09-17,0.1365508771925384,0.16472778522332682,0.026533984850407283,0.051618
2019-09-18,0.13529771156672277,0.16490582264191647,0.019942776352815994,0.04883299999999999
2019-09-19,0.13518700948002527,0.16470724365061612,0.015449073710036981,0.047238
2019-09-20,0.13479113654747546,0.16475797080772708,0.028269705284529795,0.036285999999999985
2019-09-23,0.13553266892645216,0.1657174058887936,0.01937659690981733,0.05132600000000001
2019-09-24,0.134111450305751,0.16681787256541153,0.04631130051938748,0.05623699999999998
2019-09-25,0.1336128385195253,0.16774024039618077,0.03759771570918882,0.047819
2019-09-26,0.13354128999819653,0.16856098944280065,0.04734784560167879,0.049514
2019-09-27,0.13303629800176284,0.16863545628256169,0.05570919281535075,0.056172
2019-09-30,0.1324380868841616,0.16839967747801374,0.05483969671348782,0.053762000000000004
2019-10-01,0.1290840141774488,0.1659504649704431,0.06547712860297794,0.05984600000000001
2019-10-02,0.12870132204807933,0.1666245033366598,0.08686105389725338,0.06153400000000003
2019-10-03,0.12679286663022077,0.16691098466805918,0.07973010549570603,0.06741
2019-10-04,0.1252959610793537,0.16705778809360633,0.062215194724122985,0.051441000000000014
2019-10-07,0.12519842069752218,0.14487935679447025,0.07003702343662083,0.04532899999999998
2019-10-08,0.1258748789811348,0.15152556353581226,0.09617565395169023,0.05614899999999998
2019-10-09,0.12560462172784553,0.15309446932462217,0.08446244630341979,0.05773099999999998
2019-10-10,0.12306489718561608,0.16228193994235968,0.07418709049550334,0.061306
2019-10-11,0.1209363803680404,0.17947665796036208,0.07556141800192681,0.055401000000000034
2019-10-14,0.12394781093722324,0.1800307139985802,0.05809646223782844,0.056647
2019-10-15,0.11873116346406361,0.18938937819845042,0.019223511105617236,0.04497000000000001
2019-10-16,0.11835444924611492,0.1935187947085687,0.014393594053384307,0.04875099999999999
2019-10-17,0.11702781728937732,0.19565808301657223,0.009357066075857123,0.04871400000000001
2019-10-18,0.11719730496350024,0.19768236041458426,0.020288605103101265,0.04062000000000002
2019-10-21,0.11675309613788884,0.19949291727101282,0.013987964956947735,0.05087899999999998
2019-10-22,0.11700398330657602,0.2010081049635781,0.011680764315354891,0.048843
2019-10-23,0.1209884816153154,0.20098913942628055,0.010478180867340675,0.04635
2019-10-24,0.12350014095602728,0.2008999298966542,0.004319589508279459,0.045065999999999995
2019-10-25,0.12399599945802876,0.20120524950711746,0.0018633523524373419,0.03708700000000001
2019-10-28,0.1250710392567741,0.20167050214624643,0.0065705323479839095,0.03600199999999998
2019-10-29,0.12576071738381348,0.20230176877088288,0.00013751979719606178,0.041635000000000005
2019-10-30,0.12836118016664433,0.2024938178006119,0.006631013921395729,0.041933
2019-10-31,0.12765525915438206,0.20242588168441186,0.006798848194423501,0.04249700000000001
2019-11-01,0.12769871165311664,0.20256406572761088,0.008090136338609222,0.036945000000000006
2019-11-04,0.12827572976657428,0.20706925899191858,0.016531579213647285,0.033108
2019-11-05,0.12776199088556223,0.20746784028909468,0.023827386459868705,0.03704199999999999
2019-11-06,0.1278733278309487,0.20708390853782105,0.0183141695281277,0.032409999999999994
2019-11-07,0.12738074626390902,0.20848430136132853,0.023831773592060707,0.02520900000000001
2019-11-08,0.12727671649495656,0.20849856305614983,0.024528848612405618,0.030865000000000004
2019-11-11,0.12783822269291858,0.1694482361084287,0.029187381126553363,0.031025000000000025
2019-11-12,0.12826879112543407,0.16991046971630477,0.02480995449213752,0.032411999999999996
2019-11-13,0.12798679613933014,0.17066994215939038,0.052160938560656,0.03605
2019-11-14,0.12954428113150457,0.17054140101459786,0.05003787983603673,0.03311
2019-11-15,0.1305921674143767,0.1687502925721894,0.040835080146268146,0.03287900000000002
2019-11-18,0.1310574675322288,0.16876077391568153,0.04675915958060638,0.03481199999999998
2019-11-19,0.13207408373910365,0.16959239245275248,0.05230232311354237,0.035049
2019-11-20,0.13328624576397322,0.17145323306692323,0.059648523791588345,0.03773499999999999
2019-11-21,0.1441057834696635,0.18938405028536,0.05231612077493687,0.031998
2019-11-22,0.14657716639885687,0.18624130254771112,0.04807261104138959,0.035972000000000004
2019-11-25,0.1533805785067347,0.185815998491529,0.04558671483088789,0.036944000000000005
2019-11-26,0.16776382716927413,0.18603135503344623,0.038782693481094116,0.03737300000000002
2019-11-27,0.18098759157724814,0.18608517068811753,0.04475529770579448,0.03723699999999999
2019-11-29,0.19284491007597312,0.1865943022140717,0.04763309613045834,0.039820999999999995
2019-12-02,0.2028755202813718,0.19173774633697765,0.06392969846353615,0.039963
2019-12-03,0.20701429317388945,0.19068766194605133,0.07405337454716028,0.04542099999999999
2019-12-04,0.21654731627202436,0.19172556083010173,0.06101020124662944,0.042115000000000014
2019-12-05,0.23128379017943868,0.19130638832406596,0.05664670072584145,0.046016
2019-12-06,0.2495673437924133,0.1900853114819249,0.05652813496758739,0.044289999999999996
2019-12-09,0.2608864444356726,0.19064438075568302,0.06600438992829756,0.03168399999999999
2019-12-10,0.30717284871001704,0.19356365731545908,0.061831504047610175,0.050317
2019-12-11,0.33844756318028657,0.19042333836663902,0.06130952398521222,0.049498000000000014
2019-12-12,0.36599484985792846,0.2080518208936516,0.0604806838382415,0.02932499999999999
2019-12-13,0.39369976390731404,0.19141333755307544,0.04475381395861612,0.02113000000000001
2019-12-16,0.4261778404799693,0.1967070344422262,0.039812810636177934,0.026057999999999998
2019-12-17,0.463988335089793,0.30354162976822135,0.04199298234757973,0.02698399999999998
2019-12-18,0.4760523214622132,0.30571457100285526,0.0435975235818367,0.028743999999999992
2019-12-19,0.4828560969801503,0.298008605418919,0.04100962066235621,0.029309
2019-12-20,0.49406053244575804,0.29864666273614865,0.049673453987937,0.020226999999999995
2019-12-23,0.5203679721014487,0.3029331731372282,0.045992497374614805,0.030307999999999974
2019-12-24,0.5229864457067566,0.30164074105798583,0.050186942713280974,0.03085300000000002
2019-12-26,0.5262630991400571,0.3062591349692269,0.05910372605106286,0.02880000000000002
2019-12-27,0.5299146067812078,0.3009426024446071,0.0648356559834645,0.033102999999999994
2019-12-30,0.5342794152878161,0.30130514716383955,0.06298880337592415,0.03687499999999999
2019-12-31,0.5369309241090009,0.3015268478638877,0.06347220967050146,0.036521
2020-01-02,0.5398330164818139,0.28682973977504256,0.05815224936567663,0.030617000000000005
2020-01-03,0.5443398135399543,0.28764805601307575,0.06369652913376275,0.040969000000000005
2020-01-06,0.5466917104817868,0.2876188443408106,0.07600869347139744,0.04506500000000002
2020-01-07,0.5476716209726281,0.28730859962628635,0.08183475381537565,0.044544
2020-01-08,0.5505589999159455,0.2893702124213772,0.07343414023350137,0.046437000000000006
2020-01-09,0.5557191951747996,0.28864800504784627,0.06472849147734153,0.03883600000000001
2020-01-10,0.5583391905749778,0.285339018467674,0.06833038960538455,0.039525000000000005
2020-01-13,0.5668769542725013,0.2747800222252494,0.0685624983809384,0.038472000000000006
2020-01-14,0.566818176820001,0.2622794892470224,0.04192957853466593,0.027332000000000023
2020-01-15,0.5676663404460346,0.2514481263095471,0.040160908333258305,0.02782000000000001
2020-01-16,0.5705313090007421,0.24350830716795363,0.028074950085274594,0.02355400000000002
2020-01-17,0.5740678182476281,0.24302161870893677,0.02264410603242517,0.021445999999999993
2020-01-21,0.5758788916048818,0.24717291103263128,0.043031123458384904,0.029088000000000003
2020-01-22,0.5770355421860281,0.25512507549634467,0.0438122559516531,0.02826099999999998
2020-01-23,0.5775468726435115,0.2529982380415266,0.04691805025581028,0.031495999999999996
2020-01-24,0.5781525762935451,0.3574438814922025,0.05769877322989528,0.04323099999999999
2020-01-27,0.579538535756644,0.3404911137598548,0.06421861328561529,0.045765
2020-01-28,0.5802661804188834,0.35972629540283124,0.053047886000832656,0.040596999999999994
2020-01-29,0.5806075702145862,0.3540562394440686,0.05368123642278039,0.03184300000000001
2020-01-30,0.5812172885655712,0.3388366819956124,0.04723690289267632,0.04821699999999998
2020-01-31,0.5811760829015693,0.3402847344861794,0.0670446097424158,0.04197400000000001
2020-02-03,0.5816853217121322,0.3396142787790809,0.05257834379760115,0.041825
2020-02-04,0.5821146195340302,0.3293734835624776,0.04466421609308424,0.05089000000000002
2020-02-05,0.5829947417760168,0.32945300428446983,0.041384826510783124,0.04744999999999999
2020-02-06,0.5839993219787097,0.329422770492283,0.040693883319982166,0.04282
2020-02-07,0.5846066819816714,0.3297517421501907,0.044609227887138975,0.044878
2020-02-10,0.5849966466122396,0.308306318713242,0.04259080690293765,0.04969799999999999
2020-02-11,0.5865422714887294,0.31025813309245903,0.040343977396795516,0.048574000000000006
2020-02-12,0.5881839194241729,0.32966520941952954,0.030479837540129423,0.04044600000000001
2020-02-13,0.5912907684547211,0.3235457945876864,0.03860641186954494,0.04394999999999999
2020-02-14,0.5918932428772268,0.33932137616756003,0.03252148104216873,0.04168999999999998
2020-02-18,0.5932049701766929,0.3347335188401444,0.03742391772687029,0.044435
2020-02-19,0.593961519421041,0.37692619625132506,0.03130874141044926,0.03980899999999998
2020-02-20,0.5944283212390082,0.32256255179295157,0.03248484901563989,0.045715000000000006
2020-02-21,0.5949945366800428,0.2955954468101416,0.04543060683559161,0.053625000000000006
2020-02-24,0.5949939307407386,0.2904666908069795,0.09186532725147317,0.06398199999999998
2020-02-25,0.5954937979190603,0.28984732457380225,0.11690560858731622,0.08726800000000001
2020-02-26,0.5971020328620632,0.21105518218966682,0.1106024971022638,0.07175100000000001
2020-02-27,0.5961243126754086,0.18189470776214756,0.1840872019377697,0.06805800000000001
2020-02-28,0.5927984002000216,0.1708061024622148,0.2514686634961286,0.15245099999999995
2020-03-02,0.5895378210108873,0.19687330974828998,0.09826285615328634,0.13225599999999998
2020-03-03,0.5865124427102311,0.20042113407431494,0.13083647974221146,0.16548100000000004
2020-03-04,0.5844852982275225,0.19366118482400405,0.019404404638812822,0.12009500000000001
2020-03-05,0.5842974481182115,0.19934953916489537,0.15178576220286466,0.172919
2020-03-06,0.5843634787382802,0.1968616850049412,0.22585613393229337,0.254226
2020-03-09,0.5792588505356553,0.22958085440840856,0.38514901535378526,0.29293499999999995
2020-03-10,0.5724914723770377,0.22225020902398426,0.2481195496716237,0.264351
2020-03-11,0.5683335606083901,0.21998021433553552,0.33984589580785,0.3053990000000001
2020-03-12,0.5480522224244994,0.22270755770447392,0.4580634575544225,0.2999179999999999
2020-03-13,0.531867687388987,0.21858170147606412,0.16217014791585904,0.2619370000000001
2020-03-16,0.5150018412229329,0.21810398258091324,0.3777277710863167,0.38809399999999994
2020-03-17,0.49972153862020124,0.21638589344524442,0.24945211833378633,0.3638659999999999
2020-03-18,0.4729797689570691,0.2133856154225038,0.3348018863433512,0.41360399999999997
2020-03-19,0.43703285040996964,0.21359488508457258,0.15770780826523634,0.3029870000000001
2020-03-20,0.42590539771550584,0.21501061760221438,0.07170776237447951,0.2724979999999999
2020-03-23,0.4184877252216695,0.21548178329755216,0.1343043532923659,0.21116999999999997
2020-03-24,0.40567209328856974,0.211262550016063,-0.10320485681737823,0.20157900000000006
2020-03-25,0.3720862925399831,0.20530141518631428,-0.07376646109677354,0.15156599999999998
2020-03-26,0.369966839613652,0.17257539825007345,-0.18497263010236198,0.18281400000000003
2020-03-27,0.3672008437760281,0.17406126930519078,-0.12845900245457043,0.20692500000000003
2020-03-30,0.36339190278494155,0.17352997117682226,-0.2198543877062078,0.19303000000000003
2020-03-31,0.3577693779859032,0.17205885696373915,-0.2471268237541806,0.171091
2020-04-01,0.3552740507981938,0.17220405131225064,-0.15430439967719223,0.19922799999999996
2020-04-02,0.3524553431346503,0.17150471445777377,-0.20471509185651016,0.17076499999999994
2020-04-03,0.34571727576315603,0.17155626185841308,-0.23545154917399225,0.16660200000000003
2020-04-06,0.34273623499227746,0.34155707887341685,-0.324606286541665,0.13608299999999995
2020-04-07,0.341297653161305,0.26608588271338657,-0.29069092759241866,0.11203799999999997
2020-04-08,0.3387169766087254,0.35596142107814854,-0.3075108290926031,0.13908500000000001
2020-04-09,0.3335732960706666,0.2517656458733571,-0.28766371511717737,0.10888900000000001
2020-04-13,0.33164268407207254,0.20741839797815598,-0.21094203814239754,0.082569
2020-04-14,0.32016311306281675,0.2009912079971265,-0.2694775689352289,0.07905000000000001
2020-04-15,0.3206968789956872,0.19227408604046545,-0.1877084474840095,0.090696
2020-04-16,0.3202270728419825,0.19249504295814235,-0.11567342853270823,0.075465
2020-04-17,0.3152809732460008,0.19212366180571697,-0.11885623744236906,0.089665
2020-04-20,0.3091207774614749,0.18250922119207671,-0.005749053268397697,0.08663199999999993
2020-04-21,0.3066114880807358,0.1784134248443909,0.03261986891980806,0.095584
2020-04-22,0.3063191802543096,0.17948295468917622,0.022005314231349105,0.07903199999999999
2020-04-23,0.3053002755027084,0.17819048973835439,0.011131872969739276,0.09095600000000004
2020-04-24,0.30323601539961903,0.17447493347197154,0.04153732694100465,0.09185399999999999
2020-04-27,0.2996815956605008,0.17790853874225207,-0.004879953405408144,0.09386700000000003
2020-04-28,0.29796853193938766,0.17533140025809654,-0.008589116160259536,0.09148299999999998
2020-04-29,0.2974402368029454,0.17519735911398324,-0.009960042283239878,0.084847
2020-04-30,0.2964690432014255,0.17716306114477579,0.032303653099955365,0.08416699999999999
2020-05-01,0.2960895581538374,0.17812896915931917,0.07540495271851216,0.09144299999999994
2020-05-04,0.2955213992068664,0.1779623085606179,0.07858637206381514,0.07481000000000004
2020-05-05,0.2945375212026591,0.17758046003177086,0.06945093004478453,0.07981700000000003
2020-05-06,0.2946242991148307,0.17772649227163895,0.07477646752002809,0.060172
2020-05-07,0.2932773499591819,0.17380401858135666,0.04971083024899681,0.07021500000000003
2020-05-08,0.29315880395757127,0.1732949774944662,0.03267561169081501,0.070189
2020-05-11,0.2935193374222983,0.17306922385361787,0.06933137775884446,0.04934299999999997
2020-05-12,0.29242615867853733,0.26581285969628304,0.08937367974949706,0.05728300000000003
2020-05-13,0.29331441273169284,0.2898404707076217,0.1758325574468827,0.10775499999999993
2020-05-14,0.287258785749319,0.2875161141764767,0.1652569660794942,0.09665899999999994
2020-05-15,0.28672311180664883,0.29417500769891114,0.14233234531153793,0.09661199999999998
2020-05-18,0.284341230941376,0.2626856849865706,0.10699352073581492,0.07736399999999999
2020-05-19,0.282471159618779,0.2751591910882762,0.1440645232790158,0.06279999999999997
2020-05-20,0.282649704469721,0.2515117942041852,0.10993757643711877,0.07605200000000001
2020-05-21,0.2813324318090968,0.2550010369549681,0.1199798439023031,0.06795999999999996
2020-05-22,0.2812209381349867,0.2427985119714268,0.1043129102609468,0.07410899999999998
2020-05-26,0.27652880079486564,0.25371809044761956,0.10639836957156079,0.06534399999999996
2020-05-27,0.27306754759699614,0.26028160123012417,0.11184233260960885,0.08039000000000002
2020-05-28,0.2715067485422222,0.2552334381245073,0.1094428849240966,0.08300400000000002
2020-05-29,0.27150411872182606,0.2605692461655865,0.12029308953898105,0.07019500000000001
2020-06-01,0.2706791979006322,0.2556758887203931,0.10819069048699687,0.084115
2020-06-02,0.2695147825880269,0.25392051654424014,0.111860938249562,0.08152900000000002
2020-06-03,0.2673968399802028,0.2506421695722154,0.11551432945167373,0.073407
2020-06-04,0.26547049734606254,0.24355961424512895,0.08253813854750708,0.07474700000000001
2020-06-05,0.2626518955023907,0.23596089874224135,0.05160280298377551,0.04651099999999997
2020-06-08,0.266305680113294,0.246770084594683,0.08544856501926246,0.04201900000000003
2020-06-09,0.26764314112435267,0.2519626395410371,0.10173503910163195,0.026905999999999985
2020-06-10,0.26716458149553307,0.257614699495065,0.11106295116991705,0.026733000000000007
2020-06-11,0.2619147668094704,0.27173467838192544,0.22807972205114319,0.09115299999999993
2020-06-12,0.2573124445274108,0.2908820828372748,0.18904021709117425,0.09798400000000002
2020-06-15,0.2534580289184651,0.2698925788675648,0.17760241257973886,0.06973499999999999
2020-06-16,0.24286076570899862,0.2706347307870142,0.1248543855502387,0.06781099999999995
2020-06-17,0.24356517785435122,0.24100292603039894,0.12942778813834738,0.05073899999999998
2020-06-18,0.24233023762706385,0.25316853269740963,0.11128539573797647,0.05921399999999999
2020-06-19,0.24008691087607958,0.25662171533853056,0.11514670124440102,0.04903299999999999
2020-06-22,0.24158616595485558,0.2705225591656009,0.10878236258109242,0.035955000000000015
2020-06-23,0.24170049832157628,0.2659297924058793,0.09685651943454943,0.021755999999999998
2020-06-24,0.24219563736561237,0.27119895191056825,0.13682561308393892,0.027448000000000028
2020-06-25,0.24377968198559305,0.2702153282073196,0.141957524908582,0.029193000000000024
2020-06-26,0.24162547212592966,0.2735582612317049,0.1416750080485214,0.032382999999999995
2020-06-29,0.24173786027550756,0.2844844401141689,0.1183996079123033,0.040727999999999986
2020-06-30,0.24138492488851743,0.27266829610670906,0.09519889281977728,0.026561
2020-07-01,0.24039923062206275,0.26477131725323066,0.08789482911473395,0.021086999999999967
2020-07-02,0.23894082679906595,0.2654653685077262,0.061233678465046626,0.024831999999999965
2020-07-06,0.24071139835347644,0.23307871792559517,0.0849366176904483,0.025413999999999992
2020-07-07,0.24052769682887956,0.23365998409678554,0.1192613919588073,0.022103999999999957
2020-07-08,0.24311093564172978,0.2188868478776464,0.13742366182362442,0.021814
2020-07-09,0.240571249373492,0.21880390504901606,0.16064685461818162,0.01736199999999999
2020-07-10,0.23678392606426435,0.2232150653309732,0.16054043112479466,-0.00018999999999996797
2020-07-13,0.23452090045953256,0.22439763289333461,0.17619630874639047,-0.008369999999999989
2020-07-14,0.23099329981489833,0.22315414349787746,0.11223879387291091,0.00778899999999999
2020-07-15,0.23049764903803358,0.22224389061754657,0.09796916592504867,0.015089999999999992
2020-07-16,0.2291054568843773,0.21953127327784602,0.11421821478586053,0.023726999999999998
2020-07-17,0.22955001437168457,0.1943806121697527,0.09080226713287481,0.010324
2020-07-20,0.2300623624442772,0.18739681374568445,0.08610473569981042,0.0069029999999999925
2020-07-21,0.2296907828354832,0.18888698646404523,0.09721019444744466,0.018998999999999988
2020-07-22,0.22814933484329145,0.1849436542590009,0.08102375699153869,0.02298
2020-07-23,0.22824297558078332,0.19913233055263785,0.06889387391555041,0.030844999999999956
2020-07-24,0.22969145707680133,0.19793274647465678,0.06989415049501635,0.030743999999999994
2020-07-27,0.2297410218979621,0.19636952481481149,0.07369171593191987,0.022994999999999988
2020-07-28,0.23098823050979334,0.1959289941183504,0.07263156778053095,0.025704000000000005
2020-07-29,0.230929303191624,0.19630023501802046,0.07121479626931998,0.025375000000000036
2020-07-30,0.2316589787237645,0.19624958402128836,0.08467447154628607,0.028398000000000034
2020-07-31,0.23342164721927738,0.19591613765538607,0.08082022405277262,0.023944999999999994
2020-08-03,0.2345278643297926,0.19676002172057863,0.09576381500435802,0.01005600000000001
2020-08-04,0.23784951524600248,0.19093150548846416,0.08889211119367957,0.017102000000000006
2020-08-05,0.23669575394868914,0.19655389381661295,0.09436311903072706,0.007094000000000045
2020-08-06,0.23957589976068006,0.19616444866624932,0.08513788795113186,0.008162000000000003
2020-08-07,0.2411340362909766,0.1967529133882252,0.10149233516326514,0.008259000000000016
2020-08-10,0.24114958653847196,0.20116825376274222,0.1259023615532305,0.005590000000000039
2020-08-11,0.25764228767348457,0.19962588609480614,0.12797800099096351,0.020958000000000032
2020-08-12,0.2545254186492198,0.20121865372817233,0.13801128388617623,-0.004274
2020-08-13,0.25509724160801583,0.1991007490953229,0.11998994729315371,0.020347000000000004
2020-08-14,0.25494277599550114,0.19635189174294215,0.12468206049619243,0.020493999999999957
2020-08-17,0.25395444182363053,0.19922948292724463,0.11533951826611222,0.014644000000000046
2020-08-18,0.25576730128862313,0.19980098856410172,0.10448667895807381,0.012695000000000012
2020-08-19,0.2547035919470858,0.19955169125765818,0.09695437210386862,0.014658000000000004
2020-08-20,0.256436838495939,0.19649703038131316,0.10350209028358334,0.018432000000000004
2020-08-21,0.25643942382961094,0.19464128839506598,0.09670779310743699,0.014703000000000022
2020-08-24,0.2548327425948717,0.20027519480491193,0.09771358938989985,0.008575
2020-08-25,0.2543848507184478,0.198726772879609,0.08710526957687514,0.015188999999999953
2020-08-26,0.25566677228603757,0.19811046246777037,0.11139015404436961,0.005818999999999963
2020-08-27,0.2547687503630343,0.21893988422698538,0.12426202560129865,0.011498999999999981
2020-08-28,0.2543358739614366,0.2185669250184639,0.1294017940729179,0.005559999999999954
2020-08-31,0.25508708485914455,0.22099104384937154,0.15599365214972832,-0.012348000000000026
2020-09-01,0.2548286497717245,0.21823018373719189,0.1380162072602122,0.007982999999999962
2020-09-02,0.25485048629068036,0.22035407014468789,0.16264050491567963,-0.0024729999999999475
2020-09-03,0.24945978314955752,0.21863708751058186,0.1746152709098185,0.02624099999999996
2020-09-04,0.24463195650455505,0.2218271220888159,0.16767373353257958,0.02654300000000004
2020-09-08,0.24180865974955176,0.22039475001478878,0.18980775375461117,0.00047200000000002795
2020-09-09,0.24044383326817198,0.2222241382761514,0.14089066683297946,0.00719599999999998
2020-09-10,0.23939665489379883,0.22209381740295797,0.13707778204128168,0.002942
2020-09-11,0.2388978985216534,0.22098842734118668,0.12664190215034196,0.015622999999999998
2020-09-14,0.23815465459720508,0.22004741038279632,0.1163335358494581,0.008763999999999994
2020-09-15,0.23740742128326223,0.21719354926492654,0.11188349238628972,0.00983299999999998
2020-09-16,0.23634647008798876,0.21622491189395882,0.10184711431904583,0.008001000000000036
2020-09-17,0.23559218184985536,0.21626586259648264,0.0942630561476156,0.008771000000000029
2020-09-18,0.23427127363072497,0.21612025315877936,0.1020411261561939,0.0029750000000000054
2020-09-21,0.23269802445227147,0.2209847614615923,0.11548271055933207,0.02040700000000001
2020-09-22,0.23526986634635172,0.2190419866422314,0.11072988302960607,0.021282999999999996
2020-09-23,0.2337281808308633,0.21982191182031494,0.12694148435053026,0.03536600000000001
2020-09-24,0.2332161250641494,0.21873099298931517,0.13000910627577233,0.02476900000000004
2020-09-25,0.23331161068393216,0.21872681314447298,0.11351418228290605,0.023645000000000027
2020-09-28,0.23151482860221365,0.21932246935197675,0.11096757494227671,0.034853999999999996
2020-09-29,0.23053608688645097,0.21770202760717028,0.13227559153264584,0.015878000000000003
2020-09-30,0.22932617916936238,0.21590202517485213,0.12293725881018236,0.015520000000000034
2020-10-01,0.2288251435516616,0.21788886448066747,0.11616712323803197,0.025378999999999985
2020-10-02,0.2276719767414262,0.22765965504208704,0.11674590773253779,0.021160000000000012
2020-10-05,0.22821325578878285,0.2302422327449755,0.13816013144105443,0.026525999999999994
2020-10-06,0.2302729494535508,0.23049038558569196,0.15690463902015542,0.01876300000000003
2020-10-07,0.23171049476903283,0.234871660893823,0.16424697989950854,0.020782999999999996
2020-10-08,0.23167115784736017,0.23255304863394105,0.14676565440195924,0.034013000000000015
2020-10-09,0.23193151848488988,0.23130643254681815,0.1305324189734884,0.018865999999999994
2020-10-12,0.2322421033859957,0.22019525930990627,0.12611464704027694,0.00569900000000001
2020-10-13,0.23124680889918822,0.21055990353777826,0.09763630633247997,0.00548000000000004
2020-10-14,0.23160981680683113,0.2083294983652985,0.09503353598604983,0.015042999999999973
2020-10-15,0.2351712943350453,0.2085258741412903,0.10466251859344963,0.038912
2020-10-16,0.2353641362038791,0.2076108782391685,0.09995708800510927,0.02212200000000003
2020-10-19,0.23527648779073643,0.21705844593177048,0.12073782642150055,0.034123000000000014
2020-10-20,0.2347912700782922,0.21944938393559293,0.1313680425742389,0.02801999999999999
2020-10-21,0.23488057948880198,0.21817794745919644,0.12588653857261622,0.03506999999999999
2020-10-22,0.23492451115879803,0.20871575595870706,0.11133703157793426,0.049786
2020-10-23,0.2345962315017914,0.20781800957102228,0.1165763720257122,0.04939199999999999
2020-10-26,0.23375588260512178,0.22044503203429924,0.15134848410521295,0.046445000000000014
2020-10-27,0.23541550494635322,0.21735671657458935,0.15562572279302778,0.04399699999999995
2020-10-28,0.23540010002313264,0.2235328409845921,0.21355794027779101,0.05999399999999999
2020-10-29,0.23299394708009763,0.22691070484275552,0.17857126214387273,0.04489399999999999
2020-10-30,0.23274731598674345,0.22262479916216435,0.18381988607691974,0.08009499999999997
2020-11-02,0.22979262928212987,0.22628017604511955,0.17252196585513568,0.06942100000000001
2020-11-03,0.2291094128120776,0.22879683427027375,0.17670235637143564,0.045423999999999964
2020-11-04,0.2256750409045532,0.21603961737357566,0.11088752826456555,0.036331
2020-11-05,0.22252923408248163,0.21003278644884413,0.08765100296872302,0.03485700000000003
2020-11-06,0.22131136968920084,0.21818768375019942,0.08344043511682006,0.020731
2020-11-09,0.19951760898084328,0.2104089733035761,0.045305302095657196,0.01049
2020-11-10,0.1982447258365675,0.20728883319064986,0.028260341053138183,0.02354400000000001
2020-11-11,0.196912881271758,0.19080663318732738,0.0027268154893222984,0.026322999999999985
2020-11-12,0.19755693334497268,0.20498664486300477,0.025200465851555387,0.04605600000000004
2020-11-13,0.1980205722845494,0.19193300066222263,0.01742116626973078,0.035755999999999954
2020-11-16,0.1959392617924638,0.1907416561789375,-0.009189480913266379,0.03210200000000002
2020-11-17,0.1960039442311317,0.19129449660340211,-0.0034811173487097613,0.022013999999999978
2020-11-18,0.19444564139314732,0.1915866845693288,-0.0011510301292517733,0.023179000000000005
2020-11-19,0.1945508840099553,0.19130096903012278,-0.012065895835337404,0.02713500000000002
2020-11-20,0.19486257959218706,0.18911076464831628,-0.005894853890948681,0.03354800000000002
2020-11-23,0.1957439290926078,0.18877467074347928,-0.005962233196046773,0.034634
2020-11-24,0.19624881835360833,0.18820605375191699,-0.002300680546719558,0.041412000000000004
2020-11-25,0.19683458319201583,0.19012417367949905,-0.002159755176809608,0.025461999999999985
2020-11-27,0.19728228926260494,0.19043156604006425,-0.0008774288168313937,0.031154999999999988
2020-11-30,0.198684713604461,0.1911619152315899,0.009877714199649001,0.01714899999999997
2020-12-01,0.20395508030819506,0.19102205930864005,0.01852059227819358,0.023673999999999973
2020-12-02,0.20793688403358213,0.19099030806345443,0.01437504838142678,0.04097099999999998
2020-12-03,0.2117541946823172,0.1904531556349766,0.014781115138479961,0.02871499999999999
2020-12-04,0.21492234165798554,0.1909042579212636,0.029975121642030533,0.017546000000000006
2020-12-07,0.2164995671784324,0.20296217142073997,0.049977026658937884,0.02764500000000003
2020-12-08,0.2174442607365332,0.2015213244888674,0.05215416424443947,0.015540999999999972
2020-12-09,0.21714183884561955,0.20337921897697764,0.1161220901004355,-5.3999999999998494e-05
2020-12-10,0.21821472990721327,0.19087316962585618,0.11528970126766397,0.019975999999999994
2020-12-11,0.21851292702024028,0.19813769885700985,0.12191244879508215,0.029395000000000004
2020-12-14,0.22005609985152136,0.2107150029115857,0.13308999034807936,0.01441199999999998
2020-12-15,0.22240766884293456,0.20192478794038843,0.1127350927186487,0.02639600000000003
2020-12-16,0.2262292723356612,0.20619986130412848,0.13046209337142461,0.01685800000000004
2020-12-17,0.22741294593121206,0.2014862751962481,0.12075457194639377,0.026440999999999992
2020-12-18,0.22842720647876164,0.20160047334811237,0.13361083941536842,0.013749000000000011
2020-12-21,0.2260702274648665,0.2083159781788072,0.13980626006709404,0.031358
2020-12-22,0.22726072453048735,0.20565472525646622,0.13176236792806653,0.02057399999999998
2020-12-23,0.22493912797117416,0.20827225167654817,0.13113206042605444,0.0036640000000000006
2020-12-24,0.2252238223847777,0.20535671417900433,0.12129437886271119,0.016245999999999983
2020-12-28,0.22503349529603442,0.20258419296374136,0.11744918112896213,0.010091000000000017
2020-12-29,0.22569623434805444,0.20598918648375314,0.12216829014094449,0.007590000000000041
2020-12-30,0.22592159349985605,0.20027416528647082,0.11432910274069125,0.01288800000000001
2020-12-31,0.22594782060208687,0.20260783334919727,0.1266625326279312,0.03412900000000002
2021-01-04,0.224981042427662,0.20001169231998062,0.1389706697789664,0.016031000000000017
2021-01-05,0.22401873997502292,0.19996890868786474,0.13445183454932474,0.01389199999999996
2021-01-06,0.22000233479225,0.1821764657920491,0.09744106680317718,0.02748600000000001
2021-01-07,0.21816408563507922,0.17906623749877731,0.08107205893246591,0.01379600000000003
2021-01-08,0.21742571394687255,0.18552502137390767,0.09404730183873639,0.029135999999999995
2021-01-11,0.21700406102965902,0.18376153499761302,0.09438597118621267,0.015212999999999977
2021-01-12,0.21689718708155245,0.18971032877244223,0.09725523203251438,-0.0008539999999999659
2021-01-13,0.2172998821809691,0.19099978654391367,0.09324466296064013,-0.006952999999999987
2021-01-14,0.21623594861433565,0.19910841847800237,0.1007767943758853,-0.016249000000000013
2021-01-15,0.2117885651298017,0.17774922322007228,0.05718105636632306,0.019086999999999965
2021-01-19,0.21142347430254413,0.1781775097123226,0.043638270372603316,0.021494000000000013
2021-01-20,0.21207892954069577,0.17682583407210856,0.030821775549458752,0.030523999999999996
2021-01-21,0.21198098433862253,0.18952968687207467,0.04367784090867691,0.017342000000000024
2021-01-22,0.21364821436387318,0.1910354628588411,0.058323420506736945,0.017905000000000004
2021-01-25,0.2119030272481245,0.19871778963980444,0.061880036182975134,0.027137999999999995
2021-01-26,0.2116370681971685,0.20433178027079893,0.08137020568967884,0.022957000000000005
2021-01-27,0.21095643207752612,0.2515216283190607,0.13083397974787628,0.04078499999999996
2021-01-28,0.2085847356746358,0.2564714255715973,0.11120851097807954,0.030386999999999997
2021-01-29,0.2068643390723478,0.2642433762900625,0.12140323689010829,0.058852000000000015
2021-02-01,0.20691157916338884,0.2577532849767236,0.10722810525911433,0.04642200000000002
2021-02-02,0.20617712864409635,0.21560509495510624,0.07305159465145558,0.03880599999999995
2021-02-03,0.20757200808881202,0.20099560604117594,0.06138705819943416,0.02942399999999995
2021-02-04,0.20805184455507814,0.20258217439951037,0.053667095993320424,0.03166000000000002
2021-02-05,0.20875458017741294,0.2009209958868325,0.05896517339150115,0.031173000000000006
2021-02-08,0.20958739761075543,0.20054638897025018,0.07362594006898027,0.03151300000000001
2021-02-09,0.21165774033184315,0.19194531863437397,0.07816399568797308,0.029498000000000024
2021-02-10,0.21282209038201824,0.186578861687834,0.07733190001365062,0.034162000000000026
2021-02-11,0.21413194045696637,0.18852116963352142,0.08826789642752944,0.03723399999999999
2021-02-12,0.21411022493865897,0.18548101057205293,0.08375087303098211,0.007672999999999985
2021-02-16,0.21274071949109885,0.19076683263279215,0.09848930117450314,0.013114000000000015
2021-02-17,0.21293973627809593,0.18675593955948044,0.10029446727227873,0.02613500000000002
2021-02-18,0.21327709001567535,0.18415134509591005,0.0973471911384737,0.026629999999999987
2021-02-19,0.21313629144729995,0.18274517111979577,0.09452606608357597,0.01973600000000003
2021-02-22,0.21243100002375293,0.18472056563741035,0.09608424905015298,0.021872000000000003
2021-02-23,0.21181050665281942,0.18583750147207892,0.09960734265594154,0.021226000000000023
2021-02-24,0.2131269580897577,0.18689567370291307,0.11379633701297487,0.020625000000000004
2021-02-25,0.2115072480371164,0.20571627720873956,0.13582078989114132,0.014854000000000034
2021-02-26,0.2098624746628925,0.21635148431388754,0.1423095533827442,-0.014824999999999977
2021-03-01,0.2087067847350524,0.2115811194708675,0.11320002600468862,0.007782000000000011
2021-03-02,0.2082646030451109,0.21218886509659673,0.12134657311740671,0.0068110000000000115
2021-03-03,0.2055938125589057,0.21540260307725922,0.12787783901197633,0.01901999999999998
2021-03-04,0.20028389887352085,0.215397813341235,0.12291795744193562,0.027214000000000016
2021-03-05,0.19488044143399827,0.20791710109805656,0.07415729312512012,0.013940000000000008
2021-03-08,0.1904633854192156,0.21564563834443407,0.10833598959131091,-0.013940000000000008
2021-03-09,0.18726910010576922,0.21075618281396974,0.0661246285455144,-0.0042959999999999665
2021-03-10,0.18471906411974642,0.21425089276610887,0.08061930507111004,-0.0027510000000000034
2021-03-11,0.1854447655785608,0.20592896703586694,0.04287423425088152,0.004705999999999988
2021-03-12,0.18504351399965815,0.20592697691614587,0.047923107924676245,0.004515000000000047
2021-03-15,0.18505330300181222,0.20519888243520695,0.042957282552506165,0.007967999999999975
2021-03-16,0.1851211898697855,0.20479614236175503,0.03277962190934808,0.0008239999999999914
2021-03-17,0.18597320319438046,0.2029125190357593,0.025200683744399127,0.0038569999999999993
2021-03-18,0.18527002375786294,0.20612625248618707,0.036761823057055276,0.012719000000000036
2021-03-19,0.18083503659176547,0.20328673640157877,0.02115581876715772,-0.007714999999999972
2021-03-22,0.1795799913506072,0.19987303444886145,0.005754738423392691,-0.0032569999999999544
2021-03-23,0.17856325274849735,0.20278602851283792,0.011136507072744883,0.004895000000000038
2021-03-24,0.17671016501986075,0.20605968852602444,0.026056006720671876,-0.008095000000000019
2021-03-25,0.1754826446977309,0.20433506113722893,0.02049022635159936,0.005970999999999949
2021-03-26,0.1751196842022746,0.2030797414662285,0.012776785077633523,0.007145999999999986
2021-03-29,0.1746814952233005,0.20395905368207395,0.02396251580186276,0.011757000000000017
2021-03-30,0.17533631467515598,0.20245355898768908,0.014146366863216575,0.013822999999999974
2021-03-31,0.17492615757337887,0.20648195684940332,0.028413581904739138,-0.01114900000000002
2021-04-01,0.17489073630404814,0.20427098870886673,0.016592666957143176,-0.0012260000000000049
2021-04-05,0.17401611527821995,0.19177318196356405,0.03098968602061561,-0.005391000000000035
2021-04-06,0.17440467345097735,0.18440535854425064,0.02913793948422977,-0.006328
2021-04-07,0.1747768596694886,0.18676722942967616,0.038778984462062766,-0.013847999999999971
2021-04-08,0.17400474633148805,0.18818714904226216,0.04779187045390498,-0.011209999999999998
2021-04-09,0.17472596831529077,0.18417423265938476,0.043455528104885816,-0.011060000000000014
2021-04-12,0.17801158577275625,0.18395713379265594,0.04505335676400796,-0.004534999999999956
2021-04-13,0.17975000123596374,0.18374737920368642,0.045843428124816704,-0.02049999999999999
2021-04-14,0.18194740199848214,0.17884381400440583,0.014779595986636918,-0.00580799999999998
2021-04-15,0.18149480899427212,0.18069623747333557,0.011932478969202326,-0.013370999999999966
2021-04-16,0.1842701363570562,0.1794220661721387,0.013282556951997815,-0.016278000000000015
2021-04-19,0.18743624848570925,0.1756287958555306,0.031706712849705915,-0.00554099999999999
2021-04-20,0.1898857924751799,0.1777630746473256,0.05778040678995386,-0.0022210000000000285
2021-04-21,0.18886276055750542,0.18334503118522796,0.04546451122635797,-0.010792000000000024
2021-04-22,0.19025449381966253,0.17773730959110595,0.06028511625722588,0.002597999999999989
2021-04-23,0.18863748928116195,0.18463653799614832,0.045394433550916935,-0.0018490000000000173
2021-04-26,0.188005852863104,0.17826470523106303,0.052598793258019,0.0065659999999999885
2021-04-27,0.18909192234412003,0.17755684295118468,0.05222911763725946,-0.02193399999999998
2021-04-28,0.18934955694824182,0.17675870240636263,0.05026511604970088,0.0007610000000000117
2021-04-29,0.18971947649677307,0.1764041602111206,0.044670795008943165,-0.012656
2021-04-30,0.19051527729705972,0.17638895361924928,0.05437925558998871,-0.0047960000000000225
2021-05-03,0.19210964053828442,0.17638332546443178,0.05340176535182534,0.008361000000000007
2021-05-04,0.19368866394265252,0.17687105772898726,0.06839766954739132,0.006103000000000025
2021-05-05,0.1926002780869003,0.17588612698590908,0.05550845237980559,0.0038770000000000193
2021-05-06,0.1914186018906785,0.1766332711211639,0.05364107338020241,0.02923500000000001
2021-05-07,0.19054116401211624,0.17598801121829175,0.04784235709813098,0.022027999999999992
2021-05-10,0.19068322879347402,0.18386755380307374,0.058748435280720074,0.013212000000000002
2021-05-11,0.18962362754988243,0.18274523079621913,0.0666685953864827,0.03561700000000001
2021-05-12,0.1884285431664628,0.18409755165842268,0.10004357084640417,0.045198000000000016
2021-05-13,0.18614998513289965,0.18232465871260442,0.07695929982143143,0.030213000000000045
2021-05-14,0.18620591159452474,0.1819646099243557,0.052925859308913414,0.014463999999999977
2021-05-17,0.18689379206698697,0.1793265670448217,0.06257667611478071,0.026650000000000007
2021-05-18,0.18835294283413667,0.179930016802683,0.05973338971267686,0.016901999999999973
2021-05-19,0.1884673324711932,0.17822296345485883,0.06257114666152844,0.031090000000000007
2021-05-20,0.18857398297929537,0.17761837639681569,0.051367804425177466,0.038758000000000015
2021-05-21,0.18844703113515215,0.17798460823490142,0.051784781373756555,0.03126899999999999
2021-05-24,0.18799596138313876,0.17772601776923494,0.05047340361065061,0.019523000000000013
2021-05-25,0.1857257711471494,0.1789044277174467,0.04284671591609654,0.005599999999999994
2021-05-26,0.18737901306510815,0.17722718366576873,0.03639311559087424,0.01853100000000002
2021-05-27,0.18786691563076457,0.1775230996893493,0.03107430756744478,0.02109099999999997
2021-05-28,0.18780523220893647,0.1781056080922692,0.03143590873286792,0.020515000000000033
2021-06-01,0.18886196876802364,0.17752746147563603,0.03753957478682313,0.02780200000000002
2021-06-02,0.18917877379348497,0.17855214627818464,0.042431483505611295,0.022285999999999972
2021-06-03,0.18860492602117077,0.17863972301450728,0.046618571289205574,0.026503999999999972
2021-06-04,0.1890408680831545,0.1770559326063278,0.04062087077631307,0.011218000000000006
2021-06-07,0.18906937746583707,0.1768213408568546,0.04398917417000334,0.030723
2021-06-08,0.18889954107552637,0.17616992246976357,0.04255353226524644,0.025145999999999974
2021-06-09,0.18884524334398467,0.17673843857876298,0.06031182335889418,0.004181999999999991
2021-06-10,0.18785829450466932,0.17684904364044615,0.054783761639741385,0.03021299999999999
2021-06-11,0.18782431730591853,0.17582409975836713,0.04477760408061687,0.015979999999999994
2021-06-14,0.1865803247239716,0.17809217573219374,0.06047840213174052,-7.000000000007001e-06
2021-06-15,0.1888438744095982,0.19532923487879456,0.06564376080246126,0.010264999999999996
2021-06-16,0.185460843585607,0.1958255775790848,0.06505987467087851,-0.006507999999999986
2021-06-17,0.18423798702008198,0.19507722435702787,0.06003146671765261,0.004068999999999989
2021-06-18,0.18433747909900952,0.19343398790418168,0.08695479745011694,-0.014998000000000011
2021-06-21,0.18721856285160438,0.1911266559284047,0.07122022945164291,-0.020252999999999965
2021-06-22,0.18680415635584335,0.19151894477112427,0.06207548200388402,0.016323999999999977
2021-06-23,0.18699468208944084,0.19162651470070488,0.061059271103570845,-0.021598000000000006
2021-06-24,0.18800290473736372,0.17926612156930727,0.07118341544606746,-0.02065
2021-06-25,0.1877135547864163,0.17945638155374058,0.06739862603648888,-0.03786099999999998
2021-06-28,0.18743915041850856,0.17855911671830194,0.06887771663980832,-0.03559499999999999
2021-06-29,0.1880778055874985,0.1773311387088117,0.05927055505141632,-0.017744999999999983
2021-06-30,0.1880407626156091,0.17788175222811267,0.055445769368033276,0.007840000000000014
2021-07-01,0.18938252475111894,0.17859181603176338,0.040283613093845816,0.019738000000000006
2021-07-02,0.19183209753249547,0.17709479297009773,0.04291171022823001,-0.0063409999999999855
2021-07-06,0.19426019062726488,0.17620741185906727,0.05505131721659229,0.0023070000000000035
2021-07-07,0.1949292314876435,0.17543870647501705,0.05716191989843858,0.011296
2021-07-08,0.19522511101891118,0.17340016635537883,0.07970184129501143,-0.007303000000000004
2021-07-09,0.1942268952692993,0.17624040728236373,0.04597862217008267,0.026459999999999984
2021-07-12,0.19138785637294276,0.17689545325887246,0.0388672293455172,0.020273000000000013
2021-07-13,0.1899571814607867,0.17408877868882244,0.016715850024815015,0.010786000000000018
2021-07-14,0.18662493709699973,0.17562821825506741,0.02336647373645223,-0.004369999999999985
2021-07-15,0.1884428286601354,0.17452489573870786,0.01297003588221246,0.01560499999999998
2021-07-16,0.1877546703545681,0.17543373285370817,0.025529363348519962,0.020300999999999986
2021-07-19,0.1856311028881184,0.1766932049698099,0.07026430329501707,0.04301499999999997
2021-07-20,0.18335516337186789,0.17659632945366655,0.03715115563592994,0.016817
2021-07-21,0.18287111121545788,0.18018370514391793,0.01829396213081469,0.017720000000000014
2021-07-22,0.18197809600542636,0.17909149404620842,0.015108579296718355,0.02432100000000001
2021-07-23,0.18160737775887148,0.1790454212286768,0.005970385542869799,0.015985
2021-07-26,0.18186313679171912,0.18010339859429067,0.014296117878709796,0.010106999999999977
2021-07-27,0.1810211298420287,0.18036810777254306,0.021449156804098757,0.033017999999999964
2021-07-28,0.18092025108149956,0.18039872875360685,0.01910996145165106,0.030692999999999998
2021-07-29,0.18127330097303324,0.1796466564369085,0.012190449172865908,0.026279000000000025
2021-07-30,0.18056291516640896,0.1800339367911351,0.009108607884181247,0.03434999999999999
2021-08-02,0.1792814915379945,0.17907536042703226,0.016833847111252048,0.031770999999999994
2021-08-03,0.1772982292607328,0.1770656999169107,0.002683453325741464,0.034406999999999965
2021-08-04,0.17724815653576845,0.17730178715431694,0.00975803995454061,0.033130999999999966
2021-08-05,0.17744798057962588,0.17786561283921382,0.0007867554966415058,0.02543200000000001
2021-08-06,0.17899315781933117,0.177851819111903,0.006649202935915144,0.04416599999999998
2021-08-09,0.17871131120377298,0.17788153731535739,0.00430965593617938,0.033381999999999995
2021-08-10,0.17772468333376756,0.17694041538198066,0.008820816818150251,0.024552000000000018
2021-08-11,0.17734471442817637,0.17676130259564374,0.012039611269406447,0.025897000000000003
2021-08-12,0.17731919803956364,0.17786414697879144,0.017852106904856446,0.03165899999999999
2021-08-13,0.17704192197912913,0.17618845239053466,0.010897214465238364,0.027950000000000003
2021-08-16,0.1766263461509157,0.17631561322799774,0.024626494852124786,0.012226999999999988
2021-08-17,0.1742895546235997,0.18045986156300045,0.04462750008188188,0.039146000000000014
2021-08-18,0.17304299632079567,0.1817787603373539,0.04937707126671936,0.03637299999999999
2021-08-19,0.17261675023642908,0.1797511168721835,0.06021099729810156,0.04662299999999997
2021-08-20,0.1727369113078023,0.18078203638346646,0.054526667927869726,0.008682999999999996
2021-08-23,0.17382568779556648,0.1782802789730632,0.03870582439696624,0.033415
2021-08-24,0.17514358698529747,0.17869808965552403,0.038111041616835095,0.017854999999999982
2021-08-25,0.17345103960294578,0.18188777620821114,0.0410579773259393,0.03114800000000001
2021-08-26,0.17341027565066172,0.18177356746511197,0.041954936734008075,0.03243300000000002
2021-08-27,0.17614988246360191,0.18009744486361987,0.024955262090991304,0.03753199999999998
2021-08-30,0.1791677989237961,0.18261224474619664,0.03927152967248149,0.024156999999999984
2021-08-31,0.1795061180448826,0.1825476792648199,0.041977576230428026,0.025909000000000015
2021-09-01,0.18363376430610473,0.1823913522480275,0.04344863141176758,0.018544000000000033
2021-09-02,0.18648737632480913,0.18196932870291593,0.04521851026222801,0.01714199999999999
2021-09-03,0.18883241778240312,0.18234852342408223,0.046619170019943285,0.03057399999999999
2021-09-07,0.18962992722930122,0.18419607600765478,0.05289902646487668,0.04143099999999997
2021-09-08,0.19008028761330306,0.1852593297322739,0.06219715298939604,0.029139000000000026
2021-09-09,0.18999115652353593,0.1839073000734699,0.06352753082484022,0.02047899999999997
2021-09-10,0.1900561229886612,0.18436544918766395,0.07499985443739937,0.03741799999999998
2021-09-13,0.19052184953407075,0.18311763757965388,0.07238960798097993,0.05623500000000001
2021-09-14,0.18787837775241456,0.18405323630853698,0.0800045899294752,0.030754000000000004
2021-09-15,0.18940693068394096,0.18236531988902033,0.06151152422124073,0.023475999999999997
2021-09-16,0.18764486824688445,0.17951424693725598,0.0631189510860978,0.04541400000000001
2021-09-17,0.188820039726807,0.18199901450025488,0.08006287354565983,0.05188400000000001
2021-09-20,0.18790428992493952,0.18374362273320516,0.12240560648180454,0.07033699999999998
2021-09-21,0.18887354150975436,0.18302306857344017,0.10768047226387098,0.06575999999999999
2021-09-22,0.18882604002163839,0.18042579123929883,0.07174932731830586,0.03973800000000005
2021-09-23,0.18762109541920083,0.18345304421756822,0.054727645250141066,0.04063099999999997
2021-09-24,0.18722366309299238,0.18189260036817892,0.055355335435606,0.027509000000000006
2021-09-27,0.18699712102214205,0.18307943551037367,0.06786720278865174,0.03473599999999999
2021-09-28,0.1857290960112551,0.18555407573351804,0.0833956860641756,0.062211000000000016
2021-09-29,0.18551620363419502,0.1843745170357258,0.0883442321335185,0.05352699999999999
2021-09-30,0.18428175819420492,0.18582900936285546,0.10664451019800664,0.03794000000000003
2021-10-01,0.18178990829800823,0.18448902658058475,0.07568152738930506,0.047489
2021-10-04,0.17897436594342042,0.1851255217843616,0.07979111043091791,0.056777999999999995
2021-10-05,0.17880278418317178,0.18509703169540628,0.060115877352942076,0.044466000000000006
2021-10-06,0.17883083202881572,0.18450200432885863,0.06062867901248098,0.059645000000000004
2021-10-07,0.18045526967304618,0.18416588444484283,0.042386756194167624,0.03973399999999999
2021-10-08,0.18053928803474562,0.18561771735190544,0.03599266240321758,0.045004000000000016
2021-10-11,0.18096955096943393,0.18624373895617594,0.04493793777174701,0.04244999999999999
2021-10-12,0.181128789750936,0.18611984570622697,0.05255442965851656,0.024750000000000022
2021-10-13,0.17896062060956078,0.18814088800649495,0.027928363167342124,0.009797
2021-10-14,0.17683070987086943,0.1866246921134394,-0.01240130324723504,0.03120300000000001
2021-10-15,0.1775979066468214,0.18702343795967644,-0.002253979171438325,-0.005875999999999992
2021-10-18,0.17896523106007256,0.18882410769868402,-0.012252980543020348,0.022065
2021-10-19,0.18033040713664628,0.18860337805336802,-0.013172873279177183,0.011833999999999983
2021-10-20,0.18133007692427844,0.18713438944480856,-0.012769706795371039,0.025839
2021-10-21,0.18177624776392343,0.1884025477911474,-0.006677785939399217,0.021142999999999995
2021-10-22,0.1889953166362363,0.18755302212907118,0.0019438846060205184,0.017119999999999996
2021-10-25,0.19598247175687766,0.18833423070304026,-0.0033814681511646905,0.02359
2021-10-26,0.20011968121431678,0.18864145173674368,0.00498196901347861,0.011502999999999985
2021-10-27,0.20492560479452904,0.19022535258514783,0.013441704525865822,0.031913
2021-10-28,0.20823149807142105,0.18970312264196626,0.008908995556441868,0.007487999999999995
2021-10-29,0.20938836021265894,0.1899651135840754,0.012108006960831835,0.025068000000000007
2021-11-01,0.20935218306734732,0.19005571448261543,0.017180117495817215,0.022199999999999998
2021-11-02,0.20985416817790642,0.19426696561530324,0.05010115370900728,0.01607699999999998
2021-11-03,0.21134420447046057,0.1934437132822365,0.03512019610978373,0.013756999999999991
2021-11-04,0.212135035921743,0.1976007924475688,0.041787287771626075,0.017703999999999998
2021-11-05,0.21259278995927303,0.19829227303501684,0.03566928845955747,0.009214
2021-11-08,0.21427187364008057,0.1983941727531554,0.03807864824130183,0.02204399999999998
2021-11-09,0.21420444603862784,0.1983181090192998,0.05592706125170513,0.014809999999999962
2021-11-10,0.21629660243579335,0.19823853758544124,0.06078774863285297,0.022127000000000008
2021-11-11,0.22051577413162207,0.19665153643681113,0.05402759605819002,0.020242999999999983
2021-11-12,0.22213271085321803,0.197895472908087,0.05441319759405225,0.023102999999999985
2021-11-15,0.22248341535366106,0.1984386691679424,0.05504511205031934,0.019524000000000014
2021-11-16,0.2230382171102047,0.19867055690347102,0.06379358350917319,0.010860000000000009
2021-11-17,0.22377625693257053,0.19883489241031554,0.059860075756504205,0.016731999999999997
2021-11-18,0.22486833522074448,0.19862796876436614,0.0611418358308804,0.006545999999999996
2021-11-19,0.22497306702673217,0.19890312621169207,0.06912080264277934,0.015585999999999989
2021-11-22,0.2261122463366201,0.19926270028939044,0.072905692981927,0.008393999999999985
2021-11-23,0.2308944327017474,0.19857435953223468,0.0748740662863365,0.019626000000000032
2021-11-24,0.2340246431914182,0.19982826112345484,0.07607568519849461,-0.015559000000000045
2021-11-26,0.2347591272039894,0.19648029677428044,0.12769714537839652,0.015607999999999955
2021-11-29,0.2398464213789849,0.19647264718804935,0.08701356506060123,0.016791999999999974
2021-11-30,0.24086026906505703,0.1965150738402179,0.10400632282905159,0.025339999999999974
2021-12-01,0.24016148078701235,0.19852489352797223,0.11866149139358154,0.01974899999999996
2021-12-02,0.239283484972151,0.19681373025833468,0.09297188014956115,0.028812000000000004
2021-12-03,0.2388065151611564,0.19827523669132413,0.11999705812081557,0.060167000000000026
2021-12-06,0.24202394089891469,0.19537496169471819,0.08458341014300685,0.030801999999999996
2021-12-07,0.2430552134364987,0.19685663670956288,0.0523382627898874,0.038659
2021-12-08,0.24431252715564425,0.1973657488215234,0.050081763580441335,0.019378000000000034
2021-12-09,0.2487277227854357,0.19732772495895845,0.05371371375383838,0.004827999999999999
2021-12-10,0.25104822007701294,0.21318042112699015,0.037554042438332796,0.012156999999999973
2021-12-13,0.2516083140827811,0.2119278099839334,0.041055570369911754,0.025694999999999968
2021-12-14,0.25139922650690383,0.2114052746064536,0.04758043163046621,0.022675
2021-12-15,0.25292114756829653,0.21084963712145147,0.03765312213583616,0.01794100000000004
2021-12-16,0.25257431108356787,0.2125387121631063,0.043432063980867686,0.028731000000000007
2021-12-17,0.25130591849286105,0.21166833813009633,0.05053977918412822,0.03643299999999999
2021-12-20,0.25089600211596663,0.21154807172207749,0.06445511524807651,0.030173000000000005
2021-12-21,0.25116577030922466,0.21100769627034768,0.028906210133114424,0.027199999999999974
2021-12-22,0.25123858794171205,0.20933697624032097,0.018334318290588486,0.023178999999999977
2021-12-23,0.25168546763826716,0.20950720766040287,0.01514269089142986,0.00895399999999999
2021-12-27,0.2529797781657225,0.21068047998746492,0.01647673464228147,0.012604999999999977
2021-12-28,0.2538316569085698,0.20981660063029706,0.019037608149823054,-0.0048659999999999815
2021-12-29,0.25418513245355256,0.20954284257523514,0.02906395565096262,-0.023314999999999975
2021-12-30,0.2551573447715983,0.20919702598427578,0.025559874659781573,-0.01546800000000001
2021-12-31,0.2569432376246711,0.20993749644214205,0.03990382733803924,-0.015968000000000038
2022-01-03,0.2588395021996697,0.19028456093152035,0.04548312009401037,-0.014145999999999992
2022-01-04,0.2586765031003405,0.19179840857245128,0.05575269283769371,-0.0018440000000000123
2022-01-05,0.2580130759921741,0.19233464429302438,0.07373993006551541,0.0008189999999999586
2022-01-06,0.25880917371111967,0.19201746156052185,0.0765933533642646,-0.015959
2022-01-07,0.2589096269956172,0.19177196587324194,0.06789385727594696,-0.003709999999999991
2022-01-10,0.25843561315664365,0.19275374934376954,0.07273374816147174,0.015771000000000035
2022-01-11,0.26105768174439353,0.19236933745100301,0.05883273821366286,0.0032969999999999944
2022-01-12,0.2627128807881874,0.19268841387575908,0.061048930459238815,0.016325000000000006
2022-01-13,0.2647404236474578,0.1933670374778819,0.06686704818384492,0.007508000000000015
2022-01-14,0.26491104533894916,0.1901258312557047,0.056719798395332005,-0.012131999999999976
2022-01-18,0.2639128761162544,0.2157290443792732,0.08213042117487365,0.025264999999999982
2022-01-19,0.2634163820547659,0.21542462140887006,0.07449179660875993,0.024021000000000015
2022-01-20,0.263163696230268,0.2107724862075393,0.07544726213948208,0.023746000000000045
2022-01-21,0.26332763356276984,0.20976478791175665,0.1150151645513989,0.04300599999999999
2022-01-24,0.261590441559467,0.2179287045308021,0.10188283174165055,0.060828999999999966
2022-01-25,0.2585257010640588,0.22734100292117468,0.08987730508070751,0.061101000000000016
2022-01-26,0.2561086106625383,0.20932421041483024,0.05850255381512123,0.06971899999999998
2022-01-27,0.25298663230498103,0.22256574494675951,0.06210918092273515,0.07353000000000004
2022-01-28,0.2529763779860921,0.1993835842576358,0.022195344973190423,0.07035599999999997
2022-01-31,0.2527443288894963,0.19535459247460915,-0.0005292141862759947,0.06414900000000001
2022-02-01,0.2543639415347327,0.19645027125768694,-0.008586106668560495,0.050578999999999985
2022-02-02,0.2548180242621091,0.19655901840498746,-0.017259820279316107,0.045595
2022-02-03,0.25667389042648986,0.19788596487604884,0.0015361179229940736,0.05957000000000001
2022-02-04,0.25693729274273897,0.19685401626106722,-0.006229707610959256,0.04003300000000001
2022-02-07,0.25773727375258565,0.1950162891857433,-0.01918156083929054,0.05446799999999999
2022-02-08,0.26233302527387875,0.1978392733444611,-0.027661978527752595,0.04292599999999999
2022-02-09,0.2680304108031235,0.19668549501938387,-0.03374587017493369,0.03569499999999998
2022-02-10,0.2680486430605983,0.1997593302844406,-0.020854322885115406,0.03805599999999998
2022-02-11,0.2655385153194853,0.19913752326245107,-0.006877109525181113,0.04411999999999999
2022-02-14,0.26502339236011774,0.19952171550041284,0.0022899351384857436,0.05363000000000001
2022-02-15,0.26527047683175675,0.19713358155876862,-0.0250582537084999,0.05232600000000001
2022-02-16,0.2658357059874781,0.19596132784781148,-0.015576868680852951,0.036779000000000006
2022-02-17,0.26570674855091264,0.19728558831668933,0.010102876723546206,0.071637
2022-02-18,0.2691992195478513,0.19780153390627309,0.007512659687436585,0.07152600000000003
2022-02-22,0.27391690819960157,0.19819093493620976,0.020643746586925693,0.07328400000000002
2022-02-23,0.27551553244510407,0.23494589142333613,0.04894581858312225,0.07694399999999996
2022-02-24,0.2724699355760709,0.22138316509256928,0.05580236342168704,0.084733
2022-02-25,0.269508871638709,0.22777085954109003,0.03280160155486955,0.06775000000000003
2022-02-28,0.26754717067271305,0.23269484277860525,0.08110513970745642,0.09091899999999997
2022-03-01,0.2618080343858851,0.2633885262209022,0.13579362824018693,0.118477
2022-03-02,0.26250898903185466,0.23845520536787315,0.07357600388943969,0.089922
2022-03-03,0.2615885781809128,0.25616104491370645,0.07441558231225498,0.10068300000000002
2022-03-04,0.2602043401303608,0.2739392832756962,0.11702430650220769,0.12034
2022-03-07,0.2601902347834718,0.2878894195958347,0.15717474361045458,0.12403799999999998
2022-03-08,0.2561925545124619,0.27369019451290333,0.13807087799603435,0.10340200000000005
2022-03-09,0.25589587328236135,0.2477232340501611,0.09121235430292135,0.09597500000000003
2022-03-10,0.25484713426546224,0.23874025206089683,0.09095234229629345,0.09533900000000001
2022-03-11,0.25236708953397036,0.2508880614965543,0.09356877039234585,0.09856300000000001
2022-03-14,0.25158419502661183,0.2321892533734094,0.09236903373045335,0.093196
2022-03-15,0.2548278435096805,0.2295120647400556,0.06728460797528651,0.08516299999999999
2022-03-16,0.2575923622028069,0.22409734438928833,0.0327039071105476,0.07273800000000002
2022-03-17,0.25726189952480416,0.2192848190276761,-0.0030563750254835598,0.07055899999999998
2022-03-18,0.2579074163648534,0.21924013030906367,-0.006536212596591651,0.057396
2022-03-21,0.25830407473157935,0.22265945466226678,-0.008036452727381738,0.06390799999999996
2022-03-22,0.25832906079661716,0.21865767490530827,-0.021789931832381537,0.048270000000000035
2022-03-23,0.26126920092834593,0.22338431299543235,0.0006957616983012116,0.05035899999999999
2022-03-24,0.2642195152479522,0.22189321525258912,-0.002244578963023547,0.050429
2022-03-25,0.26491148347182875,0.21960188310646778,-0.0005079115051292993,0.051807999999999965
2022-03-28,0.2661788615211962,0.22146612552853,0.013009838726235234,0.057011000000000034
2022-03-29,0.2658722626963723,0.21831812044168913,0.0018604071612656203,0.04247100000000001
2022-03-30,0.2680769600212905,0.2366954230128386,0.023735123270977737,0.04710399999999998
2022-03-31,0.2693493161644108,0.23888501936074794,0.05199797925784483,0.04308600000000001
2022-04-01,0.2701078596102438,0.23633895057579374,0.03705615311607005,0.043430000000000024
2022-04-04,0.26870236224614463,0.2393666388153559,0.037952987281930306,0.047992000000000035
2022-04-05,0.26792056704585754,0.24215187174271496,0.060549132713169196,0.05822500000000003
2022-04-06,0.2684131097261219,0.24156869536673764,0.0813821392257219,0.064187
2022-04-07,0.2672546551538299,0.24179989358873735,0.09325501468589903,0.045931
2022-04-08,0.26899219328940177,0.24131546057736433,0.09185239039207643,0.060740000000000016
2022-04-11,0.2691743512914568,0.24122042249087178,0.12149884306680034,0.06382699999999997
2022-04-12,0.26757358652397084,0.21996625417340063,0.11734163740934181,0.06334499999999998
2022-04-13,0.27350991052425117,0.23306570395209633,0.05610170689045155,0.05100199999999999
2022-04-14,0.2749950673020337,0.23318083729188166,0.057509984335882613,0.05230999999999997
2022-04-18,0.2742779378696705,0.23195519885927257,0.05471841678635747,0.058728
2022-04-19,0.2738045804238212,0.22812404476364267,0.03940504918873891,0.052723999999999965
2022-04-20,0.27410204147095374,0.2278272620997299,0.033282493953676745,0.05296399999999998
2022-04-21,0.27462325723681985,0.2311597913556615,0.055743502234093634,0.055091999999999974
2022-04-22,0.27413651488935226,0.2371424909646933,0.08134722756102594,0.065251
2022-04-25,0.2720153834809662,0.23881333473111152,0.0747029682294609,0.06838599999999995
2022-04-26,0.270875165265737,0.24282424029199726,0.11363759693989348,0.07112600000000002
2022-04-27,0.2713253773211296,0.24039590567662356,0.09735717066032162,0.07140600000000003
2022-04-28,0.270626506822257,0.23780190494987832,0.06450486747211348,0.080038
2022-04-29,0.26884768012819643,0.24131293515655822,0.09831941301874941,0.08180900000000002
2022-05-02,0.268104959398936,0.2400126322958338,0.09321675587438799,0.083235
2022-05-03,0.26734197780228974,0.23962144057522455,0.0806731522819055,0.066463
2022-05-04,0.2670872012281583,0.2351717037780246,0.0529747425808359,0.05022300000000002
2022-05-05,0.2662545668112714,0.24533295698032315,0.08070220251313842,0.087198
2022-05-06,0.2648421775108917,0.23926245465992454,0.07660026695221672,0.06690799999999997
2022-05-09,0.2634756778387169,0.24252898629788228,0.10356367137968797,0.07716699999999999
2022-05-10,0.2578006901433951,0.24212085288634302,0.09458040725336331,0.07985599999999998
2022-05-11,0.25242012819055987,0.24139478019744887,0.07553496402181786,0.07368999999999998
2022-05-12,0.25183321491519683,0.24053473740294418,0.07249927326650907,0.08011000000000001
2022-05-13,0.2512320930562617,0.239041537299773,0.05083135368314129,0.07355800000000001
2022-05-16,0.2509457141167056,0.23760962944809663,0.04520881915232511,0.06252599999999997
2022-05-17,0.2505179546141801,0.23521981259304742,0.024929187874442427,0.06101400000000001
2022-05-18,0.2501195870441431,0.23813318225302038,0.05898067232338494,0.07719599999999999
2022-05-19,0.25042915153814316,0.23764243640443583,0.05587520280744618,0.07084200000000002
2022-05-20,0.24591733492881704,0.236391473219381,0.04047010855551397,0.07681700000000002
2022-05-23,0.2402244687003026,0.23713515111439248,0.02451215513439109,0.06953300000000001
2022-05-24,0.23707238667483146,0.2365254070800307,0.02652971044411756,0.06927700000000003
2022-05-25,0.23687568896371514,0.2354438632481354,0.015391821766066127,0.062666
2022-05-26,0.23954547350924577,0.2344762041926808,0.0017953813414500752,0.05834800000000001
2022-05-27,0.23925087988027885,0.23036880741412533,-0.03216245142462909,0.06096199999999996
2022-05-31,0.23866159287068148,0.23234241823839663,-0.015749544925143022,0.05724000000000001
2022-06-01,0.23675328481953256,0.23856459837927826,-0.004124416250519014,0.05286299999999999
2022-06-02,0.23688012106259473,0.2305338167818633,-0.033948628144464144,0.06596499999999997
2022-06-03,0.24089673693423932,0.22975704539911096,-0.013451086762432451,0.057777999999999996
2022-06-06,0.24138979803634958,0.22932393125741649,-0.011922754710955386,0.06383499999999998
2022-06-07,0.2426403599910524,0.22216911618991755,-0.014952267680791387,0.06092000000000003
2022-06-08,0.2438691558103764,0.22869480253612753,0.002203338141124833,0.062253999999999976
2022-06-09,0.2432120383969581,0.23170854060183502,0.04241235945507965,0.057062
2022-06-10,0.24143490346739174,0.23734201885643738,0.09557468107360612,0.06709299999999996
2022-06-13,0.24137330567791185,0.2416911300851126,0.13212544585867828,0.083405
2022-06-14,0.2392625230683306,0.23978055405982568,0.11129827982138113,0.072801
2022-06-15,0.2380056684738194,0.23687984967540202,0.07037164090373893,0.06520999999999999
2022-06-16,0.2374306179212478,0.23895845721147477,0.09252268391269886,0.08368199999999998
2022-06-17,0.23757439721713036,0.23725530874043005,0.07664766965535696,0.06683
2022-06-21,0.23863929806968212,0.23590181846201302,0.06488081678737095,0.07563599999999998
2022-06-22,0.239162775848805,0.23738718717755858,0.09368612975986457,0.063415
2022-06-23,0.2358904575204182,0.23586051839071548,0.10302000951863255,0.075494
2022-06-24,0.2354740095003196,0.23424994518343165,0.07343141658432356,0.07282299999999997
2022-06-27,0.23777904127467067,0.23652088965692386,0.0865413894144979,0.06753399999999998
2022-06-28,0.2380170750937347,0.23529604856447484,0.07315714696927927,0.07579800000000003
2022-06-29,0.23907601569579184,0.23477576538662595,0.07755144999079921,0.069718
2022-06-30,0.23881038856417627,0.23615695168044,0.08598399128395479,0.07631899999999997
2022-07-01,0.23896939426519204,0.23482512242947237,0.07414615573003958,0.07685999999999998
2022-07-05,0.2402607084213448,0.23518031069997192,0.08631405455585078,0.08347899999999997
2022-07-06,0.2407322182703426,0.2349199102835857,0.0851896313763168,0.073606
2022-07-07,0.24181695136672238,0.2326309109225941,0.06619046210784779,0.07500699999999999
2022-07-08,0.24195220790204822,0.23304968016560923,0.05804655499853634,0.06961699999999998
2022-07-11,0.24227599520652904,0.2329064070659714,0.07528064989735406,0.07740899999999995
2022-07-12,0.24159436567615275,0.23397085948023996,0.08124534404412154,0.07668599999999998
2022-07-13,0.24120226987199242,0.2344031296967482,0.09228399088607325,0.06856200000000001
2022-07-14,0.24315068303946968,0.231424182426284,0.06575332189545624,0.061757000000000006
2022-07-15,0.24272337833647414,0.2286661576335341,0.027256767271958138,0.06348300000000001
2022-07-18,0.2447342976107629,0.2290331866716458,0.02847149038174912,0.061529999999999974
2022-07-19,0.24577393984900972,0.22299785345071318,0.007447949805343856,0.064164
2022-07-20,0.2480936612769846,0.2229946861861819,0.01135530321420225,0.06290400000000002
2022-07-21,0.2492695577711086,0.21598752832611096,-0.0016850658821370157,0.063061
2022-07-22,0.24979657186189475,0.21483532940137245,-0.0051717107867998435,0.06456299999999998
2022-07-25,0.2521107732502395,0.21947335321519604,0.012971991104037295,0.062224
2022-07-26,0.25126472147958967,0.22261413839795455,0.029126679899441676,0.07013999999999998
2022-07-27,0.2511769534861082,0.21632036413533906,0.014992498633152107,0.057253
2022-07-28,0.25055089517725443,0.21744709949659277,0.001950488380662474,0.05832000000000001
2022-07-29,0.2506224121389753,0.2190120967039637,-0.0027528830801588078,0.05030900000000002
2022-08-01,0.2505174775885469,0.22251276454517166,0.026122714989632895,0.04973600000000003
2022-08-02,0.2504866993989095,0.2227486906510371,0.03698769691093054,0.059728
2022-08-03,0.2493305939825556,0.22012979909276958,0.030021010321839958,0.047546000000000005
2022-08-04,0.25097288857673833,0.21538320529411706,0.027137433916107234,0.056447
2022-08-05,0.24930827791581706,0.21473011401545977,0.005430602221858732,0.05206700000000003
2022-08-08,0.249319457703392,0.21965393351072018,0.015541324384831828,0.054671
2022-08-09,0.2493541023462803,0.2198248407280404,0.015993109374445535,0.053551000000000015
2022-08-10,0.24924754908101324,0.21225302933936924,-0.002126762031256474,0.04919600000000002
2022-08-11,0.24896830311854176,0.21793656525857286,0.0050548550971012685,0.04968600000000001
2022-08-12,0.24786083988741556,0.2169262004146347,-0.005886635571589249,0.04910600000000001
2022-08-15,0.24826390479037594,0.2114110548443667,0.02964582435931451,0.043723999999999985
2022-08-16,0.2477376132493068,0.211777972730385,0.03914207589980112,0.044966000000000006
2022-08-17,0.25045232356405955,0.21723128006300052,0.04878560078164895,0.051535
2022-08-18,0.2500572771333999,0.21635707039113777,0.039682501554220956,0.05354000000000003
2022-08-19,0.24913222787909084,0.21804823204354545,0.05118947789505279,0.05735699999999999
2022-08-22,0.24951130307011063,0.22491831948764887,0.08018495276282639,0.06380200000000003
2022-08-23,0.24940060558522703,0.2251262869421277,0.08395443807129932,0.051609000000000016
2022-08-24,0.24867212125247284,0.22296292494209236,0.07749120445443083,0.05485800000000002
2022-08-25,0.24740385628461817,0.2206130950127907,0.05870615933630147,0.06221499999999999
2022-08-26,0.24431991205558254,0.2264021527031647,0.10205891021981583,0.04943900000000001
2022-08-29,0.24464608737657415,0.22562375444370794,0.1019855760823544,0.05727000000000004
2022-08-30,0.2436770509758861,0.2248573460559551,0.09557445909441328,0.06727300000000003
2022-08-31,0.2476959832995852,0.22474375969748794,0.10463501325185878,0.051207
2022-09-01,0.24734465390489227,0.22287032713623456,0.09565534889004643,0.07276699999999997
2022-09-02,0.24372053293689064,0.22288510400702832,0.08622873480624282,0.06430799999999998
2022-09-06,0.24372108778172083,0.2242891402343001,0.0998287676034004,0.06706999999999996
2022-09-07,0.24785877410733992,0.22265434072090884,0.08188179040913127,0.06299000000000005
2022-09-08,0.24699567338347664,0.22370899542893427,0.06922905833031054,0.05786000000000002
2022-09-09,0.24695739127269073,0.22352510448915122,0.06313154792619513,0.04933199999999999
2022-09-12,0.2468063544334772,0.22291337414281664,0.06560057205198364,0.056811999999999974
2022-09-13,0.24609677630161414,0.22742750484969967,0.1129767164591072,0.05456299999999997
2022-09-14,0.24578020514923377,0.22587275473930188,0.09393394823007514,0.06746000000000002
2022-09-15,0.2445528727541364,0.22593024658927655,0.08782784483376357,0.06281700000000001
2022-09-16,0.24532986541018273,0.22758061025089468,0.10366788147246453,0.058524999999999994
2022-09-19,0.24384372652669814,0.22678591881406504,0.0833583641217662,0.06796199999999997
2022-09-20,0.24277771636122036,0.22812065386078328,0.10792715068091427,0.06333300000000003
2022-09-21,0.24207350380452836,0.2322026592778681,0.12462687496130453,0.048796000000000006
2022-09-22,0.2415142455869666,0.2290195776175964,0.1206482893167597,0.041269
2022-09-23,0.24020543232727803,0.2301722669935195,0.12617616521327743,0.06799900000000003
2022-09-26,0.23678889995215788,0.23329663659270589,0.15528316257329988,0.065448
2022-09-27,0.23385826180109565,0.23301370829735907,0.15202442147296802,0.08418299999999995
2022-09-28,0.2328421315516321,0.236607369806404,0.1416344561778486,0.05674300000000004
2022-09-29,0.23003141726452417,0.23619456089837765,0.14394854198837242,0.07315100000000002
2022-09-30,0.2273002631215424,0.23563491060618366,0.1335852989265387,0.06624999999999998
2022-10-03,0.2246528390718024,0.23391217374156048,0.10252627846930024,0.07632099999999997
2022-10-04,0.2234565288863978,0.23197719229126756,0.08922818862682724,0.07072699999999998
2022-10-05,0.22288497567142893,0.23344960897852063,0.10478592219433008,0.06791900000000001
2022-10-06,0.22451922901191804,0.23481934933050688,0.12149131214164327,0.06672299999999998
2022-10-07,0.22354878336219688,0.23580000471088922,0.13271162136238024,0.076509
2022-10-10,0.22171884790188132,0.23757154485351925,0.15065540717525422,0.060550999999999966
2022-10-11,0.2210951790225535,0.23848905915414792,0.16663128097355773,0.06850500000000004
2022-10-12,0.21765264225616784,0.23856278552098137,0.1695575754449642,0.06536799999999998
2022-10-13,0.21569275473284277,0.23633509971579272,0.1160979490589229,0.07444200000000001
2022-10-14,0.20960531128260848,0.23582813334429314,0.08074505546440841,0.04923700000000003
2022-10-17,0.2106426352329012,0.23859912680303355,0.0498723755503056,0.06084800000000001
2022-10-18,0.20872094192339438,0.23683944426080683,0.03780830968098342,0.05762400000000001
2022-10-19,0.20681703286464492,0.23815374964999253,0.04530880271196874,0.05912899999999999
2022-10-20,0.20543373629343606,0.2364471108823251,0.03428454683828008,0.05749200000000004
2022-10-21,0.20819247163549,0.23402888400748026,0.02027452636171856,0.05505400000000005
2022-10-24,0.20786701337834246,0.23448551693297487,0.025322692027591354,0.05046499999999998
2022-10-25,0.20687233823776813,0.23140385026423482,0.01825735757751268,0.044418999999999986
2022-10-26,0.206019684391583,0.23066054379061338,0.012905950723934578,0.044938000000000033
2022-10-27,0.20522382625581773,0.2286630168341267,0.007280437623786662,0.051363999999999965
2022-10-28,0.20465722517401652,0.22914990066660773,-0.00047551741836149297,0.047985
2022-10-31,0.20516399785553954,0.23056967411881832,0.02329850866784733,0.030243999999999993
2022-11-01,0.20570328846769365,0.22957513528769954,0.02063695587064074,0.038892999999999955
2022-11-02,0.20446219102209073,0.21128127749077275,0.019966248384670426,0.03729499999999997
2022-11-03,0.2037412994178632,0.21099080836325962,0.017312864637763214,0.04555100000000001
2022-11-04,0.20386121528698992,0.2101107744472116,0.007224085918186407,0.04289399999999999
2022-11-07,0.2037064955588779,0.2121303418356777,0.01622095079491015,0.04225399999999996
2022-11-08,0.2042349265505701,0.21108500393702373,0.023145371743502063,0.044381000000000004
2022-11-09,0.20488495579552155,0.21229534130433977,0.037107737735385116,0.043242999999999976
2022-11-10,0.2047940770975836,0.20851799882968058,0.012643507540730237,0.051004999999999995
2022-11-11,0.2043515649653261,0.20878779904679293,0.029511130220761267,0.044074
2022-11-14,0.2043497315373027,0.21101422389064117,0.06703231028792067,0.033126000000000044
2022-11-15,0.20081637889128376,0.2111889893323722,0.050804175634188625,0.050294000000000005
2022-11-16,0.20174771186967558,0.21121091788065025,0.06034650258437227,0.045870999999999995
2022-11-17,0.20254988616112704,0.21156957686152794,0.06175688922763917,0.04749199999999998
2022-11-18,0.2020788824331694,0.2103011503155137,0.059029814100521216,0.05095900000000003
2022-11-21,0.20237177842743131,0.2123129810828541,0.07556298041897158,0.042223999999999984
2022-11-22,0.20275817027091736,0.2123157569116964,0.05636681536079913,0.04747000000000001
2022-11-23,0.20314126410564223,0.2113711112286144,0.04389783563229549,0.04746000000000003
2022-11-25,0.20364735467651515,0.21141048471489907,0.0482054662386775,0.04669699999999999
2022-11-28,0.20318686741551856,0.21483520199709635,0.07828115384523607,0.047913999999999984
2022-11-29,0.20440582443471586,0.21359025132007767,0.0689185207850099,0.049144999999999994
2022-11-30,0.1994530708194993,0.2107324432857453,0.0355268636750761,0.048736999999999975
2022-12-01,0.1978274187249201,0.2127778965722364,0.04624638035082676,0.042904
2022-12-02,0.1997224023120281,0.2132200014604465,0.04766794882861522,0.04052700000000001
2022-12-05,0.19778904871330108,0.21669406347182643,0.07478103010090015,0.03771900000000003
2022-12-06,0.200398924928953,0.21585573556399826,0.06819518581903469,0.046155999999999975
2022-12-07,0.20909528249864243,0.21661638459161117,0.07446333005639377,0.047804999999999986
2022-12-08,0.21395951077302847,0.20344127379351992,0.06460846584235674,0.05118400000000001
2022-12-09,0.21774180232305293,0.20493018814108405,0.07165709763077097,0.05458600000000002
2022-12-12,0.2194361892907943,0.20628159828832185,0.08384013940544749,0.04763200000000001
2022-12-13,0.224916991793134,0.20341360713415868,0.056720631892431844,0.05291000000000001
2022-12-14,0.22392142958239447,0.2030212241399287,0.04959322226828733,0.04254000000000002
2022-12-15,0.22500632925424421,0.20684863348221227,0.0668936936366599,0.04928900000000003
2022-12-16,0.22504502663320614,0.2072757812630461,0.06592735391751747,0.04664999999999997
2022-12-19,0.22482235733318448,0.20701252995798392,0.06275361335534044,0.05221700000000001
2022-12-20,0.2270604275158527,0.2063621616706218,0.059307543605620766,0.04613700000000004
2022-12-21,0.2284558002697121,0.203715533548354,0.04871380150834553,0.04945000000000002
2022-12-22,0.22828352866998072,0.2071621204543493,0.0638471626137373,0.05370799999999998
2022-12-23,0.22821821615846793,0.20628116559948442,0.053802602009073386,0.051866999999999996
2022-12-27,0.22890990962435945,0.20575552331303043,0.0603119877077907,0.052929000000000004
2022-12-28,0.2288562218091283,0.20700783740929118,0.07745734386466269,0.05103399999999997
2022-12-29,0.2291358278469256,0.20547062148638384,0.06655535136944887,0.05468400000000001
2022-12-30,0.22961894071788658,0.20570150075176383,0.08353573060585645,0.051227999999999996
2023-01-03,0.22946761097693674,0.2175246997941061,0.0934252772817182,0.054866000000000026
2023-01-04,0.22908697797126307,0.21483334865065523,0.0873042706104673,0.05633699999999997
2023-01-05,0.22848922103824496,0.21566091896114822,0.09465916452583534,0.05500700000000003
2023-01-06,0.22622459043926021,0.21268849891794847,0.08281433850974032,0.050341000000000025
2023-01-09,0.22608262732203735,0.21485379709509536,0.09847507859345825,0.047553999999999985
2023-01-10,0.22712776724659836,0.21353310816575888,0.09133112480464534,0.051780999999999966
2023-01-11,0.22785520523215866,0.21196292214296092,0.08672456685797772,0.047340999999999966
2023-01-12,0.2291411622502527,0.21100463476528186,0.08311517281559092,0.02992000000000003
2023-01-13,0.2228682478153898,0.19915585672611005,-0.0027349441480432057,0.031290999999999985
2023-01-17,0.22316991779763937,0.20047798355195182,0.015422161295887693,0.03646000000000002
2023-01-18,0.2200732355854756,0.2058301430244211,0.02312485696027472,0.04292499999999999
2023-01-19,0.2192351628739557,0.20653237187489798,0.027434959072432735,0.04371699999999998
2023-01-20,0.21943721320668874,0.2042110428982495,0.015593478163163033,0.04682800000000001
2023-01-23,0.2181450314456522,0.20517844038671793,0.02161356211436874,0.03492799999999999
2023-01-24,0.2125286444328748,0.20025009787998382,-0.007816549496581587,0.04447900000000002
2023-01-25,0.21445627072496679,0.1997576093611695,-0.007762440568245932,0.04713499999999998
2023-01-26,0.21486701993697935,0.19841234801405094,-0.015004101412833593,0.045954999999999996
2023-01-27,0.21555117693188858,0.19206859318847438,-0.020842951871507337,0.046676999999999996
2023-01-30,0.21650085614685127,0.19508104679104615,0.006363743775007674,0.051175
2023-01-31,0.21829835150262558,0.1922422635443677,-0.0070839948341456516,0.04807899999999998
2023-02-01,0.2177812092676383,0.19171134575006538,-0.018072109016761262,0.044544
2023-02-02,0.22032328665144307,0.1937523895472061,-0.010475060464339436,0.04575600000000002
2023-02-03,0.21868929809747178,0.19368675112596828,-0.01720486576933114,0.04657799999999998
2023-02-06,0.21858602244651587,0.1946734182652292,-0.007336571081472065,0.041913000000000006
2023-02-07,0.21794419964502412,0.19467272577477165,-0.0020994588395309155,0.03600700000000001
2023-02-08,0.21934389586919076,0.19626272601895187,0.005175747379267542,0.04067399999999999
2023-02-09,0.21857200688593473,0.1990253904267676,0.011663795405266103,0.05099400000000001
2023-02-10,0.2194762923652105,0.19757927263242603,0.0061312740528236265,0.048053999999999986
2023-02-13,0.21941430351608152,0.1960124602690263,0.0013590541752735164,0.04775399999999999
2023-02-14,0.21912845071216594,0.19353314919881873,0.014549400986757138,0.03668199999999999
2023-02-15,0.2196154250410742,0.1925684791935902,0.005512033553015994,0.043076
2023-02-16,0.21980517953825754,0.19620281499304787,0.03179700284824463,0.043625
2023-02-17,0.21959522347565832,0.19511185284073546,0.030889136759148034,0.039715
2023-02-21,0.22034233351350932,0.1991141918278663,0.05094382678434453,0.05091599999999999
2023-02-22,0.22084050729688867,0.2076302072822885,0.05195571731270823,0.053162000000000015
2023-02-23,0.22023045079027123,0.2064536384727837,0.058454729452990156,0.047291
2023-02-24,0.22002641638936413,0.20572871272270496,0.057073519680922724,0.05078000000000002
2023-02-27,0.22027637125768568,0.20577500601256404,0.056673319777107184,0.039323
2023-02-28,0.22015442558844292,0.20415679623960512,0.05608564599815469,0.034859
2023-03-01,0.22084266688724177,0.20305264986120766,0.0471554258540485,0.0471
2023-03-02,0.2208450186902162,0.2056168702516397,0.04810430567366564,0.051479
2023-03-03,0.22096464812278344,0.20415868588690794,0.03353090110000159,0.044712
2023-03-06,0.22156357178687586,0.2083256265130634,0.05040222358659982,0.038616999999999985
2023-03-07,0.21968834864296372,0.2062368014358088,0.071865177935521,0.04613800000000001
2023-03-08,0.22014671392803858,0.2055378777452788,0.069602621254575,0.04355600000000004
2023-03-09,0.2116203572911869,0.21586638219668056,0.1141425218641065,0.06257099999999999
2023-03-10,0.20142886038442592,0.21612761747630832,0.09897537150943103,0.06665100000000002
2023-03-13,0.19624846679890937,0.22400533085568153,0.1269540939471246,0.09606599999999998
2023-03-14,0.19258944322479316,0.21446103928503657,0.06875789280153755,0.06048399999999998
2023-03-15,0.1903916112707111,0.23939186777052748,0.13615342684601528,0.12393799999999999
2023-03-16,0.18265901045595226,0.21803534309854133,0.052610898741656364,0.092051
2023-03-17,0.1818320849015602,0.2265875027007693,0.14668317724668806,0.09423300000000001
2023-03-20,0.1788239545388356,0.22031956905047714,0.0664354664399846,0.09177999999999997
2023-03-21,0.17946487563867147,0.21555292712798982,0.03590580553035899,0.077123
2023-03-22,0.18026712367623915,0.21766398332371614,0.06445970466764972,0.07282500000000003
2023-03-23,0.177031716200381,0.2202147691266195,0.08088793857438714,0.088144
2023-03-24,0.17631714932976789,0.21858512329308774,0.07059495476915634,0.08588799999999996
2023-03-27,0.1742539901897458,0.2175908673392466,0.04063762190526532,0.06091099999999999
2023-03-28,0.17376662539759657,0.21653913832626626,0.026441405803130646,0.07433599999999996
2023-03-29,0.1733807691134502,0.1935497390087976,0.0057405433598125,0.07033399999999995
2023-03-30,0.1730016164027101,0.19374722853006007,0.00854050240648474,0.070492
2023-03-31,0.17290183614738505,0.19310077415390176,-0.010482417910966435,0.062202000000000035
2023-04-03,0.17180995646452163,0.19290693894418554,-0.01331839502287785,0.05505899999999997
2023-04-04,0.17051182766016829,0.1942268840187833,0.0059012269879338275,0.06396800000000002
2023-04-05,0.1718898503059046,0.19445262219385667,0.014193619367431742,0.06389399999999995
2023-04-06,0.1719358433389877,0.19468763309741774,0.008699003340819356,0.06473899999999999
2023-04-10,0.17195283507509196,0.19711978781755707,0.026949336226685328,0.06499999999999995
2023-04-11,0.17334076879343316,0.2006540300307305,0.048317895072721745,0.05445599999999995
2023-04-12,0.17220192840409815,0.20027437340146506,0.05393568656518602,0.05298900000000001
2023-04-13,0.17503173356895882,0.2022233935709219,0.05402194309602518,0.05340400000000001
2023-04-14,0.1737230050814578,0.16499951791619222,-0.0009573062480469352,0.02954699999999999
2023-04-17,0.17259721233379505,0.1613229244866025,-0.0026105073370951415,0.03750200000000001
2023-04-18,0.1724201323893848,0.16139125889568492,0.0035202351873390436,0.028886999999999996
2023-04-19,0.17271924463025498,0.16127513052933803,0.003789182903712829,0.03670800000000002
2023-04-20,0.17253310189162271,0.16275585870310025,0.0010895608848215943,0.04372599999999999
2023-04-21,0.17327057129667792,0.16139448070757634,0.006148429740273131,0.03715500000000002
2023-04-24,0.1736439920595524,0.1624381356122497,0.007013430397162845,0.043743000000000004
2023-04-25,0.1735861634597774,0.1694002332428323,0.05487027957039478,0.05768999999999999
2023-04-26,0.17229474927711808,0.16986807717200564,0.06275322042469736,0.06354700000000002
2023-04-27,0.17127834416331314,0.1678266273324057,0.03276145540326483,0.05507799999999999
2023-04-28,0.17081490605693458,0.16606704728038557,0.019579867630820758,0.05432600000000001
2023-05-01,0.16999604618582556,0.1624740300935003,0.026247219196720822,0.04247400000000001
2023-05-02,0.16741991062021322,0.16993487120198256,0.0551606975583831,0.061579999999999996
2023-05-03,0.16750076323798394,0.17053419074862827,0.08233586668046713,0.06931499999999999
2023-05-04,0.16358246076312533,0.17728168711885667,0.108225480783357,0.09605999999999998
2023-05-05,0.16263366539673701,0.17504916550318703,0.05718729813400436,0.08283399999999999
2023-05-08,0.16442660393771039,0.1740119513499478,0.04959061670488232,0.07980499999999999
2023-05-09,0.1641006522408722,0.1743759152191054,0.06559944197470366,0.06574200000000002
2023-05-10,0.16258447239009627,0.1719531285558225,0.0477564349959122,0.07100899999999999
2023-05-11,0.16217960213559837,0.17247547188407217,0.05277503792076557,0.07022600000000001
2023-05-12,0.159815252485959,0.17161505297968466,0.04542012695988626,0.07042299999999999
2023-05-15,0.16070110268336002,0.17007226997466282,0.039420241914790766,0.06336800000000004
2023-05-16,0.16012174380644464,0.17111677226417568,0.05337291071884978,0.059867000000000004
2023-05-17,0.15971994610668824,0.16978218555556093,0.0327229309808183,0.05931899999999998
2023-05-18,0.15965484974127322,0.1689214493741291,0.022935696400088385,0.06195999999999999
2023-05-19,0.1591605396150056,0.1706884964354162,0.03918877062518919,0.05779699999999999
2023-05-22,0.15854624002604079,0.16932035771630205,0.02551928557170663,0.06293300000000002
2023-05-23,0.1576651191277432,0.16993648378798928,0.03166417474058733,0.06302799999999997
2023-05-24,0.15878503925390844,0.17091554356847005,0.052529527171018,0.06911199999999998
2023-05-25,0.16020722770380172,0.1698137450271963,0.043912189406951324,0.062999
2023-05-26,0.15971198327846964,0.16818009530459002,0.025536018647226433,0.06185199999999996
2023-05-30,0.15941219081738892,0.16844912532987263,0.030873871974472028,0.050244999999999984
2023-05-31,0.158710228655058,0.16921045058695847,0.03609772195327465,0.051484
2023-06-01,0.15721055479527923,0.16701172731063754,0.013564680626751507,0.055761000000000005
2023-06-02,0.15748812737593604,0.1653351456126712,-0.0019104907562183804,0.04230400000000001
2023-06-05,0.15829131366892912,0.1675689303596237,0.020727635028557456,0.04798000000000002
2023-06-06,0.1578312110624834,0.16443060111859767,0.016870266336395434,0.040687
2023-06-07,0.15726430999942936,0.1670375912114527,0.01294744831390951,0.042381
2023-06-08,0.1572404944308226,0.16563766128631907,0.006328426938767923,0.042033000000000015
2023-06-09,0.15708451149005767,0.1653670693817242,0.01306768403697589,0.043142000000000014
2023-06-12,0.15871298774115863,0.16630357135389243,0.027047921709830003,0.04500899999999999
2023-06-13,0.15778238332264044,0.16588020868084838,0.028479486464118214,0.042322
2023-06-14,0.15685087556183788,0.16633275146118293,0.024504913338686096,0.04494000000000001
2023-06-15,0.1553409051501362,0.1643904676634685,0.026121165001717156,0.040216
2023-06-16,0.15503482245242176,0.16445450746169032,0.02022951203356968,0.03472999999999998
2023-06-20,0.15557783038930753,0.1661535326562633,0.03344930667983409,0.038881
2023-06-21,0.1548336777624663,0.16704265991917472,0.03548674433325216,0.03243599999999999
2023-06-22,0.15378030747169452,0.16934827175604023,0.040038046158974355,0.03855700000000001
2023-06-23,0.15404359694595282,0.16936678883393147,0.04481968262991817,0.03881499999999999
2023-06-26,0.1544240109507407,0.17059896140002784,0.046565638023260164,0.042455999999999994
2023-06-27,0.15464130500021103,0.16877149466491326,0.04808547440740393,0.036455000000000015
2023-06-28,0.15488020591757193,0.1713113041190992,0.050969687782837336,0.044488
2023-06-29,0.1552895693656523,0.16638261143077912,0.035700786915526056,0.02979000000000001
2023-06-30,0.15536154426277263,0.16697091356360963,0.033052165717962406,0.022278999999999993
2023-07-03,0.15724264717475525,0.16567026425483505,0.031667477669373334,0.03026699999999999
2023-07-05,0.15733371487342104,0.16603639331003947,0.04683308036423317,0.02405299999999999
2023-07-06,0.1568843249718072,0.16811598434268885,0.05969001421523848,0.030960000000000015
2023-07-07,0.15590417988597244,0.1676406441755521,0.05017416553722867,0.02449599999999999
2023-07-10,0.15848801897437412,0.1684569395365249,0.05975590262811181,0.03175699999999998
2023-07-11,0.15824000123326193,0.16840462537833817,0.05816945724726533,0.027832999999999997
2023-07-12,0.1566243852397533,0.1662695639338035,0.04734347289917218,0.025983000000000006
2023-07-13,0.15730074529701046,0.1667539699931955,0.05491354339958118,0.020874000000000004
2023-07-14,0.15325443646339876,0.1614394383898274,-0.0002788444393225509,0.024941999999999992
2023-07-17,0.15980618557514253,0.1606671114604813,0.007044172227662793,0.023206000000000004
2023-07-18,0.16083308738237592,0.16318402156938647,0.013586191789400737,0.020090999999999998
2023-07-19,0.16074803704783824,0.16035834809388308,0.0061884603066468535,0.024202999999999975
2023-07-20,0.16123523762335085,0.16319359637964484,0.008721969610549885,0.023704000000000003
2023-07-21,0.16216136419387558,0.16346295937350258,0.006675451018305051,0.020926
2023-07-24,0.16194214843280758,0.16237471774387313,0.0021522162270079803,0.026604000000000017
2023-07-25,0.16297269490636906,0.1627448946556546,0.009429374141642605,0.03148699999999999
2023-07-26,0.16279502128374462,0.16370276410745818,0.002978249769583441,0.032446
2023-07-27,0.1616557899577286,0.15721536168300898,0.00661265546391826,0.034353999999999996
2023-07-28,0.1626630182479861,0.16158501314490525,-0.005424213041394732,0.031070999999999988
2023-07-31,0.1638759414841951,0.16135444961188042,-0.000549803541061239,0.03226899999999999
2023-08-01,0.16409947428121735,0.1621560843519391,0.0077851959126668535,0.02566400000000002
2023-08-02,0.16387181153644653,0.16614115526485274,0.028764793253011595,0.030789999999999984
2023-08-03,0.16386966376529175,0.16790503167736412,0.028310680504503694,0.03287100000000001
2023-08-04,0.16394433533123073,0.16964466568235426,0.022150336636100887,0.03761600000000001
2023-08-07,0.16459957458889357,0.16878071624625102,0.02757286465372813,0.032205999999999985
2023-08-08,0.16251786941059304,0.17110313920604103,0.027835167851880838,0.04164899999999999
2023-08-09,0.16246313536734225,0.1703921461845709,0.03953563571711757,0.04272899999999999
2023-08-10,0.1615224159480178,0.16752310219738972,0.034550995822694996,0.043439000000000005
2023-08-11,0.16181573268511756,0.16688909651142353,0.024724060714882617,0.04387099999999999
2023-08-14,0.16223638469435558,0.16627917079193957,0.03702520680940205,0.043984999999999996
2023-08-15,0.16094977330333995,0.16725180909564416,0.066458873950415,0.04567099999999999
2023-08-16,0.1619662535967816,0.16861216908888105,0.07145170597691178,0.037048
2023-08-17,0.1612370398263978,0.1730730007938911,0.07520226377139244,0.041993
2023-08-18,0.1605973314627616,0.17176880383176651,0.06670015141528549,0.04255300000000001
2023-08-21,0.1597719990058525,0.17124133778000944,0.06846997068985722,0.03496199999999999
2023-08-22,0.15807454345245248,0.16941330591095252,0.07205595415419921,0.049844
2023-08-23,0.15726982496217087,0.16793414606323392,0.05677823848836014,0.044307999999999986
2023-08-24,0.15583894748179403,0.16873598030318968,0.06135716207677139,0.034608
2023-08-25,0.1539343659355921,0.1678359066929842,0.04402127393722419,0.04187199999999999
2023-08-28,0.15345687159872134,0.16776860206533245,0.04248669991343462,0.038796
2023-08-29,0.15322454477601774,0.1668071549057434,0.029653855996437273,0.04013800000000001
2023-08-30,0.1528448198604623,0.16747151698836185,0.03309071287305107,0.04164000000000001
2023-08-31,0.15253058856860183,0.16683052703591514,0.034851066554847876,0.030004999999999976
2023-09-01,0.1518271553560508,0.16642632809670133,0.02817373149600036,0.030156000000000016
2023-09-05,0.15005145740103715,0.16766980157164216,0.03678741358772114,0.040403999999999995
2023-09-06,0.14994081685068067,0.16784310442767866,0.03571819879049756,0.04259400000000002
2023-09-07,0.1503081610756996,0.16776600529570387,0.04372810644861655,0.053011
2023-09-08,0.1500237049484646,0.1685257154708953,0.039635825103724515,0.05161200000000002
2023-09-11,0.14999136578746408,0.1681712133934301,0.04241365877257444,0.04575800000000002
2023-09-12,0.14772091050223732,0.16822430450499784,0.04193545437670518,0.038518
2023-09-13,0.14730487062034764,0.16827689805948098,0.045164601582525304,0.03731699999999999
2023-09-14,0.14732598942218586,0.1617703616565923,0.040487364767593126,0.03465699999999999
2023-09-15,0.14829367864978094,0.16798128815348648,0.04315652080602558,0.04119400000000001
2023-09-18,0.14912205964012107,0.1677674785326398,0.05072269552352174,0.04303399999999999
2023-09-19,0.1478020396270348,0.1679793825935208,0.054383397851857807,0.041543
2023-09-20,0.14781780793750826,0.16134063994392328,0.05867182256194153,0.044652
2023-09-21,0.14804441624802178,0.1707186149512565,0.0814109858176218,0.04655099999999998
2023-09-22,0.1482716538260671,0.1708754851158294,0.08752064488827432,0.044270000000000004
2023-09-25,0.14624459612609,0.17094317365460307,0.08565378368570925,0.053274000000000016
2023-09-26,0.1458757779211382,0.1719957810380797,0.11562285932947405,0.04406700000000002
2023-09-27,0.145562412234011,0.1653822917698855,0.11220000597324806,0.050713000000000036
2023-09-28,0.14388374670747986,0.16443957239665025,0.09087250860583335,0.05074300000000001
2023-09-29,0.1424323709239849,0.16442837703701088,0.0962935703696392,0.046217000000000036
2023-10-02,0.1405856551369032,0.1653498065171013,0.1025547550338897,0.05438499999999999
2023-10-03,0.14074374944080323,0.16694995177865532,0.12492648766109116,0.056616
2023-10-04,0.14170622472371064,0.16639254486641003,0.12080819073722401,0.052051000000000014
2023-10-05,0.14084572780191046,0.16581756608262294,0.11089364758236062,0.05354700000000001
2023-10-06,0.13932590572422032,0.16462523954715655,0.08892594777598417,0.04766500000000001
2023-10-09,0.13895044294784076,0.16524548449635718,0.09660485506619718,0.04963099999999998
2023-10-10,0.13914553258191953,0.16482649305235203,0.09020871881301404,0.04893700000000001
2023-10-11,0.13827224366437307,0.16431560528003392,0.08926847867613596,0.04341500000000001
2023-10-12,0.1460247853092317,0.16395051274378525,0.07881797061436654,0.04474899999999998
2023-10-13,0.13922747470083993,0.163255451498861,0.04185874473546597,0.05266100000000001
2023-10-16,0.1389894153296039,0.1633771111836167,0.016225730945568978,0.05113900000000002
2023-10-17,0.13824826871491555,0.16297166988323367,0.006579151404419975,0.05118
2023-10-18,0.1384664052399075,0.1636758675582604,0.02842841052641515,0.05448799999999998
2023-10-19,0.13817468429481167,0.16398972969964082,0.03331143718667831,0.052476999999999996
2023-10-20,0.13601217763607334,0.1667568211885042,0.0379805482192242,0.058447
2023-10-23,0.1348217491160714,0.16659477796010658,0.04217207533854206,0.061503999999999975
2023-10-24,0.1351360000762171,0.16527845606753822,0.035656861350088886,0.048801999999999984
2023-10-25,0.13448188289293792,0.16573989267460368,0.04435296708182862,0.05479000000000003
2023-10-26,0.13343866899148915,0.16656894118546328,0.04591894069485636,0.054169999999999996
2023-10-27,0.13214393194937796,0.16766808815019174,0.05924786016703612,0.05272100000000002
2023-10-30,0.13399179301390293,0.16664149569914857,0.04610706575243126,0.04625299999999999
2023-10-31,0.13619845932579677,0.1634475084403227,0.03575059732724725,0.040022
2023-11-01,0.1358167862567671,0.15131438546400627,0.026819182254821022,0.031993999999999995
2023-11-02,0.1355004120044724,0.15101154360666943,0.004711317105853513,0.03942699999999999
2023-11-03,0.13538075113625536,0.15106007367394578,0.0009980184429732863,0.03235100000000002
2023-11-06,0.13577433756869128,0.15093854319392705,0.007292451543873868,0.029508000000000006
2023-11-07,0.13582253807918837,0.1509035340849742,0.003217759779525986,0.033604999999999996
2023-11-08,0.13589014205122146,0.15084137881889897,0.00386719599842833,0.03150800000000001
2023-11-09,0.13703260617045646,0.15096905892015097,0.007719513192123606,0.03739300000000001
2023-11-10,0.1385438752505928,0.15025736325029312,-0.004082663648990542,0.03291999999999998
2023-11-13,0.1386380689209401,0.15415276196802108,0.02991085912158392,0.029105999999999993
2023-11-14,0.13828370701245177,0.15459112491117902,0.02118887719619686,0.028542999999999985
2023-11-15,0.13844648638027243,0.15474092360222294,0.030251923576098516,0.020587999999999995
2023-11-16,0.1391417266492859,0.15482929326098535,0.023600909993913205,0.024846000000000007
2023-11-17,0.13989396708949253,0.15440834693689898,0.02116823108458324,0.027103000000000016
2023-11-20,0.13997855576934928,0.15463648337812777,0.022243234168429438,0.026639999999999997
2023-11-21,0.14049304638288423,0.15547815099216242,0.029175746665925373,0.022037
2023-11-22,0.14100723750501357,0.1553664531136875,0.02221547843203206,0.02560900000000002
2023-11-24,0.14095769714095047,0.15598330868753812,0.02275325835788311,0.024992999999999987
2023-11-27,0.14167012336537327,0.1569886468060645,0.03206566339019795,0.026453000000000004
2023-11-28,0.142638817453135,0.1587184792371485,0.0445861830087982,0.019920999999999994
2023-11-29,0.14220915934022163,0.15952849725678958,0.04138562138305417,0.023600999999999983
2023-11-30,0.14325126338928512,0.15896040003730003,0.04044986334085836,0.029993999999999993
2023-12-01,0.1432740554271398,0.15947415266473478,0.044068519214073204,0.02307300000000001
2023-12-04,0.14394087507735784,0.15999438600183852,0.056439225765161416,0.02595
2023-12-05,0.14568598317876127,0.16005783974743829,0.05654324870307513,0.026558
2023-12-06,0.14541286909478907,0.15883006805559094,0.0558653355040509,0.031728000000000006
2023-12-07,0.14584978374855317,0.15126343537008816,0.05429959606725525,0.03232499999999999
2023-12-08,0.14614998684306388,0.15099799598693317,0.0524269731796569,0.030449000000000004
2023-12-11,0.1463816620948898,0.1552838915343359,0.0690452661013833,0.021734000000000003
2023-12-12,0.14840575428746142,0.1488565286100703,0.06471192615806205,0.022587000000000024
2023-12-13,0.1487581734131278,0.1539803803718001,0.0589460942179363,0.02593799999999999
2023-12-14,0.148059044662153,0.1463203635957956,0.06628603193451088,0.019191999999999987
2023-12-15,0.1471214836217228,0.1485523370696738,0.062316867037764956,0.018172999999999995
2023-12-18,0.14751031627306058,0.14636517130677903,0.069783026013102,0.01984999999999998
2023-12-19,0.1473621558167709,0.14868334254273693,0.07321105930634311,0.016516000000000003
2023-12-20,0.14755027538173196,0.15142834666890356,0.0841175195671064,0.01455300000000001
2023-12-21,0.1469567758729089,0.15093394138526975,0.07416879323043624,0.02163799999999999
2023-12-22,0.14774488326899107,0.15336376682242223,0.07240761673054791,0.015819
2023-12-26,0.14787642837349965,0.15416001644022595,0.07567397876747657,0.017463000000000006
2023-12-27,0.14819336876994446,0.1520314457540314,0.06686510646811196,0.021359000000000017
2023-12-28,0.14851701136578982,0.15454705534889657,0.0641479334642945,0.01875300000000002
2023-12-29,0.14871998391666172,0.15465748217035735,0.07067492571193608,0.010112999999999983
2024-01-02,0.1483760463471293,0.15448919838188022,0.07365297632985075,0.019516000000000006
2024-01-03,0.14908965686957337,0.15462710703900534,0.0847569826134635,0.019812999999999997
2024-01-04,0.1487547601065154,0.15425184286911073,0.0828956172510477,0.020910000000000012
2024-01-05,0.14825982855353304,0.1541223609269752,0.07451141569506196,0.020622
2024-01-08,0.14897902514617836,0.15563171470418252,0.07150436187245202,0.020560999999999996
2024-01-09,0.1499432780967398,0.15562493036617495,0.06942684261700682,0.017745999999999984
2024-01-10,0.1509804253966456,0.15673187062631944,0.0733326623717962,0.013300000000000006
2024-01-11,0.15357184976429833,0.1561570592834576,0.06776233374663401,0.014397999999999994
2024-01-12,0.15029330027563498,0.14712693791065737,0.004994787458461686,0.014412000000000008
2024-01-16,0.150445050923952,0.14862841616102376,0.008900840601243382,0.013645999999999991
2024-01-17,0.15073089084220354,0.15170372743779972,0.014815334991256424,0.021286
2024-01-18,0.15179372506663188,0.14780488502698666,0.002487867970176749,0.023612999999999995
2024-01-19,0.15250258116852483,0.14856967222313486,0.016207311430387117,0.0032989999999999964
2024-01-22,0.152869644234309,0.1484049465357937,0.018501565521497565,0.0009619999999999906
2024-01-23,0.1529373859992248,0.15074678858440627,-0.00043620297825403,0.01474700000000001
2024-01-24,0.1528939197126222,0.15262596512964746,0.005033084311845848,0.012714000000000003
2024-01-25,0.15316766647762448,0.15287440810620703,-0.0022231639871233555,0.007639000000000007
2024-01-26,0.1533938175340321,0.15261046290800542,-0.0038986985417152065,0.016471000000000013
2024-01-29,0.1534908840981004,0.15306880448963595,-0.00014442246580398388,0.015581999999999985
2024-01-30,0.15395184132500325,0.16310326635951303,0.005740208793204193,0.010186
2024-01-31,0.1535628367965646,0.16250866954298052,0.007439434432027464,0.007909
2024-02-01,0.1535803191531532,0.16054561274012424,-0.0019501652443879858,0.020352999999999982
2024-02-02,0.15518074710414242,0.1608214746660587,-0.0019112610742610947,0.013469000000000009
2024-02-05,0.15524058791225723,0.16094225341572593,0.004634831275724227,0.016773999999999983
2024-02-06,0.15462508380784457,0.16278157455721567,0.0014498760967436575,0.017249999999999988
2024-02-07,0.15645921881696487,0.16051602545092514,0.002453602115053327,0.017152
2024-02-08,0.15616499623669292,0.1603870209208926,-0.004305634131341524,0.021575999999999984
2024-02-09,0.15591490554778648,0.16086235772307794,0.0018542949731592262,0.01753099999999999
2024-02-12,0.15458680088084661,0.1616083664603017,0.005911379495774749,0.014722000000000013
2024-02-13,0.15309362687403333,0.15754001322813338,0.028036992476625028,0.026817000000000007
2024-02-14,0.15401573958838866,0.15808368483170585,0.026598246602145048,0.027021000000000017
2024-02-15,0.15380195582046216,0.1588727262732268,0.02667906645358037,0.022890999999999995
2024-02-16,0.15384829831735392,0.1591342946365025,0.030887694122008952,0.02108099999999999
2024-02-20,0.16087354697302084,0.1585584965467383,0.03239824858774262,0.019998000000000016
2024-02-21,0.16077942970613027,0.16218313593881725,0.032369788635444485,0.020568000000000003
2024-02-22,0.16170395065815593,0.1613974981455159,0.025989651660714735,0.00791
2024-02-23,0.16166589581454038,0.1613917565598546,0.025715213959822653,0.0010880000000000056
2024-02-26,0.1615089881195383,0.16115600640225522,0.017347079742790456,0.010855000000000004
2024-02-27,0.16165959621787757,0.16116386280628764,0.01923960736018035,0.01188900000000001
2024-02-28,0.16156591927968392,0.16107172572783165,0.019437205293042353,0.015546000000000004
2024-02-29,0.1606400126513115,0.1612324293078327,0.03370758942063698,-0.006722000000000006
2024-03-01,0.16278706033738502,0.16111696250213584,0.03603504657089823,0.005100999999999994
2024-03-04,0.16292396388795144,0.1604861812656901,0.04837642997601729,-0.013103000000000004
2024-03-05,0.16404265005062188,0.16042924798884947,0.058465834620760576,0.014360000000000012
2024-03-06,0.1635905446658995,0.1605937606223836,0.05784443982627091,0.021787
2024-03-07,0.16269264444599985,0.15962080099250534,0.05625393599436915,0.015806000000000014
2024-03-08,0.16320469329869966,0.1597710349565923,0.05393002115277787,0.01714400000000002
2024-03-11,0.16335027233694646,0.1602200379795144,0.059566009603573694,0.018905000000000005
2024-03-12,0.164045258926657,0.16085960766835702,0.06068137961886416,0.010260999999999992
2024-03-13,0.16580586550249107,0.16028188290110468,0.06517039016913603,0.01446
2024-03-14,0.1655719463126417,0.15964565553781,0.06470068896285949,0.024113000000000023
2024-03-15,0.1653498078117113,0.15957636590777127,0.06399660031815771,0.01927799999999999
2024-03-18,0.16567748305246222,0.1594818205440772,0.06367036063939777,0.019927
2024-03-19,0.16703211890536396,0.15940069731728235,0.0685846209527175,0.01655999999999999
2024-03-20,0.16730965010839965,0.1590736114034258,0.059651316916410124,0.01800300000000002
2024-03-21,0.16794121096016418,0.15907492009556745,0.06656308973297731,0.01016700000000001
2024-03-22,0.1668172021178234,0.15905017439314054,0.0679848202137392,0.004618000000000011
2024-03-25,0.16698034921689256,0.15903823219360902,0.06926728623239209,0.021279999999999993
2024-03-26,0.1665002643976247,0.15918878268500217,0.07164007229715758,0.012409000000000003
2024-03-27,0.1669743759249444,0.1653129393016681,0.0634992756040215,0.015471000000000013
2024-03-28,0.16737006310740948,0.1656072382070503,0.06580622133338274,0.008815000000000017
2024-04-01,0.1686873397418729,0.16264500803210524,0.07227038924499957,0.01990799999999998
2024-04-02,0.1692589342518423,0.16124253363715413,0.07542119682414239,0.02277499999999999
2024-04-03,0.16973426186004917,0.1615776276269253,0.08402984436090599,0.019153000000000003
2024-04-04,0.16919955264936615,0.16282220400723774,0.10247789834826135,0.018975999999999993
2024-04-05,0.16920874338257466,0.16158392808653532,0.09160568634291252,0.02782900000000002
2024-04-08,0.17112556631154005,0.16297789764564358,0.10852026619929786,0.021586999999999995
2024-04-09,0.16932839151743764,0.16087011866575723,0.09897318430377594,0.015597000000000028
2024-04-10,0.1688979460911467,0.16168113746104104,0.12073620273305874,0.010596999999999968
2024-04-11,0.1711386481498678,0.16065805187946983,0.10410578391496944,0.013596999999999998
2024-04-12,0.17057594852871402,0.15766900057326666,0.0655525895639111,0.025418000000000024
2024-04-15,0.16905884860497433,0.15855899834785203,0.051463864258909864,0.019293000000000005
2024-04-16,0.16887074775924077,0.15859789431651208,0.040978142139744184,0.026454000000000005
2024-04-17,0.17113840674729358,0.1586952650940497,0.041542634075975554,0.016986
2024-04-18,0.17044933270714427,0.15788982064668344,0.024464355884598582,0.025659000000000015
2024-04-19,0.16931001132251305,0.15628225432787926,0.023497656950893342,0.02787500000000001
2024-04-22,0.16850528136592705,0.1569740985444917,0.01706914165360568,0.027572000000000013
2024-04-23,0.1701660941819937,0.15695995142995342,0.014973126698383715,0.026861999999999997
2024-04-24,0.17008653814385016,0.1570674415627007,0.019642144208184303,0.02161099999999999
2024-04-25,0.17083901890281727,0.157249028991947,0.018642763880462848,0.019297999999999982
2024-04-26,0.17122550063310688,0.157345420541495,0.019024768167508616,0.018847000000000003
2024-04-29,0.1713471138786163,0.15748701472578733,0.01810856259598348,0.019625000000000004
2024-04-30,0.17110203479034358,0.15795724650076687,0.023244626348691844,0.014246999999999982
2024-05-01,0.1735372128480325,0.1582482807945517,0.017503742113868348,0.0067989999999999995
2024-05-02,0.17743447348288754,0.1680595745728852,0.00014171165612925085,0.012794
2024-05-03,0.17921435058459007,0.1680816922689345,-0.005490876301357722,-0.0035409999999999886
2024-05-06,0.18603406315801518,0.16720850989484803,-0.005994632482350465,0.018314999999999998
2024-05-07,0.18880997744486394,0.1675971614381244,-0.004999930604666747,0.018832000000000015
2024-05-08,0.1876694923727684,0.16694766712237916,-0.0015455478211909013,-0.011374999999999996
2024-05-09,0.18847789213466026,0.16638302610170533,-0.011269204659498155,0.013802000000000009
2024-05-10,0.1898431796461916,0.16745023336117928,-0.002560216747837518,0.012244000000000005
2024-05-13,0.19029474167929392,0.16705906651141067,0.003014808013569653,0.011170999999999986
2024-05-14,0.19040351509484812,0.1674590965074463,0.02289806891331944,0.0014630000000000198
2024-05-15,0.19001428142907345,0.16674834273130806,0.013445841001362868,2.0000000000020002e-05
2024-05-16,0.18949222428770718,0.1662800008631113,0.01736017802453632,-0.010820999999999997
2024-05-17,0.1891006250710172,0.16317580007851373,0.015773030816042116,-0.012609000000000009
2024-05-20,0.1830989083230957,0.15830648383163165,-0.001191173391862116,-0.005370000000000014
2024-05-21,0.18282128151714847,0.15857851320570338,-0.0017177836144827707,-0.012591000000000019
2024-05-22,0.1817523730625877,0.1581907476827183,-0.003497358430388231,-0.0023550000000000237
2024-05-23,0.181928878444811,0.16028453068588208,0.00014527884590920248,-0.0022390000000000188
2024-05-24,0.18174973968734298,0.15772182082311217,-0.009346932658083479,-0.00426399999999999
2024-05-28,0.18147293243255366,0.15777441961490832,-0.0018112023686531753,-0.0044460000000000055
2024-05-29,0.18152066137500222,0.1600167230758605,0.00602924045226641,0.027738999999999986
2024-05-30,0.1831266385288985,0.1604947177177653,0.01246709130993609,0.02437800000000001
2024-05-31,0.18189200971767194,0.16106462193019536,0.017694603631416617,0.016410000000000008
2024-06-03,0.18278821692864886,0.16115798855462513,0.024351148664142813,0.02300000000000002
2024-06-04,0.18344684956991528,0.16090558533790442,0.02979056467577837,0.01865900000000001
2024-06-05,0.18498524226647026,0.1605187346306682,0.03457394751520543,0.029224
2024-06-06,0.18841948387794866,0.1603235503778201,0.02859016901452202,0.023139999999999994
2024-06-07,0.18859337320300248,0.17505769461918394,0.02828947497899839,0.016159000000000007
2024-06-10,0.21036247438758152,0.17543802255577476,0.038965616367184625,0.020761
2024-06-11,0.21278262542678927,0.177322982153247,0.04442401838303334,0.013301000000000007
2024-06-12,0.21262952857082115,0.17506646103059129,0.04740220467007375,0.007451999999999986
2024-06-13,0.21311411716241244,0.17553575510992234,0.04255919376749359,0.016203999999999996
2024-06-14,0.21255855164457213,0.1725585451549566,0.0477942253923469,0.014594999999999997
2024-06-17,0.2120583466749857,0.17308667176993625,0.04738655742474057,0.016432000000000002
2024-06-18,0.21294014932259556,0.17487393498129702,0.047032162358703306,0.004902999999999991
2024-06-20,0.21427192550825272,0.17300844833571383,0.06537268187015521,0.014707999999999999
2024-06-21,0.2135026002505204,0.17385701659871128,0.06583825571842136,0.01793900000000001
2024-06-24,0.2133960476760913,0.1728044353403665,0.06161135074643709,0.015449999999999992
2024-06-25,0.21343362687666148,0.1727635635711052,0.06428928446704563,0.018114999999999992
2024-06-26,0.21431129206433433,0.1731542839070338,0.07435447990771163,0.014075000000000004
2024-06-27,0.21416147571576066,0.17325243464676832,0.06626369796206141,0.012413000000000007
2024-06-28,0.21436862187597297,0.17516271212722928,0.05964723455802853,0.006523000000000001
2024-07-01,0.214561299150764,0.1756772240049485,0.05178885024211394,0.010601
2024-07-02,0.21441202124831144,0.17532410313622238,0.04839918002271082,0.012611999999999984
2024-07-03,0.2148264277489917,0.1715060690339218,0.042585656985209164,0.014738000000000001
2024-07-05,0.21478042939508382,0.1695109471867527,0.05293827151471733,0.015224999999999989
2024-07-08,0.21594024889584257,0.17159845938390078,0.05532594921976036,0.008164000000000005
2024-07-09,0.21564998262281027,0.1733258113913015,0.0494070512089676,0.0065980000000000205
2024-07-10,0.21617431929254644,0.17150640166271397,0.055317062623629926,0.012275000000000008
2024-07-11,0.21683161422595484,0.17165814770322124,0.060169410264360484,-0.004821999999999993
2024-07-12,0.21457698378402462,0.1728367680397857,0.0058600090578525554,0.01524600000000001
2024-07-15,0.21803331115468444,0.17235794805729307,0.012293218530755212,0.007843000000000017
2024-07-16,0.2177287684918312,0.19377839665461394,0.010146952997830305,0.006392000000000009
2024-07-17,0.21772341270334747,0.19388235516313085,0.014527401562614645,0.011231000000000019
2024-07-18,0.21518708382794544,0.196757055630919,0.012656570867550065,0.024120000000000003
2024-07-19,0.21471046262728363,0.19679857050030647,0.011673454758406615,0.028307
2024-07-22,0.21480474383817774,0.1925568043628896,0.006116088360306415,0.01877999999999999
2024-07-23,0.2147422469951164,0.19221173946055267,0.005284496976745268,0.022099000000000008
2024-07-24,0.21470926559411582,0.192938872125936,0.017209849228306706,0.02743799999999999
2024-07-25,0.21469675714297523,0.19371372150501012,0.026179010383338863,0.018403000000000003
2024-07-26,0.21362843973546033,0.19246938351920215,0.006549537533488997,0.019975999999999994
2024-07-29,0.21450187263767176,0.19361498708551442,0.011781744443607967,0.022510000000000002
2024-07-30,0.21433090377412536,0.1941688753699406,0.017161639993005046,0.014934000000000003
2024-07-31,0.21428750842036373,0.19441153377575177,0.009730851437184773,0.020604999999999984
2024-08-01,0.21247341536449682,0.16755329427408958,0.01618885391239927,0.020143999999999995
2024-08-02,0.2082189069611886,0.16668908476102917,0.051239257039895514,0.06518399999999999
2024-08-05,0.20582093109419092,0.1726916322586464,0.10067339981075665,0.09216999999999997
2024-08-06,0.2004037636119387,0.1684677409311357,0.035645794702070965,0.05939200000000003
2024-08-07,0.19779376699463003,0.16877006456491578,0.03153838527275729,0.060229000000000005
2024-08-08,0.20220552469690195,0.16883037649034757,0.002407449069992351,0.05200099999999999
2024-08-09,0.2043410713179833,0.1657784039261897,-0.019103342313751104,0.049869
2024-08-12,0.20366720761839785,0.16616262117766567,-0.008274144979792342,0.051818
2024-08-13,0.203621999459729,0.16504456341288798,-0.02110742123009071,0.042817999999999995
2024-08-14,0.2032345334410505,0.16473711288354306,-0.02461716060552524,0.038914000000000004
2024-08-15,0.20373953963560967,0.1679961955580429,-0.038462690589415316,0.03689299999999998
2024-08-16,0.2043496741866004,0.18726360502030648,-0.03785402248068384,0.03557199999999999
2024-08-19,0.2052866229284514,0.19302608780268393,-0.039634058059019234,0.03428500000000001
2024-08-20,0.2065031456071637,0.19502575776526052,-0.030558076190299155,0.03681599999999999
2024-08-21,0.20702661768510425,0.1837140273711318,-0.02860642282325071,0.035618999999999984
2024-08-22,0.2088424700997213,0.18537527324304323,-0.017899983263923253,0.03264700000000001
2024-08-23,0.20892923043983685,0.1844044761684488,-0.027742130975617563,0.027229999999999976
2024-08-26,0.21012782736706254,0.18378287255127335,-0.021789330894167652,0.034856
2024-08-27,0.21204622292296343,0.18379103808654293,-0.020891212875860876,0.027065000000000006
2024-08-28,0.21199523952334345,0.18473418027688668,-0.014812374071311252,0.03260200000000002
2024-08-29,0.21084576887131834,0.1848992715500899,-0.013737906267818817,0.027570999999999984
2024-08-30,0.21044556114469562,0.18473585519543675,-0.004282247676056755,0.01947299999999999
2024-09-03,0.2099213909530915,0.18154434309270823,0.03436585414766241,0.041706999999999994
2024-09-04,0.20862327429499886,0.16962540145486063,0.04045990157087681,0.04292400000000002
2024-09-05,0.20750227265582366,0.18363881425841586,0.06670095674426613,0.044375
2024-09-06,0.20401497933364482,0.16872036559045436,0.07711559013864125,0.05133499999999999
2024-09-09,0.20307615983781735,0.17004568708147602,0.08206213397622009,0.04499700000000001
2024-09-10,0.1804099098760122,0.19086529794175672,0.03484979776432426,0.05443699999999996
2024-09-11,0.1792102553822953,0.18964494912278396,0.020755116822967462,0.03404999999999997
2024-09-12,0.17773713563126547,0.19004015775700647,0.012926989688695989,0.042894000000000015
2024-09-13,0.17601962194082843,0.18992538082474011,0.0061717060217437725,0.041179999999999994
2024-09-16,0.1764363244307867,0.191347021938333,0.017214339192272055,0.03508099999999997
2024-09-17,0.17690173492205816,0.19943196862014556,0.01740944109842102,0.033656999999999965
2024-09-18,0.1748940473272429,0.19935446175323335,0.0127559186588026,0.029440999999999995
2024-09-19,0.17573051908747364,0.1991910112851017,-0.004265029631487505,0.031694
2024-09-20,0.17708286593966915,0.19877988633617255,-0.009561785714568644,0.027012000000000008
2024-09-23,0.18002900181656212,0.19891683527775228,-0.006533511903587225,0.03353900000000001
2024-09-24,0.18019798978772036,0.19898717086620732,-0.007091930783905354,0.030032000000000003
2024-09-25,0.17926605586038014,0.1837787272251846,-0.003330584034834577,0.03140800000000002
2024-09-26,0.1788970859677521,0.18417044387399722,0.001081081417217189,0.029557
2024-09-27,0.17857973699848614,0.18474980286036985,-0.0014596743984138794,0.030432999999999988
2024-09-30,0.17777670757638234,0.18402190036676347,0.0027447857693961852,0.03453199999999998
2024-10-01,0.17758399692595767,0.18535762600685404,0.013466015296523248,0.037553
2024-10-02,0.1775495395967754,0.18378419243960709,0.012981194331445456,0.03880600000000001
2024-10-03,0.17903071633850517,0.18499835614515106,0.032483352985760966,0.040393999999999985
2024-10-04,0.1783654336051242,0.18448513595830987,0.014944069997580467,0.03182200000000002
2024-10-07,0.17843078732964063,0.18534504529815207,0.040943716956078485,0.04150799999999999
2024-10-08,0.17865416573093743,0.18566633352051246,0.04436502343297721,0.03582399999999997
2024-10-09,0.17873780671954223,0.18898994071047925,0.09671378435792763,0.03298899999999999
2024-10-10,0.17915450741765,0.18806327744138548,0.09948996772240179,0.031663
2024-10-11,0.17383961096110742,0.18710603859205732,0.04663230198286958,0.025575999999999988
2024-10-14,0.1802653551373539,0.18666215754571522,0.03908981058470323,0.029439999999999994
2024-10-15,0.18083111900996052,0.18540324801564198,0.03539407305011372,0.03928799999999999
2024-10-16,0.18457985199228988,0.18543523080921237,0.030289658784231677,0.03947200000000001
2024-10-17,0.18512427402353349,0.1853937885686439,0.035645918187153874,0.031272999999999995
2024-10-18,0.18505208380816032,0.1847958933550532,0.03451651108157122,0.03111
2024-10-21,0.18524122899190826,0.185310637156244,0.04211591640384971,0.032388
2024-10-22,0.184657376215326,0.18522747433113898,0.048500401097039125,0.04108400000000001
2024-10-23,0.18500366664442477,0.18553047593189229,0.05051686143758011,0.04209500000000002
2024-10-24,0.1849602001091217,0.18442730226140788,0.04903021112464903,0.03934300000000002
2024-10-25,0.18502717662347487,0.18492788091104448,0.05334521245117793,0.04395100000000002
2024-10-28,0.1853327815480333,0.18505963034965925,0.05425225533327166,0.04223799999999997
2024-10-29,0.18501346306136876,0.1835516582307633,0.05764497994410375,0.03687599999999999
2024-10-30,0.1846265242069131,0.1817675593951523,0.06016848377371842,0.034600999999999965
2024-10-31,0.18412766283875523,0.17837083202424744,0.07770338097912399,0.035525999999999974
2024-11-01,0.18313848099696203,0.17793628502236156,0.067129121627715,0.04066600000000001
2024-11-04,0.18283047811486286,0.1787177311140518,0.08167300206771025,0.05092799999999997
2024-11-05,0.1835118606766914,0.17885605710771962,0.08649454967646933,0.04485900000000001
2024-11-06,0.1793386451702503,0.1831668386733125,0.04765406230019087,0.00879000000000002
2024-11-07,0.17769775920125078,0.1813459786356287,0.011069325078158193,0.016459999999999975
2024-11-08,0.17751687818510384,0.18029486247709192,0.002846854354541656,0.012014999999999998
2024-11-11,0.17731945975440916,0.18035400999337983,0.02220797080545106,0.009429999999999994
2024-11-12,0.17720861016673484,0.17888019638855257,0.03216049836114382,0.006828000000000001
2024-11-13,0.17642654740294883,0.17901130936865772,0.03511492600204283,-0.00034300000000000996
2024-11-14,0.1760662095779086,0.18003082628596734,0.027945315270240828,0.005047999999999997
2024-11-15,0.17943353388932617,0.18161521037136322,0.038404877715916635,0.0036319999999999963
2024-11-18,0.17958758782409895,0.1809950555689006,0.02227451583388851,0.013392999999999988
2024-11-19,0.18299547966713423,0.18075057575143447,0.01598302666701293,0.014627000000000001
2024-11-20,0.18672872498657364,0.18046677312868087,0.01957854417640953,0.019085999999999992
2024-11-21,0.1869593534089061,0.18071736887217246,0.02235303163226951,0.010117999999999988
2024-11-22,0.18786737025867806,0.18066682781152915,0.011586505140079362,0.0061169999999999836
2024-11-25,0.18840080657387012,0.18016124658898286,0.0026816553802307963,0.005327999999999999
2024-11-26,0.19266365732525426,0.18089309745563484,0.0028133443914039047,-0.0015090000000000103
2024-11-27,0.20086392248925508,0.18110988000252096,-0.004173869796437191,0.007844999999999991
2024-11-29,0.20258497068698578,0.18155334280988966,0.008514683016757618,-0.005271000000000026
2024-12-02,0.2033806704660108,0.18119212944614999,0.01027482376791447,0.0045449999999999935
2024-12-03,0.20639381691382752,0.18091656810252066,-0.001468788129332016,0.009914000000000006
2024-12-04,0.21148179736277153,0.18120831126905362,0.008572513391532227,0.002477000000000007
2024-12-05,0.21441947943380646,0.18943389711275666,0.01605006254835986,4.299999999998749e-05
2024-12-06,0.21579272796203508,0.18608476443243563,0.029623575564844018,0.001696000000000003
2024-12-09,0.21648589608781899,0.1845436332782634,0.046870643909953075,0.006240000000000023
2024-12-10,0.2154474336473537,0.18437540361366817,0.050023816880909316,0.006991999999999998
2024-12-11,0.2169347787511663,0.18380989340795864,0.048047366196362074,0.009315999999999991
2024-12-12,0.21689441556590014,0.18414075434326116,0.056267914310797196,0.005627999999999994
2024-12-13,0.21989522152987998,0.1847014670646928,0.05107505115559802,0.014950999999999992
2024-12-16,0.22124946725759911,0.18587539153796712,0.07536734755135222,0.007103999999999999
2024-12-17,0.22256042366256135,0.1858589533730968,0.0834786982672131,0.003248000000000001
2024-12-18,0.22076943950001435,0.1880966366459985,0.1039138311020587,0.008778999999999981
2024-12-19,0.22051414095487235,0.18874323207961172,0.11325697619545941,0.026486999999999983
2024-12-20,0.21937668550116954,0.18755267739521161,0.08194626460257667,0.024871000000000004
2024-12-23,0.2193442541076671,0.18536178129712866,0.07245035234852379,0.026865000000000028
2024-12-24,0.22324405578499615,0.18479920178819775,0.0678283299274462,0.025845000000000007
2024-12-26,0.2264195952839897,0.18508131666489988,0.078264409362959,0.021729
2024-12-27,0.22737208366549647,0.18577976787131464,0.08711834899615384,0.020533999999999997
2024-12-30,0.2277694084636504,0.18625807998075097,0.09144902642586322,0.024673999999999974
2024-12-31,0.23039436859606685,0.18627968161182482,0.08241489233659652,0.02868499999999999
2025-01-02,0.23477760302227585,0.1836176495786247,0.08920923985617293,0.024712999999999985
2025-01-03,0.2634367518753923,0.18332611069941437,0.0685167198429634,0.031589000000000034
2025-01-06,0.2758105213456329,0.18344210284875537,0.08059042957668067,0.02869499999999997
2025-01-07,0.2977032751338143,0.18394485134620242,0.0759301333722236,0.031139000000000028
2025-01-08,0.30340120844164187,0.1842111929655051,0.06680672298526247,0.02835299999999999
2025-01-10,0.3089973463630739,0.1845442619727005,0.07389675189734915,0.029343000000000008
2025-01-13,0.310105393998057,0.1846941247485363,0.08933001073988006,0.027366
2025-01-14,0.3109907183118418,0.22354140029197062,0.0741393511094594,0.032385
2025-01-15,0.307603833434137,0.22264755555678767,-0.011131151196002192,0.022669000000000022
2025-01-16,0.30729366088976,0.2185453284977726,-0.022867676787092395,0.024255
2025-01-17,0.3064231583121992,0.21918064876630117,-0.024088230851999765,0.020939999999999986
2025-01-21,0.30634962787603925,0.21356644590083207,-0.034127167370394146,0.02446100000000001
2025-01-22,0.3083958584971103,0.21299884187216314,-0.026041785028776215,0.020684000000000008
2025-01-23,0.3104520671437923,0.21745135213760652,-0.030560478700348892,0.02871299999999999
2025-01-24,0.31049425608852266,0.2167351155732902,-0.027839641929118336,0.024238999999999983
2025-01-27,0.31183428551744324,0.21148853326647,-0.015856093399473997,0.031495999999999996
2025-01-28,0.312049323523765,0.21166743030849564,-0.018629051711897937,0.029451000000000005
2025-01-29,0.31295422378451687,0.21388080057210168,-0.010024732286258026,0.026068000000000008
2025-01-30,0.313957222053133,0.21206135689661296,-0.01750517141173244,0.029614
2025-01-31,0.31423411792153194,0.21444101122568918,-0.0122221702557756,0.025639999999999996
2025-02-03,0.31417687497203894,0.21846196961055347,0.0050257480342022764,0.018911999999999984
2025-02-04,0.3145504813825395,0.20743206252001406,-0.0043160378731002536,0.028834
2025-02-05,0.3150503592643984,0.20606473061280436,-0.005595571212386075,0.029008000000000006
2025-02-06,0.3150590551096398,0.20553436380118922,-0.003084375200762546,0.033177999999999985
2025-02-07,0.3149397037382838,0.20618682371330613,0.0010284444995371789,0.03532400000000002
2025-02-10,0.31477035751447285,0.19787199705195993,0.0008266774583658154,0.036773
2025-02-11,0.3140310382680577,0.1945407409228974,0.00019421398358587805,0.036250000000000004
2025-02-12,0.31427266075824567,0.20045730448517557,0.005474137993438238,0.03265799999999999
2025-02-13,0.31487617487786057,0.19518596847849115,0.00040821455398393214,0.03373899999999999
2025-02-14,0.3152076293730405,0.1949691873676962,0.01669249904440054,0.033569000000000015
2025-02-18,0.31671110070039565,0.19570804830418712,0.02497872459735423,0.037425000000000014
2025-02-19,0.3168653492136633,0.19570742144953956,0.04414784025076604,0.032855999999999996
2025-02-20,0.3149944575762059,0.2500673154990955,0.04710495620977884,0.037834000000000007
2025-02-21,0.3142506184956298,0.24685585829099285,0.056238149566639445,0.046739
2025-02-24,0.3127582798878618,0.23867432936897962,0.0478979498525115,0.047819
2025-02-25,0.3092586430286576,0.20890693655598816,0.04593325323272704,0.04960599999999998
2025-02-26,0.30899555274528745,0.2017820328174633,0.04428363169956001,0.047380000000000005
2025-02-27,0.3078304922129896,0.2063052111003347,0.05467556351785452,0.044486
2025-02-28,0.30641305085094406,0.20109496342326197,0.0342543418576195,0.04283600000000001
2025-03-03,0.3037564051289271,0.20361907304015897,0.05382363383061303,0.058499999999999996
2025-03-04,0.29850968142312206,0.21548566151050097,0.06768277889405111,0.061184000000000016
2025-03-05,0.29736184799627113,0.21140907801480657,0.04489143499695117,0.053653000000000006
2025-03-06,0.2964504032218575,0.21884475994811398,0.06757900750139745,0.06115100000000001
2025-03-07,0.2939786877419845,0.21615790626986772,0.055438829219305874,0.05291499999999999
2025-03-10,0.290844360700932,0.2319325283209998,0.10013006905472577,0.072687
2025-03-11,0.2884819848055707,0.24225827956701096,0.0891368638051091,0.06250899999999998
2025-03-12,0.2877981239788129,0.2416140100126104,0.05951152035040419,0.057245000000000046
2025-03-13,0.2872080877889125,0.20438594586611397,0.0663976775932596,0.055781000000000025
2025-03-14,0.28704851714527996,0.23628504257758376,0.03443206152311645,0.040725999999999984
2025-03-17,0.2864034192242062,0.236023269161685,0.025929986981456654,0.03961800000000004
2025-03-18,0.28628447727985024,0.2317078788881272,0.03668721795326507,0.042225999999999986
2025-03-19,0.2858528924709313,0.22725418251011112,0.006850904634491173,0.04009099999999999
2025-03-20,0.284797698158319,0.22306986471332885,-0.0010793972611700675,0.044827000000000006
2025-03-21,0.2849826040077497,0.21541071131254882,-0.0026694327110290406,0.04469699999999999
2025-03-24,0.2846415886786849,0.2187213597394313,-0.010214931692809182,0.037315000000000015
2025-03-25,0.28406934238379705,0.2181295512554067,-0.0105854154999373,0.044263
2025-03-26,0.2833483117673204,0.21868058911547966,0.00950336437768945,0.04658000000000001
2025-03-27,0.2832690683284049,0.23970316215343673,0.015050563727601052,0.03817799999999999
2025-03-28,0.2804591660701146,0.20205042725190933,0.03765901901049434,0.043565999999999994
2025-03-31,0.2785432186687077,0.19294193746432156,0.03131536033023702,0.045711999999999975
2025-04-01,0.2776028266097292,0.18836541632595938,0.035746482749571096,0.04983799999999999
2025-04-02,0.27705855603769536,0.18860562659821237,0.05250025299717423,0.044221999999999984
2025-04-03,0.27567471632414625,0.19585733829820182,0.11443486281709714,0.07961000000000001
2025-04-04,0.2735896234307227,0.2090168744842953,0.264462363047657,0.14938400000000002
2025-04-07,0.2451509705807599,0.22522686566652425,0.2039052373117352,0.16713499999999998
2025-04-08,0.23008574234590157,0.2417003171806401,0.2124534029971012,0.18431399999999992
2025-04-09,0.20018653246116974,0.21499798912040435,0.0020675163062995328,0.11488700000000002
2025-04-10,0.19111094686656124,0.2672368961746948,0.07065894500300562,0.16472199999999998
2025-04-11,0.18291004662293556,0.2203280056955108,-0.01892797798214718,0.139328
2025-04-14,0.18326198819890144,0.20783746315279997,-0.08708465810471883,0.10969499999999999
2025-04-15,0.18158596097101962,0.2058618095214169,-0.11176292326816545,0.09428599999999998
2025-04-16,0.17975897050267112,0.2417569706924154,-0.08685871303717452,0.094667
2025-04-17,0.17923428724455998,0.20350289529237006,-0.11691835665158762,0.09123300000000001
2025-04-21,0.17755347110235697,0.24186241122933735,-0.08010631654023093,0.09066600000000002
2025-04-22,0.1769044462339915,0.20337516289922816,-0.11106257399500191,0.08368200000000003
2025-04-23,0.1732011884382209,0.20362407142362027,-0.11570233892805637,0.06680599999999998
2025-04-24,0.16919909917282305,0.2015848846908762,-0.14624774215468495,0.06503200000000003
2025-04-25,0.16822530798066537,0.1997854605575685,-0.16443271972068352,0.06234200000000001
2025-04-28,0.16602517370045977,0.19910220936623033,-0.16470215560875467,0.06390799999999999
2025-04-29,0.16564638830624237,0.1990704766065193,-0.15994758706838524,0.05761500000000003
2025-04-30,0.16339056210676306,0.19843565557386292,-0.15983691035703096,0.07219900000000001
2025-05-01,0.16482510990637925,0.19883329773648806,-0.16377474306537781,0.06637600000000002
2025-05-02,0.16357808315606037,0.18212245155703743,-0.18355439201965937,0.06390900000000002
2025-05-05,0.16634488112682297,0.18296545034295017,-0.17060856053034695,0.06038399999999999
2025-05-06,0.16575466222599688,0.18403378185927022,-0.15264563452510616,0.06434499999999999
2025-05-07,0.1660803816686346,0.18529230770374103,-0.10375904605939429,0.06751299999999999
2025-05-08,0.1676765696814118,0.18868794944430456,-0.07367160352959834,0.059393
2025-05-09,0.16734567691087002,0.18732551317854976,-0.01930436139924918,0.060424000000000005
2025-05-12,0.16705103687933823,0.18840245974452688,-0.03229956815542659,0.05038699999999999
2025-05-13,0.1695858648496531,0.1881701190684328,-0.011836703181152347,0.04300799999999999
2025-05-14,0.169210292621559,0.19085275801827328,0.0040206150217558245,0.03959299999999999
2025-05-15,0.16857216555875293,0.18975027139613035,0.006310200323303594,0.04810700000000001
2025-05-16,0.16812336276782794,0.18834813498818687,0.0033819648386748946,0.037804000000000004
2025-05-19,0.16528286001384002,0.18901849737532614,-0.0029363963944615823,0.04388700000000001
2025-05-20,0.1668296472993564,0.18840075213184018,0.004892432815560982,0.04275699999999999
2025-05-21,0.16621837541774626,0.19076837017583081,0.024809156457687387,0.04627399999999998
2025-05-22,0.16822220546238487,0.19178235832374094,0.026191562326292966,0.04749099999999998
2025-05-23,0.1666840021262027,0.19461323212382925,0.04619126831143877,0.049332000000000015
2025-05-27,0.16729253723079895,0.19242518868735184,0.026534292789816255,0.048729999999999996
2025-05-28,0.16741853175513616,0.1935281018697694,0.04015622516072109,0.05086300000000002
2025-05-29,0.1670922544264603,0.1932609642239077,0.038721399902144016,0.04606099999999999
2025-05-30,0.1671930106147808,0.1941138649863488,0.04430532420400207,0.04791300000000001
2025-06-02,0.1688958995457168,0.19533039983369216,0.04807763394712283,0.05165800000000001
2025-06-03,0.16926574513427428,0.19459366800072012,0.04664077777197073,0.040671999999999986
2025-06-04,0.17045304078459855,0.19526563485417375,0.059483872408680055,0.04222000000000001
2025-06-05,0.17258938870937177,0.19577695858420244,0.06508579440412668,0.049374
2025-06-06,0.17372610595346605,0.19336494980731317,0.049839925045972816,0.041346999999999995
2025-06-09,0.1736124166066277,0.18430025928198054,0.06201421520659231,0.038320999999999994
2025-06-10,0.17502230737161387,0.1857310030499936,0.06397636851123809,0.039189
2025-06-11,0.17449234652813012,0.18791025152705598,0.07147638136781229,0.043854000000000004
2025-06-12,0.17455197044438475,0.18827526541741685,0.07393370776184219,0.04550599999999996
2025-06-13,0.17335829794197946,0.18787753026252768,0.088995025083623,0.05733700000000003
2025-06-16,0.1729858300899813,0.18980292154663558,0.08819948287919588,0.046907000000000004
2025-06-17,0.1734162173171354,0.19433990972397333,0.10549038588699769,0.05338599999999999
2025-06-18,0.17017422068242424,0.1905747319810159,0.10326241137180617,0.04756000000000002
2025-06-20,0.17186671970590658,0.1904488876732712,0.10286852937659544,0.05040799999999998
2025-06-23,0.16998006809027502,0.1904122631777812,0.09736159784835555,0.04221600000000003
2025-06-24,0.17120215261707722,0.1906551138902358,0.09848560492684882,0.041145000000000015
2025-06-25,0.1721449982045522,0.18838833211953795,0.09467554176097454,0.040992
2025-06-26,0.17217439310343804,0.1887763668304458,0.09931097639832132,0.033415
2025-06-27,0.1722433393547256,0.1887390296415711,0.09351200299098983,0.03299099999999999
2025-06-30,0.1723166900566659,0.1889888195446781,0.09287566101025513,0.03346299999999999
2025-07-01,0.1740012924180911,0.18871183958602425,0.08686827468096975,0.03556199999999998
2025-07-02,0.17590674237858067,0.18873902581212793,0.08444489990171491,0.037194000000000005
2025-07-03,0.17578054711001898,0.19224680346202372,0.08367415161411607,0.03616
2025-07-07,0.174566772031968,0.1922346236530612,0.08736038535316987,0.039855999999999975
2025-07-08,0.17321702354541862,0.18869305972265246,0.07923956040205007,0.038685
2025-07-09,0.1741155982393413,0.19000521131513473,0.06741343847621545,0.034444999999999976
2025-07-10,0.17444680381846359,0.19059020740315824,0.06980273550189278,0.027139999999999997
2025-07-11,0.17487816931803488,0.19260922987214682,0.06828023211422979,0.02943699999999999
2025-07-14,0.17845857892280242,0.1921532536788709,0.0724849875197647,0.03001000000000001
2025-07-15,0.17643734517833962,0.19968279068943737,0.03624641422822189,0.029205999999999982
2025-07-16,0.18217800823891542,0.19269006563355776,0.019913437101050063,0.03409799999999999
2025-07-17,0.18372973670300585,0.19598911410148737,0.017890075959309804,0.029328999999999994
2025-07-18,0.18850572022481285,0.19431317330350015,0.011169623456425443,0.03683
2025-07-21,0.18930429550063252,0.19194402858601856,0.021580039175007865,0.035796999999999995
2025-07-22,0.18918526286053255,0.18837808649931878,0.020668786868826117,0.036053
2025-07-23,0.190658940044625,0.1832357480110325,0.025186562128766965,0.036983000000000016
2025-07-24,0.1928020299481067,0.1970457168978554,0.032817595028440144,0.027672000000000002
2025-07-25,0.19335185487712658,0.19104206736004806,0.011627522555533176,0.03515700000000002
2025-07-28,0.1950723890124675,0.19129221990655843,0.014621708101884207,0.035437000000000024
2025-07-29,0.1944885195872547,0.1907124307994097,0.021682986347743044,0.04280200000000001
2025-07-30,0.1953631375478592,0.19200980022850989,0.029850939365387574,0.03606300000000001
2025-07-31,0.19534194593484444,0.18906798954717458,0.037026927642557106,0.04191400000000001
2025-08-01,0.19432773916090126,0.18182124029273422,0.04787700244780088,0.049707
2025-08-04,0.19548794027105754,0.18202935161095543,0.029387904376760587,0.045823
2025-08-05,0.19348537732061147,0.1827770527166025,0.0356612461446999,0.04955799999999999
2025-08-06,0.1954032838603515,0.1795617574330219,0.03977343177422005,0.04438399999999998
2025-08-07,0.19686984420938278,0.1869231708556013,0.04582691456078761,0.04346899999999998
2025-08-08,0.19510808848113792,0.1927175826626793,0.025449237042200368,0.04596799999999998
2025-08-11,0.19693200993201093,0.19309457288233328,0.030252598023245342,0.046465000000000006
2025-08-12,0.19716402469012065,0.17827507367987616,0.019099864750115075,0.041900999999999994
2025-08-13,0.19499736618977084,0.17974540916996717,0.021397538524257353,0.042853
2025-08-14,0.19549704142311408,0.17781409495325073,0.030008046686111678,0.044875
2025-08-15,0.19748879248453532,0.17803917403867303,0.03391092785018823,0.04472799999999999
2025-08-18,0.1984734244664325,0.17791660331080328,0.032639924897190864,0.04344999999999999
2025-08-19,0.20086171111949128,0.17825801032636354,0.04015556547529811,0.047785999999999995
2025-08-20,0.20073074153067527,0.1854049253380787,0.03871469555309384,0.049481000000000025
2025-08-21,0.2010433384797931,0.1864531131152458,0.04184356801292291,0.046666999999999986
2025-08-22,0.20336872457357685,0.18551725419455212,0.01784046130703215,0.04090100000000002
2025-08-25,0.20676361662874915,0.19081295352540784,0.03284332546044527,0.038795000000000024
2025-08-26,0.20761412528179446,0.19167985981736316,0.024697090638012148,0.037936
2025-08-27,0.2108099798800556,0.19206848649379654,0.03288775184389861,0.03179500000000002
2025-08-28,0.2116764193459942,0.18962374646740895,0.018719522466975863,0.03423799999999999
2025-08-29,0.21202466543637277,0.18836943116433952,0.024192244102379135,0.03608599999999998
2025-09-02,0.21100822573411585,0.1849366865251973,0.02896610244818626,0.03608599999999998
2025-09-03,0.21066166039366044,0.1859523634405318,0.026589017334266912,0.03608599999999998
2025-09-04,0.2098743087827687,0.18602080094607232,0.034687829132077797,0.03608599999999998
2025-09-05,0.20832007824941573,0.18620610348385574,0.02673101981478246,0.03608599999999998
2025-09-08,0.20776795483486266,0.18652166405885887,0.026802927169694735,0.03608599999999998
2025-09-09,0.20694846640019987,0.18558294634331374,,
2025-09-10,0.21496878765583724,0.18594248976824243,,
2025-09-11,0.21897057113821072,0.18628746917622602,,
2025-09-12,0.21956452089185202,0.18985215730645646,,
2025-09-15,0.21986249735173838,0.18981945220050267,,
2025-09-16,0.22009727308027438,0.189967260110498,,
2025-09-17,0.22010325675293727,0.19062305492439574,,
2025-09-18,0.2200742426369453,0.19063393751325428,,
2025-09-19,0.21909612132773298,0.1908587198465059,,
2025-09-22,0.21945166383549855,0.19063213412271296,,
2025-09-23,0.2183405077008238,0.1900837471192271,,
2025-09-24,0.21800880721612503,0.19000725876094623,,
2025-09-25,0.21791299865270738,0.20187430440931492,,
2025-09-26,0.21793350932219246,0.20197584469938037,,
2025-09-29,0.21755430508623347,0.20172947653901432,,
2025-09-30,0.2152779814538518,0.2018461237879904,,
2025-10-01,0.2133915211145795,0.19876590835698202,,
