date,y_true,y_pred,y_pred_q15,vrp_wedge,put_call_skew_30d
2014-01-06,0.14320722298617894,0.14534864458132007,0.13937869668006897,0.053173959438956,0.016175999999999996
2014-01-07,0.14339002389738503,0.14518195731019656,0.1394239366054535,0.045137584097229955,0.019200999999999996
2014-01-08,0.14435939637713763,0.14511565972901808,0.14002414047718048,0.044280550679075936,0.018478999999999995
2014-01-09,0.1436460886915083,0.1451309466332238,0.14007174968719482,0.047789511092076076,0.014853000000000005
2014-01-10,0.14380074917791086,0.14496195141395465,0.14019113779067993,0.047589760755291255,0.017444000000000015
2014-01-13,0.14351889711050358,0.1450464194366549,0.14019612967967987,0.05009324102482282,0.016248999999999986
2014-01-14,0.14382018379636322,0.14496896804356435,0.13990552723407745,0.053359863090018,0.009887000000000007
2014-01-15,0.14354157759962172,0.144965783970079,0.13991418480873108,0.04951007173447017,0.012230999999999992
2014-01-16,0.14406858452612165,0.14500052738856453,0.1398269385099411,0.051884417922458625,0.014616999999999991
2014-01-17,0.14089870230971968,0.1446697690375807,0.1385086178779602,0.0027466232298126447,0.01483799999999999
2014-01-21,0.13768071724933764,0.14522808056596023,0.13854610919952393,0.00836456783284048,0.015466000000000008
2014-01-22,0.1379544180209845,0.14635375883713606,0.1383340060710907,0.008667899800930051,0.010476999999999986
2014-01-23,0.13769458060983872,0.14544770434436197,0.14035962522029877,0.015980564634867633,0.017403000000000002
2014-01-24,0.13704554905046432,0.14689446524592084,0.139118030667305,0.048030686972503844,0.011039999999999994
2014-01-27,0.1366244292231614,0.1454512947254721,0.13944299519062042,0.046593642978325106,0.020628000000000007
2014-01-28,0.13643883255886538,0.14689036483050855,0.13972127437591553,0.038318384169631126,0.017314999999999997
2014-01-29,0.13555404968301424,0.1454213209848466,0.13979914784431458,0.04533457124302276,0.018097000000000002
2014-01-30,0.1351435373581431,0.14538367324444712,0.13969838619232178,0.035273672051269744,0.02330299999999999
2014-01-31,0.1345088915503234,0.1453490411649773,0.13955453038215637,0.04655811280455979,0.018321999999999977
2014-02-03,0.13084697499681772,0.14598543999386332,0.13812391459941864,0.06142085467107708,0.019374000000000002
2014-02-04,0.1294304765441568,0.1448755484072775,0.13765059411525726,0.04362701088917201,0.021830000000000016
2014-02-05,0.12831165015433071,0.14476414264536872,0.1373254507780075,0.04884366222994524,0.023835999999999996
2014-02-06,0.1266024340526006,0.14117962611900187,0.13435088098049164,0.02890317688044186,0.023743000000000014
2014-02-07,0.1262163374152287,0.14103100929786042,0.13438235223293304,0.015174641104072906,0.020338000000000023
2014-02-10,0.1254155667150384,0.14559748634099814,0.13700269162654877,0.017176421217928145,0.017109999999999986
2014-02-11,0.12461316754046634,0.14594385597877624,0.13649724423885345,0.0059231095755349905,0.014056999999999986
2014-02-12,0.12467927428927521,0.14554839462711497,0.13688229024410248,0.005249014450042111,0.01350599999999999
2014-02-13,0.1262223576407998,0.14462489219355068,0.13710065186023712,-0.001579340021918535,0.015998999999999985
2014-02-14,0.125031347281068,0.14153061467959427,0.13509365916252136,-0.008497225790324275,0.013529999999999986
2014-02-18,0.12487788452651331,0.14422857988383997,0.13737370073795319,4.22981114094334e-05,0.012790999999999997
2014-02-19,0.1253029232339275,0.14455740847672213,0.13808248937129974,0.013541283535024234,0.017237000000000002
2014-02-20,0.12472083903072376,0.14471809339648048,0.13864906132221222,0.01984356865732753,0.014587000000000017
2014-02-21,0.12494704170140232,0.14490991993080019,0.13921129703521729,0.015274859588470718,0.014316999999999996
2014-02-24,0.12285928854824016,0.1445509100787813,0.13753284513950348,0.007914246322030527,0.015148999999999996
2014-02-25,0.12212695386602195,0.1444547687684298,0.137126162648201,0.0041959879084200735,0.022818000000000005
2014-02-26,0.12154994394792494,0.14473891408609715,0.13728874921798706,0.012581167613372912,0.014224999999999988
2014-02-27,0.1206226776034032,0.14269554842034718,0.13652388751506805,0.002259079047569279,0.020593
2014-02-28,0.11903746921745488,0.1411979906364816,0.13480651378631592,0.003217880672554879,0.011754999999999988
2014-03-03,0.11854171178839006,0.14149685657320257,0.13473419845104218,0.015832182911865944,0.02351700000000001
2014-03-04,0.11801033248699593,0.1412038066352731,0.13386207818984985,0.008847813517443459,0.018026999999999987
2014-03-05,0.1171493215667596,0.14119614258550833,0.13482430577278137,0.016512220366954794,0.01494899999999999
2014-03-06,0.11737363265226738,0.14127061377241087,0.13497908413410187,0.01743155649179884,0.017068
2014-03-07,0.11727640142828107,0.14127985973209486,0.135163351893425,0.019386790312354685,0.01993500000000001
2014-03-10,0.11805612297035785,0.14205671517146423,0.13663242757320404,0.02866395084704318,0.021745000000000014
2014-03-11,0.11731819427911631,0.14317209376363807,0.1374770700931549,0.03120503144713646,0.02374499999999999
2014-03-12,0.11764601512902995,0.14318025561855985,0.1381179392337799,0.03752928009414361,0.02312900000000001
2014-03-13,0.11441854009067039,0.14259829433672977,0.13598968088626862,0.04581123515388999,0.022955000000000003
2014-03-14,0.11366632586628084,0.14259263038700737,0.13643117249011993,0.06027455616087066,0.021250999999999992
2014-03-17,0.11243374069461394,0.14255084642609173,0.13595998287200928,0.0515451201021529,0.025283
2014-03-18,0.11274420823106784,0.14263447067129606,0.136291965842247,0.04588614122233503,0.02487700000000001
2014-03-19,0.11006837693117766,0.14271635942558525,0.13549774885177612,0.04755893138793901,0.02276600000000001
2014-03-20,0.10986736907166406,0.14260568270138302,0.13609467446804047,0.051683167823019155,0.021453
2014-03-21,0.10775251661447317,0.14265769380312418,0.13594458997249603,0.0420648899715694,0.020751999999999993
2014-03-24,0.10762047320551231,0.14268994725803183,0.13619327545166016,0.05054419735845894,0.018144999999999994
2014-03-25,0.10803958039675039,0.14269995864487423,0.13707919418811798,0.04941161116195761,0.016693999999999987
2014-03-26,0.10731683968304566,0.14250030308250441,0.13663221895694733,0.05700000161875518,0.007775000000000004
2014-03-27,0.10686879248615837,0.14237173741780684,0.13696251809597015,0.04870795454531429,0.01896299999999998
2014-03-28,0.10640458798562936,0.1424059963773682,0.13712933659553528,0.04627033767907579,0.024533
2014-03-31,0.10601757401575908,0.14241165382939963,0.13736750185489655,0.047997333646020296,0.019837999999999995
2014-04-01,0.10582618449473088,0.14250137931112372,0.13765527307987213,0.04445250348701063,0.021817000000000003
2014-04-02,0.10606547761942538,0.14258146025604845,0.13817550241947174,0.04888477004781505,0.021512000000000003
2014-04-03,0.10568658670024506,0.1430192789170261,0.13909000158309937,0.04974197802880875,0.018420999999999993
2014-04-04,0.1049840279004079,0.14247749586887457,0.13837994635105133,0.050763525535523074,0.012153999999999998
2014-04-07,0.10437856714116336,0.12557263191476636,0.10795658826828003,0.05638238991910474,0.014589999999999992
2014-04-08,0.10374803671628494,0.12606980561217657,0.10884996503591537,0.05355820879221723,0.01877899999999999
2014-04-09,0.10229526849775165,0.12565546654884782,0.10899445414543152,0.04876540871696777,0.020002999999999993
2014-04-10,0.10216776047804603,0.12579569690623366,0.10891303420066833,0.06667630675487027,0.0031130000000000047
2014-04-11,0.1014401884950113,0.12926351543979017,0.11863227188587189,0.07239968578040731,-0.0016240000000000143
2014-04-14,0.10074816780477967,0.1259809296803205,0.11092629283666611,0.05451747215555977,0.01812899999999998
2014-04-15,0.10163249721957311,0.1265013360184827,0.11093401163816452,0.0520091150983453,0.013902999999999999
2014-04-16,0.10133340210346066,0.12556638535797082,0.11088451743125916,0.04441549219448057,0.012299999999999978
2014-04-17,0.1029768658831556,0.12615495211671846,0.1120847836136818,0.019120319455296533,0.0032119999999999926
2014-04-21,0.106613614441779,0.1272070170240286,0.11265159398317337,0.024936064762931615,-0.0019730000000000025
2014-04-22,0.10707435734643145,0.129364764223536,0.12029790878295898,0.03488452095806631,-0.009739999999999999
2014-04-23,0.10651061553010473,0.129628897994319,0.11746036261320114,0.0325804152173545,-0.0039919999999999956
2014-04-24,0.10469102514641657,0.12946139909134263,0.11710600554943085,0.03736436593474368,-0.00873400000000002
2014-04-25,0.10446976296694194,0.12930314565149498,0.11694378405809402,0.04145246942522322,-0.011664000000000008
2014-04-28,0.10428857392145653,0.12887323008123308,0.11745717376470566,0.03787145429549704,-0.011959999999999998
2014-04-29,0.10411469791849987,0.1288456416414836,0.11870939284563065,0.03203021598277295,-0.005358000000000002
2014-04-30,0.1055403430949682,0.12866972948627672,0.11772632598876953,0.024421873442339037,-0.006429999999999991
2014-05-01,0.1059094018171338,0.12885927292794125,0.12091556936502457,0.0323342700368926,-0.008413000000000004
2014-05-02,0.1100281888739936,0.12890193081358048,0.12033896148204803,0.04129719723652814,-0.020457000000000003
2014-05-05,0.1110979945130048,0.12900683381461076,0.12029203027486801,0.042539683566486255,-0.0184
2014-05-06,0.11219880116651236,0.1296782381510247,0.12016770988702774,0.05439382744323554,-0.02323
2014-05-07,0.11415089472832857,0.12939023731619803,0.12162727117538452,0.045079853761904695,-0.010857999999999979
2014-05-08,0.11396510887776033,0.1294693737228913,0.12044817954301834,0.048053850299761225,-0.017928
2014-05-09,0.11473785841640194,0.12985443530514332,0.12121812999248505,0.04542089793388927,-0.012429999999999997
2014-05-12,0.11492267854368292,0.12916563131373332,0.12149197608232498,0.049572663065652084,-0.015142000000000017
2014-05-13,0.11492041139956459,0.12933191800840932,0.12140583246946335,0.04926637835249657,-0.013590999999999992
2014-05-14,0.11464367510853324,0.12965334565417116,0.12147022038698196,0.05414850577719266,-0.015875
2014-05-15,0.11248573637378448,0.12944285596009977,0.12952186167240143,0.06220858625946275,-0.017652
2014-05-16,0.1134298417694541,0.12946389347898016,0.12191306054592133,0.055616884945880546,-0.01205299999999998
2014-05-19,0.11314328324856619,0.12963899893369374,0.12122144550085068,0.06651216554393058,-0.016599000000000003
2014-05-20,0.11133759268633665,0.1296720321648965,0.12095806002616882,0.05733801193040668,-0.004816000000000015
2014-05-21,0.11230311744786164,0.1294462249686431,0.12161893397569656,0.017819980134365115,0.017437000000000008
2014-05-22,0.11180753880351564,0.1294842997097478,0.12953443825244904,0.022114221102530904,0.00845499999999999
2014-05-23,0.11205248928829863,0.12992596196860942,0.12929269671440125,0.022301875839306942,0.01102199999999999
2014-05-27,0.11257058297200628,0.129869421864154,0.12128026783466339,0.029872010089531012,0.011699000000000015
2014-05-28,0.11276477065807755,0.12994697140239148,0.1295747309923172,0.034693032263826765,0.01180500000000001
2014-05-29,0.11269486862542616,0.12997838101546375,0.12945623695850372,0.03331769295142843,0.012986999999999985
2014-05-30,0.1126788440640252,0.1300225338506752,0.12130580842494965,0.03469013368581697,0.012270000000000003
2014-06-02,0.11254985521639217,0.12984716330755947,0.12100828438997269,0.03477476193765315,0.01345099999999999
2014-06-03,0.11319873302035854,0.12968983943138507,0.12098273634910583,0.03210139598416345,0.015123999999999999
2014-06-04,0.11346479660521505,0.12995705427829257,0.12055948376655579,0.02737849119290066,0.022110000000000005
2014-06-05,0.11335807815945234,0.1295492401380933,0.12079868465662003,0.03068711131103047,0.019067999999999988
2014-06-06,0.11276769993199935,0.12870687968862185,0.12093251943588257,0.020380114925845363,0.016123000000000012
2014-06-09,0.11140220610930918,0.1281000357489678,0.12092521786689758,0.026558150628325658,0.01156299999999999
2014-06-10,0.11151618738547982,0.12816301529752783,0.12047373503446579,0.030433663190679736,0.011505999999999988
2014-06-11,0.111110660866414,0.12856220667369306,0.11865077167749405,0.04170008345708727,0.008299
2014-06-12,0.11117681899320819,0.12880127716202253,0.11734233796596527,0.04209300592759649,0.013438000000000005
2014-06-13,0.11125982931355156,0.12875206163674582,0.1177215576171875,0.03990656041861579,0.016183000000000003
2014-06-16,0.11127322967077499,0.1295315886089424,0.11782193928956985,0.06520050996461836,0.011041999999999996
2014-06-17,0.11136231067420845,0.12936012728778432,0.11771851778030396,0.06756800174678912,0.014622000000000024
2014-06-18,0.11172992828763088,0.1292638122605123,0.11786868423223495,0.06578724222926782,0.01671900000000001
2014-06-19,0.11184118012462821,0.129454392701036,0.12036742269992828,0.06398693443949283,0.02152699999999999
2014-06-20,0.1117636046711006,0.12912881898626896,0.12107988446950912,0.06251965709062653,0.01636500000000002
2014-06-23,0.11107372202098513,0.12936769113128277,0.12089069187641144,0.06638885844940151,0.01582900000000001
2014-06-24,0.10972891978030073,0.1289642270180129,0.12044134736061096,0.06203450945813775,0.018954
2014-06-25,0.11070236705023999,0.1292348188237621,0.12139695137739182,0.057588073942906604,0.018535999999999997
2014-06-26,0.11063686392914215,0.12925761115045567,0.12155099213123322,0.05837699635843348,0.018608000000000013
2014-06-27,0.11129195773730545,0.1290233700198083,0.12108118832111359,0.05587171010740949,0.021806999999999993
2014-06-30,0.11149694738356851,0.1292367670514419,0.12103032320737839,0.06061970588101426,0.016564999999999996
2014-07-01,0.1120870338878606,0.12900386864771568,0.12130764126777649,0.05705688420305108,0.017370999999999998
2014-07-02,0.11286639270441189,0.1286849112052787,0.12073330581188202,0.055386687771876345,0.017402
2014-07-03,0.11349465413256672,0.12841688768096582,0.12090460956096649,0.04791479764094361,0.019424000000000025
2014-07-07,0.1141533368575782,0.1285705557924541,0.12158261239528656,0.055390292804402455,0.01835199999999998
2014-07-08,0.11637324049947632,0.12175778121097855,0.11093346774578094,0.06443986429257162,0.014646999999999993
2014-07-09,0.11732258716520969,0.12204249684701375,0.11199887841939926,0.06660757168552771,0.020590000000000025
2014-07-10,0.12069685672592471,0.12178778499939144,0.1107502430677414,0.07549332430059302,0.019264000000000003
2014-07-11,0.12205275998366798,0.12173253422210596,0.11313644051551819,0.07229031723882527,0.018405999999999978
2014-07-14,0.12445939817474724,0.121682211594306,0.11262588948011398,0.06731641387953485,0.014649999999999996
2014-07-15,0.1255751437864826,0.12182336678569367,0.11269551515579224,0.0715841527515263,0.013245000000000007
2014-07-16,0.12857076549251661,0.121452349717823,0.1133631020784378,0.054707494256639316,0.022043000000000007
2014-07-17,0.13269850234056085,0.12175820303695634,0.11028628796339035,0.07281299869883004,0.014152999999999999
2014-07-18,0.13367869681573652,0.12263808276362163,0.11158252507448196,0.030825194284353388,0.018515000000000004
2014-07-21,0.1339296837487505,0.12526862526972632,0.11497946083545685,0.01826939223438888,0.01600199999999999
2014-07-22,0.13514258797063664,0.12542928367799994,0.11620554327964783,0.011941591852054442,0.020285999999999985
2014-07-23,0.1365545446321507,0.12481621885527332,0.11306394636631012,0.023277470479993678,0.009303000000000006
2014-07-24,0.13724738946298667,0.12494229888288212,0.11512676626443863,0.016053376874529596,0.017069000000000015
2014-07-25,0.1377179287926073,0.12440127257171725,0.11370529979467392,0.016368728302285473,0.021558999999999995
2014-07-28,0.13713612671662884,0.12469576675336055,0.11401371657848358,0.023662202259048443,0.021151000000000003
2014-07-29,0.13742452727485677,0.12580361435668058,0.11593704670667648,0.027624439427325523,0.007292999999999994
2014-07-30,0.13612180315699252,0.12525881044629705,0.11578936874866486,0.026369516829470044,0.013012999999999997
2014-07-31,0.13795676943088253,0.14211704866016683,0.13738134503364563,0.044322864600641235,0.013479000000000019
2014-08-01,0.13557448350179024,0.1415973083152632,0.1342366635799408,0.0241779020793485,0.030282000000000003
2014-08-04,0.13514984965814303,0.1415059183370855,0.13431903719902039,0.02303470115152212,0.030495999999999995
2014-08-05,0.13492397125100358,0.14209786537006308,0.13347314298152924,0.030038011044893426,0.02207300000000001
2014-08-06,0.1336038723930542,0.14117994741335685,0.13369959592819214,0.023122102820934465,0.02207400000000001
2014-08-07,0.13335275121910234,0.14134619040523452,0.13158561289310455,0.024044908461731906,0.021430000000000005
2014-08-08,0.1332214807099858,0.1411535950053391,0.1316835582256317,0.009887430492295401,0.029498999999999997
2014-08-11,0.1331832425337676,0.1405727063616878,0.1312282830476761,0.004953239915181512,0.02491199999999999
2014-08-12,0.13307229802251255,0.1410629754262927,0.13125325739383698,0.008398974628874845,0.023137999999999992
2014-08-13,0.13329505765875388,0.14067726197359365,0.13080191612243652,-0.005986527935860908,0.027232000000000006
2014-08-14,0.1334147843019565,0.1404933157014528,0.13093942403793335,-0.010253132758405281,0.026635999999999993
2014-08-15,0.13282681782423664,0.14129174079944753,0.13118872046470642,-0.003073113222578111,0.02019800000000002
2014-08-18,0.13280553786885907,0.1383658519388837,0.1270996332168579,-0.01805383212513094,0.026266999999999985
2014-08-19,0.13330035835204324,0.12987014325262497,0.12213838845491409,-0.008466299309799932,0.020105000000000012
2014-08-20,0.13287327734200197,0.12320601332792085,0.11742176860570908,-0.014991155610348764,0.023456000000000005
2014-08-21,0.13314201383435237,0.12325369626820508,0.11733708530664444,-0.017456355573473428,0.024431999999999995
2014-08-22,0.13319243032003797,0.12309097859340581,0.11754795163869858,-0.01178816482909592,0.019450999999999996
2014-08-25,0.1329280037184108,0.12247204752731781,0.11570262908935547,-0.002839242445065296,0.013265999999999986
2014-08-26,0.13331223917660442,0.12356317648556872,0.11420892179012299,-0.0037310511825546927,0.013011999999999982
2014-08-27,0.13320370249011976,0.12433316812159015,0.11645396053791046,-0.008008641694039864,0.020798999999999998
2014-08-28,0.13339169277621996,0.12679715132168343,0.11967217177152634,-0.0015233832503766948,0.018385
2014-08-29,0.13445465477795138,0.12395047618734696,0.11753710359334946,-0.00459061117333906,0.02383600000000001
2014-09-02,0.13509526753779294,0.12429404024936756,0.11802146583795547,0.01333151541792034,0.021613000000000007
2014-09-03,0.13505595234673176,0.1268425069813724,0.11846709251403809,0.014393907104396614,0.02590299999999998
2014-09-04,0.135579107242782,0.1302329954787105,0.12197468429803848,0.016719120637484944,0.02208800000000001
2014-09-05,0.13609244415477112,0.13872836318247594,0.13072609901428223,0.029474130270715992,0.018875000000000003
2014-09-08,0.13603197394847671,0.13884082458822053,0.1309024542570114,0.03395610639381394,0.017108000000000012
2014-09-09,0.13775432308877014,0.13875814821829974,0.1306210160255432,0.03677969178345869,0.017375
2014-09-10,0.13925835256756866,0.13923982207214702,0.13169217109680176,0.036500152072491895,0.020681000000000005
2014-09-11,0.1400992726120417,0.13928985208557626,0.13124333322048187,0.03476847424099043,0.024613999999999997
2014-09-12,0.14138330936907736,0.13967484357836124,0.12986896932125092,0.04604313302773751,0.023105999999999988
2014-09-15,0.14210843119233066,0.13860369077021392,0.12792889773845673,0.05782225667180729,0.021554000000000018
2014-09-16,0.14398793475749116,0.13798411820298867,0.12767651677131653,0.05571427001220608,0.023012000000000005
2014-09-17,0.14983586201947183,0.13810681027160893,0.1277908831834793,0.05417433221680695,0.023593000000000003
2014-09-18,0.15413115700238542,0.13866418913667772,0.13251136243343353,0.05279995629986335,0.014978999999999992
2014-09-19,0.15624025603491748,0.13852059732232974,0.13179005682468414,0.04830223388962916,0.022005000000000025
2014-09-22,0.1587290301583774,0.13826807912558878,0.1338936686515808,0.05417682525157616,0.024844999999999978
2014-09-23,0.15891355320610853,0.13849370792951446,0.13272513449192047,0.06390432106701409,0.01632
2014-09-24,0.1592436763769447,0.13835807287750554,0.13165496289730072,0.058368375844510864,0.024334999999999996
2014-09-25,0.1594177295305775,0.1388924630552163,0.13116472959518433,0.08123292263982734,0.016858999999999985
2014-09-26,0.15895051801565982,0.13876147774411543,0.13217177987098694,0.06757677253983861,0.024673
2014-09-29,0.15877985519586946,0.13912924667906823,0.13274070620536804,0.07412801892464975,0.02613700000000002
2014-09-30,0.15870556388893942,0.13973557523764177,0.13461199402809143,0.07776795534561345,0.025159999999999988
2014-10-01,0.1581992780313211,0.14026982580702352,0.13427786529064178,0.0817177634674011,0.02455400000000002
2014-10-02,0.16051557856771068,0.14057743496214223,0.13591492176055908,0.08230400418507532,0.023868
2014-10-03,0.16096597231335447,0.14020001935207313,0.13416574895381927,0.06097333656382814,0.03669900000000001
2014-10-06,0.1620912736444047,0.14770909395746343,0.1400468349456787,0.060997683167214614,0.032248
2014-10-07,0.16286601915203244,0.14816321169896507,0.14000022411346436,0.08096224110321364,0.014685000000000004
2014-10-08,0.1607295780334435,0.14720052195425562,0.13631288707256317,0.052725032921260656,0.03557100000000002
2014-10-09,0.16054635074827572,0.1461070761138974,0.1364724189043045,0.07366896931055336,0.021531999999999996
2014-10-10,0.15961885540806098,0.1467573289352939,0.1370006799697876,0.09091847927537586,0.029462000000000016
2014-10-13,0.16230665184492327,0.15193005564305945,0.13679654896259308,0.0980085787785051,0.04089200000000001
2014-10-14,0.16066250630639983,0.1518849601417367,0.13625243306159973,0.07816850211927118,0.035628999999999966
2014-10-15,0.15785710920520538,0.14778857844618803,0.13575026392936707,0.08103194963462862,0.05959600000000001
2014-10-16,0.15554635247849638,0.14699994465088828,0.13496103882789612,0.061737781390708873,0.054740999999999984
2014-10-17,0.15384855785785326,0.14615951113004683,0.13364197313785553,0.02017801099251762,0.035632
2014-10-20,0.1533755191393191,0.14646439821765445,0.13263913989067078,-0.007099578920579802,0.04314100000000001
2014-10-21,0.15378662683558886,0.1455549014048329,0.1303725391626358,-0.029166308467763163,0.03604300000000002
2014-10-22,0.15661988225568013,0.14625138284177616,0.1300804316997528,-0.013700895239621785,0.03284400000000001
2014-10-23,0.15688534897703388,0.14552263565115575,0.1299763023853302,-0.02307693001070979,0.032032000000000005
2014-10-24,0.15735043993471465,0.14532832264120388,0.12910279631614685,-0.027714254972380975,0.03517000000000001
2014-10-27,0.15819636814586968,0.14520258277561737,0.1288531869649887,-0.02415597784239179,0.03679399999999999
2014-10-28,0.15932533148499778,0.14486464859207793,0.12893275916576385,-0.04301007656740019,0.038377999999999995
2014-10-29,0.15810992982402577,0.14475665097895668,0.12885484099388123,-0.03174378526194718,0.03470199999999998
2014-10-30,0.1577716664386696,0.14475787053998088,0.1313687562942505,-0.037153979286973116,0.03458999999999998
2014-10-31,0.15763982062538465,0.14456257336015216,0.13136810064315796,-0.04522610927922491,0.028954000000000008
2014-11-03,0.15752260272365617,0.1447708157658551,0.1310918629169464,-0.0410143358167947,0.028560999999999975
2014-11-04,0.15734000954611047,0.1449929211102862,0.13114024698734283,-0.03465645653520094,0.031333
2014-11-05,0.15770037223206296,0.14428398883973714,0.1319998949766159,-0.039135881710661985,0.03396200000000002
2014-11-06,0.1574827433271099,0.1438103308760802,0.13198955357074738,-0.034615828131284,0.028144000000000002
2014-11-07,0.15740074985245028,0.14374398156028326,0.13292038440704346,-0.03900684421824291,0.029984999999999984
2014-11-10,0.15769624432936089,0.14333476440837606,0.1331821233034134,-0.03206017526413091,0.03409999999999999
2014-11-11,0.15789081153845064,0.1434109112741541,0.13324806094169617,-0.03255062907687997,0.029754000000000003
2014-11-12,0.1577065764257031,0.14313560553453542,0.13379333913326263,-0.017766123731606964,0.020646999999999985
2014-11-13,0.1573981926243758,0.1429926171228874,0.1338779777288437,-0.013195532614285216,0.026987999999999998
2014-11-14,0.15743445376571302,0.14293101368179198,0.13399633765220642,-0.007654950339274907,0.029564999999999994
2014-11-17,0.15764123802779287,0.14294109782796224,0.13606701791286469,0.009734596672087176,0.02420599999999999
2014-11-18,0.15805122277634825,0.14273554619747467,0.13759297132492065,0.016643788079885147,0.021516000000000007
2014-11-19,0.15800039744752334,0.14283874345191871,0.1386481523513794,0.011251288730094663,0.02679200000000001
2014-11-20,0.15831812004380005,0.14241720432549748,0.13893462717533112,0.01755206962054509,0.019574999999999995
2014-11-21,0.1599726727382268,0.14259464055284227,0.13721372187137604,0.008970518242171141,0.024555999999999994
2014-11-24,0.15965272311188847,0.1423769131401743,0.13822485506534576,0.004580613952603049,0.026316999999999993
2014-11-25,0.16179588748592297,0.1429073559018376,0.13800175487995148,0.00840041282753333,0.019503999999999994
2014-11-26,0.1617830921886239,0.14309635856612896,0.137742817401886,0.004129202573340929,0.018913
2014-11-28,0.1611609083232055,0.14467031034814423,0.14051857590675354,0.020527252370996313,0.023330000000000017
2014-12-01,0.16078919149995233,0.14525427154929385,0.13920439779758453,0.04347404747214324,0.02423900000000001
2014-12-02,0.16078076216106027,0.14530665458296665,0.1393248736858368,0.03566108061910715,0.021690999999999988
2014-12-03,0.16112728403099078,0.14469679319995576,0.1393568068742752,0.038856080987539024,0.022416999999999992
2014-12-04,0.16045965424901484,0.14502839150796076,0.13880567252635956,0.042336245321807256,0.027572000000000013
2014-12-05,0.16144805961064854,0.1455849817372775,0.14078478515148163,0.032484662822928764,0.023679000000000006
2014-12-08,0.16072799033570703,0.14565550637459526,0.13776685297489166,0.049665507525391506,0.02371799999999999
2014-12-09,0.15957333806125748,0.1461518774044796,0.13726124167442322,0.04810877417241127,0.03136800000000001
2014-12-10,0.16086259006511366,0.14640609815962932,0.13466663658618927,0.06825795598249472,0.035111
2014-12-11,0.1610400236615636,0.13832573091190412,0.1335676908493042,0.06317819568711147,0.03290700000000002
2014-12-12,0.16096462282547844,0.13997176852313808,0.13119663298130035,0.09288258479706824,0.022664000000000017
2014-12-15,0.16222023896579058,0.1402123892479158,0.13008739054203033,0.09358853608415746,0.03864100000000001
2014-12-16,0.15713435838407022,0.14109419763493117,0.12913528084754944,0.08248207994262904,0.026519999999999988
2014-12-17,0.15293146529031953,0.14101515676540297,0.1294369399547577,0.05136255282080501,0.04558200000000001
2014-12-18,0.1514366023909337,0.14093538407075495,0.13007089495658875,0.020745001433087135,0.046223000000000014
2014-12-19,0.1487141296027639,0.14013382014276127,0.12990576028823853,0.009292394746648974,0.044685
2014-12-22,0.149302757795455,0.13970824225396322,0.1296480894088745,-0.0014833913679066502,0.042488
2014-12-23,0.1486532099091393,0.13904197414835578,0.12945164740085602,-0.006404654152583289,0.038768
2014-12-24,0.14852689491728313,0.13890037062737115,0.12859952449798584,-0.005175787436024065,0.03500699999999998
2014-12-26,0.14869990709838546,0.13857025596461892,0.12928666174411774,-0.0021088987690281724,0.036775
2014-12-29,0.14859971393483287,0.13828202635189715,0.1288972795009613,0.008341608845319703,0.036178000000000016
2014-12-30,0.1490286431965035,0.13782712204340558,0.12686719000339508,0.007889993771002385,0.039137000000000005
2014-12-31,0.1493958532523131,0.13718789534821416,0.12720756232738495,0.020409881348882802,0.033112
2015-01-02,0.1497919762141727,0.1371280356257032,0.12662389874458313,0.014758847867874347,0.04360900000000001
2015-01-05,0.14923028092818452,0.13869071737645744,0.12784020602703094,0.03148560822113308,0.038978999999999986
2015-01-06,0.14653252244321832,0.15488039577753215,0.14917206764221191,0.03906849266253509,0.04641899999999999
2015-01-07,0.15020992170773695,0.15438130702103572,0.14902643859386444,0.023813176275460618,0.04638499999999998
2015-01-08,0.1607508335275821,0.15372936408290608,0.14849430322647095,0.016392355046640827,0.047261000000000025
2015-01-09,0.1618178931457826,0.15416027513814132,0.14869804680347443,0.025113389524804186,0.041078
2015-01-12,0.16173437119433565,0.15459095956381105,0.14895957708358765,0.027865945821622162,0.04341600000000001
2015-01-13,0.15885512454931888,0.15476100067638468,0.14786295592784882,0.017867693732027068,0.04846900000000001
2015-01-14,0.15767064721214108,0.1552338447990697,0.14820945262908936,0.028812564617083924,0.051735999999999976
2015-01-15,0.1614470628625739,0.1596257296132907,0.14849574863910675,0.04649189340259319,0.03785600000000003
2015-01-16,0.1620163269568853,0.15961490675514808,0.1482362002134323,0.03843071603456219,0.04084300000000002
2015-01-20,0.16201329604258166,0.15514777529143797,0.14847804605960846,0.035142212394374706,0.048228999999999994
2015-01-21,0.16212253814272362,0.15500782692482803,0.147309347987175,0.042027032553157984,0.041429999999999995
2015-01-22,0.16150687208730122,0.15465045271384895,0.1473245471715927,0.032097979007438715,0.036146999999999985
2015-01-23,0.15832255388807917,0.15400846659408418,0.1476508229970932,-0.01878923476230801,0.030583
2015-01-26,0.15751854500209406,0.15350691366314126,0.1457960307598114,-0.013928866044673222,0.024257
2015-01-27,0.15896622910015126,0.15389697983744088,0.1467229127883911,-0.010969090457346092,0.03611800000000001
2015-01-28,0.15820349667608474,0.154653625325501,0.14769083261489868,0.005933200883634165,0.03184899999999999
2015-01-29,0.15799055548776114,0.15439529002148597,0.1486213505268097,-0.0014376265234183894,0.04200499999999999
2015-01-30,0.15767909719573756,0.15499382715414708,0.14747785031795502,0.007936714330879696,0.042451000000000016
2015-02-02,0.1579680627891857,0.1542693740946863,0.14820024371147156,-0.001050094560954895,0.04529
2015-02-03,0.15898706910598256,0.15211060832550544,0.1426745504140854,-0.015888056406641593,0.046258999999999995
2015-02-04,0.16076540680467527,0.15291932156090543,0.1445705145597458,-0.01481415156806351,0.04202700000000001
2015-02-05,0.16190300486476095,0.1517356889697072,0.13570472598075867,-0.01898070178511188,0.04169400000000001
2015-02-06,0.16163068588466778,0.15176173401854998,0.1358404904603958,-0.018689783257023057,0.034581
2015-02-09,0.16186333196046876,0.15149881603886195,0.13443809747695923,-0.008730898187494812,0.037127999999999994
2015-02-10,0.16196330283344407,0.15147909704966814,0.1347077637910843,-0.007403460599193806,0.03243500000000002
2015-02-11,0.16212980242798852,0.1513116730959167,0.13466529548168182,-0.010840541667187259,0.035246
2015-02-12,0.16199381443131208,0.15115853119290545,0.13488204777240753,-0.009284949637369422,0.030802999999999997
2015-02-13,0.16188857442076407,0.15079057779932656,0.13477127254009247,-0.0017565598747271982,0.02918800000000002
2015-02-17,0.16159260562596145,0.15074031278953087,0.13352395594120026,-0.008472806558614654,0.033077999999999996
2015-02-18,0.16164188327817738,0.1506592955645563,0.133959099650383,-0.006197286431509158,0.030340000000000006
2015-02-19,0.16246143510766983,0.15088381842811643,0.13313215970993042,-0.0009673490599589052,0.032374000000000014
2015-02-20,0.16204450105284943,0.1509912435203311,0.13389313220977783,-0.005314213210787511,0.034328
2015-02-23,0.161867109456974,0.15104210569032264,0.13437923789024353,0.0009444642960997063,0.028998999999999997
2015-02-24,0.16148558468753516,0.15078798488393189,0.13637597858905792,0.009210726145558804,0.029428999999999997
2015-02-25,0.15961281979163988,0.14985041218948078,0.13485808670520782,0.015545082306729824,0.028924000000000005
2015-02-26,0.1600537721500287,0.14986087987121852,0.13481341302394867,0.017573338407094366,0.027314000000000005
2015-02-27,0.15782515043922726,0.14813069711741494,0.1332361251115799,0.018337900999962797,0.012407000000000001
2015-03-02,0.158145436469378,0.14830616039078742,0.13504642248153687,0.019486099185209382,0.02296100000000001
2015-03-03,0.15810053444794478,0.14960704933201294,0.13525038957595825,0.020168867129023993,0.022876000000000007
2015-03-04,0.15757713039990795,0.14919194807595126,0.13536174595355988,0.02679478364952617,0.027989999999999987
2015-03-05,0.15856809184099416,0.15105584202100159,0.14352867007255554,0.02468872512124906,0.03053699999999998
2015-03-06,0.1576413123972867,0.15054460535588665,0.13785749673843384,0.029296592813839187,0.028751
2015-03-09,0.15747161399174553,0.15165204077795635,0.141862690448761,0.03377006217985104,0.020067
2015-03-10,0.15687861983485352,0.1523908509909606,0.14462344348430634,0.058003146667362865,0.01843699999999998
2015-03-11,0.156303889438077,0.15236039637640766,0.1454036384820938,0.05612595048705335,0.023834999999999995
2015-03-12,0.1564975349940682,0.1521706747564969,0.14592526853084564,0.044518046036405565,0.027666999999999997
2015-03-13,0.15418212050164704,0.15259605933672626,0.14343973994255066,0.0475727381442301,0.031037999999999982
2015-03-16,0.1529645521342442,0.15225959724448856,0.14449070394039154,0.03750962820289941,0.031018000000000018
2015-03-17,0.15253605467664955,0.1525007494090043,0.1447349488735199,0.0467239861246114,0.026976
2015-03-18,0.1492671335526587,0.15224218811104018,0.1445457488298416,0.02260200243001856,0.03153800000000001
2015-03-19,0.1487928408471315,0.15214661639292235,0.1439955085515976,0.019340969331468033,0.032214999999999994
2015-03-20,0.14862631005452054,0.1524456869582306,0.14541120827198029,0.012942513771867725,0.020931000000000005
2015-03-23,0.14805762501019207,0.15250255589852602,0.14530639350414276,0.0206678068705127,0.017655000000000004
2015-03-24,0.14797072145608303,0.15282513112555238,0.14608906209468842,0.021483624457392353,0.01846399999999998
2015-03-25,0.14738537364831394,0.15327511779208502,0.14501109719276428,0.03314049324308227,0.025370999999999977
2015-03-26,0.14728607826363319,0.15257437943071775,0.14503619074821472,0.042087231705261574,0.028300999999999993
2015-03-27,0.1472625216453265,0.15343644963292852,0.14688606560230255,0.03246203172767548,0.03374300000000002
2015-03-30,0.14819499046394632,0.15302809369212403,0.1467326432466507,0.036141485066226414,0.027752
2015-03-31,0.14928402815119712,0.15358194683733048,0.14730916917324066,0.04277724838152405,0.023607000000000017
2015-04-01,0.1495703402483817,0.15354225043559871,0.14634253084659576,0.04721649854427373,0.02546799999999999
2015-04-02,0.14918582296307997,0.15344058334007893,0.147184818983078,0.04140817586297818,0.023688999999999988
2015-04-06,0.14723042303869058,0.15218346473519095,0.14062997698783875,0.0244227972234701,0.022772999999999988
2015-04-07,0.15027526223418694,0.15177696880282845,0.13385482132434845,0.025665659985354472,0.025953999999999977
2015-04-08,0.15058783443571463,0.1521288175464484,0.14596474170684814,0.021219732828642618,0.027710000000000012
2015-04-09,0.14644925082297858,0.15184829609864797,0.14425477385520935,0.02457396109485646,0.021900000000000003
2015-04-10,0.13563291726165555,0.14723969511900056,0.1344076544046402,0.035238675073803044,0.010150999999999993
2015-04-13,0.13333152184040997,0.1475330674522368,0.13268159329891205,0.006219599183235641,-0.0006000000000000172
2015-04-14,0.1324669666622043,0.14745896342004922,0.13452333211898804,-0.0007782898591555121,0.005670000000000008
2015-04-15,0.1312972508713483,0.14712969222835354,0.13430610299110413,0.000919101900266811,-0.0066920000000000035
2015-04-16,0.1306500839916202,0.14718162337719923,0.13499584794044495,0.004730812779934118,-0.016159000000000007
2015-04-17,0.12540795341834043,0.13696080614692369,0.1292121410369873,-0.017873800619383762,-0.003235999999999989
2015-04-20,0.12459780276486979,0.147199046623259,0.13551151752471924,-0.019626164952860042,-0.01719599999999999
2015-04-21,0.12427274104517025,0.14734434566303292,0.13582053780555725,-0.017986733467777072,-0.010975000000000013
2015-04-22,0.1238444379035101,0.14733494740063086,0.13546501100063324,-0.025059499784304495,-0.01668800000000001
2015-04-23,0.12337731765203462,0.13434744865010004,0.12920433282852173,-0.029679895365069958,-0.020404000000000005
2015-04-24,0.12494369274404431,0.1347409283227665,0.1292094737291336,-0.03251362125454477,-0.01677099999999998
2015-04-27,0.12558348880607909,0.1343939192793035,0.1293550729751587,-0.025784120205240624,-0.024175000000000002
2015-04-28,0.12382210382600682,0.13444145418732228,0.1273779720067978,-0.03560238325835188,-0.017895999999999995
2015-04-29,0.122998104108523,0.134571931511809,0.12961971759796143,-0.030000768558961083,-0.022785
2015-04-30,0.12192451147998669,0.13534954765312723,0.13026006519794464,-0.0214779366913197,-0.023252999999999996
2015-05-01,0.12167817510652543,0.13524472626269307,0.13046132028102875,-0.027576943409792803,-0.019658999999999982
2015-05-04,0.12312245792264982,0.13550692225690555,0.13052479922771454,-0.015705079738845884,-0.031967999999999996
2015-05-05,0.1218087115844441,0.13528878724272878,0.12702108919620514,-0.00822128656180357,-0.02427700000000002
2015-05-06,0.1194923619929876,0.1350159032111862,0.12848515808582306,-0.007119807818987828,-0.018293000000000004
2015-05-07,0.11809785054082786,0.1367812220341012,0.12860238552093506,-0.009271717347988429,-0.026318000000000008
2015-05-08,0.11968729439078252,0.13673613117142594,0.12879352271556854,-0.013414736467761285,-0.025879999999999986
2015-05-11,0.11930359624701736,0.1367493053404435,0.12787099182605743,0.015249546059396657,-0.02168399999999998
2015-05-12,0.1192797474010453,0.1366921637995041,0.12601913511753082,0.024692688048781053,-0.022653000000000006
2015-05-13,0.12099990686324387,0.1352529773465804,0.12630900740623474,0.024325074358769988,-0.021176
2015-05-14,0.12124189406576714,0.13745093603735783,0.1264990270137787,0.018050608129652063,-0.014235999999999999
2015-05-15,0.12202498180484275,0.14444364965998507,0.13144943118095398,0.032300394618970885,-0.02778
2015-05-18,0.12345969947279015,0.13804136735955377,0.12962420284748077,0.03279468602335103,-0.012558000000000014
2015-05-19,0.12393710937643079,0.14410445244063122,0.13180643320083618,0.03947237271115986,-0.010076000000000002
2015-05-20,0.12376645945131506,0.1380803225312127,0.13085322082042694,0.01646137265076897,0.007657999999999998
2015-05-21,0.12482045933088126,0.14314716026676783,0.12995706498622894,0.012877035367914597,0.012167000000000011
2015-05-22,0.1277810023322818,0.1382844862463304,0.1325908601284027,0.014551594128384887,0.012851000000000001
2015-05-26,0.3450367688034291,0.14731753426945404,0.14058560132980347,0.029552555504734207,0.00912099999999999
2015-05-27,0.3475210618101865,0.14729191423098212,0.1405201256275177,0.018848732108739608,0.013307999999999987
2015-05-28,0.3503319705194216,0.14725285472723237,0.14063231647014618,0.0281568797012805,0.010402999999999996
2015-05-29,0.3509294692892594,0.14807367218069972,0.14202268421649933,0.03579348613317174,0.014003999999999989
2015-06-01,0.35114254470617107,0.14747062719043869,0.14161886274814606,0.037983151230181464,0.017083999999999988
2015-06-02,0.351550460382657,0.14763746589825605,0.1415397673845291,0.03811896108171367,0.015981999999999996
2015-06-03,0.35321274711069556,0.14724950427583144,0.14172446727752686,0.0373858547987726,0.010020000000000001
2015-06-04,0.3546880761857533,0.14859240854114894,0.1435028612613678,0.04534959702010359,0.01713200000000001
2015-06-05,0.3557342172171995,0.1386040654869284,0.13748851418495178,0.0503937371931944,0.01532
2015-06-08,0.3560773393440978,0.14369063815192726,0.1378137171268463,0.06308229681293527,0.00836099999999998
2015-06-09,0.3573604474576645,0.1374291002751502,0.13595201075077057,0.06472317552227129,0.01084099999999999
2015-06-10,0.35809406427159274,0.13713208973172966,0.1349828839302063,0.045631685778428466,0.019821000000000005
2015-06-11,0.35835764463340897,0.1431755375268704,0.13550211489200592,0.05179562267351458,0.01756000000000002
2015-06-12,0.3590268211308663,0.13816966677321388,0.1353767067193985,0.06598752320362608,0.015523000000000009
2015-06-15,0.3593917714126949,0.13932173393909542,0.13556985557079315,0.08879280124047377,0.014707999999999999
2015-06-16,0.3611206392109986,0.13724054756352608,0.13295137882232666,0.08119443071501205,0.01878000000000002
2015-06-17,0.36186492176750235,0.1366103935567852,0.1318797618150711,0.07693527933773006,0.018012
2015-06-18,0.36333675234003476,0.13637487613697855,0.13219812512397766,0.057896259677082854,0.018694000000000016
2015-06-19,0.36385615490291473,0.1439348390973878,0.1341722309589386,0.0661153410652152,0.016758999999999996
2015-06-22,0.36416868667513663,0.13909671519417874,0.13324937224388123,0.05294699633294714,0.017411999999999983
2015-06-23,0.3650282073404636,0.1360916431433674,0.13290400803089142,0.04978570883547649,0.02118600000000001
2015-06-24,0.365317360152874,0.1381058261567416,0.1333121806383133,0.06170329796527339,0.017091999999999996
2015-06-25,0.36785717002539475,0.1441721555234926,0.1335945427417755,0.06706892126938876,0.018519000000000008
2015-06-26,0.3678040306372495,0.13762614767137737,0.1326686292886734,0.06820971624557963,0.025130999999999987
2015-06-29,0.3675969895722601,0.15005255089561811,0.1404685527086258,0.09272458607170425,0.025846000000000008
2015-06-30,0.36740278842166707,0.14957531834172008,0.13691315054893494,0.09579339675003733,0.014951999999999993
2015-07-01,0.3673027596511395,0.14827625599582056,0.14020954072475433,0.07871305718804997,0.028341000000000005
2015-07-02,0.3682864255124803,0.14514014874839076,0.13464920222759247,0.07597051706789212,0.02266399999999999
2015-07-06,0.36835523036169693,0.15023274296740402,0.14081022143363953,0.08137254505315013,0.029431000000000013
2015-07-07,0.36991538110089933,0.1481294311038334,0.14040090143680573,0.07288309546238775,0.020789000000000002
2015-07-08,0.3700087188347391,0.1936188770053791,0.13915623724460602,0.0905010042956064,0.020106999999999986
2015-07-09,0.37000110394296687,0.17334987402838217,0.14454583823680878,0.08671567721887047,0.016938999999999982
2015-07-10,0.37105499004241044,0.16538265592772336,0.14488093554973602,0.06477443125866963,0.022300999999999987
2015-07-13,0.37097038216775147,0.1642823492100305,0.14640569686889648,0.04280975564413425,0.027232000000000006
2015-07-14,0.3709023418991045,0.16313770182527976,0.14609846472740173,0.03733931786344699,0.021618
2015-07-15,0.37138859917079253,0.16501345576862694,0.14571373164653778,0.03698966021559599,0.020550000000000013
2015-07-16,0.37165323867728434,0.1623489163647819,0.1456843465566635,0.02923322836517156,0.022788999999999976
2015-07-17,0.372155771730452,0.16402281938846427,0.14563098549842834,0.005783900912533085,0.02502299999999999
2015-07-20,0.3747599633800233,0.16222550287762752,0.1458253264427185,0.004485516754723778,0.023196999999999995
2015-07-21,0.3763508899785279,0.16233977804294739,0.14555104076862335,0.008166987125450414,0.024234000000000006
2015-07-22,0.376249295673243,0.1627203651340212,0.1453772485256195,0.008288470891391897,0.021449999999999997
2015-07-23,0.3765995895572408,0.1629209294849808,0.14503537118434906,0.013370588904424857,0.024426000000000003
2015-07-24,0.3770651302108615,0.16302353115725854,0.14428861439228058,0.025222421181653965,0.027084999999999998
2015-07-27,0.37716199646858795,0.1612798376036614,0.14512476325035095,0.02095170458680015,0.025803999999999994
2015-07-28,0.3770223633142846,0.16210149182573344,0.14485988020896912,0.015012435255704115,0.024318000000000006
2015-07-29,0.3774123552609467,0.16220780147608782,0.14410722255706787,0.010663824948539513,0.020095000000000002
2015-07-30,0.377802556989575,0.16208977282047998,0.14424742758274078,0.016503885858213135,0.01939000000000002
2015-07-31,0.377873244323001,0.16247769788394545,0.14585429430007935,0.017806873753953928,0.016416999999999987
2015-08-03,0.3772911588708266,0.16271483061532402,0.14467787742614746,0.010645749581981029,0.030612
2015-08-04,0.37741795823182395,0.16424209664194384,0.1452282965183258,0.011957154071337656,0.025174000000000002
2015-08-05,0.3778622188960628,0.16445035388453808,0.14720088243484497,0.021399613263214073,0.019668999999999992
2015-08-06,0.3780352979749589,0.15986849288063004,0.14862237870693207,0.03464267557519887,0.010855000000000004
2015-08-07,0.3778042877392134,0.16029621070774816,0.14938999712467194,0.037684362838513646,0.02787300000000001
2015-08-10,0.3784753580474668,0.16220448761450926,0.14830414950847626,0.02696317809997227,0.027883999999999992
2015-08-11,0.37916026878140974,0.16083257676952703,0.1484915018081665,0.05057295825330174,0.028085
2015-08-12,0.37908052730447134,0.15885165487041772,0.14900851249694824,0.041234195651040445,0.034937000000000024
2015-08-13,0.37935082473817994,0.1589516632517963,0.14841437339782715,0.030915900480034453,0.02487600000000001
2015-08-14,0.3806326800896436,0.15870106369204917,0.14808718860149384,0.020711611417984,0.028606999999999994
2015-08-17,0.3810234499645144,0.15888467811368817,0.14813664555549622,0.018031001067016633,0.025385999999999992
2015-08-18,0.38223946364821515,0.15912049819610732,0.14813664555549622,0.013653540837458483,0.028856999999999994
2015-08-19,0.38312525234651523,0.15932448130694238,0.1471908986568451,0.033797496546447287,0.018264000000000002
2015-08-20,0.38302095477888,0.15965261717458154,0.1460026353597641,0.057863124927197696,0.031557
2015-08-21,0.38212686318424466,0.16378296448391297,0.14733955264091492,0.09981647177777533,0.046378999999999976
2015-08-24,0.2102992666822423,0.16897294311495595,0.14987723529338837,-0.2158584000690677,0.09503300000000003
2015-08-25,0.20764236094637012,0.16761396146709134,0.1490681916475296,-0.20387217350220532,-0.0008790000000000187
2015-08-26,0.2036251598060934,0.16889804342003562,0.1511068046092987,-0.30151048194891006,0.06399100000000002
2015-08-27,0.2028440309493473,0.16547441481482814,0.1481003314256668,-0.3407806138615551,0.07122999999999996
2015-08-28,0.20214094538334326,0.1657851511457174,0.14814652502536774,-0.34816375822793333,0.073913
2015-08-31,0.20178053892131143,0.1644732520397073,0.14721208810806274,-0.34307024580262085,0.07906900000000003
2015-09-01,0.19930509587470321,0.16834592429410497,0.1497594118118286,-0.2743096067644376,0.08307199999999998
2015-09-02,0.19629130089657806,0.1648520551374685,0.14952895045280457,-0.33635289514017225,0.09068399999999999
2015-09-03,0.19450406815913596,0.16485302580286545,0.14842334389686584,-0.345293839531142,0.07543900000000003
2015-09-04,0.1947538388196187,0.16751846761498018,0.1490815281867981,-0.3207313007204538,0.07944000000000004
2015-09-08,0.19234563289681195,0.16355368933049277,0.14689144492149353,-0.3555252788219888,0.07304800000000003
2015-09-09,0.1916765856888488,0.16560873039131319,0.15171851217746735,-0.34795780070756727,0.075934
2015-09-10,0.1920289223401025,0.16371061463799966,0.14828743040561676,-0.3537119964676877,0.08614700000000003
2015-09-11,0.19206280070829226,0.16317929259054262,0.14839377999305725,-0.364081351050635,0.08777299999999999
2015-09-14,0.19227733932267996,0.16407412189198756,0.14970657229423523,-0.3521682583014386,0.086139
2015-09-15,0.19137273400644123,0.16310995477186208,0.14695943892002106,-0.35567987600097256,0.06362100000000001
2015-09-16,0.1902378515300586,0.16183106754020854,0.14828331768512726,-0.3808155510692225,0.066753
2015-09-17,0.1893492391784382,0.16033978147032388,0.1479949951171875,-0.3833938514904608,0.054482999999999976
2015-09-18,0.18892230845225208,0.16134173745998615,0.14754197001457214,-0.36467479304703254,0.06214499999999998
2015-09-21,0.1885480838012552,0.1612919757126471,0.14834225177764893,-0.3761092104070633,0.059172999999999976
2015-09-22,0.1878292354966361,0.16125171623413778,0.1470736861228943,-0.36462583298817486,0.06523100000000001
2015-09-23,0.1881817990628082,0.16193275498451254,0.14733624458312988,0.00832455242498989,0.06356200000000004
2015-09-24,0.18319600496782218,0.16208878271633057,0.1471266746520996,0.015324202840466872,0.06871000000000002
2015-09-25,0.18326473873852714,0.16318710727980834,0.14831818640232086,0.025963619103624158,0.06160200000000002
2015-09-28,0.1833851149940346,0.17040492239639998,0.1462051421403885,0.07838663258824477,0.06439900000000004
2015-09-29,0.18370531246461616,0.16575672143949904,0.14846910536289215,0.06353556863481477,0.08263600000000001
2015-09-30,0.1834614222378148,0.1642732551838143,0.1500963568687439,0.04311406984459462,0.07107499999999997
2015-10-01,0.18350921123911826,0.1635302136462542,0.14821559190750122,0.043279575279231486,0.07345599999999997
2015-10-02,0.1835598901727837,0.16336643263135123,0.14877460896968842,0.033036215290951354,0.070886
2015-10-05,0.178218132280138,0.1606789480079589,0.14548198878765106,0.011699827644125194,0.040384
2015-10-06,0.17988884562108892,0.16951828131571695,0.16317667067050934,0.01178338693602668,0.05050699999999997
2015-10-07,0.1843023836694368,0.1699051736032474,0.16208893060684204,0.0073902657397275084,0.049192000000000013
2015-10-08,0.18419300159070884,0.17490339441942335,0.16389025747776031,-0.001302952968545712,0.044272000000000006
2015-10-09,0.20085651388782488,0.17573938682809082,0.16386835277080536,-0.0032756425510605813,0.043907
2015-10-12,0.2021575600281708,0.17758586080930489,0.1665322333574295,-0.005906417391593588,0.044196999999999986
2015-10-13,0.20350987704160542,0.1765686726332844,0.1658017337322235,0.008187997134405461,0.03179400000000002
2015-10-14,0.20564014571431843,0.17509282567581574,0.16727276146411896,0.005758239470147142,0.04708700000000002
2015-10-15,0.20618709349940875,0.17323561186464592,0.168756365776062,0.004601396747048098,0.040319999999999995
2015-10-16,0.2037853808184005,0.1752674008570701,0.16310712695121765,-0.013493207284248826,0.037382
2015-10-19,0.2057956049110303,0.173504207774622,0.1629410982131958,-0.022874042751346108,0.0010990000000000166
2015-10-20,0.20867619063650258,0.17510029577437958,0.16508491337299347,-0.0165635672397397,0.030036000000000007
2015-10-21,0.2114027829042225,0.17410628136727088,0.1654655486345291,-0.0151830915098487,0.04009800000000002
2015-10-22,0.21036701646769235,0.17175994205410877,0.16165439784526825,-0.01806611693263449,0.035382
2015-10-23,0.21076685322901298,0.17383089725896603,0.1652066856622696,-0.010012709104815554,0.02707900000000002
2015-10-26,0.21362748904862922,0.17510558454525235,0.1661253720521927,-0.004067385236864229,0.04211900000000002
2015-10-27,0.2137720097556112,0.1731909690489424,0.16610682010650635,-0.0063935783527037104,0.043233999999999995
2015-10-28,0.21435757657959403,0.17369497115870142,0.16554869711399078,-0.0062638413610316135,0.032820000000000016
2015-10-29,0.21456871958419857,0.17424912161783226,0.16605894267559052,-0.009010321229936225,0.031186999999999993
2015-10-30,0.21480901327866292,0.17310924353719212,0.15989671647548676,0.007452501015341756,-0.007584000000000007
2015-11-02,0.21776864271062013,0.1768386484144726,0.16625568270683289,-0.0021637441991441964,0.028566000000000008
2015-11-03,0.22033593940927745,0.17589328945998234,0.16401323676109314,0.009796890457546364,0.03268199999999999
2015-11-04,0.22265785089679344,0.17696674120131026,0.1663312315940857,0.00872305748487584,0.010829000000000005
2015-11-05,0.22329665902152693,0.17648000885947332,0.16017629206180573,0.012467321439297019,-0.06563600000000003
2015-11-06,0.22398617929194956,0.17852398923259846,0.16489177942276,0.015013562328542202,0.012417000000000011
2015-11-09,0.22343146615392134,0.17496235482599998,0.16445587575435638,0.049278734152904846,0.03791000000000003
2015-11-10,0.22684749481867308,0.17185685357889424,0.15852676331996918,0.045021582814974204,-0.06923100000000004
2015-11-11,0.228370742093143,0.172038927029707,0.15849708020687103,0.051336501974812376,-0.07967099999999999
2015-11-12,0.2273150066630054,0.1717665035981007,0.16609536111354828,0.051105901996906095,0.017441999999999958
2015-11-13,0.22680551290392445,0.17066134247168765,0.15662944316864014,0.060048924512216606,-0.039112000000000036
2015-11-16,0.22478725572985736,0.17108611288733824,0.16079728305339813,0.0761414090993516,0.048690999999999984
2015-11-17,0.2233540600864115,0.1702205246962141,0.15504802763462067,0.022090315345838607,-0.06095900000000001
2015-11-18,0.22293583906032685,0.1705968114792444,0.15970714390277863,-0.007327263694330094,0.02044800000000002
2015-11-19,0.2230643395710533,0.1722398005831508,0.16145899891853333,0.01717790816443543,0.01904700000000001
2015-11-20,0.22302927573501619,0.1703487423720433,0.1548294574022293,-0.014446739331718611,0.03754500000000002
2015-11-23,0.22208896743808365,0.17068971242209777,0.1550864577293396,-0.026141534627878327,0.03995199999999999
2015-11-24,0.22115636311796272,0.17102270604161138,0.15486164391040802,-0.01841145275570666,0.03665500000000002
2015-11-25,0.22145924611347587,0.17110359194808075,0.15564528107643127,-0.018303110574197118,0.03482500000000002
2015-11-27,0.22268027088501555,0.17126457489905442,0.15639501810073853,-0.017428121145076164,0.038227999999999984
2015-11-30,0.22224412270454003,0.1712817507130145,0.1559918373823166,-0.008544922134062133,0.02721499999999999
2015-12-01,0.22221720564565972,0.17135866679978284,0.15520569682121277,-0.02185434462296526,0.03987400000000002
2015-12-02,0.22211127308364909,0.17162403168382964,0.15703068673610687,-0.00728346295567614,0.03814799999999999
2015-12-03,0.22222075449472142,0.1761433974255379,0.15757448971271515,0.004715663927534253,0.03479399999999999
2015-12-04,0.22165462800735375,0.17608226892534,0.1564771682024002,-0.018533802236207264,0.03998399999999999
2015-12-07,0.22137716374013255,0.17380815649583217,0.1578732430934906,-0.011669272936113445,0.039665000000000006
2015-12-08,0.22136240220998404,0.1742658412598914,0.15871338546276093,0.008703203543428462,0.024706000000000006
2015-12-09,0.22097460036091435,0.17416719388124483,0.15820644795894623,0.014689029094348577,0.037966
2015-12-10,0.22003414703995655,0.17424666778225087,0.15685619413852692,0.012423167344243952,0.031330000000000024
2015-12-11,0.21933954693774926,0.17442733586904235,0.16024205088615417,0.04283365869408404,0.04799700000000001
2015-12-14,0.21721705629406696,0.17414207242460866,0.1588173508644104,0.05146202456965937,0.05421699999999999
2015-12-15,0.21868516341719227,0.1741719008105644,0.15887326002120972,0.04820670427523788,0.045768999999999976
2015-12-16,0.21672149784560296,0.1757613968274492,0.1577182561159134,0.033851461618884665,0.046987
2015-12-17,0.2165722577280288,0.17209008773304504,0.1590481400489807,0.03834081617841986,0.036028000000000004
2015-12-18,0.21649454711723817,0.17233235715084308,0.16001145541667938,0.05189595709825401,0.032727000000000006
2015-12-21,0.21572981692154003,0.17350503847736,0.1599770188331604,0.022465223620766195,0.044882000000000005
2015-12-22,0.2148773415379376,0.17316980591867664,0.1592811644077301,0.024079825385499826,0.03986500000000001
2015-12-23,0.2157250745957248,0.17362759336079112,0.1581098437309265,0.0141001760304591,0.03503700000000001
2015-12-24,0.2158830461818817,0.17330838427563555,0.158603698015213,0.018878954834267297,0.036534999999999984
2015-12-28,0.21542104944609006,0.17318418801863847,0.1597062051296234,0.025131943432010972,0.03789600000000001
2015-12-29,0.2149422575077081,0.17289875318344652,0.15824872255325317,0.025047491063252048,0.02718000000000001
2015-12-30,0.21511611876075487,0.17475982029524753,0.15983062982559204,0.0251187380909485,0.032831
2015-12-31,0.21415323632386205,0.17471266285095713,0.15887004137039185,0.027692038866149737,0.036155999999999994
2016-01-04,0.21353913805604777,0.17512326180884974,0.15989971160888672,0.05209867106230456,0.048293999999999976
2016-01-05,0.2163637382363213,0.17528117189114392,0.16138921678066254,0.04169251531548826,0.04549600000000001
2016-01-06,0.2144707083166902,0.19418125020496224,0.18515168130397797,0.05183277522146848,0.040109000000000006
2016-01-07,0.2104642252673113,0.19262313907374987,0.1838284730911255,0.0913870803086469,0.03970299999999999
2016-01-08,0.20802646175127226,0.19249826599465383,0.18288664519786835,0.06693752846417861,0.05507900000000002
2016-01-11,0.1921254313987513,0.19234337600945695,0.17822003364562988,0.020322780675694846,0.05984499999999998
2016-01-12,0.19050690120762317,0.19131894044323206,0.17715494334697723,0.010613483303246352,0.05369400000000002
2016-01-13,0.1882472701995741,0.19022194228117167,0.17749454081058502,0.027385403200954006,0.051786
2016-01-14,0.18526660691260594,0.18950097006821295,0.17766302824020386,0.006046620060756042,0.06095100000000003
2016-01-15,0.1833443719120398,0.19114417679422527,0.17585551738739014,0.029744928297449957,0.07241099999999998
2016-01-19,0.18063546558340482,0.19076222897424838,0.1789252758026123,0.02442156590595085,0.07413600000000004
2016-01-20,0.1746700708652247,0.18753824741280056,0.1782437264919281,0.02552462279873391,0.08609700000000003
2016-01-21,0.1716223307324947,0.19160522570560595,0.17796942591667175,0.00534636688874518,0.068881
2016-01-22,0.1711616919313568,0.19154553282665046,0.17575795948505402,-0.0258025844016834,0.065748
2016-01-25,0.171085931304056,0.19264903650526186,0.1763891726732254,-0.016853994354799562,0.06740199999999996
2016-01-26,0.17000827321844877,0.19276937465254,0.1755436211824417,-0.02996316112642386,0.07030000000000003
2016-01-27,0.166212199205417,0.19298026182819733,0.17708417773246765,-0.038075115596222564,0.06742600000000001
2016-01-28,0.16644435610713987,0.1930021631372849,0.177077054977417,-0.04473971186486356,0.06724000000000002
2016-01-29,0.16528618671398448,0.19284652577721043,0.17695537209510803,-0.07899372430848195,0.06473799999999999
2016-02-01,0.1649614848860606,0.19220923560443587,0.17605309188365936,-0.06260502530199624,0.057614
2016-02-02,0.1647583763220693,0.1930352069411905,0.17564614117145538,-0.05182021966087516,0.07155499999999998
2016-02-03,0.16135267980796775,0.19236642993006453,0.1741071194410324,-0.06752725949590802,0.06870000000000001
2016-02-04,0.15695370651937923,0.1930143649896951,0.17765547335147858,-0.07117151902616484,0.07007
2016-02-05,0.15677941761576458,0.19250731889332448,0.17798717319965363,-0.05663096327184408,0.08343599999999998
2016-02-08,0.15601501117177938,0.19330767820442568,0.16990339756011963,-0.02452262606804656,0.09883299999999998
2016-02-09,0.15377347185968843,0.19341511048349325,0.16836166381835938,-0.012043031272171267,0.09101900000000002
2016-02-10,0.15321164336226262,0.1927600147277712,0.16830608248710632,0.01379268072068704,0.08171499999999998
2016-02-11,0.14680447343423186,0.1931771111817028,0.163091778755188,0.055477220865382815,0.11186200000000002
2016-02-12,0.14471284396283238,0.1907362498839551,0.16965481638908386,0.013783420872517604,0.08497699999999997
2016-02-16,0.14397909188058036,0.1859592394618,0.17303644120693207,-0.014861122676565364,0.08317100000000002
2016-02-17,0.14410033336096723,0.17738527534833176,0.17465685307979584,-0.03249624057113368,0.06817700000000002
2016-02-18,0.1447195997156376,0.17707701507178372,0.16789323091506958,-0.029306270314247818,0.07048400000000002
2016-02-19,0.14430733654361902,0.17440171922621173,0.1678372472524643,-0.028675674795250183,0.06963899999999998
2016-02-22,0.14430321837242704,0.17498618098195817,0.16912291944026947,-0.029897240296647115,0.059311
2016-02-23,0.1441987900175348,0.17725512049989142,0.16952654719352722,-0.011174428932538422,0.054816000000000004
2016-02-24,0.14114745253048502,0.18167283682697496,0.17183516919612885,-0.005535081497563432,0.06606500000000001
2016-02-25,0.14120950453757575,0.18164509928508413,0.17064408957958221,-0.016249552684817314,0.06995099999999999
2016-02-26,0.14107461647346897,0.18263797342589722,0.17186476290225983,-0.013375331853438782,0.06058000000000002
2016-02-29,0.1402973403125563,0.1824083736340949,0.17293818295001984,-4.85764698028579e-05,0.049984
2016-03-01,0.13863365614889747,0.18209291069428768,0.17827339470386505,-0.02764141696290931,0.060413999999999995
2016-03-02,0.13867929391612008,0.18058298065081918,0.17602160573005676,-0.037169179884366965,0.05826200000000001
2016-03-03,0.13807993621420417,0.1800496920758877,0.17693954706192017,-0.04111532780883609,0.05152699999999999
2016-03-04,0.13778307744615684,0.18030311379135222,0.17627520859241486,-0.037885739018082176,0.046964000000000006
2016-03-07,0.1375173812622066,0.1803807335268276,0.1845783293247223,-0.015327624222699149,0.047208
2016-03-08,0.13764021647192842,0.18067611842189552,0.18203923106193542,0.0014780605603035013,0.045574
2016-03-09,0.1381633343794139,0.1807271439670586,0.18265128135681152,0.002194509152743024,0.04700499999999999
2016-03-10,0.13723775545926511,0.18023108237114271,0.18207314610481262,0.006147920026368603,0.04780000000000001
2016-03-11,0.1369355455711278,0.1799332177996023,0.17739668488502502,-0.003501525929952065,0.043329000000000006
2016-03-14,0.13707717661741609,0.18080361704688133,0.1819545477628708,0.024307009562724996,0.04331299999999999
2016-03-15,0.13776031424025234,0.1804645402932825,0.18260793387889862,0.03033256876992646,0.04719200000000001
2016-03-16,0.13872822539447766,0.18113137294336656,0.1793823391199112,0.032600300398024834,0.041780999999999985
2016-03-17,0.13715432526442106,0.18743761660517233,0.18129560351371765,0.029366634199736674,0.027031
2016-03-18,0.13740321223738683,0.18800286479826112,0.17793779075145721,0.015983521352683494,0.029143000000000002
2016-03-21,0.1382719054708545,0.18813970740241648,0.17406564950942993,0.02091067649232714,0.037025
2016-03-22,0.13789063766436704,0.18840868272407438,0.1812010258436203,0.03255376273337232,0.030041999999999985
2016-03-23,0.13804085235248012,0.18764645210922715,0.18455421924591064,0.038300997843017826,0.03153
2016-03-24,0.1379722964570784,0.1908640880694654,0.18532073497772217,0.049594957336479034,0.039868000000000015
2016-03-28,0.14053571265048598,0.19128698260794175,0.18283815681934357,0.05236468026468233,0.042613999999999985
2016-03-29,0.14124828673084536,0.19159756354778903,0.1814415156841278,0.04932400896921127,0.039659
2016-03-30,0.14169867441359246,0.19310017154985515,0.1789022833108902,0.04388583501834803,0.034554
2016-03-31,0.14193872755192818,0.19231995264644486,0.17630669474601746,0.046910796991390294,0.03572500000000001
2016-04-01,0.14214635667379327,0.19283135036358742,0.1765114963054657,0.047457216260316654,0.031751
2016-04-04,0.14105784073697025,0.19428549397724693,0.1785745620727539,0.054236781752878216,0.03498799999999999
2016-04-05,0.14114821666290037,0.1922004261205677,0.18037818372249603,0.052931019459113715,0.039637000000000006
2016-04-06,0.13646370967126542,0.19241453488758428,0.18146224319934845,0.040280633917807285,0.03558999999999998
2016-04-07,0.13687453786159523,0.15467874547449262,0.14138354361057281,0.042671850406567874,0.03951300000000002
2016-04-08,0.13612195969012253,0.15361455838896168,0.14142940938472748,0.03224934251697703,0.03750600000000001
2016-04-11,0.13626486636715524,0.1539933336783602,0.14141131937503815,0.04244215363237119,0.03414300000000001
2016-04-12,0.1363132549807132,0.15310631658495752,0.14101260900497437,0.03354148143534402,0.034149999999999986
2016-04-13,0.13643422041960435,0.1532543032535681,0.1398317664861679,0.029518433217158413,0.031719
2016-04-14,0.13634411145531306,0.15531358868252326,0.14053989946842194,0.027168936445505637,0.03357600000000002
2016-04-15,0.13635723262214444,0.15796006958047656,0.14776743948459625,0.023768255122297688,0.03126900000000002
2016-04-18,0.13640075479637573,0.16156878877433825,0.15061429142951965,0.03258552308508647,0.029538999999999982
2016-04-19,0.13628784679365705,0.1580912421379148,0.15259835124015808,0.029471223941303165,0.026352999999999988
2016-04-20,0.13606581313792784,0.1594015152643756,0.15200284123420715,0.03468153686595635,0.013552000000000008
2016-04-21,0.1355602055099642,0.15993118223417543,0.15413208305835724,0.03691303203221369,0.01960999999999999
2016-04-22,0.13042871568993925,0.15817391028058517,0.15029111504554749,0.01105000198071529,0.016138999999999987
2016-04-25,0.1314537417397688,0.1581188798442118,0.15045027434825897,0.007015341097021427,0.020596000000000003
2016-04-26,0.13210959237617084,0.1634641265366972,0.15166684985160828,0.00861305670254392,0.01718
2016-04-27,0.1330359834915978,0.1584132809901935,0.1463446319103241,0.009621456478241808,0.007151999999999992
2016-04-28,0.13145626257123288,0.15855901170138717,0.14628513157367706,0.003278844176538648,0.019387000000000015
2016-04-29,0.13101234315162508,0.16054432402908228,0.14724262058734894,0.020297504135869587,0.012886000000000009
2016-05-02,0.13066896648246282,0.16424261978604046,0.15052355825901031,0.0160431317044068,0.015512999999999999
2016-05-03,0.12978326189353523,0.15917816976599966,0.14798277616500854,0.025037402607567177,0.013576999999999978
2016-05-04,0.1284554735632654,0.16001234050604876,0.1483055055141449,0.03930281035026628,0.014434000000000002
2016-05-05,0.12739548918521626,0.1612194963522113,0.14833693206310272,0.05684864420865865,0.0007669999999999899
2016-05-06,0.12297448152087906,0.16019770603567696,0.14879345893859863,0.04297642376663738,0.008695000000000008
2016-05-09,0.12154124915023821,0.16041106248493125,0.15088976919651031,0.04886197003614948,0.010896000000000017
2016-05-10,0.12049058026439587,0.15898419413061082,0.14822682738304138,0.04126490669474761,0.003361000000000003
2016-05-11,0.11931899371138521,0.15881646268282187,0.14699500799179077,0.04581151903422315,-0.0012080000000000146
2016-05-12,0.11884135193582529,0.15866741108139962,0.14219114184379578,0.04519757928200421,-0.02563999999999997
2016-05-13,0.1166285769157754,0.1589306504644426,0.14539173245429993,0.04606063372059671,0.01605300000000001
2016-05-16,0.11440182257537741,0.15849835866006148,0.14529037475585938,0.043365214895142196,0.022257
2016-05-17,0.11249423046900335,0.1586873846512014,0.1450156569480896,0.04084792538991269,0.02740899999999999
2016-05-18,0.11094692934562946,0.15987581802360523,0.14858505129814148,0.03870076882205112,0.03717799999999999
2016-05-19,0.1096445813645475,0.15992723669730752,0.14906097948551178,0.04816753612671637,0.02946700000000002
2016-05-20,0.10941461447915944,0.15877432783510306,0.14833290874958038,0.02106784759329064,0.03689700000000001
2016-05-23,0.10969689456728397,0.1591386740089435,0.14781393110752106,0.04079835998332407,0.02221300000000001
2016-05-24,0.10974936359575677,0.15852300303989972,0.14823119342327118,0.03933183224729733,0.022681000000000007
2016-05-25,0.10879249290539474,0.1589502780011862,0.14812369644641876,0.029579418877174996,0.08069900000000002
2016-05-26,0.10854543104382952,0.15738161459708225,0.14991483092308044,0.012217258915673435,0.03473999999999999
2016-05-27,0.10926888903193345,0.15729699900457608,0.1479867696762085,0.009650232764525535,0.03616900000000001
2016-05-31,0.10912911557666678,0.1573758642084493,0.15179181098937988,0.012236454027650334,0.03909699999999999
2016-06-01,0.1087936017504836,0.15739732655160316,0.1493561714887619,0.014883666318336264,0.03636700000000001
2016-06-02,0.10860649220995447,0.1590224687686356,0.14901849627494812,0.015423743727920464,0.030111
2016-06-03,0.10908081238229644,0.15915721755090723,0.14349648356437683,0.012015979853935016,0.03411600000000001
2016-06-06,0.10883974917210006,0.158882524858851,0.14302612841129303,0.012384498929394167,0.035912
2016-06-07,0.11032535699022272,0.1588083086077724,0.14207574725151062,0.022796045028018935,0.035705000000000015
2016-06-08,0.10983898537518809,0.15776220291008802,0.14205613732337952,0.02397904165099267,0.03620599999999999
2016-06-09,0.1091269393794642,0.1579438651131894,0.14431476593017578,0.02866927778561107,0.03953099999999998
2016-06-10,0.10902338140521063,0.1599257640089906,0.14564308524131775,0.05501045864263865,-0.32379699999999995
2016-06-13,0.11149046077593583,0.16015083472636615,0.15063144266605377,0.07155295595507138,0.05454300000000001
2016-06-14,0.11178874652876845,0.1603803571448285,0.14579275250434875,0.07593750878634394,0.058973
2016-06-15,0.11103710807309862,0.16407049841313484,0.14802198112010956,0.08090791462809852,0.050299999999999984
2016-06-16,0.11025498608554046,0.16551839732896928,0.15073727071285248,0.06346371216125309,0.05188899999999999
2016-06-17,0.11000175439042278,0.16212497986470797,0.14909176528453827,0.07312283340824266,0.05315399999999998
2016-06-20,0.10999911535067973,0.16112731389569832,0.1495814174413681,0.05672119955640144,0.04897800000000002
2016-06-21,0.11017300521860435,0.16152428663973128,0.14930705726146698,0.06203054654995663,0.055702
2016-06-22,0.11053270431821219,0.16210200683246262,0.1500350385904312,0.08192545088036603,0.060959999999999986
2016-06-23,0.11039097580002181,0.16101857956361895,0.14904914796352386,0.058341923363168124,0.06291
2016-06-24,0.1049862981335125,0.16452270497997315,0.15101996064186096,0.11290945968962918,0.058972
2016-06-27,0.10349983798741268,0.16574305381354892,0.151840940117836,0.10912294544547754,0.076382
2016-06-28,0.10452711353016693,0.16532894418712724,0.14926527440547943,0.05963598994659022,0.05882699999999999
2016-06-29,0.10472831410233495,0.16112693046772578,0.14888864755630493,0.04338367019795353,0.049582000000000015
2016-06-30,0.10673950465137828,0.16365058938574134,0.14825639128684998,0.03434067017329542,0.045373
2016-07-01,0.10681771937804128,0.16219044086066686,0.14942197501659393,0.03009723282134691,0.046683
2016-07-05,0.10620305252881973,0.16581183076078307,0.14897561073303223,0.035049654812081554,0.051477999999999996
2016-07-06,0.10571151640573713,0.16520468110699857,0.15006466209888458,0.025962797416733657,0.048763
2016-07-07,0.10548036844812068,0.12987248689442507,0.10992971062660217,0.025821721342138892,0.047506999999999994
2016-07-08,0.10635575182043863,0.12967728733508624,0.10935291647911072,0.011836552064440814,0.04577299999999998
2016-07-11,0.10635341201590912,0.12967728733508624,0.1089438945055008,0.016654960001575986,0.04321
2016-07-12,0.10780713931019315,0.12725607703158986,0.10662341117858887,0.01901932160453501,0.03759499999999999
2016-07-13,0.10844380939979253,0.12917140852183298,0.11115694791078568,0.01639861356234118,0.041987
2016-07-14,0.10858137855992835,0.12901432558439216,0.10873381048440933,0.015996858193331076,0.039971000000000007
2016-07-15,0.1089390247678853,0.12777802844136385,0.10778304934501648,0.013117498276272455,0.04039100000000001
2016-07-18,0.10871478671869635,0.12775324529902665,0.10812605917453766,0.02137729654804066,0.04053499999999999
2016-07-19,0.1093833570824427,0.1291809116068873,0.11227232217788696,0.0210335126861957,0.04238700000000001
2016-07-20,0.10916393269948513,0.12983374394835223,0.11259128153324127,0.027466677337432133,0.035407999999999995
2016-07-21,0.10856987609199337,0.132051890500878,0.11625106632709503,0.0345329400166709,0.03672599999999998
2016-07-22,0.10864276443639606,0.13349113904679918,0.11555181443691254,0.006556021575295293,0.03677999999999999
2016-07-25,0.10796949148575681,0.1342654628821032,0.1170257106423378,0.014322749776615545,0.04026100000000002
2016-07-26,0.10761132142116035,0.1336406512955146,0.11777966469526291,0.025886881096349332,0.03495000000000001
2016-07-27,0.10707379959783084,0.13325254544144863,0.11842580139636993,0.027216442948981415,0.03475699999999998
2016-07-28,0.1089259356791617,0.14211559121870299,0.1252029538154602,0.028018535515721046,0.037802
2016-07-29,0.10891222237505391,0.13503495420328807,0.11828425526618958,0.032557793896186654,0.03028
2016-08-01,0.1130603775514874,0.13321651588149605,0.11617891490459442,0.03204854712552979,0.04148300000000002
2016-08-02,0.11490198877914692,0.13328896061890805,0.11588575690984726,0.04100519612749953,0.035799
2016-08-03,0.11691578594445974,0.13307344330147705,0.11585787683725357,0.037293928044748834,0.04055
2016-08-04,0.11780104821606883,0.13288626146561042,0.11565178632736206,0.03679483045024021,0.041081000000000006
2016-08-05,0.11828295836536465,0.13333571008368886,0.11965610831975937,0.030348930254335604,0.04052499999999999
2016-08-08,0.12118383979549655,0.13175860459038813,0.11717530339956284,0.03014516231724118,0.039143999999999984
2016-08-09,0.12172093574521903,0.13090738013961026,0.11560975760221481,0.03028442366852338,0.038378999999999996
2016-08-10,0.12258021190253224,0.13291269149981372,0.11494331061840057,0.03225907442009722,0.03655499999999999
2016-08-11,0.12672930768852436,0.12854514498163602,0.11084730923175812,0.0298978712289142,0.03780899999999998
2016-08-12,0.13313131084550284,0.12850624443199227,0.11081120371818542,0.02725191163248726,0.039615
2016-08-15,0.13400619565542604,0.1285977601929604,0.11059204488992691,0.031492012090257454,0.03812599999999999
2016-08-16,0.13441450353796278,0.12855135393665088,0.10945741087198257,0.03501941150107803,0.03833900000000001
2016-08-17,0.13604852503987733,0.12823783943297495,0.10969758033752441,0.03128459138577734,0.04148300000000002
2016-08-18,0.13618696820715293,0.1282006208833623,0.10826091468334198,0.026968856616328793,-0.089005
2016-08-19,0.1361458853191895,0.1279294944807007,0.11241213232278824,0.031624799346420304,0.038535000000000014
2016-08-22,0.1364413955722453,0.12831965148507612,0.10810013115406036,0.02799645997242886,-0.027651999999999982
2016-08-23,0.13636594548513867,0.13651158968563012,0.1123492568731308,0.04297507503682303,0.034961000000000006
2016-08-24,0.13678238397005887,0.13857473230111586,0.11422495543956757,0.045210903667629906,0.03031499999999998
2016-08-25,0.13680905118123857,0.14062133833028756,0.11232756078243256,0.05350801054207792,3.600000000000825e-05
2016-08-26,0.1363496751841079,0.14057669966350342,0.1119973212480545,0.05801036039105982,-0.07896500000000001
2016-08-29,0.13627569190026376,0.14066171079311077,0.11444734036922455,0.04798451014105473,0.016296000000000005
2016-08-30,0.13679016409021946,0.14068298067846055,0.11415175348520279,0.046061253137422056,0.016066999999999998
2016-08-31,0.1376372143064775,0.1422913574314937,0.11540740728378296,0.04885707710203531,-0.030707000000000012
2016-09-01,0.13886817207166063,0.142866426916832,0.1146446019411087,0.07869650937626337,-0.27324
2016-09-02,0.1389071338269361,0.1418658807101343,0.11468757688999176,0.046018318083841006,-0.018335000000000018
2016-09-06,0.13765194488382546,0.14588410702032512,0.12193629145622253,0.052505571681735946,0.040325
2016-09-07,0.1375615291415547,0.1481911019700068,0.12366414070129395,0.0447773663366694,0.045986
2016-09-08,0.13873893833202386,0.1467376068233071,0.12382518500089645,0.04311757971067559,0.04246600000000002
2016-09-09,0.13847263936575285,0.1429799854785333,0.11966115236282349,0.09956548402194962,0.03050900000000001
2016-09-12,0.1374515140161991,0.14627012890104044,0.12197981029748917,0.07856684968881125,0.04791400000000001
2016-09-13,0.13656877273391574,0.14628706219539084,0.12073690444231033,0.09346432323516983,0.05502599999999999
2016-09-14,0.13670816386586307,0.1479107014964447,0.12614013254642487,0.09958910950747875,0.04502800000000001
2016-09-15,0.13747577096038702,0.14628739077668462,0.12644656002521515,0.07510532142441292,0.052427
2016-09-16,0.14167781008917127,0.14740275783357026,0.13184240460395813,0.06205786337144814,0.046902
2016-09-19,0.14081963243914408,0.14875332447987094,0.12720665335655212,0.06730268900708658,0.041072
2016-09-20,0.14102938752848318,0.14780761362361025,0.12654757499694824,0.06671286097769627,0.039534000000000014
2016-09-21,0.14115523016956769,0.14106642053987645,0.12062131613492966,0.04224886945573608,0.04381299999999999
2016-09-22,0.14116103471214103,0.14854279751140825,0.1309812366962433,0.03481898213169281,0.03681599999999999
2016-09-23,0.14096644181527998,0.14988192211876097,0.13305968046188354,0.03649994660841967,0.03428499999999998
2016-09-26,0.14091084801790718,0.1434326630316047,0.12602880597114563,0.05067617605536849,0.040836999999999984
2016-09-27,0.13964632404533897,0.14371838582667218,0.11948130279779434,0.037545817249524466,0.04098399999999999
2016-09-28,0.1392432408106186,0.1431107701290532,0.11871641129255295,0.030576868249261757,0.04156499999999999
2016-09-29,0.13639558131679366,0.13928643559853027,0.11388944834470749,0.03830057905651468,0.021594000000000002
2016-09-30,0.13635941288173822,0.14674926426555804,0.12721729278564453,0.026032274385194037,0.008592000000000016
2016-10-03,0.13719713725101695,0.14728720980785412,0.1268656998872757,0.026391402596406904,0.0007659999999999889
2016-10-04,0.1370370472475215,0.14728955078965492,0.12510007619857788,0.029767809681712304,-0.016097
2016-10-05,0.1376928952650474,0.13659627081686912,0.13177630305290222,0.030851082714245442,-0.012457999999999997
2016-10-06,0.1379282635683185,0.1368120753485753,0.13160210847854614,0.03528766981008383,-0.018071000000000004
2016-10-07,0.1374359096362259,0.1383001489609656,0.13456544280052185,0.04497971322310157,0.036213999999999996
2016-10-10,0.13581621295277385,0.13743123766440354,0.13355305790901184,0.03480315814711801,0.03881999999999999
2016-10-11,0.1352710455350405,0.13758167379438696,0.12863896787166595,0.04263407447933262,-0.044334999999999986
2016-10-12,0.13573453753104328,0.1376685989753444,0.13081909716129303,0.04577441908093663,0.03747
2016-10-13,0.13552256808597035,0.1373368097974794,0.1287851631641388,0.06237695559384614,-0.05426400000000001
2016-10-14,0.1357415813286426,0.13734679848584733,0.12822726368904114,0.055022593882261425,-0.06894199999999998
2016-10-17,0.1353284212771891,0.13734291953555955,0.13124696910381317,0.054992217327050466,0.04012399999999999
2016-10-18,0.13568928038857564,0.13718387000789792,0.13278505206108093,0.054669316264193496,0.03990099999999999
2016-10-19,0.1378709892253616,0.13700895922057155,0.13230480253696442,0.05732057473418943,0.032529
2016-10-20,0.14082805415095687,0.13743488988153005,0.1332167685031891,0.05104610273825742,0.03318499999999999
2016-10-21,0.1392163112664743,0.1375519342806975,0.1318502128124237,0.019500356063228225,0.04669800000000002
2016-10-24,0.1389329760276968,0.1369575047101728,0.13151638209819794,0.015358977090950868,0.03418100000000002
2016-10-25,0.13910698971921182,0.13725299332482865,0.13177409768104553,0.013167580201951107,0.03267400000000001
2016-10-26,0.13837649275069294,0.13729526683786608,0.13132928311824799,0.01669455474670814,0.034471
2016-10-27,0.1386423490249532,0.14249596451246724,0.13347484171390533,0.027227378744225456,0.032584
2016-10-28,0.13617386836365086,0.14027521468933704,0.13447551429271698,0.044304045926105984,0.031335999999999975
2016-10-31,0.13496411302362993,0.14762862993896347,0.13502925634384155,0.04879059316917475,0.022558999999999996
2016-11-01,0.1332370886510882,0.1450702195682095,0.13591358065605164,0.05123694631900216,0.043411000000000005
2016-11-02,0.1327874453825127,0.1477537247568237,0.13853713870048523,0.063684226601775,0.045462
2016-11-03,0.13222744670349293,0.14932869727179524,0.1390646994113922,0.06816404841148113,0.050967999999999986
2016-11-04,0.1297524091270694,0.1496077027881236,0.13801895081996918,0.08423653465037137,0.034836000000000006
2016-11-07,0.12961894736196805,0.14719585476576005,0.13810127973556519,0.048640765113796586,0.04106399999999999
2016-11-08,0.12914136817941305,0.15015740506287195,0.1374785453081131,0.053457657967510064,0.04682
2016-11-09,0.12519968408707227,0.14781004069418072,0.1385170817375183,0.02170759626044999,0.04102
2016-11-10,0.11912554559357798,0.147584525166955,0.13814717531204224,0.03096362977855488,0.024776999999999993
2016-11-11,0.11906437497392146,0.1480848207537349,0.13778337836265564,0.021174640196281708,0.044999999999999984
2016-11-14,0.11847810711387097,0.14963989471167116,0.1390002816915512,0.011780840511253998,0.035998999999999975
2016-11-15,0.11661635518026855,0.14773726667726966,0.13893035054206848,5.541601867745105e-05,0.02540300000000001
2016-11-16,0.116695240760178,0.14974982995413472,0.13867922127246857,-0.006604166453659299,0.038267999999999996
2016-11-17,0.11684335921080552,0.14850756141257399,0.13867206871509552,-0.009691988432710436,0.03207099999999999
2016-11-18,0.11609613249925389,0.14784984895095116,0.138747438788414,-0.016285899910840812,0.03533800000000001
2016-11-21,0.11600727331124944,0.14649244255730706,0.1356939673423767,-0.018925007790831894,0.022912000000000016
2016-11-22,0.11595435485330131,0.14594943010835024,0.13603398203849792,-0.017801390035619064,0.03077000000000002
2016-11-23,0.11617270293030703,0.14486158909818245,0.13508132100105286,-0.023801356502851062,0.03390099999999999
2016-11-25,0.1171996681116386,0.1450838986105215,0.13584503531455994,-0.020998811156933944,0.030958999999999987
2016-11-28,0.11913280976640696,0.1456724729870258,0.13739031553268433,-0.012580497700062754,0.027440999999999993
2016-11-29,0.1187805890929834,0.14507740867170074,0.13974152505397797,0.0010573115245091358,0.026254
2016-11-30,0.11782296099206482,0.13641758685563043,0.1326134353876114,0.012155296287693212,0.025806999999999997
2016-12-01,0.11566296365043192,0.13712578378833087,0.13109493255615234,0.01024107506092134,0.033259999999999984
2016-12-02,0.11553240891268894,0.13554577413100052,0.12793070077896118,0.009827957216491823,-0.04155099999999998
2016-12-05,0.11525269563650382,0.13540832333288413,0.130427747964859,0.009822878847082106,0.03876000000000002
2016-12-06,0.11543730101058766,0.13597248650142638,0.1276501566171646,0.021134357844214052,-0.05282099999999998
2016-12-07,0.11850990629887849,0.13594629597158248,0.13040101528167725,0.012965404402497438,0.024313
2016-12-08,0.11885753506459752,0.1360308079822784,0.12760737538337708,0.016392595348107802,-0.039082000000000006
2016-12-09,0.11744932764895338,0.13574108363430776,0.1305193305015564,0.015662486761345573,0.014260999999999996
2016-12-12,0.11769427814806625,0.13641654653774155,0.1315060704946518,0.044249275121474085,0.01947299999999999
2016-12-13,0.11694654464124996,0.13617831588431564,0.1285494863986969,0.04343276574514611,-0.016425999999999996
2016-12-14,0.11522465552156723,0.137037244304567,0.13115738332271576,0.04170712427626086,0.008444000000000007
2016-12-15,0.10991975907486073,0.13417626527988796,0.12994609773159027,0.032783356229973776,0.02694100000000002
2016-12-16,0.1098046193684402,0.13442461566327607,0.12935571372509003,0.02424870879080912,0.004848999999999992
2016-12-19,0.11086208391616946,0.13449933467658304,0.1274634301662445,0.036754958213727484,-0.032403000000000015
2016-12-20,0.11082106142667356,0.1334431119736601,0.12991659343242645,0.033205748915795225,0.028487999999999986
2016-12-21,0.11120782419923575,0.13394945719507828,0.1306760013103485,0.034994137093641464,0.028710999999999987
2016-12-22,0.1117096005312627,0.1337289758605048,0.13019374012947083,0.03280884400009643,0.022197999999999996
2016-12-23,0.11305340429672282,0.13387706335434912,0.13014259934425354,0.03248737621496445,0.0045469999999999955
2016-12-27,0.11315643308956154,0.1366080881789999,0.13097018003463745,0.0379562226574478,0.02670800000000001
2016-12-28,0.11345210925962937,0.1368700251488701,0.1309545785188675,0.04062331848125897,0.02437700000000001
2016-12-29,0.11404408244528198,0.13598040629583236,0.13067786395549774,0.044724653451426455,0.02788400000000002
2016-12-30,0.11386839979233314,0.13701941792206362,0.1317947506904602,0.04875011111919195,0.02893599999999999
2017-01-03,0.11359418650780057,0.13732781187974252,0.1339971125125885,0.04666222413479393,0.032957000000000014
2017-01-04,0.11523923089416009,0.13706243544810676,0.1334497630596161,0.044308396087202245,0.026314000000000004
2017-01-05,0.11414937854578443,0.12557067527512797,0.11737560480833054,0.03429521592939336,0.028585
2017-01-06,0.11334462587938882,0.12345559978134857,0.11768945306539536,0.02616628731939774,0.022717999999999988
2017-01-09,0.11377958040156652,0.12904734604546322,0.11854928731918335,0.032532223315146463,0.025592000000000004
2017-01-10,0.11393085191535626,0.1321224216270795,0.12166288495063782,0.03376691422920136,0.023293000000000008
2017-01-11,0.11412327979025817,0.12696559731454257,0.11921942979097366,0.032661319489054305,0.005137000000000003
2017-01-12,0.11358350729252001,0.12989763151402403,0.12552596628665924,0.036706333367103106,0.015649999999999997
2017-01-13,0.11344771662773595,0.12835124989689195,0.126285582780838,0.03126338479812939,0.025013000000000007
2017-01-17,0.11333752467424626,0.1292013142730875,0.12495844066143036,0.04803247253439488,0.0066910000000000025
2017-01-18,0.11322289573810385,0.12842647199451104,0.12745855748653412,0.05649522455632294,0.029556
2017-01-19,0.11460407296880705,0.12947503044178735,0.12443993240594864,0.0685112792525481,0.078961
2017-01-20,0.11614613852571988,0.1271548440623482,0.11699878424406052,0.0400977547464227,-0.02127000000000001
2017-01-23,0.11319112096046247,0.12804279777418925,0.1193775087594986,0.04519831479578203,0.03229600000000002
2017-01-24,0.11357021455521965,0.12721903239854573,0.12010182440280914,0.0371643322536868,0.028089000000000003
2017-01-25,0.1132904214174801,0.12807200170122554,0.12059175968170166,0.03178859759713713,0.022059999999999996
2017-01-26,0.11266954703941956,0.12732078194771612,0.12038657069206238,0.034774101452728134,0.020071000000000006
2017-01-27,0.11178353170212359,0.12913892377535238,0.11995343118906021,0.02686371473436802,-0.010920999999999986
2017-01-30,0.1112654159935854,0.12925459126805067,0.12657196819782257,0.028549898477933128,0.029804999999999998
2017-01-31,0.11001074253611612,0.12923351926038718,0.12659697234630585,0.03097407297482463,0.026014999999999983
2017-02-01,0.1106610077267973,0.1291507665202976,0.1257251650094986,0.02566021215900613,0.023969000000000018
2017-02-02,0.11096284321538215,0.12830731557344224,0.12544846534729004,0.028323228434994782,0.024202
2017-02-03,0.11044600348008476,0.12558469852038437,0.11996031552553177,0.024495329380993455,0.022075999999999985
2017-02-06,0.11068941370417287,0.13423837413077788,0.12575991451740265,0.021615916820753853,0.02338699999999999
2017-02-07,0.11055383209521258,0.13495657131187547,0.1278098225593567,0.022428039145793097,0.019988000000000006
2017-02-08,0.11056788140031011,0.1341215156082243,0.12530626356601715,0.015424348429241536,0.030031000000000002
2017-02-09,0.11137480525485884,0.13287688023682712,0.1225656270980835,0.019728498958751894,0.021152000000000004
2017-02-10,0.11492219108855015,0.13258535119266718,0.11776857078075409,0.03022604040857707,-0.013535999999999992
2017-02-13,0.11475373819782696,0.13188564463012287,0.1161489263176918,0.020682673019495446,-0.014478000000000005
2017-02-14,0.11415964903737388,0.12657837459341492,0.11604957282543182,0.024767888731338603,-0.00981499999999999
2017-02-15,0.11484218084646479,0.118319652648795,0.10691586881875992,0.029027601609782627,-0.012307000000000012
2017-02-16,0.11768765366467943,0.12648238086462754,0.11653617024421692,0.02194188060171222,-0.012703999999999993
2017-02-17,0.11987383200027898,0.12945716643799537,0.1169680505990982,0.022473749783696886,-0.009697000000000011
2017-02-21,0.11998087749785459,0.12541153441954858,0.11655659973621368,0.029809961839791246,-0.005711000000000022
2017-02-22,0.11973697341612022,0.12003208218963621,0.10966107994318008,0.03380194617027324,0.018590999999999996
2017-02-23,0.12536538793454152,0.11798940303930211,0.10980945080518723,0.033847039968853215,0.02057199999999998
2017-02-24,0.12638409388151775,0.128397132085662,0.1221652701497078,0.03395875683787389,0.025510000000000005
2017-02-27,0.12663290522181206,0.11871090758272339,0.11003462970256805,0.03926133068031229,0.018475999999999992
2017-02-28,0.126236396833051,0.11657036490386906,0.10985596477985382,0.04254115092816532,0.02180500000000002
2017-03-01,0.1246834134133408,0.11449365156899782,0.10917488485574722,0.04092604967705815,0.01053599999999999
2017-03-02,0.12534545299641556,0.11817010737578032,0.10959288477897644,0.037458907367704825,0.021707999999999977
2017-03-03,0.12619439334117385,0.11859746013709295,0.10933388769626617,0.029128181250374155,0.017583
2017-03-06,0.12660434723163078,0.11881152243565624,0.11008046567440033,0.032089582677464035,0.01704900000000001
2017-03-07,0.1268176955647563,0.11782109073866182,0.1141766607761383,0.028128977998641863,0.02083700000000001
2017-03-08,0.12911527303708045,0.13243729683357386,0.12635716795921326,0.028996563032856013,0.019801
2017-03-09,0.12934172843543584,0.14065897601663777,0.12962548434734344,0.038583857435747215,0.011124000000000023
2017-03-10,0.12578828021292002,0.1402132407113708,0.12723731994628906,0.038938019330111914,0.019069000000000003
2017-03-13,0.12921325512380066,0.1423420080608884,0.12749068439006805,0.043998302280480975,0.00826200000000002
2017-03-14,0.1316732554664715,0.1407768355424626,0.13072338700294495,0.04160389370857129,0.006053000000000003
2017-03-15,0.13224856118766828,0.14127306200024464,0.13182613253593445,0.036679352093283726,0.013912999999999981
2017-03-16,0.1329053531153752,0.1411621358094515,0.12968076765537262,0.03446343394100687,0.021412999999999988
2017-03-17,0.13367126261292156,0.1408885920041075,0.12542223930358887,0.02707066767960152,0.011164000000000007
2017-03-20,0.13382143992015436,0.14114576203268495,0.12887632846832275,0.0321636283073429,-0.019301000000000013
2017-03-21,0.1343577235530609,0.14318585493395924,0.13361668586730957,0.030707291273061155,0.018783999999999995
2017-03-22,0.1346572115419976,0.14284775395187563,0.133824422955513,0.035625471478028414,0.012944000000000011
2017-03-23,0.13416126142987872,0.1419045474933206,0.13206084072589874,0.03249741310611193,-0.004615999999999981
2017-03-24,0.134064522096155,0.14143384890042535,0.12938041985034943,0.035294090330048516,-0.0016450000000000076
2017-03-27,0.13379521662783223,0.1428599815451895,0.13305453956127167,0.03911120452981605,0.06645499999999999
2017-03-28,0.13318825423564218,0.1405162013142266,0.13232871890068054,0.03906671654259322,0.013778999999999986
2017-03-29,0.1338065022001998,0.14038859446476165,0.131902813911438,0.036893702387335664,0.021712999999999982
2017-03-30,0.13672985833360776,0.13682268662961683,0.12960419058799744,0.04001898661919259,0.01866100000000001
2017-03-31,0.13675017614821522,0.13783803735202196,0.1302957832813263,0.038851878084280866,0.023147
2017-04-03,0.13841265755154486,0.13887008503182507,0.13120776414871216,0.035296006196774615,0.023256
2017-04-04,0.13805298677627886,0.13796181634403082,0.1314876675605774,0.03557901446930263,0.019007999999999997
2017-04-05,0.14314395181315873,0.13711879572432709,0.12767620384693146,0.035926431621082305,0.014746000000000009
2017-04-06,0.14363773023104068,0.1299749574858587,0.12413367629051208,0.03393465311109631,0.01818699999999998
2017-04-07,0.14422873291586702,0.12772175632306235,0.12261493504047394,0.038073006140689675,0.020180999999999977
2017-04-10,0.14567916722426805,0.1265125500551696,0.12224145233631134,0.05026221335685947,0.016138000000000013
2017-04-11,0.14699158713317242,0.12978592623496776,0.12370888888835907,0.04731048874208549,0.028738999999999987
2017-04-12,0.14729962860160295,0.1318723015762269,0.12351006269454956,0.05062652542162621,0.027239999999999986
2017-04-13,0.14719599193943086,0.13218620702815823,0.12468806654214859,0.062346697859140834,0.016325000000000006
2017-04-17,0.14724002571617786,0.13190781398479,0.12555444240570068,0.055150349318720995,0.02041800000000002
2017-04-18,0.14699541291891377,0.13316835406657296,0.12632198631763458,0.059949111718285514,0.015661000000000008
2017-04-19,0.1470724577544196,0.13251982452693772,0.12513358891010284,0.053214682503552616,0.022713999999999984
2017-04-20,0.14654300506545898,0.1311865249394045,0.12322631478309631,0.07402725999904122,-0.005663999999999975
2017-04-21,0.14651554740834888,0.13245910695471053,0.12478560209274292,0.05604032321614845,0.003364000000000006
2017-04-24,0.14717354471789024,0.12601625359099639,0.11939677596092224,0.022569295198989855,-0.004076000000000024
2017-04-25,0.14784735207425764,0.12132345727807023,0.11348222941160202,0.0166263103118839,-0.0009110000000000229
2017-04-26,0.14865887541842138,0.1213061035996699,0.11368274688720703,0.021541028649119373,-0.006928999999999991
2017-04-27,0.1487488156071646,0.12211506479191787,0.11568912118673325,0.019219641415743366,-0.0013060000000000016
2017-04-28,0.14989683425481068,0.12234948540117564,0.1154177188873291,0.016967651121430713,-0.002677999999999986
2017-05-01,0.14984044997580795,0.12590853360398518,0.11932918429374695,0.031167993477985684,-0.01748699999999999
2017-05-02,0.15051830097852423,0.1299069374407932,0.1232570931315422,0.016994939701328968,-0.007295999999999983
2017-05-03,0.1498592340175729,0.12677541573382742,0.11823165416717529,0.02359516095504359,-0.015314999999999995
2017-05-04,0.1508447767732692,0.13123287198367595,0.12292177230119705,0.02144902950955667,-0.012217999999999993
2017-05-05,0.15128382982358002,0.13081002926655458,0.12379053980112076,0.0291929573770561,-0.011998000000000009
2017-05-08,0.1513489281640266,0.13067229691562016,0.12354232370853424,0.029358367956017775,-0.012590000000000004
2017-05-09,0.1524335832865812,0.1271922325542799,0.11894238740205765,0.031976992359595044,-0.011554000000000009
2017-05-10,0.15234537986239144,0.1305946218430538,0.11865099519491196,0.036212103950204466,-0.01505999999999999
2017-05-11,0.1519989349477386,0.13077227258728763,0.11856448650360107,0.04347190395587826,-0.010038999999999992
2017-05-12,0.14941533274153024,0.1903484101148917,0.11750880628824234,0.04776876556086698,-0.0033080000000000054
2017-05-15,0.14975838716371628,0.21805005940951894,0.11859104037284851,0.05604853665404731,-0.0023330000000000017
2017-05-16,0.14985308180632878,0.22161287331945967,0.1174096092581749,0.052526327237388426,-0.003491999999999995
2017-05-17,0.14955966031098866,0.19158507126188934,0.12509749829769135,0.080096575800691,-0.0009640000000000204
2017-05-18,0.14788843994461434,0.1664694360131867,0.12462463974952698,0.0639537638666477,0.0021770000000000123
2017-05-19,0.14666403370639694,0.20141896306198792,0.11691250652074814,0.05107745571029093,0.01420200000000002
2017-05-22,0.14704756179032885,0.18894518368669055,0.11359664797782898,0.06555058545512263,0.011422999999999989
2017-05-23,0.14757004978320876,0.20920990345014623,0.11484619975090027,0.06768866498877746,0.014918999999999988
2017-05-24,0.1428494953149184,0.21811078323991118,0.11592862010002136,0.03773492510054419,0.018775999999999987
2017-05-25,0.1418974406129603,0.21356205762399386,0.11781293153762817,0.029439976798883077,0.02302700000000002
2017-05-26,0.14190867260725723,0.26297136528898546,0.11665040254592896,0.024340145332549495,0.023584999999999995
2017-05-30,0.14227410693085327,0.2623987032079043,0.11643020063638687,0.02693018463218147,0.022073999999999983
2017-05-31,0.1419993626234608,0.2648746264760821,0.1168951541185379,0.024614298618155728,0.022710000000000008
2017-06-01,0.14198819891933478,0.2657807970224109,0.11579746752977371,0.016533521567238474,0.01938000000000001
2017-06-02,0.14294470887552338,0.2688490412394546,0.11563590914011002,0.008154598207579161,0.02033399999999999
2017-06-05,0.14717939561566656,0.24843309372133798,0.11559011787176132,0.007679435737535767,0.022836999999999996
2017-06-06,0.14860220496261628,0.248460642410089,0.1160915270447731,0.0062551266538291295,0.022232000000000002
2017-06-07,0.1467519527298134,0.2663095040574404,0.11629065126180649,0.0017850472956417729,0.021130999999999983
2017-06-08,0.14989461877155758,0.2676659593325138,0.11631915718317032,0.0013321058031589839,0.020947999999999994
2017-06-09,0.1512088914713514,0.2638250685641442,0.1172490194439888,2.1112815927731843e-05,0.021837999999999996
2017-06-12,0.14824259092607925,0.17365751074541397,0.11596314609050751,0.009188313226339229,0.016814999999999997
2017-06-13,0.1459623817950171,0.17399691096251715,0.1154462993144989,0.0052102538464315895,0.024580999999999992
2017-06-14,0.14519917417564293,0.17533084678293903,0.11691680550575256,0.007872652173706668,0.019450999999999996
2017-06-15,0.14536033659013067,0.17547662378982534,0.11688385158777237,0.0005161973670796405,0.021754000000000023
2017-06-16,0.14594905707038852,0.1731956508406497,0.1162227988243103,-0.012602622603774483,0.02326600000000001
2017-06-19,0.14776939128123506,0.1735741895616786,0.11595648527145386,0.0004187386888314104,0.024893
2017-06-20,0.14829613535903688,0.18067937049237398,0.11801233142614365,0.022027205871277405,0.021849000000000007
2017-06-21,0.14721217852629653,0.18527749662340337,0.12382211536169052,0.02253000619082085,0.021817000000000003
2017-06-22,0.15030759335122712,0.18429549601778755,0.12277740240097046,0.02714450820615308,0.018852000000000008
2017-06-23,0.15067360830320828,0.18414210262665784,0.12258511781692505,0.03742585072264715,0.021381999999999984
2017-06-26,0.15124492698717729,0.1785435701855406,0.12057209759950638,0.044401380762570275,0.013298999999999978
2017-06-27,0.15108502527582007,0.17969370932629683,0.11587249487638474,0.0449988345909344,0.018341000000000024
2017-06-28,0.15331950995080704,0.1783460668410072,0.11623434722423553,0.04755031982916913,0.023567000000000005
2017-06-29,0.15075528248244444,0.19674128521602857,0.11494339257478714,0.034974966821081505,0.026858999999999994
2017-06-30,0.15096690856567432,0.22842074243511504,0.11498948186635971,0.037941806021726615,0.012780000000000014
2017-07-03,0.15090334017293183,0.16588048072621103,0.11452461779117584,0.03436750108438941,0.007413000000000003
2017-07-05,0.15261681086678502,0.2265366370092298,0.11484042555093765,0.02377907109500585,0.024288000000000004
2017-07-06,0.14727574199965107,0.18021599152573972,0.11475967615842819,0.03816067886272495,0.03565199999999999
2017-07-07,0.14815329292859475,0.15233022127008616,0.1316538006067276,0.03335962284065705,0.03002000000000002
2017-07-10,0.14897317298088655,0.15239395895656138,0.13071918487548828,0.03303863019268988,0.031080999999999998
2017-07-11,0.1525589342640574,0.15113739681360572,0.1297157257795334,0.025512130592207055,0.024217000000000016
2017-07-12,0.15313340167245845,0.14928454872839864,0.12883290648460388,0.030372025892484306,0.010742000000000002
2017-07-13,0.15408627179691592,0.1524914036549498,0.1239742636680603,0.047371118509590415,0.020714999999999983
2017-07-14,0.15466777266804355,0.15144701572487526,0.1201900914311409,0.03195294772358398,0.01807600000000001
2017-07-17,0.15507418131392484,0.15406247539682544,0.12003376334905624,0.020764715340922085,0.020957000000000003
2017-07-18,0.15722264939804476,0.15997528349692014,0.12036252021789551,0.027488338825289088,0.015411000000000008
2017-07-19,0.15769563878051604,0.1654849962920243,0.11878720670938492,0.046663475504903074,0.015426999999999996
2017-07-20,0.15711198238562332,0.16031175072149761,0.12006676197052002,0.036337825802998075,0.01988200000000001
2017-07-21,0.15827346451920823,0.15828279586525817,0.11999043822288513,-0.007709239112928007,0.017980999999999997
2017-07-24,0.1664413048701988,0.15297433911488614,0.12043099105358124,-0.001208710684961617,0.02565400000000001
2017-07-25,0.17240937596147068,0.15287244156044116,0.12006553262472153,0.00313405917758669,0.017912999999999984
2017-07-26,0.17474106064190975,0.15267878117527367,0.12112980335950851,-0.010849949835320088,0.023520999999999986
2017-07-27,0.177489784526003,0.14540026320733976,0.12183432281017303,-0.002124880529075196,0.02085100000000001
2017-07-28,0.1781260272443391,0.1541099006594339,0.1218448281288147,-0.004521908295158694,0.020843
2017-07-31,0.1811837989077212,0.1647462392050151,0.12226938456296921,0.0010585157989320415,0.013259999999999994
2017-08-01,0.182822876830417,0.16622342521124833,0.12242937088012695,-0.004819857798866067,0.019220999999999988
2017-08-02,0.18412162254627212,0.16665860915412326,0.12245025485754013,-0.005006695304311831,0.018850000000000006
2017-08-03,0.1870189938085106,0.16025251338091068,0.12039124220609665,-0.014400958766934535,0.017187000000000008
2017-08-04,0.18914719016483264,0.14733047979082528,0.12018764764070511,0.0035153581959700975,0.018984
2017-08-07,0.19114901058749123,0.14727019258110854,0.12062332034111023,0.01009171341625345,0.01671700000000001
2017-08-08,0.19114704299609053,0.14810213507429673,0.12061350047588348,0.016898289214470008,0.019801999999999986
2017-08-09,0.19096554632844734,0.15135234621239307,0.12475559860467911,0.018608964179699178,0.021245999999999987
2017-08-10,0.19117247550932748,0.15902166267880993,0.12534654140472412,0.04363485841257103,0.03193299999999999
2017-08-11,0.19148921782015102,0.16011168424749617,0.1261257827281952,0.04305202144523959,0.03179299999999999
2017-08-14,0.19590629804217485,0.1601622056240649,0.12734942138195038,0.021934983981445333,0.025519000000000014
2017-08-15,0.22938593127580031,0.15868025760575039,0.1252589225769043,0.026328966201681486,0.02124899999999999
2017-08-16,0.24714710804401327,0.16066852638742163,0.12560048699378967,0.01583925114903914,0.02388700000000002
2017-08-17,0.25093316268691906,0.163595715696209,0.12484824657440186,0.03478361868732838,0.023293000000000008
2017-08-18,0.2520958858160116,0.1580541889949645,0.12552426755428314,0.03600793536998714,0.028558
2017-08-21,0.2522365041082237,0.22117694273989622,0.12678541243076324,0.045186745584162025,0.033717
2017-08-22,0.2526979763971878,0.22966886235510703,0.125458762049675,0.03460729930821173,0.023854000000000014
2017-08-23,0.2540020231004707,0.23330311661913114,0.12982453405857086,0.03775341620958718,0.022618
2017-08-24,0.25500375022203975,0.24545062495701114,0.13164478540420532,0.03916664771230467,0.02140900000000001
2017-08-25,0.2549400112418806,0.2518746924786151,0.13443787395954132,0.031159829662145658,0.021668999999999994
2017-08-28,0.25583124812766367,0.253461878979568,0.13381527364253998,0.027858153559179186,0.026524999999999993
2017-08-29,0.2568522195522456,0.25543853003492467,0.1346283257007599,0.03453678740383924,0.035138
2017-08-30,0.2569130870674453,0.25207930304998083,0.13369740545749664,0.0309770590576674,-0.013612000000000013
2017-08-31,0.2571566013913492,0.2515922436501056,0.13303686678409576,0.029894926077471518,0.020497000000000015
2017-09-01,0.2550776344228392,0.1856941239375639,0.12752823531627655,0.03362046930451992,0.00826099999999999
2017-09-05,0.2543653697247642,0.18626711548874902,0.1289699673652649,0.04139352998043294,0.024695999999999996
2017-09-06,0.2550832037199162,0.19066138188219398,0.1249389499425888,0.03453798130209568,0.020189999999999986
2017-09-07,0.2534806741860476,0.1711110097912591,0.12512445449829102,0.05053490381367759,0.02885399999999999
2017-09-08,0.2546053127467624,0.17339144877818163,0.13001929223537445,0.04482218698580198,0.03173199999999998
2017-09-11,0.2544430590779816,0.16424785073771866,0.1274554431438446,0.04661755687743077,0.040356
2017-09-12,0.25501263383655354,0.16461846950679004,0.1258682757616043,0.035515824304708205,0.029293999999999987
2017-09-13,0.2559970373560865,0.15656703027578545,0.12099717557430267,0.029014503862619556,0.026871000000000006
2017-09-14,0.25580096889414894,0.1544799774839256,0.11892370879650116,0.020694023242848886,0.025124000000000007
2017-09-15,0.25498984984663187,0.15901890693271262,0.11783148348331451,0.00975465721946947,0.027893
2017-09-18,0.25405930315313296,0.147782853772893,0.11752639710903168,0.006930736957746986,0.020865999999999996
2017-09-19,0.2540096799019706,0.14979581684924556,0.12015718966722488,0.01807898291973306,0.03406100000000001
2017-09-20,0.25423367059943514,0.14826604487139064,0.11859908699989319,0.02257077698486354,0.035740999999999995
2017-09-21,0.25293934727488115,0.1484696379956092,0.12034805864095688,0.024000048709252875,0.03529299999999999
2017-09-22,0.25329533736741455,0.14828175656271872,0.12072280049324036,0.027966455115032735,0.033969
2017-09-25,0.25311812204358897,0.1474570777084036,0.11989537626504898,0.04077703053681986,0.03276599999999999
2017-09-26,0.25368932475816286,0.14707548441472199,0.11950036138296127,0.03504361282148011,0.029952000000000006
2017-09-27,0.25308858764249925,0.1471866563394095,0.12022573500871658,0.041175420123544026,0.04124799999999998
2017-09-28,0.2529373670422247,0.14692586900996576,0.11994478851556778,0.02445939945592568,0.035446000000000005
2017-09-29,0.2529686289948628,0.1463742563068539,0.11978067457675934,0.012105006397647472,0.033549999999999996
2017-10-02,0.2529701460403107,0.1475512174727823,0.1191730722784996,0.014916903678727361,0.026110000000000022
2017-10-03,0.2524563665599529,0.14681003866425038,0.11916821449995041,0.029319530226216195,0.029862
2017-10-04,0.2528697366075296,0.1498084553924934,0.11906954646110535,0.0405111798792559,0.03192699999999998
2017-10-05,0.2524646918157823,0.21804510517963135,0.15008631348609924,0.02974472012982149,0.032944
2017-10-06,0.25418523886496575,0.21946428954749433,0.15018831193447113,0.05518886464407327,0.028165000000000023
2017-10-09,0.2539754025514966,0.2164039249917209,0.1497747302055359,0.06377010074209277,0.040018
2017-10-10,0.2541505884138539,0.21643738452001857,0.14951002597808838,0.05476006001211478,0.03258200000000003
2017-10-11,0.2543770798113761,0.2170744589171698,0.14906275272369385,0.06351995096331642,0.026933000000000012
2017-10-12,0.2549481567011761,0.2182142582412068,0.14977282285690308,0.06333563901206676,0.028752
2017-10-13,0.2580171377601031,0.2173058584395589,0.14687788486480713,0.05342446320705785,0.020940000000000014
2017-10-16,0.2581788251827275,0.21596989968845276,0.14895722270011902,0.06274766963144196,0.021016000000000007
2017-10-17,0.2605035770424643,0.21697533631381924,0.14793728291988373,0.08710413186003635,0.04143000000000002
2017-10-18,0.26572430710352685,0.21949909514849264,0.14745546877384186,0.09858135811027377,0.044091999999999965
2017-10-19,0.2663690140015443,0.21869007831253673,0.14793753623962402,0.10203315976106775,0.03962699999999997
2017-10-20,0.2646524835217002,0.21334570887628682,0.14881615340709686,0.048494855617607,0.02613999999999997
2017-10-23,0.27319875666350096,0.21587216065739354,0.14455172419548035,0.058010499864072584,0.014768000000000003
2017-10-24,0.2733356081329831,0.2188232813553803,0.1442292034626007,0.06250975002406209,-0.0037900000000000156
2017-10-25,0.2720489960195944,0.21934785676890747,0.14322824776172638,0.05425876792086731,-0.006718000000000002
2017-10-26,0.2730395118012619,0.21861424743925004,0.14512385427951813,0.06396063059123022,0.01199
2017-10-27,0.2720203583301554,0.21800825205707405,0.15029975771903992,0.06861006417294555,0.01941100000000001
2017-10-30,0.2714795147380841,0.21757807504592813,0.14939910173416138,0.09918666852114347,0.010714999999999975
2017-10-31,0.27094626894256957,0.21872957021104147,0.1496712863445282,0.10040304990197976,0.015085999999999988
2017-11-01,0.269031737627486,0.21922036024005492,0.14803119003772736,0.07603150263736783,0.01868900000000001
2017-11-02,0.2714648273027323,0.21858471433990953,0.1479671448469162,0.07011381706715658,0.02386499999999997
2017-11-03,0.27371540417425366,0.21802361898424236,0.1477871686220169,0.06140650805992501,0.015842999999999996
2017-11-06,0.2740417128868332,0.21541140273298984,0.14841300249099731,0.1053770167341295,-0.13458599999999998
2017-11-07,0.27632508274595213,0.21593411744835914,0.14624899625778198,0.0636231447847373,0.01582699999999998
2017-11-08,0.28569750654846876,0.21623395612582644,0.14540283381938934,0.07131891934577869,0.020209000000000032
2017-11-09,0.28661305785223345,0.21671414882361031,0.14726446568965912,0.07229913286188727,0.015119000000000049
2017-11-10,0.28419431529404765,0.2055878207645456,0.14512665569782257,0.08225240408599088,-0.21272399999999997
2017-11-13,0.2597277424781509,0.1970028574821694,0.14492832124233246,-0.02528973902030207,-0.012557999999999958
2017-11-14,0.2450488896047436,0.19801332493385523,0.14909221231937408,-0.03157698465957831,-0.10164699999999993
2017-11-15,0.24339318293988627,0.19793707832301952,0.14661453664302826,-0.06687520305422495,0.00633800000000001
2017-11-16,0.24344559429079443,0.19739827776186064,0.15016214549541473,-0.092487724407122,0.0008080000000000309
2017-11-17,0.24357292538827444,0.1954882520472506,0.15054410696029663,-0.09938310310444853,-0.0174
2017-11-20,0.2487958612043385,0.195652820891374,0.14700134098529816,-0.0929958543738883,-0.009332000000000007
2017-11-21,0.24783715611653187,0.19595978211556456,0.1554020196199417,-0.09527768846764281,-0.024489999999999984
2017-11-22,0.2557396475057945,0.19459692538483142,0.15795576572418213,-0.09692617454367669,-0.020648000000000027
2017-11-24,0.26314128247413426,0.19157881490235815,0.15264248847961426,-0.09706086921346374,-0.016936000000000007
2017-11-27,0.26332440728049494,0.19273816693860854,0.15677833557128906,-0.09006182309645888,-0.02408200000000002
2017-11-28,0.2637275720153733,0.1916909481656072,0.15364307165145874,-0.10574521142197002,-0.045208
2017-11-29,0.26428269979102326,0.19123252645289882,0.15268026292324066,-0.11274129348327436,-0.01946399999999998
2017-11-30,0.2673251589782661,0.19575943193320497,0.1519579142332077,-0.070061675283559,0.03457199999999999
2017-12-01,0.2671469853739324,0.19489879291568354,0.15565121173858643,-0.05874839260179998,-0.04522899999999999
2017-12-04,0.269737409705998,0.19398783859834307,0.15173964202404022,-0.06476111892206865,-0.015160000000000007
2017-12-05,0.26974905610117683,0.1957563937841869,0.15649668872356415,-0.0445813846303702,-0.24306900000000004
2017-12-06,0.27110520842252145,0.2022013736396568,0.15631888806819916,-0.03051270168326431,-0.055989999999999984
2017-12-07,0.2711073897066449,0.20073059891423162,0.15577839314937592,-0.052994029306100754,-0.030628000000000016
2017-12-08,0.27269401828258666,0.1964139795362798,0.15551629662513733,-0.08170061444156745,-0.21978300000000006
2017-12-11,0.27367119458967404,0.1988700185452832,0.14829537272453308,-0.08113237890222022,-0.003480000000000011
2017-12-12,0.27393018544486614,0.20115033753130443,0.14921219646930695,-0.08657796283085636,0.007761999999999991
2017-12-13,0.2746114128587567,0.197909903027485,0.14685353636741638,-0.009246217740338514,0.004194000000000003
2017-12-14,0.2753086773562309,0.1955001615047448,0.15285199880599976,0.0588554718821383,-0.09447999999999995
2017-12-15,0.276437482452629,0.19509502136064027,0.15358395874500275,0.06053218493042209,-0.17772199999999996
2017-12-18,0.27771577876623055,0.19383073263785836,0.1467648595571518,0.0740980697437946,0.0032949999999999924
2017-12-19,0.27918513455839145,0.19759854039819633,0.14723296463489532,0.09129023574586992,0.010027999999999981
2017-12-20,0.28054938161311405,0.19611130349730863,0.14280016720294952,0.06650924717805676,0.008841999999999989
2017-12-21,0.283421620816818,0.19771594253508493,0.14285777509212494,0.06808274983283874,0.007045999999999997
2017-12-22,0.2948926215105077,0.200613804222413,0.14181828498840332,0.0753798283489795,0.002827999999999997
2017-12-26,0.307416924506967,0.20080875858284442,0.1410549283027649,0.08891706664685667,0.005143999999999982
2017-12-27,0.30795483681223623,0.1973263442263175,0.13834834098815918,0.09423959568767698,0.005367000000000011
2017-12-28,0.31235673938594666,0.19627137476438927,0.13823992013931274,0.10100158826371838,0.0036619999999999986
2017-12-29,0.31410177526098554,0.19907375894873508,0.14213649928569794,0.12238171866848258,-0.004054999999999975
2018-01-02,0.3150199853084321,0.19990123602787943,0.13854999840259552,0.11645867581891939,0.02056199999999997
2018-01-03,0.3167636903483736,0.19883898156101246,0.13734237849712372,0.12296946657143096,0.008731999999999962
2018-01-04,0.32029346748446536,0.1944146764803394,0.1394449770450592,0.10647402972526834,0.04691799999999996
2018-01-05,0.3208679550256974,0.24904484233812468,0.22098688781261444,0.10029602776333268,0.008510000000000018
2018-01-08,0.31926094289549417,0.25222792198926774,0.21154570579528809,0.1037326596919469,0.006998000000000004
2018-01-09,0.31776302270183626,0.25131490836888665,0.22958573698997498,0.1042300140213952,0.0021639999999999993
2018-01-10,0.31757644495430026,0.2515012962368386,0.21702218055725098,0.10345084685285125,0.007284000000000013
2018-01-11,0.31827990141669565,0.24987081335818068,0.22884808480739594,0.10699851961321463,0.0022399999999999642
2018-01-12,0.31917110864305565,0.24294177171469702,0.2179749310016632,0.10418365482801228,0.003956999999999988
2018-01-16,0.3185997769203179,0.24566558327315513,0.21104320883750916,0.10807813497029814,0.014724999999999988
2018-01-17,0.3181941568737412,0.24194099821238685,0.19912752509117126,0.11712100042384305,0.01198699999999997
2018-01-18,0.3176676765588531,0.24430107670495518,0.21473081409931183,0.11348256816660587,0.009835999999999956
2018-01-19,0.3186726782770019,0.245765272412523,0.2101214975118637,0.1167362269756006,0.03487600000000002
2018-01-22,0.3175873751554937,0.24613278637165384,0.20897561311721802,0.09342878864574905,0.04341800000000001
2018-01-23,0.3148595569969507,0.24171424405472697,0.19268350303173065,0.10521417587951559,0.04309299999999999
2018-01-24,0.3087823171000266,0.237800094570354,0.1943408101797104,0.02854581646396903,0.02466299999999999
2018-01-25,0.3089494080013175,0.23828197555795594,0.19567081332206726,0.0060200993347653275,0.025565000000000004
2018-01-26,0.30929579787564004,0.23357684386198524,0.19587089121341705,-0.0047877514113529585,0.026702000000000004
2018-01-29,0.3078559779687478,0.23877270560694214,0.19908276200294495,0.008035352255919614,0.028108999999999995
2018-01-30,0.3079537137144307,0.2397493408106492,0.1981949359178543,0.0013113678653603467,0.026133000000000017
2018-01-31,0.3083726686662955,0.2343971521503107,0.22493976354599,-0.012680126895260768,-0.118039
2018-02-01,0.30898175745709605,0.23217778556664967,0.19838707149028778,-0.01889207921927627,0.020560000000000023
2018-02-02,0.3096708814299295,0.23424481162932012,0.19439797103405,-0.01333788712411893,0.03018599999999999
2018-02-05,0.3065062154383509,0.24668094722931252,0.19778256118297577,0.060157365919445704,0.006031000000000009
2018-02-06,0.3054778723890258,0.243763854039401,0.19957338273525238,0.013803134436196018,0.019874999999999976
2018-02-07,0.30588119616953857,0.24890779098658045,0.1990133374929428,0.0057100789851378675,0.028872999999999982
2018-02-08,0.30467441990268596,0.25293609657720517,0.20154930651187897,0.1005391946150127,0.071716
2018-02-09,0.2961847094648744,0.25304602108708596,0.20295649766921997,0.08256448907120606,0.09172600000000003
2018-02-12,0.29529892113887407,0.2485183673186696,0.19906482100486755,0.016658926724301415,0.07202000000000003
2018-02-13,0.2946705796492643,0.24990271501462374,0.19947057962417603,0.002789038153193979,0.05598599999999998
2018-02-14,0.2942101077478791,0.23734421852122575,0.1996038258075714,-0.04251280782358502,0.04792000000000002
2018-02-15,0.29364166326270613,0.23920629058579507,0.1942509263753891,-0.05173854615063017,0.038524
2018-02-16,0.2917922979855053,0.24441773683663312,0.20647190511226654,-0.040993191213722635,0.022928999999999977
2018-02-20,0.29192738248214356,0.2518391858520763,0.21178419888019562,-0.014033500623935435,0.044357000000000035
2018-02-21,0.2924469906655512,0.25004363902365817,0.20475256443023682,0.007263595419146174,0.024909999999999988
2018-02-22,0.2938003563167906,0.250095164985819,0.2135978788137436,0.007866807900021588,0.03646299999999997
2018-02-23,0.29615453930510804,0.24955162315337262,0.1993006467819214,0.0159516120522461,0.02497400000000005
2018-02-26,0.2892774144287738,0.24801659890210642,0.20746633410453796,-0.0020925455842547014,0.03460200000000002
2018-02-27,0.2855160901012337,0.24832675128983245,0.2042754739522934,0.005166393793008317,0.02344099999999999
2018-02-28,0.2848182498044573,0.24815094648526853,0.20079079270362854,0.023107527374830572,0.026136999999999966
2018-03-01,0.28396033202980886,0.24876769728643175,0.2113843709230423,0.027620834858705146,0.03489399999999998
2018-03-02,0.2836160293662826,0.24756088790637934,0.20597168803215027,0.020320886391377357,0.01907500000000001
2018-03-05,0.2822065203951049,0.2467719959796703,0.20125673711299896,-0.010315356637100648,0.015415999999999985
2018-03-06,0.2848339910637206,0.25071580090451584,0.21438464522361755,-0.018054039320302417,0.03213300000000002
2018-03-07,0.2828007228110909,0.24926235904006835,0.209088996052742,-0.011284228989802303,0.036188
2018-03-08,0.28227112882218824,0.24430920482153642,0.2139682024717331,-0.015411191788357759,0.02357999999999999
2018-03-09,0.28245186746238954,0.23386219683013204,0.20493963360786438,-0.03781938488879988,0.033059000000000005
2018-03-12,0.2810009350904429,0.23979194236243184,0.20198819041252136,-0.022909267369412456,0.021293000000000006
2018-03-13,0.2801047136553397,0.24752151068068504,0.2148413211107254,0.019318351737335482,0.040498000000000034
2018-03-14,0.27910885780479977,0.24840991698776713,0.21542669832706451,0.026986231402629568,0.04808499999999999
2018-03-15,0.27924308913861645,0.24497712661547139,0.2153628170490265,0.01210125146579527,0.03960199999999997
2018-03-16,0.27848745538053654,0.2424320220487353,0.21521879732608795,0.009813254655785197,0.03187099999999998
2018-03-19,0.27792647061564973,0.25007128543034324,0.2106039971113205,0.0328117186757671,0.044474000000000014
2018-03-20,0.2769057876044126,0.252366708636793,0.215093731880188,0.0574274150932324,0.05559599999999998
2018-03-21,0.2772737669002278,0.2503556010184295,0.20139524340629578,0.05298032342295139,0.040764999999999996
2018-03-22,0.27630495844509834,0.25554805499973354,0.21889886260032654,0.08879235693060245,0.05158799999999997
2018-03-23,0.2750295679363251,0.25485686505082195,0.21833838522434235,0.11935837473210709,0.07550000000000001
2018-03-26,0.27209441682078006,0.25315858356097437,0.21020109951496124,0.12270427730988553,0.04904900000000001
2018-03-27,0.264235242925529,0.23959971281635353,0.20208588242530823,0.14535947134138638,0.04414600000000002
2018-03-28,0.25652807456112503,0.22809401366202522,0.20238564908504486,0.13434430649367174,0.041569999999999996
2018-03-29,0.25653356143668066,0.22963375159403215,0.2040117084980011,0.0913988348814635,0.032885
2018-04-02,0.25236247814070784,0.2316437483839906,0.20468385517597198,0.09749275649777084,0.05387200000000003
2018-04-03,0.25230859532427957,0.23021513229227591,0.20132409036159515,0.088529448189752,0.06313599999999997
2018-04-04,0.2508409046932044,0.2314533658152981,0.203499898314476,0.07050074652135147,0.05366599999999999
2018-04-05,0.25129107598163924,0.22961746729439048,0.19645152986049652,0.053609423462215255,0.05221500000000001
2018-04-06,0.24921985317739365,0.23302455552816762,0.20670576393604279,0.07438621168856391,0.04690299999999997
2018-04-09,0.24889256365943865,0.2566046739812861,0.23663485050201416,0.07914109055635071,0.049333000000000016
2018-04-10,0.24842751737964267,0.25633770334440076,0.2334272712469101,0.06573639404737475,0.051956
2018-04-11,0.24896909498567074,0.2560860284469148,0.234316885471344,0.06389183727095077,0.051085999999999965
2018-04-12,0.24844941179682592,0.25615667600102693,0.23528896272182465,0.059291568588236865,0.03328300000000001
2018-04-13,0.24694128245808056,0.2560710259444688,0.2353232055902481,0.05439231206295736,0.042200000000000015
2018-04-16,0.24514793560999018,0.25495001716967375,0.23509089648723602,0.04341550156324381,0.04358500000000004
2018-04-17,0.24309906133521403,0.2544113609364463,0.23682501912117004,0.022442311067004506,0.03583900000000001
2018-04-18,0.2422174651760397,0.25450155846840516,0.2367066591978073,0.04136070093617922,0.023801000000000017
2018-04-19,0.24147352669088118,0.2539417437492524,0.23510797321796417,0.038439635034062,0.03809400000000002
2018-04-20,0.24257216799180062,0.22230017736713464,0.22653397917747498,-0.045604686494707836,0.023539000000000032
2018-04-23,0.24157071232849317,0.2224013897378982,0.22527194023132324,-0.056002119746445256,0.021314
2018-04-24,0.2417257456359171,0.22173583126694818,0.22159376740455627,-0.06593752195110214,0.023563
2018-04-25,0.23588777474604194,0.22200034301684782,0.2288762629032135,-0.026843261256861595,0.011568999999999996
2018-04-26,0.23415450640696986,0.2216315388742906,0.22657181322574615,-0.031173698428210272,0.011904000000000026
2018-04-27,0.23374848179503543,0.22114088697931086,0.22807185351848602,-0.01649009080639735,0.01461800000000002
2018-04-30,0.23377442514727642,0.2219457907329892,0.23682492971420288,0.014232001261393123,-0.00811400000000001
2018-05-01,0.2344048215027376,0.22173429668304945,0.22734910249710083,0.010038896858673374,0.010388999999999982
2018-05-02,0.23319263376246355,0.22134830533007369,0.25325480103492737,0.03168213474296633,-0.018965999999999983
2018-05-03,0.23236116889808475,0.2218031953836221,0.22726528346538544,0.014361911403815875,0.008871000000000018
2018-05-04,0.230944977405287,0.221603045841633,0.22455669939517975,0.0070339305982763944,0.014407999999999976
2018-05-07,0.2305992337161229,0.22650218221661997,0.25864899158477783,0.07184251760392762,-0.057172
2018-05-08,0.22862532866789384,0.22132778102717227,0.22843001782894135,0.03249758013915505,0.01072099999999998
2018-05-09,0.22764152305540833,0.21935818352336622,0.23218612372875214,0.02978699264854373,-0.005883000000000027
2018-05-10,0.226605635737715,0.22077131632808672,0.2225913107395172,0.015152734190829686,0.002610000000000001
2018-05-11,0.2263003216860156,0.21983279372626635,0.22651545703411102,0.012097109265884143,0.001919000000000004
2018-05-14,0.22744392531885232,0.22174434377206126,0.25771409273147583,0.04326308939600526,-0.017940999999999985
2018-05-15,0.22879679058470137,0.2189705312410217,0.22545909881591797,0.02244562892173363,0.013589000000000018
2018-05-16,0.23219095918188548,0.22367202974135436,0.23711133003234863,0.02120683960776862,0.0030040000000000067
2018-05-17,0.23101770418254597,0.23748174225932164,0.23957817256450653,0.01505687436879058,0.0024440000000000017
2018-05-18,0.23102447814312024,0.24264361485476157,0.24898819625377655,0.033692641728974626,-0.00793499999999997
2018-05-21,0.23070222160613876,0.24037829615112447,0.24472951889038086,0.04542450842837051,0.008662000000000003
2018-05-22,0.2309908762798337,0.2433881871905647,0.25256848335266113,0.0652755658732331,-0.005979000000000012
2018-05-23,0.22329216848679612,0.24196806503824153,0.25113239884376526,0.0670935738081303,0.03411200000000003
2018-05-24,0.21991863974019468,0.24047859184318127,0.24913421273231506,0.053084296003021086,0.022266000000000008
2018-05-25,0.21874914635824408,0.24567074478653386,0.2491491287946701,0.058031744150425696,0.007373000000000018
2018-05-29,0.21581408628046467,0.24527698180996396,0.2517748177051544,0.07591475150822499,-0.009003999999999956
2018-05-30,0.21552117997274373,0.2455829775567559,0.24853233993053436,0.05270783628043907,0.036331999999999975
2018-05-31,0.2166084705942775,0.24426490789666075,0.24747686088085175,0.04842061816893892,0.031586
2018-06-01,0.2168070202869673,0.24323442165463435,0.274440199136734,0.04837609614333224,-0.029781999999999975
2018-06-04,0.21417018001885055,0.24564911396084493,0.24378040432929993,0.07142352305381894,0.05106500000000003
2018-06-05,0.21095223731661364,0.2449206507107599,0.24444302916526794,0.06925645445619374,0.049292
2018-06-06,0.21331310695757,0.24970373325870115,0.2425108402967453,0.08016511382502509,0.054329000000000016
2018-06-07,0.21546956713445972,0.24372957691305105,0.24455945193767548,0.07225626101627125,0.054574999999999985
2018-06-08,0.21364054367856622,0.23692938086204013,0.24563579261302948,0.05248712973156766,0.041206999999999994
2018-06-11,0.21587727354506842,0.24259868142137278,0.24326008558273315,0.04633412267223261,0.03232299999999999
2018-06-12,0.2161491258444484,0.23879539906540242,0.23655050992965698,0.03362527242256544,0.031725
2018-06-13,0.2179478646823023,0.23871627548363777,0.23982977867126465,0.04181449585999911,0.024292999999999954
2018-06-14,0.2188865339935602,0.2379370548989461,0.24040587246418,0.036835683843714995,0.02475499999999997
2018-06-15,0.22196372650430404,0.24143774534389678,0.2389901727437973,0.06085649003098209,0.013336000000000015
2018-06-18,0.2237179971137096,0.24509473285576558,0.24030275642871857,0.07835915622835124,0.033557000000000003
2018-06-19,0.22420383808459807,0.25929698938853024,0.2402566522359848,0.09802824838852672,0.02287499999999998
2018-06-20,0.22487803272900206,0.26091666526647156,0.23913513123989105,0.0933003958019531,0.04206399999999999
2018-06-21,0.2264293375574027,0.26603618301420445,0.23922093212604523,0.10271952075806776,0.04358099999999998
2018-06-22,0.22886016818855626,0.25678328963695,0.24358899891376495,0.11804812044523605,0.03271099999999999
2018-06-25,0.23259898365712678,0.25738801880830253,0.24850475788116455,0.1545447179708801,0.03226800000000002
2018-06-26,0.23121998247465952,0.2537525759361433,0.24764983355998993,0.11128609606012413,0.030510999999999955
2018-06-27,0.22604452442132197,0.25253442885357713,0.2324492186307907,0.11035544248915521,0.001921000000000006
2018-06-28,0.22825612376311807,0.2507836461566745,0.23650062084197998,0.08740430955367248,0.023092
2018-06-29,0.2282946330353293,0.2456134992746123,0.23648038506507874,0.0808663067396827,0.020766000000000007
2018-07-02,0.24215573586742584,0.25156820229402843,0.2319633811712265,0.07772200127009726,0.038156999999999996
2018-07-03,0.255151232846829,0.25193714835357267,0.2316855937242508,0.09067308783984035,0.028538000000000008
2018-07-05,0.2543242225070577,0.25062900708542296,0.22994716465473175,0.08227561112241946,0.033864000000000005
2018-07-06,0.25265134547254814,0.2359850237194505,0.23081384599208832,0.05914571033798943,0.02356999999999998
2018-07-09,0.2544406559010968,0.2318408880949417,0.2216857522726059,0.05727921418110005,0.02068099999999995
2018-07-10,0.2570801982227721,0.22706615579667827,0.2207903265953064,0.05036222460983811,0.03406500000000001
2018-07-11,0.257863960235543,0.23427621883652988,0.22002249956130981,0.06675306641981218,0.013550000000000006
2018-07-12,0.2607973694292489,0.23062569352519294,0.22128736972808838,0.05416001324543146,0.02057600000000004
2018-07-13,0.26619435110868894,0.23097451834972435,0.22218309342861176,0.05514120376329526,0.00967800000000002
2018-07-16,0.27432710232072605,0.23133891033309736,0.2246818095445633,0.06026548956190114,0.020287
2018-07-17,0.27651497586450097,0.2326636667638892,0.226104736328125,0.07215008334137682,0.0026049999999999685
2018-07-18,0.2780241351389769,0.23032143699436392,0.2236553132534027,0.056174781131809765,0.017630999999999952
2018-07-19,0.2812832936818027,0.2323918540879536,0.22626863420009613,0.07395866616739247,0.004238999999999993
2018-07-20,0.2762065617845558,0.2314449582905853,0.22114914655685425,0.004979134341783542,0.005542999999999965
2018-07-23,0.278875268068914,0.23110040539784343,0.22312995791435242,0.010008846318605602,-0.0037780000000000036
2018-07-24,0.2791511133979328,0.23138765510148598,0.22171911597251892,-0.008490339067129482,0.016786000000000023
2018-07-25,0.2832718578522772,0.231112929628483,0.2128857672214508,-0.014868635177337997,0.008679999999999966
2018-07-26,0.2874286888019836,0.2291737270720855,0.21396350860595703,-0.008496359417827226,0.004539000000000015
2018-07-27,0.29137618961197437,0.2310100852271104,0.21725796163082123,0.007145570294108783,0.0033099999999999796
2018-07-30,0.2950460966402699,0.230198849048223,0.21283204853534698,0.016174038222420806,0.005377999999999994
2018-07-31,0.3084575726210323,0.2280536747846196,0.2124079167842865,0.009659424923483012,0.014343000000000022
2018-08-01,0.366557680350981,0.23058011260969755,0.24164563417434692,0.04272926359585391,-0.013919999999999988
2018-08-02,0.3752905476181035,0.22991492965541288,0.22154425084590912,0.028959159849674454,-0.004228999999999983
2018-08-03,0.38387357029161345,0.23092365982739033,0.2221987545490265,0.027203882356019837,-0.001808000000000004
2018-08-06,0.39165743422980526,0.2297436808479311,0.22139251232147217,0.0406940207919021,0.00011099999999999999
2018-08-07,0.3925832946333769,0.23168401456323473,0.22129981219768524,0.03289497304982619,0.0030829999999999746
2018-08-08,0.3928803243470793,0.23138467212952796,0.23680707812309265,0.053727181760108544,-0.019607000000000013
2018-08-09,0.39431757219997005,0.23411480266155418,0.23611654341220856,0.02925291894328752,-0.014158000000000004
2018-08-10,0.3964291213547077,0.23656147265210303,0.22135265171527863,0.05539922334719835,-0.0071450000000000125
2018-08-13,0.4164781796406346,0.23783471377942675,0.23000331223011017,0.07210428684803427,-0.002943000000000029
2018-08-14,0.42976116899402106,0.2374542128776461,0.22853250801563263,0.06729458224358958,-0.005321999999999993
2018-08-15,0.45479963968448717,0.23417305184781817,0.22946852445602417,0.06454738954717432,0.0009220000000000339
2018-08-16,0.4630881564824532,0.23511025447568548,0.22043265402317047,0.019782531930554487,0.004531000000000007
2018-08-17,0.4716370177158075,0.2361641573841333,0.22348743677139282,0.021656541359361903,-0.0065699999999999925
2018-08-20,0.4780186323151293,0.24241312056273548,0.22153683006763458,0.04586613848792084,-0.007154999999999995
2018-08-21,0.4832979887090641,0.2625117923069878,0.2412736564874649,0.13453986939953094,-0.08651199999999998
2018-08-22,0.4866411720762865,0.24601941391089863,0.23700250685214996,0.051569291196403605,-0.01075100000000001
2018-08-23,0.48776062283012095,0.2470324814627304,0.2228017896413803,0.05783763728907729,-0.0031059999999999977
2018-08-24,0.48978807027270105,0.24794071514489316,0.22332492470741272,0.0520934437166323,0.0012619999999999854
2018-08-27,0.49750620636146536,0.24635303361308256,0.22241796553134918,0.04046434149918074,0.009043999999999996
2018-08-28,0.49949531738087927,0.24766043851231076,0.22270061075687408,0.05049922190201947,0.0047599999999999865
2018-08-29,0.5009772488554262,0.24872055135452198,0.22288960218429565,0.04609326251241733,0.007432999999999995
2018-08-30,0.5069774687966815,0.2564817814388826,0.2281399965286255,0.10080395446000046,0.0043289999999999995
2018-08-31,0.5086747267884966,0.24903927879660429,0.22436872124671936,0.06278206166256672,0.006448000000000009
2018-09-04,0.5122289028632998,0.2501668086209578,0.22729675471782684,0.078019195891671,0.012924999999999964
2018-09-05,0.5145683288887491,0.24416916375658487,0.2272534966468811,0.07415007752552646,0.026040000000000008
2018-09-06,0.5149560140714528,0.25469019021907546,0.22498084604740143,0.07954649401904951,0.009330999999999978
2018-09-07,0.5178401760059811,0.26168480052712784,0.22679167985916138,0.11655233776635907,0.010792000000000024
2018-09-10,0.5220244810873294,0.25968950635474686,0.22684955596923828,0.08143622341180853,0.03104499999999999
2018-09-11,0.5278531769172863,0.26113868513759153,0.22780966758728027,0.08997554228007651,0.026473000000000024
2018-09-12,0.530452904546808,0.2598052526594229,0.2269444316625595,0.07503381044517221,0.027212000000000014
2018-09-13,0.5320724579141481,0.26026956618893554,0.22673654556274414,0.07651086694225406,0.044009999999999994
2018-09-14,0.5330452661644496,0.24839824011350944,0.22693932056427002,0.0630620542769603,0.011082999999999954
2018-09-17,0.5337848175972579,0.26020024023805177,0.2265709489583969,0.07668183210042523,0.012514999999999998
2018-09-18,0.5404620081986972,0.2615404918148912,0.2286391407251358,0.08083154447253066,0.01647900000000002
2018-09-19,0.5437837881562223,0.2581793870821028,0.22899238765239716,0.0592395336957065,0.008994999999999975
2018-09-20,0.5482994369690366,0.2599657229274072,0.22831983864307404,0.06884254580805108,0.0028659999999999797
2018-09-21,0.5503241176382982,0.26105327187607386,0.24221593141555786,0.0964594082425391,-0.01953900000000003
2018-09-24,0.5497590023381482,0.26240667197475576,0.22821871936321259,0.06620057930276305,0.02710399999999996
2018-09-25,0.5584109080380534,0.2625091226380385,0.2287493497133255,0.08067384418410922,0.029216999999999993
2018-09-26,0.5603876489141011,0.2626050573994142,0.22722966969013214,0.09399234425898861,0.01033400000000001
2018-09-27,0.5628668078534772,0.2594495868720106,0.22555187344551086,0.06085060010110521,0.295504
2018-09-28,0.5644282530995941,0.260085309724744,0.2256237268447876,0.06211173771657169,0.034985000000000044
2018-10-01,0.5668392608582222,0.25970094347153183,0.2402808517217636,0.06760195094238147,0.37834799999999996
2018-10-02,0.5656261627064652,0.25881560604780246,0.2394493967294693,0.03312648364444154,0.413363
2018-10-03,0.5664732685303406,0.2578069794794313,0.2385980784893036,0.020032829291405152,0.046831999999999985
2018-10-04,0.5710534967945898,0.25828136050511974,0.24026037752628326,0.024878118511438285,0.05208299999999999
2018-10-05,0.573877536272516,0.28188342257799087,0.24485968053340912,0.05328880649967016,0.062409999999999966
2018-10-08,0.5806752851941993,0.28191192954660105,0.24218933284282684,0.031231723376029974,0.259302
2018-10-09,0.5810959700334896,0.2864915319153606,0.248663529753685,0.04846157641460186,0.02814899999999998
2018-10-10,0.5805098574594,0.29066555145567863,0.24559257924556732,0.08259451627522318,0.042262999999999995
2018-10-11,0.5789043715518783,0.34577371743654034,0.2529154419898987,0.09755867635105903,0.09682199999999996
2018-10-12,0.5755167423972094,0.32379959197579833,0.26392611861228943,0.11005188975288327,-0.046779000000000015
2018-10-15,0.5754488275895036,0.3265181643629801,0.246696338057518,0.09256604225675047,0.054937000000000014
2018-10-16,0.5777778996544835,0.3325407774638694,0.24924622476100922,0.07427703298573707,0.048785999999999996
2018-10-17,0.5760962686244139,0.3243023628661607,0.24712079763412476,0.05136721009432277,0.054865
2018-10-18,0.5774277634154096,0.3297031627733353,0.24218609929084778,0.0376721147175379,0.05085400000000001
2018-10-19,0.576831991494281,0.32410491396151864,0.24539893865585327,0.02051180154744331,0.04777100000000001
2018-10-22,0.5787169972464913,0.3222670521544058,0.2440776228904724,0.04101834785902675,0.04580500000000004
2018-10-23,0.5776734739680421,0.3211000731782432,0.24307122826576233,0.05415951562147164,0.07103300000000001
2018-10-24,0.5765296093501292,0.3213641710813728,0.2466462105512619,0.09285295863375398,0.07050299999999998
2018-10-25,0.5792234287371786,0.3096782113660095,0.23362162709236145,0.11804752641703792,0.09486800000000001
2018-10-26,0.5801914588759178,0.30532438632551806,0.23482312262058258,0.1752550699434205,0.081399
2018-10-29,0.5883639630637814,0.2817295561640826,0.2437708079814911,0.14553919561185275,0.09493499999999999
2018-10-30,0.5576385033946387,0.2801987708942151,0.21360303461551666,-0.05978504947788932,0.06316900000000003
2018-10-31,0.5525137051564203,0.28104112165403755,0.2204897701740265,-0.0782326567454536,0.03729199999999999
2018-11-01,0.5483644457461634,0.27880714419642755,0.21514596045017242,-0.05175642135603209,0.021405000000000007
2018-11-02,0.5458926771090185,0.2720786085984071,0.21994136273860931,-0.039911300466675015,0.058114
2018-11-05,0.5468156745671926,0.27218061477851346,0.2199270874261856,-0.030953723863880844,0.05357900000000004
2018-11-06,0.5515998295406181,0.27997445187639747,0.22142349183559418,-0.05959185051055549,0.050375
2018-11-07,0.5519579934893658,0.2809904664569006,0.2191341519355774,-0.09957581215451389,0.04353000000000001
2018-11-08,0.551137373329876,0.27282382679142153,0.2195318192243576,-0.10055161927539774,0.041034000000000015
2018-11-09,0.5372985572023617,0.2858215978079235,0.21797215938568115,-0.024422741432663653,0.022765999999999953
2018-11-12,0.5273178753549984,0.2876722144967513,0.2186189591884613,0.05048136929148994,0.05154599999999998
2018-11-13,0.5044540236484408,0.28472438750905255,0.21811476349830627,-0.016671902622093837,0.04415400000000003
2018-11-14,0.4971959842026312,0.2862269565994946,0.21936506032943726,-0.0035396259846606215,0.02044899999999994
2018-11-15,0.4891702963756691,0.28650641547312483,0.22128130495548248,-0.030535284164923793,0.06015199999999998
2018-11-16,0.4828575153388629,0.28775390538516715,0.22126123309135437,-0.03723097603426273,0.02742699999999998
2018-11-19,0.47722716599546094,0.2870020133715719,0.22232681512832642,-0.06825962353276849,0.04105800000000004
2018-11-20,0.48175961335016837,0.2886024421328138,0.21760687232017517,-0.011008492154678473,0.023963999999999985
2018-11-21,0.4826072676621244,0.2876006971240956,0.22140346467494965,-0.10144675556610416,0.04127499999999995
2018-11-23,0.48191473454923756,0.28751661341297335,0.23896916210651398,-0.06239478436222767,-0.015337000000000045
2018-11-26,0.47576402557173353,0.28852973664879045,0.21783863008022308,-0.1112247747387547,0.04259199999999996
2018-11-27,0.47720877833617414,0.28738291956108847,0.21730577945709229,-0.10359122518998709,0.006553999999999949
2018-11-28,0.47652269009345444,0.2874548559400164,0.21576492488384247,-0.12396949244698585,0.03159599999999996
2018-11-29,0.48606971754055694,0.2962347658995133,0.23793292045593262,-0.02813897920364683,-0.17415100000000006
2018-11-30,0.491689864158574,0.29632152375226356,0.23767386376857758,-0.0018777174950319608,-0.11127799999999999
2018-12-03,0.4885526125832837,0.29231588057922925,0.23834097385406494,-0.06612392396123679,-0.201519
2018-12-04,0.4871713454679027,0.296458007127364,0.2411501556634903,0.020356596634911295,-0.265108
2018-12-06,0.492595158135827,0.2971808811483106,0.23583434522151947,0.07690843948268455,-0.20209700000000008
2018-12-07,0.49349390192022197,0.29493067747894514,0.2230229675769806,0.03380355088380216,0.0835189999999999
2018-12-10,0.4889497650544776,0.2968795793224466,0.2333528697490692,-0.003000351119489486,-0.31063399999999997
2018-12-11,0.48379199355980645,0.2940993218239424,0.23175746202468872,-0.008959385810058729,-0.430995
2018-12-12,0.48398143849189296,0.29636859225924445,0.23419146239757538,-0.009730674270063577,-0.386065
2018-12-13,0.4825149690127792,0.296196397069207,0.2314576953649521,0.06210705787339743,-0.287732
2018-12-14,0.48064384522110176,0.29712819025346743,0.2331572324037552,0.07935502062405253,-0.28034100000000006
2018-12-17,0.4795584695933033,0.2973915827810163,0.23440773785114288,0.1002081633941454,-0.24933000000000005
2018-12-18,0.4722771372303657,0.299540526565446,0.23596855998039246,0.12205349657002784,-0.24597999999999998
2018-12-19,0.46783490433948066,0.2969275113412111,0.21920563280582428,0.10165992280378922,0.11029299999999997
2018-12-20,0.46333160701852605,0.30013458443246416,0.21631868183612823,0.18577419278420004,0.08520000000000005
2018-12-21,0.4599052771134745,0.3012900276800063,0.23004260659217834,0.22674241666321782,-0.3726840000000001
2018-12-24,0.4596917555591966,0.3026495398469594,0.21684397757053375,0.22851274142548395,0.12154900000000002
2018-12-26,0.4478892052545935,0.29942836786550153,0.22106227278709412,0.8382228553603558,0.02629400000000004
2018-12-27,0.44386833369732487,0.2975126782039772,0.22038477659225464,0.15008995949800363,0.12888100000000002
2018-12-28,0.43874054763485454,0.29648299324173466,0.21795032918453217,0.13347615638887622,0.10990500000000003
2018-12-31,0.4365641918909587,0.2958538180128343,0.21514271199703217,0.12602777790468445,0.12704500000000007
2019-01-02,0.4255391876318488,0.29400058944427315,0.21495649218559265,0.11399666968608402,0.12232799999999999
2019-01-03,0.41948414747929585,0.2938465167043154,0.2087329626083374,0.12388999157566061,0.10531799999999991
2019-01-04,0.4172239012946338,0.2934100012271026,0.2150033861398697,0.07688817061935227,0.1194940000000001
2019-01-07,0.4141018719444639,0.2892892079044819,0.2115354686975479,0.039540949597934416,0.08725800000000006
2019-01-08,0.41043811375195316,0.410554163534238,0.29339104890823364,0.04899999079306472,0.06542500000000007
2019-01-09,0.39963157927230264,0.41111181196339525,0.29380175471305847,0.0328035604271012,0.05168800000000007
2019-01-10,0.398239253868576,0.40389258898680086,0.28460830450057983,-0.017090714325303735,0.083619
2019-01-11,0.39759438988932416,0.40402446355084903,0.28708887100219727,-0.020254531815424914,0.09769099999999997
2019-01-14,0.3980729651363451,0.4018031942047749,0.2854043245315552,-0.020017684724821794,0.07816599999999996
2019-01-15,0.39809284944316337,0.40057934567170617,0.28768256306648254,0.01921977297288524,0.08779900000000007
2019-01-16,0.39657108492240806,0.3990881170653558,0.28284475207328796,0.007188704737547957,0.09527600000000003
2019-01-17,0.39277459136442666,0.39687277166372614,0.27816322445869446,0.007249728866979388,0.09347799999999995
2019-01-18,0.39272456520134125,0.39086695092856777,0.2712506949901581,-0.02170508739946908,0.073961
2019-01-22,0.38982989870317725,0.3973358112901991,0.2768155634403229,0.030732575215279057,0.07328800000000002
2019-01-23,0.38866874477242425,0.393162921449218,0.27455228567123413,0.035610552790784344,0.07617499999999999
2019-01-24,0.38664040514867576,0.38954055398650844,0.2717060446739197,0.046647585172748585,0.06537099999999996
2019-01-25,0.3868446366703404,0.3736463137514024,0.2672939896583557,0.021127153597971238,0.08350599999999997
2019-01-28,0.38541649821081875,0.3638444099256173,0.2725052833557129,0.06473522929667547,0.08857500000000007
2019-01-29,0.38581492701987136,0.3642066847526038,0.2688595950603485,0.07697990093525414,0.09530800000000006
2019-01-30,0.38376630873157025,0.3655091412966478,0.26673316955566406,0.10005932829787634,0.07827200000000001
2019-01-31,0.36114886042380634,0.3653533441025769,0.2558068037033081,-0.09951029829142338,0.050821000000000005
2019-02-01,0.35617940402211024,0.36022370873191095,0.26033198833465576,-0.11262779881547885,0.05222199999999999
2019-02-04,0.3560273021239504,0.3601019616425808,0.2548838257789612,-0.12565498961861993,0.046840999999999966
2019-02-05,0.35425190835770815,0.3615178517574362,0.2643839418888092,-0.135526390275864,0.047375999999999974
2019-02-06,0.3499452425962126,0.36652944987091907,0.2678377032279968,-0.11599700943870545,0.029818999999999984
2019-02-07,0.3475042291130138,0.3768741639205334,0.2751135528087616,-0.08994955355431106,0.036663999999999974
2019-02-08,0.34362282062241306,0.3814705271440979,0.27630940079689026,-0.03556645135780151,0.06177899999999997
2019-02-11,0.3429751434918105,0.3880177457435248,0.29158341884613037,0.05343516916289237,-0.12592799999999998
2019-02-12,0.3437487917717161,0.39049532267773945,0.294826865196228,0.031159861576203485,-0.11536599999999997
2019-02-13,0.34268489644088135,0.3842922880366896,0.2908093333244324,0.021324598667944394,-0.11737199999999998
2019-02-14,0.3418748738105934,0.3865565497043402,0.29841774702072144,0.07369620393263654,-0.148173
2019-02-15,0.34145802025955047,0.38258616767521086,0.2945437729358673,0.07356221746063113,-0.15524900000000003
2019-02-19,0.3428307827630734,0.3801469265898735,0.2970952093601227,0.0860594123501347,-0.14947699999999997
2019-02-20,0.34318359646245056,0.381092894722746,0.3020646572113037,0.08704010457895289,-0.15369100000000002
2019-02-21,0.3437178277938269,0.3872595757546314,0.30525532364845276,0.12157372704758634,-0.14604699999999998
2019-02-22,0.34547244250197184,0.3816557623693114,0.3035038709640503,0.11955375697708609,-0.143949
2019-02-25,0.33498494174901977,0.3912769124074097,0.3086150586605072,0.16820507095835163,-0.15926099999999999
2019-02-26,0.334226409670248,0.3905029292746938,0.3088565766811371,0.16627186609459343,-0.15926099999999999
2019-02-27,0.3340221685362162,0.38007776267826204,0.2816990911960602,-0.06294225792772246,0.03536199999999995
2019-02-28,0.3319777218428692,0.38548228992095934,0.28124988079071045,-0.03847488189242998,0.04340700000000003
2019-03-01,0.32707598957388695,0.39315883426510495,0.2824450135231018,-0.023736130909707165,0.054732999999999976
2019-03-04,0.32609602736776266,0.37974878275360735,0.28634709119796753,0.047150728701935374,0.060334
2019-03-05,0.3029146228816708,0.3900926355199299,0.3079814910888672,0.1072133692297133,-0.13987899999999998
2019-03-06,0.2918229872076,0.41075818333551717,0.3140895664691925,0.1060557537917241,-0.13975800000000005
2019-03-07,0.29210496346012077,0.39032376683942344,0.2875680923461914,0.07785257829486475,0.009062000000000014
2019-03-08,0.2895115683646099,0.3902199212909802,0.2932351529598236,0.09021985680596573,0.040456999999999965
2019-03-11,0.2816854701255719,0.38924746703029095,0.3021358847618103,0.055979818260258885,-0.26066100000000003
2019-03-12,0.2761012463062887,0.3896974939873968,0.2962631583213806,0.027323938809578896,-0.08028499999999994
2019-03-13,0.2776418186161988,0.3838024507356763,0.2827696204185486,0.033190652424527345,0.06900399999999995
2019-03-14,0.2768808012240013,0.3830503126880019,0.2891427278518677,-0.008420805957778443,0.06965699999999997
2019-03-15,0.2702052145272355,0.38126198864170935,0.2839345633983612,-0.053088565453881964,0.017336000000000018
2019-03-18,0.2683929715702494,0.38068559666820323,0.28109902143478394,-0.07998036065388425,0.007058999999999982
2019-03-19,0.26846305427409783,0.38696159397213636,0.30363887548446655,-0.05200143286434472,-0.062253
2019-03-20,0.26933061635638433,0.3800428248282215,0.30031153559684753,-0.0647694952759243,-0.040117000000000014
2019-03-21,0.26921683342244557,0.3828618521164021,0.2894173264503479,-0.0651800909256417,0.013635000000000008
2019-03-22,0.2684569286942004,0.3847481136311719,0.29037606716156006,-0.042239365808554585,0.020365999999999995
2019-03-25,0.2662582890203868,0.38568313570474333,0.30521729588508606,-0.05687839254460669,-0.02745000000000003
2019-03-26,0.2662321518578913,0.38018749902114657,0.2832127511501312,-0.0707961469587211,0.02568699999999996
2019-03-27,0.2649337646908402,0.38017121338634224,0.2866329848766327,-0.07187506587862275,0.03836799999999996
2019-03-28,0.2640919657505187,0.382069487555973,0.2866423428058624,-0.0606408561160201,0.04614299999999999
2019-03-29,0.2639249595345163,0.37654273570576263,0.2843991816043854,-0.06077320520361579,0.04772799999999999
2019-04-01,0.2646859747795678,0.3661130903728482,0.2826428711414337,-0.0466217104239135,0.049553000000000014
2019-04-02,0.2641929637988209,0.3816499346149384,0.28311440348625183,-0.04122198480023975,0.047655
2019-04-03,0.2625450044511819,0.37102549403839763,0.2855028212070465,0.029598247894354113,0.045565999999999995
2019-04-04,0.26292313348262486,0.372584033093368,0.28356653451919556,0.09525505385243671,0.05973400000000001
2019-04-05,0.2637508091937789,0.38205117451219767,0.29639241099357605,0.13523398234121942,0.054568000000000005
2019-04-08,0.2589306427373074,0.38746691540763495,0.2978091835975647,0.18315148717937407,0.06813000000000002
2019-04-09,0.25777157643086196,0.2961497336764649,0.26289132237434387,0.22534324601196548,0.07108700000000001
2019-04-10,0.2578551300257086,0.29517952828506216,0.24524588882923126,0.23933490170007038,0.07382900000000003
2019-04-11,0.25787747574939396,0.2969980898755718,0.2474527508020401,0.2370499719270644,0.06351499999999999
2019-04-12,0.25719044362629623,0.27783233167161153,0.24625353515148163,0.22502159785501002,0.06064999999999998
2019-04-15,0.2545922093008906,0.27863866396880915,0.24629820883274078,0.24409296819835197,0.05705699999999997
2019-04-16,0.25446334079623617,0.2745697539515052,0.2549915909767151,0.20247699876178876,0.06652600000000003
2019-04-17,0.2558103836670482,0.27483984511524817,0.2568095326423645,0.21539855626373877,0.050973000000000046
2019-04-18,0.25546483696239264,0.273880478457102,0.24710148572921753,0.19188922277252551,0.06776599999999999
2019-04-22,0.2547969676082874,0.2723584366063699,0.2587561309337616,0.20064238683636434,0.05978799999999995
2019-04-23,0.2560263577916547,0.2734485819388022,0.24515877664089203,0.21740416040968216,0.05683499999999997
2019-04-24,0.2557602503518972,0.27390489411897134,0.241531103849411,0.22559653586760892,0.060760999999999954
2019-04-25,0.2554803179842745,0.2749975112432667,0.24260808527469635,0.24903517576344225,0.05416299999999996
2019-04-26,0.25297620271734733,0.27229190021884375,0.2439723014831543,0.23330189012585123,0.07596000000000003
2019-04-29,0.2531503895898849,0.2952118023276765,0.24519437551498413,0.2585480772652191,0.08271500000000004
2019-04-30,0.24363994971746594,0.2657332538355828,0.240463986992836,0.10651316256342941,0.064475
2019-05-01,0.25710231502444547,0.26492106585322966,0.2441994547843933,0.1117946394598539,0.031988000000000016
2019-05-02,0.26062790567617666,0.2678065731572217,0.24733878672122955,0.053236452229603104,0.05753400000000003
2019-05-03,0.2619181097066214,0.2663723239443599,0.24650083482265472,0.04625079291567391,0.056318000000000035
2019-05-06,0.2612123167139292,0.26754889650001934,0.24662575125694275,0.06532813762910711,0.049767000000000006
2019-05-07,0.26179800293315203,0.2722140021595347,0.2663711607456207,0.09713212543899447,0.052209000000000005
2019-05-08,0.26341280069036765,0.2725540272508934,0.2533330023288727,0.10464006999446068,0.05392399999999997
2019-05-09,0.26399827326066294,0.27245342405191486,0.25553321838378906,0.1058493306273085,0.05077299999999996
2019-05-10,0.260136963335841,0.2729943703194438,0.251602441072464,0.07901513845615815,0.04783799999999999
2019-05-13,0.258733426588644,0.27559132406829934,0.26266762614250183,0.11041798110526435,0.028428999999999982
2019-05-14,0.2612873998236627,0.2729280724348697,0.2680165469646454,0.0667529451572475,0.04977600000000004
2019-05-15,0.2626197861618955,0.2769470065808523,0.2611372470855713,0.07583685323385764,0.036474000000000006
2019-05-16,0.300841427570104,0.2769470065808523,0.2692863345146179,0.052581901149651666,0.040749000000000035
2019-05-17,0.30310038183408794,0.276716187801609,0.2692725956439972,0.05952842794317953,0.02899099999999999
2019-05-20,0.30241320724029913,0.276716187801609,0.2756102681159973,0.06496360047486394,0.042491999999999974
2019-05-21,0.30348754691987145,0.27681934024277954,0.2744700312614441,0.0573789814332642,0.04577800000000004
2019-05-22,0.305670981242925,0.2793475065067347,0.2722306251525879,0.0788306529477974,0.02340199999999998
2019-05-23,0.3048244415841369,0.2835927237716671,0.27272653579711914,0.10572776317892202,0.036621000000000015
2019-05-24,0.3089980670668711,0.2783836600305406,0.275034099817276,0.08076187729235651,0.03075899999999998
2019-05-28,0.30803051864228764,0.28130720935336406,0.27198493480682373,0.08744944576530717,0.032476000000000005
2019-05-29,0.3069792772263695,0.2773619189312572,0.27555739879608154,0.1028104430249826,0.051229000000000025
2019-05-30,0.3082389144457426,0.28071059944498034,0.25503063201904297,0.10825665532019868,0.041090000000000015
2019-05-31,0.30924673010682263,0.2828996548465956,0.2569582164287567,0.12020922649037674,0.04176799999999997
2019-06-03,0.3082907554574671,0.2873549554439949,0.2589278519153595,0.12939307038426817,0.05691400000000002
2019-06-04,0.30906121912593026,0.28225076658863213,0.25626152753829956,0.0917460720229612,0.05990400000000001
2019-06-05,0.311934512600658,0.2809938695409361,0.26590120792388916,0.10067550110506773,0.04189100000000001
2019-06-06,0.31652590403279585,0.28030666902446655,0.2564869523048401,0.10109517772832649,-0.0005580000000000029
2019-06-07,0.31721585922191936,0.2812742563521769,0.2590738832950592,0.0831897049135788,0.039105
2019-06-10,0.31619894892066785,0.28140464790035596,0.25615906715393066,0.07809509138694704,0.031266000000000016
2019-06-11,0.31792703631185404,0.2799087301968643,0.25946280360221863,0.09180201314074876,0.04276000000000002
2019-06-12,0.31681409287821816,0.28069412379354985,0.25700080394744873,0.07936594692153753,0.038459999999999994
2019-06-13,0.3173187027702102,0.2837809201018206,0.2538973093032837,0.07803005643300293,0.043179999999999996
2019-06-14,0.32007893659581027,0.2838910757316492,0.25332123041152954,0.09753277019296924,0.020536
2019-06-17,0.3212162885117849,0.2837934785712236,0.25397583842277527,0.10205834002271835,0.028364
2019-06-18,0.3205932746920599,0.27991947557635927,0.2537221610546112,0.09534140067831304,0.03136300000000003
2019-06-19,0.3201986212637397,0.28056892440208464,0.25345876812934875,0.09622005100919295,0.023275999999999963
2019-06-20,0.31998013429771316,0.279185709974292,0.2506399154663086,0.07613154922139681,0.01505200000000001
2019-06-21,0.3200141782845399,0.2781250785542603,0.24955011904239655,0.07025036951752006,0.022533000000000025
2019-06-24,0.3196902769850679,0.27874181538100057,0.2507160007953644,0.07466851623678833,0.032379999999999964
2019-06-25,0.32108137477592463,0.2788300670974506,0.2520865797996521,0.08515532124740838,0.03336499999999998
2019-06-26,0.3214673715648002,0.2769178178422723,0.250283420085907,0.0917956787059423,0.032533000000000034
2019-06-27,0.322492412921596,0.27869250904432635,0.24902474880218506,0.08966466978945861,0.03570300000000004
2019-06-28,0.3234939500934327,0.2804353105118782,0.2488410621881485,0.0947445677626026,0.047148999999999996
2019-07-01,0.3229030268880639,0.27985645951907934,0.2495759129524231,0.1051533254318738,0.03965200000000002
2019-07-02,0.3295619772636716,0.2818532938747291,0.24985504150390625,0.0970509436354057,0.042516
2019-07-03,0.3309871372409428,0.2818605964493433,0.25162243843078613,0.10577202430869848,0.04441299999999998
2019-07-05,0.33756505169590323,0.28039294740993387,0.25120028853416443,0.12049961663075362,0.04234100000000002
2019-07-08,0.3372226160569078,0.27945609589358916,0.25158101320266724,0.15480500132420477,0.03361700000000001
2019-07-09,0.33696707181742747,0.2777026190020567,0.2530912160873413,0.1419413627213221,0.04173899999999997
2019-07-10,0.33631791056997445,0.2940030429801739,0.2599157989025116,0.1420131425415767,0.037024999999999975
2019-07-11,0.336003189730217,0.29452678758008344,0.26050907373428345,0.14808296916239758,0.038777000000000006
2019-07-12,0.33648252800468176,0.29093466110151284,0.26079392433166504,0.13452986504313122,0.043821
2019-07-15,0.33903773418666594,0.29436972634119396,0.2593114674091339,0.1423827123058054,0.04442299999999999
2019-07-16,0.3397923432689138,0.2792656450567314,0.26050567626953125,0.14234079439292427,0.033926999999999985
2019-07-17,0.3418144693550842,0.2925972125310461,0.25367799401283264,0.17296126169240356,0.00864699999999996
2019-07-18,0.34231562739522053,0.2844030374329403,0.25689759850502014,0.16526667498431194,0.044518
2019-07-19,0.34281215448723096,0.28397367010792157,0.25750595331192017,0.18027868680070736,0.024278999999999995
2019-07-22,0.34319099802311387,0.2828297555895367,0.2551391124725342,0.16638142310393586,0.039725999999999984
2019-07-23,0.34512181991242125,0.2796476679053345,0.25218212604522705,0.1709568840124,0.03910199999999997
2019-07-24,0.34978170609595627,0.2837804058904926,0.25581297278404236,0.17186703419479019,0.04042599999999996
2019-07-25,0.34909711777365876,0.2963876022113803,0.2566758096218109,0.17646499450846628,0.03406999999999999
2019-07-26,0.3502860818964916,0.2925899372799495,0.2562144100666046,0.168410324707736,0.034057000000000004
2019-07-29,0.3503793620267542,0.31834642950150477,0.256584495306015,0.17943297900568753,0.02119700000000002
2019-07-30,0.34887642676601344,0.31771117200834353,0.2546781599521637,0.1718547723448162,0.029774999999999996
2019-07-31,0.337568329113523,0.28760642011803217,0.2525753080844879,0.07712210255842156,0.027893999999999974
2019-08-01,0.3424462364630983,0.350569503106573,0.2574724555015564,0.10695136946595285,0.010929999999999995
2019-08-02,0.3439001035287057,0.31327610414575174,0.26085296273231506,0.09043138580556875,0.05510100000000001
2019-08-05,0.3440751409862537,0.36249210075311605,0.2702946662902832,0.10905918720152041,0.04645199999999999
2019-08-06,0.34428321172407467,0.3360845547359367,0.272391676902771,0.09405432510007045,0.04924200000000001
2019-08-07,0.34387586904878936,0.31844415231103423,0.27716493606567383,0.08761066088540903,0.05003200000000002
2019-08-08,0.344690354238542,0.3073051790357099,0.2671210467815399,0.061985904201083075,0.03950799999999999
2019-08-09,0.34351333743494133,0.333546516694693,0.27765515446662903,0.08729076144358444,0.03455899999999995
2019-08-12,0.34515172046640213,0.32013791028788174,0.2769513428211212,0.08702034054028845,0.058920999999999946
2019-08-13,0.3423712105207292,0.3037825741060507,0.27283936738967896,0.03363050990485156,0.03304699999999999
2019-08-14,0.34121457820313494,0.353841682163989,0.2785983383655548,0.10371028336713961,0.03633900000000001
2019-08-15,0.3073635139094955,0.3726939652012816,0.27955520153045654,0.26677166078652154,0.184651
2019-08-16,0.30459466431824744,0.36149134611347006,0.28540486097335815,0.050814103611932615,0.11846099999999998
2019-08-19,0.3032673283550422,0.35712231846245923,0.2815743088722229,0.028472882537979027,0.08143499999999998
2019-08-20,0.3020406266508749,0.36082043121908797,0.276716411113739,0.0527789335412287,0.08322500000000005
2019-08-21,0.29996261218793263,0.35927297773995537,0.27678197622299194,0.037721130380016954,0.07523100000000005
2019-08-22,0.2993008101238039,0.35905035241982997,0.2766996920108795,0.029439714737715783,0.08420999999999995
2019-08-23,0.29528198480444706,0.3696043571691467,0.2800132930278778,0.059244228864501536,0.08427299999999999
2019-08-26,0.294834696272006,0.3673513057916554,0.28198984265327454,0.041953410987590756,0.086013
2019-08-27,0.2954455797452982,0.37074174264088866,0.27795037627220154,0.04795455460351611,0.07464599999999999
2019-08-28,0.2944507810587162,0.36874184164634993,0.280516117811203,0.026397581278905735,0.08409499999999998
2019-08-29,0.2935313702075098,0.3335756585738978,0.2859247028827667,0.01786888402169151,0.06734299999999999
2019-08-30,0.2933831354382071,0.30273838882651993,0.27935487031936646,0.021768509294164573,0.08358499999999996
2019-09-03,0.29398118492518205,0.3037538566737115,0.26814454793930054,0.024394217609071234,0.070739
2019-09-04,0.291837808448022,0.2976312490777641,0.2717101275920868,-0.006610964077614023,0.05537000000000003
2019-09-05,0.2861318298771664,0.29837305718084406,0.2839773893356323,-0.008070194827489663,0.03430000000000005
2019-09-06,0.28461912655265115,0.2972431229287869,0.2767918109893799,-0.027677325697702704,0.06125200000000003
2019-09-09,0.28265873542591646,0.2908191122446761,0.2817232012748718,-0.022229823066441834,0.04827300000000001
2019-09-10,0.2794464931744028,0.28372846619136877,0.28300741314888,-0.022297261901745746,0.055981
2019-09-11,0.27741547975031194,0.29533829302288434,0.27812474966049194,-0.05421238722521421,0.05669000000000002
2019-09-12,0.27503867581498725,0.28762725190846217,0.28225013613700867,-0.04126678541845463,0.055564
2019-09-13,0.27388960013741837,0.2777466769816977,0.25643032789230347,-0.05776940632927646,0.05222300000000002
2019-09-16,0.27292466730949466,0.26903060296423464,0.2582147717475891,0.04755357094921775,0.04933000000000004
2019-09-17,0.2734754765530394,0.27605453797494256,0.2643088400363922,0.048735562855817205,0.04470299999999999
2019-09-18,0.2723652272588848,0.27838480730407295,0.26705750823020935,0.036379781390422694,0.06915500000000002
2019-09-19,0.2729072596327069,0.28205284574860023,0.2668795585632324,0.029608685528196177,0.043523000000000034
2019-09-20,0.27240713967730357,0.2793448454701488,0.26897871494293213,0.039920094467926215,0.047812999999999994
2019-09-23,0.273029986600418,0.2768137947030976,0.27005499601364136,0.052592144474992886,0.05917
2019-09-24,0.27055806751563005,0.3395434138113489,0.271105021238327,0.13626127175423236,0.062444
2019-09-25,0.2690785469021319,0.28641757828089753,0.27318963408470154,0.1245461077891018,0.07073500000000005
2019-09-26,0.26738652191166723,0.29513594816306704,0.2689743638038635,0.11658108921832022,0.06561
2019-09-27,0.26610315415559516,0.34930799287578695,0.2570001482963562,0.1509536742925015,0.05757199999999996
2019-09-30,0.26613522763255354,0.35227492073694844,0.258510023355484,0.1530989581897263,0.05464600000000003
2019-10-01,0.2577705513029992,0.3604821391986153,0.2599210739135742,0.1641144667054591,0.07703299999999996
2019-10-02,0.2597309364715694,0.36144745812442763,0.2605789303779602,0.19134204310222946,0.08315999999999996
2019-10-03,0.2527850148304806,0.3685014513590209,0.26382994651794434,0.17655141231964938,0.094358
2019-10-04,0.253319982526594,0.34827143121262866,0.2736421227455139,0.18226912232826736,0.07418400000000003
2019-10-07,0.25424452792261554,0.3585109635054063,0.2761475443840027,0.18754313889504165,0.06337100000000007
2019-10-08,0.2538610416803317,0.309016479140044,0.2584090530872345,0.20784527714948148,0.06768599999999997
2019-10-09,0.25428543135057463,0.30562115166067716,0.26612794399261475,0.21073102274495997,0.07576
2019-10-10,0.2546391377757707,0.29848877347855785,0.255653440952301,0.19653856154311333,0.07638299999999998
2019-10-11,0.2535089785078849,0.2954566545247977,0.2705173194408417,0.16066917648243723,0.06592999999999999
2019-10-14,0.2525289089477094,0.29562752509518175,0.2651914060115814,0.17207183712856194,0.05244099999999996
2019-10-15,0.24897442787094728,0.302702846874737,0.2682122588157654,0.12538365513952499,0.06772
2019-10-16,0.24676636541855734,0.30043929881865317,0.27561846375465393,0.12559151018484194,0.05112899999999998
2019-10-17,0.2459090368594671,0.2900940513703316,0.23058725893497467,0.10158760341109557,0.054589
2019-10-18,0.24580756432741618,0.2927058704121373,0.2575795352458954,0.11142299311213516,0.04605400000000004
2019-10-21,0.24200840232812193,0.2939096752035744,0.2628467381000519,0.09486547212314961,0.05344299999999996
2019-10-22,0.23651896109718032,0.2896562172937578,0.26110216975212097,0.08521095368881815,0.06711
2019-10-23,0.2365856472478952,0.28782780437223954,0.2608047127723694,0.08807511347211205,0.05298900000000001
2019-10-24,0.23531739758613646,0.28526337700599763,0.26287713646888733,0.08534532542173223,0.06079899999999999
2019-10-25,0.2368276710243665,0.28056698325568086,0.26603060960769653,0.08202347735141396,0.050109000000000015
2019-10-28,0.24005264153646977,0.2643870108607789,0.21632921695709229,0.09147400063122901,0.06412700000000005
2019-10-29,0.24357482874930414,0.25988849324004554,0.21206721663475037,0.1090005274575469,0.05093399999999998
2019-10-30,0.23216148744986878,0.20553815083720783,0.17111952602863312,-0.004641303356687665,0.049287000000000025
2019-10-31,0.23133723809325907,0.20420651379240184,0.1682220995426178,-0.012637836625876031,0.039408
2019-11-01,0.2311324434790972,0.20111778462117416,0.17277759313583374,-0.018112751810379524,0.039109000000000005
2019-11-04,0.2301605759384183,0.20818365598623131,0.1800798773765564,-0.006622048495708355,0.03861199999999998
2019-11-05,0.2286675786917635,0.2077298408650832,0.18131914734840393,-0.007122379782596777,0.04562699999999997
2019-11-06,0.226692009438342,0.2002061958240609,0.1791471689939499,-0.005750694716510685,0.03456300000000001
2019-11-07,0.2268586414117195,0.19498267583993217,0.18049100041389465,-0.016273472442689174,0.04400200000000004
2019-11-08,0.224156212939156,0.1993013485927353,0.1716860830783844,-0.028620066828253576,0.03955599999999998
2019-11-11,0.22476871828086376,0.2025087742903931,0.17140498757362366,-0.01845632700535449,0.03572700000000001
2019-11-12,0.22354299914782633,0.20035768216080221,0.17661252617835999,-0.03066819664980075,0.03611500000000001
2019-11-13,0.2247182172388406,0.20289663137704475,0.18085934221744537,-0.010060445350279223,0.029669999999999974
2019-11-14,0.226122235291929,0.1970317071821843,0.16964909434318542,-0.009922406566299113,0.030783000000000005
2019-11-15,0.22857009284156746,0.19762476079575814,0.17498153448104858,-0.04029012650123365,0.032465999999999995
2019-11-18,0.2293464449759558,0.1961380249830703,0.16723833978176117,-0.027294321122877996,0.03345899999999996
2019-11-19,0.2275063318043294,0.1994979207259169,0.16835321485996246,-0.012811072729680961,0.032959000000000016
2019-11-20,0.23167581079648297,0.22227919215188605,0.1660444736480713,0.013482794869158377,0.036019999999999996
2019-11-21,0.24069389422638343,0.22193901973896094,0.17188504338264465,0.014619563576623584,-0.03936899999999999
2019-11-22,0.2528007897939989,0.21329626993124812,0.16772305965423584,0.0039488772396108485,0.039863999999999955
2019-11-25,0.2632887746297474,0.20486005629193355,0.165989950299263,0.021377662846011947,0.016706999999999972
2019-11-26,0.29609225959895763,0.2039491518645029,0.16771285235881805,-0.0016865624391072531,0.02386699999999997
2019-11-27,0.3043362384461799,0.19746138999115448,0.16690868139266968,0.006251301355584937,0.024187000000000014
2019-11-29,0.314462041938377,0.22770818656630437,0.17237646877765656,0.05297552434592934,0.02848600000000001
2019-12-02,0.3157878822715173,0.22760881492399035,0.17240957915782928,0.0705064122958668,0.029764000000000013
2019-12-03,0.3251258043136094,0.2168114536972716,0.1660454422235489,0.08669725669672507,0.030303999999999998
2019-12-04,0.3325756590588164,0.2025462201071792,0.16616907715797424,0.0579763534722228,0.030511999999999984
2019-12-05,0.3442349162647735,0.21267885229460307,0.1691841334104538,0.06662320477717545,0.02613700000000002
2019-12-06,0.361894653870214,0.22811016353398145,0.17041432857513428,0.05188291784223267,0.03376699999999999
2019-12-09,0.36599679813508723,0.22970990248196882,0.16974639892578125,0.058844247806850714,0.028013999999999983
2019-12-10,0.4094855574120976,0.2277967851077302,0.16934773325920105,0.06903541654684106,0.03304299999999999
2019-12-11,0.43847833912205264,0.22719861537889408,0.16767117381095886,0.07156419846237244,0.02916799999999997
2019-12-12,0.4445023348770211,0.22735937224328304,0.16434115171432495,0.08191519733906699,0.01794499999999999
2019-12-13,0.4916535438685225,0.22610343089448695,0.16298985481262207,0.07347747559284087,0.021535000000000026
2019-12-16,0.5301458842502663,0.2212515090496947,0.16347357630729675,0.07901715611721977,0.02413399999999999
2019-12-17,0.5546516507118165,0.2133812920533236,0.1626920998096466,0.06234557664350174,0.024739999999999984
2019-12-18,0.560857851835698,0.21382473232207624,0.16265907883644104,0.07284858260813237,0.018412999999999957
2019-12-19,0.5723131041280705,0.20912957152705644,0.15271122753620148,0.07790394582819454,0.01923199999999997
2019-12-20,0.5812086313141938,0.2083111640810594,0.15289601683616638,0.07689877741779652,0.013977000000000017
2019-12-23,0.6132790395610566,0.21682846255471414,0.1613459438085556,0.0857431708314843,0.027388999999999997
2019-12-24,0.6245309862763371,0.21513590207760738,0.16269508004188538,0.09839950350729215,0.03558499999999998
2019-12-26,0.6272834142389041,0.22379141904874103,0.16416619718074799,0.1224640529282866,0.037863000000000036
2019-12-27,0.63413374540874,0.2257424139479442,0.16397914290428162,0.13508145017130802,0.037317000000000045
2019-12-30,0.6371016021087123,0.22767124601535335,0.1627950817346573,0.1424518551270897,0.04390100000000002
2019-12-31,0.64053606302454,0.22412669318401104,0.16449399292469025,0.14952035201416847,0.04780699999999999
2020-01-02,0.6503890344938116,0.23765904284383724,0.16374728083610535,0.15933264743546174,0.030846999999999958
2020-01-03,0.654354122615527,0.22095074515958243,0.16121575236320496,0.17603335071370096,0.034003000000000005
2020-01-06,0.6569583869171701,0.2360494356021888,0.16429081559181213,0.17275122937362997,0.04025299999999998
2020-01-07,0.662281330128295,0.24382864772263288,0.16536186635494232,0.15914479654893515,0.03091499999999997
2020-01-08,0.6646021763524669,0.40354337733791235,0.21260327100753784,0.15980763655695207,0.023484999999999978
2020-01-09,0.6676888403670742,0.3747279881929501,0.21238894760608673,0.1452159199090469,0.03531899999999999
2020-01-10,0.6707859286255535,0.37917403157455876,0.21012519299983978,0.14556260492508766,0.033465999999999996
2020-01-13,0.6737666457643765,0.35677272889752953,0.21047569811344147,0.14251189981514512,0.036499000000000004
2020-01-14,0.677111691474361,0.32517670238360186,0.18743208050727844,0.1509587270658346,0.02448800000000001
2020-01-15,0.679496768508229,0.31633003891141015,0.18693451583385468,0.15949124447584778,0.017664000000000013
2020-01-16,0.6877772415700282,0.3075382878174528,0.1828712671995163,0.14693014554703682,0.01777599999999996
2020-01-17,0.6900296240636838,0.3247050888992745,0.1815253645181656,0.13061798937468597,0.025704000000000005
2020-01-21,0.6922180081432887,0.308588692722109,0.18117021024227142,0.1502444665369492,0.02594599999999997
2020-01-22,0.6930615219177781,0.31796317876885427,0.18276084959506989,0.1790817132115577,0.0033039999999999736
2020-01-23,0.69549098872337,0.3231998352478158,0.20904234051704407,0.19688444590723259,-0.08547000000000005
2020-01-24,0.6962997627294407,0.3075141781452777,0.20378826558589935,0.18165566259157304,-0.11669200000000002
2020-01-27,0.6964535764810365,0.31769888210423497,0.20678119361400604,0.20691161200369892,-0.14
2020-01-28,0.6980709529852774,0.30936504168387496,0.21086856722831726,0.1917984287915604,-0.07869100000000001
2020-01-29,0.7010466051671929,0.2823917638399198,0.20422261953353882,0.06795039805322445,-0.15043299999999998
2020-01-30,0.7031667479897159,0.2764045221342791,0.20952844619750977,0.05068428669499178,-0.070075
2020-01-31,0.7049370253044971,0.2991170780579363,0.21594902873039246,0.06695321426621137,0.011836999999999986
2020-02-03,0.704244055657095,0.2875793664002454,0.2106572985649109,0.06210949783197034,-0.271116
2020-02-04,0.7068451374043939,0.2947757823963217,0.20904040336608887,0.056119573205239914,-0.003367000000000009
2020-02-05,0.707720602995797,0.28959655036847687,0.2155992090702057,0.054383265739021164,0.046414999999999984
2020-02-06,0.7088915001344379,0.28953233738685463,0.20994508266448975,0.05690133808202602,0.05447099999999999
2020-02-07,0.7093342511699494,0.28825867269262107,0.21466098725795746,0.07132901442370335,0.005947000000000036
2020-02-10,0.7094853286726822,0.28613870346858333,0.20500682294368744,0.06712786089831746,0.047119999999999995
2020-02-11,0.7107298772721737,0.284620767864646,0.20305776596069336,0.0701140893260537,-0.04193399999999997
2020-02-12,0.7207981279053364,0.28262772348910936,0.20046491920948029,0.0706259094167225,-0.04231600000000002
2020-02-13,0.7276885530986081,0.290555300131313,0.19923362135887146,0.05420675007978604,0.034003000000000005
2020-02-14,0.72793402721962,0.28945765502639714,0.19643084704875946,0.04003303232600053,0.152325
2020-02-18,0.7393776082307865,0.2907749440003463,0.19015632569789886,0.04735790561201242,0.023951
2020-02-19,0.7409438854043102,0.2939300646499369,0.18904368579387665,0.05162824832946672,0.012927999999999995
2020-02-20,0.7412783488919913,0.2844188928835883,0.18850144743919373,0.04817105089351714,0.019262
2020-02-21,0.7425247658895493,0.28481802609450907,0.18784140050411224,0.06204947060750132,0.03193800000000002
2020-02-24,0.7420436271755287,0.2844481215617074,0.1901274472475052,0.09947570032882391,0.048628000000000005
2020-02-25,0.739173437444269,0.2771455411835097,0.19869448244571686,0.11979011768615949,0.057213000000000014
2020-02-26,0.7376539988425928,0.2758537533849125,0.20787733793258667,0.09962772662004615,0.05750900000000003
2020-02-27,0.7380162885871475,0.29461598610070777,0.21153044700622559,0.1962887131524365,0.03415800000000002
2020-02-28,0.7272055031424183,0.3035652610108908,0.208676278591156,0.148657925829839,0.10117199999999993
2020-03-02,0.7260230405535805,0.2943917170650438,0.20636074244976044,0.0723957982136334,0.11511900000000003
2020-03-03,0.7238170048885794,0.2909110091112961,0.2103685736656189,0.06962331258246235,0.110184
2020-03-04,0.7229750579502866,0.31310572535895526,0.20879030227661133,0.017660346173548558,0.10554100000000005
2020-03-05,0.7226784972712034,0.3325225296187777,0.21579360961914062,0.1310556649244745,0.13960000000000006
2020-03-06,0.7246120975791295,0.3185209074599935,0.21587391197681427,0.27260755345393073,0.235514
2020-03-09,0.7221027622449226,0.35148951573784853,0.19743035733699799,0.3273789953898829,0.10361700000000007
2020-03-10,0.7145871432889749,0.38167426385525083,0.19544276595115662,0.21668852951525597,0.21599400000000002
2020-03-11,0.7148285221073336,0.3652645356307167,0.1901824176311493,0.3085921748612286,0.1878829999999999
2020-03-12,0.6978689321467676,0.28997092939929536,0.18905304372310638,0.6056827665915283,0.283728
2020-03-13,0.6830334709505559,0.2790529014546495,0.18574905395507812,0.4298520327160521,0.18486399999999992
2020-03-16,0.6833608466378075,0.29514418564588646,0.18191386759281158,2.1424146655834746,-0.016985999999999946
2020-03-17,0.6537598880645552,0.29334758640837255,0.18019945919513702,0.35440333756609943,-0.22951300000000008
2020-03-18,0.6240795785079577,0.2882294908777236,0.1809537559747696,1.6960528283997542,0.15544599999999997
2020-03-19,0.6044780245909247,0.2831919311663913,0.1770365983247757,0.5037463604680944,0.04030699999999987
2020-03-20,0.600389204389775,0.3074457120869677,0.17687326669692993,0.16210050468024406,0.32629399999999986
2020-03-23,0.5902729334338442,0.3273641068828936,0.17524099349975586,0.23916763742482372,0.08637700000000015
2020-03-24,0.5813965154071736,0.3092446416541106,0.17839914560317993,0.11314414551146801,0.3215620000000001
2020-03-25,0.5488990348057684,0.3025392920348585,0.18109919130802155,0.0693125017700309,0.30263699999999993
2020-03-26,0.5382937314463113,0.29204900340740436,0.18227532505989075,-0.04088189602846326,0.300088
2020-03-27,0.5360451319275468,0.2962993331660443,0.18202203512191772,0.011628402074322475,0.2791299999999999
2020-03-30,0.5299473348023411,0.29350191979013673,0.18160665035247803,-0.07583311017037786,0.2880570000000001
2020-03-31,0.527484645762243,0.2946362476064299,0.18084369599819183,-0.13348775628548692,0.23060899999999995
2020-04-01,0.5255018824673319,0.29653233786079597,0.17998915910720825,-0.031628779767151616,0.19999299999999998
2020-04-02,0.5132333665653791,0.2916535910390285,0.17782816290855408,-0.08293936668026802,0.25312500000000004
2020-04-03,0.5082269884725753,0.2873270907758831,0.1782887727022171,-0.10386303832718258,0.22641299999999998
2020-04-06,0.504217739302633,0.277840460132698,0.17866575717926025,-0.19523710851256026,0.20890300000000006
2020-04-07,0.49687023669990465,0.27065311956793864,0.17865073680877686,-0.20784549750969217,0.15339100000000006
2020-04-08,0.4939705851635637,0.5054921483342821,0.22225408256053925,-0.2263219041707507,0.17032000000000003
2020-04-09,0.4899746497075125,0.5015012957282853,0.22656512260437012,-0.204582231822251,0.16460000000000008
2020-04-13,0.4858780057605431,0.4886601755419603,0.2149173766374588,-0.13029352778650216,0.17928
2020-04-14,0.4831317193179544,0.488939047582526,0.22002805769443512,-0.1759779687647498,0.13397000000000003
2020-04-15,0.4793023613218744,0.48911191202500076,0.204388827085495,-0.11213253497700848,0.17443200000000003
2020-04-16,0.47714407073059345,0.47903416350136957,0.21347713470458984,-0.016473621616675982,0.121139
2020-04-17,0.46609819121699475,0.4481008871453906,0.21993692219257355,-0.013822016878375032,0.146227
2020-04-20,0.46343577578227196,0.4785011413645229,0.20489725470542908,0.06376033638193102,0.10738999999999999
2020-04-21,0.46196496804770243,0.5020871368618294,0.21360623836517334,0.10487701787185544,0.12968400000000002
2020-04-22,0.4614725337915122,0.5060674869161756,0.2028954029083252,0.1071407948297115,0.12147300000000005
2020-04-23,0.45776544858366186,0.497521507933709,0.2185610830783844,0.08654675958339786,0.11712599999999995
2020-04-24,0.4586242353862292,0.4918906347844138,0.20302309095859528,0.15267903307266917,0.061464000000000074
2020-04-27,0.4582810299166686,0.49263884830426363,0.20215538144111633,0.11224906498373555,0.08482299999999998
2020-04-28,0.4564930672140727,0.4849608923949643,0.20759190618991852,0.1311893609488176,0.108846
2020-04-29,0.4550234554388679,0.4743396490852169,0.19623519480228424,0.006606852873730862,0.03378899999999996
2020-04-30,0.44970336771850056,0.46503028975589755,0.1996731162071228,0.026321855329762944,0.02648499999999998
2020-05-01,0.44873075293608494,0.47245369416469557,0.19783619046211243,0.04909892981437591,0.05530199999999996
2020-05-04,0.4493037230730416,0.4769055539768417,0.19972345232963562,0.09785103901793679,0.049242999999999926
2020-05-05,0.44504845697819434,0.48137424080736485,0.20139779150485992,0.03670557216036274,0.057452999999999976
2020-05-06,0.44413254181131373,0.47609675679766306,0.20114362239837646,0.08712726950021099,0.05269800000000002
2020-05-07,0.4429691094033827,0.4481220461190233,0.2017025351524353,0.09684388473545957,0.06509100000000001
2020-05-08,0.44352278011960233,0.4360413677201434,0.20052404701709747,0.046953505692856834,0.07443100000000002
2020-05-11,0.44584293725196583,0.4325882721555407,0.20537152886390686,0.0729076861424044,0.06030200000000008
2020-05-12,0.447289050366064,0.4340863462247143,0.20789241790771484,0.124763244410042,0.02734599999999998
2020-05-13,0.4331118798411067,0.462415193223287,0.2087535560131073,0.18997147277450566,0.06681800000000004
2020-05-14,0.42232699616929,0.469695632039574,0.21318864822387695,0.17798221806423187,0.11795300000000009
2020-05-15,0.42350598260108674,0.4596767495791644,0.20736458897590637,0.20805964362867369,0.062921
2020-05-18,0.4035628629944635,0.455928497089408,0.21038173139095306,0.0709507813726582,0.08395400000000008
2020-05-19,0.40024763490940585,0.4438264578454966,0.21201814711093903,0.08469006489369169,0.07418500000000006
2020-05-20,0.401161814083813,0.32049449973187305,0.2043568193912506,0.0489763169875983,0.07567199999999996
2020-05-21,0.3999957950370914,0.3066898970966825,0.20684893429279327,0.05401362111243302,0.07179199999999997
2020-05-22,0.39874719833232375,0.3087042815247792,0.20788414776325226,0.05047363233101965,0.09033199999999997
2020-05-26,0.4008694981517656,0.3013960616777844,0.2018662989139557,0.054989337702548546,0.05808900000000006
2020-05-27,0.3978999167462843,0.29727380162737116,0.21092967689037323,0.07335965046742443,0.10052099999999997
2020-05-28,0.39012798313320723,0.3004339367050845,0.2073952853679657,0.07118366900591988,0.028390999999999944
2020-05-29,0.3873467260078494,0.30480468328431654,0.20452488958835602,0.08878138504884692,0.042489
2020-06-01,0.3833206575905351,0.30571560213821486,0.21032112836837769,0.04990073564144171,0.032584999999999975
2020-06-02,0.38898065751382244,0.2964987513872556,0.21452336013317108,0.04239280094333475,0.03940500000000002
2020-06-03,0.39068441438911583,0.29629300035212536,0.21525636315345764,0.01785444336224762,0.02832800000000002
2020-06-04,0.38378567128773283,0.3013092204482385,0.2130425125360489,0.045220903570375226,0.029252999999999973
2020-06-05,0.38118735718460606,0.30097732288620827,0.20856882631778717,0.02062236996786515,-0.0016570000000000196
2020-06-08,0.3806242519519365,0.3089051911392907,0.2029866725206375,0.12343312548427443,-0.034401000000000015
2020-06-09,0.37949314502784337,0.3179091046566901,0.20657122135162354,0.11440196280427828,-0.03832000000000002
2020-06-10,0.3767457188431454,0.31951106480201696,0.20619671046733856,0.10183009646854924,-0.06996800000000003
2020-06-11,0.3645815407095878,0.33771922341443417,0.2092917412519455,0.17009802199628632,-0.031945
2020-06-12,0.3591000693552538,0.3342244080671614,0.2131136953830719,0.2051092069095528,0.01767300000000005
2020-06-15,0.35030458346718,0.3318622184815158,0.20943515002727509,0.1714833031844193,0.038097999999999965
2020-06-16,0.34537173907150387,0.3366244822589423,0.20322398841381073,0.129665611561127,0.020325999999999955
2020-06-17,0.3596562813650216,0.3166909088364898,0.2079409509897232,0.17644870674065305,0.02452999999999994
2020-06-18,0.3681355314345359,0.3108182166049287,0.21025845408439636,0.1473740149873516,0.01598900000000003
2020-06-19,0.3683213817115917,0.3175340239580427,0.21608638763427734,0.15171021927081152,0.01760600000000001
2020-06-22,0.3740009584467977,0.3157421214846676,0.21640287339687347,0.13204041249386533,0.023781000000000052
2020-06-23,0.3806945284896253,0.31313826664705735,0.21631506085395813,0.12043486151501248,0.025137999999999994
2020-06-24,0.3837562899926996,0.31695877374981507,0.20990896224975586,0.16865729697118592,0.018392000000000075
2020-06-25,0.38269782378917266,0.3120080119863408,0.2106703519821167,0.1663488772624051,0.055616
2020-06-26,0.3826300307729857,0.3099596437700725,0.21255147457122803,0.17016964544722024,0.027549000000000046
2020-06-29,0.38078103066527275,0.3101084214961933,0.21502740681171417,0.14052193341217845,0.046256000000000075
2020-06-30,0.3804651247130213,0.3091882154839474,0.2150256335735321,0.14719311672634167,0.047799999999999954
2020-07-01,0.3781000597719786,0.30683029579011867,0.21652039885520935,0.1341245948783764,0.006901999999999964
2020-07-02,0.37743386588416405,0.29633288558635973,0.21538212895393372,0.11279995435866425,-0.007751999999999981
2020-07-06,0.3777506378815848,0.30404889452848427,0.21607469022274017,0.13728788880855441,0.04398500000000005
2020-07-07,0.3784539422552594,0.31481865665182146,0.21499866247177124,0.17951447388503888,-0.0016899999999999693
2020-07-08,0.3881456223295308,0.3048798543859798,0.21782706677913666,0.18915083475287048,0.03657299999999997
2020-07-09,0.38925849784592187,0.34099344223817013,0.3099886476993561,0.24455714747142382,-0.021266999999999925
2020-07-10,0.390830954929805,0.3334070743025528,0.30784842371940613,0.23493257383372007,0.006753000000000009
2020-07-13,0.3943721947344628,0.3292081403877845,0.298470139503479,0.27029331428283365,0.012324000000000002
2020-07-14,0.3921256265951356,0.33227742647697583,0.2960841953754425,0.240429464447381,0.02963199999999999
2020-07-15,0.3917743305709253,0.3235267937806931,0.29794254899024963,0.30139326415524814,0.014508999999999994
2020-07-16,0.3911046920687841,0.3188279943988251,0.29450634121894836,0.3097609491693095,0.01018399999999997
2020-07-17,0.39248358888475476,0.31426932881263264,0.28600943088531494,0.29198656815032376,0.01172899999999999
2020-07-20,0.39555073518328016,0.31371907689184064,0.28089064359664917,0.28431608864679625,-0.005402999999999936
2020-07-21,0.39520606126526825,0.3145899453868662,0.2810531556606293,0.28785388555355473,-0.010263000000000022
2020-07-22,0.3945843507113877,0.31532399939711814,0.2795998156070709,0.27465701810966286,0.006901000000000046
2020-07-23,0.3943142871627276,0.3144621366704097,0.2822493612766266,0.285717792365594,0.006295999999999968
2020-07-24,0.39395609951246313,0.3027524499745904,0.276457816362381,0.2571662291933646,0.0010630000000000361
2020-07-27,0.399537791603929,0.31287584576135863,0.284597784280777,0.2931962352135769,-0.036766999999999994
2020-07-28,0.4004708283230168,0.3119940401086487,0.28085482120513916,0.28907863047663807,-0.03803000000000001
2020-07-29,0.39581119914501545,0.302502728465507,0.280781090259552,0.19942827799100138,-0.035196000000000005
2020-07-30,0.40312991888586275,0.30928385603344877,0.2859664261341095,0.2242026096255733,-0.026865999999999945
2020-07-31,0.4044871954695978,0.3097318994995311,0.2864103317260742,0.20991439032555126,-0.049911999999999956
2020-08-03,0.40520152507097373,0.3103495199095215,0.2808946371078491,0.1993975649353208,-0.036243000000000025
2020-08-04,0.4073868786758143,0.30612384498491274,0.27304211258888245,0.1848075229637094,-0.03518699999999997
2020-08-05,0.4102150530218604,0.30176078081237084,0.2872968316078186,0.14531573238906714,-0.019774999999999987
2020-08-06,0.41784905724933136,0.3040019363408799,0.27738356590270996,0.1842274698567138,-0.003574999999999995
2020-08-07,0.41647884709251826,0.3011203335621862,0.2701062262058258,0.1370613125798888,-0.02091200000000004
2020-08-10,0.4142738618228728,0.3018635392614221,0.27299195528030396,0.13268558980444933,0.013432
2020-08-11,0.4200518777838842,0.3066116729073239,0.2670503556728363,0.13531229595832422,-0.023129999999999984
2020-08-12,0.419320012872671,0.30225910949738816,0.2634941637516022,0.12701683906945183,-0.013116000000000017
2020-08-13,0.41907285726944704,0.30874052070832486,0.26336219906806946,0.12880063814350212,-0.023562000000000083
2020-08-14,0.4174906844615378,0.30595879117724684,0.2648976743221283,0.10508286375532433,-0.016203999999999996
2020-08-17,0.41725562720350834,0.3016932871220493,0.264801025390625,0.13788849682782267,-0.020675
2020-08-18,0.4171546888145533,0.3069449833493636,0.26615577936172485,0.09021485989422157,-0.0008710000000000107
2020-08-19,0.41799392940368507,0.30978875236245634,0.2658050060272217,0.08575121512621314,0.009434999999999971
2020-08-20,0.41796667370057594,0.3116436437065293,0.26568934321403503,0.12124984080426865,-0.0032769999999999744
2020-08-21,0.4182971178595,0.3070450275958138,0.26571229100227356,0.08728687166882848,0.008139000000000007
2020-08-24,0.4162797453031158,0.3005497929994177,0.2640184164047241,0.10077237075762896,0.02432899999999999
2020-08-25,0.4169169437658863,0.30249104565025875,0.26598140597343445,0.0910475648739994,0.019172999999999996
2020-08-26,0.4191195688243485,0.2979799271465039,0.26338687539100647,0.10375149923736537,0.016141000000000016
2020-08-27,0.41842374212486466,0.2925773720578228,0.2742590308189392,0.1439860726770269,-0.008591000000000015
2020-08-28,0.418590641447316,0.28598669396912824,0.25985413789749146,0.14308294221810108,-0.0028279999999999417
2020-08-31,0.41279760890262307,0.32533662172899896,0.2763136327266693,0.14486837078111942,0.0068230000000000235
2020-09-01,0.41181026168323764,0.3226607434136412,0.279186874628067,0.1337359483355019,-0.004732999999999987
2020-09-02,0.41265913795353293,0.33140198060855425,0.28190746903419495,0.15726477135046352,-0.048123999999999945
2020-09-03,0.4063110922802248,0.36272321213922964,0.2891206443309784,0.2894895045666817,-0.03484100000000001
2020-09-04,0.40397257902734385,0.3487866603244201,0.28998246788978577,0.19602113935214655,-0.034912000000000054
2020-09-08,0.4045915417993406,0.4136371842239477,0.2979917526245117,0.19321744987915374,-0.2866949999999999
2020-09-09,0.4034049581992227,0.4079748376583255,0.3007510006427765,0.2559932803254991,-0.23705599999999993
2020-09-10,0.40461650157232115,0.4035603523209149,0.29976606369018555,0.24120459276076212,-0.32527800000000007
2020-09-11,0.40660642353444204,0.3986203758880688,0.2970639765262604,0.6596610207925053,-0.15491900000000003
2020-09-14,0.4080024386894642,0.3916199621484884,0.30081310868263245,0.38250711094562184,-0.31263699999999994
2020-09-15,0.4089016320281276,0.37991398815669875,0.2952089309692383,0.49206893609558566,-0.2837790000000001
2020-09-16,0.3986387888314526,0.34889816773952526,0.32291465997695923,0.7058187571363674,0.19547599999999998
2020-09-17,0.38785251391911546,0.3415370515530877,0.31261035799980164,0.39010193739054716,0.08936300000000008
2020-09-18,0.384800010856248,0.31842939226514705,0.32188770174980164,0.04912020967380176,-0.34827799999999987
2020-09-21,0.38058034145326586,0.353853016582113,0.32403236627578735,0.08738941616104184,0.026572999999999958
2020-09-22,0.37735530627921016,0.3663874235067338,0.3333745002746582,0.15142043267627275,-0.337523
2020-09-23,0.3734809258792053,0.3953297787998171,0.33051568269729614,0.3366801761358677,-0.12115999999999993
2020-09-24,0.37362874540337276,0.4150737450309862,0.3240129351615906,0.730548176791274,-0.21909600000000018
2020-09-25,0.3726588154063149,0.41337229480352333,0.3261682093143463,0.8080422601310115,-0.12473400000000012
2020-09-28,0.3724196806050613,0.3730375199935261,0.33718153834342957,1.337299138311858,0.27887799999999996
2020-09-29,0.37187308288736004,0.38776659899720484,0.31805309653282166,0.09945747403922578,-0.7214359999999999
2020-09-30,0.3724813067906822,0.3704614529196233,0.31458285450935364,0.9242843635033393,-0.5244800000000001
2020-10-01,0.37132264306605844,0.38331325736373817,0.3058481216430664,0.11078867111747437,0.0044239999999999835
2020-10-02,0.3717439929433175,0.37792229838338576,0.3051510453224182,0.10208819593056567,-0.00840200000000002
2020-10-05,0.37352628768146917,0.3191938618463696,0.29429617524147034,0.1385465492832917,-0.0021280000000000188
2020-10-06,0.3708875803953703,0.3295937169274859,0.30247557163238525,0.18380883478230603,0.018887000000000098
2020-10-07,0.3697800156891076,0.3385649863125666,0.3355567455291748,0.12181742234805826,0.05072500000000002
2020-10-08,0.3685890498793731,0.33669502948310437,0.3362444341182709,0.09645269223588215,0.05494100000000002
2020-10-09,0.3658267416449137,0.3427266312485468,0.33996179699897766,0.11709343211216783,-0.010075000000000056
2020-10-12,0.3681749703339633,0.3445535224443917,0.33592310547828674,0.09471520492606289,-0.0005450000000000177
2020-10-13,0.3680326118663889,0.3371128404217066,0.33473625779151917,0.11311914824733832,-0.011446999999999985
2020-10-14,0.36720512366887387,0.3331719146040386,0.32905465364456177,0.12614774871626822,-0.02366199999999996
2020-10-15,0.36554661386703535,0.33353221295321756,0.33068177103996277,0.14990369763983635,-0.015204000000000106
2020-10-16,0.3620720573173452,0.33116339521441907,0.3337476849555969,0.19202694247092822,0.019631000000000065
2020-10-19,0.3601708376142986,0.3279821087883549,0.3289005756378174,0.19166264506971598,0.010513999999999912
2020-10-20,0.3600094216629759,0.32227992715251375,0.32917577028274536,0.20898344188245183,-0.0020759999999999668
2020-10-21,0.3605047484454298,0.32637620173612386,0.33236175775527954,0.2265302336028603,-0.0027170000000000805
2020-10-22,0.3601664788988226,0.31760599765691155,0.3226104974746704,0.23213141447042923,-0.016500999999999988
2020-10-23,0.3660533977077408,0.32962135553910316,0.32901737093925476,0.2333250559645511,-0.03128300000000006
2020-10-26,0.3794444641691908,0.3395786535375985,0.3307487964630127,0.23183887231904843,-0.01578500000000005
2020-10-27,0.3798631035433962,0.3501210096352419,0.3380871117115021,0.259901641499353,-0.055213999999999985
2020-10-28,0.37632264163916856,0.3372672139877122,0.3342474102973938,0.19135579702902844,0.005789999999999962
2020-10-29,0.3733762025825619,0.35260274222437654,0.33763593435287476,0.15155504569986394,-0.006987999999999994
2020-10-30,0.3739342206506122,0.34813825989019054,0.33665117621421814,0.17549916110975083,0.012107999999999897
2020-11-02,0.37204075493537525,0.32890985268880185,0.3244907259941101,0.1630802847810235,0.018611999999999962
2020-11-03,0.36829822147257585,0.32938150057383503,0.3231648802757263,0.1406592340264871,-0.01758000000000004
2020-11-04,0.35923880209425774,0.3243277311074394,0.32549741864204407,0.06667818951046967,0.01177499999999998
2020-11-05,0.35932578925279635,0.3202265997613218,0.3204199969768524,0.05624868367581021,0.006991000000000025
2020-11-06,0.3588488889736321,0.3366881997848588,0.3222299814224243,0.03664032742209816,0.004300000000000026
2020-11-09,0.3474907348578387,0.2955831836464861,0.3215031325817108,0.02181668365521222,-0.013202999999999965
2020-11-10,0.34540600149498535,0.3034514383395231,0.31842026114463806,0.04443462294125522,-0.015172000000000019
2020-11-11,0.34481590538655604,0.29922256557778204,0.3190998435020447,0.024911041704467174,-0.020386000000000015
2020-11-12,0.3437716124088246,0.31350178438261866,0.31634145975112915,0.03250671290833684,0.010355000000000003
2020-11-13,0.3429973174854329,0.309878947207057,0.32038411498069763,0.01615094028588354,0.0043139999999999845
2020-11-16,0.34337717937008244,0.3046823237536642,0.3189472258090973,0.024240492522604684,-0.03029499999999996
2020-11-17,0.3405092814904562,0.3055290445690076,0.3195984661579132,0.022164984076892102,-0.02460699999999999
2020-11-18,0.34463709951511934,0.3106775419040107,0.31367072463035583,0.04714416443169411,-0.032826999999999995
2020-11-19,0.34694873550399097,0.3048155507462404,0.3157528340816498,0.01778376328267789,-0.016004000000000018
2020-11-20,0.35263784397540243,0.29610216897960656,0.3152250647544861,0.01315946295855197,-0.0014259999999999828
2020-11-23,0.35366727226645,0.29043408449373287,0.3086179792881012,0.010764179012559327,-0.022311000000000025
2020-11-24,0.3529238486017659,0.28696904988331345,0.3061729073524475,0.041200498883168124,-0.042335999999999985
2020-11-25,0.35537753218354357,0.28632916667579905,0.3043944537639618,0.045654725306255806,-0.04053699999999999
2020-11-27,0.3551235581357817,0.28079259006212537,0.3020326793193817,0.0625887534544815,-0.03948700000000005
2020-11-30,0.3545433309208216,0.28435710741269243,0.3060346841812134,0.09755977760126217,-0.05755799999999994
2020-12-01,0.36399785521276845,0.27767198371008756,0.30472511053085327,0.07159706164602037,-0.030003000000000002
2020-12-02,0.36701660237239236,0.274908054726225,0.3028274178504944,0.0672036923134946,-0.01487299999999997
2020-12-03,0.3692659874648322,0.2720409769918689,0.29291093349456787,0.07506605243662728,-0.03144999999999998
2020-12-04,0.3704430049846267,0.2736456236815626,0.2950208783149719,0.11067567991627852,-0.04298999999999997
2020-12-07,0.3761786677939676,0.2706780785853374,0.2919439971446991,0.11278611723062054,-0.049475999999999964
2020-12-08,0.38706562684296686,0.2686376506551425,0.28403112292289734,0.10898749221821269,-0.04215800000000003
2020-12-09,0.3855952262729438,0.2578880449603848,0.277386337518692,0.1549509793883661,-0.040456999999999965
2020-12-10,0.3846787289632542,0.25922405069503,0.272303968667984,0.16127422149786969,-0.04608200000000007
2020-12-11,0.3825551192792814,0.26516655430855335,0.2833869457244873,0.1452632983258706,-0.021962000000000037
2020-12-14,0.380613139519548,0.26905654941306456,0.29388418793678284,0.13193756098933496,-0.023938000000000015
2020-12-15,0.3778059946920202,0.27546871778525167,0.2856909930706024,0.10788482698448465,-0.01915399999999995
2020-12-16,0.37920098521053675,0.2793081484013125,0.2935875952243805,0.10372619584330478,-0.023170999999999997
2020-12-17,0.37992952894848864,0.2740406813891559,0.2926805913448334,0.09887910001266365,-0.011627999999999972
2020-12-18,0.38195674763422555,0.27331090648477524,0.29328659176826477,0.09032320486426343,-0.018417000000000017
2020-12-21,0.3810160756604056,0.2809561316522784,0.29263800382614136,0.10199445518872319,-0.02496400000000004
2020-12-22,0.38503213671566666,0.2748452457321624,0.29240021109580994,0.13667205808229466,-0.04312600000000005
2020-12-23,0.3854321275970416,0.2719238320562532,0.2913714349269867,0.12488780457698728,-0.03848100000000004
2020-12-24,0.3860576480677929,0.270708318944617,0.29097920656204224,0.1452449657943342,-0.04397100000000004
2020-12-28,0.3872037747557227,0.2660624223630933,0.2885069251060486,0.1590913862686642,-0.023923000000000028
2020-12-29,0.3867424190898894,0.2624485015291466,0.2845931053161621,0.16059704556692744,-0.03639999999999999
2020-12-30,0.38569297360303106,0.2618249910285661,0.28427526354789734,0.17889822038664177,-0.04025300000000004
2020-12-31,0.38521281726117623,0.256647396702539,0.28261590003967285,0.16361847349774716,-0.021638000000000046
2021-01-04,0.3827867358687978,0.2719086402656104,0.2871211767196655,0.20544728342695084,-0.02179399999999998
2021-01-05,0.38104479285895904,0.2730643547865133,0.2815519869327545,0.19497173679659424,-0.02491399999999999
2021-01-06,0.3746965722960797,0.26072001996130195,0.23846551775932312,0.16319602573314945,-0.021166000000000018
2021-01-07,0.37609492943488393,0.2785831791099749,0.25466737151145935,0.15914876778748932,-0.03172600000000003
2021-01-08,0.3751329951336127,0.25697813216817017,0.2488573044538498,0.15343870900431883,-0.01917599999999997
2021-01-11,0.3734921995425605,0.24158371207723864,0.24383576214313507,0.17546268234720164,-0.03440500000000002
2021-01-12,0.3709476319577835,0.24473459801850814,0.2284473180770874,0.17150712542682034,-0.031779
2021-01-13,0.3708789003068963,0.26844744194242703,0.24551545083522797,0.1852041842961269,-0.036493999999999915
2021-01-14,0.37142062986786034,0.23254541189275685,0.24283918738365173,0.1728187791502937,-0.01877899999999999
2021-01-15,0.37118561933907585,0.2669775529353778,0.25216734409332275,0.19513104133729603,-0.024892999999999943
2021-01-19,0.3725494157101827,0.2633088997100526,0.24688197672367096,0.15954082806709824,-0.011907999999999974
2021-01-20,0.3756275221799808,0.25932391139845,0.24144980311393738,0.16535108794069653,-0.011856000000000033
2021-01-21,0.3769191869877202,0.24033912072980437,0.24960097670555115,0.19041031232710132,-0.028327000000000047
2021-01-22,0.37642562360026904,0.26058669760286607,0.2517518699169159,0.20530391403252984,-0.01846199999999998
2021-01-25,0.37640429367923744,0.29467038741126866,0.25251227617263794,0.2852297273707246,-0.045571999999999946
2021-01-26,0.37009072620446865,0.2882224939846404,0.25064536929130554,0.14524405149136377,-0.02007799999999993
2021-01-27,0.35301894943204154,0.3274549687662762,0.25242194533348083,0.15888883772777707,-0.04369000000000001
2021-01-28,0.3518346243676506,0.30077002212856185,0.2647241950035095,0.13964726278979106,-0.05259099999999994
2021-01-29,0.34721522191612186,0.2834982379545088,0.27335333824157715,0.1256069257576813,-0.030309999999999948
2021-02-01,0.3458419369965158,0.29514880926985626,0.2782710790634155,0.1104460410889232,0.350541
2021-02-02,0.3432263763215103,0.2612248827807414,0.26383906602859497,0.03765457715883813,-0.00948900000000008
2021-02-03,0.342659976944139,0.24156374770759162,0.26003891229629517,0.0266780668375452,0.419061
2021-02-04,0.342647311015088,0.2488969908275188,0.2502451539039612,0.03492633707173309,0.42615800000000004
2021-02-05,0.34258973731562403,0.24126584548229338,0.24388176202774048,0.02889112251654813,0.026723000000000052
2021-02-08,0.3429034009149122,0.22684815964383434,0.2389565110206604,0.020138956362726834,-0.0035140000000000726
2021-02-09,0.3440595251025492,0.24283330862166094,0.23535186052322388,0.02886106714163994,0.001902999999999988
2021-02-10,0.3450410498834876,0.23887710054081993,0.23458553850650787,0.03788827665434402,0.610299
2021-02-11,0.34475410703415876,0.2404296037330102,0.23071841895580292,0.05727487948824306,0.514109
2021-02-12,0.34462176856892734,0.23750583435419517,0.20441509783267975,0.04349076465105084,0.48150200000000004
2021-02-16,0.34487569472035495,0.23689925066942183,0.20154976844787598,0.04491400115259181,0.5707709999999999
2021-02-17,0.34507545157877245,0.22052656829929257,0.20152528584003448,0.04840126266300859,0.07363800000000004
2021-02-18,0.3443748468183371,0.22146852430796274,0.20172758400440216,0.043456175465855285,0.544854
2021-02-19,0.343875581499738,0.2187250881576627,0.18435250222682953,0.029037587252343733,0.011039000000000021
2021-02-22,0.3386157637643602,0.20780449406055213,0.1804904341697693,0.0428828623972774,0.559499
2021-02-23,0.3348152642888965,0.20604258072183304,0.18317365646362305,0.04134779807196831,0.539309
2021-02-24,0.3278931072814121,0.20829285845744785,0.18569807708263397,0.04919991165681059,0.441494
2021-02-25,0.3242802523850498,0.21523737732906664,0.1835450977087021,0.12565919663933284,-0.19385600000000003
2021-02-26,0.3244665123479699,0.21671365963549266,0.1903390735387802,0.1551877386414613,0.276964
2021-03-01,0.32127108237282936,0.21538155577021745,0.186415433883667,0.08708600205099759,0.11540499999999998
2021-03-02,0.3210684900467152,0.21422553331484465,0.18816030025482178,0.09856916902765012,0.140965
2021-03-03,0.3174843557170355,0.2107675755235517,0.19029289484024048,0.12670236559452025,0.23954599999999998
2021-03-04,0.30604569317651426,0.21874100525520515,0.1902875453233719,0.14899153670363663,0.22118000000000004
2021-03-05,0.2998478747424723,0.20982942606520688,0.18782468140125275,0.09155293390467989,0.12650799999999995
2021-03-08,0.2957217842665918,0.21645724866021582,0.1939002275466919,0.10329318788950542,0.27030299999999996
2021-03-09,0.29118700501769035,0.22584301927692713,0.19380132853984833,0.0912892340910873,0.069299
2021-03-10,0.2806745796405847,0.23625803145440638,0.19720573723316193,0.07341422729977853,0.5313430000000001
2021-03-11,0.2651832192764882,0.2259857606894141,0.21794721484184265,0.07377341544035804,0.041991
2021-03-12,0.26456298522501637,0.21869933098466232,0.2185531109571457,0.02719853500081637,0.10836299999999999
2021-03-15,0.2640700190270332,0.21490732222784628,0.1941368132829666,0.020500448945787453,0.28416199999999997
2021-03-16,0.2641964426953112,0.22300331570043783,0.1959126740694046,0.00936791473384857,0.24627100000000002
2021-03-17,0.26459439587344946,0.2300251593462366,0.19803285598754883,0.03806632980186336,0.119012
2021-03-18,0.26627102421978927,0.2365506246167665,0.1968969702720642,0.029183359312433876,0.25097499999999995
2021-03-19,0.26489278185707,0.22681944467767823,0.1959652602672577,0.0020765424788203313,0.28067600000000004
2021-03-22,0.2636657421749175,0.24201675556237878,0.1924397498369217,-0.0403973377243213,0.5794730000000001
2021-03-23,0.2574054136708631,0.25183172772102913,0.20778107643127441,-0.023095155453837946,0.515371
2021-03-24,0.2535299261729501,0.2557741960741538,0.2155904471874237,-0.019754205704187233,0.24434000000000006
2021-03-25,0.24676253611583088,0.26113772912149463,0.2020319551229477,0.0017464769752535414,0.14520600000000006
2021-03-26,0.24293738840929374,0.25323763828731116,0.19260691106319427,-0.017079620121423278,0.268791
2021-03-29,0.24331682582993464,0.2597636632290023,0.1939389705657959,0.01661177743028175,0.42669
2021-03-30,0.24188105791447892,0.2564554746789451,0.1957145631313324,0.0044558155183914705,0.3611939999999999
2021-03-31,0.24451226117499608,0.2521575728764099,0.19581151008605957,0.016423586316834493,-0.004906999999999995
2021-04-01,0.24499478167030095,0.24978871920935714,0.19732044637203217,0.01843650205524322,0.05152000000000001
2021-04-05,0.2447739406074999,0.26240210836194156,0.19412696361541748,0.03042070150548698,0.37783200000000006
2021-04-06,0.24802919914638713,0.2650994103285464,0.19142425060272217,0.05223992274551509,0.113682
2021-04-07,0.24892094296714118,0.24997555083302853,0.1858939230442047,0.050316805717120994,0.05241499999999999
2021-04-08,0.24803608553019516,0.24931201640091616,0.1862071454524994,0.06389372120195946,0.163412
2021-04-09,0.2456095457249716,0.27795918021197846,0.23321665823459625,0.07202310144917429,0.46284800000000004
2021-04-12,0.24592279605964737,0.29076536812745113,0.23283317685127258,0.11079773019590122,0.316918
2021-04-13,0.2445469959159264,0.29701407192035184,0.2317364364862442,0.12079415331629906,0.054771000000000014
2021-04-14,0.24417699769555878,0.292303312503033,0.22771558165550232,0.10568320104255768,0.048358999999999985
2021-04-15,0.24558752091375144,0.29097286739532663,0.23553583025932312,0.12857081406128534,0.185562
2021-04-16,0.2460235527609792,0.28639817781238935,0.2260160744190216,0.09951453338770816,0.39747099999999996
2021-04-19,0.24847306501997649,0.2818023487686803,0.2237882763147354,0.09286372627880768,0.19614100000000007
2021-04-20,0.2497069260129891,0.28865354886128863,0.21996952593326569,0.10884592389502662,0.05996800000000002
2021-04-21,0.2453199770737753,0.2923863249968832,0.22522886097431183,0.0936656950868438,0.37303299999999995
2021-04-22,0.24272496963431503,0.29511613990922675,0.2343202531337738,0.12876813738561826,0.19719699999999996
2021-04-23,0.24277673080794257,0.2910809323493536,0.21753865480422974,0.11813439049268237,-0.114375
2021-04-26,0.2395271241999636,0.2868622107160467,0.21328765153884888,0.10716093203378979,0.40998
2021-04-27,0.2397623229543655,0.2878254612567216,0.21895891427993774,0.037012357528546536,0.72838
2021-04-28,0.24367532849048523,0.2879571108291674,0.20788727700710297,0.043096838639123225,0.154414
2021-04-29,0.244439045892092,0.29278360795552966,0.20452579855918884,0.06643938582166592,0.14468500000000006
2021-04-30,0.24409792430264807,0.2877023611637185,0.20462694764137268,0.048488679613096664,0.30090300000000003
2021-05-03,0.25461782928187704,0.2810116552171203,0.20405615866184235,0.03234480344768964,0.09054699999999999
2021-05-04,0.26079868185137484,0.2842078819353085,0.2099056839942932,0.060050796229353665,0.28639700000000007
2021-05-05,0.2610640538903532,0.2828604374773424,0.20908336341381073,0.035783731844228284,0.056087
2021-05-06,0.2609388107238961,0.27783925597249004,0.2117786705493927,0.03476058074514232,-0.035605
2021-05-07,0.26057059999860027,0.2713183595017842,0.2145056277513504,0.01827574835936241,-0.092997
2021-05-10,0.2607350213460974,0.28270737640166355,0.20619487762451172,0.05523787180271161,0.10890700000000003
2021-05-11,0.2602117279216457,0.28512450371425013,0.21062664687633514,0.06873225705504604,-0.015095999999999998
2021-05-12,0.260421354690908,0.30004612533936537,0.2195112705230713,0.11394870824754472,0.219283
2021-05-13,0.2598856660280805,0.2975059298953327,0.20620964467525482,0.08504924378000783,0.08064199999999999
2021-05-14,0.25937464348812495,0.29646290462874686,0.21230252087116241,0.053164491758592,0.088536
2021-05-17,0.2597379027132987,0.29723356704957216,0.2127818912267685,0.061660523329842565,0.06367699999999998
2021-05-18,0.26139069282154825,0.30353285136892133,0.21600030362606049,0.0770027775194373,0.200513
2021-05-19,0.2624894433662297,0.3028915852389584,0.2044181376695633,0.08308080697125525,0.10011300000000001
2021-05-20,0.2634903075461315,0.29848136326639463,0.2051105797290802,0.07790926345623689,0.1966
2021-05-21,0.26345071012935917,0.29485490084342963,0.2056228518486023,0.07246906351120924,0.23957500000000004
2021-05-24,0.2633752337869298,0.2962943978398406,0.2068864107131958,0.06671556736119894,0.012149999999999994
2021-05-25,0.2637752576502302,0.28585401189943715,0.20690052211284637,0.07447799937230526,-0.11404000000000003
2021-05-26,0.2637172782701671,0.28649377427983364,0.20859313011169434,0.12346212514513893,-0.11441900000000005
2021-05-27,0.2602267475473555,0.2880575586566305,0.20869296789169312,0.20677864466639245,0.20342699999999997
2021-05-28,0.25963662926183695,0.2773886262921083,0.20395001769065857,0.10121728878979411,0.129882
2021-06-01,0.25923922622075773,0.2727532201179567,0.20154239237308502,0.09635758530907429,0.15865800000000002
2021-06-02,0.25999162632656636,0.2781120183970883,0.20266474783420563,0.09979896219990342,0.15515
2021-06-03,0.25751759154402637,0.2849379224442946,0.2030818611383438,0.12364923275020404,0.07820700000000003
2021-06-04,0.2564109072893135,0.2796985195918267,0.20426590740680695,0.08771373994783294,0.619256
2021-06-07,0.2590129170358397,0.2843538532531824,0.20587299764156342,0.07065025049703455,0.043144000000000016
2021-06-08,0.25975671201265466,0.2895612252716718,0.20783019065856934,0.07663124346250061,0.20559099999999997
2021-06-09,0.26606582105295923,0.2990947722345468,0.20828045904636383,0.08724507520712466,0.26752800000000004
2021-06-10,0.26753079823120024,0.3150663800477587,0.2088720202445984,0.09631878703521354,0.047429000000000054
2021-06-11,0.26788897638361525,0.3176801859905523,0.2040078341960907,0.07724829821773332,0.03296699999999997
2021-06-14,0.2677648940678258,0.31694424710796143,0.20440398156642914,0.09109351465930285,0.19711
2021-06-15,0.26888983731105975,0.31579252492287624,0.1996648907661438,0.09164128303244959,0.28074899999999997
2021-06-16,0.2669010438314289,0.31829753375180464,0.20092938840389252,0.08959334006179909,0.41770300000000005
2021-06-17,0.2629011925725854,0.3131690906425446,0.200181782245636,0.0744284743915187,0.518849
2021-06-18,0.2622816649110931,0.3156711653344923,0.2102927416563034,0.10864556149617477,0.3379190000000001
2021-06-21,0.263519085564332,0.30115030815876265,0.19578507542610168,0.08549496329117262,-0.05944499999999997
2021-06-22,0.26496925182873426,0.303962932907977,0.19748245179653168,0.09148263110491953,0.13751800000000003
2021-06-23,0.2641686347624524,0.3048331170382,0.1951935738325119,0.08912690756105868,0.233151
2021-06-24,0.26679406676585543,0.30845495123635813,0.19406600296497345,0.10289553857523537,0.014653000000000027
2021-06-25,0.2669092681417055,0.3105522188385581,0.19938267767429352,0.12061645840511742,0.630816
2021-06-28,0.2660472852688091,0.31256979051088774,0.2062997668981552,0.11966814144779298,0.10350700000000002
2021-06-29,0.26578556518957486,0.3184868967101577,0.20128785073757172,0.1316899925088139,0.20936
2021-06-30,0.2634805527440819,0.3228758335205472,0.19900500774383545,0.14397350640645754,0.083648
2021-07-01,0.2650493246194665,0.3189295186287979,0.1983516961336136,0.12695027369319736,0.08310899999999999
2021-07-02,0.2662804415832705,0.3171141923134956,0.2020416408777237,0.1314171645130498,0.23991199999999996
2021-07-06,0.2649677210982438,0.3295923464678553,0.20826312899589539,0.1485601158328074,0.02417899999999995
2021-07-07,0.26432168179398907,0.32911477784473947,0.223159521818161,0.14739608783352043,0.06128800000000001
2021-07-08,0.26400935442371215,0.3350395023132474,0.2171229124069214,0.1477270469749651,0.028817000000000037
2021-07-09,0.2645370769787634,0.28215538732918294,0.237431138753891,0.13258311712729567,0.092563
2021-07-12,0.26406295031673893,0.2824133706610021,0.23396176099777222,0.12383549557436335,-0.016775999999999958
2021-07-13,0.2647138000682247,0.2843420573417619,0.23170354962348938,0.13245370268755352,0.055542000000000036
2021-07-14,0.2652584566401941,0.28691873427506814,0.24427656829357147,0.13251702045879354,-0.043184
2021-07-15,0.26396603668437013,0.29108494237202365,0.24736207723617554,0.12518892226289657,-0.10554200000000002
2021-07-16,0.26276286601303694,0.2886892728343608,0.2538810968399048,0.12148612758836508,-0.014617999999999964
2021-07-19,0.2612449434890455,0.30725528000814195,0.2577819526195526,0.18317027408274025,-0.11992000000000003
2021-07-20,0.2571284935347698,0.29841978169001226,0.252065509557724,0.13750306294160777,-0.052240000000000064
2021-07-21,0.25663808205405986,0.29723182222110694,0.23914915323257446,0.12224064160508802,0.05721800000000005
2021-07-22,0.25703021420155675,0.30286502217654543,0.25072938203811646,0.1532702744166676,0.11682499999999996
2021-07-23,0.25786231006830374,0.29457940129610377,0.25011584162712097,0.12044413448928945,0.0063610000000000055
2021-07-26,0.25792372248505163,0.2984362361286266,0.24283050000667572,0.1377356883763063,0.12417900000000004
2021-07-27,0.25054838901883597,0.29656534320572664,0.23298965394496918,0.0824893196012691,0.1880989999999999
2021-07-28,0.2566195247823785,0.2920708255292603,0.2340177744626999,0.060915179048314616,0.23651799999999995
2021-07-29,0.25786442614237864,0.29620529310362453,0.23239466547966003,0.08738491058661751,0.12908799999999998
2021-07-30,0.25748079304284976,0.30543473757581346,0.23700782656669617,0.1420847400470568,0.40223300000000006
2021-08-02,0.24536927189350297,0.09530592031659296,0.23130279779434204,0.11289230372296594,0.40223300000000006
2021-08-03,0.23807132636889192,0.08842865521521631,0.2356637567281723,-0.01328454944987506,0.041176999999999964
2021-08-04,0.2380866665381288,0.09192214889194258,0.23550598323345184,0.021162766672350397,0.017782999999999993
2021-08-05,0.2371856361911633,0.08830857991950676,0.22923089563846588,-0.0008360167754470904,0.03189700000000001
2021-08-06,0.23775588826067412,0.08975559562591406,0.22854763269424438,-0.010454032695620563,0.02360899999999999
2021-08-09,0.2376780393402148,0.4797867271147593,0.22887885570526123,-0.010480014293489714,0.024415999999999993
2021-08-10,0.2365786797348518,0.45295498734201023,0.22754651308059692,-0.019786535078062828,0.031949000000000005
2021-08-11,0.2419523961889604,0.43117597683915504,0.22988611459732056,-0.022226284229390936,0.023406999999999956
2021-08-12,0.2443416779702436,0.4285475849918137,0.2267393320798874,-0.026872145703357775,0.02967900000000001
2021-08-13,0.24564398671604623,0.42201561367811646,0.22381965816020966,-0.021192322944048436,0.042898999999999965
2021-08-16,0.2450050382041071,0.4164422983219069,0.22587668895721436,-0.007249753509018131,0.022304000000000046
2021-08-17,0.24357382133994684,0.415043814429033,0.22128620743751526,0.00949750930670451,0.0062690000000000246
2021-08-18,0.24276773351622633,0.44271048079395137,0.2217777967453003,0.01916727061975093,0.0010220000000000229
2021-08-19,0.2423190129010608,0.45422266638897446,0.2219366729259491,0.03510263332533348,0.018708000000000002
2021-08-20,0.24398658748716684,0.4591944279974238,0.22804415225982666,0.016722771921399038,-0.011508000000000018
2021-08-23,0.2442808106378735,0.4346195825347906,0.22340275347232819,-0.0038275568257707393,0.017651000000000028
2021-08-24,0.24416620547966517,0.42512146288926983,0.22214366495609283,-0.014515941338217542,0.021623999999999977
2021-08-25,0.24258492510375704,0.4221239033771562,0.2234724462032318,0.0030892967949944783,0.020403000000000004
2021-08-26,0.24207426117833347,0.4490645263982561,0.22268204391002655,0.019088817672269998,0.0005180000000000184
2021-08-27,0.24405448464853824,0.42594374611079466,0.22105947136878967,0.014259895337233874,0.03299799999999997
2021-08-30,0.24858306597158009,0.423604475128521,0.22111518681049347,0.015262658310103039,0.015437999999999952
2021-08-31,0.2502398775729037,0.43918763240976294,0.22574494779109955,0.05540962068060326,0.014610999999999985
2021-09-01,0.25185146520359747,0.4338603425796571,0.22258388996124268,0.06755270220122725,0.012496000000000007
2021-09-02,0.2548286053634688,0.43154605605937274,0.22211135923862457,0.06696911306088604,0.025573999999999986
2021-09-03,0.2554420105978788,0.43520329286991755,0.2219640165567398,0.06230432277443573,0.014068000000000025
2021-09-07,0.25752821258895325,0.4491836123868873,0.21796000003814697,0.07728845133042958,0.021932000000000007
2021-09-08,0.2520537758461258,0.4502635294723076,0.21924829483032227,0.06547964837289208,0.023641000000000023
2021-09-09,0.25079544340252186,0.4812396925679933,0.22031399607658386,0.0670156849962506,0.016732999999999998
2021-09-10,0.25008983005074104,0.4929798161559934,0.21967238187789917,0.06966270837470678,0.03254600000000002
2021-09-13,0.24946863333610508,0.48504963153351854,0.21980656683444977,0.06889276856403692,0.03429099999999996
2021-09-14,0.2498422287091091,0.4978999148383257,0.21982441842556,0.08083625112928863,0.02791699999999997
2021-09-15,0.25155222650003206,0.48244142801997814,0.22072912752628326,0.06954783890710886,0.02051599999999998
2021-09-16,0.25288324474468415,0.48614642509983874,0.21829043328762054,0.0765883402394727,0.009445000000000037
2021-09-17,0.2539367764434341,0.4831342368148096,0.21515820920467377,0.09012778473204269,0.012680999999999998
2021-09-20,0.2554871927265982,0.508522665179724,0.21853309869766235,0.11232835855134837,0.026608999999999994
2021-09-21,0.25447306163032074,0.5101897947010884,0.21869003772735596,0.12667029790868853,0.027476999999999974
2021-09-22,0.2560051305457,0.49890638950864946,0.2187422513961792,0.09016914227254169,0.012215000000000031
2021-09-23,0.25268648710831737,0.5013067747623641,0.2162395864725113,0.07475663893053008,0.013507999999999964
2021-09-24,0.2526366438514041,0.5050796572510236,0.21405655145645142,0.0786304193133048,0.02503700000000003
2021-09-27,0.25179324057651126,0.5078880486214506,0.21304644644260406,0.08745115728362124,0.03632999999999997
2021-09-28,0.25162410217351766,0.5408335569198497,0.218192458152771,0.11620503604611226,0.039227999999999985
2021-09-29,0.2510966317393627,0.5335948916244122,0.21165111660957336,0.11044326875236007,0.044262000000000024
2021-09-30,0.24893041408171687,0.5602744878131435,0.21985875070095062,0.13841398751878975,0.031021999999999994
2021-10-01,0.24750461095509843,0.5587613312604465,0.21504522860050201,0.10515165379477609,0.032387
2021-10-04,0.24816789034533782,0.5733614672156737,0.21937628090381622,0.13700587771963496,0.06755
2021-10-05,0.24779502217403876,0.5656299998303468,0.21917438507080078,0.11779298871704613,0.025797999999999988
2021-10-06,0.24826208671326622,0.5585965052313387,0.21897247433662415,0.12401342047985536,0.03738400000000003
2021-10-07,0.24766060052182892,0.27751060390862947,0.22802382707595825,0.11627456655023877,0.0007719999999999949
2021-10-08,0.2485204003030785,0.2794809232671577,0.22860775887966156,0.11933877450186492,0.027649999999999952
2021-10-11,0.24961712529476182,0.2808998761735465,0.22868630290031433,0.12874199800269723,0.031223
2021-10-12,0.24906256391373724,0.28158239754107245,0.22796732187271118,0.12811198961187326,0.040298
2021-10-13,0.2478935243677209,0.2807525636425499,0.2280312180519104,0.1233502594122845,0.0022660000000000458
2021-10-14,0.24861647735707726,0.2712873115292456,0.22910021245479584,0.10241503092680812,0.014407999999999976
2021-10-15,0.24756000074556428,0.2653773393496304,0.22858938574790955,0.09515536342703837,-0.024802000000000046
2021-10-18,0.24764562575395208,0.26460446348515065,0.22840122878551483,0.09166099265091224,0.02870299999999998
2021-10-19,0.24811843059820404,0.2652441860640867,0.22766953706741333,0.09033605331901212,0.032030999999999976
2021-10-20,0.25149908624921197,0.26788648954741817,0.22935739159584045,0.09573098399107521,0.025175000000000003
2021-10-21,0.2512473199714811,0.267063908361055,0.22956986725330353,0.10408785697786935,0.015695000000000014
2021-10-22,0.2598963609950778,0.2677773160196868,0.23013019561767578,0.0958301314151358,0.016366999999999965
2021-10-25,0.26586797274396384,0.2662511171534034,0.23047195374965668,0.09850270827025917,0.026134999999999964
2021-10-26,0.26111829637868905,0.25879396418522493,0.22421911358833313,0.023720256810606244,0.011369999999999991
2021-10-27,0.2646798576123106,0.2594430067409351,0.2221168577671051,0.03301987651592342,-0.01861400000000002
2021-10-28,0.2660865419692242,0.24903900101804002,0.22369810938835144,0.01808982993397129,0.02121200000000001
2021-10-29,0.26831044883696864,0.2946698368351078,0.22360192239284515,0.016954605683101975,-0.017264
2021-11-01,0.2703132124306475,0.3006083446074689,0.22288186848163605,0.024623350949867062,0.017452999999999996
2021-11-02,0.27147606641567174,0.30132230845677915,0.22097164392471313,0.03020997663606262,0.0013420000000000099
2021-11-03,0.27293076224491175,0.30930934314766984,0.22059792280197144,0.03522431034805157,0.0042200000000000015
2021-11-04,0.27324740114083657,0.3035215815571522,0.21849459409713745,0.03319758773111922,-0.0035540000000000016
2021-11-05,0.2731285451403538,0.2931451659832338,0.22263973951339722,0.039243395901624706,0.009305000000000008
2021-11-08,0.2733016809218264,0.29952335470252794,0.2258841097354889,0.05854133936672129,0.006481999999999988
2021-11-09,0.2670224630635443,0.3004690193041984,0.22659477591514587,0.05038431234432439,0.003866999999999954
2021-11-10,0.2662377318643699,0.3053992697975895,0.22564908862113953,0.05326829498314162,0.008016999999999996
2021-11-11,0.2692396034322358,0.3031276110587807,0.22324417531490326,0.03191818891294984,-0.007989000000000024
2021-11-12,0.2698965385456356,0.3011357738571609,0.2291802167892456,0.01782395897905309,0.008967000000000003
2021-11-15,0.27030152866408547,0.30266107872877795,0.2299765795469284,0.02233228404865434,0.014732999999999996
2021-11-16,0.26944199584747,0.30722818241813343,0.22504550218582153,0.026389264012877556,-0.013056000000000012
2021-11-17,0.26952129561533555,0.30694289079746107,0.23021116852760315,0.020388155127884666,0.00771299999999997
2021-11-18,0.2770049762688741,0.29928845369738416,0.22862939536571503,0.016401486459916736,0.014394000000000018
2021-11-19,0.2788732988395806,0.30378551952799193,0.23495487868785858,0.020440140563872333,0.0014319999999999888
2021-11-22,0.28019960950933687,0.30214845706095755,0.22497406601905823,0.02191746830382657,0.01129800000000003
2021-11-23,0.29107047794141827,0.30184100576951195,0.2248794287443161,0.025384832207365204,-0.006012999999999991
2021-11-24,0.29535837025371303,0.30104749264356384,0.22227604687213898,0.031117839973076628,-0.0022549999999999515
2021-11-26,0.2942264741005098,0.33332412721152044,0.24781090021133423,0.11183624157889621,0.013337999999999961
2021-11-29,0.29458948850501404,0.31663705307494516,0.24062134325504303,0.06933035865954904,0.022883000000000042
2021-11-30,0.29333056010264275,0.32884492480442196,0.24591170251369476,0.09284386979395692,0.023195999999999994
2021-12-01,0.2935466828748878,0.3282770641914021,0.24139513075351715,0.11015704178172098,0.05138300000000001
2021-12-02,0.2938647746215017,0.3249260352939364,0.24166937172412872,0.07519185387481031,0.049090999999999996
2021-12-03,0.29352162603484955,0.3371820956642036,0.25393202900886536,0.11785331734256443,0.06939500000000004
2021-12-06,0.29995077175182006,0.318667686239217,0.24291405081748962,0.0658923672678175,0.04356899999999997
2021-12-07,0.3001386988751822,0.30942099055114,0.24004679918289185,0.026095067524061488,0.05166799999999999
2021-12-08,0.3020295361929576,0.30958171391468237,0.2400871068239212,0.02099299408904559,0.037715
2021-12-09,0.3029382658446511,0.3211791471389982,0.24073855578899384,0.03367879124344636,0.036377999999999966
2021-12-10,0.30334596823456816,0.3062478957909985,0.23817358911037445,0.0584838189360522,0.016932000000000003
2021-12-13,0.3027250521821173,0.30803160761133225,0.2395559400320053,0.060676975075328266,0.03567800000000004
2021-12-14,0.3030541431641612,0.30859594465957757,0.2415337860584259,0.0529351903497739,0.021977000000000024
2021-12-15,0.30247924814982435,0.30728712929331903,0.23994946479797363,0.06193890588384687,-0.008575
2021-12-16,0.3013992640305087,0.30964676603961416,0.23713141679763794,0.07043503926974293,0.012297000000000002
2021-12-17,0.29978665289366646,0.30820811403649284,0.23533041775226593,0.06189751755532247,0.04137100000000005
2021-12-20,0.2991626916826353,0.32077484838060677,0.2358091175556183,0.07911568779088596,0.053945999999999994
2021-12-21,0.29768475089535407,0.3027929249113846,0.23310980200767517,0.04412039625087549,0.04704200000000003
2021-12-22,0.2969600908482131,0.2980976620093536,0.23332427442073822,0.038490497089987974,0.03741
2021-12-23,0.29732000416318355,0.2974476198963767,0.23378519713878632,0.030591919243674826,0.03450700000000001
2021-12-27,0.29963564776839174,0.29709929127671036,0.23312313854694366,0.040164692396501,0.044850999999999974
2021-12-28,0.2992628320306576,0.29012951908543716,0.22703182697296143,0.038344130611497884,0.037412999999999974
2021-12-29,0.2998767123869575,0.29466822526521463,0.2305103987455368,0.0647903849228964,0.025548000000000015
2021-12-30,0.29996642440163934,0.2803377542583402,0.20570726692676544,0.06020746363824009,0.028227000000000002
2021-12-31,0.30032361059903134,0.2781949119643477,0.20569033920764923,0.07592102866309852,0.029281
2022-01-03,0.29879448885375387,0.2843737715611503,0.20876248180866241,0.07382142730378966,0.02685599999999999
2022-01-04,0.2991941767350069,0.2976475573401746,0.23253411054611206,0.08640923902922965,0.03299000000000002
2022-01-05,0.29939817195596286,0.3032774577833657,0.23591746389865875,0.1037321118945341,0.03890199999999999
2022-01-06,0.3022968202559918,0.3016593108424518,0.24906232953071594,0.10841286205030959,0.033977000000000035
2022-01-07,0.30207070389663004,0.29400267349288445,0.2459503412246704,0.10612362037493167,0.03381299999999998
2022-01-10,0.30298065060936225,0.2973552815758833,0.24328258633613586,0.10566367464265491,0.042966000000000004
2022-01-11,0.3033687382692901,0.2997458206643019,0.24449874460697174,0.09328937521256991,0.04094900000000001
2022-01-12,0.3037895491014651,0.2985488380193197,0.24649113416671753,0.10466621111819005,0.03050900000000001
2022-01-13,0.303625892764273,0.2755809139733591,0.24419350922107697,0.10659946175108212,0.037584000000000006
2022-01-14,0.3033359212076482,0.27464796714504186,0.24638955295085907,0.11144182840497824,0.03980299999999998
2022-01-18,0.30306479364046895,0.2790807777892664,0.24305975437164307,0.12784822391103315,0.04434199999999999
2022-01-19,0.30307566387890084,0.2816113743751257,0.24491791427135468,0.15138335432866185,0.019576999999999956
2022-01-20,0.3009279891260807,0.28159319953876294,0.2516331672668457,0.13128834889347632,0.03902699999999998
2022-01-21,0.3004282648801161,0.294150665147143,0.24816030263900757,0.17899140919115475,0.05960399999999999
2022-01-24,0.2964926721352187,0.29870554712654573,0.24874964356422424,0.18059265433625526,0.04500100000000001
2022-01-25,0.30575891890989254,0.2908087597875871,0.25965800881385803,0.14037916360060437,0.006003000000000036
2022-01-26,0.30765403152646226,0.28713877084288714,0.2583419978618622,0.08681330377672497,0.07029399999999997
2022-01-27,0.30637939548509363,0.2928107835153897,0.2655903398990631,0.07974639356119784,0.028681000000000012
2022-01-28,0.30864140455015876,0.2867230886303204,0.2591210901737213,0.040859161370235486,0.02948099999999998
2022-01-31,0.3114806968695978,0.2817206277987287,0.2598748803138733,0.017679069308996487,0.024639999999999995
2022-02-01,0.31170966992355514,0.2727304829187183,0.25164085626602173,-0.00509938045586783,0.03410800000000003
2022-02-02,0.31423889857523307,0.26777695613730795,0.253195583820343,-0.0037320085220809984,0.012719000000000036
2022-02-03,0.31533266312227914,0.2696782155765642,0.2534283399581909,0.016659587694827283,0.04098999999999997
2022-02-04,0.3164457089196997,0.256217828195742,0.24800540506839752,0.0005542759915896922,0.040489
2022-02-07,0.3198601772043513,0.25372520646440283,0.2429686039686203,-0.0012304657695803023,0.04914400000000002
2022-02-08,0.326039518674665,0.2558325707420958,0.24278394877910614,-0.009254161508986225,0.04556300000000002
2022-02-09,0.32857184473119067,0.25764730540767106,0.2432696670293808,-0.014032901729038094,0.034420000000000006
2022-02-10,0.3306525836890711,0.26368637826191094,0.25017520785331726,0.004816975064781792,0.04053899999999999
2022-02-11,0.3282373758449734,0.27448355252041456,0.253385990858078,0.02681823953425777,0.035318000000000016
2022-02-14,0.32861690106155494,0.2740631280961941,0.24968321621418,0.028981264212674163,0.052842
2022-02-15,0.32806933606199634,0.2647133179212802,0.2402631789445877,-0.004189876605990905,0.05521199999999998
2022-02-16,0.32870597501852444,0.2598815946924555,0.2382434606552124,-0.007728288391154026,0.04684200000000005
2022-02-17,0.3296473422236699,0.2731967573649311,0.24913384020328522,0.012735702587024167,0.055737999999999954
2022-02-18,0.32665653676684475,0.281396090169085,0.25868338346481323,0.031855129773288804,0.041262999999999994
2022-02-22,0.3253384858073155,0.28713779061672867,0.2535736560821533,0.04684153177253442,0.04151300000000002
2022-02-23,0.32788055904807406,0.28606643671223575,0.25746816396713257,0.06719058357589752,0.06784500000000004
2022-02-24,0.3196987191738735,0.28127394332204425,0.25998634099960327,0.06256499315287084,0.012274000000000007
2022-02-25,0.31903703486202867,0.2725792579108989,0.2517228126525879,0.031177953079004894,0.04935299999999998
2022-02-28,0.3189916349678668,0.2963825674120072,0.25282952189445496,0.06681064375018053,0.061778
2022-03-01,0.31543685625799894,0.2877376825541384,0.25447604060173035,0.12164933185013416,0.06853700000000001
2022-03-02,0.31727614843377255,0.29596890267303,0.2491433024406433,0.07142234206501491,0.048068
2022-03-03,0.31618397121404246,0.295889712860941,0.25298207998275757,0.08417997652650405,0.05390600000000001
2022-03-04,0.31418987574875834,0.2951360947290786,0.2537132501602173,0.118967332112831,0.07645599999999997
2022-03-07,0.3121719312083682,0.30425793315126837,0.2499459832906723,0.1533299011419499,0.06898299999999996
2022-03-08,0.3041346681112502,0.3023761107594654,0.25441819429397583,0.10807498748769279,0.068556
2022-03-09,0.30436703329785353,0.302163755953571,0.25434979796409607,0.07242805748572106,0.064332
2022-03-10,0.3023678937063588,0.2965398579670664,0.25528186559677124,0.0583309896692194,0.05541299999999999
2022-03-11,0.30313523495082345,0.2931487476536054,0.2529831826686859,0.04307372672938414,0.05865100000000001
2022-03-14,0.30562287208874833,0.2914645741181453,0.25050291419029236,0.05005101469742018,0.05931799999999998
2022-03-15,0.30516672186775073,0.28524664941213085,0.2557816505432129,0.048078972814879384,0.05596200000000001
2022-03-16,0.3062796528397329,0.2695766444931707,0.2431592047214508,0.0012541779939884146,0.061975
2022-03-17,0.3074349358847259,0.25441644275149927,0.23641255497932434,-0.014611804475722967,0.056755
2022-03-18,0.31001111823200345,0.25620230475111033,0.23620657622814178,-0.031179732887934297,0.048524999999999985
2022-03-21,0.31083871119302564,0.2523322017062849,0.23639258742332458,-0.025336479768303888,0.05252200000000001
2022-03-22,0.3110134850388189,0.24882710465497096,0.23334605991840363,-0.02118220518081898,0.045491000000000004
2022-03-23,0.3138159440130875,0.25031495498611045,0.23783423006534576,0.001190209537211162,0.039939
2022-03-24,0.31939342062220777,0.24937314819778358,0.2371596246957779,-0.003443260590456909,0.04647499999999999
2022-03-25,0.32049507694720586,0.25382638408505076,0.23489852249622345,0.019158739201408204,0.04767199999999999
2022-03-28,0.32338792275492906,0.26089666415061025,0.23717452585697174,0.038924557116791214,0.03744799999999998
2022-03-29,0.325870584916428,0.2534228078961465,0.2354488968849182,0.020679774191669387,0.03887499999999999
2022-03-30,0.32731673027160485,0.2593412327496117,0.23432746529579163,0.0451717686052448,0.04947800000000002
2022-03-31,0.3306406505343076,0.26960712881687154,0.24312488734722137,0.07839057236551678,0.027988000000000013
2022-04-01,0.3336104661045425,0.265323126248636,0.23813559114933014,0.06550455359172747,0.050826999999999956
2022-04-04,0.33499710029700747,0.26735973453485773,0.2345663607120514,0.07918090369074271,0.04457700000000003
2022-04-05,0.3345262009768781,0.2728389564548119,0.23507021367549896,0.09945303751779655,0.05596000000000001
2022-04-06,0.3359900086430393,0.2824716740804354,0.24025584757328033,0.13706480064443516,0.059116999999999975
2022-04-07,0.33360159060878514,0.30986614095975173,0.25428056716918945,0.13520837331409824,0.048983
2022-04-08,0.3395747502781879,0.31257060776894374,0.24602152407169342,0.1378115723911557,0.045264000000000026
2022-04-11,0.33892387990717826,0.3115827250217508,0.24059663712978363,0.15842887385599214,0.05008299999999999
2022-04-12,0.3384952262868665,0.30519286425611974,0.24093537032604218,0.14874678371305283,0.06012600000000001
2022-04-13,0.3405257709928972,0.30319383488261137,0.25114452838897705,0.13564287601925576,0.055164999999999964
2022-04-14,0.34167602658462165,0.3019229333544999,0.24235104024410248,0.1439108839207979,0.038744
2022-04-18,0.3418760228368453,0.3006229426312332,0.23872831463813782,0.15043166689545193,0.06276700000000002
2022-04-19,0.34341181871296667,0.304238482826096,0.24022257328033447,0.1378089559558999,0.060724
2022-04-20,0.34343733202821236,0.3097717582060229,0.24131689965724945,0.15171280827864042,0.051595
2022-04-21,0.342466936078737,0.3101666009985681,0.2405720353126526,0.15763360049628347,0.056595000000000006
2022-04-22,0.34326544690855526,0.314412053491016,0.23848529160022736,0.19368220484699233,0.056420000000000026
2022-04-25,0.3480866336220568,0.3139085792144586,0.2398396134376526,0.18023505607748402,0.083287
2022-04-26,0.33701526071225296,0.3240515908297296,0.2492436319589615,0.14579960547396026,0.053068000000000004
2022-04-27,0.33246955882342094,0.32339568304609073,0.24882276356220245,0.09631440439154826,0.048634999999999984
2022-04-28,0.3306395885837984,0.31609432160478607,0.2484741061925888,0.07085031744239617,0.03087500000000004
2022-04-29,0.3313862811715074,0.32331783734687547,0.2554474174976349,0.09208113043841654,0.054707000000000006
2022-05-02,0.32784873105332946,0.32203358836193874,0.2542611062526703,0.08275787259695638,0.06004900000000002
2022-05-03,0.3262533082774891,0.3113796004606255,0.2550966739654541,0.05809560139536912,0.060185000000000044
2022-05-04,0.3223105141620662,0.30084342166353456,0.2563522458076477,0.002368605334624574,0.03134399999999998
2022-05-05,0.3209078241530441,0.30885905257490803,0.25454285740852356,0.03361016061062627,0.07542200000000004
2022-05-06,0.32016866008901784,0.3054858275271119,0.2531839609146118,0.02544326941703884,0.06545699999999999
2022-05-09,0.3161754427810661,0.3072199394043167,0.2563840448856354,0.08836898495859746,0.07032700000000003
2022-05-10,0.3103583332419499,0.318530231204494,0.2705425024032593,0.05371366948670786,0.07028899999999999
2022-05-11,0.3078255447925339,0.31934375451342256,0.2625187933444977,0.05935793589823718,0.07921800000000001
2022-05-12,0.3041176514190689,0.3342136783790036,0.27565598487854004,0.05415285871868114,0.080065
2022-05-13,0.30287350758214193,0.3123760114523629,0.27365341782569885,0.011906447841621426,0.07030900000000001
2022-05-16,0.3024323231024637,0.3188314454180509,0.27236226201057434,0.001543666174812719,0.063365
2022-05-17,0.30197009345186804,0.30376310173879895,0.26864707469940186,-0.032580949764078215,0.06403999999999999
2022-05-18,0.3006614830153349,0.3136179021404731,0.2689800262451172,-0.0031445479121691156,0.07210900000000003
2022-05-19,0.29905356626072693,0.3118991158293746,0.2644853889942169,-0.01589066690203944,0.05460599999999999
2022-05-20,0.29444063247609326,0.3144896533462683,0.2660064995288849,-0.02227876689446112,0.07060899999999998
2022-05-23,0.29618895052304867,0.30901784124160814,0.2634313404560089,-0.03110337087980808,0.06904199999999999
2022-05-24,0.29221531664792105,0.30637336233457246,0.2686217725276947,-0.019908359038397827,0.06536199999999998
2022-05-25,0.293176838433911,0.3028289142063703,0.2733812630176544,0.007073728122875322,0.07610699999999998
2022-05-26,0.29168343640032385,0.28680553342558324,0.2762339115142822,-0.003721412075075037,0.025571999999999984
2022-05-27,0.2940577354596002,0.28965620160481054,0.268128365278244,-0.03464537884936336,0.071525
2022-05-31,0.2967922259468489,0.288227565448413,0.2664669156074524,0.00019083093876193225,0.06511300000000003
2022-06-01,0.29539424626435334,0.28783782469199487,0.265224814414978,0.015532641749340548,0.05296299999999998
2022-06-02,0.29628389736960087,0.286039277218296,0.2653576135635376,-0.01118797842145125,0.06420099999999995
2022-06-03,0.2973175893643663,0.2957047434584829,0.25441300868988037,0.006061937419828467,0.06436999999999998
2022-06-06,0.2977900068004118,0.2907950339619423,0.25287774205207825,0.01797871271112983,0.053196999999999994
2022-06-07,0.29728596301105886,0.27142699852395924,0.2572671175003052,-0.0019357370151080189,0.05954600000000004
2022-06-08,0.2974284690164657,0.2708955203139031,0.2493753433227539,0.014785183481396569,0.06361499999999998
2022-06-09,0.2972515687161873,0.2827562644184956,0.24663816392421722,0.06267927148680191,0.05801400000000001
2022-06-10,0.2975983539632238,0.29522738698464024,0.2546769082546234,0.10607616932213265,0.06457799999999997
2022-06-13,0.2972316808521846,0.3195399323782289,0.25512632727622986,0.1695048698085786,0.07206299999999999
2022-06-14,0.29933066418215154,0.3150004410890447,0.2602038085460663,0.14505159324587064,0.07890800000000003
2022-06-15,0.29832191415211434,0.3169919031887576,0.25167396664619446,0.11081756503140489,0.05748800000000004
2022-06-16,0.2966907638323275,0.3229186282813578,0.2598166763782501,0.16059747366583033,0.069212
2022-06-17,0.29521261234814283,0.2957515050918852,0.26530224084854126,0.13512542399525662,-0.020052000000000014
2022-06-21,0.293954670646907,0.3186957282850463,0.2577786445617676,0.11474741158694363,0.007038999999999962
2022-06-22,0.29370194356377793,0.3198988977264599,0.2612547278404236,0.13310245172730667,0.057128999999999985
2022-06-23,0.29149075755423587,0.3154771365568962,0.2617839574813843,0.127627659840289,0.056686000000000014
2022-06-24,0.28713356364704307,0.3165603859052203,0.26565924286842346,0.10422373664865353,0.056502
2022-06-27,0.2881710623416139,0.31676405340202773,0.26538267731666565,0.11774362007428912,0.046499999999999986
2022-06-28,0.28484268468102253,0.31519381379863165,0.2641117572784424,0.12576622724054165,0.06356600000000001
2022-06-29,0.2817510429889802,0.3231202956064025,0.2592771351337433,0.1417365567052461,0.05516199999999999
2022-06-30,0.28255487426130055,0.318758683123515,0.2672673165798187,0.1358265933397143,0.07887100000000008
2022-07-01,0.2791722321457322,0.31014555980891173,0.28187310695648193,0.12716306474542594,0.074015
2022-07-05,0.27877778798944725,0.323223512416537,0.2865399122238159,0.14519010966137313,0.07673099999999994
2022-07-06,0.27805801391301754,0.33064049290316444,0.2887989580631256,0.13504085106883734,0.084459
2022-07-07,0.2802370119511621,0.3245584927088409,0.2852887809276581,0.11081231828075644,0.08827499999999999
2022-07-08,0.27822345540668314,0.32897114808950806,0.29297566413879395,0.10750572054701829,0.042794
2022-07-11,0.27872083965714833,0.3355542937232512,0.2872287929058075,0.12412369060617284,0.087196
2022-07-12,0.27230814534785486,0.45848377660420464,0.3117259442806244,0.1201504920613155,0.080434
2022-07-13,0.27425219400686535,0.4522276240224649,0.30815520882606506,0.12972527176887255,0.08279699999999995
2022-07-14,0.277075766686603,0.4153694532287756,0.3072032630443573,0.1297238570550005,0.08655399999999996
2022-07-15,0.2843610832688251,0.41958514671870106,0.30598968267440796,0.10771500907878045,0.09092900000000004
2022-07-18,0.2836320094181762,0.4030130693898345,0.30354803800582886,0.10377204950332797,0.08729399999999998
2022-07-19,0.28461442357602945,0.40068087532141355,0.29738831520080566,0.09312086009846737,0.07869199999999998
2022-07-20,0.28316177093393563,0.3752447862109831,0.2985976040363312,0.09797868440625401,0.07066699999999998
2022-07-21,0.28397477579383557,0.39264572072275783,0.29952606558799744,0.09137167850910954,0.08610400000000001
2022-07-22,0.2852465577228124,0.3780854420359444,0.29232001304626465,0.09167730608255376,0.08732000000000001
2022-07-25,0.28568710610673886,0.35143858022798063,0.2915671169757843,0.09274396036749805,0.08671899999999999
2022-07-26,0.2765760025565742,0.3626876510667997,0.28101393580436707,0.04230984646229563,0.048248999999999986
2022-07-27,0.2825392677900947,0.3517461570134767,0.2816169261932373,-0.010013544604599856,0.03215299999999999
2022-07-28,0.28607295229348007,0.34937266413452966,0.2869231402873993,0.0010120624663142452,0.05052099999999998
2022-07-29,0.28539858185678224,0.3287278896593464,0.2951928377151489,-0.010658948480902264,0.054726
2022-08-01,0.2806062284948037,0.3466501237856492,0.28644096851348877,0.003049959369656685,0.05385899999999999
2022-08-02,0.2801149278296857,0.31645971548613233,0.2656017541885376,0.02238168935222762,0.0534
2022-08-03,0.2830866558635427,0.3076830369331465,0.27491825819015503,0.019010711396839186,0.05018800000000001
2022-08-04,0.28568687691619454,0.306257499240768,0.2651587426662445,0.01851200394783592,0.054859999999999964
2022-08-05,0.285768438808811,0.3032938789852288,0.2666666805744171,0.01013724405319033,0.045516
2022-08-08,0.28490333585246447,0.3131896008390385,0.26296281814575195,0.020151775428937646,0.035829
2022-08-09,0.285827639906265,0.30672799770027626,0.2545073926448822,0.021511994378487498,0.04404199999999997
2022-08-10,0.2862141274986339,0.29309412443550037,0.2535625100135803,0.014769626709712269,0.040169999999999983
2022-08-11,0.28745624163197186,0.3110584383565966,0.2625950872898102,0.024054526556869515,0.04639500000000002
2022-08-12,0.2876355938274118,0.2969712238032492,0.26348763704299927,0.012721117352243905,0.04363300000000003
2022-08-15,0.2882611234103182,0.303489065769677,0.24128085374832153,0.021588442919999784,0.045669000000000015
2022-08-16,0.28797592262364946,0.3105423678180825,0.24052011966705322,0.02507160980004841,0.044489
2022-08-17,0.28807311889648735,0.31540617083717215,0.25216296315193176,0.025632769244338716,0.04541300000000004
2022-08-18,0.2888810740992532,0.3150637995546838,0.2564026713371277,0.035734051516514764,0.03962399999999999
2022-08-19,0.2903236176425911,0.31996489478234735,0.26100635528564453,0.0350503508235544,0.04722599999999999
2022-08-22,0.29127925239779895,0.32907858934816947,0.27390050888061523,0.0635138526777867,0.05698199999999998
2022-08-23,0.2890187269480338,0.3278520620980772,0.2740240693092346,0.05741080958042083,0.04980600000000002
2022-08-24,0.2888206074430012,0.3321331282267853,0.2792057693004608,0.09197248348719145,0.044406999999999974
2022-08-25,0.28612622366332674,0.3268044550622635,0.2758153975009918,0.08311875095409349,0.05151900000000004
2022-08-26,0.28409737963955073,0.3355491196153721,0.2795705497264862,0.11100593700543121,0.04600799999999999
2022-08-29,0.2823889021398454,0.33457750035807343,0.2706821858882904,0.11876333967889793,0.048102000000000034
2022-08-30,0.2790604731440572,0.32615869381776524,0.26344019174575806,0.12865368210359698,0.053483
2022-08-31,0.28211802738188846,0.32927066212060374,0.26509854197502136,0.13874710311459446,0.039370000000000016
2022-09-01,0.28101043069085124,0.33062051292711103,0.26711928844451904,0.12397787028022633,0.057122000000000006
2022-09-02,0.2797455008569355,0.3308013085319917,0.2662518620491028,0.1173492387222135,0.054118
2022-09-06,0.27872048888136053,0.3328328105988827,0.2704506516456604,0.1316803632675672,0.040901999999999994
2022-09-07,0.2801500242731988,0.3326977998360948,0.26920583844184875,0.11314358393516588,0.029281
2022-09-08,0.2790297943695261,0.33182407235087735,0.2660317122936249,0.10056017270612061,0.06078500000000003
2022-09-09,0.2827222389481657,0.3378337393413699,0.2675606310367584,0.09619384870019881,0.03161199999999997
2022-09-12,0.2812987861805271,0.32908147655558234,0.26763054728507996,0.09872553181815874,0.05588600000000005
2022-09-13,0.2789799419436576,0.3302366565701619,0.2634296417236328,0.13231550671680226,0.041184
2022-09-14,0.27869139774830815,0.3252011363626812,0.2625061869621277,0.11764288487804819,0.070494
2022-09-15,0.27783352837080155,0.3367918099657798,0.2669975161552429,0.12019773554796215,0.05943999999999999
2022-09-16,0.28022555722097836,0.3394949055437987,0.26810550689697266,0.14315655868337668,0.065245
2022-09-19,0.27985077126088376,0.33457930879639386,0.2727724313735962,0.107842232438365,0.06978299999999998
2022-09-20,0.27906257720226224,0.34243539908042164,0.26899459958076477,0.11049850152500967,0.07432299999999997
2022-09-21,0.28075965089785804,0.3465419797566628,0.2686258554458618,0.13606977524547348,0.05157200000000001
2022-09-22,0.28171036543395445,0.3512215328429413,0.2739817798137665,0.15051706682856453,0.06408599999999998
2022-09-23,0.28278717283369836,0.35615126652752005,0.28325846791267395,0.15153637220581867,0.07037300000000002
2022-09-26,0.2807173274414594,0.35581397259627734,0.2812466323375702,0.17967505146192236,0.076766
2022-09-27,0.27848001006260054,0.35701281669080265,0.27645090222358704,0.17819016189890657,0.085893
2022-09-28,0.2794536374175426,0.3502962532305055,0.24142684042453766,0.19339062556905628,0.064413
2022-09-29,0.27686481464358853,0.3457240909010464,0.23903681337833405,0.18975475130602987,0.08898499999999998
2022-09-30,0.2759134364965241,0.34011566747943467,0.23958861827850342,0.19603491093929964,0.07167000000000001
2022-10-03,0.27275155130867845,0.3370223302051721,0.23468443751335144,0.16725917643001503,0.07601599999999997
2022-10-04,0.2782794428265128,0.3373296120391292,0.22942489385604858,0.1497838766700575,0.06667499999999998
2022-10-05,0.278578482537459,0.3301749348827482,0.2326153963804245,0.15147429198942441,0.058599999999999985
2022-10-06,0.2781806560492672,0.3294249912624013,0.23184490203857422,0.15961433144115827,0.07599
2022-10-07,0.2788367711987269,0.3041414989208196,0.2262304723262787,0.17618772563394747,0.059952000000000005
2022-10-10,0.2785808237380726,0.3048340254355149,0.22550499439239502,0.1822636429496028,0.067249
2022-10-11,0.27587320665863735,0.3055521059893434,0.22403351962566376,0.1959418897928651,0.08410600000000001
2022-10-12,0.27346282146531925,0.2914463764941855,0.22298142313957214,0.20376445589568432,0.06474000000000002
2022-10-13,0.26412384485146945,0.3119300330140733,0.2314671277999878,0.15096255639263023,0.06885800000000003
2022-10-14,0.2627157008538184,0.3113076241568027,0.23037998378276825,0.15570717181552357,0.06359600000000004
2022-10-17,0.26150917060725704,0.3104053592076288,0.22986392676830292,0.14180259145140167,0.07386799999999993
2022-10-18,0.2626912648764221,0.30393210606931914,0.22409838438034058,0.1272429064626434,0.07104699999999997
2022-10-19,0.2634453341169829,0.30244712765225323,0.22755205631256104,0.12666554853926126,0.07515099999999997
2022-10-20,0.26296227080118717,0.30506144037299404,0.23094849288463593,0.1345439053759629,0.065087
2022-10-21,0.26363755267208044,0.3031734463627314,0.23155319690704346,0.09509544458185043,0.06670799999999999
2022-10-24,0.2637236080831955,0.30516727417655837,0.23165157437324524,0.1250519426695756,0.05146299999999998
2022-10-25,0.25456596751387744,0.2974856782707475,0.22408509254455566,0.03846513725293654,0.06306400000000001
2022-10-26,0.25213220288750343,0.2944029673625722,0.220531165599823,0.031724841902967094,0.05118699999999998
2022-10-27,0.25155077837634815,0.28680907182490734,0.21780277788639069,0.014266040132065505,0.05595100000000003
2022-10-28,0.25208459922026005,0.28570986791858244,0.22005906701087952,0.0018690667708300968,0.06220300000000001
2022-10-31,0.2526429220912573,0.286302091423687,0.219370037317276,0.012183050567148912,0.04631299999999999
2022-11-01,0.24948907409157117,0.2850241442292211,0.21841081976890564,0.009719129721938058,0.05101800000000001
2022-11-02,0.24699263574005464,0.28674894863160283,0.22328421473503113,0.004878869375278816,0.03900500000000001
2022-11-03,0.24539675530010685,0.2847333517999227,0.22041651606559753,-0.0008129837772044568,0.04921900000000001
2022-11-04,0.24610817061821022,0.2818818645015035,0.21609392762184143,-0.00655016142614534,0.04624400000000001
2022-11-07,0.24506863873652124,0.28770576904160583,0.21894986927509308,0.013828938982506311,0.03295800000000004
2022-11-08,0.24442114152643013,0.2943057738097636,0.2180250883102417,0.010630523026623373,0.047309000000000045
2022-11-09,0.24279400826074826,0.28849996903584796,0.2158283293247223,0.013381818450183824,0.054259999999999975
2022-11-10,0.24253052572969686,0.28306421185380864,0.21009154617786407,0.001295868940128675,0.059778
2022-11-11,0.24230005054908946,0.28259040245401945,0.208867609500885,0.014709026966125194,0.048839999999999995
2022-11-14,0.24231493565172646,0.2873302904219833,0.21050499379634857,0.031580725292914835,0.05323100000000003
2022-11-15,0.24274760754350572,0.280128933058955,0.21001696586608887,0.02882065550375068,0.06385099999999999
2022-11-16,0.24281794071207716,0.28476180764025716,0.2114810049533844,0.038476510256806484,0.056788000000000005
2022-11-17,0.24170252247050245,0.2851802158246847,0.21061521768569946,0.03332551938820777,0.05920799999999998
2022-11-18,0.2416593504365561,0.28787848608425165,0.2125624269247055,0.0262268935043381,0.05505399999999999
2022-11-21,0.24462953091972606,0.28468308303425105,0.2157149314880371,0.027007199377166113,0.05641999999999997
2022-11-22,0.24491490459068516,0.27967886695215594,0.2128898799419403,0.02139578329110725,0.04098999999999997
2022-11-23,0.245719315692552,0.2843997489575135,0.21375980973243713,0.036635171430059704,0.062811
2022-11-25,0.24743579813696487,0.30518866413387996,0.21686840057373047,0.05360697870649825,0.051405000000000034
2022-11-28,0.24690763786852873,0.31535608973442614,0.21732984483242035,0.08065824878004732,0.05074300000000004
2022-11-29,0.24757155165915212,0.3139053490685089,0.21487221121788025,0.07227992359090002,0.05296299999999998
2022-11-30,0.24381461944847693,0.3074709333344283,0.2106991559267044,0.04816644740802528,0.06367899999999999
2022-12-01,0.2434243213422474,0.31323883684028425,0.21351774036884308,0.06558347561185138,0.053437999999999986
2022-12-02,0.24317423495511206,0.30862871584331947,0.2112860232591629,0.059560506025459564,0.06463000000000002
2022-12-05,0.24359353247911322,0.3217277632088251,0.21333986520767212,0.09443571044054044,0.047821999999999976
2022-12-06,0.2522265151839092,0.3212398739057304,0.2184661626815796,0.08823140690860087,0.05702200000000002
2022-12-07,0.256422754459912,0.32447359618992494,0.22045081853866577,0.10923722628434085,0.04743900000000001
2022-12-08,0.25575327416748983,0.32147977823929913,0.2180011123418808,0.09336196657207971,0.05619299999999999
2022-12-09,0.2582069466516582,0.3224644043551156,0.2174270749092102,0.09573773636662741,0.04675099999999999
2022-12-12,0.2615530294972939,0.3195307924662126,0.2225620299577713,0.09910565315524486,0.03586299999999998
2022-12-13,0.26137560498652307,0.3692727214249697,0.22597774863243103,0.14332430968650564,-0.07723199999999997
2022-12-14,0.2615480483786913,0.35168261665222295,0.2205311506986618,0.15114607976563602,-0.09077400000000002
2022-12-15,0.2592467412448738,0.3514933212482651,0.22492001950740814,0.15324028459278383,-0.22099399999999997
2022-12-16,0.25895824534018763,0.3599002246947067,0.22551022469997406,0.18521689805614266,-0.053286
2022-12-19,0.2597412281426693,0.3588706793225209,0.22088468074798584,0.22358714702615312,-0.396758
2022-12-20,0.25924645590294265,0.36571775162765424,0.2219504863023758,0.24291032508490112,-0.25524100000000005
2022-12-21,0.2586922079480771,0.35464938988436806,0.21975906193256378,0.23326882393202736,-0.412385
2022-12-22,0.2559966125286794,0.3635631031092217,0.2210669368505478,0.28504676133706763,-0.06274300000000005
2022-12-23,0.25541430483044375,0.3606813510297305,0.22146804630756378,0.2936079548584475,-0.252207
2022-12-27,0.25516668062874587,0.38112264431429677,0.22382541000843048,0.4474330124638837,-0.395885
2022-12-28,0.25384943197599047,0.38745117602639206,0.2268374264240265,0.5101293534044438,-0.39879300000000006
2022-12-29,0.2531711527942261,0.3812932158581478,0.22439692914485931,0.5437415096235483,-0.524867
2022-12-30,0.25324058686728407,0.3902200037078327,0.2236671894788742,0.5942746991916878,-0.663535
2023-01-03,0.25542488976822764,0.4339745590680505,0.22503362596035004,0.9830227248576756,-0.8610009999999999
2023-01-04,0.2484405466195977,0.39443583419838735,0.26599812507629395,0.9631678150309873,-0.8610009999999999
2023-01-05,0.24454875573338158,0.2733489950400916,0.2532660663127899,0.09009878769751944,0.05854799999999999
2023-01-06,0.24332949318860642,0.27395685152398336,0.24946312606334686,0.07976120165842082,0.05763099999999999
2023-01-09,0.2410622250088011,0.25043338037201507,0.24381734430789948,0.10221257687930058,0.055203999999999975
2023-01-10,0.23929009634076884,0.24652606671689511,0.24266394972801208,0.0872308437910812,0.068299
2023-01-11,0.23848990164947795,0.2468378065628881,0.2434278279542923,0.07630746949828687,0.06981300000000001
2023-01-12,0.23713021097501388,0.2603902486312151,0.2423170804977417,0.0685015290146036,0.06292900000000001
2023-01-13,0.2356163553151457,0.26296903614878264,0.23645563423633575,0.0717054166298079,0.06136199999999997
2023-01-17,0.23573132197529337,0.26528354307026647,0.2339051514863968,0.07771674280587071,0.065668
2023-01-18,0.2346815963709473,0.26880423343381055,0.23471784591674805,0.09733299734495082,0.06466900000000003
2023-01-19,0.23304336883465263,0.2684563180085892,0.2368491142988205,0.09155220162104993,0.07060300000000003
2023-01-20,0.23019183135113283,0.27049396112611807,0.2423516809940338,0.06343087950666793,0.07241599999999998
2023-01-23,0.2289153964577479,0.27164723343347036,0.2421528697013855,0.07760545539698688,0.07984199999999997
2023-01-24,0.22946706749681878,0.2658975385174707,0.2390148639678955,-0.010681771012006902,0.07057700000000003
2023-01-25,0.22862425316583795,0.2693039898530109,0.2429078370332718,0.015359807799893377,0.06443300000000002
2023-01-26,0.22803797070542692,0.2726927216860912,0.24488335847854614,0.005331931429866099,0.054091
2023-01-27,0.22684001030462916,0.2775288438771751,0.24889802932739258,-1.9551768704439976e-05,0.053866
2023-01-30,0.22731439726952385,0.27781209657092726,0.2466733306646347,0.025707386378650166,0.04899300000000001
2023-01-31,0.22708316015328764,0.27375724204625246,0.24838659167289734,0.014149746959397913,0.07851800000000003
2023-02-01,0.22633878116937575,0.2771173838629221,0.24884246289730072,0.004028206488673525,0.08606899999999998
2023-02-02,0.2316788477265313,0.276722540572918,0.23952022194862366,-0.0016274605189738334,0.068384
2023-02-03,0.23232395881162746,0.27835168759061785,0.2476833611726761,0.021704567935584257,0.07252800000000001
2023-02-06,0.23196376330695673,0.28960269022381935,0.24843095242977142,0.04495442496942181,0.06769499999999995
2023-02-07,0.2303206933974661,0.2843833803463967,0.2530350685119629,0.04805230177584788,0.04584700000000003
2023-02-08,0.2324735230058315,0.28674658484843035,0.2544114291667938,0.0478896340210157,0.056165999999999994
2023-02-09,0.2311449400052592,0.2889544350248855,0.25135287642478943,0.06853237832294798,0.057869000000000004
2023-02-10,0.23277308701968452,0.294273773226396,0.25774550437927246,0.05807366866907249,0.052232999999999974
2023-02-13,0.23358495597662196,0.30118811845996396,0.25651034712791443,0.06865941075351342,0.057101999999999986
2023-02-14,0.23314651330926528,0.3022055087683971,0.2530003786087036,0.06296526693691057,0.05400499999999997
2023-02-15,0.23284106581294242,0.29989562938369985,0.2522260546684265,0.0728622466950814,0.058753
2023-02-16,0.23367666475819535,0.2996409772860701,0.2564631402492523,0.07712301187191833,0.05968499999999999
2023-02-17,0.23369689069812985,0.299602018669505,0.2565460801124573,0.07668131999455305,0.05733700000000003
2023-02-21,0.23341939745769727,0.30768410014367836,0.25506508350372314,0.10688851723299564,0.05612
2023-02-22,0.23271537055367855,0.30318323655256985,0.25271278619766235,0.1121228027184536,0.06562799999999996
2023-02-23,0.2299302962608831,0.29787907909189265,0.25185540318489075,0.10924616925263336,0.05849599999999999
2023-02-24,0.22963505848607563,0.2980176090493881,0.2505885064601898,0.1141328675801149,0.05484799999999995
2023-02-27,0.2304221267180026,0.2999307067407379,0.24916817247867584,0.10089652711015157,0.050960000000000005
2023-02-28,0.23038011498181551,0.2903437697027758,0.24982456862926483,0.10790103700383555,0.05043900000000001
2023-03-01,0.2308600420903443,0.289484580261853,0.24757076799869537,0.1006044020324375,0.04990800000000001
2023-03-02,0.23266659218253727,0.29015864730580027,0.25125250220298767,0.09726740479708157,0.06183300000000003
2023-03-03,0.23250491938849419,0.29255376135923983,0.2530005872249603,0.07970160793093922,0.049360000000000015
2023-03-06,0.23187300057241167,0.289559242981112,0.2505182921886444,0.08459252713827822,0.053435999999999984
2023-03-07,0.23195500877226774,0.2863531939668975,0.24128907918930054,0.08092979049558635,0.054639999999999966
2023-03-08,0.23193916223184863,0.286467166014838,0.2407950758934021,0.0806075718309727,0.05297400000000002
2023-03-09,0.22010097700565984,0.281898924915738,0.23721374571323395,0.05598906640486023,0.04447000000000001
2023-03-10,0.21508402153410766,0.2789803191247299,0.23915183544158936,0.06576045059966495,0.043754000000000015
2023-03-13,0.21039578222051838,0.27986240634915893,0.23929719626903534,0.07179466959317127,0.05076999999999998
2023-03-14,0.20624896687626956,0.28685309394454356,0.24361757934093475,0.051121804045446195,0.050954
2023-03-15,0.20178792891435465,0.29083507345330323,0.2475559413433075,0.0637964183733778,0.044792
2023-03-16,0.1981624531764681,0.28719355517561124,0.24101954698562622,0.03297112200205482,0.06765699999999997
2023-03-17,0.19924078746073356,0.2968625454930856,0.2416052669286728,0.04955577369206554,0.06287999999999999
2023-03-20,0.19953359586726235,0.28962531646362694,0.23717640340328217,0.04578332260427659,0.064942
2023-03-21,0.19896671601238436,0.2746300670999259,0.24256965517997742,0.024124962671655426,0.04994000000000004
2023-03-22,0.1978632892840159,0.2747150249271953,0.24678142368793488,0.042907642566234805,0.03434599999999999
2023-03-23,0.19601737478619816,0.269519284066798,0.24226725101470947,0.04238616189367095,0.059083
2023-03-24,0.19492838634103385,0.26899776875290043,0.24170881509780884,0.055456587111306355,0.066272
2023-03-27,0.1943307460943496,0.26575655102796475,0.24059955775737762,0.0529509676667162,0.059257000000000004
2023-03-28,0.19505885102444484,0.2664933198511982,0.24255062639713287,0.055768021415844526,0.06976099999999996
2023-03-29,0.19537311183025985,0.2606803398493207,0.240154430270195,0.04586188793216078,0.04892000000000002
2023-03-30,0.19597955270734585,0.2626454428604117,0.24103671312332153,0.04707666219847784,0.056171000000000026
2023-03-31,0.19701065748467822,0.262354050210573,0.23382748663425446,0.033864806395440095,0.054710000000000036
2023-04-03,0.19680519751615266,0.2603780394758372,0.23116914927959442,0.034542869282373156,0.061563000000000034
2023-04-04,0.1941456825116029,0.2620007092295371,0.23831115663051605,0.04850415057262253,0.06420600000000004
2023-04-05,0.19399289545054307,0.25074681956371936,0.21933528780937195,0.04097654792831096,0.06373899999999999
2023-04-06,0.19459113958717342,0.2585241625373268,0.22082240879535675,0.05415243244444112,0.050639000000000045
2023-04-10,0.19424522371523295,0.26466600481556807,0.2279999703168869,0.07850751752035481,0.057162999999999964
2023-04-11,0.1942139970878677,0.234377060575254,0.19402781128883362,0.09735148372692928,0.05281400000000003
2023-04-12,0.19421189960901938,0.23286059340939422,0.19343528151512146,0.10555011899934502,0.05544399999999999
2023-04-13,0.19377574221695731,0.23309345218737224,0.19467395544052124,0.10937643105245554,0.05499399999999999
2023-04-14,0.1944619385536867,0.2340863446188773,0.1936626434326172,0.11990556352503273,0.047572999999999976
2023-04-17,0.1946915435852285,0.23145677178853297,0.1925348937511444,0.11946860507579266,0.05077600000000004
2023-04-18,0.19571625299314319,0.23012922909354122,0.18469344079494476,0.11911568824828078,0.04142499999999999
2023-04-19,0.19638694901555873,0.2311811424883217,0.18674388527870178,0.12312411275827936,0.04448000000000002
2023-04-20,0.19681922053760842,0.22663614352506725,0.1820533275604248,0.12913929443924133,0.04984700000000003
2023-04-21,0.19678899588501864,0.22732951989026498,0.1834733635187149,0.134940632712836,0.04213800000000001
2023-04-24,0.20118715720632396,0.22700989865788684,0.1780962347984314,0.14955414432486067,0.041673000000000016
2023-04-25,0.20008386108164833,0.22559603207652126,0.18211877346038818,0.11536386187338679,0.05274000000000001
2023-04-26,0.20081484491216597,0.2309234975543599,0.1809096783399582,0.12015496106175025,0.04152800000000001
2023-04-27,0.2008160999075676,0.23268651572521595,0.17986050248146057,0.09321152498169885,0.049592
2023-04-28,0.19839235869189925,0.2324310490860064,0.17898410558700562,0.06854492947846583,0.042198999999999987
2023-05-01,0.1974529548069153,0.23092443052291914,0.1856621503829956,0.06533757517626271,0.04506000000000002
2023-05-02,0.19675842635785634,0.2255924858378507,0.18431657552719116,0.08258936505207112,0.050678
2023-05-03,0.19641958065329915,0.22784434605974407,0.18696659803390503,0.07818748832393552,0.04681500000000002
2023-05-04,0.19018006339434207,0.22843974956062968,0.19500303268432617,0.09702278868153286,0.059975999999999974
2023-05-05,0.18852018966035605,0.2286337265419617,0.19184674322605133,0.07076916052920001,0.05188300000000001
2023-05-08,0.1892671423468954,0.22624836072662816,0.19229501485824585,0.07271614876583862,0.05131999999999998
2023-05-09,0.18924985638283948,0.2270977356797438,0.19473403692245483,0.08257082781937655,0.04953099999999999
2023-05-10,0.18766456635943632,0.22744936399212667,0.19758515059947968,0.06876008489555205,0.05243999999999999
2023-05-11,0.18811975345734783,0.227811571918733,0.19481199979782104,0.06845759124013226,0.05135899999999999
2023-05-12,0.1862581721561509,0.2351308300528537,0.19813792407512665,0.06542423403388128,0.060192999999999997
2023-05-15,0.1842474205577918,0.23406144066636816,0.19657708704471588,0.044854218609530344,0.05468500000000001
2023-05-16,0.18476257359317746,0.23772640815328808,0.19944210350513458,0.06044399320836605,0.04259400000000002
2023-05-17,0.18571595495710613,0.23777717180582347,0.19804824888706207,0.045496099689562,0.048087999999999964
2023-05-18,0.18373880447342444,0.23457157297733477,0.196904718875885,0.039777177020128424,0.04395300000000002
2023-05-19,0.1828270064921851,0.2287744671123953,0.1967291533946991,0.038121175389367684,0.04197400000000004
2023-05-22,0.18327684872196615,0.22845307482849236,0.1954985111951828,0.02916259424372733,0.052117000000000024
2023-05-23,0.18180876536776677,0.2407656786558192,0.19591648876667023,0.045897749338899674,0.053447999999999996
2023-05-24,0.1827039044020718,0.23944645806024406,0.19684085249900818,0.07228774165136703,0.06560300000000002
2023-05-25,0.18337854198171796,0.24141191519027777,0.1977006494998932,0.07361812575147858,0.06045299999999998
2023-05-26,0.18223569392893338,0.23912652850487906,0.19629426300525665,0.06441339991699391,0.05360100000000001
2023-05-30,0.18160318746661017,0.2387688661318023,0.1978449672460556,0.07211309677908903,0.05804100000000001
2023-05-31,0.18016018754257604,0.23923486796665402,0.2029230147600174,0.06754302689447436,0.043984999999999996
2023-06-01,0.17673355516627348,0.23082980939251582,0.19720014929771423,0.0356608127531271,0.04536599999999996
2023-06-02,0.1757721412700294,0.2307969956523389,0.2007354199886322,0.02267274433112157,0.045410000000000034
2023-06-05,0.1766850910690174,0.23510701335594786,0.1992160677909851,0.051502316649126606,0.04190600000000003
2023-06-06,0.17714202063322063,0.23433463544468267,0.20022304356098175,0.03800316512579216,0.04748700000000003
2023-06-07,0.17713244619749588,0.23315555434119561,0.19896218180656433,0.02857732527854004,0.04282
2023-06-08,0.1761700350428559,0.23820579216876556,0.19173316657543182,0.03250626842313151,0.040438999999999975
2023-06-09,0.17579769795260564,0.23968403097284546,0.19154249131679535,0.03335541496853428,0.03961899999999999
2023-06-12,0.17821600681102537,0.23962276862716422,0.1908627301454544,0.041592375599348225,0.042543
2023-06-13,0.18030748566108568,0.2276277315696621,0.1849859356880188,0.039970806080632304,0.03373100000000001
2023-06-14,0.1807689841541684,0.24127734534991355,0.18708376586437225,0.052683679043078524,0.042372999999999994
2023-06-15,0.18098363412230578,0.24125977616241912,0.18802958726882935,0.059325664955593854,0.040069999999999995
2023-06-16,0.17919003279172663,0.2407408502077735,0.18984673917293549,0.05714509779977231,0.027129000000000014
2023-06-20,0.1777321189574168,0.24237435147224903,0.19279158115386963,0.06899477191437928,0.034309000000000034
2023-06-21,0.1787008016030546,0.23954570987126025,0.18925979733467102,0.05798642155947448,0.03906799999999999
2023-06-22,0.17998287283884196,0.23848518683032005,0.18841825425624847,0.06493968625301175,0.04281600000000002
2023-06-23,0.17969489485022355,0.22488559030975275,0.18936112523078918,0.06625924706529873,0.043244000000000005
2023-06-26,0.17890817971588976,0.2237580216482339,0.18662995100021362,0.07868249141914788,0.04619300000000004
2023-06-27,0.18034448087183277,0.19754237161875648,0.18756021559238434,0.07862104311859802,0.04725099999999999
2023-06-28,0.17962468812039875,0.2198891913304395,0.18631090223789215,0.08404958775040078,0.04395199999999999
2023-06-29,0.18043100217572117,0.22172114065711904,0.18090255558490753,0.09063373439864122,0.048626
2023-06-30,0.18153596143453507,0.22362566186416075,0.18484032154083252,0.09298846564522642,0.023592000000000002
2023-07-03,0.1832493186158057,0.22341626791437866,0.18020111322402954,0.10049643592255231,0.027947
2023-07-05,0.1865134456492059,0.22278802764486846,0.18154168128967285,0.10284293913622139,0.040331000000000006
2023-07-06,0.18630369802300145,0.22396018122465602,0.18502330780029297,0.11676422852921692,0.03798499999999999
2023-07-07,0.18677085970958543,0.2274447689225486,0.18449677526950836,0.10031341512916331,0.04306299999999996
2023-07-10,0.1893996548638417,0.22173682323105018,0.1857161819934845,0.10342730525222477,0.042510999999999965
2023-07-11,0.18967595181247734,0.22380623379768358,0.18507692217826843,0.10833980914938116,0.03600700000000001
2023-07-12,0.19108183331297013,0.1877051785854942,0.17636056244373322,0.09987937063483016,0.04036200000000001
2023-07-13,0.19119720567345294,0.1920283833276293,0.16894936561584473,0.11259622957636953,0.03869700000000004
2023-07-14,0.192936038173969,0.19091803507138816,0.16896556317806244,0.11010832017165967,0.04109099999999999
2023-07-17,0.19359175952621077,0.18922447868902065,0.1704837679862976,0.11604890302409501,0.037614999999999954
2023-07-18,0.1963812520013282,0.18755825555214797,0.1688208281993866,0.11107463015278068,0.044662000000000035
2023-07-19,0.19719481853894075,0.18874301996039483,0.17093566060066223,0.13208328677962708,0.042825
2023-07-20,0.1975244106005735,0.19298782878266466,0.16858866810798645,0.13043584854578474,0.04552499999999998
2023-07-21,0.19855773155820283,0.1907657808897999,0.17055530846118927,0.1273488420173761,0.038681999999999994
2023-07-24,0.19938333285268714,0.1895315185068633,0.1719641387462616,0.12823068199564974,0.031074000000000046
2023-07-25,0.19629642750483628,0.19568149538468685,0.16854828596115112,0.043239753580670615,0.03279300000000002
2023-07-26,0.20736630126305242,0.19691441692138884,0.17051665484905243,0.03938342297801861,0.009173000000000014
2023-07-27,0.2065422890611033,0.19028507010941006,0.17674890160560608,0.030579205621639877,0.035801
2023-07-28,0.21434700336630505,0.19058139282314254,0.1801508367061615,0.02356714402282223,0.01764200000000002
2023-07-31,0.21813919612171928,0.18942802032732728,0.17790576815605164,0.026492535332207523,0.031226000000000004
2023-08-01,0.2189104674265387,0.1880902825146704,0.1802467405796051,0.030936793300968296,0.02086099999999999
2023-08-02,0.219134496270662,0.18833439829042445,0.1810579150915146,0.05063406307357149,0.021692000000000017
2023-08-03,0.2204151083231862,0.18818182147102172,0.18198813498020172,0.05490797691317312,0.01503199999999999
2023-08-04,0.2198875817091529,0.18623552188130357,0.17793788015842438,0.040760787716888125,0.03207400000000002
2023-08-07,0.22021725766469047,0.18665450919316315,0.18160562217235565,0.056234998398107805,0.022377000000000008
2023-08-08,0.22177682167795154,0.18724504845870277,0.1788560003042221,0.05185535132669533,0.025628999999999985
2023-08-09,0.22274345608862758,0.18920881310877066,0.1765938103199005,0.05633698748606508,0.028570000000000012
2023-08-10,0.2215051225571489,0.18781666036934472,0.1784481555223465,0.04809875734974378,0.025906999999999986
2023-08-11,0.2212529857945839,0.19086069965507121,0.1800265908241272,0.033077006859709296,0.030311000000000005
2023-08-14,0.2219263349819199,0.18654514454796536,0.1806028038263321,0.03432426387300577,0.032302
2023-08-15,0.22271459837398808,0.1890666446715728,0.18134865164756775,0.06000021111522885,0.021143999999999996
2023-08-16,0.22268210342672284,0.1934589638267539,0.18002702295780182,0.05648254026197949,0.030407000000000017
2023-08-17,0.2219027498822871,0.1968339065424505,0.18263067305088043,0.06450228505376279,0.028255999999999976
2023-08-18,0.22209519540658573,0.1946107180223734,0.17941567301750183,0.05151425255621345,0.032054
2023-08-21,0.2216482713323684,0.1956094494380405,0.17849081754684448,0.05294720618154963,0.02796399999999999
2023-08-22,0.2203248069608251,0.19452074512351852,0.17988750338554382,0.04816716805807619,0.02862500000000001
2023-08-23,0.22003238247316145,0.192798682674435,0.18044516444206238,0.047442088827624795,-0.00023499999999998522
2023-08-24,0.2186077309824022,0.20195661869901854,0.18501369655132294,0.07763247464421968,0.02524599999999999
2023-08-25,0.21711241188215308,0.20149408265523996,0.18263916671276093,0.0619075254162928,0.031291999999999986
2023-08-28,0.21633495007335682,0.20171560282569917,0.18319840729236603,0.05528084989874704,0.029705999999999982
2023-08-29,0.2148700726405801,0.20167330125684926,0.18516267836093903,0.04310788846195909,0.03001999999999999
2023-08-30,0.2144132255293644,0.20184527704117813,0.1862369179725647,0.05116337130682533,0.0011519999999999864
2023-08-31,0.21486487702544316,0.19922439369168676,0.18119025230407715,0.049064547081433985,0.007197999999999982
2023-09-01,0.21453919621750464,0.19885409707775195,0.18070507049560547,0.037812668998688626,0.022299000000000013
2023-09-05,0.21390981245371404,0.20088679777492133,0.179459348320961,0.055554466811501224,0.023319000000000006
2023-09-06,0.21254115431530837,0.20124093765528783,0.179994598031044,0.057045130694941715,0.024568000000000034
2023-09-07,0.21371690178641772,0.2007668513868365,0.18309921026229858,0.06258788246798397,0.029755000000000004
2023-09-08,0.2146121216445779,0.2073600173646957,0.15765543282032013,0.05403200994002108,0.017240000000000005
2023-09-11,0.21455402619198244,0.209751205703927,0.15090957283973694,0.056563629589245545,0.030284000000000033
2023-09-12,0.21241128103499216,0.2106461421121435,0.1518038660287857,0.0591542103385283,0.02433799999999997
2023-09-13,0.2107297314477138,0.20926277922037098,0.15859991312026978,0.06207822457613918,0.021207000000000004
2023-09-14,0.20908737774472694,0.20739882936917858,0.15232667326927185,0.04074559799277358,0.017462000000000005
2023-09-15,0.21005441142708406,0.20530845175427173,0.1521269530057907,0.04436551452271084,0.02640400000000001
2023-09-18,0.208904898121986,0.1998717256355446,0.15526235103607178,0.0467208335390383,0.024456000000000006
2023-09-19,0.20832443997289884,0.2047757900943898,0.150091290473938,0.05470804869540577,0.025754999999999972
2023-09-20,0.20662067231242684,0.2107793333521577,0.1551249474287033,0.06550999280844513,0.008776000000000006
2023-09-21,0.20670843959289742,0.2143995784502546,0.16143906116485596,0.0843080931699739,0.031205000000000038
2023-09-22,0.20650179514526212,0.2181645317753832,0.1567106544971466,0.09163423854290309,0.031148999999999982
2023-09-25,0.20702433851738364,0.20566273471386892,0.158414825797081,0.10187611881493713,0.03351399999999999
2023-09-26,0.20572303248158047,0.22291453743302295,0.15943214297294617,0.13045337553203787,0.027142
2023-09-27,0.20523644775984537,0.21304065852731158,0.15767982602119446,0.12699826930564642,0.031223
2023-09-28,0.2044690029601864,0.21756041031471213,0.16046132147312164,0.12178148723015864,0.03256700000000001
2023-09-29,0.2032017884403152,0.21962319699465332,0.1605774313211441,0.11921306244207691,0.02953
2023-10-02,0.2024588983426808,0.2206536722224099,0.16169095039367676,0.1322421525561615,0.03229900000000002
2023-10-03,0.19939393653423182,0.2236962801138463,0.16686029732227325,0.13525540988882284,0.03973000000000004
2023-10-04,0.19896948128110495,0.2269253442043999,0.16516239941120148,0.13399438218951637,0.031432000000000015
2023-10-05,0.19769801721856226,0.22859278082500092,0.1624956876039505,0.12665579906192853,0.034201999999999955
2023-10-06,0.19893329499303886,0.22905946896208568,0.1637987494468689,0.11981613145332151,0.02884399999999998
2023-10-09,0.1985437876664168,0.22417477447559894,0.16278570890426636,0.12173578539320062,0.03479300000000002
2023-10-10,0.1973179052258609,0.21341262154992635,0.17669551074504852,0.11001051874409593,0.03162400000000004
2023-10-11,0.19851390847794448,0.21702355082395647,0.17898143827915192,0.11791135871411584,0.030727999999999978
2023-10-12,0.19703974274148367,0.21731247591099945,0.18210208415985107,0.12507031335582416,0.03433900000000001
2023-10-13,0.19665220264249839,0.22353620602564309,0.18397565186023712,0.14501286712141417,0.04201900000000003
2023-10-16,0.19505262203507956,0.22302781003174374,0.1823178231716156,0.1358863401352607,0.03411799999999998
2023-10-17,0.19330732404622372,0.22402538902870625,0.18065668642520905,0.12107312450168276,0.04105799999999998
2023-10-18,0.1937851237147923,0.2215810732195853,0.18251679837703705,0.1410450138738781,0.04180999999999996
2023-10-19,0.1923466739802064,0.22091955236017338,0.18177911639213562,0.14541573461247498,0.04319499999999998
2023-10-20,0.19874858308069876,0.2204272843113678,0.181430384516716,0.14502731457341098,0.04382999999999998
2023-10-23,0.20152193121069192,0.21334863322799133,0.17653973400592804,0.13026417100279677,0.041678999999999966
2023-10-24,0.18803730394931364,0.20133053801212356,0.19657164812088013,0.013137273864126164,0.03451599999999999
2023-10-25,0.18775885753367566,0.20480768369649588,0.1969260424375534,0.02846986762652104,0.04003800000000002
2023-10-26,0.17973037111177778,0.20719156715967327,0.20407840609550476,0.011929892369945294,0.04461999999999999
2023-10-27,0.17617523470983368,0.20794492636830136,0.2095482498407364,0.01472153088027861,0.04503900000000005
2023-10-30,0.1749537210348127,0.2045652511653867,0.2066716104745865,-0.007798371781869873,0.039503999999999984
2023-10-31,0.17537188863656789,0.20129529152089862,0.20810256898403168,-0.0036836554801434884,0.03513299999999997
2023-11-01,0.17410955713094517,0.20359983660419154,0.19940342009067535,-0.010194602568581623,0.021995000000000042
2023-11-02,0.17470205663603838,0.19841417777770534,0.19946344196796417,-0.03158420873650333,0.02930100000000002
2023-11-03,0.1748480830039798,0.19695881814721997,0.19600330293178558,-0.04058158655167926,0.026977
2023-11-06,0.17205322011538104,0.19564906457158956,0.19981223344802856,-0.030879073389385003,0.02499399999999999
2023-11-07,0.17053616881912181,0.1981490264383851,0.20201732218265533,-0.03468562282841392,0.02352600000000002
2023-11-08,0.16998845826801579,0.19725503837209613,0.20308871567249298,-0.04137581755772127,0.031299999999999994
2023-11-09,0.17002880353147543,0.19771893289038966,0.2025001347064972,-0.03979665197986845,0.034121999999999986
2023-11-10,0.17033640893262408,0.1955019202889966,0.19605153799057007,-0.046631647226352074,0.03134199999999998
2023-11-13,0.17204200199558264,0.195405440614948,0.19516412913799286,-0.032426501174927735,0.030323000000000017
2023-11-14,0.17132206591614335,0.19580836669273888,0.1945202648639679,-0.046059069223184895,0.03223400000000001
2023-11-15,0.17099635541947572,0.19718917158618066,0.19673162698745728,-0.04132694593309455,0.028378999999999988
2023-11-16,0.17147205028392182,0.2005740444561456,0.1905982494354248,-0.043538094316659504,0.03259500000000001
2023-11-17,0.17177242126962047,0.19610982461376053,0.19131208956241608,-0.041438262013752586,0.024416999999999994
2023-11-20,0.17210614775974617,0.1928280916437572,0.18522517383098602,-0.04889001727162276,0.023748999999999992
2023-11-21,0.172062023573216,0.19287306164290874,0.17812401056289673,-0.04813188837939733,0.027627000000000013
2023-11-22,0.17198160971273171,0.20418052796496394,0.1753566563129425,-0.017945919219641226,0.024195999999999995
2023-11-24,0.17250787411002505,0.20581486459937295,0.17761096358299255,-0.017060698932507862,0.02432100000000001
2023-11-27,0.1740208041994557,0.20675418296030015,0.1819593608379364,0.010822928421835964,0.02396899999999999
2023-11-28,0.1743144872242724,0.20805300364232393,0.16815190017223358,0.02424778568440386,0.022891999999999996
2023-11-29,0.17471109732206708,0.2085183626338944,0.16445103287696838,0.03551195228552459,0.032955999999999985
2023-11-30,0.17540788043501584,0.20886178317792511,0.16511936485767365,0.03696466505147447,0.02002899999999999
2023-12-01,0.17900708213192795,0.20935781882760984,0.1657480150461197,0.040607011967331574,0.022658999999999985
2023-12-04,0.17979206339984238,0.21331465063178734,0.16664238274097443,0.050598622058530274,0.022477999999999998
2023-12-05,0.1817483123097509,0.2121196292769857,0.16685056686401367,0.054072499486807646,0.021293000000000006
2023-12-06,0.19185848381308535,0.22145548563065376,0.16548186540603638,0.05898265219831847,0.021571000000000007
2023-12-07,0.1961315035871775,0.21143335387774637,0.16652049124240875,0.06187054587033963,0.024382999999999988
2023-12-08,0.1983089789030465,0.21113748297879484,0.16638779640197754,0.06677823813324885,0.01727400000000001
2023-12-11,0.20023765789144052,0.2113677592281063,0.1663028746843338,0.07615856644651403,0.014254000000000017
2023-12-12,0.20247431240997293,0.21264279577742248,0.167368084192276,0.07737334085819966,0.020676
2023-12-13,0.2056431098052637,0.20908822017813325,0.1672937273979187,0.08088275291257174,0.01763200000000001
2023-12-14,0.20425750510244642,0.2161336751932534,0.16319644451141357,0.0853207214834632,0.019169999999999993
2023-12-15,0.2056581394036035,0.2161215085228849,0.16290022432804108,0.0924575238121376,0.012705999999999995
2023-12-18,0.20650724147561444,0.2163450362537209,0.16289310157299042,0.09565525831993471,0.022027999999999992
2023-12-19,0.2080738452361575,0.21601313768334887,0.16296295821666718,0.08856760182910176,0.029466999999999993
2023-12-20,0.20705526541748048,0.21723325215462513,0.16568581759929657,0.09917884336665925,0.020117999999999997
2023-12-21,0.20733701662288428,0.21868352296555163,0.1641843020915985,0.10511432772709883,0.026711000000000013
2023-12-22,0.20755275623470854,0.21549155810358006,0.16542701423168182,0.12121982792691613,0.0010059999999999514
2023-12-26,0.2091711862992172,0.2171827655181456,0.16464164853096008,0.1205882084555436,0.02535700000000002
2023-12-27,0.2113911904190858,0.21510368606148436,0.16272835433483124,0.11291606406368637,0.03335199999999999
2023-12-28,0.21222365177561223,0.21624547805654076,0.16161052882671356,0.11433504847173398,0.02295999999999998
2023-12-29,0.2343052081992116,0.21575439035729918,0.16172754764556885,0.11585042014996258,0.02901100000000001
2024-01-02,0.24355002102134463,0.2172712787400122,0.1610327661037445,0.1261071521016032,0.031467999999999996
2024-01-03,0.24915311233558401,0.21175730408871743,0.1614110916852951,0.1262630831775987,0.033096000000000014
2024-01-04,0.25133843258706867,0.2119623382726776,0.16783173382282257,0.13288512767869284,0.024807999999999997
2024-01-05,0.2538949888926523,0.20305658396506635,0.1539766639471054,0.1312110633991199,0.02157300000000001
2024-01-08,0.2578923436469731,0.20477378011833217,0.15542785823345184,0.12607866192716802,0.01891599999999999
2024-01-09,0.26079976954318834,0.20547528706182142,0.15707866847515106,0.15593234924724775,-0.008353
2024-01-10,0.26242635158842365,0.218851473043968,0.17411234974861145,0.13877691267573813,0.00752699999999995
2024-01-11,0.26340903386035414,0.212093431415039,0.17449913918972015,0.13788529278184,0.0021720000000000073
2024-01-12,0.26705124831008664,0.2116393505554788,0.1726144403219223,0.12570087246627146,0.014755000000000018
2024-01-16,0.2677311782056566,0.21573962348767406,0.17408379912376404,0.1298117105264107,0.027614000000000027
2024-01-17,0.26962042934221814,0.21478668384772762,0.1785598248243332,0.13282286501312365,0.024965999999999988
2024-01-18,0.271464870767808,0.2152936779366221,0.17905691266059875,0.13354597777009022,0.027190999999999965
2024-01-19,0.27394639420421735,0.21345648495653544,0.1774713695049286,0.12376377365376437,0.022919000000000023
2024-01-22,0.2745294920484385,0.21342778687765848,0.17919112741947174,0.1363547107446157,0.018349000000000004
2024-01-23,0.28353705549093117,0.20381772742036652,0.1727733016014099,0.0311854394647407,0.024265999999999982
2024-01-24,0.2858872749990328,0.1980058325899766,0.17359088361263275,0.013208740913199457,0.020975999999999995
2024-01-25,0.2859157180887891,0.19151856186027857,0.17200477421283722,0.013449427986343465,0.01980499999999999
2024-01-26,0.2863495263991622,0.18903781965631503,0.17157883942127228,0.0058013711340318685,0.020101000000000008
2024-01-29,0.28613285549679723,0.18721929671324342,0.17193827033042908,0.007465745606490909,0.016725000000000018
2024-01-30,0.287732888867972,0.18020510830878014,0.16293008625507355,0.005456480896006671,0.018310999999999994
2024-01-31,0.28876436063620736,0.1781958849931706,0.16316856443881989,0.014608796546779795,0.017401
2024-02-01,0.28926694643501594,0.17874220100978153,0.1606745570898056,0.01016551735765922,0.02137799999999998
2024-02-02,0.2896559219204922,0.18095356288172051,0.1527935266494751,0.018458706952259374,0.008701000000000014
2024-02-05,0.2888517105228034,0.18251376420056079,0.16672377288341522,0.01764518457768713,0.017058000000000018
2024-02-06,0.2897163840911579,0.18268019296481683,0.16975940763950348,0.01163333190795976,0.020254999999999995
2024-02-07,0.29004492438011825,0.18089851857677483,0.15511780977249146,0.023991856619216545,0.019764000000000004
2024-02-08,0.29024184181576695,0.18086766979089106,0.1555558741092682,0.019526931089428295,0.01660500000000001
2024-02-09,0.291957154491169,0.17861534693520303,0.1535305678844452,0.021740241900462143,0.015512999999999999
2024-02-12,0.29245189961838963,0.18035355839609976,0.15086601674556732,0.03271083351801657,0.019371
2024-02-13,0.2921398597451505,0.18320278312311689,0.1529145985841751,0.04252351257349962,0.019950999999999997
2024-02-14,0.29175022723573085,0.17969255778640658,0.1551753580570221,0.03877737226382891,0.031181000000000014
2024-02-15,0.2919662877211017,0.17919463504140787,0.15487666428089142,0.04489579696502713,0.014702999999999966
2024-02-16,0.2920933317491141,0.17824594869854046,0.15426762402057648,0.039337857121694964,0.02333199999999999
2024-02-20,0.2919904073062283,0.18248601019287222,0.15257790684700012,0.05549356604512565,0.025837
2024-02-21,0.29260511917440835,0.18408439791833822,0.15244264900684357,0.051558830987760706,0.020295000000000007
2024-02-22,0.2926510869354609,0.1996147207472894,0.15697191655635834,0.07975063329578508,0.020850000000000035
2024-02-23,0.2938676884552959,0.19290848974929747,0.15770572423934937,0.08689569273740638,0.019401999999999975
2024-02-26,0.29684941788290686,0.19278405819778413,0.1584622710943222,0.10993662326426776,0.020067
2024-02-27,0.29756347768224,0.19368649470080126,0.1593419462442398,0.10278718633153341,0.02391500000000002
2024-02-28,0.2976117110073588,0.19523816012119502,0.1598825454711914,0.11465620006823835,0.028639000000000026
2024-02-29,0.2974690246709096,0.19610362655444233,0.15413999557495117,0.11028211594168683,0.02176800000000001
2024-03-01,0.3004024694896353,0.1941350221612107,0.16281649470329285,0.13232490748113931,0.016419000000000017
2024-03-04,0.3047933487155816,0.1961483209406343,0.16825459897518158,0.15404818646349022,0.041771
2024-03-05,0.3037849048644035,0.20019904748818787,0.17321936786174774,0.1566651964749776,0.025778999999999996
2024-03-06,0.30367492456702083,0.1968489660717886,0.17314909398555756,0.1369514300611903,0.017144999999999966
2024-03-07,0.3034915332493953,0.20155870495242645,0.17484243214130402,0.1027797370413294,0.019975999999999994
2024-03-08,0.29719822183525085,0.19360328740788396,0.17707623541355133,0.06974788963793477,0.01883800000000002
2024-03-11,0.2942083426131263,0.19272517638715259,0.1785636842250824,0.07128375994584943,0.007125999999999966
2024-03-12,0.2929916161534954,0.19109493684588635,0.17658831179141998,0.05668655601224862,0.019378000000000006
2024-03-13,0.29317196792828004,0.18660716221801793,0.174911767244339,0.038933442650702255,0.003870999999999958
2024-03-14,0.2943438438181241,0.18417433251058873,0.1748436838388443,0.02686823145490916,0.00044600000000000195
2024-03-15,0.2928435362983401,0.18845682277517867,0.17672742903232574,0.045781340413596106,0.010458000000000023
2024-03-18,0.3059075835068805,0.18766690291335172,0.1757650077342987,0.03945004230037094,0.00617899999999999
2024-03-19,0.3050912936946486,0.1878539950994848,0.17692026495933533,0.04440370377104949,0.002451999999999954
2024-03-20,0.3056778500717679,0.1906020892280995,0.17783965170383453,0.05141216081318878,0.016188999999999953
2024-03-21,0.3059433096138779,0.1948044086583142,0.1831742525100708,0.08015095319144,7.899999999999574e-05
2024-03-22,0.30805846251972974,0.19292988039273012,0.18141254782676697,0.06820116069336815,-0.0024000000000000132
2024-03-25,0.31079008041101136,0.1972559391902725,0.1849917471408844,0.10130129884436523,0.002246999999999999
2024-03-26,0.3111777806818087,0.19751856747132793,0.18412233889102936,0.09950792607535344,0.0016309999999999936
2024-03-27,0.3105560813914205,0.19685910495579215,0.18199379742145538,0.08643677479830902,0.021888999999999992
2024-03-28,0.31041374437723057,0.19687084396065663,0.18163134157657623,0.08427497147182739,-0.0010979999999999879
2024-04-01,0.31285374901751517,0.19840740390373088,0.1826959252357483,0.08291553630156767,0.0045319999999999805
2024-04-02,0.2984266110521311,0.33255005329202925,0.24003997445106506,0.030749746014096024,0.0045319999999999805
2024-04-03,0.29030884465767537,0.31328147564771686,0.2438427209854126,-0.01608339387260621,0.015157000000000032
2024-04-04,0.28609915423237514,0.3154959404566849,0.24658747017383575,0.016732227247506004,0.008189000000000002
2024-04-05,0.28416936589733227,0.34467527307458096,0.24817310273647308,0.05353053871937957,0.001815000000000011
2024-04-08,0.282419690770635,0.3265542474678588,0.23909619450569153,0.009963246124496006,0.01084999999999997
2024-04-09,0.2764022425602587,0.3284733343518552,0.2493484765291214,0.01905757709274164,0.026722000000000024
2024-04-10,0.2742384091446841,0.3151682433016825,0.2405821830034256,0.020863109066952157,0.0043099999999999805
2024-04-11,0.27308388866360495,0.2985939217880205,0.24511659145355225,0.003732229077252236,0.007423999999999986
2024-04-12,0.27143441069243324,0.3021291114484896,0.255304753780365,0.012314124826420136,0.02693699999999999
2024-04-15,0.2689453716163063,0.30633427330884316,0.2588684856891632,0.010440257877325498,0.026175000000000004
2024-04-16,0.2685191303325425,0.29673504579662385,0.24841247498989105,-0.0011751019408553498,0.029173000000000004
2024-04-17,0.2674181047680411,0.2977750169169825,0.24776436388492584,0.0006026220015591388,0.014290000000000025
2024-04-18,0.26619188203612737,0.294803161970353,0.24811233580112457,-0.011657482319572754,0.022405000000000008
2024-04-19,0.26288144829515353,0.30237053742781816,0.2525372803211212,-0.015045197891915274,0.02503500000000003
2024-04-22,0.27803498507551294,0.3173330415256742,0.2534767985343933,0.010027058435220337,0.03423700000000002
2024-04-23,0.27012314333217063,0.2953936215442433,0.2320055365562439,-0.10202346235194931,0.021785
2024-04-24,0.26934230578573665,0.3008253219054798,0.24132080376148224,-0.1186865206991839,0.017297000000000007
2024-04-25,0.2724977423537559,0.29787621233493206,0.23708653450012207,-0.1276791405820874,0.01706200000000002
2024-04-26,0.2735635314249338,0.2955276814478978,0.23373883962631226,-0.13193577401570622,0.007744000000000029
2024-04-29,0.278548171956178,0.2917432559797251,0.22408899664878845,-0.13402898566550747,0.012528000000000039
2024-04-30,0.27769205350007153,0.29877450021237956,0.2330814152956009,-0.12103183419826591,0.009982999999999964
2024-05-01,0.28082727989056067,0.3002462172437859,0.23837338387966156,-0.08756858575790821,0.007326999999999972
2024-05-02,0.2874672023629039,0.29391190672223727,0.2260260134935379,-0.07715985276115622,0.017569999999999975
2024-05-03,0.295867865917807,0.28810555815316485,0.2256137728691101,-0.07703675984215391,0.013738000000000028
2024-05-06,0.29914202901890985,0.27162265896929033,0.2235405296087265,-0.07701793335566498,0.019004999999999994
2024-05-07,0.29996721197898835,0.27339029961976746,0.22319239377975464,-0.07116475446470516,-0.0050240000000000284
2024-05-08,0.300329350454004,0.2716688954188118,0.22056253254413605,-0.06043466501742373,0.008483999999999992
2024-05-09,0.30095635974722995,0.27578697101277105,0.22329220175743103,-0.06497218484741135,0.003935000000000022
2024-05-10,0.30106669722638213,0.28302044111104196,0.22021731734275818,-0.06418095867051071,0.012189000000000005
2024-05-13,0.30068304103230215,0.28904549939185414,0.22983549535274506,-0.04178925468616412,0.019201000000000024
2024-05-14,0.3013250672140054,0.2891496032823577,0.2272595763206482,-0.03314106385813759,0.009103000000000028
2024-05-15,0.3005283748190201,0.28320606020269984,0.22107629477977753,-0.04449941330609655,0.014516000000000029
2024-05-16,0.30007938833362935,0.29127857424902615,0.2294955551624298,-0.024633166215869085,-0.023955000000000004
2024-05-17,0.3003252459179971,0.2879193520544032,0.2335394322872162,-0.03874328745890643,-0.010176000000000018
2024-05-20,0.29975581248271854,0.2914800963299743,0.22968217730522156,-0.024197334159802547,-0.004052
2024-05-21,0.2992649371134608,0.29253659604530635,0.22883282601833344,-0.015690087236246597,-0.01743100000000003
2024-05-22,0.2995620122171875,0.3042898816786115,0.23698855936527252,0.02645347811409296,0.001915
2024-05-23,0.29866152894292636,0.2998273177328939,0.23309169709682465,0.0467673992719535,0.0023620000000000307
2024-05-24,0.2960567045469464,0.2952800277971158,0.2335057258605957,0.03365912519447625,0.007851000000000052
2024-05-28,0.2953408281992985,0.28940414910277923,0.2348191738128662,0.039950138077988334,-0.004188999999999998
2024-05-29,0.29509442004734165,0.3039650352476228,0.23611049354076385,0.050049748992714777,-0.01117600000000002
2024-05-30,0.2959936766587151,0.3055288443293519,0.23508071899414062,0.055558020304875805,-0.007487999999999995
2024-05-31,0.2935036380299581,0.3010003279142428,0.23484304547309875,0.04295434551020924,0.004458999999999991
2024-06-03,0.2935487214723395,0.2995329289434699,0.2320644110441208,0.03888778779122948,-0.017917000000000016
2024-06-04,0.29231663910793865,0.2978996867674259,0.2298143208026886,0.032877182598290755,-0.006323999999999996
2024-06-05,0.293062571026207,0.29862838373628153,0.21930892765522003,0.036269549924292044,0.0010870000000000046
2024-06-06,0.2945446155581117,0.29637659525443216,0.22365254163742065,0.036781566146122935,0.020603999999999956
2024-06-07,0.29409452134027814,0.2982999209813782,0.2319728136062622,0.03440828896802561,0.01641699999999996
2024-06-10,0.2949343775379938,0.2973096863501808,0.2304755300283432,0.030902911619457435,0.012728000000000017
2024-06-11,0.29683058973422777,0.2942750179054787,0.2361946552991867,0.04072600225394807,0.013644000000000045
2024-06-12,0.2967303193702599,0.2900530112810445,0.22132942080497742,0.04040421382466722,0.0020850000000000035
2024-06-13,0.29813488251083636,0.2907355312948163,0.22755861282348633,0.0316759972466282,0.01572399999999996
2024-06-14,0.29913379700438797,0.2906561343693104,0.22852584719657898,0.033315084303310455,0.011934999999999973
2024-06-17,0.28642303281979364,0.29946460681875897,0.21395710110664368,0.01806911877821915,0.008780999999999983
2024-06-18,0.28814402448404414,0.29901054672412586,0.21466787159442902,0.015384736103632002,0.004838000000000009
2024-06-20,0.28800066131890995,0.30178800666197403,0.21362914144992828,0.02618225792056522,0.009124999999999994
2024-06-21,0.287081237326366,0.30293179430041406,0.2137385606765747,0.021577480376327396,0.007545999999999997
2024-06-24,0.284767450129267,0.3064620701274283,0.22214896976947784,0.023281567186382246,0.010873999999999995
2024-06-25,0.281748498777613,0.30860746516942333,0.2243456244468689,0.020667941711229376,0.02460000000000001
2024-06-26,0.2811856975841854,0.31134097791659937,0.23439452052116394,0.034149933646608344,0.011680999999999997
2024-06-27,0.2812422459209885,0.30380802874552315,0.23269401490688324,0.03173150184222556,0.02052100000000001
2024-06-28,0.28035338382894914,0.3088225995628911,0.23641997575759888,0.03534508515127943,0.017600999999999978
2024-07-01,0.27890153919970256,0.3092311216728122,0.23896248638629913,0.03589020976081286,-0.007516999999999996
2024-07-02,0.2775968218800538,0.3097216233379552,0.2362212985754013,0.03936320279417371,0.012178000000000022
2024-07-03,0.2777396429103896,0.30920386999046034,0.2311127632856369,0.05694661754937319,0.007689000000000001
2024-07-05,0.2771642013007619,0.31616217295794946,0.22655700147151947,0.06095792918527709,0.019174999999999998
2024-07-08,0.27714362996396524,0.3051077316456734,0.22021281719207764,0.06472253705027037,0.01824500000000001
2024-07-09,0.27696546824956864,0.3078912063027863,0.232895165681839,0.0741564843752821,0.009436
2024-07-10,0.2771645016641565,0.30027392250239854,0.22352367639541626,0.0752028894386027,0.010357000000000005
2024-07-11,0.27655518466990686,0.31037823434776407,0.23008081316947937,0.07517321817980172,0.014044000000000001
2024-07-12,0.2762958091636537,0.29936124558949473,0.24810470640659332,0.06781626645513394,0.014801999999999982
2024-07-15,0.27625161483891447,0.3022298655382967,0.2543550133705139,0.07943450420882925,0.021036
2024-07-16,0.27520304403139756,0.30380198145880477,0.2480204850435257,0.08493869548096739,0.01139699999999999
2024-07-17,0.27495980309732454,0.3091587257973586,0.24549022316932678,0.12271897789707537,0.014568000000000025
2024-07-18,0.2731532959983366,0.3097969638480801,0.2539369761943817,0.15726529153759433,0.015836000000000017
2024-07-19,0.272526020479784,0.3142112550998064,0.25532689690589905,0.1694816023264171,0.021163000000000043
2024-07-22,0.2724638516315312,0.3082330746792431,0.25059783458709717,0.1494232231684282,-0.00254099999999996
2024-07-23,0.25604547467600197,0.2694590816647363,0.23439401388168335,0.023968121154038735,-0.0004390000000000227
2024-07-24,0.2534756981719962,0.30115340675253166,0.23749880492687225,0.013248707749789812,0.003047999999999995
2024-07-25,0.2510120240222432,0.3047011879433324,0.24068515002727509,0.013113678544700691,0.007822999999999969
2024-07-26,0.24615887193993966,0.2729468795697813,0.24352841079235077,0.0012627290450693551,0.003379999999999994
2024-07-29,0.2448863265733038,0.2714060137947474,0.24365127086639404,0.00326050296778585,0.001324999999999965
2024-07-30,0.23963853299286614,0.30144578245155706,0.24101315438747406,-0.005227879456167206,0.004242999999999997
2024-07-31,0.2381995611648545,0.26355160088869617,0.2355687916278839,-0.014126263043232001,-0.009722000000000008
2024-08-01,0.23420849110482034,0.26976393504675655,0.22017332911491394,-0.010280069564938321,0.004320999999999964
2024-08-02,0.22575299948750946,0.38690518639575655,0.23769637942314148,0.038963644167308964,0.033157999999999965
2024-08-05,0.2148973805419229,0.42253509816149293,0.244236022233963,0.06606875168135923,0.06333300000000003
2024-08-06,0.2115156400383736,0.3908762393963814,0.24114596843719482,0.006056226460242009,0.055734000000000006
2024-08-07,0.20946740212044354,0.3545174176879586,0.24284707009792328,-0.0007529539544676167,0.05710000000000004
2024-08-08,0.21009387448171266,0.3517669173196714,0.23267291486263275,-0.02460239865011915,0.05118700000000004
2024-08-09,0.21073258413799678,0.3431322548746289,0.2270481139421463,-0.05389335686055802,0.04139300000000001
2024-08-12,0.21180058589392806,0.3410175208754636,0.22852368652820587,-0.05228976667158508,0.042879999999999974
2024-08-13,0.21234584321543834,0.33344056547882805,0.22633858025074005,-0.06420532130373036,0.040022
2024-08-14,0.2132836908218249,0.3335346783246948,0.22770731151103973,-0.07890317536512259,0.032959000000000016
2024-08-15,0.21410166453485055,0.29485845716126785,0.22552838921546936,-0.10658211983773669,0.019955
2024-08-16,0.21714018176940414,0.3007266609518621,0.2231719195842743,-0.10409859607794131,0.03449599999999997
2024-08-19,0.21653132937091477,0.2967949720865428,0.22553832828998566,-0.10568276483273492,0.031993999999999995
2024-08-20,0.21787254652237364,0.2963884377556984,0.22308634221553802,-0.10481908978477372,0.031775
2024-08-21,0.21772834560520438,0.2879728933745127,0.22333650290966034,-0.07050570496938147,0.031357000000000024
2024-08-22,0.21755693188341388,0.2881684235517984,0.22137491405010223,-0.04387795260767641,0.03043800000000002
2024-08-23,0.21856652443243021,0.2832065047293728,0.21804378926753998,-0.04926247176447357,0.030245000000000022
2024-08-26,0.21862156494203533,0.28296057241184897,0.21810856461524963,-0.02451657688534109,0.034440000000000026
2024-08-27,0.22000455810424946,0.28180723661424334,0.2136295735836029,-0.022692561344192952,0.04153299999999999
2024-08-28,0.22008720092701764,0.28671349302367144,0.21605966985225677,0.001807401964962263,0.03007599999999999
2024-08-29,0.21912462943736916,0.28236299635739154,0.21907572448253632,-0.02354260658156085,0.03389299999999998
2024-08-30,0.21817182656008033,0.2845642916191813,0.2271997332572937,-0.016086677609025435,0.030836999999999976
2024-09-03,0.21113994843393868,0.33675735276774876,0.22754396498203278,0.0523517904861851,0.04420600000000002
2024-09-04,0.21121078149338077,0.34744650017221046,0.23593232035636902,0.08260664160960748,0.03671599999999997
2024-09-05,0.21216556217934626,0.34763461564525155,0.23615804314613342,0.10520467095430044,0.03498800000000002
2024-09-06,0.21176669814994714,0.3602323297594934,0.24008411169052124,0.10957331004653806,0.041659
2024-09-09,0.2113019070285651,0.3688838530866697,0.23726007342338562,0.09799627830017893,0.039227999999999985
2024-09-10,0.21252089640341168,0.37152247482753953,0.2389402538537979,0.09142083788623293,0.039671999999999985
2024-09-11,0.21000837669131076,0.3698379175636719,0.2398461252450943,0.08928621832123168,0.026758000000000004
2024-09-12,0.20947094504289449,0.34784773612741665,0.23832392692565918,0.08068256166202717,0.03768300000000002
2024-09-13,0.2050338162224687,0.34282940943964707,0.23280151188373566,0.06253687154191459,0.03195399999999998
2024-09-16,0.20260236310083837,0.33968550777519535,0.2362072765827179,0.0736069059910166,0.03343499999999999
2024-09-17,0.20341772879988373,0.3170652519697207,0.23944222927093506,0.07480893913121736,0.033613000000000004
2024-09-18,0.20146034835793747,0.30722825911446855,0.2502541244029999,0.07006900029578705,0.031638
2024-09-19,0.2036568495995247,0.29989231468173294,0.24480971693992615,0.04489167364684227,0.03891399999999995
2024-09-20,0.20445560126675144,0.297854170876581,0.24563293159008026,0.04214750946998358,0.03271099999999999
2024-09-23,0.20729886375912712,0.2981356238953562,0.24222366511821747,0.0457283915988394,0.036453999999999986
2024-09-24,0.20755374575131771,0.2669296074794562,0.2426222562789917,0.04158792337335493,0.036480999999999986
2024-09-25,0.20712266696802958,0.26655313241467116,0.2424808293581009,0.04491089390243566,0.03348899999999999
2024-09-26,0.20701120113119473,0.31425190802188363,0.24772973358631134,0.07258378329277099,0.025636999999999965
2024-09-27,0.20681808148668057,0.3034101887443657,0.24207894504070282,0.064491281096039,0.03284999999999999
2024-09-30,0.2053793155870569,0.267758386283298,0.24224695563316345,0.07137918444722058,0.03942899999999999
2024-10-01,0.20461459482190333,0.2680953088923245,0.24586281180381775,0.0880156102473934,0.041549999999999976
2024-10-02,0.20500577063356085,0.2790623226735855,0.24516208469867706,0.11502812496066023,0.04009299999999999
2024-10-03,0.20570295554375131,0.28123124076750816,0.2450336217880249,0.10875796402929,0.04175899999999999
2024-10-04,0.2059440770815753,0.2873543725301785,0.24534361064434052,0.10490458978691483,0.03885099999999997
2024-10-07,0.2065100848153562,0.2886535060059663,0.2462652176618576,0.1280194491947393,0.04114800000000002
2024-10-08,0.2062519517971335,0.28928044682820964,0.25243309140205383,0.1354365176547682,0.032735000000000014
2024-10-09,0.20697685838812777,0.2894859010080173,0.24468053877353668,0.1260088707651973,0.037943000000000005
2024-10-10,0.20773222358148458,0.24183317194542303,0.21230700612068176,0.1245305666423355,0.039005999999999985
2024-10-11,0.2101028685975912,0.24137315459635406,0.21160487830638885,0.12318841268699313,0.03751700000000002
2024-10-14,0.20990082819415776,0.2390725181253961,0.2101360410451889,0.13094417930373786,0.034343999999999986
2024-10-15,0.21050898706282212,0.24227451173842982,0.21309193968772888,0.1465552716264461,0.03655199999999997
2024-10-16,0.21112151745405086,0.238849344742376,0.2038775533437729,0.151553398595188,0.041385000000000005
2024-10-17,0.21290033964129304,0.2403407302126512,0.20446963608264923,0.1640336297704107,0.039444000000000035
2024-10-18,0.21316255371150822,0.24018219521186784,0.20200315117835999,0.16352644276728232,0.03711399999999998
2024-10-21,0.2227717745167036,0.24938682340555854,0.20468498766422272,0.17235207913248013,0.04285699999999998
2024-10-22,0.22092998176175924,0.2918330667665241,0.24107496440410614,0.14784732110275098,0.006406999999999996
2024-10-23,0.21923038449178706,0.27190947736190996,0.2317512333393097,0.10171381408182517,0.013849
2024-10-24,0.22147065034518232,0.27724918627917494,0.23210708796977997,0.10065946409242216,0.018425000000000025
2024-10-25,0.2215514504504213,0.28348855333402256,0.22090815007686615,0.09012698048736259,0.02618799999999999
2024-10-28,0.22154346874074696,0.2949218441899806,0.2227773517370224,0.09824386370197707,0.025250999999999968
2024-10-29,0.22131458909456153,0.30534709926397713,0.23547324538230896,0.11207468534838802,0.014944000000000013
2024-10-30,0.22146650857177935,0.3042422498752752,0.22813090682029724,0.10179174679228792,0.016308000000000045
2024-10-31,0.2217318704875071,0.3820289759195205,0.22130528092384338,0.12145519399562477,0.017101000000000033
2024-11-01,0.2211161461478181,0.3815964448147783,0.22191132605075836,0.10255091843444114,0.015284999999999993
2024-11-04,0.2199290206606118,0.3797679604433612,0.21282339096069336,0.11202416451361061,0.027654999999999985
2024-11-05,0.21991891073889333,0.3683348586545979,0.2059372067451477,0.09694567740582169,0.024218000000000017
2024-11-06,0.21928553563927547,0.3284362200149546,0.21640749275684357,0.07776921610177093,0.010190000000000032
2024-11-07,0.21839242066951162,0.3517179170343645,0.21048225462436676,0.07639709319427018,0.010904999999999998
2024-11-08,0.2167996686882331,0.2904832712898368,0.21736681461334229,0.05333441707875511,0.016351000000000004
2024-11-11,0.21739465676606562,0.2908921842711874,0.21730367839336395,0.058067155827777994,0.008023000000000002
2024-11-12,0.21630216870779823,0.29127943213939744,0.2138506919145584,0.04213944524423177,0.01260699999999998
2024-11-13,0.2154926829572487,0.28947481692585547,0.21584193408489227,0.04911789091101876,0.003581000000000001
2024-11-14,0.21284571009674172,0.3507563737159273,0.21369223296642303,0.04268739084235418,0.013361999999999985
2024-11-15,0.21320917550504287,0.3638048993113225,0.21445025503635406,0.047005432516122686,0.008458999999999994
2024-11-18,0.21798335053606555,0.360076556399407,0.21518997848033905,0.038823662768890904,0.0023100000000000342
2024-11-19,0.21992716965064216,0.36670601257778307,0.2146787792444229,0.04565291604977029,0.007983999999999991
2024-11-20,0.2221754100539394,0.36779519246167763,0.2179887592792511,0.05690643946844229,0.01070099999999996
2024-11-21,0.22270478102388772,0.3544409678907528,0.21833662688732147,0.06036055147201644,0.008425999999999989
2024-11-22,0.22317187561264776,0.3286128499899483,0.21765124797821045,0.05023946502039556,0.003045999999999993
2024-11-25,0.22342086055924634,0.3244685014097869,0.21243278682231903,0.035253887001963524,0.00905900000000004
2024-11-26,0.22622292942749045,0.2842176852671471,0.21258464455604553,0.041808433122860394,0.0022479999999999722
2024-11-27,0.23600874152961457,0.3254795234690784,0.21379949152469635,0.03811090595306113,0.0033199999999999896
2024-11-29,0.23802827712190164,0.3169580446142072,0.21424223482608795,0.049135364480568905,0.007120000000000015
2024-12-02,0.23929489099232767,0.32812819733202786,0.21411924064159393,0.05618605822101691,0.002946000000000004
2024-12-03,0.24579911191311135,0.32269708303975075,0.2138749212026596,0.04631602706018351,0.006108000000000002
2024-12-04,0.24458176545957794,0.28884222233451007,0.21300959587097168,0.043330517044630534,0.009665000000000035
2024-12-05,0.24460316104844462,0.3718479442604757,0.22363075613975525,0.05066084251437161,-0.004020999999999997
2024-12-06,0.246085577245434,0.3636129001577841,0.21682138741016388,0.058216456549476714,-0.003018999999999994
2024-12-09,0.24458413533704484,0.3754873031029053,0.22403016686439514,0.06272614862276396,0.003251000000000004
2024-12-10,0.2452430412746806,0.37549366086679953,0.22472518682479858,0.07220899608590978,0.0029689999999999994
2024-12-11,0.2469889639515002,0.37914043351386345,0.2266024649143219,0.06506054783434179,0.0046619999999999995
2024-12-12,0.24575091041344765,0.3813581908169694,0.22993086278438568,0.07526688778983912,0.007876999999999967
2024-12-13,0.24655093201860526,0.38139664156015646,0.22958403825759888,0.07987318385685221,0.010328000000000004
2024-12-16,0.2453665456077146,0.39037688290326283,0.22563037276268005,0.11386442326641469,-0.0027169999999999694
2024-12-17,0.24506821574292723,0.39113783407838537,0.22939527034759521,0.1012031702240192,0.006846999999999992
2024-12-18,0.24366660850847158,0.3993437311362667,0.23620116710662842,0.1443908607700842,-0.009948000000000012
2024-12-19,0.24251515695193326,0.39723795792065775,0.23101577162742615,0.13878221301615035,0.0028619999999999757
2024-12-20,0.24302759636225993,0.3950085366992194,0.2235097885131836,0.0987837179509069,0.019313999999999998
2024-12-23,0.24431125495592276,0.39358015097740706,0.2241647094488144,0.11574654726352687,0.002646999999999955
2024-12-24,0.2465861903706748,0.3886151619147391,0.22184783220291138,0.08548716146848212,0.023398999999999948
2024-12-26,0.2504997068478693,0.3921637017150576,0.22336448729038239,0.118910735806081,0.010398000000000018
2024-12-27,0.25190841868606645,0.3939537891213134,0.2237764149904251,0.12326889177415529,0.01965699999999998
2024-12-30,0.2519255204118699,0.39594203366336067,0.23058098554611206,0.1426664911498448,0.02014699999999997
2024-12-31,0.257000311616433,0.3964685156860504,0.23146028816699982,0.14622141333871602,0.021563
2025-01-02,0.2782742373822031,0.3969968508707414,0.23438480496406555,0.14840415415927696,0.025484000000000007
2025-01-03,0.30669540276066976,0.3946913320431864,0.22721783816814423,0.1371085210445157,0.02251000000000003
2025-01-06,0.31793913654582195,0.39587549093416596,0.22894826531410217,0.1520660537992828,0.017631000000000008
2025-01-07,0.3354757654499453,0.3921191819071864,0.23301354050636292,0.16319952206719315,0.027973000000000026
2025-01-08,0.3427763545671217,0.3954637919519299,0.23516154289245605,0.1695406662722417,0.015262999999999971
2025-01-10,0.3491891198779799,0.4018753820762531,0.23323725163936615,0.18872296456409282,0.008299
2025-01-13,0.3494517406012582,0.28868984568628947,0.243337020277977,0.168704400553427,0.020289999999999975
2025-01-14,0.35058771018482865,0.26853568480590584,0.23702850937843323,0.1754371712950598,0.013822000000000001
2025-01-15,0.351958353216339,0.2611382486328711,0.232111394405365,0.1657839974131457,0.019827999999999957
2025-01-16,0.35105235323173645,0.26345194377994013,0.23350541293621063,0.15165498031355612,0.02319099999999996
2025-01-17,0.35241957571261034,0.2671344418015248,0.2315085083246231,0.14669421499482482,0.022762000000000004
2025-01-21,0.35562466671200627,0.2624529845380875,0.23258721828460693,0.14078381949950275,0.010361000000000009
2025-01-22,0.35626894347045374,0.25946228743963656,0.22900712490081787,0.1811928351748696,0.012328999999999979
2025-01-23,0.3504604694345258,0.24696005708219965,0.22278937697410583,0.012232388851896592,0.012791999999999998
2025-01-24,0.34880847974843504,0.2496720580139392,0.22672419250011444,0.006661910981724722,0.013866000000000017
2025-01-27,0.3481600637568555,0.25294592671120053,0.22330527007579803,0.03234545315982326,0.01933299999999999
2025-01-28,0.34701997425596204,0.2515242789478616,0.2153007835149765,0.01591411909124199,0.016599999999999976
2025-01-29,0.3476086288074471,0.25490287739738754,0.22521519660949707,0.01854560078552578,0.021138000000000046
2025-01-30,0.3477346465747679,0.25096349209579666,0.22315749526023865,0.013910584426631317,0.018972000000000017
2025-01-31,0.34803559189570477,0.24933205345475576,0.2236056625843048,0.014628661435342555,0.01742000000000002
2025-02-03,0.347833311178189,0.2502054985742511,0.22474981844425201,0.028874520428012307,0.021722999999999992
2025-02-04,0.3473514385246171,0.24690308264177196,0.2246977984905243,0.016878335268048855,0.02446200000000004
2025-02-05,0.3468577988744472,0.2349526685195128,0.2173224538564682,0.016783476176104234,0.031069000000000013
2025-02-06,0.3485289035699478,0.23769803517068985,0.2210208773612976,0.01235255360036977,0.014806000000000014
2025-02-07,0.3485667814111041,0.23649878483293588,0.2222066968679428,0.012757030274307413,0.03211
2025-02-10,0.35266440570445556,0.23820219021124286,0.22380882501602173,0.01632499597182091,0.02391600000000002
2025-02-11,0.3528706174023938,0.2476406105728944,0.22900965809822083,0.014635066335636882,0.026819999999999983
2025-02-12,0.3519708760732942,0.25046115240646755,0.22918285429477692,0.019232598195219802,0.024780999999999997
2025-02-13,0.35163037289428445,0.24779364918017122,0.22556842863559723,0.02902488775203496,0.03356299999999998
2025-02-14,0.35137455597494,0.2380061465151287,0.21758393943309784,0.011156597726689504,0.01746500000000001
2025-02-18,0.3520261505366898,0.249734326066033,0.22683846950531006,0.02600229218221195,0.026237999999999984
2025-02-19,0.3518099830970377,0.25031058717407273,0.21985241770744324,0.021152717381219627,0.014288000000000023
2025-02-20,0.3522594352338152,0.2481296211815901,0.22175434231758118,0.020887258011018844,0.02724399999999999
2025-02-21,0.34871736129651865,0.23960099229064577,0.22041554749011993,0.026331497299868445,0.029771999999999965
2025-02-24,0.34823313456771493,0.23701303408493862,0.21913175284862518,0.045207898600197305,0.03348499999999999
2025-02-25,0.347235037720376,0.23701121437043882,0.21474230289459229,0.06037340996455859,0.034712999999999994
2025-02-26,0.3465382339437519,0.23589494167304795,0.21288879215717316,0.054892705742243336,0.03468199999999999
2025-02-27,0.34626928207067886,0.23712374816067106,0.21375732123851776,0.06935996976442249,0.038980000000000015
2025-02-28,0.34565049346525367,0.23544772519252252,0.21470290422439575,0.052807577953981305,0.036416000000000004
2025-03-03,0.34350467598848783,0.23682446107089905,0.2180955708026886,0.06715726051401441,0.04083199999999998
2025-03-04,0.338238006566372,0.23827218328252703,0.22920142114162445,0.0633455920617022,0.03633700000000001
2025-03-05,0.33704802530986216,0.23679342819500002,0.22329744696617126,0.04787943040273651,0.032679000000000014
2025-03-06,0.3360945571524499,0.24362074826106472,0.22515472769737244,0.08216783391900218,0.039322000000000024
2025-03-07,0.3319805495416071,0.24519008602367603,0.22466476261615753,0.060155547275140164,0.03451399999999999
2025-03-10,0.3315529926238529,0.2634822643785929,0.22806066274642944,0.09488717716336426,0.05307200000000001
2025-03-11,0.3330378556555757,0.2705564493011437,0.2309599220752716,0.09208796203811431,0.04559099999999999
2025-03-12,0.3345200573368295,0.26233287421437385,0.2292960286140442,0.05912648192941339,0.04060600000000003
2025-03-13,0.33471643858244937,0.2683505945507374,0.22783543169498444,0.06107717884750791,0.04924700000000004
2025-03-14,0.3344728268140763,0.26264619034061354,0.2302207052707672,0.039527051123340484,0.027083999999999997
2025-03-17,0.3327278446827628,0.25798426245386813,0.22976161539554596,0.03521101306462693,0.02893699999999999
2025-03-18,0.33319102472064877,0.2567850174963618,0.22682099044322968,0.051739528749768504,0.03481699999999999
2025-03-19,0.33487802966269864,0.25377145867984285,0.22965696454048157,0.03300730961107601,0.01954699999999998
2025-03-20,0.33523243124777496,0.25273927489488174,0.230133056640625,0.043244564655280204,0.023716000000000015
2025-03-21,0.33649685906946114,0.2491317805505552,0.2267719954252243,0.02676886422717445,0.03843099999999999
2025-03-24,0.3358600776528038,0.2502525987834364,0.2266070693731308,0.03283222525516355,0.028891999999999973
2025-03-25,0.33583476334195367,0.24912264630851966,0.22468261420726776,0.03602941456121722,0.038634
2025-03-26,0.334691382402949,0.252990533645599,0.22489246726036072,0.048161576592114674,0.041315000000000046
2025-03-27,0.33625231151925156,0.2558879956767441,0.2328101545572281,0.06166502012363245,0.031256000000000006
2025-03-28,0.3349676780929621,0.2617933024088447,0.2312270998954773,0.07670561535144571,0.05648199999999998
2025-03-31,0.33338885723841644,0.2609127816262468,0.23692436516284943,0.08488973633596414,0.04298999999999997
2025-04-01,0.33279011273215875,0.2707812068586872,0.23064208030700684,0.09215538353262126,0.04310900000000001
2025-04-02,0.33234349477776975,0.29554406603461447,0.2316211313009262,0.10764503716664214,0.04977600000000004
2025-04-03,0.32843716541366025,0.2483931277442925,0.23295508325099945,0.15590580995676928,0.06110500000000002
2025-04-04,0.3112408182080204,0.2664153296835167,0.24602127075195312,0.27727075034978327,0.12481599999999993
2025-04-07,0.28367070803449135,0.2892345201377781,0.24979889392852783,0.2065199208240715,0.13334900000000005
2025-04-08,0.2721899072291899,0.294145165887765,0.24492527544498444,0.2184779463169924,0.143571
2025-04-09,0.25023095926832,0.2671397413324584,0.23072129487991333,0.011025345042752266,0.08798399999999995
2025-04-10,0.23983729997867925,0.3146950439525009,0.2390730232000351,0.0607522988450232,0.13205900000000004
2025-04-11,0.23003582968559907,0.31533816975148016,0.24321319162845612,0.01891639447484056,0.10755299999999995
2025-04-14,0.22949846104661478,0.2887956189083943,0.2369159311056137,-0.04486131274417399,0.09306600000000004
2025-04-15,0.23387200632670627,0.2903789066641627,0.23467543721199036,-0.07472542643996083,0.081982
2025-04-16,0.23430111513399157,0.28916592509436656,0.23808030784130096,-0.05148905507899715,0.07940800000000003
2025-04-17,0.23635672242935127,0.28309345297675853,0.23540236055850983,-0.06464251524883896,0.084011
2025-04-21,0.23624803460731314,0.2820436962705052,0.23810353875160217,-0.02188545704425221,0.08686199999999994
2025-04-22,0.22973308619864533,0.2924520105727631,0.2272508144378662,-0.1353037247623745,0.05593400000000004
2025-04-23,0.22967219119831628,0.2941793773735521,0.2227810174226761,-0.16442366825132493,0.05321400000000004
2025-04-24,0.22988051300105142,0.28759528223422653,0.22412745654582977,-0.18942873821166983,0.049573000000000034
2025-04-25,0.23085290726866792,0.2838818421079801,0.22359952330589294,-0.20067100724952497,0.049377000000000004
2025-04-28,0.2311294904606593,0.2752077617864592,0.22374767065048218,-0.19403051621877737,0.04381799999999997
2025-04-29,0.23098710801916755,0.27138439698229727,0.2245362401008606,-0.19700336568606452,0.04384499999999997
2025-04-30,0.2301250284958693,0.2697204604307024,0.22421252727508545,-0.1928473110667786,0.04247299999999998
2025-05-01,0.23233322546875698,0.27251524290956614,0.2235487550497055,-0.19362368163261323,0.04375000000000001
2025-05-02,0.23255140154867682,0.2761445421490536,0.22357825934886932,-0.2097013318130579,0.04174899999999998
2025-05-05,0.23402440721175455,0.27407143017734453,0.22400599718093872,-0.1895405070113086,0.03448499999999999
2025-05-06,0.23447932418327735,0.266189905882852,0.22466619312763214,-0.1328472827188606,0.039254999999999984
2025-05-07,0.2349847937535347,0.26077517698248065,0.22402188181877136,-0.09111899524013095,0.04585
2025-05-08,0.23327045668604388,0.26329498443229127,0.22445687651634216,-0.06377301299426985,0.032053
2025-05-09,0.2330436884535161,0.2624177401616048,0.2231816053390503,-0.01144201103491832,0.04968599999999995
2025-05-12,0.22651566902266787,0.26402490952445884,0.223718523979187,-0.03321318513940216,0.031409999999999993
2025-05-13,0.23621354739444375,0.26743331215761856,0.22623559832572937,0.008523524308247266,0.03505
2025-05-14,0.2362739942559345,0.2697333274031369,0.23204323649406433,0.01106484327634688,0.034522
2025-05-15,0.23603862342560716,0.2682207246639442,0.22820121049880981,0.027902723012461605,0.029940999999999995
2025-05-16,0.23525228942747875,0.26849848250332314,0.22879378497600555,0.03243270863889797,0.026212999999999986
2025-05-19,0.23508110963705056,0.26759812344069966,0.22894810140132904,0.03859771471066287,0.02878799999999998
2025-05-20,0.2362844677434606,0.2657787822589585,0.22694429755210876,0.04674364456724228,0.03373799999999999
2025-05-21,0.2365775669850025,0.2740132887262956,0.23665361106395721,0.08464919050957245,0.027724000000000026
2025-05-22,0.23752098911617836,0.2738471557111036,0.23642697930335999,0.08970707140834677,0.02078000000000002
2025-05-23,0.23757796629447367,0.2706380925238462,0.232468381524086,0.09508748496526759,0.028501
2025-05-27,0.2375439873372477,0.26537764620696325,0.22784937918186188,0.09248708593628763,0.03436800000000001
2025-05-28,0.23671063743776638,0.26855702237786033,0.22662045061588287,0.11168800361011022,0.03140200000000004
2025-05-29,0.23649451272222777,0.26539603797613415,0.22702746093273163,0.09435235230124722,0.031561000000000006
2025-05-30,0.23655151405081884,0.26537669944593767,0.22754806280136108,0.09395633645927873,0.031374999999999986
2025-06-02,0.23896909561319116,0.26529404749411284,0.22668635845184326,0.10667888245496904,0.03445500000000001
2025-06-03,0.23708939894188563,0.2661241666771077,0.2261853665113449,0.10956556115675611,0.038809999999999956
2025-06-04,0.23695836976054574,0.26595977297781853,0.22604584693908691,0.1222966220626382,0.03300500000000001
2025-06-05,0.24451501822178145,0.2659151493138415,0.2261774092912674,0.12395069173894105,0.03603999999999996
2025-06-06,0.24527742484573128,0.2711575870237471,0.2327767014503479,0.12963553576721362,0.030129000000000017
2025-06-09,0.24524795191078888,0.2686214758512137,0.2303333282470703,0.13881245564151662,0.021430000000000005
2025-06-10,0.24115735609301683,0.2703193232992549,0.22821560502052307,0.1162947565800011,0.01857700000000001
2025-06-11,0.2391446499037895,0.2725680450784238,0.22925876080989838,0.13066324048755235,0.02449499999999999
2025-06-12,0.23793473876721738,0.27307304239790414,0.22864024341106415,0.13223314310877737,0.027283999999999975
2025-06-13,0.23733097901760192,0.27464322568396654,0.22827176749706268,0.1476983898416519,0.029710000000000014
2025-06-16,0.2376378396277511,0.27398486584997117,0.22708413004875183,0.14669927813202135,0.030755000000000032
2025-06-17,0.23811720057315605,0.27518548356799777,0.227746844291687,0.15610052296264704,0.03306899999999996
2025-06-18,0.23526489136260476,0.27486188974026815,0.2267184555530548,0.1468414888395722,0.039159
2025-06-20,0.2362760913382781,0.27358331557445575,0.22666911780834198,0.14363526853620698,0.03319899999999998
2025-06-23,0.23446672965020568,0.2751143923527262,0.22869978845119476,0.14146818322921526,0.02696900000000002
2025-06-24,0.23387705823512814,0.2717274982270168,0.22699053585529327,0.11625863248354396,0.026644
2025-06-25,0.23521011776214054,0.2706559586588058,0.2266301065683365,0.11956123837258917,0.026831999999999967
2025-06-26,0.23453278673686004,0.26898843051535476,0.22599413990974426,0.12398609301041241,0.03090499999999996
2025-06-27,0.23309762571982237,0.26975149145076877,0.22604450583457947,0.1131598326870065,0.033577000000000023
2025-06-30,0.23519524145024456,0.2714880611353408,0.22733205556869507,0.1413967655144412,0.034452999999999956
2025-07-01,0.23386876008155913,0.2737408566373085,0.22895827889442444,0.14975596863931548,0.032089000000000034
2025-07-02,0.2340811820770739,0.27606234304401456,0.23022964596748352,0.13373456048490456,0.029405000000000014
2025-07-03,0.23500754884233785,0.2749941858239085,0.2300979495048523,0.13690941936386958,0.026673999999999976
2025-07-07,0.23677105552284866,0.27373240320505343,0.2294425666332245,0.13858000591617486,0.038863999999999954
2025-07-08,0.23498418635884658,0.27693431105909827,0.22915059328079224,0.12914324947128883,0.03573700000000002
2025-07-09,0.2340448268838862,0.27597354714606237,0.22848759591579437,0.12486520992842873,0.036611000000000005
2025-07-10,0.2330096736760477,0.2770103258193981,0.22902455925941467,0.11804818429395736,0.031476000000000004
2025-07-11,0.23436357414196182,0.2769578164348187,0.23624882102012634,0.12864509107020952,0.028668000000000027
2025-07-14,0.23497055421190172,0.27652290461453827,0.2311623990535736,0.1554752549948517,0.032033000000000034
2025-07-15,0.2352050840154042,0.2829091561690368,0.2291424423456192,0.15542694214794328,0.02819900000000003
2025-07-16,0.23805763871309277,0.2436329058460801,0.2249789834022522,0.1489689428715582,0.021094
2025-07-17,0.2333214130333577,0.24338020146665912,0.22741349041461945,0.03467298454723411,0.01647399999999999
2025-07-18,0.23165606676934045,0.2433147550827388,0.2266581505537033,0.03731021712391752,0.017083999999999988
2025-07-21,0.23028120748165928,0.24368162300863735,0.2275036871433258,0.03178895544525065,0.024043999999999954
2025-07-22,0.22797670855943142,0.244566749695481,0.22589761018753052,0.03519226774202311,0.010552000000000006
2025-07-23,0.2355913640728955,0.23996105637932344,0.2031860202550888,0.035156474520453784,0.025675000000000003
2025-07-24,0.23982849989268412,0.23875459806191138,0.20500566065311432,0.027105750558257896,0.02615099999999998
2025-07-25,0.24035055840337455,0.23782843813977456,0.200962632894516,0.020893498614410033,0.02663199999999999
2025-07-28,0.2396679885049331,0.2485456159125835,0.20395173132419586,0.022974760145640843,0.026095000000000035
2025-07-29,0.24112427648548101,0.24798336005401622,0.20583350956439972,0.03323752981066963,0.027312000000000003
2025-07-30,0.24249447714218178,0.24633791678302813,0.20631960034370422,0.03236410309491866,0.03395500000000001
2025-07-31,0.24221556644077288,0.24459490802958014,0.2047804296016693,0.04222095694000619,0.028965999999999992
2025-08-01,0.24002672123761687,0.2486100152590895,0.20064334571361542,0.04607478744646443,0.033340999999999954
2025-08-04,0.24130755800027934,0.24661623448427694,0.2026153951883316,0.032901332506710734,0.02920800000000001
2025-08-05,0.23938022517293314,0.2376698362747735,0.20113635063171387,0.02657073817948341,0.03348099999999998
2025-08-06,0.23955652969819016,0.2396208260235309,0.20504522323608398,0.025062374849120855,0.024592000000000003
2025-08-07,0.24011634626650358,0.23939959157000326,0.20513519644737244,0.023813529665339755,0.020907999999999982
2025-08-08,0.2409025853202509,0.24303030395720981,0.20215636491775513,0.024263352359750384,0.02177000000000001
2025-08-11,0.2453636163755071,0.24371179576693175,0.20259146392345428,0.025517776797310987,0.017425999999999997
2025-08-12,0.24550681054239681,0.2449585064146725,0.20426221191883087,0.01269198187544171,0.011462
2025-08-13,0.23620955642511673,0.24806449618604084,0.22718197107315063,0.007341135420499578,0.02218899999999996
2025-08-14,0.2401912519279838,0.24745148493509092,0.22633257508277893,0.006152567943839782,0.020658999999999983
2025-08-15,0.24133725124001423,0.2465960517869652,0.22773632407188416,0.01341735691776888,0.025173
2025-08-18,0.24531359174870976,0.24744379954695347,0.22800633311271667,0.026790922650333088,0.023424
2025-08-19,0.24691590852347278,0.2465499277739105,0.2276712954044342,0.02940950458517222,0.03254499999999999
2025-08-20,0.2479132772388757,0.24494991645667552,0.22912809252738953,0.047193924107943014,0.02418400000000004
2025-08-21,0.24701609663921945,0.24537068134857992,0.23334035277366638,0.041639507950776394,0.03393099999999999
2025-08-22,0.25025648465755734,0.2461880560894589,0.2367648184299469,0.0310886560944503,0.02681800000000001
2025-08-25,0.2511410955619623,0.2466464353747015,0.2359110414981842,0.031537968530310934,0.02334900000000001
2025-08-26,0.2516123742235724,0.2403033276274687,0.21353548765182495,0.03187918971942044,0.03163299999999997
2025-08-27,0.25570361828080906,0.23918886419892954,0.2125069946050644,0.03262010209831065,0.02561399999999997
2025-08-28,0.25624022510504635,0.23855033368912273,0.21062207221984863,0.028027785102101826,0.02346400000000004
2025-08-29,0.2555922813544728,0.23779446594764034,0.21099890768527985,0.030995955934378816,0.033389
2025-09-02,0.2539650242548063,0.23960043888230723,0.2140270173549652,0.033425597946557306,0.033389
2025-09-03,0.25375109849032923,0.23718074170743547,0.21023611724376678,0.0342752580665428,0.033389
2025-09-04,0.2543289076389553,0.24136511081182532,0.22960051894187927,0.0426487669518083,0.033389
2025-09-05,0.2484685028462114,0.2461282674599982,0.22781029343605042,0.021913884271434064,0.033389
2025-09-08,0.2500159799507604,0.24681797123325058,0.22796779870986938,0.017992084706187905,0.033389
2025-09-09,0.250611256812166,0.2410768118293508,0.20757052302360535,,
2025-09-10,0.2511617363256845,0.24254641452161885,0.20804202556610107,,
2025-09-11,0.24958083712629076,0.24456773627869022,0.20816196501255035,,
2025-09-12,0.2523041029409069,0.23776446161737824,0.2090452015399933,,
2025-09-15,0.25683297551057643,0.2367105731499078,0.2090452015399933,,
2025-09-16,0.2583442721083859,0.23831232431112062,0.20882023870944977,,
2025-09-17,0.2576481908775624,0.23993134193166457,0.2099488377571106,,
2025-09-18,0.2589937818242557,0.2409673513104868,0.20974284410476685,,
2025-09-19,0.2577992543027576,0.241191295604175,0.20912176370620728,,
2025-09-22,0.2574854679601153,0.2370928405381273,0.20892903208732605,,
2025-09-23,0.26068336034381334,0.23702241626972723,0.20892903208732605,,
2025-09-24,0.259581355283548,0.24145888087709233,0.21010726690292358,,
2025-09-25,0.25852593964589093,0.24164272934193234,0.21010726690292358,,
2025-09-26,0.25601708678951274,0.2503947215087583,0.20557713508605957,,
2025-09-29,0.25338029754379554,0.24388478288307053,0.2086777687072754,,
2025-09-30,0.2523410847300794,0.23974754483033087,0.2093731164932251,,
2025-10-01,0.25142935510231595,0.23886708335960546,0.20895794034004211,,
