date,y_true,y_pred,vrp_wedge,put_call_skew_30d
2017-09-28,0.1512368859568344,0.1354199527696433,0.11407400898779368,0.022853999999999985
2017-09-29,0.15560689126921515,0.13614380622843644,0.10930339692109389,0.021142999999999995
2017-10-02,0.15545412774611983,0.14252225980288988,0.11224315571386687,0.01571900000000001
2017-10-03,0.15669671245947087,0.1412509465261383,0.11572576216558109,0.01802799999999999
2017-10-04,0.1604100414159951,0.14311283960846807,0.12291448991597195,0.020758
2017-10-05,0.15978674289404143,0.14599159562116756,0.12397021793056484,0.01740200000000003
2017-10-06,0.15914297428526558,0.14447198664485955,0.11810620887168832,0.019212000000000007
2017-10-09,0.15948402111103233,0.145003967885941,0.12098538200959799,0.020834999999999992
2017-10-10,0.1584151872675297,0.14262841196910256,0.1258956687422187,0.017594999999999972
2017-10-11,0.15907400785406672,0.14060889685786987,0.1260649271027064,0.010931999999999997
2017-10-12,0.15759045513326383,0.14609306156636928,0.12537676024257677,0.01174900000000001
2017-10-13,0.15807498677276874,0.1479358237528181,0.13077842961154224,0.01340199999999997
2017-10-16,0.15878525883714634,0.14897162275787423,0.12495692507586925,0.0045479999999999965
2017-10-17,0.15898632686778377,0.145398075757443,0.1097440053563532,0.009218999999999977
2017-10-18,0.1588045059184598,0.14993598456956742,0.11830723696086573,0.00512399999999999
2017-10-19,0.15962553610027364,0.14191715970567886,0.11979587909995268,0.004193000000000002
2017-10-20,0.15953566845137007,0.14426869856260094,0.11691105308367081,0.007788000000000017
2017-10-23,0.1561428055294867,0.14747646484122712,0.1268215942847342,-0.00035399999999996545
2017-10-24,0.15439992625181814,0.14863726928567067,0.12350612777635839,0.001880999999999966
2017-10-25,0.1502759827113369,0.14815461958058573,0.12677505508862313,0.005811000000000011
2017-10-26,0.1493237773534886,0.15240425851099515,0.14342103328430827,-0.01567799999999997
2017-10-27,0.13361162500363857,0.13766508777843428,0.0398231150431656,-0.015331999999999985
2017-10-30,0.13914986852163,0.1347895195237856,0.03549110973078484,0.0009409999999999974
2017-10-31,0.13853350694553695,0.13198529781332016,0.03232387325388017,0.001354999999999995
2017-11-01,0.1432699682065849,0.12705195083017257,0.03155628854052914,0.0017349999999999866
2017-11-02,0.14376294825883837,0.13699358636078965,0.022313959584004894,0.0024240000000000095
2017-11-03,0.1626143596747394,0.134410591630987,0.011229258105958567,0.005623000000000017
2017-11-06,0.1679106178794278,0.13569177614681438,0.017992026714734405,0.001818000000000014
2017-11-07,0.16834513556119748,0.1371410440848411,0.028606979888967682,0.003460999999999992
2017-11-08,0.16698781216904302,0.1374007956678884,0.013836813732470282,0.0008899999999999741
2017-11-09,0.16554468350951468,0.1397174408133251,0.033437993145933265,0.0005219999999999947
2017-11-10,0.17005190891330899,0.13749457845762392,0.025347545866736182,-0.0010259999999999991
2017-11-13,0.16985830896936563,0.13822301038661028,0.018997014227231268,0.0003710000000000102
2017-11-14,0.17009158637007174,0.13383396419761617,0.008652742162853666,0.005559000000000008
2017-11-15,0.17156424368073883,0.13309377184873702,0.008450674132216202,0.016652
2017-11-16,0.17274326760608097,0.13113754087913504,0.01568349508154021,0.008723000000000009
2017-11-17,0.17265202398843707,0.1258960260706536,0.006396464899726367,0.006387000000000004
2017-11-20,0.1738574213809231,0.12691916678169834,0.004020332548629935,0.0048870000000000025
2017-11-21,0.17399009909045024,0.12488124873197266,-0.007436804529486696,0.009424999999999989
2017-11-22,0.17318708766179394,0.12346664244482734,-0.0014639252518181545,0.008576
2017-11-24,0.1737164332371509,0.12248266165793319,0.010650018288663077,0.008654000000000023
2017-11-27,0.1717502349129027,0.12616064261932938,0.007614223646511403,0.007860999999999979
2017-11-28,0.16458006423653077,0.12030401535771708,0.021974375996361428,0.009627999999999998
2017-11-29,0.1550877409006,0.12903157819079838,0.049176132478369994,0.0025740000000000207
2017-11-30,0.15533350129646303,0.12800094961207073,0.037515494054463056,0.01069299999999998
2017-12-01,0.15263134025561728,0.12759060161765123,0.039343032793415056,0.012294
2017-12-04,0.14858906688704127,0.13249204397413422,0.07363805274116164,0.009173999999999988
2017-12-05,0.12686854216535262,0.12938623421705445,0.04170064132526061,0.008862000000000009
2017-12-06,0.11946930943733268,0.12986623088824836,0.015395383120572176,0.010411000000000004
2017-12-07,0.11813175043836886,0.1295116940527756,0.012495865438802545,0.013915999999999984
2017-12-08,0.11711105226456234,0.12992490644882204,0.007287188830956998,0.014290999999999998
2017-12-11,0.11528482994196837,0.12964130466173246,0.00032131749048530667,0.017081999999999986
2017-12-12,0.11249154795232102,0.1346781141281688,0.007085092086691003,0.016433000000000003
2017-12-13,0.11909073146818344,0.1278149091491212,0.002181692030634369,0.010241
2017-12-14,0.11990053824445701,0.13251169916600072,-0.0039415853700717485,0.010074
2017-12-15,0.12089575753074684,0.12559392798323962,-0.023235242680738816,0.01750099999999999
2017-12-18,0.11855019011957675,0.12487413729499737,-0.02186826660608096,0.01023099999999999
2017-12-19,0.12104173624184926,0.12659588180447565,-0.01826902298843705,0.010601
2017-12-20,0.12036516172387475,0.12684972181039184,-0.02027142038092311,0.007806999999999981
2017-12-21,0.12344355099958962,0.13082125487868462,-0.012010098090450227,0.0037840000000000096
2017-12-22,0.12608645585925868,0.12865987173607168,-0.011599086661793934,0.012665999999999983
2017-12-26,0.13048170936081668,0.13148444315476746,3.456776284907481e-05,0.011289000000000021
2017-12-27,0.13224469436408232,0.12811489628243136,0.010802766087097293,0.007656999999999997
2017-12-28,0.13313246605949733,0.12772234790804524,0.027636936763469233,0.009800000000000003
2017-12-29,0.13583968604751132,0.1267460943977752,0.04160126009939999,0.003481000000000012
2018-01-02,0.13653690875445101,0.12872499612684893,0.057858499703536986,0.012650000000000022
2018-01-03,0.13759000492103027,0.1294738871410414,0.055431660744382716,0.0021869999999999945
2018-01-04,0.17304048864965985,0.12987967438863915,0.06750793411295875,0.010562000000000016
2018-01-05,0.19116781262911667,0.13313896619715246,0.0985984588346474,0.0016380000000000006
2018-01-08,0.1948659910876038,0.13425173461577214,0.1100496915626673,0.0031210000000000127
2018-01-09,0.21322484251767868,0.13302340749218974,0.10938825056163114,0.002471000000000001
2018-01-10,0.24588244346143162,0.1334867872252762,0.10746694873543766,0.004512000000000016
2018-01-11,0.24954091176428445,0.13227970602348862,0.10734317105803161,0.001903999999999989
2018-01-12,0.24953161099612142,0.14114180077648317,0.12990045304767894,0.009239999999999998
2018-01-16,0.24985310794296434,0.1382596797345482,0.12267026953181655,0.003058000000000005
2018-01-17,0.25444717296117947,0.16900477497191047,0.11759346275554301,0.0048990000000000145
2018-01-18,0.2548418640314304,0.17156009614791562,0.11417824346925315,-0.003967999999999999
2018-01-19,0.2596514392407826,0.17904312432138283,0.11895581088042326,0.00845399999999999
2018-01-22,0.26433778271020913,0.1762996864503602,0.13101226475815075,0.00865599999999997
2018-01-23,0.2666350718141149,0.16737406327160248,0.1462648392761252,0.0023250000000000215
2018-01-24,0.26786028043190463,0.17129371794996945,0.1466004500004104,0.00031399999999998096
2018-01-25,0.26745270343468913,0.16622417856499852,0.1482935451407413,0.010956999999999995
2018-01-26,0.26633395484068706,0.16652697468879854,0.15441229163918332,-0.000130000000000019
2018-01-29,0.26800577355765703,0.1692523895832563,0.18493230663591767,0.0034190000000000054
2018-01-30,0.27417427101950187,0.1660877657291379,0.18083153494050266,-0.0016079999999999983
2018-01-31,0.28045045957306686,0.16019517444620127,0.1619433149524887,0.011884999999999979
2018-02-01,0.28373168461486986,0.15799259780652905,0.15228309224554898,0.009778000000000009
2018-02-02,0.2818271066110135,0.16413747536108927,0.08076099607896972,0.0023859999999999992
2018-02-05,0.2635776110601833,0.164350861713888,0.13037551235034017,-0.01646700000000001
2018-02-06,0.2505720673681228,0.15308320612842258,0.06817118837088335,0.027880000000000016
2018-02-07,0.25029287251666094,0.15558574073567036,0.062310009912396186,0.01939300000000002
2018-02-08,0.2373657292353908,0.18019510810921538,0.10913215848232133,0.020307999999999993
2018-02-09,0.21433480644051026,0.17318419985798975,0.06618455753856836,0.05638600000000005
2018-02-12,0.21242757671492932,0.17145305979358147,0.003849089235715586,0.04242500000000002
2018-02-13,0.21763034228609807,0.17140871315352982,-0.0032786099961213955,0.03214
2018-02-14,0.21602286518021785,0.17227721579266603,-0.023694106942964338,0.025419999999999998
2018-02-15,0.21583666268764,0.17914311110313152,-0.03455617196117944,0.024383000000000016
2018-02-16,0.21878309484836186,0.18018430749802067,-0.028582863031430372,0.014063999999999993
2018-02-20,0.21725461452275277,0.17964191633724394,-0.025489438240782564,0.017277000000000015
2018-02-21,0.21589980915055612,0.17409835438259746,-0.0330627817102091,0.013576000000000005
2018-02-22,0.22789431036251356,0.20289661532379755,-0.029515070814114863,0.015975000000000017
2018-02-23,0.2519318107213764,0.1838697360211353,-0.0659052794319046,0.027104000000000017
2018-02-26,0.2724021336853841,0.18019710960656876,-0.08325970243468911,0.021133000000000013
2018-02-27,0.2882618331786851,0.20012352354733554,-0.035671953840687026,0.01134099999999999
2018-02-28,0.2990948839635141,0.20695205234754863,-0.02304077255765702,0.004588000000000009
2018-03-01,0.31022357215838997,0.20936838571844846,-0.010758270019501859,0.032008000000000036
2018-03-02,0.3104615984411891,0.20564892971373552,-0.03704745857306682,0.03554399999999999
2018-03-05,0.31049784774352096,0.196992238245018,-0.058277683614869846,0.024193999999999993
2018-03-06,0.31285161012625984,0.191915293742884,-0.061540105611013474,0.030763999999999986
2018-03-07,0.31727525932801126,0.1937765137757318,-0.03662461006018328,0.027854000000000018
2018-03-08,0.3223025958297251,0.18460809359411076,-0.027069066368122785,0.030197
2018-03-09,0.32531959903197716,0.17015544645508662,-0.04975187151666091,0.026478
2018-03-12,0.3249990678826443,0.18692429262425422,0.0036842717646091983,0.009021000000000001
2018-03-13,0.3201300402226122,0.18584270981046366,0.030630194559489704,0.02180600000000002
2018-03-14,0.3217513355419017,0.18532361419291052,0.024379424285070644,0.024671
2018-03-15,0.31928776671448256,0.16535523568696536,0.025027658713901973,0.023469999999999963
2018-03-16,0.32134848880930006,0.1628712123627404,0.019132135819782153,0.021045000000000008
2018-03-19,0.31703576706403847,0.19502234582035533,0.06207633831236001,0.033889999999999976
2018-03-20,0.31677249425891324,0.1916171054779714,0.07074690615163812,0.031312000000000006
2018-03-21,0.3169935293902822,0.17646559516905588,0.07812038647724723,0.025061
2018-03-22,0.31502869972901326,0.2135128454754026,0.12353019184944392,0.02813300000000002
2018-03-23,0.3183793517791305,0.2156770369747079,0.12479569063748641,0.020565999999999973
2018-03-26,0.2999975076066569,0.21416984713554885,0.08264919027862366,0.021049999999999958
2018-03-27,0.28961015553885505,0.21832113908592632,0.10999786731461597,0.02374200000000004
2018-03-28,0.27622791468069835,0.2150684964437024,0.09167516782131496,0.04095900000000002
2018-03-29,0.26346368422965355,0.25544387971380866,0.040501117036485956,0.024517999999999984
2018-04-02,0.24781618952166742,0.26415553178476037,0.06933342884161003,0.03283799999999998
2018-04-03,0.24306110024718017,0.2627179368495955,0.06461040255881095,0.03528300000000001
2018-04-04,0.2426810761257076,0.26265895909255454,0.04885715325647905,0.020883999999999958
2018-04-05,0.24283271971576573,0.2566395448625028,0.0352133908737402,0.01706599999999997
2018-04-06,0.23597667372412975,0.25929764770014196,0.035894741671988695,0.022492999999999985
2018-04-09,0.2299817708676845,0.2538297749440766,0.026792405170274924,0.027554999999999996
2018-04-10,0.22817543820301736,0.25238642640430037,0.0029114019680228642,0.024843000000000004
2018-04-11,0.22686663238783275,0.2499053963706565,0.0004919331173556807,0.027826000000000017
2018-04-12,0.2243444321920649,0.24260342396769374,-0.00561803922261217,0.016600999999999977
2018-04-13,0.2209350118410864,0.2402517366827372,-0.020415334541901642,0.018382999999999983
2018-04-16,0.22057016158434128,0.2378683087855927,-0.023694765714482535,0.009765000000000024
2018-04-17,0.2161744816715816,0.23938722877969498,-0.02722748780930001,0.005211999999999994
2018-04-18,0.21722428011625552,0.23377405282221,-0.028642766064038427,0.013346999999999998
2018-04-19,0.2123039033921604,0.2422029199514952,-0.008128493258913239,0.0033119999999999816
2018-04-20,0.2091275443889642,0.24296429826901966,-0.01564252839028224,0.013045000000000029
2018-04-23,0.2069925441715879,0.22848567891618943,-0.002232698729013216,0.004025000000000001
2018-04-24,0.18709151673282495,0.21124165389102179,-0.05933235077913046,0.01916799999999999
2018-04-25,0.18508899823833314,0.20960710421463988,-0.04468950660665688,0.005871999999999988
2018-04-26,0.1713151733179921,0.2025546677513583,-0.06012615453885509,0.016682000000000002
2018-04-27,0.16871001910639769,0.19721735152824013,-0.06023091368069833,0.012013999999999997
2018-04-30,0.16740468407672984,0.1982818215381368,-0.040655683229653516,0.0005830000000000002
2018-05-01,0.17028669611105826,0.19285503845895366,-0.04466218852166742,0.017476999999999993
2018-05-02,0.1681762783871875,0.19181092301598457,-0.04013309924718014,0.01317299999999999
2018-05-03,0.16285216812873138,0.19179209275469514,-0.03743507512570757,0.022048000000000012
2018-05-04,0.15862699201841504,0.16822059019142488,-0.055598718715765716,0.02368300000000001
2018-05-07,0.1598616373096672,0.16651047992380713,-0.041665672724129715,0.016273999999999983
2018-05-08,0.16174207827502055,0.16750397286434798,-0.03279876986768454,0.01949899999999999
2018-05-09,0.1565434109417525,0.1694638458754932,-0.031327437203017366,0.011957999999999996
2018-05-10,0.1572890034105835,0.16691862289547701,-0.03572963138783275,0.015632000000000007
2018-05-11,0.15549830973008505,0.17337199413428678,-0.0365084311920649,0.009973999999999983
2018-05-14,0.15418435988629653,0.1707017992535091,-0.0375300108410864,0.01039000000000001
2018-05-15,0.15194060566358125,0.1781267817323857,-0.02386216058434129,0.01675399999999999
2018-05-16,0.15076720251277584,0.15967093936169433,-0.018304480671581608,0.006218000000000001
2018-05-17,0.15242880406127887,0.15431140790138007,-0.029875279116255538,0.008629999999999999
2018-05-18,0.15676018399136163,0.15456083581481678,-0.015866902392160404,0.004806000000000005
2018-05-21,0.15836476563737026,0.1548099628866325,-0.020535543388964184,0.009604000000000001
2018-05-22,0.1619058605434752,0.15077756878030943,-0.020716543171587914,0.009396999999999989
2018-05-23,0.16112956286220825,0.142803489766837,-0.003946515732824923,0.007686999999999999
2018-05-24,0.1732227201922676,0.14172005707716412,-0.007358997238333137,0.016636999999999985
2018-05-25,0.1754651677433921,0.14063974050542438,0.004887827682007934,0.016278999999999988
2018-05-29,0.17904233336898487,0.1441767080568519,0.03635198189360231,0.015522000000000008
2018-05-30,0.18514345286962722,0.13992274955296236,0.017670316923270146,0.010363000000000011
2018-05-31,0.17700121106133057,0.15176364773158016,0.04921330488894174,-0.008892000000000011
2018-06-01,0.18319539939660592,0.14767897610167102,0.006890722612812511,0.020136999999999988
2018-06-04,0.18506840450534362,0.1468221551724665,0.023160832871268633,0.019188999999999984
2018-06-05,0.1857850078687759,0.14582906988146035,0.027769008981584964,0.019872
2018-06-06,0.18467647617219685,0.14603879432915448,0.034877363690332785,0.018442000000000014
2018-06-07,0.18162478812701285,0.1470865120170075,0.029748922724979476,0.02024899999999999
2018-06-08,0.17988958054987075,0.1461300236103237,0.034496590058247456,0.016509999999999997
2018-06-11,0.18236881690966653,0.16868604266380025,0.043264997589416515,0.012656
2018-06-12,0.1855477995722053,0.16546896643588033,0.03650569126991496,0.01220300000000002
2018-06-13,0.18686013699781517,0.1689640755890798,0.04793864111370347,0.007794999999999996
2018-06-14,0.18675435949585314,0.1587581509646949,0.046649395336418736,0.007879999999999998
2018-06-15,0.1925249591793095,0.15928825967088658,0.040138798487224125,0.010910000000000003
2018-06-18,0.1913061528564467,0.15790227371835056,0.06338219693872113,0.0065800000000000025
2018-06-19,0.19012426386719392,0.15544238771012484,0.06573581700863837,0.009018000000000026
2018-06-20,0.18808379636623557,0.16394005997656913,0.07676523536262975,0.004512999999999989
2018-06-21,0.18593078473701266,0.16072545907580674,0.08749314045652481,0.015379999999999977
2018-06-22,0.19150070158312135,0.15729315025133137,0.08179143813779174,0.015824999999999978
2018-06-25,0.1820209914420146,0.18431464918436685,0.12343528080773239,0.021945000000000048
2018-06-26,0.18267026467149866,0.1811424405207738,0.11335283325660792,0.022818000000000005
2018-06-27,0.18727808341664096,0.17891150068329975,0.13207866763101508,0.021407999999999983
2018-06-28,0.18615252309066904,0.1751961666950886,0.10324054813037276,0.025619000000000003
2018-06-29,0.19014545269423463,0.1763441542617502,0.10859278993866944,0.028844000000000036
2018-07-02,0.1846438714673752,0.1822944086508917,0.10885460160339402,0.02801199999999998
2018-07-03,0.1826091713132274,0.19275471458610638,0.13004159649465638,0.026731999999999978
2018-07-05,0.18244393580188586,0.19080548784453227,0.1159599931312241,0.02122400000000002
2018-07-06,0.18105243102073662,0.1859265263207497,0.10370252482780318,0.024021999999999988
2018-07-09,0.18216015055308282,0.17819026831765367,0.09701821287298709,0.027765999999999957
2018-07-10,0.18457757065202968,0.17606302053319461,0.09904242045012926,0.027816000000000007
2018-07-11,0.18078254269915356,0.1856388777954732,0.10947018409033349,0.02136699999999997
2018-07-12,0.1790024801012325,0.17743733566010003,0.07887920142779473,0.03176200000000001
2018-07-13,0.1801176323708572,0.17587181371095564,0.07947686400218482,0.029618000000000033
2018-07-16,0.18233728442940733,0.17632293911948474,0.08405864150414688,0.03034300000000001
2018-07-17,0.1809464098149489,0.17945892081842724,0.08241804182069049,0.027660000000000018
2018-07-18,0.18146803677683718,0.17900356401768194,0.08226784814355326,0.01583599999999996
2018-07-19,0.18353956385514367,0.17532047970318906,0.08096673713280611,0.02518400000000004
2018-07-20,0.1845393053902011,0.1755278140655737,0.07171920463376441,0.019611000000000045
2018-07-23,0.18374121723908962,0.1718830719537043,0.07249321626298733,0.017520000000000036
2018-07-24,0.17656342341023473,0.15308527921653411,-0.015255700583121368,0.017895999999999995
2018-07-25,0.17476286520277182,0.1517702442894884,-0.0054109904420146515,0.016629000000000005
2018-07-26,0.1730915795356886,0.15367247714611545,-0.0037252636714986964,0.01438600000000001
2018-07-27,0.16186713022531893,0.16766468202140156,0.014499917583359057,0.02138799999999999
2018-07-30,0.15513597426229925,0.19190500219625664,0.04986447790933096,0.026380000000000015
2018-07-31,0.14882666344813805,0.16616143924757565,0.04256454830576534,0.020660999999999985
2018-08-01,0.1489364715645385,0.16016304911817378,0.0369171295326248,0.019161999999999985
2018-08-02,0.15018771368801925,0.1563157840031833,0.02557982968677258,0.01644799999999999
2018-08-03,0.15167541963946518,0.1534219646302505,0.008841065198114145,0.021273000000000014
2018-08-06,0.169504387134249,0.15241744321733786,-0.0013694300207366117,0.015553000000000011
2018-08-07,0.1808049024183374,0.15708139427353604,0.0035458504469171592,0.016071000000000002
2018-08-08,0.18111903234459448,0.15326447686536465,-0.003569569652029647,0.010280999999999985
2018-08-09,0.18198975929554184,0.14930537164860497,-0.008239541699153557,0.017206
2018-08-10,0.18442050503226237,0.15207336259874743,0.0015685208987674948,0.013861999999999985
2018-08-13,0.1868309932492693,0.15085002076863263,0.0038773686291428133,0.013116000000000017
2018-08-14,0.18649174774145247,0.14951115481074093,-0.005672283429407371,0.015777000000000013
2018-08-15,0.18220982964229718,0.15618955104513416,0.03179159118505112,0.019761
2018-08-16,0.1821806079105288,0.15849917573976569,0.016801964223162824,0.02814
2018-08-17,0.18120211648720366,0.15814134901172303,0.005970437144856344,0.024152000000000007
2018-08-20,0.1814305876605879,0.15714347693424072,0.008928695609798865,0.021813000000000027
2018-08-21,0.18086002110014143,0.16753216890378,0.00648078376091038,0.02214000000000002
2018-08-22,0.18172728759978493,0.1665732611609936,0.013453577589765287,0.018785000000000024
2018-08-23,0.18880191939846117,0.1662057431478152,0.009646135797228172,0.022964000000000012
2018-08-24,0.1920800184144834,0.16641779106534113,0.010945421464311406,0.020126000000000005
2018-08-27,0.19543539901527926,0.16184448046503308,0.020365870774681105,0.018506000000000022
2018-08-28,0.19765363694796792,0.1637444697422631,0.024264026737700756,0.019836999999999994
2018-08-29,0.19747777982680284,0.16139741664619137,0.03627133755186196,0.013141999999999987
2018-08-30,0.1977020965998066,0.1596141574820639,0.03900152943546151,0.013654
2018-08-31,0.2001359284444049,0.16008469531246736,0.043945287311980746,0.018293000000000004
2018-09-04,0.19799711572495696,0.16442708454907434,0.06986058136053483,0.022048999999999985
2018-09-05,0.19485928427722024,0.16605296183216836,0.07003761386575102,0.027957999999999983
2018-09-06,0.1908575263293497,0.16602035196651962,0.0708480985816626,0.03380299999999997
2018-09-07,0.20549017917425075,0.16527149914261702,0.062333968655405525,0.029644999999999977
2018-09-10,0.20645336091777175,0.16481513838038817,0.06578524170445815,0.030889999999999973
2018-09-11,0.2093187232603877,0.16778431889472398,0.0561174959677376,0.03128699999999998
2018-09-12,0.22157752500327776,0.16666509250240327,0.0594250077507307,0.030525999999999998
2018-09-13,0.22854007141102062,0.17166730857794488,0.04870125325854752,0.03226799999999999
2018-09-14,0.23120745872167903,0.16762268565652494,0.05180317135770282,0.022057999999999994
2018-09-17,0.23156815935019937,0.17449031145090088,0.07847439308947118,0.03141599999999997
2018-09-18,0.23773254963670304,0.16988296266033628,0.07081188451279632,0.024416999999999994
2018-09-19,0.24842783887741798,0.16928913391763473,0.06389141333941212,0.024306999999999995
2018-09-20,0.2520818253786931,0.16857174389082835,0.05259497989985856,0.029254000000000002
2018-09-21,0.2549047354546372,0.17136736531830157,0.06474271340021506,0.017092999999999997
2018-09-24,0.2584528470353352,0.17154319722622988,0.0546110816015388,0.025270000000000015
2018-09-25,0.26648068633099037,0.18144929366840823,0.059186982585516634,0.022152000000000033
2018-09-26,0.2753560721057773,0.2001423620353547,0.05985360198472073,0.027885999999999994
2018-09-27,0.3134028289029295,0.197766613180456,0.06920536405203206,0.02266299999999999
2018-09-28,0.37097875876005465,0.19724074631784008,0.06452122117319711,0.029389
2018-10-01,0.37389942185014574,0.19556210564380938,0.07315290440019345,0.03209899999999999
2018-10-02,0.3785709811588449,0.1987533633159216,0.0780270725555951,0.03015100000000004
2018-10-03,0.38088618699484184,0.19923698988634003,0.07549388527504303,0.02920600000000001
2018-10-04,0.37889562851552366,0.20697154077408686,0.11108371672277978,0.037121000000000015
2018-10-05,0.3842299351853434,0.20614096129971185,0.1283584746706503,0.04625399999999996
2018-10-08,0.3782684607067845,0.20759351750539334,0.13262382182574928,0.044930000000000025
2018-10-09,0.37920620358098656,0.2007938398083371,0.11774864008222824,0.04349999999999998
2018-10-10,0.3785802080165965,0.24202326524990353,0.17358627773961227,0.038331000000000004
2018-10-11,0.3723081710658614,0.23527970560244266,0.17553947599672223,0.039166000000000034
2018-10-12,0.37119813419533965,0.23649449095266897,0.12123392958897938,0.028659999999999963
2018-10-15,0.37353084607930415,0.23486685003433033,0.12182754227832096,0.030011999999999983
2018-10-16,0.3758054876194158,0.23013696896304803,0.08307984164980059,0.030093999999999954
2018-10-17,0.3776679302083314,0.23204295940250155,0.07874245136329697,0.039515999999999996
2018-10-18,0.37114740156545106,0.23979812085524616,0.10173016212258204,0.04677899999999996
2018-10-19,0.3750507412605026,0.2376146810976499,0.07605517562130693,0.04701500000000003
2018-10-22,0.37829959991304274,0.2423181287533672,0.07793626554536282,0.036889000000000005
2018-10-23,0.37273775664251324,0.2377304181679431,0.08739415396466482,0.05399400000000004
2018-10-24,0.3659681770214505,0.2531450171139094,0.13687731466900965,0.068085
2018-10-25,0.3579734499961961,0.25279682082688787,0.11122492889422281,0.016986
2018-10-26,0.326939737531636,0.23485530082982875,0.0042431720970705356,0.053510999999999975
2018-10-29,0.2746349582918652,0.23051936128137715,-0.026549757760054638,0.05606800000000001
2018-10-30,0.2696240336005173,0.22795643039862823,-0.05026842085014571,0.05313899999999999
2018-10-31,0.2634554107272053,0.24883833172956143,-0.06948298015884491,0.030806
2018-11-01,0.26213626311396765,0.2462980879908617,-0.10234018599484179,0.04431099999999999
2018-11-02,0.2640584977446294,0.24859119769902305,-0.09095262751552363,0.049675000000000025
2018-11-05,0.25550979286693637,0.250744810089891,-0.08628493418534333,0.04991499999999999
2018-11-06,0.2662797516788229,0.24194978598893893,-0.09047945970678445,0.04629100000000003
2018-11-07,0.26907114672141064,0.22205096955274772,-0.12571420258098653,0.045681
2018-11-08,0.26880479667998713,0.2136511147043968,-0.13130520701659645,0.04453400000000002
2018-11-09,0.2672112941558263,0.24277961324841443,-0.09762117006586135,0.03634400000000004
2018-11-12,0.2653945851917087,0.2544772602522852,-0.07171513319533962,0.05097299999999999
2018-11-13,0.2632084507691743,0.254743631679355,-0.07095584507930414,0.04563500000000004
2018-11-14,0.27525143808813946,0.2544246250545774,-0.06902748661941577,0.051447999999999994
2018-11-15,0.27223053244951456,0.25745461706073886,-0.07784992920833139,0.05063700000000004
2018-11-16,0.29873637945955145,0.2529002632307479,-0.07420840056545103,0.029785000000000006
2018-11-19,0.3040098293414163,0.25646948314933815,-0.04577174026050257,0.05460700000000002
2018-11-20,0.31455887438194996,0.2537468662606287,-0.03587059891304273,0.04837799999999998
2018-11-21,0.32386504308377856,0.2516392847804601,-0.060203755642513235,0.035480999999999985
2018-11-23,0.33271267457056697,0.26020018513492527,-0.05218517602145056,0.04122300000000001
2018-11-26,0.3446201075265422,0.25944173579024815,-0.07398744899619608,0.035999
2018-11-27,0.3439795361219398,0.24260978352332438,-0.04580873653163603,0.034160000000000024
2018-11-28,0.33786227824627263,0.20289891111304978,-0.000699957291865172,0.03448000000000001
2018-11-29,0.34160563949733463,0.18774079100891772,0.0007399673994827327,0.03573399999999999
2018-11-30,0.3490205728035783,0.1811638409401127,-0.0036104097272052216,0.04089200000000001
2018-12-03,0.3534493035824761,0.1733486314461641,-0.02164426211396761,0.03746099999999997
2018-12-04,0.34988386586558956,0.23655859234061885,0.029038503255370607,0.034384000000000026
2018-12-06,0.35050648481600927,0.23486482056379435,0.036013208133063634,0.043628
2018-12-07,0.34036680888724724,0.2847576226923016,0.048507249321177115,0.04097899999999999
2018-12-10,0.3369687509379199,0.2832726732326081,0.04722785427858939,0.03165000000000001
2018-12-11,0.3359481385714394,0.27743684339999375,0.029747204320012877,0.04056799999999999
2018-12-12,0.3337958577312669,0.26182060392486006,0.019469706844173762,0.033503000000000005
2018-12-13,0.333625266614746,0.20683260402770987,0.013701415808291317,0.037592000000000014
2018-12-14,0.331598042883814,0.2560338290874056,0.03168655023082573,0.04181099999999999
2018-12-17,0.3183584722658294,0.2674267403935301,0.04895356291186059,0.047456
2018-12-18,0.3142430472964069,0.27095993043438643,0.057524468550485486,0.04236400000000001
2018-12-19,0.2913029052853861,0.2813788246256409,0.0485026215404486,0.032440000000000024
2018-12-20,0.2815517850835145,0.2653604803820003,0.05252917165858373,0.06011300000000003
2018-12-21,0.2639566602562015,0.2722854810473439,0.06438612661804999,0.068496
2018-12-24,0.2508699238031338,0.27804511417654354,0.10651695791622146,0.054003999999999996
2018-12-26,0.23956192005729,0.26516222057244,0.04320932642943304,0.06451499999999999
2018-12-27,0.22279278905251684,0.2715183170234853,0.03896489347345783,0.06784300000000004
2018-12-28,0.2205344184442089,0.2598188985415704,0.022802464878060202,0.06174000000000002
2018-12-31,0.21484599097032167,0.24881566542098793,0.020390722753727386,0.058663999999999994
2019-01-02,0.210498582670908,0.252847965696864,0.013708361502665412,0.05632600000000004
2019-01-03,0.19368974866138502,0.2500564966860094,0.028591428196421742,0.050757
2019-01-04,0.18688187484821214,0.23841694437103772,-0.04607630258247608,0.05978499999999998
2019-01-07,0.19061265521387794,0.22926035485155893,-0.030366864865589482,0.05931799999999998
2019-01-08,0.1861796798989862,0.22684436864882457,-0.04106548381600922,0.061887000000000025
2019-01-09,0.18347759543001996,0.22452139733992688,-0.029181807887247224,0.05277699999999996
2019-01-10,0.1827656374721173,0.22271713555062728,-0.029067749937919884,0.05621599999999999
2019-01-11,0.18238652472981,0.2132360016579975,-0.03403413757143936,0.05035499999999998
2019-01-14,0.18439693975217475,0.2304033354192705,-0.020574856731266855,0.04178799999999999
2019-01-15,0.18150283763511801,0.19670541395884636,-0.03987726561474597,0.051609000000000016
2019-01-16,0.18141795929079246,0.19214745532188332,-0.04060104188381397,0.0479
2019-01-17,0.17973915205662122,0.19054398043187692,-0.02682747126582946,0.048954
2019-01-18,0.17918124937344734,0.18222694216425225,-0.034357046296406846,0.045985
2019-01-22,0.17510287394590465,0.21547750883836597,0.019601095714613936,0.043293000000000026
2019-01-23,0.16901313417152336,0.2121135939801736,0.03010921591648552,0.04485300000000003
2019-01-24,0.16564972155284047,0.20445569366980731,0.04015434074379853,0.038273
2019-01-25,0.16922263101407828,0.1832101608726172,0.037803077196866264,0.040237999999999996
2019-01-28,0.168451058394447,0.202924763980454,0.07040908094271,0.03906200000000004
2019-01-29,0.16727594627758902,0.2127041544356284,0.08966721194748317,0.03906799999999999
2019-01-30,0.16602910908965637,0.19456306464111195,0.07929158255579105,0.039764999999999995
2019-01-31,0.17086327132706355,0.19475373980582064,0.08529801002967838,0.04075099999999998
2019-02-01,0.17075232977600094,0.1920753261871997,0.08940841832909194,0.024729
2019-02-04,0.16888904133621557,0.16266336498356476,0.07708025233861499,0.028164999999999996
2019-02-05,0.16786934056605815,0.15758995348911048,0.016312126151787842,0.02444099999999999
2019-02-06,0.1623110416899809,0.16326877647561494,0.033032345786122075,0.020107999999999987
2019-02-07,0.16067684524397627,0.16902651344326006,0.04156132110101379,0.028797000000000017
2019-02-08,0.16438700910562148,0.1692135894986546,0.04605140556998005,0.029624999999999985
2019-02-11,0.16232852079779966,0.16464894080117376,0.04229436352788271,0.02591099999999999
2019-02-12,0.1603517020935699,0.16510370379223704,0.026412476270189972,0.025065000000000004
2019-02-13,0.15867412288043575,0.16232773849046778,0.025800061247825246,0.02559900000000001
2019-02-14,0.15586952332026927,0.1591980913738629,0.03450516336488199,0.02582900000000002
2019-02-15,0.15407574966870927,0.15863998494556317,0.03231504170920754,0.025259000000000004
2019-02-19,0.15837103678876296,0.15714227098353978,0.02622784894337879,0.022366999999999998
2019-02-20,0.15605133988079414,0.15910598743468488,0.026147751626552668,0.022756
2019-02-21,0.15695578323427642,0.15763806389168009,0.036494127054095354,0.024148000000000003
2019-02-22,0.15811903504136854,0.1563161319850833,0.03044086682847663,0.02349000000000001
2019-02-25,0.16286856294464408,0.15334214921562567,0.03697527944715953,0.021993999999999986
2019-02-26,0.16596496323129326,0.15405365138039598,0.04016436998592171,0.010905999999999999
2019-02-27,0.1649871780782457,0.15179104814964522,0.03159494260555304,0.022159999999999985
2019-02-28,0.16610302330450347,0.15070720945506175,0.028588054722410994,0.023621000000000003
2019-03-01,0.16553355926978103,0.15150942017775695,0.02257689191034362,0.02504400000000001
2019-03-04,0.15758458633132763,0.15366106343558314,0.02668872967293645,0.028310000000000002
2019-03-05,0.15480681524068743,0.154147238926098,0.02558167122399907,0.023470999999999992
2019-03-06,0.15444313633590803,0.15574345895446923,0.03185195966378446,0.026951999999999976
2019-03-07,0.14919598504638665,0.15750009402681972,0.042032660433941854,0.02957800000000002
2019-03-08,0.14496741533009205,0.15788879975890074,0.05175495931001911,0.031385000000000024
2019-03-11,0.1425538392401846,0.15497557613383173,0.03521815575602372,0.027735999999999983
2019-03-12,0.13792832415448256,0.1551036107595576,0.029720991894378546,0.023814000000000002
2019-03-13,0.1381954159707125,0.1532292444684993,0.02918848020220033,0.021481
2019-03-14,0.13676052250441287,0.15472472525522393,0.03027529890643013,0.025206000000000006
2019-03-15,0.13725720254037485,0.15516408278370705,0.03453387811956424,0.026938000000000017
2019-03-18,0.13614468609629646,0.15733596613118303,0.04903647767973074,0.028466999999999992
2019-03-19,0.13654463070973688,0.1556184042916164,0.03364525133129073,0.025375999999999982
2019-03-20,0.13032965868138682,0.15927669707559286,0.03743696421123702,0.02058500000000002
2019-03-21,0.13055202355379542,0.1592471255447119,0.04094566111920586,0.02927099999999999
2019-03-22,0.12922906158006342,0.1631346167361455,0.06332821776572359,0.025297999999999987
2019-03-25,0.12478656476174824,0.16399632702701325,0.07610496595863145,0.023856000000000016
2019-03-26,0.11962857269926838,0.1642529132244441,0.06012043805535591,0.029439999999999994
2019-03-27,0.1109314071564207,0.16393636336588321,0.06056303776870675,0.028802999999999995
2019-03-28,0.11462402489094703,0.14799546275009376,0.0714638229217543,0.024523000000000017
2019-03-29,0.11388611727447462,0.1488129861063361,0.06705097769549653,0.022926000000000002
2019-04-01,0.1179271526822018,0.1530097712049931,0.06829744173021898,0.026606999999999992
2019-04-02,0.12221720454374356,0.1551426396511439,0.07753541466867239,0.028376999999999986
2019-04-03,0.12184187012763474,0.15564690324905842,0.08093918575931258,0.02789899999999998
2019-04-04,0.12455873649433463,0.15719532611549095,0.08315786466409197,0.02979800000000002
2019-04-05,0.13759403697720912,0.15713190971898447,0.08997201595361334,0.029318999999999984
2019-04-08,0.14023182121930713,0.16259858274177436,0.09902458566990793,0.029886999999999997
2019-04-09,0.144639010303679,0.16914190290501852,0.10530616175981541,0.031499
2019-04-10,0.15690335347047232,0.16755939758672303,0.10806767684551744,0.03200699999999998
2019-04-11,0.16528710832817042,0.16732660406234254,0.1065885850292875,0.032583
2019-04-12,0.1676774946841018,0.16183943840033052,0.09891447849558713,0.03354800000000002
2019-04-15,0.18371194665400348,0.1678567729000023,0.10481379845962516,0.033671000000000006
2019-04-16,0.18866375821337533,0.1656087310645826,0.10021731490370353,0.029231000000000035
2019-04-17,0.19127687172903557,0.16835813292128948,0.10621237029026312,0.031162999999999996
2019-04-18,0.19293663315425527,0.15988500097767333,0.10136834231861319,0.029798999999999992
2019-04-22,0.19331369050344327,0.16844859770429052,0.10618097744620458,0.028104000000000018
2019-04-23,0.19156446109765574,0.16943302906716992,0.11425393941993656,0.028887000000000024
2019-04-24,0.19384886734134088,0.1727108414945659,0.1293474362382518,0.02132500000000001
2019-04-25,0.19383662696045087,0.17372642214920453,0.13516142830073163,0.026156000000000013
2019-04-26,0.19579391180776892,0.16393054915855718,0.1244735938435793,0.027046999999999988
2019-04-29,0.19654932645595408,0.16352263252293178,0.121002976109053,0.022593000000000002
2019-04-30,0.19507088179078802,0.16199399530597766,0.06787788372552538,0.020124999999999976
2019-05-01,0.1929393459423281,0.1641804841948827,0.07196384831779819,0.020746000000000014
2019-05-02,0.20205860482056218,0.16275715503157046,0.06835579645625643,0.02477600000000002
2019-05-03,0.20560536098572854,0.167595633329256,0.051845130872365267,0.020846000000000003
2019-05-06,0.20961561639942336,0.16530320136820542,0.06320726450566538,0.020671000000000023
2019-05-07,0.20353677478522675,0.20532941221430162,0.09228796402279088,0.03953799999999999
2019-05-08,0.20540409107180832,0.20228465143560562,0.08873617978069287,0.029395000000000004
2019-05-09,0.20600008618715154,0.20050423963505073,0.07712299069632098,0.04370000000000002
2019-05-10,0.2011759737601379,0.18034799806423427,0.03839764752952765,0.038466
2019-05-13,0.19585215955310933,0.2079098006702146,0.06683089267182957,0.04525199999999999
2019-05-14,0.1953781510626721,0.20130021668601322,0.0486695063158982,0.038033999999999984
2019-05-15,0.1803668387901524,0.18595428010503992,0.013234054345996532,0.027000000000000024
2019-05-16,0.17612212342002895,0.1800100015879872,-0.007963757213375305,0.027334000000000025
2019-05-17,0.1757940469444357,0.20305512500406997,0.020298129270964443,0.030668
2019-05-20,0.17605480802094486,0.21799785344104256,0.040068367845744746,0.031114000000000003
2019-05-21,0.17590369551983895,0.20926963489674008,0.022083310496556735,0.026276999999999995
2019-05-22,0.17536831473759054,0.19114282457239018,0.017462539902344254,0.025174999999999975
2019-05-23,0.1729366427605807,0.22675268236904633,0.04357513365865914,0.03909499999999999
2019-05-24,0.1761283564544191,0.19870677544189214,0.018756374039549162,0.03672199999999998
2019-05-28,0.1774341524344604,0.2088001294700471,0.03661108919223108,0.025356000000000017
2019-05-29,0.17309435470904802,0.22935324796943138,0.04389967454404589,0.037747
2019-05-30,0.17232465595853458,0.19982594410029597,0.03769411920921198,0.03668100000000002
2019-05-31,0.17340609296769108,0.19978333791521358,0.050969655057671925,0.033440000000000025
2019-06-03,0.15898538384589872,0.25040035351425066,0.062143396179437815,0.04874300000000001
2019-06-04,0.153945584871917,0.24476841794189233,0.03550264001427145,0.037785999999999986
2019-06-05,0.14758211942370633,0.26583038132334197,0.03339338460057664,0.038989000000000024
2019-06-06,0.14652956689564772,0.23201117994828727,0.02957722621477321,0.035219
2019-06-07,0.14486023305710782,0.22766833541914655,0.027826909928191645,0.026962000000000014
2019-06-10,0.1397705823453355,0.18537911930528367,0.02402791481284844,0.030501999999999974
2019-06-11,0.13552658653200897,0.18669843637193823,0.035928027239862104,0.033782000000000006
2019-06-12,0.13361062636127374,0.199382089431024,0.04104484144689069,0.03443199999999999
2019-06-13,0.13206632943615607,0.19751640690170924,0.03787684993732793,0.036313999999999985
2019-06-14,0.13064800468205137,0.17475800912233408,0.0490271622098476,0.033771999999999996
2019-06-17,0.12978741504069616,0.17235178092724437,0.05001587757997106,0.03661400000000001
2019-06-18,0.12806526241443042,0.16277890836965128,0.04848895405556433,0.03242400000000001
2019-06-19,0.1277536281477318,0.15830776131427352,0.049023192979055163,0.03212200000000001
2019-06-20,0.12795323886938906,0.15631419913871633,0.04976430548016106,0.024158000000000013
2019-06-21,0.13041912277303863,0.16000656678141686,0.05672968626240946,0.041725999999999985
2019-06-24,0.1330255282312911,0.16174877334227838,0.07453035823941931,0.03992100000000001
2019-06-25,0.13267931222042137,0.17655738335236912,0.09605964454558089,0.038247
2019-06-26,0.14523906002202658,0.1753749910357561,0.09663484856553964,0.038582000000000005
2019-06-27,0.1485357540252839,0.17848871537922767,0.10955464629095199,0.025007999999999975
2019-06-28,0.149321428641201,0.17391589807509436,0.09903234504146544,0.034003000000000005
2019-07-01,0.15545806332802023,0.16613475297672253,0.08392390803230892,0.029779000000000028
2019-07-02,0.1639566396835593,0.16053039126303645,0.0839236171541013,0.028729000000000005
2019-07-03,0.16605451754650133,0.1599015701243811,0.086908416128083,0.028125999999999984
2019-07-05,0.17575263082556694,0.1655770437299358,0.09623888157629368,0.030239000000000016
2019-07-08,0.17796704336211802,0.16689502295124842,0.09947943410435228,0.03114799999999998
2019-07-09,0.1815026843013264,0.17447539444190954,0.11333676794289216,0.022063999999999973
2019-07-10,0.1890078774534473,0.1634278208160014,0.10239241865466453,0.02305199999999999
2019-07-11,0.1899769131991617,0.16387287542693688,0.10291941446799102,0.025926000000000032
2019-07-12,0.1920385883104606,0.16048606683260727,0.10085237463872626,0.025243000000000015
2019-07-15,0.1981490041426868,0.15898486479613955,0.0993626715638439,0.024586999999999998
2019-07-16,0.20093706477289575,0.16425592926882934,0.10014099631794862,0.02211000000000002
2019-07-17,0.20147728508053567,0.17247132988957603,0.11572458595930388,0.017961999999999978
2019-07-18,0.20026908150014297,0.1760325717769567,0.12501673858556958,0.024187999999999987
2019-07-19,0.20147554898777903,0.1802087455981997,0.13155537285226823,0.022603999999999985
2019-07-22,0.20026389584215226,0.18491715607838205,0.141747762130611,0.02129500000000001
2019-07-23,0.19902770901035216,0.18096344584978113,0.14023287822696137,0.02176
2019-07-24,0.20029992039406658,0.17932473978767338,0.13939147276870892,0.020049999999999957
2019-07-25,0.20981885889440965,0.17774136792678177,0.13039168877957866,0.01852200000000001
2019-07-26,0.198624861807564,0.16785454115131862,0.052569940977973434,-0.0024369999999999947
2019-07-29,0.19847964831353923,0.1638885966533092,0.0292292469747161,0.021983000000000003
2019-07-30,0.20014889955883272,0.165708741639364,0.030967572358799017,0.029904000000000014
2019-07-31,0.19478522162747194,0.16590940444057736,0.03739493767197977,0.021199999999999997
2019-08-01,0.18758210182837942,0.1679135047693276,0.0388713613164407,0.03453800000000001
2019-08-02,0.18981025206738578,0.17385560436595826,0.05802348345349867,0.04514800000000002
2019-08-05,0.18086303360283457,0.19764082239500472,0.11533137017443307,0.056084999999999996
2019-08-06,0.1785246369323293,0.17934067531078599,0.07744295763788198,0.04618900000000001
2019-08-07,0.17211720431742814,0.18180909209702092,0.0878443166986736,0.03772699999999998
2019-08-08,0.1719088314803796,0.17097777151985571,0.027764123546552694,0.045725000000000016
2019-08-09,0.16987383391708744,0.17082288664808645,0.03581608780083825,0.04639799999999997
2019-08-12,0.16902320381217462,0.1793599997246611,0.061309412689539405,0.048404
2019-08-13,0.16403783050126447,0.16979348339097763,0.019468996857313237,0.046535999999999994
2019-08-14,0.16093140955053153,0.18671808351623148,0.06282793622710428,0.04830300000000001
2019-08-15,0.16082123533325182,0.1802349320858789,0.052549715919464335,0.05271999999999996
2019-08-16,0.1609151824882608,0.16902730975298785,0.02661391949985703,0.04994399999999999
2019-08-19,0.16177947595378614,0.16475955942100814,0.012265452012220984,0.04202599999999998
2019-08-20,0.1616300756874123,0.16646754223227628,0.02150510515784776,0.042773000000000005
2019-08-21,0.16408648151989488,0.16262850875790527,0.008131291989647876,0.042245000000000005
2019-08-22,0.1614399483398927,0.16392661955993404,0.01482308060593343,0.040081000000000006
2019-08-23,0.15552929519169145,0.18685828906383767,0.04087114210559037,0.05418500000000001
2019-08-26,0.16317470896271052,0.1690206475904244,0.037966139192435966,0.05060500000000001
2019-08-27,0.16109521513453912,0.16759638493670873,0.04238035268646076,0.04943200000000003
2019-08-28,0.16555966021280724,0.1659220445560525,0.03523810144116726,0.04654100000000003
2019-08-29,0.16607323200634105,0.1630555484449037,0.020086779372528063,0.04405400000000001
2019-08-30,0.170722768748144,0.16194952873392826,0.025152899171620557,0.04645099999999999
2019-09-03,0.1692418236058582,0.16255151143288885,0.051642748932614224,0.04706000000000002
2019-09-04,0.17646067873482246,0.15100227119338744,0.046007967397165395,0.04075200000000001
2019-09-05,0.1771575182491884,0.15607007910047577,0.019780364067670697,0.04120199999999999
2019-09-06,0.17856301100615088,0.15127626642249511,0.020267796682571865,0.04022999999999999
2019-09-09,0.17270767595044567,0.15178077658568145,0.029979169519620402,0.041627
2019-09-10,0.17249102000610947,0.15313165595360478,0.035043167082912524,0.04339799999999999
2019-09-11,0.17271130067544957,0.15155510158398422,0.02419979718782539,0.040133
2019-09-12,0.17140849172439726,0.1548003424394569,0.03311317049873552,0.03337599999999999
2019-09-13,0.1718913435698645,0.15501311622870145,0.027299591449468502,0.03351299999999999
2019-09-16,0.17374348546143595,0.15609890653068983,0.046508765666748164,0.03829099999999999
2019-09-17,0.17492899155303143,0.15648216925031264,0.04723381851173919,0.038055000000000005
2019-09-18,0.17258199191753665,0.15700433359827765,0.05130952504621386,0.033391000000000004
2019-09-19,0.17398818305581454,0.15623371500989025,0.042874925312587686,0.035454999999999987
2019-09-20,0.17177247110811883,0.15690103042869868,0.04778751948010515,0.03472700000000001
2019-09-23,0.17023917589093251,0.15933820258146597,0.05796405266010726,0.036913
2019-09-24,0.15955783826155925,0.1658368326838889,0.09293870580830854,0.04303900000000002
2019-09-25,0.15043432814669236,0.16670832585031106,0.07526229203728949,0.03160200000000002
2019-09-26,0.15128539780515296,0.16546459395714555,0.06806878586546089,0.03473600000000002
2019-09-27,0.14938472492139906,0.16647714974411887,0.07328134078719276,0.038962
2019-09-30,0.1523746466975634,0.16954684094893674,0.09185276899365893,0.039342000000000016
2019-10-01,0.1487051766182798,0.17588029448561218,0.10659023225185596,0.043154000000000026
2019-10-02,0.14639184002921998,0.18419812485857143,0.1292761773941418,0.05221999999999999
2019-10-03,0.136865609358573,0.18482918599909065,0.11707432226517753,0.05026999999999998
2019-10-04,0.1347882013588899,0.18187617598494044,0.1018504827508116,0.04127900000000001
2019-10-07,0.1323971968328978,0.18626083924477405,0.10409198999384911,0.03958400000000001
2019-10-08,0.13008197882881797,0.19262454930126063,0.13262532504955438,0.04282999999999998
2019-10-09,0.13773427414281175,0.18996570621469663,0.11740598099389055,0.039829
2019-10-10,0.1369209425571793,0.1837561298832619,0.10748670032455043,0.04359000000000002
2019-10-11,0.13507011682458928,0.1747231534594472,0.09377350927560271,0.039867000000000014
2019-10-14,0.13528796600127352,0.17175214372114048,0.0850886574301355,0.043768999999999975
2019-10-15,0.13141427994592547,0.17345421460643706,0.08207651553856402,0.03695499999999999
2019-10-16,0.13210248316444714,0.17202746681480907,0.07889900944696854,0.03378199999999998
2019-10-17,0.1320184773428756,0.14710054596668637,0.06838900908246334,0.03957699999999997
2019-10-18,0.13102242109555953,0.14912419270616525,0.07860181794418544,0.035018999999999995
2019-10-21,0.129445541443346,0.16185606718739742,0.0839405298918812,0.03583699999999998
2019-10-22,0.13520014281554563,0.16271873191549335,0.0868788251090675,0.03368899999999997
2019-10-23,0.13938196081742427,0.17091879725168815,0.09472816273844079,0.036412
2019-10-24,0.1409284424050365,0.17013194438297558,0.10197367285330766,0.03412700000000002
2019-10-25,0.13961026871555063,0.1601408645825614,0.09455260319484707,0.031415
2019-10-28,0.13316296207093622,0.17634343257258772,0.13377627607860093,0.022919000000000023
2019-10-29,0.12745958348765407,0.14151798574763577,0.015402354302436583,0.022693999999999992
2019-10-30,0.12384219191664479,0.13194289543779816,0.019198824381720214,0.01926799999999998
2019-10-31,0.12639918717798435,0.129000404248191,0.013460160970780038,0.027087
2019-11-01,0.12722640431814927,0.12860348351543044,0.018321391641426987,0.02445699999999998
2019-11-04,0.12978659201657247,0.13733446479579028,0.02642779964111014,0.023737000000000008
2019-11-05,0.1313946219068293,0.13918492874606822,0.03097980416710222,0.02085100000000001
2019-11-06,0.1309988131297144,0.1389822243431906,0.03504302217118202,0.02254499999999998
2019-11-07,0.12709907786206973,0.14020446393663397,0.02969472685718824,0.024029999999999996
2019-11-08,0.12683565340766026,0.14005282368771796,0.026885058442820714,0.024033
2019-11-11,0.12689237696208464,0.14308190104649576,0.03259188417541073,0.022499999999999992
2019-11-12,0.12694533561178825,0.14313710856754489,0.030652034998726513,0.024733000000000005
2019-11-13,0.1267455702773245,0.14952400100446428,0.04060872105407451,0.022236000000000006
2019-11-14,0.12410592010021805,0.14579483705724136,0.0387035178355529,0.024841000000000002
2019-11-15,0.12310594525001409,0.1452332220353307,0.026633523657124375,0.02717900000000001
2019-11-18,0.12118800518854486,0.1485155490649094,0.03385657990444044,0.027583999999999997
2019-11-19,0.1210388883668398,0.1487337802390724,0.03938645955665404,0.02229299999999998
2019-11-20,0.11433478634649925,0.14528621773006767,0.047586858184454406,0.028441999999999995
2019-11-21,0.10984124794670255,0.14926230474333732,0.03972304018257572,0.029207999999999984
2019-11-22,0.10642951057614422,0.14484773406285595,0.03394355859496351,0.029560000000000003
2019-11-25,0.10572332326678002,0.1434247651507833,0.02303973228444936,0.02779200000000001
2019-11-26,0.10619543324055541,0.14478716407174408,0.02184003892906375,0.025896000000000002
2019-11-27,0.10743773813757661,0.14365404946779559,0.031603417512345966,0.026964000000000016
2019-11-29,0.1077597564325744,0.14373033752738093,0.03890580908335521,0.024116
2019-12-02,0.10221177174009284,0.14746987007436368,0.04957781382201565,0.02445
2019-12-03,0.10723081214529528,0.14092588756021673,0.056855596681850695,0.03357400000000002
2019-12-04,0.11070563774614364,0.14391755730945024,0.05333840898342754,0.025469999999999993
2019-12-05,0.1094747665108659,0.12535665222523015,0.03841137909317072,0.031283000000000005
2019-12-06,0.11205030474184831,0.12464459496236854,0.0340171878702856,0.030187999999999993
2019-12-09,0.10989987893345675,0.12514775393273495,0.03902892313793027,0.028502
2019-12-10,0.11017782972481054,0.12697525532411455,0.04004034759233974,0.03181600000000001
2019-12-11,0.11239067091945322,0.12526964720252196,0.04141762403791538,0.029334
2019-12-12,0.11072007704672976,0.13366017656888346,0.04991266538821171,0.030106999999999995
2019-12-13,0.11003186537904816,0.12698870920367955,0.027066430722675505,0.023688999999999988
2019-12-16,0.1091998781103777,0.12874864236577963,0.02365208089978192,0.01742200000000002
2019-12-17,0.11159259518076539,0.13019574365494047,0.02452105574998592,0.020244000000000012
2019-12-18,0.11529680573802546,0.13047701641448056,0.03329699581145516,0.01430200000000001
2019-12-19,0.11787308544613852,0.1304381145708164,0.028237112633160158,0.02401600000000001
2019-12-20,0.11886995507787743,0.13121420527698666,0.04300421465350075,0.014595999999999998
2019-12-23,0.12167612318471767,0.13051686198166906,0.04362475305329744,0.025630999999999987
2019-12-24,0.12468139108147495,0.13185778229073794,0.055721490423855755,0.020486000000000004
2019-12-26,0.12928386025950536,0.1360352281307798,0.06843667773322,0.036812999999999985
2019-12-27,0.13146276685985842,0.13761320294084858,0.08331856775944457,0.028714000000000017
2019-12-30,0.13196327945046327,0.13896413334003946,0.08743626286242338,0.029740000000000016
2019-12-31,0.14030293531801513,0.13959587878849503,0.08864624456742559,0.025546999999999986
2020-01-02,0.14358937943046346,0.14443032750877202,0.09484022925990718,0.035141000000000006
2020-01-03,0.156638450194412,0.14514765976887145,0.09361618885470473,0.03023300000000001
2020-01-06,0.15959990842418828,0.15282289221417214,0.10712636325385637,0.039452000000000015
2020-01-07,0.1629533416709312,0.15439465909962533,0.10728723448913412,0.03620200000000001
2020-01-08,0.16267920459377544,0.15069342761982935,0.09846569625815169,0.032910999999999996
2020-01-09,0.16267150502631847,0.14720545507833607,0.09362312206654326,0.03253500000000001
2020-01-10,0.16523661300520848,0.1545331018582895,0.10735117127518948,0.03082499999999999
2020-01-13,0.16411848263676596,0.15659941383643894,0.1139843300805468,0.03007299999999999
2020-01-14,0.1665133794199574,0.15611042506847447,0.10872592395327023,0.035
2020-01-15,0.16758964065543255,0.15669129185082345,0.11290213562095183,0.034119999999999984
2020-01-16,0.1695440448303765,0.15682698732010844,0.11156312288962228,0.032770999999999995
2020-01-17,0.16731750781513902,0.16319964762971023,0.11542040581923461,0.035546999999999995
2020-01-21,0.168251475360899,0.16300291327519015,0.1355131952619745,0.006506999999999985
2020-01-22,0.1714933827540378,0.16384325784636228,0.13246991555386145,0.014886999999999984
2020-01-23,0.17757275313522866,0.16472036424829004,0.1494640459221226,0.011218999999999979
2020-01-24,0.18804682953708504,0.1640386661482766,0.14439487781528235,0.01961099999999999
2020-01-27,0.1967305649726113,0.1683026819455062,0.15591760991852505,0.02928900000000001
2020-01-28,0.20549577872620695,0.15519800074539464,0.13224114074049464,0.02335000000000001
2020-01-29,0.2218204399187086,0.15551681520955182,0.12395323414014159,0.023358000000000018
2020-01-30,0.2413225999958197,0.15187355898409874,0.12330772154953676,0.02660599999999999
2020-01-31,0.25848816174224554,0.16681246948908643,0.17537306568198488,0.031866000000000005
2020-02-03,0.26617222539925983,0.18009236302704612,0.1959686215695366,0.0044640000000000235
2020-02-04,0.2680432018521117,0.1513880034888403,0.053105550805588014,0.0044470000000000065
2020-02-05,0.27341274119845554,0.155463657044341,0.0641050925758117,0.007342000000000015
2020-02-06,0.291353290041797,0.15221053902255013,0.03660465932906881,0.010068999999999995
2020-02-07,0.312106972082161,0.14982328208623238,0.04235279640622455,0.011369999999999991
2020-02-10,0.3308581621282285,0.15155390435735205,0.053344495973681544,0.010751999999999984
2020-02-11,0.3698814722044767,0.15132166612816556,0.04873738799479149,0.023476999999999998
2020-02-12,0.4215983767104719,0.14568790876816784,0.028386518363234053,0.017537999999999998
2020-02-13,0.45339498717934373,0.14594681954821678,0.024312621580042604,0.018355999999999983
2020-02-14,0.4818892516306782,0.14402943258502177,0.01170936034456746,0.015411000000000008
2020-02-18,0.5015592669727826,0.14523784146760635,0.021492956169623545,0.018094
2020-02-19,0.5437359858202255,0.2098853514339029,0.015235493184861004,0.01688199999999998
2020-02-20,0.5551182122681757,0.21600517580297693,0.02254952563910098,0.020217000000000013
2020-02-21,0.5700926225212641,0.22946293279136354,0.046241618245962235,0.03293099999999999
2020-02-24,0.5750031457119609,0.22046360738397247,0.08972324786477132,0.04131399999999999
2020-02-25,0.5856338455034179,0.21449063305530486,0.11365517146291498,0.072075
2020-02-26,0.6000451004802025,0.20892114483157428,0.09521943602738869,0.06958200000000003
2020-02-27,0.6035967688016304,0.2436537127331673,0.18076722227379305,0.08110800000000001
2020-02-28,0.6072708188989071,0.2583680235820578,0.18729456108129142,0.13852400000000004
2020-03-02,0.6038130756764636,0.23508798605172856,0.07889440100418027,0.09734500000000001
2020-03-03,0.5983359069613766,0.2310204825432891,0.0987658392577545,0.102128
2020-03-04,0.5963813434891077,0.22042364445325438,0.0314847756007402,0.10186699999999999
2020-03-05,0.5971911485578806,0.2403996622212694,0.13760579914788829,0.13334599999999996
2020-03-06,0.6013030592662992,0.2567140297065653,0.1742612598015445,0.136596
2020-03-09,0.5950352255169893,0.2781432417570739,0.24092671095820295,0.18770200000000004
2020-03-10,0.587109785999765,0.26318095186139556,0.10724702891783905,0.14389999999999997
2020-03-11,0.5786316754314115,0.2879910834390709,0.18544783887177158,0.15693400000000002
2020-03-12,0.5567866693323505,0.3206298733730092,0.2973335287955233,0.160875
2020-03-13,0.5247724814293611,0.32044173723754477,0.05250162428952815,0.18970399999999998
2020-03-16,0.502422090876736,0.3636848828139825,0.2595990138206563,0.21785600000000005
2020-03-17,0.47926143270213273,0.36186773563504926,0.15676274936932183,0.21895799999999999
2020-03-18,0.45989553281858186,0.3810668880244571,0.18898473402721738,0.24934199999999995
2020-03-19,0.4105047879856345,0.38873275387726136,0.0813050151797744,0.1922410000000001
2020-03-20,0.39981121509676415,0.39483599162550576,0.03607878873182424,0.17155599999999993
2020-03-23,0.3835496860346162,0.3957429982523117,-0.02526862152126419,0.14810100000000004
2020-03-24,0.3763572555742937,0.3712431159133817,-0.07498514471196094,0.11714600000000003
2020-03-25,0.35676284344992526,0.4185721955228823,-0.024827844503417906,0.11834800000000001
2020-03-26,0.3283626191413106,0.40364176509566696,-0.10504109948020257,0.09333899999999995
2020-03-27,0.31966584431607137,0.4054242544394032,-0.04770576780163038,0.10647300000000004
2020-03-30,0.30571907664941333,0.404286910210509,-0.10203681789890717,0.12346499999999999
2020-03-31,0.3002377246891918,0.39687597868686586,-0.1324760746764636,0.09756899999999996
2020-04-01,0.30242090767319507,0.40465535262496805,-0.07135190596137664,0.12433699999999998
2020-04-02,0.3008399510038079,0.4034306936067102,-0.1000323424891077,0.11752999999999997
2020-04-03,0.2944847746800304,0.40369817720135615,-0.12415414755788062,0.12119899999999995
2020-04-06,0.2783490501157673,0.4020599530712664,-0.20073705826629928,0.109537
2020-04-07,0.2738769175851091,0.39227228745644316,-0.17277422451698932,0.11244699999999996
2020-04-08,0.2700864317636161,0.3816864592615391,-0.1934547849997651,0.11306299999999997
2020-04-09,0.2701581483087327,0.3458047530440266,-0.19285267443141152,0.10100900000000002
2020-04-13,0.26681502004002766,0.34086838480617454,-0.1607916683323506,0.099159
2020-04-14,0.27078253851858275,0.3373130582866916,-0.14605348042936112,0.09140900000000002
2020-04-15,0.26401767212013477,0.3372475828230859,-0.09692408987673595,0.09612500000000002
2020-04-16,0.2605040647065768,0.3282307016048824,-0.0537474317021327,0.08271600000000001
2020-04-17,0.2629215649317055,0.2824869034162118,-0.06300253181858184,0.07943
2020-04-20,0.2619101393062896,0.28096502089757885,0.015113213014365523,0.070098
2020-04-21,0.25359514614600875,0.3085736467758016,0.0596117859032359,0.08408699999999997
2020-04-22,0.2444071111944329,0.3037641266048515,0.04061131496538384,0.090287
2020-04-23,0.24112495468499237,0.3034845177491675,0.025120745425706303,0.08875699999999997
2020-04-24,0.23701729308720929,0.2940675966191077,0.020334157550074783,0.08501599999999998
2020-04-27,0.23916758272603902,0.25422168504883735,0.03409538185868943,0.068139
2020-04-28,0.2425327330398607,0.2350254665578414,0.05073915668392864,0.03619800000000001
2020-04-29,0.23666197529166214,0.2269517241110451,-0.027456075649413325,0.03567100000000001
2020-04-30,0.23406217320144504,0.2344333835675168,-0.01609572368919171,0.04461399999999999
2020-05-01,0.2240786923200325,0.23777145797504226,0.013624093326804976,0.064411
2020-05-04,0.22093583039943343,0.23515110499084138,0.005239049996192124,0.06116699999999997
2020-05-05,0.2178270829068134,0.2349139796639387,-0.0017387736800303921,0.054672
2020-05-06,0.22158038542653494,0.22346161243053864,0.01318895088423272,0.05648000000000003
2020-05-07,0.21946884925897303,0.21188099713774564,0.0033530834148908784,0.05763199999999996
2020-05-08,0.2191194462209974,0.20803562533135314,-0.017771430763616036,0.054649999999999976
2020-05-11,0.21383751201010162,0.2192386782645989,-0.007659147308732683,0.04834399999999997
2020-05-12,0.21976138138570353,0.22019106161142413,0.016109980959972348,0.04514600000000002
2020-05-13,0.21515071652737167,0.2209576953996354,0.037661462481417274,0.067745
2020-05-14,0.21413308421717897,0.21703129222281867,0.038914328879865234,0.06759599999999999
2020-05-15,0.21340206283406812,0.21533030516723595,0.018780936293423256,0.06627500000000003
2020-05-18,0.2104166052066891,0.21260891694852466,0.011767436068294557,0.05382300000000001
2020-05-19,0.21211194512946296,0.20141190942568182,0.01900286169371046,0.057711999999999986
2020-05-20,0.21320074991201973,0.17810421739730956,0.008554854853991267,0.057589
2020-05-21,0.21326185623616967,0.1704862071202603,0.027335889805567087,0.058949
2020-05-22,0.2158574765419047,0.16884378902265268,0.02581004631500758,0.057239999999999985
2020-05-26,0.22251313155580882,0.16973646036558654,0.03088670791279069,0.04611299999999999
2020-05-27,0.21899883169183082,0.16994542521845846,0.02553241827396094,0.059181999999999985
2020-05-28,0.22733760266023795,0.16928697399504342,0.03456026796013931,0.056260000000000004
2020-05-29,0.23305651411555497,0.1689792228625141,0.019622025708337876,0.05891999999999997
2020-06-01,0.237784777716029,0.1658782050174848,0.028325827798554998,0.058842000000000005
2020-06-02,0.23997577495519423,0.1587585384972313,0.029837308679967478,0.057455000000000034
2020-06-03,0.244798376977543,0.15713919489287315,0.02926117060056657,0.054271000000000014
2020-06-04,0.24504483722143666,0.15944897662660693,0.036003918093186565,0.05533199999999999
2020-06-05,0.24404182170211483,0.19152299666392925,0.015731615573465058,0.04703100000000002
2020-06-08,0.2445460002762655,0.18828590097079953,0.026882151741026955,0.047395999999999994
2020-06-09,0.24672060401645785,0.1933999330627245,0.0594495547790026,0.037943000000000005
2020-06-10,0.250802787112528,0.19007775647919542,0.055660488989898366,0.045268999999999976
2020-06-11,0.25989873992084556,0.20026666215041347,0.11805961961429642,0.06777
2020-06-12,0.2505400457029879,0.19830993222935578,0.1148062844726283,0.06309400000000004
2020-06-15,0.25398674635840185,0.19320376653948168,0.08731791678282108,0.062324999999999964
2020-06-16,0.252784440310093,0.19413685902252703,0.07932593816593186,0.058858999999999995
2020-06-17,0.2519744696319357,0.18909433917109816,0.0881103957933109,0.05147600000000002
2020-06-18,0.26171702540518,0.18669220184149288,0.08720905587053707,0.055508
2020-06-19,0.2615706001278183,0.1885253683678329,0.0916952510879803,0.04413499999999998
2020-06-22,0.26114344912048804,0.18738206735496457,0.08277814476383033,0.05527700000000002
2020-06-23,0.26623465995043355,0.18394276803888707,0.07992952445809531,0.05416499999999996
2020-06-24,0.2624565911212566,0.20240764244288947,0.1038288694441912,0.060535000000000005
2020-06-25,0.2621086896054351,0.2016598869063589,0.10339916930816917,0.05816199999999999
2020-06-26,0.24580921645683668,0.22020575064842426,0.14355339833976208,0.069969
2020-06-29,0.2420951988314118,0.21824037643444807,0.11392148688444506,0.06362400000000001
2020-06-30,0.24009312500990518,0.21770201773249975,0.09295122328397099,0.05915199999999998
2020-07-01,0.2496869121741201,0.22086824594471594,0.08653122604480573,0.047617999999999994
2020-07-02,0.24669145463481992,0.21694788210743343,0.07090562402245695,0.04377500000000001
2020-07-06,0.2452304179053991,0.22467281151893365,0.08448416377856338,0.04819300000000004
2020-07-07,0.2419217798088608,0.22758275727861735,0.10033517929788516,0.049431999999999976
2020-07-08,0.2430246132376288,0.22887172876085063,0.10298400072373451,0.053284000000000054
2020-07-09,0.24303477939795734,0.23397973412163156,0.11746439698354214,0.050738000000000005
2020-07-10,0.24166509233812536,0.24796443831156603,0.134088213887472,0.015649999999999997
2020-07-13,0.22654507628255807,0.24313630867662575,0.14855926107915446,0.005937999999999999
2020-07-14,0.22447789772762136,0.23584895665247524,0.15633195529701216,0.010456999999999994
2020-07-15,0.22046268830481833,0.23416714997537336,0.15293225464159815,0.017588999999999966
2020-07-16,0.2188898491754704,0.2311442222622049,0.141409560689907,0.022432000000000007
2020-07-17,0.21713732348521392,0.22440850797458506,0.1063845313680643,0.016676999999999997
2020-07-20,0.20527120015947606,0.23619286698377648,0.11340297559482004,-0.0041939999999999755
2020-07-21,0.20685975760989947,0.2291355331875268,0.09834540087218174,0.018220000000000014
2020-07-22,0.21025450315053695,0.22696378546236703,0.09323255187951202,0.01906000000000002
2020-07-23,0.20334878092881434,0.23492065457453737,0.08867934104956648,0.029932999999999987
2020-07-24,0.20506635209694665,0.23159526045821696,0.09364840987874345,0.030754000000000004
2020-07-27,0.20492278810560505,0.22947358054384423,0.08394331139456496,0.030005000000000004
2020-07-28,0.21163106528824008,0.22368065954977975,0.09957678454316332,0.03128200000000003
2020-07-29,0.21079811889306288,0.22076634263522538,0.09363880216858816,0.02710199999999996
2020-07-30,0.20654495100244538,0.21431238292368787,0.08011587599009484,0.020223999999999964
2020-07-31,0.19021158132218954,0.20703051496803815,0.024263088825879964,0.024399000000000004
2020-08-03,0.18850997806976053,0.22251990646999362,0.04647454636518006,0.02800999999999998
2020-08-04,0.19683763304314655,0.19986241826033208,0.02250758309460088,0.03620799999999996
2020-08-05,0.21972867037309912,0.19721147385907284,0.01949822119113917,0.03165399999999999
2020-08-06,0.2605005281365531,0.19818949168861483,0.013235387762371209,0.036700999999999984
2020-08-07,0.26254690952339355,0.2038945926651303,0.03111922160204264,0.035202999999999984
2020-08-10,0.2635739850906872,0.20834182633630755,0.03244990866187464,0.036451999999999984
2020-08-11,0.2704387218730814,0.21170144201097604,0.05737992471744191,0.042315999999999965
2020-08-12,0.2778736993001268,0.20865109028390327,0.03285510327237859,0.03742200000000001
2020-08-13,0.2847201534412748,0.20973120337565762,0.04758131269518168,0.038847999999999994
2020-08-14,0.2865480834148465,0.20871358080210933,0.03951015182452963,0.040495999999999976
2020-08-17,0.28987058614939837,0.22937586332656215,0.044031677514786094,0.04411800000000002
2020-08-18,0.293426184642562,0.1917095321549263,0.053872800840523954,0.03546799999999997
2020-08-19,0.30415122485553686,0.223690039937445,0.0630622433901005,0.040100000000000025
2020-08-20,0.3065888815764606,0.22433962031293764,0.06774849784946307,0.029945
2020-08-21,0.3084213632974565,0.1933579858850028,0.07859322007118572,0.03486499999999998
2020-08-24,0.3096352348247313,0.19515354916879066,0.0908136489030533,0.033440000000000025
2020-08-25,0.31255466434111684,0.19324026796665517,0.09452621289439497,0.019365999999999994
2020-08-26,0.31302737055828955,0.2181066083899743,0.12866793571175997,0.012909999999999977
2020-08-27,0.31346929969580123,0.21875013302907453,0.14061788210693713,0.02184999999999998
2020-08-28,0.314287034460315,0.2094700048143551,0.1434650499975546,0.028346000000000038
2020-08-31,0.3175145092440502,0.1890524197931591,0.16658041967781045,0.024162000000000017
2020-09-01,0.31722251889508085,0.18887009454592,0.1650280229302395,0.03648000000000001
2020-09-02,0.31346145176444673,0.21184665328692845,0.18486736795685346,0.02900400000000003
2020-09-03,0.29761292039352744,0.26064538510494395,0.26982533062690084,0.04837799999999998
2020-09-04,0.26569916051706977,0.26344210271910945,0.18684147286344688,0.06898900000000002
2020-09-08,0.2652576656539532,0.24831469262726583,0.1502670914766065,0.05472300000000002
2020-09-09,0.26122685553720015,0.2390130482764883,0.11401701590931285,0.04570400000000002
2020-09-10,0.2513372846177277,0.2369865791693682,0.09967527912691865,0.048738000000000004
2020-09-11,0.2555374863404776,0.25029012502486225,0.06453330169987326,0.03934599999999999
2020-09-14,0.24692989820470368,0.2506879193263882,0.05090584755872518,0.04151100000000002
2020-09-15,0.24950340874222238,0.22836855762040242,0.03896191758515355,0.03972399999999998
2020-09-16,0.24789373213483867,0.2340529339113792,0.05252841485060167,0.03717699999999996
2020-09-17,0.24245298814807714,0.25164236911229,0.05981181635743804,0.03950500000000001
2020-09-18,0.23583368266020924,0.2572280163792985,0.052875776144463205,0.040609000000000006
2020-09-21,0.23889377106192136,0.26787048964508575,0.05774911942353944,0.04564299999999999
2020-09-22,0.24256486279803977,0.24207388232253563,0.05152763770254354,0.04511799999999999
2020-09-23,0.240169370404291,0.251827156253723,0.06747876617526871,0.045188000000000006
2020-09-24,0.2352945319379275,0.2483336561597932,0.0692253366588832,0.04852699999999999
2020-09-25,0.24238846774075934,0.2564577192440035,0.06372663044171045,0.043976000000000015
2020-09-28,0.24172605578003958,0.25168458831737345,0.06557070130419879,0.04395099999999996
2020-09-29,0.24443665028726716,0.2515382855187583,0.06547896653968505,0.04016700000000001
2020-09-30,0.2590014067235034,0.24545972147309436,0.06495849175594981,0.024182000000000037
2020-10-01,0.2754041549078437,0.2446387841630572,0.06969948210491916,0.040964
2020-10-02,0.27822321847085985,0.24875602466955427,0.08292954923555323,0.03253400000000001
2020-10-05,0.28487083571521893,0.24117047742007305,0.0932750806064726,0.03489199999999998
2020-10-06,0.2906898223186906,0.2467463299415612,0.13736284048293024,0.03750199999999998
2020-10-07,0.29279237882809944,0.238417739092127,0.11973433534604683,0.03586100000000003
2020-10-08,0.29476370434176674,0.24078963967007433,0.13404914546279995,0.02782800000000002
2020-10-09,0.30123124226044723,0.2300515726690063,0.12690971638227233,0.026214000000000015
2020-10-12,0.2951127338845416,0.23749962232805966,0.12148051465952242,0.02087100000000003
2020-10-13,0.29382670211894074,0.23995965102734804,0.1318111027952963,0.018167999999999962
2020-10-14,0.2906279262402122,0.23718096548616824,0.13894859225777767,0.01434000000000002
2020-10-15,0.29127299797465733,0.24239168160501973,0.13581726886516135,0.022701000000000027
2020-10-16,0.2929974382471592,0.2378749371398552,0.13751301285192288,0.019695000000000018
2020-10-19,0.2849501801706645,0.2431551064993627,0.1503193183397908,0.022674000000000027
2020-10-20,0.27672525247725116,0.2365802916197179,0.15264422993807863,0.03158
2020-10-21,0.2698631030710184,0.237815882254765,0.15572613820196027,0.02740600000000004
2020-10-22,0.26798749873928696,0.23107637033690526,0.146699630595709,0.03220600000000001
2020-10-23,0.27127160330166444,0.23553978497446348,0.1481374690620725,0.029859999999999998
2020-10-26,0.2616168598021528,0.2471634858101947,0.17499853325924067,0.03933800000000004
2020-10-27,0.26087967622399716,0.25214842733596815,0.16619894521996037,0.03596499999999997
2020-10-28,0.259024638192262,0.2696889004991491,0.2086853507127329,0.05119400000000002
2020-10-29,0.24207943688385986,0.27132699286091655,0.1928565942764966,0.018267000000000033
2020-10-30,0.23280342506611676,0.24886443918544665,0.11839884609215634,0.06368400000000002
2020-11-02,0.2297141513487763,0.24440868500784746,0.08768078252914019,0.07262600000000002
2020-11-03,0.22249999320677616,0.24006263094664113,0.07966116528478112,0.06891999999999998
2020-11-04,0.2086354774790752,0.22076945201509804,0.019760178681309415,0.04961700000000002
2020-11-05,0.19978074926153191,0.2301092842219524,0.011788622171900576,0.05380999999999997
2020-11-06,0.19787396424080128,0.22493458476603712,-0.019747703341766676,0.046833000000000014
2020-11-09,0.2024087089679229,0.22579783113221727,-0.025315241260447208,0.019011999999999973
2020-11-10,0.2016488312947778,0.22800415144093053,-0.004351732884541604,0.03141699999999997
2020-11-11,0.20182520890697925,0.22464650223864424,-0.01821470111894069,0.042551000000000005
2020-11-12,0.20486178019285362,0.22522855925784577,-0.006296925240212192,0.04911599999999999
2020-11-13,0.20131425360922076,0.22412219231444933,-0.015036996974657268,0.037078
2020-11-16,0.1979173699379974,0.22003825292182252,-0.03926443724715917,0.03441400000000003
2020-11-17,0.20070673264546326,0.21727957530738332,-0.024745179170664433,0.032971999999999974
2020-11-18,0.2022864633778433,0.21514034243380828,-0.020112251477251153,0.028409000000000018
2020-11-19,0.20603938440830116,0.217211518059439,-0.008595102071018379,0.031588000000000005
2020-11-20,0.20640342077366874,0.21755866118416753,0.000960502260713092,0.027515999999999985
2020-11-23,0.203207032254882,0.21682759751740463,-0.012535602301664395,0.02892699999999998
2020-11-24,0.19947035186839954,0.21617690606286727,-0.005154858802152773,0.025490000000000013
2020-11-25,0.2038122287167363,0.21607333262147238,-0.004606675223997159,0.02676299999999998
2020-11-27,0.20281302432181245,0.21647844717570666,-0.0005006371922620101,0.02669100000000002
2020-11-30,0.20401910181532412,0.21374707935361742,0.01932356411614014,0.029925000000000035
2020-12-01,0.19218612123396195,0.21691365680349525,0.04473057593388324,0.021811999999999998
2020-12-02,0.19591971428621643,0.19597548103798684,0.057610849651223706,0.01960200000000001
2020-12-03,0.19632675779464992,0.19259036249268113,0.051149007793223816,0.019905000000000006
2020-12-04,0.20479414816470726,0.190624324676111,0.0659855235209248,0.018898000000000026
2020-12-07,0.2058167077882211,0.17710097101300173,0.07569325173846808,0.020999000000000045
2020-12-08,0.20828042677225378,0.17581581725125975,0.07307803675919877,0.019440000000000013
2020-12-09,0.19507779019766844,0.17361459546253688,0.07752729203207709,0.016800000000000037
2020-12-10,0.19973508484377647,0.17709192238436788,0.07342316970522217,0.02881699999999998
2020-12-11,0.2002937973885786,0.18186007453005543,0.07615879209302079,0.03945099999999996
2020-12-14,0.20086549395075112,0.19536648415915453,0.07922222080714639,0.031129000000000018
2020-12-15,0.20483829634648557,0.1791076539822295,0.0705897473907792,0.043574999999999975
2020-12-16,0.22024075311930327,0.17907945643245163,0.07775463106200253,0.03406300000000001
2020-12-17,0.2326536174329995,0.1774017737539087,0.07259126835453672,0.03808199999999995
2020-12-18,0.23870317732845728,0.18155676098017534,0.09786553762215663,0.020576999999999956
2020-12-21,0.23563777610065456,0.19573005555663034,0.08291961659169886,0.038580999999999976
2020-12-22,0.24566150157934574,0.1991310828828883,0.07697758022633125,0.03655199999999997
2020-12-23,0.2476458028334379,0.18110348157752906,0.082910968745118,0.025470000000000048
2020-12-24,0.2621915920506298,0.17772700499942928,0.07545664913160044,0.03672799999999998
2020-12-28,0.266527869998413,0.19062606222635878,0.0859547722832637,0.02291700000000002
2020-12-29,0.27191926917183906,0.18291356163208108,0.08535797667818756,0.030555999999999972
2020-12-30,0.27841180668737125,0.18539771866678179,0.09388489918467591,0.032618999999999954
2020-12-31,0.2826858038067614,0.17428199096718344,0.108332879766038,0.04112199999999999
2021-01-04,0.29623419191701,0.1822998928855199,0.14236928671378354,0.047916000000000014
2021-01-05,0.2965150881262138,0.18292205596185085,0.13180524320535006,0.04165399999999997
2021-01-06,0.29344237737559487,0.19758508296921332,0.12520785283529276,0.042681000000000024
2021-01-07,0.2963984332551859,0.1984119514178079,0.11704129321177889,0.027990999999999988
2021-01-08,0.29468783048114233,0.23771320314813985,0.1112975742277462,0.03210600000000002
2021-01-11,0.29749376096306557,0.22927914027270577,0.15514121080233154,0.03210600000000002
2021-01-12,0.29020595016704126,0.2350546269139947,0.15996891615622355,0.025911000000000017
2021-01-13,0.28954659404353517,0.23291511457617387,0.13929420361142136,0.023639999999999994
2021-01-14,0.2904847063778548,0.2331390049711931,0.14070850704924887,0.030125999999999986
2021-01-15,0.2876404893506031,0.2369305624119102,0.12292170465351446,0.03262599999999999
2021-01-19,0.27700351731984846,0.2330698005863521,0.11186824788069674,0.025268999999999986
2021-01-20,0.266001808400757,0.24375658694737104,0.1221173835670005,0.012716000000000005
2021-01-21,0.26031161252901863,0.2274731616090839,0.0974538236715427,0.01849799999999996
2021-01-22,0.27188966456631575,0.2345150223291613,0.10859122489934545,0.013322
2021-01-25,0.2642640330314546,0.23145017255162392,0.11670049942065425,0.0018970000000000375
2021-01-26,0.2728575291159614,0.23169719511828227,0.10889619816656215,0.011940000000000006
2021-01-27,0.2661663458508394,0.25651574814009737,0.17180740894937024,0.025351000000000012
2021-01-28,0.2604822700506263,0.24505215312810666,0.10865613100158705,0.013651999999999997
2021-01-29,0.2571392659565498,0.2524140966991566,0.12725973182816097,0.023168999999999995
2021-02-01,0.2618958152616155,0.2465390783195401,0.09288319431262876,0.01763600000000004
2021-02-02,0.26858128005836446,0.24035156844270014,0.05462119719323866,0.007776000000000005
2021-02-03,0.25920911677209424,0.23204417195974344,0.015822809082989997,-0.003536000000000039
2021-02-04,0.2752439322419854,0.19959194285728943,-0.025228087126213772,0.016963000000000006
2021-02-05,0.2734640757272623,0.1976570101538055,-0.04165737637559486,0.017405000000000004
2021-02-08,0.27058798344901447,0.1979642753034616,-0.03392543225518585,0.01747500000000002
2021-02-09,0.2726318648688552,0.19682201336810076,-0.03169482948114233,0.01927000000000001
2021-02-10,0.2710206234742919,0.1953763638077203,-0.03292775996306552,0.021729
2021-02-11,0.27119851111569093,0.19157611893063173,-0.028284949167041218,0.021406000000000036
2021-02-12,0.2767713214887446,0.19082677284604277,-0.027711593043535154,0.011321999999999999
2021-02-16,0.27780522669774355,0.22712270107819132,-0.016928705377854736,0.01136699999999996
2021-02-17,0.28099619108559865,0.22427732265685227,-0.021658488350603078,0.016786999999999996
2021-02-18,0.28205033618142805,0.21991931054764643,-0.017910516319848413,0.02021099999999998
2021-02-19,0.2827662217614115,0.2111851084991692,-0.017603807400756954,0.03148099999999998
2021-02-22,0.2834644176132641,0.20817791606552907,0.0169463884709814,0.030579000000000023
2021-02-23,0.27313951813367765,0.20772406764151205,0.007513336433684292,0.035709999999999964
2021-02-24,0.2759192782660072,0.2006430325844862,0.013102967968545376,0.03525600000000001
2021-02-25,0.26704737543368584,0.23305250201878655,0.06569347188403862,0.05529199999999995
2021-02-26,0.26280196737118805,0.2283609784553355,0.049674655149160585,0.038213
2021-03-01,0.26086951482014714,0.19606776759125175,0.004789730949373738,0.03729199999999999
2021-03-02,0.26101333804876026,0.1990416384462487,0.015690735043450255,0.03147999999999995
2021-03-03,0.24779954889519484,0.22600367950593664,0.036008185738384546,0.052792000000000006
2021-03-04,0.24229951464094884,0.23236053376971974,0.06025572094163556,0.05519000000000002
2021-03-05,0.22867309736114985,0.219395363437595,0.03791688422790579,0.04366199999999998
2021-03-08,0.20656838907425215,0.24082913176811802,0.06336906875801462,0.04171600000000003
2021-03-09,0.20598775921697973,0.21401104682017524,0.014081925272737772,0.041603999999999974
2021-03-10,0.20394327906104318,0.22391430579269397,0.027136017550985547,0.04093100000000005
2021-03-11,0.20071289891851757,0.20950073848710704,0.004947136131144836,0.03889499999999996
2021-03-12,0.19653384612145997,0.22166581834842675,0.026384377525708103,0.04397800000000002
2021-03-15,0.19553306890963532,0.20631370691712173,0.013130489884309093,0.04919300000000004
2021-03-16,0.19064783954394418,0.20237940427581846,-0.0017383204887445602,0.04424899999999998
2021-03-17,0.1814601768583114,0.20241074793506317,-0.003559225697743529,0.049097
2021-03-18,0.1765864711509239,0.23715145396231857,0.03783880991440136,0.056430000000000036
2021-03-19,0.17665240835238272,0.2066042659124702,0.0049066648185719375,0.053645
2021-03-22,0.1758318201816822,0.19817299226559942,-0.018509220761411427,0.04422599999999999
2021-03-23,0.17701907121444638,0.19239339314075005,-0.020944416613264072,0.03761200000000001
2021-03-24,0.17597724722686917,0.19199321495505,0.005571482866322364,0.038634999999999975
2021-03-25,0.16786967067554562,0.19351962671322348,0.020386722733992835,0.031613
2021-03-26,0.1641418593711172,0.1888410021152249,0.020602625566314203,0.04083599999999998
2021-03-29,0.17395102122561568,0.21469502989132125,0.04249503362881196,0.03357699999999997
2021-03-30,0.17394453445007088,0.19050813556452467,0.03623148617985289,0.03608
2021-03-31,0.17124517213814971,0.21120549386286927,0.039854662951239794,0.020742000000000038
2021-04-01,0.1733220443490226,0.19581441235236122,0.04996045210480515,0.019735000000000003
2021-04-05,0.17761275400424237,0.2249197895221881,0.05985848635905111,0.02439600000000003
2021-04-06,0.1770261817793319,0.19802735169285818,0.0638189036388501,0.025902999999999954
2021-04-07,0.17929481181564094,0.20374325407428884,0.09026861192574787,0.026798999999999962
2021-04-08,0.17860243103594467,0.20280100889066316,0.08632124178302025,0.027633999999999992
2021-04-09,0.1793579350002713,0.1979515400879593,0.09018872193895686,0.023436000000000012
2021-04-12,0.1819674735921982,0.2175988877936828,0.09803010208148238,0.023677000000000004
2021-04-13,0.18864963928925707,0.214851065819036,0.10423715487854002,0.02316999999999997
2021-04-14,0.1905421784118792,0.2084418312768037,0.10159993209036464,0.028137999999999996
2021-04-15,0.1884480274025162,0.1923165707185654,0.10330116145605586,0.029154999999999986
2021-04-16,0.18897930959423828,0.18956985965285872,0.10902982414168863,0.019191000000000014
2021-04-19,0.1889424677711197,0.19778243593220718,0.12389052984907609,0.027081999999999995
2021-04-20,0.18757524701261494,0.18827383783555998,0.1407525926476173,0.031945999999999974
2021-04-21,0.18565519307011513,0.18687905364143317,0.1251051808183178,0.027469999999999994
2021-04-22,0.18082904420594703,0.19284557322493467,0.12211092978555363,0.03776099999999999
2021-04-23,0.1808089016288727,0.18863160027852974,0.1045177537731308,0.02762099999999995
2021-04-26,0.18087288348470537,0.18834858985058692,0.10586933032445442,0.015234999999999999
2021-04-27,0.18038025697754162,0.1871696722145986,0.11023014162888284,0.010496000000000005
2021-04-28,0.16620925143004334,0.16571438787864104,0.04804197977438432,0.01849500000000001
2021-04-29,0.16429469451175602,0.16127579483304647,0.03956346654992915,0.026545000000000013
2021-04-30,0.1638572757987957,0.16340365912250265,0.038607828861850324,0.028288000000000008
2021-05-03,0.16277172394694603,0.16637434153329458,0.04363495665097741,0.032455999999999985
2021-05-04,0.14839568801136563,0.1704101355627073,0.06254624699575764,0.03684499999999999
2021-05-05,0.14942797620200124,0.16624081780515101,0.04532981922066806,0.041493
2021-05-06,0.14630119774516548,0.16554178832234723,0.04051018918435906,0.044542
2021-05-07,0.14604922899559908,0.16227999347319333,0.03304356996405533,0.03361999999999998
2021-05-10,0.1424924706347793,0.1660899118840539,0.06004006599972869,0.04728200000000002
2021-05-11,0.1373686393032811,0.17486818381600386,0.06786452740780177,0.056780000000000025
2021-05-12,0.1279171625137411,0.22842936202383216,0.10948236171074294,0.082312
2021-05-13,0.12579387975133333,0.17897188191703664,0.0717828225881208,0.061125999999999986
2021-05-14,0.12503674042517413,0.1722540394362403,0.042306973597483755,0.04107899999999998
2021-05-17,0.13056787125832672,0.1726183560272448,0.055318691405761705,0.046375
2021-05-18,0.1319163946310026,0.17498650579386077,0.06661453322888031,0.03711299999999998
2021-05-19,0.12932982548235972,0.17129123338549165,0.06616675398738509,0.051210000000000006
2021-05-20,0.13151192525579333,0.17001488178223212,0.05071880792988487,0.045111999999999985
2021-05-21,0.1318945841052194,0.1670929848720947,0.047058956794052975,0.047656000000000004
2021-05-24,0.12917885048935018,0.16643420321296412,0.03576509937112726,0.043632000000000004
2021-05-25,0.12677773271142523,0.16564398618528933,0.03824011751529463,0.044699000000000016
2021-05-26,0.12676411496980408,0.1663770433545585,0.03049074402245841,0.04186200000000001
2021-05-27,0.12748977778964712,0.1647525697429327,0.057844749569956666,0.025648999999999977
2021-05-28,0.1288050198775302,0.16354901572511285,0.04119930648824402,0.037436
2021-06-01,0.1260924366743768,0.16227521765836325,0.05848972520120427,0.031891
2021-06-02,0.12104842448672676,0.16112584769646726,0.053475277053053966,0.033686999999999995
2021-06-03,0.12096228453652075,0.14765542153330363,0.07763831298863438,0.033332
2021-06-04,0.12209225528539248,0.1486124132199974,0.06234002479799877,0.023978
2021-06-07,0.12166527198431804,0.14737985704655493,0.07097380325483452,0.025322999999999984
2021-06-08,0.12231156262479792,0.15019801283279596,0.06615277200440092,0.024593000000000004
2021-06-09,0.12316409083979975,0.15504959687070968,0.0716165303652207,0.023938000000000015
2021-06-10,0.12389873698247462,0.1537951794030993,0.06441036169671888,0.02072099999999999
2021-06-11,0.12482345646954929,0.14876383781159508,0.06921583848625887,0.016313999999999995
2021-06-14,0.12461510581165677,0.1441342899463713,0.07527212124866667,0.018229999999999996
2021-06-15,0.12503848460467867,0.14516702092753003,0.08255526057482585,0.014664999999999984
2021-06-16,0.119653602215627,0.15225876977084238,0.08541112974167331,0.020127000000000006
2021-06-17,0.12301101842842148,0.15415927545859903,0.0854446063689974,0.013600999999999974
2021-06-18,0.13120271208767964,0.16859750595562337,0.10412717551764028,0.016415999999999986
2021-06-21,0.12763873075677135,0.15503710919629654,0.08688907574420668,0.022021000000000013
2021-06-22,0.12623156778001612,0.15386560395455517,0.0850454168947806,0.017306000000000016
2021-06-23,0.13416684770036783,0.1545618301781921,0.08669215051064982,0.012854000000000004
2021-06-24,0.1375555338172808,0.15446916092114998,0.09255326828857474,0.010213
2021-06-25,0.15305504348914273,0.1567418239301564,0.09394988603019591,0.010609000000000007
2021-06-28,0.15993268719826406,0.17648161832424342,0.11316122321035291,0.00927699999999998
2021-06-29,0.1590235988858939,0.17824148943048834,0.1155949811224698,0.006396999999999986
2021-06-30,0.15906440929134683,0.17419444682979848,0.11879056432562318,0.011064999999999964
2021-07-01,0.16057562673929876,0.16755557579677205,0.12289757651327321,0.015154
2021-07-02,0.1638595374231857,0.1797498342239364,0.12380671646347924,0.014160000000000006
2021-07-06,0.1614621810848295,0.1933002158854131,0.1451547457146075,0.015647000000000022
2021-07-07,0.16243432650383618,0.1934633639851703,0.1447927290156819,0.012793999999999972
2021-07-08,0.16197568368958104,0.1960337740853378,0.14739343837520202,0.030035000000000034
2021-07-09,0.1632079053496794,0.17122524787846036,0.13445291016020028,0.014405000000000001
2021-07-12,0.163043917770723,0.17672377104127718,0.12977026401752537,0.016650000000000054
2021-07-13,0.16228578851313682,0.179981563000512,0.1321395445304507,0.01816000000000001
2021-07-14,0.16248253544718694,0.17746576827506508,0.13511989518834322,0.017052999999999985
2021-07-15,0.15997460965728189,0.1765095621393329,0.12987851639532133,0.02269600000000002
2021-07-16,0.16602592815132258,0.1768640751305708,0.13585739878437297,0.020010999999999973
2021-07-19,0.16328288346876266,0.1833577036520908,0.1549239825715785,0.03841699999999998
2021-07-20,0.15746309428153965,0.17849319381724954,0.12888128891232034,0.03063599999999997
2021-07-21,0.1597015325711742,0.17583993034550946,0.12381027024322866,0.03179800000000002
2021-07-22,0.16263195432887073,0.1791509448376749,0.12237143321998387,0.029892000000000002
2021-07-23,0.1613083327801165,0.18794690621893895,0.12174815329963218,0.01628099999999999
2021-07-26,0.16030709685668545,0.19791075810193948,0.12929846718271917,0.00962200000000002
2021-07-27,0.14479442294985637,0.19157257291300395,0.11715595751085725,0.016147999999999996
2021-07-28,0.13552282307294253,0.1516894280111698,0.04990131380173593,0.011596000000000023
2021-07-29,0.13931225685804732,0.14527995634437335,0.0347534021141061,0.01669100000000001
2021-07-30,0.14139231203685015,0.1447090539831007,0.03409459170865317,0.023422
2021-08-02,0.13929643653993412,0.153301413493566,0.03902337426070124,0.01880499999999999
2021-08-03,0.13437690922827594,0.1534627551216721,0.035605463576814295,0.021259
2021-08-04,0.1355203228804137,0.15162653428213807,0.038455819915170525,0.01839100000000002
2021-08-05,0.13605586765319921,0.14460372240447808,0.03011367449616381,0.019489000000000006
2021-08-06,0.1350194024318836,0.14172596491828823,0.022922317310418994,0.020856999999999987
2021-08-09,0.13378014823362488,0.14410719068738911,0.024523095650320598,0.016762
2021-08-10,0.13299407587294232,0.14611490011200398,0.021789083229276973,0.022149000000000002
2021-08-11,0.13921525983996905,0.1410083561966545,0.025733212486863166,0.018284999999999996
2021-08-12,0.13943136527553818,0.1416057395177272,0.022483465552813053,0.021137000000000017
2021-08-13,0.14143404686415476,0.13659941411779858,0.016940391342718103,0.021876000000000007
2021-08-16,0.1391282986527974,0.13864028628791145,0.01740707284867743,0.025203999999999976
2021-08-17,0.13839985643784258,0.139456890534427,0.03159611753123734,0.031301999999999996
2021-08-18,0.14107830490559917,0.14545117439958735,0.04723190671846034,0.03878999999999999
2021-08-19,0.14506448830373292,0.1515323900847533,0.05114646842882578,0.04854700000000001
2021-08-20,0.14369179841885996,0.1402991817591881,0.030938046671129288,0.04223299999999999
2021-08-23,0.1407939741815412,0.13808695602070115,0.025086668219883507,0.03303800000000001
2021-08-24,0.1396515249991395,0.14203700238697833,0.028037904143314585,0.02738299999999999
2021-08-25,0.14146621936420428,0.13524254694077473,0.036810578050143594,0.03062300000000001
2021-08-26,0.14401171410838282,0.13501567369048256,0.05983717792705748,0.031975
2021-08-27,0.1476904151116342,0.13159064824668237,0.037595744141952686,0.031638
2021-08-30,0.1505989644969049,0.13283747379082558,0.039833688963149844,0.027509000000000006
2021-08-31,0.15400322561381952,0.13318654567921814,0.04178156446006587,0.02976300000000001
2021-09-01,0.15722099662327307,0.13241520722299122,0.044156091771724054,0.032055
2021-09-02,0.1753469783588271,0.13450456549103132,0.04820167811958628,0.033139
2021-09-03,0.1795876973658034,0.1318716484549265,0.04026413334680079,0.038857
2021-09-07,0.182676743998388,0.1337464583587305,0.05060859856811642,0.03556899999999999
2021-09-08,0.18278368259197145,0.1342117791670513,0.05394685276637515,0.037960999999999995
2021-09-09,0.1828325099932883,0.13489913665135742,0.059023925127057675,0.036607
2021-09-10,0.17977736577648099,0.14589601251748696,0.06620074116003094,0.049426
2021-09-13,0.1835887224166967,0.14691250239337844,0.06598463572446181,0.052070000000000005
2021-09-14,0.1835038658203263,0.14742430202949763,0.06362695413584524,0.05266600000000002
2021-09-15,0.18091393305569425,0.141139028321189,0.05681270234720259,0.051392999999999994
2021-09-16,0.17879684944308047,0.14439022368707607,0.06325014456215741,0.05410100000000001
2021-09-17,0.17518708200659008,0.15055527558204396,0.08420469609440084,0.05789
2021-09-20,0.16976490194151114,0.18424783570702222,0.12960951269626705,0.07518299999999997
2021-09-21,0.16982761589769887,0.18202289974951977,0.12411420258114003,0.07216300000000003
2021-09-22,0.16796755328340696,0.17113445503720573,0.10765502681845879,0.06715900000000002
2021-09-23,0.1831384096551118,0.16355543857713506,0.0969324760008605,0.06465600000000002
2021-09-24,0.18710230126786376,0.16229225442482206,0.08587778163579571,0.062856
2021-09-27,0.18693993711381326,0.1656993913317148,0.10332628689161719,0.056365000000000026
2021-09-28,0.2159812689982032,0.19558167033856083,0.14909858588836583,0.06962399999999996
2021-09-29,0.21518868317467255,0.19323168560644832,0.1525480365030951,0.076992
2021-09-30,0.21632551738125097,0.19338179236394296,0.16874877538618047,0.06638500000000003
2021-10-01,0.21756286847579276,0.18636364224150245,0.13721200437672693,0.06251499999999999
2021-10-04,0.20462225269842518,0.20161542110172936,0.1521960226411729,0.07960699999999998
2021-10-05,0.2016915045349896,0.20420154804365542,0.12542730363419657,0.06664899999999996
2021-10-06,0.20562636950561505,0.2013161060582557,0.11638725700161195,0.06420900000000002
2021-10-07,0.2071532497085022,0.1944630939623218,0.09708631840802856,0.05632499999999996
2021-10-08,0.2090252066321022,0.20032264002274042,0.09750749100671169,0.05174700000000004
2021-10-11,0.21089020506618855,0.20036349423122832,0.10685763522351896,0.049019000000000035
2021-10-12,0.21261920926071648,0.2103034511139808,0.11709427858330329,0.051261999999999974
2021-10-13,0.2131863890056894,0.18500785804671271,0.09120813517967369,0.04842000000000002
2021-10-14,0.2157650135464783,0.17940753738915396,0.06875106794430572,0.039443000000000006
2021-10-15,0.2175025882513326,0.17430002831013727,0.06370615155691953,0.033308000000000004
2021-10-18,0.2182786411275663,0.16835131303702014,0.06390991899340992,0.03343600000000002
2021-10-19,0.21862647557122508,0.16871598267592613,0.06675009905848886,0.02784600000000001
2021-10-20,0.21998536137727984,0.17132606020966396,0.07580838510230115,0.02348799999999998
2021-10-21,0.2201942094903932,0.17685531777525984,0.08301444771659303,0.02096099999999998
2021-10-22,0.21078744756967885,0.1835413837223381,0.08723859134488818,0.020579000000000014
2021-10-25,0.21002917383246045,0.19268192648658342,0.07424469973213624,0.027733000000000008
2021-10-26,0.20986294123495908,0.18925772010376984,0.06769006388618679,0.00839200000000001
2021-10-27,0.17593810065238424,0.17315334028514165,-0.016682267998203215,0.0071390000000000065
2021-10-28,0.17502548131987994,0.1748307439960557,-0.00880768217467251,0.009985000000000022
2021-10-29,0.17988362950033837,0.18116541663887178,0.0001074836187490158,0.006641000000000008
2021-11-01,0.18899508115293454,0.20725119996220814,0.005971132524207279,0.009313999999999989
2021-11-02,0.19416626272122461,0.1883011407881088,0.013364748301574803,0.009890999999999983
2021-11-03,0.20228467651999116,0.18616678179614735,0.0168094964650104,0.008889000000000008
2021-11-04,0.20508447354761947,0.2169884484388134,0.02599363149438494,0.007704000000000016
2021-11-05,0.20430183294865167,0.21617101620548929,0.03314175129149777,0.004125999999999991
2021-11-08,0.20397615634643598,0.20788556526455784,0.02766779436789779,0.005227999999999983
2021-11-09,0.20218875868617037,0.2080620204361267,0.024759795933811446,0.007509999999999989
2021-11-10,0.19812757546333257,0.2111345653727866,0.027939791739283543,0.01753200000000002
2021-11-11,0.1979294988875895,0.18299045235469424,0.010752611994310601,0.024256
2021-11-12,0.19984210158166604,0.1695157862994169,0.0049849874535217165,0.018308999999999992
2021-11-15,0.21030990717423673,0.1678206745361565,0.003749412748667441,0.019004999999999994
2021-11-16,0.2161858600027904,0.16498400653908782,-0.006130640127566284,0.016573000000000004
2021-11-17,0.2191285557180673,0.16814362851075837,-0.005087474571225048,0.01652200000000001
2021-11-18,0.2186684891833109,0.16830895579052152,0.0041346396227201765,0.016212000000000004
2021-11-19,0.2231797156273244,0.16756146589659962,0.004422791509606838,0.008039999999999992
2021-11-22,0.22121509938102035,0.19574339049484754,0.023321553430321162,0.009666999999999981
2021-11-23,0.21903664887246038,0.19534134127279115,0.02387882716753953,0.027161999999999964
2021-11-24,0.21761678634793716,0.19451623598119158,0.024961059765040927,0.02828300000000003
2021-11-26,0.21712568720749278,0.19267777076194423,0.12027090034761573,0.03135100000000002
2021-11-29,0.2165399050118633,0.1801087936789045,0.07531051968012009,0.02107300000000001
2021-11-30,0.20947140597363026,0.1945299352891556,0.10665437149966164,0.03392700000000004
2021-12-01,0.19775170455679988,0.20178145617113008,0.11117791984706549,0.044279999999999986
2021-12-02,0.19268386174182695,0.2153173409892032,0.08825173827877539,0.053483
2021-12-03,0.18643403576529424,0.2562199992968111,0.11033532448000885,0.07827800000000001
2021-12-06,0.185430782324934,0.22596403914875215,0.07975852745238055,0.06365199999999999
2021-12-07,0.1922387204141055,0.18675666908536492,0.03691516805134831,0.04657900000000001
2021-12-08,0.19473898913949844,0.1795028674361296,0.02683184465356403,0.03500600000000001
2021-12-09,0.20983804910037,0.20889256547166019,0.04428424231382963,0.03538800000000003
2021-12-10,0.21420495024532774,0.1738839130304833,0.026559425536667403,0.03328600000000001
2021-12-13,0.21472368638905118,0.18537022861738564,0.04368650211241046,0.03196700000000002
2021-12-14,0.2165541084543526,0.21520834438301398,0.05362789941833393,0.04816799999999999
2021-12-15,0.2110614664327284,0.18846427417907285,0.032366093825763276,0.035481999999999986
2021-12-16,0.20591121518616098,0.21902787452736072,0.04253414099720959,0.04117299999999999
2021-12-17,0.20720810959428684,0.22037433569881015,0.05391044528193267,0.042329000000000006
2021-12-20,0.21592671038976413,0.21979246518155474,0.05404351181668915,0.05252600000000002
2021-12-21,0.2240097280871592,0.1860859158484861,0.017933285372675578,0.04546499999999998
2021-12-22,0.24338473080297465,0.18125932465544053,0.004909901618979667,0.041299
2021-12-23,0.24605216276334416,0.17687345362687654,0.01250235212753964,0.032754000000000005
2021-12-27,0.26730779285976974,0.18459724867056515,0.02221421465206283,0.038487999999999994
2021-12-28,0.27198725890541503,0.18195950161159438,0.023715313792507187,0.037322999999999995
2021-12-29,0.2788495586310266,0.1821455319109448,0.02363709598813668,0.03577399999999997
2021-12-30,0.2838469610012435,0.1951415969186849,0.03636659502636974,0.03806300000000004
2021-12-31,0.2893437929559205,0.19572929675651207,0.0487932964432001,0.03297
2022-01-03,0.3001607769858566,0.19245099996554654,0.06213113925817307,0.03803799999999999
2022-01-04,0.31688157137194545,0.18797192415185016,0.08599396523470579,0.03548800000000002
2022-01-05,0.3198557226715101,0.21521088429371799,0.128450218675066,0.057946
2022-01-06,0.31865536004002637,0.22236854762814318,0.10467428058589448,0.05651700000000004
2022-01-07,0.3198640670796216,0.22663876565270283,0.1055090118605016,0.04193800000000003
2022-01-10,0.3109270662953557,0.2330247315013507,0.09577495189963003,0.05626800000000004
2022-01-11,0.31153037122799215,0.23252954498867207,0.07388805075467222,0.04571700000000001
2022-01-12,0.3194375350953662,0.22226616974553576,0.062444314610948876,0.03792699999999999
2022-01-13,0.3159972201238459,0.22538111640660385,0.08414189254564741,0.048014999999999974
2022-01-14,0.31358662434471096,0.21804115643772742,0.07966153456727162,0.04346
2022-01-18,0.3167727752858702,0.23211706169944513,0.117980785813839,0.05503000000000002
2022-01-19,0.31878593684899853,0.2241246798499198,0.11388389140571312,0.05420199999999997
2022-01-20,0.3152257918111995,0.22570287298815614,0.10670129061023587,0.05663699999999999
2022-01-21,0.31376404611886966,0.24855963535877443,0.15462227291284084,0.047124
2022-01-24,0.30205792607101356,0.2649939724991301,0.14516227019702535,0.070913
2022-01-25,0.30938504490667706,0.2752300748632483,0.16518983823665584,0.07946799999999998
2022-01-26,0.2974501492293848,0.27239034207168444,0.12192720814023028,0.080505
2022-01-27,0.29556135486284646,0.2775542015345133,0.12774674209458498,0.08276899999999998
2022-01-28,0.292538973663933,0.262021435393622,0.08578644236897343,0.07794600000000002
2022-01-31,0.28972992355440325,0.2475829434919745,0.057851039998756515,0.06239
2022-02-01,0.2878602773835606,0.24693529896112237,0.044154208044079546,0.040498000000000034
2022-02-02,0.28133604478387075,0.22639297764225488,-0.029313775985856605,0.03049099999999999
2022-02-03,0.2650588210057277,0.23852714828433366,0.0018034296280545203,0.04225800000000002
2022-02-04,0.2752329206889173,0.2322475980518508,-0.03826072167151007,0.03696100000000002
2022-02-07,0.27730874764580765,0.23242861705249354,-0.02804035904002633,0.04750199999999999
2022-02-08,0.27513154261509654,0.21897032568202057,-0.04765706607962161,0.04497899999999999
2022-02-09,0.2768510586423118,0.1953929908187416,-0.05619606529535576,0.04281300000000002
2022-02-10,0.27849599127110736,0.2537161867604962,-0.028973370227992123,0.04394500000000001
2022-02-11,0.2763691167753618,0.2586762001071667,0.0009164659046338453,0.062400999999999984
2022-02-14,0.283384270184624,0.2564925092102722,0.0050247808761541,0.065996
2022-02-15,0.2827618962810711,0.25120091575800624,-0.02989062334471093,0.06821500000000003
2022-02-16,0.2836456970990742,0.22954809245815264,-0.043202774285870216,0.06130800000000003
2022-02-17,0.28237614282262435,0.25314014523876965,0.002869064151001466,0.074156
2022-02-18,0.28509293591595203,0.24992727615821855,0.002904209188800577,0.07524800000000004
2022-02-22,0.27685791363791856,0.253026250470933,0.011425954881130351,0.07513799999999998
2022-02-23,0.27782894164603367,0.2654059016118084,0.04644607492898639,0.07958300000000001
2022-02-24,0.26858092065537437,0.25470237537434215,0.01437195609332298,0.06964100000000001
2022-02-25,0.2637359458658864,0.2459066024441191,-0.002517148229384758,0.060219999999999996
2022-02-28,0.26109257654895457,0.24869168819832832,0.016935646137153593,0.06506
2022-03-01,0.25612909837192716,0.25923617502022384,0.05212202733606697,0.07025700000000001
2022-03-02,0.25455528455794335,0.2377639992750352,0.02880007744559676,0.06498200000000004
2022-03-03,0.25184159239691256,0.23746250652567025,0.031895723616439386,0.068695
2022-03-04,0.2476260819969882,0.24069751392962582,0.05400295621612927,0.07663799999999998
2022-03-07,0.24241515333286287,0.26131931960940263,0.12403417999427235,0.08715800000000001
2022-03-08,0.22622441233706173,0.2667171591951249,0.09635608031108273,0.09351699999999996
2022-03-09,0.2239470723736913,0.24373377251215866,0.06121925335419237,0.07277
2022-03-10,0.22288933925330615,0.24350621518298649,0.06965445838490347,0.05594699999999997
2022-03-11,0.22105148898976498,0.244703388024393,0.06418994235768821,0.06987199999999999
2022-03-14,0.2203748192545153,0.25312573197269356,0.09348700972889268,0.084177
2022-03-15,0.21237247184848343,0.2442239684555622,0.07260088422463823,0.070108
2022-03-16,0.2023859748463917,0.22641759524521657,0.023208730815376055,0.059136999999999995
2022-03-17,0.20314026839244034,0.20238847245592817,0.007153104718928882,0.053479
2022-03-18,0.20091482276582392,0.19650273054109635,-0.01217669609907418,0.04728300000000002
2022-03-21,0.20175723509766885,0.20183644556294963,-0.0014271418226243227,0.05091899999999999
2022-03-22,0.2057952266257391,0.1993788996439932,-0.013414934915952026,0.046770000000000034
2022-03-23,0.22224292079145416,0.20346542747202234,0.011907087362081459,0.04464000000000001
2022-03-24,0.2246140724302831,0.1958128274159377,-0.0001909406460335883,0.04278399999999999
2022-03-25,0.22635083180860832,0.19554818777285798,0.005370080344625661,0.042496000000000034
2022-03-28,0.24301887114380163,0.19392981252683314,0.024846055134113643,0.03712399999999999
2022-03-29,0.2648080570787172,0.1899036564260532,0.014552424451045376,0.038068999999999964
2022-03-30,0.2737677102760625,0.19131106885614163,0.027473902628072866,0.04022800000000004
2022-03-31,0.2800986704915039,0.20663628679924953,0.05508971644205668,0.03389599999999998
2022-04-01,0.28171500364741026,0.19401031790950504,0.04394740860308749,0.041076
2022-04-04,0.3066537637726382,0.18670303184995096,0.0383289190030118,0.04091300000000003
2022-04-05,0.3230476395991042,0.1949575070276721,0.06237984766713714,0.04737999999999998
2022-04-06,0.326194460329202,0.2317633974596018,0.10256958866293825,0.04802299999999998
2022-04-07,0.3283332864882301,0.21742875429685762,0.10003092862630872,0.05305199999999999
2022-04-08,0.3337912067565122,0.2185834397445275,0.10145566174669388,0.04964299999999999
2022-04-11,0.33784784594233486,0.22646152322445062,0.131730512010235,0.061555000000000026
2022-04-12,0.3445881936114611,0.22568812096505014,0.1351731817454847,0.050092000000000025
2022-04-13,0.3531060877925057,0.22240489223405108,0.11668052915151653,0.03646100000000002
2022-04-14,0.354158026349656,0.22346781041712313,0.13216702615360829,0.05361100000000002
2022-04-18,0.3547187364858107,0.2236829472282354,0.14077673260755963,0.05174699999999999
2022-04-19,0.355981059886477,0.21952471831689155,0.1364711782341761,0.04055900000000001
2022-04-20,0.3570536641204548,0.2235551309758087,0.1579147659023311,0.05023300000000003
2022-04-21,0.37247890671910533,0.2327544908444266,0.1849227743742609,0.05462900000000004
2022-04-22,0.3675921787127832,0.24924840200211457,0.23129608020854586,0.07014799999999999
2022-04-25,0.37727837539755227,0.2932706272291319,0.2189639285697169,0.06878899999999999
2022-04-26,0.3787928395592183,0.3007125835944645,0.2736791691913917,0.04677400000000004
2022-04-27,0.3723097774345463,0.2640139793314772,0.13169312985619833,0.06600799999999996
2022-04-28,0.3585681483804921,0.25563399189109176,0.07451994392128286,0.05506699999999998
2022-04-29,0.3595086901902487,0.2641903328808096,0.10480929072393752,0.070805
2022-05-02,0.36239027601528506,0.25923401570725835,0.09109033050849613,0.06762100000000004
2022-05-03,0.36822485203268895,0.24773957174994002,0.07409399735258976,0.06380600000000003
2022-05-04,0.3490184274559911,0.2360624949298895,0.0055622372273618215,0.05283899999999997
2022-05-05,0.33916816632585406,0.2704733332505378,0.0665533614008958,0.07050000000000001
2022-05-06,0.33409104393097505,0.26278753278610256,0.05323854067079803,0.06803700000000001
2022-05-09,0.3301985869153081,0.2774121221254554,0.09173771451176993,0.07541800000000004
2022-05-10,0.3302249152592644,0.2722638954115554,0.06447879424348785,0.077955
2022-05-11,0.32879000895029126,0.27964288908383506,0.07477315505766519,0.07981000000000005
2022-05-12,0.3209241525491885,0.27825290244479284,0.06655680738853892,0.07905200000000001
2022-05-13,0.3130261089355242,0.2617744175784629,0.013619913207494283,0.06754199999999999
2022-05-16,0.319667884872624,0.26206695080280534,0.002776974650344044,0.07294
2022-05-17,0.32602041949375093,0.2452509500739307,-0.031366735485810704,0.06648400000000004
2022-05-18,0.330718225286307,0.26281859803823365,0.016415941113522958,0.078737
2022-05-19,0.3320181823212297,0.26491659030333775,-0.0014176631204547707,0.07742099999999996
2022-05-20,0.31148998482034407,0.2591965726417989,-0.025372905719105276,0.072457
2022-05-23,0.30839628684049,0.2539854003213437,-0.026309177712783183,0.064467
2022-05-24,0.29453955987764185,0.25293448184105627,-0.0002113743975522553,0.08057700000000001
2022-05-25,0.2937807398145873,0.25162429284133375,-0.01099083855921823,0.07774200000000003
2022-05-26,0.3007731214677693,0.2371256221326753,-0.03236977643454625,0.059006
2022-05-27,0.30172311254460693,0.2260915509967738,-0.03566814738049201,0.05807800000000002
2022-05-31,0.30575804756399827,0.26742228150517433,-0.014824689190248763,0.05404999999999999
2022-06-01,0.30019379540148056,0.2571451843502444,-0.0167622750152851,0.043555999999999984
2022-06-02,0.31358515434123474,0.2406967275856283,-0.04056685103268892,0.04772599999999999
2022-06-03,0.32074124785370955,0.2640268531454284,-0.014339426455991067,0.048043
2022-06-06,0.31962883108206697,0.25807608215173866,0.0015648346741459207,0.046165999999999985
2022-06-07,0.31919990294496,0.23822510142263598,-0.00046804293097502114,0.036043999999999965
2022-06-08,0.3187062982560868,0.2335534913464451,-0.005234585915308176,0.04082400000000003
2022-06-09,0.316294215530916,0.2578463371500275,0.023567085740735627,0.035493
2022-06-10,0.3174471545450048,0.2764404165802929,0.05051999204970875,0.032194
2022-06-13,0.31749377391645206,0.2941911039107306,0.10336484845081156,0.07198399999999999
2022-06-14,0.31753097735265107,0.28196093687704604,0.09549989206447584,0.05582499999999996
2022-06-15,0.32119837810280016,0.2731717082840977,0.05732211612737603,0.05101800000000001
2022-06-16,0.32187666026881645,0.2796558000561327,0.0819885815062491,0.06725700000000001
2022-06-17,0.31755858448535557,0.2775920825705369,0.06725577571369301,0.055037
2022-06-21,0.318730369806239,0.2856772146214916,0.0654978186787703,0.05591099999999999
2022-06-22,0.33329025487567954,0.28392693115489026,0.10461401617965593,0.04220199999999996
2022-06-23,0.33894894699599865,0.27505711057377413,0.10167671415951007,0.05010000000000003
2022-06-24,0.34047458997187574,0.27723117762143734,0.09865944112235814,0.046599999999999975
2022-06-27,0.3527217542634676,0.28109629398793073,0.11486426118541271,0.04982800000000004
2022-06-28,0.34436977419619985,0.2876452981518142,0.1258598795322307,0.05874299999999999
2022-06-29,0.3441478502621586,0.28401434640430556,0.1301308884553931,0.05097099999999999
2022-06-30,0.3356400281431699,0.27404745886123993,0.14009095343600175,0.06512200000000001
2022-07-01,0.3351553452524751,0.26683548128656887,0.13401020559851945,0.06267699999999998
2022-07-05,0.3162384446268376,0.2798417544574746,0.13612484665876529,0.05820200000000003
2022-07-06,0.3067243709425262,0.2875820867370871,0.12468775314629049,0.057085
2022-07-07,0.30303782226678166,0.31611132664257974,0.12284216991793306,0.05118600000000001
2022-07-08,0.3068326184214883,0.30090130713743846,0.10111809805504007,0.048719999999999986
2022-07-11,0.3064287016801769,0.3146188205332384,0.1125677027439132,0.05720800000000004
2022-07-12,0.30509426906587866,0.31737736713966713,0.12139978546908403,0.053838
2022-07-13,0.30091881314492097,0.3179870979014304,0.12279084645499527,0.045709
2022-07-14,0.2971028794156332,0.30134797432500593,0.11255122708354798,0.04872599999999999
2022-07-15,0.29456237236525934,0.2924044535366962,0.09433502364734897,0.04870199999999997
2022-07-18,0.2815087180358686,0.40320937061070317,0.10162662289719987,0.04791299999999998
2022-07-19,0.27261749234226773,0.39968911475420255,0.07348734073118357,0.061228000000000005
2022-07-20,0.2687725368752581,0.3891077656460399,0.07740541651464444,0.054722999999999966
2022-07-21,0.26076615451353785,0.3641838793430446,0.06904563119376106,0.057618
2022-07-22,0.23608867137669437,0.3871564536334666,0.08594274612432051,0.05704200000000004
2022-07-25,0.22496238296533513,0.17051197909241733,0.09019905400400136,0.05813499999999999
2022-07-26,0.21920217355180835,0.1704611672900365,0.11677041102812435,0.06572900000000004
2022-07-27,0.19374176552785924,0.14649300040455762,-0.039632753263467546,0.041183000000000025
2022-07-28,0.1983352827118089,0.1372580801035739,-0.04624477319619985,0.04488599999999998
2022-07-29,0.19790788226672607,0.13923384532561897,-0.05894084926215859,0.04452499999999998
2022-08-01,0.1994397787484671,0.1391451280459947,-0.02396002714316986,0.050315
2022-08-02,0.19623511927983167,0.13857073742370796,-0.029702344252475088,0.05363199999999996
2022-08-03,0.20019851950764972,0.1325604897225637,-0.028374443626837553,0.05661900000000003
2022-08-04,0.20470291927128154,0.12986310884570923,-0.019597369942526144,0.050949999999999995
2022-08-05,0.20747185284190903,0.12921158278319586,-0.025915821266781658,0.04708000000000001
2022-08-08,0.2036030407155213,0.13019839009975542,-0.01771661742148828,0.049088999999999994
2022-08-09,0.2083043086887394,0.1309723134287162,-0.0055957006801768405,0.05306500000000003
2022-08-10,0.20490499311108215,0.12961208531997181,-0.032739268065878624,0.05360100000000001
2022-08-11,0.2042427209687601,0.2072791200427979,-0.022776812144920944,0.05492999999999998
2022-08-12,0.21156665629928792,0.20751978369641166,-0.03581887841563314,0.05141900000000002
2022-08-15,0.21269124982822868,0.20394083688680698,-0.030347371365259335,0.04782600000000001
2022-08-16,0.21943299272544572,0.20696037337730114,-0.011856717035868547,0.04000200000000001
2022-08-17,0.22197493016230604,0.20595074181505602,0.004315508657732281,0.04962899999999998
2022-08-18,0.2205596967735315,0.2147577974867673,-0.0005575358752580861,0.051078999999999986
2022-08-19,0.22117590664675685,0.22362791097430962,0.0260578464864622,0.04656200000000005
2022-08-22,0.22985140974357496,0.23321662819166863,0.07704732962330565,0.05374099999999998
2022-08-23,0.23349797683549325,0.22647247521631406,0.09015061803466481,0.05146199999999995
2022-08-24,0.23544424729246666,0.23804904220511855,0.08933582744819163,0.051329000000000014
2022-08-25,0.2388495412129312,0.21026310081162386,0.09869123547214079,0.05260799999999999
2022-08-26,0.2384491747802065,0.2386481508225797,0.14356371828819112,0.04684499999999997
2022-08-29,0.24466217949986663,0.24681859659270336,0.15390811873327392,0.046782000000000046
2022-08-30,0.24618419365202246,0.24061218731969927,0.14628222225153287,0.050824000000000036
2022-08-31,0.2555229893181713,0.2401990780837059,0.15148988172016833,0.04747399999999996
2022-09-01,0.25373590027996856,0.2352727425568017,0.13756248149235023,0.06673399999999996
2022-09-02,0.24855571408127233,0.23656355561776962,0.1385320817287185,0.058538000000000034
2022-09-06,0.2527373218610935,0.2612787297193805,0.15004714815809092,0.05634800000000001
2022-09-07,0.25339073598697487,0.23434870062865176,0.13016096028447874,0.05865200000000004
2022-09-08,0.2521907483694891,0.22867121881711958,0.12098769231126058,0.06007999999999997
2022-09-09,0.2544251642716165,0.22653708284774068,0.10726200788891785,0.052557999999999994
2022-09-12,0.2621418660439588,0.22393887019096398,0.11514428003123986,0.06421199999999999
2022-09-13,0.2584465863805654,0.24449891171007454,0.1563233447007121,0.054815
2022-09-14,0.2764705813817151,0.2378289108552873,0.1374997511717713,0.05838399999999999
2022-09-15,0.2795015141753489,0.24655823093745116,0.1420290082745543,0.058633000000000046
2022-09-16,0.2786879063056982,0.2625198398107135,0.14893907083769398,0.051688999999999985
2022-09-19,0.2850371561403487,0.2645241899530175,0.13716930422646853,0.05917300000000003
2022-09-20,0.28674638114945233,0.25940730064855505,0.1530510943532431,0.060027
2022-09-21,0.2868021011017396,0.25946219534085857,0.16452459125642505,0.044894000000000045
2022-09-22,0.28675087814656636,0.27196063942039234,0.16139902416450674,0.044626
2022-09-23,0.28963407093129667,0.2751076137860575,0.16240775370753335,0.062378000000000045
2022-09-26,0.28742646254909593,0.28286350401048616,0.19435445978706875,0.05913499999999999
2022-09-27,0.29264535996065594,0.2825016300211309,0.1971758262197935,0.06834400000000002
2022-09-28,0.2944111404332277,0.27841807214055414,0.17412182150013333,0.064436
2022-09-29,0.29595345992772387,0.2820086371167315,0.20013880734797754,0.06353599999999998
2022-09-30,0.2895752039541784,0.2772491583709538,0.18033201168182872,0.06890400000000002
2022-10-03,0.29935290495713973,0.2786717325752514,0.16429310072003145,0.07165500000000002
2022-10-04,0.3062364395852613,0.2571489193181632,0.1541932869187277,0.07283299999999998
2022-10-05,0.3035816557121685,0.2676294006023328,0.15882167913890655,0.07675700000000002
2022-10-06,0.30899561581141227,0.2739340503935314,0.17175626501302516,0.07708600000000004
2022-10-07,0.30899236710394706,0.2771119012661148,0.1926472526305109,0.061212000000000044
2022-10-10,0.31470069053141525,0.2801989818205741,0.20064783672838354,0.070965
2022-10-11,0.3105852991752197,0.2897128134181876,0.2014461349560412,0.07688799999999996
2022-10-12,0.3126987832811159,0.2787989397811047,0.20722241461943464,0.076434
2022-10-13,0.3020792338199475,0.2807950139315625,0.17279741961828493,0.07448500000000002
2022-10-14,0.29762732247839546,0.2821424672276676,0.1762404868246511,0.07143100000000002
2022-10-17,0.3062351604143124,0.2790880396285436,0.16143709469430184,0.079343
2022-10-18,0.3019729256855579,0.26317307241411786,0.15464484485965135,0.07946900000000001
2022-10-19,0.3025617912416323,0.2761751096348871,0.1587846198505477,0.073241
2022-10-20,0.29940563002314263,0.27735215096681104,0.15643489989826037,0.07224200000000003
2022-10-21,0.30231387313161984,0.2919761506777061,0.14464912285343362,0.07123000000000002
2022-10-24,0.30517854583619175,0.28210649737568944,0.14061593006870338,0.07533000000000001
2022-10-25,0.30428255415536903,0.26949682309527373,0.14123553845090409,0.070801
2022-10-26,0.2931681903157713,0.24505140073929776,0.07025364103934412,0.03625799999999996
2022-10-27,0.2859182976968308,0.238811551275732,0.07518486056677232,0.03559899999999999
2022-10-28,0.28202044705644136,0.24873316609949525,0.0381265410722762,0.05109199999999997
2022-10-31,0.2937623165007053,0.24696506422068823,0.05485679704582164,0.048136999999999985
2022-11-01,0.2824975973232493,0.24698250686466328,0.0596650960428603,0.03496699999999997
2022-11-02,0.2761232346705851,0.25708261600878163,0.0580065614147387,0.03389599999999998
2022-11-03,0.27674713177661897,0.28592991235455306,0.07578734528783154,0.027098999999999984
2022-11-04,0.27351374790923627,0.25678507257220184,0.03884538518858782,0.044198000000000015
2022-11-07,0.2727569470761101,0.2564257828561808,0.04173763389605295,0.04041
2022-11-08,0.26522801045946953,0.25328627461835346,0.03405631046858476,0.04607899999999998
2022-11-09,0.2619867424331597,0.24629724372915707,0.05821070182478033,0.03896299999999997
2022-11-10,0.25936747129695004,0.24097085374222116,0.020639217718884162,0.04363399999999995
2022-11-11,0.2709185898744156,0.23771554971292919,0.02218076718005252,0.04910700000000001
2022-11-14,0.2779270825173977,0.24383445265370696,0.036613678521604576,0.04537000000000002
2022-11-15,0.2766353588009802,0.22951453570075245,0.029997840585687663,0.053923000000000054
2022-11-16,0.27705846855574573,0.2221972080538314,0.03399207531444215,0.044306999999999985
2022-11-17,0.27579700307452204,0.21808183335541814,0.02726120975836771,0.044986000000000026
2022-11-18,0.27336091044841954,0.21344852015213656,0.02718937097685742,0.044567999999999997
2022-11-21,0.26980361441791184,0.2126174031870572,0.0266241278683802,0.035719999999999974
2022-11-22,0.2656611192051268,0.2080547692496652,0.00872045516380826,0.04203599999999996
2022-11-23,0.2679073520132713,0.21021961375167597,-0.0025685531553690244,0.04833700000000002
2022-11-25,0.26984691965189206,0.20357077953134078,0.02076981068422873,0.042310000000000014
2022-11-28,0.27153474979223724,0.23075969597062812,0.04581270330316922,0.045025999999999955
2022-11-29,0.27031173889522414,0.22977077553999445,0.05158855394355866,0.046594000000000024
2022-11-30,0.2556263018358892,0.23136414103511374,0.012593684499294766,0.053329000000000015
2022-12-01,0.26008303614938855,0.23330533203102008,0.0325094036767507,0.043289999999999995
2022-12-02,0.2685055626722933,0.22952990282165153,0.02769576632941495,0.04067100000000001
2022-12-05,0.2644711956189894,0.23280159879119613,0.04913986922338104,0.04070600000000002
2022-12-06,0.26789498051513116,0.22914756239704825,0.06481825309076383,0.047738999999999976
2022-12-07,0.27085480572758264,0.23185389639999768,0.07519405392388995,0.044223999999999986
2022-12-08,0.27292746500992116,0.22996269814009518,0.0792769905405305,0.04566399999999998
2022-12-09,0.2742654838517538,0.23020697531472173,0.08091725856684029,0.046765
2022-12-12,0.2755992150754896,0.23649427341193,0.09959152970304996,0.04839199999999999
2022-12-13,0.2598692682396563,0.22908160271301262,0.05976641112558445,0.04827999999999999
2022-12-14,0.2522579853656186,0.22055844371955177,0.044372918482602275,0.047207000000000054
2022-12-15,0.2446037544611124,0.2285289267543466,0.06741064219901982,0.04874899999999999
2022-12-16,0.24667070506760114,0.2295727966013253,0.07091453244425427,0.031391999999999975
2022-12-19,0.2475524136969592,0.22402617797663887,0.07092799792547799,0.038547
2022-12-20,0.2486331918498578,0.23013651754569753,0.061006090551580516,0.04560500000000001
2022-12-21,0.2505338664215417,0.2256064411886875,0.05295838658208818,0.045914999999999984
2022-12-22,0.25054167405108146,0.22609818271750576,0.08366088179487324,0.04560599999999998
2022-12-23,0.2516291300280521,0.22765532175715986,0.07344964898672873,0.03737399999999996
2022-12-27,0.2552300157382406,0.22837907251637413,0.10194508134810798,0.024741999999999986
2022-12-28,0.25366773902390244,0.2301123817119199,0.10701225120776287,-0.0021320000000000228
2022-12-29,0.2515140287398456,0.22158574459740532,0.09880026210477588,0.043376000000000026
2022-12-30,0.26151244485903563,0.23235378226459977,0.12065469916411081,0.03369299999999997
2023-01-03,0.2546803903753037,0.23929044109208744,0.13656796485061146,0.05510799999999999
2023-01-04,0.2693900589592513,0.2621961754749057,0.13501743832770674,0.049580999999999986
2023-01-05,0.27331083769167597,0.26005499705060825,0.1458608053810106,0.046099
2023-01-06,0.2721127073097148,0.24936271117500225,0.12328602048486881,0.048814000000000024
2023-01-09,0.2874983950229323,0.2572086752353945,0.13215119527241737,0.050236999999999976
2023-01-10,0.3066130769008318,0.2565913114702439,0.12938453599007887,0.049758000000000024
2023-01-11,0.309676773230854,0.24851209091102147,0.1349975171482462,0.05040899999999998
2023-01-12,0.3064815456628778,0.23540766226832457,0.10789778592451038,0.047062999999999966
2023-01-13,0.31033691243148415,0.23542708401219556,0.10547673276034375,0.045097
2023-01-17,0.3096619118252272,0.24398174657404723,0.12601401563438142,0.04473900000000003
2023-01-18,0.314214938480191,0.22711731452036943,0.12830224653888764,0.051514000000000004
2023-01-19,0.3147109045008825,0.23296873813338898,0.13751129593239886,0.046767
2023-01-20,0.31131264808105064,0.23300811713204853,0.12213258730304077,0.04505999999999999
2023-01-23,0.31011101610983205,0.22930064264334482,0.1137628091501422,0.048529000000000044
2023-01-24,0.30905267386666524,0.22946074713969025,0.11423013457845832,0.04830899999999999
2023-01-25,0.30493253237583123,0.23059635770394332,0.12371632694891854,0.049259
2023-01-26,0.30151498584851594,0.22594204815685923,0.09735687097194795,0.048189999999999955
2023-01-27,0.2995938319109951,0.23129801248200216,0.09656498526175944,0.04086200000000001
2023-01-30,0.29816556226725466,0.23236791717951075,0.11923326197609757,0.043076
2023-01-31,0.30046148074403944,0.2315557631811694,0.12129697226015446,0.04451200000000005
2023-02-01,0.29007603127555087,0.22800721030617785,0.08228055614096441,0.04650099999999996
2023-02-02,0.2914931735638221,0.2502510722773006,0.1587926106246963,0.03160099999999999
2023-02-03,0.2720675925178178,0.22291985932248726,0.04153094204074875,0.024050000000000016
2023-02-06,0.27054319302887997,0.2298444652970456,0.04568316330832406,0.021877000000000035
2023-02-07,0.27382780957972547,0.23047557287933945,0.058828293690285194,0.015681
2023-02-08,0.25610631124549765,0.25254395141337593,0.07720960597706772,0.02385699999999996
2023-02-09,0.241060120165198,0.29382830686664296,0.08017392409916824,0.02128800000000003
2023-02-10,0.23637169763013777,0.29114779940200003,0.05513922776914598,0.022289000000000003
2023-02-13,0.25022447794728336,0.2935240562178934,0.06478645533712224,0.021799000000000013
2023-02-14,0.26458876382404073,0.2639450054707415,0.032526088568515854,0.01444300000000004
2023-02-15,0.26603641154040936,0.25832397757720954,0.017152089174772844,0.01670900000000003
2023-02-16,0.2582925092291012,0.2638307118916558,0.02529806251980904,0.02253999999999995
2023-02-17,0.2563942865163649,0.2627073463729367,0.013841096499117522,0.030210000000000015
2023-02-21,0.26577372968440804,0.28621178978793627,0.04355035291894932,0.03261999999999998
2023-02-22,0.2659455955354016,0.265145291194556,0.03198898489016799,0.03061999999999998
2023-02-23,0.26318629603613586,0.2596485728212686,0.02803232713333481,0.028965999999999992
2023-02-24,0.2655561912375046,0.2598461260180647,0.030501468624168804,0.029403000000000012
2023-02-27,0.27098830282782166,0.25310189194229166,0.025463015151484136,0.020416999999999963
2023-02-28,0.2695751067779111,0.25265407025874176,0.033419169089004996,0.007909000000000055
2023-03-01,0.26929023349040393,0.24975656380348696,0.032626438732745344,0.013505999999999962
2023-03-02,0.2690721699890204,0.24171837996385748,0.014583520255960603,0.009592999999999963
2023-03-03,0.27225185327859286,0.22887893253191285,0.010050969724449133,0.015078999999999954
2023-03-06,0.2709523876032009,0.2320216406052875,0.016186827436177942,0.023274000000000017
2023-03-07,0.2711543765845418,0.23190258811311074,0.03755040848218222,0.029903999999999986
2023-03-08,0.2815559340851013,0.22831330933783606,0.030204807971120073,0.03106800000000004
2023-03-09,0.2738336877197889,0.24802453783671868,0.06726319142027454,0.026588
2023-03-10,0.27177227406829735,0.2451593756185925,0.09151368975450236,0.01750299999999999
2023-03-13,0.26233651477726994,0.2971929753942198,0.12050288083480204,0.053929000000000005
2023-03-14,0.26028729561149233,0.24429763402406346,0.09109330336986224,0.05055900000000002
2023-03-15,0.2459409935269838,0.2800177043413075,0.10095352305271665,0.039210999999999996
2023-03-16,0.22198592304467718,0.24910425482074758,0.0671192371759593,0.047155999999999976
2023-03-17,0.21774123533395792,0.23576332902923025,0.0772415894595907,0.04974600000000001
2023-03-20,0.21850884136356413,0.2383086015970764,0.08067849177089886,0.05834400000000001
2023-03-21,0.21773787509596487,0.24299669410586527,0.06487271448363513,0.063865
2023-03-22,0.2068130092768942,0.26609073167035147,0.09125127131559196,0.051369
2023-03-23,0.20729307548544976,0.2583936841076968,0.09021640546459841,0.059362000000000026
2023-03-24,0.2105172415445867,0.25897282994288023,0.08937670496386418,0.05859500000000001
2023-03-27,0.22090706501345894,0.2727894770571359,0.10334380976249541,0.05663299999999999
2023-03-28,0.23191397114553583,0.27347723950009195,0.10122869817217839,0.04624600000000001
2023-03-29,0.23419876753218163,0.2702257960949554,0.09933189422208893,0.049226999999999965
2023-03-30,0.23320574141673744,0.2683852008619203,0.09983976750959611,0.048153
2023-03-31,0.239915258516938,0.25928166948690473,0.08742783101097962,0.04150199999999998
2023-04-03,0.24255773656350146,0.2733198367831948,0.10677414772140714,0.039296
2023-04-04,0.24246654152617034,0.2691451689190637,0.10244861339679917,0.04814099999999999
2023-04-05,0.24027421179994587,0.2753616480997385,0.1134576244154582,0.04472000000000004
2023-04-06,0.22549753689590749,0.2647853220189823,0.0914420669148987,0.02343400000000001
2023-04-10,0.22749208319415756,0.2796962326093101,0.10896931328021114,0.045440000000000036
2023-04-11,0.23865090016763943,0.2775606948892953,0.10600172693170268,0.04182800000000003
2023-04-12,0.2457497344650481,0.2740030824209268,0.11281848622273011,0.04389700000000002
2023-04-13,0.24772726389198774,0.26464866228264117,0.0986497053885077,0.045428000000000024
2023-04-14,0.2515261375530402,0.2684145569340453,0.1113080074730162,0.03541
2023-04-17,0.2597260256385217,0.2655619008033987,0.13412107795532283,0.042528999999999983
2023-04-18,0.2617749434542804,0.26247323698717095,0.1350397656660421,0.03701399999999999
2023-04-19,0.2608289951188601,0.23966428997767947,0.1262651596364359,0.03608899999999998
2023-04-20,0.2669342887719204,0.24848407433723615,0.1305941259040351,0.038103
2023-04-21,0.27271455091161567,0.23795121468637004,0.1263319917231058,0.04122199999999998
2023-04-24,0.27199972909750303,0.22915585362532262,0.12843792551455027,0.04203199999999996
2023-04-25,0.27007521485613784,0.2428564409431789,0.1491277594554133,0.04635499999999998
2023-04-26,0.264695103474589,0.21632018381924117,0.0752659359865411,0.03616800000000003
2023-04-27,0.25321961356414896,0.2189281768988354,0.04682102985446418,0.041973999999999956
2023-04-28,0.255977853479257,0.21219273785960147,0.02900623346781836,0.04405499999999998
2023-05-01,0.2565571938748686,0.21686959280645368,0.03830925958326256,0.03307700000000002
2023-05-02,0.2482617589777486,0.22237367970246916,0.04911874248306197,0.040451000000000015
2023-05-03,0.24554525577555922,0.21826412877088036,0.049063264436498555,0.04001199999999999
2023-05-04,0.2506373479755363,0.21973113593555513,0.05951545947382961,0.04835499999999998
2023-05-05,0.25310833719165515,0.20872590605782193,0.028588789200054143,0.04851300000000003
2023-05-08,0.2737473542923629,0.2117224983655079,0.0450554641040925,0.04050100000000001
2023-05-09,0.26925179575348857,0.21657415775304917,0.054318917805842415,0.04069400000000001
2023-05-10,0.2588172844852114,0.21783867747305954,0.03879110083236059,0.029093000000000035
2023-05-11,0.2530435721703499,0.22150303012055597,0.0323712665349519,0.027978000000000003
2023-05-12,0.2525462510981059,0.2198941360228006,0.012787737108012232,0.035149000000000014
2023-05-15,0.2525162865168877,0.22126853559718462,0.007002863446959828,0.03903599999999999
2023-05-16,0.24769220017247176,0.22363613172230762,0.006122975361478322,0.03448799999999996
2023-05-17,0.244951485642821,0.22030159508977734,-0.0033859424542803662,0.03767400000000004
2023-05-18,0.2468745162371427,0.21950877814374314,-0.0030909941188600465,0.035083
2023-05-19,0.2388348559218069,0.2212984141179729,-0.010998287771920356,0.035798000000000024
2023-05-22,0.2407801434888987,0.22130680914447184,-0.011101549911615605,0.03440300000000002
2023-05-23,0.2395319910522266,0.22648173739632418,0.0061562719024970125,0.035245000000000026
2023-05-24,0.24406236083829827,0.23050562414748432,0.01279978614386218,0.042639999999999956
2023-05-25,0.24247034998286812,0.23160067545993415,0.019573897525411,0.03263000000000005
2023-05-26,0.24192727070531514,0.22608701521803973,0.01926138743585104,0.03165200000000001
2023-05-30,0.23612263576092832,0.2316585984660333,0.025177147520743015,0.02820499999999998
2023-05-31,0.23563986749303248,0.22545970269127757,0.02433480712513142,0.020390999999999992
2023-06-01,0.23484295393329865,0.22300501496211605,0.010557242022251417,0.022274000000000016
2023-06-02,0.23616041671847737,0.21759171026087334,-0.002461254775559224,0.020761
2023-06-05,0.2314026710564938,0.21975808177878972,-0.0028043469755362482,0.01607599999999998
2023-06-06,0.2276814589524122,0.21686282141150892,-0.012486336191655123,0.012121999999999994
2023-06-07,0.20117098911279171,0.2287605865370378,-0.01283935329236291,0.020116000000000023
2023-06-08,0.2027432987417162,0.22560373195840994,-0.016866794753488512,0.01597699999999999
2023-06-09,0.20320109646585127,0.21927952676820656,-0.01278528348521138,0.014831999999999984
2023-06-12,0.20709142323109722,0.22212797676855556,-0.002696571170349882,0.017913999999999985
2023-06-13,0.21396022603203177,0.22057364536294827,-0.004091250098105875,0.014213999999999977
2023-06-14,0.21424702786270078,0.2223404943229843,0.0029147144831123684,0.013151999999999997
2023-06-15,0.2105550846796939,0.22179653822798365,0.012581800827528244,0.01238800000000001
2023-06-16,0.21317898117192138,0.2215733077100235,0.011288515357179008,0.011786999999999992
2023-06-20,0.2358756141317545,0.224037424054658,0.022444484762857264,0.005195000000000005
2023-06-21,0.23677281406768116,0.22348707337100704,0.029543145078193084,0.0071550000000000225
2023-06-22,0.2298835460481643,0.2238698782281083,0.029680857511101333,0.014255999999999991
2023-06-23,0.231346436065656,0.22604216329723548,0.041702009947773344,-0.002460999999999991
2023-06-26,0.22796796701083094,0.24552760010292252,0.06267764016170171,0.008303999999999978
2023-06-27,0.23272264648593716,0.23361944735173065,0.05474665101713186,0.015144999999999964
2023-06-28,0.2335526949404632,0.237288899481923,0.056627730294684875,0.019093000000000027
2023-06-29,0.2329838975097162,0.2400114811788218,0.06327736523907168,0.016154
2023-06-30,0.2338958216856065,0.23234595137085354,0.06032713350696753,0.009802000000000033
2023-07-03,0.23675474142066646,0.23572977919236426,0.07195504706670136,0.010334999999999983
2023-07-05,0.23391456023744298,0.24090873764243512,0.08409158428152261,0.0016760000000000108
2023-07-06,0.23972179932087395,0.24496946697363142,0.09086832994350616,0.011744000000000032
2023-07-07,0.2393703642231163,0.24728852248421726,0.0836295420475878,0.014678999999999998
2023-07-10,0.2399770462244578,0.2513083996540666,0.1303690118872083,0.012487000000000026
2023-07-11,0.23988082653932824,0.2516545954849355,0.12445370225828381,0.006404999999999994
2023-07-12,0.240110176202224,0.2406403764245157,0.10835590453414867,0.009967000000000004
2023-07-13,0.23430717039372995,0.25661061780848954,0.12330557776890277,-0.0035780000000000256
2023-07-14,0.22783417527240543,0.24614976556513377,0.10071577496796827,0.006306000000000034
2023-07-17,0.2243545803754405,0.25590821679343606,0.11302797313729918,-0.0014989999999999726
2023-07-18,0.22691720821280464,0.25339849071919385,0.11869091632030612,-0.0062409999999999966
2023-07-19,0.22708730229651983,0.2577294887654802,0.13131901982807861,-0.010680000000000023
2023-07-20,0.2043655447607435,0.26993823769904096,0.11145238686824552,-0.009079000000000004
2023-07-21,0.20265252074271797,0.26260922798640857,0.10163118693231882,-0.012895000000000045
2023-07-24,0.2017752654173058,0.25479137884513875,0.11019845495183567,-0.010360999999999954
2023-07-25,0.20535429722005658,0.2688159300378823,0.11430456493434399,-0.005869999999999986
2023-07-26,0.20673316018652912,0.2257586523510183,0.021229033989169033,0.0003220000000000167
2023-07-27,0.2040283485943702,0.23668294390431402,0.027651354514062837,-0.00047800000000003395
2023-07-28,0.2025351370905291,0.22953584354705966,0.005458306059536788,0.005742999999999998
2023-07-31,0.21163743221633446,0.22077835871010534,0.008182103490283782,0.01092499999999999
2023-08-01,0.21195818148649506,0.22051733447589641,0.012022179314393477,0.004695000000000005
2023-08-02,0.2109234882981542,0.23869264964080353,0.032766259579333545,0.009780999999999984
2023-08-03,0.21105463405673372,0.22855749371400505,0.04026144076255703,0.012951000000000046
2023-08-04,0.20342986424371112,0.22752450900687662,0.024244201679126026,0.02541500000000002
2023-08-07,0.20646486893820903,0.22604569446603565,0.022969636776883712,0.021591999999999945
2023-08-08,0.20741044551153257,0.22547284058608816,0.031603954775542176,0.020450999999999997
2023-08-09,0.20340159792231868,0.22300044412744277,0.0320821744606718,0.030903999999999987
2023-08-10,0.2015199106573621,0.21082710570558935,0.02856082479777597,0.028415999999999997
2023-08-11,0.20105238676275464,0.2069155303833543,0.02229783060627008,0.03513100000000002
2023-08-14,0.20298696860426796,0.20321813138229103,0.024698825727594576,0.031681000000000015
2023-08-15,0.20472888065929576,0.2072145551304823,0.04808942062455951,0.023863000000000023
2023-08-16,0.20260864141116505,0.2055061871513078,0.04155079278719537,0.03234099999999995
2023-08-17,0.1997869469920509,0.22644954496189632,0.0559106987034802,0.030604999999999993
2023-08-18,0.19526704407731413,0.21356148164943803,0.07443845623925652,0.036619999999999986
2023-08-21,0.19633879075287772,0.20066167182773192,0.07240748025728205,0.02989799999999998
2023-08-22,0.1965221940881975,0.21196445659444663,0.07600673558269419,0.030250999999999972
2023-08-23,0.19381159498175507,0.2036599976647426,0.0666577037799434,0.027939999999999965
2023-08-24,0.18955617229563837,0.2213260149305027,0.07369484081347089,0.023355999999999988
2023-08-25,0.1862651263598082,0.20497174579018468,0.05698165240562983,0.026265999999999984
2023-08-28,0.18322314703105866,0.20571539516224407,0.0633298639094709,0.020354999999999956
2023-08-29,0.1771517081470366,0.20207270425571247,0.03698356878366557,0.02245600000000003
2023-08-30,0.18223802318842755,0.2004256118117393,0.028923819513504978,0.018635000000000013
2023-08-31,0.18149518771112078,0.19915320063744993,0.02432251270184585,0.019457000000000002
2023-09-01,0.1814775484070158,0.19588157311818935,0.017077366943266253,0.015224999999999989
2023-09-05,0.18273458058115913,0.19763346212026525,0.034063136756288886,0.018702999999999997
2023-09-06,0.18080717722228778,0.19840620912807103,0.035760132061790934,0.021923000000000026
2023-09-07,0.18294184864889967,0.19854947108184368,0.041330555488467424,0.021750999999999993
2023-09-08,0.18958081851236092,0.178821785386003,0.029539403077681325,0.026943999999999996
2023-09-11,0.19181365404102785,0.1761788499684107,0.034959090342637916,0.023556999999999995
2023-09-12,0.19269203746804028,0.17573686575382547,0.03908761423724538,0.02468999999999999
2023-09-13,0.19232144373015822,0.1752444403602685,0.035065032395732054,0.022674
2023-09-14,0.1942709205181953,0.17154081281812883,0.025625120340704244,0.025922
2023-09-15,0.1927014552870434,0.17870150918008837,0.03500835958883494,0.024776999999999993
2023-09-18,0.1942646941053143,0.18168637388499312,0.04119205400794909,0.03204599999999999
2023-09-19,0.19936606722402714,0.1783646374147904,0.05368595692268588,0.029300999999999994
2023-09-20,0.1987342420677405,0.1847396236627359,0.06656921024712226,0.03348999999999999
2023-09-21,0.19975198190273516,0.2175226894889688,0.10150580691180253,0.031581000000000026
2023-09-22,0.20457690201097656,0.20384682081203584,0.09993840601824494,0.03557900000000003
2023-09-25,0.20374456099770277,0.19199897185766224,0.1145288287043616,0.040318999999999994
2023-09-26,0.20097414744542172,0.20377074975882256,0.14358087464019179,0.038217
2023-09-27,0.20726589729823386,0.20080882137049247,0.13702185396894134,0.04247200000000001
2023-09-28,0.20994736607439202,0.2012748400108637,0.13637829285296338,0.04196
2023-09-29,0.20790490846403778,0.202460355995735,0.13267897781157242,0.044005000000000016
2023-10-02,0.21086130829639596,0.20479863648127117,0.14240281328887924,0.041710000000000025
2023-10-03,0.21059948039042492,0.21201559776060558,0.16633545259298418,0.04899400000000004
2023-10-04,0.21002552448006062,0.2074762929399489,0.15382742041884084,0.03671599999999997
2023-10-05,0.2083433383038977,0.20558502199113463,0.15024482377771223,0.046606000000000036
2023-10-06,0.20406917141833658,0.1971111061123158,0.13096415235110034,0.039810999999999985
2023-10-09,0.20018424164536663,0.2035478195481762,0.1252871824876391,0.04097999999999996
2023-10-10,0.1970810751795,0.21165658751625382,0.11741134695897218,0.04023500000000002
2023-10-11,0.1978681432580199,0.22347972484416997,0.10971796353195976,0.03571599999999997
2023-10-12,0.19958768323711779,0.2221239756671984,0.10944255726984178,0.041739000000000026
2023-10-13,0.19447968969819643,0.24900061470225662,0.1279220804818047,0.05253200000000002
2023-10-16,0.19744799687250908,0.23465772781852687,0.1300825457129566,0.037714000000000025
2023-10-17,0.1940366975046231,0.2479329252741294,0.12046830689468568,0.04713700000000004
2023-10-18,0.19156912792357284,0.2698911083327163,0.13597493377597286,0.04705699999999996
2023-10-19,0.1923700329075606,0.27126758506709026,0.1445477589322595,0.04657300000000003
2023-10-20,0.19134311838686552,0.23010687464524152,0.14674801909726481,0.05235000000000001
2023-10-23,0.18175277282598212,0.23670326401044134,0.14500909898902345,0.05378900000000003
2023-10-24,0.18172730230734208,0.24180994329493782,0.14385344000229722,0.034026
2023-10-25,0.17886890560063637,0.23314858483653159,0.09159885355457834,0.03683000000000003
2023-10-26,0.17435787226973581,0.24365293028140236,0.09062010370176612,0.04331200000000002
2023-10-27,0.1655980802237492,0.24017102735437035,0.07503763492560797,0.045576000000000005
2023-10-30,0.16529236584283105,0.2090100981235871,0.06787209253596221,0.043545999999999974
2023-10-31,0.17116883725816387,0.20753938068218175,0.06011169270360406,0.036377999999999994
2023-11-01,0.1695455855995673,0.19529379312954828,0.030085520609575117,0.04222899999999999
2023-11-02,0.17024825096783877,0.18961028707997798,0.01567547651993939,0.038757000000000014
2023-11-03,0.18033929389995468,0.18573199035468943,0.007043662696102293,0.03208999999999998
2023-11-06,0.1809079557843109,0.1847660536672889,0.009572829581663445,0.03198400000000001
2023-11-07,0.18760828158683948,0.18455845613277583,0.014826759354633373,0.02964900000000001
2023-11-08,0.19074069378582711,0.1837291807985279,0.016689925820499996,0.02904799999999999
2023-11-09,0.190130301039612,0.18700717667019634,0.024835857741980105,0.03206800000000001
2023-11-10,0.1862891506959709,0.18463172481541468,0.008775317762882234,0.029278
2023-11-13,0.18764471247742273,0.18246648340609825,0.025051311301803575,0.027103000000000016
2023-11-14,0.19622063235912826,0.18372246677458304,0.013064004127490952,0.024383000000000016
2023-11-15,0.19852990226827863,0.18132036972914856,0.02025730349537691,0.020484000000000002
2023-11-16,0.20542836927986113,0.17676985587259628,0.01836087307642717,0.025596000000000008
2023-11-17,0.20252190368373552,0.17959821845090193,0.02051796809243936,0.019790000000000002
2023-11-20,0.20878663505403644,0.17537426957186958,0.0114668826131345,0.024248999999999993
2023-11-21,0.2090867543517788,0.1687723976191233,0.022337228174017842,0.020072000000000007
2023-11-22,0.20772963496812574,0.16851718904256824,0.012275698692657933,0.020794000000000007
2023-11-24,0.20685767064909616,0.1700051198667792,0.01719709539936362,0.021833999999999992
2023-11-27,0.20509911596946964,0.1805921653773308,0.026647128730264175,0.019588999999999995
2023-11-28,0.20448799895895065,0.17995215188181152,0.030628920776250818,0.018709000000000003
2023-11-29,0.20104650986735004,0.1780303639765737,0.034738635157168934,0.020340999999999998
2023-11-30,0.19662914019189293,0.17814402275095917,0.03298616374183613,0.017645999999999995
2023-12-01,0.19823601645486189,0.17730495885860267,0.03604141540043271,0.016558000000000017
2023-12-04,0.19811215479724195,0.18031214696577355,0.05714175003216124,0.01708699999999999
2023-12-05,0.18994315215845206,0.18325140230704834,0.04411070710004533,0.017822000000000005
2023-12-06,0.18993388685027407,0.1820447764535949,0.04690804521568909,0.013489000000000001
2023-12-07,0.18485006994885583,0.1892308283585316,0.042492719413160546,0.005064999999999986
2023-12-08,0.18275682626328021,0.18911354237348998,0.030445307214172906,0.005901999999999991
2023-12-11,0.19494840984672576,0.18804128840798817,0.033257699960387965,0.007645999999999986
2023-12-12,0.19405308335842159,0.18830919872160584,0.026964850304029064,0.007508000000000015
2023-12-13,0.197414423531639,0.18633640201100485,0.024653288522577282,0.010868000000000017
2023-12-14,0.19108791962199076,0.18604437521561923,0.02777436864087174,0.008610000000000007
2023-12-15,0.18944357911257323,0.18277074532366588,0.019259098731721408,0.010735999999999996
2023-12-18,0.17818625567180524,0.1887498538330053,0.021619631720138865,0.005412
2023-12-19,0.1807661831480422,0.184369546494173,0.02394609731626446,0.008653999999999995
2023-12-20,0.17099079306381298,0.19236587870622224,0.03441736594596356,0.004952999999999985
2023-12-21,0.17197603754158386,0.19269989495378104,0.035325246648221176,0.014807000000000015
2023-12-22,0.17824529474898046,0.19135516604865566,0.033729366031874264,0.01882000000000003
2023-12-26,0.17742540089633269,0.19574141961185618,0.049417330350903815,0.016214000000000034
2023-12-27,0.17714158888218104,0.19250603264430755,0.046715885030530396,0.022485000000000005
2023-12-28,0.17898193109786112,0.19830998045072215,0.05464200204104935,0.023098000000000007
2023-12-29,0.18301070860390029,0.1985102799092117,0.057114491132649964,0.02458000000000002
2024-01-02,0.17907874789248138,0.20357909211386854,0.0948318608081071,0.010328999999999977
2024-01-03,0.19993739576385913,0.19919045658237405,0.09529398454513813,0.017003999999999964
2024-01-04,0.201030414110987,0.19987278048207374,0.10293684620275806,0.014286999999999994
2024-01-05,0.20163926545046748,0.18245760373818098,0.10553784884154793,0.014376
2024-01-08,0.20134465494299894,0.18410166528895008,0.11021011414972595,0.013801000000000008
2024-01-09,0.19741735295132762,0.18139070359597642,0.10997793105114415,0.015580000000000038
2024-01-10,0.1995716155001976,0.18084009647703672,0.11323917473671977,0.011824000000000001
2024-01-11,0.18705707701956106,0.19909818070297527,0.09602559115327422,0.016845
2024-01-12,0.19222208219425754,0.19380085401427957,0.09359291764157843,0.01755899999999999
2024-01-16,0.1902666547681167,0.20705727355760592,0.09291857746836099,0.01975100000000002
2024-01-17,0.19060039851336613,0.2032660406947825,0.10845608137800922,0.016793999999999976
2024-01-18,0.1916335060335629,0.19846760510986394,0.10164442188742681,0.022334999999999994
2024-01-19,0.1939637316243867,0.19220448482438102,0.10265974532819475,0.022260000000000002
2024-01-22,0.19240729810220583,0.19474170891044795,0.11217781785195782,0.02226199999999995
2024-01-23,0.19431810917449724,0.1942804725635854,0.12109020793618702,0.019685000000000008
2024-01-24,0.19330069979205042,0.19889170633862166,0.12283996345841616,0.02009099999999997
2024-01-25,0.19407655875883784,0.19976907129288624,0.12129270625101954,0.018769999999999953
2024-01-26,0.1964300460268924,0.19992966121675285,0.12177060010366733,0.01874199999999998
2024-01-29,0.19793998629046985,0.20181697860703776,0.129946412117819,0.019287
2024-01-30,0.1989612422910683,0.20499526705479795,0.1534520699021389,0.019211000000000034
2024-01-31,0.19532706207228406,0.18913168790837506,0.06168529239609971,0.007611000000000007
2024-02-01,0.200444580222629,0.17723458569095643,0.047443253107518624,0.015714000000000006
2024-02-02,0.18174640031424558,0.18749638504989358,0.024782605236140898,0.010127999999999998
2024-02-05,0.1813361460054563,0.18973246747621766,0.030533586889013004,-0.0016349999999999976
2024-02-06,0.1862424797294663,0.18698698168380642,0.020929735549532535,0.0034540000000000126
2024-02-07,0.1976002267339866,0.18355450108062074,0.012072346057001054,0.009006999999999987
2024-02-08,0.20204504966451453,0.18689960830544114,0.014815648048672386,0.00838899999999998
2024-02-09,0.20061070324637092,0.19066735841982863,0.017361385499802373,-0.003699000000000008
2024-02-12,0.20139520210203546,0.18019703236031503,0.033421923980438945,0.0021689999999999765
2024-02-13,0.2003001863891132,0.18958207891983905,0.043632918805742466,0.012908000000000003
2024-02-14,0.20253306041071661,0.1806042771547356,0.035074346231883324,0.01047300000000001
2024-02-15,0.21148500855043148,0.1823650254714239,0.0398126024866339,0.012113999999999986
2024-02-16,0.21239001193150459,0.1890703635589401,0.047856494966437096,0.00859299999999999
2024-02-20,0.2114441151688261,0.1912648968941322,0.050565269375613286,0.01602500000000001
2024-02-21,0.21519452784074536,0.19032969305740918,0.05144370289779418,0.009766999999999998
2024-02-22,0.2151686909112522,0.18641234120357683,0.03726189182550274,0.009131
2024-02-23,0.21822735429729054,0.18082354274271392,0.029521301207949602,0.00032799999999999496
2024-02-26,0.2146514042889643,0.19846703038596855,0.06139544224116211,0.008875999999999995
2024-02-27,0.21623114642053515,0.1919167462285346,0.04733495497310761,0.008174999999999988
2024-02-28,0.21347749337240723,0.1944120273431919,0.04732201470953015,0.011546999999999974
2024-02-29,0.21486870715254938,0.1893592161050444,0.0369877587089317,0.010242000000000001
2024-03-01,0.21636313758130649,0.18738477921744812,0.0418719389277159,0.002800999999999998
2024-03-04,0.2110097293108314,0.2081391980262195,0.05626642077737101,0.010543999999999998
2024-03-05,0.213176690816312,0.1901670376140266,0.0833576006857544,0.00725600000000004
2024-03-06,0.2150546851329456,0.18784227994658725,0.08352285499454373,0.005659000000000025
2024-03-07,0.21001648204926857,0.19265081264445927,0.07846852127053366,0.0017510000000000026
2024-03-08,0.2044072117088565,0.20407040780143962,0.0693397742660134,-0.0032919999999999616
2024-03-11,0.2012584788174214,0.2022425797517673,0.0670819513354855,-0.004281000000000035
2024-03-12,0.2015860154676657,0.1998797581727967,0.05990729775362913,-0.0025580000000000047
2024-03-13,0.20418372751416786,0.19740007018359876,0.05695579889796454,0.001224999999999976
2024-03-14,0.20461792064532422,0.20130140728419924,0.05974781461088677,0.005066000000000015
2024-03-15,0.20132144681138536,0.20520316502092922,0.06406194058928341,0.009989999999999999
2024-03-18,0.18870170470342346,0.21550992720300044,0.06247899244956853,-0.005125999999999964
2024-03-19,0.18733870702733926,0.21039405198090708,0.050201989068495434,-0.0021090000000000275
2024-03-20,0.1930445910513332,0.20453876747239405,0.04545988583117394,0.0014450000000000296
2024-03-21,0.19274577922214328,0.2155439480198809,0.0648054731592547,-0.012035999999999991
2024-03-22,0.19325731070234511,0.22060873675507134,0.0716183100887478,-0.00997300000000001
2024-03-25,0.19097240532255005,0.2317117251055489,0.08059964670270947,0.0016020000000000478
2024-03-26,0.1972171744100746,0.22978006326920308,0.08866659671103566,-0.003116999999999981
2024-03-27,0.20298681099661112,0.22379356370098144,0.08820985457946484,4.799999999999249e-05
2024-03-28,0.20838627939969936,0.22458209621737177,0.09688250762759282,-0.010604999999999976
2024-04-01,0.2156667247877641,0.24416376414271307,0.11189029384745061,0.001888999999999974
2024-04-02,0.22049006150395992,0.24183657553026475,0.1182088634186935,0.0032729999999999704
2024-04-03,0.22081401870504505,0.23506579745724848,0.12323027168916859,0.005667000000000033
2024-04-04,0.22579736544658963,0.24809421131260964,0.131353310183688,0.015246999999999955
2024-04-05,0.22202568965901182,0.24663333815275337,0.12531731586705439,0.01281199999999999
2024-04-08,0.22245101544762078,0.24504840448136864,0.13145251895073146,0.019311000000000023
2024-04-09,0.2171651578248999,0.23308878912288625,0.13381678929114352,0.020562000000000025
2024-04-10,0.2179529821779824,0.23639059080454347,0.1468365221825786,0.014905999999999975
2024-04-11,0.22125818840358266,0.23055353225780734,0.13288098553233432,0.01853699999999997
2024-04-12,0.2207991832371607,0.2384619927066687,0.1452792734858322,0.024424999999999975
2024-04-15,0.21838260640048965,0.24289142894479634,0.1592380803546758,0.029557
2024-04-16,0.21642119738279395,0.23369322949479993,0.15420455418861465,0.022926000000000002
2024-04-17,0.21527470278295183,0.2183750511065054,0.18456229629657653,0.02161099999999999
2024-04-18,0.21415745344616596,0.21776735498911481,0.1869992939726607,0.027758000000000005
2024-04-19,0.20944778983334428,0.22648477851013665,0.1823114099486668,0.028378000000000014
2024-04-22,0.20582535712415503,0.21976369526615444,0.17998022177785672,0.03639299999999995
2024-04-23,0.20408098023894702,0.21717147364501282,0.16783369029765488,0.034389
2024-04-24,0.21063261637882466,0.21419701771897293,0.17704959567744996,0.02591500000000002
2024-04-25,0.20372978754417637,0.22667606082867758,0.19746282658992537,0.015004000000000017
2024-04-26,0.19568823088302112,0.20582911885949387,0.06078919000338889,0.010772000000000004
2024-04-29,0.19102726752474433,0.20635326430988363,0.05740872160030064,0.009091999999999989
2024-04-30,0.17918706206558388,0.21635940487885696,0.06330227621223589,0.010492999999999975
2024-05-01,0.1765884753531779,0.2195313011573133,0.05859193949604008,0.016178000000000026
2024-05-02,0.17942607835975477,0.21653083195201145,0.051337982294954954,0.017269000000000034
2024-05-03,0.16630251775876997,0.2166402277632037,0.03449363555341037,0.019733
2024-05-06,0.16791597116728418,0.21191986077371525,0.03476731134098818,0.019269000000000036
2024-05-07,0.16531327303163154,0.2094677344759466,0.024505985552379206,0.01089000000000001
2024-05-08,0.1685028128048867,0.20384992149368994,0.0348328431751001,0.01532699999999998
2024-05-09,0.17537142711141038,0.20026895895976568,0.020819018822017615,0.017055999999999988
2024-05-10,0.17259201871367497,0.20879358591361266,0.02163881259641734,0.010803000000000007
2024-05-13,0.17662697495762786,0.21019108473507542,0.030505817762839282,0.010063000000000016
2024-05-14,0.17475487011318916,0.2016676327411591,0.01989439459951034,0.008464
2024-05-15,0.1755527452970479,0.19621236974725265,0.007039803617206047,0.005421000000000009
2024-05-16,0.17811928767143737,0.1941850372476097,0.0023092982170481724,0.008832000000000007
2024-05-17,0.18006744212346945,0.19305947183741937,0.004782547553834032,0.00777899999999998
2024-05-20,0.17893356180762895,0.19132337087521897,0.005078211166655716,0.009230000000000016
2024-05-21,0.1829476186142845,0.1908614612181057,0.01322264387584493,0.0014919999999999933
2024-05-22,0.18314135570959011,0.18877821601036737,0.014009020761052982,0.012356000000000006
2024-05-23,0.17753675269640326,0.1909532528587492,0.012556384621175337,0.00514400000000001
2024-05-24,0.17650633317236414,0.18860570633750628,0.012984213455823651,0.008458999999999994
2024-05-28,0.17494568333121782,0.18401768407381064,0.029457770116978893,0.006732999999999989
2024-05-29,0.17581047353540022,0.182867827525346,0.046140733475255685,0.01277700000000001
2024-05-30,0.17671972165030875,0.18218708111033521,0.06204493893441612,0.010428999999999994
2024-05-31,0.17342827780849887,0.1797069174442371,0.054976525646822094,0.011031999999999986
2024-06-03,0.16882860762858143,0.17989926824575742,0.05676392264024524,0.015957
2024-06-04,0.17076695817316973,0.17642104314627302,0.06623448324123002,0.01538500000000001
2024-06-05,0.16910291423744492,0.1761741624029157,0.060518029832715786,0.010679999999999995
2024-06-06,0.1710321315131803,0.17536914899106296,0.061408727968368465,0.0066879999999999995
2024-06-07,0.16878577990607663,0.1760839931017893,0.05914218819511327,0.00861300000000001
2024-06-10,0.16772522117672423,0.17736219711355095,0.05030257388858966,0.004313000000000011
2024-06-11,0.1658571449286957,0.17614056423272484,0.05292398228632503,0.011945000000000011
2024-06-12,0.15999836276109045,0.17586663729116706,0.05095502604237215,0.001595000000000013
2024-06-13,0.16838748414843813,0.17637361532439458,0.057822130886810846,0.0047589999999999855
2024-06-14,0.17201534885821965,0.17621977306590247,0.05786825570295209,0.011643999999999988
2024-06-17,0.17841572568491953,0.17595317185918186,0.07242971332856266,0.010618000000000016
2024-06-18,0.17896410716336997,0.17893642887060401,0.07386455887653054,0.003817999999999988
2024-06-20,0.17911347581540554,0.17852411698312495,0.08596543919237104,0.010985000000000023
2024-06-21,0.17457064858343885,0.18117550113732456,0.07742738238571553,0.013705999999999996
2024-06-24,0.18255417264708532,0.18061893259824915,0.08303564529040985,0.004925000000000013
2024-06-25,0.18807116397631773,0.183052857139903,0.09713624830359674,-0.0017119999999999913
2024-06-26,0.1959126977699328,0.18249221775927266,0.10247466782763587,0.0020589999999999775
2024-06-27,0.1975683469182991,0.18270063262543437,0.10767831766878216,0.005189999999999972
2024-06-28,0.19877724254676185,0.1833392127773694,0.11432352746459978,0.0044379999999999975
2024-07-01,0.2037064164537027,0.18572477364012396,0.12412427934969125,0.005343000000000042
2024-07-02,0.21318012604785377,0.1852208896719425,0.1271387231915011,0.0023719999999999852
2024-07-03,0.21906046363598214,0.19129380592260953,0.13100339337141856,0.004278999999999977
2024-07-05,0.25538074849334574,0.19369543242367768,0.14099104282683025,0.0009310000000000151
2024-07-08,0.2613265495529178,0.19342055127297064,0.14626208676255512,0.002970000000000028
2024-07-09,0.2666860021894972,0.194681936460153,0.1465068694868197,0.0019520000000000093
2024-07-10,0.26978480119345166,0.19348214146973755,0.15248722109392332,-0.0012980000000000214
2024-07-11,0.26887829051161044,0.19324425090591746,0.16423877982327573,0.00015300000000001424
2024-07-12,0.2692025857990757,0.19372611409937515,0.1752168560713043,0.0013819999999999943
2024-07-15,0.2674202903094931,0.19436431901521567,0.17755663823890958,0.001226999999999978
2024-07-16,0.2730662108563,0.19535396427605303,0.1688035168515619,0.0016049999999999676
2024-07-17,0.27113281359028907,0.20173065119607386,0.17208465214178037,0.009094000000000046
2024-07-18,0.26909167083573904,0.19932284053175175,0.17259427531508045,0.019455999999999973
2024-07-19,0.2678062637019758,0.20365479827393496,0.17534389383663004,0.019392999999999994
2024-07-22,0.26733266511050874,0.20350490467273052,0.17330252518459446,0.014158000000000004
2024-07-23,0.26769349901711353,0.20377691412423338,0.18366635241656118,0.007609000000000032
2024-07-24,0.26459549768753354,0.19384219657751958,0.0874208283529147,0.019203000000000026
2024-07-25,0.2597484213929103,0.20754088865501658,0.11110883702368227,0.031138999999999972
2024-07-26,0.256938166032169,0.19941808030009409,0.0763573032300672,0.03405999999999998
2024-07-29,0.2558985491393618,0.20024417894196156,0.06869165408170089,0.026459999999999984
2024-07-30,0.25837999644625764,0.20607597623484647,0.07646975845323817,0.013448000000000015
2024-07-31,0.2642774986349077,0.19352115362868583,0.05584658454629729,0.013927000000000023
2024-08-01,0.2553507334298691,0.207918692937864,0.057623874952146215,0.02042700000000003
2024-08-02,0.2557194259671427,0.22677901421270724,0.08780453736401783,0.041771
2024-08-05,0.22136092790925468,0.32746321193540784,0.12506125250665429,0.104441
2024-08-06,0.21863780637327324,0.24273989648884053,0.059262451447082254,0.06629999999999997
2024-08-07,0.22243179291120382,0.23614691022338344,0.04011399881050287,0.06761400000000001
2024-08-08,0.23308395164704715,0.22709520598901445,0.007146199806548348,0.05485899999999999
2024-08-09,0.23060413825302623,0.23040764602345828,-0.0032092895116104247,0.05023199999999997
2024-08-12,0.23611124399961983,0.2267471563405215,-0.0064945847990756644,0.04945299999999997
2024-08-13,0.23705397386030078,0.21389849062411134,-0.021012289309493087,0.04111300000000001
2024-08-14,0.22698966709073878,0.20945406072971426,-0.022886209856299966,0.02666200000000002
2024-08-15,0.22636145227141,0.2068386901053141,-0.03846781259028903,0.026398000000000005
2024-08-16,0.22191498714317948,0.2004424138724803,-0.036329669835739015,0.01603199999999999
2024-08-19,0.22165825977034787,0.2004250548042403,-0.039429262701975776,0.009283999999999987
2024-08-20,0.22219661642819333,0.20227737666723541,-0.03079166411050871,0.00952900000000001
2024-08-21,0.22146259177865946,0.2057300123704248,-0.025286498017113496,0.017704000000000025
2024-08-22,0.22189799838916993,0.21132938978192098,-0.011973496687533502,0.02601299999999998
2024-08-23,0.22253727047761773,0.20707639862846955,-0.022474420392910283,0.02104600000000001
2024-08-26,0.2190115063309115,0.21014340734195255,-0.014691165032168996,0.026130999999999988
2024-08-27,0.2188991741026789,0.2079597782239239,-0.017138548139361748,0.025124000000000007
2024-08-28,0.21656414711837133,0.21263246822730245,-0.009612995446257627,0.02703500000000003
2024-08-29,0.20344028024126046,0.2097302902303076,-0.018401497634907643,0.02502500000000002
2024-08-30,0.21225653059119426,0.20562011559899393,-0.03394173242986906,0.027115
2024-09-03,0.20814420318162946,0.22701445040545212,0.00690257503285735,0.036766999999999994
2024-09-04,0.2058211368550882,0.2179920347079796,0.05259407309074529,0.03389900000000001
2024-09-05,0.20270655384381023,0.20670120391579672,0.04441019462672674,0.036488999999999994
2024-09-06,0.1975616027994016,0.22346777800974135,0.0696372080887962,0.04604800000000003
2024-09-09,0.18043221888915986,0.22336000818745172,0.053719049352952825,0.037937
2024-09-10,0.19080801547049658,0.22349457911066029,0.06269886274697375,0.025895
2024-09-11,0.18398648898497455,0.2178576654306677,0.047661757000380195,0.015278000000000014
2024-09-12,0.18495010713531412,0.2147494683784117,0.033336027139699215,0.01722499999999999
2024-09-13,0.1843892115974311,0.20245667635536643,0.03802933390926122,0.015988999999999975
2024-09-16,0.1882970963761051,0.21263992453905628,0.052132548728589995,0.019830000000000014
2024-09-17,0.18768631573771505,0.20777600786325223,0.05060901385682051,0.021664000000000017
2024-09-18,0.1895068935976843,0.20899742619289946,0.06055574122965213,0.016971000000000014
2024-09-19,0.18858626850897756,0.20523060175500799,0.04996538457180666,0.019674000000000025
2024-09-20,0.18844303429730055,0.20365527957731375,0.04610440922134057,0.020571000000000006
2024-09-23,0.18507481770198378,0.20252394177429175,0.04869500261083007,0.018874999999999975
2024-09-24,0.18868375313655275,0.2029757507782786,0.050491730522382317,0.021641999999999995
2024-09-25,0.19054288866802999,0.20682959690139205,0.06167849466908851,0.023067000000000004
2024-09-26,0.19059385615607316,0.21730794268111098,0.07268582689732109,0.016347999999999974
2024-09-27,0.1968888704198781,0.21425717146292914,0.08286985388162865,0.01702199999999998
2024-09-30,0.19918755002014818,0.21781136121148373,0.11405572075873954,0.018849000000000005
2024-10-01,0.2038234306282737,0.22610297550437944,0.11907647040880576,0.02233200000000002
2024-10-02,0.21444508717801608,0.22828084798146314,0.13048579781837052,0.019413000000000014
2024-10-03,0.21662307670643619,0.23399122992305255,0.13746486414491177,0.021679000000000004
2024-10-04,0.2166342685078462,0.23212840715723923,0.12843344715618973,0.02426600000000001
2024-10-07,0.21008627187253076,0.23711320148722956,0.1554393982005984,0.027317000000000036
2024-10-08,0.21119430968544267,0.2347627365232989,0.16566278211084012,0.023338000000000025
2024-10-09,0.20084018422003697,0.2322703829601273,0.1464999855295034,0.02556999999999998
2024-10-10,0.19919568279227878,0.22956511845238672,0.15287251201502547,0.02287699999999998
2024-10-11,0.19655295149697335,0.22344093845745386,0.14330089386468592,0.027590000000000003
2024-10-14,0.19613652582570462,0.22553814064125902,0.14216378940256888,0.020419999999999994
2024-10-15,0.19284178883253925,0.22827205226449127,0.14530790462389487,0.022045000000000037
2024-10-16,0.1978197834620003,0.2291928128782247,0.14846968526228496,0.02172200000000002
2024-10-17,0.19765856625444667,0.2310920663403561,0.1505191074023157,0.019343999999999972
2024-10-18,0.1980399418474507,0.20894888589385077,0.14390573249102245,0.01992000000000005
2024-10-21,0.20296179758622188,0.21183132162507562,0.15574396670269947,0.019005999999999967
2024-10-22,0.20722360235911,0.21279202944502412,0.16616818329801625,0.016046000000000005
2024-10-23,0.23847261972637698,0.2168671492090325,0.17430924786344723,0.021087000000000022
2024-10-24,0.23850154093240228,0.21775283292879827,0.17601511233197,0.01180199999999998
2024-10-25,0.24049038160427352,0.21566261737191988,0.17610614484392687,0.01959500000000003
2024-10-28,0.23283720046912876,0.22431260919399434,0.1921951305801219,0.014794999999999947
2024-10-29,0.2302026580685864,0.22253159919775797,0.18692145097985177,0.004020999999999997
2024-10-30,0.21850199176659876,0.18692014928068718,0.0630325703717263,0.021706000000000003
2024-10-31,0.2073942028403809,0.19416390643691583,0.07010791382198392,0.020434000000000008
2024-11-01,0.20368348857684335,0.19307017518335987,0.0463799242935638,0.019401999999999975
2024-11-04,0.20340627354718793,0.19212401812849159,0.03957273249215382,0.026309000000000027
2024-11-05,0.2059438616689445,0.18753289795055322,0.03882372912746926,0.026416999999999996
2024-11-06,0.20535225381757524,0.18815102563520378,0.014186691314557326,0.016211000000000003
2024-11-07,0.2049044057084525,0.18623247031192547,0.008919816779963036,0.010823
2024-11-08,0.21339197115036082,0.18570918090781485,0.006200318207721184,0.008839000000000014
2024-11-11,0.2266307250654453,0.18770684665561835,0.019476049503026643,0.0062480000000000036
2024-11-12,0.22549131607111886,0.18702541546813153,0.023988475174295365,0.008374999999999994
2024-11-13,0.22694402253468948,0.1892045225828159,0.027936212167460756,0.002938999999999997
2024-11-14,0.2308769844921056,0.18975982608712919,0.026900217537999704,0.0003589999999999982
2024-11-15,0.2403314676112752,0.19169875341649828,0.03891543474555334,0.018358000000000013
2024-11-18,0.2550890133013743,0.19156197148844098,0.033140059152549306,0.012022000000000005
2024-11-19,0.25464476090382576,0.19267399740855481,0.029874203413778083,0.010548000000000002
2024-11-20,0.260609777494832,0.19367344157291017,0.03434739864088998,0.019216999999999984
2024-11-21,0.23396713125422613,0.203245856133436,0.032508381273623044,0.016392000000000018
2024-11-22,0.2327281378187838,0.21173209546987243,0.021897460067597713,0.006716
2024-11-25,0.23122125269781252,0.2009817539631375,-0.0011353806042735115,0.00528300000000001
2024-11-26,0.23598864009537793,0.20157605705590773,0.0004978005308712563,-0.00017300000000000648
2024-11-27,0.2385827124084633,0.19561145355487394,-0.006651657068586392,-0.0038880000000000026
2024-11-29,0.23965140370168103,0.19297435747700384,0.0053380092334012474,0.004564999999999986
2024-12-02,0.24344285006440616,0.18791061977021561,0.013740798159619066,0.0028849999999999987
2024-12-03,0.24551000155405056,0.1919885705058291,0.017744512423156666,0.0031940000000000024
2024-12-04,0.24674768294533495,0.1880617129404111,0.014407727452812075,0.0023809999999999942
2024-12-05,0.25539980728459305,0.18851791532934514,0.01720313933105555,0.007251999999999981
2024-12-06,0.2578000857612542,0.18937338155998293,0.01766374718242472,0.0024419999999999997
2024-12-09,0.26642477636671247,0.18977514642725732,0.027913595291547494,0.003219999999999973
2024-12-10,0.26275168049937964,0.1958214385124694,0.035829029849639205,-0.007201999999999986
2024-12-11,0.25453546750721306,0.22682927584623788,0.06638227593455473,-0.018768000000000007
2024-12-12,0.25784568527177104,0.20252511181299354,0.03392968492888118,-0.013226999999999989
2024-12-13,0.25698334643095866,0.20298358813829015,0.029918978465310497,-0.012193999999999983
2024-12-16,0.2515929759708994,0.2132158392263474,0.0480280165078944,-0.019222000000000017
2024-12-17,0.24529921290325338,0.22487474205652938,0.04212053338872476,-0.021204
2024-12-18,0.23106438611609642,0.24468729192857847,0.053529987698625714,-0.007146000000000041
2024-12-19,0.23465366657833497,0.25029746831259814,0.05326224009617425,0.018813000000000024
2024-12-20,0.22375635625820917,0.23512699856374672,0.021392223505168062,0.017415000000000014
2024-12-23,0.2293422701001466,0.21200705016538093,0.0420728697457739,0.009477999999999986
2024-12-24,0.23416026403039308,0.2026181226801289,0.01777586318121621,0.010214
2024-12-26,0.2361022509342981,0.20556383301115805,0.04000174830218747,0.006142999999999954
2024-12-27,0.23230334744343586,0.23342779930769902,0.04861136090462209,0.015497999999999956
2024-12-30,0.2319474939685382,0.24859857512934572,0.07213828859153673,0.011421000000000014
2024-12-31,0.2327319209040314,0.2389791085260265,0.06299859729831894,0.02126699999999998
2025-01-02,0.2292723982290587,0.2451433273603225,0.07056515093559382,0.023221000000000047
2025-01-03,0.23358037602310489,0.2459569889696168,0.0591269994459494,0.02111400000000002
2025-01-06,0.2322240433510812,0.25534357704367466,0.07940031805466508,0.009259000000000017
2025-01-07,0.23343025960052197,0.2575770121866974,0.08274519371540695,0.014261000000000024
2025-01-08,0.23051392148517916,0.25574666254764394,0.07468391523874585,0.011633000000000004
2025-01-10,0.22089780337181295,0.26636198939341416,0.08880422463328758,0.011415999999999982
2025-01-13,0.21990201959527841,0.2610518866408624,0.08423432050062041,0.017838999999999994
2025-01-14,0.2184563256870811,0.26045555716998386,0.08347353349278697,0.028384999999999994
2025-01-15,0.2144576994486765,0.24525824756933268,0.068712315728229,0.017380000000000007
2025-01-16,0.21853156773455717,0.24292096896988652,0.07009765456904138,0.014223999999999959
2025-01-17,0.21518144424081084,0.24245172873485318,0.07264302502910064,0.01536599999999999
2025-01-21,0.21137662620132588,0.24852211439723562,0.09428078809674661,0.01050899999999999
2025-01-22,0.21518125037844782,0.246387327588396,0.10800361488390356,0.011087000000000014
2025-01-23,0.2109894928022866,0.24232110805676793,0.10946233442166503,0.014596999999999971
2025-01-24,0.21424853012564035,0.2458401411420811,0.12230464474179084,0.011372999999999966
2025-01-27,0.20754116814898002,0.24975253916225967,0.1486707308998534,0.018196000000000045
2025-01-28,0.21069349539404475,0.24884922469742551,0.14231073696960694,0.012416999999999956
2025-01-29,0.21286977848119065,0.2497028842672497,0.1436697500657019,0.007601000000000024
2025-01-30,0.2276658829308925,0.24382999628327268,0.12781165355656413,0.0065689999999999915
2025-01-31,0.2418181367457014,0.24541971588076372,0.12931350703146183,0.008589000000000013
2025-02-03,0.24513751941570913,0.24841797723253312,0.1382100800959686,0.01743499999999998
2025-02-04,0.24844542749926862,0.2477783480077718,0.15234360277094128,0.0021959999999999757
2025-02-05,0.247888914416634,0.21987882620178276,0.03265362497689514,0.003286000000000011
2025-02-06,0.25319988830493007,0.21732172210600495,0.01882995764891876,0.0014819999999999833
2025-02-07,0.25279885534945157,0.21451886439975093,0.029424741399478038,0.01257999999999998
2025-02-10,0.2582788809825026,0.2159134658990619,0.021929079514820787,0.013944999999999985
2025-02-11,0.2593564117882573,0.21311615195492278,0.03179319762818705,0.012936000000000003
2025-02-12,0.2610722116070927,0.21354463559388887,0.035198981404721635,0.012079000000000006
2025-02-13,0.26133931054062803,0.21369777017680122,0.03857767531291892,0.0046279999999999655
2025-02-14,0.28141533873442715,0.213032728151696,0.04044930155132351,0.005715000000000026
2025-02-18,0.28462333550612884,0.2122784303129681,0.0450124332654428,0.004593000000000014
2025-02-19,0.2894836548219957,0.2102062965469806,0.037036556759189154,0.008492999999999973
2025-02-20,0.2894891583615224,0.21158494756243273,0.04685837479867411,-0.0020379999999999843
2025-02-21,0.2881626800303897,0.20876379484713362,0.05513975062155216,0.02841100000000002
2025-02-24,0.28555855965597843,0.20985937517114522,0.06628250819771342,0.028500000000000025
2025-02-25,0.28586356640108207,0.21112803816539671,0.07391047087435962,0.034862000000000004
2025-02-26,0.283168783673906,0.21144182944968187,0.08674383285102,0.03590699999999997
2025-02-27,0.29162713227672865,0.21668004141288838,0.10617150560595529,0.03455400000000003
2025-02-28,0.29665613986514694,0.2148184575375972,0.08794922251880935,0.026798999999999962
2025-03-03,0.2881399989694321,0.20972144100873008,0.08978111806910749,0.04271600000000003
2025-03-04,0.27848095697010855,0.22253035379280706,0.08463686425429862,0.04050199999999998
2025-03-05,0.27469854246815384,0.2188147904471409,0.060539481584290844,0.033891000000000004
2025-03-06,0.28255355082194994,0.22557123567334966,0.07833857350073137,0.03994599999999998
2025-03-07,0.33570615983534113,0.22243472930663805,0.07192208658336602,0.03300599999999998
2025-03-10,0.3508063511318754,0.23361243486855715,0.11756311269506997,0.06460900000000003
2025-03-11,0.3733304397017369,0.23608910496746383,0.11320314565054845,0.05390699999999998
2025-03-12,0.3853209362026501,0.22678470421868874,0.07367512001749749,0.04585499999999998
2025-03-13,0.3861322266638813,0.23114089627699266,0.08791558921174275,0.04930200000000001
2025-03-14,0.38758122998684336,0.22127126395841568,0.05711678939290732,0.030554000000000026
2025-03-17,0.3899595539138397,0.28041756819684516,0.05329669045937202,0.033235000000000015
2025-03-18,0.38114631311399333,0.2822575643135487,0.049497662265572895,0.034519999999999995
2025-03-19,0.3857213853247551,0.27412911705930976,0.027355665493871195,0.02898700000000004
2025-03-20,0.38403412820329913,0.27177141311174474,0.03132834617800434,0.02163799999999999
2025-03-21,0.3853181911743655,0.24741197381152288,0.01678184263847765,0.03325299999999998
2025-03-24,0.3869735235284778,0.23759630807792048,0.010676320969610353,0.02864899999999998
2025-03-25,0.3881989764167446,0.23476633559736493,0.004728441344021617,0.03775999999999996
2025-03-26,0.3904430418009238,0.27405705448722023,0.03830443459891797,0.035914
2025-03-27,0.3937515365438482,0.2767645706080404,0.05073621732609401,0.03420699999999999
2025-03-28,0.3852521860266658,0.29189810802881966,0.08215686872327138,0.05140100000000003
2025-03-31,0.38243902164744314,0.295000354855609,0.08471086113485315,0.04591599999999996
2025-04-01,0.38158061755220607,0.27298262314236543,0.08953000203056793,0.05291699999999999
2025-04-02,0.3808086294721634,0.2786592970400586,0.10165204402989148,0.03998500000000005
2025-04-03,0.3806441957226475,0.28227131637691505,0.15407345853184617,0.060219999999999996
2025-04-04,0.37420305248988817,0.3435113625336509,0.26092045017805016,0.13725700000000002
2025-04-07,0.38210964952059107,0.36689718799181564,0.20338484116465888,0.14156800000000003
2025-04-08,0.36586303746808035,0.37673767381420525,0.21771264986812455,0.16731800000000002
2025-04-09,0.33598877291319784,0.31300019944214935,0.03809956129826314,0.07161599999999996
2025-04-10,0.3192697034120057,0.3207962504055651,0.1039320647973499,0.11637700000000001
2025-04-11,0.3226440859235372,0.3045183708719449,0.05729777433611871,0.126122
2025-04-14,0.3276846929686207,0.3013328344994083,0.028418771013156652,0.112006
2025-04-15,0.3267191240436549,0.29327162271528767,0.022158447086160327,0.09563899999999997
2025-04-16,0.3232372666673098,0.293212853877175,0.049458687886006714,0.09466400000000003
2025-04-17,0.31149923491699416,0.28886397762078114,0.03476861567524492,0.09018999999999999
2025-04-21,0.31773180403547513,0.3003247921747067,0.0883548727967009,0.07217799999999996
2025-04-22,0.33795288361006315,0.32937115386294974,0.06820780982563451,0.07653399999999999
2025-04-23,0.34345639344992696,0.3283165202600464,0.050211477471522215,0.07119700000000001
2025-04-24,0.34227302931425624,0.3280300290259084,0.04172702458325539,0.05057800000000001
2025-04-25,0.33755886226995213,0.2796247869966531,-0.07906804080092378,0.047686000000000006
2025-04-28,0.33445345442371943,0.2809351560177893,-0.07776153554384818,0.04473100000000002
2025-04-29,0.33406226614049794,0.27823890060024864,-0.07393718502666574,0.04402199999999995
2025-04-30,0.33586908687968753,0.2833792841520681,-0.06621302064744311,0.04649700000000001
2025-05-01,0.33445005591439103,0.27852760483002115,-0.08407561655220602,0.04624999999999996
2025-05-02,0.33420068711268125,0.2756431132530362,-0.10619162847216335,0.04680400000000001
2025-05-05,0.3328813708587997,0.2781485288282311,-0.09483019472264748,0.045337000000000016
2025-05-06,0.33118518474018577,0.2785025537720907,-0.07681105148988815,0.040239000000000025
2025-05-07,0.2624529998223571,0.31506043800521594,-0.03168064852059105,0.05541200000000002
2025-05-08,0.25916763840166374,0.27557017502217807,-0.057523036468080324,0.03686500000000004
2025-05-09,0.2681720925500277,0.2742442703802764,-0.039725771913197816,0.036409000000000025
2025-05-12,0.2678510576855915,0.2550810486109635,-0.05360970241200569,0.028355999999999992
2025-05-13,0.26058311491750785,0.2597517010244744,-0.04464508492353719,0.015559999999999963
2025-05-14,0.253707502348416,0.26526610614417595,-0.03339169196862063,0.006817999999999991
2025-05-15,0.24922057516731258,0.2669197150831105,-0.035233123043654835,0.01664500000000002
2025-05-16,0.2470162680631776,0.25982627369739886,-0.03302426566730976,0.00841900000000001
2025-05-19,0.24809761450022294,0.2607264946060371,-0.017286233916994187,0.013517000000000001
2025-05-20,0.2521962825558659,0.2634280072265042,-0.024118803035475145,0.02168600000000004
2025-05-21,0.23294776230562045,0.272923482124499,-0.030838882610063123,0.022289000000000003
2025-05-22,0.2191878274290877,0.27124947440020913,-0.02790439244992693,0.018173999999999968
2025-05-23,0.22469007081067038,0.27638355449214125,-0.02728902831425628,0.02296799999999999
2025-05-27,0.22868305610411604,0.2623026003803323,-0.046755861269952126,0.021962000000000037
2025-05-28,0.23640809516410463,0.2443685425742705,-0.04419645342371936,0.02186100000000002
2025-05-29,0.24301545058511426,0.24497031194781907,-0.05141226514049785,0.02303299999999997
2025-05-30,0.23586939384749844,0.24417621093108627,-0.055520085879687486,0.020723999999999965
2025-06-02,0.236416780652091,0.2502830351761338,-0.05588805491439103,0.024009000000000003
2025-06-03,0.23476574419205656,0.252058731028904,-0.05063468611268124,0.017137999999999987
2025-06-04,0.23748191093607893,0.25030715865928177,-0.06056936985879968,0.018303999999999987
2025-06-05,0.24110231787244302,0.2482580679483396,-0.04891618374018575,0.025878999999999985
2025-06-06,0.2550063142306456,0.23592379553312023,0.004515001177642919,0.023865000000000025
2025-06-09,0.2590524675268092,0.23483798026275102,0.014118362598336265,0.014477000000000018
2025-06-10,0.25220692647596127,0.23479671357829,0.0017079084499723174,0.02372599999999997
2025-06-11,0.25465603560445343,0.2364327740698531,0.00494094331440853,0.025666999999999995
2025-06-12,0.25548330637569167,0.23626296426712937,0.014348886082492185,0.027480999999999978
2025-06-13,0.25011460225210363,0.24318768323515016,0.030807498651584053,0.036113000000000006
2025-06-16,0.2533795688765412,0.2347689168125377,0.03662042583268743,0.02595900000000001
2025-06-17,0.2529300849360791,0.24118001569842626,0.04939273293682239,0.03458100000000003
2025-06-18,0.2526282347157584,0.24198003088711637,0.053594386499777075,0.02860299999999999
2025-06-20,0.24259111458683735,0.24993752858066817,0.06422871844413414,0.03366000000000002
2025-06-23,0.23325357411927516,0.24479437496184633,0.08343823869437952,0.018351000000000006
2025-06-24,0.24133059722264705,0.23956649693131066,0.0929401735709123,0.016835000000000044
2025-06-25,0.23724177764355536,0.23701935741507324,0.09357693018932964,0.015245999999999982
2025-06-26,0.23483118869472955,0.23814722757621257,0.09562894489588394,0.016015999999999975
2025-06-27,0.22451845806740847,0.2389272388521671,0.08258890583589534,0.023906999999999956
2025-06-30,0.2151054811489807,0.25764181352482357,0.11645055041488572,0.007731999999999961
2025-07-01,0.2169031776211176,0.25395852672543384,0.11843260715250156,0.007531999999999983
2025-07-02,0.2173172242227719,0.25180938924254337,0.11446822034790899,0.013563000000000047
2025-07-03,0.21806094628277792,0.23776610219879257,0.11383225680794343,0.012060000000000015
2025-07-07,0.21972348751695012,0.24506578932750417,0.12959509006392106,0.013929000000000025
2025-07-08,0.21451634048284945,0.24748759613062885,0.121043683127557,0.014905000000000002
2025-07-09,0.19813160830432036,0.25391686017441123,0.11137868676935447,0.006535000000000013
2025-07-10,0.19762064393346565,0.2561880395026489,0.09936753347319083,0.010736999999999997
2025-07-11,0.19236764967104356,0.25311325200919305,0.10466507452403878,0.011918999999999957
2025-07-14,0.18960177164208158,0.24831602357848065,0.1158249653955466,0.0065769999999999995
2025-07-15,0.20392847063301123,0.24715824548517146,0.11360669462430839,0.0047760000000000025
2025-07-16,0.20477054734527053,0.2464276655791537,0.11670939874789643,0.014876
2025-07-17,0.2091432705315036,0.24619104330938943,0.11113343212345883,0.008957999999999966
2025-07-18,0.2086418693792818,0.2456338979009293,0.10444191606392095,0.014467999999999981
2025-07-21,0.2100315594509584,0.244364615495248,0.10956576628424164,0.00900200000000001
2025-07-22,0.21048376746735425,0.24564608673244825,0.13816988641316263,0.004857
2025-07-23,0.20983792576914528,0.24288837731700272,0.13553742688072482,-0.0063650000000000095
2025-07-24,0.21329477407723338,0.2359798791383343,0.054445403777352935,0.012398999999999993
2025-07-25,0.21798368916726715,0.22497844719751953,0.03711922335644466,0.015421000000000018
2025-07-28,0.215919790345219,0.22409683170133896,0.04023781230527046,0.014502999999999988
2025-07-29,0.21625534876560665,0.22805264237754302,0.05482354293259151,0.01725600000000005
2025-07-30,0.21766523421139078,0.2242073294347317,0.05662251985101932,0.021408000000000038
2025-07-31,0.2175971170482625,0.22911462499878724,0.07186482337888242,0.024274000000000018
2025-08-01,0.2215378117420358,0.23367165506949397,0.0740787767772281,0.033331
2025-08-04,0.22530369610007375,0.23226721161571368,0.07712105471722211,0.027669
2025-08-05,0.22839857801789032,0.2322785858650453,0.0819935134830499,0.026971000000000023
2025-08-06,0.2281613887339431,0.2300782229082119,0.07928966051715056,0.023217000000000043
2025-08-07,0.22902644567794553,0.22835779025243286,0.1053643926956796,0.030806
2025-08-08,0.2306880702936735,0.2176356628203609,0.1057453570665344,0.02180399999999999
2025-08-11,0.2320720639572393,0.2091011521474793,0.11269435132895642,0.02525299999999997
2025-08-12,0.23625652530045133,0.19228310045700814,0.11335922935791837,0.025114000000000025
2025-08-13,0.2252758097602597,0.21831921440969096,0.09514153036698877,0.02732000000000001
2025-08-14,0.22731435636704656,0.21950118920559733,0.09284345365472949,0.02341500000000002
2025-08-15,0.22130950635534022,0.2244069449536882,0.0839987304684964,0.03305400000000003
2025-08-18,0.2246015989990267,0.22176015852526826,0.09038413162071823,0.026500999999999997
2025-08-19,0.2248485492891367,0.2253943743806501,0.0890854415490416,0.030847000000000013
2025-08-20,0.22119530428881173,0.2253840727793287,0.08737423353264576,0.03139799999999998
2025-08-21,0.22382696351186882,0.2264142474598478,0.0872120752308547,0.039320999999999995
2025-08-22,0.21249901463284482,0.22185513026712572,0.08248322692276658,0.02227699999999999
2025-08-25,0.20890986131198064,0.22368248121068815,0.09698631183273287,0.018428
2025-08-26,0.21497682131669182,0.22324598156832356,0.09133121065478103,0.025346999999999953
2025-08-27,0.2149765482133408,0.22237916178351172,0.09097165223439332,0.021763000000000032
2025-08-28,0.22403037415664648,0.22296076459011588,0.08661276678860919,0.016114000000000017
2025-08-29,0.22325313391016874,0.2226789369699159,0.0949178839517375,0.025656999999999985
2025-09-02,0.2264487903356103,0.2237001983088465,0.09097718925796419,0.025656999999999985
2025-09-03,0.2239415265244564,0.22325101032336764,0.08721130489992623,0.025656999999999985
2025-09-04,0.22000214365470208,0.22352187379128408,0.08411642298210967,0.025656999999999985
2025-09-05,0.22237846369496592,0.22373268456211814,0.0843536122660569,0.025656999999999985
2025-09-08,0.22216354715305583,0.22268837242338166,0.08348855532205443,0.025656999999999985
2025-09-09,0.2160705430957518,0.22374431112404133,,
2025-09-10,0.21845738053372576,0.2248769934657708,,
2025-09-11,0.22170174823178793,0.2262502015140783,,
2025-09-12,0.2203446655348644,0.22124726238076367,,
2025-09-15,0.22220906118763542,0.21855276770160348,,
2025-09-16,0.22533463417712937,0.2175744750099229,,
2025-09-17,0.22942502970445416,0.21725676560343526,,
2025-09-18,0.23330600560879153,0.2208255764593755,,
2025-09-19,0.23149799549586153,0.21828481812539716,,
2025-09-22,0.24660622836170307,0.2209723889277634,,
2025-09-23,0.2523939954691864,0.21894620204083118,,
2025-09-24,0.25060299641194833,0.217959697629775,,
2025-09-25,0.24992823753749294,0.21783937062280873,,
2025-09-26,0.25083353280581006,0.2177984618501247,,
2025-09-29,0.24141120092269908,0.21881586285557583,,
2025-09-30,0.24175210781762257,0.21767948143770194,,
2025-10-01,0.24034100786310095,0.2184764338978979,,
