date,y_true,y_pred,y_pred_q15,vrp_wedge,put_call_skew_30d
2014-01-06,0.11109935645461864,0.12203991962281158,0.10996898263692856,0.026926610858594976,0.01719699999999999
2014-01-07,0.11932648079609617,0.12108734065235537,0.10823065042495728,0.020360757418840997,0.02187699999999998
2014-01-08,0.11986326563440608,0.12136945884846632,0.10701796412467957,0.02198371155486062,0.021384999999999987
2014-01-09,0.12386554400802709,0.12248868019508743,0.10683191567659378,0.025547882951979364,0.014011999999999997
2014-01-10,0.12312404675967534,0.12167883318475685,0.106843501329422,0.0166703406380119,0.01718800000000001
2014-01-13,0.12260586287366022,0.12210859545549912,0.10854387283325195,0.020065628536184293,0.020912999999999987
2014-01-14,0.12391639026188211,0.12207572430861487,0.1080525666475296,0.02452371518235162,0.019977999999999996
2014-01-15,0.12962183784982184,0.12383034923262973,0.10785797983407974,0.023676292861473602,0.020002999999999993
2014-01-16,0.13712198286300384,0.12336536343009659,0.10943484306335449,0.019565615894914776,0.020935999999999982
2014-01-17,0.13891914141299253,0.12560440658204194,0.10916026681661606,0.031097707479972578,0.011069999999999997
2014-01-21,0.14309860171515232,0.12436307218067935,0.10918048769235611,0.023960778131039667,0.021439
2014-01-22,0.14319573591862308,0.12343237713122862,0.10793819278478622,0.04241222069167698,0.007849999999999996
2014-01-23,0.142666110454567,0.12572133681175396,0.11166848987340927,0.046663671903814444,0.010918000000000011
2014-01-24,0.14336646756605606,0.12795861271598957,0.11227719485759735,0.05938995126698894,0.008386999999999978
2014-01-27,0.14313998657529922,0.1300794437482592,0.11045070737600327,0.06756852022466191,-0.0006069999999999964
2014-01-28,0.14116211148109384,0.13385239840225002,0.11012827605009079,0.06106927153241018,0.0015000000000000013
2014-01-29,0.13957109982187338,0.13575101834173423,0.1136581152677536,0.0689693294673818,0.004850999999999994
2014-01-30,0.13818732679294302,0.13913660787270032,0.11572235822677612,0.0690581577829166,-0.004252000000000006
2014-01-31,0.13580809352789536,0.13737673018692564,0.11865155398845673,0.06754803385477563,0.0061309999999999976
2014-02-03,0.13113040472828527,0.1349606524860402,0.11529406905174255,0.08797495647434321,0.0033189999999999886
2014-02-04,0.1304138079230385,0.13186049957368215,0.1145482063293457,0.0842812699982638,-0.008466000000000001
2014-02-05,0.1297318834030998,0.13642793954960464,0.11382114887237549,0.08640464454538138,-0.007429999999999992
2014-02-06,0.12010769537897945,0.12919690545752502,0.10978290438652039,0.07835952020390381,-0.009121999999999991
2014-02-07,0.11825700799669615,0.1297382865340657,0.1096457839012146,0.06349573536559389,-0.003019999999999995
2014-02-10,0.11177292416554638,0.12909725256786916,0.10835811495780945,0.05737245699197291,-0.0005719999999999892
2014-02-11,0.1130996337177831,0.13241804631860252,0.10612475872039795,0.05538495424032465,0.0005259999999999987
2014-02-12,0.112736425747259,0.130860072549733,0.10617347061634064,0.0562421381263398,0.004208000000000017
2014-02-13,0.11110315106701811,0.13149312019522497,0.10636930167675018,0.0552176107381179,-0.0019759999999999778
2014-02-14,0.10391632231143409,0.1289023989167267,0.10499516874551773,0.048894163150178166,-0.0012159999999999949
2014-02-18,0.09695239459405611,0.1330971541816866,0.10441190749406815,0.01439901813699615,0.007330999999999976
2014-02-19,0.09682764422440225,0.139233178031655,0.11172724515199661,0.011838859587007478,0.007078000000000001
2014-02-20,0.0933264910637359,0.1380275269820641,0.10948598384857178,-0.003647600715152327,0.007795999999999997
2014-02-21,0.09328305259119998,0.1359490942368589,0.11148188263177872,-0.012928734918623092,0.011649999999999994
2014-02-24,0.09288326911565305,0.13464741446642545,0.10850542783737183,-0.012353109454566996,0.009681999999999996
2014-02-25,0.09104680306392245,0.13121500743631032,0.10898452997207642,-0.014472466566056053,0.012856000000000006
2014-02-26,0.09419441674621722,0.12907205760460624,0.1057967022061348,-0.015186985575299211,0.011686000000000002
2014-02-27,0.09384120641120963,0.13038579198138947,0.10642409324645996,-0.012773110481093808,0.00973199999999999
2014-02-28,0.09657342595279744,0.12789185386320465,0.10475106537342072,-0.018741098821873373,0.010829000000000005
2014-03-03,0.1019744047992306,0.1290993106586987,0.11231081187725067,-0.006189325792943012,0.015299000000000007
2014-03-04,0.10223482932425662,0.12973006722568473,0.10998402535915375,-0.010029092527895356,0.011835999999999985
2014-03-05,0.10396741543346023,0.12110352232593198,0.103052519261837,-0.0057074037282852375,0.011282999999999987
2014-03-06,0.10477047827901582,0.11972518538926546,0.10032910108566284,-0.006138806923038531,0.012551000000000007
2014-03-07,0.1092712658249836,0.11983719305852411,0.09946558624505997,-0.012734882403099793,0.01385199999999999
2014-03-10,0.1110732920038,0.11850358442888329,0.10253237187862396,0.0015173056210205649,0.015398999999999982
2014-03-11,0.1106661234950831,0.12069956690216516,0.10276719927787781,-0.0012430069966961332,0.015621999999999997
2014-03-12,0.11543297456769001,0.12219961814925757,0.1039530485868454,0.008487076834453655,0.016880999999999993
2014-03-13,0.119488794724655,0.12244659462492842,0.1120113730430603,0.023325367282216916,0.011656
2014-03-14,0.11947933658406978,0.12203981450453472,0.10647716373205185,0.02851257525274102,0.01858599999999999
2014-03-17,0.1306245198255632,0.12253486722932191,0.11259844154119492,0.02604384993298188,0.018012
2014-03-18,0.1298809523622424,0.122942915325774,0.11145003885030746,0.03106067868856595,0.018226999999999993
2014-03-19,0.1289738147760417,0.12617662884647293,0.11292760074138641,0.04018960640594388,0.01383799999999999
2014-03-20,0.1275991995400788,0.12599366143659577,0.11001823097467422,0.034416356775597734,0.01718800000000001
2014-03-21,0.12567242799388764,0.1310436900232665,0.11292004585266113,0.03978550993626409,0.014617999999999992
2014-03-24,0.12487536545373054,0.1355155992477157,0.11364107578992844,0.04369294840879999,0.015097
2014-03-25,0.12590601660069756,0.13562508813603003,0.1142902746796608,0.04207073188434693,0.015823999999999977
2014-03-26,0.12557039520226151,0.13758336001153051,0.11664027720689774,0.04779019793607754,0.010213
2014-03-27,0.1261075610942404,0.13732250069329874,0.11664701998233795,0.04445458425378278,0.013217000000000007
2014-03-28,0.12740469319864137,0.1331160181510866,0.11603561043739319,0.04072679458879036,0.017285999999999996
2014-03-31,0.12467715221979282,0.13402618805361508,0.11195869743824005,0.036910575047202535,0.018436000000000008
2014-04-01,0.12378442032878023,0.1425095333222951,0.1109883040189743,0.03054559620076938,0.015292
2014-04-02,0.12446067499485806,0.12800006086716398,0.11233727633953094,0.031294171675743374,0.014094000000000023
2014-04-03,0.12439288117581133,0.1295078507606888,0.11199244111776352,0.03255158556653978,0.01505200000000001
2014-04-04,0.1231283823734268,0.14741346111563478,0.11170724034309387,0.030020522720984155,0.014566999999999997
2014-04-07,0.11932416648069835,0.1249938175611754,0.11775515973567963,0.04087873517501642,0.009245000000000003
2014-04-08,0.11832322397370566,0.12413168692993218,0.11779452860355377,0.02978470899619999,0.01725299999999999
2014-04-09,0.11798146949976263,0.13952486142138457,0.11877288669347763,0.027459877504916907,0.017850000000000005
2014-04-10,0.11356474088946901,0.1240776963756485,0.11316456645727158,0.03429402643230997,0.006115000000000009
2014-04-11,0.10816115291594472,0.12389541854875004,0.11239054054021835,0.02944520627534504,0.011107000000000006
2014-04-14,0.10692909424579038,0.13273643113051142,0.11206287145614624,0.021452664415930245,0.016851000000000005
2014-04-15,0.09596128935550875,0.12361137166207511,0.10881248861551285,-0.010385518825563197,0.015324000000000004
2014-04-16,0.09699319499655946,0.12884877574079262,0.10687613487243652,-0.01587895136224239,0.015566999999999998
2014-04-17,0.09566669552965425,0.13245385929837317,0.1042068749666214,-0.020104813776041702,0.013841000000000006
2014-04-21,0.09535202155673772,0.13232706413331452,0.10814379900693893,-0.019621198540078807,0.01616999999999999
2014-04-22,0.09463252319832462,0.13167827494610013,0.1069386675953865,-0.017037426993887675,0.014859000000000011
2014-04-23,0.09475483585006796,0.1302113429131334,0.10634612292051315,-0.013587364453730558,0.012648999999999994
2014-04-24,0.09168358332507716,0.12176909492960859,0.10542094707489014,-0.012750015600697578,0.011382000000000003
2014-04-25,0.0914968787606809,0.12227969458794596,0.10575447231531143,-0.00967839420226152,0.013336
2014-04-28,0.0887090914664015,0.12204046796520965,0.10669615864753723,-0.0064735600942403965,0.012169
2014-04-29,0.08740322729064272,0.12293013526398983,0.10754809528589249,-0.004923692198641361,0.012222999999999998
2014-04-30,0.08755382686786325,0.1232213937178342,0.11139781028032303,-0.0046881512197928105,0.012702000000000005
2014-05-01,0.08201350978713894,0.12322856706796802,0.11473420262336731,-0.003914419328780214,0.015260999999999997
2014-05-02,0.08145961898046138,0.12251482807409173,0.11221031844615936,-0.009904673994858074,0.017200999999999994
2014-05-05,0.07916023478385677,0.12311243980123371,0.11533685773611069,-0.002767880175811366,0.01839399999999998
2014-05-06,0.0808073991076868,0.11965376481284463,0.1127132996916771,0.0017036186265732,0.01271399999999999
2014-05-07,0.08001382191695058,0.12222484706541446,0.1160791888833046,0.002179834519301649,0.01634400000000001
2014-05-08,0.07932175028466094,0.12355498266753931,0.11508893966674805,0.0002787770262943079,0.016947000000000004
2014-05-09,0.07983721103908588,0.12525339147018738,0.11525056511163712,-0.004598468499762601,0.017588000000000006
2014-05-12,0.07945785929268018,0.12568494015809548,0.11592493951320648,-0.0032147398894690205,0.015940999999999997
2014-05-13,0.07943766651130894,0.12253574652646851,0.11380274593830109,0.0005338480840552801,0.013314000000000006
2014-05-14,0.07892925660730837,0.12555688002362528,0.11736598610877991,-0.0014380932457903894,0.012602000000000002
2014-05-15,0.07785169895368843,0.12700585739959727,0.11841781437397003,0.01484171164449126,0.013941999999999996
2014-05-16,0.08209156138375391,0.12640158748963487,0.11696799099445343,0.004288806003440532,0.014032000000000003
2014-05-19,0.084752868485576,0.122953743215434,0.11379864811897278,0.00623230547034577,0.016271999999999995
2014-05-20,0.08415618651499662,0.12288504656448361,0.11325888335704803,0.006127979443262266,0.013324000000000003
2014-05-21,0.0846758001214384,0.12316826868107308,0.1123533844947815,0.006264477801675369,0.012835
2014-05-22,0.08551096037284556,0.1223602854443139,0.11325768381357193,0.005407165149932031,0.013642000000000001
2014-05-23,0.08679227831284496,0.12224070812844215,0.11252792179584503,0.005897417674922856,0.015001
2014-05-27,0.08845755379807664,0.12477412886690012,0.11048612743616104,0.00976712223931911,0.007781999999999997
2014-05-28,0.08729317023458957,0.1247874268265095,0.1113521084189415,0.01412890953359848,0.010284000000000001
2014-05-29,0.08798741408235265,0.12491614765290976,0.11262734234333038,0.013157773709357265,0.010985000000000009
2014-05-30,0.09262062162071559,0.12467181916784566,0.11190862208604813,0.010864174132136764,0.010668999999999998
2014-06-02,0.09342984187994297,0.12576491925021732,0.11319012194871902,0.023390491212861048,0.009993000000000002
2014-06-03,0.09340219596951722,0.12514597701520774,0.11233168095350266,0.023080382019538603,0.009174000000000002
2014-06-04,0.09448342444334157,0.1256876612733682,0.1121644377708435,0.024685766216143226,0.010746000000000006
2014-06-05,0.09309963419430563,0.12587603797712404,0.11235209554433823,0.026953601892313175,0.008232000000000003
2014-06-06,0.09429002167852901,0.12554866910840476,0.11284570395946503,0.023266179083049413,0.009814000000000003
2014-06-09,0.09570711903426028,0.12620035276337505,0.1112450510263443,0.033951250715339054,0.008334999999999995
2014-06-10,0.09731179801632757,0.12599293684212085,0.11252711713314056,0.03127078996091413,0.008809999999999998
2014-06-11,0.09828805464321343,0.12657024956976154,0.11126866936683655,0.03675414170731983,0.007333999999999993
2014-06-12,0.09736679890379474,0.12792690085628328,0.11122740060091019,0.03766133448869105,0.007051000000000002
2014-06-13,0.09853868719641419,0.12734348702064902,0.11264616996049881,0.03650974439269164,0.013038999999999995
2014-06-16,0.09663139557537687,0.1268702187171061,0.11130715161561966,0.05060130204631158,0.006491999999999998
2014-06-17,0.09274939232772363,0.12655644983375433,0.11152183264493942,0.04158343961624608,0.008604
2014-06-18,0.09112962006727832,0.1275125536247994,0.11517291516065598,0.046721132514424016,0.009304000000000007
2014-06-19,0.0929550563854078,0.12792208115274017,0.1148296594619751,0.045564814485003394,0.00904000000000002
2014-06-20,0.10073226724077741,0.12688829909830185,0.1123250424861908,0.04283220087856161,0.004278000000000004
2014-06-23,0.10154867175666066,0.12812361839819078,0.11730088293552399,0.04502104062715445,0.009265999999999996
2014-06-24,0.1033851298301155,0.12793536191011567,0.1160159707069397,0.043226722687155036,0.008822999999999998
2014-06-25,0.10135256810838608,0.12739549548666596,0.11558831483125687,0.039692447201923345,0.012781999999999988
2014-06-26,0.10169578197087868,0.12808991366251135,0.11811576038599014,0.04257483076541045,0.016094999999999998
2014-06-27,0.10090094670080153,0.12852025638987818,0.11675798892974854,0.045781586917647346,0.014503999999999989
2014-06-30,0.10005805344895316,0.12883643155668914,0.11716079711914062,0.04597437937928442,0.011151999999999995
2014-07-01,0.10222642641145512,0.12869697542860267,0.1152251809835434,0.04600415912005705,0.007796999999999998
2014-07-02,0.1042421097979346,0.12805256262833142,0.11698003858327866,0.041011805030482795,0.012251999999999985
2014-07-03,0.10491340260872016,0.12802213650637917,0.11691699177026749,0.03808357655665841,0.013855000000000006
2014-07-07,0.10716966848040906,0.12845742533308485,0.11746600270271301,0.04572936680569438,0.014231999999999995
2014-07-08,0.10902920614370791,0.12110659561989917,0.10606345534324646,0.04660697932147098,0.009933999999999998
2014-07-09,0.10994696963931624,0.12539266604368116,0.10702764987945557,0.04248588196573974,0.015094999999999997
2014-07-10,0.10889819824783023,0.12174784441597836,0.10661692172288895,0.044051202983672405,0.015854000000000007
2014-07-11,0.10915666397697858,0.12427589176380806,0.10835682600736618,0.04553094635678659,0.011425999999999992
2014-07-14,0.10974916684403434,0.12317266526502281,0.1067647933959961,0.04044720209620527,0.01649299999999998
2014-07-15,0.10932685454124902,0.12267288170962372,0.10633624345064163,0.038564313803585826,0.014506999999999992
2014-07-16,0.10777025513096812,0.11975222377313417,0.10355129092931747,0.033172605424623136,0.014115000000000016
2014-07-17,0.11020783885876702,0.11600591805395558,0.10162124782800674,0.041589608672276374,0.014750999999999986
2014-07-18,0.11059340967911514,0.11563636005501934,0.10452745109796524,0.04539738093272169,0.014152999999999999
2014-07-21,0.10954786407729387,0.11578939679695759,0.10269596427679062,0.04732994461459221,0.010546
2014-07-22,0.10179996622065614,0.10472945489593416,0.09523997455835342,0.0022657337592225935,0.01197200000000001
2014-07-23,0.10266928030318832,0.10150485156623698,0.09247539192438126,0.003271329243339338,0.004688999999999999
2014-07-24,0.10268695853640758,0.10207132477317449,0.09329064190387726,0.0013438711698844918,0.007081000000000004
2014-07-25,0.10355051918108442,0.10247586684644097,0.09404958039522171,0.0019684328916139,0.014862
2014-07-28,0.10313504566507316,0.10250929787010468,0.09573227912187576,0.011578219029121317,0.010390999999999997
2014-07-29,0.10321632876214823,0.1220825630869555,0.1011558249592781,0.016522054299198452,0.004308000000000006
2014-07-30,0.09939703852179406,0.12371110934043376,0.10405690968036652,0.028696947551046847,0.005685999999999997
2014-07-31,0.0969455139697581,0.12898437879922675,0.1071377694606781,0.03582057458854489,0.010631000000000002
2014-08-01,0.09845246927587534,0.1289782369734131,0.10956568270921707,0.037987891202065374,0.007698999999999984
2014-08-04,0.0966083810886483,0.12577522761015805,0.10948654264211655,0.03574759839127985,0.010997000000000007
2014-08-05,0.0966022664955581,0.1220831078983392,0.1083521917462349,0.03238433251959094,0.009763999999999995
2014-08-06,0.09356744105155985,0.10683227623756056,0.1023545190691948,0.024335794856292114,0.01782800000000001
2014-08-07,0.0915793279873629,0.12291123355318335,0.1089312732219696,0.030019031360683762,0.0046700000000000075
2014-08-08,0.09072671513892064,0.11235846586576102,0.10627424716949463,0.029180802752169763,0.00642899999999999
2014-08-11,0.08956360318228938,0.12577515749985063,0.10762210190296173,0.021877337023021415,0.011151999999999995
2014-08-12,0.0898663937053288,0.12388774069513957,0.10087178647518158,0.015821834155965622,0.01077900000000001
2014-08-13,0.09060882251458417,0.11600744521620683,0.09973479807376862,0.00486014645875095,0.015202000000000007
2014-08-14,0.09137434635508401,0.11547223810819904,0.0983155146241188,0.0007637458690318844,0.013795000000000002
2014-08-15,0.09208151597169512,0.10242942041516347,0.09661517292261124,0.0011481621412329918,0.010869000000000004
2014-08-18,0.0928153682577913,0.11286118733590367,0.09786354750394821,-0.009246408679115123,0.011810999999999988
2014-08-19,0.09299504885517752,0.11280723901020505,0.0950179472565651,-0.009561863077293856,0.010246000000000005
2014-08-20,0.09820003560634943,0.11642427504462619,0.09508496522903442,-0.004812965220656121,0.012123999999999996
2014-08-21,0.09732448286410883,0.11556723826401141,0.09750232845544815,-0.0015832793031883147,0.006263999999999992
2014-08-22,0.09490977557228776,0.11509325691571738,0.09364596754312515,-0.0017739575364075916,0.007281999999999997
2014-08-25,0.09491419280082626,0.1149864076488502,0.09654134511947632,-0.006149518181084418,0.013149000000000008
2014-08-26,0.09566515503491672,0.11488619430702315,0.0910676121711731,-0.014082044665073137,0.009816999999999992
2014-08-27,0.09899548760072117,0.11493693350398534,0.09278599172830582,-0.01220232776214826,0.010289999999999994
2014-08-28,0.09885737518303436,0.11541205384547315,0.09509264677762985,-0.0003970375217940414,0.010201000000000002
2014-08-29,0.10249395087198154,0.11553211595269675,0.09308906644582748,0.0005904870302418791,0.010957000000000008
2014-09-02,0.1011825646081889,0.11528848234416826,0.0990535169839859,0.007490531724124658,0.013230999999999993
2014-09-03,0.10272378019642284,0.11684175764023796,0.10235646367073059,0.008316619911351686,0.012209999999999999
2014-09-04,0.10204029072097803,0.11881055612495467,0.10271800309419632,0.01899573450444189,0.012619999999999992
2014-09-05,0.10491259005725094,0.1173299831052744,0.10652178525924683,0.018614559948440135,0.012755000000000002
2014-09-08,0.10770544047340334,0.11779271937823191,0.104383185505867,0.026740673012637092,0.012906
2014-09-09,0.11213464106732052,0.11817269231748033,0.10385609418153763,0.027614285861079363,0.011435999999999988
2014-09-10,0.11797883145024321,0.1168398068569088,0.10471103340387344,0.027566397817710628,0.013254000000000002
2014-09-11,0.12613493094816183,0.10988603810657954,0.1035350114107132,0.029253607294671205,0.01443499999999999
2014-09-12,0.1278117003395847,0.11931238821779193,0.10709542036056519,0.03163017848541583,0.014643000000000003
2014-09-15,0.130614634553064,0.11787825120004793,0.109304279088974,0.03835865464491596,0.013835999999999987
2014-09-16,0.13262828458150272,0.11242894264475653,0.11026110500097275,0.037188485028304866,0.010270000000000001
2014-09-17,0.13386641952157632,0.1101750791481479,0.10440344363451004,0.03430963274220869,0.010930999999999996
2014-09-18,0.13844121445788415,0.11005276741971978,0.10385171324014664,0.03424195214482245,0.005071999999999993
2014-09-19,0.13820250240783508,0.11047833837689262,0.10252057015895844,0.03628496539365053,0.0025499999999999967
2014-09-22,0.14706419882699334,0.1102521062946748,0.10242630541324615,0.03905951813589116,0.005962999999999996
2014-09-23,0.1567830969795846,0.1129324255124025,0.10877220332622528,0.04816822542771225,0.00022300000000000098
2014-09-24,0.16021927781103573,0.11256983719903753,0.10844311863183975,0.04974580819917376,0.004230999999999985
2014-09-25,0.16049956667338602,0.11329193654405009,0.1092052161693573,0.05914484596508328,-0.0035740000000000216
2014-09-26,0.1590355233757872,0.12071902462548599,0.11111322790384293,0.04630451339927885,0.008678999999999992
2014-09-29,0.1595475530442997,0.12081730534653916,0.11245085299015045,0.052123625816965655,0.013183
2014-09-30,0.15862247619231953,0.12098792560609553,0.10885496437549591,0.06536105012801845,-0.0007360000000000144
2014-10-01,0.16153431474330526,0.11388208232348077,0.11044088006019592,0.06903443639181109,0.009915000000000007
2014-10-02,0.1627895772740969,0.11384663913579043,0.10904791206121445,0.06388722080357716,0.011363999999999985
2014-10-03,0.166205400706125,0.11380750085225577,0.107261061668396,0.06423771027902198,0.0131
2014-10-06,0.16531751186526655,0.1344659959358082,0.11302997171878815,0.07237141094274907,0.0044239999999999835
2014-10-07,0.16569206369909514,0.13459068270202895,0.1119566410779953,0.07784256052659665,0.007733999999999991
2014-10-08,0.1646433945416577,0.13224691844443182,0.11344551295042038,0.06727635993267946,0.014415000000000011
2014-10-09,0.16066435042628593,0.12975999122475426,0.11274971812963486,0.06556816954975679,0.00716
2014-10-10,0.1555255747821433,0.1321440470727792,0.10970736294984818,0.06076607005183818,0.004472000000000004
2014-10-13,0.1534814208339236,0.13556472290858476,0.11088696122169495,0.0652903006604153,0.008928999999999992
2014-10-14,0.1537232576443507,0.13103339112839396,0.11174631118774414,0.05503536644693602,0.018402
2014-10-15,0.15074686860647796,0.13597464383796093,0.1130591556429863,0.07630071641849726,0.031609
2014-10-16,0.1497825851753409,0.13191530174064786,0.11047005653381348,0.06427558147842369,0.026195999999999997
2014-10-17,0.1447950861929048,0.1301556243119527,0.11141471564769745,0.04878778654211585,0.02146400000000001
2014-10-20,0.1514973513425313,0.13115851550510313,0.11433437466621399,0.034267498592164936,0.027309
2014-10-21,0.14656460478153446,0.11669830188680107,0.09874766319990158,0.01397980217300665,0.026805999999999996
2014-10-22,0.13818095088694066,0.12171396041806612,0.1030278280377388,0.001988904020415405,0.01839099999999999
2014-10-23,0.13520293526569885,0.12084597105447711,0.10321997106075287,-0.009843276811035723,0.02113699999999999
2014-10-24,0.13687949326569843,0.1218821563713218,0.10389215499162674,-0.014472565673386034,0.023031000000000024
2014-10-27,0.13758265770564373,0.1211747949577456,0.10153047740459442,-0.011994522375787187,0.021060999999999996
2014-10-28,0.13734214733392539,0.11983553007494992,0.09911990910768509,-0.02363955204429974,0.019273999999999986
2014-10-29,0.13889087342814832,0.11922681233288424,0.10030435025691986,-0.017959475192319524,0.013867000000000018
2014-10-30,0.13634984720883225,0.11922118824363423,0.09645181149244308,-0.01928631374330525,0.007973000000000008
2014-10-31,0.1352307715076957,0.11839235971103176,0.09592709690332413,-0.021915576274096904,0.004285000000000011
2014-11-03,0.1310523283459499,0.11917986259669332,0.09559594839811325,-0.016910399706124984,0.0044620000000000215
2014-11-04,0.1316142195333107,0.11895623261012546,0.09609479457139969,-0.015146510865266555,0.0012280000000000069
2014-11-05,0.1297676396465573,0.11750621076774125,0.09559132158756256,-0.017512062699095138,0.005258000000000013
2014-11-06,0.12889246386699393,0.11894732266376801,0.09600058943033218,-0.016937393541657686,0.0038660000000000083
2014-11-07,0.13708206464056974,0.11575318995461926,0.0932626873254776,-0.019010349426285905,0.005970000000000003
2014-11-10,0.13833989957089426,0.11513026793765947,0.09404633194208145,-0.012986573782143296,0.004203000000000012
2014-11-11,0.14017332915447614,0.11470946522749823,0.09440751373767853,-0.012456419833923593,0.0023669999999999802
2014-11-12,0.14120789532827274,0.11297387800495545,0.09349298477172852,-0.011434256644350715,2.6999999999999247e-05
2014-11-13,0.14084474245780096,0.11423751550303003,0.09210356324911118,-0.01140986760647797,0.005085999999999979
2014-11-14,0.1653196453239989,0.1121526382883017,0.0909617617726326,-0.008430584175340872,0.00293199999999999
2014-11-17,0.1748125221617633,0.11299457871469541,0.09331047534942627,-5.8085192904760996e-05,0.0047950000000000215
2014-11-18,0.16764788920564191,0.1171326801108548,0.09893417358398438,0.016091649657468676,-0.013010999999999995
2014-11-19,0.1690360720846637,0.1315358805016521,0.10700535029172897,0.02272439621846553,-0.009207999999999994
2014-11-20,0.16754020671968037,0.12623937466762208,0.10648985207080841,0.02662405011305935,-0.004381999999999997
2014-11-21,0.16865637726905214,0.1293459982011346,0.10452032834291458,0.022375065734301147,-0.00337599999999999
2014-11-24,0.16675541005625794,0.12366240047990176,0.10230003297328949,0.013737507734301602,-0.002931000000000017
2014-11-25,0.16623965255540188,0.11445663027204407,0.09860916435718536,0.014032343294356264,0.0007309999999999817
2014-11-26,0.168600753168594,0.12756639966513905,0.10463880747556686,0.012469853666074615,0.003825999999999996
2014-11-28,0.166440133903393,0.12823911455213355,0.10307852178812027,0.011979127571851683,0.0040989999999999915
2014-12-01,0.1651128641873792,0.1271291286011861,0.10507255792617798,0.021700153791167742,0.0017790000000000028
2014-12-02,0.16710284742423165,0.12630863510734225,0.10410836338996887,0.014546229492304302,0.008043999999999996
2014-12-03,0.17105968246355338,0.1137985374200917,0.09793044626712799,0.017082672654050057,0.0065820000000000045
2014-12-04,0.17382163588482993,0.11157249159375004,0.09862503409385681,0.012615781466689319,0.008750000000000008
2014-12-05,0.17466541241638156,0.11150758447130567,0.09771443158388138,0.011868361353442713,0.00983400000000001
2014-12-08,0.17421991830841185,0.1259347536474716,0.1039198487997055,0.02420553713300605,0.0011079999999999979
2014-12-09,0.1690801973833871,0.1275442507441583,0.10235410183668137,0.019487936359430247,0.011093999999999993
2014-12-10,0.169768817267382,0.1319539316328169,0.10383804887533188,0.027672101429105728,0.003916000000000003
2014-12-11,0.17284698095573425,0.131182274752989,0.10211750119924545,0.02506867184552386,0.008347999999999994
2014-12-12,0.17005560081238652,0.132662122073805,0.10659272968769073,0.04103910567172725,-0.00012899999999999023
2014-12-15,0.17167575339987462,0.13528167043942915,0.10856680572032928,0.06174325854219903,0.007717000000000002
2014-12-16,0.14693519549291587,0.1341934293167551,0.1064746156334877,0.027671355676001125,0.002901999999999988
2014-12-17,0.13907771711003689,0.1341552150883589,0.10787822306156158,0.003952478838236739,0.01965800000000001
2014-12-18,0.13995539404047957,0.13294131967940395,0.1105739027261734,-0.002725888205641902,0.02487800000000001
2014-12-19,0.1374970173482138,0.13270045735223795,0.10552967339754105,-0.004813071084663723,0.005054000000000003
2014-12-22,0.13940572046724944,0.13256291693919167,0.10535447299480438,-0.015476205719680364,0.014128000000000002
2014-12-23,0.13736956027827632,0.13299473124009123,0.1068248301744461,0.003351623730947856,-0.0017660000000000176
2014-12-24,0.13916699860725407,0.13192887308089668,0.10467147082090378,0.0032775909437420536,-0.007036999999999988
2014-12-26,0.14297052557076811,0.13132679492356342,0.10292540490627289,-0.006792651555401874,-0.006779000000000007
2014-12-29,0.14382050926888926,0.12978583784318776,0.10224442183971405,-0.0037997521685939895,0.0033420000000000116
2014-12-30,0.14655108302422828,0.13011159826533672,0.10297083109617233,-0.011055132903392995,0.004370000000000013
2014-12-31,0.15000772407029883,0.13014053635148368,0.10260208696126938,0.0019761368126207934,-0.006442000000000003
2015-01-02,0.14859718722417098,0.12723625433471347,0.10399293154478073,-0.0051598464242316455,0.007438
2015-01-05,0.14480096645006613,0.13044163260858796,0.10946813225746155,0.03123331853644662,-0.13584
2015-01-06,0.14030238277684223,0.1457459979927292,0.14020130038261414,0.020512365115170073,-0.015616999999999992
2015-01-07,0.13944066373566372,0.14764206070873315,0.14038677513599396,0.027317588583618407,-0.011558000000000013
2015-01-08,0.13977970411463284,0.1444341336924098,0.1400870531797409,0.017989082691588165,-0.005851000000000023
2015-01-09,0.14296273130121798,0.14537519524182835,0.138387992978096,0.02668080361661293,-0.017304999999999987
2015-01-12,0.1451264172611795,0.14600976206377717,0.13921043276786804,0.028903183732617993,-0.009232000000000018
2015-01-13,0.1419867407482778,0.1440129943302543,0.13763299584388733,0.019621020044265747,-0.0066819999999999935
2015-01-14,0.1434063040550874,0.14410572737641686,0.13702084124088287,0.02468740018761348,0.008601000000000025
2015-01-15,0.1403574997676039,0.1458280579736322,0.13791222870349884,0.03239124760012538,-0.0025219999999999965
2015-01-16,0.14050587871616588,0.14446779962527476,0.14000284671783447,0.034764805507084134,0.005951000000000012
2015-01-20,0.14088443357259572,0.14364810597273608,0.14194811880588531,0.04001728388996312,0.0072329999999999894
2015-01-21,0.14032714850183,0.1450359213292539,0.1429648995399475,0.03774360695952042,0.005185000000000023
2015-01-22,0.1379201156505197,0.13954318600794047,0.1319534331560135,0.025567983651786197,0.006176999999999988
2015-01-23,0.13803825025691605,0.1395115377837052,0.13107576966285706,0.020432280532750563,-0.005299999999999999
2015-01-26,0.13939184504978933,0.14147693221453791,0.13373766839504242,0.023790440721723677,0.0008370000000000044
2015-01-27,0.13913487704804128,0.14401426179460794,0.1330857276916504,0.04407300239274592,0.007754000000000011
2015-01-28,0.14454740963484428,0.1447244468069704,0.13099218904972076,0.0573414754292319,-0.00933299999999998
2015-01-29,0.1403802885833358,0.14357077621367306,0.13371361792087555,0.04971449173111073,0.011372999999999994
2015-01-30,0.13713826351536443,0.1455079818512713,0.13196220993995667,0.06443291797577172,-0.007412000000000002
2015-02-02,0.13314010841077242,0.14600527664271962,0.13042528927326202,0.06065727692970116,0.01910300000000001
2015-02-03,0.13160755748938835,0.14385845319834387,0.1303773671388626,0.05210981377582902,0.010061000000000014
2015-02-04,0.13503716313548614,0.1429659581585639,0.13044001162052155,0.06729403454993388,-0.0048990000000000145
2015-02-05,0.13429507263902696,0.14227459896968936,0.12889525294303894,0.048824618223157756,0.015421999999999991
2015-02-06,0.13332230164424813,0.1418671839142681,0.1285477578639984,0.04856433726433629,0.0029010000000000147
2015-02-09,0.13292649328529912,0.14285577293593568,0.12997911870479584,0.07112829688536718,0.01099
2015-02-10,0.12862498025181907,0.13551535894986572,0.13027077913284302,0.021096269698782033,0.002795999999999993
2015-02-11,0.13135655097340587,0.13877036803224896,0.13068829476833344,0.01577758373882049,0.007817999999999992
2015-02-12,0.1283275269109744,0.13775290423617234,0.13100914657115936,0.011897260251722191,0.006835000000000008
2015-02-13,0.12751820889120427,0.13503886715712574,0.12903131544589996,-0.0007053030550873973,0.010131000000000001
2015-02-17,0.14015784472141646,0.1331801179516026,0.12631192803382874,0.002446501232396092,0.014527000000000012
2015-02-18,0.14080103584497242,0.13627714228568205,0.12788069248199463,0.002378122283834133,0.011393999999999987
2015-02-19,0.13852805306059301,0.12854855666141016,0.11614759266376495,0.0017665674274042753,0.012575000000000003
2015-02-20,0.13837076851167443,0.12437980427109177,0.12249106913805008,0.003938852498169998,0.010235999999999995
2015-02-23,0.13722086644263867,0.12701072276490483,0.12164344638586044,0.0019898853494803026,0.007779000000000008
2015-02-24,0.13671643028106753,0.12886783976886573,0.117949478328228,0.01097475074308396,0.0006960000000000022
2015-02-25,0.13519766219784463,0.12921159371541588,0.11883947253227234,0.0069401559502106636,-0.0026400000000000035
2015-02-26,0.13458700960531633,0.1322787040052262,0.12028557807207108,0.015336123951958686,-0.001462999999999992
2015-02-27,0.1275443510271401,0.12488997097185094,0.11227066814899445,0.012780591365155719,-0.012060000000000015
2015-03-02,0.13133935271854452,0.12209155831346824,0.11210544407367706,0.005142712416664225,0.0024010000000000142
2015-03-03,0.13482356978188595,0.12270376191452793,0.10860565304756165,0.009251737484635564,-0.0017729999999999968
2015-03-04,0.13533418960112303,0.12403409782279802,0.11579807102680206,0.021345892589227616,-0.013818999999999998
2015-03-05,0.14565370711646883,0.12211045717039211,0.1109413430094719,0.015617443510611645,0.0003640000000000032
2015-03-06,0.14187134012564623,0.1252548478485477,0.11675988882780075,0.03222683786451383,-0.005731000000000014
2015-03-09,0.14287097768586962,0.1286752786212627,0.1183062270283699,0.04157592836097307,-0.009623999999999994
2015-03-10,0.1436706632028367,0.12994065363745308,0.11746364831924438,0.05380969935575189,-0.012619999999999992
2015-03-11,0.14295489951250914,0.13662626103867495,0.12268470972776413,0.052270507714700876,-0.006208000000000019
2015-03-12,0.14144721829148593,0.12837500423029913,0.11532226204872131,0.0545400207481809,0.0016230000000000133
2015-03-13,0.1332445666537795,0.13684307715623759,0.11665915697813034,0.058343450026594135,-0.0047559999999999825
2015-03-16,0.135231485316849,0.13307223145765737,0.12227515131235123,0.06502847408902557,0.005626999999999993
2015-03-17,0.1370623456585236,0.1360925366501414,0.12266138941049576,0.06275579210879573,-0.0032250000000000056
2015-03-18,0.12751434206922538,0.12886788999596435,0.11524226516485214,0.042157156278583546,0.006232000000000015
2015-03-19,0.12811120167998435,0.1311553560467026,0.11718487739562988,0.047921965155027585,0.003595999999999988
2015-03-20,0.12848707199320383,0.12805663072316836,0.11919151991605759,0.038944947939406976,0.006070999999999993
2015-03-23,0.12852747765167025,0.13039650494441365,0.12286914139986038,0.04381923248832556,0.0005699999999999872
2015-03-24,0.1293710099283351,0.1293628219816234,0.12305477261543274,0.043609134557361345,0.0026339999999999975
2015-03-25,0.12766538261151034,0.1286364613867965,0.12366650253534317,0.04412257071893247,0.011366999999999988
2015-03-26,0.12770182451075113,0.13140475805219265,0.12379702180624008,0.052710338802155365,0.011576999999999976
2015-03-27,0.1272958152430737,0.13348999530270866,0.12398869544267654,0.055979991394683626,0.010461999999999999
2015-03-30,0.12395652805759046,0.13295850765526065,0.12403850257396698,0.06725564997285993,0.005508000000000013
2015-03-31,0.12053175775280528,0.13328488869711513,0.12434597313404083,0.06753364828145547,0.0022240000000000038
2015-04-01,0.11703634892528274,0.1330351346397593,0.12233615666627884,0.06301543121811407,0.009395999999999988
2015-04-02,0.11629750860018286,0.13337932418932788,0.12281639873981476,0.066387811398877,0.0017189999999999983
2015-04-06,0.10300091177283614,0.1324243767820072,0.11957685649394989,0.049112293883531166,0.003944999999999976
2015-04-07,0.10685274859687977,0.1300693358904501,0.11689428985118866,0.04871666087435378,0.009596999999999994
2015-04-08,0.10723294292921542,0.12508723465837435,0.11093314737081528,0.04700902331413037,0.011336999999999986
2015-04-09,0.10633986969695843,0.12484230598591119,0.11258479952812195,0.04175433779716331,0.012619000000000019
2015-04-10,0.10956656988364118,0.12523773352942186,0.11200285702943802,0.041267101487490854,0.008405999999999997
2015-04-13,0.11237070941398813,0.12730377005305096,0.11411028355360031,0.047865782708514104,0.006641000000000008
2015-04-14,0.11600051110171719,0.12528856636930638,0.11829026788473129,0.04248443434622046,0.015815999999999997
2015-04-15,0.11392508809773004,0.12486529945678095,0.11393561959266663,0.03683251568315102,0.012560000000000016
2015-04-16,0.11027190647790559,0.12483737264707927,0.11272062361240387,0.02955065534147641,0.005123000000000016
2015-04-17,0.1059639337944641,0.12485760098974835,0.11516135931015015,0.04245165893077463,0.008765000000000023
2015-04-20,0.10363415624409185,0.12450230361109355,0.11395979672670364,0.039897799320015664,0.010649999999999993
2015-04-21,0.10156480614906603,0.12517999813983746,0.11587952077388763,0.04828492900679621,0.0012059999999999849
2015-04-22,0.0991166229234575,0.11978502149955657,0.11191767454147339,0.006846523348329775,0.007396000000000014
2015-04-23,0.09648237047912546,0.12038701247684135,0.11254697293043137,0.012405991071664874,0.00017799999999998373
2015-04-24,0.09835294815688674,0.1202158325647485,0.11495073139667511,0.007432618388489659,0.0021900000000000253
2015-04-27,0.09830015318185323,0.12118738430487258,0.1151171326637268,0.013536176489248875,-0.005877999999999994
2015-04-28,0.09937708841588966,0.12090600390849936,0.11436347663402557,0.008889185756926321,0.0007300000000000084
2015-04-29,0.09996635087994117,0.12056866603307358,0.11422860622406006,0.010752472942409552,0.003160999999999997
2015-04-30,0.10114065655893252,0.12080295389211222,0.1158868595957756,0.019873243247194708,0.0015469999999999928
2015-05-01,0.10300752318172265,0.1207808942334381,0.11419814079999924,0.019664652074717265,0.0027619999999999867
2015-05-04,0.10369418189087265,0.1217317057138945,0.11408168822526932,0.019553492399817116,0.0023809999999999942
2015-05-05,0.10538292187972728,0.12211222927626636,0.11597520112991333,0.03182708922716386,0.0020010000000000028
2015-05-06,0.1001905002261757,0.1227057523156662,0.11580085754394531,0.03325025240312024,0.003494999999999998
2015-05-07,0.09871281968797169,0.12256297389139657,0.11587733775377274,0.03129105807078457,0.004942000000000002
2015-05-08,0.09859884256313085,0.12201705149070864,0.11608856916427612,0.024764131303041573,0.004519999999999996
2015-05-11,0.09513160466463458,0.12110541383302217,0.11389356851577759,0.021274431116358836,0.0022220000000000018
2015-05-12,0.09245526172327317,0.12071095437739564,0.11429799348115921,0.02122329158601187,0.005759999999999987
2015-05-13,0.08725785937275571,0.12201254166932374,0.11500032991170883,0.00939948989828282,0.0066980000000000095
2015-05-14,0.08641920751466589,0.12112965062043848,0.11749860644340515,0.0022889129022699434,0.011418999999999999
2015-05-15,0.08841897268296077,0.12270355231168414,0.11876176297664642,0.004951094522094385,0.009238999999999997
2015-05-18,0.08915082519982918,0.1219479043671862,0.11727437376976013,0.002670067205535906,0.011256000000000002
2015-05-19,0.09098847342534533,0.12180378127097023,0.11495741456747055,0.006805844755908133,0.009295999999999999
2015-05-20,0.09018031161088848,0.12224326865558138,0.11567174643278122,0.013551194850933965,0.0012500000000000011
2015-05-21,0.09141420275589172,0.12211338897863727,0.11751872301101685,0.013583378076542474,0.006138999999999992
2015-05-22,0.09160682309162915,0.12194384758535168,0.11458186060190201,0.01560163052087453,0.005053000000000002
2015-05-26,0.08889787689134274,0.12282090299298648,0.1208154484629631,0.02211405284311327,0.004155000000000006
2015-05-27,0.0876923077716573,0.12303797752036741,0.1184363067150116,0.02555584781814678,-0.001013
2015-05-28,0.08660076817221825,0.12289552244429941,0.11791538447141647,0.02243491258411033,0.004799999999999999
2015-05-29,0.08846187329138522,0.12569030647631962,0.12125343829393387,0.021343650120058844,0.002924999999999997
2015-06-01,0.08848907528813153,0.12307817020350598,0.1201837807893753,0.018213344441067494,0.005877000000000007
2015-06-02,0.08623283031067297,0.12426023374870442,0.11898291856050491,0.01843147781827735,0.004952999999999985
2015-06-03,0.08760331480267083,0.1236764097721358,0.1198103204369545,0.014950819109127336,0.004494999999999999
2015-06-04,0.08666694063793909,0.12395724173766466,0.1223365068435669,0.02042307912027272,0.0037790000000000046
2015-06-05,0.0956372221047407,0.12342156345551566,0.11952446401119232,0.027284500773824286,0.0005580000000000029
2015-06-08,0.0972758124844216,0.12650738453219676,0.11572553217411041,0.036147181312028334,0.003232999999999986
2015-06-09,0.09998715664551085,0.12696862445208068,0.1170157641172409,0.035161158436869136,9.700000000001374e-05
2015-06-10,0.10093589284022196,0.12147279263717498,0.1154976636171341,0.034363396335365434,0.0029609999999999914
2015-06-11,0.10131610386289652,0.1244701564832892,0.11531823873519897,0.03006273927672684,0.003270999999999996
2015-06-12,0.1020618133062568,0.12730938878995687,0.1150839552283287,0.0402761416272443,0.0020960000000000006
2015-06-15,0.10245105515604988,0.1282755798627446,0.11584305018186569,0.052266793485334126,0.004462999999999995
2015-06-16,0.100664010385135,0.12392285795377173,0.11708394438028336,0.04950102831703923,0.006046000000000024
2015-06-17,0.10063586942393511,0.12443823546442717,0.11579915136098862,0.05182717580017082,0.01280199999999998
2015-06-18,0.09965873678740327,0.1248061958278919,0.11729976534843445,0.04692452757465468,0.007204999999999989
2015-06-19,0.10162485140034637,0.12553230235956564,0.11938511580228806,0.05387368938911151,0.003049999999999997
2015-06-22,0.11582987456759193,0.12437954071224311,0.11921556293964386,0.04106079824410827,0.009894999999999987
2015-06-23,0.11938595790987948,0.12449687366476518,0.11789960414171219,0.03874317790837083,0.014403
2015-06-24,0.12020641115963555,0.12546150964361666,0.11704883724451065,0.051973124108657245,0.007383000000000001
2015-06-25,0.12132990230652735,0.12550454401844138,0.11711817234754562,0.054601693228342685,0.009227000000000013
2015-06-26,0.12071738406476254,0.12611984424751904,0.11741960793733597,0.06131323282778174,0.006423999999999985
2015-06-29,0.11802696131992778,0.12854068727508142,0.12046045064926147,0.0803651277086148,0.010997000000000007
2015-06-30,0.11791357443960204,0.12828679549923805,0.11918595433235168,0.08094892571186849,0.010940999999999979
2015-07-01,0.11901302549931587,0.12735954428811327,0.11828229576349258,0.07276717068932702,0.016269000000000006
2015-07-02,0.11787082914423282,0.12728088609654897,0.11875035613775253,0.06943368619732918,0.014425999999999994
2015-07-06,0.11845179062435819,0.1273825502198301,0.11949221789836884,0.07553406036206094,0.017873
2015-07-07,0.11194336564294524,0.12874128820858494,0.12084272503852844,0.07530277889525933,0.009442000000000006
2015-07-08,0.1118491335035722,0.12270334280764134,0.11458031088113785,0.09343118851557838,0.0005679999999999852
2015-07-09,0.11088656341139996,0.12224783984988673,0.11526628583669662,0.08316784435448915,0.00983500000000001
2015-07-10,0.11102923942434395,0.12254796867948937,0.11485978215932846,0.09200810815977804,0.006085000000000007
2015-07-13,0.11231338584736358,0.12106719304892513,0.11574546247720718,0.07584089713710349,0.007968999999999976
2015-07-14,0.11286771603778685,0.12072115372234743,0.11614936590194702,0.06663818769374319,0.009888000000000008
2015-07-15,0.11359765542339602,0.12096535728179461,0.11804339289665222,0.06044494584395013,0.010081000000000007
2015-07-16,0.11330026890629048,0.1207550651356582,0.12140487879514694,0.060377990614864985,0.012039999999999995
2015-07-17,0.11455616987231187,0.12085966582141881,0.11961700767278671,0.0559751315760649,0.009924000000000016
2015-07-20,0.11476645014887421,0.12135182663522125,0.1199011281132698,0.05731126421259672,0.00843000000000002
2015-07-21,0.11421961483304054,0.12089859019692839,0.11874318867921829,0.05095614959965364,0.007380999999999999
2015-07-22,0.10046827185518291,0.1128655590437654,0.10883495956659317,0.004838126432408052,0.009927999999999992
2015-07-23,0.1068720498606559,0.11525547989311073,0.1112988218665123,0.004228043090120495,0.009267999999999998
2015-07-24,0.18560562092723787,0.11544222463942118,0.11128202080726624,0.006414589840364471,0.006558000000000008
2015-07-27,0.1929378718073396,0.11619519074842041,0.11111529916524887,0.008755098693472657,0.00679200000000002
2015-07-28,0.2013673209539411,0.11481148115858994,0.11035380512475967,0.005835616935237445,0.0063349999999999795
2015-07-29,0.20652090396333508,0.1142561742382386,0.10806366801261902,0.007237039680072221,0.005533999999999983
2015-07-30,0.2061991579106798,0.11458447360541577,0.11102961748838425,0.00671042656039797,0.0044450000000000045
2015-07-31,0.2059767301530232,0.11438235290564562,0.10994952917098999,0.005926975500684106,0.005664000000000002
2015-08-03,0.20708086750648352,0.1166488567278486,0.10938867181539536,0.003644171855767153,0.00880700000000001
2015-08-04,0.20784976620272602,0.1140259097149098,0.10935743153095245,0.003750210375641813,0.008546999999999999
2015-08-05,0.20865954888188865,0.1134146031100727,0.10856594145298004,0.00823763535705474,0.005502000000000007
2015-08-06,0.20893586102759634,0.11561830734591069,0.10967937856912613,0.015350867496427792,0.008313999999999988
2015-08-07,0.2091067411164564,0.1154900260160864,0.1090390756726265,0.01801143758860005,0.00984400000000002
2015-08-10,0.2127510749925148,0.11291487268102729,0.1097414568066597,0.012583761575656063,0.00852
2015-08-11,0.2129098902276863,0.11635208260025676,0.10882571339607239,0.01491661515263644,0.009086999999999984
2015-08-12,0.2126991597434058,0.12259622471074652,0.11685125529766083,0.016980284962213155,0.012237999999999999
2015-08-13,0.21299621272830205,0.11440696565809794,0.10831721127033234,0.015600345576604002,0.009131
2015-08-14,0.21611692540408764,0.111865614002132,0.10611533373594284,0.013056732093709514,0.011433999999999986
2015-08-17,0.21801343634327516,0.11526713762129022,0.11109460145235062,0.008163831127688093,0.013448999999999989
2015-08-18,0.21960653635386596,0.11617219337993691,0.11317358165979385,0.013166550851125794,0.009499999999999995
2015-08-19,0.2217183246673426,0.11976910970395677,0.11491348594427109,0.03360638616695946,-0.009855000000000003
2015-08-20,0.22148804675779704,0.12264412226120823,0.11878904700279236,0.04401372914481709,0.01113599999999998
2015-08-21,0.21764872094147913,0.13287663932966073,0.1255456954240799,0.08000395113934407,-0.001369000000000009
2015-08-24,0.15627802049918593,0.1460787889099495,0.12782283127307892,0.06875638007276211,0.04782399999999998
2015-08-25,0.1478120500222018,0.14749269743910465,0.1268790066242218,0.06189112919266043,0.03895299999999999
2015-08-26,0.1424087144386054,0.14579633370868897,0.1257370412349701,0.016269680046058888,0.0529
2015-08-27,0.13759239855981023,0.1424555796280549,0.1262216567993164,-0.011266902963335074,0.045952999999999994
2015-08-28,0.13816320038199842,0.13932559551110635,0.12108952552080154,-0.019557156910679774,0.05259900000000001
2015-08-31,0.13818167433756454,0.14029164736789668,0.12021628022193909,-0.009474729153023193,0.04417299999999999
2015-09-01,0.14310518632701646,0.1449335082159269,0.12963351607322693,0.01991513349351648,0.049871
2015-09-02,0.1466291195343051,0.14236233161353964,0.12754018604755402,-0.01057776520272602,0.05341000000000001
2015-09-03,0.1457308138776587,0.14226264249395626,0.1259758472442627,-0.01423254788188863,0.037667000000000006
2015-09-04,0.1456068719065293,0.14347944638821977,0.1325872391462326,-0.0026418600275963655,0.050785
2015-09-08,0.1448737587299145,0.14254952939592874,0.1268758922815323,-0.01688574011645641,0.053148
2015-09-09,0.13942988572936874,0.13956465700169754,0.1256302297115326,-0.016517073992514814,0.05449599999999999
2015-09-10,0.13826808395446624,0.13712489010815568,0.12363885343074799,-0.020283889227686286,0.05793899999999999
2015-09-11,0.1391441204052558,0.13707075122968704,0.1212492510676384,-0.026137158743405775,0.05885199999999999
2015-09-14,0.13874807792990307,0.139865296882138,0.1286846101284027,-0.019222211728302047,0.056389999999999996
2015-09-15,0.13521479783541723,0.1414254584643998,0.12732906639575958,-0.024682924404087647,0.04499
2015-09-16,0.13243510249716448,0.14024826376262928,0.12550179660320282,-0.041448435343275164,0.051784
2015-09-17,0.129444353054754,0.1406528817855092,0.13071611523628235,-0.051531535353865954,0.04683100000000001
2015-09-18,0.12501052333371318,0.14107783452157668,0.12751181423664093,-0.045635323667342576,0.04600000000000001
2015-09-21,0.12437841885611878,0.13893452467830314,0.13120436668395996,-0.05034704575779708,0.047131000000000006
2015-09-22,0.12986792623815177,0.13821947480867147,0.13052290678024292,-0.02815271994147911,0.0489
2015-09-23,0.14664742990731397,0.13602758340656665,0.13307532668113708,0.02982598050081406,0.050386000000000014
2015-09-24,0.14555638101580773,0.13588518902453048,0.12985514104366302,0.032575950977798196,0.04341699999999998
2015-09-25,0.14031549337730312,0.13684511526173385,0.13233938813209534,0.03837828656139461,0.040369000000000016
2015-09-28,0.13789654733039106,0.13846749647225512,0.13560688495635986,0.06395860244018978,0.04902300000000001
2015-09-29,0.14076192590834444,0.13785407497155516,0.13600042462348938,0.05983980061800159,0.049190999999999985
2015-09-30,0.14247669321252387,0.1362372212971586,0.1327143758535385,0.05232932666243548,0.04363
2015-10-01,0.1353465405795573,0.13723045655944927,0.1327882707118988,0.04892581467298354,0.04574400000000001
2015-10-02,0.13043052590877452,0.13718324582478847,0.13271252810955048,0.03391788146569491,0.043623999999999996
2015-10-05,0.1318321506957301,0.13545335240906164,0.13123945891857147,0.02869618712234126,0.037723000000000007
2015-10-06,0.13195015253060266,0.13640260862567213,0.13257870078086853,0.03580312909347069,0.03214
2015-10-07,0.13064554458832178,0.13477026625908303,0.1323097050189972,0.024533242270085492,0.03432200000000002
2015-10-08,0.13364159807600393,0.13579031541170983,0.13111929595470428,0.019377115270631268,0.036316000000000015
2015-10-09,0.13493045480760874,0.13671805509093893,0.13334104418754578,0.025592917045533764,0.034134
2015-10-12,0.13307588218018024,0.13668926147314744,0.13243842124938965,0.02259388059474418,0.032058
2015-10-13,0.13242698313251605,0.13650336367608856,0.13364636898040771,0.02710492307009693,0.034260999999999986
2015-10-14,0.13162482481847926,0.13816948969592857,0.1351163387298584,0.03212020316458278,0.03459300000000001
2015-10-15,0.13155602638388617,0.13716181229508484,0.13452289998531342,0.029757898502835528,0.03217700000000001
2015-10-16,0.1323778981851045,0.1372909562042192,0.13394010066986084,0.024881647945246027,0.03109999999999999
2015-10-19,0.13661620720337755,0.13685679970304326,0.1327725648880005,0.02717747766628681,0.03408999999999998
2015-10-20,0.1385190661326061,0.13642321910025226,0.1329345554113388,0.02729558214388124,0.029493999999999992
2015-10-21,0.13681203758210334,0.12904126035578836,0.12667664885520935,-0.002795925238151753,0.026828999999999992
2015-10-22,0.12732711901842916,0.12911254060151361,0.1269812434911728,-0.012212428907313971,0.02623800000000001
2015-10-23,0.1297165174924721,0.1368853757572159,0.1302269548177719,-0.006637380015807742,0.020466999999999985
2015-10-26,0.1343518082492149,0.1362782715643973,0.1292264461517334,-0.001503492377303156,0.026499999999999996
2015-10-27,0.13422195001000817,0.13520125658331542,0.1294836848974228,0.005693453669608939,0.026382000000000017
2015-10-28,0.13159692971290493,0.13487051010732368,0.12821201980113983,0.000414075091655558,0.027233000000000007
2015-10-29,0.12901503190399993,0.1286080733301235,0.12697944045066833,-0.00829569221252388,0.02602099999999999
2015-10-30,0.12916748869698416,0.13447877529942454,0.12837989628314972,0.010101460420442687,0.018082999999999988
2015-11-02,0.12788966971846494,0.129237281064126,0.12764619290828705,0.0055244750912254725,0.02773199999999998
2015-11-03,0.1279161494111299,0.12830037835056674,0.12715426087379456,0.0033498503042699024,0.024336999999999998
2015-11-04,0.13082830737542944,0.1267941053116376,0.12448631227016449,0.003030848469397329,0.028360999999999997
2015-11-05,0.1324003620653186,0.12785446562135735,0.12296634912490845,-0.0005225435883217944,0.028177000000000008
2015-11-06,0.13018060107892798,0.12482117035254316,0.11221834272146225,-2.65970760039147e-05,0.027680999999999983
2015-11-09,0.13485256538167725,0.13442325845411657,0.1167958527803421,0.010690546192391265,0.021626000000000006
2015-11-10,0.13764958443344152,0.12803875461840836,0.12449290603399277,0.004474118819819739,0.028712000000000015
2015-11-11,0.14126958117733088,0.12523507577659646,0.11944153904914856,0.0032540178674839715,0.027339999999999975
2015-11-12,0.14728490981708683,0.13559221416506512,0.12562580406665802,0.015461176181520764,0.024637999999999993
2015-11-13,0.14735033419094085,0.13600442752230643,0.12621554732322693,0.027229974616113817,0.025613999999999998
2015-11-16,0.1473161416974157,0.13561563797359721,0.1257648915052414,0.017506102814895452,0.03111
2015-11-17,0.14424879822631603,0.13542199838602262,0.1256864368915558,0.01951779379662244,0.02760599999999999
2015-11-18,0.14441635185645352,0.13493447822985882,0.1251363605260849,0.009202934867393903,0.026274999999999993
2015-11-19,0.14156108793228334,0.12840588871066402,0.12349370121955872,0.0037159634178966505,0.023882000000000014
2015-11-20,0.13604059238892774,0.11947590779773132,0.11371506750583649,0.011283881981570876,0.02712199999999998
2015-11-23,0.13344028222257398,0.1248907319549458,0.1162998303771019,0.007821483507527927,0.026049000000000017
2015-11-24,0.12776929829349612,0.12340695000836013,0.10588808357715607,0.0010801927507851083,0.025029999999999997
2015-11-25,0.12746589302228317,0.12389382761954612,0.10646462440490723,-0.003009949010008145,0.02654100000000001
2015-11-27,0.1258042394357002,0.12445282228025625,0.1145828440785408,0.0020340712870950683,0.029218000000000008
2015-11-30,0.1254279547842293,0.12750985967147543,0.12184131145477295,0.010255969096000073,0.026100000000000012
2015-12-01,0.12560329998274494,0.12719258747310483,0.12186937779188156,0.0032225123030158453,0.02861800000000002
2015-12-02,0.12790443736638507,0.12948792419751948,0.12180253863334656,0.0047263312815350456,0.031090999999999994
2015-12-03,0.1265486303752712,0.13775143167409776,0.11345116049051285,0.013471851588870098,0.03133999999999998
2015-12-04,0.12391832132596588,0.13337687880355317,0.11287494748830795,0.010786693624570548,0.020761999999999975
2015-12-07,0.12751717176651003,0.130176942813688,0.12217875570058823,0.002317638934681371,0.025835999999999998
2015-12-08,0.13143453318210194,0.1402170019866885,0.12279118597507477,0.01718239992107201,0.024618
2015-12-09,0.1285670658162749,0.14006763703879202,0.1218486949801445,0.01894043561832276,0.03063099999999999
2015-12-10,0.12887997185454225,0.13745077607999764,0.12116727232933044,0.011535416566558487,0.030200000000000005
2015-12-11,0.1309337895136943,0.13948114598324907,0.12811686098575592,0.037204419822669116,0.032262999999999986
2015-12-14,0.12663199964702387,0.13863499074501254,0.12977831065654755,0.030072091182913152,0.035456000000000015
2015-12-15,0.12708234281734426,0.13577401580191145,0.1263040453195572,0.018167666809059152,0.035451999999999984
2015-12-16,0.1277524409424901,0.13764673001073605,0.12438356876373291,-0.0012151406974156842,0.03383800000000001
2015-12-17,0.13615683283139932,0.13775768565420055,0.12218134105205536,0.011252202773683967,0.023749999999999993
2015-12-18,0.13516512681321352,0.1380982722434442,0.12397480010986328,0.017755649143546492,0.028505000000000003
2015-12-21,0.13853190746601848,0.13789302032855677,0.12467670440673828,0.014418913067716671,0.028841000000000006
2015-12-22,0.13868388546295254,0.13888714171875546,0.12418042123317719,0.004303408611072257,0.03117600000000001
2015-12-23,0.14162297232137055,0.1290814504228696,0.12392150610685349,-0.001162281222574002,0.029710000000000014
2015-12-24,0.14555244385237234,0.13791054898839175,0.12355753034353256,0.011289702706503868,0.02878599999999998
2015-12-28,0.1487049459927976,0.139414326036333,0.12345156818628311,0.011586107977716836,0.032409999999999994
2015-12-29,0.15211020722021698,0.12681745972195463,0.12128797173500061,0.008159761564299761,0.029588000000000003
2015-12-30,0.15358108319197072,0.12803950373033077,0.1213739663362503,0.008506046215770696,0.030191999999999997
2015-12-31,0.15322887051180553,0.1383961470316301,0.12448125332593918,0.023681701017255058,0.025823000000000013
2016-01-04,0.15468443672927362,0.1392089417613682,0.12829245626926422,0.04224456363361495,0.04078000000000001
2016-01-05,0.15548781424272456,0.1411148194272025,0.12997230887413025,0.0420513706247288,0.038777000000000006
2016-01-06,0.15691156103206239,0.13940458506905032,0.13617031276226044,0.04986667967403412,0.041530999999999985
2016-01-07,0.157088783025099,0.13824922771566703,0.13648568093776703,0.08446782923348994,0.026386999999999994
2016-01-08,0.15872688943534008,0.1373092569955836,0.1360466331243515,0.0651724678178981,0.046380000000000005
2016-01-11,0.15816757108824675,0.13740503557922043,0.13499777019023895,0.07032693518372513,0.036996
2016-01-12,0.15786530049678668,0.1371863007163346,0.1329578310251236,0.05599602914545776,0.038083000000000006
2016-01-13,0.1543899614226273,0.13777863743288332,0.13360686600208282,0.06331221148630573,0.042632
2016-01-14,0.15338086663020967,0.13760511313518597,0.13461874425411224,0.06435000135297614,0.042965
2016-01-15,0.15215793537858618,0.1384295322721826,0.13710680603981018,0.07639665818265573,0.04797800000000002
2016-01-19,0.15179266141774217,0.13767776511273772,0.13373172283172607,0.0748575600575099,0.034641000000000005
2016-01-20,0.14508409515357304,0.1374650511400966,0.13300946354866028,0.08213016816860069,0.045687000000000005
2016-01-21,0.14568322234093728,0.1373557886113616,0.1317252516746521,0.08313087418678644,0.03367200000000001
2016-01-22,0.14152139839297112,0.13465222949322736,0.12829117476940155,0.053434093533981514,0.036831
2016-01-25,0.14029924979174402,0.1361088536542675,0.12964202463626862,0.05517411553704746,0.02985299999999999
2016-01-26,0.13718011287988233,0.13480917384211616,0.12851588428020477,0.044600028678629444,0.034831
2016-01-27,0.1352285015684815,0.13430233714681822,0.12781675159931183,0.0397405571476277,0.028646000000000005
2016-01-28,0.1368893073082891,0.13356572206892198,0.12804009020328522,0.04013905500720241,0.01910300000000001
2016-01-29,0.13476963018433663,0.13332284712348091,0.12836436927318573,0.03459479377978303,0.017628000000000005
2016-02-01,0.13280219454908973,0.1347317941778349,0.13127125799655914,0.032256917808029306,0.01814199999999999
2016-02-02,0.1327765754383267,0.13821949389353147,0.1314343810081482,0.044417130488194456,0.01577300000000001
2016-02-03,0.12904923568151416,0.13427634892637644,0.13029703497886658,0.03161556427072634,0.028541999999999984
2016-02-04,0.12681003099362623,0.13649780339739906,0.13039374351501465,0.03806918675727544,0.025243000000000015
2016-02-05,0.12606436802840743,0.13391406820147134,0.1302860826253891,0.03217143996793759,0.031086000000000003
2016-02-08,0.1216959113365162,0.1372634338357758,0.13038524985313416,0.051199217974900985,0.04397300000000001
2016-02-09,0.11515860030146854,0.13841853971767315,0.12992322444915771,0.0335561115646599,0.036039000000000015
2016-02-10,0.111903233386712,0.13844392863868446,0.13073872029781342,0.03470442991175324,0.038077
2016-02-11,0.10884879762297021,0.14027880767024617,0.1305185854434967,0.05090970050321331,0.033136
2016-02-12,0.10859888077992805,0.13663086308982525,0.12857693433761597,0.03182403957737273,0.0426
2016-02-16,0.11100674475317832,0.1362363750384354,0.12955445051193237,0.02397713436979032,0.038661
2016-02-17,0.11574625433530422,0.1357395281406089,0.1277119219303131,0.012951065621413821,0.03589500000000001
2016-02-18,0.11553571356564253,0.13461690686610495,0.12769846618175507,-0.002154660417742177,0.039298
2016-02-19,0.1152655398825179,0.13196541340121448,0.1247197762131691,-0.004705094153573036,0.03547800000000001
2016-02-22,0.1132169038599578,0.13090659672838084,0.12329870462417603,-0.00858322134093728,0.036213999999999996
2016-02-23,0.11276812041723604,0.13054057856007026,0.12543275952339172,0.0005276026070288875,0.037515999999999994
2016-02-24,0.11151440201117914,0.13191678870073384,0.12794747948646545,0.0017087512082559764,0.035829
2016-02-25,0.11225932154300805,0.13164986997955566,0.1267295777797699,-0.0006851118798823219,0.041434
2016-02-26,0.11077414975834078,0.13328297802111122,0.12888109683990479,0.012236499431518527,0.029572999999999988
2016-02-29,0.10580719286409873,0.13415275515088357,0.12988166511058807,0.009986693691710902,0.03281400000000001
2016-03-01,0.10668443607014039,0.13045517802220707,0.12614960968494415,-0.0009696291843366567,0.03822700000000001
2016-03-02,0.10861054728213572,0.1308708460700865,0.12184061855077744,-0.001644193549089762,0.04227900000000001
2016-03-03,0.10949293338537038,0.12900286649972625,0.1139809861779213,-0.005675574438326697,0.04304599999999999
2016-03-04,0.10919421214357777,0.12878710056349502,0.12384575605392456,-0.0038852346815141936,0.03767800000000002
2016-03-07,0.1095524678601879,0.13159114396161398,0.12328127026557922,0.005800970006373779,0.03371199999999999
2016-03-08,0.10719779981127055,0.1310733976011384,0.12524154782295227,0.0038476329715926016,0.03532400000000001
2016-03-09,0.10690851274558325,0.13038191756979212,0.1222471371293068,0.008253089663483815,0.039968000000000004
2016-03-10,0.10840030088065218,0.13219604782219269,0.12300235033035278,0.010856400698531457,0.03752
2016-03-11,0.10900285403965572,0.1317249833307927,0.11768557131290436,0.0074177676132879955,0.033126
2016-03-14,0.1141604641821695,0.1317278707728802,0.11933580040931702,0.022134203377029774,0.031852000000000005
2016-03-15,0.11363685559249201,0.13169787530049146,0.1192156970500946,0.02071612022007198,0.028781
2016-03-16,0.11062208120309028,0.12678715695078546,0.11140123754739761,0.01663125624682167,0.029821000000000014
2016-03-17,0.10671587102179696,0.12696099725555887,0.11223217844963074,0.012781746664695795,0.02996299999999999
2016-03-18,0.10624232930590398,0.12011064966624434,0.11291207373142242,0.020160287434357493,0.032261999999999985
2016-03-21,0.11720647386909169,0.11614022390195043,0.11421025544404984,0.03184146111748207,0.03137100000000001
2016-03-22,0.13721719809271551,0.11715708588431394,0.11423497647047043,0.031965097140042226,0.03325599999999998
2016-03-23,0.13945168903819097,0.12877990184068755,0.1167151927947998,0.037842880582763944,0.030828999999999995
2016-03-24,0.13871505970907877,0.13392524965438504,0.1179782822728157,0.03446359898882087,0.03869700000000001
2016-03-28,0.13912124345655905,0.13426096001969007,0.11923414468765259,0.034102679456991955,0.034502000000000005
2016-03-29,0.14117995344659992,0.13055028172326888,0.11545977741479874,0.031827851241659225,0.030597999999999986
2016-03-30,0.14154906986326982,0.11744973435324302,0.11342477798461914,0.036350808135901275,0.025834999999999997
2016-03-31,0.13944435954869944,0.1222282019033956,0.1164625734090805,0.03874556492985963,0.026786000000000004
2016-04-01,0.14006778535146197,0.12219709265400062,0.11639520525932312,0.03767345371786429,0.03352100000000002
2016-04-04,0.14009855047104566,0.11640573207083033,0.11544917523860931,0.03985906761462965,0.035528000000000004
2016-04-05,0.14214488105170225,0.13095126020094147,0.11510653048753738,0.05406378885642221,0.03296099999999999
2016-04-06,0.1449105116513019,0.13019881241048448,0.1146247610449791,0.0516055331398121,0.03456199999999998
2016-04-07,0.14531451310639035,0.13025879918386785,0.1158929169178009,0.05940720118872944,0.03625400000000001
2016-04-08,0.14495383350328306,0.13040526220918805,0.11584632098674774,0.049419488254416735,0.03376500000000002
2016-04-11,0.14259740225389794,0.12948311679738841,0.1163947731256485,0.05498470011934781,0.03195099999999998
2016-04-12,0.14269355109278106,0.12511432767054612,0.11768630892038345,0.056216146960344285,0.03246299999999999
2016-04-13,0.1387012346516468,0.1246632130034722,0.11552155017852783,0.050813536817830504,0.03004799999999999
2016-04-14,0.1392783640765102,0.12470862112511426,0.11804263293743134,0.051809145407508014,0.030023999999999995
2016-04-15,0.1395138324380696,0.12463120273281043,0.11646073311567307,0.04812491979690969,0.028474
2016-04-18,0.14104726631604392,0.12381157682922302,0.11808864772319794,0.04430112997820304,0.027137999999999995
2016-04-19,0.1432920054683392,0.12177583390646865,0.1180696114897728,0.045660671694096044,0.025062
2016-04-20,0.1335540677162418,0.11730404555172261,0.11708026379346848,0.020793527130908332,0.02513399999999999
2016-04-21,0.11303751082782082,0.1195417250005333,0.11513938754796982,0.008560802907284476,0.029103000000000018
2016-04-22,0.10914421557899663,0.11985004065297161,0.11815697699785233,0.009372311961809043,0.016185000000000005
2016-04-25,0.10970209702511133,0.11944645214760749,0.12000136822462082,0.0002789412909212363,0.026988999999999985
2016-04-26,0.10928112595021688,0.11912824595053798,0.12103220075368881,-0.0015662424565590638,0.025338
2016-04-27,0.10526316402458956,0.11768107268246496,0.11931033432483673,-0.008559952446599933,0.025119000000000002
2016-04-28,0.10398930727846786,0.11840591547239919,0.12072202563285828,-0.00611706886326982,0.025285000000000002
2016-04-29,0.10873049981434257,0.11862898922916942,0.12118992954492569,-0.0030133585486994408,0.030903000000000014
2016-05-02,0.10624174501631023,0.11864102690659557,0.1208803653717041,-0.002555784351461976,0.027911999999999992
2016-05-03,0.10450277453414318,0.11982268507877601,0.1168057769536972,0.0023194505289543255,0.02829699999999999
2016-05-04,0.10098208946122067,0.11962741720394507,0.11623074859380722,0.002269119948297732,0.028476
2016-05-05,0.09695475502939874,0.11919026439714094,0.11479711532592773,-0.0014915106513019027,0.02959500000000001
2016-05-06,0.09518230466957253,0.12024889851857405,0.11325787007808685,-0.007922512106390361,0.031069000000000013
2016-05-09,0.0958247620377304,0.12189156092983965,0.11266402900218964,-0.008192832503283065,0.027136999999999994
2016-05-10,0.0957536245569349,0.12002298726254325,0.11293713003396988,-0.008402401253897934,0.02598800000000001
2016-05-11,0.09527030792492533,0.12227235956526258,0.11283434182405472,-0.00491455009278105,0.023919999999999997
2016-05-12,0.09723556788824696,0.12219618545395514,0.11234129965305328,-0.004221233651646811,0.02814699999999999
2016-05-13,0.10055686920880447,0.12183981122029595,0.11126624047756195,-0.0020463630765102103,0.02699600000000002
2016-05-16,0.10092579833290106,0.11636444977011813,0.11070616543292999,-0.007779831438069623,0.032514
2016-05-17,0.09935355829746974,0.12156081902552686,0.11053270101547241,-0.0006562653160439302,0.03173999999999999
2016-05-18,0.10284031799871839,0.12222088829085892,0.10916607081890106,-0.00015600446833918813,0.033972
2016-05-19,0.10268829686705953,0.12348552140538654,0.11453717947006226,0.012885933283758227,0.034913
2016-05-20,0.10204481857303897,0.12423607408340066,0.11746267229318619,0.030620490172179174,0.02917900000000001
2016-05-23,0.1035813766303544,0.12412362025107716,0.1180078536272049,0.029907785421003363,0.032310000000000005
2016-05-24,0.10333040044949657,0.11785011560657603,0.11403641849756241,0.019485903974888655,0.03151799999999999
2016-05-25,0.10848578701073085,0.11823861798550876,0.11516319960355759,0.01934887504978311,0.030558000000000002
2016-05-26,0.1118320258278753,0.11639750627693826,0.10486160218715668,0.014667836975410437,0.030367999999999992
2016-05-27,0.11417940793048885,0.11580046132273646,0.10434752702713013,0.01392469372153217,0.026161000000000004
2016-05-31,0.11168016871707928,0.11722991778946515,0.10541779547929764,0.009437501185657421,0.03011499999999999
2016-06-01,0.11332796588783751,0.11840822989752942,0.11239674687385559,0.019475255983689793,0.03079699999999999
2016-06-02,0.11378246189317975,0.11568190078245554,0.10558497160673141,0.01596622646585681,0.030830999999999997
2016-06-03,0.1155589755306833,0.11531487817866268,0.10756673663854599,0.017141911538779322,0.027576000000000003
2016-06-06,0.11884135230993656,0.11504287732044059,0.10803836584091187,0.02216524597060128,0.029835
2016-06-07,0.12056789895153797,0.11599473548155723,0.10905930399894714,0.025591696330427488,0.02783400000000001
2016-06-08,0.12120708430862702,0.11591074686440604,0.1117689311504364,0.029329238962269605,0.026728000000000002
2016-06-09,0.12477180085913968,0.11574046962662628,0.10936149209737778,0.027464376443065097,0.030427999999999983
2016-06-10,0.12688157324322874,0.1267078320964897,0.1142059788107872,0.03503069307507467,0.037103
2016-06-13,0.12525294865177597,0.13132102296676676,0.12215850502252579,0.05808643311175303,0.038870000000000016
2016-06-14,0.12130394453226923,0.13353650242852386,0.11958284676074982,0.06002213179119553,0.049095
2016-06-15,0.12072680098503168,0.13419203747881636,0.1189403235912323,0.06187420266709895,0.041046
2016-06-16,0.11836487775620369,0.1364572877672908,0.1172250360250473,0.061763442702530286,0.046737
2016-06-17,0.11132626441255714,0.13622802787825683,0.11807621270418167,0.0636676830012816,0.049625
2016-06-20,0.11112691685839188,0.13343669042324613,0.11728296428918839,0.06122270413294048,0.044596
2016-06-21,0.1108268666710766,0.1320127507823423,0.11781544238328934,0.057361182426961005,0.04621800000000001
2016-06-22,0.10961139806662058,0.13569170954399581,0.11799882352352142,0.06573162436964558,-0.031499
2016-06-23,0.10928409157345784,0.13380769251578262,0.11713175475597382,0.05754960055050343,0.045873000000000025
2016-06-24,0.10707400971993987,0.13782945435144509,0.12112928926944733,0.08739221398926915,0.04333699999999999
2016-06-27,0.11301404479491732,0.13532133928276227,0.12220747768878937,0.08363797517212472,0.055390999999999996
2016-06-28,0.11096512532403989,0.13346340994682848,0.1197248101234436,0.061058593069511155,0.04985500000000001
2016-06-29,0.10890046982473582,0.13125558981839727,0.11991055309772491,0.05432583228292073,0.045934999999999976
2016-06-30,0.10784626206519606,0.1309147856955797,0.11761129647493362,0.04620703511216248,0.04505899999999999
2016-07-01,0.10739993350965817,0.1320654378243444,0.11603798717260361,0.046349539106820256,0.03889400000000001
2016-07-05,0.10609635914348095,0.1324893816504457,0.1170051172375679,0.05130702546931672,0.044222999999999985
2016-07-06,0.10334103591345511,0.13141731906530504,0.11683040112257004,0.048940648690063454,0.04421
2016-07-07,0.10165550501096765,0.11934315418011311,0.10655299574136734,0.04515710204846203,0.042933
2016-07-08,0.1001675407604586,0.11968838459362573,0.10624757409095764,0.03517391669137297,0.03936600000000001
2016-07-11,0.09536580134705425,0.11998339862109791,0.10717631876468658,0.02735320014086033,0.03878699999999999
2016-07-12,0.09164245743984452,0.12078175626462798,0.10641759634017944,0.02370742775677126,0.038049
2016-07-13,0.09118866067019919,0.12156656022105865,0.10717248916625977,0.02039605234822403,0.04367099999999999
2016-07-14,0.09170136790453297,0.12129922741754656,0.10700316727161407,0.03127805646773077,0.036397999999999986
2016-07-15,0.09059342588188976,0.12345160251466356,0.11340673267841339,0.027820200014968335,0.039355
2016-07-18,0.09055138676615616,0.12497754574300017,0.11411689221858978,0.026037123243796312,0.035068000000000016
2016-07-19,0.09106684579221122,0.1226457245476837,0.11437010020017624,0.03414173658744285,0.037914999999999976
2016-07-20,0.09051684781347921,0.13124127133041824,0.11307402700185776,0.03408308414160813,0.03400500000000001
2016-07-21,0.09115589832027327,0.13514629717031126,0.10932591557502747,0.03221413432892341,0.036932999999999994
2016-07-22,0.09053069947136187,0.13627676213826048,0.11351412534713745,0.025199602933379417,0.03506799999999999
2016-07-25,0.09016772836101043,0.14601901366685266,0.1129085123538971,0.03285290942654219,0.034472
2016-07-26,0.08575094130091236,0.13929671440397703,0.11430202424526215,0.041450991280060134,0.030393000000000003
2016-07-27,0.07260890661267631,0.1289383777317094,0.11251169443130493,0.0118399562050827,0.025342000000000003
2016-07-28,0.07554228355606106,0.13798988761957656,0.10452508181333542,0.006146875675960131,0.031007000000000007
2016-07-29,0.0751469241043029,0.13624765459591523,0.10340513288974762,0.0028175311752641763,0.026914999999999994
2016-08-01,0.07550722604857615,0.13596416262684785,0.10282331705093384,0.009634738934803933,0.025220000000000006
2016-08-02,0.07753674062802006,0.13755069393573052,0.10278459638357162,0.011178067490341836,0.028329000000000007
2016-08-03,0.07589966767558934,0.1322446680832646,0.10320253670215607,0.007588641856519057,0.031670000000000004
2016-08-04,0.07506434989264371,0.13249936468661322,0.10469695180654526,0.01183896508654489,0.028878999999999988
2016-08-05,0.07649682944372437,0.13221516025767424,0.10445099323987961,0.007007495989032372,0.023130999999999985
2016-08-08,0.07606070427352914,0.13082013345857096,0.102349191904068,0.011158460239541396,0.029278999999999986
2016-08-09,0.0762268650583424,0.1307411826011882,0.10357066988945007,0.01172019965294574,0.024346999999999994
2016-08-10,0.08184637262861766,0.1266460417240893,0.10287410765886307,0.010919543560155481,-0.013735999999999998
2016-08-11,0.08576747991659436,0.12737252064181254,0.10044999420642853,0.012292340329800824,0.002031000000000005
2016-08-12,0.0855642760981872,0.1255464644195804,0.09868887066841125,0.009503633095467034,0.004007999999999984
2016-08-15,0.0870664247907354,0.12866586924009688,0.09990355372428894,0.012786575118110252,0.022053000000000003
2016-08-16,0.08953445548683739,0.12806965737583592,0.09775595366954803,0.018120614233843854,-0.02066000000000001
2016-08-17,0.0897381784610621,0.12681200370270695,0.09817345440387726,0.01471115520778879,-0.010241999999999973
2016-08-18,0.09020880362376152,0.12190551216023215,0.09709712862968445,0.012172153186520804,0.0012240000000000029
2016-08-19,0.09021014371388983,0.12128773232930026,0.0974968671798706,0.009730102679726751,0.011771000000000004
2016-08-22,0.09376588718317486,0.12558818946152733,0.09957285225391388,0.01590430152863813,0.02214300000000001
2016-08-23,0.09375023892494767,0.11323619426237569,0.09604808688163757,0.01287627263898955,-0.016542
2016-08-24,0.09389537447253894,0.12633792214846912,0.099205382168293,0.01931605969908763,0.03039499999999999
2016-08-25,0.09568172419892029,0.12088740510885658,0.09763262420892715,0.0399290943873237,-0.022613999999999995
2016-08-26,0.09638553036939397,0.13815915072440355,0.09973976761102676,0.04216771744393892,-0.020786
2016-08-29,0.10160790941122654,0.12114454774392343,0.10063274949789047,0.03743407689569711,0.027895000000000017
2016-08-30,0.10436558992428949,0.12663705289219365,0.09947890043258667,0.04279177495142386,-0.025630000000000014
2016-08-31,0.10510872867572411,0.12565292398793423,0.0985361710190773,0.03776426037197993,-0.03131300000000001
2016-09-01,0.10659467281347505,0.12645115248572564,0.09879863262176514,0.04125133332441065,-0.044822
2016-09-02,0.10682509883177599,0.11382019504833563,0.097991444170475,0.03354565110735627,-0.027486999999999984
2016-09-06,0.10681482785651497,0.11497973643038414,0.09924747794866562,0.03289017155627563,-0.006501000000000007
2016-09-07,0.10788442498236897,0.1148799646825688,0.09999231994152069,0.03357329672647086,-0.04061500000000001
2016-09-08,0.1088706894177702,0.1285363418333441,0.10309825837612152,0.036910135941657596,0.022677000000000003
2016-09-09,0.10620516556084882,0.13071715466676176,0.11013033986091614,0.08192862837138234,-0.03161800000000001
2016-09-12,0.10345405624423232,0.13124350267440626,0.11269371956586838,0.06060052108340562,-0.014400999999999997
2016-09-13,0.10303140829285537,0.13343968323207597,0.11527378112077713,0.0794607249018128,0.03220500000000001
2016-09-14,0.10273174263641835,0.13079419677094217,0.11458991467952728,0.07560757620926463,-0.002805000000000002
2016-09-15,0.10093145569095638,0.13326267636740344,0.114551842212677,0.06408954551316264,0.04187099999999999
2016-09-16,0.10069722449167473,0.1326498455957202,0.1147933080792427,0.06291682253893792,0.032832
2016-09-19,0.10024097194306372,0.13044712949333223,0.11515394598245621,0.06266819737623851,-0.0003690000000000082
2016-09-20,0.1002437968042515,0.13052472553326022,0.11411044001579285,0.058483857286110164,-0.0010600000000000054
2016-09-21,0.09747001285823681,0.1299301506491431,0.11388936638832092,0.05020311381682514,-0.011549000000000004
2016-09-22,0.0996853523914607,0.13043029543793377,0.11519232392311096,0.04180276207505235,-0.01805799999999999
2016-09-23,0.10209617010386401,0.13064019337069552,0.11095063388347626,0.04573062652746106,-0.033021999999999996
2016-09-26,0.10249334049647939,0.13037223809561213,0.11092347651720047,0.05637627680107969,-0.00515400000000002
2016-09-27,0.10027399914595504,0.129289946932579,0.10892443358898163,0.07251247063060604,-0.160568
2016-09-28,0.1003115171122366,0.12832247545652695,0.10859908908605576,0.045434091588773456,0.002044000000000018
2016-09-29,0.09763965019014816,0.12877566487410722,0.11188854277133942,0.0537344110757105,-0.005900000000000016
2016-09-30,0.09483702681576883,0.12590066573752767,0.11463935673236847,0.05071427232427589,-0.0024369999999999947
2016-10-03,0.09632438941557424,0.1255332565201914,0.11201421916484833,0.055848328186524965,-0.003578999999999999
2016-10-04,0.09607133384018504,0.12879443954203354,0.11211022734642029,0.059126902168223985,0.024223999999999996
2016-10-05,0.09410002387970945,0.1118790963332151,0.09909394383430481,0.062832173143485,0.0022669999999999912
2016-10-06,0.0936090701987539,0.11261686904314411,0.09812670201063156,0.06636057601763105,0.012623999999999996
2016-10-07,0.09250777949896867,0.11253878068995274,0.09888137131929398,0.06533731158222983,-0.0002459999999999962
2016-10-10,0.09323761057605369,0.11216517951853558,0.1000872254371643,0.06801483543915121,0.0032159999999999966
2016-10-11,0.09509420175927016,0.11192668902392586,0.10019506514072418,0.0680679447557677,0.0003630000000000022
2016-10-12,0.11521070188071635,0.1121569745458508,0.10065597295761108,0.07094559270714462,0.005361000000000005
2016-10-13,0.11699331609864035,0.11228790268672544,0.10092993080615997,0.07345925836358162,-0.004705000000000015
2016-10-14,0.12100353568662935,0.11428831947977573,0.103200763463974,0.07650354530904362,0.036219
2016-10-17,0.12100973102336497,0.1119318091840702,0.09929786622524261,0.07415177650832527,0.0039889999999999926
2016-10-18,0.12355523933052057,0.11159521571338976,0.10009779781103134,0.06264502905693627,0.009565000000000018
2016-10-19,0.12343325150008096,0.11154503089019997,0.0999307781457901,0.0622012041957485,0.007075999999999999
2016-10-20,0.12391951409757444,0.1126681708682888,0.09917394071817398,0.09615998814176317,-0.038653999999999966
2016-10-21,0.12287670498320097,0.1108994663160558,0.0994560495018959,0.049477648608539274,0.002910999999999997
2016-10-24,0.12276021111369079,0.11156069550240709,0.10108349472284317,0.046524830896135974,0.008934999999999998
2016-10-25,0.12115283132403432,0.11265508298995097,0.1036476343870163,0.06351166050352063,0.016968999999999984
2016-10-26,0.12067470685685931,0.11171491696136907,0.10236098617315292,0.02214300185404494,0.02795700000000001
2016-10-27,0.1189823750687901,0.11192268594974793,0.09913250803947449,0.026542483887763382,-0.017046000000000006
2016-10-28,0.11762456065997097,0.11415967657179979,0.10182883590459824,0.02969935080985185,0.029571999999999987
2016-10-31,0.1232082515996182,0.11266229353646877,0.10139967501163483,0.033424974184231154,-0.023841
2016-11-01,0.12410284514627269,0.11231796077208178,0.10023730993270874,0.03986661158442578,0.004962999999999995
2016-11-02,0.12398954395103985,0.1131297596400465,0.10235095024108887,0.04318466715981495,0.030058
2016-11-03,0.1246803567336814,0.1132190321237376,0.10247635841369629,0.04563597712029055,0.03822800000000001
2016-11-04,0.12469567082698345,0.11370953324606911,0.10127191990613937,0.0557749308012461,0.03469799999999998
2016-11-07,0.12617908824952748,0.11221448686075663,0.10150434821844101,0.03592622150103132,0.009521000000000002
2016-11-08,0.12574338548754802,0.11204337214416364,0.10238255560398102,0.031176390423946307,0.018380000000000007
2016-11-09,0.132285149437592,0.11359182560546946,0.10153423249721527,0.035132799240729845,0.014169000000000015
2016-11-10,0.11485137172353721,0.11445646814004165,0.10547225177288055,0.03962229911928365,0.030853999999999993
2016-11-11,0.11363916745408571,0.11517351037453395,0.10047582536935806,0.028534684901359644,0.021920999999999996
2016-11-14,0.11633690135782376,0.11464522555797041,0.10715460777282715,0.029896465313370674,0.028391
2016-11-15,0.12046195237298546,0.11305062133192391,0.10015389323234558,0.018045269976635053,0.024436999999999987
2016-11-16,0.11803837664911242,0.11285315671141045,0.10100948810577393,0.017306761669479434,0.02090900000000001
2016-11-17,0.11768637823237897,0.11140997051227998,0.09774956852197647,0.010479749499919033,0.023822999999999983
2016-11-18,0.11763165805529417,0.11114801062749938,0.09642130136489868,0.008763486902425552,0.02146199999999998
2016-11-21,0.11751967749271024,0.10679566299571584,0.09117922186851501,-0.005255703983200979,0.028656000000000015
2016-11-22,0.11879451970099804,0.10755652165712448,0.09412238001823425,0.0007647898863092223,0.017147999999999983
2016-11-23,0.11942877381093618,0.10710464993820482,0.09120574593544006,-0.002320830324034337,0.023165000000000005
2016-11-25,0.1186267512341459,0.1079232115222381,0.09431598335504532,0.0024782941431406996,0.026060999999999987
2016-11-28,0.11632468063419275,0.11297532373051954,0.09955882281064987,0.015387625931209889,0.02588900000000001
2016-11-29,0.1166170653858894,0.11108067541510368,0.09571696072816849,0.012507440340029027,0.02059799999999999
2016-11-30,0.1134311110487733,0.11331182944683978,0.09781363606452942,0.020917749400381838,0.014138000000000012
2016-12-01,0.11264940000087126,0.11248878239544727,0.09858303517103195,0.02187515585372732,0.03235199999999999
2016-12-02,0.11275178454852086,0.1130728324701968,0.09951473027467728,0.020212457048960145,0.030780000000000002
2016-12-05,0.1130146827468237,0.11335113758824188,0.10079372674226761,0.012174644266318577,0.02653999999999998
2016-12-06,0.11253770378143783,0.11328854574960617,0.10018030554056168,0.009871330173016557,0.021695999999999993
2016-12-07,0.11179186226908239,0.10816460796539759,0.0956854298710823,0.002047912750472558,0.022366999999999998
2016-12-08,0.11314041236745977,0.11132769905897581,0.09670671075582504,0.012014615512451976,0.017777999999999988
2016-12-09,0.10333871332565382,0.1144872533500143,0.10615744441747665,0.009852851562408005,0.021434999999999982
2016-12-12,0.1030232354416578,0.11382708650956669,0.10740812867879868,0.032695629276462815,0.023745000000000016
2016-12-13,0.102034991631542,0.11442481379345816,0.10695352405309677,0.036337833545914286,0.020707000000000003
2016-12-14,0.09558009645235319,0.11557029816416023,0.10474962741136551,0.033506099642176254,0.019638000000000017
2016-12-15,0.09005203662043916,0.11589538872077478,0.10390201956033707,0.024831048627014574,0.018258999999999997
2016-12-16,0.09012396664883199,0.11526203213365029,0.1038208156824112,0.01798262435088757,0.02188799999999999
2016-12-19,0.09103741392604876,0.11501329441840802,0.10195168107748032,0.01638762276762104,0.014147999999999994
2016-12-20,0.09097276490579675,0.11270875956318493,0.10272885859012604,0.012582342944705824,0.020761
2016-12-21,0.09118549397342561,0.11220699272746887,0.10186164081096649,0.01211532350728979,0.018831000000000014
2016-12-22,0.08730830871162903,0.1143763509217779,0.10087501257658005,0.012068481299001954,0.018423000000000023
2016-12-23,0.08627238845934979,0.11474212709426994,0.09752186387777328,0.011239227189063825,-0.027498999999999996
2016-12-27,0.08767866336274496,0.11439866309013506,0.10061439871788025,0.014303249765854092,0.020552000000000015
2016-12-28,0.08769218902397038,0.1142268139273425,0.09785780310630798,0.02226832036580724,0.020431000000000005
2016-12-29,0.0881266885602399,0.11443319599865238,0.09810470789670944,0.020207935614110592,0.027293999999999985
2016-12-30,0.08648415735344203,0.11562435764502725,0.09990238398313522,0.031005889951226703,0.02433000000000002
2017-01-03,0.08333762817265285,0.11571400075837629,0.10468687117099762,0.03373860099912873,0.031069999999999987
2017-01-04,0.08350914314321296,0.11394225229866076,0.10188952088356018,0.03579121645147916,0.022966000000000014
2017-01-05,0.08281979477932543,0.10711677494716491,0.09536716341972351,0.03308931825317632,0.02323
2017-01-06,0.0826742293124838,0.1068367478567789,0.09484358131885529,0.03516029721856216,0.019411999999999985
2017-01-09,0.08168724731468943,0.10781810691538966,0.09709269553422928,0.04382613873091763,0.014156000000000002
2017-01-10,0.09474962939077392,0.10908713415420294,0.0986829474568367,0.035353588632540234,0.025472999999999996
2017-01-11,0.09882166760312149,0.1105136988657366,0.10155783593654633,0.04587928767434614,0.022897
2017-01-12,0.09950584741238555,0.11039996220940478,0.10166874527931213,0.04658576555834221,0.02394300000000002
2017-01-13,0.09983960697070593,0.11105951703037861,0.10168644785881042,0.042327009368458,0.023605999999999988
2017-01-17,0.09836740908016577,0.11071327928521664,0.1020103245973587,0.0523599045476468,0.024694999999999995
2017-01-18,0.10242215298542728,0.10974715112550942,0.10070791840553284,0.058353964379560835,0.02201900000000001
2017-01-19,0.10277721714548883,0.11014898813283938,0.10519158095121384,0.06106403435116799,0.022155000000000008
2017-01-20,0.10180389531349544,0.10885575926619333,0.10429603606462479,0.047930587073951245,0.027513999999999983
2017-01-23,0.10177843364798927,0.109568495738163,0.10432795435190201,0.047211236094203246,0.016030000000000016
2017-01-24,0.1023995938491522,0.1064072729401314,0.10440515726804733,0.0385835070265744,0.018386999999999987
2017-01-25,0.10231912400338233,0.10480521143691804,0.10400593280792236,0.04010469228837098,0.012109999999999996
2017-01-26,0.10161091167731617,0.10796591221420362,0.10210037976503372,0.046879612540650206,0.004255000000000009
2017-01-27,0.10171005824396907,0.10855433735722668,0.10280462354421616,0.04746433763725505,0.006238000000000021
2017-01-30,0.10385186050311189,0.1093031188590115,0.10338094830513,0.05618081197602963,0.0033289999999999986
2017-01-31,0.10447472890968539,0.10864321324388787,0.10348528623580933,0.04908331243976011,0.004588999999999982
2017-02-01,0.1034377854342531,0.10943651872376856,0.10223091393709183,0.05968284364655797,-0.005435999999999996
2017-02-02,0.10370101622225533,0.10758551208356855,0.10264548659324646,0.05467837282734715,0.0072500000000000064
2017-02-03,0.10321832022781602,0.10792078252144345,0.10260216146707535,0.059820857856787035,-0.003181000000000017
2017-02-06,0.1033463201603306,0.10918565442592425,0.10226786881685257,0.07061420622067456,-0.008222000000000007
2017-02-07,0.10281166496722677,0.10871130661894564,0.10298357903957367,0.06257377168751617,0.0005989999999999884
2017-02-08,0.10235048752414386,0.10983422211879232,0.10136603564023972,0.06204275368531058,0.0024530000000000107
2017-02-09,0.08746491680199314,0.10041508985095281,0.09095460921525955,0.027289371609226093,-0.09473400000000001
2017-02-10,0.08318665927010342,0.09926718519041143,0.08578387647867203,0.030382333396878514,-0.014941999999999997
2017-02-13,0.08277113591518258,0.10490812280629092,0.09516716748476028,0.03170115358761444,-0.03970499999999999
2017-02-14,0.08407701771660563,0.10622472301371658,0.09697353839874268,0.04144339402929405,-0.029344999999999996
2017-02-15,0.0842318674455888,0.1065732154798209,0.09567563980817795,0.04108659191983423,-0.02992199999999999
2017-02-16,0.0794515817456152,0.10467099553812283,0.09129888564348221,0.029811848014572706,-0.10878500000000002
2017-02-17,0.08059407830813498,0.1027694308695984,0.09075060486793518,0.025912783854511137,-0.018463000000000007
2017-02-21,0.08338603666734341,0.09919084042422195,0.08682788908481598,0.0069501056865045735,0.008334000000000008
2017-02-22,0.08405162576883743,0.09715058118505744,0.08574569970369339,0.007130567352010744,0.009228
2017-02-23,0.08324349578028373,0.09706047160332738,0.08476841449737549,0.0035004071508477896,0.009638000000000008
2017-02-24,0.08236804348510894,0.09755268974577323,0.08435454964637756,0.0034088769966176408,0.015266000000000002
2017-02-27,0.08340175626818513,0.09757760405470402,0.08430325984954834,0.007463089322683844,0.012323
2017-02-28,0.08181561069702677,0.09769016039140892,0.08531434088945389,0.011321942756030934,0.008871000000000004
2017-03-01,0.07915720103968064,0.09918052646040358,0.08374547958374023,0.004039140496888083,0.011733000000000007
2017-03-02,0.07736422443069088,0.09979013530930773,0.08484833687543869,0.00208527209031463,-0.0015979999999999883
2017-03-03,0.07837288597273658,0.09885860935786084,0.08569283038377762,-0.001195784434253111,0.00825300000000001
2017-03-06,0.07843443025468379,0.09947604779885952,0.08492203056812286,-0.00025501522225533646,0.013933000000000001
2017-03-07,0.07873262967034435,0.09966694991941,0.0856783390045166,0.002070680772183975,-0.004521999999999998
2017-03-08,0.07860313971906895,0.09965284279543161,0.08735032379627228,-0.0006833191603305838,-0.004181000000000004
2017-03-09,0.07897837482694246,0.10007551729911313,0.08748523890972137,0.006727336032773215,0.0005699999999999872
2017-03-10,0.07891886877845274,0.1025647587196509,0.09302428364753723,0.00953451347585614,0.003702000000000011
2017-03-13,0.07857728921396072,0.10891029116985187,0.09852975606918335,0.03367608419800684,0.01544000000000001
2017-03-14,0.07922552111053782,0.11042863347659346,0.09653493016958237,0.036163341729896575,0.013361999999999985
2017-03-15,0.07931155497311887,0.10911966886300134,0.0994066447019577,0.04020486508481741,0.004021999999999998
2017-03-16,0.07538075304082273,0.10283710832188456,0.09412522614002228,0.028963983283394376,0.013429999999999997
2017-03-17,0.07691210601317856,0.10435195335588002,0.09557966142892838,0.03176513355441121,-0.017153000000000015
2017-03-20,0.07868436609172881,0.10643911553113744,0.09821473062038422,0.03655541925438478,0.008965
2017-03-21,0.07659729446064073,0.11125396512640094,0.100310780107975,0.040337922691865036,-0.013289999999999996
2017-03-22,0.07348333031427887,0.11305487978515469,0.10067030787467957,0.043291964332656585,-0.011900000000000022
2017-03-23,0.07269484784720831,0.11389332247419162,0.10033931583166122,0.03937637523116258,-0.04730900000000002
2017-03-24,0.07717023612341849,0.11448515755512648,0.10136137157678604,0.04010350521971626,0.016614000000000018
2017-03-27,0.07972939107171484,0.11489710508855173,0.10205472260713577,0.044283957514891045,0.020196999999999993
2017-03-28,0.08039327591001424,0.11493207185911986,0.10242819041013718,0.04624524473181488,0.025973999999999997
2017-03-29,0.08127996948741484,0.11260430378509903,0.0996018722653389,0.04214839030297324,-0.0018680000000000085
2017-03-30,0.08273954819346252,0.11356823665371009,0.09987976402044296,0.047561799960319354,-0.04252599999999998
2017-03-31,0.08304143198664868,0.11498552524518059,0.10139911621809006,0.056315776569309126,-0.01838200000000001
2017-04-03,0.08312040863125221,0.11435355332198978,0.10093815624713898,0.04594911502726344,-0.020636000000000015
2017-04-04,0.08386166020035896,0.11648985303399494,0.10253787040710449,0.05162457074531622,0.019336999999999993
2017-04-05,0.08320758244810084,0.11627961560431425,0.10182662308216095,0.05406737132965564,-0.063944
2017-04-06,0.08293297058530974,0.0968575235658119,0.0807088166475296,0.049691861280931046,0.021655999999999995
2017-04-07,0.08470311382562827,0.0981120279942345,0.08105111122131348,0.05634762617305755,0.019964999999999983
2017-04-10,0.08472399741342755,0.09883600364912484,0.08250181376934052,0.05526813222154728,0.018314999999999998
2017-04-11,0.08435319886867365,0.09902025615997316,0.08113976567983627,0.055886711786039295,-0.011023000000000005
2017-04-12,0.08318048165610976,0.1006003266853135,0.08384763449430466,0.058363479889462166,0.020805000000000018
2017-04-13,0.08214796872046203,0.1000058459376755,0.0844293087720871,0.05958444602688111,0.02113000000000001
2017-04-17,0.08384453870780272,0.10081320214254372,0.0844125747680664,0.059837247959177275,0.006051000000000001
2017-04-18,0.08472683540481786,0.10188106345129117,0.08449782431125641,0.06643689498682144,0.004411999999999999
2017-04-19,0.08356226737854465,0.10161369992034003,0.08395889401435852,0.0640076349082712,0.02077699999999999
2017-04-20,0.08357680586749204,0.10051463750937836,0.08754198253154755,0.06915870653935928,0.02058500000000002
2017-04-21,0.08474551287280158,0.09936507240323365,0.08791324496269226,0.06458267068572113,-0.052367
2017-04-24,0.08573989038508495,0.09996197051244841,0.08937841653823853,0.06051015315279168,-0.09424799999999997
2017-04-25,0.08185817848242292,0.09391334419937203,0.08251567929983139,0.03654876487658153,0.03640500000000002
2017-04-26,0.08069837430926209,0.09374798760204307,0.08227595686912537,0.02884660992828518,0.013347999999999999
2017-04-27,0.07942050591937976,0.09642038536952649,0.08550138026475906,0.04312972508998575,-0.054463999999999985
2017-04-28,0.07870536515179116,0.09235291748752385,0.08149014413356781,0.023393031512585163,0.004877000000000006
2017-05-01,0.07749979377558062,0.09271631645042003,0.08031222969293594,0.02363845280653748,0.009161000000000002
2017-05-02,0.08041987790719637,0.0924383723664055,0.08248065412044525,0.018809569013351318,0.0012090000000000017
2017-05-03,0.07958443326550244,0.09383485402985563,0.08222440630197525,0.01958159236874779,-0.004871
2017-05-04,0.07812783375054079,0.09490807856480396,0.07870163768529892,0.016776340799641062,-0.0032229999999999898
2017-05-05,0.07804414853554313,0.09406378955716312,0.07895752042531967,0.016757418551899175,-0.008926000000000017
2017-05-08,0.07895403055172287,0.09361140187653366,0.07935063540935516,0.015427030414690276,0.008447999999999997
2017-05-09,0.07928547235686169,0.09439796101011956,0.07742411643266678,0.017570887174371747,-0.015545000000000003
2017-05-10,0.07976803848886659,0.0925758746693154,0.0779634341597557,0.015685003586572432,0.014322000000000001
2017-05-11,0.08100395249367363,0.09209273859976445,0.0781845897436142,0.016005802131326338,-0.01280500000000001
2017-05-12,0.08179828867072254,0.09414339721409375,0.07993921637535095,0.015006519343890218,0.002800999999999998
2017-05-15,0.08266204833644514,0.09332525602888421,0.08061063289642334,0.013973032279537986,0.017133999999999996
2017-05-16,0.08202470047782737,0.09328405071756163,0.08127675205469131,0.010034462292197302,0.01699500000000001
2017-05-17,0.08036845606928152,0.09704893102193923,0.08104535937309265,0.024202165595182124,0.01920100000000001
2017-05-18,0.07986525565820003,0.09716976841564558,0.08196402341127396,0.024199733621455347,0.023247000000000004
2017-05-19,0.08313157590476478,0.09458401562817803,0.08141190558671951,0.019260195132507943,0.022903999999999994
2017-05-22,0.08368437882858203,0.09494493374233821,0.08134343475103378,0.015365488127198443,0.022423
2017-05-23,0.08214405789901198,0.09335793416066997,0.08188117295503616,0.01145711061491507,0.019303
2017-05-24,0.08146200398597257,0.09624793987203684,0.08445323258638382,0.01673582251757709,0.015865000000000004
2017-05-25,0.07972112401927466,0.09662884660830266,0.08517362922430038,0.020401626690737903,0.016625
2017-05-26,0.08045361055812472,0.09657832259254953,0.0861462950706482,0.023823495080620233,0.015286999999999995
2017-05-30,0.08050185067131416,0.09744099975542002,0.08617986738681793,0.02530763584820883,0.017176999999999998
2017-05-31,0.08364664450512338,0.09813268473128282,0.08479171991348267,0.026272207224419364,0.012855000000000005
2017-06-01,0.0810470498931612,0.09793001026867211,0.08670959621667862,0.01923712309280362,0.018607000000000012
2017-06-02,0.08265969573357183,0.09741576516829008,0.0849522203207016,0.017165567734497567,0.015581999999999999
2017-06-05,0.08289877581004954,0.09754348294469989,0.08461669087409973,0.021780167249459206,0.016158999999999993
2017-06-06,0.08585652966278466,0.09959171078387202,0.08758319914340973,0.020861852464456876,0.018631999999999996
2017-06-07,0.08509247371986642,0.09742449047214861,0.08440540730953217,0.019943970448277143,0.015400000000000011
2017-06-08,0.08408242687397813,0.09884740367854976,0.08518284559249878,0.02421752864313831,0.016443999999999986
2017-06-09,0.08444500656428437,0.097702954898416,0.08365049213171005,0.022310962511133417,0.017584000000000002
2017-06-12,0.08442229356158563,0.0997071310953922,0.08456923067569733,0.027859048506326353,0.0038809999999999956
2017-06-13,0.08311674244948676,0.09851566874178193,0.0817919671535492,0.02136371232927746,0.00033700000000000396
2017-06-14,0.08217787724535151,0.09947398338168502,0.08131710439920425,0.023335952663554857,-0.00601500000000002
2017-06-15,0.08112019405712499,0.09843302256261315,0.07944369316101074,0.02308730052217263,0.017533999999999994
2017-06-16,0.07986388900557136,0.0997545337067365,0.07924430817365646,0.02266054493071848,0.021246
2017-06-19,0.0797030961034465,0.09977856549616079,0.0802934467792511,0.022017745341799982,0.016451999999999994
2017-06-20,0.07608979410537693,0.10259207332503598,0.07997039705514908,0.025318425095235242,0.015466999999999995
2017-06-21,0.0755712835589807,0.10325388852017199,0.08068058639764786,0.027788622171417962,0.0046589999999999965
2017-06-22,0.07480244354852261,0.10356468207959879,0.0829046219587326,0.031681943100988014,0.017818
2017-06-23,0.07475343264147237,0.10290943712377111,0.08306491374969482,0.028468997014027442,0.002937000000000023
2017-06-26,0.09350166937251012,0.10054986413949231,0.08270511031150818,0.03157687698072535,0.014393000000000003
2017-06-27,0.09867563837610227,0.10259078759174617,0.08308213949203491,0.038462390441875285,0.017261999999999986
2017-06-28,0.09983936959960968,0.10365920680043231,0.08527381718158722,0.03777815032868584,0.015566999999999998
2017-06-29,0.09652360460001709,0.1096082409527942,0.0885314866900444,0.04185335649487662,0.014299999999999993
2017-06-30,0.09713389654886324,0.11022956348690237,0.0919676199555397,0.050745951106838785,0.006179999999999991
2017-07-03,0.10025314443694854,0.10819945404832322,0.09090732783079147,0.04999130526642816,0.009909000000000015
2017-07-05,0.10071426497625197,0.10753038521571764,0.09310474246740341,0.04696022518995045,0.020217999999999986
2017-07-06,0.09804715267530884,0.11077347571760222,0.09435267746448517,0.051620471337215326,0.017991000000000007
2017-07-07,0.09773491586772587,0.10268071020611899,0.09723761677742004,0.04920752728013357,0.019055000000000016
2017-07-10,0.09703230837252957,0.10250172396403566,0.09582676738500595,0.05122257412602188,0.020380999999999982
2017-07-11,0.09699622266446188,0.10249893646015602,0.09536493569612503,0.05419199443571564,0.017334000000000016
2017-07-12,0.09715190763740049,0.10209689044884813,0.09508573263883591,0.049983707438414376,0.019105999999999984
2017-07-13,0.09759467720821398,0.10203513525921466,0.09554404765367508,0.051860258550513266,0.01571700000000001
2017-07-14,0.09842475838350229,0.10063682271966182,0.09284326434135437,0.043672123754648476,0.019088999999999995
2017-07-17,0.09923270419618772,0.10092509261008738,0.09240022301673889,0.047422806942874984,0.020366999999999996
2017-07-18,0.09919687418328568,0.10116859082344094,0.09136493504047394,0.051605111994428646,0.01704499999999999
2017-07-19,0.10069994422040113,0.09982060897473652,0.09058782458305359,0.044194904896553505,0.01967300000000001
2017-07-20,0.10084107239370217,0.1009838540668823,0.08917095512151718,0.052040206894623076,0.016324000000000005
2017-07-21,0.10000516365843158,0.10085856009237529,0.08952433615922928,0.047282717441019306,0.01740599999999999
2017-07-24,0.1003008232335875,0.10074185818746838,0.08957186341285706,0.050312557451477405,0.015040999999999999
2017-07-25,0.09960300367261196,0.10121567644651688,0.09074017405509949,0.05247956835852763,0.01833
2017-07-26,0.08299749766087339,0.09578298204325873,0.0874643623828888,0.008543331627489895,0.020098999999999992
2017-07-27,0.07576255906878283,0.0963291830445722,0.08646491169929504,0.00441436262389773,0.020953
2017-07-28,0.07407386964791436,0.09656123268762747,0.08673954010009766,0.004085631400390338,0.017686000000000007
2017-07-31,0.07485062860167681,0.0963676138303825,0.08733939379453659,0.006879396399982904,0.015735
2017-08-01,0.07383602326726578,0.09616196576467509,0.08653166145086288,0.0044751044511367605,0.016507000000000008
2017-08-02,0.06764074379972777,0.09608530443792734,0.08644916117191315,0.0013998565630514576,0.015618000000000007
2017-08-03,0.06658909677087828,0.09591870409172809,0.08651717752218246,0.0010017360237480483,0.014002
2017-08-04,0.06645786380617033,0.09044178889531328,0.08527188748121262,0.005482848324691161,0.014531000000000002
2017-08-07,0.06656556637101176,0.09052186465334193,0.08544718474149704,-0.0004899148677258713,0.018094
2017-08-08,0.06651067542264029,0.09235301740322968,0.08482269197702408,0.002861692627470408,0.019051000000000012
2017-08-09,0.06645591377332562,0.0909739140861745,0.08359656482934952,0.002905778335538123,0.020652000000000004
2017-08-10,0.06627226459380056,0.08978922848784003,0.0860021710395813,0.0106450933625995,0.026102
2017-08-11,0.06623185781667384,0.09130259460989754,0.08509751409292221,0.01798532379178601,0.01949200000000001
2017-08-14,0.0659742552382324,0.08793461252155092,0.08399093151092529,-0.00161875738350227,0.02296899999999999
2017-08-15,0.0685916572501062,0.0881354785950418,0.08478868752717972,-0.001547703196187744,0.02207200000000001
2017-08-16,0.0700555716925303,0.08744979312023127,0.08427421748638153,-0.0070488731832856755,0.018874000000000002
2017-08-17,0.06862559272671041,0.09304689521279186,0.08719471096992493,0.0012140567795988766,0.021979000000000012
2017-08-18,0.06882518286339528,0.09368122692447929,0.0862189531326294,0.001872928606297855,0.020653999999999992
2017-08-21,0.07470827490416797,0.09283366134943716,0.0867367684841156,-0.00268316265843159,0.019672999999999996
2017-08-22,0.07613167332631222,0.08849298368371851,0.08533603698015213,-0.005575822233587491,0.019784999999999997
2017-08-23,0.07659286790486937,0.08840763544837159,0.08638584613800049,-0.0060120026726119685,0.022068000000000004
2017-08-24,0.07777257565106994,0.08826162242633755,0.08626386523246765,0.011993503339126632,0.020789000000000002
2017-08-25,0.07860858478595524,0.09111049934379473,0.08598337322473526,0.01755844193121718,0.019982
2017-08-28,0.0902977037281513,0.0903512327703658,0.08669595420360565,0.01930313135208564,0.02080399999999999
2017-08-29,0.08996692173900304,0.09147248503422498,0.08620060235261917,0.022504372398323202,0.019215999999999997
2017-08-30,0.09036972060642809,0.09110908777204632,0.08626355230808258,0.018762977732734207,0.021862999999999994
2017-08-31,0.09271470081138274,0.09252856231446864,0.08823748677968979,0.022390257200272226,0.020122
2017-09-01,0.09453279525118978,0.09215051773870554,0.08856236934661865,0.020514904229121722,0.020705
2017-09-05,0.09786302048132778,0.09210780190658303,0.0880882665514946,0.027997137193829666,0.020298999999999998
2017-09-06,0.09784159640669748,0.09119649378566455,0.08818434178829193,0.026274434628988264,0.021074999999999997
2017-09-07,0.09752763398878245,0.09160969627440631,0.08770889043807983,0.0287553255773597,0.01953300000000001
2017-09-08,0.097098359712479,0.09228159769038263,0.0885753333568573,0.03199308722667436,0.015414999999999998
2017-09-11,0.09670058667606295,0.09385438483436255,0.08769750595092773,0.030518736406199426,0.019437999999999997
2017-09-12,0.09699408620674196,0.09468387693035892,0.08883766829967499,0.03360614318332615,0.01847
2017-09-13,0.09624176826627555,0.09421247980100543,0.08804526180028915,0.031679745761767616,0.01804
2017-09-14,0.09384890952419091,0.09468588943912837,0.0880609080195427,0.0324853437498938,0.01655200000000001
2017-09-15,0.09544816304522996,0.09451525762652961,0.08769750595092773,0.02824542930746969,0.01745300000000001
2017-09-18,0.09534333979930071,0.09264345750449882,0.08566859364509583,0.029184408273289594,0.013101000000000002
2017-09-19,0.09557183275433917,0.09242053248904378,0.08600462973117828,0.030518818136604717,0.01505300000000001
2017-09-20,0.09290842137252754,0.0928331212917036,0.08569341897964478,0.02340872609583204,0.018364999999999992
2017-09-21,0.09216344794649152,0.09442294842667752,0.08628987520933151,0.02998532767368778,0.018371
2017-09-22,0.09372706969364862,0.09422548085022879,0.0854497179389,0.02646313309513061,0.017759999999999998
2017-09-25,0.09322790027021645,0.09818893920080113,0.08701597899198532,0.035770425348930074,0.014808000000000002
2017-09-26,0.1007463686703934,0.09910925194505636,0.08750908076763153,0.037913416214044746,0.0165
2017-09-27,0.09358665651984342,0.09394611749871912,0.08657488971948624,0.0308402972718487,0.022700999999999985
2017-09-28,0.09494996125605792,0.09439864417805828,0.08598540723323822,0.031876079260996976,0.02099200000000001
2017-09-29,0.09432731661881467,0.09640363778833762,0.08687599003314972,0.030564280393571897,0.021414000000000002
2017-10-02,0.0924174792691732,0.09532680695848937,0.08757340908050537,0.03391630018861727,0.022043999999999994
2017-10-03,0.09299315037148863,0.09505148745505507,0.08701064437627792,0.033340205748810206,0.02217899999999999
2017-10-04,0.08919401446320797,0.09893939603409005,0.08214253932237625,0.03041098051867222,0.021845000000000003
2017-10-05,0.08912727068181796,0.09049930489052327,0.08814503997564316,0.028505404593302516,0.018559000000000006
2017-10-06,0.08993178527017147,0.09143767704528,0.08834454417228699,0.024936367011217556,0.021362000000000006
2017-10-09,0.09170216224840222,0.09186259408990162,0.0877070501446724,0.025602641287521016,0.019552000000000014
2017-10-10,0.09148617936209004,0.09033968960440623,0.08591591566801071,0.03409941432393704,0.020200999999999983
2017-10-11,0.09228017996221034,0.09009667400483656,0.08547403663396835,0.030499914793258046,0.019683000000000006
2017-10-12,0.0943464426081101,0.0898931529064896,0.08593568205833435,0.03295523273372444,0.022959999999999994
2017-10-13,0.0945579076753139,0.09145837400776255,0.08552924543619156,0.03515009147580908,0.018624
2017-10-16,0.09604744332204677,0.08910724188011372,0.08434107899665833,0.031692837954770056,-0.0024250000000000105
2017-10-17,0.09821454915793548,0.08964661754348507,0.08372338861227036,0.03634666120069928,0.013194000000000011
2017-10-18,0.09834056863117493,0.0892870269166149,0.0857739970088005,0.034185168245660855,0.01521900000000001
2017-10-19,0.10929308903890353,0.09143380816659624,0.0878138467669487,0.03305957962747244,0.06442499999999998
2017-10-20,0.1108692934896185,0.09084542353733023,0.08560580760240555,0.03129455305350849,0.02015500000000002
2017-10-23,0.11037856095052816,0.09057431577212924,0.08551187813282013,0.03647893130635138,0.019878999999999994
2017-10-24,0.11091447377754995,0.09063384335999959,0.08416187018156052,0.03390910072978355,9.999999999998899e-05
2017-10-25,0.10342539573396399,0.08341677212194991,0.07858254015445709,0.008196632329606615,-0.033355000000000024
2017-10-26,0.10012868228315341,0.08842202730910885,0.0827401652932167,0.011498344480156561,0.015814999999999996
2017-10-27,0.09934026146949212,0.08301491785499615,0.07868213951587677,0.006609039743942058,0.019831
2017-10-30,0.10319585078837511,0.08712770322717883,0.0765945091843605,0.011822684381185306,0.017626000000000003
2017-10-31,0.1066073265759085,0.08803722961026623,0.07694700360298157,0.011195521730826816,0.018636
2017-11-01,0.11222913044808706,0.08773667333924867,0.07731102406978607,0.01159285062851137,0.016963000000000006
2017-11-02,0.11578214739956758,0.08900164052893535,0.07764502614736557,0.01589298653679204,0.01595400000000001
2017-11-03,0.11683074955717772,0.08730311038088,0.07765587419271469,0.008307730318182036,0.016722999999999988
2017-11-06,0.11602893504245329,0.08693786613939089,0.07821421325206757,0.006619215729828529,0.013977000000000003
2017-11-07,0.11557459029360877,0.0836162566940475,0.07604780793190002,0.0031048387515977965,0.016484
2017-11-08,0.11900004162722422,0.08370002729310626,0.07631412893533707,0.006766821637909939,0.015529000000000001
2017-11-09,0.12028365702270953,0.0860979475408316,0.07853342592716217,0.018113821037789662,0.013704999999999995
2017-11-10,0.1209198717216088,0.08370133170651378,0.07696358114480972,0.01364355839188991,0.01366500000000001
2017-11-13,0.12331490266690835,0.08252687267135275,0.0772591233253479,0.010034093324686091,0.015112
2017-11-14,0.12070024612077745,0.08239587468481176,0.07731901109218597,0.004523557677953205,0.014426000000000008
2017-11-15,0.11936067889453791,0.08706825980778794,0.07920502126216888,0.016406451842064504,0.017397999999999997
2017-11-16,0.1201788512658212,0.0843023448516576,0.07740412652492523,0.008808432368825073,0.01467700000000001
2017-11-17,0.11075167028106521,0.08635533244956134,0.07691299915313721,-0.0009480880389035468,0.01532900000000001
2017-11-20,0.10970949385860523,0.0915907645813746,0.07979609817266464,0.005880707510381514,0.016311999999999993
2017-11-21,0.11072684177830376,0.0907041607528683,0.07787922024726868,0.00263344004947183,0.011716000000000004
2017-11-22,0.10909038495627131,0.08952193742965871,0.07796115428209305,-0.0058724727775499586,0.01297000000000001
2017-11-24,0.10931191030108227,0.08724154917260811,0.07845910638570786,0.004822605266036006,0.014523999999999995
2017-11-27,0.10954613309740642,0.0893752908280911,0.0796547457575798,0.014772318716846575,0.011649000000000007
2017-11-28,0.10926261856135983,0.0872958867636841,0.07844726741313934,0.009663739530507864,0.01747399999999999
2017-11-29,0.10782848585161557,0.0875095399950515,0.07723250985145569,0.0072271502116249,0.01669899999999999
2017-11-30,0.10416327810107766,0.08963155970133073,0.07865402847528458,0.008643674424091502,0.017544000000000018
2017-12-01,0.09680277504218317,0.08968386339567457,0.08037620782852173,0.0009948705519129408,0.019464999999999996
2017-12-04,0.09760180749220321,0.09189300432986823,0.07907889783382416,0.0073338536004323995,0.014343999999999996
2017-12-05,0.09794174609725052,0.08981715688288673,0.07875862717628479,-0.0017927485571777035,0.01963200000000001
2017-12-06,0.09809095194912165,0.0899702995074026,0.07871469855308533,-0.0022969340424532636,0.014412999999999995
2017-12-07,0.09779797077810146,0.08941182044291436,0.07750791311264038,-0.006614589293608739,0.013756999999999991
2017-12-08,0.09386193874705574,0.08997632669354545,0.07835260778665543,-0.00395304062722425,0.013174000000000005
2017-12-11,0.09199764361733888,0.09000631740290496,0.07953714579343796,-0.005826656022709514,0.009921000000000013
2017-12-12,0.09041953913270769,0.08986390398743976,0.08027003705501556,-0.006982870721608789,0.011248999999999995
2017-12-13,0.08800048817616571,0.08991166478828415,0.0794425830245018,-0.007291901666908365,0.0032149999999999956
2017-12-14,0.08885352131561346,0.0892094334519004,0.07817885279655457,-0.007972245120777446,0.0036679999999999907
2017-12-15,0.08974504569481058,0.08774386123370653,0.07586415857076645,-0.01649667789453789,0.012531
2017-12-18,0.0890041606937041,0.08882580432739365,0.07702475786209106,-0.006748850265821213,0.009271000000000001
2017-12-19,0.08745476980586878,0.08397629369301861,0.07550540566444397,0.0008423307189347751,0.010565000000000005
2017-12-20,0.08998564237824346,0.08261118926363913,0.07566490024328232,-0.004243492858605216,0.010431999999999997
2017-12-21,0.08886721172204395,0.08314620503634287,0.075311079621315,-0.004790840778303787,0.009861000000000009
2017-12-22,0.0895675274511007,0.08226244609845657,0.0757332295179367,-0.007457383956271296,0.005695999999999993
2017-12-26,0.09344356129146676,0.08325647119216664,0.07604093104600906,-0.0004959093010822591,0.010959999999999998
2017-12-27,0.10051379240318888,0.08317744352173444,0.074834443628788,-0.001791132097406417,0.011793999999999999
2017-12-28,0.10555058933988458,0.08316736724934448,0.07583088427782059,-0.0026366175613598553,0.01236799999999999
2017-12-29,0.10601572812376303,0.08364423153180556,0.07548455148935318,0.007274515148384439,-0.0010859999999999898
2018-01-02,0.10964569963714162,0.0824847492604749,0.07688286155462265,0.0057157228989223735,0.008910000000000001
2018-01-03,0.1118877268807059,0.0824855006772911,0.07845166325569153,0.014492225957816851,0.010152999999999995
2018-01-04,0.15069765450383826,0.08406642037620533,0.07938366383314133,0.017730193507796782,0.012003999999999987
2018-01-05,0.16106405162472834,0.10127348176928795,0.08977730572223663,0.01540425490274945,0.009118000000000001
2018-01-08,0.1737969128662375,0.10179259343133025,0.08949773013591766,0.019992049050878327,0.009852999999999987
2018-01-09,0.17816665588232963,0.10217995767795333,0.09042049944400787,0.024394030221898524,0.008891999999999997
2018-01-10,0.19141034853425193,0.10176960735761025,0.091654472053051,0.02650706225294426,0.01083400000000001
2018-01-11,0.19550999962725335,0.10255834663912984,0.09200642257928848,0.03219035738266114,0.010784000000000002
2018-01-12,0.19830684224651524,0.10250969918209137,0.09228873252868652,0.033230461867292296,0.007436999999999999
2018-01-16,0.19988820638383362,0.10393216214224266,0.09332945942878723,0.0470825128238343,0.007272000000000001
2018-01-17,0.20098365467564244,0.10484544743994595,0.09185555577278137,0.05074447968438654,0.004142000000000007
2018-01-18,0.20384524352105365,0.10388883684373285,0.09253249317407608,0.04683095530518942,-6.799999999998474e-05
2018-01-19,0.20560797037080966,0.10368449990911906,0.0931430384516716,0.04698884030629591,-0.00015800000000001924
2018-01-22,0.20787371596988571,0.10395055458352111,0.09508655220270157,0.04430223119413125,0.0072319999999999884
2018-01-23,0.20876822809317472,0.10459357164017638,0.09449655562639236,0.04905535862175653,-0.0015000000000000013
2018-01-24,0.20966416949472738,0.10521618598453468,0.0932653546333313,0.06097878927795604,-0.009077000000000002
2018-01-25,0.21143719483633086,0.10399351602975306,0.09331602603197098,0.0511484735488993,-0.003614000000000006
2018-01-26,0.21132196530966524,0.1047139120757041,0.0931866466999054,0.04554743970853324,-1.9000000000019e-05
2018-01-29,0.20913549570827367,0.1076096577723832,0.09740146994590759,0.06028120859681113,-0.009419999999999984
2018-01-30,0.21051967136946617,0.108967720383303,0.09393852949142456,0.0648724116601154,-0.02004499999999998
2018-01-31,0.20992365413005873,0.10822232080960548,0.09377389401197433,0.061410272876236974,-0.017762
2018-02-01,0.20830592701366113,0.10562269822066953,0.09356539696455002,0.03744430136285838,-0.0063509999999999955
2018-02-02,0.20785985200071272,0.10739286978595335,0.09193272143602371,0.0524312741192941,-0.004527000000000003
2018-02-05,0.1801338131023974,0.10851172666098695,0.0910349041223526,0.07315034649616176,-0.02394200000000002
2018-02-06,0.1713725818403783,0.11015826664775505,0.09179536998271942,0.06814994937527166,0.008128999999999997
2018-02-07,0.15932852993766763,0.11032883164313988,0.09618137031793594,0.059941088133762505,-0.009545000000000026
2018-02-08,0.15741422698333885,0.1106129373021741,0.09522375464439392,0.08299234511767034,0.005095999999999989
2018-02-09,0.14196520462158463,0.1126006094960338,0.09539850056171417,0.0887246524657481,0.03630699999999998
2018-02-12,0.13760527911250123,0.10676266047181626,0.09782576560974121,0.03564300137274665,0.028895000000000004
2018-02-13,0.13428950849037583,0.10699084517530555,0.09415745735168457,0.03247615875348478,0.015572000000000003
2018-02-14,0.13398373075062384,0.10567276194117892,0.09692477434873581,0.010335794616166377,0.01016800000000001
2018-02-15,0.13375714710766992,0.10431002265858014,0.09751616418361664,-0.003498653675642449,0.026795000000000013
2018-02-16,0.1297491737665029,0.10159846547461485,0.09508323669433594,-0.04360524252105363,0.011383000000000004
2018-02-20,0.13094199588338787,0.10193429706411898,0.0977327972650528,-0.04655696937080964,0.025076000000000015
2018-02-21,0.13143096157893364,0.10245693826899521,0.09806928038597107,-0.04484571496988568,0.019848000000000005
2018-02-22,0.1341738572245265,0.10237221636193111,0.09622417390346527,-0.05168722709317469,0.020934000000000008
2018-02-23,0.1351024969921785,0.1016348594592402,0.09254687279462814,-0.07213316849472742,0.02288900000000002
2018-02-26,0.1386582476687161,0.10096962357677608,0.09093847870826721,-0.07319719383633089,0.020865000000000022
2018-02-27,0.1404627303774023,0.10333954180765995,0.09141207486391068,-0.045281964309665246,0.006489999999999996
2018-02-28,0.14268128339469233,0.10301491209898755,0.09131039679050446,-0.041071494708273676,0.008000000000000007
2018-03-01,0.14286735284228688,0.10231435139644189,0.09186221659183502,-0.04081267036946615,0.026470999999999995
2018-03-02,0.14531081615952487,0.10163091407992886,0.09097331017255783,-0.042374653130058726,0.024146
2018-03-05,0.1518111748409743,0.09986991878017994,0.08941912651062012,-0.051284926013661136,0.02488700000000002
2018-03-06,0.15403404731788942,0.09881430788266342,0.08835145086050034,-0.05681285100071276,0.022786
2018-03-07,0.15790017432776465,0.097305531998976,0.0876607894897461,-0.02573281210239739,0.017545000000000005
2018-03-08,0.15837193522339202,0.09723463866077234,0.08896082639694214,-0.025109580840378287,0.021001999999999993
2018-03-09,0.15913995602531533,0.09526926670315418,0.08771010488271713,-0.025762528937667645,0.02093499999999998
2018-03-12,0.15611179877298628,0.09728896896671922,0.08756683021783829,-0.015335225983338835,0.01736499999999999
2018-03-13,0.15646132771374033,0.09941412053512826,0.09288112819194794,0.019614796378415372,0.015748999999999985
2018-03-14,0.1564696772377157,0.09823414197485429,0.09105775505304337,0.013477721887498767,0.01005700000000001
2018-03-15,0.15708618174736297,0.0981392481634909,0.09011583030223846,0.015792492509624168,0.007272000000000001
2018-03-16,0.1556185202741525,0.09722383487915591,0.09120938181877136,0.005968270249376129,0.005430999999999991
2018-03-19,0.1559012730668259,0.09939148024293674,0.09412543475627899,0.026514853892330104,0.015036000000000022
2018-03-20,0.1558602650941775,0.09881667301703563,0.09352222084999084,0.01956582723349709,0.02287700000000001
2018-03-21,0.15584448161495262,0.09944835625960854,0.0941314846277237,0.029172005116612137,0.010747000000000007
2018-03-22,0.15274538321041004,0.1011737318460671,0.09367195516824722,0.043194039421066366,0.02205299999999999
2018-03-23,0.15947162564766612,0.10222960120652949,0.09389765560626984,0.05419314377547352,0.030883999999999995
2018-03-26,0.16553168530809503,0.10155809712685664,0.0942816212773323,0.045015504007821505,0.025525999999999993
2018-03-27,0.16581815741018713,0.10215673150706973,0.09519452601671219,0.049313753331283905,0.02875999999999998
2018-03-28,0.1631864493188915,0.10260883215286269,0.09520811587572098,0.0575922706225977,0.028515000000000013
2018-03-29,0.16387903906555787,0.10143054768214135,0.09436352550983429,0.04115571760530767,0.02251699999999998
2018-04-02,0.1635176318172303,0.10237146863043012,0.09504301100969315,0.06536564815771312,0.031385000000000024
2018-04-03,0.16333710265978307,0.1021817407374338,0.09535332024097443,0.050305184840475164,0.032886
2018-04-04,0.1635713387866397,0.10238785020977406,0.09451454132795334,0.0429728261590257,0.02643000000000001
2018-04-05,0.16237548115890746,0.10065750723978321,0.09184158593416214,0.03653595368211057,0.021599000000000007
2018-04-06,0.15961887612121065,0.10138719179008059,0.09162305295467377,0.03933182667223534,0.03195500000000001
2018-04-09,0.15869759591987076,0.13711682980413492,0.1086561381816864,0.03438406577660799,0.03176300000000001
2018-04-10,0.15969441580488372,0.13648275169002833,0.1067664697766304,0.025043044974684653,0.033280000000000004
2018-04-11,0.1601029591915447,0.13528768478451716,0.1058071032166481,0.028852202227013707,0.027013999999999982
2018-04-12,0.1599930262656105,0.13322809187650922,0.1036406010389328,0.020361673286259707,0.027796000000000015
2018-04-13,0.15933218108685407,0.1323100308190915,0.10527307540178299,0.015493323762284295,0.02874199999999999
2018-04-16,0.15943417414146774,0.13161550937456845,0.10531914979219437,0.009355819252637038,0.025511000000000006
2018-04-17,0.15954352537852495,0.130840558661722,0.10450146347284317,0.004326480725847515,0.015547000000000005
2018-04-18,0.15847681056717494,0.12506433838156003,0.10501877963542938,0.006042727933174119,0.01813400000000001
2018-04-19,0.1573143566117285,0.12886360062568278,0.10433543473482132,0.009901735905822467,0.026428000000000007
2018-04-20,0.15353194552757565,0.13262507925947611,0.10504915565252304,0.024963519385047372,0.019230999999999998
2018-04-23,0.15326850604115763,0.1259711434875364,0.10270172357559204,0.017162617789589996,0.02646799999999999
2018-04-24,0.1428121325341495,0.12341511232154995,0.0988854467868805,-0.00743662464766609,0.024248999999999993
2018-04-25,0.13288209946679158,0.12346473295831165,0.10358863323926926,-0.009248684308095001,0.030511999999999984
2018-04-26,0.1269626690446103,0.12111197559289569,0.10067158192396164,-0.017335156410187125,0.021041000000000004
2018-04-27,0.12937468768167706,0.1196482576637733,0.09897883236408234,-0.02236944831889151,0.020793000000000006
2018-04-30,0.12670809832670807,0.12039476086396518,0.09996040165424347,-0.021097038065557877,0.018054000000000014
2018-05-01,0.12265794526071609,0.12211406224346988,0.09958888590335846,-0.012376630817230283,0.022414000000000017
2018-05-02,0.1191602627021526,0.12124792065299062,0.10085154324769974,-0.014434101659783094,0.021064
2018-05-03,0.10995447524365017,0.1216433447885125,0.10053818672895432,-0.010955337786639707,0.023431000000000007
2018-05-04,0.10668974892414672,0.11762511713832603,0.10007864981889725,-0.020394480158907463,0.021081000000000016
2018-05-07,0.10356559188791518,0.11640527382541523,0.0967140942811966,-0.014166875121210648,0.019955
2018-05-08,0.10355294394532108,0.11811143530608015,0.0968581959605217,-0.012751594919870768,0.015882000000000007
2018-05-09,0.10002950245590088,0.11719351939321472,0.09407228231430054,-0.017056414804883763,0.014849000000000001
2018-05-10,0.09907866488481912,0.11566240113463777,0.09569300711154938,-0.022457958191544725,0.014988000000000001
2018-05-11,0.09695668664708525,0.11563055001521749,0.09389552474021912,-0.024922025265610492,0.013860999999999984
2018-05-14,0.09632755095797664,0.11763205421970262,0.09465105086565018,-0.02652518008685406,0.015137999999999985
2018-05-15,0.09379722825783356,0.1187025121204164,0.09547829627990723,-0.021972173141467738,0.017305000000000015
2018-05-16,0.09549634696924636,0.1179502797038639,0.09383504092693329,-0.02428952437852494,0.011982999999999994
2018-05-17,0.09624951345038063,0.11508457094623824,0.09439169615507126,-0.021489809567174945,0.012801000000000007
2018-05-18,0.09868079667360001,0.11396416228727312,0.09169621020555496,-0.026520355611728497,0.012944000000000011
2018-05-21,0.1008883213497072,0.11379006577632689,0.0923827514052391,-0.02577094452757564,0.012109000000000009
2018-05-22,0.10055564829774781,0.11396837005802293,0.09150854498147964,-0.024062505041157645,0.008702999999999989
2018-05-23,0.09794608936816483,0.11262829160166155,0.09061229974031448,-0.01951913153414951,0.015722999999999987
2018-05-24,0.10004649516637715,0.11216132426139747,0.09378345310688019,-0.012443098466791605,0.014356999999999995
2018-05-25,0.1019714233882455,0.11239276575754549,0.09325183928012848,-0.005665668044610286,0.014632000000000006
2018-05-29,0.10197198893062642,0.11213349188547345,0.09377121180295944,0.0071923133183229015,0.018869999999999998
2018-05-30,0.10155240034547466,0.11442446500613998,0.0954115092754364,0.0018389026732919256,0.012493000000000004
2018-05-31,0.10609111480123173,0.11468081170134431,0.09574451297521591,0.0034270557392838963,0.018581
2018-06-01,0.1097753697943983,0.10965824349863668,0.09280842542648315,0.001960738297847417,0.01646199999999999
2018-06-04,0.1102268905535184,0.11602141019146212,0.09711074084043503,0.016321525756349847,0.013663000000000008
2018-06-05,0.11048470782583607,0.11229464316978321,0.09951255470514297,0.022175252075853275,0.009091000000000016
2018-06-06,0.11150924122267447,0.10660413613519222,0.09774674475193024,0.014890409112084821,0.016117000000000006
2018-06-07,0.1112279594967384,0.1097553812393001,0.09836648404598236,0.017062057054678906,0.002583000000000002
2018-06-08,0.1112392767267341,0.11136714083981579,0.10119900107383728,0.020703498544099114,0.014142999999999989
2018-06-11,0.11116344372595985,0.11333284734272481,0.10103871673345566,0.030161336115180876,0.007294999999999996
2018-06-12,0.11305453186237359,0.11283822731150238,0.10310870409011841,0.027767314352914768,0.012697000000000014
2018-06-13,0.11282947171675672,0.12024644741500468,0.10817299038171768,0.04659245004202334,0.008484999999999993
2018-06-14,0.11259493353384945,0.1086957976834363,0.09636509418487549,0.03462477274216645,0.007970999999999992
2018-06-15,0.113227738229144,0.10741305798002886,0.09434444457292557,0.026376654030753635,0.016971000000000014
2018-06-18,0.11264931620983953,0.1139487296783273,0.10174264013767242,0.03985348754961936,0.010466999999999976
2018-06-19,0.11261608835297919,0.11354662277006661,0.1017867773771286,0.03706620432640001,0.014842999999999995
2018-06-20,0.11104706062437747,0.11503178623240397,0.09831943362951279,0.03958767965029278,0.014564999999999995
2018-06-21,0.11315870088590235,0.11638073214184959,0.09730002284049988,0.038201352702252195,0.016659000000000007
2018-06-22,0.11505142285789384,0.1149342998373315,0.09731405973434448,0.040976911631835145,0.01314499999999999
2018-06-25,0.1203633602317221,0.11798332973694418,0.09905106574296951,0.06143850583362283,0.018043000000000003
2018-06-26,0.11839947853425933,0.11662725715883461,0.09743770211935043,0.052398577611754496,0.015219999999999984
2018-06-27,0.11601765605436863,0.11871933448473829,0.09613247215747833,0.06733701206937355,0.010009999999999991
2018-06-28,0.114756189944836,0.11830006803223277,0.09760851413011551,0.06216860065452531,0.018812999999999996
2018-06-29,0.10797654222150138,0.12024727913568074,0.0951685830950737,0.05263388619876826,0.014906000000000003
2018-07-02,0.10435912334978233,0.12466118568338336,0.09683430194854736,0.0534896312056017,0.018791000000000002
2018-07-03,0.10448315506705552,0.1238261589507637,0.09455577284097672,0.056874110446481566,0.016157000000000005
2018-07-05,0.10657703676515563,0.12352418589376686,0.0959727093577385,0.04713629317416393,0.025329000000000018
2018-07-06,0.10600940170046876,0.11901624550128193,0.09193774312734604,0.03831575977732553,0.023079000000000016
2018-07-09,0.1070788587898823,0.11197343275245558,0.09896132349967957,0.035392041503261584,0.01993499999999998
2018-07-10,0.10719908119827604,0.111846627450552,0.09899110347032547,0.0333717242732659,0.016888000000000014
2018-07-11,0.10727926316029075,0.11472217692799194,0.1000223383307457,0.039594557274040126,0.013819999999999999
2018-07-12,0.10700868501857408,0.11287661776171354,0.09795485436916351,0.028185469137626415,0.019539
2018-07-13,0.1075895139271793,0.11036476674188149,0.09702356904745102,0.027709529283243287,0.017633999999999983
2018-07-16,0.10724416311787993,0.11302208574595082,0.09786908328533173,0.03243406746615053,0.019595
2018-07-17,0.10520894004131125,0.11194824162126611,0.0997825562953949,0.034682262770855996,0.012309999999999988
2018-07-18,0.10460245204870297,0.1127402819208145,0.09910766780376434,0.035836684790160486,0.012401999999999996
2018-07-19,0.10329578618817115,0.11010249554207881,0.09952889382839203,0.035974912647020824,0.014457999999999999
2018-07-20,0.10295674239436474,0.11176660690195486,0.09952843934297562,0.030676940375622533,0.020066
2018-07-23,0.10042898056336719,0.11081144835627774,0.09802832454442978,0.03910030011409764,0.014611000000000013
2018-07-24,0.09771788914484734,0.11006653649960992,0.09758968651294708,0.03351257814210615,0.018935000000000007
2018-07-25,0.08933413766248914,0.10242672539271808,0.09807401150465012,-0.0011183592317220714,0.017418000000000003
2018-07-26,0.08789748594372142,0.10376459051607498,0.100417859852314,0.006715522465740656,0.012268000000000001
2018-07-27,0.08724624333760209,0.10084594494701464,0.09095998108386993,0.000778344945631379,0.016492999999999994
2018-07-30,0.08736834915102563,0.10122620319883027,0.09751065075397491,0.008599811055164011,0.019849000000000006
2018-07-31,0.08650671535445337,0.10065289837736252,0.09343982487916946,0.012082458778498617,0.015737
2018-08-01,0.08668924245057755,0.10088606258912125,0.09337624162435532,0.012762877650217663,0.018944000000000003
2018-08-02,0.0900252044079109,0.1014552839495261,0.09285878390073776,0.018362845932944447,0.007393999999999998
2018-08-03,0.08809014536971438,0.10414786699501978,0.09250281006097794,0.01883296423484436,0.0002960000000000046
2018-08-06,0.08947826854101057,0.09845580946212927,0.08717574924230576,0.0034135992995312503,0.014566999999999997
2018-08-07,0.09203120288652263,0.0984803652159523,0.08702658861875534,-0.002426857789882289,0.017796000000000006
2018-08-08,0.094848446373683,0.10105909119372251,0.09100500494241714,0.0007669198017239698,0.012429999999999997
2018-08-09,0.09687613765674617,0.09897514555504518,0.08907727152109146,-2.1262160290733134e-05,0.012666999999999998
2018-08-10,0.09503796911461465,0.09755291222158785,0.08753848075866699,0.002458315981425943,0.018769999999999995
2018-08-13,0.0939103360502523,0.10720019945363088,0.0961894690990448,0.008165487072820707,0.019231000000000012
2018-08-14,0.09529580735492751,0.09962341734172653,0.08998634666204453,0.008072837882120057,0.013240000000000002
2018-08-15,0.09528599667920593,0.10576662331009216,0.09393243491649628,0.013637060958688732,0.020803000000000002
2018-08-16,0.09437957546057277,0.10573110779940399,0.09571896493434906,0.014652548951297029,0.009607999999999992
2018-08-17,0.09485600888028771,0.09603901195057041,0.08701571077108383,0.003232214811828879,0.02001
2018-08-20,0.09463132470329777,0.09552984124093578,0.08591686189174652,-0.0014637413943647676,0.022291999999999992
2018-08-21,0.0954277789456681,0.09493582806309143,0.08595722168684006,0.00503702043663283,0.018393000000000007
2018-08-22,0.09562285185726722,0.09621626991148005,0.08740393072366714,0.009616111855152654,0.014809000000000003
2018-08-23,0.09872963804670933,0.09846908785048825,0.09228558838367462,0.02588286333751086,0.01406700000000001
2018-08-24,0.10100449963915334,0.09498944749132154,0.0875369980931282,0.016913515056278583,0.016712999999999992
2018-08-27,0.10260024796443251,0.09630726347113781,0.09116242080926895,0.0224777576623979,0.014776999999999998
2018-08-28,0.10321748532389488,0.09598103262487724,0.0875917375087738,0.020406651848974347,0.016867000000000007
2018-08-29,0.10303021134840408,0.09478056649993578,0.0868188664317131,0.01965128564554665,0.014755000000000004
2018-08-30,0.10271462054433374,0.10323021309229778,0.09237020462751389,0.032439758549422465,0.011347999999999997
2018-08-31,0.10080967547922272,0.10061033094593452,0.09471289813518524,0.02399379659208911,0.01680799999999999
2018-09-04,0.10291367872258309,0.10598500245331946,0.09487379342317581,0.03602785563028564,0.017533999999999994
2018-09-05,0.10307414243294756,0.1080588245701851,0.09593034535646439,0.036781732458989455,0.014748999999999998
2018-09-06,0.10069424226024012,0.10827310616145265,0.09533423185348511,0.02946179811347739,-0.0026510000000000145
2018-09-07,0.09924733598738136,0.10883941100060686,0.094487763941288,0.031256554626316976,0.016402000000000014
2018-09-10,0.09722382271364834,0.10868355362340666,0.09742969274520874,0.030542863343253818,0.015187000000000006
2018-09-11,0.10677920545013907,0.10714373849866846,0.092882439494133,0.03451803188538537,0.012380000000000002
2018-09-12,0.12033968886205845,0.10499154933133788,0.09179698675870895,0.03032266494974771,0.016479999999999995
2018-09-13,0.12320662531126,0.1055406756271851,0.09176898002624512,0.024640193645072486,0.015220999999999998
2018-09-14,0.12601948521235962,0.10393060538832201,0.0905948057770729,0.02112400432079406,0.016570000000000015
2018-09-17,0.12914907362941902,0.10702560607244775,0.09557677060365677,0.02957042553942725,0.018542000000000003
2018-09-18,0.1296916737793725,0.1074945068575616,0.09595486521720886,0.0346479921197123,0.0008650000000000047
2018-09-19,0.13263760961693483,0.1077200675790194,0.09629543125629425,0.03165867629670224,0.029869000000000007
2018-09-20,0.1336809025066086,0.10028289440323754,0.0921211913228035,0.014676222054331889,0.017651999999999987
2018-09-21,0.13575085726821878,0.09969637797387962,0.09151629358530045,0.015665149142732787,0.017204999999999998
2018-09-24,0.13835005137901682,0.10619724648731516,0.09565214812755585,0.020920362953290694,0.018081
2018-09-25,0.14773796464938022,0.10558617268343913,0.09440039843320847,0.02261250136084665,0.017549999999999996
2018-09-26,0.14879437138463272,0.10555951265057587,0.09458430856466293,0.02258775303556748,0.015930999999999987
2018-09-27,0.155862661692237,0.10650775196093032,0.09270734339952469,0.030020515676105114,0.014732000000000009
2018-09-28,0.15729313219021462,0.10301747998782351,0.09129972755908966,0.016823789651595908,0.019476000000000007
2018-10-01,0.17398250155215403,0.10263789841357329,0.09115617722272873,0.024753380455666246,0.017305
2018-10-02,0.17708322477649024,0.1051397890856533,0.09311740100383759,0.03009432552077726,0.014695000000000014
2018-10-03,0.18013524169377035,0.10653240908570996,0.09511954337358475,0.0351543222774169,0.017655000000000004
2018-10-04,0.18074476206913662,0.11037575909557533,0.0956246554851532,0.045622858567052435,0.022063
2018-10-05,0.18160506555464967,0.1383382038851732,0.09903758019208908,0.046959758739759855,0.01996400000000001
2018-10-08,0.1809799582500568,0.14449109354312087,0.10070828348398209,0.05997966501261866,0.01741000000000001
2018-10-09,0.1819809250710034,0.124639590381795,0.10049449652433395,0.05802917828635168,0.022236000000000006
2018-10-10,0.1762702779018378,0.1288093649672889,0.10479702800512314,0.07532979554986095,0.020978000000000024
2018-10-11,0.16825581059976188,0.13092449285644964,0.10447102785110474,0.08089031213794157,-0.003256999999999982
2018-10-12,0.16810460072502048,0.12859465106467646,0.10413677245378494,0.07641037568873998,0.021578000000000014
2018-10-15,0.16581792546481838,0.128861219476194,0.10433769971132278,0.07088851578764041,0.01791799999999999
2018-10-16,0.16341310130416414,0.12680233521786427,0.10413867980241776,0.046698927370580984,0.028118000000000004
2018-10-17,0.1629877747172623,0.12444701675153876,0.104411780834198,0.04182432722062751,0.028642
2018-10-18,0.16147183051806227,0.12748930634893613,0.10482098162174225,0.04711539138306517,0.024921
2018-10-19,0.16103150777571124,0.12406565345519477,0.10573765635490417,0.035726098493391395,0.031226000000000004
2018-10-22,0.16627503276180366,0.12431714741392338,0.10597796738147736,0.03851214373178122,0.03005000000000002
2018-10-23,0.16522374619900568,0.12561826588723696,0.10548371821641922,0.037792949620983174,0.026067000000000007
2018-10-24,0.15823995202732397,0.13491284766173614,0.1050281971693039,0.057969036350619785,0.042322
2018-10-25,0.15735056044342063,0.13162073517532127,0.10529740154743195,0.051080629615367246,0.03765099999999999
2018-10-26,0.15080367785288545,0.13322123964140592,0.111471027135849,0.049067339307763,0.033577000000000023
2018-10-29,0.1496658698778507,0.1303577677377825,0.11043287068605423,0.036393868809785374,0.03920000000000001
2018-10-30,0.13029799803013634,0.12671973462639302,0.1150347888469696,-0.011050500552154008,0.03285199999999999
2018-10-31,0.13061483533130394,0.1255824195349704,0.11161607503890991,-0.030953223776490235,0.034612000000000004
2018-11-01,0.13377535397162363,0.12864991820371843,0.11374440044164658,-0.04140124069377035,0.035658999999999996
2018-11-02,0.13886469461209905,0.12779609696870423,0.11299768090248108,-0.040421761069136614,0.035586000000000007
2018-11-05,0.1437243381029682,0.12696028521407252,0.11313977837562561,-0.038570064554649675,0.033603999999999995
2018-11-06,0.14664157989582624,0.1263107878845427,0.11014983057975769,-0.043017957250056804,0.030650999999999984
2018-11-07,0.15225616499062558,0.12800126199763023,0.11117114871740341,-0.05873892407100341,0.02613800000000001
2018-11-08,0.1573585091679873,0.11896799447732727,0.10552801936864853,-0.05627527690183777,0.02693200000000001
2018-11-09,0.15783314155655095,0.11629475798800748,0.10340449213981628,-0.04044080959976187,0.024244
2018-11-12,0.15958554763106292,0.12969346765312612,0.10672584921121597,-0.026947599725020505,0.029965999999999993
2018-11-13,0.1601252624738428,0.12909682415366938,0.10686842352151871,-0.021550924464818377,0.031589000000000006
2018-11-14,0.1706663103455997,0.1270521329853228,0.10866816341876984,-0.01564210030416413,0.03021399999999999
2018-11-15,0.17571342959627934,0.12690908451795122,0.10179012268781662,-0.01942277371726231,0.027222999999999997
2018-11-16,0.18319521733545935,0.12108955253930503,0.09646144509315491,-0.028900829518062277,0.023869
2018-11-19,0.18893789762184907,0.1268465766023914,0.1037944033741951,-0.018447506775711248,0.027722999999999998
2018-11-20,0.19742931398995042,0.12930444735148533,0.11247832328081131,-0.005478031761803642,0.029574000000000017
2018-11-21,0.20784798402838073,0.12765733453678438,0.11020322889089584,-0.0062277451990057076,0.024185000000000012
2018-11-23,0.210930757248821,0.12955529813741115,0.11350233107805252,0.0018850489726760233,0.02670800000000001
2018-11-26,0.22085105090021317,0.12758781700525493,0.10778885334730148,-0.006842559443420604,0.023984000000000005
2018-11-27,0.22294155581328823,0.1306682298214515,0.10393079370260239,-0.005291676852885452,0.02333199999999999
2018-11-28,0.22450509907054192,0.1268416697324267,0.10310922563076019,-0.007605868877850697,0.02277599999999999
2018-11-29,0.2263618456637338,0.12283580278180643,0.10511749982833862,0.020936002969863643,0.017543000000000003
2018-11-30,0.22660256260400957,0.12527398602438702,0.10103420913219452,0.014932165668696068,0.025362999999999997
2018-12-03,0.22256328488589572,0.12223321015228182,0.10250836610794067,0.00539564702837636,0.024811
2018-12-04,0.22029973816936552,0.132270237448523,0.11111284792423248,0.018137306387900953,0.02566199999999999
2018-12-06,0.21652871145873598,0.13543135750429255,0.11607608944177628,0.020807662897031842,0.02843699999999999
2018-12-07,0.2171798596930973,0.13879186663351395,0.11688098311424255,0.02842642110417376,0.02105299999999999
2018-12-10,0.21450858471945433,0.13860048674315018,0.11827613413333893,0.024203836009374424,0.020741999999999983
2018-12-11,0.21150120468042602,0.13611395561306128,0.11653681099414825,0.013947491832012715,0.026492000000000016
2018-12-12,0.21090806860709896,0.1344464005101288,0.11410753428936005,0.008692859443449052,0.025739999999999985
2018-12-13,0.20878457446759943,0.1323790134310685,0.10940400511026382,0.0003514533689370769,0.027839000000000003
2018-12-14,0.20861351549049006,0.13277193945918556,0.1114099770784378,0.005556738526157179,0.033308000000000004
2018-12-17,0.1997281706921703,0.13678780707382013,0.11667811870574951,0.013843690654400304,0.036437
2018-12-18,0.19542670206504817,0.1395283265044373,0.11693894863128662,0.014188571403720651,0.03453700000000001
2018-12-19,0.18967030624718428,0.13931676449844888,0.11704950779676437,0.008867783664540635,0.029876000000000014
2018-12-20,0.18428318280253553,0.14214337915110023,0.12056828290224075,0.015479103378150921,0.043884000000000006
2018-12-21,0.17089170072755824,0.1454020551247936,0.12358689308166504,0.01054368701004954,0.012881000000000004
2018-12-24,0.1573473914630494,0.15236294355366395,0.13201506435871124,0.060749016971619246,0.044545999999999975
2018-12-26,0.15097308976131021,0.14697676450513292,0.13168556988239288,0.019119243751179044,-0.10999700000000001
2018-12-27,0.1354527202144806,0.14854311979114052,0.13317641615867615,0.014726950099786806,0.03315800000000002
2018-12-28,0.13146694791869534,0.14495686705161287,0.13228446245193481,0.0013954451867118078,0.04085300000000003
2018-12-31,0.1439042662506586,0.1424783461154004,0.13415415585041046,-0.016221098070541895,0.05216600000000002
2019-01-02,0.14068254494926638,0.1506723635141764,0.13606463372707367,-0.0211848446637338,0.09521700000000002
2019-01-03,0.1393733861080183,0.1532325173437833,0.13485562801361084,-0.012967561604009581,0.092053
2019-01-04,0.13713986801906922,0.14257663736625548,0.12957341969013214,-0.005142283885895715,0.014282000000000017
2019-01-07,0.13389669792284614,0.14008341511290215,0.13231059908866882,-0.016658737169365556,-0.10261899999999999
2019-01-08,0.1329248615701604,0.14500262389124316,0.13629654049873352,-0.02465271045873596,0.030528
2019-01-09,0.1287927867644259,0.14662620406230545,0.13677620887756348,-0.0224308586930973,0.02671000000000001
2019-01-10,0.12566441599246905,0.14491043436436074,0.1355423927307129,-0.030635583719454323,0.029794000000000015
2019-01-11,0.12520697991061075,0.13985035572545204,0.13431866466999054,-0.045947203680425985,0.04411000000000001
2019-01-14,0.12466541717752819,0.14174603514951312,0.13627220690250397,-0.04351506760709897,0.017373999999999973
2019-01-15,0.13462767413616442,0.1379196514683357,0.13289965689182281,-0.04726657346759941,0.014580999999999983
2019-01-16,0.14079352515622615,0.1349717982827593,0.12766437232494354,-0.04672751449049006,-0.01704
2019-01-17,0.14529723975279896,0.1339270997605444,0.12422774732112885,-0.0408081696921703,-0.129823
2019-01-18,0.14487754081077633,0.13340229459578598,0.12076208740472794,-0.049914701065048195,0.029509000000000007
2019-01-22,0.14505921039156494,0.13755138224441457,0.12595511972904205,-0.028216305247184298,0.03453400000000001
2019-01-23,0.14659572195714116,0.13820799060537317,0.12613333761692047,-0.02382618180253554,0.030729000000000006
2019-01-24,0.14636201102493118,0.13839834487227584,0.12232863157987595,-0.0004406997275582525,0.010174000000000016
2019-01-25,0.1436066012282542,0.1371891498988375,0.12183991819620132,0.005421609536950617,-0.014274000000000009
2019-01-28,0.14522594542779507,0.13789827123259543,0.12346387654542923,0.01965691123868979,0.007824999999999999
2019-01-29,0.14532717872019232,0.13473084467634636,0.12186821550130844,0.03431128078551943,-0.011300000000000004
2019-01-30,0.14535030993625134,0.1330191534361328,0.11746905744075775,0.03237905308130465,-0.10590800000000003
2019-01-31,0.13116041960194363,0.14311586033478738,0.12108960747718811,0.09035973474934139,-0.061977000000000004
2019-02-01,0.1310946818824561,0.13313328760586365,0.11786521226167679,0.014899456050733617,-0.024554999999999993
2019-02-04,0.12623666529241911,0.1347319601598267,0.11662463843822479,0.0253196148919817,-0.10681600000000002
2019-02-05,0.12647404679589314,0.13074533505584937,0.11408688127994537,0.025405132980930778,0.00020799999999998597
2019-02-06,0.1292719145034497,0.13367608763552868,0.11524146795272827,0.03264130307715385,-0.02152599999999999
2019-02-07,0.13271694299642572,0.13880896523380834,0.12213447690010071,0.030275139429839643,-0.007728999999999986
2019-02-08,0.13264522539603105,0.13818846895329626,0.12190500646829605,0.03402721423557409,-0.10275899999999999
2019-02-11,0.13305198228191656,0.13754331551538898,0.12252606451511383,0.050065585007530944,0.016908000000000006
2019-02-12,0.13430035099434032,0.13340645662815634,0.11894746124744415,0.050895021089389286,0.04719099999999998
2019-02-13,0.1378527234874207,0.1323246574384201,0.1177322119474411,0.047974583822471786,0.018534000000000023
2019-02-14,0.1264762624648501,0.13491346893375475,0.1270790547132492,0.03619432686383556,0.05526700000000001
2019-02-15,0.11886624460508251,0.13675763309813282,0.12264367192983627,0.02533447584377385,-0.003153000000000017
2019-02-19,0.11891924124400728,0.13631279637506577,0.12175121158361435,0.02279176124720103,0.008712999999999999
2019-02-20,0.1181428114712384,0.13233904223874987,0.11915083229541779,0.01190446018922367,0.012760999999999995
2019-02-21,0.11703071094347867,0.12262149394925304,0.10465774685144424,-0.013384209391564955,0.018303999999999987
2019-02-22,0.1140174852755479,0.11970203144927105,0.10269006341695786,-0.015016720957141155,0.019267000000000006
2019-02-25,0.11222670502504534,0.11967318248241694,0.10019107908010483,-0.012883010024931196,0.017009000000000024
2019-02-26,0.11491372147800405,0.11885866821944145,0.10231391340494156,-0.013256600228254228,0.015852000000000005
2019-02-27,0.11359460869869564,0.11704522657742683,0.09922067821025848,-0.018219944427795037,0.010695999999999997
2019-02-28,0.1127357015240171,0.11593856833536341,0.09759732335805893,-0.01497817772019236,0.012946000000000013
2019-03-01,0.11363662019984398,0.11457089574017787,0.09734290093183517,-0.028152308936251313,0.017868999999999996
2019-03-04,0.11329243351032124,0.11487163954658464,0.09935147315263748,-0.0075194186019436615,0.01836399999999999
2019-03-05,0.11540194971624333,0.11565783177927487,0.10296313464641571,-0.007809680882456094,0.01320300000000002
2019-03-06,0.1164354826871217,0.1162292800254665,0.10377989709377289,0.003291335707580889,0.011224000000000012
2019-03-07,0.11652983178315043,0.12100383596612403,0.10830245167016983,0.0017359542041068543,0.015709
2019-03-08,0.11331647994871656,0.12320312634639213,0.10912786424160004,0.0003990864965503216,0.017259999999999998
2019-03-11,0.10953396238831523,0.11807847856292297,0.10519289970397949,-0.003308941996425757,0.01097200000000001
2019-03-12,0.11008772679445526,0.1176480749291447,0.1056537926197052,-0.0037862243960310737,0.009288999999999992
2019-03-13,0.108336781037967,0.11702659787582613,0.10792705416679382,-0.0024379812819165514,0.003890999999999978
2019-03-14,0.10709053835900835,0.1150052093107467,0.1029500961303711,-0.009421349994340286,0.010814000000000004
2019-03-15,0.10245868941469312,0.12348562703787805,0.10983918607234955,0.007406277512579301,-0.006962999999999997
2019-03-18,0.10304186481409988,0.11500983103097101,0.10289192199707031,-0.005000261464850109,0.015709
2019-03-19,0.10328287405314936,0.11617603883735508,0.10574696213006973,0.005650756394917508,0.015085000000000001
2019-03-20,0.09713883039669512,0.11681040142093625,0.10910283774137497,0.013531759755992731,0.00983299999999998
2019-03-21,0.10045059766717278,0.12335682320221764,0.11192148923873901,0.017919189528761606,0.015138000000000013
2019-03-22,0.11360564804007431,0.1316217521662793,0.11885368824005127,0.026119290056521305,0.020409999999999984
2019-03-25,0.11286030050997414,0.13343261264550943,0.1206851452589035,0.04660451572445208,0.014927999999999997
2019-03-26,0.11220796264121322,0.1266688523593882,0.12105385214090347,0.03426629597495465,0.024178000000000005
2019-03-27,0.11002466200748337,0.1262308033660191,0.12099907547235489,0.036100279521995945,0.024010000000000004
2019-03-28,0.10847791225064027,0.12433153991186172,0.11890504509210587,0.03761939230130433,0.018942999999999988
2019-03-29,0.1112369469027029,0.12212386442357295,0.11435310542583466,0.0312222994759829,0.022253999999999996
2019-04-01,0.10984690037230621,0.11928332578072338,0.11242715269327164,0.03077138080015604,0.02344200000000002
2019-04-02,0.1112077368215838,0.11859894687411186,0.10975881665945053,0.03803056748967877,0.01779
2019-04-03,0.10995824052703636,0.11855735696240859,0.10790655016899109,0.0378590512837567,0.021798000000000012
2019-04-04,0.1090438121525171,0.11902474197586271,0.10481365770101547,0.03637551831287829,0.020660999999999985
2019-04-05,0.10993719641183393,0.11791805413953395,0.10196895897388458,0.033060169216849566,0.022175
2019-04-08,0.11038120721004113,0.1169989399634471,0.1011163517832756,0.035450521051283435,0.024701
2019-04-09,0.11661080940979393,0.11309173248377834,0.10502781718969345,0.04029103861168479,0.022659999999999986
2019-04-10,0.11839423929571666,0.11281684568799394,0.1032811775803566,0.040136274205544734,0.024034
2019-04-11,0.11947475595281147,0.1125161288433827,0.10195975005626678,0.038445219962032984,0.026796999999999987
2019-04-12,0.1274604019892688,0.11255948607376924,0.10292544960975647,0.03985346264099163,0.02382200000000001
2019-04-15,0.130299843877761,0.11174138028110539,0.10341723263263702,0.046995311585306884,0.021714999999999984
2019-04-16,0.12991307112494435,0.1128227966532034,0.10307944566011429,0.048920136185900145,0.01816699999999999
2019-04-17,0.12966058507213649,0.11300811266477748,0.10192756354808807,0.050835126946850634,0.019895999999999997
2019-04-18,0.1299755710500468,0.11214475384835698,0.10325935482978821,0.05317417060330487,0.021931000000000006
2019-04-22,0.12844342063756778,0.11864164339292649,0.10383537411689758,0.07247940333282724,0.017330000000000012
2019-04-23,0.1181552465089938,0.10402742159642497,0.09483381360769272,0.009083352959925711,0.015601999999999991
2019-04-24,0.11813749913040358,0.10386713477445143,0.09415765851736069,0.007299700490025832,0.013080000000000008
2019-04-25,0.11723126201816718,0.10407671388086727,0.09409897029399872,0.00992003835878677,0.014547999999999991
2019-04-26,0.11769541563227037,0.10336627098206543,0.09342162311077118,0.006351338992516636,0.01785600000000001
2019-04-29,0.12090284490778941,0.10244655723561524,0.09324684739112854,0.005141088749359729,0.017943
2019-04-30,0.11862675522845542,0.10469317471260012,0.09486253559589386,0.0025110540972971135,0.014028999999999986
2019-05-01,0.11957817772536229,0.1053617477872586,0.09624016284942627,0.006428100627693792,0.014058000000000001
2019-05-02,0.12124211121461688,0.10495034719830774,0.09471099078655243,0.01112426417841618,0.013344000000000009
2019-05-03,0.1237031301044852,0.10419997123776704,0.09206392616033554,0.006683760472963637,0.009340999999999988
2019-05-06,0.1376388321251834,0.10478874322299245,0.097332663834095,0.01428718884748291,0.015223999999999988
2019-05-07,0.14141591105540577,0.11554978331573532,0.1049976721405983,0.031156804588166068,0.022914000000000018
2019-05-08,0.14438947170108296,0.11508116931774752,0.10005434602499008,0.031100793789958864,0.019103999999999982
2019-05-09,0.1392562546984897,0.11751657032614804,0.10812995582818985,0.03261219159020605,0.032404000000000016
2019-05-10,0.13741893646409134,0.11372299397255897,0.10176295787096024,0.01634676170428337,0.030201000000000006
2019-05-13,0.13949971515125092,0.12284008888755685,0.10814996063709259,0.032070245047188556,0.03026899999999999
2019-05-14,0.13750201167072473,0.12560434996998893,0.10765352845191956,0.015077599010731219,0.028421000000000002
2019-05-15,0.13526026191257953,0.1259051603792235,0.11081588268280029,0.009865157122238982,0.025093999999999977
2019-05-16,0.13952347097681883,0.11908618628583947,0.10098711401224136,-0.003919070124944329,0.025901999999999994
2019-05-17,0.14083946100992292,0.11877737196668006,0.10096065700054169,-0.001697584072136521,0.022351999999999997
2019-05-20,0.14253427170761868,0.1197628795071452,0.10087636113166809,0.0005424299499531826,0.03184500000000001
2019-05-21,0.14193432755040963,0.11505128844578769,0.09683854877948761,-0.004063419637567775,0.030218999999999982
2019-05-22,0.14029780681433157,0.11586668982800294,0.09662250429391861,0.010326754491006215,0.026747000000000007
2019-05-23,0.14121991594740482,0.1187391606194642,0.10226118564605713,0.015382501869596388,0.03508799999999998
2019-05-24,0.14171725369573643,0.11691478437517153,0.10356012731790543,0.012980738981832787,0.030035000000000006
2019-05-28,0.14131333852177608,0.12243098682888372,0.10993135720491409,0.0319475853677296,0.023621000000000003
2019-05-29,0.1392343366385696,0.12623236118541234,0.11379863321781158,0.032072156092210605,0.02798399999999998
2019-05-30,0.14309654054578963,0.1235016762373421,0.11425914615392685,0.0237952457715446,0.028857999999999995
2019-05-31,0.14480256577072476,0.13450924377385115,0.11630897969007492,0.031158823274637704,0.03545699999999999
2019-06-03,0.14307197781784567,0.1318397715227417,0.11256533116102219,0.02891888978538311,0.036164
2019-06-04,0.14009834276410038,0.1269841813991669,0.1129629835486412,0.02245687089551482,0.034835000000000005
2019-06-05,0.12862346504701777,0.14088892294202338,0.11499590426683426,0.011067168874816596,0.03281200000000001
2019-06-06,0.12349929691465669,0.1257380581788894,0.1155674085021019,0.009496089944594222,0.024003999999999998
2019-06-07,0.12112298153421805,0.124703375963148,0.11674582213163376,0.002908529298917051,0.026259000000000005
2019-06-10,0.12031314802690934,0.12972557731585127,0.11226065456867218,0.01646274630151026,0.02212800000000001
2019-06-11,0.12029634095105536,0.12539059859671808,0.11040604114532471,0.015689064535908626,0.020873000000000003
2019-06-12,0.11750320026443034,0.13932716100897508,0.11220034211874008,0.016347285848749088,0.020344
2019-06-13,0.11137588132539016,0.14096055651467604,0.11884532123804092,0.015840989329275273,0.011040000000000022
2019-06-14,0.11359880800022143,0.14397803265176007,0.11569780856370926,0.017545739087420464,0.014716000000000007
2019-06-17,0.10748793021023134,0.152065023581767,0.1175285279750824,0.02232553002318116,0.016967999999999983
2019-06-18,0.10673058312629043,0.14253258627187762,0.11321317404508591,0.030101539990077086,0.006653999999999993
2019-06-19,0.10492330044431471,0.13519747075496322,0.1133820042014122,0.02159572929238132,0.008677999999999991
2019-06-20,0.10399465857723723,0.1262150216969549,0.11071500182151794,0.01694667344959036,0.015313000000000021
2019-06-21,0.1254812923830708,0.12567707900296687,0.11255943030118942,0.023062194185668433,0.015571000000000002
2019-06-24,0.13416687467997274,0.1212391226198013,0.1123528704047203,0.015434085052595165,0.022377000000000008
2019-06-25,0.14002772643552155,0.12526839163258183,0.11379187554121017,0.024906747304263566,0.021521000000000012
2019-06-26,0.14383650911469822,0.1272654015347785,0.11285103857517242,0.030749662478223916,0.02238699999999999
2019-06-27,0.14353374649589837,0.13157071597336878,0.11340651661157608,0.03454666436143039,0.019914000000000015
2019-06-28,0.14160665580772683,0.1315781951606254,0.1125519722700119,0.032511460454210356,-0.04142000000000001
2019-07-01,0.1492454663158859,0.12167898130146768,0.11115239560604095,0.015304435229275243,-0.04551700000000003
2019-07-02,0.15461309112536345,0.12263959231398655,0.11218035221099854,0.014446023182154322,0.020984000000000003
2019-07-03,0.1576594663981903,0.1231595640680075,0.11128565669059753,0.0220736582358996,0.01778099999999999
2019-07-05,0.1631089818246011,0.1224619867399987,0.11214236915111542,0.033905535952982235,0.025015999999999983
2019-07-08,0.16994266943852104,0.12087440733199775,0.11118496209383011,0.04012170408534328,0.024515999999999982
2019-07-09,0.18047401314765255,0.12342996832389953,0.11150886118412018,0.046305019465781916,0.02105499999999999
2019-07-10,0.18388946874417106,0.12869168473506254,0.11216270923614502,0.038387852973090664,0.025752999999999998
2019-07-11,0.18615026465685852,0.1280006888907995,0.10771594196557999,0.03472066004894464,0.025585999999999998
2019-07-12,0.18646888853238164,0.12853705839966492,0.10734131187200546,0.03401280073556967,0.027182999999999985
2019-07-15,0.18702634005491459,0.12747236648122215,0.10782820731401443,0.04169511967460986,0.02971399999999999
2019-07-16,0.18960475338654256,0.12721357071010347,0.10951387137174606,0.042515192999778545,0.030450000000000005
2019-07-17,0.19167813338472692,0.12811947751231137,0.11254578828811646,0.05032207078976868,0.028381000000000017
2019-07-18,0.19104541906123,0.12875947228606874,0.1119617447257042,0.05375641787370958,0.02929699999999999
2019-07-19,0.1909373051867978,0.1286292377945523,0.11386066675186157,0.05831670055568529,0.022911000000000015
2019-07-22,0.19194844731972402,0.12841672269403245,0.11264307796955109,0.06224934242276277,0.024333999999999995
2019-07-23,0.1788929356029221,0.12732584401041647,0.11254414916038513,0.016780708616929207,0.01763300000000001
2019-07-24,0.17211700769599556,0.12067004990688825,0.11055826395750046,-0.0052828736799727105,0.017248999999999987
2019-07-25,0.1746154535663336,0.12425001440546589,0.11294421553611755,-0.006614725435521551,0.019190000000000013
2019-07-26,0.1728432346026032,0.12298239687988592,0.11132097244262695,-0.011991508114698235,0.020114999999999994
2019-07-29,0.17372460901327033,0.12282976343452008,0.11201567947864532,-0.011417745495898357,0.017766000000000004
2019-07-30,0.17294143586772714,0.12253170711476882,0.11208560317754745,-0.007035654807726832,0.019839999999999997
2019-07-31,0.1659754156373039,0.13282705961288738,0.11742203682661057,0.0009895346841141128,0.018342999999999998
2019-08-01,0.16043052194677332,0.1430728229414019,0.11715616285800934,0.015836909874636568,0.00024000000000001798
2019-08-02,0.157566354696357,0.1427627042483005,0.1262415498495102,0.004521534601809679,0.016637999999999986
2019-08-05,0.15075508338168686,0.1553473506002948,0.13604150712490082,0.03206501917539889,0.018707
2019-08-06,0.14339975754702922,0.1485232856180495,0.13469620048999786,0.012886331561478948,0.01817000000000002
2019-08-07,0.13074784386845612,0.14734883202501783,0.13518284261226654,-0.0014260121476525334,0.029791999999999985
2019-08-08,0.12753978005385755,0.14347300918299358,0.13283994793891907,-0.024912467744171052,0.032708000000000015
2019-08-09,0.12547577189004597,0.1439935606721822,0.13421423733234406,-0.026727263656858485,0.034745
2019-08-12,0.12796383270884945,0.14878621573849396,0.13590553402900696,-0.011152887532381639,0.037494
2019-08-13,0.12656979759946077,0.14281760697017823,0.1329571008682251,-0.03268333905491458,0.03478400000000001
2019-08-14,0.12295057304844173,0.15248663740142507,0.13310036063194275,-0.0008917523865425991,0.035683999999999994
2019-08-15,0.1232792774163984,0.14803484554540647,0.12897889316082,-0.012492132384726906,0.03867499999999999
2019-08-16,0.1263632968350056,0.14410976201619508,0.12782172858715057,-0.030501418061230023,0.031967999999999996
2019-08-19,0.12673644620113841,0.14195314580112456,0.124284528195858,-0.040824304186797805,0.029363
2019-08-20,0.12567329429364935,0.14309933921061707,0.12589679658412933,-0.03779844631972401,0.028003999999999973
2019-08-21,0.12450250428362514,0.14175751828530267,0.12444387376308441,-0.02455993460292208,0.018306000000000017
2019-08-22,0.1245478138932945,0.13877850000163977,0.12285587191581726,-0.02206900669599557,0.028333999999999998
2019-08-23,0.11542437737805734,0.1471584698386665,0.12275675684213638,-0.003596452566333619,0.040689
2019-08-26,0.11310934890644317,0.1437915709303893,0.1237826719880104,-0.005242233602603175,0.03928499999999999
2019-08-27,0.11230352077627954,0.1428853432483183,0.12024667114019394,-0.00799860801327032,0.03820399999999999
2019-08-28,0.11217643867421037,0.13896492929363302,0.11636929214000702,-0.017166434867727176,0.03862299999999999
2019-08-29,0.10954611554036346,0.13898104810743817,0.11537162214517593,-0.014159414637303885,0.03370999999999999
2019-08-30,0.11344179703539962,0.13718814959144263,0.11329463124275208,-0.007553520946773307,0.033936999999999995
2019-09-03,0.12433474571621599,0.1376826209472985,0.11602797359228134,0.0008436463036430308,0.03822800000000001
2019-09-04,0.13263844367347113,0.12820946477150616,0.1118595227599144,-0.0019370823816868554,0.032716999999999996
2019-09-05,0.1323806726632757,0.13056217226759478,0.11596847325563431,0.008358243452970787,0.035252000000000006
2019-09-06,0.13060229782637137,0.1290563322678178,0.11474285274744034,0.01841015713154387,0.026221999999999995
2019-09-09,0.1306657681596795,0.13333062815034982,0.12150602042675018,0.03326622094614248,0.022661999999999988
2019-09-10,0.1300174890155557,0.1321412909133414,0.11838895827531815,0.03166322910995403,0.023610999999999993
2019-09-11,0.12809999769873842,0.1335407236249114,0.12015951424837112,0.02930616829115057,0.030868000000000007
2019-09-12,0.12857670884799668,0.13194284471936998,0.12005256861448288,0.031433203400539234,0.018401
2019-09-13,0.12626822358176468,0.13093117117044287,0.11777843534946442,0.036809427951558296,0.02058299999999999
2019-09-16,0.12360936393110838,0.1326279222786207,0.11661660671234131,0.0477597235836016,0.01866000000000001
2019-09-17,0.12085160700201833,0.13300673347542544,0.11692792922258377,0.0410237041649944,0.030340000000000006
2019-09-18,0.12144870340897844,0.1346350232559619,0.11979953944683075,0.0439855547988616,0.026960999999999985
2019-09-19,0.1269880641796632,0.13386075700978511,0.11968695372343063,0.042708706706350685,0.02513399999999999
2019-09-20,0.1316156211463173,0.1338707238143666,0.11956533789634705,0.05452649671637487,0.016759999999999997
2019-09-23,0.1328689116892317,0.13487602090865247,0.11994560062885284,0.05402218710670552,0.027144
2019-09-24,0.13163694553263885,0.13877014214276293,0.1205153614282608,0.07166262362194267,0.030995999999999996
2019-09-25,0.13111796909957946,0.13688256709595528,0.11684547364711761,0.07244465209355684,0.029195
2019-09-26,0.1319504463365835,0.13728360470294906,0.11485684663057327,0.07132848022372046,0.03315599999999999
2019-09-27,0.13169329972836064,0.1356751598448735,0.11474373191595078,0.07485156232578964,0.032928999999999986
2019-09-30,0.13130656943478972,0.13547288033314211,0.11427962779998779,0.07797388545963652,0.03229699999999999
2019-10-01,0.1320312057285291,0.13956434381974872,0.11379406601190567,0.08226720396460038,0.03458
2019-10-02,0.12254690168043295,0.1410143070239222,0.12017412483692169,0.09403525528378404,0.03739899999999999
2019-10-03,0.11478812941762762,0.13815027145001146,0.1203337162733078,0.07657755732652888,0.03603200000000001
2019-10-04,0.11794534349713202,0.13829270039222719,0.11859960108995438,0.05884132833672431,0.03314299999999998
2019-10-07,0.12021990953885102,0.13921300047497684,0.12158148735761642,0.0706327031736286,0.030535000000000007
2019-10-08,0.11835220720946397,0.13852384906301132,0.12208062410354614,0.08085923284032051,0.036760000000000015
2019-10-09,0.1236207951558475,0.13274321481899504,0.12173832207918167,0.07152751198444429,0.03165299999999999
2019-10-10,0.12329279080624272,0.13262265463149153,0.12192752957344055,0.07173900330126157,0.03450900000000001
2019-10-11,0.12343886767959178,0.13361162689197484,0.11909964680671692,0.08833629215200334,0.030161999999999994
2019-10-14,0.12256354844300935,0.13054263703117483,0.11797172576189041,0.0706177774182353,0.028697
2019-10-15,0.12294640818769662,0.12887715709779624,0.1163778230547905,0.0726546370688916,0.021448999999999996
2019-10-16,0.12215897850368805,0.127790271368116,0.11593132466077805,0.06534439399798166,0.020939000000000013
2019-10-17,0.1205665689301583,0.12195402663423852,0.11411017924547195,0.059992297591021565,0.021672999999999998
2019-10-18,0.1179557365035971,0.11704143865260755,0.10869622230529785,0.0064159368203368095,0.019423000000000024
2019-10-21,0.11316885810243577,0.11625151148948235,0.10735150426626205,0.0034803798536827135,0.022263000000000005
2019-10-22,0.11129473903975413,0.1162473070168411,0.10717064142227173,0.003305089310768311,0.026253
2019-10-23,0.11269017539609441,0.11524130564533312,0.1068735420703888,-2.894453263885266e-05,0.025704999999999992
2019-10-24,0.11349861947060146,0.11538188642162844,0.1055772602558136,-0.002006968099579426,0.017069
2019-10-25,0.1143830934453587,0.1128384911671925,0.10425642877817154,-0.0010194453365835188,0.016265
2019-10-28,0.11380225370533047,0.11071095935436147,0.10262332856655121,-0.0019282987283606445,0.015723000000000015
2019-10-29,0.11459642522580425,0.11026327721233206,0.10320154577493668,-0.000588568434789688,0.012982999999999995
2019-10-30,0.1102326540186101,0.10940416093193117,0.10065914690494537,-0.008161204728529117,0.014052000000000009
2019-10-31,0.11456584393734752,0.11005980355105711,0.0995156317949295,0.0030030993195670624,0.023460999999999982
2019-11-01,0.11288505116070462,0.10962250680658421,0.0960099920630455,0.009855871582372375,0.022446999999999995
2019-11-04,0.10926821064943093,0.11222377200524622,0.09815958142280579,0.016317657502867955,0.01962899999999998
2019-11-05,0.10701499893741827,0.11995723524749549,0.10055618733167648,0.03239009146114895,0.011773999999999979
2019-11-06,0.10698881745242686,0.11241143440004829,0.09744532406330109,0.021296793790536006,0.015063999999999994
2019-11-07,0.10039633363972122,0.11364953327233968,0.09737957268953323,0.016719205844152513,0.011362000000000011
2019-11-08,0.09868170225612558,0.11237790741040452,0.09512017667293549,0.015113210193757262,0.010804000000000008
2019-11-11,0.09930047854726134,0.11262201488529114,0.09504788368940353,0.014150133320408223,0.009371000000000018
2019-11-12,0.1009691333899109,0.11133285246478865,0.0915144830942154,0.011622452556990681,0.007648000000000016
2019-11-13,0.10210002740372603,0.10969049963979911,0.0967540591955185,0.012794592812303399,0.005683999999999995
2019-11-14,0.10261915686385324,0.10965758511128344,0.09632205963134766,0.011694022496311962,0.007723999999999981
2019-11-15,0.10246740293601732,0.10987322232870543,0.09366077184677124,0.009785432069841685,0.0007309999999999817
2019-11-18,0.10175717104308903,0.1082875862328334,0.09459727257490158,0.010057264496402887,0.007362999999999981
2019-11-19,0.10093493521220959,0.1085669850060591,0.09707671403884888,0.01801014289756421,0.006595999999999991
2019-11-20,0.1046475309129737,0.10806759209536564,0.09935622662305832,0.02096826196024587,0.0063309999999999755
2019-11-21,0.10301579411294584,0.11016014310245427,0.09745543450117111,0.019498825603905617,-0.021202
2019-11-22,0.10225790788240363,0.10780712954829054,0.09483379125595093,0.01043938152939855,0.006036999999999987
2019-11-25,0.0986604928703627,0.10689935450682161,0.09524616599082947,0.007068907554641318,0.007017999999999983
2019-11-26,0.09708553667767515,0.1070366636311757,0.09523890167474747,0.0058927472946695425,0.010400000000000006
2019-11-27,0.09541733156282725,0.10828385023083063,0.09574335068464279,0.008627575774195775,0.010775000000000007
2019-11-29,0.09484700193226134,0.10812163589206164,0.09736370295286179,0.016161346981389935,0.013058
2019-12-02,0.09113504579390608,0.11086458340957132,0.09276213496923447,0.01697415706265247,0.017261
2019-12-03,0.09661703266071363,0.11572410137899262,0.09577643126249313,0.02131494983929541,0.020198999999999995
2019-12-04,0.09641842799900412,0.10816205705263619,0.09150074422359467,0.01665079035056906,0.01868299999999999
2019-12-05,0.0959733654743918,0.10806678194075768,0.09025643765926361,0.01886900206258174,0.018293000000000004
2019-12-06,0.09739289564617909,0.10674733323811272,0.08934549987316132,0.00984218354757313,0.018520999999999982
2019-12-09,0.09754069062349381,0.10722713827514072,0.09359942376613617,0.02178066736027877,0.018015000000000003
2019-12-10,0.09916511680334726,0.10894495225835688,0.09437200427055359,0.029054298743874427,0.016095000000000012
2019-12-11,0.1003290643822123,0.10724472709389934,0.09340053051710129,0.026883522452738645,0.018615000000000007
2019-12-12,0.09941869160933095,0.10716072774368311,0.09131200611591339,0.0233068676100891,0.017806000000000016
2019-12-13,0.10153125146066906,0.10434980770952118,0.09025079756975174,0.020260973596273976,0.008293000000000009
2019-12-16,0.10107670544583813,0.10382501804748201,0.089338518679142,0.015209844136146775,0.009998999999999994
2019-12-17,0.10132247648012975,0.10230794095012338,0.08871573209762573,0.011191598063982677,0.012180999999999997
2019-12-18,0.10018754970514437,0.10430039946175824,0.09050758183002472,0.01950882995691096,0.00787800000000001
2019-12-19,0.10001675949525506,0.1037393446447163,0.09036210924386978,0.011654065787790394,0.013385999999999995
2019-12-20,0.0965491014785641,0.10652324176240774,0.0925939604640007,0.012310470087026307,0.009821999999999997
2019-12-23,0.09633501049561144,0.10727629776362532,0.09269092231988907,0.013315206887054162,0.016218999999999983
2019-12-24,0.09936075648923333,0.11578782529143322,0.09389758855104446,0.01883209311759637,0.015118000000000006
2019-12-26,0.10304428865113734,0.12072340831329027,0.09650649130344391,0.023575508129637296,0.019244999999999998
2019-12-27,0.10518428399508169,0.12230428172407136,0.09696011990308762,0.026872464322324832,0.020954999999999988
2019-12-30,0.11096740922082021,0.11995816909413669,0.09792479872703552,0.02622466943717275,0.01959899999999999
2019-12-31,0.11448160067448171,0.11929675184700717,0.09535232186317444,0.02766499906773867,0.018299999999999983
2020-01-02,0.112684507041011,0.1207525505821931,0.09614895284175873,0.04059495520609392,0.013858999999999982
2020-01-03,0.11159166755972512,0.12015166705143783,0.09433114528656006,0.040461968339286364,0.009670000000000012
2020-01-06,0.1125531285455771,0.12558422484804233,0.09988850355148315,0.05023357300099589,0.0022160000000000235
2020-01-07,0.11291370580915264,0.12294059932706143,0.10031381249427795,0.0422156355256082,0.005322999999999994
2020-01-08,0.1118772046547598,0.11694858328946695,0.10204287618398666,0.044136105353820884,0.0045479999999999965
2020-01-09,0.11118059239685969,0.11360916584457997,0.10028616338968277,0.0363963103765062,0.01286000000000001
2020-01-10,0.1108459638288352,0.1180487476193957,0.1034940779209137,0.03944288419665275,0.010402999999999996
2020-01-13,0.10906564150636507,0.12165029412668608,0.1052386462688446,0.0433369366177877,0.008899999999999991
2020-01-14,0.11034235686171272,0.13012422348021216,0.10841315984725952,0.06435230939066905,0.024939000000000017
2020-01-15,0.10626102306582823,0.13448410078982548,0.10806838423013687,0.06387874953933093,0.01991900000000002
2020-01-16,0.10656966954185208,0.13109325837815852,0.10823764652013779,0.05315929555416189,0.021231
2020-01-17,0.10734021657149702,0.13216023000450158,0.10760555416345596,0.05027852451987028,0.016671999999999992
2020-01-21,0.10856718302688972,0.13377430269937785,0.10834168642759323,0.05824245129485561,0.021469000000000016
2020-01-22,0.10912538543427253,0.13417703557885075,0.10697775334119797,0.06329424150474497,0.019749000000000017
2020-01-23,0.11762923115022585,0.13388670471304362,0.10651854425668716,0.06872889952143592,0.019107999999999986
2020-01-24,0.13002547214886875,0.1343680510965338,0.10731447488069534,0.07067399050438855,0.01885300000000001
2020-01-27,0.13279835180646887,0.1379816961097375,0.11254804581403732,0.08150624451076667,0.015927999999999998
2020-01-28,0.1631869181489764,0.13521365245681047,0.10980931669473648,0.07642671234886265,0.005055000000000004
2020-01-29,0.19313470498651963,0.135006807285733,0.1092333123087883,0.08352671700491832,0.0036690000000000056
2020-01-30,0.19991411411232896,0.12821027893044143,0.10788309574127197,0.037978591779179796,0.003391000000000005
2020-01-31,0.2111812822597419,0.13405014250912042,0.10969030857086182,0.0415574003255183,0.00565199999999999
2020-02-03,0.21815185074978802,0.13604017709493302,0.11088753491640091,0.04236649395898899,0.003585000000000005
2020-02-04,0.2280849532573271,0.13128696600295628,0.11010093241930008,0.03627533344027489,0.004909999999999998
2020-02-05,0.24240247968159803,0.1309995050395755,0.10895051807165146,0.030192872454422884,0.006731999999999988
2020-02-06,0.2605873139630959,0.13273266158208472,0.10536686331033707,0.03441129519084739,0.010419999999999985
2020-02-07,0.28699116203001296,0.1300323110514705,0.10662239044904709,0.029242796345240213,0.004453999999999986
2020-02-10,0.2951815709502804,0.13212569774585095,0.10780657082796097,0.03928140860314033,0.00509900000000002
2020-02-11,0.3315363545397493,0.1280921345475313,0.10875815153121948,0.03553403717116482,0.00764200000000001
2020-02-12,0.36078633868621274,0.12207699268275936,0.10667393356561661,0.043470359493634966,0.010293999999999998
2020-02-13,0.494209144803507,0.12343916623627939,0.10839155316352844,0.030455644138287302,0.02041799999999999
2020-02-14,0.5030371683811313,0.11706704320020522,0.10534973442554474,0.02475997793417177,0.019134999999999985
2020-02-18,0.5414841164927684,0.1208348512233534,0.10682417452335358,0.03865633145814791,0.010199999999999987
2020-02-19,0.5654272025719367,0.11890569336990905,0.10590707510709763,0.03526678442850299,0.009910000000000002
2020-02-20,0.5994325797370259,0.11725098918527503,0.10612189769744873,0.02577181797311026,0.02015800000000001
2020-02-21,0.6193164869816368,0.12010397353402391,0.10721617192029953,0.02749261556572745,0.02695
2020-02-24,0.6300462532143772,0.12741005950415799,0.10609998553991318,0.04779676984977416,0.032179999999999986
2020-02-25,0.6590337777038405,0.13574801294530617,0.10779660940170288,0.06090752885113124,0.04751999999999998
2020-02-26,0.6726386599527778,0.1332438119973657,0.10838982462882996,0.05929364919353114,0.04051500000000002
2020-02-27,0.6703424111655395,0.1451844978971463,0.11866007000207901,0.09412908285102362,0.02891699999999997
2020-02-28,0.6695233549307161,0.1548210119815437,0.1280280351638794,0.14223829601348034,0.06566900000000003
2020-03-02,0.669984469459228,0.14771447601443558,0.1282811164855957,0.067244886887671,0.06628900000000001
2020-03-03,0.6738627983227319,0.14776305394338857,0.13061444461345673,0.07089671874025807,0.07755099999999998
2020-03-04,0.67888044216757,0.13661975106719187,0.1286906898021698,0.017117150250211988,0.05433099999999999
2020-03-05,0.6770539666087018,0.14944964778090625,0.13230951130390167,0.06360904774267287,0.10266599999999998
2020-03-06,0.6803950476644014,0.1545378157619098,0.13218559324741364,0.12976652131840202,0.07731500000000002
2020-03-09,0.676136135182548,0.15984965162644377,0.12921373546123505,0.2822446870369041,0.19840000000000002
2020-03-10,0.6692570936567831,0.15289652832087502,0.12311054021120071,0.1148738389699871,-0.008653999999999995
2020-03-11,0.6685784385399794,0.15608447944080875,0.12420736998319626,0.1948784300497196,-0.045904000000000056
2020-03-12,0.6571703874861367,0.16657560135192484,0.12832513451576233,0.3541086464602507,0.16818300000000008
2020-03-13,0.6506593615090791,0.16509568452455559,0.12203138321638107,0.22222766231378732,0.12319400000000003
2020-03-16,0.5578719618835499,0.18409919298203328,0.12650345265865326,0.2881768561964931,0.07619700000000007
2020-03-17,0.5524580933736356,0.1767129867728182,0.12404821068048477,-0.009821167381131368,0.13176200000000005
2020-03-18,0.5166414472692359,0.18758314627849654,0.12269210070371628,0.22422888450723155,0.19256400000000007
2020-03-19,0.4943989000258131,0.18604143969109627,0.12085974216461182,0.28527379842806333,-0.011425000000000018
2020-03-20,0.47272708726364815,0.1921718696174908,0.12375915050506592,0.20417042126297402,0.09422299999999995
2020-03-23,0.4469897474631696,0.18711824323541995,0.11938316375017166,0.014106514018363159,-0.07579100000000005
2020-03-24,0.4313326735746645,0.18668194557446957,0.11795713752508163,-0.013985252214377297,-0.16106699999999996
2020-03-25,0.3827397922510176,0.19317413077396128,0.12119413167238235,-0.0426527767038406,0.14359500000000003
2020-03-26,0.36050802051181957,0.1959620861690085,0.12266062945127487,-0.1113916589527778,0.065253
2020-03-27,0.35485518905361396,0.1972806245821356,0.1252119094133377,-0.09619741016553951,0.13717500000000005
2020-03-30,0.343817852967103,0.18883513595919527,0.11861278116703033,-0.16734835393071612,-0.09217399999999998
2020-03-31,0.33993455997658867,0.19350975984628502,0.12080235034227371,-0.19250646845922798,0.10711999999999999
2020-04-01,0.3295764378057777,0.19135339330963977,0.11841075122356415,-0.05570279732273187,0.04311699999999996
2020-04-02,0.31740253769856064,0.19396643608288464,0.11917511373758316,-0.18526244116757007,0.1320920000000001
2020-04-03,0.3165614458561915,0.19495482610111436,0.11928968131542206,-0.12567296560870178,0.09147300000000003
2020-04-06,0.2998306795811203,0.18897949440045306,0.11200526356697083,-0.29030704666440144,-6.799999999995698e-05
2020-04-07,0.2950172637711084,0.18767011183985446,0.11170199513435364,-0.24243313418254803,-0.008014000000000021
2020-04-08,0.29054385960803414,0.3060450527621946,0.141592875123024,-0.25990309265678313,0.06174000000000002
2020-04-09,0.2849934033847037,0.2842498524980028,0.12921349704265594,-0.2615164375399795,0.014821000000000029
2020-04-13,0.27392328555008305,0.28082058699003054,0.1290195882320404,-0.1951043864861367,0.06449699999999997
2020-04-14,0.25775520743413155,0.27567000931361907,0.12919293344020844,-0.22398336050907913,0.16415699999999994
2020-04-15,0.2565445850703165,0.2979671728271788,0.1271073967218399,-0.17091296088354996,0.10944200000000004
2020-04-16,0.2617647275433585,0.29368147678149464,0.12851613759994507,-0.15627509237363563,0.09984900000000002
2020-04-17,0.2665918349854092,0.2911990759034673,0.12371271103620529,-0.14332344626923593,0.10004799999999997
2020-04-20,0.26391334360520974,0.2920404978305404,0.12523172795772552,-0.022545899025813054,0.044469000000000036
2020-04-21,0.2297819036314734,0.32015520043246,0.13126033544540405,-0.0675150862636481,0.09014100000000003
2020-04-22,0.23090366383605362,0.29674551248470815,0.1295381784439087,-0.07298374646316957,0.06922100000000003
2020-04-23,0.22922638664444772,0.29943205130018885,0.13105952739715576,-0.06838767257466444,0.08226699999999998
2020-04-24,0.22958503072318628,0.30185812741135054,0.12853005528450012,-0.05654779125101761,0.059130000000000016
2020-04-27,0.2274999181722705,0.28528744034111014,0.1284932792186737,-0.07250401951181956,0.06916300000000003
2020-04-28,0.2237587369558527,0.2359941252689719,0.12942488491535187,-0.07154218805361395,0.074401
2020-04-29,0.22491015843516982,0.23453425820379242,0.12745337188243866,-0.04510385196710298,0.091723
2020-04-30,0.22225785462770417,0.22945052602733315,0.12367222458124161,-0.020027558976588644,0.015232000000000023
2020-05-01,0.21607287037965797,0.22684354940625484,0.12688307464122772,-0.01582143680577769,0.03589199999999998
2020-05-04,0.21512257498639764,0.22490128149134744,0.13046416640281677,0.001975463301439384,0.06515599999999999
2020-05-05,0.2138549739019312,0.19186429941974156,0.1261376440525055,-0.015328444856191559,0.05344399999999999
2020-05-06,0.21524099678505923,0.20050326621522066,0.12522682547569275,-0.0024416785811202657,0.04469000000000001
2020-05-07,0.21405473584788481,0.19825650006278414,0.13257379829883575,-0.013349262771108372,0.056077000000000043
2020-05-08,0.2106797817018839,0.19533016436204234,0.12416879087686539,-0.03324285860803411,0.013017
2020-05-11,0.20996827327925605,0.1882630412237595,0.13007280230522156,-0.01890340238470367,0.04025300000000004
2020-05-12,0.2189553307597668,0.1974228235634476,0.1332448571920395,0.004825715449917001,-0.17250500000000002
2020-05-13,0.21926954096704265,0.20282900935289366,0.13788190484046936,0.042705793565868455,-0.022631000000000012
2020-05-14,0.22543945124995554,0.1844533429937988,0.13286352157592773,0.06678541592968346,-0.18222300000000002
2020-05-15,0.22339565278031898,0.18338424837647807,0.12928253412246704,0.0536222734566415,-0.09151799999999999
2020-05-18,0.21487759865616182,0.18500890369991535,0.12440599501132965,-0.011905833985409175,-0.07134299999999999
2020-05-19,0.2116243538207204,0.18398068604717788,0.12184078991413116,0.005135657394790272,-0.146762
2020-05-20,0.2100491121037277,0.16641454577929132,0.11469865590333939,0.020225097368526568,-0.08833199999999997
2020-05-21,0.21030952279980372,0.16555934375176798,0.11533871293067932,0.031269337163946365,-0.06378
2020-05-22,0.21020732964786842,0.1581074646770267,0.11764007806777954,0.02248761435555227,-0.015301999999999982
2020-05-26,0.2105132821517542,0.1596282652718166,0.12382315844297409,0.018157970276813706,0.05977199999999999
2020-05-27,0.21059779897360553,0.16151434722305255,0.12311529368162155,0.015594082827729477,0.06175799999999998
2020-05-28,0.2142749798804448,0.14786891804171598,0.12246862053871155,0.025898264044147273,0.05865699999999999
2020-05-29,0.21397171030386777,0.15384017689761417,0.11899236589670181,0.04177584256483016,0.040936
2020-06-01,0.21531459480368212,0.15427451243174134,0.12163297086954117,0.024842146372295815,0.06479099999999999
2020-06-02,0.21689421685139898,0.1513388692577881,0.1202135682106018,0.026832130620342037,0.055476
2020-06-03,0.2145282693430142,0.14919976311276328,0.11583097279071808,0.02214842601360234,0.03666999999999998
2020-06-04,0.21275302983035335,0.14967287039893742,0.11484378576278687,0.02467002709806876,0.03916
2020-06-05,0.21099692026449818,0.1414368811595337,0.11318548023700714,0.022794004214940766,0.04558000000000001
2020-06-08,0.21351232142335647,0.145973236350475,0.11299996823072433,0.04243826515211524,-0.02433000000000002
2020-06-09,0.2137949799200404,0.1527959144170217,0.11350086331367493,0.06663221929811611,0.010319000000000023
2020-06-10,0.21709372229275237,0.14709723645860207,0.11520177125930786,0.051466727720743954,0.006562000000000012
2020-06-11,0.20676503526887138,0.19601542414749804,0.12126980721950531,0.13316267024023315,0.03314900000000004
2020-06-12,0.20438275867212963,0.17909047965412772,0.11637264490127563,0.1303034600329574,0.04849399999999998
2020-06-15,0.19946050438992433,0.18024451132121172,0.11199260503053665,0.08807354975004444,0.04450399999999999
2020-06-16,0.1911657241028747,0.1796056613341642,0.1120525598526001,0.07916834821968102,0.01764699999999997
2020-06-17,0.19241066619799754,0.17691758048954706,0.11289504915475845,0.08830140234383815,0.038381
2020-06-18,0.1932369121593555,0.17399395746158486,0.11292803287506104,0.08467364717927961,0.08142300000000002
2020-06-19,0.195005937830262,0.16345504964302174,0.10944156348705292,0.1036538888962723,-0.028484999999999983
2020-06-22,0.2042277406403293,0.16077113490542472,0.11036596447229385,0.08086647820019627,0.03594400000000003
2020-06-23,0.2030643642192604,0.15365012265736977,0.10957339406013489,0.07667867135213158,0.029959999999999987
2020-06-24,0.20284623314482308,0.16273866302217402,0.11423938721418381,0.10599871884824583,0.03382600000000002
2020-06-25,0.19749522815387432,0.15339022082285322,0.11023381352424622,0.08826620202639449,-0.07166100000000003
2020-06-26,0.19975291435115586,0.1606752168441334,0.11477954685688019,0.10989402111955518,0.03477800000000003
2020-06-29,0.1953470513502411,0.16077962735882484,0.11388658732175827,0.09836229069613225,0.04525700000000005
2020-06-30,0.19872755900033168,0.15563548991513526,0.1126193106174469,0.07952240619631792,-0.05781599999999998
2020-07-01,0.20090536331380887,0.1545144628113882,0.11608593165874481,0.05717078414860102,0.01803300000000002
2020-07-02,0.20390382800924858,0.14348835485981326,0.1148008331656456,0.048896731656985826,0.015326000000000006
2020-07-06,0.2026639571683648,0.14559772425396367,0.11602190881967545,0.06355097116964661,0.04270199999999996
2020-07-07,0.20024571105827985,0.14290389399722755,0.11784081161022186,0.0708110807355018,0.043906
2020-07-08,0.1988469641199486,0.14218384096546574,0.11701613664627075,0.0676446795766435,0.04542600000000002
2020-07-09,0.19950804147394713,0.16612084672621324,0.1622944325208664,0.08115402107995962,0.05029
2020-07-10,0.19618637315015833,0.1796020881747311,0.1675453931093216,0.07431627870724763,0.04074699999999998
2020-07-13,0.19737719187627475,0.16690242108107303,0.15731610357761383,0.09799996573112862,0.03960600000000003
2020-07-14,0.19267290042863186,0.17032932521148827,0.15921983122825623,0.09430124232787038,0.04328500000000002
2020-07-15,0.18859659283220598,0.1697012637223988,0.15675410628318787,0.0978264966100757,0.03755000000000003
2020-07-16,0.18739035521214886,0.1634789534731551,0.15094885230064392,0.10203227689712535,0.028093000000000035
2020-07-17,0.18551475757224378,0.1611817967289617,0.1502157747745514,0.08211533480200245,0.03244999999999998
2020-07-20,0.18210598504274766,0.15920744057195713,0.15031765401363373,0.08641008884064447,0.023187999999999986
2020-07-21,0.18104331954036126,0.14819090017883824,0.13199754059314728,0.02295806316973803,0.03265599999999999
2020-07-22,0.16810201347707715,0.15617932122478126,0.14513516426086426,0.010942260359670691,0.030813000000000007
2020-07-23,0.16828138102882137,0.151688554538312,0.14620758593082428,0.018627636780739587,0.03872199999999998
2020-07-24,0.16761645885788412,0.14060862763717616,0.13742873072624207,0.016102767855176947,0.039684
2020-07-27,0.16851494694186475,0.13864378769278538,0.12386095523834229,0.010499772846125688,0.02921399999999999
2020-07-28,0.16100893534386607,0.13795633239126676,0.12378600239753723,0.013568086648844152,0.028993999999999992
2020-07-29,0.16042402608297296,0.13036853937147364,0.11399354040622711,0.00728394964975887,0.029975
2020-07-30,0.15822783797854056,0.13795765467063859,0.11773472279310226,0.022311441999668336,0.027117000000000002
2020-07-31,0.15275312718367848,0.1352200193928472,0.11850989609956741,0.019176637686191128,0.03407299999999999
2020-08-03,0.14811208443515325,0.13698723906136842,0.12579332292079926,0.027852172990751434,0.03270300000000001
2020-08-04,0.156423217204774,0.13368224721685845,0.11946238577365875,0.01846504383163522,0.033075999999999994
2020-08-05,0.17929404522590223,0.13418066769373,0.11811703443527222,0.016401289941720132,0.02971399999999999
2020-08-06,0.18560271325628272,0.12838027971530902,0.11104672402143478,0.00908303688005141,0.029690999999999995
2020-08-07,0.19261161232304344,0.12687758806169544,0.10744793713092804,0.007474959526052871,0.03218199999999999
2020-08-10,0.19789494573447738,0.12501795659262627,0.10885848104953766,0.004814627849841685,0.03071500000000002
2020-08-11,0.19595115226941487,0.12635752824098262,0.11035820841789246,0.01212680912372524,0.033751
2020-08-12,0.19910765288396115,0.12548469219556724,0.10905683040618896,0.00978410057136811,0.021696999999999994
2020-08-13,0.19851950074619137,0.11700890544510152,0.10627193748950958,0.007893408167793992,0.027052999999999994
2020-08-14,0.19743781486432688,0.11535344070129942,0.10688212513923645,0.0069076457878511355,0.026358999999999994
2020-08-17,0.19832748223578428,0.11541464194361564,0.10746502131223679,0.01479324342775623,0.014984999999999998
2020-08-18,0.19901926188459856,0.1142512031629167,0.10692038387060165,0.002021015957252348,0.023198999999999997
2020-08-19,0.19784276198518647,0.11801866661985232,0.1081957072019577,0.016781681459638736,0.024485000000000007
2020-08-20,0.2063473670898142,0.11787939228385985,0.10871231555938721,0.022732987522922854,0.02381899999999998
2020-08-21,0.20867690653007764,0.11662156372387408,0.10881274938583374,0.02192761997117862,0.02159899999999998
2020-08-24,0.2135327761105728,0.11698332910802488,0.10872147232294083,0.010252542142115878,0.026109999999999994
2020-08-25,0.22541574539079617,0.11536739801356663,0.10871299356222153,0.013461054058135247,0.01755000000000001
2020-08-26,0.2254746361479384,0.11646381045199203,0.10724955052137375,0.022457065656133923,0.026606999999999992
2020-08-27,0.22506840587567767,0.11748663617119356,0.11207917332649231,0.04278197491702704,0.004922999999999983
2020-08-28,0.22173497630775585,0.1305697024281763,0.1194959431886673,0.05737116302145945,0.025379999999999986
2020-08-31,0.2221210452626647,0.13216700707529191,0.12044379115104675,0.07527887381632153,0.013222000000000012
2020-09-01,0.22680247554041416,0.12879554454977912,0.11933726817369461,0.06551391656484676,-0.029137000000000024
2020-09-02,0.2237583106228945,0.14774484843642208,0.13365022838115692,0.09240878379522599,-0.0005340000000000344
2020-09-03,0.2061398157579227,0.16345878518702509,0.13959193229675293,0.08990195577409776,0.030820000000000014
2020-09-04,0.20130497862393934,0.15491672661621042,0.13254405558109283,0.06729028774371726,-0.011538000000000048
2020-09-08,0.19275467376195768,0.16998283715138665,0.1484488993883133,0.0808323886769566,0.026376999999999984
2020-09-09,0.18899632829953686,0.16010149138355162,0.13852861523628235,0.05190505526552261,0.05459700000000001
2020-09-10,0.188633549495891,0.15871811423650253,0.14112365245819092,0.07326384873058514,-0.020370999999999972
2020-09-11,0.18582817499300422,0.14917617968974942,0.13526399433612823,0.03665034811603887,0.0003429999999999822
2020-09-14,0.18807663478207068,0.1425081693971756,0.1318919062614441,0.036104500253808625,-0.04494899999999996
2020-09-15,0.19075434443476372,0.13971634290293727,0.12844610214233398,0.025128186135673136,-0.0038559999999999983
2020-09-16,0.1905408578706783,0.14368802631294816,0.12869462370872498,0.034722518764215726,0.059698999999999974
2020-09-17,0.18953228644963102,0.14087761435349005,0.13283468782901764,0.028999739115401435,0.021988000000000035
2020-09-18,0.1902252078635717,0.13789407458567499,0.13334918022155762,0.053150239014813555,0.003045999999999993
2020-09-21,0.1829530029939364,0.15091157589803145,0.1388818472623825,0.05369163391018583,0.014463999999999977
2020-09-22,0.18113742608639588,0.1517681243276666,0.14317579567432404,0.04379109446992238,0.03638899999999998
2020-09-23,0.17541881242367066,0.16276014099946937,0.1537572145462036,0.06882522488942716,0.03539099999999995
2020-09-24,0.16101507695958353,0.1650823772030009,0.15478050708770752,0.06613325560920383,-0.01594899999999999
2020-09-25,0.16882903140259417,0.15985042485717466,0.14665494859218597,0.040016364852061614,0.025385000000000046
2020-09-28,0.1702379545762053,0.1556391930326568,0.14550942182540894,0.04317959512432232,0.031403000000000014
2020-09-29,0.17617193563742842,0.15240400636237994,0.14796242117881775,0.052102024692244175,0.02801400000000004
2020-09-30,0.18217023269861718,0.14898227822820126,0.14860159158706665,0.04057095573733524,0.032528
2020-10-01,0.17849652618114725,0.14342986237236335,0.13559657335281372,0.04114452545958583,0.0014059999999999628
2020-10-02,0.17651586991444634,0.1438406372179787,0.13390187919139862,0.047811690377105504,0.01892900000000003
2020-10-05,0.1814752170167911,0.13653177941732217,0.1290951669216156,0.05963018524207733,0.04578500000000002
2020-10-06,0.18613186337462853,0.13947515475470731,0.13331590592861176,0.07488902237606068,0.02670699999999998
2020-10-07,0.18768454084661523,0.16779999573182433,0.1545008271932602,0.0708483272380423,0.03449199999999997
2020-10-08,0.18735892445036245,0.15677312115200825,0.15035180747509003,0.06925967270046313,0.04605100000000001
2020-10-09,0.19306841935764985,0.1516667320198324,0.14760488271713257,0.059666451504109014,-0.03058299999999997
2020-10-12,0.20022496783602123,0.15971427338966668,0.1538064181804657,0.05713082600699579,0.09793100000000002
2020-10-13,0.20028647162215235,0.16061430104436145,0.15445706248283386,0.06450536621792927,0.044815999999999995
2020-10-14,0.198032522996563,0.15800158343702264,0.15224069356918335,0.059246656565236255,0.01896700000000001
2020-10-15,0.19728518020475327,0.159877743043431,0.15434081852436066,0.06495514312932171,0.03497899999999998
2020-10-16,0.2034905881524659,0.16164312749325982,0.1546090543270111,0.06653071455036894,0.04561699999999996
2020-10-19,0.20081847203775283,0.16334153654120087,0.15626156330108643,0.07757579313642832,0.04115599999999997
2020-10-20,0.2032280313406266,0.16487438535124568,0.15305721759796143,0.08352199800606358,0.031214999999999993
2020-10-21,0.20769186962193728,0.16290987554969674,0.1535155177116394,0.08602657491360416,0.02162900000000001
2020-10-22,0.20612359474563433,0.1577660524752215,0.15551337599754333,0.05460118857632934,0.028216999999999992
2020-10-23,0.2088700425328981,0.1587352039013268,0.15452750027179718,0.07284992404041649,0.027594000000000035
2020-10-26,0.20173834842329394,0.17267611564119592,0.16098684072494507,0.07305796959740579,0.034084
2020-10-27,0.19976028073459234,0.17223662972050705,0.15946689248085022,0.0740800464237947,0.04066900000000001
2020-10-28,0.19412727319702375,0.191683570681828,0.16041404008865356,0.1237790653625716,0.05554999999999999
2020-10-29,0.1913157272510399,0.17993653308424656,0.15811923146247864,0.1060247683013828,0.04762999999999995
2020-10-30,0.18937125728222523,0.18022654366556792,0.15862123668193817,0.10894847481885275,0.062977
2020-11-02,0.18730790188312407,0.17879182787041378,0.1553245633840561,0.11615513108555367,0.06720200000000004
2020-11-03,0.18414449287057125,0.1756700772772678,0.1543019711971283,0.10477878398320892,0.052066
2020-11-04,0.17794105548702754,0.16351788338106293,0.15066967904567719,0.05335213762537147,0.052413000000000015
2020-11-05,0.17755919946108656,0.16234962674237757,0.1473127007484436,0.042451460153384774,0.04030600000000001
2020-11-06,0.1766354523089679,0.16013710623356453,0.147598996758461,0.04011507654963756,0.028802000000000022
2020-11-09,0.17000707840862414,0.16388065771484528,0.15961720049381256,0.03078058164235012,0.021976999999999997
2020-11-10,0.1596458975931353,0.16810453508958975,0.16443373262882233,0.0342340331639788,0.016041
2020-11-11,0.15640479514366093,0.1631348160859639,0.15654706954956055,0.007598529377847607,0.028388999999999998
2020-11-12,0.15607406454671033,0.16830782797931204,0.16188636422157288,0.01458147800343701,0.03192900000000001
2020-11-13,0.15632673928166524,0.16500576208869874,0.15377578139305115,0.0066668207952467196,0.02981399999999998
2020-11-16,0.1499540951873894,0.1642773432802324,0.1511867195367813,-0.007881587152465896,0.028793000000000013
2020-11-17,0.14845201277705983,0.16679060598308432,0.15103383362293243,0.0018055289622471993,0.028260000000000007
2020-11-18,0.14868861396263355,0.16541927851451022,0.15298061072826385,0.004386969659373352,0.017888999999999988
2020-11-19,0.14653346391095073,0.16622652730904855,0.15188540518283844,-0.004906868621937288,0.02237800000000001
2020-11-20,0.14941899974581968,0.16373264361001832,0.15227150917053223,-0.007010593745634314,0.026175999999999977
2020-11-23,0.14424913566815975,0.1599121928213877,0.14654794335365295,-0.018307041532898055,0.028499999999999998
2020-11-24,0.14295887014386618,0.159380448542404,0.1439748853445053,-0.0015053474232939457,0.024945999999999996
2020-11-25,0.1443061187102996,0.1555724086985685,0.1387806087732315,0.0077417202654076755,-0.0024819999999999842
2020-11-27,0.1437727363714821,0.14834797310335873,0.13880667090415955,0.006499727802976252,0.02998199999999998
2020-11-30,0.13712730651813942,0.1568058719656779,0.13955602049827576,0.016625273748960084,0.02837200000000001
2020-12-01,0.13712750977465832,0.14160888276895187,0.1354314088821411,0.023655743717774763,0.027746999999999994
2020-12-02,0.170026605085433,0.14204586493188137,0.1323605179786682,0.023926099116875932,0.028570999999999985
2020-12-03,0.16906301724538203,0.14272308530405703,0.12962934374809265,0.01613850812942877,0.021114999999999995
2020-12-04,0.17846548327424944,0.14500094833426266,0.12986408174037933,0.02138594551297246,0.024471999999999994
2020-12-07,0.1778107115598966,0.1446540948882154,0.13694904744625092,0.03516080153891343,0.02493999999999999
2020-12-08,0.1804800661831645,0.13823112765727213,0.12436126917600632,0.0384815486910321,0.01763300000000001
2020-12-09,0.18289140963633405,0.14047394089292486,0.12710519134998322,0.05424792259137584,0.005256999999999984
2020-12-10,0.18420712604249068,0.13991760379753465,0.12732046842575073,0.07052810340686466,0.010364999999999985
2020-12-11,0.18313459356206602,0.14136226435324867,0.12935861945152283,0.06610020585633908,0.020146999999999998
2020-12-14,0.18296146141366906,0.1408032228750945,0.13044553995132446,0.06506493645328967,0.02751199999999998
2020-12-15,0.18257401175300741,0.1397358928315257,0.13193154335021973,0.059255261718334756,0.029856999999999995
2020-12-16,0.18376612369201864,0.13914402712726284,0.13211147487163544,0.0695389058126106,0.03506200000000001
2020-12-17,0.18367246251289046,0.13800645650100862,0.1348043829202652,0.06634498822294016,0.06054699999999999
2020-12-18,0.1795447115853691,0.13579370622501308,0.12991975247859955,0.06144138703736646,0.026437000000000016
2020-12-21,0.17409787212208067,0.1455960049417786,0.13399817049503326,0.07860153708904927,0.027454000000000006
2020-12-22,0.1721413721918772,0.1436762550831279,0.13326020538806915,0.07730900125418033,0.024711999999999984
2020-12-23,0.17469900728734838,0.13676243049606487,0.1294897347688675,0.08599186533184025,0.017526999999999987
2020-12-24,0.1815440522328924,0.13585216172115722,0.13094167411327362,0.0793611308561338,0.027833999999999998
2020-12-28,0.18345738787285748,0.13651521528127672,0.1297101378440857,0.0804998822897004,0.019691999999999987
2020-12-29,0.18557148000765528,0.13915169369334976,0.13036392629146576,0.09064526462851788,0.024556999999999995
2020-12-30,0.18580229111563548,0.1359374524212571,0.1281987875699997,0.08999669448186057,0.023471999999999993
2020-12-31,0.1874253221191206,0.13596571864833007,0.12705980241298676,0.08881449122534169,0.022838000000000025
2021-01-04,0.1578894881634012,0.16187159803383352,0.14113089442253113,0.08763839591456699,0.02248
2021-01-05,0.1569807223413458,0.15858199691888172,0.1424550563097,0.08120798375461802,0.022881000000000012
2021-01-06,0.14572391394857453,0.15866751955502242,0.14068569242954254,0.06700951772575056,0.010329000000000005
2021-01-07,0.1451851526601115,0.1679412810557998,0.14894063770771027,0.0691792894401034,0.0038509999999999933
2021-01-08,0.1396998580971877,0.16705735088658002,0.15016767382621765,0.056477934816835496,0.012902999999999998
2021-01-11,0.1389464811576214,0.17543497869126692,0.15353697538375854,0.06898359136366597,0.01919900000000002
2021-01-12,0.13953901694037255,0.17518549361380265,0.15218913555145264,0.0711588749575093,0.007923000000000041
2021-01-13,0.1400068639533275,0.1625743493695719,0.14936013519763947,0.06695340743793396,0.007848999999999995
2021-01-14,0.13965363429026348,0.16468936631225733,0.14857618510723114,0.06630153958633098,0.009131000000000028
2021-01-15,0.14024492530622493,0.16506003347978904,0.14525607228279114,0.05630398924699259,0.016168000000000016
2021-01-19,0.13795778022257577,0.1584823729598142,0.14564555883407593,0.046913877307981355,0.018874000000000002
2021-01-20,0.13890249185369566,0.15573063863894693,0.14481304585933685,0.05469353848710953,0.010227999999999987
2021-01-21,0.14390071278030647,0.15392064368120537,0.1455255150794983,0.06911428941463091,0.00840100000000002
2021-01-22,0.15086461229089962,0.15319024840138595,0.1437874585390091,0.07830912887791933,0.0007449999999999957
2021-01-25,0.15266331529515265,0.15704070939920792,0.14428502321243286,0.08811962880812282,0.002919000000000005
2021-01-26,0.1524600846578633,0.15835835586359115,0.14479100704193115,0.09027899371265158,0.006496999999999975
2021-01-27,0.1466046455843179,0.17563346502928015,0.14788377285003662,0.11616894876710762,0.013813999999999993
2021-01-28,0.14877655833135298,0.16826268455737003,0.1451185643672943,0.1112106131271425,-0.0034239999999999826
2021-01-29,0.15068351085401793,0.1670736213413526,0.1446225643157959,0.10987652099234471,-0.004344999999999988
2021-02-01,0.15403340329805693,0.16196516292844906,0.14109793305397034,0.10365470988436451,0.014923999999999993
2021-02-02,0.16535223609223568,0.15737097856500235,0.14239086210727692,0.09088267888087939,0.018201999999999996
2021-02-03,0.16902090220621113,0.14844131133041472,0.13683240115642548,0.11588951283659879,0.022027999999999992
2021-02-04,0.1789726262130536,0.14807686228362213,0.13369044661521912,0.11503127865865417,0.0024020000000000152
2021-02-05,0.1808063333313629,0.15007905865435012,0.13883939385414124,0.11917008705142548,0.04694900000000002
2021-02-08,0.18269076611828206,0.14984937608086576,0.14064714312553406,0.11018684833988848,0.014871000000000023
2021-02-09,0.18285295500675014,0.1549047116731262,0.14699643850326538,0.1383541429028123,0.03377000000000002
2021-02-10,0.18015560358921828,0.14871581317319305,0.13975368440151215,0.10759251984237861,0.084256
2021-02-11,0.17858117956358577,0.146041720053575,0.13480991125106812,0.09588298405962745,0.028935000000000016
2021-02-12,0.17874803988742227,0.14039253727511303,0.12873592972755432,0.0890811370466725,0.054313
2021-02-16,0.17870710597886844,0.14197861066388676,0.12841036915779114,0.08957936670973651,0.07095400000000002
2021-02-17,0.17841721788369455,0.13945897095178858,0.1275772601366043,0.09251607569377507,0.00990000000000002
2021-02-18,0.18073968048045802,0.12422548827343897,0.1187950149178505,0.06743922077742423,0.10575399999999999
2021-02-19,0.17970837451550534,0.12764879392476686,0.12227305769920349,0.07069950914630435,0.11608299999999999
2021-02-22,0.17666133299922732,0.13841195201900175,0.12045501172542572,0.07360128821969353,0.040410999999999975
2021-02-23,0.17282234230331284,0.1292615064033417,0.12569622695446014,0.06006938870910039,0.05374800000000002
2021-02-24,0.17397328989606206,0.13997946609092835,0.1269548535346985,0.06502968570484738,0.025388999999999995
2021-02-25,0.1779521434249135,0.1513039697085462,0.13516218960285187,0.10436791634213671,-0.004190000000000027
2021-02-26,0.17837997491562838,0.13887594577114287,0.1327669322490692,0.0952363554156821,-0.05852600000000002
2021-03-01,0.1749440957489249,0.12444675811661003,0.12936542928218842,0.06571344266864704,-0.09038300000000002
2021-03-02,0.1725110225427728,0.12456581474124682,0.12119103968143463,0.06434749014598204,-0.039932999999999996
2021-03-03,0.1698921760913981,0.13803495670014912,0.12643487751483917,0.07710759770194309,0.008014000000000021
2021-03-04,0.15966216250857562,0.14248198610229307,0.1341422200202942,0.06159376490776433,-0.03325
2021-03-05,0.1582434291076869,0.13463242954159085,0.13112065196037292,0.04703909879378884,-0.021994000000000014
2021-03-08,0.14643834326869806,0.14943198739005903,0.14301322400569916,0.08644737478694642,-0.012358000000000036
2021-03-09,0.14332904626487214,0.1388448547651373,0.12614154815673828,0.039712667668637125,-0.02499699999999999
2021-03-10,0.13861712133023063,0.1420025561588837,0.12920859456062317,0.044411234881717915,-0.05946000000000001
2021-03-11,0.13880248189561478,0.14128286574612586,0.12899428606033325,0.03882904599324982,0.03423000000000001
2021-03-12,0.1389180655187055,0.1363162192886509,0.12241527438163757,0.03151739741078172,0.014939999999999981
2021-03-15,0.13943070842026398,0.13161737411900667,0.12315741926431656,0.03930882143641423,-0.006525999999999976
2021-03-16,0.13951444629886883,0.1303848504063601,0.11723782867193222,0.030378961112577735,-0.0009419999999999984
2021-03-17,0.13904712731614963,0.13986987317134955,0.1251644343137741,0.06076089502113155,-0.036928000000000016
2021-03-18,0.14467243821506995,0.12921078450562962,0.12071491777896881,0.036795783116305436,-0.002598000000000017
2021-03-19,0.14241631960125167,0.12704600287937654,0.12014969438314438,0.030750320519542018,-0.04294700000000001
2021-03-22,0.14163441213859748,0.12662812340542118,0.11734457314014435,0.018133626484494653,0.005618000000000012
2021-03-23,0.13926731742274767,0.12632391098389678,0.11840032786130905,0.023965668000772683,0.016352000000000005
2021-03-24,0.1368325696956578,0.1258466787979211,0.11768198013305664,0.032451658696687175,0.037432999999999994
2021-03-25,0.1336108222658601,0.12825619768303687,0.11697197705507278,0.028805711103937953,0.004283000000000009
2021-03-26,0.12463487447227711,0.12867655685672058,0.11692854017019272,0.02069385757508646,0.018722000000000016
2021-03-29,0.12216154618605371,0.15530010398818841,0.13116967678070068,0.08654102608437167,0.08573700000000001
2021-03-30,0.12202513837353335,0.13051186802193385,0.1206979900598526,0.026761905251075108,0.03685900000000003
2021-03-31,0.12112965119631944,0.13260098002526413,0.11766644567251205,0.03281897845722723,0.019689000000000012
2021-04-01,0.12131164338847696,0.1339198060624713,0.11438839137554169,0.03210682490860192,0.030412999999999996
2021-04-05,0.11780485850901103,0.1243782147782371,0.11257874965667725,0.04583583849142436,0.029009000000000007
2021-04-06,0.11518107664258904,0.12045642548769132,0.10373587906360626,0.02921457189231308,0.014456999999999998
2021-04-07,0.11537321437169325,0.11721748421056977,0.10710293054580688,0.04039665773130194,0.017822000000000005
2021-04-08,0.11706134824187965,0.11647653005976605,0.10425488650798798,0.04217295473512786,0.017516000000000004
2021-04-09,0.11874534632233451,0.1209462465307294,0.11401134729385376,0.04142687966976938,0.01944599999999999
2021-04-12,0.12367919504997826,0.12260714773674682,0.11117471754550934,0.04568551910438523,0.01269300000000001
2021-04-13,0.12490768535208165,0.12231550375331768,0.11484463512897491,0.049754935481294504,0.03454299999999999
2021-04-14,0.12782679184288548,0.12084479526859478,0.11335612833499908,0.04763329257973603,-0.022453
2021-04-15,0.12681263891639252,0.12060716790160773,0.1089770644903183,0.04830155470113118,-0.02524600000000002
2021-04-16,0.12723598634330804,0.12035813261085664,0.10864158719778061,0.045226873683850366,0.002833000000000002
2021-04-19,0.11956638367943105,0.11586278196947034,0.10274837911128998,0.014050562784930054,0.02595799999999998
2021-04-20,0.11787161938912129,0.11548295788066543,0.10398329794406891,0.02477268139874833,-0.015582999999999986
2021-04-21,0.11873487999749947,0.11625423486906382,0.10291752964258194,0.012988588861402528,0.03434799999999999
2021-04-22,0.12267196725927135,0.117037064413256,0.10030519217252731,0.024203683577252333,-0.061672000000000005
2021-04-23,0.12264380189078875,0.11523219271580332,0.10028332471847534,0.02244843130434221,-0.051070000000000004
2021-04-26,0.12148367878225372,0.11313906188257325,0.1003899946808815,0.027857178734139926,-0.08867399999999998
2021-04-27,0.12196302635210517,0.11394425022077188,0.09872245788574219,0.034531126527722875,-0.010049000000000002
2021-04-28,0.1243695055813896,0.1129567403531903,0.09805353730916977,0.031327454813946276,-0.0018289999999999973
2021-04-29,0.12251660474840807,0.1116498258914765,0.09778238832950592,0.029716862626466653,-0.008279999999999982
2021-04-30,0.12259824291746119,0.11261671407242861,0.09654252976179123,0.030222349803680548,-0.05166699999999996
2021-05-03,0.12025029487600039,0.11208570611326076,0.09526751935482025,0.028409357611523023,-0.023060999999999998
2021-05-04,0.11953772877418734,0.11360013913271784,0.09239513427019119,0.038458142490989,0.012975000000000014
2021-05-05,0.12046209408439008,0.11032658089834939,0.09136664867401123,0.03779692435741097,-0.006878999999999996
2021-05-06,0.12079269010851418,0.11086010617886785,0.09010113775730133,0.035302786628306784,-0.014207999999999998
2021-05-07,0.11944558165500234,0.11312807938862111,0.09462066739797592,0.033223652758120364,0.019975999999999994
2021-05-10,0.11689492442772241,0.1166179492047082,0.10079098492860794,0.04300065467766549,0.08199999999999999
2021-05-11,0.11081789576559871,0.11652480741391898,0.09857875108718872,0.04401480595002173,-0.0012309999999999821
2021-05-12,0.10975618327080701,0.1371889041126994,0.10994347184896469,0.07318931564791835,0.030978000000000006
2021-05-13,0.1056731677820944,0.1278026997596441,0.10287170857191086,0.04542820915711454,0.026415000000000022
2021-05-14,0.10664375134054302,0.11506672759561,0.09677842259407043,0.03493036208360745,0.010126999999999997
2021-05-17,0.10638728154611996,0.12085922020866263,0.10033364593982697,0.039567014656691935,0.0069089999999999985
2021-05-18,0.10620261190393641,0.11922986971233365,0.10373452305793762,0.04742161732056896,0.016516000000000003
2021-05-19,0.10678044515895956,0.12588878903176776,0.10412764549255371,0.05777238161087869,-0.113848
2021-05-20,0.10608239020729648,0.11321227534390114,0.09538831561803818,0.04174212100250056,-0.039352
2021-05-21,0.10165377185810413,0.10754941851051393,0.0964846983551979,0.03458803374072866,-0.08331000000000005
2021-05-24,0.1008654164657304,0.10696090093666558,0.09287823736667633,0.026466199109211233,0.007703000000000015
2021-05-25,0.10022946321561285,0.10885435200331361,0.09350233525037766,0.025170322217746316,0.0011380000000000001
2021-05-26,0.10024365217814347,0.10786881323256799,0.093500055372715,0.023845974647894813,0.01275800000000002
2021-05-27,0.09592292965686997,0.10861811416037342,0.09504730999469757,0.028323495418610387,-0.06672100000000003
2021-05-28,0.09681611447744921,0.10744378692832962,0.09546860307455063,0.02935239625159193,-0.076011
2021-06-01,0.0948892203830258,0.10724204706643749,0.09402398020029068,0.028292758082538783,-0.07653100000000002
2021-06-02,0.09694642675920044,0.10734604153096214,0.09023432433605194,0.025318706123999613,-0.03418299999999999
2021-06-03,0.09633169611872848,0.11798454144616574,0.09307655692100525,0.03888327222581266,-0.019800999999999985
2021-06-04,0.09540339838140516,0.10699777983146651,0.09125909954309464,0.024879906915609942,-0.02671699999999999
2021-06-07,0.094774740398392,0.10684472428750989,0.0896492451429367,0.029888310891485845,-0.0020749999999999935
2021-06-08,0.09444165703334227,0.11019395360561475,0.09384186565876007,0.032002419344997673,0.004292000000000018
2021-06-09,0.09391317758477384,0.1219380201198004,0.09706420451402664,0.043558076572277615,-0.04170499999999999
2021-06-10,0.09351464411134239,0.11220212398292295,0.09516744315624237,0.0414861052344013,0.0061360000000000026
2021-06-11,0.0936908882120862,0.120198917804858,0.09259552508592606,0.04591781772919301,0.0005079999999999807
2021-06-14,0.09869041157324474,0.1210328203628102,0.10065855085849762,0.05137483321790558,-0.071747
2021-06-15,0.0988997195500087,0.12304147412496823,0.10126504302024841,0.051579249659457,0.009967000000000004
2021-06-16,0.09840370022118101,0.123459237382866,0.10274511575698853,0.07293871945388004,-0.07634800000000003
2021-06-17,0.10884982685047127,0.12071366411676382,0.10117493569850922,0.05589038909606356,-0.072295
2021-06-18,0.11091226329036637,0.12496970652425866,0.10371371358633041,0.08276455584104045,-0.078909
2021-06-21,0.11603788924236634,0.12335477387575078,0.10184497386217117,0.062253610792703515,0.0006039999999999934
2021-06-22,0.11701400722856695,0.12576533070134333,0.10312996804714203,0.06827022914189584,0.006408999999999998
2021-06-23,0.12120575539921259,0.12422040957273017,0.10337809473276138,0.07784658453426962,-0.14825500000000003
2021-06-24,0.12209360879055534,0.1231874257930852,0.10328580439090729,0.06516753778438714,-0.04827199999999998
2021-06-25,0.12311649638577633,0.12485758417350128,0.10166986286640167,0.06970934882185655,-0.003808000000000006
2021-06-28,0.12373806019769529,0.12495016145456361,0.10181941092014313,0.07499407134313003,-0.04261100000000001
2021-06-29,0.12213398330593553,0.12678014154977846,0.10264339298009872,0.07548788652255078,0.016072000000000003
2021-06-30,0.12204070839899693,0.12627054170443675,0.1030450314283371,0.08305578061697418,-0.004747000000000001
2021-07-01,0.12127080489326536,0.12617228123621793,0.10208821296691895,0.07390657424079955,0.014825999999999978
2021-07-02,0.12023394093808347,0.12380429699029319,0.10202836990356445,0.06552330488127152,-0.005963999999999997
2021-07-06,0.12213907663526723,0.13053820557939697,0.1050381138920784,0.09356660261859485,-0.10868599999999998
2021-07-07,0.12154373331934125,0.12838933243777198,0.10543046146631241,0.083593260601608,0.015020999999999979
2021-07-08,0.12075122552492862,0.1292138243007082,0.1059601828455925,0.08603834396665774,-0.0021779999999999855
2021-07-09,0.12149952624074027,0.12033917650691538,0.10570025444030762,0.07702082341522616,0.004949999999999982
2021-07-12,0.12278986743476149,0.11852856529319251,0.1038387343287468,0.07406835688865764,0.020264999999999977
2021-07-13,0.12193506568968011,0.12063492520599894,0.10515297949314117,0.07858511278791382,-0.006158999999999998
2021-07-14,0.11630500024935125,0.12735593833574815,0.10628490895032883,0.07469658942675528,0.09304699999999999
2021-07-15,0.1151258292343838,0.12459125082390694,0.10523337870836258,0.0696532814499913,0.013455999999999996
2021-07-16,0.11490858587149132,0.12265868678320657,0.10413145273923874,0.06552930077881898,0.007099999999999995
2021-07-19,0.10559228593227464,0.14022543690293723,0.10741022974252701,0.07920417414952871,0.009920999999999985
2021-07-20,0.10218794542380545,0.1296938136114259,0.1062687560915947,0.07220173770963362,-0.0016570000000000196
2021-07-21,0.09999194970045097,0.1127994241283672,0.09659192711114883,0.03352011175763363,-0.010778999999999983
2021-07-22,0.09721920633131699,0.11178620626628112,0.09286690503358841,0.022580993771433036,-0.029002
2021-07-23,0.09192056709255353,0.11536104143888577,0.09428402036428452,0.018464245600787382,0.015122999999999998
2021-07-26,0.09146590450472958,0.11114701893784844,0.09391117841005325,0.019316392209444658,0.0031049999999999967
2021-07-27,0.08980330643256579,0.1147223784775191,0.09575757384300232,0.024171504614223696,0.011182999999999998
2021-07-28,0.08835918994893373,0.11132692210510957,0.09257307648658752,0.021690940802304687,-0.05014300000000002
2021-07-29,0.08800624968656456,0.11129989267694936,0.09389904141426086,0.021582017694064495,-0.048956
2021-07-30,0.08823797398176822,0.10921144679378948,0.09223867952823639,0.018580292601003093,-0.0009370000000000211
2021-08-02,0.08872754005997692,0.10878666748519443,0.09196889400482178,0.022129196106734653,-0.09130300000000002
2021-08-03,0.0901622998739129,0.10795324516744738,0.09125693142414093,0.021314060061916537,-0.05491900000000002
2021-08-04,0.0883156751197053,0.11086253442125882,0.09744139760732651,0.027008924364732775,-0.006226000000000009
2021-08-05,0.08965497493074141,0.10695011517016065,0.09218725562095642,0.018677267680658777,0.029615000000000002
2021-08-06,0.0961980220957872,0.10767773691425513,0.08966698497533798,0.022204775475071395,-0.04863300000000001
2021-08-09,0.09686956097090091,0.1053975069859248,0.09015591442584991,0.0125194747592597,-0.012392999999999987
2021-08-10,0.09734492558647395,0.10558071951307672,0.09006046503782272,0.011565133565238514,-0.02943000000000001
2021-08-11,0.0979500754150209,0.1033985714916804,0.08884510397911072,0.01148493531031991,-0.032218
2021-08-12,0.10076191338392,0.10371450249950606,0.08878955990076065,0.019346000750648767,0.0014480000000000048
2021-08-13,0.10082820758687758,0.10420906432516906,0.08920610696077347,0.018457171765616218,-0.013232999999999995
2021-08-16,0.10237378274011155,0.10376926210291129,0.09010650962591171,0.01507441512850867,0.020691000000000015
2021-08-17,0.11149154086227657,0.10523471813186584,0.09224105626344681,0.03333071506772535,0.021845000000000003
2021-08-18,0.11283230298520772,0.11248639207321696,0.09593505412340164,0.04291205557619454,0.025324000000000013
2021-08-19,0.11220618126375073,0.11896750796084181,0.10343075543642044,0.055799051299549055,0.01977899999999999
2021-08-20,0.11687798472723032,0.10573529165572425,0.09563104063272476,0.041959794668683006,0.034142000000000006
2021-08-23,0.1173172170870021,0.10323275909329566,0.09431994706392288,0.039845433907446465,0.02147099999999999
2021-08-24,0.1183417001183423,0.1046894865861769,0.0949791744351387,0.04191709649527042,0.028815000000000007
2021-08-25,0.1179454491673131,0.10159426091826847,0.09266752749681473,0.0410306945674342,-0.010015999999999997
2021-08-26,0.12076267840730763,0.10473757634999412,0.0960199311375618,0.04922081105106628,0.0003650000000000042
2021-08-27,0.12461718763979743,0.1021069724473234,0.09557721763849258,0.042205751313435416,0.027115
2021-08-30,0.1259899914589114,0.10430791282434829,0.09414989501237869,0.04370202701823178,0.009257000000000015
2021-08-31,0.12770465604339143,0.10165018422562516,0.09431662410497665,0.04187246094002306,-0.125183
2021-09-01,0.12920722306890842,0.10492041343341868,0.09284235537052155,0.03795370112608712,0.02917
2021-09-02,0.13666347381576596,0.10303151380579076,0.09077521413564682,0.0398493258802947,-0.042659
2021-09-03,0.13742824893096178,0.09997359819456401,0.09041770547628403,0.036440026069258585,-0.13208399999999998
2021-09-07,0.13930620703767618,0.1182485198500879,0.10407339781522751,0.061918978904212815,-0.05993599999999999
2021-09-08,0.139155199306108,0.1139532970723958,0.0966728925704956,0.04319644002909907,-0.070494
2021-09-09,0.13878586317521718,0.12313654145642913,0.10705041140317917,0.07302207541352604,-0.030489000000000016
2021-09-10,0.13807849650241694,0.12135348924052011,0.10564308613538742,0.06469592558497911,-0.09037800000000001
2021-09-13,0.1382121095144194,0.12200620379171874,0.10388863831758499,0.062277087616080015,-0.010165000000000007
2021-09-14,0.14020071272702161,0.12136615990782723,0.10503145307302475,0.06223779341312238,-0.10412500000000002
2021-09-15,0.13958462685820702,0.1199946771828816,0.09981627017259598,0.04935121825988843,0.04444300000000001
2021-09-16,0.1330771404886897,0.11950209528064729,0.09921308606863022,0.04326446013772345,0.039264999999999994
2021-09-17,0.13108066921835176,0.12052963411347496,0.10345762968063354,0.05333369801479226,-0.037366999999999984
2021-09-20,0.1289133397937428,0.13418703233487397,0.10558363050222397,0.08588681973624925,-0.07334400000000002
2021-09-21,0.125570776129935,0.1325886854718204,0.10407710075378418,0.07728301627276968,-0.06387000000000001
2021-09-22,0.1257611072390983,0.1248851464553237,0.10271938145160675,0.06039378391299792,-0.03805900000000001
2021-09-23,0.12466608640833468,0.1202578140542335,0.10170972347259521,0.051614300881657665,-0.04239999999999999
2021-09-24,0.1251045558671417,0.12187753524953657,0.10219816118478775,0.050603551832686916,0.014081999999999983
2021-09-27,0.12251367235346784,0.12236334551289586,0.10204856842756271,0.0470943225926924,0.01628400000000002
2021-09-28,0.12177870487851118,0.1327798985347036,0.10731582343578339,0.06318081336020256,0.022379999999999983
2021-09-29,0.12073462699397453,0.1294425909600615,0.10609299689531326,0.0564050095410886,0.027066000000000007
2021-09-30,0.11915495593371865,0.13749373958017336,0.10822084546089172,0.07150734495660854,0.027059
2021-10-01,0.11768037599942598,0.13005705728896355,0.1074942871928215,0.05746677793109159,-0.004931999999999992
2021-10-04,0.10720143262693331,0.13474777381598838,0.10964032262563705,0.06410052718423404,-0.22011799999999998
2021-10-05,0.10651033755883055,0.13141320960977299,0.10907633602619171,0.050865752069038206,-0.01180500000000001
2021-10-06,0.0988569111598451,0.1328485033614704,0.10847202688455582,0.0507337939623238,-0.024895
2021-10-07,0.09970378630106266,0.12262426914964905,0.10463780909776688,0.03542080169389203,-0.047056000000000014
2021-10-08,0.1014477507732974,0.12497026267074941,0.10671032965183258,0.038066137824782825,0.019884000000000013
2021-10-11,0.10167584619865609,0.12226193980662395,0.10500616580247879,0.03348550449758306,0.003683999999999993
2021-10-12,0.1016863414954279,0.12355167023451938,0.10160870850086212,0.04446289148558061,-0.02173900000000001
2021-10-13,0.0983730465501264,0.12134693425289848,0.09992561489343643,0.030149288272978386,0.0006170000000000064
2021-10-14,0.09793408000579545,0.11643053078147038,0.09741111099720001,0.016808374141792953,-0.113786
2021-10-15,0.09603362693411553,0.12059106749814402,0.09844166785478592,0.027363860511310262,0.0036660000000000026
2021-10-18,0.09873696168145492,0.11897476596129866,0.09760034829378128,0.025519331781648197,-0.031975
2021-10-19,0.09833745706974356,0.11923222058840845,0.09876006096601486,0.025560661206257218,0.021865999999999997
2021-10-20,0.10040784953300423,0.12094919862857088,0.10033880174160004,0.034573224870065006,0.00565400000000002
2021-10-21,0.10133343227780882,0.11856959343250073,0.1010841578245163,0.03733989376090166,-0.12646600000000002
2021-10-22,0.10655521665698904,0.1192323709273867,0.10169915109872818,0.035171914591665354,-0.075909
2021-10-25,0.10771999625217821,0.11795532955993593,0.10099466145038605,0.034337445132858274,-0.01642099999999999
2021-10-26,0.11200271004785226,0.11819159612910346,0.1032254621386528,0.04731732864653218,-0.08054899999999998
2021-10-27,0.11485515775523235,0.10439602978673176,0.08984306454658508,0.016306296121488803,-0.083202
2021-10-28,0.117072887856046,0.10078583034115572,0.08665937930345535,0.010935374006025483,-0.076626
2021-10-29,0.118302987321356,0.1027595269298617,0.08747637271881104,0.012829045066281367,-0.031556
2021-11-01,0.12694142032491837,0.10483352585483217,0.09109131246805191,0.01620162500057401,0.021402000000000004
2021-11-02,0.12999307213930328,0.10245051160966522,0.08690035343170166,0.023959568373066675,0.0032829999999999804
2021-11-03,0.1311505686656723,0.12217195189313927,0.09171795099973679,0.04254366344116943,3.399999999997849e-05
2021-11-04,0.1370472004403897,0.10354457236106247,0.08750426024198532,0.02873908984015487,0.021399
2021-11-05,0.13694648672025483,0.10585971254274591,0.08813656866550446,0.02499721469893733,0.116666
2021-11-08,0.14091570147943394,0.10444035321107807,0.0902552530169487,0.03025025022670262,0.01166700000000001
2021-11-09,0.14173969692574034,0.10481062890872775,0.09230164438486099,0.029734154801343893,0.021800000000000014
2021-11-10,0.14434254574224614,0.11822496389440314,0.09500816464424133,0.03642265950457209,0.017763999999999974
2021-11-11,0.14675741129428937,0.10565147221514787,0.09226630628108978,0.033175954449873604,0.017867999999999995
2021-11-12,0.14848359572439748,0.10603068552735669,0.09191955626010895,0.03574992099420453,0.017086000000000018
2021-11-15,0.14954194978832855,0.10629152651364299,0.09303799271583557,0.036507374065884474,0.019085999999999992
2021-11-16,0.15034975018564375,0.11634505478933388,0.09279550611972809,0.038312039318545085,-0.042824
2021-11-17,0.1554222666095321,0.11670608814536795,0.09442637860774994,0.042158543930256434,0.015590999999999994
2021-11-18,0.15540838296491197,0.1137451262155368,0.09304425865411758,0.03707015146699577,0.010514999999999997
2021-11-19,0.15472260987860806,0.11799746508841444,0.0939621776342392,0.0402375687221912,-0.009623999999999994
2021-11-22,0.15166548027402374,0.1151170742713891,0.09240202605724335,0.03554078434301096,-0.188568
2021-11-23,0.15177846004437445,0.11999065334769365,0.09445234388113022,0.04042400474782179,-0.006333000000000005
2021-11-24,0.14883689391674548,0.11611203219043999,0.09227024763822556,0.030780290952147724,-0.038118999999999986
2021-11-26,0.14465863368245108,0.1383243804671431,0.10903928428888321,0.08715584324476762,-0.14031499999999997
2021-11-29,0.14283718868354356,0.12600289257108702,0.10561273992061615,0.058980113143954,-0.022966000000000014
2021-11-30,0.1409367584490003,0.14441438585388766,0.11072849482297897,0.09750101367864397,-0.18888299999999997
2021-12-01,0.1334041527075146,0.14838994247932613,0.10951422154903412,0.08983258067508162,-0.05708800000000003
2021-12-02,0.13371086179733183,0.13470064566311515,0.10471383482217789,0.06485492886069669,-0.05507199999999998
2021-12-03,0.1348829782159617,0.14249304193845921,0.10916227102279663,0.08315743233432771,0.007217000000000001
2021-12-06,0.13341808177254674,0.13652295640055498,0.11140734702348709,0.0681058005596103,0.019431000000000004
2021-12-07,0.1340762845234741,0.12688576611569685,0.10150524228811264,0.03805051427974521,-0.03412800000000002
2021-12-08,0.12944837992229594,0.12461830388650563,0.09922325611114502,0.019367299520566095,-0.011275000000000007
2021-12-09,0.1297556994563814,0.12856717852246516,0.10292864590883255,0.026694304074259656,-0.005028000000000005
2021-12-10,0.12686732009299206,0.12263993969373672,0.1020948514342308,0.011342455257753847,-0.10238399999999998
2021-12-13,0.1250036133460705,0.13044887194366475,0.10457359254360199,0.015952589705710618,-0.066996
2021-12-14,0.12377186052336643,0.13682445516872688,0.10936379432678223,0.021112405275602514,0.010528999999999983
2021-12-15,0.12794725107910843,0.1322777766003786,0.09974877536296844,0.01577905121167142,-0.002477000000000007
2021-12-16,0.1270768343311229,0.13207343206567954,0.10507421940565109,0.015736250814356256,-0.071492
2021-12-17,0.1216656436866116,0.13848638776271507,0.11139775812625885,0.03978073439046789,0.008243
2021-12-20,0.12088231900480215,0.13295585634894327,0.10673920810222626,0.017309618035088042,0.012870999999999994
2021-12-21,0.12299321793794056,0.12780564084960394,0.10473459959030151,0.0023743911213919,0.018780999999999992
2021-12-22,0.14116182515570114,0.12177575839181484,0.10133244097232819,-0.006036479274023732,0.012358000000000008
2021-12-23,0.14867956219432746,0.12050222345367495,0.10176221281290054,-0.009399459044374447,-0.05366700000000002
2021-12-27,0.15478501589912833,0.12150193277645398,0.10193289071321487,0.013158107083254517,-0.08936300000000003
2021-12-28,0.1638474523529777,0.11693580785671788,0.09306395798921585,0.0011913673175489303,-0.061343000000000036
2021-12-29,0.17371785593798128,0.11503960958196018,0.09305980056524277,-0.0013261876835435615,-0.073907
2021-12-30,0.1756860656312808,0.11716625056248745,0.0934385135769844,0.004216242550999699,-0.11107299999999998
2021-12-31,0.17838524978223064,0.11997304808914201,0.09584308415651321,0.013691848292485431,-0.04722900000000002
2022-01-03,0.1761694373223263,0.11735469999319817,0.09283633530139923,0.008758139202668214,-0.054013000000000005
2022-01-04,0.17801363029432943,0.12408009345524455,0.09575934708118439,0.013898022784038316,0.06901299999999999
2022-01-05,0.17832968192186283,0.12425718150630444,0.09633126854896545,0.026494919227453256,-0.044225000000000014
2022-01-06,0.17936660336694488,0.13294677327047177,0.10355236381292343,0.034997716476525886,-0.020670999999999995
2022-01-07,0.1787686740513731,0.13146977274559016,0.10258492082357407,0.03523562107770406,-0.020503999999999994
2022-01-10,0.18147427540966057,0.1359461917700855,0.10335919260978699,0.044461301543618575,-0.020857999999999988
2022-01-11,0.19489954335627324,0.13374904515402042,0.10279868543148041,0.03521668090700797,0.012195000000000011
2022-01-12,0.20061518884633797,0.1317063238014972,0.10124430805444717,0.035738387653929476,0.00904000000000002
2022-01-13,0.20775900966292418,0.13615160880090751,0.10422950237989426,0.04318414047663356,0.013774999999999982
2022-01-14,0.2088269286428471,0.13888401125293773,0.10608593374490738,0.038349749920891574,0.03604199999999999
2022-01-18,0.2094972102379595,0.13939528951640823,0.11116929352283478,0.055084166668877055,0.017565000000000025
2022-01-19,0.21433817462142332,0.13847366481030976,0.1103738471865654,0.05901535731338843,-0.004725000000000007
2022-01-20,0.21456054289220952,0.13972403981067122,0.11305098235607147,0.06146168199519789,-0.006571000000000021
2022-01-21,0.2156463177670024,0.1471366293641498,0.11411463469266891,0.07472078306205941,0.00915000000000002
2022-01-24,0.20532244341197364,0.15497601507150457,0.11967631429433823,0.07462117584429886,0.03751299999999999
2022-01-25,0.20545283997662525,0.15455462030257314,0.11880484223365784,0.06882943880567255,0.042987000000000025
2022-01-26,0.20441952010422515,0.1544198597390156,0.11599107831716537,0.06223798510087167,0.022166999999999992
2022-01-27,0.19853388340702366,0.15377812996644832,0.11923076212406158,0.0594645486470223,0.022253000000000023
2022-01-28,0.1952219652292018,0.1519818876436935,0.12650980055332184,0.030236145062018716,0.007846999999999993
2022-01-31,0.1974053262743144,0.1486073405516425,0.12280703336000443,0.03207293536871922,-0.07633699999999999
2022-02-01,0.19585386655248546,0.14552772500464511,0.12485970556735992,0.01838175121776936,0.02216599999999999
2022-02-02,0.19868734342977373,0.14576438005743927,0.1240559071302414,0.0161225636776737,0.019356000000000012
2022-02-03,0.1989587134856883,0.14822633964926793,0.12351937592029572,0.03053837070567053,0.006043999999999994
2022-02-04,0.20596944738036246,0.14437450413630332,0.12513530254364014,0.034067319078137204,0.013882000000000005
2022-02-07,0.20666227090738817,0.14177400723239628,0.12365542352199554,0.025313397633055096,0.03686400000000001
2022-02-08,0.21002656266886593,0.1414457859949459,0.12194905430078506,0.03158132694862692,-0.005445000000000005
2022-02-09,0.21025710656368415,0.14702242223040124,0.12588751316070557,0.04233872559033944,0.013085999999999987
2022-02-10,0.20000003308977451,0.14732265413938142,0.1280619204044342,-0.005098542356273272,0.08493900000000001
2022-02-11,0.19585674068590542,0.15223621634803247,0.13069698214530945,0.024305812153662038,0.010368000000000016
2022-02-14,0.19440944889438133,0.14973468587904598,0.1302943229675293,0.01472999133707581,0.035462999999999995
2022-02-15,0.19116467368645423,0.1434968944231104,0.12867330014705658,-0.011752927642847133,0.017872
2022-02-16,0.1895944185490752,0.1433918338998065,0.13027043640613556,-0.014582209237959498,0.02973300000000001
2022-02-17,0.18598366332887786,0.14614856493932885,0.12746784090995789,-0.02286017362142334,0.046775999999999984
2022-02-18,0.18716531130286468,0.14209755396181847,0.12555889785289764,-0.024566541892209526,0.043459
2022-02-22,0.1875647603201309,0.14257687267435043,0.12825347483158112,-0.012018316767002407,0.042072
2022-02-23,0.18581627168977324,0.1428362540497566,0.12876048684120178,0.0025155575880263237,0.042645000000000016
2022-02-24,0.1786548023242353,0.1450937434740048,0.12968748807907104,0.012956161023374768,-0.028503999999999974
2022-02-25,0.17573592754346926,0.1421643920852034,0.12598101794719696,-0.008779519104225142,0.04207899999999998
2022-02-28,0.17586786676979754,0.14835590620914246,0.12728218734264374,0.019253117592976376,0.055144000000000026
2022-03-01,0.17087514768645362,0.15873998313674403,0.13055497407913208,0.0542700357707982,0.060092000000000034
2022-03-02,0.16718813013128878,0.14814537793906776,0.1260136216878891,0.019920674725685594,0.05173600000000003
2022-03-03,0.16719167776127553,0.1464396329196356,0.12572872638702393,0.023472134447514503,0.057918
2022-03-04,0.16782084857693297,0.153788958732869,0.12263402342796326,0.037740657570226266,0.061673000000000006
2022-03-07,0.16569104178225988,0.1661225454741623,0.13070788979530334,0.06201328751431168,0.070553
2022-03-08,0.155752752000772,0.16374295792084448,0.13200530409812927,0.07874555361963756,0.05875800000000003
2022-03-09,0.1553118280294655,0.1520464636668024,0.12931609153747559,0.03911073009261182,0.05761299999999997
2022-03-10,0.1524132910344916,0.16127798012637432,0.1282166689634323,0.04098543833113408,0.039311999999999986
2022-03-11,0.14880606746617678,0.16163744343601089,0.12839879095554352,0.04642789443631584,0.051044000000000006
2022-03-14,0.14756573968954878,0.15780508519257397,0.1297997534275055,0.06266896791022547,0.03661900000000001
2022-03-15,0.14577098727986013,0.15195743022993854,0.12861812114715576,0.049137260314094544,0.05012100000000003
2022-03-16,0.13838838300484596,0.14692025088867638,0.12735030055046082,0.031016552105618628,0.006201000000000012
2022-03-17,0.13999976446392406,0.14484489098468892,0.1277843415737152,0.01572032731354578,0.04952100000000001
2022-03-18,0.14013734543689774,0.13987908221369552,0.12300889939069748,-0.0016384175490751773,0.00016199999999999548
2022-03-21,0.1383541711248782,0.14093489938069298,0.12233833968639374,0.011518337671122147,0.03947600000000001
2022-03-22,0.1415145007606029,0.13760700788101335,0.12292519956827164,-0.002439310302864678,0.03390599999999999
2022-03-23,0.14041519271360253,0.13702636049061048,0.1224731057882309,0.003465240679869086,0.00640300000000002
2022-03-24,0.16196959592095098,0.13475605988895306,0.12057600915431976,-0.006993270689773207,-0.07015400000000002
2022-03-25,0.16777507740083247,0.13695780778488206,0.12012714147567749,-0.0017398013242353183,0.04346900000000001
2022-03-28,0.17155404144320358,0.13854222648735529,0.11930939555168152,0.00012207345653070245,0.04541600000000001
2022-03-29,0.17428441217818083,0.13401637973893546,0.11824994534254074,-0.005357865769797576,0.040421999999999986
2022-03-30,0.1770966172515148,0.1416544790612254,0.11771801859140396,0.005711853313546372,0.04385700000000001
2022-03-31,0.19477857093259765,0.14134702445202385,0.12498082965612411,0.026632870868711217,0.01752100000000001
2022-04-01,0.19768044588118863,0.13724244350567766,0.11897174268960953,0.01196132323872448,-0.07561300000000001
2022-04-04,0.19904703683699979,0.14520100099500094,0.11988138407468796,0.013466152423067035,0.04027900000000001
2022-04-05,0.19987724779562296,0.15054869652321454,0.12465714663267136,0.026366959217740127,0.041124999999999995
2022-04-06,0.20138222220564714,0.1486380787275267,0.12627433240413666,0.040364248999228025,0.029752
2022-04-07,0.20439811491510043,0.1586489543778565,0.13788887858390808,0.04629917297053451,0.04147799999999999
2022-04-08,0.20882767272294228,0.15845023549379722,0.1383756846189499,0.03882670996550838,0.06324000000000002
2022-04-11,0.2125618775401231,0.1583361652376506,0.14118489623069763,0.05674293353382323,0.04661499999999999
2022-04-12,0.2155245675333549,0.15583025905748074,0.13931715488433838,0.056037261310451225,0.053501999999999994
2022-04-13,0.22151020094052717,0.15208320844755194,0.13707374036312103,0.04798901372013986,0.05099100000000001
2022-04-14,0.2218258684007958,0.15125934042759118,0.13697853684425354,0.049633617995154033,0.038343000000000016
2022-04-18,0.22235804979499302,0.14891097400049477,0.1375914216041565,0.049482236536075946,0.044223999999999986
2022-04-19,0.24376665802041844,0.15086738057227353,0.13928894698619843,0.05609465556310225,0.03454599999999999
2022-04-20,0.24567323732853094,0.1494513318678972,0.13694575428962708,0.04940182987512182,0.039367999999999986
2022-04-21,0.24889982336240185,0.1519846363749626,0.14056409895420074,0.056018500239397084,0.04811400000000002
2022-04-22,0.250186759124377,0.15542089176963497,0.14080524444580078,0.07935480828639746,0.04896599999999998
2022-04-25,0.23936087427289537,0.1631155364139131,0.1392076164484024,0.039223405079049034,0.026971000000000023
2022-04-26,0.23706741077928958,0.1685154770117657,0.15059931576251984,0.05366392359916752,0.042095999999999995
2022-04-27,0.23676415697098555,0.16195691667978832,0.14640608429908752,0.03611895955679642,0.051292000000000004
2022-04-28,0.23374407701158983,0.15758476032016644,0.1468299776315689,0.020981588821819164,0.04963300000000001
2022-04-29,0.23416318134414463,0.1660287152182674,0.14725391566753387,0.0438973837484852,0.05658199999999999
2022-05-02,0.22623783235600045,0.15992838086636146,0.15215791761875153,0.04063043006740236,0.062505
2022-05-03,0.22998883855388844,0.15566856086264702,0.15287944674491882,0.02813855511881136,0.05322599999999997
2022-05-04,0.22623261555579313,0.15228817957215085,0.14933738112449646,-0.0028090358369997903,0.044377
2022-05-05,0.22654192690098943,0.1613778137175433,0.15177983045578003,0.02572175320437703,0.055449000000000026
2022-05-06,0.22482805103143355,0.15986721855438793,0.15072105824947357,0.021682778794352875,0.059225
2022-05-09,0.22066357556488386,0.16211683883626654,0.15495583415031433,0.033737886084899554,0.05855300000000002
2022-05-10,0.21969553138400905,0.15745072571549593,0.15417887270450592,0.026042328277057714,0.058389000000000024
2022-05-11,0.22161255229244167,0.16129170652166866,0.15453243255615234,0.02459312345987691,0.061867000000000005
2022-05-12,0.2245110685914186,0.16660928886411308,0.1560693383216858,0.027846433466645115,0.07174499999999998
2022-05-13,0.22974835386494574,0.15843163394253043,0.15367060899734497,-0.0013101999405271958,0.06307600000000002
2022-05-16,0.23741270391320382,0.15733217090463264,0.15544022619724274,-0.009772867400795776,0.051164000000000015
2022-05-17,0.23947102289632474,0.15427760370140503,0.1525583267211914,-0.020998048794993035,0.055582999999999994
2022-05-18,0.2199214948520006,0.18149710014089032,0.16034112870693207,0.028407342979581585,0.069774
2022-05-19,0.22517958075179814,0.18739126512648935,0.1571173220872879,0.01103976367146911,0.05866000000000002
2022-05-20,0.22050517014977739,0.18487572195513313,0.15782985091209412,-0.007045822362401838,0.05215700000000001
2022-05-23,0.21721553047050232,0.17102813283486248,0.15775397419929504,-0.023471758124376962,0.05949699999999997
2022-05-24,0.2143570242286091,0.16961967681953793,0.15742816030979156,-0.014544873272895387,0.057444999999999996
2022-05-25,0.2132634687999812,0.1612704800343372,0.15451394021511078,-0.015090409779289549,0.05702600000000002
2022-05-26,0.21697754614554546,0.15465809844013825,0.15101586282253265,-0.02639615597098552,0.05216800000000002
2022-05-27,0.21737186182313417,0.15051031028584955,0.14644509553909302,-0.042387076011589864,0.043494000000000005
2022-05-31,0.21546133249208416,0.15007615929825008,0.14870966970920563,-0.020795180344144626,0.04834800000000003
2022-06-01,0.21224631506377556,0.1495795169014258,0.14917775988578796,-0.00853283135600047,0.04664700000000002
2022-06-02,0.2124520224388525,0.1487337108492063,0.14719358086585999,-0.025888837553888405,0.04740900000000001
2022-06-03,0.21380838331856294,0.1490783456930425,0.1479857712984085,-0.017697614555793162,0.05018700000000004
2022-06-06,0.21244572139044685,0.14700545727351508,0.14373721182346344,-0.0172559259009894,-0.05158499999999999
2022-06-07,0.21083630038987247,0.14377636344539385,0.1408938616514206,-0.021495050031433566,-0.054672
2022-06-08,0.21205268384539674,0.14567226492393692,0.1366935670375824,-0.013293574564883837,0.05432099999999998
2022-06-09,0.20947442988935294,0.15512364020308808,0.14200471341609955,0.018610469615990943,0.04505500000000001
2022-06-10,0.20594651197526342,0.16285786655212595,0.14658139646053314,0.03633644870755831,0.029369000000000006
2022-06-13,0.1980310084657158,0.1740549408943542,0.149565652012825,0.05370593240858143,0.027617000000000003
2022-06-14,0.18680051252704824,0.1675348817428941,0.15451474487781525,0.050120647135054236,0.02621000000000001
2022-06-15,0.17661427851394132,0.15884920327420826,0.14564600586891174,0.015637297086796176,0.006363999999999981
2022-06-16,0.1710060540732352,0.16866449798935632,0.15145187079906464,0.033411978103675216,0.05823600000000001
2022-06-17,0.17296791464555883,0.16465283410735515,0.14945590496063232,0.04106550614799942,-0.03247899999999998
2022-06-21,0.16680222422243499,0.16730463484264288,0.15386492013931274,0.04669342024820183,0.037812999999999986
2022-06-22,0.1629677951810837,0.1626325914541657,0.15192532539367676,0.03767683085022264,0.03798599999999999
2022-06-23,0.16514600950091368,0.1581258047873557,0.15184684097766876,0.024365470529497696,0.05342400000000003
2022-06-24,0.17056676299840684,0.15560504949598375,0.15387074649333954,0.014571976771390882,0.05366400000000002
2022-06-27,0.17730885204891308,0.15538541150116353,0.15296019613742828,0.02010553220001876,0.048957
2022-06-28,0.17110059894221613,0.15403113893811912,0.15090227127075195,0.02092145485445454,0.004579
2022-06-29,0.17033167263145826,0.1558128688420836,0.14831359684467316,0.0309061391768658,-0.031864
2022-06-30,0.17115435539207652,0.15862169373911436,0.15223361551761627,0.026158668507915817,-0.026079999999999992
2022-07-01,0.16779232524399085,0.1579401424016947,0.15063044428825378,0.018832685936224447,-0.02379300000000001
2022-07-05,0.15864400637480283,0.16544972838340793,0.15749043226242065,0.039275978561147507,0.05237100000000003
2022-07-06,0.15808247641705037,0.1666780498770272,0.15680330991744995,0.03031161768143706,0.050073000000000006
2022-07-07,0.15900324619253398,0.16011746904965068,0.15110328793525696,0.032362279609553124,0.032103999999999966
2022-07-08,0.16191169764094698,0.15561186915968184,0.1525239646434784,0.02160670061012751,0.033503000000000005
2022-07-11,0.15925171088734688,0.1723843093833717,0.16102977097034454,0.027726317154603247,0.052147
2022-07-12,0.1573036305663919,0.17293540113584027,0.16353155672550201,0.03647057111064708,0.04734299999999997
2022-07-13,0.15533459998238522,0.17191347654243125,0.16091442108154297,0.04264048902473658,0.03475399999999998
2022-07-14,0.15547978000998205,0.17309325824359165,0.16354404389858246,0.0475949925342842,0.03800500000000001
2022-07-15,0.15491726894907243,0.1715743981342843,0.16168113052845,0.04058848847295174,0.043866000000000016
2022-07-18,0.15529071312756285,0.17375177970806496,0.16488592326641083,0.05509872248605868,0.045561999999999964
2022-07-19,0.15437388201836594,0.17520325539298354,0.16324254870414734,0.05219094692676479,0.05238300000000001
2022-07-20,0.1486206658400817,0.16968004609937157,0.16342106461524963,0.05820408635444119,-0.101358
2022-07-21,0.14348599733061818,0.1734210025838523,0.15948039293289185,0.05248177677756502,0.0044019999999999615
2022-07-22,0.14476515626421274,0.16602002037111618,0.15346622467041016,0.05008220581891629,0.02823099999999998
2022-07-25,0.14276365012653566,0.17132635862499473,0.158535897731781,0.05664199149908633,0.028021000000000018
2022-07-26,0.13633326301465187,0.16207289688761037,0.1470707207918167,0.025709238001593165,0.032077999999999995
2022-07-27,0.12817025344612148,0.16307555446722444,0.14615312218666077,0.014012148951086878,0.03049099999999999
2022-07-28,0.1307190357038572,0.1620029944762539,0.1423361897468567,0.01016740205778388,0.01308999999999999
2022-07-29,0.13138891862450325,0.16624215409938073,0.14485274255275726,0.010897328368541737,0.0043320000000000025
2022-08-01,0.1288701874052944,0.1645666174656239,0.13948778808116913,0.00895164560792347,0.016711000000000004
2022-08-02,0.1270891968672068,0.16327356084662809,0.1387532651424408,0.016803675756009162,0.015309000000000017
2022-08-03,0.12676808372835216,0.14830720768263694,0.1339448243379593,0.022966994625197162,0.022398
2022-08-04,0.1368917804359479,0.14440728965466965,0.1289714276790619,0.021996524582949595,-0.122117
2022-08-05,0.1375456255476348,0.1439967135608258,0.12976336479187012,0.015111754807466043,-0.153586
2022-08-08,0.13607026383861112,0.1557639184136654,0.13219715654850006,0.023904303359053025,0.003906999999999994
2022-08-09,0.14021675177693044,0.14762920758723835,0.12701798975467682,0.018407290112653157,-0.019718000000000013
2022-08-10,0.14333628815902158,0.14083476481730434,0.12078516185283661,0.010900370433608114,-0.04742299999999999
2022-08-11,0.14145745962416242,0.15383755770640525,0.14179283380508423,0.05965040101761479,-0.04464999999999997
2022-08-12,0.14749981365836037,0.13874887131937022,0.12333471328020096,0.0021702209900179292,-0.024708000000000008
2022-08-15,0.14628286567172577,0.1361659684246879,0.11976038664579391,0.004586732050927578,-0.12883700000000003
2022-08-16,0.1459736698629604,0.1392654297928785,0.11863872408866882,2.4287872437162017e-05,-0.027139999999999997
2022-08-17,0.14760830905575564,0.1388004635597799,0.1164378896355629,0.0012821189816340506,0.014809000000000017
2022-08-18,0.1486714506928378,0.13980093965209955,0.11100701242685318,0.004740335159918285,-0.048873
2022-08-19,0.15012085500769884,0.14056662252167887,0.11261157691478729,0.012379003669381855,-0.008857000000000004
2022-08-22,0.1545599036441914,0.13564177179496092,0.11731276661157608,0.024951844735787265,0.020135000000000014
2022-08-23,0.1542300215140769,0.13458445702256067,0.11177536100149155,0.027522350873464302,0.003592000000000012
2022-08-24,0.1592081707107829,0.1362374787725281,0.11529181897640228,0.027401737985348118,0.03634600000000002
2022-08-25,0.15930584642961138,0.1332583494713019,0.116767518222332,0.0319507475538785,0.025287000000000004
2022-08-26,0.16474700023540134,0.14757597254873903,0.1323949247598648,0.055448965296142766,0.04533800000000002
2022-08-29,0.17258532475857843,0.14059470493572743,0.12727032601833344,0.062000082375496784,-0.106293
2022-08-30,0.17861339962865913,0.1438112456441424,0.12478742003440857,0.06994981359470559,0.005932999999999994
2022-08-31,0.1808739083857792,0.14286443639809843,0.12646013498306274,0.07598280413279321,0.03015599999999999
2022-09-01,0.1819197631735942,0.14202317488590388,0.12671534717082977,0.06628291727164781,0.022036
2022-09-02,0.1809794345142428,0.14201559007225342,0.12534034252166748,0.05756222056405208,0.005225999999999981
2022-09-06,0.1834128137133089,0.14299609571876457,0.1255922019481659,0.0672983754523652,-0.09286
2022-09-07,0.18498502059234945,0.14346123907617056,0.1280575543642044,0.05712073716138888,0.031288999999999983
2022-09-08,0.18394202639540883,0.1407532090636186,0.12715595960617065,0.05377224922306956,-0.005120000000000013
2022-09-09,0.1843282711599931,0.1381186156715798,0.1222909614443779,0.04154571284097841,0.0004489999999999772
2022-09-12,0.18830466670241786,0.13828361242379789,0.12266846746206284,0.044996541375837584,0.017293000000000003
2022-09-13,0.18720613447704423,0.1508926373475125,0.12762565910816193,0.07756118734163964,-0.00275000000000003
2022-09-14,0.19492871943887863,0.14348530174929722,0.11998846381902695,0.06319513532827423,0.013898999999999995
2022-09-15,0.19778672646949105,0.1438286538596216,0.1237543374300003,0.06987633113703959,0.03298599999999999
2022-09-16,0.19782697948136388,0.14520402341578065,0.12125705927610397,0.06534069194424436,0.008440000000000003
2022-09-19,0.1978821466812736,0.14388416986690525,0.12160532176494598,0.06156355030716221,0.029685000000000017
2022-09-20,0.1985642562452204,0.14350096743090607,0.12104605883359909,0.06837114599230115,0.03770000000000001
2022-09-21,0.19586457613838498,0.14768035237344054,0.12406838685274124,0.0802490973558086,0.02282400000000001
2022-09-22,0.19760670641768052,0.14869025894587756,0.12180588394403458,0.08846897948592311,0.03261999999999998
2022-09-23,0.1958237598821215,0.1533360267827785,0.12290679663419724,0.08965283028921711,-0.06181700000000001
2022-09-26,0.2017982955806672,0.15903434895719523,0.12255515903234482,0.1114351545703886,0.014903
2022-09-27,0.19575470492278718,0.1639526973190531,0.1316361278295517,0.11137300076459866,0.05419299999999999
2022-09-28,0.1881258346451494,0.16339581866874267,0.13581158220767975,0.09284267624142156,0.03802
2022-09-29,0.18517120987021285,0.16370751807160244,0.14031003415584564,0.09050260137134089,0.023965000000000014
2022-09-30,0.18366294927106885,0.1651221809923136,0.14085374772548676,0.09011809261422082,0.04818899999999998
2022-10-03,0.18412240451062975,0.15897281076713535,0.13937409222126007,0.07393823782640577,0.027052999999999994
2022-10-04,0.1824690205566303,0.15527550288836028,0.1318061500787735,0.06909556648575718,0.029079999999999995
2022-10-05,0.17808369462342258,0.15642711670349846,0.13408835232257843,0.07189018728669108,0.027293999999999985
2022-10-06,0.17884273894245706,0.16096603121534073,0.13907146453857422,0.08440398040765054,0.04908100000000004
2022-10-07,0.1770054363770282,0.1800905732567071,0.14664317667484283,0.0853149746045912,-0.02656499999999995
2022-10-10,0.17548710374517715,0.1798398475055719,0.1463349461555481,0.0929117298400069,-0.072602
2022-10-11,0.17127689501312335,0.18553314560059142,0.14689195156097412,0.09504133429758213,0.054074999999999984
2022-10-12,0.1730926300274267,0.18311225043852217,0.1457109898328781,0.09719886652295578,0.04150499999999996
2022-10-13,0.16989078692837453,0.17979242764463169,0.1486218422651291,0.08152128156112132,0.043267
2022-10-14,0.16760194571324744,0.1813986796383414,0.15037865936756134,0.07712827453050897,0.032384000000000024
2022-10-17,0.17437141954268867,0.17901726320227948,0.14572732150554657,0.07171202151863607,0.04772000000000004
2022-10-18,0.1742832479488469,0.17391440083808685,0.14383091032505035,0.059673854318726405,0.051017000000000035
2022-10-19,0.17197038359244837,0.17069028718309764,0.1416785717010498,0.0603107447547796,-0.008941000000000032
2022-10-20,0.1702573922712048,0.16738438656041243,0.14266251027584076,0.06794742486161501,-0.117116
2022-10-21,0.1702870887615287,0.16353397790264732,0.13682499527931213,0.05301429458231943,0.04691500000000001
2022-10-24,0.16746937678490906,0.16674014766082723,0.13221152126789093,0.06574424111787852,0.037014999999999965
2022-10-25,0.1585868203773519,0.15587285673529072,0.12731428444385529,0.017128705419332785,-0.03326600000000002
2022-10-26,0.1554952930637788,0.15629888741300682,0.12850798666477203,0.014215296077212808,0.031966999999999995
2022-10-27,0.15598647395675996,0.15195528505512165,0.12398310005664825,0.0184931663548506,-0.084591
2022-10-28,0.15247120095702588,0.1518625598968995,0.12250059098005295,0.007826791129787125,-0.04219099999999998
2022-10-31,0.158540811603741,0.15567018746186276,0.1276291161775589,0.02048205172893114,0.03389699999999998
2022-11-01,0.1567118699732195,0.15286347331803504,0.12580008804798126,0.014622596489370282,0.04564700000000002
2022-11-02,0.1519073407816506,0.15654939254968958,0.1303607076406479,0.019249980443369702,0.03612000000000001
2022-11-03,0.15065666461936303,0.1556021790648539,0.12970775365829468,0.02061130637657746,0.024919999999999998
2022-11-04,0.14670710993177916,0.15540149639350528,0.1295841634273529,0.015447262057542932,0.043961
2022-11-07,0.1464106721741573,0.153445681382934,0.13001984357833862,0.019336564622971814,0.012833000000000011
2022-11-08,0.14339879052880347,0.15503886640374595,0.12964242696762085,0.02390589725482284,0.012767
2022-11-09,0.14381552989029742,0.15771535964320402,0.13177795708179474,0.03539810598687665,0.04641100000000001
2022-11-10,0.13819268427663797,0.1471413255096301,0.12315750122070312,0.013163370972573307,-0.06802099999999997
2022-11-11,0.1318351316160233,0.1423316775635926,0.12157586216926575,0.004645214071625464,-0.009099999999999997
2022-11-14,0.13361909615237297,0.15291753493755447,0.13106150925159454,0.026738055286752604,0.027303999999999995
2022-11-15,0.13200266724104637,0.14846127320387822,0.127027690410614,0.014325581457311332,-0.011232999999999993
2022-11-16,0.13275604741333435,0.14451910958507427,0.11940788477659225,0.012377753051153101,-0.006434999999999996
2022-11-17,0.1366749555375756,0.14215274658487695,0.11848178505897522,0.009635617407551617,0.044494000000000006
2022-11-18,0.13574471984102035,0.13556821726081844,0.11934085935354233,0.00450260872879521,0.0069110000000000005
2022-11-21,0.13482363739488495,0.13565978083609614,0.12224795669317245,-0.0008770877615286998,0.017176999999999998
2022-11-22,0.13865131612319778,0.13118851690908073,0.11650141328573227,-0.009885375784909028,0.011989
2022-11-23,0.1393931586008162,0.12801772814452628,0.11311569064855576,-0.005706819377351929,0.010516999999999999
2022-11-25,0.1398336088340732,0.1277797729986076,0.11242768913507462,-0.004446292063778806,-0.0024829999999999852
2022-11-28,0.14212088112706336,0.13186514187768011,0.11545264720916748,0.007459527043240044,0.032166
2022-11-29,0.14118586882651007,0.130158175351053,0.1149149164557457,0.015641800042974136,-0.026430999999999982
2022-11-30,0.13410777627294065,0.13069620500072598,0.11243749409914017,-0.004755810603741001,-0.04025300000000001
2022-12-01,0.14078651488647637,0.13134014786025835,0.11156336963176727,0.0024951310267804783,-0.012033000000000016
2022-12-02,0.13983733398639522,0.12992851946923148,0.10992395132780075,0.00013766021834940578,-0.008789999999999992
2022-12-05,0.14050058983243585,0.13145199356408382,0.11284051090478897,0.015532336380636974,0.021626000000000006
2022-12-06,0.1435981674003408,0.13521660710600814,0.11453856527805328,0.025253891068220846,0.025572999999999985
2022-12-07,0.14736616399999514,0.1357748249612354,0.11578026413917542,0.0298143288258427,0.02920600000000001
2022-12-08,0.14879188462221327,0.13263046442547857,0.11472497135400772,0.025405210471196538,0.025409000000000015
2022-12-09,0.15314610036641224,0.1321358922956562,0.11861632019281387,0.03123147110970259,0.028793000000000013
2022-12-12,0.15435087593267385,0.13287072898515823,0.11907755583524704,0.03640831672336203,0.018102000000000007
2022-12-13,0.15369387437356055,0.12887012647178794,0.11657074838876724,0.04415086938397672,-0.029487000000000013
2022-12-14,0.1516959720342729,0.12840301250194605,0.11571867018938065,0.03391390484762699,0.026007000000000002
2022-12-15,0.15044882534825768,0.13612554115617728,0.1166314035654068,0.03951233375895363,0.011870999999999993
2022-12-16,0.1518908981865578,0.13653919748771123,0.11873959004878998,0.04323295358666565,-0.06884100000000001
2022-12-19,0.14959804733311946,0.13699728389100405,0.11790550500154495,0.0366280454624244,0.02257500000000001
2022-12-20,0.15024272797848653,0.13282637647593348,0.11579892784357071,0.03245628115897964,0.024251999999999996
2022-12-21,0.2011506494052249,0.13033644605978456,0.11464881151914597,0.01960336360511508,0.032691
2022-12-22,0.20069969644923405,0.133560185040572,0.11817450076341629,0.03360568487680221,-0.064614
2022-12-23,0.2004423866261139,0.13159254084646888,0.11594849079847336,0.023661842399183786,0.020552000000000015
2022-12-27,0.2004647876984142,0.14067615726000143,0.1151520386338234,0.03152139216592681,0.02380099999999999
2022-12-28,0.19975815989619355,0.14283324119207172,0.11481299251317978,0.03507611987293663,0.018766000000000005
2022-12-29,0.20149900962564116,0.1390851623800732,0.11196387559175491,0.031031132173489934,0.034038999999999986
2022-12-30,0.2032540319957914,0.1409565379672108,0.11829979717731476,0.04305222472705933,0.0007589999999999819
2023-01-03,0.20127386067127376,0.1414720394342839,0.11889396607875824,0.05117948611352363,-0.03611799999999998
2023-01-04,0.2039234614309126,0.142317215925374,0.11258183419704437,0.04375366701360478,-0.07470000000000002
2023-01-05,0.2035471076038569,0.14245726607762613,0.11517428606748581,0.05236941116756416,0.026840000000000003
2023-01-06,0.20136039898542857,0.14213935714103307,0.11174695193767548,0.037161833599659216,0.047618999999999995
2023-01-09,0.1981446155533837,0.1589788548039151,0.1165679395198822,0.0494148370000049,0.055948
2023-01-10,0.1975482547462895,0.15264934961196586,0.11335574835538864,0.04393911637778675,-0.010315000000000019
2023-01-11,0.19719150815762115,0.1504211674494125,0.11503715068101883,0.040557900633587746,0.02285699999999999
2023-01-12,0.1966804549632404,0.1384854400089434,0.11224149167537689,0.02487112506732614,-0.132438
2023-01-13,0.20145834262209747,0.13946494574276605,0.11389002203941345,0.019024126626439458,0.037103
2023-01-17,0.20063228026323557,0.14011835366398248,0.11366895586252213,0.031107028965727118,0.008293000000000023
2023-01-18,0.1980871661903924,0.14376260997965243,0.11628924310207367,0.04998617565174232,0.035158999999999996
2023-01-19,0.19622370465780412,0.1478146113851055,0.11662005633115768,0.05847410281344223,0.021989999999999982
2023-01-20,0.19559676308734858,0.14318178460632605,0.11497295647859573,0.043327953666880525,0.030122999999999983
2023-01-23,0.19599240730392192,0.14245494204104447,0.1150493323802948,0.04267727302151347,0.02793699999999999
2023-01-24,0.1425530013386894,0.1583094942399222,0.12809841334819794,-0.010728648405224861,-0.019378000000000006
2023-01-25,0.1399875997741481,0.15851062829533055,0.12678566575050354,-0.01628869544923406,0.027958999999999984
2023-01-26,0.1396605904396114,0.15814698917152006,0.12478198111057281,-0.014535385626113895,0.028153999999999985
2023-01-27,0.13992025820475423,0.15509378995490852,0.12528744339942932,-0.0178837866984142,0.028055999999999998
2023-01-30,0.14076571231758858,0.16092881817572435,0.12677723169326782,-0.0014101588961935585,0.019073000000000007
2023-01-31,0.13950783675615644,0.14785544885095556,0.12480217963457108,-0.013504008625641162,0.007457999999999992
2023-02-01,0.13562115668307229,0.1443809093561187,0.12446960806846619,-0.017929030995791406,-0.13324499999999995
2023-02-02,0.13192082155619086,0.14953262914959908,0.12512153387069702,0.0010921403287262321,0.005023
2023-02-03,0.1272659490585535,0.14790323181772813,0.12543222308158875,-0.004681460430912582,-0.11512999999999998
2023-02-06,0.12783644176994097,0.1526985739345985,0.12506522238254547,0.006717893396143065,0.006315000000000015
2023-02-07,0.12996559813743044,0.15400234373239452,0.12067975848913193,0.012966602014571449,0.011723000000000011
2023-02-08,0.13668078166384767,0.15355307196909362,0.12116646021604538,0.016287385446616287,0.008400999999999992
2023-02-09,0.14892868827597927,0.1562605572462976,0.11818920820951462,0.023323746253710476,-0.004750000000000004
2023-02-10,0.14987832605454282,0.1612699536231255,0.12740500271320343,0.025835492842378877,-0.03842899999999999
2023-02-13,0.1503295449775795,0.1629232608384616,0.12269701808691025,0.027759546036759564,-0.0012680000000000191
2023-02-14,0.1440164988229969,0.15353773838292653,0.1210702508687973,-0.019191341622097458,-0.024855000000000016
2023-02-15,0.1441178169935988,0.1433956045666549,0.11840536445379257,-0.03793327926323556,0.007171000000000011
2023-02-16,0.14103679189830592,0.13920839437810154,0.1177690252661705,-0.04577716519039243,-0.241888
2023-02-17,0.1426412908072191,0.1434390022930153,0.1145341768860817,-0.045151703657804104,0.034029000000000004
2023-02-21,0.1447803538509511,0.15317876386634252,0.12049487978219986,-0.03091876208734859,0.03415099999999999
2023-02-22,0.14519527431188856,0.14173938177265064,0.11219999194145203,-0.04026440630392192,0.040015999999999996
2023-02-23,0.1481298912236617,0.14566493694438518,0.11565295606851578,0.011125999661310615,0.032242999999999994
2023-02-24,0.14800722733206098,0.14082290573686623,0.1180860698223114,0.012445401225851915,-0.199319
2023-02-27,0.14798635020264156,0.1447101227678702,0.11658152937889099,0.007577410560388603,0.06273200000000001
2023-02-28,0.14694943721206008,0.14896708555386218,0.11862797290086746,0.023313742795245757,0.015542999999999974
2023-03-01,0.14436178366438876,0.14621867857797988,0.11431540548801422,0.021321288682411427,0.0033949999999999814
2023-03-02,0.14299108859703968,0.13827968356709464,0.1156611293554306,0.008262164243843545,-0.032291000000000014
2023-03-03,0.14402438081852223,0.13374663500228143,0.11495676636695862,0.00917384431692772,-0.17693300000000003
2023-03-06,0.14385915519047432,0.1372047473450569,0.11891244351863861,0.009646179443809133,0.045870999999999995
2023-03-07,0.1421294416914061,0.14256110681474438,0.1177845224738121,0.02654305194144649,0.04269400000000001
2023-03-08,0.14235595655261557,0.14109757479738297,0.11943456530570984,0.026223559230059035,0.029070000000000012
2023-03-09,0.14048890250296,0.15734549981084464,0.1248486340045929,0.044286402862569574,-0.018429
2023-03-10,0.1340034841477915,0.15928675839459705,0.12773823738098145,0.04679121933615232,0.027117000000000002
2023-03-13,0.12117912435987518,0.16688235101618432,0.13333666324615479,0.04938331272402072,-0.10070799999999996
2023-03-14,0.11475580863329864,0.1667684535404076,0.12836359441280365,0.03738167494545719,0.03603099999999998
2023-03-15,0.11008229648096864,0.1729639208305263,0.12868748605251312,0.04761245602242051,-0.06087300000000001
2023-03-16,0.10820188283481322,0.15980771940938476,0.12691311538219452,0.032114502177003124,0.03886600000000001
2023-03-17,0.10588278636343704,0.1628476152296181,0.13104042410850525,0.046640184006401214,-0.054006000000000026
2023-03-20,0.10508231894758137,0.150154629301037,0.11894278228282928,0.026066209101694077,-0.034799
2023-03-21,0.10105730485946958,0.14902120957510995,0.11733976751565933,0.02459071019278089,-0.037793999999999994
2023-03-22,0.09762659775856473,0.15363785838473556,0.11716816574335098,0.03942564714904892,-0.054351999999999984
2023-03-23,0.10398840550971636,0.15155843943450995,0.11649839580059052,0.04100372668811145,-0.06068299999999999
2023-03-24,0.09826418910800716,0.14797653518051432,0.11587152630090714,0.01975410977633829,-0.07789600000000002
2023-03-27,0.0973385457168089,0.14903600559603028,0.11311650276184082,0.021783773667939016,0.039632
2023-03-28,0.09859900479974026,0.152628111981228,0.11212871968746185,0.020746650797358435,0.016756999999999994
2023-03-29,0.09945696918300839,0.13468707719390466,0.10765118896961212,0.009820563787939912,0.039948999999999985
2023-03-30,0.10075896857043558,0.13262845706683873,0.10627271980047226,0.015870217335611253,-0.09046000000000004
2023-03-31,0.1050165865473332,0.13154626076714732,0.10457926988601685,0.01020791240296029,0.046625
2023-04-03,0.10362540900965482,0.13258942375430965,0.10487408190965652,0.011526620181477765,0.028378000000000014
2023-04-04,0.10176372535098603,0.13310100196803487,0.10675153136253357,0.012004845809525683,0.038128999999999996
2023-04-05,0.10174126299014788,0.13259885047097839,0.10510356724262238,0.012191559308593919,0.037801
2023-04-06,0.09982577183739036,0.13271055743368626,0.10403630882501602,0.009956044447384432,0.03683700000000001
2023-04-10,0.09785965708198965,0.14346319885387118,0.10613008588552475,0.021732098497039998,-0.006220000000000003
2023-04-11,0.1001497551932796,0.1265528170821493,0.1029636487364769,0.02867451685220848,0.036768999999999996
2023-04-12,0.10228084390089148,0.13017522450322147,0.10111244767904282,0.04026287664012482,-0.014546000000000003
2023-04-13,0.10108302593593653,0.1164013989754426,0.09974128752946854,0.03596719236670133,0.035942
2023-04-14,0.10170473576643178,0.11868818771560258,0.09863879531621933,0.04180670451903139,0.014033999999999991
2023-04-17,0.10207544532829672,0.11859871547578764,0.09984131902456284,0.0356721181651868,0.03829199999999999
2023-04-18,0.10400467173448932,0.11508907608215604,0.09662865102291107,0.036448214636563,-0.05286999999999997
2023-04-19,0.10421655094710107,0.11192571465525078,0.09584536403417587,0.03249268205241862,-0.12830000000000003
2023-04-20,0.10412608209949782,0.11476015876353368,0.0974789708852768,0.03942769614053043,-0.007045999999999997
2023-04-21,0.10828167117910632,0.11305297801762344,0.09481077641248703,0.04200740324143529,-0.011658000000000002
2023-04-24,0.10057561777223836,0.11210975250131772,0.09306565672159195,0.01703259549028363,0.08044099999999998
2023-04-25,0.1015064574503021,0.11556864321188717,0.0962817519903183,0.04043481189199284,0.038998000000000005
2023-04-26,0.10313738638100305,0.11482779543245464,0.09656322747468948,0.04148745528319109,0.047092999999999996
2023-04-27,0.10226201092022771,0.11070145696407103,0.09257585555315018,0.02892799620025975,-0.009342000000000017
2023-04-28,0.10366576156391141,0.10782947888348379,0.09096551686525345,0.019161031816991622,-0.07955399999999999
2023-05-01,0.10729999363790019,0.11283579747986508,0.09333422034978867,0.026881032429564425,-0.014947999999999989
2023-05-02,0.1032907933046922,0.11587217135621089,0.09617288410663605,0.030317414452666794,0.028305999999999998
2023-05-03,0.10864328786204556,0.12080207593742476,0.09098830819129944,0.032558591990345165,-0.021808999999999995
2023-05-04,0.11282115307015816,0.1231482857174012,0.0969223752617836,0.038500275649013954,0.039110000000000006
2023-05-05,0.11452836848952778,0.11953832661713513,0.09413530677556992,0.02439473800985212,0.033372
2023-05-08,0.11514333622200208,0.12070779701596351,0.09311788529157639,0.02733122916260962,0.03253
2023-05-09,0.11500793296856453,0.12090747761719024,0.09417088329792023,0.035915343918010365,0.030625999999999987
2023-05-10,0.11395808273715989,0.11561661605863754,0.08881336450576782,0.025937245806720424,-0.01117499999999999
2023-05-11,0.11084212285101379,0.11629202849498634,0.08869088441133499,0.024454157099108503,0.014160000000000006
2023-05-12,0.11218207502268567,0.11480189537849922,0.0885968804359436,0.0186059750640635,-0.026978000000000002
2023-05-15,0.11224161833676778,0.11287969688200576,0.08797898143529892,0.015304265233568218,0.0043159999999999865
2023-05-16,0.11544698653751512,0.11878691097927442,0.09126467257738113,0.0256975556717033,0.06106299999999998
2023-05-17,0.11586077628260676,0.11411127613647377,0.08540893346071243,0.021459329265510654,0.009164999999999979
2023-05-18,0.11758097972468816,0.11465976500645182,0.08860553801059723,0.024291450052898927,0.033398
2023-05-19,0.11983218330715115,0.11253741651242614,0.08688999712467194,0.019986918900502165,-0.03807100000000002
2023-05-22,0.11649388632661076,0.11857159236435871,0.09251866489648819,0.02414532982089368,-0.011802000000000007
2023-05-23,0.1162156678489281,0.1362508470252581,0.10079802572727203,0.04007438322776162,0.03500599999999998
2023-05-24,0.11965820193516997,0.1361443167871489,0.10211720317602158,0.04976054354969793,-0.023112999999999995
2023-05-25,0.11824007208165734,0.13604437555626367,0.09913185983896255,0.04876161461899693,0.030312000000000006
2023-05-26,0.11860780144219123,0.13431440382199922,0.09807788580656052,0.04294499007977229,-0.018692999999999987
2023-05-30,0.11809658453417883,0.13486093329364293,0.09804531931877136,0.04104623943608858,-0.034411
2023-05-31,0.11380353294109019,0.13540439543721672,0.09752605110406876,0.04513500736209977,-0.015417999999999987
2023-06-01,0.11447916349270612,0.1300594354165828,0.09706519544124603,0.03622020769530779,-0.10072500000000004
2023-06-02,0.1110451316831,0.11825846175390142,0.09394685178995132,0.02239971313795444,-0.038320999999999994
2023-06-05,0.10746439285906625,0.11598382217733115,0.09139889478683472,0.017717847929841837,-0.14507199999999998
2023-06-06,0.10687315731695815,0.1155189119180733,0.09081157296895981,0.014169632510472235,0.002579999999999999
2023-06-07,0.1102525515525318,0.11317408198299896,0.08693915605545044,0.008703664777997916,-0.029329999999999995
2023-06-08,0.11319396426175928,0.11286648485729568,0.08555927127599716,0.006383068031435485,-0.01716100000000001
2023-06-09,0.1142932763386768,0.11043941607950009,0.08861012756824493,0.012177918262840107,-0.260019
2023-06-12,0.11360399037437549,0.11332304104704216,0.09086281806230545,0.013297878148986225,-0.062642
2023-06-13,0.11432728596054322,0.11350347822396645,0.08921000361442566,0.010695925977314336,0.058921
2023-06-14,0.11540960739693937,0.11077343635169307,0.08430323749780655,0.006302382663232214,-0.05239300000000002
2023-06-15,0.11514857953551448,0.11275862397433634,0.0858762189745903,0.003978014462484872,0.013851000000000002
2023-06-16,0.11641637736791423,0.11040795259437018,0.08669880777597427,-0.002243775282606761,-0.04015099999999999
2023-06-20,0.11451320338339545,0.11336150898507864,0.08992470800876617,0.006114021275311854,-0.037404999999999994
2023-06-21,0.1120515323138114,0.1124817798308249,0.08587981015443802,-0.001670182307151144,-0.01072200000000001
2023-06-22,0.11134101982757859,0.11022363426991788,0.08723478019237518,-0.006094885326610747,-0.052659999999999985
2023-06-23,0.11072619340590492,0.11480147485115146,0.09058280289173126,0.006968333151071898,-0.00048599999999998644
2023-06-26,0.1190223047069363,0.12677651116701869,0.09395749121904373,0.008923799064829999,-0.028406999999999988
2023-06-27,0.12127788141786043,0.12653845857453763,0.09563178569078445,0.015371928918342659,-0.056531
2023-06-28,0.1210588941525961,0.12796878075176382,0.0971471518278122,0.015932199557808766,-0.03924899999999998
2023-06-29,0.12091319946796891,0.1302932298100982,0.09825555235147476,0.02249241646582116,-0.03154299999999999
2023-06-30,0.12260000655620513,0.1273874876457259,0.09719953685998917,0.02249346805890981,-0.155068
2023-07-03,0.1267380395330833,0.12810251999377298,0.09674090892076492,0.014742837507293868,0.025554000000000007
2023-07-05,0.12577952013291382,0.13030568516278906,0.09797075390815735,0.024702869316900022,0.0042179999999999995
2023-07-06,0.12973832410376415,0.13469735195995333,0.09987988322973251,0.03518260814093377,0.039507000000000014
2023-07-07,0.12887485756034303,0.13436365842998327,0.10157851874828339,0.04129884368304186,-0.07991600000000001
2023-07-10,0.12737723058357084,0.1358040333534476,0.10179171711206436,0.0370334494474682,0.022346000000000005
2023-07-11,0.12866660884365774,0.13760977776497071,0.10195190459489822,0.035172036738240736,0.03548700000000002
2023-07-12,0.1308961960375418,0.13044518959938703,0.10371977090835571,0.038125724661323204,0.027250999999999997
2023-07-13,0.13077373895265873,0.12594255580713032,0.10092143714427948,0.03390101062562449,-0.045849
2023-07-14,0.1302773765044572,0.1250640714989484,0.10168993473052979,0.02994771503945677,0.027997999999999995
2023-07-17,0.1294927767536577,0.1276757843537869,0.10123539716005325,0.034044393603060635,0.00917900000000002
2023-07-18,0.12689353438633785,0.12544285302801683,0.10189297050237656,0.03289042146448555,0.012621000000000021
2023-07-19,0.12487735870368363,0.12274392578494209,0.10227769613265991,0.022558623632085786,0.006159999999999999
2023-07-20,0.12636661148455552,0.12069405573925886,0.10161207616329193,0.021195797616604534,-0.021474999999999994
2023-07-21,0.12666667978730736,0.12034729462575049,0.10362488031387329,0.018909468686188605,0.031281999999999976
2023-07-24,0.12760594492110583,0.1200208937613833,0.10130734741687775,0.0235549811724214,-0.03131299999999998
2023-07-25,0.1273590167344924,0.12212084761309198,0.10208665579557419,0.02611080759409508,0.034631999999999996
2023-07-26,0.11828937687182073,0.10587443613993702,0.09238903224468231,-0.00668430370693629,-0.056373000000000006
2023-07-27,0.11728984736536302,0.11250449113707116,0.09304563701152802,-0.007580880417860411,-0.01646700000000001
2023-07-28,0.1162476386295338,0.10862806057397356,0.09032751619815826,-0.015901893152596103,-0.006945000000000007
2023-07-31,0.11578117859248425,0.10982957048535877,0.092056505382061,-0.006901198467968911,-0.03930799999999998
2023-08-01,0.11385615739711792,0.1132342341059475,0.09250858426094055,-0.005475005556205115,-0.183742
2023-08-02,0.1094138771182618,0.12560052010240724,0.09632355719804764,0.0023289614669166625,0.014183999999999974
2023-08-03,0.11216706140229968,0.12325530634468514,0.09773076325654984,0.002984480867086192,-0.11433100000000002
2023-08-04,0.10793193943129006,0.12547351083424535,0.09813559055328369,0.004516676896235833,-0.012638999999999984
2023-08-07,0.1074660118018399,0.12492379745452727,0.09693344682455063,-0.00013285656034300874,-0.04461900000000002
2023-08-08,0.10746284283020417,0.12579372205882264,0.09816920012235641,0.009284770416429167,-0.05258099999999999
2023-08-09,0.10304078896568206,0.12517802935313901,0.09855684638023376,0.008445392156342268,0.026812000000000002
2023-08-10,0.10072573815221061,0.1263893828892528,0.09844464063644409,0.006005804962458172,-0.002146000000000009
2023-08-11,0.10182821593743896,0.12250447654025998,0.09723073244094849,-0.00564673795265877,-0.031346999999999986
2023-08-14,0.09976842534146237,0.12412491453006638,0.09799741208553314,0.001125624495542793,-0.019190000000000013
2023-08-15,0.09885498464219111,0.12640339861641073,0.09912607818841934,0.010739224246342272,-0.012517999999999974
2023-08-16,0.10282976272080949,0.12708971153465387,0.10213110595941544,0.014785466613662174,-0.030612
2023-08-17,0.10407155726783048,0.12785911397882319,0.10295423865318298,0.014388642296316381,-0.02817799999999998
2023-08-18,0.10292447861820604,0.12637730570395644,0.10165512561798096,0.006390389515444489,-0.026981999999999978
2023-08-21,0.10574174020848084,0.12722559794251556,0.1006743535399437,0.010239321212692665,-0.00033600000000000296
2023-08-22,0.107353907952866,0.1277679753086761,0.10119270533323288,0.011606056078894172,-0.049777000000000016
2023-08-23,0.10820636327434377,0.1233855361257168,0.09660722315311432,-0.0003050157344924309,-0.044176999999999994
2023-08-24,0.1072943342267459,0.12932159644319147,0.10116714239120483,0.019035624128179288,0.008095999999999992
2023-08-25,0.10674855341832488,0.12206256142458519,0.09564020484685898,0.008115153634636982,-0.041883000000000004
2023-08-28,0.11063913749135623,0.1250020658625358,0.09812416881322861,0.010935362370466217,0.021195999999999993
2023-08-29,0.11109077293460667,0.11129591887973782,0.09004930406808853,0.003376822407515745,-0.04355800000000001
2023-08-30,0.11329932378337328,0.11778040446356225,0.09599569439888,0.009116843602882091,-0.07883099999999998
2023-08-31,0.11750457908678427,0.10914105919437553,0.09302333742380142,0.010387123881738222,-0.030883999999999995
2023-09-01,0.11579235619524947,0.11180465197082537,0.09462945908308029,0.008335939597700306,-0.037305000000000005
2023-09-05,0.11634201050570629,0.12588724463193837,0.10304205119609833,0.02097006156870991,-0.0009409999999999974
2023-09-06,0.14028105228094276,0.12607970407498117,0.10398062318563461,0.025991989198160106,-0.01960400000000001
2023-09-07,0.15327825142916085,0.12540031018216974,0.10355083644390106,0.02796615816979582,-0.04139499999999999
2023-09-08,0.15982669642948227,0.12272985323232831,0.10309018939733505,0.030055212034317963,-0.025010000000000004
2023-09-11,0.16136761296838492,0.11553985480304915,0.09816732257604599,0.020808262847789374,0.022202
2023-09-12,0.16861296699011255,0.13583208489563744,0.10363029688596725,0.03544978506256104,-0.07539799999999999
2023-09-13,0.17585088384109468,0.13059662990232454,0.09990157186985016,0.02828457565853762,-0.061846999999999985
2023-09-14,0.1787975833526744,0.12713401251022077,0.09936194121837616,0.025158016357808885,-0.05499100000000001
2023-09-15,0.17806549543972644,0.1327914256516879,0.09982319921255112,0.030389238279190503,-0.003942999999999974
2023-09-18,0.1778907420896597,0.12645049773271205,0.09969528019428253,0.019009443732169506,-0.07957199999999998
2023-09-19,0.17893383305975058,0.1318316050659752,0.10230506211519241,0.029848522381793974,-0.01567099999999999
2023-09-20,0.18068526369963184,0.13208411063087533,0.10132449865341187,0.028707260791519154,-0.048016
2023-09-21,0.18022406313197317,0.146990697074398,0.1051597073674202,0.04541409304713398,-0.11227400000000004
2023-09-22,0.18297728742112657,0.13952516022780573,0.1038438156247139,0.034907637725656235,-0.13636099999999998
2023-09-25,0.18479250249387005,0.14998770009618517,0.10506318509578705,0.04786166677325408,0.03397900000000001
2023-09-26,0.18543770405914284,0.16141245066396015,0.10785844177007675,0.0687534475816751,-0.12389399999999998
2023-09-27,0.185414655861146,0.16434725988480217,0.1098756268620491,0.06576786350864379,0.01901
2023-09-28,0.1893058920670378,0.15754661991880534,0.11089567095041275,0.05631022806539332,0.024256
2023-09-29,0.1889079164489903,0.15592944534128503,0.10768620669841766,0.052658677216626704,-0.019135000000000013
2023-10-02,0.18673122703339742,0.15953319761465623,0.11130622774362564,0.060140421913215725,-0.18432900000000002
2023-10-03,0.18627884441227263,0.16492751964909186,0.11423613131046295,0.07444364480475052,0.01075899999999999
2023-10-04,0.18645893159614962,0.16029017472384677,0.11272864043712616,0.07205599049429372,-0.033665
2023-10-05,0.1708802089117087,0.16314456174115158,0.11537472158670425,0.10769794871905725,-0.00542999999999999
2023-10-06,0.15840744177719185,0.17304301275590137,0.12106689810752869,0.06796274957083914,-0.008789000000000019
2023-10-09,0.153264772849611,0.17272666141681994,0.12415200471878052,0.06867530457051774,0.02740300000000001
2023-10-10,0.15084216982304077,0.15714414712370156,0.12306683510541916,0.034825388031615084,-0.032152000000000014
2023-10-11,0.14410304270965343,0.15688294061839164,0.13093361258506775,0.02697403400988746,0.016597
2023-10-12,0.1395095428555173,0.16015356754694374,0.13576172292232513,0.035578117158905326,-0.021743999999999986
2023-10-13,0.13608423295593067,0.16151942509432574,0.13834571838378906,0.03918641764732561,0.0020399999999999863
2023-10-16,0.13429455153253925,0.15187536570443205,0.13813981413841248,0.02280150556027355,-0.07353799999999996
2023-10-17,0.133912537373963,0.15185121682375907,0.13590137660503387,0.012966258910340311,0.021813
2023-10-18,0.13459097500179446,0.15281041150332425,0.13484208285808563,0.02030716794024945,0.015864000000000017
2023-10-19,0.13142593687600632,0.15055263648145767,0.13654126226902008,0.020583737300368166,-0.03837099999999999
2023-10-20,0.1308867799781862,0.1518511810838375,0.1357908397912979,0.021823937868026805,0.02066499999999999
2023-10-23,0.12761809694306198,0.15230312823403003,0.1359606832265854,0.02484571357887344,0.010339000000000015
2023-10-24,0.12281306993800854,0.1467502360226106,0.1302850991487503,-0.004991501493870065,-0.027489999999999987
2023-10-25,0.12136301366053336,0.14680254548398758,0.12883734703063965,-0.01658070305914283,0.019736000000000004
2023-10-26,0.11826035058829791,0.14276359393141375,0.12659905850887299,-0.013351654861146006,-0.028385999999999995
2023-10-27,0.11133227006710798,0.14824602677445112,0.13188807666301727,-0.013474891067037809,0.007690000000000002
2023-10-30,0.11029967518911982,0.14312297062656082,0.12937487661838531,-0.024837915448990305,0.009898999999999991
2023-10-31,0.11202931086084164,0.1403317455060061,0.12432415783405304,-0.029520226033397406,0.028065000000000007
2023-11-01,0.11035918404821413,0.13578868218476214,0.12221318483352661,-0.0372388434122726,-0.02652099999999999
2023-11-02,0.1093770160002662,0.13194025620334437,0.11760267615318298,-0.053651930596149616,-0.026503
2023-11-03,0.10682810856182308,0.13161366036180602,0.11380209773778915,-0.03485220791170868,0.016075000000000006
2023-11-06,0.10685105516863655,0.1317273974805286,0.10527004301548004,-0.022243440777191842,0.025307999999999997
2023-11-07,0.10543877720092942,0.13063157973409226,0.10736560821533203,-0.023894771849610974,-0.09010699999999996
2023-11-08,0.10432658446285836,0.13398200728810783,0.11255603283643723,-0.014190168823040777,-0.018860000000000016
2023-11-09,0.10257360055089812,0.13935883522997786,0.11725611984729767,0.0025649582903465584,-0.03860999999999998
2023-11-10,0.09766915011079419,0.13666621735002107,0.11589954048395157,9.445814448272305e-05,0.012338999999999989
2023-11-13,0.0994842548621067,0.13395410501632934,0.11513610184192657,-0.0010152319559306733,-0.014457999999999999
2023-11-14,0.10567502751994269,0.11927988172520672,0.1088002473115921,-0.005997550532539253,-0.02623599999999998
2023-11-15,0.1173418163795512,0.13103599846517294,0.11156731098890305,-0.003706536373962982,-0.066198
2023-11-16,0.11861358406288816,0.13553337455861952,0.10998670011758804,-0.005142974001794448,-0.025843999999999978
2023-11-17,0.11761547434538067,0.13006759955614028,0.1088624894618988,-0.0011239358760063156,-0.020556999999999992
2023-11-20,0.11984725094617148,0.11663489138877438,0.10598701983690262,-0.007533778978186231,-0.029806
2023-11-21,0.12052471473293097,0.11474350653357449,0.1049349308013916,-0.009822095943061979,-0.02859199999999998
2023-11-22,0.12064590499414232,0.11252487459137082,0.10591558367013931,-0.00485506893800855,0.008960000000000024
2023-11-24,0.1210859069239658,0.11057224863362833,0.1048610582947731,-0.006398012660533373,-0.09823899999999997
2023-11-27,0.12080441581632306,0.11191394923670792,0.10578621923923492,0.0077066504117020845,-0.05116100000000001
2023-11-28,0.12018899653197722,0.11200766765364964,0.10445341467857361,0.012977730932892007,-0.0036479999999999846
2023-11-29,0.11918134130695565,0.1307858359450607,0.11103321611881256,0.02612832581088019,-0.01681200000000002
2023-11-30,0.1197754234871895,0.1123678452560121,0.10485115647315979,0.010536690139158353,-0.08300399999999997
2023-12-01,0.12044071061368763,0.11266414241681441,0.10365211218595505,0.008255816951785858,-0.019422000000000023
2023-12-04,0.1205686422139039,0.11480565071346159,0.10457244515419006,0.01522198499973379,-0.017229999999999995
2023-12-05,0.12440658821385629,0.1301397538317752,0.1068660169839859,0.021632892438176884,-0.07569599999999999
2023-12-06,0.12540175860070332,0.11380009185409927,0.1027229055762291,0.016907945831363458,0.017737000000000003
2023-12-07,0.12545725993412696,0.1132151329677354,0.10176342725753784,0.019388223799070556,0.016245999999999997
2023-12-08,0.12573217189229552,0.11210302091767596,0.10100650787353516,0.016388416537141653,-0.03065599999999999
2023-12-11,0.12472430301488366,0.13115770618421935,0.1065736711025238,0.029374400449101862,0.011331999999999995
2023-12-12,0.12490633277077552,0.11247865275479611,0.1024770438671112,0.02042185088920581,0.021604000000000012
2023-12-13,0.12361371467995481,0.1121922419740041,0.10172507911920547,0.022237746137893283,-0.09864800000000001
2023-12-14,0.1179056982875159,0.1309827354939446,0.10628705471754074,0.02369897348005731,-0.021704
2023-12-15,0.10595698897023027,0.13670048722570408,0.11256835609674454,0.03898018462044876,-0.02900400000000003
2023-12-18,0.10215257971856607,0.12922014222269365,0.1045365035533905,0.008262416937111841,0.011472999999999983
2023-12-19,0.10263456503674782,0.13403972612886297,0.10607357323169708,0.01068952665461935,0.019921999999999995
2023-12-20,0.09915210492773587,0.13850253670033152,0.11276429146528244,0.023851750053828488,0.01890900000000001
2023-12-21,0.09803323946535053,0.13980984941946295,0.1125166192650795,0.02201628626706903,0.039077
2023-12-22,0.0987040853890428,0.13685687693811324,0.11489475518465042,0.02047609600585766,0.04184600000000002
2023-12-26,0.09777158717479992,0.1373855031902087,0.11535344272851944,0.022407094076034237,0.03761300000000001
2023-12-27,0.09889167385216059,0.1332152692197086,0.1066543236374855,0.0121795851836769,-0.131008
2023-12-28,0.1006901321681223,0.13477670408525225,0.10976571589708328,0.015942004468022755,0.026797000000000015
2023-12-29,0.10837167660265776,0.13280193160454323,0.1049562469124794,0.009743659693044374,0.02539100000000001
2024-01-02,0.11207810681568749,0.12962603681025425,0.11178812384605408,0.018128577512810523,-0.161528
2024-01-03,0.1131874985745121,0.13186616577974053,0.11031892895698547,0.01859129038631238,-0.017853000000000008
2024-01-04,0.11218863461177007,0.1292235351451756,0.10891343653202057,0.020104358786096066,-0.114348
2024-01-05,0.10765876283143931,0.12808324020307446,0.10493583232164383,0.007853412786143724,-0.09092800000000001
2024-01-08,0.10475282618030685,0.13173380601629506,0.10485592484474182,0.016885242399296674,0.016842999999999997
2024-01-09,0.10513270615159917,0.12918600001786656,0.10484618693590164,0.005883741065873027,0.016416
2024-01-10,0.1060786541877775,0.11985071746719593,0.10398416221141815,0.01210082910770452,0.11063999999999999
2024-01-11,0.109761127487638,0.11558157379201775,0.0989711582660675,0.010318697985116365,-0.16440999999999997
2024-01-12,0.13196871277605027,0.11692068900033875,0.09590664505958557,0.0013936682292244734,0.017638
2024-01-16,0.1325470676665329,0.12310268355211795,0.10239826142787933,0.018295286320045193,0.023656999999999984
2024-01-17,0.13302990806235065,0.12993240134185968,0.10430039465427399,0.03062630271248408,0.020109000000000016
2024-01-18,0.1338024698486466,0.13203498377296752,0.10615701973438263,0.039149012029769725,0.020915000000000017
2024-01-19,0.13720017405220986,0.1309753335066298,0.10806704312562943,0.03932642128143393,0.023236000000000007
2024-01-22,0.1358689479580667,0.13337900334795713,0.10781341791152954,0.05017543596325219,0.015090999999999993
2024-01-23,0.13777567541772207,0.13310098336588772,0.11073024570941925,0.05018689607226412,0.016765000000000002
2024-01-24,0.1384962293856688,0.1362754702302803,0.11161781847476959,0.059099761534649464,0.015075000000000005
2024-01-25,0.1378837610722529,0.14111216763135517,0.10954617708921432,0.05720091561095719,0.020484000000000002
2024-01-26,0.1395282611600577,0.14129217413427209,0.10939747095108032,0.05468941382520008,0.015606000000000009
2024-01-29,0.1389940639456933,0.14486588456872249,0.11049418896436691,0.06029832714783939,0.010326000000000002
2024-01-30,0.1397560421509978,0.14715841699373894,0.10959116369485855,0.06242986883187769,0.01006700000000002
2024-01-31,0.13458461433991262,0.15009784512165908,0.10810554027557373,0.06302632439734225,0.0036289999999999933
2024-02-01,0.1289459021279441,0.1447428816482176,0.10923703759908676,0.05400189418431252,-0.07453200000000001
2024-02-02,0.12906377397616087,0.14872300784170164,0.11138451844453812,0.0583985024254879,-0.005259999999999987
2024-02-05,0.13048459545701455,0.14780939835394546,0.11199871450662613,0.06758236638822988,-0.04775500000000002
2024-02-06,0.13111782338691855,0.14521427932699846,0.11249122023582458,0.06564223816856068,0.004371000000000014
2024-02-07,0.1347574869553821,0.1488211060059343,0.11248621344566345,0.07472217481969315,-0.02616199999999999
2024-02-08,0.13497304983959113,0.14535971618462024,0.11154373735189438,0.07044329484840083,-0.018276999999999988
2024-02-09,0.13471982773215294,0.1455608707286929,0.11091332137584686,0.06772034681222251,-0.193066
2024-02-12,0.1313804174283532,0.14868228824620452,0.10962308198213577,0.075454873512362,-0.122502
2024-02-13,0.10812806925187159,0.15311358138235354,0.11013100296258926,0.05732328822394972,-0.09182099999999999
2024-02-14,0.11068861081196817,0.132537025995136,0.10683257132768631,0.022675933333467124,-0.174078
2024-02-15,0.11141834326848676,0.12765021827038694,0.10165628790855408,-0.00360990706235062,-0.13408799999999998
2024-02-16,0.10862945677175641,0.11807829270657996,0.09307073801755905,-0.015161468848646636,-0.30172199999999993
2024-02-20,0.10356375866997942,0.1228213084165795,0.09505109488964081,-0.01807517305220986,0.009875999999999996
2024-02-21,0.10582503280058739,0.12124683956803028,0.09992872923612595,-0.011583946958066721,0.03694899999999998
2024-02-22,0.1026183516092998,0.12749302156305836,0.10515423119068146,-0.002107674417722055,-0.169401
2024-02-23,0.1024502231067668,0.11856927418087873,0.09819541126489639,-0.015629228385668797,-0.019796000000000008
2024-02-26,0.1020872273856776,0.11649470153900213,0.09744084626436234,-0.013633760072252865,-0.083646
2024-02-27,0.10267825199921317,0.11656923055116439,0.09794114530086517,-0.014461260160057693,-0.10856100000000002
2024-02-28,0.10173192822170798,0.11663036906217161,0.0972936674952507,-0.0206250629456933,0.089637
2024-02-29,0.0999836967903974,0.1265102913978857,0.09921395778656006,-0.005555041150997836,-0.10622699999999999
2024-03-01,0.10080878576253412,0.11528647636876639,0.09907571971416473,-0.01073061333991264,-0.30899299999999996
2024-03-04,0.10128163845834394,0.12670186771127784,0.10393186658620834,0.006323098872055899,-0.246528
2024-03-05,0.10228922119247622,0.1260299001098998,0.10274524241685867,0.00884822702383914,-0.312389
2024-03-06,0.10368198164856143,0.12471046857954979,0.10230039805173874,0.007957405542985463,-0.27610199999999996
2024-03-07,0.1029885583428092,0.12676231368910565,0.102059505879879,0.0071391776130814155,-0.06780699999999998
2024-03-08,0.1004133406863382,0.1278611522920418,0.10191532224416733,0.002796514044617948,-0.017532999999999993
2024-03-11,0.10066027647941828,0.12393362992906126,0.10015761852264404,-0.000786048839591158,-0.20150600000000002
2024-03-12,0.10134292772402335,0.1298755377264672,0.10338738560676575,0.03214317326784705,-0.226159
2024-03-13,0.10401970248343329,0.12674074224919243,0.10332626849412918,0.011666583571646766,-0.008553000000000005
2024-03-14,0.10627825071103311,0.12790876279134578,0.10606515407562256,0.025618931748128404,0.00602999999999998
2024-03-15,0.10265587903136114,0.11841364650367454,0.10407059639692307,0.01744539018803186,0.019580000000000014
2024-03-18,0.10153602489644448,0.12746045077663073,0.10532167553901672,0.022315657731513255,-0.001475000000000004
2024-03-19,0.10195105942340987,0.12754684077739845,0.10612804442644119,0.025373544228243616,-0.029234999999999983
2024-03-20,0.10828884911352413,0.1180852222216916,0.09829023480415344,0.022376242330020585,-0.13494599999999995
2024-03-21,0.11035429304077315,0.12644019146259802,0.1049804836511612,0.025608968199412607,-0.043602
2024-03-22,0.11153800204453597,0.13196582045966956,0.10678966343402863,0.04480664939070021,-0.05610399999999999
2024-03-25,0.12375610731487809,0.12958374393754202,0.10478188097476959,0.0382007778932332,-0.031439999999999996
2024-03-26,0.13207458881433073,0.1276441185345716,0.10423816740512848,0.03398377361432238,0.00762400000000002
2024-03-27,0.13094040463783566,0.12766774720413615,0.10643705725669861,0.03270274900078682,-0.021403000000000005
2024-03-28,0.13206881137561946,0.11959746160998905,0.10318481922149658,0.025532072778292003,-0.06065900000000002
2024-04-01,0.14056679651424125,0.12670439487074278,0.1083780825138092,0.03316630420960258,-0.18414999999999998
2024-04-02,0.14872454238417107,0.1331150202345527,0.10916279256343842,0.03826721523746589,0.017536999999999997
2024-04-03,0.14912434677541062,0.13490243781369535,0.10833611339330673,0.04994436254165606,-0.251138
2024-04-04,0.1487798671307985,0.14013592801896937,0.10924102365970612,0.05407677980752379,-0.08744500000000002
2024-04-05,0.1468853526235905,0.14301035384327923,0.10917264968156815,0.05311301935143854,0.0034200000000000064
2024-04-08,0.14764706885764903,0.14728506094540134,0.11037103086709976,0.0613264426571908,0.010325
2024-04-09,0.1469998509926476,0.14190923792307708,0.10796158015727997,0.04589166031366178,0.02080599999999999
2024-04-10,0.14565098425404494,0.14713047481978986,0.11250434070825577,0.06231172452058173,-0.09652000000000002
2024-04-11,0.14489482772456985,0.13754814426154804,0.11109031736850739,0.04681307327597664,0.005941000000000002
2024-04-12,0.14283344474269435,0.1418356888519993,0.1161227822303772,0.05932629851656672,-7.60000000000205e-05
2024-04-15,0.14417988799474385,0.14453350682970598,0.11396077275276184,0.06735075028896689,0.014527000000000012
2024-04-16,0.14388408250373122,0.14228330335849415,0.11429447680711746,0.07099612196863886,0.011224000000000012
2024-04-17,0.14506027757498896,0.14096181703345773,0.11410829424858093,0.07052797610355553,0.00870600000000002
2024-04-18,0.14488629191642027,0.13721328298518656,0.1109008640050888,0.05259094157659014,-0.05325099999999999
2024-04-19,0.14027273289783476,0.1405599391768324,0.11314696818590164,0.05734515188647586,-0.087616
2024-04-22,0.1376168404670926,0.13490028819097327,0.11075136065483093,0.03974070795922688,0.02277600000000002
2024-04-23,0.13624773099582305,0.13088241709521586,0.10692811012268066,0.035409998955464025,-0.024728
2024-04-24,0.12646223690457867,0.13591216399057549,0.1072850301861763,0.02830989368512192,0.02083199999999999
2024-04-25,0.11808595379609133,0.13563801685509022,0.11106613278388977,0.026680412185669272,-0.012509999999999993
2024-04-26,0.1195581468068809,0.13207942043345974,0.10925072431564331,0.01710459636216438,0.014752000000000015
2024-04-29,0.12191643866568289,0.13276427549123915,0.10781769454479218,0.0298871896243805,-0.10273300000000002
2024-04-30,0.11170640642659778,0.1244085893236657,0.10109429061412811,-0.01032579551424126,0.01476000000000001
2024-05-01,0.10630888206942378,0.12959007819840923,0.10200095921754837,-0.021066541384171078,-0.05860700000000002
2024-05-02,0.10584544540152875,0.1303615346497437,0.10526642948389053,-0.01599734577541062,-0.06640199999999996
2024-05-03,0.10701166458081693,0.1288435867577528,0.1024891659617424,-0.019543866130798504,0.002689000000000011
2024-05-06,0.1088563711700833,0.12379313019393495,0.10269249975681305,-0.02742235162359051,0.068107
2024-05-07,0.108209951464101,0.1198066673108219,0.10035135596990585,-0.042237067857649024,0.027067000000000008
2024-05-08,0.10751146939282753,0.1187625958909789,0.09933187812566757,-0.02759184999264759,-0.03218500000000002
2024-05-09,0.10844616543847856,0.11358939344891342,0.09818129986524582,-0.02932798325404494,-0.0016059999999999963
2024-05-10,0.10907594561498336,0.12685123099229886,0.10460247099399567,-0.013826826724569863,-0.014879000000000003
2024-05-13,0.1118048147709504,0.11258167593089614,0.09640052169561386,-0.030879443742694357,-0.010727999999999988
2024-05-14,0.10902938260068237,0.11272486515153862,0.09445758163928986,-0.03154088699474385,0.015007999999999994
2024-05-15,0.11037855627863268,0.1324423982963037,0.10064536333084106,-0.007852081503731234,0.0013009999999999966
2024-05-16,0.11072715706466928,0.11300806567196052,0.0942109227180481,-0.03513227657498896,-0.050173999999999996
2024-05-17,0.11088937039060538,0.1133769127880325,0.09541663527488708,-0.02221029091642028,-0.08790099999999995
2024-05-20,0.11360351552548154,0.10975147877016954,0.09325988590717316,-0.02994673189783477,-0.18228699999999998
2024-05-21,0.11554755602468926,0.11002978650653883,0.09332389384508133,-0.030949839467092607,-0.121027
2024-05-22,0.11874408620784332,0.11028405538809115,0.09272535890340805,-0.029609729995823023,-0.124106
2024-05-23,0.11697908410063511,0.12266693656806292,0.1010720357298851,-0.0033782359045786414,-0.12788100000000002
2024-05-24,0.11871002200580114,0.11317521687511001,0.09737883508205414,-0.011880952796091332,-0.177353
2024-05-28,0.11769786438703678,0.11346517497831951,0.09721661359071732,-0.00750914580688089,-0.18232500000000001
2024-05-29,0.11504127456808956,0.12322713599508238,0.10268791019916534,0.004200562334317148,-0.235533
2024-05-30,0.11960462984979008,0.12641103921580443,0.10554464906454086,0.01375659457340224,-0.16084900000000002
2024-05-31,0.11404412721032794,0.12097521600314286,0.10109911859035492,0.013156118930576194,-0.115043
2024-06-03,0.11495932944616959,0.13053320603526586,0.10682900249958038,0.016699555598471236,-0.15200199999999997
2024-06-04,0.11399246014625927,0.12258826929233232,0.0990595892071724,0.00928233641918308,-0.07021100000000002
2024-06-05,0.11233236107354991,0.12183978618070569,0.10031121224164963,0.003978629829916716,0.020217000000000013
2024-06-06,0.11288912186934377,0.12317706491816513,0.09934881329536438,0.008121049535898997,0.013315999999999995
2024-06-07,0.11410921342724739,0.12305554862748828,0.10294996947050095,0.007078531607172464,0.021454
2024-06-10,0.11854555781103039,0.1439913245016293,0.1116272583603859,0.035856835561521444,-0.014776999999999985
2024-06-11,0.11950484019007655,0.13904926498017514,0.1099354475736618,0.03135205538501662,-0.017016000000000003
2024-06-12,0.11778402524507993,0.1287927037168181,0.10302741825580597,0.01425618622904963,-0.10544399999999998
2024-06-13,0.11753573434014958,0.1303298302252375,0.10503648221492767,0.013301618399317608,0.015064999999999995
2024-06-14,0.11862763224252833,0.13988377615847392,0.1119493767619133,0.03236644472136735,0.020886000000000016
2024-06-17,0.12187668447359824,0.1408717165542409,0.11204366385936737,0.03895484393533073,-0.05641200000000002
2024-06-18,0.12434055019519645,0.13212988395442582,0.10472539067268372,0.018582630609394635,0.002701000000000009
2024-06-20,0.1250929618853104,0.13127162068390644,0.10763787478208542,0.021926485474518462,0.032792000000000016
2024-06-21,0.12855811007531004,0.13262037913615593,0.10580488294363022,0.020718444975310724,-0.080181
2024-06-24,0.13003984824378145,0.14674981880916874,0.109196238219738,0.035155914792156656,0.007652999999999993
2024-06-25,0.1337988522999868,0.1349551285132772,0.1040821447968483,0.013933916899364893,0.027207000000000037
2024-06-26,0.1336865788348426,0.1462933147377813,0.10803674906492233,0.04394197899419887,-0.014446999999999988
2024-06-27,0.13347444570099637,0.13606274127221654,0.10351616144180298,0.018103136612963214,-0.014832999999999985
2024-06-28,0.13730792982926432,0.13904153802873653,0.10750089585781097,0.04089372643191043,-0.04960700000000001
2024-07-01,0.1348204507154479,0.13384092650065596,0.10571704059839249,0.025019371150209926,-0.08985000000000004
2024-07-02,0.13944354689335584,0.14321146666261975,0.10815081745386124,0.05297987378967206,-0.0007660000000000167
2024-07-03,0.15172754131761548,0.13671876331172175,0.10509610176086426,0.02743167155383043,-0.031339000000000006
2024-07-05,0.16039679743357052,0.14052195049296812,0.10599987953901291,0.024893540853740723,-0.10986399999999999
2024-07-08,0.1637208335123582,0.1382824358371474,0.1077716127038002,0.0387206399264501,-0.07341200000000003
2024-07-09,0.16884028594529615,0.14060942765109335,0.10988336056470871,0.04951987913065624,-0.015822000000000003
2024-07-10,0.16973200825910165,0.14153750481693764,0.10874667018651962,0.05422978757275257,-0.04538199999999998
2024-07-11,0.16646552672096623,0.13994594207779246,0.10782837122678757,0.046773443188969616,-0.071349
2024-07-12,0.16602032459130467,0.13306038021888653,0.10932531207799911,0.026389160809923456,-0.007404999999999995
2024-07-15,0.16592737508353803,0.1309819774759143,0.11066184937953949,0.031868975754920106,0.016963000000000006
2024-07-16,0.16644975221553093,0.13373365549580524,0.10926994681358337,0.03086926665985043,0.006865999999999983
2024-07-17,0.1647736936737122,0.1374095843392717,0.11047197133302689,0.03681936875747166,0.01131399999999999
2024-07-18,0.1615417819922812,0.14388120466243354,0.11136254668235779,0.04573531652640174,0.019404000000000005
2024-07-19,0.15988269438773062,0.14906393301712237,0.11061031371355057,0.056229450804803544,0.0019750000000000045
2024-07-22,0.15748262587721912,0.13633213404061312,0.11126077175140381,0.03107603911468959,-0.022639999999999993
2024-07-23,0.15431480383186852,0.1270543109994255,0.10730157792568207,-0.0030811090753100345,-0.02851999999999999
2024-07-24,0.15441077910890347,0.1374545483561937,0.11169826984405518,0.014396152756218528,0.07671
2024-07-25,0.15263164268326224,0.13326132379050012,0.10996124148368835,0.008611148700013227,0.022345000000000004
2024-07-26,0.153051408174473,0.12830697855479475,0.10909971594810486,-0.003658577834842608,0.017004999999999992
2024-07-29,0.1520729581487033,0.13198216709466654,0.10946649312973022,0.008606555299003671,0.013302000000000008
2024-07-30,0.14839997121662712,0.12812209881626918,0.10850656777620316,-0.0023629288292643102,0.011672000000000016
2024-07-31,0.14969171286828464,0.12407460479371585,0.10663780570030212,-0.00785844971544794,0.023119
2024-08-01,0.1462629405667286,0.12877060687977396,0.10737558454275131,-0.0010325458933558296,0.023675999999999975
2024-08-02,0.13405493762777368,0.14831289248040871,0.1149616464972496,0.007936459682384489,-0.017332000000000014
2024-08-05,0.13051461571650558,0.17117430718266802,0.11784449964761734,0.0428052035664295,0.011927000000000021
2024-08-06,0.13056429419481935,0.14886116058773247,0.12069373577833176,0.023519167487641796,-0.042253999999999986
2024-08-07,0.12482738167510736,0.14314589132547542,0.1221695989370346,0.005553715054703839,0.030323000000000017
2024-08-08,0.12842031070263835,0.13601139439096407,0.11726503819227219,-0.012805007259101608,-0.027626999999999985
2024-08-09,0.12999603832118783,0.13385860186738938,0.11568045616149902,-0.019218525720966273,-0.036982000000000015
2024-08-12,0.13044865151484228,0.13167973893906557,0.11526357382535934,-0.019986323591304672,0.01403600000000002
2024-08-13,0.1314321100332296,0.1328662102259031,0.11478857696056366,-0.029117374083538067,0.028203000000000006
2024-08-14,0.13234571571520323,0.13556837888064355,0.11559948325157166,-0.027875751215530903,-0.035391000000000006
2024-08-15,0.1328168305191265,0.12548512841290946,0.11347665637731552,-0.0423306926737122,0.031965999999999994
2024-08-16,0.13283844885387205,0.13311588858091422,0.11017388105392456,-0.033336780992281184,-0.016202000000000022
2024-08-19,0.1370367734891506,0.12203004586005661,0.10504993796348572,-0.04231469338773061,0.013878000000000001
2024-08-20,0.1405199503317804,0.12556749711534385,0.10811717063188553,-0.03692562487721912,0.024091000000000015
2024-08-21,0.14134190759717793,0.1246548163154747,0.10679604858160019,-0.034831802831868514,0.01962699999999999
2024-08-22,0.14107781264268587,0.12227415465006822,0.10428071767091751,-0.032955778108903475,-0.043661000000000005
2024-08-23,0.14401794555215916,0.121536702618117,0.10174710303544998,-0.03589064168326224,0.0006710000000000049
2024-08-26,0.14268965403416742,0.12127370014541315,0.10490906983613968,-0.02981240717447302,-0.015591000000000022
2024-08-27,0.14335923431195763,0.12044958488991571,0.10508465766906738,-0.02909895714870331,0.03807300000000001
2024-08-28,0.1443576296537998,0.12465487004387717,0.10476841777563095,-0.0235699702166271,0.016008999999999995
2024-08-29,0.1414216261747258,0.128858522395626,0.10766641050577164,-0.017574711868284604,-0.038671999999999984
2024-08-30,0.1436695828242937,0.11641553467066892,0.1054251417517662,-0.02258093956672859,-0.029370000000000007
2024-09-03,0.14425368930045815,0.1382749338000265,0.11434809118509293,0.019915063372226344,0.032499
2024-09-04,0.13766862421368212,0.13936730914873072,0.11383385211229324,0.020401385283494416,0.029274999999999995
2024-09-05,0.13349014069709364,0.1379842471411142,0.11702533811330795,0.02317270680518066,0.019971000000000017
2024-09-06,0.13403298612815956,0.13902289534416692,0.11654362082481384,0.031985619324892675,0.008960999999999997
2024-09-09,0.1290878766318974,0.13885194443041035,0.11791054904460907,0.025194690297361683,0.038155999999999995
2024-09-10,0.12768812014087197,0.14088414875371266,0.1189502701163292,0.03014096267881214,0.017365999999999993
2024-09-11,0.1278893427546031,0.1439643523543224,0.12011446803808212,0.0563623494851577,-0.019961000000000007
2024-09-12,0.12731710491844447,0.13458239597626862,0.11607744544744492,0.026056890966770413,-0.0030949999999999867
2024-09-13,0.12655268664284805,0.12834614715133755,0.11356209963560104,0.017775285284796744,0.01699400000000001
2024-09-16,0.130299269575565,0.1278753317892418,0.11390022933483124,0.021323170480873538,-0.017542000000000002
2024-09-17,0.1302522443116543,0.12969502388296802,0.11398718506097794,0.02430555214612798,-0.005425999999999986
2024-09-18,0.1286577167192606,0.12717800187780634,0.11269686371088028,0.021092227510849382,-0.006583999999999979
2024-09-19,0.12659878197059884,0.1256842155960425,0.11517654359340668,0.019233050668219592,0.023159999999999986
2024-09-20,0.12655352390211475,0.12795668454301565,0.11501675099134445,0.019654093402822065,0.010544999999999999
2024-09-23,0.12670918023436345,0.12468601882199462,0.11238140612840652,0.005519188357314131,-0.027366
2024-09-24,0.13840460103494032,0.12684458146998548,0.11271489411592484,0.0043700554478408316,-0.0013950000000000073
2024-09-25,0.1421578155033331,0.1289272982925559,0.11393380165100098,0.015036346965832587,-0.016881999999999953
2024-09-26,0.1443964742149195,0.13122012057223095,0.11277271062135696,0.024505766688042357,-0.021598000000000006
2024-09-27,0.14500849191048013,0.13034162343781805,0.11341594904661179,0.02407537134620019,0.027340000000000003
2024-09-30,0.1452696843175468,0.13254721007431916,0.11319147050380707,0.03161437482527418,0.022123000000000004
2024-10-01,0.14719257463538005,0.13182376416657374,0.11189305037260056,0.0312084181757063,0.015362000000000015
2024-10-02,0.1450503902254861,0.1352225639982508,0.11352403461933136,0.04726131169954184,0.027054999999999996
2024-10-03,0.14491352822705655,0.13747035288810816,0.11528613418340683,0.05504337678631788,0.02562600000000001
2024-10-04,0.14661564930194163,0.13485229271546037,0.11416789144277573,0.04992286030290638,0.02998999999999999
2024-10-07,0.1450675842023218,0.1432492422714328,0.11873656511306763,0.06509401487184047,0.03467799999999999
2024-10-08,0.15552550479885124,0.13826416759614735,0.11779752373695374,0.05993012436810258,0.028050999999999993
2024-10-09,0.15566930094096973,0.13986823009552085,0.11785553395748138,0.06370188085912801,0.027258000000000004
2024-10-10,0.15445758691844322,0.1411144333525326,0.11834444105625153,0.05646665824539693,0.022739999999999982
2024-10-11,0.15520955041018686,0.14108576381927512,0.11883370578289032,0.05431389608155551,0.02510599999999999
2024-10-14,0.154118426893725,0.14748249520497142,0.1211123839020729,0.07546131435715195,0.030826999999999993
2024-10-15,0.15277079713199998,0.13995507065785753,0.12019114196300507,0.05480373142443501,0.022077999999999987
2024-10-16,0.15246117641111617,0.13814299213191725,0.11741605401039124,0.04906275668834573,0.029723
2024-10-17,0.15480749294333992,0.13969908468469425,0.11851560324430466,0.055368284280739394,-0.02363599999999999
2024-10-18,0.1539732754122392,0.1387985878718105,0.11689107865095139,0.050875219029401175,0.030144000000000004
2024-10-21,0.1538490590651075,0.14192356413937768,0.1234188824892044,0.05638947709788525,0.027664999999999995
2024-10-22,0.154437029962397,0.14218362789603525,0.12048020213842392,0.07257482076563651,0.015986
2024-10-23,0.14032336107743074,0.13951287282346161,0.11927948147058487,0.028116399965059685,-0.009556000000000009
2024-10-24,0.1383755426688777,0.13547214330811347,0.11732028424739838,0.014185185496666919,-0.055868
2024-10-25,0.13844668111249497,0.13802250696212356,0.11984968185424805,0.013351526785080503,0.04980499999999999
2024-10-28,0.13723365787733427,0.14144506511941957,0.12181874364614487,0.033001509089519876,0.024343999999999977
2024-10-29,0.13855903724169563,0.13420116119216852,0.11775577068328857,0.008004316682453189,0.02640400000000001
2024-10-30,0.13294518557186374,0.13639885795506185,0.11723537743091583,0.01361642636461996,0.01850299999999999
2024-10-31,0.13439872133869407,0.13780662987916242,0.11717476695775986,0.02445061077451391,-0.03236900000000001
2024-11-01,0.1380806280249202,0.13130801249060428,0.11268533766269684,0.02042447277294346,-0.04825999999999997
2024-11-04,0.141805741069063,0.13688876264754588,0.11514600366353989,0.03067735169805838,0.0026660000000000017
2024-11-05,0.14515874790242475,0.1341572489446786,0.11473122984170914,0.02792441679767821,-0.003251000000000004
2024-11-06,0.13606141498117244,0.1360792186582879,0.11545102298259735,0.005957496201148743,-0.14648699999999998
2024-11-07,0.14024698616925704,0.1355396293082047,0.11158989369869232,0.003600700059030265,-0.020343999999999973
2024-11-08,0.1471661556435699,0.13184563664981577,0.11293376982212067,-0.0036825859184432264,0.018838999999999995
2024-11-11,0.15207932374311564,0.13099873660980418,0.11264807730913162,-0.003483549410186859,-0.01161100000000001
2024-11-12,0.15307882306564674,0.13224413935489365,0.11388721317052841,0.002090574106274945,0.0011970000000000036
2024-11-13,0.15193763321769482,0.1322536423610036,0.11596768349409103,0.008516203868000033,0.01819599999999999
2024-11-14,0.16013404039309154,0.1344421889072843,0.1145409345626831,0.013132824588883818,0.022259999999999974
2024-11-15,0.15860230341524906,0.1381244398520159,0.11733276396989822,0.018668508056660066,-0.03953799999999999
2024-11-18,0.1603437800607698,0.13561760560488298,0.11674357205629349,0.01159972558776079,0.024834999999999996
2024-11-19,0.15995159880111315,0.1338493342468152,0.11645834147930145,0.01281194193489249,0.020731
2024-11-20,0.1584308035334968,0.1348055318888558,0.11494938284158707,0.01421497103760297,0.023373000000000005
2024-11-21,0.16355580393423222,0.13087511605075078,0.11253377795219421,0.02382263992256925,0.013489000000000001
2024-11-22,0.16258519521753123,0.12686094509853613,0.11373445391654968,0.018456458331122333,0.018082000000000015
2024-11-25,0.15972750773919145,0.12251064111568272,0.11003163456916809,0.010343319887505031,0.021632999999999986
2024-11-26,0.16103114360806942,0.12274341419060945,0.109055295586586,0.014856343122665733,0.01342299999999999
2024-11-27,0.16053113922208082,0.12188843063699892,0.10798598825931549,0.014176963758304378,-0.028231000000000006
2024-11-29,0.16119863000847465,0.12146602534778972,0.10655909031629562,0.01683181542813625,0.01333899999999999
2024-12-02,0.163659199006799,0.12299269017587577,0.10853033512830734,0.018748279661305906,0.01194199999999998
2024-12-03,0.1596046661701152,0.12130584331460019,0.10724937915802002,0.012750372975079804,0.011306999999999984
2024-12-04,0.15594642342284426,0.12827630910211382,0.11337172240018845,0.018985259930937,0.020828999999999986
2024-12-05,0.15749503650340738,0.13091292087309878,0.11228843778371811,0.01761525309757528,0.014784999999999993
2024-12-06,0.15591771390054046,0.13608379105375157,0.11563501507043839,0.035114586018827554,0.007429999999999992
2024-12-09,0.15406205876971882,0.13723321823201948,0.11694908142089844,0.039546014830742965,-0.009091000000000016
2024-12-10,0.15191144724099306,0.1345025143143918,0.11623441427946091,0.025140845356430075,0.0005510000000000237
2024-12-11,0.14728529904696283,0.13800802225231518,0.11556366831064224,0.023815677256884327,-0.07554299999999997
2024-12-12,0.14854933762335398,0.13379044778747812,0.11274004727602005,0.012947177934353266,-0.010724999999999985
2024-12-13,0.14891434192331193,0.13941206999075953,0.11846432834863663,0.027576367782305183,-0.03808700000000004
2024-12-16,0.14008818293384584,0.14117436616771484,0.11874981969594955,0.02211696060690846,-0.06739200000000001
2024-12-17,0.13945222692771048,0.1403862670282805,0.11847373098134995,0.020526697584750953,0.019162999999999986
2024-12-18,0.13721161955852246,0.1478638743435156,0.11472034454345703,0.027566220939230196,-0.0045439999999999925
2024-12-19,0.1359422953424767,0.1497915835081016,0.12056777626276016,0.03821340219888689,0.034992999999999996
2024-12-20,0.13423252164580932,0.14295345072681104,0.11892244219779968,0.032646197466503185,-0.018332000000000015
2024-12-23,0.13748710265789302,0.13571229195058224,0.117315374314785,0.005896197065767744,0.010038999999999992
2024-12-24,0.14646049276331244,0.12491480824232401,0.10572601109743118,-0.007189194217531197,0.004896999999999985
2024-12-26,0.14901770770102776,0.13273747131262856,0.11393079906702042,0.009859493260808538,-0.025602999999999987
2024-12-27,0.1515636934086217,0.13709102872679987,0.11433358490467072,0.019058857391930584,-0.040518
2024-12-30,0.15099568200015892,0.13334593794250485,0.11126531660556793,0.008083861777919171,0.003624000000000016
2024-12-31,0.15620438818050328,0.1343387609727524,0.11187390238046646,0.010323370991525388,-0.03648599999999999
2025-01-02,0.1555411304205563,0.15706556559440635,0.11919808387756348,0.06332280199320098,0.005406999999999995
2025-01-03,0.15641944128465848,0.14184039131595363,0.113461934030056,0.0366713348298848,-0.04616799999999999
2025-01-06,0.1571377905135945,0.1409159541239863,0.11500314623117447,0.030846577577155726,-0.055979999999999974
2025-01-07,0.15260780976862204,0.14088532150546954,0.11491866409778595,0.02504396449659263,-0.04030700000000001
2025-01-08,0.15497314002106796,0.1382650452148404,0.1104530394077301,0.01986328709945953,-0.033667
2025-01-10,0.15830522240650965,0.14562347407589005,0.11554278433322906,0.042460942230281185,0.007857000000000003
2025-01-13,0.15773721544743216,0.16176536838900724,0.13095378875732422,0.06759055375900694,0.038352
2025-01-14,0.15740347566314353,0.15717215464888692,0.1264871209859848,0.05774670195303716,-0.04180499999999998
2025-01-15,0.1598635998887736,0.1467983463822255,0.12176772207021713,0.028144663376646006,0.02394400000000002
2025-01-16,0.16056611361813905,0.15316404373284104,0.12387528270483017,0.05640865907668807,-0.029052999999999995
2025-01-17,0.16087412584041766,0.14706355829057133,0.12290290743112564,0.04243281806615415,0.007807999999999982
2025-01-21,0.15888553204913605,0.14252398893744145,0.12067455798387527,0.03847277407228952,-0.08294399999999996
2025-01-22,0.16236216326308725,0.14366726080952968,0.11977526545524597,0.04424738144147755,0.011890000000000012
2025-01-23,0.16778526808223823,0.14346558690381198,0.12103188782930374,0.04763770565752329,-0.006141999999999981
2025-01-24,0.1691801990682952,0.1462839473733851,0.12533779442310333,0.05724847935419072,-0.002785999999999955
2025-01-27,0.16083277772571777,0.14644027461528372,0.12335868179798126,0.05680789834210698,-0.016593999999999998
2025-01-28,0.15552308352443064,0.14622677671550258,0.12044108659029007,0.05012650823668757,-0.023556999999999995
2025-01-29,0.15622872958272424,0.15355998370787988,0.12129562348127365,0.061322293298972236,-0.012020999999999948
2025-01-30,0.16456898076574444,0.1506981255212429,0.12191954255104065,0.04936930759137831,-0.01690999999999998
2025-01-31,0.18041755513027824,0.15388558216288956,0.12178345769643784,0.06119731899984107,0.005248000000000003
2025-02-03,0.17701618119578136,0.15773165598852468,0.12237612158060074,0.07422561281949672,-0.03973399999999999
2025-02-04,0.17689782165035597,0.15298187781545247,0.12300632148981094,0.06184087057944368,-0.04966999999999999
2025-02-05,0.18287674755294586,0.1537422359715321,0.12451132386922836,0.0685335597153415,-0.031234000000000012
2025-02-06,0.19089226688106425,0.14794417251052472,0.12410882115364075,0.05418721048640551,-0.04269600000000001
2025-02-07,0.19436517411623241,0.14821369225092468,0.12308743596076965,0.05144219123137797,-0.056964000000000015
2025-02-10,0.1937980753006684,0.14915071985085512,0.12232285737991333,0.06281286097893204,-0.06368999999999997
2025-02-11,0.19035377433270373,0.13886773763330465,0.11682727932929993,0.02086277859349034,-0.04767000000000002
2025-02-12,0.18787863094273166,0.14240419765966134,0.1195114403963089,0.03217578555256784,-0.038343000000000016
2025-02-13,0.18813899948790822,0.12981166811152733,0.10921715199947357,0.003911525336856458,-0.008537000000000017
2025-02-14,0.18461324350410493,0.1289678395657385,0.1054307371377945,-0.006129598888773596,0.005991999999999997
2025-02-18,0.18323988711316663,0.13057350390162067,0.10832902044057846,-0.0011791126181390499,-0.031021999999999994
2025-02-19,0.1833519141100476,0.12790143911806184,0.10566969960927963,-0.0029531248404176536,-0.04461799999999999
2025-02-20,0.19021787349764738,0.1313690508059424,0.11243637651205063,0.005302468950863948,-0.045152000000000025
2025-02-21,0.1878231467771595,0.12780097989400885,0.10760998725891113,-0.008379162263087242,-0.012467000000000006
2025-02-24,0.18239745067049756,0.12946766901108317,0.1119580864906311,-0.010364267082238227,0.04908599999999999
2025-02-25,0.18379454616796703,0.14271428323829224,0.12250716239213943,0.017765801931704767,0.009662999999999977
2025-02-26,0.1844912838971298,0.14182003472243992,0.1169295459985733,0.02180422327428222,-0.016119999999999995
2025-02-27,0.1905031330690086,0.1440471342214603,0.11872350424528122,0.03172291747556935,0.013618000000000019
2025-02-28,0.19213641413062812,0.13201466943045112,0.11119243502616882,0.007489271417275761,0.024435000000000012
2025-03-03,0.18223130380534344,0.14506918392707566,0.11823887377977371,0.019668020234255568,0.022011000000000003
2025-03-04,0.17025182081663098,0.1480299425886484,0.11915398389101028,0.010729445869721771,0.06637700000000002
2025-03-05,0.17501161136456905,0.14581211877079334,0.11765281111001968,0.007205819804218666,0.08055200000000001
2025-03-06,0.18906958282409786,0.14441420689086518,0.11810163408517838,0.00697117934964403,0.05077699999999999
2025-03-07,0.20709299548624865,0.14727715099587646,0.12052932381629944,0.011838253447054137,0.02417999999999998
2025-03-10,0.21189441244855448,0.15325383422016914,0.12011239677667618,0.026994734118935743,0.03371200000000002
2025-03-11,0.22783882073981226,0.15378065968806184,0.11976102739572525,0.029327826883767616,0.07388
2025-03-12,0.23798029573957166,0.14679989347734293,0.11813480406999588,0.006044925699331571,0.030141
2025-03-13,0.24014538537098018,0.144765062068043,0.11459885537624359,-0.00043777333270370034,0.018198999999999993
2025-03-14,0.24367318341024358,0.14177750177989237,0.11337097734212875,-0.007286629942731659,-0.035607
2025-03-17,0.2430586982464214,0.13547323373084005,0.11062682420015335,-0.016347998487908216,0.021180999999999978
2025-03-18,0.2451687545662514,0.13898344776480015,0.11032375693321228,-0.003243242504104904,-0.0015249999999999986
2025-03-19,0.2489663622909859,0.1346925429651584,0.10920404642820358,-0.008927886113166666,-0.044703999999999966
2025-03-20,0.25350324895221354,0.13013276300775975,0.1044948548078537,-0.019409913110047583,0.014640999999999987
2025-03-21,0.25080227829796437,0.13127843907970127,0.10488766431808472,-0.021149872497647382,0.023154000000000008
2025-03-24,0.2549629112729405,0.1300100516713559,0.10701838880777359,-0.023444145777159503,0.047645999999999994
2025-03-25,0.25686065524018986,0.131797295079811,0.1070622131228447,-0.015023449670497568,0.02404199999999998
2025-03-26,0.26038546616835645,0.13398445784282934,0.10735295712947845,-0.01262054516796704,-0.04696700000000001
2025-03-27,0.26088809061398976,0.1379898329197218,0.10853572934865952,-0.0009032828971297924,0.012770000000000004
2025-03-28,0.26471396596038316,0.13942293240291484,0.10845278948545456,-0.0018511320690086097,0.04777799999999999
2025-03-31,0.2672150200748813,0.14386486509900873,0.11249726265668869,0.01006758686937187,-0.002102999999999966
2025-04-01,0.2667348060855408,0.14502821849618006,0.11286921799182892,0.014633697194656597,0.01905699999999999
2025-04-02,0.2647658291975354,0.1473356535076086,0.11924407631158829,0.027082180183368998,0.026522000000000018
2025-04-03,0.26127229915589223,0.1545221210033349,0.11930336803197861,0.04300138963543096,0.05404499999999998
2025-04-04,0.24969418503859175,0.16955235614548203,0.12084066867828369,0.08863741817590212,0.039400999999999964
2025-04-07,0.23079986344070744,0.18141732489894458,0.11987558007240295,0.10512000551375136,-0.0035820000000000296
2025-04-08,0.22003939809320328,0.1848620327519418,0.11970901489257812,0.07951058855144555,0.03768100000000002
2025-04-09,0.19998386328636839,0.21435154470372042,0.12235064804553986,0.030163180260187716,0.008211999999999997
2025-04-10,0.19295271951093532,0.21860550345531016,0.12415528297424316,0.038766705260428386,-0.011595000000000022
2025-04-11,0.1894607361981634,0.2111267251471649,0.12429407238960266,0.014568615629019815,-0.025803999999999994
2025-04-14,0.1851053464431275,0.20672067107822842,0.16508831083774567,-0.020239182410243556,0.03242400000000001
2025-04-15,0.18949390136904454,0.20288325254889694,0.16364999115467072,-0.015976697246421423,0.04640999999999995
2025-04-16,0.18755801444447603,0.20414665572758275,0.16726306080818176,-0.006404753566251392,0.021079999999999988
2025-04-17,0.18233750025876577,0.199192449144988,0.16497643291950226,-0.02771736129098587,0.023651000000000005
2025-04-21,0.1761901969570968,0.20632497794958443,0.1650398075580597,0.0023027520477864605,-0.02469400000000005
2025-04-22,0.17227258856692032,0.19886621965570786,0.16743630170822144,-0.018443277297964328,0.05688300000000002
2025-04-23,0.1664295159230145,0.19947455813064993,0.16961605846881866,-0.011969910272940504,-0.005948000000000009
2025-04-24,0.1685123749441694,0.19660080583312248,0.1689450889825821,-0.029517654240189845,-0.017412999999999956
2025-04-25,0.16015499627883897,0.19602010861778743,0.16811871528625488,-0.04121846516835642,-0.007415999999999978
2025-04-28,0.15887433992562272,0.20190885949915668,0.1676819920539856,-0.0030110896139897148,0.008483999999999992
2025-04-29,0.1449246076154968,0.1921871289796558,0.16741777956485748,-0.07858896496038317,-0.01383100000000001
2025-04-30,0.1361724440153883,0.1960175361626493,0.16832247376441956,-0.07290501907488126,-0.014324000000000003
2025-05-01,0.13697821311666022,0.19189435571477664,0.16390131413936615,-0.07324780508554077,-0.04325899999999999
2025-05-02,0.14116539026293268,0.18931274691335004,0.16691158711910248,-0.08804382819753537,-0.023094000000000003
2025-05-05,0.144138154982969,0.1900352548313679,0.16549237072467804,-0.08410929815589221,0.020856999999999987
2025-05-06,0.14282146994184225,0.18817880555651065,0.16090279817581177,-0.06597718403859179,0.035526
2025-05-07,0.14102358717437619,0.18201797388769295,0.15627345442771912,-0.057795862440707446,-0.075322
2025-05-08,0.13879136106090975,0.18370875118507726,0.1565655767917633,-0.039699397093203276,0.03387999999999999
2025-05-09,0.14037690320520307,0.1821061514075066,0.1571744680404663,-0.024790862286368398,0.03098400000000001
2025-05-12,0.13084597120973346,0.18289374184897994,0.15756911039352417,-0.03184771851093535,0.04483000000000001
2025-05-13,0.13190812627016188,0.1657847364947914,0.158665731549263,-0.022383735198163363,-0.11329700000000004
2025-05-14,0.1334033510926542,0.17097157122461884,0.16303059458732605,-0.0203253454431275,0.027388999999999997
2025-05-15,0.13250958094315024,0.18545048092636002,0.15764856338500977,-0.01965690036904455,0.035489999999999994
2025-05-16,0.13105784419432676,0.17897712354855716,0.15305832028388977,-0.03514301344447604,-0.010109000000000007
2025-05-19,0.13142066634463592,0.17684610368194734,0.157131165266037,-0.02590749925876576,0.03503200000000001
2025-05-20,0.13192965292314768,0.1781562726370253,0.15658918023109436,-0.0134331959570968,-0.02235000000000001
2025-05-21,0.13293412147343284,0.18130856339475354,0.15835721790790558,-0.0017505875669202864,0.034141000000000005
2025-05-22,0.1316999088938952,0.17709733667702468,0.15626998245716095,0.010000485076985505,-0.01902200000000001
2025-05-23,0.12554792384105845,0.18116201885022795,0.1609271764755249,0.0204056260558306,0.026304999999999995
2025-05-27,0.12627081739183188,0.17708615371990125,0.1530698984861374,0.013647004721161038,0.02531
2025-05-28,0.12767754923714983,0.1759794280868934,0.15337036550045013,0.015941661074377278,0.03753000000000001
2025-05-29,0.12275648840403634,0.16017799874486469,0.15249133110046387,0.02800039338450319,0.004303000000000001
2025-05-30,0.12957826875959227,0.16151825832217456,0.15386894345283508,0.04284855698461171,-0.03673900000000002
2025-06-02,0.13072262689399844,0.1593229301764571,0.1515631377696991,0.03520378788333978,-0.0035720000000000196
2025-06-03,0.12765194387562492,0.159074211728291,0.15250058472156525,0.033183610737067326,-0.07560999999999998
2025-06-04,0.12236744696605156,0.16240787295286385,0.15438994765281677,0.033705846017031,-0.0003039999999999987
2025-06-05,0.12376773188247162,0.15985174201291869,0.1538284569978714,0.030891531058157756,0.009569999999999995
2025-06-06,0.12896800072537165,0.1473229940140373,0.15278348326683044,0.02260641382562381,0.009716000000000002
2025-06-09,0.12849091792266884,0.1597793922458452,0.15623997151851654,0.029416639939090244,0.035935999999999996
2025-06-10,0.12898690551139386,0.16461168660869707,0.16209036111831665,0.06182409779479692,0.02881800000000001
2025-06-11,0.13024287896299708,0.155636889252315,0.1553373485803604,0.04211002979026654,0.020873999999999976
2025-06-12,0.12807528315483505,0.159941237550679,0.1600433886051178,0.07190587472983809,-0.03384200000000004
2025-06-13,0.12643411605565263,0.1612891183869155,0.16012173891067505,0.05645464990734583,0.010588999999999987
2025-06-16,0.12350940971127891,0.15952157511552062,0.15768016874790192,0.04924942005684976,-0.070376
2025-06-17,0.12421592724153083,0.15845213464507657,0.15686951577663422,0.06635415680567325,-0.04936499999999999
2025-06-18,0.12476687003419222,0.15885554135273855,0.15675373375415802,0.06200533465536409,0.017074000000000034
2025-06-20,0.13383750745414355,0.16204145448078205,0.15146318078041077,0.07995534807685228,-0.05535200000000001
2025-06-23,0.13696390233820419,0.16164867999463187,0.15203136205673218,0.07373587952656718,0.0034450000000000036
2025-06-24,0.13659435296944697,0.15913583603852074,0.15411005914211273,0.060638092106104796,0.024888999999999994
2025-06-25,0.13637462676511095,0.1560842607443964,0.1505354344844818,0.07333807715894156,-0.011519000000000001
2025-06-26,0.13559433985420882,0.15613922853075954,0.15071876347064972,0.07214218360816813,-0.031804
2025-06-27,0.13578005837419518,0.15515859039968116,0.15227863192558289,0.06844245176285013,-0.01777099999999998
2025-06-30,0.1374373605043315,0.15473202212476847,0.15022310614585876,0.07500151259596363,0.014278000000000013
2025-07-01,0.13245054352838906,0.1559693111122457,0.15185172855854034,0.06597573224040773,-0.068469
2025-07-02,0.13193206213918776,0.15686437092977654,0.1519625186920166,0.06918537410600156,-0.03755599999999998
2025-07-03,0.13096424737515197,0.15581895052181344,0.15247903764247894,0.06094305712437509,-0.013527000000000011
2025-07-07,0.13245228032389733,0.15832181240276355,0.14767485857009888,0.08596355403394841,-0.01252700000000001
2025-07-08,0.1360373065265081,0.15726766018900817,0.1475910246372223,0.08231026911752841,-0.0008239999999999914
2025-07-09,0.1356055778895629,0.1570215014879442,0.14641310274600983,0.06854300027462834,0.0024049999999999905
2025-07-10,0.13709419919158433,0.15597585573444275,0.14329886436462402,0.06782808307733112,-0.011224999999999985
2025-07-11,0.13657665282065207,0.15613047993335222,0.14175112545490265,0.06955609548860614,-0.0010169999999999901
2025-07-14,0.13705653216183508,0.15390586062783798,0.13981051743030548,0.0693611220370029,-0.03840500000000002
2025-07-15,0.13749798619116663,0.1555836966259313,0.14011278748512268,0.08057671784516493,-0.038943000000000005
2025-07-16,0.1379635882821217,0.14018561194989862,0.12567706406116486,0.07590388494434736,-0.020265000000000005
2025-07-17,0.13668035445577306,0.14230894457608145,0.12532983720302582,0.08345659128872111,0.0033030000000000004
2025-07-18,0.13664465532515147,0.13749632480557303,0.12079276144504547,0.06419507375846915,-0.027836000000000027
2025-07-21,0.1365670578924588,0.14016212363249977,0.125406414270401,0.07917913096580775,-0.016165000000000013
2025-07-22,0.13282874103445796,0.12920046834479323,0.11835833638906479,0.033342493545856444,-0.08534800000000001
2025-07-23,0.12908104351958802,0.12864952773179375,0.1195722296833992,0.03225409866179582,-0.08627200000000002
2025-07-24,0.13069125363295395,0.12864496255615296,0.1191323772072792,0.027690648030553017,-0.02624800000000002
2025-07-25,0.13531120438888689,0.12480988678754139,0.11730407178401947,0.015938374234889058,0.013211
2025-07-28,0.1343647664853047,0.12588265213632072,0.12084417790174484,0.019406661145791176,0.01754
2025-07-29,0.13150131834594178,0.12183872151688122,0.11702341586351395,0.011896942625804818,-0.0012400000000000189
2025-07-30,0.12972965710628756,0.12101884592114819,0.11736918985843658,0.012856640495668509,-0.006437000000000026
2025-07-31,0.1278091282375111,0.12503847978540414,0.12331277877092361,0.03398445747161091,0.01688500000000001
2025-08-01,0.13081965909004925,0.1255366033278581,0.11620237678289413,0.03376293886081222,-0.03417199999999998
2025-08-04,0.14193265092572926,0.12380533870125048,0.121263787150383,0.02538975362484805,0.024669999999999997
2025-08-05,0.1450983229572765,0.13172745670445146,0.12235262989997864,0.03375272067610263,0.015200000000000019
2025-08-06,0.14197335667817781,0.12402471008157866,0.11973470449447632,0.017298694473491888,0.020957999999999977
2025-08-07,0.13846577881793407,0.12572161991143743,0.12016638368368149,0.02438142311043709,0.004021999999999998
2025-08-08,0.1376894013267188,0.12099456204852481,0.11764835566282272,0.009015801808415658,0.02093499999999998
2025-08-11,0.1384065013052527,0.12470334052214035,0.12129141390323639,0.01931034817934793,0.005094000000000015
2025-08-12,0.13665650627915893,0.12439793913189236,0.12297811359167099,0.01647546883816492,0.022813
2025-08-13,0.13713801774331652,0.12089995702811542,0.11966723203659058,0.010143014808833367,0.021938000000000013
2025-08-14,0.1358009311347009,0.12357722100274986,0.12091834098100662,0.01826341271787829,0.021050000000000013
2025-08-15,0.13397452640603982,0.12057522671307833,0.11490026116371155,0.015387646544226946,0.02057500000000001
2025-08-18,0.13291865495124008,0.120056850568025,0.11457303911447525,0.015174345674848544,0.018177
2025-08-19,0.13285548773376663,0.12125445046006017,0.11547764390707016,0.015637943107541213,0.021326999999999985
2025-08-20,0.12752480428848145,0.12433670769846233,0.11683253198862076,0.01769225996554205,0.02025200000000002
2025-08-21,0.12735729079620628,0.1213065603255653,0.11617531627416611,0.023155957480411993,-0.02490199999999998
2025-08-22,0.12768308631064545,0.12115996633095216,0.1165347769856453,0.015404747367046029,-0.017794000000000004
2025-08-25,0.12530490486899024,0.13515068751472525,0.1211024671792984,0.027334796611113155,0.011914999999999981
2025-08-26,0.12701113770891437,0.13585631314297167,0.12170413136482239,0.0329112345146953,0.012042000000000025
2025-08-27,0.12922151517725997,0.13133149962260174,0.11825315654277802,0.03151968265405822,0.0029579999999999884
2025-08-28,0.13077304912901427,0.13427697142656417,0.1197238564491272,0.045343343893712446,0.006062000000000012
2025-08-29,0.13091150608386046,0.12117576184194419,0.1162266805768013,0.02994887276248892,0.013741000000000003
2025-09-02,0.12638706377930256,0.12292489976732236,0.1162223368883133,0.02693834190995073,0.013741000000000003
2025-09-03,0.11357170191276575,0.12780812105989878,0.11815390735864639,0.015825350074270744,0.013741000000000003
2025-09-04,0.11056029789038113,0.13428928135628584,0.12222639471292496,0.012659678042723499,0.013741000000000003
2025-09-05,0.10956945403056854,0.1344514954241572,0.12128376960754395,0.015784644321822194,0.013741000000000003
2025-09-08,0.11744921608583193,0.13499938118189353,0.12094037979841232,0.019292222182065943,0.013741000000000003
2025-09-09,0.11755910316655699,0.1352386549235021,0.12278474867343903,,
2025-09-10,0.11598997442105181,0.13259505441179628,0.12098056077957153,,
2025-09-11,0.11923984949985758,0.13193333344627384,0.12037123739719391,,
2025-09-12,0.11964408187565273,0.13134576930368302,0.1210009902715683,,
2025-09-15,0.12006901837666256,0.13107079077995368,0.11993000656366348,,
2025-09-16,0.12228806580679107,0.13041638385717194,0.11735973507165909,,
2025-09-17,0.1252871722048674,0.12931773661148513,0.11712229996919632,,
2025-09-18,0.12495528801609893,0.12970515122399168,0.11731650680303574,,
2025-09-19,0.12504849856981343,0.1273005656395887,0.11683281511068344,,
2025-09-22,0.12851383516718082,0.1277713941116646,0.11641379445791245,,
2025-09-23,0.12964686487229612,0.12827744458465162,0.11796075850725174,,
2025-09-24,0.13023970604646093,0.12804277450821605,0.11819920688867569,,
2025-09-25,0.12830637612815932,0.12835508997918887,0.11864146590232849,,
2025-09-26,0.12865577341469064,0.12886817166830816,0.11758416146039963,,
2025-09-29,0.13041560147697243,0.1301394773385769,0.11708288639783859,,
2025-09-30,0.13592080203355159,0.1289598198173648,0.11631665378808975,,
2025-10-01,0.1375499344295522,0.12777997461763718,0.11520565301179886,,
