date,y_true,y_pred,vrp_wedge,put_call_skew_30d
2013-11-12,0.12956105818423788,0.12847331479505822,-0.013625448023225073,0.02569200000000002
2013-11-13,0.12853120909025287,0.12750257087852962,-0.020724245085342347,0.02316
2013-11-14,0.12812574772308435,0.127097676448733,-0.024967278433926404,0.023123000000000005
2013-11-15,0.12806678086232312,0.12690947095207733,-0.02222693481264773,0.020807999999999993
2013-11-18,0.1288288074194505,0.1266579975577467,-0.025509107791468644,0.02287099999999999
2013-11-19,0.1290984216015487,0.1272642891051264,-0.019891342984942675,0.021047999999999997
2013-11-20,0.12923740443008727,0.12984658368362983,-0.01025791315984792,0.02355099999999999
2013-11-21,0.12880722855044763,0.13200693082171996,-0.005439920374822854,0.02076199999999999
2013-11-22,0.12861276475400069,0.13184407666359607,-0.009443234063459593,0.019865000000000008
2013-11-25,0.129283001156212,0.13186227268316822,-0.004539146616931444,0.020108
2013-11-26,0.12974993381433012,0.1335630255329582,-0.005565361672913577,0.016324999999999992
2013-11-27,0.1299679654545827,0.13259927296453086,-0.007618784241450183,0.018770999999999996
2013-11-29,0.12934089693016199,0.13298255347556273,-0.0020710500903785567,0.018341999999999997
2013-12-02,0.1272773979785932,0.1337893418975717,0.000682126813673245,0.019482
2013-12-03,0.12719856872066324,0.13472825529127372,0.0048019002149904955,0.020651000000000003
2013-12-04,0.12656238956445576,0.13523005145996514,0.004202158038014214,0.016361000000000014
2013-12-05,0.12646339507380683,0.13605341664011505,0.009890009062119148,0.024492999999999987
2013-12-06,0.1253135986483343,0.135944442044506,0.003467474000202808,0.025955000000000006
2013-12-09,0.12487764068614977,0.1365470693856281,0.012467104978925198,0.02721699999999999
2013-12-10,0.12544535792071373,0.13669350999257956,0.02073325778824414,0.029922000000000004
2013-12-11,0.12603700930651088,0.13729158627232316,0.026741887729286484,0.027925000000000005
2013-12-12,0.12557659683380054,0.13713768454555664,0.024803929846066802,0.027329999999999993
2013-12-13,0.12542823103143574,0.1372619485922155,0.029798944707572453,0.021457000000000004
2013-12-16,0.12777238648739658,0.13633429063098593,0.031099184138907096,0.025534
2013-12-17,0.12859113404299566,0.13626392884088664,0.03801160649159671,0.02274599999999999
2013-12-18,0.125792731592949,0.1281015798408515,0.016051490866622414,0.018998999999999988
2013-12-19,0.12447735241789684,0.12769225246671026,0.006698498557412252,0.022632000000000013
2013-12-20,0.124655265027052,0.1265029659579569,0.006564225627489262,0.01943399999999998
2013-12-23,0.12446847254732575,0.12651877056091043,0.006445387517557355,0.019349000000000005
2013-12-24,0.12406886327805396,0.126236766472964,0.003913787452674039,0.02319299999999999
2013-12-26,0.12384477314012435,0.12643835082281438,0.0038918316130156783,0.01735600000000001
2013-12-27,0.12391900674504452,0.12607146797359303,-0.0013983438823589045,0.021268999999999982
2013-12-30,0.12377659001056728,0.12560012716212,0.000800287050081061,0.02451700000000001
2013-12-31,0.12378108459775397,0.12591292426901832,0.003124478857525842,0.02906700000000001
2014-01-02,0.12351851491280362,0.12749306242964487,0.020031756949671575,0.022437999999999986
2014-01-03,0.1243526448311368,0.12737121135696558,0.01968383463899151,0.02532699999999999
2014-01-06,0.12518964497608098,0.12805030048369823,0.02821597064801977,0.02216499999999999
2014-01-07,0.12722700300550846,0.12741239184021863,0.02103268442925306,0.02440600000000001
2014-01-08,0.12843391730267317,0.12741516405913314,0.027037327739706685,0.02456
2014-01-09,0.12911222806007044,0.12710492244786106,0.02567734540112253,0.023936999999999986
2014-01-10,0.1260518428003168,0.12603082685606648,0.007846338632674837,0.02260899999999999
2014-01-13,0.1261739190600803,0.1267508225222101,0.013022095879119483,0.018389000000000016
2014-01-14,0.12759914226307836,0.12672006145223663,0.012569580726648058,0.02113100000000001
2014-01-15,0.12778389951001096,0.12685932527438942,0.014540647447299798,0.017863000000000018
2014-01-16,0.12896932086139473,0.1264827250353775,0.011000311042555722,0.016380000000000006
2014-01-17,0.1299680814973111,0.1256163700479545,0.0067317095292446505,0.021082000000000017
2014-01-21,0.13022026852979446,0.12489226936970121,0.01726356387639047,0.010629000000000013
2014-01-22,0.13053750596527963,0.1248937111942881,0.015604535386534626,0.02148599999999999
2014-01-23,0.1313428050304991,0.12648528784032317,0.02080367809678521,0.020699999999999996
2014-01-24,0.1300414119723207,0.12738182766628567,0.02851894350875532,0.01863300000000001
2014-01-27,0.1296644609380694,0.12808396740171302,0.03489844165363046,0.014033000000000018
2014-01-28,0.12997583405232918,0.12801984489921717,0.03806529104568594,0.009627999999999998
2014-01-29,0.1260504066670541,0.1282577196156484,0.01657115191914768,0.021769999999999984
2014-01-30,0.12650892942589959,0.1277823902114581,0.003197615169984458,0.021653000000000006
2014-01-31,0.12675905011717054,0.12758777755866546,0.0018985458350205542,0.02443300000000001
2014-02-03,0.12390268938599582,0.12832473414998471,0.006421795393688312,0.02371000000000001
2014-02-04,0.12308979712980062,0.12961125196387585,0.005411392983906499,0.021890999999999994
2014-02-05,0.12353053423659688,0.1295763554550653,0.0073895314068508355,0.023733000000000004
2014-02-06,0.12384567140255968,0.12907233425237583,0.003800454799867292,0.021572000000000008
2014-02-07,0.12531283509612473,0.12758614549697278,-0.002074266621173021,0.017999000000000015
2014-02-10,0.12499746564586196,0.12705816060861314,-0.007274923056525356,0.023281000000000024
2014-02-11,0.1258783702634849,0.1267137485766754,-0.004587014138587114,0.017192000000000013
2014-02-12,0.12695062307737748,0.12649894114792432,-0.007930451234335723,0.02251099999999999
2014-02-13,0.12709841913890146,0.12677398667837655,-0.005430310300822638,0.0064579999999999915
2014-02-14,0.12706615255501072,0.12562032154878316,-0.015126396663735317,0.010133000000000003
2014-02-18,0.12740753493381016,0.1267424721635679,-0.022363228004821142,0.017671000000000006
2014-02-19,0.12755610471738837,0.12726264295582237,-0.021665697104573944,0.017755000000000007
2014-02-20,0.12682553580243464,0.12750237730882563,-0.02085333253500886,0.010664000000000007
2014-02-21,0.126378529374415,0.12663623634926516,-0.031562772262754626,0.01652999999999999
2014-02-24,0.12545104126023,0.12683741189200576,-0.028730221786207294,0.015863000000000016
2014-02-25,0.12497288902147052,0.1267000714764551,-0.029580785284523653,0.02201099999999999
2014-02-26,0.12497908522730371,0.12636934220886814,-0.028487027680106594,0.016724000000000003
2014-02-27,0.12455650191913722,0.1262756979085668,-0.0317457903283898,0.014688999999999994
2014-02-28,0.12425636416469836,0.12588813157825157,-0.012960286850437167,0.015144000000000005
2014-03-03,0.1238156027734647,0.12666660474152017,-0.007680503306995795,0.018531000000000006
2014-03-04,0.12403270467054317,0.1252597626912353,-0.00046173308486033293,0.01689299999999999
2014-03-05,0.12388236064915635,0.1253123556270259,0.007648206140424038,0.018636
2014-03-06,0.12366177884170154,0.12537823945811505,0.005583139016411276,0.01632900000000001
2014-03-07,0.12378877932504813,0.12566250393327058,0.00823681561105219,0.00884900000000001
2014-03-10,0.12389247860206781,0.1259241582844405,0.00855474730262494,0.009356000000000003
2014-03-11,0.12378718101761843,0.12546155060200423,0.002859989683530753,0.015285000000000007
2014-03-12,0.12363459348541009,0.12538922831686508,0.004079987817301997,0.007604
2014-03-13,0.12499014285987135,0.12525728752250917,0.00047593221417678577,0.015649999999999997
2014-03-14,0.12461676203373145,0.1260686758234851,0.006921777180548802,0.00887099999999999
2014-03-17,0.12645778093561727,0.12530000353044055,-0.002067363430205832,0.021629999999999983
2014-03-18,0.1267366706943092,0.12534003080444628,-0.0011039310556351795,0.01740999999999998
2014-03-19,0.12559876933775047,0.12557788210981333,-0.008182685722629701,0.017266000000000004
2014-03-20,0.12482096198316166,0.12558600857044683,-0.00939931484764217,0.014213000000000003
2014-03-21,0.1242825288840595,0.12519846398494286,-0.015007107983422183,0.015607999999999997
2014-03-24,0.12461755962531075,0.12561290417567506,-0.00864956573476866,0.015981999999999996
2014-03-25,0.12408488150697324,0.12615772474877288,0.0019907119862729444,0.003136
2014-03-26,0.12426599219159493,0.1257664610337626,-0.0034768710797940666,0.016092999999999996
2014-03-27,0.12406640131109116,0.1259710888680035,-0.0015643011813989416,0.009759000000000004
2014-03-28,0.12478518544582809,0.12554108964536217,-0.0054117805392990825,0.018874000000000002
2014-03-31,0.12504571827495672,0.12519046726902508,-0.00902352278554186,0.017016000000000003
2014-04-01,0.12510696471578794,0.12540261462434593,-0.006660505092140126,0.017895999999999995
2014-04-02,0.12614990133099652,0.1258150701625304,-0.0019510160404536958,0.018005999999999994
2014-04-03,0.12637860658808103,0.12573754062634568,-0.004119187365942245,0.016829999999999998
2014-04-04,0.1248651417334521,0.1256758184717244,-0.006549585755034157,0.01903600000000001
2014-04-07,0.12422479397686619,0.12591263105231437,-0.002703124865427592,0.020697999999999994
2014-04-08,0.12267565395310583,0.12504082846900547,-0.006515470974576373,0.01800199999999999
2014-04-09,0.12168771432195845,0.12460663235203719,-0.007471037893888893,0.015134000000000009
2014-04-10,0.12149369789893176,0.12443865329236406,-0.007721584235914847,0.018890000000000004
2014-04-11,0.1215225198875763,0.12466014754166702,-0.0031159186350605272,0.017655000000000004
2014-04-14,0.12123302802182909,0.12452355461748256,-0.005750057081377671,0.02011600000000001
2014-04-15,0.1201156156518405,0.12476327951342954,-0.0057222298586612624,0.02360000000000001
2014-04-16,0.1200389378720541,0.12496904629182747,-0.010616279020532235,0.018784999999999996
2014-04-17,0.11952081904213081,0.12545013778312983,-0.009358850445997102,0.023822999999999983
2014-04-21,0.11865575127860985,0.12588160823011024,-0.0006215078217657738,0.016876000000000002
2014-04-22,0.11835181491072896,0.12567413671390865,0.004245259623482683,0.009089000000000014
2014-04-23,0.11780959204033808,0.1250470296970501,-0.01276184627718542,0.024137000000000006
2014-04-24,0.11702498444465678,0.12569273914127313,-3.357491587693828e-05,0.015958
2014-04-25,0.11702942688143812,0.12582923476800636,0.0023028959612629296,0.01116399999999998
2014-04-28,0.11770151863088354,0.12562833651908104,0.004054681809821825,0.001361000000000001
2014-04-29,0.1181985220154878,0.12563770761010076,-0.0022912272720908983,0.014496000000000009
2014-04-30,0.1173536413777365,0.12515958826649543,-0.016470766385425342,0.014254000000000017
2014-05-01,0.11676214334777904,0.12525780100801584,-0.018029078380158672,0.018859
2014-05-02,0.11535403070938965,0.1258051344153558,-0.012740591056393108,0.017998
2014-05-05,0.11976305364668542,0.12573475853442098,-0.015737888271911887,0.023727000000000012
2014-05-06,0.12156818259740851,0.12561526566382963,-0.013732390083152385,0.023834000000000008
2014-05-07,0.12194338037705478,0.12547762158901107,-0.016298749419056083,0.025577000000000003
2014-05-08,0.12243941907292795,0.12571866094865697,-0.0037424596624674455,0.018399999999999986
2014-05-09,0.12117543752379883,0.12564241743171717,-0.00756512026583947,0.01793
2014-05-12,0.12100310023410302,0.1256807319257646,-0.0029711174697262255,0.016571000000000002
2014-05-13,0.12005189985029138,0.12565635926332305,-0.0045550281588971064,0.012166999999999983
2014-05-14,0.1200053828502423,0.12294636763241583,-0.014947929108934721,0.016126000000000015
2014-05-15,0.11883523679128649,0.12225390085146931,-0.009442154399941366,0.01155600000000001
2014-05-16,0.11953738531676737,0.12269527140501667,-0.011870339175027458,0.016260999999999998
2014-05-19,0.11960009527937848,0.1230399154559087,-0.009997367283910027,0.012672000000000003
2014-05-20,0.11872814846120915,0.1230399154559087,-0.010796343439032685,0.012551999999999994
2014-05-21,0.11852132510770598,0.1220495434306907,-0.016514173765836887,0.014629000000000003
2014-05-22,0.11863796015268754,0.12162624303211274,-0.013208467986435934,0.007715
2014-05-23,0.11937152223781122,0.12216557210515298,-0.015695637036268528,0.010396000000000002
2014-05-27,0.11920090873751936,0.12171167412360821,-0.01086270841461813,0.011526000000000008
2014-05-28,0.11980276142890227,0.12277316336134651,-0.013155705631809608,0.013607000000000008
2014-05-29,0.11936380984938447,0.12161800789140335,-0.011718930068224623,0.009730000000000003
2014-05-30,0.11936098426167353,0.12295124571855257,-0.00895398556998829,0.009354000000000001
2014-06-02,0.11922360885997715,0.12290019020418701,-0.0024580162876844253,0.014270999999999992
2014-06-03,0.12072595696236792,0.12284404519631589,0.0033453000767426078,0.013603999999999991
2014-06-04,0.12062792825862109,0.1228308728009746,0.0031428781280345153,0.015685000000000004
2014-06-05,0.12032675312797117,0.12282065112575506,0.0015502941509779322,0.015461000000000003
2014-06-06,0.11938860660880313,0.12283382242492286,0.0012602453067783598,0.013153999999999999
2014-06-09,0.11931747750950243,0.1218030902479697,0.003632294300916411,0.012040999999999982
2014-06-10,0.11974755514195998,0.12245502981887939,0.006811259227408786,0.013603000000000004
2014-06-11,0.11996704802052238,0.12255537223435448,0.014663278470343544,0.001815000000000011
2014-06-12,0.11810937066494125,0.1216928923980067,0.004037212266422507,0.02207300000000001
2014-06-13,0.1181636486833925,0.12278918660607997,0.005244428883939736,0.016268000000000005
2014-06-16,0.11659304182390907,0.12278918660607997,0.006734236713581407,0.015181999999999987
2014-06-17,0.11708095609353633,0.12184957017857442,0.010081152849342523,0.017111000000000015
2014-06-18,0.11739373320488083,0.12209344759924706,0.012090549536525622,0.00755900000000001
2014-06-19,0.11851665813302836,0.1218605840565934,0.009428959016036492,0.002270000000000022
2014-06-20,0.1184876530279661,0.12578309542880206,0.0472789293777439,-0.032082
2014-06-23,0.11868541976497808,0.12550346692566292,0.053125959363603856,-0.029774000000000023
2014-06-24,0.11848101626535017,0.12560959189717752,0.06259713872747594,-0.021030999999999994
2014-06-25,0.11838536318620915,0.1247642244609387,0.05963754249061058,-0.02640300000000001
2014-06-26,0.11841217099031887,0.12314210939965248,0.043632958327277066,-0.0007099999999999884
2014-06-27,0.11849842597787276,0.12280025269545373,0.03510777015844445,0.003842000000000012
2014-06-30,0.11878571893258387,0.12325257307442437,0.025647451935784493,0.013738
2014-07-01,0.11959109014109122,0.12183058083094475,0.02112169959520735,0.013857000000000008
2014-07-02,0.11912261615307376,0.12215291377496622,0.018459319205647237,0.011379
2014-07-03,0.11927031144450043,0.12258518412003809,0.018529124430603283,0.010216000000000003
2014-07-07,0.12103543944754555,0.12224421349803148,0.019628519685063836,0.013308999999999988
2014-07-08,0.12077755618865862,0.12314890680059346,0.027205100960695977,0.006432999999999994
2014-07-09,0.12152939043331017,0.12243435584507588,0.023540626271635584,0.0063750000000000195
2014-07-10,0.12172701284855443,0.12227528068636669,0.021737417262135572,0.005625999999999992
2014-07-11,0.12213050625101622,0.1221948611763841,0.01867097946486586,0.00490199999999999
2014-07-14,0.12221939189251183,0.12260025382909444,0.025478986378967075,0.005040000000000017
2014-07-15,0.12846912800959864,0.1222164297466268,0.02511916779472262,0.009485999999999994
2014-07-16,0.1320768114611096,0.1220819885520586,0.026958018155582714,0.011601
2014-07-17,0.14315994906412677,0.12218222759825198,0.031491332552131046,-0.0006059999999999954
2014-07-18,0.14424400454030561,0.12144908111936453,0.03446554005869959,-0.0024220000000000075
2014-07-21,0.14697059135332857,0.12148150550936801,0.036923674534251175,-0.003020999999999996
2014-07-22,0.14759103477367075,0.12159037653146094,0.03148713958013134,0.003123999999999988
2014-07-23,0.14801877450716605,0.12140462823945948,0.029362354067995852,-0.0008080000000000032
2014-07-24,0.1482606325874456,0.12173591751338864,0.026440622885255713,0.0037319999999999853
2014-07-25,0.14860376547540188,0.12810840591496966,0.021927228568227708,0.014057999999999987
2014-07-28,0.14812818129213928,0.1286811806455531,0.03071909124509814,0.0022870000000000112
2014-07-29,0.14762766046866396,0.12883806067016704,0.027139508301374626,0.005130999999999997
2014-07-30,0.14789273061119482,0.1273438903079473,0.017414625385717156,0.0002899999999999847
2014-07-31,0.15206791927010943,0.12766408919989672,0.02293735404683163,0.0036520000000000163
2014-08-01,0.1516503655872784,0.1284470039235355,0.027944418798622833,0.0006709999999999772
2014-08-04,0.14977207930471187,0.1281981216337073,0.015782859007441724,0.004199000000000008
2014-08-05,0.14864991069194064,0.12461392842044064,0.012900711493106815,0.0049879999999999924
2014-08-06,0.1485092890977829,0.1254641002630601,0.02525177510254531,-0.00450399999999998
2014-08-07,0.14825787254106565,0.12462959486788307,0.018667453989454824,0.009250999999999981
2014-08-08,0.14953589360345998,0.12520723152056784,0.01700423294453826,0.011745000000000005
2014-08-11,0.14968094570409682,0.1252904562500689,0.02049311873243606,0.0028579999999999994
2014-08-12,0.15024169550140734,0.12841353484284376,0.01871755227894939,0.005857000000000001
2014-08-13,0.1494811811619926,0.12785339754053077,0.004718162568466189,0.006941999999999976
2014-08-14,0.15008203698160405,0.12766674374790815,0.001315370198234328,0.015925999999999996
2014-08-15,0.15037290669783177,0.1275996277945989,-0.00018479435345267192,0.009368999999999988
2014-08-18,0.15033338752392997,0.12712143682954904,-0.006125115776831225,0.016593999999999998
2014-08-19,0.15078971931056898,0.12657508584430674,-0.012046719147794982,0.014582999999999999
2014-08-20,0.15141525744655848,0.12660362965677843,-0.011106252647603704,0.009237999999999996
2014-08-21,0.15151749794804087,0.12614851205213182,-0.0206019143978214,0.018337000000000006
2014-08-22,0.15127337916825984,0.1263758028477795,-0.02344326910756933,0.012239999999999987
2014-08-25,0.15184746916025282,0.12603527386029417,-0.027033308957139415,0.012724
2014-08-26,0.1520615662495294,0.1262107175544156,-0.02283573718918165,0.008403999999999995
2014-08-27,0.15240688644688485,0.1264377624045003,-0.018018261611287403,0.004191
2014-08-28,0.15242802623905452,0.12642633450690746,-0.012404283117276246,0.017749999999999988
2014-08-29,0.15303815965374573,0.1342615419824027,-0.006458318401054153,0.013028999999999999
2014-09-02,0.15516735021574113,0.1333235426334742,-0.0064208202717997015,0.014760999999999982
2014-09-03,0.15653045073771027,0.13358018694316368,0.009946196041234381,0.011616000000000001
2014-09-04,0.1563476940463776,0.13416841389756362,0.020202151102217056,0.0021690000000000043
2014-09-05,0.1566333694366648,0.13393489281964166,0.010154277641383186,0.01593399999999999
2014-09-08,0.1566155728858829,0.13441680995560684,0.01844112985963811,0.015016999999999989
2014-09-09,0.15662669999322587,0.13446949520760562,0.019881433889517935,0.015598
2014-09-10,0.1570047191573471,0.1340958965605371,0.020090616699178887,0.016185000000000005
2014-09-11,0.1571821560664228,0.1356364384544677,0.03347407893525814,0.0007930000000000159
2014-09-12,0.1574354923671215,0.13484682478277576,0.032995999208006055,0.012141999999999986
2014-09-15,0.15835736435817102,0.1345001976790337,0.027510996077832875,0.015563000000000021
2014-09-16,0.15891055192010325,0.1345834194916748,0.0292534608884516,0.01804900000000001
2014-09-17,0.15950952934289064,0.13379496054752274,0.016629783126974107,0.014706999999999998
2014-09-18,0.15876811475891284,0.13536329416865905,0.024944073357706,0.006187999999999999
2014-09-19,0.1596739341073695,0.13434261402619957,0.016301978962454083,0.006657999999999997
2014-09-22,0.15992495632375037,0.13452304556360434,0.013810510829629516,0.011909000000000003
2014-09-23,0.16062916950335812,0.13431409028053906,0.015625071428511078,0.008122999999999991
2014-09-24,0.16057250082422145,0.1344648603279415,0.016785612671892255,0.015410999999999994
2014-09-25,0.16145694543708808,0.13515676811821326,0.025451826978792974,0.00930800000000001
2014-09-26,0.16217138235039932,0.1343151186358358,0.013197569099302045,0.015727999999999992
2014-09-29,0.16270339199290954,0.13533930203279612,0.021996301496049267,0.00534599999999999
2014-09-30,0.1625154311391002,0.13481790121660703,0.014563346955976164,0.014567999999999998
2014-10-01,0.16308168728468075,0.1358941638156777,0.029940668528725817,0.011367000000000016
2014-10-02,0.16332355577973098,0.13559688081140867,0.023719835567089537,0.01999200000000001
2014-10-03,0.16254503942895285,0.1358694838405432,0.02665060092091516,0.003706000000000015
2014-10-06,0.16393403208500462,0.14325785488320003,0.020810920612195277,0.019875000000000004
2014-10-07,0.1639515972798201,0.13310072604989565,0.01809989832134845,0.024048999999999987
2014-10-08,0.16355815471460458,0.1336208840063834,0.03578368327657136,-0.00739999999999999
2014-10-09,0.16302815777197704,0.13276615008377785,0.01631034755310312,0.019344
2014-10-10,0.16309912518972808,0.13257095144759526,0.01715953022387387,0.021093
2014-10-13,0.160238454430883,0.1285207394146051,0.01254096392717513,0.02585700000000002
2014-10-14,0.15766740086378944,0.12909808917538462,0.014514073003676187,0.019039
2014-10-15,0.14850367159577,0.12878155518314177,0.0009611424778779298,0.021123000000000003
2014-10-16,0.14714920108320806,0.12888168136390196,0.008263670688508168,0.01763400000000001
2014-10-17,0.14450093201609185,0.12843566535003173,-0.006819977089229462,0.02160099999999998
2014-10-20,0.14519359119126443,0.12839666113545645,-0.011674992319329669,0.014568999999999999
2014-10-21,0.14554838915950785,0.12786831634725693,-0.023068187418753466,0.012564999999999993
2014-10-22,0.14541330575311495,0.12765156360662708,-0.009164057426715222,0.0010500000000000231
2014-10-23,0.1454162030430216,0.1263588748309123,-0.037383288239547646,0.027627999999999986
2014-10-24,0.14582694030779572,0.12677369874920758,-0.028187209573234534,0.021504999999999996
2014-10-27,0.1480010628650658,0.1267835338391476,-0.024804482412731088,0.017498000000000014
2014-10-28,0.14683398908377723,0.1266796791863867,-0.03143708745794346,0.032676999999999984
2014-10-29,0.14576743475214488,0.12676940778957316,-0.029210984765924847,0.0071209999999999885
2014-10-30,0.146733415851983,0.127200100342046,-0.024242767013571254,0.020759
2014-10-31,0.1456370189314697,0.12647291445202488,-0.051142855791464076,0.020362999999999992
2014-11-03,0.14925228233840052,0.12613406722005055,-0.05926700190362627,0.028969999999999996
2014-11-04,0.1502248388408462,0.1261482357567146,-0.055528311339676756,0.028822000000000014
2014-11-05,0.152839299800985,0.12640854663307358,-0.04962965660846971,0.030949000000000004
2014-11-06,0.15192224367032328,0.1267428067206822,-0.04442102528717082,0.017003000000000018
2014-11-07,0.1525567059767276,0.1264591317881171,-0.052008280060405365,0.021778999999999993
2014-11-10,0.1539709123561732,0.13781030226819363,-0.059857699125428016,0.029351000000000016
2014-11-11,0.156355940854749,0.13743937271527953,-0.049387634650693374,0.030636000000000024
2014-11-12,0.1578534366283185,0.13729798893246367,-0.042553351373630255,0.022208000000000006
2014-11-13,0.15911469047804377,0.13685773786405891,-0.01611097618373647,0.024886999999999992
2014-11-14,0.16126786962971493,0.13674599264475706,-0.007721844302141734,0.021975999999999996
2014-11-17,0.1616095490091062,0.1376485242494477,0.010471018511424596,0.013718000000000008
2014-11-18,0.16201870732504692,0.13694663936623977,0.006060135098872349,0.02209899999999998
2014-11-19,0.1619463100301621,0.1362063189192934,-0.0022558287543336386,0.02332099999999998
2014-11-20,0.16249204006850135,0.13569343754607435,-0.010192262690108284,0.020724999999999993
2014-11-21,0.16306683256154642,0.13581420317488543,-0.012417652350522113,0.01791799999999999
2014-11-24,0.16277072024353367,0.13585711483106933,-0.020907771539144165,0.02290500000000001
2014-11-25,0.16288341184979366,0.13565917235890368,-0.021523247744425017,0.022606000000000015
2014-11-26,0.1644777674822727,0.1353581440026969,-0.014914868716640078,0.019629000000000008
2014-11-28,0.1648574226901811,0.13609629625431854,0.005187945525761323,0.03640900000000001
2014-12-01,0.16180760484653703,0.13397055212274633,0.0043385872343788545,0.023113999999999996
2014-12-02,0.16081187921629353,0.13358753547191665,-0.000460730300269524,0.028559
2014-12-03,0.16140471112192342,0.13306316536301951,-0.007916401372491721,0.02673299999999998
2014-12-04,0.16142890240398927,0.13302715552622496,-0.008233112034795487,0.026952000000000004
2014-12-05,0.16266361140832855,0.13310078658390467,-0.009245374564168962,0.017817
2014-12-08,0.1633164428509433,0.1334668696138802,0.0031951499661941607,0.020231
2014-12-09,0.1634062770239447,0.1329719910141725,-0.00225073291939909,0.02923500000000001
2014-12-10,0.16370714903528527,0.13366958926219813,0.006517113718386869,0.019292999999999977
2014-12-11,0.1640660118775378,0.13432949640689285,0.011502397966315664,0.017572000000000004
2014-12-12,0.16320730657109994,0.13436703743252626,0.013421280909894029,0.015206999999999998
2014-12-15,0.16593772048840844,0.13478656694579388,0.0221793281798148,0.008356000000000002
2014-12-16,0.16547948307792315,0.143450605176411,0.012404467024878796,0.004727000000000009
2014-12-17,0.16550326467637907,0.14379213673279553,0.01200274613088434,0.007508999999999988
2014-12-18,0.16463945484603001,0.1426618858014724,0.005523315054804079,0.0033150000000000124
2014-12-19,0.16552588169889162,0.14177360899461675,-0.018770906273202992,0.017633999999999997
2014-12-22,0.16581364225606535,0.14207853444839932,-0.01747358875437427,0.012134999999999993
2014-12-23,0.16654787142067853,0.14178189050948833,-0.01944823485979831,0.016793000000000002
2014-12-24,0.1663640857077285,0.14266541493223012,-0.00650056489467335,-0.004232999999999987
2014-12-26,0.16541056054128744,0.14327592342353257,0.004128737341842076,0.031365000000000004
2014-12-29,0.1648857603324275,0.14404188757572828,0.017509635213168118,0.02077800000000002
2014-12-30,0.16595924443798113,0.14349595471959373,0.009760605277719131,0.020309999999999995
2014-12-31,0.16492453668925722,0.13960300579120397,0.01908762753821522,0.024037000000000003
2015-01-02,0.1653868114941619,0.1419378077986277,0.038106487954091495,0.007487000000000021
2015-01-05,0.16544486199753958,0.13993199565017292,0.02270284404025294,0.033419000000000004
2015-01-06,0.16428990906079846,0.144660442823412,0.031387183963008436,0.02479999999999999
2015-01-07,0.1641519169345028,0.14397471470562503,0.01873555140622049,0.01872400000000002
2015-01-08,0.16445844651345812,0.14293988459702847,0.003885442253831861,0.02538399999999999
2015-01-09,0.16453152273546362,0.14269738893531483,0.005638698075675158,0.019927
2015-01-12,0.16423331393767857,0.14292585226101787,0.006062285762005931,0.01674500000000001
2015-01-13,0.16329510953202564,0.14269748287703296,0.007845059901440354,0.021845000000000003
2015-01-14,0.16307559743352876,0.14376064289952328,0.014895157706011325,0.01924899999999999
2015-01-15,0.162573587709308,0.1459971430626955,0.023747877552441815,0.017730999999999997
2015-01-16,0.1640939891217904,0.14593258510712165,0.009371721104000752,0.030930999999999986
2015-01-20,0.1652752719292015,0.14760171988704868,0.013510151391166236,0.015751999999999988
2015-01-21,0.1646203730942409,0.14762987511037326,0.01035880344337392,0.008940999999999977
2015-01-22,0.16432706773319658,0.14707211610089027,-0.003409568500846033,0.016793000000000002
2015-01-23,0.16486007947522152,0.14929859598986345,-0.0074619277927849,0.017425999999999997
2015-01-26,0.16495460139007873,0.1513766600063037,0.006227229829133901,0.003936999999999996
2015-01-27,0.16513880371658013,0.14869282715337098,0.002902731277373616,0.018422999999999995
2015-01-28,0.16417599058935184,0.1487193187737911,0.0010748134296745537,0.025239999999999985
2015-01-29,0.16378432823728303,0.15051977278018092,0.01639298119923588,0.030932000000000015
2015-01-30,0.16075512592128538,0.14321928945856433,0.03578837640552329,0.04611100000000001
2015-02-02,0.1604906106929424,0.14334679741303244,0.022382569594956492,0.039693000000000006
2015-02-03,0.16075543398089887,0.14283500311548064,0.016386891912867435,0.04067699999999999
2015-02-04,0.15840306183782712,0.13892708046126492,0.0006569746938471788,0.03340799999999999
2015-02-05,0.15748646377764194,0.13886595590552392,-0.007695962378674398,0.050378000000000006
2015-02-06,0.1564911649923026,0.137799795202029,-0.01886270400906906,0.027424999999999977
2015-02-09,0.15673598821952306,0.13990108798582299,0.0064865940629316166,0.02767699999999998
2015-02-10,0.15612090848801355,0.13891443639268558,-0.008887491577444173,0.030348000000000014
2015-02-11,0.15434910054311438,0.1401358576662802,-0.0001480342702933901,0.023681000000000008
2015-02-12,0.15205984850321824,0.14052305275368823,-0.0070916040963875104,0.025643
2015-02-13,0.1504853539559806,0.13946220339464507,-0.005051482755358577,0.029285000000000005
2015-02-17,0.1483431347250841,0.1388469275690802,-0.004146462718339627,0.03215899999999999
2015-02-18,0.1457352260230331,0.14066416166094023,0.005642724442260133,0.018131000000000008
2015-02-19,0.14480749364388718,0.13993189703963918,-0.007618586298934971,0.01536599999999999
2015-02-20,0.14422430901608382,0.14177446306744468,0.0023928559320179343,0.002346999999999988
2015-02-23,0.14446317157314342,0.13907465810672526,-0.014785866379223689,0.024943999999999994
2015-02-24,0.14446984163549803,0.13828732936114313,-0.022260378533584285,0.02399699999999999
2015-02-25,0.14450900291186328,0.13942975550556627,-0.02726936124194851,0.013829999999999981
2015-02-26,0.14460642555310396,0.13888492849895584,-0.02498417735664185,0.011262000000000022
2015-02-27,0.1449163299310571,0.13776189252490842,-0.024245708802308336,0.009040999999999993
2015-03-02,0.1432907372863571,0.13914858514157571,-0.026299084161886976,0.012162000000000006
2015-03-03,0.14333498492711325,0.1387698433758566,-0.023019659611230064,0.020886000000000016
2015-03-04,0.14404138963600951,0.13837679065365222,-0.0191701204352564,0.023752000000000023
2015-03-05,0.14453869855839271,0.13999095037925238,-0.018100440582043797,0.011775000000000008
2015-03-06,0.14391591721310631,0.14065055581044333,-0.003963892043810424,0.021566000000000002
2015-03-09,0.14432674552553368,0.1431841608519909,0.0039159667411030885,0.014144999999999991
2015-03-10,0.1425882113421862,0.14224786190110578,0.011774613730173328,0.015294000000000002
2015-03-11,0.1416555246317222,0.14364689912451284,0.012375950639300415,0.018576999999999982
2015-03-12,0.14102658576880384,0.1442321541519212,0.01179709652483596,0.0022669999999999912
2015-03-13,0.14025675281018826,0.14421555946305933,0.017011136179726494,0.014841999999999994
2015-03-16,0.1388626897757828,0.142916103538831,0.018866896459909493,0.021457000000000004
2015-03-17,0.138862041879298,0.14406334551392505,0.01972523311966598,0.019457000000000002
2015-03-18,0.13526162894568147,0.14346973825006237,0.03095176166933339,-0.010794999999999999
2015-03-19,0.13449913672536806,0.14089219964684804,0.007321903413831321,0.02213699999999999
2015-03-20,0.13443187490017036,0.14162308958300665,0.0016828742275493414,0.01790899999999998
2015-03-23,0.1347472083525844,0.14205643977656068,0.00384716169400795,0.010649999999999993
2015-03-24,0.13350803778571577,0.1406641819153956,-0.0069597041565254425,0.024949
2015-03-25,0.1325966855819248,0.14082398551545167,0.0027706695351094324,0.02310899999999999
2015-03-26,0.13161205713196317,0.1417335269715865,0.012818575218906253,0.021145999999999998
2015-03-27,0.1314017479072165,0.14156696683258302,0.007576250678498514,0.028752
2015-03-30,0.1325716267030455,0.14137937040701948,0.004329705497026742,0.029302999999999996
2015-03-31,0.13213675076697634,0.14055084792738157,0.008142580123430249,0.035814999999999986
2015-04-01,0.13033196462215305,0.14109236275216652,0.01037590373064215,0.027455000000000007
2015-04-02,0.13046083056425428,0.13965176716943709,0.0019789304147707076,0.036139000000000004
2015-04-06,0.1297283084064143,0.13914554777352023,0.0009038407745137755,0.030712000000000017
2015-04-07,0.13157930039940907,0.13158213703112107,0.000507904766537004,0.030753000000000003
2015-04-08,0.1317573466053304,0.1329566916732077,0.005823274649970234,0.025278999999999996
2015-04-09,0.13310161079818109,0.1320253183973991,0.001969900303436134,0.027489999999999987
2015-04-10,0.1330884915026612,0.13176046664033644,-0.005452017286239369,0.03694700000000001
2015-04-13,0.13340436318976093,0.13394670348462231,-0.004079250515506672,0.035473000000000005
2015-04-14,0.134083910935612,0.1344468180438484,0.0011835497018836683,0.026529999999999998
2015-04-15,0.1331031283136771,0.13361688778263353,-0.0021300022312233935,0.02862400000000001
2015-04-16,0.13255147107840676,0.13324331994060626,-0.008250473764432942,0.030778
2015-04-17,0.13203465733904257,0.12959829700500594,0.003108042165404945,0.03658700000000001
2015-04-20,0.13006597312179585,0.13293848696357696,0.01823070341950317,0.018120999999999998
2015-04-21,0.128603747063648,0.1325440959988202,0.004480839976494594,0.01697399999999999
2015-04-22,0.1283230054565727,0.13218651761480935,0.005844845283771827,0.02187800000000001
2015-04-23,0.129806152866519,0.13209865249274635,0.0051613114280591454,0.016497999999999985
2015-04-24,0.12915363144146552,0.13150133021680235,0.005328021379050002,0.019973999999999992
2015-04-27,0.12936265531308566,0.13175619361789737,0.009158511482330073,0.023080000000000017
2015-04-28,0.1289164242138208,0.13220699474089714,0.008062803361609167,0.017074000000000006
2015-04-29,0.1282874423112808,0.13155871210840184,0.0029833335099294367,0.013799000000000006
2015-04-30,0.12851849498559081,0.1318304463525411,0.011818031277514768,0.018881999999999982
2015-05-01,0.12878225996398876,0.13011189012789035,0.00440935449069349,0.02634800000000001
2015-05-04,0.12757973373340004,0.13031835582973475,0.0037065074735847248,0.023991999999999986
2015-05-05,0.12671595046872625,0.13099972489411196,0.012027831511284615,0.024053999999999992
2015-05-06,0.12513087857959077,0.13250371328411129,0.013960289208650306,0.016892000000000018
2015-05-07,0.12572713960719906,0.13281194924516668,0.0147561080521037,0.022391000000000022
2015-05-08,0.12482764069049913,0.13107480077593278,-0.0040394001715166605,0.027112999999999998
2015-05-11,0.12442172272618422,0.13486424104292866,0.034257912376872784,0.022221999999999992
2015-05-12,0.12636068740929488,0.13293793614335217,0.02284132168491876,0.028082999999999997
2015-05-13,0.12705030911402948,0.13479045480450175,0.022633044431945082,0.017426999999999998
2015-05-14,0.1274977072180693,0.13242169811423984,0.014135836250077721,0.028897000000000006
2015-05-15,0.1271554136885618,0.13335089922143833,0.011223050673699303,0.029867000000000005
2015-05-18,0.12683375564163005,0.13178144147862078,0.007313806463729838,0.029775999999999997
2015-05-19,0.12669101251972129,0.13180626901431608,0.01081651711889825,0.029459000000000013
2015-05-20,0.1274776378022924,0.12977248950090314,0.015206434212180459,0.024548999999999987
2015-05-21,0.1298026103574532,0.13293647574392164,0.01626751005635449,0.025109999999999993
2015-05-22,0.13043871693140172,0.1318881837343466,0.017446061732829476,0.019041000000000002
2015-05-26,0.14468867167636618,0.13715875539111155,0.04291584208157634,-0.004341999999999985
2015-05-27,0.1479374769962677,0.13411806052328212,0.02639418272908209,0.019181000000000004
2015-05-28,0.14944166262255154,0.13317376979679685,0.01845790216718457,0.027812000000000003
2015-05-29,0.15032550793883848,0.13514100199512372,0.02528346986791652,0.015222000000000013
2015-06-01,0.1522984423772613,0.13382604519097924,0.02366710248871648,0.022375000000000006
2015-06-02,0.15318164171389967,0.13324986196360583,0.02769459466848767,0.015338000000000018
2015-06-03,0.1531514782788765,0.13276946395477904,0.024219641905964734,0.017413999999999985
2015-06-04,0.15362765769385145,0.13325285273208362,0.020486762992482754,0.02368300000000001
2015-06-05,0.15355146912790893,0.13314589131985974,0.029704687469617824,0.026008000000000003
2015-06-08,0.15317102683130907,0.13468748284140875,0.03249197197686829,0.021259
2015-06-09,0.154082199215008,0.13419529128631402,0.038678135726709195,0.023183999999999982
2015-06-10,0.15430474331922012,0.1338935984420103,0.031200755749400677,0.02151
2015-06-11,0.1549738315552838,0.13444576303086317,0.028233133572883207,0.023242000000000013
2015-06-12,0.15512956617036106,0.13467208079479304,0.036031816441600875,0.017240000000000005
2015-06-15,0.15539547755440672,0.13553244544809326,0.04121596480660972,0.017804000000000014
2015-06-16,0.1553811838148478,0.13189739698676647,0.029884144886046696,0.024366
2015-06-17,0.15552365300528967,0.13971007173172625,0.04867027845228916,-0.007938
2015-06-18,0.15813747508199785,0.13295215103204822,0.016764933573559848,0.022390999999999994
2015-06-19,0.16021272463902636,0.13377523845377856,0.01104790503494471,0.020378000000000007
2015-06-22,0.16002804848280755,0.13265144771375303,0.015299222119865633,0.02194299999999999
2015-06-23,0.16031188169722735,0.13272432738550827,0.011719023565596579,0.01893600000000001
2015-06-24,0.16041982448744746,0.13462230435664935,0.016876345284726535,0.017655999999999977
2015-06-25,0.1608766088492118,0.13534673393535418,0.024874560700975254,0.011891000000000013
2015-06-26,0.16361441477901822,0.1328689036390967,0.020834539539785785,0.021627000000000007
2015-06-29,0.16291293712307045,0.13714583612930872,0.034070945540055686,0.025437000000000015
2015-06-30,0.16320660436970288,0.1366138008074394,0.03248871611264148,0.023900000000000005
2015-07-01,0.16396812092024352,0.13466963879961197,0.031592618426627875,0.023034
2015-07-02,0.16564008274676845,0.13344431780681426,0.030579966780163642,0.02373900000000001
2015-07-06,0.1669531234229474,0.1346766009235379,0.03315391938721393,0.022485000000000005
2015-07-07,0.16616603761908358,0.1324358614600685,0.02658328299535767,0.04325799999999999
2015-07-08,0.16580234020676082,0.13475826953145442,0.029762718234153773,0.031018000000000018
2015-07-09,0.16392699810280623,0.13506761351579877,0.027483013968691877,0.03062999999999999
2015-07-10,0.16345932931515955,0.13518274289470092,0.022497247630075767,0.027257000000000003
2015-07-13,0.1628518058202009,0.13393075698486975,0.011510878201016178,0.027475
2015-07-14,0.1628694342325386,0.1329539917814396,0.0009713384314513351,0.029008000000000006
2015-07-15,0.16329364581202224,0.13510796977104042,0.011768453479518437,0.021265000000000006
2015-07-16,0.16325550218575327,0.13519167809494168,0.00702299694143127,0.008994999999999975
2015-07-17,0.16352219481655036,0.1329656698555974,-0.0008581472213113617,0.021871
2015-07-20,0.1632081100532217,0.13745355042059212,0.02677096018915326,0.007197000000000009
2015-07-21,0.16376098064542327,0.1370692780374328,0.02845088207298546,0.013927999999999996
2015-07-22,0.16390431775763514,0.13561717016484864,0.018100206059882495,0.016165000000000013
2015-07-23,0.16284845063933756,0.14780275724674974,0.018246019086117976,0.018212000000000006
2015-07-24,0.16276586874587423,0.14823422874684672,0.023301949917920478,0.020985000000000004
2015-07-27,0.16251708215634394,0.148783575189312,0.03769889182430991,0.022231
2015-07-28,0.1627084377629135,0.14625735341404877,0.01538640431119992,0.02209999999999998
2015-07-29,0.16207030098357933,0.14839163288905807,0.027911179055488622,0.003803999999999974
2015-07-30,0.166812221535722,0.14756819769520618,0.021912186625946323,0.009173999999999988
2015-07-31,0.16851776637522128,0.14468012520738244,-0.0017424187878099795,0.019977999999999996
2015-08-03,0.16881312491343062,0.1459125578485812,0.0057702223292790955,0.018066
2015-08-04,0.16939024629693136,0.146179655846443,0.012511598061488938,0.022286
2015-08-05,0.16996835288882078,0.14647366521927135,0.01670829668590018,0.020584999999999992
2015-08-06,0.16905653605483856,0.14964774324591548,0.03448891594914813,-0.008128999999999997
2015-08-07,0.16797169998041014,0.14786368074186168,0.018612498487247955,0.01420100000000002
2015-08-10,0.1701335237514389,0.1471473646062663,0.01882558834278651,0.01591899999999999
2015-08-11,0.16937260661243034,0.14733861128690062,0.01622626516238182,0.015201999999999993
2015-08-12,0.1685110766643696,0.1503004297863464,0.03386244903594332,0.0012560000000000071
2015-08-13,0.16837116166664814,0.14969498974962583,0.022247415649101848,0.011014000000000024
2015-08-14,0.16936698577136558,0.15035619528208677,0.023813274857281908,0.002716000000000024
2015-08-17,0.17006727650978157,0.1497544891618246,0.017252176922210344,0.01433899999999999
2015-08-18,0.17040584039342038,0.1494998908844937,0.01870702963907031,0.014733999999999997
2015-08-19,0.17185220314780705,0.14984319084217468,0.0187729665145131,0.011265999999999998
2015-08-20,0.17059761857608174,0.14867403590531078,0.016724139496531037,0.010191000000000006
2015-08-21,0.17003532394460447,0.1464466620785459,0.030839374024694666,0.014434000000000002
2015-08-24,0.158054555087092,0.14648447144345958,0.06305699301835341,-6.0000000000060005e-06
2015-08-25,0.1546096104999623,0.14514129556114044,0.04526605584148624,0.013626
2015-08-26,0.15340260252885884,0.13972721220537482,0.026029361662270017,0.026587
2015-08-27,0.15240937625019246,0.14898422465565847,0.02000214211382853,0.032249
2015-08-28,0.15013767545982115,0.14774363178172684,0.011799006083005464,0.029968999999999996
2015-08-31,0.14832576264069353,0.14753393344731752,0.009345873357568618,0.02335100000000001
2015-09-01,0.14789607826876905,0.1499867635642149,0.030967333541655512,0.022716000000000014
2015-09-02,0.14765846794441168,0.148124825201594,0.008979286698468508,0.030447000000000002
2015-09-03,0.14942665795975382,0.14966621523408483,0.011715221781915364,0.023021000000000014
2015-09-04,0.14920508681882252,0.15149253155241324,0.02022132382428979,0.017178
2015-09-08,0.14884915246721306,0.14958706851680265,0.008618051273735244,0.02077100000000001
2015-09-09,0.14853930732193268,0.1473618572711402,0.007625568854033621,0.03217700000000001
2015-09-10,0.1503024231411351,0.1470643708134392,0.0073971379664579395,0.037250000000000005
2015-09-11,0.15064020765883157,0.14722575752190112,-0.00029056962642698414,0.034944
2015-09-14,0.15185262769094876,0.14994098731625033,0.012809451488306284,0.02376499999999998
2015-09-15,0.15196987226245193,0.1502776703932812,0.007890542472136636,0.020034999999999997
2015-09-16,0.1515270590328904,0.14924760278741678,-0.006889833186576544,0.023585000000000023
2015-09-17,0.14828729398535212,0.14937470910890419,-0.021075621663268762,0.01949899999999999
2015-09-18,0.1470575851591078,0.14798023583545628,-0.0322163258990589,0.026157999999999987
2015-09-21,0.14824362745038827,0.14989636149377616,-0.03481670034431922,0.02165599999999998
2015-09-22,0.14818029943344385,0.14924962609920037,-0.0192319996563812,0.017453000000000024
2015-09-23,0.14864678101738513,0.1516465910769008,0.020226538170957542,0.00869600000000001
2015-09-24,0.14878444307729521,0.15214956692313836,0.0505518210870384,-0.013108000000000009
2015-09-25,0.14509883505159707,0.15363812063809,0.030651675695790026,0.0023060000000000025
2015-09-28,0.1445714854474916,0.15232255635172692,0.03810647712031909,0.026813000000000003
2015-09-29,0.1439586585243422,0.15139023332427046,0.03211973487646358,0.032246
2015-09-30,0.14286450834989553,0.151750084728126,0.026668809052563885,0.028562000000000004
2015-10-01,0.14259920073520319,0.14879720720500367,0.02528769542276149,0.031904000000000016
2015-10-02,0.1414656121136694,0.14408289399799673,0.017453868026943847,0.03583800000000001
2015-10-05,0.14130984158085264,0.14220929937583948,0.005247726391109597,0.03309199999999998
2015-10-06,0.14193972025698848,0.1425910115521941,0.0025067739774476683,0.028367000000000003
2015-10-07,0.1429779829808861,0.14068649837724528,-0.0013413774965522762,0.030394999999999978
2015-10-08,0.14392877493408707,0.13990062180115817,-0.008297527971891538,0.03165399999999999
2015-10-09,0.1440389214153637,0.14121789863820133,-0.013345009247201722,0.04069800000000001
2015-10-12,0.1451466131308117,0.14263831371992347,-0.003744324054999304,0.015539999999999998
2015-10-13,0.14516408819694468,0.14102175412823348,-0.017357765370770634,0.029464000000000018
2015-10-14,0.14837539319717905,0.14212084258662372,-0.013500718188178995,0.029655999999999988
2015-10-15,0.14885261764157073,0.14448114265854928,-0.017304343516971687,0.023722999999999994
2015-10-16,0.14972506693647009,0.14845847717612917,-0.015805696445590156,0.02207400000000001
2015-10-19,0.15312784575949281,0.1482922881835845,0.00012326131575315924,0.03040900000000002
2015-10-20,0.15628418002595962,0.14860326938093965,0.0033426232620233642,0.023014000000000007
2015-10-21,0.15688369315831924,0.14913204516644898,0.0047019821963449615,0.023653000000000007
2015-10-22,0.15697544107998274,0.149365749249146,-0.00026053404157605486,0.015703000000000022
2015-10-23,0.15753495995312763,0.1482229753548757,0.002772150438606291,0.019885000000000014
2015-10-26,0.1579307112477983,0.14978611355698465,0.027908150701324685,0.018011
2015-10-27,0.16127531378738066,0.1499316330960899,0.023528387599659556,0.016084999999999988
2015-10-28,0.1557088136469321,0.14748041943946755,-0.00406714952958015,0.025697000000000025
2015-10-29,0.1551301318510032,0.1478315920279235,-0.010199731606646056,0.030020999999999992
2015-10-30,0.15477698805872167,0.15038569950493286,0.008913443279580602,0.013928999999999997
2015-11-02,0.16177577141907726,0.15094482471116963,0.015666234637350868,0.012924999999999992
2015-11-03,0.16493919454926043,0.1522286143571249,0.018113489872750077,0.010963
2015-11-04,0.1685964956018525,0.1506667724659982,0.009819947673961632,0.022068000000000004
2015-11-05,0.16897409538022753,0.15073998538549357,0.005533624515303204,0.020478999999999997
2015-11-06,0.1679417290049098,0.14740765063712483,0.012424883804742715,0.026463999999999988
2015-11-09,0.1694041619669706,0.1446037857796554,0.014472903263331532,0.02407100000000001
2015-11-10,0.17054723564464727,0.14503340872091217,0.011946468560760398,0.02290399999999998
2015-11-11,0.1711505001758281,0.1450908461421716,0.01779260575773725,0.007811000000000012
2015-11-12,0.17066921953017686,0.1433481721544348,0.012277457833573618,0.02307899999999999
2015-11-13,0.17068536533049525,0.14296235567512391,0.011653501844774705,0.022984999999999978
2015-11-16,0.1715634585132449,0.14300149016982924,0.018501750872386702,0.009845999999999994
2015-11-17,0.17029848808567855,0.14189454624509093,0.01473041104393183,0.01705000000000001
2015-11-18,0.16978667981110404,0.1418526285664555,0.01255888002564906,0.011354000000000003
2015-11-19,0.16990640205140878,0.1416094032637807,0.01123244584274502,0.008936
2015-11-20,0.17032066888888653,0.14063749638792036,-0.0038880568253689685,0.02030599999999999
2015-11-23,0.16976143209423356,0.14058403482493587,-0.0056816063134167705,0.01804900000000001
2015-11-24,0.17040257118944843,0.14053011298329224,-0.007036548318099661,0.016923999999999995
2015-11-25,0.17052646956835033,0.14061293590389043,-0.013516175137930797,0.02307999999999999
2015-11-27,0.1734098211100871,0.14381114725417452,0.009339968367318069,0.021218000000000015
2015-11-30,0.17846540614970643,0.14496758119884817,0.019393004155458998,0.017337999999999992
2015-12-01,0.17910706346022942,0.1445396495255393,0.0232242226003056,0.011845000000000022
2015-12-02,0.17951642527291287,0.144221039068191,0.018360423395255343,0.02502399999999999
2015-12-03,0.1787034382300348,0.14397422858640843,0.021460596961661,0.026577000000000017
2015-12-04,0.17961490400251728,0.14400566805604662,0.014081112895125092,0.023503999999999997
2015-12-07,0.17956954662439217,0.14393767505631186,0.02739301517474929,0.014524000000000009
2015-12-08,0.18002610062275604,0.1443420258189393,0.03159208574246403,0.019496000000000013
2015-12-09,0.17809154498672414,0.1431747873441961,0.024707241019881893,0.02516199999999999
2015-12-10,0.17790810044750063,0.14317902981811623,0.024720057829663827,0.026536000000000004
2015-12-11,0.17727797148917243,0.13682900749776522,0.03576051686418255,0.028007000000000004
2015-12-14,0.1787852106087148,0.14333714926177524,0.036268937555088754,0.028414999999999996
2015-12-15,0.17886878225604572,0.14405985668523533,0.04649660876050507,0.014873999999999998
2015-12-16,0.17862058891228774,0.14520218984704497,0.02316945826187436,0.018774000000000013
2015-12-17,0.17831122632993773,0.14147677576222403,0.01706882822339406,0.017810999999999994
2015-12-18,0.17760231441484337,0.140749232707823,0.02368583723213316,0.017701999999999996
2015-12-21,0.17797016236878785,0.1405732945905073,0.020144121583324792,0.023397
2015-12-22,0.1772920964389114,0.13871449911188105,0.016983004520361833,0.018846
2015-12-23,0.17734178274298476,0.13857248417043638,0.014056128411839092,0.014296000000000003
2015-12-24,0.17766311882006472,0.13782998728467663,0.00976966205306945,0.024503999999999998
2015-12-28,0.17768670894979902,0.13952701771677684,0.009252870130595725,0.029515999999999987
2015-12-29,0.17784064857770096,0.13986969145016523,0.0009979767429829367,0.03149099999999999
2015-12-30,0.17847902500101304,0.14031258799242352,0.002814685839214459,0.031134999999999996
2015-12-31,0.17756917866899768,0.1383637301080531,0.0036816206718770506,0.04222999999999999
2016-01-04,0.17789377620359756,0.14049601541337578,0.028471363375070335,0.015021000000000007
2016-01-05,0.17746324863140658,0.14127292499661098,0.025932009934621386,0.013440000000000007
2016-01-06,0.17718172794808873,0.1413219599334251,0.021859465529010857,0.018440999999999985
2016-01-07,0.17655047806446963,0.1425962569535558,0.024067219809772306,0.02644200000000002
2016-01-08,0.17607377050306028,0.14225204232018202,0.020158647186543505,0.034553
2016-01-11,0.1762599197171275,0.14274248172573667,0.026271375188778562,0.027292999999999984
2016-01-12,0.1755872405829443,0.14179353439639353,0.02712998943209488,0.024798000000000014
2016-01-13,0.17515051261044515,0.14053354767380097,0.02762409978373176,0.027720999999999996
2016-01-14,0.17250893404606624,0.13997708480609386,0.026558103604132688,0.029781000000000002
2016-01-15,0.17229994518114797,0.13988389359659273,0.026302147902341727,0.020607000000000014
2016-01-19,0.1718650928532508,0.13979633795528593,0.02865776163270231,0.017446000000000017
2016-01-20,0.16965503764413775,0.1383625505989065,0.04335447957719163,0.02055399999999999
2016-01-21,0.16763404598859613,0.14293147249321048,0.013005214582348074,0.038387000000000004
2016-01-22,0.1667903696888612,0.14420929051009357,0.012644205812686798,0.020433000000000007
2016-01-25,0.16682406980314404,0.14357164438732864,0.008520930345661148,0.024092000000000002
2016-01-26,0.1659187218050572,0.14294086073456458,0.0029675519567786135,0.025900000000000006
2016-01-27,0.16837580838958605,0.1418102974070927,0.005644044214676014,0.022296999999999983
2016-01-28,0.16557086756200162,0.13895712228399576,-0.009423829075938916,0.019121000000000027
2016-01-29,0.16668209765485248,0.13902594547209482,-0.024460358354830153,0.018949999999999995
2016-02-01,0.16568929228730137,0.13897854540649554,-0.007560151982610175,0.013095999999999997
2016-02-02,0.16566665940519051,0.13876080602615026,-0.012865026989859002,0.020884000000000014
2016-02-03,0.15937271745589499,0.13813363477153318,-0.022522780060367786,0.031560000000000005
2016-02-04,0.1582785394268989,0.13803294718055606,-0.021862467046693618,0.030737000000000014
2016-02-05,0.1552748718193756,0.13834711026975083,-0.016622648128764766,0.016267000000000004
2016-02-08,0.15525607671132732,0.13831857623358246,-0.007539440984461937,0.02490400000000001
2016-02-09,0.15428607148781515,0.13859617381617964,0.01235698667372484,0.005600999999999995
2016-02-10,0.15188683402169054,0.1383225400477538,-0.010084244752940147,0.018413999999999986
2016-02-11,0.1526605292193576,0.13807712993433413,0.016650545339922468,0.04230299999999998
2016-02-12,0.15184569755409094,0.13767271004507178,-0.00547172527880227,0.043128
2016-02-16,0.15121478425920373,0.13756259151100428,-0.0011226779874832504,0.028429999999999983
2016-02-17,0.1529529177111744,0.13752003996707537,-0.02546097460446972,0.030143000000000003
2016-02-18,0.15359161802134502,0.1375826718436481,-0.028321128954785113,0.02434
2016-02-19,0.15445789453300288,0.1376982010262243,-0.025227856889529054,0.02441399999999999
2016-02-22,0.1544167343008945,0.13857678347042596,-0.005896792891056601,-0.006031000000000009
2016-02-23,0.1543585832457098,0.13857543471603406,-0.014484054829380727,0.00830800000000001
2016-02-24,0.15329315309589278,0.13784846591262345,-0.023255072833315488,0.023751999999999995
2016-02-25,0.1537289987260933,0.13846760653369597,-0.026280149658280877,0.024064000000000002
2016-02-26,0.15264376837726026,0.15114718758667967,-0.021027637044210346,0.031169000000000002
2016-02-29,0.15221118002626458,0.15224839243783822,-0.01088755626424251,0.02438399999999999
2016-03-01,0.14912116480300555,0.15290663431210882,-0.02394708682700017,0.02931599999999998
2016-03-02,0.14286332147441963,0.15062386323525032,-0.03843281329101503,0.034491999999999995
2016-03-03,0.14230305968965232,0.15126844625129302,-0.04113256133750248,0.026817000000000007
2016-03-04,0.14141298289409748,0.15167679887276345,-0.02342265743971167,0.02285699999999999
2016-03-07,0.14085116624023686,0.14720101023872761,-0.023441773800663285,0.03060099999999999
2016-03-08,0.1397121436076864,0.14812513455527157,-0.015843974519414494,0.029484999999999983
2016-03-09,0.13887485051012613,0.14727540455067573,-0.014511698783727489,0.01583000000000001
2016-03-10,0.13817101535540072,0.14479907199733488,-0.006478041253628497,0.02174100000000001
2016-03-11,0.13803368559434392,0.14260780497236586,-0.013145529679255474,0.027315000000000006
2016-03-14,0.13777895895524112,0.14369583743866096,-0.003826101798981296,0.016660000000000008
2016-03-15,0.13754912961952018,0.14245282007139426,-0.01114228568632869,0.02965899999999999
2016-03-16,0.13551896840024263,0.1411163900715445,-0.008208305406273514,0.02052000000000001
2016-03-17,0.1350737071013328,0.14001661937655416,-0.018771963617846887,0.023022999999999988
2016-03-18,0.13540229552814453,0.13961293656508095,-0.008545161759433456,0.017985
2016-03-21,0.1354599605978418,0.140388051852141,0.001008164688204305,0.007986999999999994
2016-03-22,0.13544443714000032,0.13821560180998355,-0.01817066954757232,0.028965999999999992
2016-03-23,0.13416163384874555,0.14392554033801497,0.009523958975854563,0.003272999999999998
2016-03-24,0.1342860456271141,0.14345051419373003,0.007175880023763764,0.007681999999999994
2016-03-28,0.13598003625744587,0.1411437734568542,-0.012250257439953588,0.031008000000000008
2016-03-29,0.13714889435761568,0.13924579366301953,-0.015526786547668203,0.023266999999999982
2016-03-30,0.13846525271824534,0.13843562834490722,-0.015939068075844803,0.026024999999999993
2016-03-31,0.13849004478738733,0.1384427958474685,-0.02424218065558542,0.02696599999999999
2016-04-01,0.1392759017898228,0.1504162018203912,-0.004030967323710832,0.019105999999999984
2016-04-04,0.14032312361545587,0.14282360749881345,-0.0027540315080735733,0.031944
2016-04-05,0.13919848098614182,0.14598655073712924,0.02077621747776609,0.037442
2016-04-06,0.1388740710439006,0.14585570996502895,0.018956881285440486,0.038019
2016-04-07,0.13883264337620832,0.14767012919937367,0.036708766521584,0.02643999999999999
2016-04-08,0.14094983627350158,0.1457864866330684,0.025067723828779226,0.039996000000000004
2016-04-11,0.1410655874690612,0.14596569889111788,0.02268083447013919,0.04275200000000001
2016-04-12,0.1413777582873285,0.1463191235107203,0.01922732148280243,0.04084499999999999
2016-04-13,0.14030640422982593,0.1473404977051748,0.022921310713829995,0.025706000000000007
2016-04-14,0.1407685641787161,0.14751155454415124,0.02256382670618326,0.025826000000000016
2016-04-15,0.14149230496281517,0.14706458248757728,0.01630407546965773,0.03481000000000001
2016-04-18,0.14104044611145397,0.14227286953690663,0.01347174345508706,0.081957
2016-04-19,0.14071022686460735,0.14641717588674297,0.035615210097325295,0.024036000000000002
2016-04-20,0.13914955707884882,0.14636870479176908,0.026274610546610344,0.021653000000000006
2016-04-21,0.13846864808660528,0.1449853133883982,0.0370011240829308,0.02971499999999999
2016-04-22,0.1389882219014067,0.14525236670969366,0.03779515561395136,0.026698
2016-04-25,0.13872198083130485,0.14641294417667025,0.05260562961244583,0.016137000000000012
2016-04-26,0.13859208034290468,0.14370570984947456,0.039741297795485686,0.02676199999999998
2016-04-27,0.1376558616384006,0.14212117522963377,0.020575189742476435,0.022850999999999982
2016-04-28,0.13711986335793583,0.1350462906338692,0.006319115721344526,0.009356000000000003
2016-04-29,0.13568402614539402,0.13569330216676803,0.009739977079273793,0.007841000000000015
2016-05-02,0.1350833454959548,0.13589403593790594,0.007902338133173786,0.037523
2016-05-03,0.13516066254077486,0.14496741951341124,0.010871810924578784,0.034907999999999995
2016-05-04,0.1344262956574548,0.14489625710543955,0.01375657222894458,0.036619999999999986
2016-05-05,0.13113624155664044,0.14569060083895255,0.022409634444231663,0.029807
2016-05-06,0.13050722507426363,0.14951871311934406,0.03890396218156744,-0.0043079999999999785
2016-05-09,0.1304091130391407,0.13888707302479383,0.012275280656994153,0.030438999999999994
2016-05-10,0.12956343973275428,0.14052613017871524,0.020748433272558375,0.010297
2016-05-11,0.12917296451272056,0.1387907533099905,0.010208282242893524,0.030920999999999976
2016-05-12,0.12689107930681634,0.13831156268738043,0.006401614069968198,0.031304
2016-05-13,0.1264640895385462,0.13878654016389638,0.006071960541011279,0.03686800000000001
2016-05-16,0.12731107953854676,0.14023665876581362,0.02320850895892068,0.02060999999999999
2016-05-17,0.12461448630865601,0.13922471987657922,0.009052399285727986,0.02629300000000001
2016-05-18,0.1250061934078881,0.13916709183303472,0.016059808665967207,0.03182099999999999
2016-05-19,0.12339343377680224,0.14014041076141434,0.008555699690063479,0.03103700000000001
2016-05-20,0.12319090214040915,0.1400618457760194,-0.001093026730347807,0.03217700000000001
2016-05-23,0.1226598368547361,0.14052451853767486,0.004792258198189431,0.029609999999999997
2016-05-24,0.12264088871461916,0.14051835215824898,-0.004107715656837263,0.02773199999999998
2016-05-25,0.12240649727321992,0.13994905072815658,-0.008758052975863073,0.026717999999999992
2016-05-26,0.12210287987998966,0.1402810659867481,-0.003560812782872902,0.022645
2016-05-27,0.12566130377504783,0.13943138367611513,-0.008660955721333796,0.02713500000000002
2016-05-31,0.1254310086287943,0.1407473043532572,0.004918255106950736,0.021488000000000007
2016-06-01,0.12618763782458467,0.1405225104057611,0.007572168324269435,0.02073
2016-06-02,0.12551426017533007,0.13956314185647428,-0.004779226973236045,0.027534999999999976
2016-06-03,0.12478447351488893,0.14033362570095514,-0.001910981963246683,0.02915200000000001
2016-06-06,0.12462374546560205,0.13981611569399358,0.006706215610692762,0.024490000000000012
2016-06-07,0.12503995493210973,0.13901018573758814,-0.0009675485401938744,0.03082899999999998
2016-06-08,0.1254083639486576,0.13953921383106044,0.005632689196698459,0.025624000000000008
2016-06-09,0.12542896964873287,0.14194572372210418,0.022379995309360357,0.011762999999999996
2016-06-10,0.12719594650488275,0.14207242788520608,0.016674979088791952,0.03054499999999999
2016-06-13,0.12868337540893446,0.1430721666249893,0.0432269460291457,0.03642199999999998
2016-06-14,0.13003020794290654,0.13632374837570327,0.03086873063470054,0.04028200000000001
2016-06-15,0.13012825892687555,0.13646911117597316,0.04021255278822955,0.03952700000000001
2016-06-16,0.13001185818668737,0.14077805038220884,0.05407415776222449,0.03933500000000001
2016-06-17,0.13098336818207976,0.1399691792651713,0.049635917436964896,0.03965199999999999
2016-06-20,0.12976541117533824,0.14017047199478216,0.051886461309537765,0.03560100000000002
2016-06-21,0.12939237942113418,0.14080173103886925,0.05651583552306448,0.032918
2016-06-22,0.13169017367417662,0.13995561800756418,0.057492150328093766,0.045901
2016-06-23,0.1317728022803266,0.13748712664747542,0.045875114465699626,0.03439300000000001
2016-06-24,0.12925106002049805,0.1458772887361041,0.07990389775693445,0.046296000000000004
2016-06-27,0.12742770944198978,0.14745045547880886,0.04030694189194417,0.060227
2016-06-28,0.12708557574782212,0.1466819193497277,0.02834152162394836,0.05471199999999998
2016-06-29,0.12714707860312902,0.14494637743097746,0.02270911321434907,0.050327999999999984
2016-06-30,0.12644051792004996,0.14358083466173502,0.01663676263659672,0.05604300000000001
2016-07-01,0.12748321337777038,0.13671165900916252,0.008422296627507792,0.04899500000000001
2016-07-05,0.1289622219743287,0.14910701585267352,0.015019454085456935,0.03350900000000001
2016-07-06,0.13043752109211443,0.14243045606271806,0.022738809678574445,0.029334
2016-07-07,0.13131988409145484,0.14043629011629422,0.029975701938399962,0.050654000000000005
2016-07-08,0.12946432690702914,0.14799558253224646,-0.0011088445173806916,0.03606899999999999
2016-07-11,0.1300190228878396,0.13870025634226815,0.003922527680771781,0.04901899999999998
2016-07-12,0.12953939088335636,0.13187732015500184,0.009982941073340662,0.05054900000000001
2016-07-13,0.1301138516666743,0.13588495285439825,0.010214562808420452,0.047805000000000014
2016-07-14,0.13020727354243433,0.13664047701228693,0.019175933806917372,0.041969000000000006
2016-07-15,0.13102078827780167,0.13579380306214509,0.011758702113843722,0.042383000000000004
2016-07-18,0.13171443836006264,0.1376896926082952,0.015888770352047582,0.03837299999999999
2016-07-19,0.13169107170747485,0.14458585472718063,0.012742539668856828,0.046016
2016-07-20,0.13348349696770664,0.1374984093303364,0.005342622469341307,0.059675000000000006
2016-07-21,0.13295974231629046,0.13981912166503455,-0.0018957662260579988,0.030177999999999983
2016-07-22,0.13310492292573395,0.14205553239800495,-0.01064948412473321,0.02271999999999999
2016-07-25,0.13339729294328875,0.14903735076832048,-0.009157328645517632,0.028025999999999995
2016-07-26,0.13392607965707537,0.15537203024519286,0.0047279978572035974,0.02693000000000001
2016-07-27,0.1308481719185979,0.15699271984490695,0.011516232264206089,0.035025
2016-07-28,0.13105113634213605,0.15360799563102423,0.015811059249352194,0.041773000000000005
2016-07-29,0.13145238321285863,0.15693223085261834,0.010239447947229224,0.029438999999999993
2016-08-01,0.13174660520652612,0.156833359544695,0.013623856510141641,0.030765000000000015
2016-08-02,0.1369614708289257,0.1569729347746479,0.021436885966738428,0.03789300000000001
2016-08-03,0.13842290311285385,0.1562148460849882,0.018010830160367322,0.038331000000000004
2016-08-04,0.14025243549588468,0.1560675286420228,0.016717415791489526,0.042855000000000004
2016-08-05,0.14053560441271792,0.1554853080625174,0.012390855030637027,0.02656800000000001
2016-08-08,0.14083328945026352,0.15276534988453797,0.022154025707262576,0.02846399999999999
2016-08-09,0.14403848603939934,0.1560023779272437,0.020203612689132566,0.029664999999999997
2016-08-10,0.1444534218816676,0.15703199734003884,0.019711178703498325,0.026285999999999976
2016-08-11,0.14616612220025155,0.15388482575479978,0.01643785990163059,0.032609
2016-08-12,0.15403007512658173,0.152740015223042,0.02027782357513723,0.027556999999999998
2016-08-15,0.15404305695512974,0.1527250914766324,0.027852518627385428,0.021892999999999996
2016-08-16,0.15581780021891234,0.1532918572861534,0.04512121431168338,0.01825099999999999
2016-08-17,0.15446619361613897,0.1548032451914842,0.02794322466193616,0.015326000000000006
2016-08-18,0.1548582514905224,0.15542458286269117,0.021854765387912728,0.02498900000000001
2016-08-19,0.15469857092215475,0.15517367556041553,0.026901490821292506,0.010589000000000015
2016-08-22,0.15573715515495967,0.15451478884082115,0.022732435871869378,0.024939000000000017
2016-08-23,0.15588406545456232,0.15437531982005032,0.020703452030932948,0.02582899999999999
2016-08-24,0.15598461035932792,0.14732429953962997,0.024211614755823035,0.019979999999999998
2016-08-25,0.15637888886187817,0.14657798906753308,0.031729024220668575,0.02585599999999999
2016-08-26,0.15364415322454397,0.1495395529161275,0.04429022404407712,0.022573999999999983
2016-08-29,0.15380614764140818,0.14905733309933852,0.03518082106287844,0.02003000000000002
2016-08-30,0.15388472504954318,0.14947383728123376,0.040345951446138964,0.015324000000000004
2016-08-31,0.15437031127781356,0.14835425887248108,0.03954176627619138,0.014939000000000008
2016-09-01,0.15489441521489378,0.14914497523746706,0.04591522727154326,0.015985
2016-09-02,0.15557760784430252,0.14923229715176708,0.03197591358311454,0.017255999999999994
2016-09-06,0.15582529940709594,0.14524200827901104,0.028301214170723774,0.034805
2016-09-07,0.15578842560359096,0.14471940874681097,0.026248561874332166,0.03356200000000001
2016-09-08,0.15589184394179273,0.14332909946071848,0.02358705877023415,0.03703200000000001
2016-09-09,0.15573201013476812,0.14658887747740829,0.04932969970740786,0.02289000000000002
2016-09-12,0.15456166279987996,0.144111152116612,0.03204048876885804,0.031172000000000005
2016-09-13,0.15351534978727882,0.1476792455434818,0.04122891524115674,0.024880000000000013
2016-09-14,0.1532612241601316,0.147829101398709,0.03884341069276673,0.02391199999999999
2016-09-15,0.1553712815945946,0.14789492778082117,0.029023979045319254,0.02293199999999998
2016-09-16,0.15510974525404325,0.1459373991055146,0.03456547679499569,0.021848000000000006
2016-09-19,0.15538375370331456,0.14432602003871325,0.029756500356159343,0.04572399999999999
2016-09-20,0.15599744975704052,0.14526766154336598,0.033133725436443384,0.035382
2016-09-21,0.1544029072681559,0.14521630466068478,0.017421213307389716,0.032807
2016-09-22,0.15424955995726472,0.1450609253407313,0.016464097354532053,0.023030000000000023
2016-09-23,0.15437587155173269,0.14493565143572296,0.021666466010147295,0.022155000000000008
2016-09-26,0.1544286492281124,0.14487011948152173,0.026675076223214772,0.026574999999999988
2016-09-27,0.15344883984989066,0.14299116633853995,0.030733601372773478,0.04680199999999998
2016-09-28,0.1536176593795906,0.14197024972978206,0.028527543142942813,0.050087999999999994
2016-09-29,0.1532939641824322,0.14511090169151566,0.03078892021074134,0.037107
2016-09-30,0.15109238839088454,0.1430338382572196,0.031921277565521156,0.035297999999999996
2016-10-03,0.15022373752469703,0.14225524008903917,0.04642434420505931,0.03775300000000001
2016-10-04,0.148842988497242,0.14160524063830993,0.03933497497988947,0.043900999999999996
2016-10-05,0.14826420588778758,0.1417309476218315,0.03990453205616362,0.04042799999999999
2016-10-06,0.14786866326179124,0.14157625158771828,0.038526903428072634,0.038883
2016-10-07,0.14754007188262133,0.14223177997796677,0.03472792622408816,0.033331
2016-10-10,0.14737683715509758,0.14153451914049922,0.028184887072658565,0.039499000000000006
2016-10-11,0.1470322091555785,0.14163508706154637,0.03792079309469826,0.03644999999999998
2016-10-12,0.14690238271167,0.14124539183145873,0.03661384519851624,0.04044699999999998
2016-10-13,0.1458588317731794,0.14232636847163402,0.04561317643734286,0.03412900000000002
2016-10-14,0.14574201743123422,0.14084399533370395,0.043138066211862475,0.039463000000000026
2016-10-17,0.14579144809316116,0.14093362407900326,0.04943906961514574,0.040886000000000006
2016-10-18,0.1444142989477513,0.14339165919943891,0.05447289508610703,0.024396
2016-10-19,0.14436614245614554,0.14010865063707378,0.03900766247644061,0.04000000000000001
2016-10-20,0.1437104510677841,0.1408546662229587,0.05920275116035309,0.032752
2016-10-21,0.1441267259483072,0.14251517046672835,0.05398164122535509,0.02762500000000001
2016-10-24,0.14359136752326723,0.14467828238983585,0.07099773901174386,0.008044000000000023
2016-10-25,0.1436714258213965,0.14208220458783952,0.046332282873697395,0.024092000000000002
2016-10-26,0.14359351019830308,0.14189555390897,0.05333745000355222,0.021547999999999984
2016-10-27,0.14329325166594936,0.14234466196051165,0.054721903550559864,0.01968700000000001
2016-10-28,0.1440354668044796,0.1401499941988441,0.055788688798792535,0.03687499999999999
2016-10-31,0.14101682309953034,0.14053351960530064,0.021674921456293905,0.03625300000000001
2016-11-01,0.13907962750589517,0.1379671626855423,0.04284935748488816,0.06381499999999998
2016-11-02,0.1372642804046322,0.13767927903138114,0.04279036873646974,0.070128
2016-11-03,0.13652627761846858,0.13313040951642274,0.041899456740684266,0.088916
2016-11-04,0.13552669983849772,0.13474771565281296,0.0403604721676738,0.074325
2016-11-07,0.1321027441113314,0.13303508653520846,0.03494385807698891,0.08399499999999999
2016-11-08,0.1326760455548756,0.1327465196677139,0.02654240156607371,0.08333000000000002
2016-11-09,0.13080245295569398,0.13139029419235201,0.02246715692787493,0.06732199999999999
2016-11-10,0.12163858528999971,0.13461660813551146,0.03120112655096391,0.039708999999999994
2016-11-11,0.12174810670627896,0.13459280317358294,0.026470016461846768,0.03966
2016-11-14,0.11950686073640904,0.1360363648914128,0.026432163232541217,0.035011000000000014
2016-11-15,0.11855242814706812,0.13341581035253736,0.006909070789464844,0.05086299999999999
2016-11-16,0.11790482100794306,0.13365693750685206,0.00522782492041346,0.04538600000000001
2016-11-17,0.11893258318056783,0.13412332765282386,0.004170200130413471,0.037564000000000014
2016-11-18,0.11995510418678017,0.13373380266563345,-0.0013204532087190135,0.03354099999999999
2016-11-21,0.12068939218772166,0.13197811393104278,-0.01427746737381308,0.04388299999999998
2016-11-22,0.12051618337781679,0.13264732352724315,-0.016168885388992388,0.038159
2016-11-23,0.11983089104616391,0.133995942794596,-0.007089231977415095,0.029008000000000006
2016-11-25,0.11991993047617261,0.13267600278206726,-0.014411741254804045,0.038186
2016-11-28,0.12042331483229655,0.1335301092107385,-0.014542841151369501,0.03833299999999998
2016-11-29,0.12129098380264697,0.1335731970508397,-0.015979427415751812,0.03497800000000001
2016-11-30,0.12163134560688459,0.133600990090455,0.016837061795942604,0.03322599999999998
2016-12-01,0.1209081612736731,0.13179016291081808,0.01902107167915834,0.04627500000000001
2016-12-02,0.11977055992130661,0.1321727740649127,0.017519103227471716,0.04200000000000001
2016-12-05,0.1187008854898422,0.1321473976121384,0.010672027104558113,0.03515200000000002
2016-12-06,0.11883413963382562,0.13122581801770203,0.01063474122199265,0.041357000000000005
2016-12-07,0.11894007641318159,0.13207874627750374,0.016926738482952203,0.034177999999999986
2016-12-08,0.11694722306485797,0.13182888756216218,0.01402701137468193,0.03224100000000002
2016-12-09,0.11680879729121363,0.12212068518483762,0.010953135673951092,0.03182399999999999
2016-12-12,0.11828459857111553,0.12287526496273428,0.034436459521100055,0.029542000000000013
2016-12-13,0.11802107580454627,0.12484300289593091,0.03960661996582496,0.01789199999999999
2016-12-14,0.11636441310257296,0.12400832021711349,0.03886094907277948,0.027130000000000015
2016-12-15,0.11568406727421812,0.12487097532056739,0.03054068265650181,0.023418999999999995
2016-12-16,0.11673404531130555,0.12512660608139636,0.027356643548505172,0.031939999999999996
2016-12-19,0.11698811494055068,0.12561319889479433,0.023017116997289117,0.02459799999999998
2016-12-20,0.11857472513630275,0.12471922650440169,0.02304004509215643,0.02715100000000001
2016-12-21,0.11884811220982765,0.12476677276553533,0.022114559392352878,0.025228
2016-12-22,0.11971746489397792,0.12536957962145984,0.028168093860759302,0.016934000000000005
2016-12-23,0.11979728014345604,0.12387053866813608,0.020533502075372828,0.024151000000000006
2016-12-27,0.12051896420588679,0.12342895141155107,0.027202323290033303,0.028353000000000017
2016-12-28,0.12063994134905486,0.12396394500950637,0.02486184886539386,0.028603000000000017
2016-12-29,0.1201932522403604,0.12437600747553605,0.03185734230318368,0.026665999999999995
2016-12-30,0.12036284253236973,0.12412878734539695,0.031747156468202864,0.03554099999999999
2017-01-03,0.11983377444991442,0.1238530617840035,0.045936564490556775,0.03812399999999999
2017-01-04,0.11979528694668096,0.12457092032987464,0.043764249139531045,0.031809000000000004
2017-01-05,0.1191574267685722,0.12577373902741146,0.045656356367726886,0.030430000000000013
2017-01-06,0.11905553077512344,0.12570896198822928,0.03859706399470099,0.02860500000000002
2017-01-09,0.11858428417940514,0.12539688039931818,0.04003166310478895,0.03267200000000001
2017-01-10,0.11873817119877418,0.125677119280136,0.04292506240023873,0.032261999999999985
2017-01-11,0.11934726475396,0.12446788806463754,0.04017190752644366,0.032196999999999976
2017-01-12,0.11864097264924545,0.12527749504266195,0.03408337688204953,0.030699000000000004
2017-01-13,0.11790694159449613,0.12550663213347718,0.03695526917129109,0.023222999999999994
2017-01-17,0.1171730737629791,0.12654449374268256,0.05723430340910293,0.01198200000000002
2017-01-18,0.11717792607463424,0.12066747473626778,0.04620719172979672,0.02513800000000002
2017-01-19,0.11681917114276923,0.11964498602731916,0.05327309276027828,0.035442
2017-01-20,0.11663348514146096,0.11906385961159292,0.03211883654347404,0.037424999999999986
2017-01-23,0.11708422971258813,0.1197783532892453,0.03255948237099042,0.03578400000000001
2017-01-24,0.11616783951125838,0.11989467463995573,0.02600248265928619,0.02859700000000001
2017-01-25,0.11635882812847019,0.11972889301008473,0.02818670006986458,0.02846499999999999
2017-01-26,0.11621559395734349,0.11953404756993108,0.022862561297202585,0.028487000000000012
2017-01-27,0.11578792334025341,0.11978850313304061,0.028728517744477156,0.02768100000000001
2017-01-30,0.11534805308692894,0.12027251756239851,0.03949303296037124,0.025823000000000013
2017-01-31,0.11411896741241671,0.12012998955918253,0.04333267452915919,0.026000999999999996
2017-02-01,0.11170269756828485,0.12076767153620106,0.045371674586041605,0.022994999999999988
2017-02-02,0.11181446866346058,0.12046264515464862,0.03950646645198065,0.026830999999999994
2017-02-03,0.11164497821082056,0.12069344070354583,0.03608916650833954,0.02515299999999998
2017-02-06,0.1116613938738835,0.12118042053281126,0.038722850819298826,0.02202699999999999
2017-02-07,0.11160650378222442,0.12114392008071093,0.034844155622552,0.024889999999999995
2017-02-08,0.11161554335442207,0.12384650882416302,0.03808605329934665,0.023879999999999985
2017-02-09,0.11071843293225515,0.12200835313215751,0.03587000926082101,0.018373
2017-02-10,0.11049565006634976,0.12171878240901493,0.056337289915489364,-0.026536000000000004
2017-02-13,0.11007946093026921,0.12643691904845358,0.07536404202922597,-0.03927
2017-02-14,0.10877923418935612,0.12664988201726698,0.08309141137627288,-0.040545
2017-02-15,0.10863480948665102,0.13147651914169378,0.08258053861564155,-0.03640200000000002
2017-02-16,0.10920882031561445,0.13189113009009018,0.04036657451940913,0.02531999999999998
2017-02-17,0.10838767433739704,0.1320971128069623,0.044433318663032226,0.02273
2017-02-21,0.10733844778361301,0.13176502230139137,0.03088602675138205,0.017959000000000003
2017-02-22,0.10495483249165573,0.1329012226736055,0.014829151633988014,0.008220000000000005
2017-02-23,0.10327391353530535,0.11757769628525805,0.010628296246345717,0.009836999999999985
2017-02-24,0.10274773044327172,0.12655492731349557,0.016203001027981445,0.008545999999999998
2017-02-27,0.10274918694612706,0.11877855545772999,0.012589935556001838,0.01763200000000001
2017-02-28,0.10244648134583595,0.1211146650082076,0.029761171213914195,0.01050100000000001
2017-03-01,0.10158959678271631,0.11837446557705647,0.019057472420587834,0.022981999999999975
2017-03-02,0.09960679485926464,0.1197784061898971,0.03337821928960394,0.013529999999999986
2017-03-03,0.09823610960475233,0.1193058049647424,0.02719798984177961,0.015352000000000005
2017-03-06,0.0979543244417541,0.12371382113306133,0.021580328379260424,0.017258999999999997
2017-03-07,0.09804895176876524,0.12530310127718475,0.02224286933463307,0.01610499999999998
2017-03-08,0.09814132305255964,0.12587124939138497,0.022310849264930613,0.01650299999999999
2017-03-09,0.09803771193146861,0.12633728720622195,0.022664818843485146,0.013832000000000011
2017-03-10,0.09778144350510497,0.12609252035628069,0.017112228525257803,0.014332999999999985
2017-03-13,0.09953124681698138,0.1242462813459422,0.0192310158000248,0.011198999999999987
2017-03-14,0.09954919948294969,0.12676662074842074,0.014129085013322343,0.011193000000000008
2017-03-15,0.09722160202456932,0.12222809711256899,0.017963618496649958,0.009382000000000001
2017-03-16,0.09701618086812097,0.12310132603655972,0.006491883642817581,0.01614400000000002
2017-03-17,0.09577215591691386,0.12523618148094928,0.0026519849768027043,0.01474700000000001
2017-03-20,0.09524774916929397,0.12544891222103952,0.004671527869248515,0.019704000000000013
2017-03-21,0.09317142547995999,0.12411988263783885,0.009653408171754557,0.020939000000000013
2017-03-22,0.09268828662597817,0.12619413978706842,0.014739522374560138,0.012917000000000012
2017-03-23,0.0909387758060886,0.1257352840329399,0.008242390594216942,0.023117
2017-03-24,0.09110945324059208,0.11913388308356827,0.012490504468493382,0.01600600000000002
2017-03-27,0.09091419870930548,0.12367049824076409,0.019348848566673377,0.01829
2017-03-28,0.09179039441821979,0.12052654208419877,0.006717030585285971,0.01524600000000001
2017-03-29,0.09067580780328946,0.12479522172004849,0.007292532852531647,0.008406999999999998
2017-03-30,0.09029085788775448,0.11356189064668713,0.0068509892758761015,0.009498000000000006
2017-03-31,0.09081442030293649,0.10626234997703003,0.008959884945126353,0.004852999999999996
2017-04-03,0.09021475993576722,0.10705611360294659,0.020726593102776955,0.018747000000000014
2017-04-04,0.08981109336069541,0.11094725453389358,0.008960576484387167,0.023993999999999988
2017-04-05,0.08947598795797955,0.1070924437844144,0.017186694480012074,0.025752999999999998
2017-04-06,0.0891794410799552,0.1060402686408543,-0.0031293993496547406,0.034279000000000004
2017-04-07,0.08867939503084742,0.10703769830556492,0.009249402342116506,0.022421999999999997
2017-04-10,0.08814901292025616,0.10794236460499086,0.007885026214739202,0.030465999999999993
2017-04-11,0.08748516296453111,0.11660032185877928,0.012391368400228267,0.029182000000000013
2017-04-12,0.08642417835613102,0.11774835768583618,0.010473611630301888,0.03017599999999998
2017-04-13,0.08651712402004634,0.11827298111005233,0.013493910118251809,0.040547
2017-04-17,0.08685941023409749,0.12055626173417329,0.028217929113741463,0.017401
2017-04-18,0.08698081466710081,0.12466166006036479,0.03235075494147427,0.020199999999999996
2017-04-19,0.08668315188101067,0.12362939019056585,0.021193252124128092,0.025276999999999994
2017-04-20,0.08593999918837847,0.12412712002274172,0.018646272948036266,0.024632000000000015
2017-04-21,0.08619813891081286,0.1258056035598842,0.029101223029520618,0.0004180000000000017
2017-04-24,0.08561583459574168,0.1255148619969554,0.035551231744884795,-0.01680000000000001
2017-04-25,0.08570836801471556,0.12535854517060965,0.029435577818348033,-0.007405999999999996
2017-04-26,0.08597731358629669,0.12434462368154563,0.025017439155716997,-0.0012189999999999979
2017-04-27,0.0870026690021692,0.12511102045350542,0.021857497021719463,0.005235000000000017
2017-04-28,0.08879623215601945,0.12398414788973308,0.026714546553446336,0.015607999999999997
2017-05-01,0.0900707235738199,0.12465252926249462,0.037711778091131604,0.016357999999999998
2017-05-02,0.09364530526889378,0.12893999080477167,0.03174047470795274,0.020095000000000002
2017-05-03,0.10745315786658254,0.1291752561791891,0.04652192426887715,0.011999999999999983
2017-05-04,0.10756562494617312,0.12923166762743563,0.027218585663055433,0.020841
2017-05-05,0.10885087110753677,0.10881466779369006,0.02721153653136306,0.017423999999999995
2017-05-08,0.10876691930962597,0.10905642823748914,0.026828108232193143,0.01291600000000001
2017-05-09,0.10904438685215748,0.10930348154636346,0.024213739352504607,0.019115000000000007
2017-05-10,0.10878713526191582,0.11090183398634632,0.028188174266161034,0.0184
2017-05-11,0.10866730459144838,0.11469716566952318,0.04569071157977948,-0.0024109999999999826
2017-05-12,0.10933297451882637,0.11416494141228696,0.035558721488288925,0.013143000000000002
2017-05-15,0.10939126828623934,0.11546125957267378,0.03482418519396743,0.008751999999999996
2017-05-16,0.10918842057260503,0.11639016749522194,0.046279902231378706,0.007725999999999997
2017-05-17,0.10881743723214843,0.11722057411888735,0.050790771829227116,0.01716799999999999
2017-05-18,0.10812656758087363,0.11705277644700311,0.0474855999479976,0.015760999999999997
2017-05-19,0.10970295592459821,0.11627984503435555,0.040031975266184475,0.01189800000000002
2017-05-22,0.10977519323544463,0.11747099491980112,0.044771453264740316,0.0003780000000000172
2017-05-23,0.10977448335200425,0.11712440525403146,0.041355304663477435,0.012067000000000008
2017-05-24,0.10970822702864606,0.11711050054707464,0.03670766366804222,0.020251000000000005
2017-05-25,0.10953480851802741,0.12079962299114314,0.05248117370140788,0.008996000000000004
2017-05-26,0.11048032440099245,0.11945027425233053,0.04144826732365765,0.015398999999999996
2017-05-30,0.11049756823997339,0.11997841584771188,0.04273651426901501,0.022831000000000018
2017-05-31,0.11049456889248536,0.12078860555646988,0.04559498411604225,0.019799999999999998
2017-06-01,0.11031369925331234,0.12169430826798107,0.03989112152077107,0.021803000000000017
2017-06-02,0.11023701978434405,0.1220251362248133,0.03761838374360085,0.018901
2017-06-05,0.11086792311419716,0.12135571199885463,0.042219293755088635,0.019122
2017-06-06,0.11190759743983067,0.12202540627196783,0.040161033116650355,0.018831999999999988
2017-06-07,0.11199926144767293,0.12270755948899412,0.043614851626365664,0.021731
2017-06-08,0.11323906951045873,0.12114771041746934,0.03759210448633192,0.021995
2017-06-09,0.11370447135057504,0.12079995902428095,0.03829873195308231,0.026664000000000007
2017-06-12,0.11276142907224575,0.11712757625919255,0.03799418561395211,0.022474000000000008
2017-06-13,0.11597213855514639,0.12061597219640902,0.027877998257691466,0.019502000000000005
2017-06-14,0.1159856438135076,0.13931733162479656,0.0405113721915626,0.017706
2017-06-15,0.11788875210732147,0.1413323104151129,0.01592042747126135,0.022359000000000004
2017-06-16,0.11796121352563538,0.14319078225718151,0.013801200073716186,0.023174
2017-06-19,0.11961174513550715,0.14317411814883188,0.02220199991232595,0.019785999999999998
2017-06-20,0.11996888964513071,0.14304480106045747,0.014754497706665162,0.026527999999999996
2017-06-21,0.12042142790384101,0.1457279270395077,0.03457766713680206,0.022053000000000003
2017-06-22,0.1198582011645475,0.14518515659855266,0.029749152432019144,0.014056000000000013
2017-06-23,0.11972267006862146,0.1388803922983515,0.018885076752959043,0.008992
2017-06-26,0.11886688051918731,0.131068290648962,0.01947017723811123,0.014549999999999993
2017-06-27,0.11816536626741311,0.13580661530004232,0.032849884086569636,0.020308999999999994
2017-06-28,0.118655347312444,0.12428931949272477,0.03467835952748355,0.019939999999999986
2017-06-29,0.11844082984933296,0.13606197852171847,0.04790230782462547,0.027701000000000003
2017-06-30,0.12019341918230304,0.13573721186520193,0.04097598375222804,0.021842
2017-07-03,0.12052038650871175,0.12694050559423006,0.04146489546602948,0.03312799999999999
2017-07-05,0.12059409150383375,0.12667397049359524,0.04250160169188487,0.032303
2017-07-06,0.12047893773409994,0.12636000520391505,0.042371353591253005,0.033278
2017-07-07,0.12095848596920217,0.1375181888727678,0.044070628571199824,0.027635999999999994
2017-07-10,0.12150781801901608,0.13911394103857183,0.04557885617257469,0.04457699999999998
2017-07-11,0.1212349590678669,0.1309986280677749,0.04164389716004299,0.030042999999999986
2017-07-12,0.12173663462723677,0.12816363997749713,0.0409176001040918,0.029894000000000004
2017-07-13,0.12240323377626532,0.11800130957174665,0.04330942361649724,0.03249199999999999
2017-07-14,0.1225482744342491,0.12861641068623075,0.04246901467233387,0.030115000000000003
2017-07-17,0.1225314323460504,0.11671286377346773,0.04018737477036838,0.037438
2017-07-18,0.12267390709840778,0.1232484230476971,0.042761961751747596,0.023439000000000015
2017-07-19,0.12323939652836371,0.12202075826218722,0.03918068628878367,0.02590999999999999
2017-07-20,0.12339053526725086,0.1199997001453159,0.032118844769463584,0.020873000000000003
2017-07-21,0.12333489886845189,0.12089402009208905,0.036064224768803624,0.018713000000000007
2017-07-24,0.12354705385361515,0.1230199933449801,0.04608984744397927,0.01871600000000001
2017-07-25,0.12343192365246759,0.11619725305077085,0.04209054521950577,0.023996000000000017
2017-07-26,0.12338233624932846,0.11921146712498179,0.052149672114478185,0.01627200000000001
2017-07-27,0.12357296780581874,0.11819725926346726,0.04791694719305624,0.01686900000000001
2017-07-28,0.12283879690525344,0.11932650421210232,0.05231426748199405,0.027888999999999997
2017-07-31,0.12238057726602096,0.11919011685067922,0.0485695406601062,0.023140999999999995
2017-08-01,0.11954366852432884,0.12152581869805347,0.029834803689304704,0.02803700000000002
2017-08-02,0.10722728321544517,0.12150519054265123,-0.016908547537989788,0.022194999999999993
2017-08-03,0.10737599807859634,0.1208896023010463,-0.014670338785933865,0.026190000000000005
2017-08-04,0.10760943806208348,0.11567704625231635,-0.021125408273223914,0.026144999999999988
2017-08-07,0.11009570590455847,0.11534588072050493,-0.019096712845530106,0.02771599999999999
2017-08-08,0.11040286276198075,0.11501327178896471,-0.0203577221246021,0.027874999999999997
2017-08-09,0.11159279739369818,0.11636973395622409,-0.023410320423070285,0.02577
2017-08-10,0.11295157505654252,0.11991640339233739,-0.010835006036067879,0.02557100000000001
2017-08-11,0.11258151507485908,0.12187193237679404,-0.0037931095724299257,0.02238799999999999
2017-08-14,0.11253221440165169,0.1276632132494778,-0.020881119964754655,0.025916999999999996
2017-08-15,0.11307830758211145,0.12152053116266542,-0.023993587669278615,0.02919200000000001
2017-08-16,0.11346608703588135,0.12107259572893099,-0.02738436919892627,0.02752300000000002
2017-08-17,0.11464582645705186,0.12279114115578897,-0.016024108928885686,0.027524000000000007
2017-08-18,0.1135011587464829,0.12504448452924888,-0.01755755810960674,0.028753
2017-08-21,0.11414886950002258,0.12934758217933442,-0.021310419866528457,0.025486999999999996
2017-08-22,0.1139620940535526,0.12163129173501239,-0.017674270484920346,0.02465600000000001
2017-08-23,0.11408348149754428,0.1289860157638664,-0.02253553155332491,0.027840000000000018
2017-08-24,0.11414865603427371,0.12334731325281728,-0.02069780301607424,0.023813
2017-08-25,0.11340085882266966,0.13154045737981526,-0.022922538783895954,0.027280999999999986
2017-08-28,0.11340267261082362,0.1323210709835394,-0.017120809974123657,0.026822000000000012
2017-08-29,0.11376029601629004,0.13274930484328357,-0.015571417482447017,0.02792199999999999
2017-08-30,0.1144619831172439,0.13016793535744106,-0.008551209928703243,0.029184000000000015
2017-08-31,0.11478465288288846,0.1276112672961929,0.029217736135527583,0.029188000000000006
2017-09-01,0.11539809637124927,0.11939112697110875,0.028320900743568078,0.028393000000000015
2017-09-05,0.11615775291685534,0.1312212885884807,0.037074326767154636,0.023957999999999993
2017-09-06,0.11784244169401828,0.12344799672570325,0.02736188868705751,0.02673499999999998
2017-09-07,0.1166169712621411,0.12001833237848482,0.02455036345570799,0.029451000000000005
2017-09-08,0.11750992545979294,0.12383152936824897,0.028549976648206216,0.033665
2017-09-11,0.11751642596716412,0.12384460283399724,0.0279489490941172,0.034409999999999996
2017-09-12,0.11456716519406548,0.11679696421649663,0.019598456613092397,0.016778000000000015
2017-09-13,0.11532652619162366,0.11565593225599302,0.016360123859774076,0.018934000000000006
2017-09-14,0.11411894809668366,0.12189063537141144,0.006723330760715698,0.024302000000000004
2017-09-15,0.11482192757158778,0.12133475042584357,-0.001053482241760731,0.029792
2017-09-18,0.11356292438075338,0.11979333848847791,0.00180583483117,0.017963999999999994
2017-09-19,0.11523726602050972,0.11699554488614189,0.007775608073078061,0.017956
2017-09-20,0.11440442649862592,0.11636287960287929,0.004906678282442331,0.025576
2017-09-21,0.11453374036405575,0.1206769732789284,0.012479290304148419,0.019852999999999996
2017-09-22,0.11632506559908024,0.11945587512181714,0.008386316464583238,0.022670999999999997
2017-09-25,0.11704384584187806,0.12064938459223938,0.011749282637994574,0.026691000000000006
2017-09-26,0.11801696617840751,0.12142983783134724,0.013569842684559158,0.02013999999999999
2017-09-27,0.11763642881708754,0.11936820464512533,0.01200887561006446,0.028172000000000003
2017-09-28,0.11752816302335788,0.11843677155686416,0.0040991419908218,0.02996499999999999
2017-09-29,0.11544779931487703,0.1189166580954291,-0.002657898250511548,0.030182
2017-10-02,0.11723698109037856,0.12189638141149917,-0.0014079630516230512,0.03416900000000002
2017-10-03,0.1178601102032774,0.12126599218935351,0.0016576811229863653,0.034511000000000014
2017-10-04,0.11842538823647382,0.11904417082695906,0.00036415481358587076,0.034549999999999984
2017-10-05,0.11858276588034349,0.12050339390435935,0.0004179439276008057,0.032050999999999996
2017-10-06,0.11851506691242733,0.12106328295138555,0.002732016716997826,0.02887099999999998
2017-10-09,0.11908510451197674,0.11983754905577576,0.004447567612406583,0.02939
2017-10-10,0.1196052712822889,0.12113272770602387,0.006635486831973514,0.029821
2017-10-11,0.12035194299045447,0.12146971888030067,0.01688990981465059,0.03015000000000001
2017-10-12,0.12316058786834787,0.12143829808233221,0.020882923233365727,0.03368199999999999
2017-10-13,0.12531615353479686,0.12183188358478328,0.026705719658523266,0.04101800000000001
2017-10-16,0.1263320303559075,0.12158200066216218,0.020654368399908418,0.031117000000000006
2017-10-17,0.12864414551096862,0.12503533492544652,0.03450697322554029,0.024873000000000006
2017-10-18,0.12910763846675868,0.12064611667340208,0.022132178082468118,0.02505199999999999
2017-10-19,0.12979810917027593,0.12103355123279472,0.02786755779715193,0.023878999999999984
2017-10-20,0.1370971548671791,0.12003209607391947,0.023081891581876776,0.02174100000000001
2017-10-23,0.1374216645424906,0.12043002614231882,0.02596275506795684,0.015184000000000003
2017-10-24,0.13765324615152755,0.11997603709430923,0.023768179000872774,0.017862000000000017
2017-10-25,0.13894548150488117,0.12026250437190905,0.023808483989484916,0.02016900000000002
2017-10-26,0.13860450132068355,0.12133395301431735,0.02505709646928822,0.021516000000000007
2017-10-27,0.13933870129277154,0.11981380858053962,0.02117246250502,0.02239000000000002
2017-10-30,0.14014144770368986,0.12245618297671916,0.031240493237356004,0.015114000000000016
2017-10-31,0.1424545019303716,0.12381481167635848,0.03796957171628039,0.016279000000000016
2017-11-01,0.1425268146816869,0.12574679724848428,0.024285219319828605,0.017705
2017-11-02,0.14553908543890698,0.12444662837808289,0.013895344401540763,0.03109199999999998
2017-11-03,0.14906721626718242,0.12373482710796342,0.010878231420953455,0.014586999999999989
2017-11-06,0.1503971804045533,0.12604953924676493,0.018214535800492704,0.009433999999999998
2017-11-07,0.15276582545715725,0.12119547211750727,0.009589267427716167,0.018559999999999993
2017-11-08,0.1551270937613479,0.12237054322686261,0.008336828566055138,0.015178999999999984
2017-11-09,0.1570588907917958,0.12245933956266201,0.008930229160434261,0.021958000000000005
2017-11-10,0.15863690462555122,0.12499978469815197,0.01969769129824102,0.019551000000000013
2017-11-13,0.15903662120574127,0.12058883340556383,0.007156849554187217,0.024717000000000003
2017-11-14,0.1595868380237964,0.12117858311607255,0.008252512129804143,0.029810000000000003
2017-11-15,0.15941592961204012,0.12667080504015632,0.011637982754703319,0.02222099999999999
2017-11-16,0.16051587304600887,0.12446961876092062,0.0023190625965814338,0.026091000000000003
2017-11-17,0.161522473532967,0.13023401682674643,0.025589465646587997,0.018855999999999998
2017-11-20,0.16491032911199374,0.12928099680900257,0.02244951681622294,0.017216999999999996
2017-11-21,0.16678273917257022,0.1230666007737393,0.003428695030827114,0.022370999999999988
2017-11-22,0.1676510792668258,0.12161205960064381,0.0005758340151312547,0.023203
2017-11-24,0.1691689136260849,0.12132231111610783,0.0002725333448798384,0.023820999999999995
2017-11-27,0.1696182863212002,0.12236777005107594,0.0015641277613837185,0.017751000000000003
2017-11-28,0.1712032286958262,0.12079545083497455,-0.002477031546293043,0.02092200000000001
2017-11-29,0.1739602524373436,0.1263085254149961,0.016406792233221362,0.022462999999999983
2017-11-30,0.17563624776648307,0.12155217192125449,0.002739151787044411,0.023183999999999996
2017-12-01,0.17557357564424791,0.1268675487662492,0.01689472338173327,0.02530800000000001
2017-12-04,0.1754709589601281,0.1327147236758224,0.06277695698453699,-0.006320999999999993
2017-12-05,0.17486272928645175,0.12575834337304378,0.0327389909586923,0.038024
2017-12-06,0.17492854744440853,0.12638324719573718,0.02760653472069323,0.02825899999999998
2017-12-07,0.17408976507046442,0.1446766434323878,0.016954038737499053,0.024351999999999985
2017-12-08,0.17453063161954507,0.14335262382573982,0.05371295474420422,0.04656300000000002
2017-12-11,0.17468076786694237,0.14441303317874268,0.027194506136632643,0.032390999999999975
2017-12-12,0.17515023111020675,0.14549938731992396,0.04521266716049917,0.039019
2017-12-13,0.17484063763365482,0.1455370597262836,0.03569984224528118,0.028784000000000004
2017-12-14,0.1752536629892479,0.14601239370007119,0.034402823886388656,0.033499
2017-12-15,0.17564249777944355,0.1452409164398184,0.05249144476576688,0.04087299999999999
2017-12-18,0.17551740488184525,0.1387180293452566,0.03796244581796003,0.034996
2017-12-19,0.17688050173462389,0.13038819371620655,0.03353741485004215,0.02492899999999998
2017-12-20,0.17895288548649357,0.1345121046300969,0.04022055737948743,0.03731699999999999
2017-12-21,0.17849425137050917,0.12265705769385948,0.016799368426617056,0.027641
2017-12-22,0.1807672558450622,0.12158660896922366,0.02845845426543392,0.02884500000000001
2017-12-26,0.1808178782321465,0.12148646450591667,0.028523305215122752,0.03889999999999999
2017-12-27,0.1811687987734554,0.12405197257042153,0.020487478747054616,0.03298100000000001
2017-12-28,0.1834146888042255,0.12257325015847154,0.009871454713608036,0.03295899999999999
2017-12-29,0.18347953806383527,0.12309639473293482,0.012473974277216526,0.031308
2018-01-02,0.18326488627502016,0.12276387224508141,0.011808823007326968,0.031246999999999997
2018-01-03,0.18553074441653697,0.1188675532439071,0.002994882866837717,0.021924
2018-01-04,0.18569771453526893,0.11846425162771997,0.007631069201030266,0.020973999999999993
2018-01-05,0.1855721317677875,0.1164185895524868,0.008974927306116598,0.021314
2018-01-08,0.18609484219309635,0.11747322610500255,0.009149820532302733,0.024306999999999995
2018-01-09,0.1861470569654396,0.11941991487708967,0.01794822796640791,0.013160000000000005
2018-01-10,0.18695087582639397,0.11813490944879987,0.019829896397281305,0.016846
2018-01-11,0.18601370153531413,0.11990641318610273,0.02027301165333717,0.013833999999999985
2018-01-12,0.18458298091311548,0.12067881784456318,0.022811251269586857,0.016221000000000013
2018-01-16,0.1848430518185535,0.1481802512573206,0.03207598534120412,0.017601000000000006
2018-01-17,0.18544129674689658,0.14544329459234612,0.028133976676111755,0.010144000000000014
2018-01-18,0.18393797703564557,0.12496044810025367,0.021953779892183695,0.010014999999999996
2018-01-19,0.18447505245788673,0.11902580396194132,0.017737541105050436,0.02540300000000001
2018-01-22,0.18405922083185067,0.11821479367167459,0.021103589373838466,0.01704900000000001
2018-01-23,0.17927260302309053,0.12110617410927427,0.008048802897715146,0.012375999999999998
2018-01-24,0.17990732119821876,0.11760330950089887,0.005463395536792176,0.010807000000000011
2018-01-25,0.1796399106703768,0.1209364918443465,0.0041869654808118495,0.009738999999999998
2018-01-26,0.17931086360635987,0.12023679477200065,0.0031487929099288936,0.007422000000000012
2018-01-29,0.17933405921513987,0.12105813359855731,0.014890287909265248,0.0061269999999999936
2018-01-30,0.17877172025886792,0.12012691205689312,0.008189491331043547,0.011374999999999996
2018-01-31,0.17926778095203702,0.11998296002727056,0.0032204679023341842,0.0067879999999999885
2018-02-01,0.17847997108256752,0.12052322964503483,0.004612576168956384,0.006512999999999991
2018-02-02,0.1784708442654232,0.11948907712651706,0.006638232645402586,0.011123999999999995
2018-02-05,0.17603721309251963,0.12342297315733777,0.037421143866517875,0.0042069999999999885
2018-02-06,0.1725953284521916,0.12241430730745878,0.03182482123021399,0.012408000000000002
2018-02-07,0.17181293770718514,0.12338417656796276,0.023680934505438234,0.00694599999999998
2018-02-08,0.1696884808795878,0.12311614926588065,0.02933855609773392,0.0046780000000000155
2018-02-09,0.16701931748867144,0.12077420697269249,0.02698791336807793,0.03654199999999999
2018-02-12,0.16654012061503862,0.12097375731706415,0.01800896020441553,0.02743899999999999
2018-02-13,0.16554714368762066,0.12080403121989049,0.009116778390372615,0.019347000000000003
2018-02-14,0.166585076838653,0.12166888287330355,0.02644204770310085,0.007678999999999991
2018-02-15,0.1660109749329226,0.11818111753842601,-0.0003497173980120949,0.02863199999999999
2018-02-16,0.16767083939264202,0.11960141159103577,-0.007797813834667711,0.016750999999999988
2018-02-20,0.16758841989812895,0.12117935804880223,0.01924778650327935,0.020829999999999987
2018-02-21,0.16686799319749704,0.1538178670451799,-0.011591304022782883,0.007648000000000016
2018-02-22,0.16361297633261418,0.14797579738798924,-0.017699351539765096,0.016416999999999987
2018-02-23,0.16233702343362733,0.1384265413019739,-0.03633513483068429,0.00869700000000001
2018-02-26,0.16146089872818992,0.1466762669426944,-0.030994683430889153,0.01732499999999998
2018-02-27,0.1605499220845975,0.15272484992419377,-0.018994319025449624,0.009368999999999988
2018-02-28,0.16122690533016912,0.15198560869045713,-0.019701631896528515,0.013030000000000014
2018-03-01,0.16067384808950924,0.14852640059460007,-0.005999878107640633,0.022326000000000013
2018-03-02,0.15851701923538464,0.14981719751256536,-0.00811241091680509,0.01629
2018-03-05,0.15717978808617233,0.14489328440229202,-0.02497654012038475,0.024901000000000006
2018-03-06,0.15733484799450048,0.14684824933672486,-0.026141316079069332,0.02055700000000002
2018-03-07,0.15774453108110542,0.14905937014469742,-0.012575443748796766,0.019808999999999993
2018-03-08,0.15869151963273553,0.14806000289370855,-0.01397322987986882,0.01847499999999999
2018-03-09,0.1588638287432555,0.14670408355086834,-0.010621005885546153,0.02135300000000001
2018-03-12,0.159185313225676,0.14391522521191236,-0.0058069641297472385,0.016755999999999993
2018-03-13,0.15874851547930852,0.15337014264470433,0.009933118092446125,0.016671999999999992
2018-03-14,0.15948016930625747,0.1514369373935858,0.0112200028048772,0.016731999999999997
2018-03-15,0.15903236528267264,0.15203389590835817,0.010436939151427072,0.01027900000000001
2018-03-16,0.15986904911203056,0.138235355535621,-0.013833505634134186,0.01580000000000001
2018-03-19,0.15912520303922317,0.15028151939280385,0.00918824283803571,0.01060999999999998
2018-03-20,0.15822894733763082,0.1397519649409116,0.0006852457180909766,0.017873
2018-03-21,0.15723421541693683,0.1396975778032163,0.006180577464889897,0.013305999999999985
2018-03-22,0.15566707778162517,0.15049866138124537,0.010981006511638136,0.007269999999999999
2018-03-23,0.1540217229195917,0.15411641773094883,0.037748111861726746,0.012461
2018-03-26,0.15399532792781984,0.1531470183048972,0.03724360559870518,0.00948199999999999
2018-03-27,0.15271887899102543,0.14813972819410806,0.021130819706579818,0.03568400000000002
2018-03-28,0.15218248115820407,0.14836371290392192,0.035104713992694436,0.02995400000000001
2018-03-29,0.15237640102100936,0.14544375425009806,0.014257809769710028,0.026119000000000003
2018-04-02,0.15045707722552634,0.14602981189626038,0.02157093680177044,0.031854999999999994
2018-04-03,0.15027038180033928,0.14436538898742546,0.02333389951565787,0.03351599999999999
2018-04-04,0.1496663363115431,0.14109959759778787,0.020578120374283,0.039607
2018-04-05,0.1469828963553102,0.13828229832178268,0.008520764505047518,0.030584
2018-04-06,0.14638114971118404,0.1477734112877552,0.02333868564232941,0.03026999999999999
2018-04-09,0.14871040542166378,0.14458047462371332,0.019458645062806118,0.03332700000000002
2018-04-10,0.1535594980450102,0.14728730091764944,0.026840585212226237,0.035551
2018-04-11,0.15359711289752123,0.1477084780956175,0.02174843733730228,0.03962399999999999
2018-04-12,0.15225044856981942,0.1549271426989234,0.03613048196078425,0.02335900000000002
2018-04-13,0.1529120218282341,0.15366129000826217,0.024973750373571385,0.021379999999999982
2018-04-16,0.15264278162198164,0.15093180578838344,0.023670970795271612,0.03373499999999999
2018-04-17,0.15057862794523003,0.14127768338560862,-0.005405845407261467,0.01936099999999999
2018-04-18,0.14942317704352948,0.14094089302955679,-0.0029691678681084133,0.023235000000000006
2018-04-19,0.14966137689212877,0.14050783824400506,-0.0036556081287101583,0.026423000000000002
2018-04-20,0.1493913700877291,0.13529636090994296,-0.0017435736545354796,0.028424000000000005
2018-04-23,0.14971780320925948,0.13601242533535307,0.005027594840691402,0.02585599999999999
2018-04-24,0.15129143606719933,0.13760584572106185,0.013690030656186236,0.023176000000000002
2018-04-25,0.15055287375700352,0.13468518517911976,0.014535838747342988,0.024471999999999994
2018-04-26,0.1507562442607746,0.12543028226174924,0.014994886650189332,0.026295999999999986
2018-04-27,0.1496172134458608,0.12604554262805762,0.010709605825608676,0.020365999999999995
2018-04-30,0.14968397097104508,0.12848209752844802,0.024922728863042504,0.012507000000000018
2018-05-01,0.1496702201060024,0.12806451685393572,0.018912061882000175,0.026478
2018-05-02,0.14968776695198122,0.12417862477036841,-0.002409548994944527,0.02804100000000001
2018-05-03,0.14893294355380401,0.13450917600758888,0.0029953385803943577,0.026721999999999996
2018-05-04,0.14948607374501063,0.1341251887372055,0.013889873596622693,0.024124000000000007
2018-05-07,0.1490641180680001,0.13572519381484816,0.010244143153404744,0.022532999999999997
2018-05-08,0.14821041526377726,0.13965409027312178,0.03292816757882386,0.02384900000000001
2018-05-09,0.14833233614806912,0.1410317454572598,0.03414836351638459,0.026524999999999993
2018-05-10,0.14900831423845842,0.1384929354345888,0.021546795838054023,0.023348000000000008
2018-05-11,0.14909142959259117,0.13599599119155953,0.009450550311348449,0.026288000000000006
2018-05-14,0.14766096392441846,0.13831180525985629,0.01873608850879982,0.025204000000000004
2018-05-15,0.14749661045188783,0.13430406688896096,0.014134215962187752,0.028051999999999994
2018-05-16,0.14676885835583653,0.13338415344048296,0.020621033788063375,0.029025999999999996
2018-05-17,0.14730544216741892,0.13466995934392695,0.029384293539797074,0.025210999999999983
2018-05-18,0.14496428031761605,0.13533527723737326,0.01901122620704021,0.028988000000000014
2018-05-21,0.14357969942605528,0.13501512131032203,0.003925669792458092,0.019725999999999994
2018-05-22,0.14307311720602076,0.13582763488800606,0.0062555015130944525,0.017295000000000005
2018-05-23,0.1441415277278228,0.13725840876495268,0.004585745282361248,0.020881999999999984
2018-05-24,0.14385213211165193,0.13681788677512252,0.0004990986077463289,0.022401000000000004
2018-05-25,0.14380149212072235,0.13545187787066662,-0.002472829120199943,0.019811000000000023
2018-05-29,0.14378004734275018,0.13468272114523497,0.015230493062612732,0.01872199999999999
2018-05-30,0.14225086987673696,0.13378890595187354,-0.0051086112307657805,0.02135899999999999
2018-05-31,0.14071852201613402,0.13660555316203668,-0.006457255015619029,0.016762
2018-06-01,0.13983545980530565,0.13608910487379697,-0.00700573498223217,0.015658000000000005
2018-06-04,0.14042180923171954,0.1372559719383254,0.003107645742821241,0.014885999999999983
2018-06-05,0.14030803691682145,0.14004993465848595,0.005537915108643682,0.008628999999999998
2018-06-06,0.13903729620822716,0.13981144086898836,-3.225211032908959e-05,0.02041800000000002
2018-06-07,0.14058169633132322,0.13953798076521648,-0.0021082272857660678,0.017901
2018-06-08,0.1418763868423147,0.13998187730562114,-0.0011830285964794796,0.016245999999999983
2018-06-11,0.1419970330143259,0.14035416501954281,0.0018779173528101767,0.010973999999999984
2018-06-12,0.14185042528886369,0.14027155144680153,0.007043490013209447,0.014505999999999991
2018-06-13,0.14221903769289732,0.13880447615268104,-0.0005420089041510423,0.010280000000000011
2018-06-14,0.14262981049640383,0.13933813707455397,-0.0025386935164412594,0.013476999999999989
2018-06-15,0.14228653849927161,0.13938414024599052,-0.0006372362803824805,0.013641999999999987
2018-06-18,0.1424259070623506,0.13932691821120236,-0.0001757779344637722,0.021544000000000008
2018-06-19,0.14310882435331818,0.13892093818174392,0.015821973266400308,0.022837999999999997
2018-06-20,0.1448745848358879,0.13547164708162998,0.01095852709000708,0.023786999999999975
2018-06-21,0.14508158883185546,0.13471762001040113,0.010657315730028982,0.025140999999999997
2018-06-22,0.14560239665993416,0.13675414688079815,0.0047587410859809,0.019046000000000007
2018-06-25,0.14595945656008694,0.13708159117146312,0.012762113543215409,0.022987000000000007
2018-06-26,0.1444777219589709,0.13842145415146265,0.01649444818839979,0.027266999999999986
2018-06-27,0.1452405100449963,0.13819483739156993,0.016913640211808106,0.016264999999999974
2018-06-28,0.1477270165322782,0.1380363023183168,0.015231312118502954,0.024045999999999984
2018-06-29,0.14728301364517335,0.1384332929344897,0.020643147872627,0.021934999999999982
2018-07-02,0.1478397212101993,0.1337821496790572,0.019985414609971358,0.027277000000000023
2018-07-03,0.14728457027177855,0.13337393870241357,0.015753607974670014,0.022716000000000014
2018-07-05,0.1485695512033992,0.13462109462616373,0.027295821778217932,0.020072000000000007
2018-07-06,0.15032774079922157,0.13374472169101176,0.022044766315035103,0.033261999999999986
2018-07-09,0.14945722959180563,0.13667385842418053,0.04186179693718731,0.030274999999999996
2018-07-10,0.14482633300877096,0.14101162760702002,0.011834772393801013,0.03384000000000001
2018-07-11,0.14514095612519723,0.14186962440765472,0.02007961111495879,0.02516099999999999
2018-07-12,0.14616605762895515,0.13946485939484896,0.006633822387006244,0.040690000000000004
2018-07-13,0.14679263144596086,0.1402472077949817,0.01156144156042177,0.026660000000000017
2018-07-16,0.14786987180961156,0.14280920484274603,0.029351686213817646,0.03833400000000001
2018-07-17,0.1505559673680408,0.14037981084160214,0.00838242487914867,0.026603000000000016
2018-07-18,0.15189147753044915,0.14037417146284034,0.008026022644833014,0.026140999999999998
2018-07-19,0.15150903888588807,0.13963410163268283,0.0011872275212091166,0.022253999999999996
2018-07-20,0.15102728224461556,0.14014701709653635,0.00384635416001744,0.019230999999999998
2018-07-23,0.1545938224166232,0.14099519723718973,0.004483988353743362,0.022736000000000006
2018-07-24,0.15311168152261292,0.14628408493925346,0.011447060350751548,0.011086000000000013
2018-07-25,0.15449466660783043,0.1402880183308074,-0.002720783595559856,0.02193500000000001
2018-07-26,0.15924487761252773,0.14109219159909706,0.009329157832394214,0.01624600000000001
2018-07-27,0.1597612812203844,0.13914539361103714,0.002782480232545098,0.021404000000000006
2018-07-30,0.16262420968764624,0.14090923509442785,0.011452251325702684,0.016073000000000004
2018-07-31,0.16338054167238714,0.1389416474865861,0.011485182918025527,0.013069999999999998
2018-08-01,0.16572285834416461,0.14453666188347405,0.018287318460122715,0.009346999999999994
2018-08-02,0.16677638980057607,0.14145998779372718,0.01108621928171974,0.016629000000000005
2018-08-03,0.16700087002215783,0.1407151227437364,0.005216007884873641,0.013956999999999997
2018-08-06,0.16736774068572724,0.1409958393889296,-0.0003175018849882194,0.013046000000000002
2018-08-07,0.16748469078817269,0.14290390378689447,0.014959114703050613,0.0006250000000000144
2018-08-08,0.1668825202227396,0.12440443888545995,0.014477412900423953,0.01824199999999998
2018-08-09,0.1681130493121738,0.13518469410232478,0.013457008914263435,0.017350000000000004
2018-08-10,0.1694102531336572,0.14044067822511702,0.0162600189605816,0.015458
2018-08-13,0.17011504678138664,0.1273717207979617,0.02307850436869774,0.02088100000000001
2018-08-14,0.17187208940985527,0.1267258182860054,0.016512386048280453,0.01815899999999998
2018-08-15,0.1715691763637775,0.14215395535227945,0.01931276001860388,0.011217000000000005
2018-08-16,0.17173801457766208,0.14134702584086245,0.013802612598995234,0.010381000000000001
2018-08-17,0.17248973345956445,0.13933653110837405,0.006015110685981262,0.015062999999999993
2018-08-20,0.1732821361682365,0.1393986038826716,0.00873849645499905,0.010694000000000009
2018-08-21,0.173247552097452,0.13860010745566478,0.017010470325091176,0.00813899999999998
2018-08-22,0.1740798217631975,0.13755013140883535,0.028344041636257478,0.01658499999999999
2018-08-23,0.17497899762022673,0.1381908251293443,0.025540049920500574,0.01328399999999999
2018-08-24,0.1754248733070954,0.13666605096624945,0.01976805325416514,0.014205999999999996
2018-08-27,0.175567095766965,0.13541717691637256,0.01942705340185122,0.014773999999999982
2018-08-28,0.17653560008788236,0.1368925096769924,0.029515463747925463,0.00855800000000001
2018-08-29,0.1768622111869188,0.135527715622113,0.018214448201864852,0.013476000000000016
2018-08-30,0.17795978129377038,0.1345842229670539,0.025527002017913206,0.009935
2018-08-31,0.1775927128312439,0.1349468190122098,0.021919785727068458,0.01711199999999999
2018-09-04,0.17739050761131758,0.13429929367229027,0.027063296637958506,0.016821000000000003
2018-09-05,0.1776217920879033,0.13477448213849927,0.029215828301135616,0.014581999999999984
2018-09-06,0.18210280363284934,0.13726203503375778,0.018647513484422867,0.010205999999999993
2018-09-07,0.18468001548194918,0.15606431588956704,0.03563510946974707,0.008043999999999996
2018-09-10,0.1868663578263338,0.1358731434834558,0.030671098099620486,0.016909000000000007
2018-09-11,0.18701296742059942,0.13709923797008405,0.03826273394046231,0.012569999999999998
2018-09-12,0.1868487450671239,0.15185854601299914,0.029355444791664326,0.0131
2018-09-13,0.1870106072976254,0.15268551556128115,0.019868361617472408,0.014349999999999974
2018-09-14,0.1869964221033302,0.1532948012491634,0.02727174264619789,0.010210999999999998
2018-09-17,0.19040322062364054,0.15418219224617138,0.026126716438693298,0.014114000000000015
2018-09-18,0.19215335130336783,0.1490837282368495,0.016709603462451594,0.015805000000000013
2018-09-19,0.1923596414138081,0.15542205086699298,0.028151162729208368,0.01693699999999998
2018-09-20,0.19535676593241205,0.15770157390233344,0.03776714051760896,0.012409000000000003
2018-09-21,0.19895657236382794,0.15824391553665745,0.04402813586035198,0.008638000000000007
2018-09-24,0.20424342975363471,0.1575513682382525,0.04110508198225318,0.016089999999999993
2018-09-25,0.20664013503203268,0.17588403402058886,0.06865375554782394,0.027590000000000003
2018-09-26,0.20811871492150516,0.17592018009612084,0.061442223992789535,0.021957000000000004
2018-09-27,0.20660569039530746,0.1689689828171754,0.029457400973557812,0.026294999999999985
2018-09-28,0.20743994060763243,0.16736041162365262,0.01428730879718007,0.02413399999999999
2018-10-01,0.20794226551834866,0.16953734729794742,0.022184222879254034,0.01927200000000001
2018-10-02,0.2089740889911774,0.1688034193650739,0.023165658708801273,0.024424
2018-10-03,0.2079030011162165,0.1683753732430517,0.0264667579122293,0.02163899999999999
2018-10-04,0.2072181786581289,0.1588822418212382,0.026914992774950408,0.03193099999999999
2018-10-05,0.207884570149975,0.16238149173000088,0.02764851059041684,0.025998999999999994
2018-10-08,0.2077996104349354,0.16995425622645488,0.03474394650546561,0.021832000000000018
2018-10-09,0.20862016514621637,0.16755212836558014,0.029607003947592747,0.01534000000000002
2018-10-10,0.2093267453759071,0.16848041063182584,0.05354090334819078,0.015742000000000006
2018-10-11,0.2100683880713091,0.1651363223632151,0.047811390441041324,0.030189999999999995
2018-10-12,0.21027233516010635,0.16683709504084693,0.04296273730786759,0.019401
2018-10-15,0.20890582350288,0.15869429961176829,0.03801977763433992,0.03168399999999999
2018-10-16,0.2077738946288114,0.15765428340966153,0.015693900018175166,0.02104600000000001
2018-10-17,0.20760355582643444,0.15527614544012833,0.005722256407311166,0.023171000000000025
2018-10-18,0.20831888291820735,0.158411579006975,0.019513760169878158,0.018982
2018-10-19,0.20547800247655754,0.1568947335456915,0.007263096103936301,0.007945000000000008
2018-10-22,0.2057679040648633,0.1559932246435479,0.014512048823979773,0.01983299999999999
2018-10-23,0.2055049750854802,0.1545876982996865,0.012409442823504896,0.019529999999999992
2018-10-24,0.2019672182011217,0.1604585395750847,0.04146210877470874,0.008993000000000001
2018-10-25,0.20154763621081664,0.15544993097777857,0.025237035653482204,0.021341
2018-10-26,0.199910954079708,0.1549142130176465,0.02509065127966592,0.02169600000000002
2018-10-29,0.20085299428228323,0.15599591981077054,0.03366398071950394,0.02182400000000001
2018-10-30,0.19877223215562445,0.17519838452118497,0.02138877691048241,0.01739099999999999
2018-10-31,0.1982246323375428,0.1772039233953114,0.03911245954448331,0.027901999999999982
2018-11-01,0.1974404652215282,0.17418202864036728,0.029141526961519587,0.026786000000000004
2018-11-02,0.19675315980620148,0.1746430278742923,0.02441450301547657,0.024307999999999996
2018-11-05,0.19705089525482514,0.17393348033414016,0.0324238653630968,0.03313299999999997
2018-11-06,0.19700324518124757,0.1754600373409787,0.02766182659281674,0.02149899999999999
2018-11-07,0.19478653009189575,0.16267420741728933,-0.017782575092740976,0.02413399999999999
2018-11-08,0.19391327028245273,0.16034590732551227,-0.023790978916256922,0.031246999999999997
2018-11-09,0.19317876995645494,0.1646759399864776,-0.017561115030090002,0.01594699999999999
2018-11-12,0.19174224654365116,0.1662095246373853,-0.007123023430768566,0.023621000000000003
2018-11-13,0.19130760367797137,0.1628196643002833,-0.013343929163391277,0.020197999999999994
2018-11-14,0.19078897820524834,0.1639277156687415,-0.003568436925842383,0.020773999999999987
2018-11-15,0.19212479595461518,0.16251188021779722,-0.017323431552211555,0.013899000000000022
2018-11-16,0.19251542837087643,0.1588529496132072,-0.028002525875114537,0.027445999999999998
2018-11-19,0.19342449369272047,0.1598409208361169,-0.014490322957447788,0.022270000000000012
2018-11-20,0.19301799003117118,0.1632570653618435,-0.0034230371836275197,0.020448999999999995
2018-11-21,0.1925906815335581,0.1605909024078233,-0.015804295547073632,0.01946400000000001
2018-11-23,0.1924702975720182,0.15960371036519774,-0.00041737481411083244,0.01575399999999999
2018-11-26,0.19258146439137083,0.1570482510050196,-0.006970348509669433,0.020219000000000015
2018-11-27,0.19260355528190173,0.15487573558981338,-0.006659301588436112,0.01768800000000001
2018-11-28,0.1927420366646941,0.15180485218920653,-0.011079162169723766,0.01963000000000001
2018-11-29,0.19134845640347717,0.15257791310814692,-0.003940560804341714,0.01500399999999999
2018-11-30,0.19076437911058525,0.1502262567675061,-0.007508412345420379,0.021338999999999997
2018-12-03,0.1905420161718669,0.1495794658131465,-0.007263031569931466,0.02232999999999999
2018-12-04,0.1901357792892761,0.15142066527967554,0.0042066245150856885,0.024057999999999996
2018-12-06,0.18332848040850497,0.16932999590966472,0.004271547754196692,0.031693
2018-12-07,0.1795135998333444,0.16482738360681526,-0.011750495006675271,0.03403599999999998
2018-12-10,0.17677656770575353,0.16589977016276763,-0.011639375381014977,0.023353000000000013
2018-12-11,0.1766499141037391,0.16546705921980628,-0.006495587445266904,0.01864300000000002
2018-12-12,0.1758152311794275,0.1642246206952882,-0.015226971504949394,0.01891900000000002
2018-12-13,0.17468376086187606,0.16326607794818332,-0.0164695171324305,0.01965
2018-12-14,0.17502605524452466,0.16220052169954036,-0.019051885366148075,0.022555999999999993
2018-12-17,0.17140576570624788,0.163383852893481,-0.006407681440257357,0.034914
2018-12-18,0.168951660637203,0.16838438949756643,0.003999016897200586,0.02824199999999999
2018-12-19,0.16798402387012176,0.16918902720612086,0.005735092314888973,0.02846700000000002
2018-12-20,0.1641758201156313,0.16712062626503627,0.002515057607366089,0.05197600000000002
2018-12-21,0.1585376937211797,0.17206271168455073,0.0009504117103143195,0.02762099999999998
2018-12-24,0.15081916679874013,0.18180381602674828,0.062567878883724,0.04402099999999998
2018-12-26,0.14783006602973536,0.18005705208889775,0.030327626465870394,0.030318999999999985
2018-12-27,0.1448828494343875,0.17279152489356833,0.01353125572214231,0.060570999999999986
2018-12-28,0.1446638159639627,0.17073415689867333,-0.006733294746256807,0.05324100000000001
2018-12-31,0.1438494548428927,0.16948892764254667,-0.02669027998781673,0.04791100000000001
2019-01-02,0.14277089012648742,0.17306174515294126,-0.02680100980029404,0.026719999999999994
2019-01-03,0.14184136291054383,0.17454973403985188,-0.0065173175638580105,0.03961500000000001
2019-01-04,0.14180885512436123,0.16567733203908,-0.042676163205985745,0.044889999999999985
2019-01-07,0.1410582165069998,0.1657825367283242,-0.04328931216217105,0.04155600000000001
2019-01-08,0.1382759570111293,0.16642892900333983,-0.030209589326877756,0.054315
2019-01-09,0.1380195512798735,0.1654594296132577,-0.044059642746762495,0.04158700000000001
2019-01-10,0.13627407969846048,0.16411896029589734,-0.045221978488135445,0.038959999999999995
2019-01-11,0.13497051968845275,0.163541628759849,-0.05008418055244307,0.038366999999999984
2019-01-14,0.1324289442900035,0.14826112060617302,-0.052863343256436934,0.030254000000000003
2019-01-15,0.13188762178856978,0.1488202211283095,-0.05369428248298902,0.036955000000000016
2019-01-16,0.1308449898734498,0.1466543257957741,-0.06704166025189265,0.04125999999999999
2019-01-17,0.13095854312714714,0.1468104414022825,-0.05763019620068516,0.043212
2019-01-18,0.1310166314974288,0.14568158679574064,-0.07456269009446082,0.038450999999999985
2019-01-22,0.13067962172553976,0.1505895173918056,-0.04549942036894525,0.040661
2019-01-23,0.13053276919219262,0.14929870417007193,-0.05564430974076692,0.03542099999999998
2019-01-24,0.12978993053888338,0.15148930718946058,-0.044647342485274744,0.032105999999999996
2019-01-25,0.12861861719628886,0.15112741696717272,-0.02728497977168845,0.03419900000000001
2019-01-28,0.12831793975892586,0.15026806604678555,-0.017305073567078777,0.03962299999999999
2019-01-29,0.12937126277204536,0.1478450051146106,-0.014239388644150475,0.04316400000000001
2019-01-30,0.13069755631739033,0.14899472557427132,-0.01527339232008651,0.044578000000000007
2019-01-31,0.1297271447469701,0.15148754246995463,-0.002891490713277739,0.040714
2019-02-01,0.12882379944648165,0.1484919016949122,-0.025322562424708345,0.028147000000000005
2019-02-04,0.12815099142593708,0.14775745947258154,-0.02288179913528096,0.03051899999999999
2019-02-05,0.12829377989393564,0.14523276041417413,-0.02228724475155311,0.04242399999999999
2019-02-06,0.12881546141209743,0.14675327403682492,-0.022692278227946644,0.029317999999999983
2019-02-07,0.12792453562160586,0.14854183881890232,-0.018057441287026577,0.024612999999999996
2019-02-08,0.1285290904187876,0.14712371069249458,-0.014305684500896615,0.03179500000000002
2019-02-11,0.12900499804893667,0.149873481782601,-0.003694958452039182,0.027288000000000007
2019-02-12,0.12809947416464956,0.1497582178929768,0.0022401125155007418,0.03081600000000001
2019-02-13,0.1281135185569614,0.15255526362179853,0.01206577504980963,0.01863899999999999
2019-02-14,0.1283667939253658,0.15026559731145775,0.011605061014762635,0.027879000000000015
2019-02-15,0.12919084229913053,0.1470114918894735,0.009522751130828427,0.03461900000000001
2019-02-19,0.12896906921305695,0.14764274451405918,0.012878478658190806,0.031303
2019-02-20,0.126137336257107,0.13125287787837928,-0.018039287386859115,0.0359
2019-02-21,0.12443233934659197,0.1332824928247546,-0.0077055768237642985,0.029730000000000006
2019-02-22,0.12264791666507574,0.13187581857166483,-0.013212136730174628,0.033129000000000006
2019-02-25,0.1209970275296064,0.13396540417441172,-0.013867461346997872,0.02929899999999999
2019-02-26,0.120957884328387,0.13455970584290064,-0.004791225076897693,0.03259999999999999
2019-02-27,0.12174466704351093,0.1343476331427106,-0.010289538361407474,0.035439999999999985
2019-02-28,0.12095680189526492,0.13830261822855977,-0.007759251559937258,0.024375000000000008
2019-03-01,0.119951793354997,0.13374453083599072,-0.01604973248572175,0.031696
2019-03-04,0.1199781646765247,0.13235942693014055,-0.008717978694020662,0.03717000000000001
2019-03-05,0.12313905391642693,0.13537773347974463,-0.0016125352877915944,0.025109999999999993
2019-03-06,0.12447330875457335,0.13873878979468413,0.010689361901592698,0.024034
2019-03-07,0.1249493154586909,0.13416386408912317,-0.0015832437371450792,0.03648000000000001
2019-03-08,0.12689244793827562,0.1338802289264694,0.0017574521284005051,0.035552
2019-03-11,0.12757124821856736,0.1350015702614236,-0.00484780429611828,0.02823400000000001
2019-03-12,0.12777925704106483,0.1323856146097157,-0.007960894620712838,0.03323100000000001
2019-03-13,0.12760496955927045,0.1325163027782222,-0.0017801042123723743,0.032843999999999984
2019-03-14,0.12788420256476873,0.13099123281620384,-0.0035821173844999,0.039414000000000005
2019-03-15,0.12773128288646837,0.12961838725350014,-0.008791797568831902,0.04647899999999999
2019-03-18,0.12863213052470587,0.1310937994640626,-0.005769291383813685,0.03487399999999999
2019-03-19,0.12890249526782654,0.1362823405522728,0.008681364099695943,0.030875000000000014
2019-03-20,0.12929873133451555,0.13775636063212401,0.005209588483738092,0.02524699999999999
2019-03-21,0.13026715334203062,0.13402239701002447,0.006954035503730943,0.032741000000000006
2019-03-22,0.12997370375073897,0.1392379601648905,0.017312190746912814,0.021253999999999995
2019-03-25,0.13024409790384175,0.13661107622597934,0.02899411684886312,0.03856600000000002
2019-03-26,0.13032178738916897,0.1365836552883462,0.025436959561307593,0.031557
2019-03-27,0.13000285055140293,0.13480709491148424,0.033958753669160194,0.028716999999999993
2019-03-28,0.1297571154861748,0.13836139025931196,0.05726469460975703,0.03733
2019-03-29,0.13036362245285396,0.1320622789042991,0.0319468019313931,0.03686600000000001
2019-04-01,0.13072276750317427,0.1345403518301068,0.05053290208169921,0.04427700000000001
2019-04-02,0.13010024944211285,0.13497077522210899,0.034649474668632996,0.030057
2019-04-03,0.12997990786959662,0.13535983299846596,0.04230156367644132,0.030658999999999992
2019-04-04,0.13104122370031862,0.1368013163198656,0.04362110981129522,0.032650999999999986
2019-04-05,0.1310355093167748,0.13581942502074135,0.038406257644025,0.031243999999999994
2019-04-08,0.13127657326064138,0.13628145670560834,0.039566914600878245,0.030634999999999996
2019-04-09,0.1320181478990673,0.13479218496124942,0.03441727693370558,0.038074
2019-04-10,0.13198858153527587,0.1351529397931885,0.03352554564194235,0.036261000000000015
2019-04-11,0.13257784305787185,0.13629593706207704,0.033353790268607075,0.034917000000000004
2019-04-12,0.13165433898436393,0.13498460195709075,0.026121193299727563,0.03584699999999999
2019-04-15,0.13236605581878477,0.13628747417014786,0.0319402130074615,0.04466800000000001
2019-04-16,0.1310982150653749,0.13163853270189374,0.018386011882734643,0.038298
2019-04-17,0.1326697780213388,0.13044195145286386,0.021192631587117816,0.040544
2019-04-18,0.13333697663158695,0.13435787693733597,0.02895609252959319,0.03395199999999998
2019-04-22,0.13423350930408168,0.13141745542139574,0.020792970189966772,0.03151900000000002
2019-04-23,0.1336781685667012,0.1310051589596377,0.02280240344589378,0.045708
2019-04-24,0.13389692810352136,0.13085332101145702,0.026126583857342428,0.044188000000000005
2019-04-25,0.13341363057928576,0.13498301678712385,0.026741400524201847,0.041629
2019-04-26,0.1333961794113444,0.1283718059594861,0.01895368836548386,0.04591399999999998
2019-04-29,0.13349997719364884,0.13549973051406985,0.03255686757511407,0.038937
2019-04-30,0.1338713629365109,0.12880265789220785,0.01550948102248878,0.04234399999999999
2019-05-01,0.13599991491474497,0.12908074853938337,0.011646475008223356,0.046444999999999986
2019-05-02,0.13810206836924657,0.12530837591118446,-0.006559725254956489,0.061241000000000004
2019-05-03,0.1394062526719753,0.1262882407943578,-0.004945898032779061,0.050208000000000017
2019-05-06,0.14345997442388464,0.13021895899122402,0.007484633833356041,0.03525600000000001
2019-05-07,0.1479342291343756,0.13662291419680223,0.023332667599540002,0.045032000000000016
2019-05-08,0.15158323764850407,0.13988374355889338,0.024898176939654737,0.04341199999999998
2019-05-09,0.15344414370219586,0.14247332710934163,0.028169327382535775,0.03176999999999999
2019-05-10,0.1532204779281592,0.13216715799679837,0.014770499690374167,0.04941799999999999
2019-05-13,0.15291158353910858,0.13978472718392454,0.01929774161160594,0.03403700000000001
2019-05-14,0.15351304174162855,0.13997828034330087,0.023379388097296477,0.033303
2019-05-15,0.1547263219090762,0.14111490273733596,0.02438376474238846,0.03168499999999999
2019-05-16,0.1552260887793941,0.13575584406219973,0.010854007258528586,0.02660599999999999
2019-05-17,0.15471021327759843,0.1363468130558539,0.007064439835839986,0.024142999999999998
2019-05-20,0.15609509317755585,0.13928944342068855,0.01744272309646347,0.022248000000000018
2019-05-21,0.15562725943732147,0.13652290740847775,0.0093027948939014,0.022593000000000002
2019-05-22,0.15594105915289114,0.13812631452324922,0.011865369005591209,0.01732800000000001
2019-05-23,0.15654295954547465,0.13946702770327554,0.013048804798020036,0.020918999999999993
2019-05-24,0.15867881303773312,0.13714471246925522,0.014992351595013234,0.019925
2019-05-28,0.15807999302955378,0.14599049861466273,0.02424825632173422,0.020817000000000002
2019-05-29,0.15799879302901032,0.14996048797608375,0.02514902936073679,0.02063999999999999
2019-05-30,0.1583710413378879,0.14858784639066444,0.027809152559508554,0.022788000000000003
2019-05-31,0.1584354225583529,0.14668241397375684,0.0318152714352085,0.02147199999999999
2019-06-03,0.15833347465968095,0.15310540312102314,0.04769101119152455,0.015301000000000009
2019-06-04,0.15688731795062577,0.1522875891161433,0.03287208813398303,0.01747700000000002
2019-06-05,0.15697042092296234,0.1523095107588206,0.03406206239041959,0.012953999999999993
2019-06-06,0.15721665865142972,0.14682165255805796,0.02563556547271953,0.021178000000000002
2019-06-07,0.15545001944062106,0.15362353516913121,0.023791156885535347,0.019954
2019-06-10,0.15553798886492823,0.15927953405856188,0.026451821147829846,0.02265500000000001
2019-06-11,0.1556004222827418,0.15813393799604195,0.026991393206950237,0.02195899999999998
2019-06-12,0.15638184953097473,0.15720588360103765,0.030214755354524364,0.021634000000000014
2019-06-13,0.15684010465222953,0.15706632267486878,0.024513905145575665,0.02149200000000001
2019-06-14,0.15715637673183047,0.15947997104408154,0.024078946371593996,0.012910999999999978
2019-06-17,0.15651171008368792,0.15715150191480137,0.020962607811379846,0.021224999999999994
2019-06-18,0.15572262147345792,0.1569127859476912,0.027968450217976948,0.023951
2019-06-19,0.1550195818884982,0.15811970388871288,0.01941160952366311,0.016271000000000008
2019-06-20,0.15395454403402267,0.15665776563277928,0.018733962366696555,0.018647000000000025
2019-06-21,0.1535444014433205,0.1547556444447978,0.010291859906509632,0.02058299999999999
2019-06-24,0.1532965345366692,0.15322365935359952,0.007468826844015258,0.020561999999999997
2019-06-25,0.15385206144895452,0.15796685080146555,0.018784834564749414,0.019585999999999992
2019-06-26,0.1539327982144679,0.1582156184563357,0.014886007401963885,0.010427999999999993
2019-06-27,0.1534213980444453,0.16035122014016653,0.024060822045255698,0.013377
2019-06-28,0.1530751869151967,0.15785275046576158,0.018939334675389663,0.021864000000000022
2019-07-01,0.15201493836889016,0.1581631442680809,0.013827834148874174,0.02057600000000001
2019-07-02,0.15191131537588876,0.15469243130055224,0.0092044048055539,0.025141999999999998
2019-07-03,0.15230411880838796,0.15425862966691006,0.022180794147615257,0.02632599999999999
2019-07-05,0.15074985001073754,0.15893546821418614,0.027315840008016984,0.024002999999999997
2019-07-08,0.15122546997860806,0.1573551262853085,0.0258060488561509,0.021941000000000016
2019-07-09,0.15094879362680022,0.15840544426181205,0.042584746157308506,0.010523000000000005
2019-07-10,0.1502933632944381,0.15075715672373347,0.02210550309637549,0.020939000000000013
2019-07-11,0.14961783490837766,0.15346304010342263,0.024861134192597584,0.021187999999999985
2019-07-12,0.14977448093660914,0.15454095079312982,0.02275915240899734,0.026889999999999997
2019-07-15,0.14989438870211336,0.15025449619289266,0.03758135205134058,0.031974
2019-07-16,0.14984227650497964,0.1524662827948817,0.03089127498912564,0.020681999999999978
2019-07-17,0.15001659475607523,0.1497880809503298,0.026446480039881953,0.02498900000000001
2019-07-18,0.14909172808560572,0.15115509308351333,0.029607444894023782,0.023568000000000006
2019-07-19,0.14842142699194683,0.1503252895823397,0.028319481123943196,0.026227
2019-07-22,0.14761778785478397,0.15587669758957864,0.0477140242219852,0.01706100000000002
2019-07-23,0.14709478102600987,0.1494929846857201,0.026885265114386908,0.026301999999999992
2019-07-24,0.14680182908018852,0.1495394641255761,0.027979420606765476,0.02754000000000001
2019-07-25,0.1462859211946694,0.14978117636672983,0.03104218841971698,0.027754
2019-07-26,0.14581847716739096,0.15024498265224204,0.024991260940956467,0.020894999999999997
2019-07-29,0.14604104856747405,0.1463914062994734,0.03224129541874837,0.03732099999999999
2019-07-30,0.14472730703933973,0.1470717943717019,0.038992342501531524,0.06026999999999999
2019-07-31,0.14104609409552396,0.15321712439613427,0.019511775140216403,0.01868399999999998
2019-08-01,0.13987951377026125,0.15043895984465927,0.018224136462443336,0.032198000000000004
2019-08-02,0.13837724338831026,0.14723101562318242,0.0005866724143891722,0.04424899999999998
2019-08-05,0.134873099451098,0.16607210711037682,0.037501384164257995,0.018408000000000008
2019-08-06,0.12991698737445123,0.1625039362570972,0.012353442924544294,0.02233500000000002
2019-08-07,0.12572972241833502,0.15454583008400194,0.008196715720156789,0.04888899999999999
2019-08-08,0.12330268537181654,0.1568261999889696,-0.0240458013057534,0.01721700000000001
2019-08-09,0.12440576682695453,0.1579320564422486,-0.012566377333963541,0.02015599999999998
2019-08-12,0.12416995493826766,0.16997150731474372,0.024957170363801268,0.0004149999999999987
2019-08-13,0.12331105184475868,0.16212942865133748,-0.005211915859761468,0.018976999999999994
2019-08-14,0.12177673117238634,0.16397864655068656,-0.0012214391814669712,0.008867000000000014
2019-08-15,0.1216379901861262,0.16385696888195703,0.0022536354986703033,0.016082999999999986
2019-08-16,0.12191013428396517,0.1554887586902791,-0.027625108535808934,0.025815999999999978
2019-08-19,0.11995934688835846,0.13840964579813178,-0.032420658714376716,0.019121
2019-08-20,0.12094706959421883,0.1387834947494336,-0.02940732098746454,0.023621000000000003
2019-08-21,0.12160130585441872,0.13726857409605983,-0.03608599638960261,0.0252
2019-08-22,0.12094646422411978,0.13906178478945558,-0.03262280619164398,0.021741999999999984
2019-08-23,0.1178353562882491,0.13997770960267775,-0.025924632720062485,0.02803
2019-08-26,0.11815129156650171,0.13993378760412234,-0.030266990254095627,0.026705000000000007
2019-08-27,0.11921963327219068,0.14131929609846808,-0.023364287718369736,0.024767999999999984
2019-08-28,0.11829645424048989,0.14265922813377102,-0.02391728446906735,0.02285899999999999
2019-08-29,0.11815512275458545,0.1406786000372703,-0.016281595703647178,0.027324000000000015
2019-08-30,0.11846261984683672,0.14243262166587667,-0.011152090715913499,0.023870000000000002
2019-09-03,0.11758547036139402,0.1437810395033201,-0.011435445757964763,0.034906999999999994
2019-09-04,0.11636441925013823,0.14371975007486903,-0.0036102812006579277,0.036576
2019-09-05,0.11572865644610712,0.14178784209222772,0.006733934581517026,0.024795999999999985
2019-09-06,0.11557561328091352,0.14096708342630832,0.019182494645221954,0.02519099999999999
2019-09-09,0.11493736900018345,0.14146944722734886,0.02887190092475886,0.02219299999999999
2019-09-10,0.11534960138196912,0.14063133812318818,0.0275796780668342,0.026452000000000003
2019-09-11,0.11604611577948398,0.14134173296796948,0.021100149847611577,0.02029900000000001
2019-09-12,0.11545051065484219,0.13843593688781228,0.010039712313159616,0.027877999999999986
2019-09-13,0.11561292453804332,0.14014419962848726,0.014376523709901362,0.024144
2019-09-16,0.11628664628970474,0.1415564695706182,0.024296860097874906,0.021988000000000008
2019-09-17,0.11637765287616791,0.1402404116366091,0.020487804951565408,0.024998999999999993
2019-09-18,0.12055931895222662,0.13680487173405195,0.02127374097526749,0.024104999999999988
2019-09-19,0.1213160391521246,0.13779749286069956,0.024475302421941847,0.01938999999999999
2019-09-20,0.12323289713480536,0.1383930454720124,0.026325939604112142,0.01868900000000001
2019-09-23,0.12400863442565735,0.13717192178330254,0.02591850429107112,0.022751999999999994
2019-09-24,0.12372308371333411,0.1328467650932911,0.04926745539315083,0.011481999999999992
2019-09-25,0.1231170226439836,0.1310083129748999,0.03467630446454151,0.023147
2019-09-26,0.12285918989794035,0.13058296098059766,0.037410290419065184,0.025187000000000015
2019-09-27,0.12229712017038498,0.1322332713488346,0.04335009003904933,0.026879999999999987
2019-09-30,0.1223451866858604,0.13406445330081407,0.048994126739603475,0.027423000000000003
2019-10-01,0.12224756895874221,0.13733025262430237,0.055554385127246475,0.03247999999999998
2019-10-02,0.12273090375501236,0.1414463244004995,0.06667579295601614,0.03365199999999999
2019-10-03,0.12256354127418663,0.14451635087897344,0.07210298096018268,0.033939
2019-10-04,0.12156516849755414,0.14308505089011864,0.06517044632244533,0.03414599999999998
2019-10-07,0.12163055347814172,0.14392076890041866,0.07120935795669815,0.03046299999999999
2019-10-08,0.12158330589659638,0.1463944506816096,0.08231625112477528,0.02796399999999999
2019-10-09,0.12157948314704431,0.14446982873529343,0.07415923807122769,0.03123099999999998
2019-10-10,0.12054750586787374,0.14360496552455385,0.08877556176887036,0.036454000000000014
2019-10-11,0.12120512805130534,0.1384571058607014,0.09098555714430884,0.030468000000000023
2019-10-14,0.12035637294792868,0.14049042764639105,0.09149979052385128,0.022483000000000003
2019-10-15,0.12029587749077654,0.1406722316339903,0.07629670948867606,0.022660999999999987
2019-10-16,0.1197505455674232,0.13665252015060608,0.07304883328251019,0.025006
2019-10-17,0.12007523033444403,0.13888797244487686,0.07372316225403736,0.02269099999999999
2019-10-18,0.12067199024915076,0.13849802155563118,0.07920390258434472,0.028974
2019-10-21,0.12067170601928952,0.13974600459246636,0.08365931546404563,0.026475
2019-10-22,0.12098056597172357,0.13716961894773277,0.085844096605816,0.04653499999999999
2019-10-23,0.12134056386334106,0.13331732948667527,0.059140344758853394,0.037842000000000015
2019-10-24,0.12193132188982564,0.13464615521009252,0.06562939882557783,0.026121000000000005
2019-10-25,0.12225789251046525,0.13240581844096821,0.06785080321756909,0.047432
2019-10-28,0.12227555697963098,0.13557146804284342,0.07750085099639832,0.03516
2019-10-29,0.12264292887812181,0.12684365027645145,0.06979922558909606,0.060173000000000004
2019-10-30,0.1207783728908584,0.1305338659075487,0.0451180793887114,0.025721999999999995
2019-10-31,0.1207639862161388,0.12987295252101375,0.03587112425210452,0.024845000000000006
2019-11-01,0.12111923040644883,0.1320055125853703,0.023319694297910476,0.02227699999999999
2019-11-04,0.12159290218583238,0.1333273661082373,0.036940753836000886,0.019712000000000007
2019-11-05,0.1216909999413994,0.13329761287735223,0.03616559239628776,0.017492000000000008
2019-11-06,0.12195466776009269,0.13287632527128607,0.028090753488880335,0.023233000000000004
2019-11-07,0.12037505865151188,0.13631374434798169,0.035223244300502735,0.019321000000000005
2019-11-08,0.12061276772959477,0.13279597755959083,0.027078340957251798,0.023355999999999988
2019-11-11,0.12093427714910265,0.13505890186341066,0.04025708495182123,0.018420999999999993
2019-11-12,0.12155656876606484,0.13484243461840292,0.037490951143760165,0.01621900000000001
2019-11-13,0.12026891647173751,0.13528600303132152,0.026679578558063632,0.020863999999999994
2019-11-14,0.11927812764122216,0.13594845569490013,0.027598037123989422,0.014800000000000008
2019-11-15,0.1194600610666349,0.13606714028609943,0.020892758594849417,0.025037999999999977
2019-11-18,0.12121606415132447,0.13353316559343859,0.013552644246126108,0.020839999999999997
2019-11-19,0.12269250807639276,0.13534956126008174,0.02505536604100618,0.020071000000000006
2019-11-20,0.1263738243919169,0.1361447420453999,0.018905545386738262,0.02101800000000001
2019-11-21,0.12871212766826262,0.14287187950737829,0.03249659439232648,0.005578
2019-11-22,0.1307715378224736,0.138651056830432,0.009504979820113599,0.018846999999999975
2019-11-25,0.13763377724492437,0.13827230872393334,0.001777120472414545,0.020011
2019-11-26,0.14959388459976383,0.14003760650365543,0.005481070815888167,0.014726000000000017
2019-11-27,0.16046804473987342,0.13824635774497,0.0035179572063054887,0.019703
2019-11-29,0.1670502988121918,0.1392952987237365,0.015854950752817926,0.01736299999999999
2019-12-02,0.16993973918121796,0.1391505580044662,0.020110850425735086,0.022366999999999998
2019-12-03,0.17552723697906167,0.1388915357478558,0.025452571341715774,0.027477
2019-12-04,0.19033729422696877,0.14030459909940177,0.023233998627091287,0.024816000000000005
2019-12-05,0.2042813250813749,0.13727467920679362,0.02347338754066365,0.026832999999999996
2019-12-06,0.22700240748136702,0.13953218983010002,0.020850066759177957,0.022932000000000008
2019-12-09,0.23809239644946714,0.13790631866250838,0.03227424120474265,0.024652000000000007
2019-12-10,0.2930908658473056,0.14216030073297795,0.04175197731356296,0.022192000000000017
2019-12-11,0.31216578813192597,0.14120838228606097,0.0337459222369844,0.026954000000000006
2019-12-12,0.344306080716505,0.145379173793979,0.03201831115408664,0.02207299999999998
2019-12-13,0.35875830495854344,0.14540520426028505,0.029279029880128107,0.014603999999999978
2019-12-16,0.38232986032781807,0.14102264253307734,0.014598169301991537,0.02257400000000001
2019-12-17,0.3908354244470566,0.14241564939097776,0.009400837297071946,0.016001000000000015
2019-12-18,0.4001617430840076,0.1420158270003686,0.009302979732461275,0.015167999999999987
2019-12-19,0.4128035589260296,0.1410342443159591,0.004688410283857719,0.01727300000000001
2019-12-20,0.4261117014274314,0.13643836254140554,-0.0034510943626118173,0.014778999999999987
2019-12-23,0.44607712156618695,0.13998675674200625,0.00028897765310367807,0.022636000000000017
2019-12-24,0.45727851361384864,0.14024332669765258,0.00397039158498802,0.021765000000000007
2019-12-26,0.4721453073120595,0.1412338439859464,0.011925721366440434,0.025547999999999987
2019-12-27,0.47415136554161075,0.14003027104477878,0.01054017951373662,0.025929000000000008
2019-12-30,0.4790907663121471,0.1382342215820479,0.00926137043163977,0.025961999999999985
2019-12-31,0.48516124559593865,0.1384621073352347,0.011539482617515612,0.02384899999999998
2020-01-02,0.48916867523721,0.14339769279329434,0.0164526051866353,0.01835500000000001
2020-01-03,0.49438657670088376,0.13991905641672164,0.015052306795506815,0.022650000000000003
2020-01-06,0.5006793008405158,0.13942557515543405,0.01313922065457604,0.026382000000000017
2020-01-07,0.5024501372731469,0.14676425855869887,0.03247988791835327,0.01599700000000001
2020-01-08,0.5073403168536317,0.1518749325456191,0.06466182037563978,0.022479
2020-01-09,0.5113581304130829,0.13397411321510663,-0.0005081181756374786,0.021051000000000014
2020-01-10,0.5143361055657146,0.2370262891414916,0.008378167195080236,0.017267000000000005
2020-01-13,0.5153364650781241,0.24191591551660463,0.0011675019349060844,0.022188000000000013
2020-01-14,0.5170405164935066,0.262767797871076,0.020815345797539908,0.016256999999999994
2020-01-15,0.5177823005855323,0.23330302302148037,0.004613744883462917,0.022160999999999986
2020-01-16,0.5192911711586682,0.2289456333581851,0.006215576127708983,0.022784000000000013
2020-01-17,0.5197791604219039,0.25144222425036494,0.043979583512987364,0.010584999999999983
2020-01-21,0.5206346166143515,0.24628763831830888,0.03816735139596254,0.021461000000000008
2020-01-22,0.5215552189514435,0.23428377092592403,0.04711729263815366,0.024973999999999996
2020-01-23,0.5225225448722179,0.21482603406295273,0.05265682716648652,0.026157000000000014
2020-01-24,0.5242118420984099,0.14859895340494203,0.05814332703275589,0.029198
2020-01-27,0.5248740249278547,0.13510159119114454,0.07407526684916965,0.01901799999999998
2020-01-28,0.5264710205495645,0.13676594779963902,0.07386214356849317,0.01613399999999998
2020-01-29,0.5271073389192338,0.1352060490924385,0.06166964616153647,0.018950999999999996
2020-01-30,0.5284129791015003,0.13524121007466677,0.05857905642200617,0.02443100000000001
2020-01-31,0.5296918345145641,0.13618746687483346,0.06580641750837517,0.025192999999999993
2020-02-03,0.5307856500262783,0.13483130453990722,0.06695745906210303,0.023755
2020-02-04,0.5309936569657522,0.13695879247470932,0.061237904458730064,0.023872000000000004
2020-02-05,0.531851197953197,0.14037750672695956,0.06083651698194953,0.028891
2020-02-06,0.532047113928439,0.17011983935178623,0.05487918640991399,0.022676
2020-02-07,0.532473183990475,0.1509302347907121,0.05323466812501142,0.022725999999999996
2020-02-10,0.5343831523206882,0.14955920220884597,0.05430622972423649,0.027044000000000012
2020-02-11,0.5357545198323571,0.17388108603497116,0.04776825569556266,0.023487000000000008
2020-02-12,0.5375288079408793,0.22150385236814346,0.05507873801367047,0.01714199999999999
2020-02-13,0.5390370202522369,0.23844039681124968,0.0513150613275065,0.021550999999999987
2020-02-14,0.5403682841919146,0.23998030385668018,0.050841777822004094,0.019507999999999998
2020-02-18,0.5409582539782329,0.2742819434055966,0.05728352892054418,0.025283
2020-02-19,0.5411519412459923,0.2823926011176697,0.06978747888556498,0.024316000000000004
2020-02-20,0.5417974015695738,0.31267210430320835,0.04018974567106365,0.029972
2020-02-21,0.5420095896668653,0.30438217893925706,0.042737168076478316,0.01914300000000002
2020-02-24,0.5413728244176482,0.1665307929709039,0.050619060716843634,0.02188699999999999
2020-02-25,0.5414170552632217,0.16255515262579429,0.05471828433682782,0.03570599999999999
2020-02-26,0.5414997427450109,0.1641208027165922,0.05417030839938228,0.02225100000000002
2020-02-27,0.5399405916069496,0.18565618778916196,0.11085459601981143,-0.006546999999999997
2020-02-28,0.5378864312769032,0.17697569074657393,0.12870106253317165,0.06090800000000002
2020-03-02,0.5358975224698392,0.17115131567530203,0.08070943213073822,0.06757599999999997
2020-03-03,0.5341245974784897,0.17687239210138148,0.10150444756729338,0.04917899999999997
2020-03-04,0.5337646224854482,0.14566158041936145,0.036905579764989316,0.071658
2020-03-05,0.5330700264919787,0.14809116480934917,0.10756623336885796,0.10886499999999999
2020-03-06,0.5294518367581175,0.1534700885970765,0.1642220706111241,0.12098900000000001
2020-03-09,0.5254844923848576,0.18281367992571596,0.3145478102186228,0.102321
2020-03-10,0.5170682468348036,0.16338701708254186,0.13608825418406179,0.14848200000000006
2020-03-11,0.5127909890066035,0.19249454557955897,0.22594440526484533,0.07035999999999998
2020-03-12,0.4847598617952934,0.2111683815471888,0.3419154808914985,-0.09166799999999997
2020-03-13,0.4745700535133999,0.2063778743350236,0.23198802881357794,0.06839000000000006
2020-03-16,0.4549921418565536,0.23272037707964907,0.2900433267940472,-0.012225000000000041
2020-03-17,0.4454876688123318,0.21412383035788893,0.1720742420386283,0.09071499999999999
2020-03-18,0.426101436310568,0.2105804799685541,0.25192963172393756,0.13422999999999996
2020-03-19,0.4175469572741024,0.22985873916521005,0.21486687361882462,0.046587000000000045
2020-03-20,0.41138795908587467,0.204280734100437,0.15717557644745317,0.1505970000000001
2020-03-23,0.3993979988823029,0.22618399843823048,0.08243548007568624,0.005985000000000018
2020-03-24,0.38615147373053155,0.3637712055494483,-0.06444294755155078,-0.202669
2020-03-25,0.36419737584826395,0.3796916039917778,-0.0962020977563729,-0.010110999999999981
2020-03-26,0.3518861513231611,0.35559641613248794,-0.14189945654057756,0.06434499999999999
2020-03-27,0.3340405800690315,0.3517178524813093,-0.19506970839752868,-0.0018200000000000438
2020-03-30,0.33209279741836134,0.3296879282266243,-0.2299874771733389,0.0539400000000001
2020-03-31,0.32594178867202095,0.33273019994575975,-0.23877574688492054,0.012660000000000005
2020-04-01,0.31804580488705747,0.34437113641867934,-0.1892983202168269,0.005274999999999919
2020-04-02,0.31167554642946294,0.33317354512100417,-0.207288245436836,0.03982600000000003
2020-04-03,0.3054195644067438,0.33365536229074794,-0.2298235091014602,-0.020851000000000064
2020-04-06,0.2961862414516208,0.30841833931239865,-0.278112132108407,0.060620999999999925
2020-04-07,0.29362259397865215,0.3101497826149269,-0.24481984585130045,0.056889999999999996
2020-04-08,0.2866413970284589,0.2834008385879003,-0.29290946380633553,0.13970100000000002
2020-04-09,0.28020344990031026,0.2725202318091413,-0.33692710477637194,0.11079999999999995
2020-04-13,0.27580074923285824,0.28679028912251875,-0.23083282669660266,0.15645600000000004
2020-04-14,0.27451586566702496,0.24286326783406237,-0.2753805183620291,0.21886
2020-04-15,0.2727566693540484,0.2832605565298992,-0.18323679873102466,0.19197799999999998
2020-04-16,0.2716759360680241,0.2858926163295895,-0.157396566762651,0.17075999999999997
2020-04-17,0.26925981449304315,0.26401637151859986,-0.15255181578322852,0.22240300000000002
2020-04-20,0.2682640438968357,0.26045867314406984,-0.11843496795643876,0.17433499999999996
2020-04-21,0.2674191258415832,0.2594867484482867,-0.09637674611549618,0.196534
2020-04-22,0.2709487530658805,0.22826745180831765,-0.10619289689345457,0.15448699999999999
2020-04-23,0.2696655525672663,0.2272366207763728,-0.08288820604979846,0.15660999999999997
2020-04-24,0.2685271673383188,0.22592667670852734,-0.09011916792677338,0.13150099999999998
2020-04-27,0.2676449947085056,0.21483780895204296,-0.114307338026855,0.18599700000000002
2020-04-28,0.26549647146363153,0.21846527860203288,-0.06119707860098955,0.13894500000000004
2020-04-29,0.26484482150256144,0.22211879550493233,-0.05918238280729249,0.15501600000000004
2020-04-30,0.26352989181919817,0.22719209817410188,-0.0047432167581535345,0.11434699999999998
2020-05-01,0.2621502596975473,0.2274713971138099,0.021388654582603583,0.10778300000000007
2020-05-04,0.2600444204235011,0.22578815419630616,0.030088868921397838,0.12102799999999997
2020-05-05,0.2595061746204923,0.221215136201888,0.02302731072004821,0.106742
2020-05-06,0.25809849873984464,0.22938015323317895,0.05289949693540369,0.08222299999999999
2020-05-07,0.2580711908871319,0.22631077668116542,0.037364091204803995,0.08778199999999997
2020-05-08,0.2580621161573849,0.2203372518901431,0.041502511111895735,0.09352100000000002
2020-05-11,0.2546291819608,0.21583541802275533,0.0324830545946303,0.08914499999999997
2020-05-12,0.2527334500744477,0.2179366152598426,0.03553625730910387,0.106101
2020-05-13,0.25014802834249084,0.2314841701286792,0.07657144801280497,0.11060000000000003
2020-05-14,0.2467057590223196,0.22587238101056384,0.06581928822458266,0.149478
2020-05-15,0.24418670779787555,0.23247940319606616,0.0747303995498535,0.07704499999999997
2020-05-18,0.24363242379003422,0.2181518807018509,0.03722504117481573,0.07700399999999996
2020-05-19,0.2438613317105871,0.21711592411960098,0.04159668772796277,0.08322799999999997
2020-05-20,0.2412713881111417,0.20916218365387387,0.02434388077208116,0.08444099999999999
2020-05-21,0.2405764802461908,0.2145928896034574,0.03554732229102553,0.08663799999999999
2020-05-22,0.24056005857656312,0.2076991515547372,0.02012190127803304,0.08005400000000001
2020-05-26,0.2402620905544386,0.20698872206581548,0.027872472147792482,0.06989299999999998
2020-05-27,0.23919984704006658,0.2022571404727327,0.019245658067709837,0.08785099999999996
2020-05-28,0.23842344898202572,0.20175861689731578,0.01500399647740508,0.08292700000000003
2020-05-29,0.2362241357394108,0.20448830672530052,0.022781827682231526,0.08394099999999999
2020-06-01,0.23390105132717726,0.203561053911636,0.021895721719525474,0.056813999999999976
2020-06-02,0.23326397191429085,0.19775664857711187,0.009816135692211236,0.07263699999999998
2020-06-03,0.23235252371905732,0.19780649924975752,0.0165807755741742,0.06442600000000004
2020-06-04,0.23240036414871382,0.20389365699280185,0.004794527857109043,0.07686900000000002
2020-06-05,0.23250287956264112,0.20971949872068016,0.014748276359737855,0.08671299999999998
2020-06-08,0.23213837400907208,0.20290431512625912,0.0008863669504755034,0.061180999999999985
2020-06-09,0.23266803456945384,0.2088502842506514,0.016674117370736763,0.09781800000000002
2020-06-10,0.23230643058218786,0.20780206448628039,0.023283878632191335,0.055015999999999954
2020-06-11,0.22907058814969258,0.23915475278951967,0.10296572176646884,0.07773799999999997
2020-06-12,0.22550823067544354,0.23850175260587791,0.08279696681519005,0.07661400000000002
2020-06-15,0.2196560995685615,0.23209115964413124,0.07347416236336451,0.08327499999999999
2020-06-16,0.21712836558149975,0.22202686567694419,0.0668388939001528,0.08272200000000002
2020-06-17,0.21655239852099567,0.222558986709036,0.0524259089615951,0.07764900000000002
2020-06-18,0.21651747196341364,0.21908929333922028,0.043692303208414496,0.07233600000000001
2020-06-19,0.21151916164312856,0.253667796855326,0.09952388155999725,0.004252999999999951
2020-06-22,0.20998344077654638,0.229170035735027,0.018855943944210474,0.06420999999999999
2020-06-23,0.20890888710516756,0.22760596950954756,0.0315608537325327,0.048041
2020-06-24,0.2064628126665664,0.23785890775702137,0.06002585440838171,0.06158999999999998
2020-06-25,0.20526849620948717,0.23910114995610807,0.0657988088784226,0.06688900000000003
2020-06-26,0.20266256574498612,0.22970320945397815,0.060989554277253166,0.07472500000000004
2020-06-29,0.2029324360154058,0.22713881617782886,0.0391225075390903,0.08337599999999995
2020-06-30,0.20252152131372267,0.22094897305785763,0.02904255037414516,0.05592400000000003
2020-07-01,0.2009756773168721,0.21703219808056728,0.0038079986481012185,0.06303599999999998
2020-07-02,0.20114873018849225,0.2116158930356515,-0.010489719029367295,0.059278
2020-07-06,0.20290115188343133,0.2084414711105617,0.00878287248674764,0.06253999999999998
2020-07-07,0.20186730963061494,0.2033217355487686,-0.0013938669259837,0.05700299999999997
2020-07-08,0.2055501406937582,0.2034221254103717,0.015255921680437323,0.07057199999999997
2020-07-09,0.20421811186800165,0.20701856812538527,0.029950864942036137,0.05910200000000004
2020-07-10,0.20381693612249555,0.19350088379812205,0.02045271833796003,0.05776700000000001
2020-07-13,0.2029614172966704,0.19292401156391176,0.03062671987390969,0.07173099999999999
2020-07-14,0.20205390628227998,0.1950247530018335,0.047671380033002364,0.056201
2020-07-15,0.20217946414427834,0.19574048616332204,0.05195964081226129,0.06359700000000001
2020-07-16,0.20192426055570056,0.1912389775711049,0.04626089444508977,0.07494100000000004
2020-07-17,0.20192404016543317,0.18558371166531773,0.02418769543736063,0.08122000000000001
2020-07-20,0.20210223953495224,0.18640081973733233,0.026169583273262437,0.05199300000000001
2020-07-21,0.20176375928831622,0.1890658189722346,0.03052096624786496,0.06563800000000003
2020-07-22,0.19514497623936783,0.20118172376233184,0.02367054891528647,0.049351000000000034
2020-07-23,0.19489362897336895,0.19907816598958453,0.019618537153715615,0.05445200000000003
2020-07-24,0.19369238495033636,0.19783674672076357,0.03037045794640994,0.04994000000000001
2020-07-27,0.1934607544075999,0.1823360471255278,0.021328662151449657,0.043791
2020-07-28,0.19261176352220127,0.18184200727557406,0.02787474540382684,0.04802199999999998
2020-07-29,0.1920537898002264,0.18055163956788972,0.024342605706333148,0.05136799999999997
2020-07-30,0.1930419344364715,0.18108102255214376,0.03453256729716317,0.04960099999999998
2020-07-31,0.1979731582644986,0.17740510374068294,0.00681703218732263,0.054287
2020-08-03,0.20105130313010008,0.18171421670284613,0.03729122388288389,0.03734000000000001
2020-08-04,0.2020449708045357,0.17555804195017974,0.03227031183483928,0.03888200000000003
2020-08-05,0.2023684638609493,0.17776581254136045,0.026515192273414895,0.036358
2020-08-06,0.20479925659641685,0.16235801438202033,0.015236460522936701,0.04006399999999999
2020-08-07,0.20605541519505016,0.16400042912586932,0.024469204904208425,0.05253599999999997
2020-08-10,0.20681971766272553,0.16648052585639284,0.025295369833990916,0.04217900000000002
2020-08-11,0.2159720744057144,0.16811841950817685,0.03808806749743224,0.050866999999999996
2020-08-12,0.21720885311726507,0.1661599144413852,0.0228290768902219,0.04234399999999999
2020-08-13,0.21755519437112825,0.16419214238321175,0.021753196192051405,0.048832000000000014
2020-08-14,0.21955134257980496,0.1859624391861651,0.025420280051618505,0.04785500000000001
2020-08-17,0.21951762649595744,0.1835877768598878,0.0280353454652984,0.04733899999999999
2020-08-18,0.2198673170497319,0.18165586257625846,0.024629335637054522,0.043420000000000014
2020-08-19,0.22071626351140622,0.17818277933685125,0.02074813900224265,0.04982199999999998
2020-08-20,0.22076268914421468,0.18091505809431416,0.044887945333561385,0.042478000000000016
2020-08-21,0.22166716882023307,0.18179650905745462,0.05001554813789269,0.03670599999999999
2020-08-24,0.2211783096122272,0.1808500976897966,0.04450380097884729,0.04543400000000003
2020-08-25,0.2206831120786349,0.1801528604892831,0.04569673320992376,0.04433999999999999
2020-08-26,0.2209273688790667,0.1828618167572166,0.05994939641282704,0.04281500000000002
2020-08-27,0.22165886285327605,0.18209377475894523,0.07263505236480966,0.053353999999999985
2020-08-28,0.2213834737752667,0.17998656826078321,0.07656826544279491,0.04898700000000003
2020-08-31,0.22190738140173408,0.1784422446246281,0.09770662787968062,0.04010099999999997
2020-09-01,0.2250257825267755,0.1790256120767567,0.09426838512959532,0.05277599999999999
2020-09-02,0.2238061235638488,0.19052776857842033,0.10562913703416357,0.038314000000000015
2020-09-03,0.2204996575796129,0.19296540059966888,0.09872748255650743,0.06078599999999995
2020-09-04,0.21910246064866148,0.1927072972157132,0.10361245197130192,0.05482400000000004
2020-09-08,0.2167942067081344,0.19325357419402348,0.10779735365963597,0.04983900000000002
2020-09-09,0.21562570849284762,0.18627891450278852,0.06362035930580764,0.05666400000000002
2020-09-10,0.21584263310219626,0.1892612443727325,0.07775926854300205,0.04433500000000001
2020-09-11,0.21547083496406882,0.18673127572434733,0.0668695836790005,0.047694000000000014
2020-09-14,0.21427685371239114,0.18733148597901317,0.0625910034577547,0.037635
2020-09-15,0.21366015331630067,0.1861225997483806,0.049064698613909774,0.052063000000000026
2020-09-16,0.21466739750364494,0.1871796464419028,0.053860225723907446,0.04287000000000002
2020-09-17,0.2151627002274111,0.18419890841434977,0.04241511209212198,0.041918999999999984
2020-09-18,0.21483751332081857,0.18655528841629024,0.051475880072910485,0.045815999999999996
2020-09-21,0.21529600841274768,0.19715020035220832,0.051521047628704575,0.05239000000000002
2020-09-22,0.21508622799759952,0.196121651706895,0.048415877686991404,0.05610700000000002
2020-09-23,0.21492505700460182,0.19793500208336043,0.06033861702410065,0.05098400000000003
2020-09-24,0.21385347638495025,0.19802316938838235,0.057215352697248645,0.053764000000000034
2020-09-25,0.21286940642785812,0.1944197079693237,0.05195112692077955,0.04583700000000002
2020-09-28,0.21193198870404642,0.19563238298998212,0.05339852315108298,0.038643999999999984
2020-09-29,0.21093443135347403,0.19787545423175096,0.05543085634250697,0.04218700000000003
2020-09-30,0.2110145990654638,0.19797812921102215,0.0548920923457869,0.032663
2020-10-01,0.21085638747218677,0.19411218999698776,0.043147531813678724,0.038097999999999965
2020-10-02,0.21022046855368196,0.19366676310278383,0.031960961800843596,0.038324
2020-10-05,0.20990253094920128,0.1957169633665363,0.046985221399243826,0.04015899999999997
2020-10-06,0.20805713444511956,0.1954021097688186,0.04391059240313014,0.043473999999999985
2020-10-07,0.20763271096297226,0.19053369597209424,0.0526284831528713,0.03287799999999999
2020-10-08,0.2074885646888891,0.18646549518478842,0.045522051053585255,0.043095999999999995
2020-10-09,0.20783225678912084,0.18058624395498563,0.036771540154978744,0.0393
2020-10-12,0.21134761969467922,0.179982711815535,0.034829011371126345,0.05133800000000002
2020-10-13,0.21010989896160587,0.18493010273939553,0.04086346175498784,0.030980000000000035
2020-10-14,0.2099340994440151,0.1902246412296622,0.04308855443931117,0.03314599999999998
2020-10-15,0.21089536594958422,0.19014269477742493,0.05139104663306618,0.048454000000000025
2020-10-16,0.2116268301262953,0.18256495838339223,0.0473665371955595,0.04051099999999999
2020-10-19,0.21149073927860904,0.1910472152498048,0.07549467826172448,0.04294199999999998
2020-10-20,0.21197987214071262,0.183920395958841,0.06426999969565089,0.042687
2020-10-21,0.21193391108469473,0.18438093390640747,0.06580687722702969,0.043847
2020-10-22,0.21147220183583057,0.19208753088808084,0.05121577237674993,0.05573800000000001
2020-10-23,0.21130729982658827,0.1924123187821949,0.054890667539296334,0.05095999999999998
2020-10-26,0.21236389026237015,0.20072204799384072,0.07487122182258701,0.05684299999999998
2020-10-27,0.21505245336844572,0.20047180406057358,0.0823637777702648,0.048074000000000006
2020-10-28,0.21322308137413273,0.21603536266071818,0.11955822800877844,0.06960100000000002
2020-10-29,0.2081069047209623,0.21642379214507368,0.10344228949228534,0.040166000000000035
2020-10-30,0.20871852757768566,0.2126397757472853,0.08348086202757546,0.06808800000000004
2020-11-02,0.20717194749297216,0.20819932806046854,0.07728825516232521,0.06773900000000005
2020-11-03,0.20635611898425282,0.20929040118969303,0.0820587076444737,0.052483
2020-11-04,0.20369293165593527,0.20015016028186788,0.04272779602227153,0.055973999999999996
2020-11-05,0.20144834441612466,0.19903961910757714,0.037707235878841894,0.04926199999999997
2020-11-06,0.19997217120106184,0.19441576123644544,0.016500442917680436,0.04713700000000001
2020-11-09,0.1890073780221947,0.19063326700176986,-0.013053052817853794,0.038159
2020-11-10,0.18653989156309939,0.18774942708666073,-0.00990316657853263,0.046355000000000035
2020-11-11,0.187660597999439,0.18595670144776352,-0.015723687181068008,0.044890999999999986
2020-11-12,0.18494153764520557,0.1862232036057259,-0.018917818559127858,0.056964000000000015
2020-11-13,0.18422671549020475,0.18514456942500626,-0.02255917743498717,0.045723000000000014
2020-11-16,0.1841534817587593,0.18003029528961795,-0.0353661067862035,0.04264399999999999
2020-11-17,0.18334318410741002,0.18944385450597892,-0.028407271997983152,0.04027900000000001
2020-11-18,0.1836921055376093,0.1902337304922455,-0.02926556880032094,0.04088999999999998
2020-11-19,0.1844820501704681,0.18349325353879922,-0.039243908833788754,0.04156299999999999
2020-11-20,0.18429317433484568,0.1914305866420212,-0.028618369121113096,0.04283100000000001
2020-11-23,0.18534717003355142,0.18276758805655563,-0.03754319417607194,0.039819999999999994
2020-11-24,0.18622647784194482,0.18237523081226015,-0.03290311858821435,0.037500000000000006
2020-11-25,0.1870861913958771,0.18194363009909253,-0.04173878517177251,0.03830700000000001
2020-11-27,0.18897580873725858,0.18308027292747006,-0.027723769832346146,0.044133000000000006
2020-11-30,0.18847142010047546,0.18328003670389129,-0.013415253064676114,0.03609600000000002
2020-12-01,0.1879928158897291,0.1840973299264697,-0.0014946449583912447,0.03028499999999998
2020-12-02,0.18895423796377914,0.1789243204387097,-0.012725494439018437,0.04084099999999999
2020-12-03,0.19018466690275185,0.17492869829952873,-0.015390922250499928,0.039434
2020-12-04,0.1892100925581687,0.1802283661694146,-0.004694147999922238,0.035914
2020-12-07,0.18917959027388945,0.18303179811052178,0.007570102280547719,0.032978000000000035
2020-12-08,0.1893218090453682,0.1827449575579236,0.00733618051725457,0.036603
2020-12-09,0.1895615124048962,0.18367822758685007,0.04034884473773692,0.020564
2020-12-10,0.19023776482370397,0.18970318311499465,0.05523444673655503,0.021677000000000002
2020-12-11,0.1907207437804786,0.1900233700076013,0.05619575945115185,0.02926100000000001
2020-12-14,0.18954533607790244,0.18988073116597118,0.05739521919348772,0.03331100000000001
2020-12-15,0.18843374878454763,0.1767932843044655,0.03896794073219076,0.04278799999999999
2020-12-16,0.1910194423138563,0.1841280857153006,0.04236209063140442,0.037159000000000025
2020-12-17,0.19093285336206495,0.18141007654953373,0.0421264121225452,0.029439999999999994
2020-12-18,0.19109368748411587,0.18070803185104647,0.03988214320507133,0.012758999999999993
2020-12-21,0.19117788719846382,0.1853109563906625,0.05135056607203817,0.043937000000000004
2020-12-22,0.1924532521770422,0.18506388779611016,0.05491675695799725,0.03489300000000001
2020-12-23,0.19235908619834607,0.18617193036793409,0.05974419736906453,0.025507999999999975
2020-12-24,0.1929174771357454,0.182909704951249,0.04722315929209092,0.041106000000000004
2020-12-28,0.19277481363578303,0.17458322787308922,0.04149680158903654,0.04031199999999999
2020-12-29,0.1928275470108347,0.1782887665420582,0.0454890580476551,0.033770999999999995
2020-12-30,0.19289319385293985,0.17386706307732588,0.0452879059021673,0.040744
2020-12-31,0.19275819623361565,0.17241149270025832,0.05924948168786631,0.04558899999999999
2021-01-04,0.18855911332600675,0.1890270770275,0.08172003198142849,0.04139499999999999
2021-01-05,0.18854017672163195,0.18726266183468146,0.07571737442021781,0.043327000000000004
2021-01-06,0.1861255827839511,0.17546103341966637,0.05873317436050737,0.035525
2021-01-07,0.18562931535259222,0.17118799069551993,0.05234423623254966,0.04532900000000001
2021-01-08,0.1851178657809104,0.1650341026550956,0.0535464229732146,0.03701399999999999
2021-01-11,0.18508558850927256,0.15614451663478582,0.053955307403642516,0.03608799999999998
2021-01-12,0.18052750042050064,0.16180585869081307,0.0536667739575733,0.029331000000000024
2021-01-13,0.18024793229961397,0.1690037922206084,0.04466130894881609,0.030285000000000034
2021-01-14,0.18043548254145558,0.16299513475864266,0.05713443566867918,0.02308699999999997
2021-01-15,0.17909509789044237,0.16734137182612643,0.04406556736839773,0.03675700000000001
2021-01-19,0.17918951180308487,0.1618938416828554,0.031919818259319,0.040669999999999984
2021-01-20,0.17889166656770877,0.16318716111674866,0.03484257650701622,0.024507999999999974
2021-01-21,0.1781694462849735,0.15781689755060566,0.041042458864831155,0.028676000000000007
2021-01-22,0.17752845920804533,0.1676171620399565,0.04369581196893238,0.028241000000000016
2021-01-25,0.17630804199175718,0.1711580232228887,0.037315453532174414,0.047322999999999976
2021-01-26,0.17584329022219078,0.1798893291948029,0.059709138656795724,0.021614999999999995
2021-01-27,0.17344164555533148,0.1951030385198823,0.08669385932605447,0.035938000000000025
2021-01-28,0.17035641645093028,0.18817153976474688,0.07524771540165501,0.03402500000000003
2021-01-29,0.16983564647718039,0.1719777969012981,0.07867200468764785,0.018167999999999962
2021-02-01,0.16869719113444182,0.17248681276033082,0.049550815168000945,0.0006009999999999627
2021-02-02,0.1646220191702235,0.16326163726360973,0.029716621614693073,0.017059999999999992
2021-02-03,0.1663302243110177,0.15426202280051324,0.030097965911867947,0.027627000000000013
2021-02-04,0.16638961177512737,0.15188735352950863,0.020322246451325743,-0.0007429999999999937
2021-02-05,0.16572372677779343,0.15066351713849413,0.030466470269249812,0.03267500000000001
2021-02-08,0.1656294061282567,0.15556317568459757,0.04403461668389155,0.03208999999999998
2021-02-09,0.16651885836478286,0.15578267129837234,0.04053968947232631,0.035300000000000026
2021-02-10,0.16689260255268915,0.15635589536542743,0.041629210205581524,0.03860000000000002
2021-02-11,0.1683515722677355,0.1571758360859731,0.05883966735525881,0.031745999999999996
2021-02-12,0.16652745392062648,0.1589689354125926,0.049797355488285205,0.04053699999999999
2021-02-16,0.16786733389817163,0.16034655882572255,0.0644653712159505,0.03714400000000001
2021-02-17,0.16801654815684502,0.1581192007853016,0.061235827712087326,0.03642500000000001
2021-02-18,0.167736391180299,0.15662964442231309,0.06560495261120414,0.03283999999999998
2021-02-19,0.16781299240112946,0.15177264848392344,0.04706311242680372,0.025228999999999974
2021-02-22,0.1663985553188106,0.15203390530350805,0.05607428907744527,0.042754000000000014
2021-02-23,0.16367768718283843,0.15157708567083122,0.05067475798901594,0.03225599999999998
2021-02-24,0.1633858624598922,0.15384452750279304,0.05239108326088501,0.029232000000000008
2021-02-25,0.16207239269919702,0.14780341428754915,0.05018186842831171,0.043948000000000015
2021-02-26,0.15973983012071422,0.16331171181335896,0.11117719037622759,0.02722800000000003
2021-03-01,0.15714676517366913,0.14341894926914225,0.036059019295713673,0.043364000000000014
2021-03-02,0.15490441436512978,0.14857723541390588,0.045429894619642114,0.041808999999999985
2021-03-03,0.15564823485209145,0.14802535360679084,0.04926683500557849,0.04797699999999999
2021-03-04,0.15213180172559782,0.14849892658256725,0.06290678229455104,0.053342
2021-03-05,0.14834543185887863,0.1436933759100433,0.05388459828535244,0.058053999999999994
2021-03-08,0.14620790693330182,0.14150398057010566,0.0491755331286996,0.05160500000000001
2021-03-09,0.14622052227296162,0.13843531922062902,0.04073454056957326,0.04501999999999998
2021-03-10,0.1454969631877264,0.1380149056672707,0.035824654100474196,0.05746399999999999
2021-03-11,0.14440719948222566,0.13969654368445916,0.03858713373646519,0.031004999999999977
2021-03-12,0.14334200492098798,0.1379837997504322,0.029847734648314667,0.049499000000000015
2021-03-15,0.14225880031057403,0.13869637389691028,0.03171147824710038,0.06232299999999996
2021-03-16,0.1422929475768536,0.13360473425371452,0.00944674924711697,0.05309799999999998
2021-03-17,0.14396977502660058,0.13955879047491954,0.04167442848364861,0.04946400000000001
2021-03-18,0.14311273196024013,0.13619240618980272,0.023845550030192092,-0.02161099999999999
2021-03-19,0.1387495817770663,0.1342954880141907,0.007841846918996948,0.08119199999999999
2021-03-22,0.14071952099363177,0.13772690062437615,-0.01874047391439676,0.03463500000000003
2021-03-23,0.13852164905858858,0.1400572784382756,-0.019969507062697622,0.021262000000000003
2021-03-24,0.13727095822311602,0.14473965556285875,-0.0010470279427721163,0.0044600000000000195
2021-03-25,0.13552090263031655,0.14452017034924294,-0.016922389216679323,-0.002016999999999991
2021-03-26,0.13572912712919705,0.13835758122282946,-0.017958480950741235,0.03279199999999999
2021-03-29,0.13494627093938505,0.1418292263881929,0.011308239789917546,0.04103800000000002
2021-03-30,0.13676308809374083,0.1338046906154919,-0.0165116332644841,0.06873400000000002
2021-03-31,0.13667290747959357,0.13270663951744044,0.013703552209600123,0.105492
2021-04-01,0.13706927197065197,0.13880101597403027,-0.009306264890015847,0.019015000000000004
2021-04-05,0.13651978281034874,0.14307891638334097,0.026164846987455415,0.00028100000000000347
2021-04-06,0.1372636345893385,0.13853044149268112,0.016952027749650322,-0.03363000000000005
2021-04-07,0.13695642211063588,0.1385900145038351,0.01092730688992724,0.02205399999999999
2021-04-08,0.1367373901033516,0.1388014237814477,0.014564552982586382,0.027376999999999985
2021-04-09,0.13739247627374665,0.1391740482993765,0.010184909507981899,0.0063539999999999985
2021-04-12,0.13749876466730127,0.13389120421908984,0.006290272465310748,-0.05812500000000004
2021-04-13,0.13649734575370967,0.1421175520665712,0.014002698554088422,0.009802000000000005
2021-04-14,0.1378417408879818,0.1395662733589907,0.014380276841512024,0.025454000000000032
2021-04-15,0.13749632624625577,0.13856882103252244,0.007581624298450773,0.037461999999999995
2021-04-16,0.13786675440253163,0.14451341346148208,0.023854491252686072,-0.00043799999999999395
2021-04-19,0.14288935636667816,0.13880189062701942,0.03134239283808002,0.039735999999999994
2021-04-20,0.14291175811129458,0.1426151930208041,0.031319912211022066,-0.00031799999999998496
2021-04-21,0.14273489416631024,0.14154586562961619,0.029450398345619855,0.011098999999999998
2021-04-22,0.14236710912212436,0.1410248774760037,0.03753840138844988,-0.0019419999999999993
2021-04-23,0.14263869558455752,0.14049901719948618,0.03841238532062774,0.012375999999999998
2021-04-26,0.14265994519204536,0.13761761956605253,0.04509396168659918,0.03210000000000002
2021-04-27,0.14544690946383013,0.13843042840093855,0.045810210020518854,0.03395699999999999
2021-04-28,0.1465554032772351,0.13771699350973426,0.04734144238437932,0.032609
2021-04-29,0.14635034103213798,0.13936237061475298,0.045078115173561834,-0.008032000000000039
2021-04-30,0.1468613092207141,0.13637760944449454,0.024016799714614373,0.026781
2021-05-03,0.14642764493199129,0.13904305477915277,0.037649926514019466,-0.019223000000000018
2021-05-04,0.14655319315754342,0.13945639126508197,0.03564408334313285,0.01206400000000002
2021-05-05,0.1457607630050875,0.13876529873041168,0.02492469857407123,0.006964999999999999
2021-05-06,0.1453006491402336,0.13785028541846772,0.020114685840198654,0.017183000000000004
2021-05-07,0.14520524404318375,0.1368219244342983,0.017556508677941035,0.028313000000000005
2021-05-10,0.1450213978264315,0.13759342616529144,0.03329950954748992,0.028380000000000016
2021-05-11,0.1446591504910984,0.13652234226156196,0.031646496812533065,0.030598000000000014
2021-05-12,0.14427436353058887,0.14570071230781076,0.08477361428070204,0.02660399999999999
2021-05-13,0.1414283475505216,0.145757654147082,0.06070712773794468,0.06137200000000001
2021-05-14,0.14154876682329628,0.14551752627141396,0.04247180903383502,0.028870000000000007
2021-05-17,0.14145745635022508,0.14420547385084287,0.04660451363954088,0.03387599999999999
2021-05-18,0.14162774675127018,0.14488054702479614,0.044412284481618686,0.035762000000000016
2021-05-19,0.1406995751827179,0.1467232587569129,0.05535448425978215,0.030653999999999987
2021-05-20,0.14039987246977106,0.14312291728567983,0.04322127919405319,0.036966
2021-05-21,0.14195459403132743,0.1397708805586488,0.03551404989542775,0.04258200000000001
2021-05-24,0.14201232549228904,0.13883477082798817,0.030947198827928957,0.02791300000000002
2021-05-25,0.14253598847977061,0.13852649539658288,0.03239387136852276,0.03778300000000001
2021-05-26,0.1431254669664576,0.13794016708659318,0.026132827135713355,-0.028233000000000008
2021-05-27,0.1433905703186751,0.13505162015004837,0.02250622095585958,0.030451000000000006
2021-05-28,0.14357066302434887,0.13672396513371235,0.023407275026384233,0.020903000000000005
2021-06-01,0.14309143719303102,0.1348332119700309,0.03821590893742874,0.03190600000000002
2021-06-02,0.14171980526766864,0.13853683976811562,0.027036589415748574,0.035316000000000014
2021-06-03,0.14095316699103397,0.14069737601923976,0.03856288259956747,0.026787000000000005
2021-06-04,0.1409343044611325,0.13749166659093226,0.033446910339373775,0.030935000000000018
2021-06-07,0.14052916706240412,0.13758210907157867,0.03875033534677516,0.049739000000000005
2021-06-08,0.14078604401788836,0.14100079720826966,0.03715512230760756,0.03440499999999999
2021-06-09,0.14198498849894517,0.14275706400368637,0.03896731050907723,0.026743000000000017
2021-06-10,0.14195105230121824,0.1396931957880008,0.03061791475774292,0.031753
2021-06-11,0.14230485636336246,0.13761757399833158,0.02878156740650656,0.025508000000000003
2021-06-14,0.1426992836777125,0.13850373090799584,0.03725516502454966,0.00888899999999998
2021-06-15,0.14267217912499403,0.13860210129083483,0.034816353439741946,0.01130600000000001
2021-06-16,0.14200939282424271,0.1461196848432615,0.05141113160120861,-0.007057000000000008
2021-06-17,0.14209280198014537,0.1453207194081632,0.05169732660801085,0.006280000000000008
2021-06-18,0.1421790061000478,0.15127884312965964,0.07142870548436822,0.011699999999999988
2021-06-21,0.14207271022739246,0.14527215758953316,0.032796290746132384,-0.029477000000000003
2021-06-22,0.1424510837257931,0.1464297923600206,0.041384774480603015,-0.008627000000000024
2021-06-23,0.14220386400125365,0.14061097286451224,0.040747889404072535,-0.05598800000000001
2021-06-24,0.1428137235938107,0.14198570020732088,0.04112337947016095,-0.050330000000000014
2021-06-25,0.14225841865659813,0.1336717898355981,0.032019219118717496,-0.10906699999999997
2021-06-28,0.14405039120782298,0.14080638233361337,0.03462949926509121,-0.040263999999999994
2021-06-29,0.14288245613837142,0.13667151735828872,0.03997424333950475,-0.128873
2021-06-30,0.1447181318675834,0.14203751889313965,0.05101812072217546,-0.11460400000000001
2021-07-01,0.14409085139666067,0.1328660670639463,0.03301492861169858,-0.147881
2021-07-02,0.14447854684296768,0.14616281629103864,0.03433044551547404,-0.005080000000000001
2021-07-06,0.14424758195023943,0.14591633611763705,0.037451950363514896,0.05426900000000001
2021-07-07,0.1447099045098314,0.14464466219233157,0.04008258909153517,0.08249200000000001
2021-07-08,0.14616329062655492,0.15145701394671943,0.04775026177874772,0.04485999999999998
2021-07-09,0.14676931712564595,0.14757446285559683,0.037176456130602525,0.03558899999999998
2021-07-12,0.1466499692995793,0.1480524293143286,0.0405348452952502,0.045264
2021-07-13,0.14656888338906532,0.14546976651817198,0.037468673231622035,0.04031499999999999
2021-07-14,0.14564033362836157,0.14723393988952901,0.030968681715205698,-0.04546699999999998
2021-07-15,0.14661610712199238,0.14986450576714486,0.03475850904031824,0.04681099999999999
2021-07-16,0.1462815933361036,0.14626207204378985,0.02810834526624223,0.02654899999999999
2021-07-19,0.14128846588674235,0.16039009128195858,0.0398078748513985,0.042818999999999996
2021-07-20,0.13990001843701583,0.15601140775407504,0.029184904803419676,0.040413000000000004
2021-07-21,0.13917918553536993,0.1515660935386753,0.03401111031956658,0.036961999999999995
2021-07-22,0.13927573504928614,0.15140146338699706,0.03326947334996519,-0.012088999999999989
2021-07-23,0.1386196604977268,0.146910559116292,0.020342375095311088,0.02330299999999999
2021-07-26,0.13914346570747987,0.1472324150725484,0.023913453020142056,0.038181999999999994
2021-07-27,0.13656711394572008,0.14936975259110227,0.024182089868631962,0.04005500000000001
2021-07-28,0.13654820557865946,0.15070551903922927,0.0257072395141901,-0.007882
2021-07-29,0.13621905335095583,0.14636897862453035,0.01349632038364465,-0.004295999999999994
2021-07-30,0.13452126018819835,0.14437454463827204,0.007460403538578714,-0.053227
2021-08-02,0.13551403484947366,0.15331543850657764,0.011767624313007485,0.03140799999999999
2021-08-03,0.13479094880469591,0.15300348001328046,0.00814941289259899,-0.038939
2021-08-04,0.133710234294428,0.15296335650328,0.009726048261179815,0.029375999999999985
2021-08-05,0.13407334896482367,0.14089478635789268,-0.003780695893659869,0.03755900000000001
2021-08-06,0.1352697273781274,0.14553135428627273,4.4810193187860836e-05,0.0038650000000000073
2021-08-09,0.13580489556713152,0.1400748867016618,-0.004066021532517644,0.032215999999999995
2021-08-10,0.1363009516102277,0.13946909358215434,-0.0036717453814910928,0.04835800000000001
2021-08-11,0.13683510356667702,0.14125374759374562,-0.0006617335684802328,0.029155000000000014
2021-08-12,0.13743732957745258,0.13469933985663426,3.888298568274773e-05,0.02945700000000001
2021-08-13,0.13853718870733847,0.1335242912169645,-0.005963476172616666,0.03254599999999999
2021-08-16,0.13754099484006987,0.13635452300332535,-0.0008343211944094597,0.025035
2021-08-17,0.13739386201478204,0.13897916780718284,0.019053092696877938,0.044708
2021-08-18,0.13738368929023417,0.13982386823897278,0.02874112965576417,0.062887
2021-08-19,0.13771735981672548,0.1430644853449239,0.03353503060447341,0.01202700000000001
2021-08-20,0.13556890041176053,0.139918581118154,0.01528198313764309,0.009406999999999999
2021-08-23,0.13663459428088548,0.1384131974231346,0.015728833239447043,0.056257
2021-08-24,0.1366138843764489,0.13929447957313687,0.015454430072841446,0.05060100000000001
2021-08-25,0.13675206212201008,0.13995259910516783,0.026187749513428143,0.09673399999999999
2021-08-26,0.13672359697394193,0.14293252593543063,0.03299946631296807,0.038183999999999996
2021-08-27,0.13798073745147948,0.13868457296723768,0.025402438298270408,0.047261
2021-08-30,0.13925062259342308,0.13831421902353772,0.02999150869128142,-0.029002
2021-08-31,0.1404430546202996,0.13814729999397524,0.03442677588925938,0.036195000000000005
2021-09-01,0.14365130888228422,0.1369432781717603,0.025856649337922394,-0.015272000000000008
2021-09-02,0.1464676137718994,0.13494867321210202,0.028181052128972456,0.028779
2021-09-03,0.1479161361332896,0.1351524595498184,0.035418883250550745,0.03684399999999999
2021-09-07,0.15418480774649032,0.13739845703339545,0.04091666638565128,0.033447000000000005
2021-09-08,0.15386367916898225,0.13920708897886863,0.03826634403697493,0.034276
2021-09-09,0.15417476313097384,0.1418712317084937,0.047452140814439034,0.025566000000000005
2021-09-10,0.1545426591436668,0.14284966563823687,0.04872465907854506,0.01758600000000002
2021-09-13,0.15473353642802137,0.14134685052555962,0.04258223230202941,0.009457999999999994
2021-09-14,0.15597741800156292,0.14194351931306778,0.042755984626550586,0.030718999999999996
2021-09-15,0.15567597593086785,0.14133829064461895,0.04114731318252143,0.01890899999999998
2021-09-16,0.15582609286928872,0.13956698569306528,0.04023722421982687,0.071575
2021-09-17,0.15512050612584063,0.14836958431608854,0.04734678028356373,-0.06478099999999998
2021-09-20,0.15535528653140718,0.15815208459344776,0.0668032882347813,-0.00475600000000001
2021-09-21,0.1565711545659585,0.15476055529713037,0.06529629373357432,0.029965999999999993
2021-09-22,0.15718888309553924,0.14705250643575207,0.04884975376133471,-0.09892000000000004
2021-09-23,0.15649085635438537,0.14600895233273645,0.045059863000462275,-0.047012000000000026
2021-09-24,0.15598942424764528,0.14269314105760075,0.04780158948993582,-0.09765700000000002
2021-09-27,0.15430797798513324,0.14465502814623138,0.0491238547850158,-0.08157000000000003
2021-09-28,0.1531901024226377,0.14023910875999634,0.05354391013445589,-0.18439099999999997
2021-09-29,0.15105314954414062,0.14602012259902475,0.039672685152495446,-0.06808
2021-09-30,0.15093221363285156,0.1505876087964863,0.05406360523455131,0.0009429999999999994
2021-10-01,0.15094411821756842,0.14750578672963124,0.04973413753289893,0.03506899999999999
2021-10-04,0.1516134192844676,0.1501214080093777,0.0655337051185087,-0.09209900000000001
2021-10-05,0.15259561369606367,0.14639456581029772,0.039544053798454215,0.04610900000000001
2021-10-06,0.15278821484193605,0.1477382970309695,0.0377270306100469,0.055824999999999986
2021-10-07,0.15242801636816616,0.1455834675160033,0.03853523215546517,-0.08554200000000003
2021-10-08,0.15512406875450235,0.14330856737101813,0.03153722793352676,-0.07956599999999997
2021-10-11,0.1555095023149506,0.14146918358665786,0.029441240340963654,0.07899999999999999
2021-10-12,0.15692410270007376,0.143130251106004,0.030599862722080484,0.05724199999999999
2021-10-13,0.1559318726569779,0.1418179205781851,0.01990457756933453,-0.07042499999999996
2021-10-14,0.15630594300617887,0.13962510987616739,0.006781455845891571,0.045564999999999994
2021-10-15,0.15641509134710085,0.1385821229383404,0.010956630553630803,0.041477000000000014
2021-10-18,0.1573727144688154,0.14543057783154967,0.04026644663608217,-0.067556
2021-10-19,0.15871929353220193,0.13664079073422356,0.00829809490223915,0.03856499999999999
2021-10-20,0.15958500707806372,0.14008424385568338,0.009776387262234287,0.006978999999999985
2021-10-21,0.16038670117132073,0.13796829983619402,0.011139094573461295,0.03730800000000001
2021-10-22,0.16914601361082526,0.1480657344320368,0.020997358869190047,0.038243
2021-10-25,0.1700934059563651,0.1482286431130059,0.024354065715365164,0.044676999999999994
2021-10-26,0.1720424295770358,0.14991290063718146,0.030168169151137764,0.024474999999999997
2021-10-27,0.17291026184141675,0.14824948971665966,0.029933230678635347,0.034157999999999994
2021-10-28,0.17390604290203518,0.14918768788129635,0.0360122563223271,0.016000000000000014
2021-10-29,0.1740913847661898,0.15242831356380313,0.04149821960059355,0.025742999999999988
2021-11-01,0.1763185129800772,0.1507505213920443,0.040841656725258496,-0.061278
2021-11-02,0.17736042524163007,0.1495662557930015,0.038777640058799745,0.016429
2021-11-03,0.1776165514860833,0.1457655114536573,0.03742248247619928,-0.11214000000000002
2021-11-04,0.1778114521064902,0.1457075433273757,0.042290396886510706,-0.110603
2021-11-05,0.17798960031625866,0.1494183217307384,0.03297401360538868,-0.00593100000000002
2021-11-08,0.17716534709039125,0.14868224742288486,0.0551322278438533,-0.08924100000000001
2021-11-09,0.1766049308120355,0.1505307259411393,0.04066644976752931,0.02471000000000001
2021-11-10,0.17753047017488827,0.14701469714089363,0.0378886883580436,-0.033596000000000015
2021-11-11,0.17719392204524118,0.14821627572612145,0.0363905017457975,0.008552999999999977
2021-11-12,0.17980977910941176,0.1466711675748066,0.03419759584761922,0.024148000000000003
2021-11-15,0.18192019138745852,0.1458933135121758,0.034177818359874296,-0.036912
2021-11-16,0.1831373474100651,0.1479150579874565,0.03675979922882425,0.015147999999999995
2021-11-17,0.18502618761173448,0.14556246416482696,0.03386197809434119,-0.098862
2021-11-18,0.18579447149591347,0.14352248511678198,0.035631055566521214,-0.087396
2021-11-19,0.18692534208610206,0.1461909445651791,0.021070918194816796,0.025147000000000003
2021-11-22,0.1883875099914274,0.1477601651523443,0.029698760402581237,-0.09345300000000001
2021-11-23,0.1894493897894007,0.15246301680499583,0.06189932911897736,-0.074047
2021-11-24,0.19084664097034806,0.1469779049982637,0.028802917376996195,-0.06575300000000003
2021-11-26,0.19053272823295653,0.15253447721241511,0.061603104516927965,-0.0025239999999999985
2021-11-29,0.19464340126250482,0.16990053859188997,0.04379899059822462,0.023743000000000014
2021-11-30,0.19417997053774905,0.16043202958419536,0.061746750561201186,0.03034300000000001
2021-12-01,0.1932013974618152,0.16134604303971553,0.06620787458271815,-0.03529600000000002
2021-12-02,0.19288585874779626,0.15917997420158106,0.04810269381065477,0.010106000000000004
2021-12-03,0.19813979866559744,0.16117242127307793,0.04711055091847555,-0.06427100000000002
2021-12-06,0.19480922837394385,0.167547648723436,0.01988746686767881,-0.042978000000000016
2021-12-07,0.19468132596315693,0.17015682248703487,0.01246133927995241,0.01838099999999998
2021-12-08,0.19600167721659453,0.16818707879120234,0.005021863430953261,0.018147999999999997
2021-12-09,0.1957908438531418,0.16074471236939497,0.0054493105243534345,-0.067269
2021-12-10,0.19633068610310805,0.15279716142325223,-0.006301282983326106,0.009450000000000014
2021-12-13,0.19563450808562688,0.1532990008669763,0.0025753039813238843,0.035354
2021-12-14,0.19653226972513094,0.15275412565094648,0.000759207173334997,0.028860999999999998
2021-12-15,0.19618736896059574,0.15102653546981998,-0.005607342399674753,0.017517000000000005
2021-12-16,0.19677111354903476,0.1544872781568334,0.0008349643645003679,-0.019302999999999987
2021-12-17,0.19565884910430473,0.15243368136184107,0.002271428014204435,0.04080399999999998
2021-12-20,0.19453436376525043,0.15382268555657863,-0.0034116829353948996,-0.039376999999999995
2021-12-21,0.1944029560704714,0.1465502817952015,-0.01547658252380446,0.06883599999999998
2021-12-22,0.1948053507663635,0.1442849559359621,-0.02647055587030922,0.032178999999999985
2021-12-23,0.19540236507408545,0.14758476101518467,-0.022509108162322877,-0.011763999999999997
2021-12-27,0.19580754599146902,0.1435923385993114,-0.032403338021728484,0.032694
2021-12-28,0.1964417891750146,0.14771707043059704,-0.034308700587166535,-0.03731699999999999
2021-12-29,0.19662558835951086,0.15482837082055176,-0.028411382327328427,-0.00967499999999999
2021-12-30,0.19677838756966232,0.15596836464006025,-0.021106436749176782,-0.026579999999999993
2021-12-31,0.19866715958081854,0.15604963134242603,-0.007483493772770772,0.021875000000000033
2022-01-03,0.1983866838454748,0.15376917591430356,-0.007236887895558264,0.027066000000000007
2022-01-04,0.19929675967955587,0.17552254141100543,0.006291699169245463,-0.0006589999999999929
2022-01-05,0.19939905041849745,0.16885016740780695,0.013351514709160683,0.018745999999999985
2022-01-06,0.19981500662594565,0.16819354342184473,0.023383079304362703,-0.046005999999999964
2022-01-07,0.19808789289074044,0.1665732397186282,0.013220676258948405,0.03852599999999998
2022-01-10,0.20008977254958524,0.16815587930761783,0.012776303077513956,-0.06150500000000003
2022-01-11,0.20097143549135568,0.168674437185595,0.0070214176883382495,0.027108999999999994
2022-01-12,0.20154140058672576,0.16803141962062695,0.01639010069426783,0.065249
2022-01-13,0.20192182358944027,0.16961967905696673,0.007161175862248292,0.045265
2022-01-14,0.20230016069121334,0.17371964152142588,0.032038214832136425,-0.007802000000000031
2022-01-18,0.20177791283430205,0.16776704801316153,0.0237775750410055,0.051288
2022-01-19,0.20064308368758918,0.17030563436352736,0.021825557535684936,0.030099000000000015
2022-01-20,0.20055502163173644,0.17226898414857397,0.023835344984865475,0.04117700000000002
2022-01-21,0.2003656980367018,0.17443610252558553,0.04598099651121079,0.04732999999999998
2022-01-24,0.19637767527436692,0.17758594779409617,0.033931744466114216,0.07184499999999999
2022-01-25,0.19703201183956687,0.17776106852162135,0.028115140971331692,0.03821800000000003
2022-01-26,0.19666264422889956,0.1772676382609668,0.023199810354963185,0.04692000000000002
2022-01-27,0.19920186889013466,0.17689524227187764,0.012987542730297397,0.04933499999999999
2022-01-28,0.19942596037529697,0.17342161725446154,-0.004732396892818375,0.029385999999999995
2022-01-31,0.20183104187780576,0.17307912111143384,-0.003608512071869935,0.04561900000000002
2022-02-01,0.202046541068261,0.1780459093827438,-0.012362587423708271,0.03891899999999998
2022-02-02,0.20208543107934665,0.18005187651587218,-0.02030573520860257,-0.061729000000000006
2022-02-03,0.20372491825364525,0.17821364338426332,-0.013349877841182467,0.035888
2022-02-04,0.20357219266368518,0.1786191565812737,0.004237246968621405,0.02863300000000002
2022-02-07,0.20532594488360498,0.17404480984556514,0.006662725828362359,0.052631999999999984
2022-02-08,0.21114405180710036,0.1723281636985661,-0.005106731935464681,0.05019299999999999
2022-02-09,0.21324823001492135,0.18458070616815417,-0.013166789656749667,0.049507999999999996
2022-02-10,0.214564222750955,0.19037453219344594,0.012335725701274003,0.04618799999999998
2022-02-11,0.2153331418590873,0.1930053180092557,0.02502968340396483,0.033006000000000035
2022-02-14,0.21327065469453774,0.19399201675851002,0.03519585660930108,0.03969500000000001
2022-02-15,0.21346107916635362,0.18846451792880914,0.014134372375859322,0.049490000000000034
2022-02-16,0.21266996097530066,0.1932784161004081,0.015469139061402043,0.008742
2022-02-17,0.2117889058000853,0.1913148510812636,0.015084170443926348,0.03532000000000002
2022-02-18,0.2124142454279322,0.19175517304585538,0.012144542217737891,-0.01451199999999997
2022-02-22,0.21187900393261955,0.18862524426140195,0.007061010652084365,0.01955699999999999
2022-02-23,0.2119205332810283,0.19217804514849937,0.03211996595254882,0.005380999999999969
2022-02-24,0.2110483731373149,0.18739367262855533,0.0218508279214559,-0.11738399999999999
2022-02-25,0.20980883861073338,0.18904400506251415,0.0018573859455976172,0.029275999999999996
2022-02-28,0.20927421717512337,0.18658236671107406,0.011880549991038797,-0.03769800000000001
2022-03-01,0.20529314547799699,0.1886750676835026,0.021523032081889104,-0.147827
2022-03-02,0.20565543230113364,0.17807016224762523,0.004675363099066354,0.0036360000000000003
2022-03-03,0.2075033186866225,0.17847806829090176,0.006401342562033258,0.013325000000000031
2022-03-04,0.20609906095259092,0.18792979776748742,0.020082078390101343,0.029716999999999993
2022-03-07,0.20023377175761306,0.1872462779486923,0.03715683231584005,0.03801600000000005
2022-03-08,0.19861195858233371,0.1787753069034017,0.05325876929421791,0.047651000000000054
2022-03-09,0.198248043002877,0.17782730659868506,0.040570443251299104,0.03468399999999999
2022-03-10,0.19975891977761412,0.1800993957944666,0.011253909544812396,0.08428200000000002
2022-03-11,0.20032059244601325,0.1753621878905867,0.016330777634601223,0.02615999999999996
2022-03-14,0.20414111411315947,0.17124976835192038,0.01202778938782606,0.067406
2022-03-15,0.20802925198580577,0.18038618466857204,0.0026906475183022804,0.05451500000000001
2022-03-16,0.2097632058530888,0.1753860859063023,-0.008022188336922781,0.093756
2022-03-17,0.21088322867066697,0.18825857025134746,-0.004126833912851263,0.04750499999999999
2022-03-18,0.2123850881895119,0.18742323049144174,-0.012644709740823157,0.024195999999999995
2022-03-21,0.21358530543014528,0.1828600386729851,-0.02664396061066482,0.07611899999999999
2022-03-22,0.21476183027515036,0.1790748960481176,-0.029558843309325622,0.10585000000000003
2022-03-23,0.21535073631677712,0.17917536166707962,-0.024899092495913655,0.04036099999999998
2022-03-24,0.2154537515106234,0.17871181847660095,-0.024757364562817685,0.06271199999999999
2022-03-25,0.21580082706692102,0.17890715597308576,-0.023794291188470762,0.09116800000000003
2022-03-28,0.2157960955403075,0.17750783935801676,-0.020156165794488035,0.08150899999999997
2022-03-29,0.21575991978833597,0.1764091962147542,-0.028330674120301463,0.12205200000000002
2022-03-30,0.21692674947018595,0.18784769268549953,-0.016130475539804845,0.047899
2022-03-31,0.21791114644274018,0.18152324756585386,0.00042681828428514645,0.09695000000000001
2022-04-01,0.22180858201465825,0.17809830513093977,-0.005977616282762527,0.09332700000000002
2022-04-04,0.22287493412804507,0.1808282496650721,0.0034004238817300636,0.054623000000000005
2022-04-05,0.22145405737623314,0.17677874644476965,0.024196794318641746,0.053402000000000005
2022-04-06,0.22038132678107006,0.18098487122364046,0.04408918012864263,0.03226200000000001
2022-04-07,0.21954899492850619,0.18174018408312279,0.05215882751840159,0.06427200000000002
2022-04-08,0.21996846657064775,0.17952952934843144,0.04734834062473134,0.053508
2022-04-11,0.21829397213103371,0.18235919201875636,0.05993356304213315,0.059271999999999964
2022-04-12,0.21717394348334304,0.18586932005859894,0.045575657713949974,0.05805099999999999
2022-04-13,0.21720876724036153,0.18536945544855682,0.04477598524152762,0.060514999999999985
2022-04-14,0.21663006219947423,0.17749023296929484,0.034918251153683966,0.05673400000000001
2022-04-18,0.2160482933707734,0.1745603378858922,0.0342611909939837,0.07150100000000001
2022-04-19,0.2160901996742836,0.17465223479234504,0.023907669985281432,0.009178999999999993
2022-04-20,0.2163120964519364,0.17175000326650403,0.030321507089186045,0.048543
2022-04-21,0.21564803709733826,0.17082549003756192,0.036318502885935744,0.04966100000000001
2022-04-22,0.21563523512726795,0.19703372637750863,0.05450457864258956,0.05409999999999998
2022-04-25,0.21239857890294409,0.19724804248349406,0.05352378579103409,0.06162300000000001
2022-04-26,0.21130286367581402,0.204506397386067,0.0828368292895516,0.038676000000000016
2022-04-27,0.21298563943815182,0.20094996249331046,0.06400575078130225,0.0031280000000000197
2022-04-28,0.2117497888912676,0.19354040526354194,0.00806069193499992,0.008886000000000005
2022-04-29,0.2113869250256673,0.20081829414651753,0.03883542871413487,0.04153000000000001
2022-05-02,0.20925861703164877,0.198615549400574,0.027645905150601863,0.05552099999999999
2022-05-03,0.21140108900250665,0.1954399658566516,0.01875874932689897,0.048903
2022-05-04,0.21117140768167678,0.19007649613152025,-0.0021284817821743407,0.03912600000000002
2022-05-05,0.21031268805598446,0.19296844114760459,0.012060996581783862,0.05582599999999999
2022-05-06,0.21009309949440144,0.1941823525363157,0.013670455363214012,0.025376999999999983
2022-05-09,0.2079616056913879,0.1950347162823771,0.031982940663226905,0.03594599999999998
2022-05-10,0.20208318197043915,0.19239944745557658,0.015446383089552096,0.064306
2022-05-11,0.20035756493076035,0.19262224468173078,0.009058588098040887,0.05860699999999999
2022-05-12,0.19771933254028354,0.19525281511521142,0.015232082483004533,0.06325899999999998
2022-05-13,0.19638838110581408,0.18973053206934926,-0.0031520034045418033,0.059507000000000004
2022-05-16,0.1962995314707973,0.1888862604612699,-0.014398023952646333,0.05068600000000001
2022-05-17,0.19396798328733497,0.18599344785752184,-0.027212386202373512,0.049451999999999996
2022-05-18,0.19354293402554157,0.18525921951228183,-0.019115158394823445,0.05957299999999999
2022-05-19,0.19267280619495067,0.1899189295928132,-0.019057248004391236,0.050895000000000024
2022-05-20,0.19169079825971758,0.19149609718971566,-0.03039742037035939,0.02790100000000001
2022-05-23,0.19034518575205978,0.18702092601682085,-0.032342265072206916,0.05724700000000002
2022-05-24,0.1885293253824229,0.1904746476359688,-0.020632420557456732,0.051458000000000004
2022-05-25,0.18838014751956259,0.18944995973297005,-0.027565996839014062,0.049845999999999974
2022-05-26,0.18889068461978523,0.18782643452893205,-0.027789938606236575,0.040477999999999986
2022-05-27,0.19056921889405454,0.18135485799594286,-0.031353378393946835,0.050303000000000014
2022-05-31,0.19101829507766982,0.18389731749866664,-0.012944833464918148,0.007697000000000009
2022-06-01,0.19063551970963905,0.18242918832611446,-0.0043305501843187155,0.023922
2022-06-02,0.18750295978267367,0.1790953985461238,-0.023719456496977986,0.037065000000000015
2022-06-03,0.18982828795723175,0.17661561223324437,-0.014571797297256633,0.049589999999999995
2022-06-06,0.19090706676205663,0.18190519069785774,0.00587072942546904,0.030093999999999982
2022-06-07,0.19121680746316536,0.17459348176141945,-0.02022973171083081,0.06178
2022-06-08,0.19137730770716704,0.17564194559160637,-0.006925154314841475,0.046067
2022-06-09,0.18858722262773012,0.18137079194289984,0.010217747635487773,0.03962400000000002
2022-06-10,0.18785806901827928,0.19455045219964423,0.03927086804557697,0.01792100000000002
2022-06-13,0.18427194055777799,0.20708226158613297,0.07372539431120351,-0.002910999999999997
2022-06-14,0.17969080306775542,0.2081939160902954,0.07484610362705382,0.043236
2022-06-15,0.17684096298394655,0.20341900896596768,0.052775334772319354,0.027642
2022-06-16,0.1754527813312115,0.20116721743706759,0.07195004340337977,0.021538
2022-06-17,0.1735625441758053,0.19474158438981418,0.05186590734546931,-0.132899
2022-06-21,0.17301034401463414,0.1982347140006735,0.03652181197711743,-0.054608000000000045
2022-06-22,0.17334747721880464,0.19414743744541044,0.04259753001778052,0.02703599999999995
2022-06-23,0.17266440478462403,0.18572055815096286,0.02172317015222036,0.039824
2022-06-24,0.17354872717596329,0.19477169876684075,0.019991353382210364,0.013336000000000015
2022-06-27,0.17749648038991622,0.19288377217477926,0.01561588077085485,0.01232099999999997
2022-06-28,0.1786373695721764,0.1878415145884075,0.01629435620500666,0.041460000000000025
2022-06-29,0.17934917807214837,0.159818194573935,0.018611273107206616,0.03645000000000001
2022-06-30,0.18228206896210566,0.16027726499447123,0.01361973802772004,0.033329
2022-07-01,0.1834192473906559,0.1578275747776805,0.0014117634115672906,0.04835500000000004
2022-07-05,0.1794743715622403,0.16478373395139445,0.029315412163686855,0.04582400000000003
2022-07-06,0.179843535405089,0.17888675828242123,0.0066974354551294635,0.053097000000000005
2022-07-07,0.18203808350515455,0.1756903289189052,0.0003463488761663025,-0.018336999999999992
2022-07-08,0.18453607319993612,0.1734329483649623,-0.007373555800524678,0.04306499999999999
2022-07-11,0.18748624449707682,0.17561866917431992,-0.006918451793411523,0.03937099999999999
2022-07-12,0.18748307685559176,0.18078531492346053,-0.0005141459538269277,0.035530000000000034
2022-07-13,0.1882978427288843,0.18191939089828796,0.012272767688285169,0.016591999999999996
2022-07-14,0.18968222334551096,0.17953447815908,0.017827726858621995,0.04251099999999999
2022-07-15,0.19447323163789068,0.16682242332508507,0.001299048428356292,0.04157399999999997
2022-07-18,0.20064684928643625,0.17972508387114494,0.03205154454354911,-0.016264
2022-07-19,0.20155796531021625,0.17730118003834475,0.030107949248987548,0.039394999999999986
2022-07-20,0.20182982237127686,0.17756048870951419,0.03532176116711136,0.030195
2022-07-21,0.20233556974929096,0.1652219630085427,0.027464980935212074,-0.054856000000000016
2022-07-22,0.20305145447883702,0.15217049273468938,0.021756758726794306,0.034364000000000006
2022-07-25,0.20416135986179754,0.1545606007786061,0.029020799205954573,0.02864
2022-07-26,0.20532691228455544,0.1516147352719135,0.03238645652227179,0.033325999999999995
2022-07-27,0.20509079837134486,0.15750344900645952,0.02957868245504966,0.028403999999999985
2022-07-28,0.20280589898355325,0.1598963203027504,0.003966455273973379,0.055243000000000014
2022-07-29,0.20282221584750876,0.1629270154575972,-0.006026853333558985,0.06775300000000001
2022-08-01,0.20405108381942502,0.16536944191668607,0.000814518151906557,0.03006700000000001
2022-08-02,0.20375785283957445,0.1658044290414919,0.013404529120015052,0.030875999999999987
2022-08-03,0.2002557718464632,0.16451444186086334,0.0063314482849396725,0.02890799999999999
2022-08-04,0.20274589936478396,0.16358634440880002,0.013198270782556282,0.028407000000000016
2022-08-05,0.20360079860264213,0.16576268134287833,0.0049349948130696375,0.03744
2022-08-08,0.20473119173004548,0.15980214190252864,0.009611050476729666,0.030457999999999985
2022-08-09,0.20928666634196294,0.16194047093005992,0.007488155424231452,0.071968
2022-08-10,0.209896824893329,0.18372890091169494,0.0004597768257465218,0.024813
2022-08-11,0.2101359743232624,0.18678568910569085,0.006578774757840161,0.023249999999999993
2022-08-12,0.21331973362281176,0.17415162029928385,-0.007275853422210932,0.017122000000000026
2022-08-15,0.21455706126202878,0.17589592316867117,0.003711544618831608,0.02251900000000001
2022-08-16,0.2150180948709721,0.17643069689556964,0.007515889090284,0.004623000000000016
2022-08-17,0.2161916648619561,0.17127523110637247,0.00370715801044455,0.023302000000000017
2022-08-18,0.21689069951997753,0.16918616696858962,0.003172160897036841,0.007166000000000006
2022-08-19,0.21749519289263186,0.171282085147292,0.0008335453554781658,0.010844999999999994
2022-08-22,0.21782543362050216,0.17178885106664707,0.01130571281540571,0.022077000000000013
2022-08-23,0.21813907740525418,0.17256569497602178,0.019398843228929347,0.021348000000000006
2022-08-24,0.21846426255559462,0.16659909055008626,0.00810883890570066,0.03611800000000001
2022-08-25,0.21827597669964255,0.16531482287782814,0.007285426824205271,0.010294999999999999
2022-08-26,0.2178901614083252,0.17025221377903993,0.036440245422159706,0.02515500000000001
2022-08-29,0.21735582902606307,0.16881571107809382,0.052761070022384254,0.03833
2022-08-30,0.21670539882607964,0.17071161703212365,0.0551478315726224,0.012185000000000001
2022-08-31,0.21847507525068524,0.17400836358658392,0.07445494606480912,0.023682999999999982
2022-09-01,0.21947671209064654,0.16862512220833417,0.06519407382024364,0.041304000000000035
2022-09-02,0.21758955776572914,0.1691071843466767,0.06216778652532984,0.04713300000000001
2022-09-06,0.21707452469196334,0.17604735333677665,0.0732125063162927,0.0022440000000000238
2022-09-07,0.21640504474903,0.17086362266358315,0.06581513919899579,0.036205000000000015
2022-09-08,0.21674025491951243,0.16861299409009384,0.05592282062040102,0.03964200000000001
2022-09-09,0.2171328247508147,0.17142397881272914,0.04921077901108395,0.026932999999999985
2022-09-12,0.21718553213603609,0.17200638103882757,0.05300822828059293,0.039620000000000016
2022-09-13,0.21733743875534395,0.17394666161849393,0.06218879791417942,0.034524
2022-09-14,0.21956511006218893,0.17415147415370305,0.05489088969809158,0.041568999999999995
2022-09-15,0.22088758693389132,0.20248792010263025,0.07232502656893439,0.032676999999999984
2022-09-16,0.22148252373805447,0.20156645901858952,0.06240272123853435,0.027637000000000023
2022-09-19,0.22326473716639142,0.20085552672352405,0.05329211087261393,0.025421
2022-09-20,0.2225805300547127,0.2004395895100608,0.06316174073515451,0.02528999999999998
2022-09-21,0.22248977789950702,0.20267447173407954,0.06628359975985881,0.020873000000000003
2022-09-22,0.22340220484276765,0.19995239242596763,0.07199173095444661,-0.002958000000000016
2022-09-23,0.223447744913652,0.1974620936541489,0.07423659377478448,0.037080999999999975
2022-09-26,0.2194885108697563,0.20265767246740476,0.09898121701316848,0.02743699999999999
2022-09-27,0.21862761642775497,0.19912381270348375,0.08521451574478436,0.03614200000000001
2022-09-28,0.21843068793381834,0.20295918994732068,0.08532461409675116,0.03336600000000001
2022-09-29,0.2147863803024336,0.2103173477106083,0.09471515727199928,0.042420999999999986
2022-09-30,0.2137828306973508,0.20975106620161932,0.10018918413752054,0.032748
2022-10-03,0.21241094061231872,0.21344570256595208,0.07620337208593653,0.05365900000000001
2022-10-04,0.2110698824672558,0.2059327446919036,0.06220521537471313,0.056871000000000005
2022-10-05,0.21068407845910683,0.21367023581843436,0.0685410708862802,0.037536000000000014
2022-10-06,0.20905656463326616,0.23086783075296868,0.09059084307891446,-0.09263500000000002
2022-10-07,0.20694700366388027,0.2395792101754144,0.08807978953575271,-0.020719000000000043
2022-10-10,0.206536471129004,0.23700979438272138,0.09777545999668044,0.023644
2022-10-11,0.20517526831864952,0.23386615813766568,0.09989616062486284,0.04827500000000001
2022-10-12,0.2032713629199336,0.2410400378349325,0.12008185335669005,0.020110000000000017
2022-10-13,0.19908900483634775,0.24195065711027838,0.07366330730966314,0.05005399999999999
2022-10-14,0.19328586023103658,0.25294068692627114,0.06358440360549916,0.04104799999999997
2022-10-17,0.19392048321467317,0.2512778254968123,0.04917772383756325,0.04718
2022-10-18,0.1936321531209304,0.24878258073272005,0.038314607759336594,-0.04236400000000001
2022-10-19,0.1968382537876765,0.2410936142486775,0.04167950012827554,0.06185799999999997
2022-10-20,0.19737902205187147,0.21074793211286974,0.05451711807650622,0.048140000000000016
2022-10-21,0.2939778683690702,0.2076934161751706,0.03804038388103209,0.048707
2022-10-24,0.29406543981919947,0.20353219339201567,0.025635112576071817,0.04603999999999997
2022-10-25,0.2942841741522055,0.20303155285613514,0.01871394853836672,0.052615999999999996
2022-10-26,0.293710413784549,0.2024815752248979,0.02190210239534407,-0.07511099999999998
2022-10-27,0.29243979274163934,0.20656031676650624,0.020704270452236107,0.027081999999999995
2022-10-28,0.2914936174052447,0.2020362118357764,0.006335843568573446,-0.08566599999999996
2022-10-31,0.2926619222268946,0.20641942868579394,0.01219776089994476,0.031088000000000005
2022-11-01,0.293922405504445,0.20615702414448517,0.010301322869540608,0.028025000000000022
2022-11-02,0.29401327822729506,0.205791776131469,0.011034691060356427,0.026551999999999965
2022-11-03,0.29276654708499517,0.20636572131813932,0.013625996166875265,0.016818
2022-11-04,0.29259222962718123,0.20257197995383094,0.0019093901027965599,0.02931600000000001
2022-11-07,0.2900529890718389,0.20354620101130189,0.015403785127824171,0.008655999999999997
2022-11-08,0.2907827531232557,0.20533757001866737,0.021852999720322147,0.011631000000000002
2022-11-09,0.29074111924014023,0.20197371918530094,0.016895884197827116,0.01834800000000003
2022-11-10,0.28850673472043487,0.19882726712037863,-0.011066213536115171,0.012982999999999967
2022-11-11,0.2881991948740626,0.1976634092295345,0.0041875674815714525,-0.030687999999999993
2022-11-14,0.2876113856037261,0.19891141436511348,0.02369958757349419,0.03272900000000001
2022-11-15,0.2879557498106846,0.19589828685510124,0.01316631025339618,0.051342000000000027
2022-11-16,0.28895600555436535,0.19829306279822775,0.014794337548656528,0.026169000000000026
2022-11-17,0.28851224754557836,0.19513659736305924,0.014486510176932477,0.04728300000000002
2022-11-18,0.28884481276871427,0.19363285370795455,0.002074416577137861,0.047961000000000004
2022-11-21,0.2890597531445207,0.1925007842743382,0.009449775714950509,0.033595000000000014
2022-11-22,0.28907400633394353,0.18987386946427876,-0.004942344209250327,0.032717000000000024
2022-11-23,0.29021121005785416,0.18870157713332272,-0.012700706059862898,0.011062000000000016
2022-11-25,0.29083143610540785,0.21792258824716934,-0.010162290060934526,0.033751
2022-11-28,0.2907107880984078,0.23619093801191873,0.008526134125340895,0.041434
2022-11-29,0.29115584384153037,0.23248305720645585,0.01439593039989745,-0.08550000000000002
2022-11-30,0.2908482352728227,0.2249010693537358,0.0031124524699745193,-0.009416000000000008
2022-12-01,0.28962746046625876,0.2164309860930493,-0.004706787929127626,-0.06337999999999999
2022-12-02,0.2908075042479196,0.21302916821719645,0.002513250197479333,0.03611500000000001
2022-12-05,0.29092485666742346,0.21503163218695223,0.02757337461790757,-0.10334200000000004
2022-12-06,0.292463634434595,0.2287837876099707,0.029887546508644613,0.0047760000000000025
2022-12-07,0.29255432525064584,0.22648661178014942,0.044462273623235155,0.03762499999999999
2022-12-08,0.2978029321366023,0.22491410738658582,0.04282507885839046,-0.017213000000000006
2022-12-09,0.29796686883507567,0.21707580271572763,0.03575560396722213,0.026856999999999992
2022-12-12,0.29868978948138586,0.2283425327400632,0.04635841072515298,0.010499000000000008
2022-12-13,0.29748762434042897,0.21985414205969275,0.038956829857700576,0.025895
2022-12-14,0.29736824048804594,0.2185837779476926,0.031021967409401607,0.007972000000000007
2022-12-15,0.30065745026004287,0.2140599444782745,0.04306349055393188,-0.012371000000000021
2022-12-16,0.30165709703829274,0.21478622628935506,0.029769853227297166,0.008466000000000001
2022-12-19,0.3026047047482567,0.20317893346551244,0.024554788081533135,-0.065301
2022-12-20,0.3024892722054802,0.217663159962261,0.025231166981302733,0.031532000000000004
2022-12-21,0.30232171145998593,0.2124176319968761,0.003912032164983648,0.011284000000000016
2022-12-22,0.3019758274212898,0.20937709376625008,0.012896019499561234,-0.010638999999999982
2022-12-23,0.3023896288350092,0.194752656853315,0.0038062061892524812,0.033713999999999994
2022-12-27,0.30219331376891184,0.21657908997317607,0.01611835081421764,-0.008803000000000005
2022-12-28,0.30181689976208365,0.21518068646290794,0.019359929259007536,0.032902000000000015
2022-12-29,0.30204131518901234,0.21769482025196937,0.014068813707807354,0.008940000000000003
2022-12-30,0.3022676494085284,0.21398326372691479,0.023422909979298245,0.03605
2023-01-03,0.30170551725767203,0.24694047340617514,0.029401396306163008,0.045869999999999994
2023-01-04,0.30212697933496135,0.24950105225435623,0.016531803705010256,-0.08685000000000004
2023-01-05,0.3009539952775683,0.25985267804815404,0.026790503022478596,-0.005794999999999995
2023-01-06,0.3007629337505973,0.25153815031947624,0.009049612695182119,0.009481000000000017
2023-01-09,0.30052388033374633,0.2455398071758004,0.01674284215340896,0.031806
2023-01-10,0.30086552307294556,0.24456188612492646,0.011583506698875479,0.039604
2023-01-11,0.30210824870616443,0.23856412673336,0.0047943891630316815,0.027304000000000023
2023-01-12,0.3019299578079168,0.24007047194966585,0.01032720169609705,0.010327000000000003
2023-01-13,0.3014769436337918,0.22309603377679174,0.006477183688769289,0.006086000000000008
2023-01-17,0.30107039581718803,0.23230764344823998,0.020622148648361233,0.013372000000000023
2023-01-18,0.3000303889656366,0.24531190881161355,0.02793736858081916,-0.018411999999999984
2023-01-19,0.2996707368902519,0.2543539652414575,0.042728537117033366,-0.06624799999999997
2023-01-20,0.2973562462789429,0.2503614471603088,0.02109887530718424,-0.062002
2023-01-23,0.29670618138392146,0.23393247733936326,0.022888055756153936,0.10963799999999999
2023-01-24,0.20013703884650913,0.25210910355938676,-0.22111703359715973,-0.084926
2023-01-25,0.1988569491731073,0.2628099625755454,-0.21751766964586652,0.005557000000000006
2023-01-26,0.19862131896203747,0.24977217596831094,-0.22357957011872162,0.019622
2023-01-27,0.19838139089950116,0.2399478626796259,-0.22340241165181166,-0.14006400000000002
2023-01-30,0.19881421270250027,0.26242033182698477,-0.20237674109058904,-0.0012389999999999901
2023-01-31,0.19849324917970215,0.2576311835907946,-0.21775368344235935,-0.00480899999999998
2023-02-01,0.19639215482536482,0.22287854428177256,-0.23076605769135627,-0.05598900000000001
2023-02-02,0.19562728718897102,0.25156540001280353,-0.22113275868684745,0.02432100000000001
2023-02-03,0.19219493392626086,0.25054149935994774,-0.2219286580930073,-0.06676600000000005
2023-02-06,0.19210179888849846,0.25444748714053095,-0.21844855699288665,0.01177900000000004
2023-02-07,0.19070278140240865,0.24301029491638595,-0.22382192291141606,-0.09525299999999998
2023-02-08,0.18970279669626527,0.2032935760958489,-0.21591938770989524,-0.023404000000000008
2023-02-09,0.18872324254380102,0.20680420049137258,-0.20973804902304974,-0.06103900000000001
2023-02-10,0.18909673152742285,0.21263145047030596,-0.2166188303714381,-0.005409999999999998
2023-02-13,0.19012827985794617,0.2098195144875055,-0.21515561361014385,0.01398499999999997
2023-02-14,0.19121926818331458,0.2085278232760074,-0.21243205446563584,0.024932999999999983
2023-02-15,0.19153698908956374,0.20275641391707636,-0.223069657195118,0.020995999999999987
2023-02-16,0.18985544430898074,0.20852553665920243,-0.22309429279460027,0.004128999999999994
2023-02-17,0.1880296937722668,0.20632453904344378,-0.23086087585066245,0.023896
2023-02-21,0.18769900848464524,0.21615260468427433,-0.20644218697240344,-0.06224299999999999
2023-02-22,0.1864636668945978,0.21631490432767878,-0.21509578930119436,-0.025758999999999976
2023-02-23,0.18634075294174085,0.24331801584836563,0.009076619882561088,-0.008355000000000029
2023-02-24,0.18645685894532846,0.24481795303847073,0.009497487066178839,0.0064439999999999775
2023-02-27,0.18483439749737826,0.23630040395760102,0.009098858267172216,0.022343000000000002
2023-02-28,0.18444680574359304,0.23427589847786282,0.02494726812772327,-0.26149100000000003
2023-03-01,0.1846114584579349,0.23336400777374963,0.010455081593619797,-0.281486
2023-03-02,0.18399943670491026,0.2472070844201957,0.0016703695988284917,-0.0016589999999999938
2023-03-03,0.18316829511627195,0.22550730176038455,-0.005582648131179563,-0.22139300000000003
2023-03-06,0.1836461340347227,0.24326606658374722,0.011337447683790136,-0.02146999999999999
2023-03-07,0.181616631318669,0.2536191737511645,0.0287227500566625,-0.04933599999999999
2023-03-08,0.18276404149981534,0.2530345074522593,0.024140799832909315,-0.035767999999999994
2023-03-09,0.18127959544015781,0.25866448265026537,0.029287966374535124,0.007564999999999988
2023-03-10,0.18098075319963736,0.2615102389798134,0.049734124777714106,0.019938999999999985
2023-03-13,0.17146260653272072,0.267777621736608,0.03964561935550695,0.098779
2023-03-14,0.17156608595412462,0.24577020292718332,0.02718878920213849,0.129854
2023-03-15,0.16910382033327023,0.28007052793455695,0.033480164469646606,0.012907000000000002
2023-03-16,0.1681274162088453,0.21010076135627276,0.008058418457235955,0.03606999999999999
2023-03-17,0.16760135364602022,0.21165930955601875,0.014613790708331603,0.034825999999999996
2023-03-20,0.16087467330896016,0.20996910003154323,-0.010545024852799012,-0.03220200000000001
2023-03-21,0.15697850700908086,0.21613318320739078,-0.00929719644894858,-0.032187999999999994
2023-03-22,0.15471635686704108,0.21581237795727345,0.0013106023979752024,-0.06906100000000004
2023-03-23,0.15334527901294176,0.23161014855528908,0.0005824984247876086,0.017010000000000025
2023-03-24,0.15241746031371786,0.22836253543347693,-0.02117714158208711,-0.02771100000000004
2023-03-27,0.15221994942035144,0.21697374522359025,-0.018272684331937822,0.11256699999999997
2023-03-28,0.15221369471906573,0.21904017254595642,-0.028051510531151486,0.03670499999999999
2023-03-29,0.15340890833839296,0.21650513774563848,-0.039616656838255354,0.04732800000000001
2023-03-30,0.15489384090422922,0.21921353505670446,-0.0301915226748862,0.03185399999999999
2023-03-31,0.1544835764866919,0.21331796094845226,-0.040908475930163724,0.03661700000000001
2023-04-03,0.15396716523769144,0.2172588320986993,-0.031240346923226497,0.01280500000000001
2023-04-04,0.15384825990742088,0.21494532765612792,-0.028192290207180865,0.04026099999999999
2023-04-05,0.15281797393676483,0.22788618118385975,-0.02811086044314523,0.021003999999999967
2023-04-06,0.15302976652616096,0.22924946261582588,-0.03203951351756559,0.020374000000000003
2023-04-10,0.15298959946989393,0.2264619480144065,-0.013651879946507878,0.035317000000000015
2023-04-11,0.15361492348056388,0.227416097591463,-0.013905614620974727,0.037437
2023-04-12,0.15249614761203711,0.22922914134277164,0.006679913100136992,0.022408999999999984
2023-04-13,0.15018041033797488,0.21713635763755118,-0.0067407873383016625,0.03790400000000002
2023-04-14,0.15033481981448554,0.2196233874531934,-0.0028539348611013593,-0.0062470000000000026
2023-04-17,0.15156317620302634,0.2165438504647424,-0.01514549407289878,-3.300000000000525e-05
2023-04-18,0.1528469777724929,0.21850889907018406,-0.008703887096221302,0.01907500000000001
2023-04-19,0.15409591470196082,0.21090647644666324,-0.001306708969551984,0.03433899999999998
2023-04-20,0.15630358219872106,0.2059519826337129,0.02041151330897631,0.02565299999999998
2023-04-21,0.15623290327490155,0.173169957020041,0.022126823352419972,-0.01705300000000004
2023-04-24,0.1561176834724562,0.1713536529002712,0.02395243623733262,0.030172000000000004
2023-04-25,0.15755850583124195,0.1862643478214401,0.04134227833753509,0.033665
2023-04-26,0.15716964366093322,0.19876801596284902,0.057849467363992824,0.03214500000000001
2023-04-27,0.15820765658536892,0.1836471486135589,0.03427719729504705,0.031229000000000007
2023-04-28,0.1579918176459507,0.17233248828641357,0.020847434687629063,-0.03501600000000002
2023-05-01,0.15765549110228053,0.17845635565888976,0.017541277213142054,-0.06619599999999998
2023-05-02,0.15754998176887705,0.19404100045363312,0.043516675918738534,0.014613999999999988
2023-05-03,0.16348849919509723,0.1880253550193537,0.04494104150828343,0.015421999999999991
2023-05-04,0.16554826918193957,0.19444592210131464,0.04532356646108163,0.007161000000000001
2023-05-05,0.16545336897157226,0.18331225521143676,0.03771042432718674,0.037052999999999975
2023-05-08,0.16572096594595637,0.18515090469528794,0.04161185886306479,0.029061000000000003
2023-05-09,0.1660726181266616,0.19475845196172822,0.04932308787186837,0.02720499999999998
2023-05-10,0.16637694410961118,0.17903962738161058,0.027927244114713146,0.029571999999999987
2023-05-11,0.16570097403640868,0.1852661468618653,0.037046789715562106,-0.010766999999999999
2023-05-12,0.16520741647216208,0.18597354161179647,0.037134242341030216,0.04636799999999999
2023-05-15,0.16411112736940564,0.18837620926461068,0.036048241855416274,0.00866900000000001
2023-05-16,0.1619569077773126,0.19993632125724428,0.04396669289388294,0.013517000000000001
2023-05-17,0.1622620357872702,0.18880422478921405,0.027724488498019506,0.009485999999999994
2023-05-18,0.16234304528798513,0.19260536626930685,0.036025247854759884,0.030969999999999998
2023-05-19,0.16202416183509488,0.19915338276269007,0.03635126425678023,0.012308000000000013
2023-05-22,0.16219208364244275,0.19823457812329504,0.03825794828864795,-0.012115000000000015
2023-05-23,0.16249987926247553,0.19883935576818174,0.04116374343735896,-0.048395999999999995
2023-05-24,0.16345922562037754,0.2029608860894443,0.04664946275817877,0.040923000000000015
2023-05-25,0.16319774459726022,0.2034092759222881,0.053926402685955416,0.024360999999999994
2023-05-26,0.16308996160532496,0.1806905307835796,0.04335841537311691,0.005555000000000004
2023-05-30,0.1624706102685421,0.18151640960157633,0.04215162264296696,0.007800000000000001
2023-05-31,0.16214511725685085,0.17742871382350714,0.03618320538032585,0.005058000000000007
2023-06-01,0.16182959603080807,0.1754155235808741,0.03138494280736889,0.013319999999999999
2023-06-02,0.16499867993297948,0.17527806211521937,0.02358822519458481,0.006043999999999994
2023-06-05,0.16616370679466216,0.17110021147402946,0.027683158331156837,0.072577
2023-06-06,0.16603697003405343,0.17081066730765634,0.029661644844988094,0.017749999999999988
2023-06-07,0.16526703487936242,0.16962944032445398,0.015362258460437567,0.030319999999999986
2023-06-08,0.16456919562882993,0.1698702159357192,0.003881445817122464,0.032083
2023-06-09,0.164007904644044,0.17421658331024956,0.0005421685487150274,-0.007350999999999996
2023-06-12,0.16593691209163972,0.16861706925971287,0.012563174635832952,0.025285000000000002
2023-06-13,0.1665909115713636,0.16613717267897946,0.010309267967361785,0.0021210000000000118
2023-06-14,0.16623366743047643,0.16583686019108693,0.013867320552873208,0.023032999999999998
2023-06-15,0.16616183335312917,0.16288288702607134,0.006087264149781529,-0.024366
2023-06-16,0.16503788424500218,0.16379286790164627,-0.0001078485285470332,-0.009557999999999983
2023-06-20,0.1646214350259021,0.16570568839936,0.0070809315546110085,0.015093999999999996
2023-06-21,0.16385521702320519,0.16799376570046326,0.008008417424774705,0.041018
2023-06-22,0.1637856398964959,0.16250686184298027,-0.016319926295154663,-0.012538999999999995
2023-06-23,0.16358894901463406,0.16749548803003522,-0.0039681614983513025,0.012778999999999985
2023-06-26,0.163146442897046,0.16919459109819984,-0.008999599773323791,0.00883600000000001
2023-06-27,0.1663195018829285,0.1695711468851585,0.0066422753245198585,-0.029673000000000005
2023-06-28,0.16712791018332213,0.17335164847353862,0.0016523201724218117,-0.03417700000000001
2023-06-29,0.16752892507004305,0.17865556715233993,0.009121336583480993,0.017491000000000007
2023-06-30,0.167289989698388,0.17696166311432557,-0.0020510565806759473,-0.003805000000000003
2023-07-03,0.17370828997121826,0.17326213908489344,-0.003984531028262683,-0.01665799999999998
2023-07-05,0.17998517976220157,0.179603998577616,0.004607344109635952,0.014999999999999986
2023-07-06,0.18171273084030312,0.1815668500541075,0.021948593099509667,-0.014314999999999994
2023-07-07,0.1829094162956658,0.18679144141132545,0.010865920034241638,-0.023907999999999985
2023-07-10,0.19085192934041775,0.17503172019100524,0.018127966569358306,0.024168000000000023
2023-07-11,0.19062306044432464,0.17453063471310426,0.01965105406340298,-0.011597999999999997
2023-07-12,0.1903255692855655,0.17319831769365454,0.014602540986260043,0.011049000000000003
2023-07-13,0.1909314066066786,0.17106356859240396,0.011508097022074892,0.0009309999999999874
2023-07-14,0.19341849538291056,0.1692575507343472,0.00974562270138099,-0.010724000000000011
2023-07-17,0.1937080458007594,0.17135463896146955,0.022798616167784586,-0.0022090000000000165
2023-07-18,0.19328520834682722,0.17282659260809402,0.016122166336663663,-0.005297999999999997
2023-07-19,0.19300576467122407,0.1735905908363241,0.01878959954178991,0.02601399999999998
2023-07-20,0.19281319891785378,0.17170616877803266,0.014280475367471318,-0.0024369999999999947
2023-07-21,0.19201104326486865,0.17344281197268646,0.007154531112807172,-0.008800000000000002
2023-07-24,0.19347172131475948,0.17543059997620972,0.01160806381206761,0.007828000000000002
2023-07-25,0.19625195426776107,0.17455118132244066,0.02208123454061159,0.019134000000000012
2023-07-26,0.19520177501747593,0.18078669799584848,0.01426772538911042,0.009772000000000003
2023-07-27,0.19560673983118565,0.17739827690930232,0.018027389684314166,0.020289
2023-07-28,0.19529961114080863,0.1788218350875177,0.009391504399684614,0.020033999999999996
2023-07-31,0.19704132139332672,0.17628070742696897,0.013897454784882246,0.011645000000000016
2023-08-01,0.19674245953173472,0.17330735776687417,0.02836870883614434,-0.033699000000000034
2023-08-02,0.19702109467213558,0.1827532281825321,0.03744774663549083,-0.007873999999999992
2023-08-03,0.1938386354705957,0.21817028591321622,0.030491430421086346,-0.10065299999999999
2023-08-04,0.19425901434117412,0.19377522203685002,-0.0002407769199068155,0.020709000000000005
2023-08-07,0.19465512447327077,0.19224947196978276,-0.0018697552312389454,0.02188599999999999
2023-08-08,0.19497042360888348,0.19426268260634258,-0.00247322654915641,-0.005069000000000018
2023-08-09,0.19469891152567112,0.19446400149924578,0.0037746020493393817,0.015510999999999997
2023-08-10,0.19539593070940003,0.18808322638157277,-0.005480495353483106,0.014721000000000012
2023-08-11,0.19594424971597194,0.18284194482611182,-0.018065630814628975,-0.013765
2023-08-14,0.1953666725059595,0.18669196378896516,-0.011017297770595513,0.0008890000000000009
2023-08-15,0.19572323706551525,0.1985777530118117,0.005515118567554711,-0.004337999999999981
2023-08-16,0.19586677483876122,0.20455128561275587,0.01489515882836176,-0.006793000000000021
2023-08-17,0.19613478138523882,0.2025266358514215,0.012939268098866585,0.022835999999999995
2023-08-18,0.19619102551141185,0.18806264964936442,0.006408394578772292,0.028781
2023-08-21,0.1962034500943664,0.19106273963113032,0.01031092019050428,-0.021351999999999982
2023-08-22,0.19671618304309926,0.1903422374516785,0.011865724785490028,-0.002342999999999984
2023-08-23,0.19724612665043278,0.17758314091082303,-0.003044047712285086,-0.037165000000000004
2023-08-24,0.19606241583737036,0.1845957639406313,0.0072402245759091155,-0.06425099999999995
2023-08-25,0.19548969878671207,0.17606553523866472,-0.013404886246174336,-0.005860000000000004
2023-08-28,0.1956383068971764,0.1789263319277966,-0.002699547342593228,0.016826000000000008
2023-08-29,0.19666096987887483,0.16932758167715237,-0.01769694948811426,0.027210999999999985
2023-08-30,0.19665225702047065,0.17162050001534265,-0.019535823396289315,0.024779999999999996
2023-08-31,0.1970789470583558,0.17589920403262538,-0.012558763489269736,0.01735499999999998
2023-09-01,0.1939202003667694,0.1762968734968517,-0.00984876891810263,-0.05654000000000001
2023-09-05,0.19254255586833416,0.1812464338624286,0.013186739130512742,-0.09591800000000003
2023-09-06,0.1924851738804258,0.18136848887605284,0.009557037139489383,0.0034069999999999934
2023-09-07,0.1913684930650199,0.18050367628304728,0.010108289099603873,0.010427999999999993
2023-09-08,0.1912451640057499,0.17651247368282158,0.0005603851063548104,-0.010187000000000002
2023-09-11,0.192268642006206,0.17604295878307105,0.006395366349613962,-0.009960999999999998
2023-09-12,0.19071707245326391,0.17844191408375634,0.0006338206357862641,-0.01652199999999998
2023-09-13,0.19033133256768023,0.17758879608891068,-0.00710168005257894,0.012513999999999997
2023-09-14,0.1937223257001106,0.18430692554907555,-0.021709945120351182,-0.01114599999999999
2023-09-15,0.1951429842631482,0.18110317417273236,-0.019971852003369178,0.016414999999999985
2023-09-18,0.19532730329152848,0.18138693994437838,-0.015756948339178928,0.020655000000000007
2023-09-19,0.19550272869164317,0.18325922034246367,-0.007197845015509463,-0.01682
2023-09-20,0.19528346134411623,0.182087976834992,-0.012851533659684056,-0.05011199999999999
2023-09-21,0.19611924408147632,0.1874371934567428,0.018727581765178747,-0.03958499999999998
2023-09-22,0.1973389406553569,0.18561457037544982,0.017725364543956762,0.013194999999999985
2023-09-25,0.1974989047356195,0.1833056145426239,0.03091082224095401,-0.07441199999999998
2023-09-26,0.19449142981010026,0.21176520088038137,0.043370389842779494,-0.06380399999999997
2023-09-27,0.19328422258390437,0.2168204241750312,0.046297837970590866,-0.02614700000000003
2023-09-28,0.19206554431491316,0.21351396453515764,0.041477564396630695,-0.03501599999999999
2023-09-29,0.19064755852007767,0.21089418620019337,0.03541313639190874,-0.133768
2023-10-02,0.1853268095173131,0.22278018831810026,0.06425478119007419,-0.14710500000000004
2023-10-03,0.178041063647182,0.2258815473091677,0.048838811171832336,-0.06634499999999999
2023-10-04,0.1762646740933557,0.2208118820438641,0.03942419575707368,-0.19340699999999994
2023-10-05,0.17523177563559883,0.21941904224056116,0.035265691789365144,0.036241999999999996
2023-10-06,0.16636536401710394,0.21563815426272784,0.01719806016254047,0.03670799999999996
2023-10-09,0.1662181160748748,0.21249134287475172,0.005341483155309329,-0.0008259999999999934
2023-10-10,0.1658138739003123,0.2077027957849431,0.0034771284543927694,0.03384699999999999
2023-10-11,0.16567549214601385,0.20316715448103115,-0.008396321556153136,0.031256000000000006
2023-10-12,0.1628097581930978,0.20553411207230535,-0.006005446492710287,0.012128999999999973
2023-10-13,0.16228688360777985,0.20798039260723514,-0.0016261397027022284,0.043586000000000014
2023-10-16,0.16456005607933802,0.20381773003392128,-0.01661889655434612,-0.06737399999999999
2023-10-17,0.16423664929384973,0.20284529778274132,-0.018503718988099216,-0.028442999999999996
2023-10-18,0.1638182376753492,0.2070753063158795,0.0014513189294356466,-0.004033999999999982
2023-10-19,0.164227133715824,0.18684376417507684,0.0028323264132717463,0.008390000000000009
2023-10-20,0.1619937741168204,0.19706085714047206,0.013938387273973285,0.03578899999999999
2023-10-23,0.16074216889164328,0.19815755128238385,0.00012026927193276027,0.0031809999999999894
2023-10-24,0.1611976663835551,0.18711074985275955,-0.01393907218204371,0.006272
2023-10-25,0.16117465933417702,0.18431268296753292,-0.0007362167559830102,0.00011200000000000099
2023-10-26,0.16030343245645554,0.1890279052717574,-0.00404398541341261,0.044241
2023-10-27,0.15833352219091598,0.19777228586162252,-0.001616764038838342,0.010889999999999955
2023-10-30,0.15944792857224604,0.19523571807292037,-0.0031269942769446,0.005437999999999998
2023-10-31,0.16033683218577016,0.198586478221427,-0.016291745147653997,0.008637000000000006
2023-11-01,0.16107110713779293,0.19719164042293727,-0.00918920610957688,-0.085671
2023-11-02,0.1562914101055229,0.19347964612352933,-0.047471068596894206,-0.013253000000000015
2023-11-03,0.15580440598437992,0.19249305401643527,-0.041692447185576575,0.0014249999999999818
2023-11-06,0.15520367510527586,0.19082373463309152,-0.022585790932004496,-0.027923000000000003
2023-11-07,0.15499719110097254,0.19049325798121441,-0.028607830403549528,-0.037523
2023-11-08,0.1538017537958645,0.18389264857600007,-0.033212455803543206,-0.08637599999999998
2023-11-09,0.15439254464496746,0.1889998776577121,-0.014808257085918125,-0.03077200000000002
2023-11-10,0.1594602354527733,0.18828637357384295,-0.017526694148497585,0.01643699999999998
2023-11-13,0.1589170425861535,0.18776870773370768,-0.009407710395244129,-0.02629300000000001
2023-11-14,0.1642106076691827,0.1838304097139847,-0.02501411699833833,-0.03678099999999998
2023-11-15,0.1634163713144919,0.18491139563855957,-0.01558453963395609,-0.020913999999999988
2023-11-16,0.16735786233795583,0.18306666653954765,-0.025292461312302644,0.004650000000000015
2023-11-17,0.16733542973780358,0.1842697345396917,-0.020577244540613493,-0.01186899999999999
2023-11-20,0.16750177854071907,0.18341814189941066,-0.02681047857858973,-0.014523000000000008
2023-11-21,0.16688881063618494,0.18228576316689638,-0.02308095991115633,-0.07972299999999999
2023-11-22,0.167071741868679,0.18181958840336557,-0.02644745243044455,-0.030154000000000014
2023-11-24,0.16734190345957828,0.16655023408116837,-0.027438042558233233,-0.02013799999999999
2023-11-27,0.16696973507374352,0.1676026024248358,-0.01744335655157525,0.02382200000000001
2023-11-28,0.16613521578905133,0.1711244967349129,-0.011817822508998016,-0.020917999999999992
2023-11-29,0.16657888900001064,0.1682565991173953,-0.024625369186675877,-0.03524699999999997
2023-11-30,0.16749026940290798,0.1684096298953654,-0.02449049333054798,-0.04661699999999999
2023-12-01,0.16974170935264749,0.16710080154654303,-0.024316271323588767,-0.04474500000000001
2023-12-04,0.1703712528792469,0.1679065809926587,0.00249451604099174,-0.0030669999999999864
2023-12-05,0.17055689125588877,0.16509913500639534,0.00924293218362815,-0.148
2023-12-06,0.17112510620767005,0.16034457452640416,0.00577230046618013,0.029556
2023-12-07,0.1716354486569341,0.1653421507673554,0.0025497470680037604,-0.06548400000000001
2023-12-08,0.1712617606914185,0.16539209018286258,-0.0004148551898736086,0.01882600000000001
2023-12-11,0.1711506235815858,0.16450931208156122,0.008247883410645362,-7.999999999980245e-06
2023-12-12,0.1714200991715474,0.16161042829710318,0.010076705630014587,-0.02452600000000002
2023-12-13,0.1680703932550877,0.1631707793789903,-0.0024202641779989265,-0.03009099999999998
2023-12-14,0.16616120539038903,0.17666846078298432,-0.004015832410720371,-0.002789999999999987
2023-12-15,0.16686343402474296,0.17795778072124352,0.0031376807947405827,-0.04025900000000002
2023-12-18,0.16686850089281216,0.1718523157633249,0.0009188580162777515,0.021918999999999994
2023-12-19,0.16664959839340254,0.17120075294245393,0.000668293387565716,-0.06474300000000002
2023-12-20,0.16545610686682757,0.18267726373918164,0.012323392355104129,-0.050885000000000014
2023-12-21,0.1634982757528275,0.1844385961553187,0.006239407605598102,-0.019273999999999986
2023-12-22,0.16300799413208664,0.18066640038443404,0.0024356747312821725,-0.04852000000000001
2023-12-26,0.16324407766691623,0.18352871355232964,0.011274098858434195,-0.011909000000000003
2023-12-27,0.16371996667751043,0.17648835404716914,0.00014758434765943518,-0.083538
2023-12-28,0.164410877150101,0.1768068673526016,0.000333215409548393,-0.027439999999999992
2023-12-29,0.16514758707246105,0.17222378631172855,0.0007098044009394289,0.0032250000000000056
2024-01-02,0.1649915916039355,0.1734599450390742,0.004693745366010055,0.0034610000000000196
2024-01-03,0.16710541396491302,0.16686931872922603,-0.0013711548136039198,-0.030900999999999956
2024-01-04,0.16747789619297435,0.17338259925272315,0.008831373763558276,0.020253999999999994
2024-01-05,0.16645826036949338,0.17341035812089256,-0.0024312791559221725,0.013894000000000017
2024-01-08,0.16630992559565588,0.17369482138132558,-0.0031110072574343783,0.01785600000000001
2024-01-09,0.1667525979491557,0.17415060920447703,-0.0050267145436610206,0.024783
2024-01-10,0.16766837383265096,0.17149361983665096,-0.0036084465629946383,-0.0035129999999999884
2024-01-11,0.16861059395630623,0.17414574309079492,0.012002661860328612,-0.008789999999999992
2024-01-12,0.17064575536210677,0.1723814687780464,-0.005400827555077425,-0.03667000000000001
2024-01-16,0.1706274420526189,0.1775766821485587,0.03349359584059908,0.021856999999999988
2024-01-17,0.16887794326863823,0.178253408617091,0.026473579500459615,-0.019052000000000013
2024-01-18,0.16947570378781426,0.17918219400321525,0.0265464380611366,-0.08926699999999999
2024-01-19,0.16958627690508807,0.17985013279359663,0.028026900433357982,0.02942
2024-01-22,0.16909827205802438,0.18140094024369185,0.028025396558039817,0.009173999999999988
2024-01-23,0.17038102268066907,0.17728155010336263,0.019736280169259213,-0.07002699999999998
2024-01-24,0.17147203730306615,0.17968811724270348,0.024217699411531624,-0.0028790000000000204
2024-01-25,0.17308551850732393,0.18138318082578483,0.028637154759577704,-0.035744
2024-01-26,0.17291497386785087,0.17976209229909848,0.022324784787487145,-0.04501999999999998
2024-01-29,0.17273335329450348,0.18185156776533057,0.029026073275159908,-0.02087
2024-01-30,0.17353191271263457,0.18275072929665512,0.035659733213935174,-0.014764
2024-01-31,0.17469095951928307,0.18256076034040536,0.02920020815420618,-0.06412000000000001
2024-02-01,0.1745193799278447,0.17407561905581526,0.016813463467194006,-0.0068260000000000265
2024-02-02,0.17207425243894509,0.18329332509304624,0.009993784664476396,-0.034138
2024-02-05,0.17324564160617154,0.19257464413967448,0.02188690270094945,-0.11149100000000003
2024-02-06,0.17377069087257932,0.18829343124326486,0.023897918790974554,-0.07076699999999997
2024-02-07,0.17371050771193622,0.17870654826776974,0.022763347411153434,-0.08432999999999999
2024-02-08,0.17427349970996378,0.17690027954612733,0.01923994124726716,-0.044685999999999976
2024-02-09,0.1742715103929947,0.1799198354725017,0.015963457141056958,-0.07354499999999997
2024-02-12,0.17274756031594013,0.18823849155058123,0.02439086357090836,-0.05140700000000001
2024-02-13,0.1679971537544474,0.19333256928433604,0.01265398350538563,-0.08229
2024-02-14,0.16805403317612158,0.18244450297532094,0.0024951390000264584,-0.016020000000000006
2024-02-15,0.16242057909444452,0.17929048025268576,-0.0009893959488352089,-0.040033999999999986
2024-02-16,0.16319196793352347,0.17979887559743893,-0.0031605181068148636,-0.11450199999999996
2024-02-20,0.1587329264885018,0.17950508283567918,-0.012813572457811506,-0.08410399999999996
2024-02-21,0.1586806881516391,0.17794662560650212,-0.015386330241907165,-0.07660799999999998
2024-02-22,0.1579777089962299,0.17718639362337732,-0.01567077123219568,-0.09906500000000001
2024-02-23,0.15763168470034025,0.17555527311467986,-0.0231100190192145,-0.04137400000000002
2024-02-26,0.1570539326571648,0.18066328165241707,-0.0059327691948477534,-0.07826899999999998
2024-02-27,0.15758746838845863,0.17853646924382785,-0.009629585655452078,0.028071999999999986
2024-02-28,0.15773861501540046,0.1753382799891544,-0.020231278799261315,-0.07374200000000003
2024-02-29,0.15798955427386913,0.17985846540548378,-0.006381829290259239,-0.002899999999999958
2024-03-01,0.15801164576070656,0.17349901754781832,-0.01748898135255958,-0.07297300000000001
2024-03-04,0.15719491804455016,0.1784730850079935,-0.01531233545474664,0.0064629999999999965
2024-03-05,0.15497167244206117,0.17805008678803527,-0.005823732159858208,-0.043557999999999986
2024-03-06,0.15485310760264695,0.1794424916748196,0.0012294753449135776,0.04207899999999998
2024-03-07,0.1554360622263839,0.19014416940214812,0.008003601619516937,-0.01322899999999999
2024-03-08,0.15478592315052978,0.18714310850206556,0.0046602402888353545,0.0016239999999999588
2024-03-11,0.15471236312509942,0.17805292358352576,-0.0012040749587512722,0.03920299999999999
2024-03-12,0.15424605875600716,0.19041328397953014,0.0032785670720056614,0.004823999999999995
2024-03-13,0.15557121780000568,0.17315163128440317,-0.017675142414288886,0.025462000000000012
2024-03-14,0.15517000724827762,0.16630727025947611,-0.008379982195784869,-0.020762000000000003
2024-03-15,0.15461110979974702,0.1689084210405369,-0.004363248198680392,0.003828999999999999
2024-03-18,0.15543885143766395,0.1704239877500383,0.011831992629470156,-0.033634
2024-03-19,0.15404905702215865,0.16802006256807084,-0.00929465704561011,-0.0038830000000000253
2024-03-20,0.1549473989108211,0.1677044341308638,-0.006662681095425699,-0.018824000000000007
2024-03-21,0.15522151661379274,0.17232520250912564,0.01659026239458719,-0.025388999999999995
2024-03-22,0.15566009531805244,0.17222988728628247,0.01901393338467458,0.015157000000000004
2024-03-25,0.15635154772093882,0.17262212034624455,0.0361525590920688,-0.040073000000000025
2024-03-26,0.15689534896274537,0.172453047315475,0.03361876798734695,-0.041415000000000035
2024-03-27,0.1567834400359853,0.18576108601176958,0.048577981868918985,0.03553900000000004
2024-03-28,0.15668983533900088,0.17106854766922672,0.018892030608207572,0.010353000000000001
2024-04-01,0.1567368952758331,0.17158100578126628,0.010772057224154447,-0.007105000000000028
2024-04-02,0.15621655047045024,0.17194386079606316,0.017121858040423876,-0.0019559999999999855
2024-04-03,0.1560768882260162,0.17860823117312158,0.043622822717523574,-0.05522900000000003
2024-04-04,0.15454154346121693,0.1709058135574353,0.02888468372114822,-0.04328900000000002
2024-04-05,0.1536780947416457,0.17773890673884887,0.044151039398611786,0.015452999999999995
2024-04-08,0.1540515884223096,0.17314051168367697,0.031346375963576784,-0.047598
2024-04-09,0.1539818359273751,0.16865681674096228,0.008245416765787883,-0.024067000000000005
2024-04-10,0.15408314478163937,0.18963508881470015,0.06494330468604559,-0.018339999999999967
2024-04-11,0.153112085769707,0.17575987253335515,0.038569781460324915,-0.008628999999999998
2024-04-12,0.15155960835010107,0.1828845065182253,0.044028611537418244,-0.06543700000000002
2024-04-15,0.1492350068350044,0.1927436522530574,0.04981908816597003,-0.06297399999999997
2024-04-16,0.15143006319077768,0.18957788630252562,0.05334936941741317,-0.11945699999999998
2024-04-17,0.15060339382136392,0.1856026399749412,0.041203409377076144,-0.08555199999999999
2024-04-18,0.14926959712120283,0.17849479143632765,0.028059362743816124,0.00043399999999998995
2024-04-19,0.14865237775875115,0.17176282033977547,0.03070788043115219,0.04987800000000003
2024-04-22,0.14711974424349944,0.17332533748722592,0.02224768629373383,-0.017556000000000016
2024-04-23,0.14641138298775058,0.17633878447585155,0.02498501300438094,0.0012710000000000221
2024-04-24,0.14534048457771065,0.18177993846637258,0.021840527244690933,0.012477999999999989
2024-04-25,0.142648333107513,0.18038137244456026,0.001955693954301757,0.008294000000000024
2024-04-26,0.1427356114384393,0.18060217258203104,0.010419828009707893,0.013153000000000026
2024-04-29,0.14289715128582206,0.17767227324608853,-0.0006295952533678095,-0.0007510000000000017
2024-04-30,0.14260252550854996,0.17613009632225318,-0.0012547348159373806,-0.047765999999999975
2024-05-01,0.14740840818804193,0.17319031286830808,-0.008599213122701954,-0.04286699999999999
2024-05-02,0.15240954995297934,0.17375789925025872,-0.03358864319439053,-0.025623000000000007
2024-05-03,0.15629602197414105,0.17395975285520732,-0.0256345993431058,-0.008862999999999954
2024-05-06,0.15571890678847564,0.1736144222684534,-0.008506717913423001,-0.04595100000000002
2024-05-07,0.15583673159485537,0.18155444962962924,0.005895354136542352,-0.006915999999999978
2024-05-08,0.15614996384783672,0.17879982748283998,-0.0026196263178210333,-0.06197200000000003
2024-05-09,0.1563372769421098,0.1771287642620433,-0.016752026451494817,0.028104000000000018
2024-05-10,0.1562857627994836,0.17775155021266228,-0.026384929841696603,0.006887000000000032
2024-05-13,0.15657744224359293,0.1785197802208958,-0.01511634803206341,0.022408999999999957
2024-05-14,0.1570992447473627,0.17672585377606687,0.008994303110985785,-0.025646999999999975
2024-05-15,0.15711812586167712,0.1785421142528088,0.014378369805524066,0.04577199999999998
2024-05-16,0.15775763528263345,0.1746812404435101,-0.010105245003674324,0.02552399999999999
2024-05-17,0.15641741272141355,0.16933777425357316,-0.023454241386282243,0.003012999999999988
2024-05-20,0.15680671682173955,0.1693778188737834,-0.008796616786185513,-0.011129
2024-05-21,0.1566653970325494,0.16747933550039368,-0.019116244888287143,-0.020532999999999968
2024-05-22,0.1569321807137419,0.16957303877147592,-0.0024954808371754345,-0.04784700000000003
2024-05-23,0.15684712124831415,0.16721033040566408,0.012697246138084761,-0.04416700000000001
2024-05-24,0.15695608131311448,0.15828544317893944,0.003452244216896494,-0.022648
2024-05-28,0.1564126643787681,0.15976677880689313,0.017397756344294135,-0.021145999999999998
2024-05-29,0.1570085553971595,0.16111322005992668,0.03551759093335785,-0.06165299999999996
2024-05-30,0.15659784003576677,0.15866338904610308,0.022262508808498394,-0.044735000000000025
2024-05-31,0.15528409450311947,0.15942255964980498,0.023165055186016054,0.027210000000000012
2024-06-03,0.15703379251852695,0.16048010192654238,0.03002272643742862,0.02823399999999998
2024-06-04,0.15821432173309977,0.16037108354326843,0.025309549342960758,0.03958600000000001
2024-06-05,0.1587299397221157,0.16419702744105835,0.047242694689527076,0.010823000000000027
2024-06-06,0.15892283608066612,0.16881815423089588,0.06050764381046683,-0.019616999999999996
2024-06-07,0.15879263322391415,0.16426855416372899,0.041985524882362985,-0.022494999999999987
2024-06-10,0.1583164839635406,0.1624481053374356,0.033261279721391396,-0.0013979999999999548
2024-06-11,0.15837168582629266,0.1641223146963396,0.04205414510807856,-0.0010960000000000136
2024-06-12,0.15714387531126786,0.1644372804267109,0.04635065996179344,-0.005972000000000033
2024-06-13,0.15675387486945566,0.16495816312405612,0.03920977199287201,-0.025219999999999965
2024-06-14,0.1563267757621481,0.16141845176900016,0.027194572660437677,-0.03141000000000005
2024-06-17,0.15544957505660276,0.16960178162863163,0.03955498368296251,-0.026875999999999955
2024-06-18,0.15605841496273581,0.16535519203073953,0.04612090213777548,-0.048846
2024-06-20,0.1552164280476831,0.16828827655175477,0.03241031042476894,-0.03129599999999999
2024-06-21,0.15625188143361365,0.16272845799009691,0.01854938426688782,-0.04283899999999996
2024-06-24,0.15597805358050046,0.16228290074066418,0.028889436967635906,0.0020580000000000043
2024-06-25,0.15629138277174073,0.16786683737850397,0.017573081383756517,-0.025795999999999986
2024-06-26,0.15712504343504238,0.17494255976495685,0.045510565127527186,-0.03683799999999998
2024-06-27,0.15719145927396772,0.16732384651697058,0.01524316765502437,-0.060377000000000014
2024-06-28,0.1569339799514725,0.1708000504632409,0.02213189962034512,0.011641999999999986
2024-07-01,0.15630171629035736,0.17895674157914931,0.05008661366757303,-0.022511999999999976
2024-07-02,0.15792097076736075,0.17742626883608645,0.06532690099420288,-0.01996300000000001
