date,y_true,y_pred,vrp_wedge,put_call_skew_30d
2013-11-12,0.1802857757894413,0.18359556189226425,0.12036899308638888,0.03232600000000002
2013-11-13,0.1804797665287389,0.18319238832595863,0.12212121494149766,0.031237999999999988
2013-11-14,0.18014441947699383,0.18111701861357363,0.12109066587546044,0.033353999999999995
2013-11-15,0.18250568592472827,0.18107055581913575,0.1206147596305194,0.03331300000000004
2013-11-18,0.1824486896102608,0.18115806216725874,0.12119364244401304,0.030913999999999997
2013-11-19,0.1824498276853727,0.18342575654317692,0.1289606893982167,0.030258000000000007
2013-11-20,0.1838357610526741,0.1834880509394553,0.12839220356043896,0.031849000000000016
2013-11-21,0.18397497995287027,0.18339982386407247,0.1375331815581823,0.03000499999999995
2013-11-22,0.18532123308578793,0.18361298693976122,0.13967905040474649,0.03057500000000002
2013-11-25,0.18687349205586284,0.18363141927723994,0.15126184650828972,0.023563
2013-11-26,0.19559337714150304,0.18364119307250362,0.1535984591307143,0.028492000000000017
2013-11-27,0.19650748644829558,0.18373333709206152,0.15420446395715942,0.02621499999999999
2013-11-29,0.19652381184316492,0.183722271665232,0.1674049616540017,0.026682999999999957
2013-12-02,0.1965160510269525,0.18370196797508143,0.14737606626770008,0.026745999999999992
2013-12-03,0.19617692397913347,0.18367286625288276,0.1476340462564937,0.02261200000000002
2013-12-04,0.19608619527153945,0.18369368234208053,0.1396787039611735,0.029518999999999962
2013-12-05,0.19550700963802334,0.18358731543107282,0.13351654060859802,0.02807700000000002
2013-12-06,0.19677515403025422,0.18367033084608658,0.12569458497223462,0.032028999999999974
2013-12-09,0.19719154926510263,0.18356398603918514,0.13575050617943848,0.03473700000000002
2013-12-10,0.1999638471432558,0.1836163543548338,0.12740841628628477,0.028737999999999986
2013-12-11,0.19926413721512068,0.18369368234208053,0.14082493335858778,0.026885999999999965
2013-12-12,0.20053792658890487,0.18369368234208053,0.14292445166136503,0.032052000000000025
2013-12-13,0.20297796845162813,0.1833484038761651,0.05215804780553607,0.017988000000000004
2013-12-16,0.20653185260506096,0.18345044201384125,0.05882988605659453,0.014727999999999991
2013-12-17,0.20681020883395373,0.18347984714638735,0.052974253478659666,0.014721000000000012
2013-12-18,0.20497872569863954,0.19241271200738103,0.02885973836035513,0.015417999999999987
2013-12-19,0.20895467746772298,0.19109295072575122,0.032695098418655116,0.01821600000000001
2013-12-20,0.21035121592877093,0.18998602594736894,0.013886303536511796,0.014624999999999999
2013-12-23,0.21247278822325727,0.18998137150145522,0.011910377473548922,0.015383000000000008
2013-12-24,0.2163565051158595,0.18992764925690694,0.009525406119546637,0.01624400000000001
2013-12-26,0.21831357660188175,0.1897204203873536,0.014979198863122406,0.01322100000000001
2013-12-27,0.21898452997632314,0.18980390625691715,0.010429596735350266,0.017036999999999997
2013-12-30,0.2192266922529688,0.18959203999277668,0.012919176036177538,0.018840999999999997
2013-12-31,0.22035189668584299,0.189551977388074,0.018000642736938216,0.022493999999999986
2014-01-02,0.2243023087369065,0.19005063216259863,0.027319513494086706,0.019899
2014-01-03,0.22543826421576968,0.18991911704061487,0.025992936434916764,0.019463000000000008
2014-01-06,0.22718607987722883,0.19233767824975004,0.03729122284835984,0.017462000000000005
2014-01-07,0.2302800284312856,0.19261314562268067,0.028471347110234302,0.021299999999999986
2014-01-08,0.232704163231958,0.19249940507115695,0.027149501360793693,0.01963899999999999
2014-01-09,0.23506397170844773,0.19257636845014567,0.026070479512856876,0.019253999999999993
2014-01-10,0.23780985528389062,0.19183214841866203,0.022026898262060918,0.018768000000000007
2014-01-13,0.23830640694715263,0.19251357417082549,0.02908042441744446,0.021891999999999995
2014-01-14,0.2399130959267636,0.19155305524627148,0.02441662257010757,0.016708
2014-01-15,0.23937470234743968,0.19060650325631215,0.03197005931589156,0.015584000000000015
2014-01-16,0.24087319126532755,0.19046325775123554,0.049505608137113716,0.009640999999999983
2014-01-17,0.24101943985486327,0.19063567452813818,0.046579533748550755,0.01483799999999999
2014-01-21,0.24089546513755372,0.19072108068244226,0.06553762366422383,0.014734999999999998
2014-01-22,0.2407586449774661,0.19016991875716185,0.07085819697348489,-0.00867699999999999
2014-01-23,0.24162275162087488,0.18990060828777938,0.06016897468918306,0.01966799999999999
2014-01-24,0.24171398299890134,0.19227214178660293,0.08007216165187347,0.007939000000000002
2014-01-27,0.2459546662755286,0.22168347037729572,0.09855386066642749,0.011020999999999975
2014-01-28,0.24524676734869488,0.22191127812083064,0.07264570691460298,0.009822999999999998
2014-01-29,0.24498461285779669,0.21864044237756172,0.09357722559426657,0.020450999999999997
2014-01-30,0.24688429510102058,0.198627844062102,0.07679225339791615,0.005912000000000001
2014-01-31,0.24620562108695998,0.20216293917425937,0.08591476661419883,0.007365999999999984
2014-02-03,0.243867934322328,0.20417043310707678,0.1182721546634804,0.035404999999999964
2014-02-04,0.24205743442646874,0.20030570666108719,0.09752106965708038,0.025460000000000038
2014-02-05,0.24734040921902273,0.19991980817917535,0.10851205330436925,0.029962000000000044
2014-02-06,0.25445724079548554,0.20010053040850978,0.10437570332841453,0.02965100000000004
2014-02-07,0.25415092792757454,0.20228531434310898,0.09095467328065046,0.027944000000000024
2014-02-10,0.25448244533580155,0.20495391262031895,0.09298934130068831,0.029351000000000016
2014-02-11,0.25399565547917335,0.20813429110884604,0.09093006963548209,0.029012999999999955
2014-02-12,0.2549406455965222,0.20897823845997826,0.0914412160569417,0.02779499999999996
2014-02-13,0.25549964549085646,0.2084139760458791,0.10189229695297186,0.02401000000000003
2014-02-14,0.256587642994083,0.20967938525903834,0.12111762131149029,-0.011377000000000026
2014-02-18,0.25742758788472797,0.2094194352029552,0.11356396990352047,0.020755000000000023
2014-02-19,0.2559563925481603,0.2104804320240553,0.10187421260762955,0.02304600000000001
2014-02-20,0.25610139659131237,0.2143173805753079,0.10326429241675475,0.018761000000000028
2014-02-21,0.2573509931921588,0.21495606401212936,0.10201647425075852,0.012135000000000007
2014-02-24,0.2579167822546695,0.2158636440317084,0.11573929649709663,-0.003495999999999999
2014-02-25,0.2576034091512836,0.21710456846004375,0.09736499668523857,0.006610000000000005
2014-02-26,0.25638895646037085,0.217972447122722,0.09470426209052243,-0.0014840000000000408
2014-02-27,0.2553410342801181,0.2154087524665143,0.10543476005930408,-0.0018460000000000143
2014-02-28,0.24945982433585498,0.21726170170942166,0.10287899946000784,-0.015712000000000004
2014-03-03,0.2503739591662148,0.21714367718507235,0.09212604906941849,-0.0020609999999999795
2014-03-04,0.25103754057062394,0.23418575556271418,0.08749932139131192,-0.0002889999999999837
2014-03-05,0.2520125701505009,0.2335353544877347,0.08758391064917787,0.004225000000000034
2014-03-06,0.2534872380335687,0.23222758217207376,0.11167917455763629,0.0042460000000000275
2014-03-07,0.25407475265874846,0.23234243910503946,0.11235977049487889,0.0033809999999999674
2014-03-10,0.2532534583629942,0.23260346072223212,0.11169800127997029,0.008799000000000001
2014-03-11,0.25245738320559374,0.2332210537999798,0.11353985609376058,0.009753000000000012
2014-03-12,0.2519478080913041,0.23284642720438273,0.11250886036942465,0.012226000000000015
2014-03-13,0.24996896833821128,0.23395297743162327,0.11522358802723306,0.014921000000000018
2014-03-14,0.24996889953362506,0.2337770165306264,0.11821864568449728,0.009664000000000006
2014-03-17,0.2487542474275048,0.2331142751408659,0.11589443587301035,0.013636000000000037
2014-03-18,0.2440620553919785,0.232384778152006,0.07153873549086937,-0.0016439999999999788
2014-03-19,0.2427919405720685,0.23241956249148246,-0.0041390625483278265,0.01385100000000003
2014-03-20,0.24236331335626124,0.23086383638475577,-0.006211858011690025,0.011980999999999992
2014-03-21,0.240939614754449,0.23283250423074156,-0.027399755897757005,0.0012859999999999816
2014-03-24,0.237403477789162,0.23488816580209423,-0.039759105136733836,0.007931999999999995
2014-03-25,0.23544854637286805,0.23275710853803988,-0.039800920718451926,0.005523
2014-03-26,0.23320228487274997,0.2377977603409739,-0.0380763583675906,0.0071089999999999764
2014-03-27,0.2295481542324431,0.23739454899879267,-0.04655095099931836,0.013049000000000005
2014-03-28,0.22796981368319413,0.23638857317665174,-0.05345793603919735,0.017658000000000007
2014-03-31,0.22726282337296366,0.23361184877916377,-0.024681989544512173,0.017401
2014-04-01,0.23006188200952798,0.23475148348303615,-0.017273389117257287,0.012570999999999999
2014-04-02,0.229232312094365,0.23417074609653188,-0.019116266514930758,0.019157000000000007
2014-04-03,0.22561292903658162,0.2343606486915094,-0.011668220063252854,0.020457999999999976
2014-04-04,0.22455678540482227,0.23986166657562993,-0.010824242600903533,0.023036
2014-04-07,0.22409232309430854,0.23830672458464253,0.003250020882821947,0.01960099999999998
2014-04-08,0.22063944107086408,0.2329639086571451,0.0064086159422469535,0.019643999999999995
2014-04-09,0.2189951623767806,0.22969393069691837,-0.005449929707870227,0.021658999999999984
2014-04-10,0.21714307595449295,0.23181527988828007,0.012741406053173532,0.017774999999999985
2014-04-11,0.21403981975169714,0.232634577677725,0.01506072144886289,0.019291000000000003
2014-04-14,0.21372894602877568,0.23444034883285111,0.007034510157027496,0.020345000000000002
2014-04-15,0.21045290803646258,0.23132772743963284,-0.0004084653788538062,0.019809999999999994
2014-04-16,0.2109168167105771,0.23222292902822697,0.00025983749094898867,0.01434000000000002
2014-04-17,0.20964941656740624,0.23155500377778884,-0.008239142953354872,0.010866000000000042
2014-04-21,0.20940730575157868,0.2291956515461315,-0.007727590343185153,0.014083999999999985
2014-04-22,0.20921352181568956,0.22916933923000166,-0.020036650718885024,0.020681000000000033
2014-04-23,0.2094847849263807,0.22913392190414306,-0.0059708426622448185,0.015479999999999966
2014-04-24,0.20725259160967296,0.2292590613739082,0.0022277605132106637,0.023155000000000037
2014-04-25,0.20698567563607662,0.2311863046669559,0.013126855760347972,0.021496000000000015
2014-04-28,0.20173094674311448,0.23258647047398748,0.043094275430829554,0.01953699999999997
2014-04-29,0.20124436271555618,0.23298924715251484,0.04609895124153654,0.024314000000000002
2014-04-30,0.2012891956735132,0.2419014993981837,0.07424852129423415,0.019801000000000013
2014-05-01,0.20110156209519467,0.21670192281545586,0.05577989204523143,0.023187000000000013
2014-05-02,0.20122115384187436,0.22803966517801152,0.051402871382290605,0.022442000000000017
2014-05-05,0.20048966916690591,0.23018614924958425,0.0550142828923397,0.028571999999999986
2014-05-06,0.19935153092790964,0.23136559692338132,0.05362237132392372,0.02329600000000004
2014-05-07,0.19129871879932817,0.23598315927891916,0.05194862076258283,0.023614000000000024
2014-05-08,0.18207326647705924,0.23531330228682806,0.03289591769221778,0.026596999999999982
2014-05-09,0.17987721174114646,0.23471991826421756,0.03293829350924038,0.027000999999999997
2014-05-12,0.1790556618423296,0.23367079403946683,0.03286777483829806,0.026571999999999985
2014-05-13,0.1787188713533911,0.23467251693242702,0.03635356861709915,0.022195999999999994
2014-05-14,0.1793901750734509,0.20014205689601028,0.024905267209649085,0.025090999999999974
2014-05-15,0.1769542430518513,0.20054862757623246,0.03952517413265605,0.016419000000000017
2014-05-16,0.17480045752659037,0.20160684893768585,0.02337057391559688,0.020431000000000032
2014-05-19,0.17231294550308884,0.2018483823570866,0.018908673582591684,0.017668000000000017
2014-05-20,0.17127337770912968,0.20204952418394662,0.01804046647202362,0.027698
2014-05-21,0.17126003552615995,0.20240287954590802,0.015779713712266552,0.021199999999999997
2014-05-22,0.169460169952599,0.20461110878996625,0.013016400639085102,0.027049000000000045
2014-05-23,0.16719506054159902,0.20489297869683223,0.0071346717406067794,0.025720999999999994
2014-05-27,0.16719567131901739,0.21153045319651811,0.022724854874497213,0.02308199999999999
2014-05-28,0.16750251457737467,0.2118539508800519,0.04272869058272169,0.021491000000000038
2014-05-29,0.16728097795859775,0.21198387666737806,0.040219581915355185,0.02524299999999996
2014-05-30,0.1661861315687701,0.21125913160401288,0.03885186605187696,0.025495999999999963
2014-06-02,0.1640499081546893,0.21078398663058365,0.03898356751312984,0.03224699999999997
2014-06-03,0.16331435756167773,0.21011002449224653,0.03236894025824261,0.03312699999999996
2014-06-04,0.1622380867124992,0.21000704354933108,0.020520575378726896,0.02973500000000001
2014-06-05,0.16056337452277164,0.21002343033981732,0.016622164668843864,0.027146999999999977
2014-06-06,0.158080007424328,0.21135105710779242,0.03414474644069196,0.023266999999999982
2014-06-09,0.15765720586357299,0.21583175957967937,0.06363740692809369,0.025197999999999998
2014-06-10,0.15757524444087034,0.21655325742553536,0.07316510862154235,0.024401000000000006
2014-06-11,0.15791990560429464,0.21851911220463488,0.08250430547640711,0.025727
2014-06-12,0.15705221494407928,0.2176033296474596,0.08149868581050346,0.025331999999999966
2014-06-13,0.15799616746829603,0.21755072730868466,0.09557408481136231,0.025536000000000003
2014-06-16,0.1595751854133727,0.22126059862367445,0.12022199860641003,0.007763999999999993
2014-06-17,0.1613007610945528,0.22186645281118358,0.13680047612242036,-0.0019710000000000005
2014-06-18,0.15845908118425975,0.21151749649115317,0.03467431138166155,0.0069120000000000015
2014-06-19,0.1574982658668809,0.17701458871216816,0.02482452016429193,0.010968999999999979
2014-06-20,0.16050670058942834,0.17920650467456054,0.019193969529567312,0.009728999999999988
2014-06-23,0.1622581642167308,0.18237603861110496,0.018766750291998285,0.012450000000000017
2014-06-24,0.16265970520587233,0.18271392754816565,0.022259226995180487,0.012751999999999986
2014-06-25,0.16416261622367567,0.18306880452022173,0.022431335111349787,0.016408000000000006
2014-06-26,0.16528958857697001,0.18362571095754787,0.021719106261761878,0.01525499999999999
2014-06-27,0.1650161881765422,0.1833286139998478,0.01840803773769123,0.013775999999999983
2014-06-30,0.16681675096719975,0.18430703281540972,0.03237300095478998,0.01832499999999998
2014-07-01,0.1632085099720122,0.1833854362038986,0.0363234835570766,0.01158300000000001
2014-07-02,0.16362913489304706,0.1830843182850547,0.033730269200386825,0.014509999999999995
2014-07-03,0.16652672820543052,0.18504109457376325,0.03681114219938292,0.015200999999999992
2014-07-07,0.16670930159451525,0.18356163319443264,0.045969223017678085,0.00994500000000001
2014-07-08,0.16551045766626374,0.18365031559439798,0.05374347174326444,0.012125999999999998
2014-07-09,0.16656671772860024,0.18447971155766577,0.05140366456053233,0.018653999999999976
2014-07-10,0.1698156279029705,0.18488099344220985,0.04908913628176362,0.01924199999999998
2014-07-11,0.1711743248748331,0.1842561579959747,0.044620686618675465,0.023288000000000003
2014-07-14,0.17321185753844806,0.1843119576896718,0.04555551599002558,0.020669999999999994
2014-07-15,0.1746123630265709,0.18447973518729396,0.03553424058902868,0.01886600000000002
2014-07-16,0.17610760266234227,0.18405986454734305,0.03645292268352521,0.015721999999999986
2014-07-17,0.19293137701890203,0.18458438415501568,0.04129476983413474,0.00819800000000001
2014-07-18,0.1988996782505827,0.18449713907536258,0.056334215942345,0.006716
2014-07-21,0.20056512276719338,0.1841502825982543,0.05395811876437284,0.014332000000000011
2014-07-22,0.2008830111583265,0.18388266093057545,0.0476057770049719,0.016711000000000004
2014-07-23,0.20247294279495012,0.1843092442683184,0.04191614879313993,0.01749300000000001
2014-07-24,0.20333353642048757,0.18457759638734195,0.04690713083584663,0.010076000000000002
2014-07-25,0.20418716339466925,0.18895484391040526,0.034468751536856135,0.019796000000000008
2014-07-28,0.2052739972321941,0.18539768262987366,0.05903758180957869,0.026151000000000008
2014-07-29,0.20559415337061104,0.19076775895779335,0.07108897331846642,0.014379000000000003
2014-07-30,0.2055695023339472,0.18994014151333338,0.08299521239626725,0.017284999999999995
2014-07-31,0.20416685701731138,0.18618667912153838,0.11293152599225806,0.025260000000000005
2014-08-01,0.20362793638870105,0.1870448714518664,0.1153169638122803,0.030709000000000042
2014-08-04,0.20376104458656663,0.1881035535529774,0.11776307399313773,0.03240200000000004
2014-08-05,0.20285267864473927,0.18808697148794737,0.11890752548903807,0.032667999999999975
2014-08-06,0.20315022124864848,0.1884139192427959,0.1294886773002753,0.03131199999999995
2014-08-07,0.2031959534516829,0.18889051929401282,0.1316155975138449,0.033503000000000005
2014-08-08,0.20317832261707883,0.18949920687179211,0.12798676706366174,0.03296899999999997
2014-08-11,0.20297426818891157,0.1891866294447127,0.12213546383400786,0.03250900000000001
2014-08-12,0.20298823341094543,0.18967574222575406,0.11832218270595016,0.03307100000000002
2014-08-13,0.2009991015725021,0.18830094692989732,0.10552739087659069,0.03328700000000001
2014-08-14,0.20099641626387563,0.1886153428457086,0.10297878196329119,0.030218999999999996
2014-08-15,0.20030465046605492,0.18818865423770573,0.10175938792322209,0.031862
2014-08-18,0.2004494863937253,0.19094814266922422,0.10049310606089612,0.031834
2014-08-19,0.201244799447951,0.18966359093516985,0.09711663256171899,0.03112200000000001
2014-08-20,0.2009147637108696,0.18677404828099783,0.09829378518318163,0.028867999999999977
2014-08-21,0.2004974653077898,0.18725413677332403,0.10244375703558645,0.03204699999999999
2014-08-22,0.2002530234504236,0.1866713914473559,0.10714899958051155,0.027032
2014-08-25,0.20115471645390295,0.18673355434088793,0.11284134208444971,0.030510000000000037
2014-08-26,0.2012515611160225,0.1848601567236177,0.11419318356486532,0.026963999999999988
2014-08-27,0.2019474627990547,0.19145681300856413,0.11408652938262417,0.02986300000000003
2014-08-28,0.20215349578167707,0.20790705981937405,0.11823266945030042,0.028032
2014-08-29,0.20249118298783383,0.19919636187040066,0.12493308343436427,0.028108000000000022
2014-09-02,0.20248496978876954,0.20255629233746109,0.11707821843016267,0.026283999999999974
2014-09-03,0.2024529730897805,0.20352058567280054,0.11579361371463606,0.027462000000000014
2014-09-04,0.20201723558167142,0.20363037205240855,0.12022781888518275,0.027968999999999994
2014-09-05,0.2023752664262848,0.2026697509166455,0.11851022594703531,0.02935299999999999
2014-09-08,0.20238515087243567,0.20271998156421267,0.12784426222579162,0.03176599999999999
2014-09-09,0.20315094483369847,0.20246908070424754,0.13388568796698094,0.028003
2014-09-10,0.20327128891585636,0.20258630406168665,0.13650889307549952,0.030154999999999987
2014-09-11,0.20543179304657097,0.20544581983576424,0.14145716285852014,0.031525000000000025
2014-09-12,0.20623261298067036,0.21068186969317157,0.1600554397884087,0.026322000000000012
2014-09-15,0.21398969116834554,0.21092486445931022,0.16115929735499196,0.03115599999999996
2014-09-16,0.21601228300287995,0.21805378670890718,0.18518555192309286,0.015791
2014-09-17,0.21442727004857512,0.21701626471980953,0.06834397234208542,0.018672000000000022
2014-09-18,0.21713112728910722,0.20387295137801364,0.058018638095315045,0.018680999999999975
2014-09-19,0.21527833342894176,0.2150791613901223,0.04030843787042224,0.012400999999999995
2014-09-22,0.21441304787242993,0.20692242338601682,0.04092177513509934,0.012011999999999995
2014-09-23,0.2137253575763242,0.20980906569025093,0.050699943957567994,0.008398000000000017
2014-09-24,0.21260401973865797,0.21065771501737635,0.03577201585402465,0.008294999999999997
2014-09-25,0.21159823618098497,0.20942749700192065,0.04662736843354906,0.007401999999999992
2014-09-26,0.21163791011033495,0.20776650017342568,0.04507557664088241,0.012086999999999987
2014-09-29,0.20983162911124362,0.20738051535452773,0.021556837018587655,0.005587000000000009
2014-09-30,0.209848624354189,0.20721881237030834,0.03185944665703855,0.002460999999999991
2014-10-01,0.21097227252028297,0.20751863474491763,0.046992686106795495,0.01302600000000001
2014-10-02,0.20948614123019432,0.2075449235102051,0.04077429390692472,0.016369000000000022
2014-10-03,0.2094534564874777,0.20886574959269164,0.043909526842245195,0.016887999999999986
2014-10-06,0.2114033083751861,0.21703158256719834,0.045298343716233924,0.025505
2014-10-07,0.21067001777683705,0.2148977209062798,0.05137787146909184,0.02310000000000001
2014-10-08,0.20740623602229927,0.21356798417447503,0.031929818943136484,0.02690400000000001
2014-10-09,0.2059629165516477,0.21368332670514428,0.049792783318791306,0.029330999999999996
2014-10-10,0.2051692496256765,0.2190368517659084,0.07812847507456902,0.028770000000000018
2014-10-13,0.2099659624069732,0.21914800157131517,0.09465678851909312,0.036936000000000024
2014-10-14,0.2102869287055522,0.21960959983038272,0.09253266378465172,0.03839300000000001
2014-10-15,0.1950207024103706,0.21623687181688447,0.07461062292062193,0.04112199999999999
2014-10-16,0.1888467462855042,0.21502404066379163,0.0625135521238595,0.04715499999999995
2014-10-17,0.1883961078750449,0.2118448251694558,0.029858313730435515,0.04096900000000003
2014-10-20,0.18951728984861596,0.20886070197784248,0.006168033583979604,0.04372100000000001
2014-10-21,0.19242349687470436,0.20970583074536628,-0.010114441022912868,0.04112100000000002
2014-10-22,0.1926519232640286,0.20841612771631285,0.002780200001897215,0.034412
2014-10-23,0.1930465248793246,0.20935404808738714,-0.010703579600074842,0.03981900000000002
2014-10-24,0.19224407704221674,0.2096991437777926,-0.02660585741368174,0.029130000000000017
2014-10-27,0.19294590316757199,0.20970872311710903,-0.014989176965084283,0.031919999999999976
2014-10-28,0.19398092574960052,0.2095149007717887,-0.017942450724005993,0.03373599999999999
2014-10-29,0.19373496826590828,0.210540767025727,-0.017201271092644188,0.03360900000000003
2014-10-30,0.19765882041396532,0.20880359412984204,-0.013028423958049484,0.03178600000000001
2014-10-31,0.19752435306147872,0.2101804609199933,-0.01828954431602048,0.03590099999999999
2014-11-03,0.1976441004638289,0.2092189000783908,0.008535908541671855,0.04430400000000001
2014-11-04,0.1971847518561815,0.21365403643935904,0.02650651123413167,0.04287000000000002
2014-11-05,0.19740461612761373,0.21751591384528568,0.029287129597124706,0.040783000000000014
2014-11-06,0.19742920305130063,0.21708092161503456,0.03528572115162065,0.04075099999999998
2014-11-07,0.19804804547390312,0.2163153671147102,0.03978466507478037,0.04025299999999998
2014-11-10,0.19794594681244956,0.20384343068454377,0.04423750262009493,0.041858000000000006
2014-11-11,0.1988273259849208,0.20611288158157742,0.04876592374560998,0.03942799999999996
2014-11-12,0.20002807934139366,0.20647072203004277,0.05604405356530395,0.03900199999999998
2014-11-13,0.20000428328067557,0.20677830341761064,0.09902389470323933,0.041464
2014-11-14,0.200523195325739,0.20689754459454232,0.12015665021658986,0.039437
2014-11-17,0.19979789345415325,0.20679266297606827,0.13769884037752292,0.041906
2014-11-18,0.20016391739003978,0.2066858838964635,0.13593466840933682,0.043516
2014-11-19,0.20026000249427575,0.20716734283125252,0.14995556867083884,0.03670300000000004
2014-11-20,0.20065639836730903,0.2071189751091394,0.1574776846674779,0.03551399999999999
2014-11-21,0.19989310539204752,0.20646633173806883,0.1426381058289573,0.04027900000000001
2014-11-24,0.19993249789513357,0.20678502982374825,0.15217856574537147,0.04414600000000002
2014-11-25,0.20019600582024516,0.20724404715883343,0.1556025115735155,0.034397999999999984
2014-11-26,0.1999367023894423,0.21477731738106723,0.18620852481840852,0.01151000000000002
2014-11-28,0.19970695675983194,0.21135351043844797,0.1600486599657314,0.056486000000000036
2014-12-01,0.2005710900439013,0.20807947959512912,0.1729764171728375,0.039046000000000025
2014-12-02,0.20096164169430164,0.20479743699873437,0.14579758559451814,0.042605000000000004
2014-12-03,0.20205827551503322,0.20453538162977652,0.14349915159818125,0.03892199999999996
2014-12-04,0.20193551163791423,0.2072918689299304,0.13986329660553673,0.04255399999999998
2014-12-05,0.20202754374399387,0.20716762727167873,0.14752528609170007,0.042238
2014-12-08,0.20181875663744528,0.20643063575929116,0.15640405680902708,0.042596999999999996
2014-12-09,0.20170582423758698,0.20484658858795876,0.16053237984211433,0.042318999999999996
2014-12-10,0.2006269602448224,0.20750075722268718,0.17180393494288104,0.04386099999999998
2014-12-11,0.19901915280033933,0.20627038046249396,0.16818835903014875,0.03802699999999998
2014-12-12,0.18911032592387353,0.2095515570876068,0.07250056528750407,0.032694
2014-12-15,0.1939523647879305,0.20917865515381998,0.0862810573247157,0.038041999999999965
2014-12-16,0.19560011366801675,0.20188909227957672,0.07936279169294627,0.030606999999999995
2014-12-17,0.19277334610690688,0.20139240412811962,0.050155232551868045,0.036075000000000024
2014-12-18,0.1925687036524701,0.19873722301678828,0.026630597392737626,0.033151000000000014
2014-12-19,0.19200998729298993,0.20011042295833256,0.019761374284876898,0.02948299999999998
2014-12-22,0.1931340863692814,0.19990045782788013,0.00442736246081421,0.028647000000000006
2014-12-23,0.1939947361667314,0.20156861316965816,0.005940878623449691,0.022467000000000015
2014-12-24,0.19427243924996662,0.20258959884154762,0.00263042746495476,0.027764999999999984
2014-12-26,0.19430306185946858,0.1998255475398898,0.001953320211742743,0.028600999999999988
2014-12-29,0.19621251175026136,0.20113720832503437,0.015763693906824777,0.029725999999999975
2014-12-30,0.19771810873987444,0.20121097721138365,0.022485529017705397,0.02928899999999998
2014-12-31,0.19778108546902157,0.20135411449904744,0.02324688454214846,0.026664999999999994
2015-01-02,0.19857940866493223,0.201657582700542,0.015737163191465536,0.033291000000000015
2015-01-05,0.19875697821188523,0.2014364950970735,0.030171030168082535,0.033797999999999995
2015-01-06,0.19665721060194266,0.20545071153392205,0.03058523764691684,0.03779599999999997
2015-01-07,0.19678847721157483,0.2017623259152527,0.019008311430368408,0.037062999999999985
2015-01-08,0.1958407935820924,0.2016924648595979,0.006247479841085785,0.032983999999999986
2015-01-09,0.19543463677556397,0.201249690068817,0.00640203344000137,0.03375
2015-01-12,0.19483592939801814,0.20119059597123853,0.01870195116986295,0.03331199999999998
2015-01-13,0.18734136405439006,0.20182046887739313,0.004137788115208929,0.03336900000000001
2015-01-14,0.18540855184394198,0.19950707997816974,0.02996335135476111,0.035368999999999984
2015-01-15,0.18632015246241196,0.2025054290265959,0.05183601325011247,0.029405000000000014
2015-01-16,0.1857426175967859,0.20187125573192935,0.033191528390641906,0.026475
2015-01-20,0.18406431995675018,0.20136453520165637,0.03190417016262795,0.036666000000000004
2015-01-21,0.1819461812246775,0.20217002983909083,0.03266907505138619,0.028069999999999984
2015-01-22,0.17749815355414833,0.20098998618517078,0.005804764467826046,0.02732800000000002
2015-01-23,0.1777377922479117,0.1921314810544085,-0.014704140746894995,0.028173000000000004
2015-01-26,0.17618869365461048,0.19316476834762586,0.001951974043620408,0.028110999999999997
2015-01-27,0.17574315763188847,0.19441301923925564,0.014341122024420033,0.02731799999999998
2015-01-28,0.17598134431686505,0.19607153715896367,0.03764805856751541,0.022872999999999977
2015-01-29,0.17707899738562177,0.1944282401894938,0.019190845094657766,0.03296100000000002
2015-01-30,0.17637646261546897,0.19556034521041996,0.036261496629198864,0.034963999999999995
2015-02-02,0.1724191341659776,0.19546620032332696,0.05206633301539251,0.044594999999999996
2015-02-03,0.17217411528955953,0.19531555933671152,0.04236551606125205,0.04057099999999997
2015-02-04,0.1736726226649239,0.1952926265476932,0.04688092703365154,0.044984000000000024
2015-02-05,0.17357974246493765,0.19651644514648936,0.051487763300318484,0.04180099999999998
2015-02-06,0.17320561008158575,0.19756972641583992,0.0518770702792096,0.04550499999999996
2015-02-09,0.17370205414163603,0.19799887959218576,0.06494427704435288,0.039771
2015-02-10,0.17492447115561027,0.19778665954788607,0.057082060287833414,0.041403999999999996
2015-02-11,0.17499195424426292,0.19759336522928314,0.058794296741398494,0.045781000000000016
2015-02-12,0.17810126753968342,0.1966226994092932,0.06788541400102582,0.04159499999999999
2015-02-13,0.17740201053235669,0.19595687581695614,0.06797329483900039,0.036928000000000016
2015-02-17,0.1775485857537907,0.19615460276312854,0.07706984066520642,0.040735999999999994
2015-02-18,0.17683208012394028,0.1961554249725643,0.07238359444568843,0.037185000000000024
2015-02-19,0.17726462921427796,0.196120686954215,0.08088664358169706,0.037161
2015-02-20,0.17740153883065973,0.19602019130205678,0.07784636877355644,0.03839799999999999
2015-02-23,0.17727457405252892,0.19666996415622218,0.10458792947905715,0.036717
2015-02-24,0.17777451412278866,0.1968631530944346,0.10659548215630055,0.03553600000000001
2015-02-25,0.177701779875627,0.19678922398208257,0.10898747872476172,0.033945
2015-02-26,0.17736725939508927,0.19683672361039195,0.11523665163131619,0.033501999999999976
2015-02-27,0.1762510038669171,0.19689161993570448,0.11333111968473078,0.031525000000000025
2015-03-02,0.1771973753400679,0.18670750043326365,0.10097337317892918,0.03610199999999997
2015-03-03,0.17721298795153617,0.18810904184401606,0.09950109190959827,0.032864000000000004
2015-03-04,0.1763235430633794,0.18893367249014206,0.11280251997606497,0.031130999999999964
2015-03-05,0.17707083528138054,0.18896078172423472,0.11138505324542872,0.034200000000000036
2015-03-06,0.17629254452391488,0.19471397128800133,0.11423758919581534,0.03317000000000003
2015-03-09,0.17681589064475442,0.19455511294210198,0.11931569007805559,0.02782699999999999
2015-03-10,0.17747991921677508,0.19146416742496036,0.1408479738578668,0.02373599999999998
2015-03-11,0.1776318586793154,0.19122094482977045,0.14661815914314247,0.02955599999999997
2015-03-12,0.17738634026355413,0.19042684879714533,0.14201115894746513,0.032155000000000045
2015-03-13,0.1766573615381524,0.19013371560909725,0.14038881429078331,0.024656999999999984
2015-03-16,0.17677734592744057,0.18905668729617972,0.15797360287991952,0.022465000000000013
2015-03-17,0.17722123773522874,0.18812596212405744,0.15910955964867676,0.021926999999999974
2015-03-18,0.1690568603674994,0.19132879095557315,0.03348502716097029,0.011230999999999991
2015-03-19,0.1674018906938869,0.18970203670538338,0.011888996780355626,0.020731
2015-03-20,0.16682605256835598,0.19028189006363652,-0.0002675964179937873,0.016893999999999992
2015-03-23,0.16983033426511168,0.19065691216384878,0.009222481939450383,0.016415000000000013
2015-03-24,0.17019522613551386,0.18890999054168836,0.012091501096886142,0.02209
2015-03-25,0.16991778221870033,0.1908628438323779,0.027233839624955902,0.022097000000000006
2015-03-26,0.16896151355500125,0.1905850615188682,0.026858478535988384,0.022662000000000015
2015-03-27,0.1701837909226652,0.19056464188827657,0.02059943635626091,0.023813
2015-03-30,0.1702901743410917,0.19119090575057562,0.02118541881210076,0.02662600000000001
2015-03-31,0.16864000529935366,0.19098643874273408,0.020483414125689714,0.02141499999999999
2015-04-01,0.16679591232730512,0.1906156882602201,0.00813383228535805,0.029167
2015-04-02,0.16505438614822848,0.1900958371163656,0.008477092547723802,0.02588399999999999
2015-04-06,0.16337108451217816,0.18929283830154028,-0.00048076326353493903,0.02921500000000002
2015-04-07,0.1663415526354487,0.18142943995079205,0.0033107762090265336,0.026269000000000015
2015-04-08,0.16598041187873483,0.18150201039183492,2.706438176425241e-05,0.028031
2015-04-09,0.16642705472263683,0.18224688167127284,-0.008274849405184137,0.029806
2015-04-10,0.16644631029227783,0.18185718031436462,-0.013966444243113801,0.026453000000000004
2015-04-13,0.16587571313179159,0.18215297537170783,-0.007114757346067452,0.028350000000000014
2015-04-14,0.16589412585799093,0.1825891047693743,-0.008656600501871836,0.029125000000000012
2015-04-15,0.16585232803298885,0.18340984021047477,-0.013299490639596206,0.026148000000000005
2015-04-16,0.16571675150663528,0.18426079909174117,-0.009032992637129783,0.02394199999999999
2015-04-17,0.16492232898643372,0.18757398413343207,0.028676728901170373,0.03401799999999999
2015-04-20,0.16476098947896498,0.1892421782546785,0.03183425822020561,0.02377800000000002
2015-04-21,0.16517291989984342,0.18859787147523893,0.024086167057964875,0.02387900000000001
2015-04-22,0.16569496095277692,0.18864471626491394,0.03350156415508562,0.018691000000000013
2015-04-23,0.16474188062448647,0.19003813167749786,0.027710929786211674,0.009963
2015-04-24,0.16342716993793382,0.1899446230592785,0.0346151720694631,0.011428999999999995
2015-04-27,0.16322832732240722,0.19009942909317817,0.07144698056399099,0.02238000000000001
2015-04-28,0.16377145354050526,0.18987977845391124,0.07792627782456604,0.03471100000000002
2015-04-29,0.16216112055916235,0.19021360235602827,0.07928696561715282,0.027698
2015-04-30,0.16331991972723708,0.19072101315371007,0.11319029498478242,0.015577000000000008
2015-05-01,0.164148297344908,0.1902931975227826,0.1197663032800286,0.02406999999999998
2015-05-04,0.16479672553908223,0.1901350909970829,0.10564333804998391,0.020642999999999967
2015-05-05,0.1647166219601095,0.19266105385573232,0.12011380443533176,0.015722000000000014
2015-05-06,0.16563116226338803,0.19294134622490913,0.11568351396184426,0.027127999999999985
2015-05-07,0.16625978497783325,0.19156095596203612,0.12134189991142239,0.02349800000000002
2015-05-08,0.16623921652170284,0.19062438333773468,0.11052761401417938,0.02152799999999999
2015-05-11,0.16518214655603106,0.1928964385715783,0.11021532532046985,0.01858399999999999
2015-05-12,0.16537976488908473,0.17816930981867057,0.1101740670556221,0.014131000000000005
2015-05-13,0.1680436178247502,0.17806958408362047,0.10347379050481548,0.02198
2015-05-14,0.16599212189039272,0.17859809011653197,0.08938468931496296,0.022604999999999986
2015-05-15,0.16690004998270605,0.17969716353707307,0.08277045045891143,0.021486000000000005
2015-05-18,0.1685659065651742,0.17915132875338463,0.10149434074919358,0.020166000000000017
2015-05-19,0.16928841566910005,0.1800607812850858,0.09729040522098742,0.028320000000000012
2015-05-20,0.16939013488574217,0.17856010320304377,0.10017250495426322,0.026683000000000012
2015-05-21,0.16949092917931272,0.17929283924246983,0.09149013829110375,0.03129900000000002
2015-05-22,0.17225216549572447,0.17803292832280326,0.08536716570390177,0.02752300000000002
2015-05-26,0.21034013519593062,0.1791209706128274,0.10773541798819347,0.028222999999999998
2015-05-27,0.21789793007352323,0.1794230636791981,0.11170175048435008,0.024839999999999973
2015-05-28,0.224023070054046,0.17934353784102097,0.11007011281650067,0.026363000000000025
2015-05-29,0.22604328723267839,0.17993704509704828,0.11478085398039997,0.027939999999999965
2015-06-01,0.22626046566393967,0.17937297829082502,0.11039627584950731,0.025040000000000007
2015-06-02,0.22677097398978815,0.1795728198389353,0.10466228917198225,0.02749600000000002
2015-06-03,0.2291349949865952,0.17946856590514235,0.09919388928020303,0.030978000000000006
2015-06-04,0.23006407518133343,0.18057686875303017,0.10517274153062434,0.03023600000000004
2015-06-05,0.2324660636516985,0.17908859647605152,0.10916654276113591,0.027868000000000004
2015-06-08,0.23414960184292558,0.1796452155549918,0.11949983741105705,0.026882000000000017
2015-06-09,0.2347723668187561,0.1797922827668574,0.12283434431088272,0.03373000000000004
2015-06-10,0.23826281317442072,0.17923089791263522,0.1120490458516473,0.027662999999999993
2015-06-11,0.23840295041164497,0.17932445925151974,0.11703531989652877,0.032233999999999985
2015-06-12,0.23843162441001578,0.1780546236970569,0.12198952391573817,0.029893000000000003
2015-06-15,0.23837927103266776,0.17941968730572766,0.15277566918886903,0.03268199999999999
2015-06-16,0.2389728664813757,0.17906553683991458,0.15229351179860562,0.02229700000000001
2015-06-17,0.23751808454980433,0.19687753587515786,0.06808153547358492,0.015471000000000013
2015-06-18,0.23882665830126154,0.1877889874607927,0.024587744068828493,0.02082400000000001
2015-06-19,0.26251651302618634,0.188259557035295,0.024601797680674053,0.010607000000000005
2015-06-22,0.2615967936262424,0.18890712176810923,0.032263795912191306,0.0007159999999999944
2015-06-23,0.26296592232582283,0.1886115164041907,0.04078018331053676,-0.00037199999999998346
2015-06-24,0.2637695140243615,0.1898827466927289,0.03676892000616158,0.0015429999999999888
2015-06-25,0.265044667381372,0.19168646401665754,0.04327708214225401,0.0017339999999999856
2015-06-26,0.2653157790049173,0.18997008184892442,0.03929644776486485,0.0027770000000000017
2015-06-29,0.26741487214760695,0.19345435874733946,0.07181411896485412,0.010414000000000007
2015-06-30,0.2680230683649403,0.19441903679763528,0.0698526301929073,0.010726000000000013
2015-07-01,0.26882615964556694,0.19517021775619123,0.050750330553355066,0.017269000000000007
2015-07-02,0.27033358596804075,0.19644363032476572,0.052225228754403275,0.016308000000000017
2015-07-06,0.27231779420961755,0.1938403366871416,0.06376991022695538,0.017566
2015-07-07,0.2711387862245675,0.19006102904214628,0.05739112908860511,0.01852000000000001
2015-07-08,0.27101698462421053,0.19112694932456845,0.07145279895732332,0.017309999999999992
2015-07-09,0.27837230092660287,0.1993106020725745,0.07009650085820573,0.009297000000000027
2015-07-10,0.27958746787881594,0.2003909283915869,0.06067219606287244,0.01380099999999998
2015-07-13,0.2803567122036482,0.19893262994080993,0.04090690027270849,0.015576000000000007
2015-07-14,0.2810006844212047,0.20033852026672416,0.04431256282632162,0.0016460000000000086
2015-07-15,0.28165542143736566,0.1990130371262287,0.033990052936583054,0.010292000000000023
2015-07-16,0.28241891906908767,0.1998515970025063,0.02197625328232561,0.007113000000000008
2015-07-17,0.2828267195772195,0.20058441376865715,0.03516045221160349,0.011382000000000003
2015-07-20,0.2854925948252187,0.20221010883546128,0.041515391620446956,0.008426000000000017
2015-07-21,0.2859658891200943,0.2010356308193136,0.047326181145367296,0.006807999999999981
2015-07-22,0.2871600483887077,0.20826454007235617,0.05598132885757509,0.005889000000000005
2015-07-23,0.2876300268016348,0.24445966219772075,0.056355662153236535,0.0072269999999999834
2015-07-24,0.2883360488700455,0.24232130218702827,0.06374007248789443,0.005364000000000008
2015-07-27,0.28930558267836604,0.23621219113387698,0.06823953572359218,0.014749999999999985
2015-07-28,0.28979101264392265,0.23858811303568234,0.06955818262129601,0.012189000000000005
2015-07-29,0.28964264600327505,0.237887962002806,0.0634845219820884,0.01425499999999999
2015-07-30,0.28751828274973756,0.21702186342785054,0.06534254156293304,0.013889999999999986
2015-07-31,0.28687662046856904,0.2209328043538393,0.06140856321760027,0.013326000000000005
2015-08-03,0.28680886433561803,0.21799200460060583,0.09243585761147163,0.02477900000000005
2015-08-04,0.2880463781269224,0.21854477083075946,0.09199972680173732,0.023372999999999977
2015-08-05,0.28750475491226374,0.21821443028657087,0.10292986437136675,0.024866999999999972
2015-08-06,0.28730548763363506,0.2155013826793376,0.11634827464070496,0.021245000000000014
2015-08-07,0.2880359317769496,0.22013872382212002,0.11372293858868399,0.024192999999999965
2015-08-10,0.28908676874809175,0.22211027171110467,0.11676601145721036,0.026675000000000004
2015-08-11,0.288392395804106,0.2199044019507718,0.11482677030942717,0.028017000000000014
2015-08-12,0.28700594136612584,0.21403279766678782,0.1073462466792452,0.029190999999999967
2015-08-13,0.28597515541451735,0.21551017490651916,0.10148675020343056,0.021399
2015-08-14,0.28542050753885895,0.21403660589524406,0.09310224997368022,0.02230700000000002
2015-08-17,0.2847233885732741,0.21528105959220548,0.09240359947745364,0.025556999999999996
2015-08-18,0.2855633259677417,0.21503123859170642,0.09271151253037929,0.022762999999999978
2015-08-19,0.28578362675909535,0.2201833949025126,0.10947421982441147,0.017774000000000012
2015-08-20,0.2861230674914459,0.2039663286104441,0.14254400880640394,0.025519000000000014
2015-08-21,0.2845004086534431,0.20640800428983613,0.1696978573856642,0.02991499999999997
2015-08-24,0.2574121044081315,0.19730336268506424,0.2074510558012595,0.05568700000000004
2015-08-25,0.25110110779392547,0.1955407936442673,0.18222797275628355,0.047972000000000015
2015-08-26,0.24731448402778164,0.1955905066385893,0.09786828868083325,0.06360500000000002
2015-08-27,0.24528232059526905,0.21625530398959084,0.06893572072389964,0.06222700000000003
2015-08-28,0.24412952378477587,0.21514199267702622,0.07034965208737043,0.06696000000000002
2015-08-31,0.2439733574722389,0.2152032941211285,0.05962620838457844,0.056369
2015-09-01,0.24221384360169948,0.21627516830946308,0.08951463650723329,0.05424000000000001
2015-09-02,0.24054742703989146,0.21533031302141364,0.05015291175514297,0.055396
2015-09-03,0.24053396945327746,0.21449987645752222,0.036568273046104105,0.060417
2015-09-04,0.2393643912866083,0.2138993815364112,0.04916397396606437,0.048890000000000045
2015-09-08,0.24126704295712037,0.21296214693105503,0.03526448858990905,0.057321999999999984
2015-09-09,0.23939017442759045,0.21314780836391176,0.026557871057687255,0.062183000000000044
2015-09-10,0.24201836279072236,0.21311221199691294,0.028383075850017314,0.05854600000000004
2015-09-11,0.24226235789214348,0.2112306209693084,0.05472316507260283,0.07533100000000004
2015-09-14,0.24740377319223034,0.21320764890308047,0.08229819955714907,0.062307
2015-09-15,0.24732245146999923,0.21290361910334407,0.08454097948388828,0.05453400000000003
2015-09-16,0.2486043239528578,0.21209252357985736,0.05928900211435756,0.05833700000000003
2015-09-17,0.2471122574947505,0.21185828340030843,0.061160880335303036,0.04642099999999999
2015-09-18,0.22287358291788698,0.20391017601408357,-0.06639545391491736,0.048838999999999966
2015-09-21,0.2225447696082785,0.19861108043776757,-0.1033227182517949,0.051447999999999994
2015-09-22,0.22183662329935808,0.19968102316320588,-0.0796022875119008,0.05227599999999999
2015-09-23,0.2210525756120195,0.20257642667686482,-0.005881442220619648,0.039717999999999976
2015-09-24,0.22019635102046217,0.19570792615201899,-0.0024375571501876747,0.03679699999999997
2015-09-25,0.21913888289800745,0.19108206417768703,0.0030983339756044947,0.03418300000000002
2015-09-28,0.2165335667400257,0.19568420410785878,0.012261897398719412,0.04449599999999998
2015-09-29,0.21583479632472954,0.19632545636332724,0.01467561771782816,0.042493999999999976
2015-09-30,0.21455167146520593,0.19144640655757872,-0.0135003996837042,0.04335100000000003
2015-10-01,0.21257166196166435,0.18955114718893118,-0.021620204912870367,0.05098999999999998
2015-10-02,0.2103180503344596,0.19705858739957735,-0.02768489136166552,0.050819
2015-10-05,0.20981815954987998,0.2004537106372755,-0.02639086142229108,0.048296000000000006
2015-10-06,0.20995498584471908,0.1975608810734962,-0.015178859598102168,0.04986800000000002
2015-10-07,0.20332848282374008,0.20738085820684904,-0.014247805536513558,0.04459000000000002
2015-10-08,0.2032029313917346,0.20209819718064018,-0.03753882903139316,0.05196799999999996
2015-10-09,0.20326123893832673,0.2030102059925458,-0.04312494798131106,0.04630599999999996
2015-10-12,0.20568083234208207,0.2029240963901965,-0.053224536280628065,0.04152899999999998
2015-10-13,0.20921858657896572,0.2031008978242268,-0.05522016912569355,0.03635699999999997
2015-10-14,0.2130328124831286,0.19616348429173328,-0.058482791285872526,0.03727299999999997
2015-10-15,0.21273676234284233,0.19863420267103,-0.06708742784539695,0.027883999999999992
2015-10-16,0.21358605840120193,0.19878054052734964,-0.07809946150208091,0.036426000000000014
2015-10-19,0.22252242836484157,0.19031681764798486,-0.01337419606907031,0.03183700000000003
2015-10-20,0.22465562410515424,0.19346157226827873,-0.005478248802414459,0.031747000000000025
2015-10-21,0.22466620828565043,0.19288617908166064,-0.005703034719824307,0.033467000000000025
2015-10-22,0.22610462900870107,0.19023404595308385,-0.012547718622014536,0.03282099999999999
2015-10-23,0.22697750814707504,0.19262160108842183,-0.00021455893426469697,0.017893999999999993
2015-10-26,0.22874885599373995,0.19052293897945574,0.003400828066597833,0.02725999999999998
2015-10-27,0.23346110403231024,0.18377068452598305,0.010368941377459279,0.02249100000000001
2015-10-28,0.2361028638021619,0.18614027828524454,0.014640636795183543,0.02346000000000001
2015-10-29,0.23761879678381373,0.18292701503459427,0.018827906079254386,0.01893100000000003
2015-10-30,0.237239805632684,0.1835381544017535,0.027226360187445814,0.021890999999999994
2015-11-02,0.23856029422412256,0.1837397252402444,0.042037971980983996,0.03173200000000004
2015-11-03,0.23883039408150308,0.18360816227485627,0.04171987516377912,0.033380999999999994
2015-11-04,0.2557932134506928,0.18319764277326983,0.04927522636470616,0.03443400000000002
2015-11-05,0.2842202896073588,0.1864128864578624,0.07669871877529108,0.032662000000000024
2015-11-06,0.29310397158783474,0.22071787810650315,0.07718698132654359,0.033607
2015-11-09,0.3002132587039463,0.21984144139073708,0.0874469158754431,0.03478700000000001
2015-11-10,0.30155636436612665,0.2219906888209836,0.09022966919170242,0.03752100000000003
2015-11-11,0.3030224861790338,0.22141967793976966,0.0990022343987007,0.03224899999999997
2015-11-12,0.30355670203177687,0.21930025088936977,0.10910006705578534,0.03357399999999999
2015-11-13,0.30683253260936877,0.21440575518028562,0.1340064315102779,0.04390499999999997
2015-11-16,0.30784780552467833,0.21419965574609726,0.1368713040493686,0.040322000000000024
2015-11-17,0.30799833161009527,0.2152534221031537,0.13803627969306187,0.04336099999999998
2015-11-18,0.3078420036080707,0.21602191918767275,0.13638737216708238,0.03814599999999996
2015-11-19,0.30876964118809525,0.21448240247110242,0.1338632123707776,0.03897299999999998
2015-11-20,0.3109261112236172,0.2144480170753836,0.12771167158351496,0.03872899999999996
2015-11-23,0.3121319687490955,0.21286643459017984,0.13072348783925483,0.03931800000000002
2015-11-24,0.315471967031252,0.2119407200086353,0.1278844480441892,0.036399000000000015
2015-11-25,0.31558772099679394,0.21355740624514002,0.12534453919239308,0.036775
2015-11-27,0.31955107623057777,0.21553139844451585,0.12579774774632865,0.03767799999999999
2015-11-30,0.31959315569948626,0.21574890476208722,0.11161123591633856,0.042820000000000025
2015-12-01,0.32122978704923855,0.2071952115728444,0.09964353115652977,0.043903000000000025
2015-12-02,0.32213007206426597,0.20892542626894167,0.10592266330304476,0.04577300000000001
2015-12-03,0.3214193805564189,0.2134572486056438,0.11070010898787974,0.0484
2015-12-04,0.32380856895914417,0.21430376354809394,0.09875154657421067,0.04135500000000003
2015-12-07,0.323082573963142,0.21119861920994046,0.11260979593386,0.046101
2015-12-08,0.32485386258770016,0.20821051801536392,0.1209525253033168,0.04599900000000001
2015-12-09,0.3233163156920296,0.20660526526160536,0.11707703690156784,0.042679999999999996
2015-12-10,0.3237605251858792,0.2087347662278972,0.13633701082891878,0.04574700000000004
2015-12-11,0.3198400129662109,0.20853915804638543,0.08238667035460634,0.05048799999999998
2015-12-14,0.31967460824936805,0.23365373626465574,0.05648027217219595,0.05273800000000001
2015-12-15,0.3211484416414434,0.22589112307092926,0.03856426730479509,0.047885999999999984
2015-12-16,0.3226834222044852,0.224570566559203,0.02369037162466825,0.04234300000000002
2015-12-17,0.3229431198451475,0.22365119717579332,0.018478140643947982,0.03621699999999997
2015-12-18,0.3227069488877612,0.22613479924273938,0.03939819863487018,0.029474000000000028
2015-12-21,0.3217950068205882,0.22306002204798214,0.016536691156879918,0.03989999999999999
2015-12-22,0.3213557505213784,0.22602786524539714,-0.004189903517122284,0.038010000000000016
2015-12-23,0.32092512910629334,0.22570534754543237,-0.014183813838670595,0.035451999999999984
2015-12-24,0.32090699022102503,0.22328701899400483,-0.006199513263767942,0.036685999999999996
2015-12-28,0.32133864693070063,0.22349462163095102,0.0008238369346268148,0.04228600000000002
2015-12-29,0.3215454740330715,0.22339870701574785,-0.005527545427044311,0.03751099999999999
2015-12-30,0.3228439633120184,0.22435021539649314,-0.0024803603436648336,0.038267999999999996
2015-12-31,0.3237818813532348,0.22450646403924368,0.007274252873531117,0.03539800000000001
2016-01-04,0.3236465311524031,0.22686952374399147,0.027335491559024094,0.044660000000000005
2016-01-05,0.32324703646764835,0.2325411626149696,0.027076576663025043,0.03954799999999997
2016-01-06,0.32342729753168104,0.2314115077545473,0.040487562494320756,0.04100300000000001
2016-01-07,0.32107124417891586,0.2348717329177216,0.06882483571031323,0.035963999999999996
2016-01-08,0.32066686116350585,0.2418666177400548,0.06922171905874491,0.05562600000000001
2016-01-11,0.3204114806951068,0.25749129842601043,0.07345796916828551,0.034487000000000045
2016-01-12,0.31789137418890584,0.22725525077926267,0.049137926559692735,0.041713
2016-01-13,0.31498869831995363,0.2550968423739508,0.08140491772821382,0.048740000000000006
2016-01-14,0.31196668879459283,0.22693138923607553,0.054691921287878364,0.047850000000000004
2016-01-15,0.3115702044184843,0.23580351672346153,0.07216632209272508,0.05826300000000001
2016-01-19,0.310502166773112,0.22817426676193756,0.0681903761446784,0.05021599999999998
2016-01-20,0.30369398435830136,0.23762188275087673,0.08390806511190774,0.03482200000000002
2016-01-21,0.3012140323738287,0.2508037524606369,0.04531646256347516,0.06692000000000004
2016-01-22,0.3020645647408146,0.254733572842348,0.012667823039531512,0.054085999999999995
2016-01-25,0.30062334341920716,0.2506973328250247,0.03437287839602671,0.06859700000000002
2016-01-26,0.29909670471597954,0.24748441774525232,0.022392408857929758,0.06354400000000004
2016-01-27,0.2969510624419882,0.25890538289459586,0.024134920915592273,0.05957399999999996
2016-01-28,0.29505968441263647,0.25302776163608853,0.020305807374158824,0.04815900000000001
2016-01-29,0.29372833179177354,0.2508813827374438,-0.011095562741567866,0.04650199999999999
2016-02-01,0.2925021624878855,0.2441845266001862,0.005880534448623853,0.04629099999999997
2016-02-02,0.29247023751587997,0.24846811626841442,0.024164161288091457,0.04763400000000001
2016-02-03,0.29021466598132895,0.24680860345349087,0.020150022606983398,0.05153599999999997
2016-02-04,0.2893844239045512,0.24517171928617865,0.0165837948189837,0.05126799999999998
2016-02-05,0.27505118547029095,0.24880631616296137,0.04400271625011126,0.07355699999999998
2016-02-08,0.24443177918414935,0.24919203010425534,0.0658422419482732,0.07095600000000002
2016-02-09,0.23264275711739463,0.2479752323470495,0.07751457384930632,0.07237499999999997
2016-02-10,0.22292582372431058,0.2468357680044502,0.03897787786772555,0.08054500000000003
2016-02-11,0.2223537530011557,0.2476650482625763,0.059280816190073915,0.07513600000000004
2016-02-12,0.22126077921023962,0.24344477733512565,0.022950152961361325,0.08022599999999996
2016-02-16,0.22084520557957638,0.24141795736545804,-0.02065694306843202,0.075546
2016-02-17,0.21622747777617438,0.2400566183406994,-0.04141717333817774,0.081262
2016-02-18,0.21441040957029098,0.2409903308304136,-0.03350252355275973,0.07780700000000002
2016-02-19,0.21443786423009775,0.23974859043469407,-0.023918938669810486,0.07308999999999999
2016-02-22,0.21352062515629205,0.23969775473089952,-0.033223739125267215,0.05713500000000005
2016-02-23,0.21221703492271105,0.2402497071666764,-0.007257208492989442,0.066243
2016-02-24,0.20962930324269383,0.240364811396617,-0.006925789976802266,0.06868400000000002
2016-02-25,0.20780358399866947,0.24033880094306576,-0.03747188629192855,0.07238800000000001
2016-02-26,0.20103999566109093,0.2194184344845493,-0.04232509511843968,0.05617799999999995
2016-02-29,0.2012313422463668,0.22024953989114374,-0.045277142539771054,0.052734
2016-03-01,0.19510790188630675,0.23363882628564542,-0.08419797159532427,0.06334599999999996
2016-03-02,0.19490082161694774,0.22819561942739428,-0.08787024761270096,0.06435199999999996
2016-03-03,0.19148577916165171,0.2281999280105539,-0.09446843948510403,0.06001699999999999
2016-03-04,0.19039700249513597,0.22859826432395708,-0.08797590098052366,0.06063400000000002
2016-03-07,0.18841497426235937,0.21629507805261186,-0.07215948015681556,0.06678600000000001
2016-03-08,0.18297344691246012,0.21632842235049232,-0.04526456159336739,0.06927399999999995
2016-03-09,0.1802937475526217,0.23846229024574453,0.011985031046349959,0.06764500000000001
2016-03-10,0.17400455278822094,0.2300361231990871,0.035745526423330565,0.06872199999999995
2016-03-11,0.1731165796982128,0.23819426852115355,0.04664578180558754,0.06142399999999998
2016-03-14,0.1719530923622877,0.23808509043320988,0.06275238862176785,0.044155
2016-03-15,0.17178720776704248,0.23871049190411028,0.0618102184633586,0.06445299999999998
2016-03-16,0.17028875701162674,0.2383480941232163,0.03799666294561943,0.05159800000000003
2016-03-17,0.16638734488860954,0.2368350727534219,0.07104493128543987,0.03625100000000003
2016-03-18,0.1625060650107155,0.2189656210432381,-0.0391916342843979,0.026899000000000034
2016-03-21,0.1619350489148309,0.22119611414798976,-0.030835004244388647,0.02769100000000002
2016-03-22,0.16217918995071318,0.22178052896496303,-0.03686529009496314,0.03436500000000001
2016-03-23,0.1650615629109565,0.23047236323125914,-0.037036706382519435,0.031029
2016-03-24,0.16551122030082985,0.23374510209003097,-0.03210680402555613,0.03276499999999999
2016-03-28,0.1686018754381426,0.24677129393575978,-0.01885480824125177,0.039852
2016-03-29,0.16961576910593668,0.23483778384614498,-0.0077582884808597985,0.04080799999999998
2016-03-30,0.16863306959398983,0.2346579137808577,-0.014896753185399736,0.041471000000000036
2016-03-31,0.16880882736078234,0.23481696946900202,-0.0016869033807920264,0.042219000000000007
2016-04-01,0.1667891053334458,0.23459250906803567,-0.01273249936882545,0.040520999999999974
2016-04-04,0.1673808467661112,0.18333905847174856,0.001275133377388632,0.042394000000000015
2016-04-05,0.16753359229804177,0.18201179351631125,0.011444101836737969,0.04323200000000002
2016-04-06,0.16802515438170662,0.186020579175265,0.006629902373061464,0.039876999999999996
2016-04-07,0.16714678426966928,0.18760486018100608,0.027423567543628735,0.04512699999999997
2016-04-08,0.16752714506629818,0.1912817431689094,0.026768207694181867,0.044745000000000035
2016-04-11,0.1663758931964775,0.19538417300265654,0.04812037759123816,0.043355000000000005
2016-04-12,0.1656582065904489,0.19450033056541047,0.0384353465712548,0.043232999999999994
2016-04-13,0.16584538967894333,0.19590426418736054,0.028677692854275932,0.03767000000000001
2016-04-14,0.16576647762449398,0.1960970846903478,0.028129007602156364,0.03681099999999998
2016-04-15,0.1654970878999609,0.1969950505481522,0.023421056153430264,0.03714700000000001
2016-04-18,0.1650966994725751,0.19565736344883966,0.03471414371825712,0.03551199999999999
2016-04-19,0.16154380682089675,0.19694752551038586,0.04152532901737768,0.035547999999999996
2016-04-20,0.16141223042813863,0.19748028660844327,0.049277946371896336,0.03339400000000001
2016-04-21,0.16215353343440644,0.1976526473251051,0.05108932608890063,0.034468
2016-04-22,0.16104598676022408,0.1962811488000978,0.0516218935297586,0.036442
2016-04-25,0.1602312712681324,0.19779390028908833,0.055176186672689614,0.03675600000000001
2016-04-26,0.1607757699180987,0.19920936314839638,0.048897125533378494,0.035636
2016-04-27,0.15993287536453546,0.20132488764226714,0.04978410307517295,0.03409400000000001
2016-04-28,0.15651095915473232,0.2010324527168533,0.05375260202534654,0.038413999999999976
2016-04-29,0.15477405062390232,0.20127648003192256,0.050093955703777726,0.03961999999999999
2016-05-02,0.15456882067107358,0.20112175959382328,0.05635358217284925,0.03903599999999999
2016-05-03,0.15586112059451704,0.19848250091164593,0.0704999640957632,0.03919800000000001
2016-05-04,0.15563019083588914,0.19852231660898026,0.07523872223775496,0.03808900000000004
2016-05-05,0.15511084083116514,0.19939402158662903,0.06930688925403303,0.04051300000000002
2016-05-06,0.15445183163215528,0.20200752875942246,0.06215127791534564,0.038272
2016-05-09,0.15360721742847794,0.18013174613833935,0.06146045888520435,0.03698600000000002
2016-05-10,0.1531481087596893,0.18161468972793685,0.0491593898176958,0.034665
2016-05-11,0.15335412178376764,0.18098638226074176,0.05861069711959352,0.03483999999999998
2016-05-12,0.15125594860849795,0.18362123242579012,0.05239909044996255,0.03414399999999998
2016-05-13,0.14974930901991618,0.1839535279609448,0.045852469863665424,0.037163999999999975
2016-05-16,0.14853514931166065,0.18310663371285146,0.04154379265082023,0.03251899999999999
2016-05-17,0.14786496379820754,0.18397145964971587,0.042645179686923385,0.03984899999999997
2016-05-18,0.14640586316865536,0.1836334340058965,0.04391339366611721,0.036495
2016-05-19,0.14503383567271252,0.18721697196846435,0.047341440127806195,0.038260000000000016
2016-05-20,0.14474411999406187,0.1851047726355484,0.03130091298885368,0.033963999999999994
2016-05-23,0.14452154092543268,0.1853719229139355,0.04151082365568748,0.040441000000000005
2016-05-24,0.1429875817367928,0.21061365851431119,0.058065567425709064,-0.0010910000000000086
2016-05-25,0.14249423495788469,0.20589924604859713,0.04917266366223494,0.007965
2016-05-26,0.14186185150263403,0.2084086230781615,0.04416299940029811,0.011514999999999997
2016-05-27,0.1427892613091278,0.20971139418468215,0.07130601304651721,0.0003589999999999982
2016-05-31,0.14300350884180063,0.19473486109696272,0.11291503506022152,0.03653300000000004
2016-06-01,0.14234576791476009,0.19638044720263334,0.10995965575460129,0.03804200000000002
2016-06-02,0.14223887979717245,0.1996240719519579,0.112700720102681,0.031296999999999964
2016-06-03,0.1413612520736823,0.19832233755866954,0.10951796427536073,0.04336800000000002
2016-06-06,0.14158135242428035,0.20235293035535704,0.11227134520626514,0.04053899999999999
2016-06-07,0.1413546943298052,0.2004439722465663,0.11324240115599041,0.042603
2016-06-08,0.1412295692174213,0.19921446547618965,0.11623312306173289,0.04295700000000002
2016-06-09,0.14156654222827153,0.1987893078581638,0.12606580561095182,0.04276799999999997
2016-06-10,0.14181227132483704,0.1993298204469579,0.13497489977385574,0.05179300000000003
2016-06-13,0.14127288662622686,0.203802548795884,0.15637001604477482,0.05877399999999999
2016-06-14,0.14302169301850617,0.16681183417912862,0.16750126311614677,0.06299699999999997
2016-06-15,0.14317086564514106,0.16798354789790967,0.16806103785426654,0.05869399999999997
2016-06-16,0.14249291497030753,0.17014989449491352,0.17397652593134144,0.05838199999999999
2016-06-17,0.14225059985108823,0.1698538631204084,0.18619094767374364,0.053286
2016-06-20,0.14069219034903804,0.16845363454389933,0.17833652059039407,0.04193800000000003
2016-06-21,0.13989511500829002,0.1679640884993745,0.20923763711067042,0.045926999999999996
2016-06-22,0.13872747372785443,0.1687727899566826,0.0819044999764579,0.049962000000000006
2016-06-23,0.13826103409698323,0.16710746508763888,0.05766080840823162,0.04275699999999999
2016-06-24,0.13467568237709038,0.17115840919544067,0.11367690627601787,0.051968000000000014
2016-06-27,0.13297279980509877,0.2391521100138225,0.11251888538471896,0.06055299999999997
2016-06-28,0.1345289617503258,0.18210751577262577,0.08023514004469098,0.04531300000000002
2016-06-29,0.1332329104666086,0.16583735814143422,0.05858211759020729,0.04559299999999997
2016-06-30,0.13296451016578847,0.16593052494005886,0.047724875462252625,0.045874
2016-07-01,0.13044407764818997,0.16507539755544037,0.04890636261990239,0.038078
2016-07-05,0.12905834599576596,0.1665380545966713,0.05476604828339621,0.044565999999999995
2016-07-06,0.12837736360385663,0.16641777699934301,0.054009905919602946,0.04468200000000003
2016-07-07,0.12822085514295692,0.16501400058571952,0.047729900429255595,0.045607000000000036
2016-07-08,0.1275805366095379,0.16595184256751852,0.02304161603741059,0.039615999999999985
2016-07-11,0.12848797415863786,0.1653972665152779,0.021206557791180164,0.03733700000000001
2016-07-12,0.12817941582719153,0.16562393175222265,0.015855015482210993,0.02826400000000001
2016-07-13,0.12928990933203247,0.16594605042614327,0.015154342457607661,0.030447000000000002
2016-07-14,0.1306052790598308,0.1656302839057855,0.012066250354674957,0.028679999999999983
2016-07-15,0.13144800912771307,0.16540879606223702,0.001652810797492632,0.031998
2016-07-18,0.13173301146234337,0.16358703783783377,0.010062295123597353,0.030224
2016-07-19,0.13131424183967347,0.1652024951970789,0.015397182435821805,0.02940699999999999
2016-07-20,0.13092242356228304,0.15013116389512954,0.012145141936992232,0.028220999999999996
2016-07-21,0.12870713684510224,0.1573744453300059,0.019474762969275916,0.03803500000000001
2016-07-22,0.12807126005011762,0.15728031544160173,0.019653885749465583,0.023852000000000012
2016-07-25,0.12899916614955897,0.15746471285337635,0.027585882148389085,0.033661000000000024
2016-07-26,0.12861309806924387,0.16863951304707026,0.039321086338822864,0.030320000000000014
2016-07-27,0.1284906775216488,0.24862398262701726,0.03978207263182568,0.03245400000000001
2016-07-28,0.12848647895501694,0.16926155847973332,0.039643433317315874,0.031432000000000015
2016-07-29,0.12884344980447388,0.24370153618581772,0.04033842339823818,0.025698
2016-08-01,0.12906403498165447,0.2419494530255564,0.043317575510030265,0.035485000000000017
2016-08-02,0.12702842241897616,0.2427700555585269,0.05926063762949055,0.03706799999999999
2016-08-03,0.12847342130538109,0.24296476414247486,0.051076963809611825,0.03614500000000001
2016-08-04,0.12854057025166093,0.24273552363897224,0.047682156466653525,0.03561399999999998
2016-08-05,0.12898645428926117,0.17167935287935784,0.04836721988421244,0.023040000000000005
2016-08-08,0.13018505486562995,0.16421923674571418,0.04667874869298497,0.03112799999999999
2016-08-09,0.13092962448332626,0.23890887069745997,0.04620560434491061,0.029799999999999993
2016-08-10,0.13042548201902093,0.23874906398051723,0.04420521119922932,0.032020999999999994
2016-08-11,0.1350712078159484,0.16385626434734696,0.05378666926287565,0.022475999999999996
2016-08-12,0.15396054146237537,0.23843735141095798,0.046627679803422084,0.02972999999999998
2016-08-15,0.15576449805864537,0.23804881245856072,0.046523846899432536,0.031643000000000004
2016-08-16,0.1581563842778276,0.23826393132482,0.04754364451587975,0.031460000000000016
2016-08-17,0.1601671623164328,0.2436971273404829,0.045492116982113,0.031578999999999996
2016-08-18,0.16072413141385591,0.16991089539355894,0.03885162734825151,0.031057
2016-08-19,0.16181943997667703,0.1650373136968589,0.03379022433350046,0.027368000000000003
2016-08-22,0.16326561899007747,0.162811000723836,0.041447071873272304,0.022948999999999997
2016-08-23,0.16337491026872042,0.1651255469086513,0.05081026806389277,0.028256000000000003
2016-08-24,0.16375085836907446,0.1641130082214862,0.05691914766556039,0.03306199999999998
2016-08-25,0.16419413187064413,0.1637997366057785,0.08435899750962371,0.042483999999999994
2016-08-26,0.16302391304474398,0.18895277141059383,0.10535057600058446,0.043394000000000016
2016-08-29,0.16273864557323875,0.17762006079585588,0.11536268055325125,0.047607999999999984
2016-08-30,0.1637260961531746,0.18063615981156347,0.11957787310044529,0.038710999999999995
2016-08-31,0.1651237152350189,0.17911261835819167,0.11974309255772075,0.04464000000000001
2016-09-01,0.16924554118624888,0.18668617612531863,0.12332841043695851,0.046417000000000014
2016-09-02,0.171173471745004,0.18029186065080668,0.11886123412469249,0.040158
2016-09-06,0.1731338756804938,0.18075079933497093,0.13094968333377602,0.03926299999999999
2016-09-07,0.17359317419503495,0.17968084049823288,0.1317738670045546,0.037329
2016-09-08,0.17410841192611928,0.16623531544044767,0.13959370809225186,0.035494000000000026
2016-09-09,0.17441793069167014,0.16457060021869682,0.1704782623137885,0.038256999999999985
2016-09-12,0.1742794446157792,0.16567522648801156,0.167477797469141,0.03812700000000002
2016-09-13,0.1738478342363767,0.19909725910302775,0.16835341320305144,0.04532799999999998
2016-09-14,0.17511335076076837,0.19911387788342064,0.15852751284114408,0.04693900000000001
2016-09-15,0.17482519086240034,0.1995928852420089,0.1507587976691176,0.039963000000000026
2016-09-16,0.17502714386197932,0.16359590911933264,0.1391950731952007,0.03745800000000002
2016-09-19,0.18492633811859227,0.16346527642209424,0.14168426273034285,0.03813600000000003
2016-09-20,0.1866321906202344,0.16310095063915184,0.15028926077853036,0.02387800000000001
2016-09-21,0.1850179028722416,0.15834708727588617,0.042874868934330346,0.02268400000000001
2016-09-22,0.18525827583178925,0.15967126574191734,0.02269002015628574,0.023619
2016-09-23,0.1852455793024982,0.1603026246804941,0.03329777175169313,0.020502999999999993
2016-09-26,0.18503785342142307,0.15973640748841608,0.050107312739791104,0.026989999999999986
2016-09-27,0.18396083924563647,0.15786654565651195,0.036420888786408256,0.037477999999999984
2016-09-28,0.1845615783627723,0.15791993473361537,0.03671246419972371,0.032455999999999985
2016-09-29,0.184192152004829,0.18436265334910173,0.04917434544106594,0.026247999999999994
2016-09-30,0.1844021812668714,0.18783890088955285,0.047272726252271774,0.017482000000000025
2016-10-03,0.1848613716078974,0.1953367344952682,0.05608291433376336,0.03593199999999999
2016-10-04,0.1846417578790695,0.19552791876733658,0.05974228270441942,0.038938
2016-10-05,0.1854820504398773,0.18910402899100615,0.05626621678839597,0.038995
2016-10-06,0.18771678068676456,0.1973458995839376,0.05661456099002529,0.036461999999999994
2016-10-07,0.1873578945128001,0.18943407559448827,0.05370296874338659,0.03469900000000001
2016-10-10,0.18753623183226417,0.1861920321771551,0.05563403453676166,0.03778100000000001
2016-10-11,0.18663842535366756,0.19495727270355376,0.06365142287275616,0.041659
2016-10-12,0.18652321038467917,0.1922414999337623,0.058360044201471284,0.036442
2016-10-13,0.18596489274404643,0.18870370197251124,0.05892322747344936,0.037437
2016-10-14,0.18569922341044928,0.19658051968531878,0.06022794396119835,0.031752
2016-10-17,0.18662743025554498,0.19527409735219134,0.0668488786976458,0.036528000000000005
2016-10-18,0.1875562401573615,0.19059529551167828,0.059864438477365,0.029313000000000006
2016-10-19,0.187883838204316,0.19356884831658874,0.05704323049628646,0.028737999999999986
2016-10-20,0.18761108561742476,0.19359217620741492,0.061884514841610644,0.026496999999999993
2016-10-21,0.18832673765046834,0.1917585570801753,0.05328486501846269,0.03237700000000002
2016-10-24,0.1880709317022314,0.1956734638760581,0.07037483707945832,0.041012999999999994
2016-10-25,0.18856677150703963,0.2007808749492269,0.0639240232192444,0.01383100000000001
2016-10-26,0.18847428661452442,0.202495846412917,0.09634143908695286,0.015113000000000015
2016-10-27,0.1883512495224822,0.21022002954209035,0.10894103555116508,0.037454000000000015
2016-10-28,0.18816173341068387,0.20531733949963787,0.12174370319836672,0.030626000000000014
2016-10-31,0.18791828714382727,0.21023565774173586,0.13656753031716565,0.038995
2016-11-01,0.18716761786091898,0.20345403548408142,0.13902959945026255,0.05077599999999999
2016-11-02,0.18745549547952478,0.20302531128983187,0.15159761733166502,0.044518
2016-11-03,0.18724225002005834,0.19099318721060235,0.14527358878853378,0.05285400000000001
2016-11-04,0.1864026177480943,0.1917982089733423,0.15227260211654828,0.053659999999999985
2016-11-07,0.1866852920564602,0.1876128626683043,0.13421001307656658,0.04713800000000001
2016-11-08,0.18632258495658227,0.18774495083294498,0.13064875829393,0.047433999999999976
2016-11-09,0.18374719726193026,0.19560242554171833,0.11626658261581072,0.04641500000000004
2016-11-10,0.16865932594712463,0.19894011154399097,0.09341426000862224,0.052284
2016-11-11,0.16730240853255263,0.1978614785466561,0.09136080989467943,0.04972700000000002
2016-11-14,0.16548529147533098,0.20709245647787272,0.1044403668043411,0.05328299999999997
2016-11-15,0.1632656286695933,0.1999385303018923,0.0865577673630433,0.04709199999999997
2016-11-16,0.16287049399552525,0.2007181560171819,0.0807262770337237,0.04319500000000004
2016-11-17,0.16161448335803416,0.20197269326709635,0.07720339248086913,0.044808000000000014
2016-11-18,0.16025839526179025,0.20431855569216897,0.07264751759916538,0.04293999999999998
2016-11-21,0.1611319514111336,0.20221351175891017,0.06990840926683484,0.04208200000000001
2016-11-22,0.160974650133884,0.199465354461559,0.07090194535255509,0.034489999999999965
2016-11-23,0.16073382929445543,0.199948104542662,0.06176620305115982,0.03526299999999999
2016-11-25,0.1605393723527448,0.19858049167445563,0.06769006980855555,0.030959000000000014
2016-11-28,0.16161837395381615,0.19735905194423595,0.045245036639086605,0.03200900000000001
2016-11-29,0.16045229154131485,0.19834067934537988,0.04255324750174061,0.030092000000000008
2016-11-30,0.15866355720311118,0.19981757247827187,0.029560204405198798,0.039241000000000026
2016-12-01,0.15413479726120966,0.20657888029064245,0.044925460957104674,0.040137000000000034
2016-12-02,0.1515406811489817,0.20113550733229207,0.03710807955091444,0.039637000000000006
2016-12-05,0.14971005640164414,0.19879046973476663,0.027950551703601306,0.03553099999999998
2016-12-06,0.14935443582730565,0.19623368742014116,0.03523449198347006,0.03628299999999998
2016-12-07,0.14846623033971665,0.1933852444621334,0.022992091376764723,0.034973000000000004
2016-12-08,0.1473491380887681,0.1951992457135862,0.028373375225335506,0.03496399999999997
2016-12-09,0.14751305357818417,0.18734132912970805,0.03523281151353494,0.03220099999999998
2016-12-12,0.14686357625683527,0.19044029909956953,0.09439955623248683,0.033911000000000024
2016-12-13,0.14626152584324872,0.18756595698599013,0.10487553576145861,0.033925999999999956
2016-12-14,0.14923250812720623,0.19161173548706692,0.10910901345015875,0.027097999999999955
2016-12-15,0.14985642201773303,0.19386423191119193,0.12636135410649418,0.027863000000000027
2016-12-16,0.1382973525859229,0.19432798126569195,0.002595023235279631,0.025111000000000022
2016-12-19,0.13688741127111353,0.19349991396602273,-0.006309545178039444,0.032773
2016-12-20,0.13664017902972164,0.19312324885541168,-0.00773071283187679,0.035473000000000005
2016-12-21,0.13670732582625172,0.19504742480116968,-0.008039509764622005,0.03434599999999999
2016-12-22,0.13837461500399956,0.1913793388644388,-0.015571243981276628,0.036295999999999995
2016-12-23,0.1387119133626918,0.19154837780545003,-0.015720096605204348,0.03958700000000001
2016-12-27,0.13843061066159099,0.19008485170642134,-0.009033024659444888,0.03591999999999998
2016-12-28,0.13758627376485383,0.1902795514968214,-0.009454912664315668,0.02936899999999998
2016-12-29,0.13755027452628568,0.1907679043157147,-0.006108072446612489,0.03372800000000001
2016-12-30,0.13763155654343034,0.19012754697045747,0.004967782926824704,0.031263999999999986
2017-01-03,0.13730258970875492,0.18936783382785868,0.015215295114309663,0.03559899999999999
2017-01-04,0.1383460810040087,0.17938313150907703,0.015046762365134997,0.032944
2017-01-05,0.13707367021247194,0.18006033237598254,0.03145324465285418,0.032870999999999984
2017-01-06,0.13378167078072187,0.17989065274608726,0.008533762164094016,0.027478999999999976
2017-01-09,0.1333558752288428,0.17937407819322312,0.01230168944149404,0.029564000000000007
2017-01-10,0.13422528819404675,0.17986202912084548,0.012645150290011647,0.025029999999999997
2017-01-11,0.13437925399340983,0.1808287318078077,0.008360628773790707,0.026421
2017-01-12,0.13367391082552432,0.1807260555395403,0.005364490096974178,0.027071999999999985
2017-01-13,0.133845990770438,0.18006237551989673,0.0006308248603439648,0.028059
2017-01-17,0.133481905147798,0.18012770323404126,0.004542720903803699,0.023556999999999995
2017-01-18,0.1323598039473017,0.15637510424435438,0.00795387727446431,0.01936300000000002
2017-01-19,0.13173247784244296,0.15250839008191708,0.03713150292713638,0.038166000000000005
2017-01-20,0.13135309778162624,0.15208397967403128,0.04037131202680225,0.03558
2017-01-23,0.13020224541427144,0.15287594603520388,0.0433569573810384,0.04380199999999998
2017-01-24,0.12804074404924476,0.16308549470403141,0.04998324271605584,-0.007695000000000007
2017-01-25,0.12782955525863798,0.1623067318030259,0.05006095665821636,-0.004216000000000025
2017-01-26,0.1273985517521496,0.1638165382501753,0.07146512854172785,0.011263000000000023
2017-01-27,0.12747833926507154,0.16336481498560115,0.05905984163353975,-0.004599999999999993
2017-01-30,0.1269886167466653,0.16163373618946686,0.08628638004763123,0.016756999999999994
2017-01-31,0.1266081662827206,0.1567356218128695,0.08813628163313691,0.024366
2017-02-01,0.12633433411866155,0.15767631634428722,0.08902514669307976,0.026555999999999996
2017-02-02,0.12562010865854326,0.15793240985728496,0.09055462953352886,0.02637399999999998
2017-02-03,0.12474355386153743,0.16230657597526815,0.08904750245271709,0.016397999999999996
2017-02-06,0.1238909073677543,0.15671123842910295,0.08486192531041142,0.024308999999999997
2017-02-07,0.12384435298542275,0.1562201024988821,0.09905965595396521,0.022336999999999996
2017-02-08,0.12281712860055093,0.15750897411808232,0.09879756235046025,0.02010400000000001
2017-02-09,0.12270397904226713,0.16081987278850196,0.09584981593701564,0.020140999999999992
2017-02-10,0.12146547142215212,0.15935753776409384,0.08750005342470779,0.020919999999999994
2017-02-13,0.12008030208856672,0.15983061707635482,0.08452509367350636,0.023601999999999984
2017-02-14,0.1195940806096682,0.16092421751112573,0.08533349031235507,0.023224999999999996
2017-02-15,0.11947129494682679,0.16655528662693708,0.08639606162552435,0.016933000000000004
2017-02-16,0.12531197994751178,0.16536122266389489,0.08795024934469278,0.019531999999999994
2017-02-17,0.12612862957387183,0.16770092996202465,0.08943444458782976,0.018275999999999987
2017-02-21,0.12785071209187107,0.16986252772272903,0.10543457787216307,0.015197000000000016
2017-02-22,0.1278631656723315,0.16999758927983225,0.1105720473225921,0.014515000000000028
2017-02-23,0.12661267124850492,0.14384790989942278,0.10830234323099405,0.01637099999999997
2017-02-24,0.12675902324651714,0.1626556592013344,0.1142767079308431,0.015685000000000004
2017-02-27,0.12653497191445692,0.1449459791106623,0.1092110376321552,0.02315499999999998
2017-02-28,0.12658718022453896,0.14665401979660306,0.10326462122000088,0.02382300000000001
2017-03-01,0.12526719193026853,0.14102431946209318,0.09640319292458516,0.009236999999999995
2017-03-02,0.125834873140621,0.1385082855069562,0.08650909239252755,0.016791
2017-03-03,0.1262032858813261,0.146147810298371,0.08452461752508725,0.014677000000000023
2017-03-06,0.12577284135684677,0.16215727440657127,0.08615960178637219,0.012956999999999996
2017-03-07,0.12599549523503228,0.15906318480454787,0.08940111318943608,0.015735
2017-03-08,0.12585841268877965,0.16398261103918135,0.09558210935873827,0.017097
2017-03-09,0.12653385799674774,0.16402458340727677,0.09719107575062777,0.019440000000000013
2017-03-10,0.1418441253444551,0.16319738782267537,0.09762110924935455,0.017408000000000007
2017-03-13,0.15827149551744785,0.16482847637728024,0.11045263886709052,0.017147999999999997
2017-03-14,0.1584821523064122,0.16495797984018376,0.1118888487564994,0.020035999999999998
2017-03-15,0.16361219330380652,0.15657061731903177,0.11350404217593693,0.018635000000000013
2017-03-16,0.16582334414709424,0.16049755274524244,0.11494965003353805,0.011043000000000025
2017-03-17,0.16358259872453554,0.16703880755818665,0.042194246044417905,0.012793000000000027
2017-03-20,0.16362676375323235,0.16097423759103097,0.02941222658711043,0.02205399999999999
2017-03-21,0.16349220895423514,0.1628382713050724,0.03464403086687884,0.022535
2017-03-22,0.1681781529882208,0.1700064501219847,0.035437519461798184,0.01785199999999998
2017-03-23,0.1685333928072362,0.167540247341413,0.030342093964689038,0.027349000000000012
2017-03-24,0.16838302943113548,0.14995092040952443,0.0317344627423132,0.01811399999999999
2017-03-27,0.1678408069311519,0.17121162880307378,0.021839441053221914,0.016508999999999996
2017-03-28,0.16805261584414755,0.16307639780817923,0.036799663285412926,-0.010084999999999983
2017-03-29,0.17006192654357907,0.16667599839831373,0.016935588556828002,0.016709
2017-03-30,0.17266843718340688,0.1578850958530245,0.017775785004787298,0.018822000000000005
2017-03-31,0.17337372972678575,0.15844057893532873,0.021877451619073562,0.019261
2017-04-03,0.1739977088421435,0.15884891757182618,0.019072595160787215,0.02432200000000001
2017-04-04,0.17538437868213022,0.16239528255391328,0.0297005603802043,0.01647900000000002
2017-04-05,0.175530660003565,0.15812572200375374,0.02445378018605318,0.022841
2017-04-06,0.17648942484815774,0.16240360590673378,0.03563534999863463,0.00997099999999998
2017-04-07,0.17725635962742872,0.15817520222436773,0.024042387411300215,0.02799399999999999
2017-04-10,0.17793780701163708,0.16153669042388102,0.04036686289918229,0.015685999999999978
2017-04-11,0.17743004671125895,0.16302714400663773,0.027577594063902505,0.03027000000000002
2017-04-12,0.1774806391292581,0.16468303698588765,0.0358604412673981,0.030248000000000025
2017-04-13,0.1772938050121103,0.1647527248630039,0.036665075086820376,0.026447
2017-04-17,0.17725645801275447,0.16515998252149328,0.03471205194133381,0.03156400000000001
2017-04-18,0.17841941503390638,0.16396500636298866,0.04891215215071057,0.027599999999999986
2017-04-19,0.17863650045669824,0.16264389245089592,0.04614135097941097,0.032181000000000015
2017-04-20,0.1784384395563098,0.15720963575599103,0.06362123780475232,0.016759000000000024
2017-04-21,0.17870765543096762,0.1600031568285215,0.06334340794471961,0.02038899999999999
2017-04-24,0.17856709090375714,0.15867283912550031,0.036543373875642896,0.012580999999999981
2017-04-25,0.17862503318899925,0.15623170984047777,0.059340144108679646,-0.02305399999999999
2017-04-26,0.17838518321140734,0.15429807836568665,0.05339124020449823,0.015643000000000018
2017-04-27,0.1845163839783764,0.15344744332466093,0.04750388409720423,0.019154000000000004
2017-04-28,0.18579439836502573,0.15828238145685808,0.054003787630596656,0.005488999999999994
2017-05-01,0.18601551840157848,0.16150072967429863,0.06549719646673502,0.0045700000000000185
2017-05-02,0.1861308844207884,0.15666191145571853,0.05222486533930003,0.023596000000000006
2017-05-03,0.1882731845430118,0.15855110247489335,0.05935710120265103,0.02061199999999999
2017-05-04,0.18935440557976382,0.15841782007103666,0.059697095858371116,0.02086199999999999
2017-05-05,0.18947608626468956,0.16373464168586888,0.06050896205722395,0.02310999999999999
2017-05-08,0.1894479794903021,0.16548034057609215,0.06278391968684886,0.016989000000000004
2017-05-09,0.19080366278064242,0.1637085449663856,0.0632747017328829,0.020475999999999994
2017-05-10,0.19083398413365596,0.16302263414056795,0.059004238261538805,0.025370000000000004
2017-05-11,0.19183736553712852,0.16006140160263188,0.06864694598368154,0.022236000000000006
2017-05-12,0.19305603602944466,0.16185447649306786,0.06469339436761563,0.023231999999999975
2017-05-15,0.19344250934414817,0.16416966105966652,0.07117248857595883,0.007679000000000019
2017-05-16,0.19431774367881138,0.16157387098511672,0.049447334072678664,0.015446000000000015
2017-05-17,0.19436055855573206,0.16101632229752796,0.07745817112303771,0.029585
2017-05-18,0.1910646346598341,0.16367371293249375,0.060796271038453906,0.02518300000000001
2017-05-19,0.19051402986798105,0.16096315425476174,0.05613980029391484,0.030161999999999994
2017-05-22,0.18956561428513147,0.16277709714882918,0.036984944081373095,0.017203999999999997
2017-05-23,0.18975643219345356,0.16127566244066388,0.03444116797187771,0.022153000000000006
2017-05-24,0.18964812981306076,0.15953874560093684,0.041099961039435,0.02918599999999999
2017-05-25,0.1906268835703437,0.16357979793876343,0.048589007090049915,0.010765000000000025
2017-05-26,0.19125526577909696,0.16061808637993905,0.06102151441897026,0.022021000000000013
2017-05-30,0.1914269894713047,0.16148592133801173,0.09049529993104798,0.022587999999999997
2017-05-31,0.1921635736530267,0.15973786481692615,0.09958994086068675,0.027023999999999992
2017-06-01,0.19234229940476102,0.1593662138581544,0.09660175564281524,0.024007
2017-06-02,0.19207383834793573,0.15823893434661818,0.08998057932353125,0.023802000000000018
2017-06-05,0.19248733349467573,0.15945637736469118,0.09826687922323017,0.025658999999999987
2017-06-06,0.19289417587377886,0.15883817086509838,0.10384191097345097,0.026616
2017-06-07,0.19298420221960777,0.15947514256891868,0.10326800536187586,0.026040000000000008
2017-06-08,0.1929966992586587,0.16212552425405272,0.13097356574430066,0.018691000000000013
2017-06-09,0.18221501830736103,0.1614781237281318,0.1161408564776586,0.020004999999999995
2017-06-12,0.16836426848401162,0.1679728327645302,0.10126453347049627,0.026876999999999984
2017-06-13,0.16866863294759135,0.16542038768180975,0.07583506255983871,0.031752999999999976
2017-06-14,0.16315188290869653,0.1660755380518949,0.06670085965224912,0.02516099999999999
2017-06-15,0.1599366957545404,0.1662486937277372,0.06139132261083502,0.036629999999999996
2017-06-16,0.1592524798867336,0.16632295005991177,0.04606943389770718,0.029557
2017-06-19,0.1581348199906441,0.16493378658036442,0.03318853943883146,0.025790000000000007
2017-06-20,0.15712180465675077,0.16546148674245734,0.03912647995506022,0.03064
2017-06-21,0.15290300029701778,0.16376851857303718,-0.04741663926443257,0.026123000000000007
2017-06-22,0.15429488738746958,0.16358303426326992,-0.05237169083576712,0.022761000000000003
2017-06-23,0.1537523796194542,0.16180532002298856,-0.06460281535213422,0.023175
2017-06-26,0.15553165831373597,0.163416011512556,-0.05151026692896257,0.016555999999999987
2017-06-27,0.15643414819809665,0.16085902270384436,-0.03750915906374683,0.02074200000000001
2017-06-28,0.15440557331197807,0.16107322840265095,-0.05157861634369365,0.021472999999999992
2017-06-29,0.15214163745681972,0.16153373703246246,-0.03420550161623229,0.030402999999999986
2017-06-30,0.15150427000006747,0.16506818579810295,-0.038843674013900986,0.01924999999999999
2017-07-03,0.1512366450513214,0.16466022274436234,-0.03692847375499822,0.022237000000000007
2017-07-05,0.14919734030439513,0.16452333036623126,-0.04321658602055875,0.027508000000000005
2017-07-06,0.14871163615067648,0.16569906741910034,-0.03586590989407637,0.029777000000000026
2017-07-07,0.14870385453926707,0.16764560742165932,-0.038595331431681035,0.03309199999999998
2017-07-10,0.14795218120554612,0.16742475181929345,-0.04055999138916258,0.021893000000000024
2017-07-11,0.14720052664415573,0.16636517138312978,-0.02965261934121738,0.034665
2017-07-12,0.14694934397789353,0.16272665741680487,0.004848023960888209,0.01880699999999999
2017-07-13,0.14786781918206293,0.16131811253498432,0.002498794861849979,0.023559999999999998
2017-07-14,0.14804698974720032,0.15825497716198653,-0.0014802581697890282,0.025231000000000003
2017-07-17,0.14816051037107797,0.15376971813770537,0.014879005235638926,0.023459000000000008
2017-07-18,0.1506510034166902,0.14541286918377952,0.009454576661583836,0.029231000000000007
2017-07-19,0.15218148652062624,0.14556586765941323,0.022157411466818655,0.018505999999999995
2017-07-20,0.15540526869449883,0.1433675395118596,0.014779708826811483,0.02654200000000001
2017-07-21,0.16147141020093364,0.1437743765680771,0.030560914584213034,0.026250999999999997
2017-07-24,0.16273046552794793,0.14220195908354918,0.03526794889415344,0.027700000000000002
2017-07-25,0.1637617999939141,0.14045362213398466,0.039974295336293736,0.024638999999999994
2017-07-26,0.16432788767952083,0.14052127240745438,0.0396165754193481,0.029463000000000017
2017-07-27,0.15872941484073205,0.14337827655872298,0.035278461933144795,0.038116999999999984
2017-07-28,0.15813325792553418,0.14381440146888286,0.037807029841733286,0.028891
2017-07-31,0.15798029764413124,0.1442382246565571,0.04216640017101711,0.028062999999999977
2017-08-01,0.15933339882371342,0.14275757064120825,0.03642850203897374,0.027579999999999993
2017-08-02,0.15740872014442303,0.14288184523687023,0.04034944393491524,0.023696999999999996
2017-08-03,0.15688497493977044,0.14757061025468823,0.037295312568409705,0.028246999999999994
2017-08-04,0.16149369823241166,0.1473812650716692,0.04448185403272728,0.019845
2017-08-07,0.16284419271257836,0.14615635206153152,0.053380749602166294,0.016824000000000006
2017-08-08,0.1614607061043629,0.1463501865921799,0.05022032653600292,0.024382000000000015
2017-08-09,0.161446525848221,0.1494839713192945,0.061283162621985826,0.023874000000000006
2017-08-10,0.16093743143423297,0.15266902311402486,0.08611854375352448,0.040022
2017-08-11,0.1617481224943804,0.153039339530347,0.07680473573775146,0.028490000000000015
2017-08-14,0.16195185100399567,0.1520797299923007,0.06977145125613751,0.03100699999999998
2017-08-15,0.1616812635040822,0.1518028169546383,0.07105612781625062,0.03717899999999999
2017-08-16,0.1611702899106996,0.15040735880882455,0.0715418947784065,0.03297500000000003
2017-08-17,0.1609932817952372,0.1511253302625463,0.09469646572794371,0.03825500000000001
2017-08-18,0.16077822695190216,0.15187269063126274,0.09228057523945113,0.03517100000000001
2017-08-21,0.1608104262542184,0.1526355183322818,0.08839408904559648,0.02889999999999998
2017-08-22,0.16090295306444102,0.1594736245561983,0.09222095898657981,0.028338999999999975
2017-08-23,0.1619169834499816,0.15986812199142053,0.10058201749358003,0.030828999999999995
2017-08-24,0.16037789631413635,0.15861311972727649,0.08666395628693896,0.046706000000000025
2017-08-25,0.15950310063188294,0.15768889411010328,0.11162945307148006,0.02805100000000002
2017-08-28,0.15959491139932963,0.1568813285614602,0.11874599593529725,0.032767999999999964
2017-08-29,0.15871082973015146,0.15751082632755833,0.11836504870301959,0.02405400000000002
2017-08-30,0.16739371037335848,0.1574679966499381,0.11361167898016028,0.028144999999999976
2017-08-31,0.17053243031945312,0.15641543742375688,0.11217866950445085,0.034647999999999984
2017-09-01,0.17421149996310767,0.15467974718381428,0.11625628478444203,0.026626999999999984
2017-09-05,0.1804537661076537,0.15618415867078847,0.121659245291837,0.036551
2017-09-06,0.18702498205686857,0.15614243975543968,0.12188413762048278,0.03486699999999998
2017-09-07,0.19203080855501234,0.15578112364661148,0.11940505824344871,0.03223899999999996
2017-09-08,0.1937461440783669,0.1531965142111547,0.12106007396968071,0.03500599999999998
2017-09-11,0.19441437908442627,0.15203125006362955,0.11942821109229373,0.032326999999999995
2017-09-12,0.19383333530307878,0.1508907474451003,0.122536201503082,0.03302000000000002
2017-09-13,0.19585717737878713,0.1509601487916905,0.12000069475006606,0.033609
2017-09-14,0.19680233463453095,0.1511466078847733,0.1286350283580947,0.032664
2017-09-15,0.19719832059118597,0.1514513520977413,0.13765038762990087,0.029723
2017-09-18,0.20126021198093577,0.14979345318799409,0.11340095696155159,0.025785000000000002
2017-09-19,0.20294421060310833,0.14938104763266044,0.11385565832391911,0.041044
2017-09-20,0.20201240994356437,0.15067782770736532,0.0682019663851482,0.018399
2017-09-21,0.20145086166476625,0.15260608110879503,0.051349031637981546,0.021181000000000005
2017-09-22,0.2010961180338378,0.15433136533581754,0.04818334929622084,0.01855699999999999
2017-09-25,0.19860008065891954,0.15505421099755112,0.06401850571790632,0.02064000000000002
2017-09-26,0.19788001291883822,0.1530238558118944,0.05767713861418661,0.025448
2017-09-27,0.1977550677001186,0.1682241532777147,0.052112925908658764,0.020185999999999982
2017-09-28,0.19716273449300026,0.16747762439988007,0.04867530328102454,0.026160000000000017
2017-09-29,0.1971804183953677,0.16729618674105856,0.049538928239011154,0.017691000000000012
2017-10-02,0.1964032843930194,0.1653577318604967,0.057903195472813834,0.012831000000000009
2017-10-03,0.19788404340845445,0.16563191355428133,0.05540817692292008,0.021447999999999995
2017-10-04,0.1977829992650365,0.16535707817098266,0.055884333920563384,0.022007
2017-10-05,0.19742912932317253,0.16452258861509997,0.04831067051824725,0.020524000000000014
2017-10-06,0.19737575036949806,0.1640241793839818,0.05256518836333232,0.016270000000000007
2017-10-09,0.1982957929758663,0.1637364122712684,0.0536133584628308,0.019987000000000005
2017-10-10,0.19807887539256103,0.16446824629910087,0.04578676874180737,0.018830999999999987
2017-10-11,0.1977601415808535,0.16308355093396315,0.045260316643342124,0.017943999999999988
2017-10-12,0.19933930379715004,0.16270157806643537,0.03946953228570013,0.02426299999999998
2017-10-13,0.20315347196845773,0.16503906051452222,0.03449639023043902,0.019828000000000012
2017-10-16,0.20197739273540902,0.1631063758791666,0.035530859667414705,0.011693000000000009
2017-10-17,0.20109565885555633,0.16121261055056757,0.04727386218000382,0.01983199999999999
2017-10-18,0.19854351558621083,0.16059217684192417,0.029268761286303263,0.02323
2017-10-19,0.19439565986876436,0.1610674549232813,0.023801122022477222,0.016712000000000005
2017-10-20,0.19586309439887714,0.1597244372257711,0.022937300831765928,0.018625000000000003
2017-10-23,0.1974195546760598,0.15983048603364844,0.02143423034278824,0.019538
2017-10-24,0.19800572298257352,0.15909369901955914,0.01716392987359358,0.024630000000000013
2017-10-25,0.19694690695126482,0.16151186548038343,0.02767505766417927,0.019616999999999996
2017-10-26,0.19659615815382891,0.16073327735154644,0.022034036478497138,0.018424999999999997
2017-10-27,0.19695722742159916,0.16116179596509825,0.014198523372297767,0.017567
2017-10-30,0.19715698391394249,0.16140635729722086,0.02728992464959143,0.018137999999999987
2017-10-31,0.19817670517840724,0.160770079644447,0.03099582673748494,0.025331999999999993
2017-11-01,0.19911190298856812,0.176667528916316,0.024938665081354228,0.029476000000000002
2017-11-02,0.2080737619927405,0.17554841805324942,0.020998782585086556,0.020951000000000025
2017-11-03,0.22180382334533455,0.17583179982730404,0.020326560785257686,0.02051699999999998
2017-11-06,0.22344514501125531,0.17550328595897877,0.03199099015353471,0.020431000000000005
2017-11-07,0.22527972695249365,0.17421209288719655,0.032018903881379235,0.015307000000000015
2017-11-08,0.2382207629188985,0.17533445478983337,0.03449819519764405,0.018884000000000012
2017-11-09,0.23758783817839904,0.17224517485178592,0.04430823799849379,0.022138999999999964
2017-11-10,0.23813825203353262,0.17485768874492721,0.04265173418486351,0.021177
2017-11-13,0.23903340657403402,0.17398068435958136,0.048948100088197694,0.024335999999999997
2017-11-14,0.24129258539230336,0.17504805259074482,0.06399043895460635,0.017725999999999992
2017-11-15,0.24172788468780776,0.1736204238727125,0.07126731894108856,0.025065999999999977
2017-11-16,0.2444670365572107,0.1717646609732405,0.07477845701688307,0.024316999999999978
2017-11-17,0.2459148330882418,0.17275638987911843,0.0898927443207061,0.019313999999999998
2017-11-20,0.24602157447669626,0.17384917687074442,0.10902502590184143,0.01775500000000002
2017-11-21,0.2469069702341943,0.17418582697808832,0.10139178972297569,0.014168999999999987
2017-11-22,0.24748664900297124,0.17216639513103532,0.10970030230237143,0.019628000000000034
2017-11-24,0.24847285917207218,0.17306486350840253,0.10937202153880074,0.029397000000000006
2017-11-27,0.24963920101818318,0.17399216311830776,0.11634323202486363,0.019878000000000007
2017-11-28,0.25151420441420924,0.17293640168307553,0.11342492816302888,0.024475000000000025
2017-11-29,0.24952216139506592,0.1726552220190534,0.1398694358042732,0.023631999999999986
2017-11-30,0.24925847063571802,0.17243569529198507,0.1133624054137427,0.018440999999999985
2017-12-01,0.24701931795115964,0.17391235486742504,0.11505642630715252,0.037277000000000005
2017-12-04,0.2433699042515371,0.17861230970171763,0.16524874230713926,0.010643000000000014
2017-12-05,0.23984389357862693,0.1767374900551201,0.13676229222787353,0.028254
2017-12-06,0.2359051211398061,0.1751385924466967,0.10258518607459344,0.043115000000000014
2017-12-07,0.2344414628362519,0.2082502427142341,0.08618580763537892,0.029844000000000037
2017-12-08,0.2364250724823199,0.20943790462011222,0.09650064225440266,0.036632
2017-12-11,0.23695985071112644,0.2092505040950284,0.11010749510701132,0.03163499999999997
2017-12-12,0.2359424819736028,0.20852342952892036,0.09119312376611516,0.03480299999999997
2017-12-13,0.23657269859113572,0.20588232630362444,0.07413191915802383,0.02647499999999997
2017-12-14,0.24074834989764,0.20785131623185632,0.0850064685774968,0.018728999999999996
2017-12-15,0.23972704442323486,0.19348993351975882,-0.01360034154116288,0.024854999999999988
2017-12-18,0.23889768146878668,0.19152918194580537,-0.02390137106004439,0.023125000000000007
2017-12-19,0.24006030144098645,0.1924537655118733,-0.020086987534802536,0.022477999999999998
2017-12-20,0.2428219123300783,0.18884888580613612,-0.02941007992253919,0.025038999999999978
2017-12-21,0.24547414301763013,0.18310928938102575,-0.03187289779619071,0.025819999999999982
2017-12-22,0.25757991139828784,0.17985910559161203,-0.038276763106868145,0.027453000000000005
2017-12-26,0.2625672966176389,0.1821171466349557,-0.029345928574211505,0.02768100000000001
2017-12-27,0.2689506310289637,0.18271399269235816,-0.03428020990434513,0.027422000000000002
2017-12-28,0.2754577915980857,0.18220891954169074,-0.039548941634968526,0.024740000000000012
2017-12-29,0.27740111566058867,0.18167603351329736,-0.01640966165862917,0.02876999999999999
2018-01-02,0.2836535825812704,0.1758943611642757,-0.010051231791241594,0.02667
2018-01-03,0.28508058421379034,0.17651973739675772,-0.005312984831532003,0.02382899999999999
2018-01-04,0.28827133471396554,0.17583488161543778,0.015835507347980504,0.02301600000000001
2018-01-05,0.2898919961404759,0.17480462015506998,0.025411293783182243,0.026105000000000017
2018-01-08,0.29047572157033613,0.17264635328674197,0.04471688894365328,0.02473700000000001
2018-01-09,0.29075949657896166,0.17310299840600135,0.05005664776463095,0.02613199999999999
2018-01-10,0.29119469635810064,0.1730031545328231,0.055786074306527905,0.017889000000000016
2018-01-11,0.2922244564493355,0.17208815729829244,0.04115873172943904,0.027610999999999997
2018-01-12,0.292071003386135,0.1789595971238912,0.05143852098318502,0.015321000000000001
2018-01-16,0.28986555028984134,0.22433992724038648,0.06855725918497946,0.02554199999999998
2018-01-17,0.2898985348289118,0.193997584245836,0.05033466365783462,0.02657899999999999
2018-01-18,0.29014537182837175,0.20664111742460817,0.062105258078031134,0.023484999999999978
2018-01-19,0.29105310167745546,0.20348442591909457,0.05828404410469362,0.026103000000000015
2018-01-22,0.29145518848318247,0.20234391006744756,0.0626227866349684,0.015438000000000007
2018-01-23,0.296094173794799,0.17501678992812778,0.0688082981749496,0.017965999999999982
2018-01-24,0.2970129490604029,0.1777979909968352,0.0680226053736453,0.017652
2018-01-25,0.29721967700771934,0.17317649975325777,0.06036757907511617,0.018306000000000017
2018-01-26,0.2981216413071243,0.17352197402919722,0.0513788437088436,0.023977
2018-01-29,0.2988945851410742,0.1743341405456246,0.08926564950062038,0.012994999999999979
2018-01-30,0.2994034460122379,0.1736346433849707,0.06528439359708257,0.015125
2018-01-31,0.29887872194204745,0.1715472482281059,0.06131498550924952,0.016292999999999974
2018-02-01,0.30086577027771017,0.16825713327980674,0.05564384864550462,0.022701
2018-02-02,0.30098192858421785,0.1698307585397532,0.07406228116775962,0.024235000000000007
2018-02-05,0.29272117529355374,0.18236436458578903,0.1418187739857009,-0.020828000000000013
2018-02-06,0.2828379863661077,0.17884469165132832,0.04594545418517937,0.041661000000000004
2018-02-07,0.28301613626289257,0.179144904772968,0.03425153145093718,0.02759900000000004
2018-02-08,0.28200685927279884,0.18188350618322693,0.10777481338390699,0.040327999999999975
2018-02-09,0.271199730940817,0.17699419464977217,0.05015153044667736,0.11802499999999999
2018-02-12,0.2717149279426473,0.17783250934014022,0.012157962342944417,0.06278700000000004
2018-02-13,0.27192818363347987,0.1740827148311894,0.012162125061305873,0.05049099999999995
2018-02-14,0.27086546772987014,0.1737665247763304,-0.0017562251411495922,0.03909099999999999
2018-02-15,0.27003288936605757,0.17292856597319212,-0.007427398873501245,0.039078999999999975
2018-02-16,0.27008407007592283,0.18578046191932893,0.0026871181990695825,0.027936000000000016
2018-02-20,0.2680508773880392,0.19893344700906307,0.015490377411762679,0.02987500000000004
2018-02-21,0.26821069112830537,0.23874998347035728,0.0106786639386377,0.025682999999999956
2018-02-22,0.2689973135376096,0.23781742697149869,0.001823115081332649,0.031571000000000016
2018-02-23,0.2689869654851651,0.23028724544493262,-0.012681291785215876,0.036051
2018-02-26,0.268667062359676,0.23696155286248477,-0.004228625152377097,0.03737399999999996
2018-02-27,0.2681539234383499,0.23948976857867174,0.014487567077867747,0.025766999999999984
2018-02-28,0.2673767746379282,0.23934940829021992,0.01861439868437592,0.03372700000000001
2018-03-01,0.2664797053725567,0.2377959040931757,0.02978394606566226,0.04891400000000001
2018-03-02,0.26294792009300305,0.2357380993103276,0.011179326593199368,0.03884199999999999
2018-03-05,0.2618638111477742,0.23679304610139612,0.0001375215297986787,0.03581400000000001
2018-03-06,0.2616194660632688,0.23759449939382288,-0.006686706430903022,0.041659999999999975
2018-03-07,0.26052950425898636,0.23724870778989768,0.017820034309440735,0.043062000000000045
2018-03-08,0.26342975701716215,0.23454671738248342,0.04046288198154446,0.04145899999999997
2018-03-09,0.26389355198736153,0.22394066027329712,0.025384665627207315,0.039688999999999974
2018-03-12,0.26419282248326686,0.23153892657767094,0.05466843488924483,0.02818799999999999
2018-03-13,0.26238441017429487,0.23264500876728986,0.09444857922132752,0.038654999999999995
2018-03-14,0.26231663384417736,0.2338942645414779,0.09352412409380526,0.04382199999999997
2018-03-15,0.2617483301196268,0.23392279355557793,0.10075915237913485,0.03842399999999996
2018-03-16,0.2625633999985121,0.2235227711279578,0.009037325428781273,0.02480299999999999
2018-03-19,0.25970798524401617,0.22507256847131207,0.023531277752289137,0.03894799999999998
2018-03-20,0.25903672773407954,0.2229636080169208,0.013614818307811194,0.038154999999999994
2018-03-21,0.25889912804693654,0.21990895491551757,0.034926473737159514,0.02849400000000002
2018-03-22,0.25828346353758525,0.2227777300371631,0.060500543161876474,0.036528000000000005
2018-03-23,0.25575148412420884,0.22896446156672265,0.06935185960587792,0.039320999999999995
2018-03-26,0.25555128573896885,0.22391055260668533,0.03769585522258037,0.04474699999999998
2018-03-27,0.2445322055655009,0.2357130761750956,0.05671635201449843,0.03173199999999998
2018-03-28,0.24077272865966318,0.24120833480484036,0.06231569591839248,0.04642600000000002
2018-03-29,0.23493102365932036,0.24014880716798656,0.019372394465448084,0.03911899999999996
2018-04-02,0.22805786443263787,0.24193309675298894,0.04347916150549813,0.051187999999999956
2018-04-03,0.22596238027873933,0.24114853495806907,0.01944299846595443,0.055247999999999964
2018-04-04,0.21846757821840715,0.24339736436774892,-0.006346098949161549,0.042671000000000014
2018-04-05,0.21551604290501555,0.24299747226756307,-0.02972101253810855,0.04300200000000004
2018-04-06,0.21211820937108744,0.24384679054507102,-0.008398817606361075,0.045425999999999966
2018-04-09,0.2105504049293136,0.24332266297591448,-0.021528462146618133,0.05077000000000004
2018-04-10,0.20963989518906695,0.24371300659078787,-0.04007436517223839,0.04936099999999999
2018-04-11,0.2091465502569409,0.24411117484855888,-0.044541114969760376,0.04738899999999996
2018-04-12,0.2092672300399047,0.23941264001668447,-0.05438684348646772,0.03533499999999995
2018-04-13,0.2088351304789775,0.2397740132942712,-0.06145757873347735,0.03585299999999997
2018-04-16,0.20822009925809418,0.24056404175908902,-0.07418225883069512,0.034902000000000016
2018-04-17,0.21003437252796514,0.2403490211743706,-0.07583385062529052,0.04319500000000001
2018-04-18,0.2093825522429629,0.2402221878341451,-0.06370724737223438,0.035354
2018-04-19,0.20898916489208,0.23986920491226585,-0.05450764887084125,0.03533700000000001
2018-04-20,0.20776377868670984,0.23691134248121684,-0.04108841042723327,0.03960799999999998
2018-04-23,0.20687728320731985,0.23620546321232957,-0.044415295516042896,0.038048000000000026
2018-04-24,0.200274866031106,0.2396249742217118,-0.03596193406191467,0.043605000000000005
2018-04-25,0.1973188871369473,0.23973592105260136,-0.0326297481715892,0.043626
2018-04-26,0.19785021695807492,0.23342806339549732,-0.030761168861010435,0.037724000000000035
2018-04-27,0.2001220342786818,0.23055244377998954,-0.027631159740060807,0.029113
2018-04-30,0.20647369125140305,0.23318382207623184,-0.008995880795784006,0.02866799999999997
2018-05-01,0.20731718687758732,0.23052662931947776,0.00286836078535746,0.035148999999999986
2018-05-02,0.207632736735986,0.2304126364558579,0.009822270803091337,0.03050900000000001
2018-05-03,0.2050390056726621,0.2088313770647779,0.02115087689194689,0.04059500000000005
2018-05-04,0.2050081406153591,0.20876234971147184,0.023537723583063552,0.04145399999999999
2018-05-07,0.20487355865350074,0.21228301791397608,0.03413266222770214,0.03717400000000004
2018-05-08,0.20343527746104795,0.21492716251398455,0.03164701960435087,0.03779300000000002
2018-05-09,0.20171310872029177,0.21066481574729912,0.019723116705962357,0.036954000000000015
2018-05-10,0.20106980362530438,0.21563302403164575,0.016950582831436273,0.03006700000000001
2018-05-11,0.2010288482019588,0.2185016474318769,0.015970916223269155,0.028727999999999976
2018-05-14,0.19950536893282567,0.2205710375236032,0.029338802867288682,0.025859999999999994
2018-05-15,0.19903468707847907,0.2217915675546875,0.03927306470754047,0.026686000000000043
2018-05-16,0.20275166060075692,0.22065541825341234,0.03843394308538525,0.029119000000000006
2018-05-17,0.20191623110058673,0.2191708567163263,0.04014471943945047,0.027171
2018-05-18,0.20274605603169538,0.21587263142023883,0.03907669813159831,0.025735000000000008
2018-05-21,0.20247627552906008,0.2159000960495041,0.042491744142124505,0.023882000000000014
2018-05-22,0.2006563459665464,0.21577433245614608,0.04521534471630298,0.03029200000000004
2018-05-23,0.1999821748201799,0.21175044514456784,0.05944989684826149,0.029511999999999983
2018-05-24,0.19863049464064475,0.21088399352721432,0.06110686799104617,0.03349000000000002
2018-05-25,0.19935741982978314,0.21013563395138857,0.06422290781769754,0.029615999999999976
2018-05-29,0.1999664395259474,0.21770778463302395,0.09182501568518947,0.028600000000000014
2018-05-30,0.1996033523112966,0.21172838061788346,0.07679684097668385,0.024851999999999985
2018-05-31,0.20022176689265164,0.20980654025610526,0.07438176446164091,0.029528
2018-06-01,0.20042521655788248,0.21149810013595494,0.06009661265211183,0.024770000000000014
2018-06-04,0.20012568024571423,0.21842500873193824,0.07925575573156293,0.030806
2018-06-05,0.20057765616787268,0.21818637359938153,0.08662705182605202,0.026965000000000017
2018-06-06,0.2048761072074463,0.21713716476311049,0.08340733619739013,0.031232000000000038
2018-06-07,0.20039003792422327,0.21569861507118182,0.10992786498173668,0.03309899999999999
2018-06-08,0.20150778848375625,0.2001545558629383,0.09254490802896276,0.03245999999999999
2018-06-11,0.2024837184828008,0.20495319257677122,0.09838094055176091,0.02704099999999998
2018-06-12,0.20324136326613287,0.20199682073632133,0.09022640181495534,0.03048500000000004
2018-06-13,0.20360307761775873,0.20324733227443378,0.09092137993594751,0.02869299999999997
2018-06-14,0.20485630172360533,0.20796503683384912,0.09741823306640776,0.016417000000000015
2018-06-15,0.20614375125638493,0.19893128217213976,0.037041978615087456,0.025992000000000015
2018-06-18,0.20603006151068065,0.20052989474686242,0.049648213853998535,0.01855000000000001
2018-06-19,0.20637972386204423,0.19913048769349018,0.04240488929663175,0.022795999999999983
2018-06-20,0.20821999528047416,0.19984074593692663,0.03778874917260536,0.024048000000000014
2018-06-21,0.2087090420037909,0.1987654924184612,0.04737585788457277,0.02597299999999997
2018-06-22,0.20965330939029372,0.2004068963973301,0.056984288198268035,0.02659499999999998
2018-06-25,0.2095014029852313,0.20487602445102215,0.08221604819459188,0.030940999999999996
2018-06-26,0.20861183122504712,0.2013083721536589,0.04350042482743499,0.038278000000000006
2018-06-27,0.20722164320867778,0.20784506210313552,0.06695671790620941,0.033918000000000004
2018-06-28,0.20611777594013075,0.20556760195938903,0.04961238716164501,0.038522999999999974
2018-06-29,0.20601833120475738,0.2091411628018612,0.06095064220927848,0.02819100000000002
2018-07-02,0.2062030896261444,0.2047759894597271,0.05096491647706666,0.03750200000000001
2018-07-03,0.2065393371029317,0.205782086147758,0.05258219184662777,0.02727400000000002
2018-07-05,0.20701117023705518,0.20066076700615748,0.03704112441934915,0.032262999999999986
2018-07-06,0.21122738414208037,0.20207742892483563,0.02019261414032597,0.030388
2018-07-09,0.21395048579093634,0.19944800887331277,0.03158277390811018,0.030376000000000014
2018-07-10,0.22607451763842984,0.19864222084452357,0.03024867351354099,0.02905100000000002
2018-07-11,0.22843030831107683,0.19587448082037065,0.031606016748058796,0.03195100000000001
2018-07-12,0.23294043164025682,0.19749107104144928,0.026308576098807795,0.027744999999999992
2018-07-13,0.23998044182465253,0.20252804559503376,0.03063144185917402,0.024573999999999985
2018-07-16,0.24243216710316592,0.21116894131420785,0.028574720762238964,0.031433000000000016
2018-07-17,0.24168922830178485,0.21005921295699162,0.02568253106362134,0.02815200000000001
2018-07-18,0.24364715533982306,0.2096223794468856,0.03395875509594351,0.026001999999999997
2018-07-19,0.2454485800811679,0.20941658287755688,0.03468258797661222,0.031570000000000015
2018-07-20,0.2513489209945146,0.20819033127899012,0.02684618474171019,0.029403000000000012
2018-07-23,0.25323077082355777,0.2073465702637851,0.03035292686168442,0.027225
2018-07-24,0.2548621726449127,0.205206262568546,0.02880041394052632,0.02782699999999999
2018-07-25,0.26209812192624676,0.20397529465812111,0.021851669561176457,0.029727000000000003
2018-07-26,0.2699311075421153,0.20506751163703238,0.033917268336992434,0.029363
2018-07-27,0.2700164457888848,0.20591637636501187,0.04858177317846343,0.030778000000000028
2018-07-30,0.27068111077730816,0.21010552375091943,0.06464944900807706,0.03523100000000001
2018-07-31,0.2901115298966008,0.2102241659980277,0.04276936961058708,0.034226000000000034
2018-08-01,0.2964196021255316,0.21002487455381477,0.03024955153505407,0.03385400000000002
2018-08-02,0.29703220498258776,0.201376120291809,0.019491032915099182,0.030978000000000006
2018-08-03,0.2978332819829768,0.20149975469052078,0.009277411800734853,0.03383000000000003
2018-08-06,0.3005388373114085,0.20357822482308732,0.01538095528960745,0.027887999999999996
2018-08-07,0.3034127901993307,0.20347196952662333,0.015022865264124996,0.027955000000000008
2018-08-08,0.30567202320591746,0.21005006195460027,0.019106211618778762,0.019016000000000005
2018-08-09,0.307815021784131,0.2098525426604832,0.013423891363490675,0.025793999999999984
2018-08-10,0.3089782776743928,0.2181015106733105,0.022913101322629525,0.026840000000000003
2018-08-13,0.3108874423213823,0.21798540631695695,0.0406196771184508,0.025881000000000015
2018-08-14,0.3127014913387649,0.21846433701519924,0.030664936668778536,0.02481799999999998
2018-08-15,0.31289218873053726,0.2188798364215095,0.0565982640172189,0.031235999999999986
2018-08-16,0.31686450622851037,0.21899797202576987,0.046304730569714125,0.03058099999999997
2018-08-17,0.3197784097811684,0.21783695128970085,0.05036157644953215,0.024695000000000022
2018-08-20,0.32058219505080265,0.2558442243811113,0.05991647588301077,0.02622599999999997
2018-08-21,0.3291544137791164,0.25672554213841015,0.056858785849949856,0.03139599999999998
2018-08-22,0.33934400644500157,0.26242588381964543,0.0635523808174793,0.032655000000000045
2018-08-23,0.34148599616133213,0.2450748991444938,0.06047511941902162,0.035777
2018-08-24,0.34193725939298736,0.24314608653787154,0.06369391979603162,0.02848099999999998
2018-08-27,0.34242622736640593,0.24558237822147896,0.06848333515284552,0.025412999999999963
2018-08-28,0.3429674939410595,0.2489357255112724,0.07971558997873199,0.026033
2018-08-29,0.3446290013063516,0.24507480872859524,0.08270921984726529,0.021115999999999968
2018-08-30,0.346808689654626,0.24213813452082966,0.09033320065099129,0.025455000000000005
2018-08-31,0.3473144190244378,0.23160570550866064,0.09463766775663068,0.026805999999999996
2018-09-04,0.3491971861598429,0.23917105899760616,0.11082929893102789,0.02820499999999998
2018-09-05,0.3488049805656315,0.24790576172197878,0.13104177080804402,0.03890500000000002
2018-09-06,0.35153252223688336,0.2417234357661765,0.1274754718423157,0.04142100000000004
2018-09-07,0.3524592735750648,0.2531617120945922,0.12428105739518441,0.04264899999999999
2018-09-10,0.3531826472099185,0.25276909606332465,0.11412797650761913,0.04095900000000002
2018-09-11,0.35455695427139905,0.2465812606320713,0.11766835900912795,0.03139699999999995
2018-09-12,0.35501356987437804,0.24494610722534552,0.1004550941724778,0.031335999999999975
2018-09-13,0.35596063285952634,0.25607823769905097,0.08534983377630115,0.033999999999999975
2018-09-14,0.355033415784344,0.24551362134501184,0.03390283323851376,0.022175
2018-09-17,0.35823128960763634,0.253703681789278,0.03881370166734702,0.03532400000000002
2018-09-18,0.35838283309116076,0.2469713365369651,0.031161642194085487,0.03181600000000001
2018-09-19,0.3621302433220818,0.24526908952860474,0.030733262376917897,0.02876100000000001
2018-09-20,0.36847212013180874,0.24966364399231758,0.021245210201583098,0.027664999999999995
2018-09-21,0.3749641520705128,0.2499871427666494,0.02039031629976759,0.030026000000000025
2018-09-24,0.37673599096134297,0.24735975391037535,0.02866621369759917,0.024278999999999995
2018-09-25,0.3804591805482512,0.30283453650502057,0.027354468150258854,0.028543000000000013
2018-09-26,0.38535785606552897,0.30455708260967324,0.02791596839432689,0.028874999999999984
2018-09-27,0.3869171729638592,0.2975177461866757,0.032481790398158294,0.020207000000000003
2018-09-28,0.3872380176611602,0.29747090625853817,0.025473632055685924,0.027710000000000012
2018-10-01,0.38849038360317234,0.29736691602927373,0.022155834268649838,0.030603999999999965
2018-10-02,0.3904903451636513,0.3014653702857183,0.030188028803343037,0.030351000000000017
2018-10-03,0.3937490003641878,0.2793785389809953,0.023730721910530078,0.02966000000000002
2018-10-04,0.3920178620926471,0.25493476771321383,0.04647339513083079,0.034770999999999996
2018-10-05,0.3911949177366592,0.25245281543642406,0.03652805378185037,0.03862000000000004
2018-10-08,0.3860981817155584,0.2518087560600007,0.04250515129535787,0.04350000000000004
2018-10-09,0.38544882106434314,0.2527762172915949,0.028987847487830398,0.04656899999999997
2018-10-10,0.3828439395091321,0.2524093856069949,0.0932790572976685,0.044321
2018-10-11,0.378366929661102,0.25952687111841266,0.13294708480615358,0.04525800000000002
2018-10-12,0.3775257177280254,0.2614458046911644,0.05661415673867909,0.048704000000000025
2018-10-15,0.3771522302581964,0.26891218940218714,0.07918448799250383,0.046142000000000016
2018-10-16,0.37637684359063006,0.2674164899738128,-0.02015931755805228,0.03955500000000001
2018-10-17,0.376473065150208,0.2653874340975417,-0.017838242963975515,0.04815400000000003
2018-10-18,0.3731033680310137,0.26151631740607545,0.002959833667084022,0.05797000000000002
2018-10-19,0.37392940841127587,0.2550701262475794,0.005081916734013481,0.05181400000000003
2018-10-22,0.3720811847723854,0.24584001593688368,-0.007474666781680461,0.047622
2018-10-23,0.36706006633119637,0.24958423630638063,-0.019370321169006166,0.05499999999999999
2018-10-24,0.36086751693222135,0.25426676993304814,0.016510901552791446,0.066218
2018-10-25,0.35950905788766013,0.25080619819872396,-0.027602610305025532,0.06076999999999999
2018-10-26,0.3548969203054077,0.2470798139089978,0.00511656846874764,0.07558700000000002
2018-10-29,0.3384995876320693,0.23820414842870338,0.021321132429343526,0.086557
2018-10-30,0.3335018634248141,0.2756064900473264,-0.013664973911618639,0.073799
2018-10-31,0.3341233602126033,0.2740001113823751,-0.04971239261724125,0.06221899999999997
2018-11-01,0.33310290663352476,0.25230630146858646,-0.07424139226078141,0.05914900000000001
2018-11-02,0.3314710953117279,0.2658200655250305,-0.04678860507224564,0.05841600000000002
2018-11-05,0.32910249083400633,0.26471041296044223,-0.05624208144631371,0.056113000000000024
2018-11-06,0.32742007033589143,0.2671743346041596,-0.06006405949163501,0.061562000000000006
2018-11-07,0.32578891792125836,0.2643061461924883,-0.09616200075177272,0.05190100000000003
2018-11-08,0.324745218843763,0.26339584087099255,-0.09601475846533863,0.057996999999999965
2018-11-09,0.3228429141909278,0.2612763219030572,-0.05601770343668011,0.058350999999999986
2018-11-12,0.3209667289220945,0.26301284879732967,0.007255957722145212,0.06359899999999996
2018-11-13,0.3185443628196448,0.2539231557244733,0.016571526914372137,0.05866099999999996
2018-11-14,0.3143899823598252,0.2529581198819559,0.03981848253222814,0.05853599999999998
2018-11-15,0.311352258027593,0.25073780113925725,0.01659726876540335,0.07620300000000002
2018-11-16,0.31093657214979575,0.24899031966129095,-0.0019685088632218073,0.065031
2018-11-19,0.3017093859873357,0.2569159924508922,0.07505396527405117,0.07228799999999996
2018-11-20,0.2902553615500976,0.25787456567102107,0.06723145075977521,0.06706100000000004
2018-11-21,0.28875113272486447,0.2567119417862137,0.01900613429040443,0.068488
2018-11-23,0.28913865624949847,0.25192690306266324,0.03379053378299074,0.06644700000000003
2018-11-26,0.28862985190683355,0.2494786246563057,-0.015589991718018281,0.057582999999999995
2018-11-27,0.288647712716079,0.24525852740110868,-0.01670530139271531,0.05848599999999998
2018-11-28,0.2907620826640394,0.24439491516123063,-0.01137372114269175,0.05158400000000002
2018-11-29,0.2880822364114973,0.24960222361238432,-0.003110784985134507,0.05530999999999997
2018-11-30,0.2886211484699972,0.24554148070279988,-0.001999733041150642,0.05135000000000001
2018-12-03,0.2865613016089631,0.23988486329317407,-0.03754808684994454,0.046686000000000005
2018-12-04,0.28511902268210276,0.24103498012517935,0.018019789427786037,0.05920199999999998
2018-12-06,0.2813648272986732,0.27570456035375135,0.019051831250232576,0.06108199999999997
2018-12-07,0.27988781806486007,0.2792339939517831,0.07760805345449295,0.09568600000000005
2018-12-10,0.2792242075335559,0.27933184307284054,0.07496939468926028,0.07569599999999999
2018-12-11,0.27695685105055023,0.2720520412808595,0.05717532170731349,0.06833600000000001
2018-12-12,0.2788191828524384,0.26953110273232717,0.06092956471560912,0.06448100000000001
2018-12-13,0.2784223270247639,0.2660632595283573,0.028016137265786167,0.09472399999999997
2018-12-14,0.27731564490647775,0.2654576377200686,0.032062218343909876,0.04212199999999999
2018-12-17,0.273685450770281,0.2687739142626857,0.04743817657334237,0.066658
2018-12-18,0.2720784802118505,0.27018550012402615,0.043295586508438455,0.04861599999999999
2018-12-19,0.26584188319979757,0.26848896341725653,0.045497088907942684,0.029952000000000034
2018-12-20,0.2570862523447299,0.27250719310254007,0.0638973842037267,0.055111999999999994
2018-12-21,0.24656642681802293,0.27500769203151504,0.10111803133493297,0.053062
2018-12-24,0.24372648785601986,0.273992336621008,0.1685197494378205,0.038213
2018-12-26,0.23841129781083095,0.272852781519204,0.09032356193527435,0.07040300000000005
2018-12-27,0.2297883042413842,0.27491778758803903,0.07146161732082307,0.06371300000000002
2018-12-28,0.22736132326851607,0.26941518284062904,0.03873756868600681,0.06286000000000003
2018-12-31,0.22756575700696535,0.26603246509874784,0.014493214597607107,0.059024999999999994
2019-01-02,0.2248664346470682,0.2651788206034204,0.02387954424469424,0.05736999999999998
2019-01-03,0.22342974802821688,0.2683207231933853,0.03819122347981918,0.053348000000000007
2019-01-04,0.21730924248458058,0.267428225365692,0.002214305825253282,0.052597000000000005
2019-01-07,0.21595847360343318,0.26563038812264866,0.0041941832321577555,0.04310799999999998
2019-01-08,0.21386101725495757,0.26970507707550656,-0.029053917964335763,0.054642000000000024
2019-01-09,0.21071569726224323,0.2688748137854596,-0.04271319994472644,0.05291400000000002
2019-01-10,0.20860994456718415,0.2677763749331151,-0.04938246959742382,0.04759600000000003
2019-01-11,0.20781023603275342,0.26520756101226,-0.06383952870387855,0.04214899999999999
2019-01-14,0.20684091692199616,0.22124918644992522,-0.06286027948469441,0.03673000000000004
2019-01-15,0.205188017706774,0.22172112764683916,-0.07824443559863736,0.04042000000000001
2019-01-16,0.20461465116367664,0.2217868920447971,-0.09039132305210823,0.040371999999999963
2019-01-17,0.20368322477312892,0.22118953580253542,-0.06581289891041575,0.025685999999999987
2019-01-18,0.20091065269536593,0.22309389189351242,-0.08337889754633321,0.032335
2019-01-22,0.20108385037371554,0.2246614666566636,-0.03333737753833005,0.04586000000000001
2019-01-23,0.1971347262825449,0.22457896208505407,-0.016416756651368714,0.033870999999999984
2019-01-24,0.1975009539658014,0.2227490919659546,-0.00220610422997225,0.041872999999999994
2019-01-25,0.19816415102526552,0.22434914405757947,-0.014330981018267352,0.040944000000000036
2019-01-28,0.19933093158089,0.22482118445676824,0.013398938031683294,0.056889999999999996
2019-01-29,0.1982206020686864,0.22456236496500753,0.03891354424728588,0.04540099999999997
2019-01-30,0.19812715426024383,0.22483592654812581,0.04306948289304413,0.04840100000000003
2019-01-31,0.19866891419099522,0.22222957730462886,0.03068289446990452,0.04634300000000002
2019-02-01,0.19722838643551188,0.22224393075864426,0.02240934054402488,0.03637299999999999
2019-02-04,0.19598911621022658,0.22209102627433935,0.01272105601270554,0.044693999999999984
2019-02-05,0.19767578896584936,0.22089983542677194,0.023792499645703485,0.03950300000000001
2019-02-06,0.19668506411313166,0.22117133288966645,0.02873389076261379,0.041801000000000005
2019-02-07,0.19830895051295644,0.222115731061675,0.05480375337284937,0.04720599999999997
2019-02-08,0.2013636030258233,0.22237802595789802,0.06486533789886417,0.04417700000000002
2019-02-11,0.20320079876011424,0.2226108511097111,0.08194670558307862,0.042404
2019-02-12,0.20367298106844747,0.2221285158569531,0.0754283103281517,0.04198099999999999
2019-02-13,0.20415391630692922,0.22151480858116257,0.08023579887619195,0.040466
2019-02-14,0.20546209502785662,0.221949927446427,0.09012959628945591,0.041923000000000044
2019-02-15,0.206487693585135,0.22046063173160574,0.08395347514568796,0.041051000000000004
2019-02-19,0.20688198531634688,0.22055968489827377,0.08325718494039089,0.043801000000000034
2019-02-20,0.20555812645839883,0.20304227637897201,0.08996373866164933,0.04611399999999999
2019-02-21,0.20519109440042657,0.2044512510207913,0.10119088236629134,0.04601999999999995
2019-02-22,0.20689643526090779,0.20248655128659357,0.11043976341933431,0.046095
2019-02-25,0.20662496750698514,0.2021388474442036,0.10542741366344993,0.04334100000000002
2019-02-26,0.20658866317546287,0.204327215960667,0.10591362629689455,0.03844700000000001
2019-02-27,0.20516600327146578,0.20395509305743634,0.09922679250994404,0.04516300000000001
2019-02-28,0.20422057903284352,0.2051910767793304,0.10485760435396874,0.05235200000000001
2019-03-01,0.20395140655122407,0.20372980019714118,0.10188589541582194,0.03964799999999996
2019-03-04,0.205064353583377,0.21875379641180825,0.10954233442512562,0.055918999999999996
2019-03-05,0.21189081979760788,0.21598503683453738,0.10821952524128417,0.03872700000000001
2019-03-06,0.21115258417324914,0.21721179198074222,0.11297222589992725,0.051898
2019-03-07,0.2112261487504598,0.21904890115142564,0.12835420156906946,0.05774399999999996
2019-03-08,0.21182619759551027,0.22096742850470996,0.13548056430928326,0.06183099999999997
2019-03-11,0.2122262255559988,0.2189111517177633,0.11820306644167605,0.06018000000000001
2019-03-12,0.21718718372112325,0.21587607169075454,0.09555929108301078,0.055699
2019-03-13,0.21568150217555843,0.21473411156311753,0.08740700280024666,0.041444000000000036
2019-03-14,0.21497508829755518,0.21509428995687024,0.09164866034115787,0.05163699999999999
2019-03-15,0.2109387906955919,0.20726568367263687,0.008067472947021953,0.050580000000000014
2019-03-18,0.20876089331770353,0.20721692040513512,9.236209154042663e-05,0.03586399999999998
2019-03-19,0.2077971031833227,0.2090522137150108,-0.0032226451855674465,0.036166000000000004
2019-03-20,0.20775342449807485,0.21156144207769242,0.006619938442972123,0.032718000000000025
2019-03-21,0.20823183055495842,0.21239872887143124,-0.0015242714527405332,0.03862800000000002
2019-03-22,0.20826041515522378,0.21318500062995543,0.03271891335747279,0.03379499999999999
2019-03-25,0.20700065180015337,0.2148163104528497,0.02256392471812141,0.04611000000000001
2019-03-26,0.2108898422986086,0.2157342082686483,0.009880504835941023,0.04263300000000003
2019-03-27,0.20874982411564325,0.215160493165787,0.017961033499154677,0.050703
2019-03-28,0.208233574872701,0.21317157984040258,0.01453359408632407,0.036390000000000006
2019-03-29,0.20839710816959048,0.21225561656894762,0.0017949662525450216,0.03986999999999999
2019-04-01,0.20838987133220496,0.2164461016684333,-0.005460296082637928,0.03992100000000001
2019-04-02,0.2068695195196383,0.21233981675074956,0.011168770312477233,0.037139000000000005
2019-04-03,0.20698833386830187,0.21273191048110962,0.01699989099045543,0.033358
2019-04-04,0.20552929593852326,0.2151048112670565,0.01462252574013842,0.034001
2019-04-05,0.20545099648758194,0.21468940591276714,0.009853750526884225,0.03822900000000001
2019-04-08,0.2050489637843917,0.21368084956100403,0.013417883813982373,0.03781899999999999
2019-04-09,0.2053212802790275,0.21618914279031254,0.019008114007881105,0.038380000000000025
2019-04-10,0.20582406408844464,0.21615779936328994,0.018309759948673204,0.042012999999999995
2019-04-11,0.2065938444138148,0.21929120112106076,0.025551649521755232,0.03933499999999998
2019-04-12,0.20650653074414743,0.21991745022835255,0.02073775234892808,0.028621000000000008
2019-04-15,0.20626953380738852,0.21270815596013717,0.03596177807930606,0.030971
2019-04-16,0.20617865792498585,0.20055298518209067,0.03311722372928641,0.03132600000000002
2019-04-17,0.20589173457599302,0.1989031782447396,0.0376613390925494,0.03415699999999999
2019-04-18,0.2069893383505843,0.1991687765600882,0.03720631283257425,0.03085500000000002
2019-04-22,0.20703070141610214,0.1983643123073277,0.03756183487928991,0.02904000000000001
2019-04-23,0.206367607243632,0.199818181479689,0.04059671480005256,0.033763000000000015
2019-04-24,0.2059884520825903,0.19994185133351933,0.052335923078068225,0.029792999999999986
2019-04-25,0.2049882454792883,0.20768658437846177,0.0482845687798194,0.029184000000000015
2019-04-26,0.20371589221494027,0.20111144063398928,0.04721960739181458,0.034774
2019-04-29,0.20617565499757975,0.21544320915860823,0.054155051219581724,0.03201700000000002
2019-04-30,0.2064192609543617,0.2154714187053363,0.06169205828418228,0.022843000000000002
2019-05-01,0.2097444144330715,0.21544225376669396,0.06676819145704169,0.02556
2019-05-02,0.21134846640761498,0.20896363516349717,0.06239478198102996,0.03729500000000002
2019-05-03,0.21413717789327005,0.20912282428971354,0.05340305502671669,0.03484499999999999
2019-05-06,0.2165943539872166,0.2160952759499952,0.07175217986579602,0.04445400000000002
2019-05-07,0.21465410152485712,0.2338255983893167,0.11227414673879119,0.06023099999999998
2019-05-08,0.21546704898743294,0.232641950261049,0.1071811762954823,0.05016100000000001
2019-05-09,0.2152385313133246,0.23230195542267593,0.10585394142792526,0.05757399999999996
2019-05-10,0.21310385726844633,0.2275600652587668,0.06414435558785778,0.04405499999999998
2019-05-13,0.2122608692837363,0.2346648321683161,0.10998792820664319,0.059767000000000015
2019-05-14,0.21455366387121105,0.23618120046364702,0.0770475322726773,0.04927699999999996
2019-05-15,0.21662282613585912,0.2318894953806857,0.050469877805540325,0.05178900000000003
2019-05-16,0.21591717029281984,0.2326521572638226,0.040824112344737346,0.047584000000000015
2019-05-17,0.2168769090741715,0.23674197859410692,0.051893273942385326,0.04935499999999998
2019-05-20,0.21636046362229572,0.24183568899197597,0.0964414240560249,0.04708599999999996
2019-05-21,0.2162156145415159,0.24277577842866974,0.07595905949097631,0.047367999999999966
2019-05-22,0.21720768418246894,0.2391134526664678,0.08233003285956925,0.044233999999999996
2019-05-23,0.21753249096180285,0.2455368892949689,0.11638547816227637,0.060197999999999974
2019-05-24,0.2234318554834634,0.24041766549588045,0.10683888042994469,0.05548200000000003
2019-05-28,0.22238271184247313,0.24325598733453352,0.12256426068549392,0.050900999999999974
2019-05-29,0.22279183996107654,0.23956278512866355,0.1436723446138501,0.058679999999999954
2019-05-30,0.22470692111029514,0.23788204153376305,0.12454423931486089,0.058645999999999976
2019-05-31,0.2245381803012943,0.23902069268446607,0.14797657122303284,0.060748000000000024
2019-06-03,0.21968057221288598,0.25576388189915567,0.15933625904709908,0.06621500000000002
2019-06-04,0.21436391970985444,0.2538193157459182,0.08788024545345377,0.061311000000000004
2019-06-05,0.2136197413095184,0.25237321365657395,0.09281424760535056,0.05833700000000003
2019-06-06,0.21471222696420855,0.2514332527192308,0.08486485373406089,0.05970599999999998
2019-06-07,0.21346685752144612,0.22563925307500435,0.07858013374688161,0.05434799999999995
2019-06-10,0.2160698036109146,0.22463386559556925,0.08579404602262139,0.043223999999999985
2019-06-11,0.21057188629288612,0.2291890748668791,0.07618983532348672,0.05192399999999997
2019-06-12,0.21249496645986368,0.22533305799143338,0.0775426721533749,0.051439999999999986
2019-06-13,0.21289189402625414,0.22630274002066214,0.07011035243805583,0.05207099999999998
2019-06-14,0.21337451266459828,0.22697566271535105,0.0733589442448895,0.05085700000000004
2019-06-17,0.21468958508135422,0.2314463516801903,0.0715487305566497,0.04974300000000004
2019-06-18,0.21579011615580218,0.2294490828713662,0.06371798054308303,0.037778000000000034
2019-06-19,0.21882299226709664,0.2296258037827715,0.01154739132574617,0.03206600000000001
2019-06-20,0.21851991116248462,0.23122426404057436,0.0024793290118997613,0.03751100000000002
2019-06-21,0.22085649332223875,0.23662397850290018,-0.0002670668556505884,0.030698000000000003
2019-06-24,0.22101535758435542,0.23878490629734203,0.0015586251913090599,0.035331
2019-06-25,0.21955674952459014,0.2415549975347519,0.02084791609251818,0.04099
2019-06-26,0.22357960929898862,0.24132913253059698,0.010688464519624602,0.041307999999999984
2019-06-27,0.22606886925633243,0.24237956913898143,0.008138333747415433,0.03884099999999999
2019-06-28,0.23002840925195303,0.24024089670325982,-0.00525451405560623,0.044640999999999986
2019-07-01,0.23000472647354753,0.21601448976672316,-0.028322127361651128,0.03812599999999999
2019-07-02,0.23148401304001767,0.21826087556604298,-0.014119052750864447,0.038565000000000016
2019-07-03,0.23221086412581318,0.21662585945927773,0.0070522618891290245,0.03787200000000002
2019-07-05,0.23374465930557362,0.2125085414941222,0.012609385379388438,0.040590000000000015
2019-07-08,0.23407145090880396,0.21396664030648344,0.02100923038930308,0.03994599999999998
2019-07-09,0.23387904819277464,0.21374366635765302,0.02862018864607241,0.03656899999999999
2019-07-10,0.2338296531603659,0.21423342697153028,0.017914634510081823,0.038546000000000025
2019-07-11,0.23339544806710968,0.21470693469050248,0.03885107600276705,0.037712999999999997
2019-07-12,0.23328242467809585,0.21414171077658498,0.02741483674009279,0.03628300000000001
2019-07-15,0.23372660514915636,0.2197577039658996,0.031346773776551234,0.03575700000000001
2019-07-16,0.2336689419286646,0.21759322470060075,0.041497318372491904,0.035882000000000025
2019-07-17,0.2336554409312261,0.21981436681902947,0.05463302253388819,0.030607999999999996
2019-07-18,0.23456999166733306,0.21725561442737493,0.04745941786760899,0.03761300000000001
2019-07-19,0.23490101712909767,0.216660487714758,0.048212602724784476,0.034944999999999976
2019-07-22,0.23732280200820338,0.21624225417692938,0.0492856733062455,0.03586499999999998
2019-07-23,0.23780390169738447,0.21585559015497588,0.05775286096609833,0.040220000000000006
2019-07-24,0.23934247654300123,0.21516736953830407,0.04903928897357526,0.03533
2019-07-25,0.24092002198004447,0.19818460582801456,0.07461961849841944,0.03920799999999999
2019-07-26,0.24298862066871543,0.19783568892412803,0.0676014168727112,0.034288999999999986
2019-07-29,0.2396700311174176,0.20345567160391664,0.07114953093457443,0.040487999999999996
2019-07-30,0.2396883521888189,0.21894491862868043,0.0723612662698225,0.04151000000000002
2019-07-31,0.23637406134473662,0.2230521509288351,0.07895837642738734,0.03335000000000002
2019-08-01,0.23411147049497283,0.22189523039698789,0.08040975710105919,0.049482
2019-08-02,0.23200066369813044,0.2233506356889329,0.08845421811185716,0.054940000000000044
2019-08-05,0.22843310732495703,0.2276130797190605,0.14026572325958583,0.07211000000000001
2019-08-06,0.22871641596620684,0.22607080043334174,0.11028549236474056,0.05982500000000002
2019-08-07,0.2311773742480641,0.22668473034757883,0.12076403594073448,0.05418200000000001
2019-08-08,0.2297792977175926,0.22521041057162164,0.07476316007995976,0.061300999999999994
2019-08-09,0.22990303699007608,0.22465687135838477,0.07721981181000648,0.06253699999999995
2019-08-12,0.22875773803755595,0.22523717888519335,0.10673900754438012,0.06828800000000002
2019-08-13,0.22567269830500933,0.223693475446641,0.06494830270344301,0.05763499999999999
2019-08-14,0.22338564989416382,0.22932522569198904,0.11317662565541525,0.06218800000000002
2019-08-15,0.222495619742757,0.22940139727166797,0.10278985238627025,0.06362399999999996
2019-08-16,0.22049239854485125,0.22790506840764221,0.06359536236570598,0.06278
2019-08-19,0.22058531745262178,0.2276246726964494,0.06859924139525198,0.058181999999999956
2019-08-20,0.2205480912943349,0.2274454018964188,0.07234451970617875,0.052561000000000024
2019-08-21,0.2195272802048021,0.22426406744334834,0.04701007627405676,0.05777299999999996
2019-08-22,0.21846981011502023,0.2262430583142082,0.06782974894714983,0.056342999999999976
2019-08-23,0.2122791814443405,0.23005217434471573,0.08923322708355508,0.06939099999999998
2019-08-26,0.21217846938718996,0.23046890457558156,0.07603965985635541,0.07038299999999997
2019-08-27,0.21099735107380851,0.23055962442111202,0.08617605103581771,0.07246000000000002
2019-08-28,0.20905713061558645,0.23038121953259208,0.09282202348303525,0.06364700000000001
2019-08-29,0.2086999757579159,0.2275340772581217,0.06915304910610792,0.06526800000000005
2019-08-30,0.2050414105157581,0.22668646541055734,0.07207245901562032,0.06928600000000001
2019-09-03,0.20695737171283107,0.23052632152134728,0.09412958560713167,0.06737499999999996
2019-09-04,0.20759232255778107,0.225425314761689,0.0847043158865256,0.06710699999999997
2019-09-05,0.2056882073817835,0.22504003371654255,0.06875487635354299,0.05995
2019-09-06,0.20485558082661634,0.2239788754389495,0.06539474720546018,0.059506
2019-09-09,0.2013949335476363,0.22579314913825585,0.07302091388486553,0.057096000000000036
2019-09-10,0.200476167023894,0.22476617752393774,0.08276508082451645,0.05874499999999999
2019-09-11,0.19892723103010052,0.2249283569735826,0.06610661975662244,0.05411900000000003
2019-09-12,0.19890904526736752,0.22501816194295446,0.07145916144888431,0.051238000000000006
2019-09-13,0.19939917021104775,0.22705886147867585,0.07081914387738045,0.05253600000000003
2019-09-16,0.20010615831324155,0.22739588446642378,0.08185704311200986,0.05350900000000003
2019-09-17,0.19955235383228492,0.22660779193386407,0.08564424323197603,0.042535000000000045
2019-09-18,0.19380087993559414,0.22238239230360382,0.01395871483624031,0.031136999999999998
2019-09-19,0.19346475257287188,0.21528410967366085,-0.013924992431454841,0.03345699999999999
2019-09-20,0.1898769798556387,0.21682652636521596,-0.011476181429485366,0.032546999999999965
2019-09-23,0.18972718221729112,0.21947505715091284,-0.006708837154463965,0.03753400000000001
2019-09-24,0.1863236755197688,0.20895224926801964,0.038702791493476774,0.04359400000000002
2019-09-25,0.18112599661350343,0.21382493180251397,0.0036855036385147755,0.04377400000000001
2019-09-26,0.17715968332035734,0.21569220219417812,0.015404126291045539,0.04731499999999997
2019-09-27,0.1716525224958616,0.21549857039301198,0.02714870968092803,0.046106999999999954
2019-09-30,0.17197440387086554,0.2148517670138896,0.026168376446205732,0.04346099999999997
2019-10-01,0.16986757690180518,0.2173595510382815,0.040136537540620076,0.041491
2019-10-02,0.16891193371169133,0.22188155909251964,0.06306988316209639,0.045792
2019-10-03,0.16486840318006046,0.22360548361300436,0.046479297347328086,0.050873999999999975
2019-10-04,0.16436759140716234,0.22191471123343748,0.03360054260483253,0.04878900000000003
2019-10-07,0.16403459720227315,0.22223214558172827,0.05303524643934743,0.04244999999999999
2019-10-08,0.16427590215708845,0.22485348110341186,0.08096795521962824,0.04735600000000001
2019-10-09,0.1644113931765109,0.2231285332172272,0.06722171204374905,0.05210499999999996
2019-10-10,0.16375139951925902,0.2194024591924051,0.06426433650804242,0.049802999999999986
2019-10-11,0.1630986839388961,0.21297201273413652,0.059290450982727394,0.045445999999999986
2019-10-14,0.1633479645292568,0.21242749842222278,0.050960618159815674,0.04042800000000002
2019-10-15,0.1633103823478505,0.21608180897117155,0.040134425533273455,0.04123300000000002
2019-10-16,0.1618632569659597,0.2133168859898014,0.039343518784654974,0.04307299999999997
2019-10-17,0.15910732375834985,0.21079219245451822,0.037806407198115705,0.03868300000000002
2019-10-18,0.1568114064437354,0.20757490738175766,0.06050383601337503,0.03542099999999998
2019-10-21,0.1554647768232661,0.20987075966794166,0.0536127192817176,0.037717999999999974
2019-10-22,0.15344612011877173,0.2107433763750275,0.06465201185818767,0.04192499999999999
2019-10-23,0.15200787042861633,0.21099288868960955,0.06533489029329109,0.040273
2019-10-24,0.15159841226373955,0.2088627976173298,0.05149852784142048,0.036146999999999985
2019-10-25,0.15297759384009543,0.20895372267462936,0.04752438874985351,0.034744000000000025
2019-10-28,0.15207159422616517,0.205341152006902,0.06277481159533022,0.033082
2019-10-29,0.15210249690992225,0.1749849124971997,0.06191095575068495,0.032304
2019-10-30,0.15284197631809887,0.1774205764914791,0.06962891037920343,0.03234799999999999
2019-10-31,0.15274731164947652,0.1803955465408094,0.08585101543921603,0.03392099999999998
2019-11-01,0.15311861259213896,0.17647089130046087,0.08258534545807786,0.03488600000000003
2019-11-04,0.15595317334061864,0.17868956760987922,0.09086938351010188,0.030814000000000008
2019-11-05,0.1509461622414532,0.19650833453377642,0.043730143608497224,0.027600000000000013
2019-11-06,0.15126833955976435,0.18873971644491153,0.03318241837116917,0.03125799999999998
2019-11-07,0.14906319139861973,0.1965781070243568,0.028308608984627975,0.030391
2019-11-08,0.1496706884400053,0.20044605391595774,0.02487609811490979,0.026431999999999983
2019-11-11,0.1513574631540185,0.19986429057195312,0.03319257606053519,0.02930000000000002
2019-11-12,0.15137802508835255,0.2043888798779392,0.031665113356638686,0.027803000000000022
2019-11-13,0.15095101444109926,0.189873038390856,0.03608301903679956,0.030116000000000004
2019-11-14,0.1510163302808368,0.18465932600750873,0.04320489774502201,0.03218600000000002
2019-11-15,0.15043977716997178,0.1880717451487067,0.037409437347316526,0.03040899999999999
2019-11-18,0.1570124907009381,0.18404717450819455,0.059453728129558264,0.03163299999999997
2019-11-19,0.15913475950484482,0.1878135641519553,0.0720790935149111,0.03323799999999996
2019-11-20,0.16739753279628466,0.1819831342533578,0.07625289796282428,0.03303900000000001
2019-11-21,0.17473111948623804,0.18274177018589968,0.07131941453863319,0.033530000000000004
2019-11-22,0.17943923673180334,0.17913250049858193,0.08315856732799096,0.034557000000000004
2019-11-25,0.1890434604581335,0.17902812269236829,0.0794257373971754,0.033079000000000025
2019-11-26,0.19447708615031523,0.17935544435374395,0.0778202601914185,0.030708000000000013
2019-11-27,0.20385571725807947,0.17822837994085947,0.06642477198649152,0.031982999999999984
2019-11-29,0.2150451064150679,0.17920917907891165,0.07878709834735256,0.03050900000000001
2019-12-02,0.21608407352617637,0.19904512978502495,0.08954784157515899,0.036553999999999975
2019-12-03,0.2207315427153759,0.1927246660121693,0.09363158191035914,0.036323999999999995
2019-12-04,0.2318906465604649,0.20287248379856623,0.08983256559878419,0.03354800000000002
2019-12-05,0.24274983151915924,0.20214585656847456,0.0983662104363183,0.03386700000000001
2019-12-06,0.25859978143011964,0.19885867559111933,0.089490068955591,0.034652000000000016
2019-12-09,0.26698892690068926,0.2040653319931102,0.10741716665640086,0.037425000000000014
2019-12-10,0.2950925845489587,0.21386183534690417,0.1095111341091011,0.035779000000000005
2019-12-11,0.3287279431125835,0.20220739067948143,0.11061502566286588,0.039147000000000015
2019-12-12,0.3470486122553783,0.21400606901675448,0.09360327466525117,0.03631100000000001
2019-12-13,0.37367630680845193,0.19854747224157648,0.05459488446752392,-0.0003190000000000137
2019-12-16,0.4298623230992678,0.21513405402653946,0.021755045077596874,0.028910999999999992
2019-12-17,0.46032902898593847,0.2057927259743446,0.01938727183348654,0.031276
2019-12-18,0.47596100838538885,0.20592857335531467,0.028165093557457027,0.027502
2019-12-19,0.4879572544322752,0.20511899102611061,0.02461862517447594,0.03064800000000001
2019-12-20,0.49823553922582736,0.20133418171318382,0.022942681702554785,0.030515999999999988
2019-12-23,0.5060477949090267,0.2005117838455703,0.0228819732899474,0.036742
2019-12-24,0.5085931705080884,0.19994454379322035,0.029399508033051525,0.041014999999999996
2019-12-26,0.5118994421165995,0.19676969123287968,0.033969767950262436,0.03930700000000001
2019-12-27,0.514788260827601,0.19777536392779224,0.04185790268446837,0.040574
2019-12-30,0.5178263550367652,0.19756775738005097,0.04628891409937813,0.04250799999999999
2019-12-31,0.5198778419128393,0.1997032026355347,0.041635818304249894,0.039091000000000015
2020-01-02,0.5228073775000077,0.20079994767870715,0.057022560404330735,0.03800399999999998
2020-01-03,0.5255019173154442,0.2014494803183487,0.06716832183888632,0.03876099999999999
2020-01-06,0.5312820574780776,0.20264669553863623,0.06825199679959032,0.03767800000000002
2020-01-07,0.5353328827353052,0.19916908504892275,0.07030343989016274,0.036500000000000005
2020-01-08,0.536551964746299,0.20072799630678928,0.062363590448323014,0.03359100000000001
2020-01-09,0.5382048637267454,0.19763158823618376,0.060864228428588074,0.028294999999999987
2020-01-10,0.5386728132418465,0.38558658950925373,0.06661651348218692,0.027469999999999994
2020-01-13,0.5397796067214278,0.38409906203945526,0.06579436580289122,0.029534999999999978
2020-01-14,0.5410023495164417,0.38780682836540636,0.07181741821888805,0.028410999999999992
2020-01-15,0.5420733261647452,0.38358964781761823,0.07754628038902862,0.02793000000000001
2020-01-16,0.5430006149979126,0.3712126249619691,0.06935419594414233,0.025345000000000006
2020-01-17,0.5440928896766907,0.3818639655796692,0.06363023338532024,0.026007000000000002
2020-01-21,0.546835925961014,0.3839724418887829,0.08781693409380119,0.022356000000000015
2020-01-22,0.5473300579493284,0.3727998588391728,0.08580372818636887,0.020143999999999995
2020-01-23,0.5476756793763914,0.36798680417750157,0.08529276522739666,0.03215499999999999
2020-01-24,0.5486806047518081,0.33233665635330173,0.09243542996245102,0.034912
2020-01-27,0.5480604813461815,0.28875163597686887,0.10791419676407471,0.038330999999999976
2020-01-28,0.5494900200174427,0.2966748874698535,0.07894914238850434,0.03806899999999999
2020-01-29,0.5521125991823053,0.2932263031308842,0.07913107316553361,0.039166000000000006
2020-01-30,0.5529460202810228,0.2893323290063231,0.09304504321586829,0.04387399999999997
2020-01-31,0.5537590378001066,0.29077988754557405,0.10916616033207119,0.03634800000000002
2020-02-03,0.554288526554005,0.2892798560455291,0.09561737116927235,0.04092599999999999
2020-02-04,0.5544135724730237,0.2905871810620061,0.09417911259358874,0.04084600000000002
2020-02-05,0.5542299760379881,0.29997548990493045,0.0981474253117236,0.04738199999999998
2020-02-06,0.554047623249558,0.3255290557682004,0.08246782178397816,0.04798900000000003
2020-02-07,0.5540850977254319,0.29556334707250526,0.09591219352075067,0.03919600000000001
2020-02-10,0.5546678883683173,0.29088378303594226,0.10922064467363946,0.043958
2020-02-11,0.5547337842113406,0.3112496281262831,0.11310551923144407,0.03922199999999998
2020-02-12,0.556525104556985,0.32024551601215495,0.0962883975054607,0.03837499999999999
2020-02-13,0.5573621053219434,0.3256942327605816,0.10057106543446756,0.037073999999999996
2020-02-14,0.5579570756984239,0.3239722174817955,0.09473597246734769,0.037816000000000016
2020-02-18,0.5585347218552763,0.37952070014619277,0.10645648690158371,0.03962199999999999
2020-02-19,0.5589847766378262,0.3890393027781,0.10251704141974019,0.038283999999999985
2020-02-20,0.5573157279565267,0.36303247445845616,0.10835785235401843,0.042874999999999996
2020-02-21,0.5566351169709575,0.35664784532167776,0.12378079846751427,0.053095
2020-02-24,0.5539493718980878,0.28419162358624667,0.15258176140940471,0.06517900000000004
2020-02-25,0.5527810578250982,0.28624354556874676,0.16098402459347538,0.078729
2020-02-26,0.5535988600365591,0.28269442311691695,0.16139046897422368,0.06522999999999995
2020-02-27,0.5523341864379541,0.2762790260134189,0.22843870140821576,0.065363
2020-02-28,0.5518585185281691,0.23034864822259,0.2630794626945854,0.12876799999999994
2020-03-02,0.548792416900264,0.21963256414896656,0.15101539457826818,0.103736
2020-03-03,0.5454097946241293,0.2231803800852232,0.1729843708342546,0.11594499999999996
2020-03-04,0.5436538064123629,0.21919247154633606,0.07076912863210405,0.10827299999999995
2020-03-05,0.5433215422818221,0.21584348904813971,0.19293026421532988,0.14699500000000004
2020-03-06,0.5402325575875114,0.21182709061458505,0.22860804572109067,0.20677099999999998
2020-03-09,0.5366266638127358,0.21397628483852482,0.29859502885517253,0.18383099999999997
2020-03-10,0.5297027895491243,0.20948440810595506,0.1834773821528557,0.19445599999999996
2020-03-11,0.5260296902371231,0.22046656980795912,0.25452190863730906,0.17313100000000003
2020-03-12,0.5124408676677626,0.22263358837458042,0.34654017761631367,0.19038599999999994
2020-03-13,0.49448237186323774,0.21689862933176346,0.056495193817504785,0.2028279999999999
2020-03-16,0.48218200195075794,0.21715458127266954,0.2852526201713381,0.172246
2020-03-17,0.46167356654429226,0.2154652270785927,0.10483364429879538,0.22296899999999997
2020-03-18,0.40993151126157246,0.22209448368607473,0.11318248980376089,0.27507800000000004
2020-03-19,0.37557687089697145,0.2139942157326783,-0.033331781979547115,0.20236600000000005
2020-03-20,0.35627520300896165,0.21385479761314236,-0.07932233307526171,0.207685
2020-03-23,0.34006970260626723,0.21300188971988301,-0.18420071847911113,0.1578369999999999
2020-03-24,0.3259102755477987,0.34484757879266437,-0.23056692423158154,0.154821
2020-03-25,0.31642279546910695,0.34697210427734393,-0.21391709560768513,0.14245699999999994
2020-03-26,0.31330114186815883,0.3300307657829695,-0.3147131595415186,0.12809699999999996
2020-03-27,0.3098921489312455,0.337855870371478,-0.23707312540995285,0.145548
2020-03-30,0.30760114438392877,0.3371320997645649,-0.3034544438739373,0.14266800000000002
2020-03-31,0.30370308160386933,0.3346566806072358,-0.3317650907348284,0.14008400000000004
2020-04-01,0.3009540536269592,0.3480463203240136,-0.25941680026174463,0.17637200000000003
2020-04-02,0.2961687661661977,0.3421606879783817,-0.2979091983887614,0.15274300000000002
2020-04-03,0.2926654407542629,0.3460634060291775,-0.2870452421465445,0.14237599999999995
2020-04-06,0.28354442109149874,0.33475069074425123,-0.4054903565409911,0.105734
2020-04-07,0.2761081312757796,0.31302178028048144,-0.3672697719599953,0.08825599999999995
2020-04-08,0.2755148569926816,0.3267417457909969,-0.3953834878501894,0.12579
2020-04-09,0.2738470427363219,0.32727155546490644,-0.3864355626666367,0.12878200000000006
2020-04-13,0.27827341431589536,0.3266616817719075,-0.3829653927043512,0.106346
2020-04-14,0.2844175786364644,0.3010795664743227,-0.34877632575675255,0.078928
2020-04-15,0.28388412856356715,0.2980857926593807,-0.29810469857760913,0.08824599999999999
2020-04-16,0.2841529919595581,0.292849461821161,-0.259328676776843,0.08116000000000001
2020-04-17,0.2836491655609578,0.2511599016505016,-0.17843194816019603,0.07068000000000002
2020-04-20,0.28516302245285435,0.24721366780709905,-0.09136469915298567,0.06829000000000002
2020-04-21,0.2810444931121019,0.24360115968852733,0.008163217996902006,0.08341700000000002
2020-04-22,0.2806424833777593,0.2501024380746431,-0.00042797757640461453,0.06186499999999995
2020-04-23,0.28321464724039097,0.24805847618087354,0.013713151393110246,0.07702800000000004
2020-04-24,0.2823750256283405,0.2288908944128293,-0.0030969209936835274,0.080592
2020-04-27,0.2822908808038616,0.22478049881091827,-0.013325522872584927,0.07350499999999999
2020-04-28,0.27869451144200175,0.22682844057132537,0.014705038284804461,0.05752799999999997
2020-04-29,0.2737478721819436,0.252190477982046,-0.008491105765379758,0.06847500000000001
2020-04-30,0.27415845596442884,0.25197316344587783,0.012155646748243987,0.061697999999999975
2020-05-01,0.27301331810192647,0.25220024754588616,0.0423603217279272,0.076131
2020-05-04,0.27249551791541476,0.25033593991169856,0.04299944309623749,0.07200000000000001
2020-05-05,0.2723955206071325,0.248963414634494,0.04262506113188691,0.07072400000000001
2020-05-06,0.271309603705828,0.250873844003737,0.0772729296872326,0.067075
2020-05-07,0.27284740379093736,0.24563005969159715,0.07349874972225962,0.07225100000000001
2020-05-08,0.2753178267720797,0.24397114831777297,0.07640486383084066,0.05801299999999998
2020-05-11,0.27697318721387565,0.2382564610904114,0.06707764238620673,0.04991200000000001
2020-05-12,0.2787842100013753,0.2411099433098316,0.07777901124724845,0.04428599999999999
2020-05-13,0.275211153124478,0.2484370671018105,0.10250257145927488,0.067359
2020-05-14,0.27439773383150795,0.2485226575154252,0.11920365529326277,0.090202
2020-05-15,0.2740843865074284,0.24395800808712992,0.09393250843595136,0.08235199999999998
2020-05-18,0.273352719227905,0.24068125800390974,0.0981725922125371,0.053530999999999995
2020-05-19,0.27347485023316276,0.23750312769460136,0.09147936114698985,0.063861
2020-05-20,0.27473916756684136,0.2224436010017367,0.1024889675780215,0.06257499999999999
2020-05-21,0.2775476615027515,0.21837948655904788,0.10143004839088049,0.045323999999999975
2020-05-22,0.27766058690220297,0.21819162060715855,0.10391753634103623,0.055622000000000005
2020-05-26,0.2766279333547367,0.2166929325090411,0.10583110281307945,0.05696699999999999
2020-05-27,0.27216899160466035,0.2289523139299932,0.08199487699007568,0.062973
2020-05-28,0.2811032776333519,0.23149500271645881,0.08141692818713986,0.051978000000000024
2020-05-29,0.2819302326263624,0.2163529371482311,0.09117420922160402,0.04250799999999999
2020-06-01,0.28150812180961204,0.2167344945743206,0.0942981662251135,0.06703999999999999
2020-06-02,0.2807208732874596,0.21596713376609153,0.09208099298818623,0.06278299999999998
2020-06-03,0.28130724286790976,0.21529109767087262,0.10639758724833914,0.041659
2020-06-04,0.28029256780248657,0.25206439248143336,0.08185209959090478,0.055462999999999985
2020-06-05,0.2892615465698985,0.24436671942676222,0.05602084720530193,0.051270999999999955
2020-06-08,0.30690113028546906,0.26106889412845974,0.08816693320086394,0.04511399999999999
2020-06-09,0.31045804881056177,0.2609240597234122,0.08240405580945592,0.044476000000000016
2020-06-10,0.31507953545294626,0.2630552439980555,0.08739035329424527,0.040410999999999975
2020-06-11,0.3201102452836288,0.2640476479804655,0.12109691737282846,0.04705799999999999
2020-06-12,0.32105355806622826,0.26612907612389525,0.08034564514137016,0.068861
2020-06-15,0.32198955254796163,0.26594561563216534,0.0762320700407817,0.040088999999999986
2020-06-16,0.3213340867348729,0.25795661033027484,0.05078795329703478,0.047516
2020-06-17,0.32361095616361407,0.25160885348884054,0.04131693054532687,0.049102000000000035
2020-06-18,0.32516539086188645,0.2496212077449215,0.0392694208766563,0.052573000000000036
2020-06-19,0.3321841317941132,0.2492985147733604,0.02908232650173076,0.05780299999999999
2020-06-22,0.33417678291874786,0.24880624309295854,0.02719500823654558,0.04739300000000002
2020-06-23,0.3361092208155013,0.25301994457562105,0.033344369691910125,0.05158200000000002
2020-06-24,0.33567395862125454,0.2579401379855894,0.05040229458800666,0.064436
2020-06-25,0.3362422826333778,0.25326814556172744,0.04557438286058946,0.064834
2020-06-26,0.33643822511528043,0.2570621882902886,0.07212765340560456,0.049572000000000005
2020-06-29,0.33480607058246786,0.2524585966614229,0.05810848312441619,0.060958999999999985
2020-06-30,0.33405698629859476,0.2526103016362022,0.03561620599707421,0.05563599999999996
2020-07-01,0.3347041661855427,0.2449233629594044,0.02158756506752202,0.046014
2020-07-02,0.33441035826823085,0.23965097104792,-0.0005377923482954849,0.045645999999999964
2020-07-06,0.33624806307340327,0.23338725577186814,0.02647456486569827,0.04286000000000001
2020-07-07,0.33536209889958585,0.23783378450618764,0.053386796236150336,0.047711
2020-07-08,0.3371012777926446,0.23475053794351267,0.04926732475764101,0.048563999999999996
2020-07-09,0.3363126026769952,0.2357276786216236,0.052491111578003624,0.048914999999999986
2020-07-10,0.3358033985301433,0.2840017433839383,0.05852725601651454,0.056925
2020-07-13,0.3315833140570433,0.2684309853038613,0.09047521164232986,0.05132299999999995
2020-07-14,0.3274623102383747,0.28165612488679115,0.0912436566735233,0.06451899999999999
2020-07-15,0.3262222315034218,0.29977613064662834,0.07725787383263849,0.05917800000000001
2020-07-16,0.3259961923361514,0.3141651055984316,0.07641042469883152,0.06184899999999999
2020-07-17,0.32600284653084777,0.30906893915724926,0.052855276804316786,0.05165799999999998
2020-07-20,0.32364353627737297,0.2949828259344878,0.035894453441641105,0.031893000000000005
2020-07-21,0.32284411381249045,0.2946720041500239,0.035013874615031415,0.05508400000000002
2020-07-22,0.32286883461754384,0.2873908945826796,0.029413954871072623,0.042322000000000026
2020-07-23,0.32049751901860746,0.27994473503935785,0.04146357980719856,0.04866699999999996
2020-07-24,0.3208712556428584,0.3026221327479561,0.04549424881047848,0.050934000000000035
2020-07-27,0.32137559643167757,0.3014789080704601,0.027497069137345564,0.04952099999999998
2020-07-28,0.32519770101086437,0.2809747755483771,0.029804635250804346,0.055134000000000016
2020-07-29,0.3256788101345912,0.2950078153676355,0.03338355842013674,0.06123299999999998
2020-07-30,0.32522435168132824,0.26302650733385297,0.04279165925235473,0.061305
2020-07-31,0.32457890097109154,0.25303622879971455,0.019130679065537615,0.055132000000000014
2020-08-03,0.3264199425615932,0.2831998780906133,0.04138669569344833,0.048223000000000016
2020-08-04,0.3294562683113203,0.217894082031167,0.03270262544372671,0.05286200000000002
2020-08-05,0.33048446632249623,0.25406561711316095,0.02305813491731229,0.05445099999999997
2020-08-06,0.3334488211623048,0.25472960236492503,0.007861693293764349,0.040184
2020-08-07,0.332708129178074,0.2632883962518139,0.0447815531509812,0.04627300000000001
2020-08-10,0.33310869558473444,0.2860205983275946,0.06137321645679411,0.05310300000000001
2020-08-11,0.33576179526403993,0.28433630031334595,0.06698461753107593,0.056055999999999995
2020-08-12,0.33934930093916943,0.26179126971650524,0.06594395129121078,0.04489500000000002
2020-08-13,0.3393978083614133,0.2647415731289349,0.08276907800771838,0.029696999999999973
2020-08-14,0.33984778825555345,0.29572726768495256,0.08784807250886545,0.04531000000000002
2020-08-17,0.34098595990580605,0.2954851800402588,0.10065068679151967,0.044814999999999994
2020-08-18,0.3416384393053919,0.2928741897285169,0.09726455498039158,0.047539
2020-08-19,0.3410953716099229,0.29200112872039713,0.10860488640373156,0.04549599999999998
2020-08-20,0.33887100883483395,0.29203440888627136,0.10262228524172859,0.045962
2020-08-21,0.33984396281443674,0.28974342959600835,0.14289482628520822,0.049287000000000025
2020-08-24,0.33917512578381886,0.29224085816096496,0.17530925669609282,0.05205199999999999
2020-08-25,0.339878752922658,0.28985872501624327,0.16663030422470398,0.042352
2020-08-26,0.3299202136656196,0.31809376911400195,0.23763106624416208,0.038092000000000015
2020-08-27,0.3271515836135286,0.3219488707633248,0.20963481534282297,0.02433799999999997
2020-08-28,0.32734986364662766,0.311978634930358,0.21957873869071198,0.02811099999999994
2020-08-31,0.3282326257764777,0.30930179310865075,0.23125679963044848,0.011202000000000045
2020-09-01,0.32883008738843733,0.31731521000801693,0.23867077983181706,0.021624000000000088
2020-09-02,0.3276425894610912,0.33272764487333,0.25666659598348207,0.011845999999999912
2020-09-03,0.3183322409583864,0.3370001383500213,0.3436448781785799,0.034672999999999954
2020-09-04,0.2995557232214335,0.33839394483937313,0.27915402223645563,0.06094200000000005
2020-09-08,0.29624780127892375,0.3452817941974383,0.2289188114540771,0.05621799999999999
2020-09-09,0.291155096554909,0.3500819314800795,0.1654902289933467,0.060195
2020-09-10,0.28485547731342126,0.35017222794760644,0.14630149978213008,0.05203800000000003
2020-09-11,0.2822048254738616,0.3411515366209986,0.1329357509081327,0.059309999999999974
2020-09-14,0.2810227096031945,0.3345784789426385,0.1226376627396707,0.041028000000000064
2020-09-15,0.28138604540127266,0.32772214709454195,0.09289737941663678,0.046001000000000014
2020-09-16,0.2787360487012747,0.32482419294342874,0.04062887294981021,0.052373
2020-09-17,0.276968308547843,0.32121232151069307,0.015538421525806312,0.06264000000000003
2020-09-18,0.2674334975772768,0.32490371356677555,-0.03080211520601267,0.03757300000000002
2020-09-21,0.26555670953109817,0.2852114616346071,-0.009310534187284725,0.042830000000000035
2020-09-22,0.2627979490303555,0.2846283693994224,-0.028419138254842158,0.039263999999999966
2020-09-23,0.2612424418793067,0.2858150208677431,-0.0026014572518932577,0.05088100000000001
2020-09-24,0.25945236184708187,0.2870386791961855,-0.011795817303722589,0.04304400000000003
2020-09-25,0.2572521425396523,0.2842691720869755,-0.016190241592744292,0.03947499999999998
2020-09-28,0.25693072292238295,0.28079865835979384,-0.01782475609039208,0.04219800000000001
2020-09-29,0.25600518889823715,0.2804040195777448,-0.01228022323569855,0.033831
2020-09-30,0.25473782687701874,0.279488527895256,-0.013809985070328712,0.02602500000000002
2020-10-01,0.25474290192215543,0.27722424613652746,-0.007088737745207241,0.039710999999999996
2020-10-02,0.25743760356263434,0.28016130302731296,0.01928844273524133,0.044198000000000015
2020-10-05,0.2573720824738998,0.2802594030013053,0.03236005567326661,0.041127000000000025
2020-10-06,0.2554661073294989,0.2796843172241072,0.07772937834341609,0.040710000000000024
2020-10-07,0.2555047001766326,0.276870169365194,0.06682600496194241,0.04094900000000001
2020-10-08,0.25488343290329596,0.2745947475274659,0.06123703515785367,0.03962399999999999
2020-10-09,0.2556868411860234,0.2702787441615691,0.05941059174089486,0.03206300000000001
2020-10-12,0.25369327380967244,0.2729326518244047,0.08193607415310133,0.029779999999999973
2020-10-13,0.25415107772625284,0.27347182909510503,0.0898072991799378,0.026944000000000023
2020-10-14,0.2524785424981994,0.2732846500722663,0.09345164737051709,0.029524999999999968
2020-10-15,0.252419927706819,0.27361704165422657,0.09930493595025203,0.03586699999999998
2020-10-16,0.2519670414163455,0.27395279597775046,0.09716644647847184,0.03766200000000003
2020-10-19,0.2532304910099787,0.2750028793204079,0.1287297449306939,0.040124999999999966
2020-10-20,0.2534166557199195,0.2747851389808265,0.13432603909141932,0.03680899999999998
2020-10-21,0.25281282942220507,0.2738299305397943,0.14179568590959155,0.03905800000000004
2020-10-22,0.2532837922943747,0.27477084963679643,0.1267141789912573,0.04673499999999997
2020-10-23,0.25346946871622644,0.27329311764364705,0.11910743046716696,0.043078000000000005
2020-10-26,0.2525598795870483,0.25951384013379847,0.14276710352378863,0.045572999999999975
2020-10-27,0.2553296459453782,0.2589794502975805,0.12880487599312795,0.045511000000000024
2020-10-28,0.25491995247558,0.2678323571209723,0.18771014584884593,0.06063000000000002
2020-10-29,0.2571320240576907,0.2616743936942292,0.173635905722492,0.032894000000000034
2020-10-30,0.25549634461908427,0.2680104598383582,0.16727777412462352,0.06644299999999997
2020-11-02,0.2514263983371452,0.2663196633216079,0.14813425080284232,0.06165699999999996
2020-11-03,0.24963490382618872,0.26482632811452983,0.1558309501339784,0.048207
2020-11-04,0.2444001433503098,0.25984315105030836,0.08193238551397003,0.04818100000000003
2020-11-05,0.2430564287583845,0.2557117169406824,0.08430890306954847,0.037219999999999975
2020-11-06,0.23938788600565603,0.2558048016989231,0.06558444688094744,0.03040599999999999
2020-11-09,0.23347124906998626,0.2615894546715374,0.07739041055177409,0.011640999999999957
2020-11-10,0.22740851505318452,0.26530562440778205,0.10255575197432276,0.035468
2020-11-11,0.22635643479502907,0.26615078166169553,0.06574797133351923,0.03806599999999999
2020-11-12,0.22573646542505593,0.2653675421070776,0.08728175511312625,0.03799399999999997
2020-11-13,0.22464025818142205,0.26378427796362025,0.07437245958254973,0.03356199999999998
2020-11-16,0.22376818482126828,0.2665873263895397,0.05872012685373368,0.04021800000000003
2020-11-17,0.2244383390550325,0.2623500316904175,0.07229332841437286,0.02882600000000002
2020-11-18,0.2241749932652781,0.26259038184635475,0.07739597584537711,0.03037899999999999
2020-11-19,0.23069756690722618,0.2605009317721993,0.06317142686678223,0.03943399999999997
2020-11-20,0.23273018273093882,0.26095920556718993,0.07058707776587708,0.03141499999999997
2020-11-23,0.23649734667294903,0.2605390465226691,0.057739945809027915,0.04345199999999999
2020-11-24,0.23769033381837967,0.2602059659325036,0.06788505490793273,0.04172400000000004
2020-11-25,0.23773967280044364,0.25819419056850124,0.06972367850004685,0.03253800000000001
2020-11-27,0.23813223131311306,0.258995057383764,0.07973208376457941,0.035550000000000026
2020-11-30,0.23777803923603177,0.25896698249088324,0.08238049021015037,0.032874000000000014
2020-12-01,0.24324925226980917,0.242788340970489,0.0859415193512858,0.031088999999999978
2020-12-02,0.25085465461765677,0.24296121672493934,0.0909899942785884,0.028251000000000026
2020-12-03,0.2518066868200479,0.24889934575437514,0.08651922399290563,0.028967999999999994
2020-12-04,0.25189221059345246,0.24875713192842688,0.10479205173584127,0.02532200000000001
2020-12-07,0.25132715382610177,0.24922950997481097,0.11033396150350877,0.028003999999999973
2020-12-08,0.25060800637738456,0.248319942542816,0.11305436959296589,0.02371000000000001
2020-12-09,0.24833972798374296,0.2500191450769936,0.13874946499361837,0.022187000000000012
2020-12-10,0.2455998126757191,0.24807899407804626,0.10082734581896205,0.02363900000000002
2020-12-11,0.24491242628255563,0.2454891759825194,0.08261399829098853,0.02635599999999999
2020-12-14,0.24648776189834296,0.24599573160260652,0.07849078411606075,0.025829000000000046
2020-12-15,0.2468372748500553,0.24355383593945218,0.07560576711301309,0.025677000000000005
2020-12-16,0.2469782170992908,0.24312612892754304,0.0811861427895123,0.023845000000000005
2020-12-17,0.24882394654868445,0.23796873366925467,0.07167751755889337,0.024285
2020-12-18,0.24934387495907695,0.2415167431046579,0.08141133781391394,0.023611999999999966
2020-12-21,0.25068538536758084,0.24180116849664934,0.0804171773825412,0.029227000000000003
2020-12-22,0.25161235285098793,0.24302112788237099,0.07705654397560843,0.02665400000000001
2020-12-23,0.2541084312742543,0.24041168318089556,0.08100489386567944,0.012257999999999991
2020-12-24,0.25522115234140874,0.23617558613882683,0.07153388462999977,0.020976999999999968
2020-12-28,0.25535379397544394,0.2336920021484853,0.06931205311328006,0.022119
2020-12-29,0.2576855274175453,0.23982461041677636,0.08364407745770366,0.02645700000000001
2020-12-30,0.25772209095386406,0.23194643833949666,0.07203823195741621,0.024132000000000042
2020-12-31,0.26012279004234806,0.23039045248741744,0.07296430390276912,0.024646
2021-01-04,0.2541218354603172,0.24801321732891782,0.09551846862539146,0.030977000000000032
2021-01-05,0.2541087065402538,0.2446783671067584,0.08764690814270129,0.03226300000000004
2021-01-06,0.2538673253193354,0.24024407466582473,0.09755764978672818,0.03226200000000001
2021-01-07,0.25403906947316784,0.2306930513319732,0.07372808901598232,0.026821999999999957
2021-01-08,0.25377856181144376,0.22554347326327895,0.06911499381549521,0.029732000000000036
2021-01-11,0.2532736397076649,0.22802728989415888,0.1115608109670844,0.02964100000000003
2021-01-12,0.2521963088560872,0.2218488343406785,0.1152756686369106,0.026073999999999986
2021-01-13,0.25157223968872955,0.2324317318714527,0.10404186421252024,0.027857999999999994
2021-01-14,0.2510886850384904,0.22229204286687637,0.10711560719820867,0.03545300000000001
2021-01-15,0.2501604206678262,0.22760504537188994,0.10065918911590127,0.030492999999999992
2021-01-19,0.24984377312759856,0.22215899180341064,0.07949992056064198,0.03305199999999997
2021-01-20,0.24755878086405989,0.22942338148879587,0.0832421743777394,0.02314900000000003
2021-01-21,0.24743324143787254,0.22110305524340715,0.0799619260775141,0.013933000000000029
2021-01-22,0.24752068492949852,0.22663548799259653,0.08280720965523733,0.014102999999999977
2021-01-25,0.2445981072172025,0.2317336459909245,0.09176816742284272,0.019933000000000034
2021-01-26,0.24398318189826182,0.23037969415747098,0.08278914079763838,0.022138000000000047
2021-01-27,0.2404305225104822,0.2459378858697587,0.12533387289360276,0.043252999999999986
2021-01-28,0.23768105244903798,0.24310322983335833,0.0982422589864593,0.028913999999999995
2021-01-29,0.23649909788996148,0.23941733519279731,0.11746513172873324,0.048155
2021-02-01,0.23418114825956046,0.2442506459734647,0.08325440454999805,0.03419299999999997
2021-02-02,0.23468007502647656,0.2328727229291796,0.054758427414492605,0.029505000000000003
2021-02-03,0.23579176371571497,0.22165747769090402,0.06467830212611303,0.022767999999999955
2021-02-04,0.2367049137549801,0.2189385316731888,0.05253431883766427,0.01649400000000001
2021-02-05,0.23824060698928823,0.21841086676802796,0.05078191734980661,0.030974
2021-02-08,0.23797558413163614,0.21694643582181836,0.049126559881241066,0.03537400000000002
2021-02-09,0.2407631647369562,0.2175258122025288,0.05207161817994635,0.029313000000000033
2021-02-10,0.24174036941039526,0.22129695338056984,0.06239373097309642,0.03212799999999999
2021-02-11,0.24237470833724592,0.21944703245646255,0.06275101373386058,0.027830999999999995
2021-02-12,0.24288805356128104,0.226096100252468,0.0685441660375668,0.02576099999999998
2021-02-16,0.2430549224782192,0.22895235387993532,0.08573732090333555,0.03176899999999999
2021-02-17,0.2424225344937288,0.22941895768176174,0.09145414279583952,0.028278000000000025
2021-02-18,0.24144351194226538,0.2284966589710006,0.09509889718330178,0.02487299999999998
2021-02-19,0.2414830727568127,0.22889135965481308,0.0953705905830064,0.035918000000000005
2021-02-22,0.2419924560251523,0.2244063710397348,0.12026650705171982,0.02392999999999995
2021-02-23,0.23464934532973628,0.22803496446325186,0.09499368999381241,0.02094299999999999
2021-02-24,0.23184344571680732,0.22213542817604082,0.11202014185339318,0.03146100000000002
2021-02-25,0.22623205166940086,0.2158674377852001,0.12741151942833878,0.051095
2021-02-26,0.224116902441247,0.21739497118687007,0.1369352755910121,0.02818200000000004
2021-03-01,0.223954056043896,0.2158859195175883,0.10971250648773184,0.021657999999999955
2021-03-02,0.22475850743231834,0.218282570409733,0.12476223920261445,0.016440999999999983
2021-03-03,0.22385241679436332,0.2159336615488221,0.14541031338095595,0.04096300000000003
2021-03-04,0.21751845035952205,0.2150913073578047,0.13568669661029614,0.049202000000000023
2021-03-05,0.20752294092153345,0.2166033966491543,0.10509323791996339,0.046296000000000004
2021-03-08,0.2046703866704037,0.221549397901001,0.12280894270440806,0.045223999999999986
2021-03-09,0.20475577459928257,0.2166909041355332,0.08861424248962635,0.027311999999999947
2021-03-10,0.2034660991821456,0.21748299215783518,0.10354533713474223,0.024550000000000016
2021-03-11,0.20588898726462304,0.21516636326152416,0.07752147775589058,0.025463999999999987
2021-03-12,0.20532569491124497,0.21309010781163285,0.08536394974908895,0.03720499999999999
2021-03-15,0.20649966666725425,0.21242850675747818,0.07955532333085785,0.03423400000000004
2021-03-16,0.20556526579701803,0.2141809590026895,0.07296347265992026,0.014351999999999976
2021-03-17,0.20722192771232087,0.20942072772395243,0.058583599450290846,0.02589999999999998
2021-03-18,0.2073479169447846,0.21264828847443387,0.09061769883615917,0.029883999999999966
2021-03-19,0.2090386654924624,0.2099562619459811,0.07489590078258929,0.026222999999999996
2021-03-22,0.20756369157656734,0.21434270068912098,0.048517059127006656,0.02837200000000001
2021-03-23,0.20590500440337842,0.21388185359839876,0.042643203936074014,0.02452099999999996
2021-03-24,0.2031435212713262,0.21145755907312708,0.025914966741924783,0.017010000000000025
2021-03-25,0.2005512467908578,0.20896892016444166,0.011214558287532206,0.019310999999999967
2021-03-26,0.19720133633784534,0.2081504336613876,0.01841294271086774,0.03894000000000003
2021-03-29,0.19572475676366516,0.20896881555013277,0.019670693947593187,0.034540000000000015
2021-03-30,0.19515512976525104,0.20857365096562183,0.020086539811967896,0.02121999999999996
2021-03-31,0.19191527901889127,0.20411098446322243,0.007617168859612611,0.027820999999999985
2021-04-01,0.19163145851395086,0.20161477187125196,-0.010593657979559412,0.01810400000000001
2021-04-05,0.18806277795311027,0.20261828680636715,0.019493325692490793,0.014675999999999967
2021-04-06,0.18765074967644702,0.2004545110320541,0.029020701595689175,0.016068000000000027
2021-04-07,0.18775427015352825,0.19858953091098405,0.027120130401395964,0.021778999999999993
2021-04-08,0.1885423770057895,0.19830596756547555,0.030325150743597318,0.02394799999999997
2021-04-09,0.1870233986964584,0.19659842097579577,0.02162044749541267,0.029367000000000032
2021-04-12,0.18762142217955893,0.19620901458825618,0.01983468829604218,0.025472000000000022
2021-04-13,0.18791401929798526,0.1965496196927095,0.014575396082887354,0.019794000000000006
2021-04-14,0.18734234022876992,0.19462366161348962,0.02317668651620533,0.021291000000000004
2021-04-15,0.18715958822959647,0.19933515811527827,0.032361484571752086,0.020267000000000035
2021-04-16,0.18708072392025016,0.19684539564072595,0.015546358359101425,0.010627000000000025
2021-04-19,0.18830455413980138,0.19258117975122294,0.029055374471878198,0.026052999999999993
2021-04-20,0.19023812025184947,0.19456353338429397,0.03761090859227301,0.020797999999999983
2021-04-21,0.19039605460684858,0.19449915517570446,0.03442719241217668,0.019336999999999993
2021-04-22,0.1891863150522533,0.195776338977166,0.03829711610017844,0.02285999999999999
2021-04-23,0.18954488411052675,0.1940001836044658,0.04617673735934777,0.010918999999999984
2021-04-26,0.18927254681803823,0.19254750937481982,0.04798591776096092,0.01723600000000003
2021-04-27,0.19042939011606233,0.19405169671940797,0.07894545532131392,0.0023500000000000187
2021-04-28,0.18974650293834913,0.19361115468379936,0.0638105104365046,0.005862000000000006
2021-04-29,0.18867558097347803,0.19276326647464212,0.057577977394969004,0.024126000000000036
2021-04-30,0.1882807047869779,0.19197861815726164,0.05992465586206694,0.017611000000000016
2021-05-03,0.18927643030363356,0.19135301036369182,0.05478589731564068,0.032134000000000024
2021-05-04,0.1874378836697368,0.19443544471726917,0.07436019192199705,0.028137000000000023
2021-05-05,0.18549148781278577,0.1945396295988146,0.07137292726038677,0.03130100000000002
2021-05-06,0.18430045769719086,0.19472579689486338,0.07319327667624356,0.03188300000000002
2021-05-07,0.18176127417126786,0.19463154032021898,0.06099063033549815,0.02118299999999998
2021-05-10,0.1809646832958138,0.19661851479564263,0.08224162433976692,0.022685999999999984
2021-05-11,0.17791072278146844,0.20285703557357496,0.09491604060346404,0.02445200000000003
2021-05-12,0.1755736011853095,0.20916458453630696,0.11956053929820831,0.04235300000000003
2021-05-13,0.17546280172391168,0.20877343664337725,0.10129169576849281,0.03723900000000002
2021-05-14,0.17408301744195814,0.20532820656637063,0.08104848274495458,0.026635999999999993
2021-05-17,0.1734688869655943,0.20862083441986787,0.08764127837150709,0.03942699999999999
2021-05-18,0.1728914189946708,0.21068317861265914,0.09945381909491346,0.019198999999999966
2021-05-19,0.17335087315907732,0.20946876231547482,0.10394281338990011,0.034934999999999994
2021-05-20,0.17394806289019754,0.21093232260878977,0.08729808924560054,0.026855000000000018
2021-05-21,0.17629015565353442,0.2101104539346474,0.08859130933518933,0.03110799999999997
2021-05-24,0.17600326462521557,0.20575766290141037,0.0838386510193403,0.02235200000000004
2021-05-25,0.17615919992619686,0.21069848680194492,0.09081256281234304,0.028081999999999996
2021-05-26,0.17677920506145323,0.2054540255648172,0.0797292284357741,0.03155199999999997
2021-05-27,0.17723481852089534,0.2088544377022151,0.08344836177029055,0.019289999999999974
2021-05-28,0.17728941874657012,0.20861467852625284,0.08213670618361715,0.010161000000000031
2021-06-01,0.1747396979696705,0.21058890019277596,0.09221914275039436,0.011863999999999986
2021-06-02,0.17351980454233007,0.19349767727382094,0.08603185516486975,0.015018999999999949
2021-06-03,0.17202452665846843,0.1927811987776064,0.08579718724646002,0.03183600000000003
2021-06-04,0.17144716413118133,0.19775425916285266,0.0785347994913333,0.014562999999999993
2021-06-07,0.17156867797612596,0.19887738309977715,0.09422871518511708,0.025561
2021-06-08,0.17178511076738245,0.2003691832046711,0.10025594571507218,0.023129999999999984
2021-06-09,0.17159932852664503,0.20204569067252195,0.10694840229219654,0.02653300000000003
2021-06-10,0.16820106275342314,0.20707348564717412,0.09446517328986007,0.01774600000000004
2021-06-11,0.16827984242894858,0.20571150171522404,0.09364423066852426,0.02349000000000001
2021-06-14,0.16823154137704427,0.2067970166242014,0.11227373061016144,0.029133999999999993
2021-06-15,0.16840456728219108,0.20148015833143026,0.09477240693577438,0.011424000000000045
2021-06-16,0.16333001273034092,0.20226891617742887,0.08996066591336963,0.01699400000000001
2021-06-17,0.16269083704882586,0.2056942586753954,0.07626031340528935,0.008826
2021-06-18,0.1609198653207958,0.2096384261621222,0.06930868623370434,-0.0023620000000000307
2021-06-21,0.16528818802248432,0.20411197752116683,0.041696971934888166,0.029038000000000008
2021-06-22,0.16606305089848014,0.20509054413559163,0.04405961243631648,0.034472
2021-06-23,0.16772666660362467,0.2026318951348304,0.032282152881222465,0.028256999999999977
2021-06-24,0.1678282958642991,0.20155342162598197,0.028857323531170792,0.028913000000000022
2021-06-25,0.16886660848059815,0.1998688867298162,0.028655114591461667,0.008922999999999986
2021-06-28,0.16941024798254445,0.2015854162330416,0.030685212278647706,0.02327399999999999
2021-06-29,0.17013835944951206,0.2006205161214084,0.03362065125981578,0.019274000000000013
2021-06-30,0.17069491109474252,0.20212744179670922,0.04214497622192487,0.021583999999999992
2021-07-01,0.17260132983251592,0.19916447274421797,0.0383422539034777,0.02130800000000002
2021-07-02,0.17510792526152955,0.20420258015846102,0.045591705469648525,0.0020549999999999735
2021-07-06,0.18127778222235377,0.21819287578298477,0.06663644272970709,0.007498000000000005
2021-07-07,0.18208489060491093,0.21770081570620609,0.055829774171431645,0.006014999999999993
2021-07-08,0.18171432791418501,0.19871597303601185,0.057224433154199256,0.028352000000000016
2021-07-09,0.1823342355675399,0.19594078062078152,0.057239966212429105,-0.0007410000000000194
2021-07-12,0.18173208813644862,0.19644673953964978,0.04910780804048956,0.013865000000000016
2021-07-13,0.18206422363954067,0.19003802250749802,0.04494890752011896,0.016446000000000016
2021-07-14,0.1828186916314313,0.20014914814881607,0.0547475799094862,0.020705
2021-07-15,0.18353580098814234,0.20017031593126067,0.05066391582254373,0.021997000000000017
2021-07-16,0.18435405055691384,0.2011841087210137,0.06745418481113688,0.02754000000000001
2021-07-19,0.18230272840169895,0.21777344394893441,0.08857293148093906,0.03557099999999999
2021-07-20,0.1813898379641281,0.21215552921476843,0.07125395643131674,0.021657999999999983
2021-07-21,0.18210229670323158,0.20497417292572814,0.06249834208570457,0.035966
2021-07-22,0.1829384068384658,0.2062173654116481,0.07943389752384136,0.03729000000000002
2021-07-23,0.18258743751893933,0.2056419947021508,0.06316268543282921,0.028230000000000005
2021-07-26,0.1834094298131591,0.20719606408821695,0.0715805416016081,0.02964900000000001
2021-07-27,0.18236357931173441,0.20890370863703464,0.06990119689702684,0.04037299999999999
2021-07-28,0.18441132297201135,0.2073449947467745,0.06194019044184529,0.02605200000000002
2021-07-29,0.1844627652848123,0.20035367925391218,0.05184816421407873,0.024146
2021-07-30,0.18522246906674664,0.20486081418195523,0.05815776371365994,0.02224699999999999
2021-08-02,0.18381353109607101,0.21872904468532886,0.05800642624326738,0.043365000000000015
2021-08-03,0.18584396189746671,0.217294521224881,0.047705221647708185,0.02620800000000001
2021-08-04,0.18564724082559875,0.21496202808323875,0.057760569551721874,0.02258300000000002
2021-08-05,0.18725829752672024,0.205171066289489,0.04257081757205258,0.020226999999999995
2021-08-06,0.18874253027468013,0.20665174651490786,0.041253322799117614,0.01902100000000001
2021-08-09,0.18970037261345835,0.20430280899939784,0.04931741538222553,0.024516999999999983
2021-08-10,0.1888859914304699,0.20552222764815245,0.05720659866597619,0.022906999999999983
2021-08-11,0.18901644027542225,0.20447256677770198,0.05518387102349201,0.029220999999999997
2021-08-12,0.19016661769278995,0.193701604434975,0.06441000526430668,0.026362000000000024
2021-08-13,0.1907371970155263,0.19775788973550681,0.07048166690496732,0.029102000000000017
2021-08-16,0.19034651488663767,0.19758662177155475,0.07058467461409601,0.028932000000000013
2021-08-17,0.19061906589289604,0.19850240043151507,0.09265751831393804,0.03533599999999998
2021-08-18,0.19064994458214576,0.19992238142766958,0.10939495342689698,0.029317999999999955
2021-08-19,0.18875936083447573,0.200194150362814,0.1177598895815754,0.040497000000000005
2021-08-20,0.18694642438551193,0.19970411197105756,0.0943229114106702,0.02663500000000002
2021-08-23,0.19030216830706254,0.20323166527296893,0.0948607102524463,0.023923000000000028
2021-08-24,0.19338581177663267,0.20533228696543626,0.10559979920307927,0.041993
2021-08-25,0.19656287275085335,0.20423726086444693,0.10284118592816252,0.03416400000000003
2021-08-26,0.19982690274903697,0.20435349745660722,0.10969002608050576,0.038190999999999975
2021-08-27,0.20473156712394802,0.20386506120342882,0.09464366012112771,0.03418300000000002
2021-08-30,0.20817054642052985,0.20546007122517565,0.10628757033451108,0.03270400000000001
2021-08-31,0.21281010463510835,0.20396758597863324,0.11029111001082934,0.03835500000000003
2021-09-01,0.21481893868448074,0.20384943331084382,0.1111130570157968,0.029715999999999965
2021-09-02,0.21700504314261757,0.20377199206965887,0.10758790236673241,0.03872199999999998
2021-09-03,0.23832957214003556,0.20357146433858775,0.11401158994667213,0.02485599999999999
2021-09-07,0.24144795077166586,0.20299314333136897,0.11489319003460008,0.03515399999999996
2021-09-08,0.24306742275704613,0.20346142434976708,0.11109060058714279,0.034972999999999976
2021-09-09,0.24402065752211632,0.20367259576483238,0.11423089646240092,0.04263300000000003
2021-09-10,0.2468452946216749,0.20476030972205003,0.12347191520507692,0.041949000000000014
2021-09-13,0.24583098161246958,0.2046509957854229,0.1210702062271215,0.049848
2021-09-14,0.2505095140373,0.2056189891434099,0.11902089850870712,0.047267
2021-09-15,0.26040070730195247,0.20408355340437426,0.11095915923464816,0.03841500000000003
2021-09-16,0.26508661438020314,0.20556741034818318,0.10661314669631428,0.038737999999999995
2021-09-17,0.2769107550711515,0.2207016249591517,0.11952576122976444,0.04309299999999999
2021-09-20,0.27804636399333477,0.22690232055787984,0.14400650304843002,0.077235
2021-09-21,0.2791639596514134,0.2192376218514548,0.13576006230551116,0.036750000000000005
2021-09-22,0.2826474516544157,0.2170455477056378,0.07915443505884887,0.04967900000000003
2021-09-23,0.2839539246775533,0.19819146141761357,0.05170614148363098,0.04942800000000003
2021-09-24,0.2835327741156756,0.19921925446551964,0.046965335235230915,0.04507699999999998
2021-09-27,0.28353741880197925,0.20510616141027996,0.06711097852242415,0.032404000000000016
2021-09-28,0.2834154473370596,0.21046407194252686,0.09534440840020328,0.040323
2021-09-29,0.28479792336116544,0.20998010639091358,0.0798154976988579,0.04390100000000002
2021-09-30,0.2850362261044996,0.2096402229657038,0.08792917206477208,0.04194699999999996
2021-10-01,0.2834880077583121,0.21105685288475562,0.0673984529854226,0.039256999999999986
2021-10-04,0.28414609631524623,0.2093088982028304,0.08106730521037997,0.06843500000000002
2021-10-05,0.2880661489327779,0.20521898971855573,0.05512231550008034,0.054557999999999995
2021-10-06,0.29074952401244253,0.205275310705784,0.05447886473031574,0.049906000000000006
2021-10-07,0.29377149777790373,0.203985622037659,0.043500594587101454,0.04386699999999999
2021-10-08,0.29665955692067864,0.20110094829821668,0.028648647642377595,0.03958699999999998
2021-10-11,0.3001286547733627,0.20106246520868684,0.03450587751213516,0.03701600000000002
2021-10-12,0.3014252241721234,0.20197970002736615,0.04235625079565497,0.03778300000000004
2021-10-13,0.3022908545469238,0.1973575554260986,0.026558378237897334,0.036224000000000034
2021-10-14,0.30338583766225063,0.19405538164308828,0.010410715835077189,0.028625999999999985
2021-10-15,0.30442658719279925,0.19211360447650816,-0.0007994518253708893,0.03025
2021-10-18,0.30573763864878106,0.19287888959120067,0.003532879489219626,0.02996199999999999
2021-10-19,0.3070690705406368,0.19176783337200945,0.012734302602664394,0.03231300000000001
2021-10-20,0.31110763949539816,0.19131659687120126,0.015285141475128827,0.031457999999999986
2021-10-21,0.312497330951999,0.19295214616244594,0.02340107586242826,0.03389500000000001
2021-10-22,0.32125963890914766,0.2454113803997367,0.019407914603367465,0.030900999999999984
2021-10-25,0.32284086587649446,0.24650168359411273,0.03085690680592748,0.031367000000000006
2021-10-26,0.3277616170304166,0.2385919744044082,0.028034384186994027,0.02315500000000001
2021-10-27,0.3341726422359573,0.24066816311157377,0.027652273032399366,0.027159000000000016
2021-10-28,0.3457866622962233,0.23541717002575288,0.025800163056667158,0.026838
2021-10-29,0.3477542709261504,0.23753041178393672,0.027533842462779817,0.022801000000000016
2021-11-01,0.34705736093304945,0.23330438896065722,0.03129495412513153,0.026723999999999998
2021-11-02,0.34772724944529926,0.2258692042808161,0.04560695807600204,0.02470899999999998
2021-11-03,0.3480534481228126,0.23170724334765028,0.05099616795288822,0.02163800000000002
2021-11-04,0.34901102843190024,0.2342288092009676,0.06401721165917246,0.018711000000000033
2021-11-05,0.350047401202669,0.23588887869598696,0.08047782547559296,0.012582000000000038
2021-11-08,0.3506568353995935,0.23836596458855921,0.07751920877422253,0.019237000000000004
2021-11-09,0.35093960660050444,0.23337127093097296,0.08781864092282857,0.021842000000000028
2021-11-10,0.35360705090210326,0.23986276462316566,0.09697969463666145,0.02597299999999997
2021-11-11,0.35650345012114737,0.23994957510730983,0.08288708001416445,0.027915999999999996
2021-11-12,0.35712322916600603,0.2372454258020033,0.08326579860992486,0.02748700000000004
2021-11-15,0.3578470752074191,0.24059475966866095,0.09233608602457435,0.031196
2021-11-16,0.35923542966240296,0.23666827067460972,0.09288473933153399,0.026330999999999993
2021-11-17,0.3615884738803817,0.23593216120204893,0.0978231209620877,0.03139799999999998
2021-11-18,0.36222962549213483,0.241741743254415,0.10622699527453847,0.027451999999999976
2021-11-19,0.3635696151800142,0.24638639510125826,0.10540078720413132,0.015986
2021-11-22,0.3645921757683309,0.24434292303357985,0.1168593187213641,0.015662999999999982
2021-11-23,0.3739527121156482,0.24125605024505287,0.1235178522285843,0.027266000000000012
2021-11-24,0.37372790890711005,0.23792988819996388,0.12182197678760767,0.02296300000000001
2021-11-26,0.3714087818666171,0.2370484236760669,0.17004532679397685,0.03555900000000001
2021-11-29,0.37250140107784785,0.2971202998386637,0.11584528514238707,0.030113
2021-11-30,0.3711992334525282,0.29675748110195466,0.15198076291094803,0.024187999999999987
2021-12-01,0.3723561486109888,0.248409606289536,0.16656571581521973,0.022092
2021-12-02,0.3742267247560405,0.24949249033868204,0.14398217121745757,0.05055799999999999
2021-12-03,0.3627206779208285,0.2521649770664874,0.19341787531020765,0.08332099999999998
2021-12-06,0.3672597521420156,0.29409022312453503,0.1412194947540512,0.061436000000000046
2021-12-07,0.36815877395469027,0.299451959073093,0.07906138236749449,0.05452299999999999
2021-12-08,0.3698723074691588,0.3043478126836538,0.07934438787853798,0.046877
2021-12-09,0.37072728621809914,0.3002622602109114,0.08894234415886426,0.03816600000000003
2021-12-10,0.3727102586833298,0.2623200041374739,0.05179463589943162,0.043704999999999994
2021-12-13,0.3703565267823438,0.23605457539749697,0.060797720368979125,0.025634000000000046
2021-12-14,0.3664483804647978,0.23928145161973444,0.08566438264702714,0.042655
2021-12-15,0.36387473718142266,0.23674963556000972,0.05371023644051359,0.055335999999999996
2021-12-16,0.35665376840097096,0.2449360168395865,0.0030805212596678455,0.021321000000000034
2021-12-17,0.35542477682153034,0.23432060621842649,-0.04588838586590194,0.02702500000000002
2021-12-20,0.3580501316146064,0.23635888751316345,-0.03181562547599226,0.04120999999999997
2021-12-21,0.35852892362291733,0.2387699672316111,-0.07730189295876855,0.03664999999999996
2021-12-22,0.35851346387748334,0.23887723974554606,-0.09272573489167918,0.03262999999999999
2021-12-23,0.36037011048768347,0.2371473976168483,-0.09762910895739235,0.022619999999999973
2021-12-27,0.3609362536181865,0.25286827794471356,-0.09586458954867821,0.03101799999999999
2021-12-28,0.36291150459387517,0.2709180789414819,-0.10109953268293304,0.03163199999999999
2021-12-29,0.36256297658543624,0.2827374418238794,-0.1064597945598349,0.020484999999999975
2021-12-30,0.36209139907696003,0.28271509370470926,-0.1038777876751284,0.025270000000000015
2021-12-31,0.363307298824093,0.2825078864720439,-0.09698303579883977,0.013873999999999997
2022-01-03,0.36074643107276416,0.2814094641168533,-0.11258194497872392,0.021465000000000012
2022-01-04,0.359067260256759,0.3002064161641449,-0.05918428567016054,0.017882999999999982
2022-01-05,0.3575844110385256,0.3029399852354375,-0.02578112736138677,0.03417700000000001
2022-01-06,0.35669208018623544,0.30222913586262756,-0.04335304666786899,0.03435300000000002
2022-01-07,0.3553465197205068,0.30249073382804814,-0.043347670440873565,0.03318399999999999
2022-01-10,0.35280301984771195,0.30328706365955693,-0.03818526392864263,0.047265
2022-01-11,0.35354045869929085,0.30045880468233693,-0.06271380434475565,0.03863
2022-01-12,0.35276664999573815,0.29838685713911917,-0.05838893031881642,0.03281499999999998
2022-01-13,0.3520349164068139,0.2948393540332277,-0.02658963760828542,0.042298999999999976
2022-01-14,0.35242588879102915,0.2895957699977881,-0.021340526655652392,0.040259000000000045
2022-01-18,0.3521683707388676,0.289255799391559,0.031146109479932405,0.04388700000000001
2022-01-19,0.3519139305578879,0.28649124744901255,0.03262750247935137,0.04543899999999995
2022-01-20,0.3528681460966477,0.28647168315849747,0.029250823956933014,0.05030200000000001
2022-01-21,0.3536586446061523,0.28865990730466373,0.09440652473221084,0.04900300000000002
2022-01-24,0.3468383130182484,0.28997674553858666,0.09064173593380703,0.10621200000000003
2022-01-25,0.3464940513886208,0.2854392071300892,0.10331262830351529,0.08665499999999998
2022-01-26,0.3443970252911272,0.28488946506829665,0.05818468734905463,0.08780899999999997
2022-01-27,0.3418875928624207,0.28599668911857534,0.04195008975878273,0.08993699999999999
2022-01-28,0.3338310945096835,0.2805014388223887,-0.019884951385779892,0.08257499999999995
2022-01-31,0.33333644557690767,0.2782531941516461,-0.053371945063535986,0.07187700000000002
2022-02-01,0.3339876358468937,0.27447743301627586,-0.059204884028323745,0.063853
2022-02-02,0.34435456292338396,0.2760023263279689,-0.060204314975980555,0.06409799999999999
2022-02-03,0.3482802161166607,0.2758030622448974,-0.003395073109787483,0.07642699999999997
2022-02-04,0.3523247565781906,0.2691874121918281,-0.01933708676241941,0.06864900000000002
2022-02-07,0.3543461307490352,0.2691851052491325,-0.010541256484384032,0.067967
2022-02-08,0.36525251254443847,0.2678125898327796,-0.024762152127234816,0.064635
2022-02-09,0.3810351111255428,0.2976518342835521,-0.04271383738643192,0.058821999999999985
2022-02-10,0.3812857405248787,0.2943824675817834,0.005421416742541152,0.06114200000000003
2022-02-11,0.380763811062903,0.2931304207952334,0.04313488782293795,0.07986900000000002
2022-02-14,0.38143882567666176,0.2904288543713184,0.04926843825344629,0.08582300000000004
2022-02-15,0.38290032616513336,0.2884999401339881,0.007618384854577276,0.079291
2022-02-16,0.38430449601352346,0.2878677381329526,0.006601689832862245,0.07075800000000004
2022-02-17,0.38342572053696833,0.28944912994888927,0.048161502449694915,0.08693599999999996
2022-02-18,0.38902746556169615,0.2881212697364172,0.06795001760188946,0.08199500000000004
2022-02-22,0.3868764743071824,0.2906598414679807,0.08564847765463257,0.09042100000000003
2022-02-23,0.3869011193057103,0.2914865817528752,0.13249651968974313,0.07470599999999994
2022-02-24,0.3771693458275368,0.2937838003878599,0.08807869742648422,0.08981600000000001
2022-02-25,0.3763985092563673,0.2894565600887826,0.06216937741699535,0.079484
2022-02-28,0.3763352998679801,0.2870248557230466,0.09620873923792317,0.08762900000000001
2022-03-01,0.3750073966178764,0.28556235032773386,0.16501445669677234,0.10186800000000001
2022-03-02,0.38060099536264796,0.27944417679430666,0.1338676005859995,0.07864799999999994
2022-03-03,0.3818638166367371,0.28038201936523344,0.13302166520115988,0.09003900000000004
2022-03-04,0.38013050057874576,0.2839323319279787,0.14616203745329992,0.088443
2022-03-07,0.3796312508660282,0.28281456825964285,0.18483907560493246,0.08219599999999999
2022-03-08,0.3736026968975713,0.27860746804170405,0.15534379386419667,0.08264100000000002
2022-03-09,0.3721557429567722,0.28055340052450284,0.10959537842735007,0.088061
2022-03-10,0.371771217858333,0.28336834625570195,0.1091707617079915,0.08781299999999997
2022-03-11,0.3733727762779814,0.28414366280506614,0.11987065335380481,0.08820400000000006
2022-03-14,0.37366484617754603,0.2841620572320077,0.14316677756919838,0.089331
2022-03-15,0.3743453864798682,0.2836104035568615,0.11517330239064205,0.09082299999999999
2022-03-16,0.37470203730813245,0.282345486182918,0.06381826741873314,0.081924
2022-03-17,0.3776097508115058,0.32721499017659544,0.046497065444190744,0.077461
2022-03-18,0.39126019039337134,0.3239281860747371,0.03281114078006392,0.06862999999999997
2022-03-21,0.39520692707797284,0.3253313516461624,0.048112505582445786,0.07724900000000001
2022-03-22,0.3949515060340783,0.3215033879637226,0.020308766294187097,0.058991000000000016
2022-03-23,0.3925296272685916,0.32179354950733624,-0.021983378018959387,0.054595000000000005
2022-03-24,0.3923271984878544,0.315869995122815,-0.047484874790564624,0.05900999999999995
2022-03-25,0.3912371495308418,0.3097440206928729,-0.02080272610959155,0.057311
2022-03-28,0.39309617462735286,0.30354240731779825,-0.03787334987478841,0.05587599999999998
2022-03-29,0.3918577996835968,0.2832270090129434,-0.057628672199905306,0.04823099999999997
2022-03-30,0.39373221430398947,0.29223312073660945,-0.039587130289104155,0.053174
2022-03-31,0.3946881763236974,0.3006948174683861,-0.017939551950426236,0.038385
2022-04-01,0.39749904343160325,0.291465373688466,-0.032839444115706995,0.051530999999999993
2022-04-04,0.39810719773841213,0.27677197375676305,-0.03888677261242118,0.050692000000000015
2022-04-05,0.39654482760439685,0.2935197698885591,-0.015501147553538153,0.05780200000000002
2022-04-06,0.39604537320867733,0.2936283969999284,0.033842050304358995,0.057486999999999955
2022-04-07,0.3947882695458137,0.29399614900867616,0.03022606176828091,0.05339100000000002
2022-04-08,0.398501666429879,0.2891040002423394,0.03112475729915487,0.06268600000000002
2022-04-11,0.39883335733060854,0.28641902800976504,0.05952457981150738,0.06836200000000003
2022-04-12,0.39926377315726275,0.28685113844117976,0.057826824416554734,0.068795
2022-04-13,0.39957092372414166,0.27698435411628175,0.028932918211705072,0.064307
2022-04-14,0.39993988237880995,0.27356618049623155,0.043149418324011035,0.06830400000000003
2022-04-18,0.4001661005287632,0.2752172230824922,0.05147971534609136,0.06956899999999999
2022-04-19,0.4001285212876672,0.27291703486821905,0.04463201694517499,0.06132399999999999
2022-04-20,0.40003981542884515,0.2799678349632814,0.06696542308737868,0.056427000000000005
2022-04-21,0.39863122714910326,0.2921407139887995,0.08556952202067897,0.06861
2022-04-22,0.3979869565420218,0.34272447600293976,0.1279788054565884,0.065942
2022-04-25,0.3977942907842892,0.33428769462713587,0.11840748832244674,0.07863899999999996
2022-04-26,0.39760484306024485,0.3398388231428352,0.17607490180423946,0.07542500000000002
2022-04-27,0.3966882786539485,0.3363538500723228,0.14687162238581752,0.08289099999999999
2022-04-28,0.3944397022961014,0.33447865737831356,0.10404858322282279,0.08074200000000004
2022-04-29,0.39275161517677193,0.3388179884786865,0.1310471608866961,0.08965800000000002
2022-05-02,0.3922654849607742,0.3379302756726663,0.1275024931370885,0.091696
2022-05-03,0.3919248054389131,0.33695890524332334,0.1096147040499813,0.08964500000000003
2022-05-04,0.38340993467603196,0.33742459322716545,0.0464848028759382,0.07759300000000002
2022-05-05,0.37972394692790573,0.34085838713874583,0.10466945652942172,0.10679900000000003
2022-05-06,0.37491578177639184,0.34658148362757774,0.091570621429444,0.088289
2022-05-09,0.3720532654564195,0.34998044151117963,0.13990780783621654,0.110095
2022-05-10,0.3610734474034298,0.3489476254581005,0.10541470565893851,0.095999
2022-05-11,0.34443851253936886,0.3507459999057035,0.0821294013194952,0.098663
2022-05-12,0.34091824919521113,0.34980402172420183,0.07426478421592075,0.114757
2022-05-13,0.3387296795250115,0.34808729467178007,0.03216003217546465,0.09393899999999994
2022-05-16,0.33828849569929154,0.3478547854942168,0.0332074237025381,0.09306000000000003
2022-05-17,0.33599957791809054,0.344585629663635,0.002478717686872356,0.08738900000000005
2022-05-18,0.3324659143208501,0.34866076676446833,0.04531069718924796,0.09652100000000002
2022-05-19,0.3307484065950233,0.3475462012753815,0.036672013795296055,0.09793200000000007
2022-05-20,0.32331489540963904,0.34792189084434727,0.030507914440212336,0.09205800000000003
2022-05-23,0.32265602391702797,0.347375026571272,0.029985323107720896,0.090729
2022-05-24,0.32013020726295927,0.347035724676608,0.050676886854955916,0.09525800000000001
2022-05-25,0.3220280667681164,0.3462209188650704,0.04502966009549142,0.09506900000000001
2022-05-26,0.3250359674671008,0.34331655426855917,0.026479191042540595,0.08273599999999998
2022-05-27,0.3250881617764393,0.3122089505096231,0.006206032154239538,0.08410100000000004
2022-05-31,0.3245765922171509,0.3154819759666376,0.04141604580657471,0.07280199999999998
2022-06-01,0.3173621376572196,0.3146396821420902,0.014039911282142159,0.06225999999999998
2022-06-02,0.315096533260603,0.3121736733839669,-0.011809623298212946,0.07087200000000005
2022-06-03,0.3186420894987049,0.31411798077766834,0.014842125357376446,0.07002900000000001
2022-06-06,0.31849733261756286,0.3138567250882543,0.01562643865234037,0.06523400000000001
2022-06-07,0.3194835635204406,0.32237584771670186,0.029579743561584326,0.058141
2022-06-08,0.3207520287620951,0.3241733606232911,0.026399338049161836,0.064805
2022-06-09,0.31865368596792754,0.3333221723621489,0.06952019246201441,0.06084700000000004
2022-06-10,0.3136442973820933,0.34212615019824133,0.15506342569849707,0.06240199999999996
2022-06-13,0.3119230812916683,0.34925313902472455,0.2143713135488251,0.09745300000000001
2022-06-14,0.3114807845854171,0.3458911392509241,0.1960499247213786,0.09521100000000005
2022-06-15,0.32028869211675387,0.3405117865421424,0.1567167661806358,0.08771899999999999
2022-06-16,0.31755385442272993,0.347558091707549,0.1976678275043539,0.10115000000000007
2022-06-17,0.29896732268537357,0.3294356607111905,0.05005957227672675,0.06916699999999998
2022-06-21,0.2921872114846787,0.3228571116811975,0.008469109107019868,0.08013199999999998
2022-06-22,0.29149956244487224,0.324720620649383,0.02188515539049013,0.07488299999999998
2022-06-23,0.29209907504734994,0.3210750455667075,0.009781625239334901,0.07578199999999996
2022-06-24,0.2933102227297522,0.3223525795399804,-0.009271254086092584,0.072436
2022-06-27,0.29561221700317203,0.3234878326215016,0.004541761619048401,0.07362999999999997
2022-06-28,0.2952841241454675,0.3250308383224589,0.025981771332987735,0.06845200000000001
2022-06-29,0.2961104067158187,0.2656633129001087,0.02536014834119249,0.06462000000000001
2022-06-30,0.29298813530932755,0.26548706653410165,0.015662968416138234,0.076799
2022-07-01,0.29373925616326535,0.2695325641049957,0.0176005979335353,0.07572299999999998
2022-07-05,0.29081645622870095,0.26641955657066,0.019040327242604127,0.07742200000000005
2022-07-06,0.2893516848609666,0.27266935579935153,0.008975358938499711,0.075928
2022-07-07,0.29105285113840984,0.2690531626359412,-0.006105618644633215,0.06889699999999999
2022-07-08,0.2926590728774933,0.2650728144608274,-0.013569359756037236,0.05986100000000005
2022-07-11,0.29313414225444223,0.2646849478928292,-0.0011168895458510408,0.07061899999999999
2022-07-12,0.2879324124208581,0.27530776638104804,0.012584490071949728,0.06379099999999999
2022-07-13,0.2877867285138252,0.27090501588671645,0.02193067839037377,0.05390699999999998
2022-07-14,0.285778237359434,0.2743738358540129,0.008360513375087864,0.06221299999999996
2022-07-15,0.2965903331488646,0.2722183944675537,-0.020381071373784143,0.06322999999999995
2022-07-18,0.29727762770943167,0.28060790329981666,0.0044997493339477,0.059782
2022-07-19,0.296465745494315,0.2778419442293706,-0.009398522758120809,0.06284700000000004
2022-07-20,0.3021972202827391,0.278484090483322,0.035113942658820785,0.058130000000000015
2022-07-21,0.30429778733569024,0.2646212190590623,0.03835346901498515,0.06346799999999997
2022-07-22,0.3036268191588344,0.25837595232000743,0.04799061336859678,0.06235799999999997
2022-07-25,0.303798989799813,0.2595172294212186,0.06276443810150828,0.062072000000000016
2022-07-26,0.3046461875976996,0.26023947803058267,0.0887127174424352,0.06501999999999997
2022-07-27,0.3040280465113335,0.2603799118371985,0.04693216451604154,0.05865100000000001
2022-07-28,0.3065578607181587,0.2771493857507558,0.03139987517117848,0.06334000000000001
2022-07-29,0.3059222376213388,0.27944943115261617,0.02054459057609348,0.06296099999999999
2022-08-01,0.3044148851809296,0.289180956990475,0.04478484767846275,0.067994
2022-08-02,0.3041938593296257,0.28931945213066407,0.06247125281911087,0.06173400000000001
2022-08-03,0.3051731276269896,0.2880695083108524,0.048640590823991026,0.05648500000000001
2022-08-04,0.30570413652366474,0.2753005975328441,0.05044998075499385,0.06015300000000001
2022-08-05,0.30798073180007984,0.27677171877043544,0.041427099006033086,0.05942900000000001
2022-08-08,0.3128065999030353,0.27125889297562467,0.055939389961291885,0.06161899999999998
2022-08-09,0.3147430089435235,0.271607765249232,0.07056436859864706,0.06430000000000002
2022-08-10,0.31905652834729964,0.26571140052539693,0.06864535323410925,0.063755
2022-08-11,0.319575982143012,0.280946539431625,0.08132061034101506,0.063029
2022-08-12,0.32026870721199197,0.2730303424913212,0.07756366481677773,0.05884900000000004
2022-08-15,0.32146938715896267,0.2668188821152483,0.09237959220737829,0.06282599999999999
2022-08-16,0.32289045979560543,0.2587942855693727,0.09829705928849752,0.054107000000000016
2022-08-17,0.32394873526493295,0.27431439395362095,0.11656136849584936,0.05524499999999999
2022-08-18,0.32458443190735126,0.278467796817223,0.11585267614238898,0.05827399999999999
2022-08-19,0.32634843010251885,0.27997100941664377,0.1412401365122352,0.055142000000000024
2022-08-22,0.3283415125996704,0.2939765957057017,0.19048718341701038,0.068496
2022-08-23,0.3288275615143946,0.2897988098368961,0.19855628797608227,0.06248100000000001
2022-08-24,0.3301792559191118,0.29216485997691394,0.1969709457907,0.06298500000000001
2022-08-25,0.32916913537323333,0.2887257213383081,0.1676425561645134,0.06300900000000004
2022-08-26,0.325139170775166,0.3143834431686988,0.21078426952752338,0.05821200000000004
2022-08-29,0.3259708875743203,0.310348148126234,0.21978577031007182,0.06733999999999996
2022-08-30,0.3254034833785119,0.3008293483736827,0.21693351516524303,0.067162
2022-08-31,0.3270335582945217,0.2689946985444799,0.2312490638726471,0.06340299999999999
2022-09-01,0.3266429704658977,0.2687006884442841,0.21925534459288318,0.07106300000000004
2022-09-02,0.32322855507616954,0.2697335403311453,0.20029676838397834,0.06933899999999998
2022-09-06,0.3237261936387958,0.27703834794454096,0.21443234269598063,0.072552
2022-09-07,0.3225903831144483,0.26246396135461564,0.18082785437621596,0.06808400000000003
2022-09-08,0.32132353088827875,0.2625330931752022,0.17662148229631475,0.067772
2022-09-09,0.32377405723923647,0.25993174294494237,0.14526977143886233,0.05441399999999996
2022-09-12,0.3242496446319561,0.26107589795498165,0.15842782472397682,0.065722
2022-09-13,0.322509023460031,0.2630807926111803,0.19388491449026413,0.061350000000000016
2022-09-14,0.32573431053898527,0.27651672013322887,0.1814191167267572,0.06538899999999997
2022-09-15,0.3154813115850062,0.3026449761585589,0.127430883169098,0.04897099999999999
2022-09-16,0.315671231330375,0.3000070551320137,0.09135462893731033,0.05401700000000004
2022-09-19,0.3214288164449094,0.3014443929672729,0.08533577172169599,0.052573999999999954
2022-09-20,0.32404982810699934,0.29688867962124993,0.09266074803220958,0.055633000000000044
2022-09-21,0.32555774727087006,0.29313808565136984,0.09422730434137638,0.037773
2022-09-22,0.3249432323841683,0.2933305419968687,0.08299915292899518,0.040379
2022-09-23,0.3248107825309497,0.3025525124996065,0.09867517376143609,0.06610300000000002
2022-09-26,0.3222023325057774,0.3058799567234405,0.12824167841273365,0.05475599999999997
2022-09-27,0.31964297159842175,0.30131505124097935,0.12331020391335207,0.07191199999999998
2022-09-28,0.32010990654582117,0.3022223345392259,0.10199777082246964,0.05657200000000001
2022-09-29,0.32090146814192994,0.30222805470856373,0.10758227588976149,0.07073499999999999
2022-09-30,0.31839872662865565,0.2959861309524251,0.09625270818445852,0.06096699999999999
2022-10-03,0.3210636763692444,0.29993177440508495,0.08390548244817564,0.07095600000000002
2022-10-04,0.32200959458548917,0.29104833787240686,0.07738699833459795,0.07119799999999998
2022-10-05,0.32034036643276786,0.299831232984075,0.07741877820583709,0.07364299999999996
2022-10-06,0.3224213764177249,0.2939291125881231,0.09514844902119546,0.06804700000000002
2022-10-07,0.3238662485779646,0.3026652338126054,0.11098060562368284,0.06707100000000005
2022-10-10,0.32397775286234,0.30525927325580293,0.1273397144682114,0.06475700000000001
2022-10-11,0.32413499034222715,0.3088332171425976,0.12265870857624112,0.07577700000000004
2022-10-12,0.32467732491625334,0.3058705307425117,0.13982477758184408,0.06879799999999997
2022-10-13,0.31557662828108407,0.30070309418469654,0.08527528941441509,0.06896399999999997
2022-10-14,0.31530621411786397,0.30138994655600154,0.120596298761117,0.067724
2022-10-17,0.317035756410094,0.29875777942358056,0.11979024035358532,0.07114799999999999
2022-10-18,0.3106037160655612,0.29687510258059047,0.09893005669493832,0.07400599999999996
2022-10-19,0.30891348818724657,0.29514116957211906,0.0672767503801246,0.07079799999999997
2022-10-20,0.30672122279723324,0.308829309506352,0.07645487833318898,0.05354300000000001
2022-10-21,0.3053909897674619,0.3077815735173835,0.06406412954706026,0.058030000000000026
2022-10-24,0.30484492769104315,0.3078630923794049,0.06309992996237557,0.06321500000000002
2022-10-25,0.3045232391895595,0.3013446731263558,0.05487480453651422,0.06297299999999995
2022-10-26,0.3001628239195979,0.29476518759200027,0.04921144592704696,0.05672699999999997
2022-10-27,0.2997845750831152,0.2938779290532807,0.04627084498990425,0.057442999999999966
2022-10-28,0.2992583774133729,0.29948206342176714,0.027920129505760782,0.049402999999999975
2022-10-31,0.30352849363928874,0.3092530046210249,0.04446044518099912,0.05034700000000003
2022-11-01,0.3047316001139513,0.305909816408776,0.04943246814164204,0.048456
2022-11-02,0.30346444237994363,0.3153622376692818,0.0621438091176893,0.03581399999999996
2022-11-03,0.30014424862945266,0.29763226878776683,0.0650705331550997,0.05522100000000002
2022-11-04,0.2955628796125657,0.30504942235862315,0.04373126107123426,0.055508
2022-11-07,0.2953444219967579,0.3187010036340964,0.053303079887711435,0.04931000000000002
2022-11-08,0.29209487432439035,0.3090500530395005,0.05673720185687747,0.05335899999999999
2022-11-09,0.2921439735559912,0.2936693462310167,0.08369090367478865,0.05559700000000001
2022-11-10,0.2909544818138442,0.2878806615265365,0.05663708342893636,0.05654799999999999
2022-11-11,0.2912848909701172,0.286054910643415,0.0781411659013434,0.05554600000000004
2022-11-14,0.28912021730191795,0.2815860778382591,0.09371345536652337,0.044196999999999986
2022-11-15,0.28971926088055033,0.28492337079767593,0.09283439549180489,0.059529
2022-11-16,0.2900700019277933,0.28260027974993324,0.11839953349273669,0.05204700000000001
2022-11-17,0.28878935112169973,0.2829496660561027,0.1204018705347108,0.061056
2022-11-18,0.28771335254515207,0.2849022514517951,0.12769149026491444,0.06315900000000002
2022-11-21,0.28881844800914225,0.28831092069998976,0.15493950047653748,0.05382399999999998
2022-11-22,0.2890320426662042,0.2843163035352259,0.1412874015929101,0.04774499999999998
2022-11-23,0.286775642552965,0.2818112116980316,0.1196044870559384,0.062348000000000015
2022-11-25,0.28718738354514967,0.28262450112576426,0.1456023701959308,0.060004999999999975
2022-11-28,0.2857130223332677,0.2860410397903016,0.1596975105402889,0.057887999999999995
2022-11-29,0.2873650686381334,0.27952333187966527,0.16420317121461608,0.057701
2022-11-30,0.28531386698582906,0.2682001092962083,0.1323382092701823,0.06177300000000002
2022-12-01,0.28466127836112487,0.2674250340474873,0.1385892305120946,0.05302600000000002
2022-12-02,0.2841462319363221,0.2676862356042085,0.13717889132317823,0.056475
2022-12-05,0.28232715480541537,0.2690607423261662,0.1549239101076208,0.054095000000000004
2022-12-06,0.28525455172473346,0.2615507949229571,0.18498206848876847,0.05468200000000001
2022-12-07,0.2854985943116794,0.26321966176391604,0.20333149609942702,0.055732000000000004
2022-12-08,0.28455729373922883,0.26097287398152796,0.2031879701704178,0.06038899999999997
2022-12-09,0.284657492855553,0.2620506555296995,0.21255756211736893,0.06251500000000004
2022-12-12,0.28482340557602,0.2673661315553742,0.21412730480813458,0.06111700000000003
2022-12-13,0.28411200735140507,0.2541072674877751,0.177851387524173,0.052141999999999966
2022-12-14,0.28326352162022794,0.24311447907957168,0.16794663754287864,0.042742999999999975
2022-12-15,0.2823979528471805,0.2541617388260233,0.177786396058228,0.05540700000000004
2022-12-16,0.277405151514605,0.2513916918648226,0.05924555927609826,0.03654299999999999
2022-12-19,0.2757553072025662,0.2519021652421549,0.06365363658689593,0.030117999999999978
2022-12-20,0.2720618061673436,0.2581104225643779,0.057977305616120134,0.036865999999999954
2022-12-21,0.27065393158026735,0.2548928729158084,0.035799705510167146,0.037103
2022-12-22,0.27079731379466704,0.25258795203125467,0.058958997635719324,0.04146300000000003
2022-12-23,0.27108381190662767,0.24951920012777476,0.04864023997678962,0.04321999999999998
2022-12-27,0.27064506896933027,0.25935054520735695,0.06736392950998199,0.04080499999999998
2022-12-28,0.26805697067816353,0.26183281406069364,0.07261698556293006,0.04561799999999999
2022-12-29,0.266672197398998,0.2600439721195994,0.05011541111785561,0.04542299999999999
2022-12-30,0.2669463254505726,0.2640790873885882,0.05726267531218271,0.052761
2023-01-03,0.2612301658020271,0.2656719354739367,0.06428374335180242,0.05191100000000004
2023-01-04,0.26060393438939394,0.2650410174968927,0.05316505548639605,0.05518099999999998
2023-01-05,0.2608419906499918,0.2667080299105924,0.07577407438223882,0.049398
2023-01-06,0.25582515280299883,0.2650673870921536,0.03718780507433317,0.052498000000000045
2023-01-09,0.2534630883298312,0.2657860510178693,0.03573302819549301,0.05095899999999998
2023-01-10,0.2530168524081021,0.26548666186304143,0.03860567774754409,0.048817
2023-01-11,0.25098556738401034,0.26499606731414804,0.031180594793038807,0.05123699999999998
2023-01-12,0.24880307169865737,0.260887154545873,0.001022726702821497,0.047655
2023-01-13,0.24734126190187875,0.2528102314636083,-0.004273876895375284,0.045659000000000005
2023-01-17,0.24563775454049538,0.25424614623660646,0.007693275065569383,0.04718500000000003
2023-01-18,0.24332215103718338,0.254750039135909,0.009294691758563733,0.04898800000000003
2023-01-19,0.24299049337097245,0.25611018139111685,0.03221164835867574,0.04862700000000003
2023-01-20,0.24083199838750222,0.2577767717248791,0.019858166490871076,0.04961699999999997
2023-01-23,0.24018122590143262,0.25604949487237616,0.03571534848600483,0.049524999999999986
2023-01-24,0.2398751341438302,0.2536201925487627,0.04403986463212356,0.046918000000000015
2023-01-25,0.2412185973709501,0.2539854531444653,0.046053976155259246,0.04893599999999998
2023-01-26,0.2425738925592097,0.252908875726346,0.030996725680847548,0.049528000000000016
2023-01-27,0.24201862051475795,0.2519019640790879,0.03268207637394893,0.04460799999999998
2023-01-30,0.2417083738551778,0.25474544243365077,0.056526894019541196,0.05098200000000003
2023-01-31,0.24225207352164937,0.2522524567898342,0.04575133760242839,0.047236
2023-02-01,0.24205837799386146,0.25416556508923216,0.018153879205634216,0.041969000000000034
2023-02-02,0.24136409721723115,0.2554701705554674,0.03176426928363291,0.04752300000000004
2023-02-03,0.24195885968658873,0.2568987386716519,0.04870394011174922,0.03614900000000004
2023-02-06,0.24381293833834572,0.2571676690792412,0.05961920651513719,0.03735000000000005
2023-02-07,0.24244694772124095,0.25980457457626915,0.06158999984599978,0.036354
2023-02-08,0.24208582326867514,0.24323622868062786,0.07504688340014193,0.04219400000000001
2023-02-09,0.24045973096000903,0.24721211245551739,0.08777209123773427,0.04764299999999999
2023-02-10,0.24098641021267272,0.24788457376078518,0.09876212761764647,0.04680799999999996
2023-02-13,0.24426617451431193,0.2494891473991902,0.10601134564169168,0.055364000000000024
2023-02-14,0.2423588949380302,0.24294037353855585,0.09720454483871283,0.038269
2023-02-15,0.24386142440672112,0.2443834260094508,0.09545393719202455,0.046079999999999954
2023-02-16,0.24139914590744835,0.25055702975454597,0.11458889367862046,0.047575000000000034
2023-02-17,0.24163888286216773,0.24824439229459289,0.11748814183587886,0.049602000000000035
2023-02-21,0.24079591322660107,0.26267919935327644,0.14731356614083074,0.05828699999999998
2023-02-22,0.23954703113993245,0.2588072612085901,0.14249329473833133,0.05341000000000001
2023-02-23,0.23802543157345735,0.24939427256076535,0.128729567333427,0.04824299999999998
2023-02-24,0.24435531374173208,0.2607591967728889,0.14510980753709996,0.056674999999999975
2023-02-27,0.24660624907720513,0.25974812063886427,0.13571047857297658,0.05776600000000004
2023-02-28,0.24932771245533975,0.2586894314786611,0.14279252886546356,0.04118099999999997
2023-03-01,0.2509921482146811,0.2598717236509442,0.14188067934668414,0.045592999999999995
2023-03-02,0.2516152944366259,0.2963040322258778,0.12259914585355719,0.044101
2023-03-03,0.251401699910434,0.3016802646721057,0.12887075088032612,0.044943999999999984
2023-03-06,0.25352118682936303,0.3032409731141531,0.145586009118111,0.043578000000000006
2023-03-07,0.25233949808098805,0.25226469725560813,0.1456225144123519,0.04262900000000003
2023-03-08,0.25489876785374643,0.24558097067945325,0.14627794951721215,0.04255300000000001
2023-03-09,0.25269817733881295,0.24830706755263307,0.15697396271181152,0.04540299999999997
2023-03-10,0.2546073232687407,0.2572093940681814,0.1785236836379817,0.06359100000000001
2023-03-13,0.25646838552376694,0.2707732288736484,0.1920793540272717,0.068417
2023-03-14,0.2610452871288963,0.25953827980919636,0.16558178432725779,0.06121399999999999
2023-03-15,0.26184142070387756,0.2681012213870721,0.17937370283876336,0.06731299999999996
2023-03-16,0.26074549922584683,0.23724644060608416,0.07500814133418204,0.056502
2023-03-17,0.26066143977508555,0.23759824509034946,0.08900936930601333,0.06008399999999997
2023-03-20,0.26118558861809543,0.23420743544950504,0.08181237869825869,0.055352999999999986
2023-03-21,0.2620887503359444,0.24733905359618497,0.06721962598998593,0.057775999999999994
2023-03-22,0.25983893636236166,0.2497389146876097,0.07946749462966424,0.04070399999999996
2023-03-23,0.2591352125703375,0.24509891125267205,0.07528752978346387,0.049189999999999956
2023-03-24,0.25896719308618676,0.24535133405149104,0.06291780233365124,0.05691500000000005
2023-03-27,0.25691047099352754,0.24548002629963714,0.061490420020090975,0.051348000000000005
2023-03-28,0.25727659439519973,0.24699012875330792,0.057709401774489355,0.050559999999999994
2023-03-29,0.25748085828588885,0.2455072072785041,0.03670834961100805,0.05287700000000001
2023-03-30,0.258103213597013,0.24436466659862646,0.03550757560326112,0.05336200000000002
2023-03-31,0.25824840064046517,0.24072299061232885,0.03267738725255459,0.053093
2023-04-03,0.2584741888881138,0.23005738783725896,0.04191418655730672,0.04965899999999995
2023-04-04,0.2590040946285572,0.21705328979015237,0.0358141874630688,0.051758000000000026
2023-04-05,0.2587549513240689,0.21379884128814397,0.04763727675239848,0.049060999999999966
2023-04-06,0.2593099940128947,0.211557356373465,0.03740532881313996,0.052198999999999995
2023-04-10,0.26127510565528894,0.23433092508456754,0.05880421960364368,0.056923
2023-04-11,0.2615720734259413,0.2382357572823337,0.06383256166823939,0.05416500000000002
2023-04-12,0.2607733600409798,0.24286592956216185,0.05949757143136605,0.053580000000000017
2023-04-13,0.2620476538941158,0.23950779485780804,0.04734142210996606,0.05061500000000002
2023-04-14,0.2620691771955072,0.23858434630343092,0.04268348439280434,0.043798000000000004
2023-04-17,0.26376860418326614,0.23838645660398294,0.05380968870165087,0.04639399999999999
2023-04-18,0.2645862256293725,0.23691569506771878,0.06132471193030581,0.040823
2023-04-19,0.26583354936373976,0.23487609807549398,0.052199938740290996,0.04533699999999999
2023-04-20,0.26624828410750156,0.23374555945613457,0.06714492641284256,0.04561899999999999
2023-04-21,0.26692265600751697,0.2397920412248832,0.07134267610167144,0.048795000000000005
2023-04-24,0.266898549794257,0.23897197141635543,0.0826004097516107,0.05014199999999999
2023-04-25,0.2673680623814913,0.24097901733642976,0.1188852134850078,0.05296000000000001
2023-04-26,0.26675126415045153,0.2421111763102732,0.12003439581919906,0.055111999999999994
2023-04-27,0.2659140085743779,0.24306700298904432,0.08851503128306326,0.05163899999999999
2023-04-28,0.26579973060934825,0.21762972695867222,0.0672587917455145,0.046305999999999986
2023-05-01,0.2664861649286103,0.24151475148138765,0.08059950532526514,0.04691899999999999
2023-05-02,0.26700481167045226,0.24388849548310845,0.0978464765998992,0.047826000000000035
2023-05-03,0.26160735901023785,0.25143148107487473,0.11416774365192775,0.06237599999999999
2023-05-04,0.2602389841998582,0.2539390685343904,0.1127875399273949,0.06575999999999999
2023-05-05,0.25928271264836666,0.2535544425579263,0.07104943142833825,0.059331999999999996
2023-05-08,0.2577297803211115,0.25386883881846534,0.08378957065175818,0.05566599999999999
2023-05-09,0.2586594147338279,0.25245500735067855,0.08837721089016362,0.053640999999999994
2023-05-10,0.2569913597883827,0.24666985836070496,0.0687266149866817,0.05734999999999996
2023-05-11,0.2570830395633756,0.2522577598636278,0.07490058891194534,0.05424199999999996
2023-05-12,0.25684167856923207,0.2494555992180616,0.0770506900447342,0.05198799999999998
2023-05-15,0.25351435049255105,0.24980994012190233,0.06852504246576568,0.05188100000000001
2023-05-16,0.25343438402729834,0.2477968524191342,0.07954085564536162,0.049203
2023-05-17,0.2519664025529825,0.24551984579171732,0.06883855738469213,0.04647200000000001
2023-05-18,0.2519066799389495,0.2453415314572413,0.06742279207024587,0.04386099999999998
2023-05-19,0.25126069884886554,0.2424850114285489,0.07709188856860433,0.03256999999999999
2023-05-22,0.25142374185031535,0.24500021400751573,0.08365072734937506,0.040186
2023-05-23,0.2531905174398307,0.24608805763770747,0.09200679690445879,0.04331499999999999
2023-05-24,0.25567288468387833,0.25102855495204757,0.10513757659356066,0.04892399999999997
2023-05-25,0.24826523490512273,0.2530997171032126,0.10758131190511583,0.04033700000000001
2023-05-26,0.24639693398816262,0.2550832115818614,0.11403195885184109,0.030947000000000002
2023-05-30,0.24452392971767084,0.2535698632441323,0.11710353320298178,0.03314499999999998
2023-05-31,0.2431872838153891,0.2529127869513254,0.11071578473523386,0.01971400000000001
2023-06-01,0.24075323263001785,0.2507101958638575,0.08000277102993197,0.030463000000000018
2023-06-02,0.2412972843085186,0.2508451000854277,0.08613538853172925,0.02296400000000004
2023-06-05,0.23878751861401695,0.24984524040318012,0.09308353571542616,0.020758
2023-06-06,0.23889887989553857,0.24832123689689892,0.08565846365057667,0.01960400000000001
2023-06-07,0.23636717798432197,0.24938289099812302,0.08325331488492482,0.023892000000000024
2023-06-08,0.2348994227601445,0.2533120953365976,0.09821117643464783,0.01648900000000003
2023-06-09,0.23231570266481044,0.2600633589410307,0.1237198186708805,0.0038519999999999666
2023-06-12,0.23032187562418682,0.2869857985024511,0.17157133657441198,-0.002574999999999994
2023-06-13,0.22594983729352705,0.2868973519650157,0.1541970199844509,-0.00825999999999999
2023-06-14,0.22564092210032405,0.2859581641159944,0.1570840667981327,-0.012872999999999968
2023-06-15,0.22384097349648535,0.2888906171214183,0.15938581200220137,-0.05053200000000002
2023-06-16,0.22225377757647521,0.2586654595029228,-0.0028203381331572963,-0.00506899999999999
2023-06-20,0.22051292957284338,0.2625060910873987,-0.004488726397908371,-0.005112000000000005
2023-06-21,0.21798957531078936,0.26131699040489126,-0.011735042717940791,-0.0011430000000000051
2023-06-22,0.2192935843823119,0.25943166669442075,-0.02442942814788185,0.001819000000000015
2023-06-23,0.21845958513558658,0.2590574452793951,-0.027895532714335536,0.005483000000000016
2023-06-26,0.2182233703622972,0.26214709185000945,-0.0194344379040981,0.005743999999999971
2023-06-27,0.21820931431665863,0.2554117811088566,-0.0074045414486110794,0.00936300000000001
2023-06-28,0.21818114702602914,0.25555607670245256,-0.006972311338239112,0.007025999999999977
2023-06-29,0.21872152263953343,0.25202818270212224,-0.0050800337602379675,0.009069999999999967
2023-06-30,0.22008413528293297,0.25059904482965106,-0.009717207008822781,0.009473999999999982
2023-07-03,0.2204441971574794,0.2516687980652775,0.005550533738740093,0.005256000000000038
2023-07-05,0.2221341373527515,0.23332405144788784,0.009904738818191372,0.0064870000000000205
2023-07-06,0.22212041568084812,0.2345360032583874,0.02243748141274471,0.011297000000000001
2023-07-07,0.22302036923172533,0.2339790520921996,0.009852796275529596,0.015559000000000045
2023-07-10,0.22662269022118584,0.23449186420052923,0.0263357792089578,0.012853000000000003
2023-07-11,0.2251385104442103,0.23492693983352844,0.02828477894155601,0.008550999999999975
2023-07-12,0.2238087212595298,0.23307643437744993,0.01572549313507332,0.015324000000000004
2023-07-13,0.22492884752128794,0.23270963308819015,0.02695095019737545,0.015636999999999956
2023-07-14,0.22941822925110486,0.23029329784263325,0.04065280753255179,0.017493999999999954
2023-07-17,0.23089672534101663,0.23076519814032123,0.04900499971051567,0.016798000000000035
2023-07-18,0.22920632933011179,0.23164576195683534,0.0658546666527256,0.008357999999999977
2023-07-19,0.22925613608029963,0.23085190338479888,0.0660379256705158,0.008121000000000045
2023-07-20,0.22890382738550286,0.23356699129718708,0.0662158484809216,0.010008000000000017
2023-07-21,0.22960078870530162,0.23265047523017723,0.07039414213316705,0.012425999999999993
2023-07-24,0.23158948850521588,0.23285038711446177,0.07521407451702827,0.009724999999999984
2023-07-25,0.23478240344296944,0.23503485738434698,0.08398437253059918,0.0065890000000000115
2023-07-26,0.23592873995230093,0.2334152783059808,0.07377740362652283,0.01641999999999999
2023-07-27,0.23511987818216323,0.23244842345050098,0.07168529095796045,0.014681
2023-07-28,0.23631546747692864,0.23185917124341948,0.06140713694651073,0.01422000000000001
2023-07-31,0.23638404492268708,0.23468133598649601,0.07087280794480313,0.015361000000000014
2023-08-01,0.23889801905085117,0.23684130915503454,0.0719780042582909,0.012524000000000035
2023-08-02,0.23856643395580984,0.24041542139979027,0.09419044362996448,0.009079000000000004
2023-08-03,0.23825517439036673,0.24227507196182588,0.09125581826760035,0.014313999999999993
2023-08-04,0.2359782222631592,0.24128436111243504,0.08373434578805519,0.021682000000000035
2023-08-07,0.2357690929303691,0.24180666168862539,0.08950943890150295,0.018841000000000052
2023-08-08,0.23579872194929122,0.24186710278322138,0.10044039695574589,0.024121000000000004
2023-08-09,0.23678281405667181,0.23700126157078993,0.11611633480355457,0.024965999999999988
2023-08-10,0.2379285567386847,0.23715839900106456,0.11528083964013511,0.02508699999999997
2023-08-11,0.23823275486282663,0.23720112628210308,0.11198499804487749,0.028017999999999987
2023-08-14,0.23962441052949723,0.23772511668622712,0.12367732369994758,0.029495999999999967
2023-08-15,0.24049922589017636,0.2386939903443395,0.1409072841144487,0.022362999999999966
2023-08-16,0.24174687427507044,0.23971812644254561,0.15672606229940683,0.02040900000000001
2023-08-17,0.241833370293676,0.24011901821526033,0.16586111493793784,0.02702500000000002
2023-08-18,0.24297264144345368,0.24099182419514487,0.17406531825230706,0.03409000000000001
2023-08-21,0.242461006454241,0.2418667995864781,0.18507506936346504,0.029052000000000022
2023-08-22,0.24221235758432744,0.24088006722190677,0.18924327954577647,0.029168000000000027
2023-08-23,0.23993011936939657,0.24100386182487,0.17902633791040765,0.027155999999999958
2023-08-24,0.2368523913613639,0.24245788256944206,0.17756080091971213,0.021362999999999965
2023-08-25,0.23535255726549864,0.2416729526364714,0.16500815700153942,0.026000000000000023
2023-08-28,0.2355816356223922,0.24153735629849457,0.16150068564369355,0.02653599999999995
2023-08-29,0.23498221835689248,0.24237043429772157,0.1510308434411221,0.02656900000000001
2023-08-30,0.23477733340754683,0.24270167234792792,0.14885226324825118,0.024558999999999997
2023-08-31,0.23550088680504178,0.24379350981707867,0.1548703059569011,0.019421999999999995
2023-09-01,0.23533580821856984,0.24249574051821465,0.14629797824544605,0.019210000000000005
2023-09-05,0.23555845931667066,0.24322197428549933,0.15828551886145636,0.01860400000000001
2023-09-06,0.2359923023525714,0.2432157572263475,0.1602753604164495,0.021067000000000002
2023-09-07,0.2357784578725278,0.24292889189927255,0.1651017002634386,0.018125999999999975
2023-09-08,0.23556759937714664,0.23948176849549455,0.142583221911249,0.022260000000000002
2023-09-11,0.23530373596439802,0.2387158242400506,0.1365586209688807,0.018538999999999972
2023-09-12,0.23374371197668375,0.23883919675289828,0.13770928911201172,0.016793000000000002
2023-09-13,0.23212562012831425,0.24095079931611882,0.13079813545894542,0.014763000000000026
2023-09-14,0.23242860746502575,0.23515859118575114,0.10783284842234714,0.016783999999999966
2023-09-15,0.23162235512769025,0.24480476360921202,0.04351472276553686,0.014218000000000008
2023-09-18,0.2323895738536287,0.24639243022120058,0.03930527733958744,0.022305999999999993
2023-09-19,0.23388788353165588,0.2463804984784689,0.0424883877888283,0.020284000000000024
2023-09-20,0.23408189410212804,0.24944033107445926,0.04907929465360447,0.022023000000000015
2023-09-21,0.23450746660041571,0.24696784174849315,0.06845457144127814,0.03494799999999998
2023-09-22,0.2348962124057387,0.24720272051648426,0.06604826409350573,0.03531599999999996
2023-09-25,0.23445974928575414,0.24836680645103712,0.08434072860172909,0.03129500000000002
2023-09-26,0.2338624214818653,0.24269038265817522,0.1026577648768022,0.03863700000000003
2023-09-27,0.23268118967907822,0.2425395540694727,0.10399608170246591,0.03482099999999999
2023-09-28,0.23178248108522975,0.24909775965828762,0.08911752782383908,0.03620000000000001
2023-09-29,0.22992679422450193,0.2483249216084496,0.07879218700860038,0.03462499999999996
2023-10-02,0.23026387406644824,0.24854367187985973,0.08283209903561653,0.036212999999999995
2023-10-03,0.22804714284640662,0.2429539381607566,0.10400149983149029,0.037861000000000034
2023-10-04,0.22737327650768993,0.2434481878388321,0.09265763591759679,0.031645000000000034
2023-10-05,0.22506451446106485,0.2456175525217461,0.08584777311248609,0.03756300000000001
2023-10-06,0.2203532764438891,0.24519274075505393,0.059202973472118364,0.035172999999999954
2023-10-09,0.21989132956141783,0.24446497474537215,0.06800165479102521,0.03204399999999996
2023-10-10,0.2198022205721179,0.24255758232417884,0.06178549819233517,0.03333600000000003
2023-10-11,0.21976319584967496,0.24178693939799994,0.05356803243961469,0.03007500000000002
2023-10-12,0.21350763767253564,0.24197109601927785,0.04573123886398761,0.026844999999999952
2023-10-13,0.2120865424709367,0.24430805000392627,0.061889194472987547,0.03825099999999998
2023-10-16,0.2132400367689057,0.2424835972844272,0.06445030975833416,0.02879100000000001
2023-10-17,0.21278534129147217,0.24046200024954176,0.05638915857422569,0.032999
2023-10-18,0.2137296880912835,0.2377410069703961,0.07348353495402088,0.036297000000000024
2023-10-19,0.21386578921403362,0.23157432682726165,0.0821462283705306,0.03537700000000005
2023-10-20,0.212138934351915,0.23465805941221793,0.0858346735767706,0.04070099999999999
2023-10-23,0.21234046563813608,0.2359266620059883,0.0722284282476297,0.04354000000000002
2023-10-24,0.21174378390271267,0.2352950641770394,0.06536950444631823,0.03818299999999997
2023-10-25,0.20960018501898028,0.23930876878668683,0.07383027941065146,0.04435600000000001
2023-10-26,0.2095298789187474,0.24368690336348556,0.08397888370036372,0.037381
2023-10-27,0.20880985103120742,0.24389913249814923,0.07442509238395295,0.047250000000000014
2023-10-30,0.2066786525475544,0.2427616409735856,0.07028757895370513,0.040115999999999985
2023-10-31,0.20551112336394378,0.24104054520584914,0.0553885167654965,0.040239000000000025
2023-11-01,0.20915257321719707,0.23771270854011153,0.05592997961298957,0.03336699999999998
2023-11-02,0.20977224183288481,0.23222968602441116,0.03780221453548899,0.03916700000000001
2023-11-03,0.2112771885614089,0.2287968995288087,0.03171343374164304,0.035767999999999966
2023-11-06,0.2111274824588165,0.22868063217521525,0.05363353789888514,0.037441
2023-11-07,0.20928036486461432,0.23365339619388187,0.06197485253834478,0.032833999999999974
2023-11-08,0.20713235419808648,0.23653813452501946,0.0564696923341087,0.036038000000000014
2023-11-09,0.20631198061830688,0.23713840040859022,0.06704843618548356,0.03776499999999999
2023-11-10,0.2067311093184457,0.2349175650977518,0.07439794131473054,0.03335699999999997
2023-11-13,0.20586495043325442,0.23671276513440986,0.09440807909607773,0.038680999999999965
2023-11-14,0.20473506046883733,0.23501932091847189,0.0788072828342592,0.031144000000000005
2023-11-15,0.21013612370049234,0.23529835345307099,0.08555008929025315,0.029025999999999996
2023-11-16,0.21217269573630582,0.23620909935339365,0.0906753842003355,0.030951000000000006
2023-11-17,0.21416637204865077,0.23506646645412815,0.09433308112666125,0.024469999999999992
2023-11-20,0.21717333297232388,0.23525574304004057,0.10580925427110005,0.026129000000000013
2023-11-21,0.21886120190744052,0.23683652157126725,0.11480539020558636,0.024493000000000043
2023-11-22,0.2203249759215722,0.234753630476166,0.10472577860580828,0.024094000000000004
2023-11-24,0.2223916614571843,0.2318242751504583,0.10655145133244265,0.027498000000000022
2023-11-27,0.22172148642417666,0.23265436250091212,0.11517687275513774,0.023540000000000005
2023-11-28,0.22119562634482196,0.2328483329341333,0.11205844736297335,0.023307000000000022
2023-11-29,0.22127481027490034,0.23342246626852922,0.12153895590000702,0.025533000000000028
2023-11-30,0.22057435909567133,0.2325858770009562,0.11858430331681843,0.02077800000000002
2023-12-01,0.22446039112201502,0.23396529557057458,0.11863026562233919,0.02084400000000003
2023-12-04,0.2247353101568036,0.23600828402950488,0.13408879495614703,0.022612999999999994
2023-12-05,0.22707312649499672,0.23700406461014809,0.1467681015002869,0.02191800000000005
2023-12-06,0.2274948257967497,0.23610995266405235,0.1467103684424291,0.023385999999999962
2023-12-07,0.22766478848879787,0.2373433234677777,0.15004135845531583,0.01983600000000002
2023-12-08,0.22976531025208957,0.24211071696869202,0.14971336038956887,0.019426
2023-12-11,0.22985973892368572,0.24318253083064342,0.15115173167108575,0.014694999999999958
2023-12-12,0.23002154809133282,0.24343619348549933,0.15272707064520477,0.01313000000000003
2023-12-13,0.23316124102905234,0.2440408512952895,0.16701164257075798,-0.0009309999999999596
2023-12-14,0.2335391516360031,0.2658481123037881,0.07719771151412377,-0.003966000000000025
2023-12-15,0.23285966400681898,0.264761962297282,0.0685050926323855,-0.0028349999999999764
2023-12-18,0.23194764924524744,0.2583348162568781,0.06212306050679792,-0.004927999999999988
2023-12-19,0.2321188928392918,0.2444247056493225,0.06091219701732045,-0.006797000000000053
2023-12-20,0.2320115646079598,0.25182811339325467,0.05981817328369979,-0.00026599999999998847
2023-12-21,0.232060643693181,0.241654849693189,0.048504428116377674,0.009280999999999984
2023-12-22,0.23309433595956705,0.2506128409428746,0.04152291814902667,0.008678000000000019
2023-12-26,0.23608585775907492,0.23724438746004503,0.04711487715202253,0.011685000000000001
2023-12-27,0.23681578500412404,0.2357244940318645,0.04418983082947103,0.013288999999999995
2023-12-28,0.23735937320995104,0.23917007276270327,0.04349982029727856,0.015142000000000017
2023-12-29,0.23785129859242093,0.23563567581615508,0.0407241187198662,0.017631000000000008
2024-01-02,0.23667458718472661,0.23516750267317235,0.06329317065218629,0.01370699999999997
2024-01-03,0.23771826728864065,0.2293524158485729,0.05923508882904377,0.020795000000000008
2024-01-04,0.23856100405942485,0.23409224823364735,0.06241593669943543,0.019884000000000013
2024-01-05,0.2397823285715817,0.23040109405357087,0.05774495522071549,0.021354999999999985
2024-01-08,0.24017543708891692,0.22777941227363263,0.05972738752361756,0.01620100000000002
2024-01-09,0.2415586668711332,0.23220417802135906,0.05451934485369708,0.016930999999999974
2024-01-10,0.24232209458502457,0.23402948192947104,0.055012385552122844,0.018252000000000018
2024-01-11,0.2421950491428969,0.2334602100124295,0.05152085774056919,0.019432999999999978
2024-01-12,0.242978393143921,0.23267428731686118,0.05168039990411183,0.019313999999999998
2024-01-16,0.2436187546306712,0.23400105834100085,0.07037822697826743,0.024893
2024-01-17,0.24248929418489945,0.23285658313796867,0.08216086322960653,0.020361000000000018
2024-01-18,0.24143882328776706,0.2347394480693293,0.07595559128024715,0.023592000000000002
2024-01-19,0.23965996694836972,0.23789389187590512,0.07561559553322691,0.016305000000000014
2024-01-22,0.23872007137810605,0.23734167677240706,0.08331439466595802,0.009658999999999973
2024-01-23,0.23774233052505322,0.23590354990698814,0.08455133350350896,0.010728000000000015
2024-01-24,0.23420480360479906,0.23929616975156132,0.08036722471378688,0.01175200000000004
2024-01-25,0.23329584052176122,0.24020285442591402,0.08120599888180285,0.010577999999999976
2024-01-26,0.23459325475729115,0.24310304699203117,0.06942906124974904,0.012798000000000032
2024-01-29,0.23354366822214448,0.24570895818434024,0.07484739390919376,0.010633000000000004
2024-01-30,0.234569896043045,0.24679464159263434,0.07592612625132622,0.009133000000000002
2024-01-31,0.23731676972457674,0.25385120144782886,0.07576329495768994,0.010585000000000011
2024-02-01,0.23829588359554915,0.2397410869239255,0.07037950404145585,0.015737999999999974
2024-02-02,0.2358531703098751,0.24590049806493935,0.06700559776070614,0.008948999999999985
2024-02-05,0.23563087912620523,0.247909209834679,0.0810443258853456,0.0063650000000000095
2024-02-06,0.2342550979250475,0.23418230027766976,0.08315814292891072,0.012623999999999969
2024-02-07,0.23447386259744388,0.2268786001047052,0.0825287053358677,0.009713000000000027
2024-02-08,0.23435647101141469,0.22894909402415342,0.08578082846111348,0.013861000000000012
2024-02-09,0.2352761119728192,0.23735897566795325,0.09263734962555217,0.009722000000000008
2024-02-12,0.23572250361460378,0.24301875360500497,0.13289998791209273,0.004574999999999996
2024-02-13,0.23611595974559324,0.2465915521325642,0.13237506007368913,0.010179000000000049
2024-02-14,0.23818505375619672,0.24673795849671626,0.13245327909279117,0.009714
2024-02-15,0.23714435224811295,0.2541594620977115,0.16069983858263284,0.011175999999999964
2024-02-16,0.23125266921289936,0.2590976307787873,0.18615660880641186,0.010311000000000015
2024-02-20,0.22858997278649287,0.2583908959286504,0.18842511978208495,0.008715000000000028
2024-02-21,0.2279723465742809,0.25736686046146745,0.18133253740817165,0.004052
2024-02-22,0.22530197705988642,0.24998295423140718,0.15799946692080574,4.899999999996574e-05
2024-02-23,0.22561290037185552,0.25057515553084064,0.16290187131356515,-0.004942999999999975
2024-02-26,0.2250622827978675,0.25055300461716656,0.1769447753750824,-0.006784000000000012
2024-02-27,0.22389872372902223,0.24815511259751516,0.16894599554877415,-0.005508000000000013
2024-02-28,0.22476983321676502,0.24929137246184788,0.17199701788008373,-0.0025129999999999875
2024-02-29,0.22832165571157503,0.24904022987006422,0.1715372032017994,-0.016041000000000027
2024-03-01,0.23170828464415932,0.24974363805465033,0.1777266217259204,-0.008024000000000031
2024-03-04,0.23261556523265817,0.24942683903789653,0.18641386158026393,-0.006388999999999978
2024-03-05,0.2283363252787888,0.25236885933343584,0.20487368346118873,-0.004466999999999999
2024-03-06,0.2278111774176142,0.2518886330650764,0.20223728441987282,-0.009014999999999995
2024-03-07,0.22659434764351538,0.25303736147156186,0.20607849439171494,-0.013292000000000026
2024-03-08,0.22674734202300215,0.25207249499475143,0.21672543541951866,-0.013786999999999994
2024-03-11,0.22732949400285235,0.24924358750112716,0.20009882514504312,-0.00905900000000004
2024-03-12,0.22503661778398718,0.2525728267117422,0.1820252936927898,-0.008025999999999978
2024-03-13,0.22477125884741714,0.24919201140567393,0.1882265878498195,-0.015394000000000019
2024-03-14,0.22546028427819106,0.23890437441333737,0.18640936563229116,-0.013922000000000045
2024-03-15,0.22239823703688874,0.25023424732915034,0.05190499510890406,-0.008029000000000008
2024-03-18,0.2263385989467492,0.24954836898913585,0.03107905438289227,-0.0044359999999999955
2024-03-19,0.22895404971067754,0.24534062924260086,0.03306018031295016,-0.008196000000000037
2024-03-20,0.22938349481129774,0.24764333606252267,0.027330732286048376,-0.004062999999999983
2024-03-21,0.22838956653658038,0.2567686649672561,0.023258284115871886,-0.006994
2024-03-22,0.2269274851391173,0.2616962658238453,0.04087017737758625,-0.006103999999999998
2024-03-25,0.2258976830470339,0.2578861107107496,0.04636874676853164,-0.0018719999999999848
2024-03-26,0.2247897117686174,0.25380439844117103,0.049489207101123756,-0.007687999999999973
2024-03-27,0.22360106420523695,0.2548981094680343,0.017003952826181223,-0.0044139999999999735
2024-03-28,0.2236423503421626,0.24970844245716736,0.0068385644133213686,-0.0024009999999999865
2024-04-01,0.22380868770485646,0.25359050835094277,0.010760881561657998,-0.005257999999999985
2024-04-02,0.2233167404915579,0.2547903024718011,0.019900370459852434,-0.007134000000000029
2024-04-03,0.22348810083752876,0.2540335589843047,0.02376827151112018,-0.005458000000000018
2024-04-04,0.22302804199127743,0.2508713769278124,0.04373893081574817,-5.299999999996974e-05
2024-04-05,0.22396849168033037,0.25353950516062584,0.035192514311492756,0.009119999999999961
2024-04-08,0.223794510837885,0.25243013566095834,0.04256896373056321,0.007606000000000002
2024-04-09,0.22361238833886105,0.2518070355498376,0.03433121505471226,0.00787899999999997
2024-04-10,0.22411770465577557,0.2520467797610947,0.0381673211385552,0.0022729999999999695
2024-04-11,0.22405208841663843,0.25170129423322735,0.034376130954131084,0.007448999999999983
2024-04-12,0.22278425779759775,0.25433096804369876,0.0589231299161371,0.008662000000000003
2024-04-15,0.22231301455030064,0.2548885779320586,0.06964680197497933,0.011824000000000001
2024-04-16,0.2217429426455821,0.24410029388719937,0.07379815081608923,0.011788999999999994
2024-04-17,0.22085732195479543,0.24291852812545323,0.07930000796941472,0.008827999999999947
2024-04-18,0.22212681838096623,0.2417120449811423,0.07169293762270876,0.016668000000000016
2024-04-19,0.22114517862560976,0.2278440504955465,0.0733397815083939,0.02191700000000002
2024-04-22,0.2207397627064536,0.2286214592909969,0.06405279668369476,0.021608000000000016
2024-04-23,0.22116535394255238,0.2289030298732598,0.06376103332754354,0.017683999999999978
2024-04-24,0.22363039356679576,0.22913911692777947,0.07199022403266256,0.010693000000000008
2024-04-25,0.22416231163641226,0.22922199541892427,0.07189985871058116,0.015224999999999989
2024-04-26,0.22273633091465408,0.22942409378581974,0.07249774256233199,0.007977999999999985
2024-04-29,0.22328763465478316,0.23054114667378545,0.08268186040161557,0.015385000000000038
2024-04-30,0.22301272472524825,0.2341862111697808,0.09105307698068482,0.00964100000000001
2024-05-01,0.2247604725725659,0.23213005828510436,0.07164882681030169,0.007496000000000003
2024-05-02,0.22683744631867336,0.23196333922831402,0.0804052959620061,0.010871999999999993
2024-05-03,0.2291590741609533,0.2312683127096558,0.07556280234939844,0.00833600000000001
2024-05-06,0.23002598652921682,0.2299327635732449,0.09290370074926324,0.010647000000000018
2024-05-07,0.23354327653733842,0.23280257141681182,0.10326918756967451,0.01105299999999998
2024-05-08,0.23312942001615097,0.2348883738787165,0.11435730758314616,0.005071999999999965
2024-05-09,0.2328626996412194,0.2345647003428966,0.11602423178900259,0.013940000000000008
2024-05-10,0.2333394647044364,0.23568640621710998,0.1340103103084709,0.006842999999999988
2024-05-13,0.23342299483990825,0.23685429490104154,0.1575123293486347,0.013200000000000045
2024-05-14,0.23050274105587848,0.23846696935362785,0.1643730448366586,0.015421999999999991
2024-05-15,0.22889503523801652,0.237206933123022,0.1592084077786842,0.00755100000000003
2024-05-16,0.22918726136732065,0.23794305012373915,0.16136604989441475,0.013728000000000018
2024-05-17,0.22956737593971888,0.23862048479164275,0.1626685795107256,0.012101999999999946
2024-05-20,0.229629325862721,0.24429594539773344,0.17300263579028094,0.010824
2024-05-21,0.22851435063221076,0.2449913647475046,0.17533804317942733,0.005562000000000011
2024-05-22,0.23039453204025664,0.24609184380924973,0.17791176879085385,0.012432999999999972
2024-05-23,0.22982995156921815,0.24415235752076758,0.17209838147818216,0.010803000000000007
2024-05-24,0.2279996897603001,0.2335347425117824,0.17075366280835796,0.004933000000000021
2024-05-28,0.228095380099606,0.23389033469174467,0.1827108026124275,0.01298100000000002
2024-05-29,0.22778038637091944,0.23334054596489104,0.1879880933402666,0.011812000000000045
2024-05-30,0.22513247089251406,0.2394939432810994,0.2128077826716224,0.005922999999999956
2024-05-31,0.22129289155512244,0.23911208666793318,0.20140659184271,0.014187000000000005
2024-06-03,0.2236271629543091,0.23954239114943715,0.20077573119714734,0.010403999999999969
2024-06-04,0.2244381766001749,0.23974439271920966,0.19850258561044676,0.015180000000000027
2024-06-05,0.22444982483148385,0.238588691766837,0.18452513329181053,0.01247100000000001
2024-06-06,0.22460316057905044,0.2377880261742949,0.1740723163564397,0.009556000000000009
2024-06-07,0.22440326560531504,0.23595146586993088,0.16021662374804105,0.003933999999999993
2024-06-10,0.22405477062491874,0.2355909249762849,0.15384842214474123,0.007475999999999983
2024-06-11,0.22943915621112637,0.23574992676329834,0.16166117213322267,0.003911999999999971
2024-06-12,0.2307182268505837,0.23798922572493864,0.17319822054210293,0.007055999999999951
2024-06-13,0.23172427711807872,0.24540105350393768,0.2405339727839666,-0.0064429999999999765
2024-06-14,0.23071831469027637,0.23115243229543922,0.021019277723669322,0.006656000000000023
2024-06-17,0.22577765313856896,0.23104001408910016,0.010364968314055228,0.003043000000000018
2024-06-18,0.22269435233304566,0.2294167033289058,-2.7390355992473747e-05,0.003625000000000017
2024-06-20,0.22103523446356896,0.2297115693798231,-0.010838006027899721,0.008823999999999999
2024-06-21,0.22199518018816128,0.22845446351022286,-0.023218302190680384,0.008983999999999992
2024-06-24,0.22153813236326295,0.22723468467136812,-0.019685590807107217,0.0023829999999999962
2024-06-25,0.22167650810105172,0.22800245568243324,-0.017843755428618713,0.006855
2024-06-26,0.22212399793574222,0.22844130371197083,-0.011079570957740814,0.003168000000000004
2024-06-27,0.2209273831858697,0.2280327002786601,-0.01168037633572111,-0.0017149999999999943
2024-06-28,0.22000867037248104,0.2281180012585688,-0.008242587739404783,0.0018720000000000125
2024-07-01,0.21948539231348427,0.22835355920262101,0.002779387433769459,0.0007719999999999949
2024-07-02,0.22052613094734713,0.2262829140478937,0.006878538318701999,0.0035370000000000124
